ISO-10303-21;
HEADER;
FILE_DESCRIPTION (( 'STEP AP214' ),
    '1' );
FILE_NAME ('NTCS0805E3.STEP',
    '2020-04-08T08:42:20',
    ( '' ),
    ( '' ),
    'SwSTEP 2.0',
    'SolidWorks 2020',
    '' );
FILE_SCHEMA (( 'AUTOMOTIVE_DESIGN' ));
ENDSEC;

DATA;
#1 = DIRECTION ( 'NONE',  ( 0.0000000000000000000, -0.0000000000000000000, 1.000000000000000000 ) ) ;
#2 = FILL_AREA_STYLE_COLOUR ( '', #1459 ) ;
#3 = FILL_AREA_STYLE ('',( #1445 ) ) ;
#4 = PRESENTATION_STYLE_ASSIGNMENT (( #1446 ) ) ;
#5 = ORIENTED_EDGE ( 'NONE', *, *, #1420, .F. ) ;
#6 = DIRECTION ( 'NONE',  ( -1.000000000000000000, -0.0000000000000000000, -0.0000000000000000000 ) ) ;
#7 =( GEOMETRIC_REPRESENTATION_CONTEXT ( 3 ) GLOBAL_UNCERTAINTY_ASSIGNED_CONTEXT ( ( #1317 ) ) GLOBAL_UNIT_ASSIGNED_CONTEXT ( ( #79, #2006, #1853 ) ) REPRESENTATION_CONTEXT ( 'NONE', 'WORKASPACE' ) );
#8 = DIRECTION ( 'NONE',  ( 0.0000000000000000000, 2.097414917010649069E-16, -1.000000000000000000 ) ) ;
#9 = ADVANCED_FACE ( 'NONE', ( #2027 ), #576, .T. ) ;
#10 = AXIS2_PLACEMENT_3D ( 'NONE', #1624, #174, #804 ) ;
#11 = LINE ( 'NONE', #639, #1296 ) ;
#12 = DIRECTION ( 'NONE',  ( 0.0000000000000000000, 0.0000000000000000000, 1.000000000000000000 ) ) ;
#13 = CARTESIAN_POINT ( 'NONE',  ( -0.7250000000000003109, 0.6999999999999999556, -0.5249999999999999112 ) ) ;
#14 =( NAMED_UNIT ( * ) SI_UNIT ( $, .STERADIAN. ) SOLID_ANGLE_UNIT ( ) );
#15 = CARTESIAN_POINT ( 'NONE',  ( -0.7000000000000002887, 0.09999999999999982514, -0.5249999999999999112 ) ) ;
#16 = VERTEX_POINT ( 'NONE', #1055 ) ;
#17 = FILL_AREA_STYLE_COLOUR ( '', #1175 ) ;
#18 = DIRECTION ( 'NONE',  ( -1.084202172485504040E-15, 0.0000000000000000000, 1.000000000000000000 ) ) ;
#19 = CARTESIAN_POINT ( 'NONE',  ( -0.7000000000000002887, 0.8000000000000000444, 0.5250000000000000222 ) ) ;
#20 = COLOUR_RGB ( '',0.6901960784313725394, 0.6588235294117646967, 0.6392156862745097534 ) ;
#21 = STYLED_ITEM ( 'NONE', ( #474 ), #988 ) ;
#22 = CIRCLE ( 'NONE', #1187, 0.09999999999999999167 ) ;
#23 = EDGE_CURVE ( 'NONE', #688, #1347, #617, .T. ) ;
#24 = EDGE_CURVE ( 'NONE', #1336, #49, #888, .T. ) ;
#25 =( GEOMETRIC_REPRESENTATION_CONTEXT ( 3 ) GLOBAL_UNCERTAINTY_ASSIGNED_CONTEXT ( ( #1974 ) ) GLOBAL_UNIT_ASSIGNED_CONTEXT ( ( #1295, #1137, #976 ) ) REPRESENTATION_CONTEXT ( 'NONE', 'WORKASPACE' ) );
#26 = DIRECTION ( 'NONE',  ( 0.0000000000000000000, 1.000000000000000000, 0.0000000000000000000 ) ) ;
#27 = DIRECTION ( 'NONE',  ( -1.000000000000000000, 0.0000000000000000000, 0.0000000000000000000 ) ) ;
#28 = SURFACE_STYLE_FILL_AREA ( #1469 ) ;
#29 = ORIENTED_EDGE ( 'NONE', *, *, #251, .F. ) ;
#30 = LINE ( 'NONE', #662, #1787 ) ;
#31 = COLOUR_RGB ( '',0.0000000000000000000, 0.0000000000000000000, 0.03921568627450980338 ) ;
#32 = PLANE ( 'NONE',  #403 ) ;
#33 = EDGE_CURVE ( 'NONE', #1011, #1354, #2040, .T. ) ;
#34 = DIRECTION ( 'NONE',  ( 0.0000000000000000000, -1.000000000000000000, 0.0000000000000000000 ) ) ;
#35 = DIRECTION ( 'NONE',  ( -1.734723475976807341E-16, 0.0000000000000000000, -1.000000000000000000 ) ) ;
#36 = FILL_AREA_STYLE_COLOUR ( '', #426 ) ;
#37 = AXIS2_PLACEMENT_3D ( 'NONE', #1830, #379, #1012 ) ;
#38 = DIRECTION ( 'NONE',  ( 0.0000000000000000000, 0.0000000000000000000, -1.000000000000000000 ) ) ;
#39 = EDGE_LOOP ( 'NONE', ( #1800, #1401, #1513, #1934 ) ) ;
#40 = EDGE_CURVE ( 'NONE', #1848, #1199, #1891, .T. ) ;
#41 = EDGE_CURVE ( 'NONE', #1711, #1081, #1729, .T. ) ;
#42 = SURFACE_SIDE_STYLE ('',( #1484 ) ) ;
#43 = DIRECTION ( 'NONE',  ( 0.0000000000000000000, 0.0000000000000000000, 1.000000000000000000 ) ) ;
#44 = AXIS2_PLACEMENT_3D ( 'NONE', #867, #1525, #72 ) ;
#45 = UNCERTAINTY_MEASURE_WITH_UNIT (LENGTH_MEASURE( 1.000000000000000082E-05 ), #1166, 'distance_accuracy_value', 'NONE');
#46 = EDGE_CURVE ( 'NONE', #1354, #1345, #517, .T. ) ;
#47 = CARTESIAN_POINT ( 'NONE',  ( 0.8999999999999998002, 0.09999999999999982514, -0.6249999999999998890 ) ) ;
#48 = VERTEX_POINT ( 'NONE', #1409 ) ;
#49 = VERTEX_POINT ( 'NONE', #2050 ) ;
#50 = CARTESIAN_POINT ( 'NONE',  ( -0.7250000000000003109, 0.8000000000000000444, -0.5249999999999999112 ) ) ;
#51 = SURFACE_SIDE_STYLE ('',( #1499 ) ) ;
#52 = ORIENTED_EDGE ( 'NONE', *, *, #1420, .T. ) ;
#53 = UNCERTAINTY_MEASURE_WITH_UNIT (LENGTH_MEASURE( 1.000000000000000082E-05 ), #1490, 'distance_accuracy_value', 'NONE');
#54 = ORIENTED_EDGE ( 'NONE', *, *, #1668, .F. ) ;
#55 = DIRECTION ( 'NONE',  ( -1.000000000000000000, -0.0000000000000000000, 1.734723475976807341E-16 ) ) ;
#56 = AXIS2_PLACEMENT_3D ( 'NONE', #505, #1144, #1806 ) ;
#57 = ORIENTED_EDGE ( 'NONE', *, *, #1954, .T. ) ;
#58 = ORIENTED_EDGE ( 'NONE', *, *, #1367, .F. ) ;
#59 = CARTESIAN_POINT ( 'NONE',  ( -0.7000000000000002887, 0.6999999999999999556, -0.5999999999999999778 ) ) ;
#60 = VERTEX_POINT ( 'NONE', #601 ) ;
#61 = AXIS2_PLACEMENT_3D ( 'NONE', #136, #766, #1417 ) ;
#62 = DIRECTION ( 'NONE',  ( 1.000000000000000000, 0.0000000000000000000, -1.734723475976809806E-16 ) ) ;
#63 = ORIENTED_EDGE ( 'NONE', *, *, #1102, .T. ) ;
#64 =( LENGTH_UNIT ( ) NAMED_UNIT ( * ) SI_UNIT ( .MILLI., .METRE. ) );
#65 = ORIENTED_EDGE ( 'NONE', *, *, #840, .T. ) ;
#66 = ORIENTED_EDGE ( 'NONE', *, *, #1668, .T. ) ;
#67 = SURFACE_STYLE_FILL_AREA ( #1518 ) ;
#68 = ORIENTED_EDGE ( 'NONE', *, *, #907, .T. ) ;
#69 = MECHANICAL_DESIGN_GEOMETRIC_PRESENTATION_REPRESENTATION (  '', ( #1890 ), #595 ) ;
#70 = CARTESIAN_POINT ( 'NONE',  ( 0.7000000000000000666, 0.09999999999999982514, 0.5250000000000000222 ) ) ;
#71 = SHAPE_DEFINITION_REPRESENTATION ( #1261, #1963 ) ;
#72 = DIRECTION ( 'NONE',  ( -1.734723475976807341E-16, 0.0000000000000000000, -1.000000000000000000 ) ) ;
#73 = DIRECTION ( 'NONE',  ( 0.0000000000000000000, 0.0000000000000000000, 1.000000000000000000 ) ) ;
#74 = ORIENTED_EDGE ( 'NONE', *, *, #992, .T. ) ;
#75 = ORIENTED_EDGE ( 'NONE', *, *, #1282, .T. ) ;
#76 = DIRECTION ( 'NONE',  ( 1.000000000000000000, 0.0000000000000000000, -5.421010862427522786E-17 ) ) ;
#77 = EDGE_CURVE ( 'NONE', #1822, #1049, #1505, .T. ) ;
#78 = EDGE_LOOP ( 'NONE', ( #570, #773, #1349, #870 ) ) ;
#79 =( LENGTH_UNIT ( ) NAMED_UNIT ( * ) SI_UNIT ( .MILLI., .METRE. ) );
#80 = EDGE_CURVE ( 'NONE', #1119, #1758, #1774, .T. ) ;
#81 = CARTESIAN_POINT ( 'NONE',  ( 0.7249999999999999778, 0.09999999999999982514, -0.6249999999999998890 ) ) ;
#82 = DIRECTION ( 'NONE',  ( 1.000000000000000000, 0.0000000000000000000, 0.0000000000000000000 ) ) ;
#83 = VERTEX_POINT ( 'NONE', #742 ) ;
#84 = PRESENTATION_LAYER_ASSIGNMENT (  '', '', ( #984 ) ) ;
#85 = DIRECTION ( 'NONE',  ( 1.000000000000000000, -0.0000000000000000000, -0.0000000000000000000 ) ) ;
#86 = CARTESIAN_POINT ( 'NONE',  ( 0.7249999999999998668, 0.02499999999999982445, -0.5249999999999999112 ) ) ;
#87 = CIRCLE ( 'NONE', #353, 0.1000000000000000472 ) ;
#88 = CLOSED_SHELL ( 'NONE', ( #1969, #1211, #9, #145, #364, #94, #1125, #1371, #1351, #1874, #599, #1882, #515, #177, #1030, #1492, #2031, #1496, #1052, #988, #402, #1750, #1036, #1437, #1976, #456 ) ) ;
#89 = ORIENTED_EDGE ( 'NONE', *, *, #1360, .F. ) ;
#90 = VECTOR ( 'NONE', #1222, 1000.000000000000000 ) ;
#91 = CARTESIAN_POINT ( 'NONE',  ( -0.7250000000000003109, 0.8000000000000000444, 0.5250000000000000222 ) ) ;
#92 = DIRECTION ( 'NONE',  ( -1.000000000000000000, -0.0000000000000000000, 0.0000000000000000000 ) ) ;
#93 = ORIENTED_EDGE ( 'NONE', *, *, #672, .T. ) ;
#94 = ADVANCED_FACE ( 'NONE', ( #1395 ), #2039, .F. ) ;
#95 =( LENGTH_UNIT ( ) NAMED_UNIT ( * ) SI_UNIT ( .MILLI., .METRE. ) );
#96 = ORIENTED_EDGE ( 'NONE', *, *, #1307, .T. ) ;
#97 = DIRECTION ( 'NONE',  ( 1.000000000000000000, 0.0000000000000000000, -1.734723475976807341E-16 ) ) ;
#98 =( LENGTH_UNIT ( ) NAMED_UNIT ( * ) SI_UNIT ( .MILLI., .METRE. ) );
#99 = MECHANICAL_DESIGN_GEOMETRIC_PRESENTATION_REPRESENTATION (  '', ( #1925 ), #1044 ) ;
#100 = COLOUR_RGB ( '',0.0000000000000000000, 0.0000000000000000000, 0.03921568627450980338 ) ;
#101 = DIRECTION ( 'NONE',  ( 0.0000000000000000000, 0.0000000000000000000, -1.000000000000000000 ) ) ;
#102 = ORIENTED_EDGE ( 'NONE', *, *, #1798, .T. ) ;
#103 = ADVANCED_FACE ( 'NONE', ( #429 ), #1064, .F. ) ;
#104 = EDGE_CURVE ( 'NONE', #1981, #1119, #214, .T. ) ;
#105 = CARTESIAN_POINT ( 'NONE',  ( 1.000000000000000000, 0.6999999999999999556, 0.5250000000000000222 ) ) ;
#106 = ORIENTED_EDGE ( 'NONE', *, *, #121, .F. ) ;
#107 = VECTOR ( 'NONE', #2058, 1000.000000000000000 ) ;
#108 = ORIENTED_EDGE ( 'NONE', *, *, #23, .F. ) ;
#109 = DIRECTION ( 'NONE',  ( 0.0000000000000000000, 0.0000000000000000000, 1.000000000000000000 ) ) ;
#110 = DIRECTION ( 'NONE',  ( -1.734723475976807341E-16, 0.0000000000000000000, -1.000000000000000000 ) ) ;
#111 = LINE ( 'NONE', #741, #1546 ) ;
#112 = DIRECTION ( 'NONE',  ( 0.0000000000000000000, 0.0000000000000000000, 1.000000000000000000 ) ) ;
#113 = CARTESIAN_POINT ( 'NONE',  ( -0.9000000000000002442, 0.6999999999999999556, -0.5249999999999999112 ) ) ;
#114 = DIRECTION ( 'NONE',  ( 1.000000000000000000, 0.0000000000000000000, 0.0000000000000000000 ) ) ;
#115 = AXIS2_PLACEMENT_3D ( 'NONE', #1206, #1859, #1596 ) ;
#116 = FILL_AREA_STYLE ('',( #1565 ) ) ;
#117 = COLOUR_RGB ( '',0.6901960784313725394, 0.6588235294117646967, 0.6392156862745097534 ) ;
#118 = AXIS2_PLACEMENT_3D ( 'NONE', #1019, #1680, #225 ) ;
#119 = ORIENTED_EDGE ( 'NONE', *, *, #247, .T. ) ;
#120 = CARTESIAN_POINT ( 'NONE',  ( 0.7000000000000000666, 0.02500000000000000139, 0.5250000000000000222 ) ) ;
#121 = EDGE_CURVE ( 'NONE', #276, #1660, #1408, .T. ) ;
#122 = ORIENTED_EDGE ( 'NONE', *, *, #1506, .T. ) ;
#123 = VECTOR ( 'NONE', #110, 1000.000000000000000 ) ;
#124 = LINE ( 'NONE', #755, #920 ) ;
#125 = DIRECTION ( 'NONE',  ( 1.000000000000000000, 0.0000000000000000000, -1.734723475976807341E-16 ) ) ;
#126 = DIRECTION ( 'NONE',  ( -1.000000000000000000, 0.0000000000000000000, 0.0000000000000000000 ) ) ;
#127 = VECTOR ( 'NONE', #1453, 1000.000000000000000 ) ;
#128 = CARTESIAN_POINT ( 'NONE',  ( 0.8999999999999998002, 0.0000000000000000000, -0.5249999999999999112 ) ) ;
#129 = ORIENTED_EDGE ( 'NONE', *, *, #46, .F. ) ;
#130 =( NAMED_UNIT ( * ) SI_UNIT ( $, .STERADIAN. ) SOLID_ANGLE_UNIT ( ) );
#131 = FILL_AREA_STYLE_COLOUR ( '', #1109 ) ;
#132 = VERTEX_POINT ( 'NONE', #1239 ) ;
#133 = AXIS2_PLACEMENT_3D ( 'NONE', #1460, #18, #651 ) ;
#134 = VECTOR ( 'NONE', #1821, 1000.000000000000000 ) ;
#135 = SURFACE_SIDE_STYLE ('',( #1580 ) ) ;
#136 = CARTESIAN_POINT ( 'NONE',  ( 0.0000000000000000000, 0.8000000000000000444, 0.0000000000000000000 ) ) ;
#137 = CARTESIAN_POINT ( 'NONE',  ( -0.7250000000000003109, 0.0000000000000000000, 0.5250000000000000222 ) ) ;
#138 = DIRECTION ( 'NONE',  ( -1.000000000000000000, 0.0000000000000000000, 5.421010862427522786E-17 ) ) ;
#139 = DIRECTION ( 'NONE',  ( -1.000000000000000000, -0.0000000000000000000, 1.734723475976807341E-16 ) ) ;
#140 = ORIENTED_EDGE ( 'NONE', *, *, #46, .T. ) ;
#141 = UNCERTAINTY_MEASURE_WITH_UNIT (LENGTH_MEASURE( 1.000000000000000082E-05 ), #1337, 'distance_accuracy_value', 'NONE');
#142 = DIRECTION ( 'NONE',  ( -1.000000000000000000, -0.0000000000000000000, 1.734723475976807341E-16 ) ) ;
#143 = PRESENTATION_STYLE_ASSIGNMENT (( #1592 ) ) ;
#144 = EDGE_CURVE ( 'NONE', #418, #1035, #1674, .T. ) ;
#145 = ADVANCED_FACE ( 'NONE', ( #1744 ), #296, .F. ) ;
#146 = DIRECTION ( 'NONE',  ( -1.000000000000000000, 0.0000000000000000000, 0.0000000000000000000 ) ) ;
#147 = SPHERICAL_SURFACE ( 'NONE', #2007, 0.1000000000000000056 ) ;
#148 =( GEOMETRIC_REPRESENTATION_CONTEXT ( 3 ) GLOBAL_UNCERTAINTY_ASSIGNED_CONTEXT ( ( #1915 ) ) GLOBAL_UNIT_ASSIGNED_CONTEXT ( ( #958, #801, #643 ) ) REPRESENTATION_CONTEXT ( 'NONE', 'WORKASPACE' ) );
#149 = CARTESIAN_POINT ( 'NONE',  ( -0.9000000000000002442, 0.09999999999999982514, -0.6249999999999998890 ) ) ;
#150 = PLANE ( 'NONE',  #545 ) ;
#151 = ORIENTED_EDGE ( 'NONE', *, *, #41, .T. ) ;
#152 = EDGE_CURVE ( 'NONE', #880, #763, #770, .T. ) ;
#153 = DIRECTION ( 'NONE',  ( 0.0000000000000000000, 0.0000000000000000000, -1.000000000000000000 ) ) ;
#154 = LINE ( 'NONE', #785, #713 ) ;
#155 =( GEOMETRIC_REPRESENTATION_CONTEXT ( 3 ) GLOBAL_UNCERTAINTY_ASSIGNED_CONTEXT ( ( #1656 ) ) GLOBAL_UNIT_ASSIGNED_CONTEXT ( ( #1245, #1087, #934 ) ) REPRESENTATION_CONTEXT ( 'NONE', 'WORKASPACE' ) );
#156 = TOROIDAL_SURFACE ( 'NONE', #1327, 0.07500000000000001110, 0.02500000000000000139 ) ;
#157 = CARTESIAN_POINT ( 'NONE',  ( 1.000000000000000000, 3.158495283014150612, 0.5250000000000000222 ) ) ;
#158 = PLANE ( 'NONE',  #1123 ) ;
#159 = SURFACE_SIDE_STYLE ('',( #1609 ) ) ;
#160 = DIRECTION ( 'NONE',  ( 0.0000000000000000000, 0.0000000000000000000, 1.000000000000000000 ) ) ;
#161 = FACE_OUTER_BOUND ( 'NONE', #1503, .T. ) ;
#162 = ADVANCED_FACE ( 'NONE', ( #609 ), #1250, .T. ) ;
#163 = SURFACE_STYLE_FILL_AREA ( #1614 ) ;
#164 = ORIENTED_EDGE ( 'NONE', *, *, #2076, .F. ) ;
#165 = AXIS2_PLACEMENT_3D ( 'NONE', #1107, #1770, #319 ) ;
#166 = DIRECTION ( 'NONE',  ( -1.000000000000000000, 0.0000000000000000000, 0.0000000000000000000 ) ) ;
#167 = LINE ( 'NONE', #797, #127 ) ;
#168 = CARTESIAN_POINT ( 'NONE',  ( -0.7250000000000003109, 0.6999999999999999556, 0.6250000000000001110 ) ) ;
#169 = CARTESIAN_POINT ( 'NONE',  ( -0.9000000000000002442, 0.09999999999999982514, 0.5250000000000000222 ) ) ;
#170 =( NAMED_UNIT ( * ) PLANE_ANGLE_UNIT ( ) SI_UNIT ( $, .RADIAN. ) );
#171 = ORIENTED_EDGE ( 'NONE', *, *, #751, .T. ) ;
#172 = ADVANCED_FACE ( 'NONE', ( #791 ), #1319, .T. ) ;
#173 = AXIS2_PLACEMENT_3D ( 'NONE', #180, #1298, #1950 ) ;
#174 = DIRECTION ( 'NONE',  ( 0.0000000000000000000, 1.000000000000000000, 0.0000000000000000000 ) ) ;
#175 = PRESENTATION_LAYER_ASSIGNMENT (  '', '', ( #1060 ) ) ;
#176 = CARTESIAN_POINT ( 'NONE',  ( 0.7249999999999999778, 0.0000000000000000000, -1.257674520083185390E-16 ) ) ;
#177 = ADVANCED_FACE ( 'NONE', ( #1444 ), #809, .T. ) ;
#178 = DIRECTION ( 'NONE',  ( -1.000000000000000000, -0.0000000000000000000, 5.421010862427522786E-17 ) ) ;
#179 = SURFACE_SIDE_STYLE ('',( #1629 ) ) ;
#180 = CARTESIAN_POINT ( 'NONE',  ( 0.7249999999999998668, 0.6999999999999999556, -0.5249999999999999112 ) ) ;
#181 = FACE_OUTER_BOUND ( 'NONE', #1894, .T. ) ;
#182 = PLANE ( 'NONE',  #2024 ) ;
#183 = ORIENTED_EDGE ( 'NONE', *, *, #1210, .T. ) ;
#184 = CARTESIAN_POINT ( 'NONE',  ( 2.115097169808490829, 0.09999999999999982514, -0.5999999999999998668 ) ) ;
#185 = DIRECTION ( 'NONE',  ( 0.0000000000000000000, -1.000000000000000000, 0.0000000000000000000 ) ) ;
#186 = EDGE_CURVE ( 'NONE', #132, #627, #679, .T. ) ;
#187 = DIRECTION ( 'NONE',  ( 1.000000000000000000, 0.0000000000000000000, 0.0000000000000000000 ) ) ;
#188 = DIRECTION ( 'NONE',  ( 1.000000000000000000, 0.0000000000000000000, 0.0000000000000000000 ) ) ;
#189 = CYLINDRICAL_SURFACE ( 'NONE', #700, 0.09999999999999999167 ) ;
#190 = PRESENTATION_LAYER_ASSIGNMENT (  '', '', ( #1082 ) ) ;
#191 = EDGE_LOOP ( 'NONE', ( #2043, #63, #475, #726 ) ) ;
#192 = CIRCLE ( 'NONE', #1363, 0.02499999999999995628 ) ;
#193 = FILL_AREA_STYLE_COLOUR ( '', #548 ) ;
#194 = CARTESIAN_POINT ( 'NONE',  ( -0.7000000000000002887, 0.09999999999999982514, 0.6000000000000001998 ) ) ;
#195 = ADVANCED_FACE ( 'NONE', ( #497 ), #345, .T. ) ;
#196 = DIRECTION ( 'NONE',  ( 0.0000000000000000000, -0.0000000000000000000, -1.000000000000000000 ) ) ;
#197 = ORIENTED_EDGE ( 'NONE', *, *, #615, .T. ) ;
#198 = VERTEX_POINT ( 'NONE', #1796 ) ;
#199 = LINE ( 'NONE', #839, #761 ) ;
#200 = AXIS2_PLACEMENT_3D ( 'NONE', #2010, #559, #1201 ) ;
#201 = UNCERTAINTY_MEASURE_WITH_UNIT (LENGTH_MEASURE( 1.000000000000000082E-05 ), #64, 'distance_accuracy_value', 'NONE');
#202 = CIRCLE ( 'NONE', #462, 0.07499999999999998335 ) ;
#203 = FILL_AREA_STYLE_COLOUR ( '', #1591 ) ;
#204 = ORIENTED_EDGE ( 'NONE', *, *, #694, .F. ) ;
#205 = ORIENTED_EDGE ( 'NONE', *, *, #144, .T. ) ;
#206 = CARTESIAN_POINT ( 'NONE',  ( 0.7249999999999998668, 0.6999999999999999556, -0.5249999999999999112 ) ) ;
#207 = ORIENTED_EDGE ( 'NONE', *, *, #1887, .T. ) ;
#208 = SURFACE_SIDE_STYLE ('',( #1662 ) ) ;
#209 = LINE ( 'NONE', #849, #1585 ) ;
#210 = STYLED_ITEM ( 'NONE', ( #1243 ), #402 ) ;
#211 = EDGE_LOOP ( 'NONE', ( #1236, #1640, #846, #1188 ) ) ;
#212 = CYLINDRICAL_SURFACE ( 'NONE', #1100, 0.09999999999999993616 ) ;
#213 = AXIS2_PLACEMENT_3D ( 'NONE', #2002, #554, #1196 ) ;
#214 = CIRCLE ( 'NONE', #1388, 0.1000000000000000472 ) ;
#215 = ORIENTED_EDGE ( 'NONE', *, *, #771, .F. ) ;
#216 = PRESENTATION_STYLE_ASSIGNMENT (( #1669 ) ) ;
#217 = STYLED_ITEM ( 'NONE', ( #1824 ), #1963 ) ;
#218 = ORIENTED_EDGE ( 'NONE', *, *, #1644, .T. ) ;
#219 = ORIENTED_EDGE ( 'NONE', *, *, #752, .F. ) ;
#220 = CYLINDRICAL_SURFACE ( 'NONE', #213, 0.02499999999999995628 ) ;
#221 = VECTOR ( 'NONE', #1930, 1000.000000000000000 ) ;
#222 = ORIENTED_EDGE ( 'NONE', *, *, #362, .T. ) ;
#223 =( GEOMETRIC_REPRESENTATION_CONTEXT ( 3 ) GLOBAL_UNCERTAINTY_ASSIGNED_CONTEXT ( ( #369 ) ) GLOBAL_UNIT_ASSIGNED_CONTEXT ( ( #2063, #1918, #1762 ) ) REPRESENTATION_CONTEXT ( 'NONE', 'WORKASPACE' ) );
#224 = CARTESIAN_POINT ( 'NONE',  ( -0.7250000000000003109, 0.6999999999999999556, -0.5249999999999999112 ) ) ;
#225 = DIRECTION ( 'NONE',  ( 1.000000000000000000, 0.0000000000000000000, 0.0000000000000000000 ) ) ;
#226 = AXIS2_PLACEMENT_3D ( 'NONE', #796, #1450, #8 ) ;
#227 = AXIS2_PLACEMENT_3D ( 'NONE', #828, #1485, #43 ) ;
#228 = DIRECTION ( 'NONE',  ( 1.000000000000000000, 0.0000000000000000000, 0.0000000000000000000 ) ) ;
#229 = ORIENTED_EDGE ( 'NONE', *, *, #1605, .F. ) ;
#230 = ORIENTED_EDGE ( 'NONE', *, *, #1219, .F. ) ;
#231 =( GEOMETRIC_REPRESENTATION_CONTEXT ( 3 ) GLOBAL_UNCERTAINTY_ASSIGNED_CONTEXT ( ( #141 ) ) GLOBAL_UNIT_ASSIGNED_CONTEXT ( ( #1337, #1176, #538 ) ) REPRESENTATION_CONTEXT ( 'NONE', 'WORKASPACE' ) );
#232 = FACE_OUTER_BOUND ( 'NONE', #1069, .T. ) ;
#233 = ORIENTED_EDGE ( 'NONE', *, *, #1753, .T. ) ;
#234 = ADVANCED_FACE ( 'NONE', ( #822 ), #1526, .T. ) ;
#235 = COLOUR_RGB ( '',0.6901960784313725394, 0.6588235294117646967, 0.6392156862745097534 ) ;
#236 = PRESENTATION_STYLE_ASSIGNMENT (( #1690 ) ) ;
#237 = CARTESIAN_POINT ( 'NONE',  ( -0.7250000000000003109, 0.7750000000000001332, 0.5250000000000000222 ) ) ;
#238 = SPHERICAL_SURFACE ( 'NONE', #1835, 0.1000000000000000056 ) ;
#239 = EDGE_LOOP ( 'NONE', ( #1528, #1174, #328, #697 ) ) ;
#240 = CARTESIAN_POINT ( 'NONE',  ( -0.7250000000000003109, 0.8000000000000000444, -0.5249999999999999112 ) ) ;
#241 = LINE ( 'NONE', #878, #1086 ) ;
#242 = ORIENTED_EDGE ( 'NONE', *, *, #983, .T. ) ;
#243 = ADVANCED_FACE ( 'NONE', ( #1479 ), #272, .T. ) ;
#244 = AXIS2_PLACEMENT_3D ( 'NONE', #946, #1610, #160 ) ;
#245 = CARTESIAN_POINT ( 'NONE',  ( 2.115097169808490829, 0.09999999999999982514, 0.6000000000000001998 ) ) ;
#246 = CARTESIAN_POINT ( 'NONE',  ( 0.8999999999999998002, 0.8000000000000000444, -0.6249999999999998890 ) ) ;
#247 = EDGE_CURVE ( 'NONE', #440, #16, #87, .T. ) ;
#248 = SURFACE_SIDE_STYLE ('',( #1701 ) ) ;
#249 = ORIENTED_EDGE ( 'NONE', *, *, #1905, .F. ) ;
#250 = COLOUR_RGB ( '',0.0000000000000000000, 0.0000000000000000000, 0.03921568627450980338 ) ;
#251 = EDGE_CURVE ( 'NONE', #1537, #876, #1543, .T. ) ;
#252 = PRESENTATION_STYLE_ASSIGNMENT (( #1703 ) ) ;
#253 = AXIS2_PLACEMENT_3D ( 'NONE', #297, #927, #1588 ) ;
#254 = VECTOR ( 'NONE', #1065, 1000.000000000000000 ) ;
#255 = ORIENTED_EDGE ( 'NONE', *, *, #1141, .T. ) ;
#256 = CIRCLE ( 'NONE', #1435, 0.1000000000000000472 ) ;
#257 = FACE_OUTER_BOUND ( 'NONE', #1881, .T. ) ;
#258 = PRESENTATION_LAYER_ASSIGNMENT (  '', '', ( #1158 ) ) ;
#259 = VECTOR ( 'NONE', #452, 1000.000000000000000 ) ;
#260 = PRESENTATION_STYLE_ASSIGNMENT (( #1707 ) ) ;
#261 = EDGE_CURVE ( 'NONE', #680, #1119, #431, .T. ) ;
#262 = VERTEX_POINT ( 'NONE', #282 ) ;
#263 = CARTESIAN_POINT ( 'NONE',  ( 2.115097169808490829, 0.6999999999999999556, -0.5249999999999999112 ) ) ;
#264 = ORIENTED_EDGE ( 'NONE', *, *, #1365, .T. ) ;
#265 = VERTEX_POINT ( 'NONE', #917 ) ;
#266 = VECTOR ( 'NONE', #2017, 1000.000000000000000 ) ;
#267 = DIRECTION ( 'NONE',  ( 0.0000000000000000000, 0.0000000000000000000, -1.000000000000000000 ) ) ;
#268 = CARTESIAN_POINT ( 'NONE',  ( -0.7000000000000002887, 0.7750000000000001332, -0.5249999999999999112 ) ) ;
#269 = DIRECTION ( 'NONE',  ( 1.000000000000000000, 0.0000000000000000000, -1.084202172485503842E-15 ) ) ;
#270 = STYLED_ITEM ( 'NONE', ( #1133 ), #456 ) ;
#271 = CARTESIAN_POINT ( 'NONE',  ( 0.9000000000000000222, 0.09999999999999982514, 0.5250000000000000222 ) ) ;
#272 = CYLINDRICAL_SURFACE ( 'NONE', #1255, 0.1000000000000000472 ) ;
#273 = FACE_OUTER_BOUND ( 'NONE', #415, .T. ) ;
#274 = ORIENTED_EDGE ( 'NONE', *, *, #1463, .F. ) ;
#275 = DIRECTION ( 'NONE',  ( 1.734723475976807341E-16, -0.0000000000000000000, 1.000000000000000000 ) ) ;
#276 = VERTEX_POINT ( 'NONE', #1575 ) ;
#277 = DIRECTION ( 'NONE',  ( 0.0000000000000000000, 0.0000000000000000000, 1.000000000000000000 ) ) ;
#278 = AXIS2_PLACEMENT_3D ( 'NONE', #15, #645, #1288 ) ;
#279 = DIRECTION ( 'NONE',  ( 0.0000000000000000000, -1.000000000000000000, 0.0000000000000000000 ) ) ;
#280 = DIRECTION ( 'NONE',  ( -0.0000000000000000000, 1.000000000000000000, 0.0000000000000000000 ) ) ;
#281 = CARTESIAN_POINT ( 'NONE',  ( 0.6999999999999998446, 0.7750000000000001332, -0.5249999999999999112 ) ) ;
#282 = CARTESIAN_POINT ( 'NONE',  ( -0.9000000000000002442, 0.6999999999999999556, 0.6250000000000001110 ) ) ;
#283 = VERTEX_POINT ( 'NONE', #128 ) ;
#284 = STYLED_ITEM ( 'NONE', ( #1547 ), #536 ) ;
#285 = MECHANICAL_DESIGN_GEOMETRIC_PRESENTATION_REPRESENTATION (  '', ( #21 ), #1452 ) ;
#286 = CIRCLE ( 'NONE', #1468, 0.07499999999999987232 ) ;
#287 =( NAMED_UNIT ( * ) PLANE_ANGLE_UNIT ( ) SI_UNIT ( $, .RADIAN. ) );
#288 = VECTOR ( 'NONE', #504, 1000.000000000000000 ) ;
#289 = TOROIDAL_SURFACE ( 'NONE', #1472, 0.07500000000000001110, 0.02500000000000000139 ) ;
#290 = EDGE_LOOP ( 'NONE', ( #1768, #1540, #1039, #1241 ) ) ;
#291 = FILL_AREA_STYLE_COLOUR ( '', #250 ) ;
#292 = DIRECTION ( 'NONE',  ( -1.000000000000000000, 0.0000000000000000000, 0.0000000000000000000 ) ) ;
#293 = SURFACE_SIDE_STYLE ('',( #1741 ) ) ;
#294 = AXIS2_PLACEMENT_3D ( 'NONE', #438, #1077, #1742 ) ;
#295 = LINE ( 'NONE', #925, #1192 ) ;
#296 = PLANE ( 'NONE',  #1007 ) ;
#297 = CARTESIAN_POINT ( 'NONE',  ( -0.9000000000000002442, 0.1000000000000000056, 0.5250000000000000222 ) ) ;
#298 = ORIENTED_EDGE ( 'NONE', *, *, #104, .T. ) ;
#299 = EDGE_CURVE ( 'NONE', #1510, #1148, #759, .T. ) ;
#300 = DIRECTION ( 'NONE',  ( -1.000000000000000000, -0.0000000000000000000, 0.0000000000000000000 ) ) ;
#301 = EDGE_CURVE ( 'NONE', #48, #265, #1154, .T. ) ;
#302 = STYLED_ITEM ( 'NONE', ( #1992 ), #887 ) ;
#303 = SURFACE_STYLE_FILL_AREA ( #1751 ) ;
#304 = FACE_OUTER_BOUND ( 'NONE', #698, .T. ) ;
#305 = SURFACE_STYLE_USAGE ( .BOTH. , #1755 ) ;
#306 = VECTOR ( 'NONE', #1845, 1000.000000000000000 ) ;
#307 = DIRECTION ( 'NONE',  ( -1.000000000000000000, 0.0000000000000000000, 0.0000000000000000000 ) ) ;
#308 = ORIENTED_EDGE ( 'NONE', *, *, #985, .F. ) ;
#309 = UNCERTAINTY_MEASURE_WITH_UNIT (LENGTH_MEASURE( 1.000000000000000082E-05 ), #1933, 'distance_accuracy_value', 'NONE');
#310 = DIRECTION ( 'NONE',  ( -1.084202172485503842E-15, 0.0000000000000000000, 1.000000000000000000 ) ) ;
#311 = DIRECTION ( 'NONE',  ( 0.0000000000000000000, -0.0000000000000000000, 1.000000000000000000 ) ) ;
#312 = DIRECTION ( 'NONE',  ( 1.000000000000000000, 0.0000000000000000000, 0.0000000000000000000 ) ) ;
#313 = FILL_AREA_STYLE_COLOUR ( '', #1776 ) ;
#314 = MECHANICAL_DESIGN_GEOMETRIC_PRESENTATION_REPRESENTATION (  '', ( #1072 ), #845 ) ;
#315 = LINE ( 'NONE', #947, #1837 ) ;
#316 = ADVANCED_FACE ( 'NONE', ( #1902 ), #1745, .T. ) ;
#317 = PLANE ( 'NONE',  #278 ) ;
#318 = ORIENTED_EDGE ( 'NONE', *, *, #1113, .T. ) ;
#319 = DIRECTION ( 'NONE',  ( 0.0000000000000000000, 0.0000000000000000000, -1.000000000000000000 ) ) ;
#320 = AXIS2_PLACEMENT_3D ( 'NONE', #1574, #126, #757 ) ;
#321 = AXIS2_PLACEMENT_3D ( 'NONE', #352, #987, #1650 ) ;
#322 = CARTESIAN_POINT ( 'NONE',  ( 2.115097169808490829, 0.6999999999999999556, 0.6000000000000000888 ) ) ;
#323 =( GEOMETRIC_REPRESENTATION_CONTEXT ( 3 ) GLOBAL_UNCERTAINTY_ASSIGNED_CONTEXT ( ( #995 ) ) GLOBAL_UNIT_ASSIGNED_CONTEXT ( ( #1725, #1571, #1405 ) ) REPRESENTATION_CONTEXT ( 'NONE', 'WORKASPACE' ) );
#324 = DIRECTION ( 'NONE',  ( 0.0000000000000000000, 1.000000000000000000, -0.0000000000000000000 ) ) ;
#325 = CARTESIAN_POINT ( 'NONE',  ( -0.7000000000000002887, 0.6999999999999999556, -0.5249999999999999112 ) ) ;
#326 =( LENGTH_UNIT ( ) NAMED_UNIT ( * ) SI_UNIT ( .MILLI., .METRE. ) );
#327 = EDGE_CURVE ( 'NONE', #1758, #1208, #1432, .T. ) ;
#328 = ORIENTED_EDGE ( 'NONE', *, *, #1519, .T. ) ;
#329 = COLOUR_RGB ( '',0.6901960784313725394, 0.6588235294117646967, 0.6392156862745097534 ) ;
#330 = FACE_OUTER_BOUND ( 'NONE', #434, .T. ) ;
#331 = DIRECTION ( 'NONE',  ( 0.0000000000000000000, 1.445602896647337339E-15, -1.000000000000000000 ) ) ;
#332 = DIRECTION ( 'NONE',  ( 1.000000000000000000, 0.0000000000000000000, -0.0000000000000000000 ) ) ;
#333 = SURFACE_STYLE_USAGE ( .BOTH. , #1784 ) ;
#334 = FILL_AREA_STYLE_COLOUR ( '', #117 ) ;
#335 = COLOUR_RGB ( '',0.6901960784313725394, 0.6588235294117646967, 0.6392156862745097534 ) ;
#336 = DIRECTION ( 'NONE',  ( -1.000000000000000000, 0.0000000000000000000, 0.0000000000000000000 ) ) ;
#337 = CARTESIAN_POINT ( 'NONE',  ( 0.7250000000000000888, 0.09999999999999982514, 0.5999999999999999778 ) ) ;
#338 = DIRECTION ( 'NONE',  ( -0.0000000000000000000, -0.0000000000000000000, 1.000000000000000000 ) ) ;
#339 = ORIENTED_EDGE ( 'NONE', *, *, #847, .F. ) ;
#340 =( GEOMETRIC_REPRESENTATION_CONTEXT ( 3 ) GLOBAL_UNCERTAINTY_ASSIGNED_CONTEXT ( ( #1094 ) ) GLOBAL_UNIT_ASSIGNED_CONTEXT ( ( #989, #831, #1383 ) ) REPRESENTATION_CONTEXT ( 'NONE', 'WORKASPACE' ) );
#341 = DIRECTION ( 'NONE',  ( 0.0000000000000000000, 1.000000000000000000, 0.0000000000000000000 ) ) ;
#342 = EDGE_CURVE ( 'NONE', #1677, #1381, #1838, .T. ) ;
#343 = FACE_OUTER_BOUND ( 'NONE', #873, .T. ) ;
#344 = SPHERICAL_SURFACE ( 'NONE', #413, 0.1000000000000000056 ) ;
#345 = SPHERICAL_SURFACE ( 'NONE', #1344, 0.1000000000000000056 ) ;
#346 = DIRECTION ( 'NONE',  ( 0.0000000000000000000, -1.000000000000000000, 0.0000000000000000000 ) ) ;
#347 = VERTEX_POINT ( 'NONE', #1253 ) ;
#348 = EDGE_CURVE ( 'NONE', #2032, #1011, #22, .T. ) ;
#349 = DIRECTION ( 'NONE',  ( 1.000000000000000000, 0.0000000000000000000, -1.734723475976807341E-16 ) ) ;
#350 = LINE ( 'NONE', #982, #2044 ) ;
#351 = DIRECTION ( 'NONE',  ( 1.734723475976807341E-16, -0.0000000000000000000, 1.000000000000000000 ) ) ;
#352 = CARTESIAN_POINT ( 'NONE',  ( 0.9000000000000000222, 0.6999999999999999556, 0.5249999999999999112 ) ) ;
#353 = AXIS2_PLACEMENT_3D ( 'NONE', #744, #1397, #2041 ) ;
#354 = SURFACE_SIDE_STYLE ('',( #1807 ) ) ;
#355 = CLOSED_SHELL ( 'NONE', ( #997, #1673, #1732, #103, #1803, #776, #1597, #1033, #243, #195, #316, #1860, #533, #1866, #1285, #455, #512, #1204, #1149, #487, #162, #234, #172, #887, #536, #1415 ) ) ;
#356 = CYLINDRICAL_SURFACE ( 'NONE', #443, 0.02499999999999995628 ) ;
#357 = ORIENTED_EDGE ( 'NONE', *, *, #1905, .T. ) ;
#358 = VECTOR ( 'NONE', #1715, 1000.000000000000000 ) ;
#359 =( GEOMETRIC_REPRESENTATION_CONTEXT ( 3 ) GLOBAL_UNCERTAINTY_ASSIGNED_CONTEXT ( ( #1498 ) ) GLOBAL_UNIT_ASSIGNED_CONTEXT ( ( #95, #2020, #1869 ) ) REPRESENTATION_CONTEXT ( 'NONE', 'WORKASPACE' ) );
#360 = DIRECTION ( 'NONE',  ( -5.421010862427522786E-17, 0.0000000000000000000, -1.000000000000000000 ) ) ;
#361 = DIRECTION ( 'NONE',  ( 1.000000000000000000, 0.0000000000000000000, -1.734723475976807341E-16 ) ) ;
#362 = EDGE_CURVE ( 'NONE', #735, #198, #286, .T. ) ;
#363 = UNCERTAINTY_MEASURE_WITH_UNIT (LENGTH_MEASURE( 1.000000000000000082E-05 ), #1556, 'distance_accuracy_value', 'NONE');
#364 = ADVANCED_FACE ( 'NONE', ( #1599 ), #150, .F. ) ;
#365 = ORIENTED_EDGE ( 'NONE', *, *, #1752, .T. ) ;
#366 = ORIENTED_EDGE ( 'NONE', *, *, #342, .F. ) ;
#367 = FILL_AREA_STYLE_COLOUR ( '', #335 ) ;
#368 = CARTESIAN_POINT ( 'NONE',  ( 0.8999999999999998002, 0.09999999999999982514, -0.5249999999999999112 ) ) ;
#369 = UNCERTAINTY_MEASURE_WITH_UNIT (LENGTH_MEASURE( 1.000000000000000082E-05 ), #2063, 'distance_accuracy_value', 'NONE');
#370 = PRESENTATION_LAYER_ASSIGNMENT (  '', '', ( #1272 ) ) ;
#371 = VERTEX_POINT ( 'NONE', #626 ) ;
#372 = DIRECTION ( 'NONE',  ( -1.000000000000000000, 0.0000000000000000000, 5.421010862427522786E-17 ) ) ;
#373 = EDGE_CURVE ( 'NONE', #440, #1011, #1265, .T. ) ;
#374 = ORIENTED_EDGE ( 'NONE', *, *, #373, .T. ) ;
#375 = SURFACE_STYLE_FILL_AREA ( #1827 ) ;
#376 = VERTEX_POINT ( 'NONE', #1105 ) ;
#377 = STYLED_ITEM ( 'NONE', ( #938 ), #162 ) ;
#378 = EDGE_LOOP ( 'NONE', ( #451, #1688, #75, #673 ) ) ;
#379 = DIRECTION ( 'NONE',  ( -1.000000000000000000, -0.0000000000000000000, 1.734723475976807341E-16 ) ) ;
#380 = ORIENTED_EDGE ( 'NONE', *, *, #732, .F. ) ;
#381 = CARTESIAN_POINT ( 'NONE',  ( -0.7000000000000002887, 0.6999999999999999556, 0.5250000000000000222 ) ) ;
#382 = VECTOR ( 'NONE', #1921, 1000.000000000000000 ) ;
#383 = PRESENTATION_LAYER_ASSIGNMENT (  '', '', ( #1289 ) ) ;
#384 = ADVANCED_FACE ( 'NONE', ( #1767 ), #317, .T. ) ;
#385 = ORIENTED_EDGE ( 'NONE', *, *, #974, .T. ) ;
#386 = ORIENTED_EDGE ( 'NONE', *, *, #441, .T. ) ;
#387 = EDGE_CURVE ( 'NONE', #376, #1411, #1462, .T. ) ;
#388 = EDGE_CURVE ( 'NONE', #719, #265, #1734, .T. ) ;
#389 = VECTOR ( 'NONE', #1062, 1000.000000000000000 ) ;
#390 = ORIENTED_EDGE ( 'NONE', *, *, #630, .F. ) ;
#391 = AXIS2_PLACEMENT_3D ( 'NONE', #1122, #1783, #332 ) ;
#392 = SURFACE_STYLE_FILL_AREA ( #1843 ) ;
#393 = CARTESIAN_POINT ( 'NONE',  ( -0.7250000000000003109, 0.6999999999999999556, 0.5250000000000000222 ) ) ;
#394 = AXIS2_PLACEMENT_3D ( 'NONE', #1946, #490, #1134 ) ;
#395 = AXIS2_PLACEMENT_3D ( 'NONE', #368, #1003, #1663 ) ;
#396 = DIRECTION ( 'NONE',  ( 1.000000000000000000, 0.0000000000000000000, 0.0000000000000000000 ) ) ;
#397 = EDGE_LOOP ( 'NONE', ( #1615, #1170, #1226 ) ) ;
#398 = ADVANCED_FACE ( 'NONE', ( #1631 ), #182, .T. ) ;
#399 = CARTESIAN_POINT ( 'NONE',  ( 0.7000000000000000666, 0.6999999999999999556, -0.5999999999999999778 ) ) ;
#400 = LINE ( 'NONE', #1034, #2008 ) ;
#401 = ORIENTED_EDGE ( 'NONE', *, *, #1302, .F. ) ;
#402 = ADVANCED_FACE ( 'NONE', ( #1808 ), #356, .T. ) ;
#403 = AXIS2_PLACEMENT_3D ( 'NONE', #1814, #361, #996 ) ;
#404 = CARTESIAN_POINT ( 'NONE',  ( -0.0000000000000000000, 0.0000000000000000000, -0.5249999999999999112 ) ) ;
#405 = FILL_AREA_STYLE_COLOUR ( '', #20 ) ;
#406 = ORIENTED_EDGE ( 'NONE', *, *, #705, .F. ) ;
#407 = SURFACE_STYLE_FILL_AREA ( #1862 ) ;
#408 = ORIENTED_EDGE ( 'NONE', *, *, #1517, .T. ) ;
#409 = AXIS2_PLACEMENT_3D ( 'NONE', #1786, #336, #967 ) ;
#410 = LINE ( 'NONE', #1042, #1720 ) ;
#411 = SURFACE_STYLE_FILL_AREA ( #1867 ) ;
#412 = ORIENTED_EDGE ( 'NONE', *, *, #1252, .T. ) ;
#413 = AXIS2_PLACEMENT_3D ( 'NONE', #977, #1636, #187 ) ;
#414 = COLOUR_RGB ( '',0.7921568627450980005, 0.8196078431372548767, 0.9333333333333333481 ) ;
#415 = EDGE_LOOP ( 'NONE', ( #1051, #357, #606, #1172 ) ) ;
#416 = SURFACE_SIDE_STYLE ('',( #1873 ) ) ;
#417 = AXIS2_PLACEMENT_3D ( 'NONE', #1616, #166, #795 ) ;
#418 = VERTEX_POINT ( 'NONE', #1096 ) ;
#419 = LINE ( 'NONE', #1053, #358 ) ;
#420 = DIRECTION ( 'NONE',  ( 0.0000000000000000000, -0.0000000000000000000, 1.000000000000000000 ) ) ;
#421 = CARTESIAN_POINT ( 'NONE',  ( -0.7250000000000003109, 0.09999999999999982514, -0.5249999999999999112 ) ) ;
#422 = LINE ( 'NONE', #1057, #891 ) ;
#423 = ORIENTED_EDGE ( 'NONE', *, *, #1733, .T. ) ;
#424 = AXIS2_PLACEMENT_3D ( 'NONE', #1797, #346, #979 ) ;
#425 = ORIENTED_EDGE ( 'NONE', *, *, #722, .F. ) ;
#426 = COLOUR_RGB ( '',0.6901960784313725394, 0.6588235294117646967, 0.6392156862745097534 ) ;
#427 = CARTESIAN_POINT ( 'NONE',  ( -0.9000000000000002442, 0.8000000000000000444, 0.6250000000000001110 ) ) ;
#428 = FACE_OUTER_BOUND ( 'NONE', #803, .T. ) ;
#429 = FACE_OUTER_BOUND ( 'NONE', #708, .T. ) ;
#430 = CARTESIAN_POINT ( 'NONE',  ( -0.7000000000000002887, 0.7750000000000001332, 0.5250000000000000222 ) ) ;
#431 = LINE ( 'NONE', #1066, #1810 ) ;
#432 = ORIENTED_EDGE ( 'NONE', *, *, #1128, .T. ) ;
#433 =( LENGTH_UNIT ( ) NAMED_UNIT ( * ) SI_UNIT ( .MILLI., .METRE. ) );
#434 = EDGE_LOOP ( 'NONE', ( #233, #1414, #1809, #1266 ) ) ;
#435 = DIRECTION ( 'NONE',  ( 1.734723475976807341E-16, -2.097414917010649069E-16, 1.000000000000000000 ) ) ;
#436 = FILL_AREA_STYLE_COLOUR ( '', #1509 ) ;
#437 = EDGE_CURVE ( 'NONE', #1652, #1711, #1358, .T. ) ;
#438 = CARTESIAN_POINT ( 'NONE',  ( 2.846030702774449139E-17, 0.6999999999999999556, 0.5250000000000000222 ) ) ;
#439 = DIRECTION ( 'NONE',  ( 1.000000000000000000, -0.0000000000000000000, -0.0000000000000000000 ) ) ;
#440 = VERTEX_POINT ( 'NONE', #1604 ) ;
#441 = EDGE_CURVE ( 'NONE', #1345, #646, #154, .T. ) ;
#442 = FACE_OUTER_BOUND ( 'NONE', #1329, .T. ) ;
#443 = AXIS2_PLACEMENT_3D ( 'NONE', #1259, #1917, #453 ) ;
#444 =( GEOMETRIC_REPRESENTATION_CONTEXT ( 3 ) GLOBAL_UNCERTAINTY_ASSIGNED_CONTEXT ( ( #930 ) ) GLOBAL_UNIT_ASSIGNED_CONTEXT ( ( #1150, #993, #838 ) ) REPRESENTATION_CONTEXT ( 'NONE', 'WORKASPACE' ) );
#445 = LINE ( 'NONE', #631, #1681 ) ;
#446 = COLOUR_RGB ( '',0.0000000000000000000, 0.0000000000000000000, 0.03921568627450980338 ) ;
#447 = CARTESIAN_POINT ( 'NONE',  ( -0.9000000000000002442, 0.6999999999999999556, -0.5249999999999999112 ) ) ;
#448 = FILL_AREA_STYLE ('',( #1910 ) ) ;
#449 = PRODUCT ( 'NTCS0805E3', 'NTCS0805E3', '', ( #866 ) ) ;
#450 = DIRECTION ( 'NONE',  ( -1.000000000000000000, 0.0000000000000000000, 0.0000000000000000000 ) ) ;
#451 = ORIENTED_EDGE ( 'NONE', *, *, #580, .T. ) ;
#452 = DIRECTION ( 'NONE',  ( -1.000000000000000000, 0.0000000000000000000, 0.0000000000000000000 ) ) ;
#453 = DIRECTION ( 'NONE',  ( 0.0000000000000000000, 0.0000000000000000000, 1.000000000000000000 ) ) ;
#454 = MANIFOLD_SOLID_BREP ( 'Fillet4', #88 ) ;
#455 = ADVANCED_FACE ( 'NONE', ( #1780 ), #961, .T. ) ;
#456 = ADVANCED_FACE ( 'NONE', ( #330 ), #289, .T. ) ;
#457 = DIRECTION ( 'NONE',  ( -1.000000000000000000, 0.0000000000000000000, 0.0000000000000000000 ) ) ;
#458 = CARTESIAN_POINT ( 'NONE',  ( 0.7000000000000000666, 0.7750000000000001332, 0.5250000000000000222 ) ) ;
#459 =( NAMED_UNIT ( * ) SI_UNIT ( $, .STERADIAN. ) SOLID_ANGLE_UNIT ( ) );
#460 = CIRCLE ( 'NONE', #1657, 0.09999999999999999167 ) ;
#461 = CARTESIAN_POINT ( 'NONE',  ( -0.7250000000000003109, 0.02500000000000000139, -0.5249999999999999112 ) ) ;
#462 = AXIS2_PLACEMENT_3D ( 'NONE', #381, #1017, #1678 ) ;
#463 = DIRECTION ( 'NONE',  ( 1.000000000000000000, 0.0000000000000000000, -0.0000000000000000000 ) ) ;
#464 = ORIENTED_EDGE ( 'NONE', *, *, #973, .F. ) ;
#465 = UNCERTAINTY_MEASURE_WITH_UNIT (LENGTH_MEASURE( 1.000000000000000082E-05 ), #1373, 'distance_accuracy_value', 'NONE');
#466 = PLANE ( 'NONE',  #165 ) ;
#467 = SURFACE_SIDE_STYLE ('',( #1926 ) ) ;
#468 = DIRECTION ( 'NONE',  ( 0.0000000000000000000, 1.000000000000000000, 0.0000000000000000000 ) ) ;
#469 = DIRECTION ( 'NONE',  ( 0.0000000000000000000, 0.0000000000000000000, 1.000000000000000000 ) ) ;
#470 = ADVANCED_FACE ( 'NONE', ( #1458 ), #1643, .T. ) ;
#471 = CARTESIAN_POINT ( 'NONE',  ( -0.9000000000000002442, 0.1000000000000000056, 0.5250000000000000222 ) ) ;
#472 = MECHANICAL_DESIGN_GEOMETRIC_PRESENTATION_REPRESENTATION (  '', ( #210 ), #1079 ) ;
#473 = SURFACE_STYLE_USAGE ( .BOTH. , #1931 ) ;
#474 = PRESENTATION_STYLE_ASSIGNMENT (( #1932 ) ) ;
#475 = ORIENTED_EDGE ( 'NONE', *, *, #1825, .F. ) ;
#476 = CIRCLE ( 'NONE', #1671, 0.07499999999999998335 ) ;
#477 = CARTESIAN_POINT ( 'NONE',  ( 0.8999999999999998002, 0.09999999999999982514, -0.6249999999999998890 ) ) ;
#478 = VECTOR ( 'NONE', #600, 1000.000000000000000 ) ;
#479 = MECHANICAL_DESIGN_GEOMETRIC_PRESENTATION_REPRESENTATION (  '', ( #217 ), #1016 ) ;
#480 = PLANE ( 'NONE',  #391 ) ;
#481 = FILL_AREA_STYLE ('',( #1938 ) ) ;
#482 = DIRECTION ( 'NONE',  ( -1.000000000000000000, -0.0000000000000000000, 5.421010862427522786E-17 ) ) ;
#483 = AXIS2_PLACEMENT_3D ( 'NONE', #471, #1112, #1775 ) ;
#484 = CARTESIAN_POINT ( 'NONE',  ( 0.7249999999999999778, 0.02500000000000000139, -1.257674520083185390E-16 ) ) ;
#485 = DIRECTION ( 'NONE',  ( -1.000000000000000000, -0.0000000000000000000, 1.734723475976807341E-16 ) ) ;
#486 = ORIENTED_EDGE ( 'NONE', *, *, #152, .F. ) ;
#487 = ADVANCED_FACE ( 'NONE', ( #1163 ), #1820, .T. ) ;
#488 = AXIS2_PLACEMENT_3D ( 'NONE', #786, #1440, #2077 ) ;
#489 = SURFACE_STYLE_USAGE ( .BOTH. , #1945 ) ;
#490 = DIRECTION ( 'NONE',  ( 0.0000000000000000000, -1.000000000000000000, -0.0000000000000000000 ) ) ;
#491 = CARTESIAN_POINT ( 'NONE',  ( 0.9000000000000000222, 3.158495283014150612, 0.6250000000000000000 ) ) ;
#492 = AXIS2_PLACEMENT_3D ( 'NONE', #638, #1281, #1935 ) ;
#493 = AXIS2_PLACEMENT_3D ( 'NONE', #676, #1316, #1967 ) ;
#494 =( NAMED_UNIT ( * ) SI_UNIT ( $, .STERADIAN. ) SOLID_ANGLE_UNIT ( ) );
#495 = FACE_OUTER_BOUND ( 'NONE', #1998, .T. ) ;
#496 = CIRCLE ( 'NONE', #764, 0.07500000000000009437 ) ;
#497 = FACE_OUTER_BOUND ( 'NONE', #1167, .T. ) ;
#498 = FACE_OUTER_BOUND ( 'NONE', #1314, .T. ) ;
#499 = ORIENTED_EDGE ( 'NONE', *, *, #1141, .F. ) ;
#500 = PRESENTATION_LAYER_ASSIGNMENT (  '', '', ( #1412 ) ) ;
#501 = STYLED_ITEM ( 'NONE', ( #1804 ), #1861 ) ;
#502 = LINE ( 'NONE', #1140, #865 ) ;
#503 = SURFACE_SIDE_STYLE ('',( #1958 ) ) ;
#504 = DIRECTION ( 'NONE',  ( 0.0000000000000000000, -1.000000000000000000, 0.0000000000000000000 ) ) ;
#505 = CARTESIAN_POINT ( 'NONE',  ( -0.7000000000000002887, 0.09999999999999982514, 0.5250000000000000222 ) ) ;
#506 = SURFACE_STYLE_USAGE ( .BOTH. , #1961 ) ;
#507 = FILL_AREA_STYLE_COLOUR ( '', #1626 ) ;
#508 = DIRECTION ( 'NONE',  ( 0.0000000000000000000, -1.807003620809173892E-16, -1.000000000000000000 ) ) ;
#509 = EDGE_LOOP ( 'NONE', ( #318, #89, #1702, #1903 ) ) ;
#510 = PRESENTATION_LAYER_ASSIGNMENT (  '', '', ( #1425 ) ) ;
#511 = EDGE_CURVE ( 'NONE', #1199, #1148, #496, .T. ) ;
#512 = ADVANCED_FACE ( 'NONE', ( #707 ), #549, .T. ) ;
#513 = FACE_OUTER_BOUND ( 'NONE', #1067, .T. ) ;
#514 = UNCERTAINTY_MEASURE_WITH_UNIT (LENGTH_MEASURE( 1.000000000000000082E-05 ), #1418, 'distance_accuracy_value', 'NONE');
#515 = ADVANCED_FACE ( 'NONE', ( #1997 ), #238, .T. ) ;
#516 = PRESENTATION_LAYER_ASSIGNMENT (  '', '', ( #1427 ) ) ;
#517 = CIRCLE ( 'NONE', #320, 0.1000000000000000472 ) ;
#518 = ORIENTED_EDGE ( 'NONE', *, *, #747, .F. ) ;
#519 = ORIENTED_EDGE ( 'NONE', *, *, #1605, .T. ) ;
#520 = DIRECTION ( 'NONE',  ( 0.0000000000000000000, -0.0000000000000000000, 1.000000000000000000 ) ) ;
#521 = LINE ( 'NONE', #1164, #134 ) ;
#522 = AXIS2_PLACEMENT_3D ( 'NONE', #1095, #1759, #310 ) ;
#523 = ORIENTED_EDGE ( 'NONE', *, *, #694, .T. ) ;
#524 = PRODUCT_DEFINITION_CONTEXT ( 'detailed design', #1635, 'design' ) ;
#525 = SURFACE_SIDE_STYLE ('',( #1978 ) ) ;
#526 = ORIENTED_EDGE ( 'NONE', *, *, #2033, .F. ) ;
#527 = LINE ( 'NONE', #706, #1205 ) ;
#528 = ORIENTED_EDGE ( 'NONE', *, *, #619, .T. ) ;
#529 = EDGE_LOOP ( 'NONE', ( #863, #298, #889, #2016 ) ) ;
#530 = DIRECTION ( 'NONE',  ( 0.0000000000000000000, 0.0000000000000000000, 1.000000000000000000 ) ) ;
#531 = AXIS2_PLACEMENT_3D ( 'NONE', #568, #1209, #1864 ) ;
#532 = ORIENTED_EDGE ( 'NONE', *, *, #1689, .F. ) ;
#533 = ADVANCED_FACE ( 'NONE', ( #1694 ), #714, .T. ) ;
#534 = MECHANICAL_DESIGN_GEOMETRIC_PRESENTATION_REPRESENTATION (  '', ( #270 ), #1189 ) ;
#535 = CARTESIAN_POINT ( 'NONE',  ( -1.000000000000000222, 0.09999999999999982514, -0.5249999999999999112 ) ) ;
#536 = ADVANCED_FACE ( 'NONE', ( #1202 ), #1857, .T. ) ;
#537 = EDGE_LOOP ( 'NONE', ( #52, #523, #432, #1709 ) ) ;
#538 =( NAMED_UNIT ( * ) SI_UNIT ( $, .STERADIAN. ) SOLID_ANGLE_UNIT ( ) );
#539 = ORIENTED_EDGE ( 'NONE', *, *, #580, .F. ) ;
#540 = ORIENTED_EDGE ( 'NONE', *, *, #1887, .F. ) ;
#541 = VERTEX_POINT ( 'NONE', #1380 ) ;
#542 = AXIS2_PLACEMENT_3D ( 'NONE', #1942, #485, #1130 ) ;
#543 = PLANE ( 'NONE',  #1173 ) ;
#544 = MECHANICAL_DESIGN_GEOMETRIC_PRESENTATION_REPRESENTATION (  '', ( #284 ), #1075 ) ;
#545 = AXIS2_PLACEMENT_3D ( 'NONE', #781, #1430, #2070 ) ;
#546 = VECTOR ( 'NONE', #351, 1000.000000000000000 ) ;
#547 = LINE ( 'NONE', #1191, #306 ) ;
#548 = COLOUR_RGB ( '',0.0000000000000000000, 0.0000000000000000000, 0.03921568627450980338 ) ;
#549 = SPHERICAL_SURFACE ( 'NONE', #647, 0.1000000000000000056 ) ;
#550 = EDGE_LOOP ( 'NONE', ( #1301, #1836, #1162, #1818 ) ) ;
#551 = ORIENTED_EDGE ( 'NONE', *, *, #1763, .T. ) ;
#552 = AXIS2_PLACEMENT_3D ( 'NONE', #1773, #324, #954 ) ;
#553 = EDGE_CURVE ( 'NONE', #265, #627, #2026, .T. ) ;
#554 = DIRECTION ( 'NONE',  ( 0.0000000000000000000, -1.000000000000000000, 0.0000000000000000000 ) ) ;
#555 = CARTESIAN_POINT ( 'NONE',  ( 0.8999999999999998002, 3.158495283014150612, -0.6249999999999998890 ) ) ;
#556 = VECTOR ( 'NONE', #1908, 1000.000000000000000 ) ;
#557 = AXIS2_PLACEMENT_3D ( 'NONE', #47, #677, #1320 ) ;
#558 = VERTEX_POINT ( 'NONE', #1877 ) ;
#559 = DIRECTION ( 'NONE',  ( 1.000000000000000000, 0.0000000000000000000, 0.0000000000000000000 ) ) ;
#560 = EDGE_CURVE ( 'NONE', #646, #262, #419, .T. ) ;
#561 = MECHANICAL_DESIGN_GEOMETRIC_PRESENTATION_REPRESENTATION (  '', ( #302 ), #850 ) ;
#562 = DIRECTION ( 'NONE',  ( 0.0000000000000000000, 0.0000000000000000000, -1.000000000000000000 ) ) ;
#563 = VERTEX_POINT ( 'NONE', #268 ) ;
#564 = DIRECTION ( 'NONE',  ( 0.0000000000000000000, 0.0000000000000000000, 1.000000000000000000 ) ) ;
#565 = CYLINDRICAL_SURFACE ( 'NONE', #1815, 0.07500000000000009437 ) ;
#566 = VERTEX_POINT ( 'NONE', #902 ) ;
#567 = AXIS2_PLACEMENT_3D ( 'NONE', #393, #1029, #1692 ) ;
#568 = CARTESIAN_POINT ( 'NONE',  ( -0.7250000000000003109, 0.7750000000000001332, -0.5249999999999999112 ) ) ;
#569 = FACE_OUTER_BOUND ( 'NONE', #2071, .T. ) ;
#570 = ORIENTED_EDGE ( 'NONE', *, *, #80, .F. ) ;
#571 = VERTEX_POINT ( 'NONE', #1561 ) ;
#572 = FILL_AREA_STYLE_COLOUR ( '', #1987 ) ;
#573 = AXIS2_PLACEMENT_3D ( 'NONE', #1054, #1716, #269 ) ;
#574 = AXIS2_PLACEMENT_3D ( 'NONE', #1595, #622, #1263 ) ;
#575 = CARTESIAN_POINT ( 'NONE',  ( 0.6999999999999998446, 0.8000000000000000444, -0.5249999999999999112 ) ) ;
#576 = PLANE ( 'NONE',  #1544 ) ;
#577 = STYLED_ITEM ( 'NONE', ( #1584 ), #1195 ) ;
#578 = CARTESIAN_POINT ( 'NONE',  ( 0.7000000000000000666, 0.6999999999999999556, 0.6000000000000000888 ) ) ;
#579 = ORIENTED_EDGE ( 'NONE', *, *, #684, .F. ) ;
#580 = EDGE_CURVE ( 'NONE', #719, #1537, #111, .T. ) ;
#581 = PRESENTATION_LAYER_ASSIGNMENT (  '', '', ( #1514 ) ) ;
#582 = ORIENTED_EDGE ( 'NONE', *, *, #2056, .T. ) ;
#583 = SURFACE_SIDE_STYLE ('',( #2035 ) ) ;
#584 = DIRECTION ( 'NONE',  ( 0.0000000000000000000, -1.000000000000000000, 0.0000000000000000000 ) ) ;
#585 = LINE ( 'NONE', #1231, #618 ) ;
#586 = CARTESIAN_POINT ( 'NONE',  ( -1.000000000000000222, 3.158495283014150612, -0.6249999999999998890 ) ) ;
#587 = CARTESIAN_POINT ( 'NONE',  ( -0.7250000000000003109, 0.0000000000000000000, 0.0000000000000000000 ) ) ;
#588 = CARTESIAN_POINT ( 'NONE',  ( 0.9000000000000000222, 0.6999999999999999556, 0.5250000000000000222 ) ) ;
#589 = VERTEX_POINT ( 'NONE', #2038 ) ;
#590 = VECTOR ( 'NONE', #816, 1000.000000000000000 ) ;
#591 = PRESENTATION_STYLE_ASSIGNMENT (( #2042 ) ) ;
#592 = EDGE_LOOP ( 'NONE', ( #842, #207, #229, #980 ) ) ;
#593 = PRESENTATION_LAYER_ASSIGNMENT (  '', '', ( #1523 ) ) ;
#594 = DIRECTION ( 'NONE',  ( -0.0000000000000000000, 1.000000000000000000, -0.0000000000000000000 ) ) ;
#595 =( GEOMETRIC_REPRESENTATION_CONTEXT ( 3 ) GLOBAL_UNCERTAINTY_ASSIGNED_CONTEXT ( ( #1897 ) ) GLOBAL_UNIT_ASSIGNED_CONTEXT ( ( #1493, #1322, #1159 ) ) REPRESENTATION_CONTEXT ( 'NONE', 'WORKASPACE' ) );
#596 = AXIS2_PLACEMENT_3D ( 'NONE', #421, #1056, #1719 ) ;
#597 = CARTESIAN_POINT ( 'NONE',  ( 0.9000000000000000222, 0.09999999999999982514, 0.6250000000000000000 ) ) ;
#598 = EDGE_CURVE ( 'NONE', #826, #571, #585, .T. ) ;
#599 = ADVANCED_FACE ( 'NONE', ( #428 ), #1063, .T. ) ;
#600 = DIRECTION ( 'NONE',  ( -0.0000000000000000000, -1.000000000000000000, -0.0000000000000000000 ) ) ;
#601 = CARTESIAN_POINT ( 'NONE',  ( -0.7250000000000003109, 0.6999999999999999556, -0.6249999999999998890 ) ) ;
#602 = DIRECTION ( 'NONE',  ( 1.000000000000000000, -0.0000000000000000000, 0.0000000000000000000 ) ) ;
#603 = ORIENTED_EDGE ( 'NONE', *, *, #1282, .F. ) ;
#604 = CARTESIAN_POINT ( 'NONE',  ( 2.115097169808490829, 0.09999999999999982514, 0.5250000000000000222 ) ) ;
#605 = SURFACE_STYLE_USAGE ( .BOTH. , #2053 ) ;
#606 = ORIENTED_EDGE ( 'NONE', *, *, #152, .T. ) ;
#607 = CARTESIAN_POINT ( 'NONE',  ( -0.7000000000000002887, 0.6999999999999999556, -0.5999999999999999778 ) ) ;
#608 = LINE ( 'NONE', #1249, #556 ) ;
#609 = FACE_OUTER_BOUND ( 'NONE', #1735, .T. ) ;
#610 = EDGE_CURVE ( 'NONE', #1537, #688, #1606, .T. ) ;
#611 = DIRECTION ( 'NONE',  ( 1.000000000000000000, 0.0000000000000000000, 0.0000000000000000000 ) ) ;
#612 = EDGE_LOOP ( 'NONE', ( #412, #1254, #390, #2000 ) ) ;
#613 = UNCERTAINTY_MEASURE_WITH_UNIT (LENGTH_MEASURE( 1.000000000000000082E-05 ), #779, 'distance_accuracy_value', 'NONE');
#614 = DIRECTION ( 'NONE',  ( 1.000000000000000000, -0.0000000000000000000, -0.0000000000000000000 ) ) ;
#615 = EDGE_CURVE ( 'NONE', #1549, #1199, #1441, .T. ) ;
#616 = AXIS2_PLACEMENT_3D ( 'NONE', #588, #1234, #1893 ) ;
#617 = CIRCLE ( 'NONE', #1811, 0.09999999999999999167 ) ;
#618 = VECTOR ( 'NONE', #1888, 1000.000000000000000 ) ;
#619 = EDGE_CURVE ( 'NONE', #262, #1049, #256, .T. ) ;
#620 = CYLINDRICAL_SURFACE ( 'NONE', #1018, 0.1000000000000000472 ) ;
#621 = VECTOR ( 'NONE', #2029, 1000.000000000000000 ) ;
#622 = DIRECTION ( 'NONE',  ( 0.0000000000000000000, -0.0000000000000000000, 1.000000000000000000 ) ) ;
#623 = AXIS2_PLACEMENT_3D ( 'NONE', #604, #1242, #1904 ) ;
#624 =( NAMED_UNIT ( * ) PLANE_ANGLE_UNIT ( ) SI_UNIT ( $, .RADIAN. ) );
#625 = LINE ( 'NONE', #1264, #382 ) ;
#626 = CARTESIAN_POINT ( 'NONE',  ( 0.7000000000000000666, 0.09999999999999982514, 0.5999999999999999778 ) ) ;
#627 = VERTEX_POINT ( 'NONE', #1111 ) ;
#628 = DIRECTION ( 'NONE',  ( 0.0000000000000000000, 1.000000000000000000, 0.0000000000000000000 ) ) ;
#629 = FILL_AREA_STYLE_COLOUR ( '', #1907 ) ;
#630 = EDGE_CURVE ( 'NONE', #1822, #262, #1474, .T. ) ;
#631 = CARTESIAN_POINT ( 'NONE',  ( -1.000000000000000222, 3.158495283014150612, 0.5250000000000000222 ) ) ;
#632 = DIRECTION ( 'NONE',  ( -1.000000000000000000, 0.0000000000000000000, 0.0000000000000000000 ) ) ;
#633 = LINE ( 'NONE', #1273, #221 ) ;
#634 = FILL_AREA_STYLE ('',( #2 ) ) ;
#635 = SURFACE_STYLE_FILL_AREA ( #3 ) ;
#636 = VERTEX_POINT ( 'NONE', #1620 ) ;
#637 = DIRECTION ( 'NONE',  ( 0.0000000000000000000, 0.0000000000000000000, 1.000000000000000000 ) ) ;
#638 = CARTESIAN_POINT ( 'NONE',  ( 0.7250000000000000888, 0.6999999999999999556, 0.5250000000000000222 ) ) ;
#639 = CARTESIAN_POINT ( 'NONE',  ( 0.9999999999999997780, 0.6999999999999999556, -0.6249999999999998890 ) ) ;
#640 = FACE_OUTER_BOUND ( 'NONE', #853, .T. ) ;
#641 = MECHANICAL_DESIGN_GEOMETRIC_PRESENTATION_REPRESENTATION (  '', ( #377 ), #1180 ) ;
#642 = DIRECTION ( 'NONE',  ( -1.000000000000000000, 0.0000000000000000000, 0.0000000000000000000 ) ) ;
#643 =( NAMED_UNIT ( * ) SI_UNIT ( $, .STERADIAN. ) SOLID_ANGLE_UNIT ( ) );
#644 = MECHANICAL_DESIGN_GEOMETRIC_PRESENTATION_REPRESENTATION (  '', ( #1999 ), #1184 ) ;
#645 = DIRECTION ( 'NONE',  ( -1.000000000000000000, 0.0000000000000000000, 0.0000000000000000000 ) ) ;
#646 = VERTEX_POINT ( 'NONE', #168 ) ;
#647 = AXIS2_PLACEMENT_3D ( 'NONE', #1193, #1847, #396 ) ;
#648 = AXIS2_PLACEMENT_3D ( 'NONE', #461, #1104, #1766 ) ;
#649 = FILL_AREA_STYLE ('',( #17 ) ) ;
#650 = AXIS2_PLACEMENT_3D ( 'NONE', #1080, #139, #772 ) ;
#651 = DIRECTION ( 'NONE',  ( 1.000000000000000000, 0.0000000000000000000, 1.084202172485503842E-15 ) ) ;
#652 = DIRECTION ( 'NONE',  ( 1.000000000000000000, 0.0000000000000000000, -5.421010862427522786E-17 ) ) ;
#653 =( NAMED_UNIT ( * ) PLANE_ANGLE_UNIT ( ) SI_UNIT ( $, .RADIAN. ) );
#654 = CARTESIAN_POINT ( 'NONE',  ( 2.115097169808490829, 0.6999999999999999556, 0.5250000000000000222 ) ) ;
#655 = DIRECTION ( 'NONE',  ( 1.000000000000000000, 0.0000000000000000000, 0.0000000000000000000 ) ) ;
#656 = CIRCLE ( 'NONE', #1844, 0.02499999999999995628 ) ;
#657 = DIRECTION ( 'NONE',  ( 0.0000000000000000000, 0.0000000000000000000, 1.000000000000000000 ) ) ;
#658 = SURFACE_SIDE_STYLE ('',( #28 ) ) ;
#659 = ORIENTED_EDGE ( 'NONE', *, *, #1968, .T. ) ;
#660 = VECTOR ( 'NONE', #652, 1000.000000000000000 ) ;
#661 =( NAMED_UNIT ( * ) SI_UNIT ( $, .STERADIAN. ) SOLID_ANGLE_UNIT ( ) );
#662 = CARTESIAN_POINT ( 'NONE',  ( 0.9999999999999997780, 3.158495283014150612, -0.5249999999999999112 ) ) ;
#663 = FILL_AREA_STYLE_COLOUR ( '', #31 ) ;
#664 = AXIS2_PLACEMENT_3D ( 'NONE', #1792, #341, #972 ) ;
#665 = CIRCLE ( 'NONE', #1851, 0.02499999999999995628 ) ;
#666 = EDGE_CURVE ( 'NONE', #1035, #2032, #1743, .T. ) ;
#667 = DIRECTION ( 'NONE',  ( 0.0000000000000000000, 0.0000000000000000000, -1.000000000000000000 ) ) ;
#668 = LINE ( 'NONE', #1311, #1870 ) ;
#669 = FILL_AREA_STYLE ('',( #36 ) ) ;
#670 = ADVANCED_FACE ( 'NONE', ( #640 ), #1284, .T. ) ;
#671 = CARTESIAN_POINT ( 'NONE',  ( -0.7000000000000002887, 0.09999999999999982514, -0.5999999999999998668 ) ) ;
#672 = EDGE_CURVE ( 'NONE', #1652, #347, #1404, .T. ) ;
#673 = ORIENTED_EDGE ( 'NONE', *, *, #747, .T. ) ;
#674 = STYLED_ITEM ( 'NONE', ( #1328 ), #1865 ) ;
#675 = SURFACE_STYLE_USAGE ( .BOTH. , #42 ) ;
#676 = CARTESIAN_POINT ( 'NONE',  ( -0.9000000000000002442, 0.09999999999999982514, -0.5249999999999999112 ) ) ;
#677 = DIRECTION ( 'NONE',  ( -1.734723475976807341E-16, 0.0000000000000000000, -1.000000000000000000 ) ) ;
#678 = ORIENTED_EDGE ( 'NONE', *, *, #362, .F. ) ;
#679 = CIRCLE ( 'NONE', #173, 0.1000000000000000472 ) ;
#680 = VERTEX_POINT ( 'NONE', #477 ) ;
#681 = CARTESIAN_POINT ( 'NONE',  ( 0.6999999999999998446, 0.6999999999999999556, -0.5249999999999999112 ) ) ;
#682 = SURFACE_STYLE_USAGE ( .BOTH. , #51 ) ;
#683 = ORIENTED_EDGE ( 'NONE', *, *, #1377, .F. ) ;
#684 = EDGE_CURVE ( 'NONE', #1549, #1510, #1686, .T. ) ;
#685 = VECTOR ( 'NONE', #35, 1000.000000000000000 ) ;
#686 = PRESENTATION_LAYER_ASSIGNMENT (  '', '', ( #1611 ) ) ;
#687 = FILL_AREA_STYLE_COLOUR ( '', #1120 ) ;
#688 = VERTEX_POINT ( 'NONE', #962 ) ;
#689 = DIRECTION ( 'NONE',  ( 0.0000000000000000000, -1.445602896647339508E-15, -1.000000000000000000 ) ) ;
#690 = EDGE_LOOP ( 'NONE', ( #1698, #1203, #760, #532 ) ) ;
#691 = EDGE_LOOP ( 'NONE', ( #74, #1482, #1896, #1988 ) ) ;
#692 = CARTESIAN_POINT ( 'NONE',  ( 0.9000000000000000222, 0.8000000000000000444, 0.5249999999999999112 ) ) ;
#693 = AXIS2_PLACEMENT_3D ( 'NONE', #1448, #6, #637 ) ;
#694 = EDGE_CURVE ( 'NONE', #636, #1981, #1625, .T. ) ;
#695 = ORIENTED_EDGE ( 'NONE', *, *, #121, .T. ) ;
#696 = CARTESIAN_POINT ( 'NONE',  ( 0.7249999999999999778, 0.09999999999999982514, 0.6250000000000000000 ) ) ;
#697 = ORIENTED_EDGE ( 'NONE', *, *, #1840, .T. ) ;
#698 = EDGE_LOOP ( 'NONE', ( #425, #1023, #1520 ) ) ;
#699 = ORIENTED_EDGE ( 'NONE', *, *, #1840, .F. ) ;
#700 = AXIS2_PLACEMENT_3D ( 'NONE', #825, #1480, #38 ) ;
#701 = SURFACE_SIDE_STYLE ('',( #67 ) ) ;
#702 = PRESENTATION_LAYER_ASSIGNMENT (  '', '', ( #1627 ) ) ;
#703 = ORIENTED_EDGE ( 'NONE', *, *, #1352, .F. ) ;
#704 = DIRECTION ( 'NONE',  ( -1.000000000000000000, -0.0000000000000000000, 1.734723475976807341E-16 ) ) ;
#705 = EDGE_CURVE ( 'NONE', #541, #688, #1027, .T. ) ;
#706 = CARTESIAN_POINT ( 'NONE',  ( 0.7000000000000000666, 0.09999999999999982514, 0.6000000000000001998 ) ) ;
#707 = FACE_OUTER_BOUND ( 'NONE', #1047, .T. ) ;
#708 = EDGE_LOOP ( 'NONE', ( #374, #794, #408, #724 ) ) ;
#709 = ORIENTED_EDGE ( 'NONE', *, *, #725, .T. ) ;
#710 = DIRECTION ( 'NONE',  ( 0.0000000000000000000, 0.0000000000000000000, -1.000000000000000000 ) ) ;
#711 = EDGE_LOOP ( 'NONE', ( #1670, #339, #1385, #1979 ) ) ;
#712 = FACE_OUTER_BOUND ( 'NONE', #550, .T. ) ;
#713 = VECTOR ( 'NONE', #1436, 1000.000000000000000 ) ;
#714 = CYLINDRICAL_SURFACE ( 'NONE', #1185, 0.1000000000000000472 ) ;
#715 = ORIENTED_EDGE ( 'NONE', *, *, #1360, .T. ) ;
#716 = DIRECTION ( 'NONE',  ( 0.0000000000000000000, 0.0000000000000000000, 1.000000000000000000 ) ) ;
#717 = DIRECTION ( 'NONE',  ( 0.0000000000000000000, 0.0000000000000000000, 1.000000000000000000 ) ) ;
#718 = PRESENTATION_LAYER_ASSIGNMENT (  '', '', ( #1648 ) ) ;
#719 = VERTEX_POINT ( 'NONE', #1293 ) ;
#720 = LINE ( 'NONE', #1370, #266 ) ;
#721 = DIRECTION ( 'NONE',  ( 0.0000000000000000000, 0.0000000000000000000, -1.000000000000000000 ) ) ;
#722 = EDGE_CURVE ( 'NONE', #48, #719, #1303, .T. ) ;
#723 = PRODUCT_RELATED_PRODUCT_CATEGORY ( 'part', '', ( #449 ) ) ;
#724 = ORIENTED_EDGE ( 'NONE', *, *, #837, .T. ) ;
#725 = EDGE_CURVE ( 'NONE', #132, #813, #1583, .T. ) ;
#726 = ORIENTED_EDGE ( 'NONE', *, *, #619, .F. ) ;
#727 = COLOUR_RGB ( '',0.6901960784313725394, 0.6588235294117646967, 0.6392156862745097534 ) ;
#728 = DIRECTION ( 'NONE',  ( -1.734723475976807341E-16, 0.0000000000000000000, -1.000000000000000000 ) ) ;
#729 = AXIS2_PLACEMENT_3D ( 'NONE', #224, #864, #1522 ) ;
#730 = DIRECTION ( 'NONE',  ( -1.000000000000000000, 0.0000000000000000000, 0.0000000000000000000 ) ) ;
#731 = EDGE_LOOP ( 'NONE', ( #928, #93, #1863, #164 ) ) ;
#732 = EDGE_CURVE ( 'NONE', #1001, #735, #1633, .T. ) ;
#733 = LINE ( 'NONE', #1384, #621 ) ;
#734 = ORIENTED_EDGE ( 'NONE', *, *, #299, .T. ) ;
#735 = VERTEX_POINT ( 'NONE', #1473 ) ;
#736 = FILL_AREA_STYLE_COLOUR ( '', #414 ) ;
#737 = CIRCLE ( 'NONE', #1937, 0.09999999999999999167 ) ;
#738 = FACE_OUTER_BOUND ( 'NONE', #612, .T. ) ;
#739 = AXIS2_PLACEMENT_3D ( 'NONE', #1901, #439, #1078 ) ;
#740 = TOROIDAL_SURFACE ( 'NONE', #1939, 0.07500000000000001110, 0.02500000000000000139 ) ;
#741 = CARTESIAN_POINT ( 'NONE',  ( 1.000000000000000000, 0.6999999999999999556, 0.6250000000000000000 ) ) ;
#742 = CARTESIAN_POINT ( 'NONE',  ( -0.7000000000000002887, 0.02499999999999976893, 0.5250000000000000222 ) ) ;
#743 = DIRECTION ( 'NONE',  ( 0.0000000000000000000, 1.000000000000000000, 0.0000000000000000000 ) ) ;
#744 = CARTESIAN_POINT ( 'NONE',  ( -0.9000000000000002442, 0.1000000000000000056, -0.5249999999999999112 ) ) ;
#745 = AXIS2_PLACEMENT_3D ( 'NONE', #1594, #146, #777 ) ;
#746 = SURFACE_STYLE_FILL_AREA ( #116 ) ;
#747 = EDGE_CURVE ( 'NONE', #748, #719, #30, .T. ) ;
#748 = VERTEX_POINT ( 'NONE', #1957 ) ;
#749 = AXIS2_PLACEMENT_3D ( 'NONE', #325, #955, #1621 ) ;
#750 = CARTESIAN_POINT ( 'NONE',  ( -0.9000000000000002442, 0.09999999999999982514, 0.6250000000000001110 ) ) ;
#751 = EDGE_CURVE ( 'NONE', #371, #1548, #502, .T. ) ;
#752 = EDGE_CURVE ( 'NONE', #198, #83, #350, .T. ) ;
#753 = CIRCLE ( 'NONE', #1947, 0.02499999999999995628 ) ;
#754 = EDGE_LOOP ( 'NONE', ( #897, #843, #1923, #401 ) ) ;
#755 = CARTESIAN_POINT ( 'NONE',  ( -0.7000000000000002887, 0.0000000000000000000, -0.5999999999999999778 ) ) ;
#756 = DIRECTION ( 'NONE',  ( 0.0000000000000000000, 0.0000000000000000000, -1.000000000000000000 ) ) ;
#757 = DIRECTION ( 'NONE',  ( 0.0000000000000000000, 0.0000000000000000000, 1.000000000000000000 ) ) ;
#758 = AXIS2_PLACEMENT_3D ( 'NONE', #1121, #1781, #331 ) ;
#759 = LINE ( 'NONE', #1410, #886 ) ;
#760 = ORIENTED_EDGE ( 'NONE', *, *, #1613, .T. ) ;
#761 = VECTOR ( 'NONE', #1497, 1000.000000000000000 ) ;
#762 = FILL_AREA_STYLE ('',( #131 ) ) ;
#763 = VERTEX_POINT ( 'NONE', #194 ) ;
#764 = AXIS2_PLACEMENT_3D ( 'NONE', #868, #1527, #73 ) ;
#765 = SURFACE_STYLE_USAGE ( .BOTH. , #135 ) ;
#766 = DIRECTION ( 'NONE',  ( 0.0000000000000000000, 1.000000000000000000, 0.0000000000000000000 ) ) ;
#767 = EDGE_CURVE ( 'NONE', #859, #60, #1132, .T. ) ;
#768 = MECHANICAL_DESIGN_GEOMETRIC_PRESENTATION_REPRESENTATION (  '', ( #501 ), #1310 ) ;
#769 = LINE ( 'NONE', #1419, #1476 ) ;
#770 = LINE ( 'NONE', #1421, #107 ) ;
#771 = EDGE_CURVE ( 'NONE', #970, #16, #1406, .T. ) ;
#772 = DIRECTION ( 'NONE',  ( 0.0000000000000000000, 0.0000000000000000000, -1.000000000000000000 ) ) ;
#773 = ORIENTED_EDGE ( 'NONE', *, *, #104, .F. ) ;
#774 = DIRECTION ( 'NONE',  ( 0.0000000000000000000, 0.0000000000000000000, -1.000000000000000000 ) ) ;
#775 =( NAMED_UNIT ( * ) SI_UNIT ( $, .STERADIAN. ) SOLID_ANGLE_UNIT ( ) );
#776 = ADVANCED_FACE ( 'NONE', ( #513 ), #1152, .F. ) ;
#777 = DIRECTION ( 'NONE',  ( 0.0000000000000000000, 0.0000000000000000000, 1.000000000000000000 ) ) ;
#778 = CARTESIAN_POINT ( 'NONE',  ( 0.8999999999999998002, 0.6999999999999999556, -0.5249999999999999112 ) ) ;
#779 =( LENGTH_UNIT ( ) NAMED_UNIT ( * ) SI_UNIT ( .MILLI., .METRE. ) );
#780 = LINE ( 'NONE', #1429, #1287 ) ;
#781 = CARTESIAN_POINT ( 'NONE',  ( 0.9999999999999997780, 3.158495283014150612, -0.6249999999999998890 ) ) ;
#782 = EDGE_LOOP ( 'NONE', ( #1014, #540, #2034, #1323 ) ) ;
#783 = UNCERTAINTY_MEASURE_WITH_UNIT (LENGTH_MEASURE( 1.000000000000000082E-05 ), #1084, 'distance_accuracy_value', 'NONE');
#784 = CARTESIAN_POINT ( 'NONE',  ( 0.7250000000000000888, 0.8000000000000000444, 0.5249999999999999112 ) ) ;
#785 = CARTESIAN_POINT ( 'NONE',  ( -0.7250000000000003109, 3.158495283014150612, 0.6250000000000001110 ) ) ;
#786 = CARTESIAN_POINT ( 'NONE',  ( 0.7249999999999999778, 0.09999999999999982514, 0.5250000000000000222 ) ) ;
#787 = DIRECTION ( 'NONE',  ( 0.0000000000000000000, -1.000000000000000000, 0.0000000000000000000 ) ) ;
#788 = CARTESIAN_POINT ( 'NONE',  ( 0.0000000000000000000, 0.0000000000000000000, 0.0000000000000000000 ) ) ;
#789 = SURFACE_STYLE_USAGE ( .BOTH. , #159 ) ;
#790 = AXIS2_PLACEMENT_3D ( 'NONE', #941, #1602, #153 ) ;
#791 = FACE_OUTER_BOUND ( 'NONE', #1829, .T. ) ;
#792 = CYLINDRICAL_SURFACE ( 'NONE', #800, 0.02499999999999995628 ) ;
#793 = SURFACE_SIDE_STYLE ('',( #163 ) ) ;
#794 = ORIENTED_EDGE ( 'NONE', *, *, #33, .T. ) ;
#795 = DIRECTION ( 'NONE',  ( 0.0000000000000000000, 0.0000000000000000000, 1.000000000000000000 ) ) ;
#796 = CARTESIAN_POINT ( 'NONE',  ( 2.115097169808490829, 0.02500000000000000139, -0.5249999999999999112 ) ) ;
#797 = CARTESIAN_POINT ( 'NONE',  ( 0.6999999999999998446, 0.0000000000000000000, -0.5999999999999999778 ) ) ;
#798 = CARTESIAN_POINT ( 'NONE',  ( -0.7250000000000003109, 0.09999999999999982514, -0.5999999999999998668 ) ) ;
#799 = DIRECTION ( 'NONE',  ( -0.0000000000000000000, 1.000000000000000000, -0.0000000000000000000 ) ) ;
#800 = AXIS2_PLACEMENT_3D ( 'NONE', #484, #1127, #1788 ) ;
#801 =( NAMED_UNIT ( * ) PLANE_ANGLE_UNIT ( ) SI_UNIT ( $, .RADIAN. ) );
#802 = AXIS2_PLACEMENT_3D ( 'NONE', #1550, #97, #728 ) ;
#803 = EDGE_LOOP ( 'NONE', ( #1971, #518, #1228, #1839 ) ) ;
#804 = DIRECTION ( 'NONE',  ( 1.000000000000000000, 0.0000000000000000000, 0.0000000000000000000 ) ) ;
#805 = DIRECTION ( 'NONE',  ( -1.734723475976807341E-16, 0.0000000000000000000, -1.000000000000000000 ) ) ;
#806 = CARTESIAN_POINT ( 'NONE',  ( -1.000000000000000222, 0.6999999999999999556, 0.5250000000000000222 ) ) ;
#807 =( LENGTH_UNIT ( ) NAMED_UNIT ( * ) SI_UNIT ( .MILLI., .METRE. ) );
#808 = SURFACE_STYLE_USAGE ( .BOTH. , #179 ) ;
#809 = SPHERICAL_SURFACE ( 'NONE', #1603, 0.1000000000000000056 ) ;
#810 = PLANE ( 'NONE',  #1058 ) ;
#811 = AXIS2_PLACEMENT_3D ( 'NONE', #1789, #338, #969 ) ;
#812 = FILL_AREA_STYLE_COLOUR ( '', #1995 ) ;
#813 = VERTEX_POINT ( 'NONE', #1654 ) ;
#814 =( NAMED_UNIT ( * ) PLANE_ANGLE_UNIT ( ) SI_UNIT ( $, .RADIAN. ) );
#815 = COLOUR_RGB ( '',0.0000000000000000000, 0.0000000000000000000, 0.03921568627450980338 ) ;
#816 = DIRECTION ( 'NONE',  ( -1.000000000000000000, 0.0000000000000000000, 0.0000000000000000000 ) ) ;
#817 = PRESENTATION_LAYER_ASSIGNMENT (  '', '', ( #1740 ) ) ;
#818 = DIRECTION ( 'NONE',  ( 0.0000000000000000000, 0.0000000000000000000, -1.000000000000000000 ) ) ;
#819 = AXIS2_PLACEMENT_3D ( 'NONE', #798, #1454, #12 ) ;
#820 = EDGE_CURVE ( 'NONE', #16, #1677, #199, .T. ) ;
#821 = LINE ( 'NONE', #1478, #685 ) ;
#822 = FACE_OUTER_BOUND ( 'NONE', #919, .T. ) ;
#823 = AXIS2_PLACEMENT_3D ( 'NONE', #447, #1090, #1754 ) ;
#824 = AXIS2_PLACEMENT_3D ( 'NONE', #1531, #76, #710 ) ;
#825 = CARTESIAN_POINT ( 'NONE',  ( -1.000000000000000222, 0.09999999999999982514, 0.5250000000000000222 ) ) ;
#826 = VERTEX_POINT ( 'NONE', #50 ) ;
#827 = FILL_AREA_STYLE ('',( #193 ) ) ;
#828 = CARTESIAN_POINT ( 'NONE',  ( -0.7250000000000003109, 0.6999999999999999556, -0.5999999999999999778 ) ) ;
#829 = UNCERTAINTY_MEASURE_WITH_UNIT (LENGTH_MEASURE( 1.000000000000000082E-05 ), #98, 'distance_accuracy_value', 'NONE');
#830 = FACE_OUTER_BOUND ( 'NONE', #1217, .T. ) ;
#831 =( NAMED_UNIT ( * ) PLANE_ANGLE_UNIT ( ) SI_UNIT ( $, .RADIAN. ) );
#832 = ORIENTED_EDGE ( 'NONE', *, *, #1113, .F. ) ;
#833 = AXIS2_PLACEMENT_3D ( 'NONE', #237, #874, #1535 ) ;
#834 = AXIS2_PLACEMENT_3D ( 'NONE', #1823, #372, #1006 ) ;
#835 = ORIENTED_EDGE ( 'NONE', *, *, #1102, .F. ) ;
#836 = EDGE_CURVE ( 'NONE', #1081, #813, #1952, .T. ) ;
#837 = EDGE_CURVE ( 'NONE', #1381, #440, #521, .T. ) ;
#838 =( NAMED_UNIT ( * ) SI_UNIT ( $, .STERADIAN. ) SOLID_ANGLE_UNIT ( ) );
#839 = CARTESIAN_POINT ( 'NONE',  ( -1.000000000000000222, 0.09999999999999982514, -0.6249999999999998890 ) ) ;
#840 = EDGE_CURVE ( 'NONE', #680, #748, #1304, .T. ) ;
#841 = FILL_AREA_STYLE ('',( #203 ) ) ;
#842 = ORIENTED_EDGE ( 'NONE', *, *, #598, .F. ) ;
#843 = ORIENTED_EDGE ( 'NONE', *, *, #1491, .F. ) ;
#844 = DIRECTION ( 'NONE',  ( 1.000000000000000000, 0.0000000000000000000, -1.734723475976807341E-16 ) ) ;
#845 =( GEOMETRIC_REPRESENTATION_CONTEXT ( 3 ) GLOBAL_UNCERTAINTY_ASSIGNED_CONTEXT ( ( #1601 ) ) GLOBAL_UNIT_ASSIGNED_CONTEXT ( ( #1799, #1639, #1481 ) ) REPRESENTATION_CONTEXT ( 'NONE', 'WORKASPACE' ) );
#846 = ORIENTED_EDGE ( 'NONE', *, *, #1097, .T. ) ;
#847 = EDGE_CURVE ( 'NONE', #60, #2032, #209, .T. ) ;
#848 = SURFACE_STYLE_USAGE ( .BOTH. , #208 ) ;
#849 = CARTESIAN_POINT ( 'NONE',  ( -0.7250000000000003109, 3.158495283014150612, -0.6249999999999998890 ) ) ;
#850 =( GEOMETRIC_REPRESENTATION_CONTEXT ( 3 ) GLOBAL_UNCERTAINTY_ASSIGNED_CONTEXT ( ( #1769 ) ) GLOBAL_UNIT_ASSIGNED_CONTEXT ( ( #1841, #1685, #1530 ) ) REPRESENTATION_CONTEXT ( 'NONE', 'WORKASPACE' ) );
#851 = UNCERTAINTY_MEASURE_WITH_UNIT (LENGTH_MEASURE( 1.000000000000000082E-05 ), #433, 'distance_accuracy_value', 'NONE');
#852 =( NAMED_UNIT ( * ) SI_UNIT ( $, .STERADIAN. ) SOLID_ANGLE_UNIT ( ) );
#853 = EDGE_LOOP ( 'NONE', ( #1364, #1577, #1339, #219 ) ) ;
#854 = AXIS2_PLACEMENT_3D ( 'NONE', #903, #1562, #112 ) ;
#855 = STYLED_ITEM ( 'NONE', ( #1443 ), #1415 ) ;
#856 =( GEOMETRIC_REPRESENTATION_CONTEXT ( 3 ) GLOBAL_UNCERTAINTY_ASSIGNED_CONTEXT ( ( #53 ) ) GLOBAL_UNIT_ASSIGNED_CONTEXT ( ( #1490, #1321, #1157 ) ) REPRESENTATION_CONTEXT ( 'NONE', 'WORKASPACE' ) );
#857 = CARTESIAN_POINT ( 'NONE',  ( 0.8999999999999999112, 0.6999999999999999556, -1.561251128379126385E-16 ) ) ;
#858 = MECHANICAL_DESIGN_GEOMETRIC_PRESENTATION_REPRESENTATION (  '', ( #577 ), #1392 ) ;
#859 = VERTEX_POINT ( 'NONE', #59 ) ;
#860 = ORIENTED_EDGE ( 'NONE', *, *, #1352, .T. ) ;
#861 = ORIENTED_EDGE ( 'NONE', *, *, #923, .F. ) ;
#862 = FILL_AREA_STYLE_COLOUR ( '', #1200 ) ;
#863 = ORIENTED_EDGE ( 'NONE', *, *, #1128, .F. ) ;
#864 = DIRECTION ( 'NONE',  ( -1.000000000000000000, 0.0000000000000000000, 0.0000000000000000000 ) ) ;
#865 = VECTOR ( 'NONE', #1802, 1000.000000000000000 ) ;
#866 = PRODUCT_CONTEXT ( 'NONE', #1532, 'mechanical' ) ;
#867 = CARTESIAN_POINT ( 'NONE',  ( 0.7249999999999999778, 0.09999999999999982514, -0.5249999999999999112 ) ) ;
#868 = CARTESIAN_POINT ( 'NONE',  ( -0.7000000000000002887, 0.6999999999999999556, -0.5249999999999999112 ) ) ;
#869 = EDGE_LOOP ( 'NONE', ( #1235, #1975, #58 ) ) ;
#870 = ORIENTED_EDGE ( 'NONE', *, *, #327, .F. ) ;
#871 = AXIS2_PLACEMENT_3D ( 'NONE', #206, #844, #1502 ) ;
#872 = CYLINDRICAL_SURFACE ( 'NONE', #824, 0.09999999999999999167 ) ;
#873 = EDGE_LOOP ( 'NONE', ( #1423, #1993, #1529, #1570 ) ) ;
#874 = DIRECTION ( 'NONE',  ( 0.0000000000000000000, 0.0000000000000000000, -1.000000000000000000 ) ) ;
#875 = CARTESIAN_POINT ( 'NONE',  ( 0.9000000000000000222, 0.6999999999999999556, 0.5250000000000000222 ) ) ;
#876 = VERTEX_POINT ( 'NONE', #692 ) ;
#877 = DIRECTION ( 'NONE',  ( 0.0000000000000000000, -0.0000000000000000000, -1.000000000000000000 ) ) ;
#878 = CARTESIAN_POINT ( 'NONE',  ( -1.000000000000000222, 0.09999999999999982514, 0.6250000000000001110 ) ) ;
#879 = EDGE_CURVE ( 'NONE', #1345, #1660, #665, .T. ) ;
#880 = VERTEX_POINT ( 'NONE', #1177 ) ;
#881 = DIRECTION ( 'NONE',  ( 0.0000000000000000000, 1.807003620809173892E-16, 1.000000000000000000 ) ) ;
#882 = EDGE_CURVE ( 'NONE', #1982, #371, #929, .T. ) ;
#883 = VECTOR ( 'NONE', #594, 1000.000000000000000 ) ;
#884 = DIRECTION ( 'NONE',  ( -1.734723475976807341E-16, 0.0000000000000000000, -1.000000000000000000 ) ) ;
#885 = SURFACE_STYLE_USAGE ( .BOTH. , #248 ) ;
#886 = VECTOR ( 'NONE', #2051, 1000.000000000000000 ) ;
#887 = ADVANCED_FACE ( 'NONE', ( #1676 ), #220, .T. ) ;
#888 = CIRCLE ( 'NONE', #2066, 0.09999999999999999167 ) ;
#889 = ORIENTED_EDGE ( 'NONE', *, *, #261, .F. ) ;
#890 = VECTOR ( 'NONE', #787, 1000.000000000000000 ) ;
#891 = VECTOR ( 'NONE', #1721, 1000.000000000000000 ) ;
#892 = AXIS2_PLACEMENT_3D ( 'NONE', #1749, #300, #931 ) ;
#893 = ORIENTED_EDGE ( 'NONE', *, *, #1219, .T. ) ;
#894 = PLANE ( 'NONE',  #802 ) ;
#895 = ORIENTED_EDGE ( 'NONE', *, *, #437, .F. ) ;
#896 = DIRECTION ( 'NONE',  ( -1.000000000000000000, 0.0000000000000000000, 0.0000000000000000000 ) ) ;
#897 = ORIENTED_EDGE ( 'NONE', *, *, #1367, .T. ) ;
#898 =( GEOMETRIC_REPRESENTATION_CONTEXT ( 3 ) GLOBAL_UNCERTAINTY_ASSIGNED_CONTEXT ( ( #2073 ) ) GLOBAL_UNIT_ASSIGNED_CONTEXT ( ( #1617, #1449, #1279 ) ) REPRESENTATION_CONTEXT ( 'NONE', 'WORKASPACE' ) );
#899 = ORIENTED_EDGE ( 'NONE', *, *, #2033, .T. ) ;
#900 = CARTESIAN_POINT ( 'NONE',  ( -0.7250000000000003109, 0.09999999999999982514, 0.5250000000000000222 ) ) ;
#901 = LINE ( 'NONE', #1560, #123 ) ;
#902 = CARTESIAN_POINT ( 'NONE',  ( -0.7000000000000002887, 0.02499999999999982445, 0.5250000000000000222 ) ) ;
#903 = CARTESIAN_POINT ( 'NONE',  ( 0.7249999999999999778, 0.09999999999999982514, -0.5999999999999999778 ) ) ;
#904 = EDGE_CURVE ( 'NONE', #1510, #1001, #1849, .T. ) ;
#905 = DIRECTION ( 'NONE',  ( 0.0000000000000000000, -1.000000000000000000, 0.0000000000000000000 ) ) ;
#906 = CARTESIAN_POINT ( 'NONE',  ( -0.9000000000000002442, 0.09999999999999982514, -0.6249999999999998890 ) ) ;
#907 = EDGE_CURVE ( 'NONE', #1913, #826, #1696, .T. ) ;
#908 = CYLINDRICAL_SURFACE ( 'NONE', #623, 0.07500000000000009437 ) ;
#909 = ORIENTED_EDGE ( 'NONE', *, *, #1968, .F. ) ;
#910 = DIRECTION ( 'NONE',  ( 1.000000000000000000, 0.0000000000000000000, -1.734723475976811778E-16 ) ) ;
#911 = ORIENTED_EDGE ( 'NONE', *, *, #1521, .T. ) ;
#912 = COLOUR_RGB ( '',0.6901960784313725394, 0.6588235294117646967, 0.6392156862745097534 ) ;
#913 = AXIS2_PLACEMENT_3D ( 'NONE', #1422, #2059, #611 ) ;
#914 = DIRECTION ( 'NONE',  ( 1.000000000000000000, 0.0000000000000000000, 0.0000000000000000000 ) ) ;
#915 = DIRECTION ( 'NONE',  ( 0.0000000000000000000, -0.0000000000000000000, 1.000000000000000000 ) ) ;
#916 = DIRECTION ( 'NONE',  ( -1.734723475976807341E-16, 0.0000000000000000000, -1.000000000000000000 ) ) ;
#917 = CARTESIAN_POINT ( 'NONE',  ( 0.8999999999999998002, 0.8000000000000000444, -0.5249999999999999112 ) ) ;
#918 = ORIENTED_EDGE ( 'NONE', *, *, #1886, .T. ) ;
#919 = EDGE_LOOP ( 'NONE', ( #242, #1858, #2052, #1178 ) ) ;
#920 = VECTOR ( 'NONE', #1407, 1000.000000000000000 ) ;
#921 = FILL_AREA_STYLE ('',( #291 ) ) ;
#922 = FACE_OUTER_BOUND ( 'NONE', #1025, .T. ) ;
#923 = EDGE_CURVE ( 'NONE', #1660, #566, #476, .T. ) ;
#924 = SURFACE_STYLE_USAGE ( .BOTH. , #293 ) ;
#925 = CARTESIAN_POINT ( 'NONE',  ( -1.000000000000000222, 0.09999999999999982514, 0.6250000000000001110 ) ) ;
#926 = CARTESIAN_POINT ( 'NONE',  ( -1.000000000000000222, 3.158495283014150612, 0.6250000000000001110 ) ) ;
#927 = DIRECTION ( 'NONE',  ( 0.0000000000000000000, 1.000000000000000000, 0.0000000000000000000 ) ) ;
#928 = ORIENTED_EDGE ( 'NONE', *, *, #1097, .F. ) ;
#929 = CIRCLE ( 'NONE', #37, 0.07499999999999998335 ) ;
#930 = UNCERTAINTY_MEASURE_WITH_UNIT (LENGTH_MEASURE( 1.000000000000000082E-05 ), #1150, 'distance_accuracy_value', 'NONE');
#931 = DIRECTION ( 'NONE',  ( 0.0000000000000000000, 0.0000000000000000000, 1.000000000000000000 ) ) ;
#932 = EDGE_CURVE ( 'NONE', #571, #1336, #737, .T. ) ;
#933 =( NAMED_UNIT ( * ) PLANE_ANGLE_UNIT ( ) SI_UNIT ( $, .RADIAN. ) );
#934 =( NAMED_UNIT ( * ) SI_UNIT ( $, .STERADIAN. ) SOLID_ANGLE_UNIT ( ) );
#935 = SURFACE_SIDE_STYLE ('',( #303 ) ) ;
#936 = TOROIDAL_SURFACE ( 'NONE', #44, 0.07500000000000001110, 0.02500000000000000139 ) ;
#937 = MECHANICAL_DESIGN_GEOMETRIC_PRESENTATION_REPRESENTATION (  '', ( #674 ), #1489 ) ;
#938 = PRESENTATION_STYLE_ASSIGNMENT (( #305 ) ) ;
#939 = DIRECTION ( 'NONE',  ( 0.0000000000000000000, 0.0000000000000000000, 1.000000000000000000 ) ) ;
#940 = EDGE_LOOP ( 'NONE', ( #2019, #140, #703, #230 ) ) ;
#941 = CARTESIAN_POINT ( 'NONE',  ( 0.7249999999999999778, 0.09999999999999982514, 0.5250000000000000222 ) ) ;
#942 = DIRECTION ( 'NONE',  ( 1.000000000000000000, 0.0000000000000000000, 0.0000000000000000000 ) ) ;
#943 = DIRECTION ( 'NONE',  ( 0.0000000000000000000, 0.0000000000000000000, -1.000000000000000000 ) ) ;
#944 = DIRECTION ( 'NONE',  ( 0.0000000000000000000, 0.0000000000000000000, -1.000000000000000000 ) ) ;
#945 = FILL_AREA_STYLE ('',( #313 ) ) ;
#946 = CARTESIAN_POINT ( 'NONE',  ( -0.7250000000000003109, 3.158495283014150612, 0.6000000000000001998 ) ) ;
#947 = CARTESIAN_POINT ( 'NONE',  ( 0.7250000000000000888, 0.8000000000000000444, 0.5249999999999999112 ) ) ;
#948 = FILL_AREA_STYLE_COLOUR ( '', #815 ) ;
#949 = ORIENTED_EDGE ( 'NONE', *, *, #387, .F. ) ;
#950 = UNCERTAINTY_MEASURE_WITH_UNIT (LENGTH_MEASURE( 1.000000000000000082E-05 ), #971, 'distance_accuracy_value', 'NONE');
#951 = CIRCLE ( 'NONE', #56, 0.07500000000000009437 ) ;
#952 = CARTESIAN_POINT ( 'NONE',  ( -1.000000000000000222, 0.09999999999999982514, 0.5250000000000000222 ) ) ;
#953 = DIRECTION ( 'NONE',  ( -1.000000000000000000, 0.0000000000000000000, 0.0000000000000000000 ) ) ;
#954 = DIRECTION ( 'NONE',  ( 0.0000000000000000000, 0.0000000000000000000, 1.000000000000000000 ) ) ;
#955 = DIRECTION ( 'NONE',  ( 1.000000000000000000, -0.0000000000000000000, -0.0000000000000000000 ) ) ;
#956 =( NAMED_UNIT ( * ) SI_UNIT ( $, .STERADIAN. ) SOLID_ANGLE_UNIT ( ) );
#957 = AXIS2_PLACEMENT_3D ( 'NONE', #1073, #1739, #292 ) ;
#958 =( LENGTH_UNIT ( ) NAMED_UNIT ( * ) SI_UNIT ( .MILLI., .METRE. ) );
#959 = EDGE_CURVE ( 'NONE', #566, #1354, #1013, .T. ) ;
#960 = ORIENTED_EDGE ( 'NONE', *, *, #1377, .T. ) ;
#961 = SPHERICAL_SURFACE ( 'NONE', #10, 0.1000000000000000056 ) ;
#962 = CARTESIAN_POINT ( 'NONE',  ( 1.000000000000000000, 0.09999999999999982514, 0.5250000000000000222 ) ) ;
#963 = LINE ( 'NONE', #1628, #1578 ) ;
#964 = PRESENTATION_STYLE_ASSIGNMENT (( #333 ) ) ;
#965 = PRESENTATION_LAYER_ASSIGNMENT (  '', '', ( #1890 ) ) ;
#966 = FILL_AREA_STYLE ('',( #334 ) ) ;
#967 = DIRECTION ( 'NONE',  ( 0.0000000000000000000, 0.0000000000000000000, 1.000000000000000000 ) ) ;
#968 = DIRECTION ( 'NONE',  ( 0.0000000000000000000, 1.000000000000000000, 0.0000000000000000000 ) ) ;
#969 = DIRECTION ( 'NONE',  ( -1.000000000000000000, 0.0000000000000000000, 0.0000000000000000000 ) ) ;
#970 = VERTEX_POINT ( 'NONE', #149 ) ;
#971 =( LENGTH_UNIT ( ) NAMED_UNIT ( * ) SI_UNIT ( .MILLI., .METRE. ) );
#972 = DIRECTION ( 'NONE',  ( 0.0000000000000000000, 0.0000000000000000000, 1.000000000000000000 ) ) ;
#973 = EDGE_CURVE ( 'NONE', #763, #1833, #780, .T. ) ;
#974 = EDGE_CURVE ( 'NONE', #49, #16, #625, .T. ) ;
#975 = CYLINDRICAL_SURFACE ( 'NONE', #1197, 0.1000000000000000472 ) ;
#976 =( NAMED_UNIT ( * ) SI_UNIT ( $, .STERADIAN. ) SOLID_ANGLE_UNIT ( ) );
#977 = CARTESIAN_POINT ( 'NONE',  ( 0.9000000000000000222, 0.1000000000000000056, 0.5250000000000000222 ) ) ;
#978 = CARTESIAN_POINT ( 'NONE',  ( -0.9000000000000002442, 0.1000000000000000056, -0.5249999999999999112 ) ) ;
#979 = DIRECTION ( 'NONE',  ( 0.0000000000000000000, 0.0000000000000000000, -1.000000000000000000 ) ) ;
#980 = ORIENTED_EDGE ( 'NONE', *, *, #932, .F. ) ;
#981 = DIRECTION ( 'NONE',  ( -1.734723475976807341E-16, 0.0000000000000000000, -1.000000000000000000 ) ) ;
#982 = CARTESIAN_POINT ( 'NONE',  ( -0.7000000000000002887, 0.02500000000000000139, -0.5249999999999999112 ) ) ;
#983 = EDGE_CURVE ( 'NONE', #418, #1011, #1567, .T. ) ;
#984 = STYLED_ITEM ( 'NONE', ( #1771 ), #454 ) ;
#985 = EDGE_CURVE ( 'NONE', #627, #1652, #315, .T. ) ;
#986 = LINE ( 'NONE', #1649, #1738 ) ;
#987 = DIRECTION ( 'NONE',  ( 1.000000000000000000, 0.0000000000000000000, 0.0000000000000000000 ) ) ;
#988 = ADVANCED_FACE ( 'NONE', ( #161 ), #792, .T. ) ;
#989 =( LENGTH_UNIT ( ) NAMED_UNIT ( * ) SI_UNIT ( .MILLI., .METRE. ) );
#990 = SURFACE_STYLE_USAGE ( .BOTH. , #354 ) ;
#991 = ORIENTED_EDGE ( 'NONE', *, *, #33, .F. ) ;
#992 = EDGE_CURVE ( 'NONE', #371, #1875, #1717, .T. ) ;
#993 =( NAMED_UNIT ( * ) PLANE_ANGLE_UNIT ( ) SI_UNIT ( $, .RADIAN. ) );
#994 = DIRECTION ( 'NONE',  ( -1.000000000000000000, 0.0000000000000000000, 5.421010862427522786E-17 ) ) ;
#995 = UNCERTAINTY_MEASURE_WITH_UNIT (LENGTH_MEASURE( 1.000000000000000082E-05 ), #1725, 'distance_accuracy_value', 'NONE');
#996 = DIRECTION ( 'NONE',  ( -1.734723475976807341E-16, 0.0000000000000000000, -1.000000000000000000 ) ) ;
#997 = ADVANCED_FACE ( 'NONE', ( #181 ), #810, .F. ) ;
#998 = ORIENTED_EDGE ( 'NONE', *, *, #837, .F. ) ;
#999 = PRESENTATION_LAYER_ASSIGNMENT (  '', '', ( #1925 ) ) ;
#1000 = AXIS2_PLACEMENT_3D ( 'NONE', #70, #704, #1350 ) ;
#1001 = VERTEX_POINT ( 'NONE', #1299 ) ;
#1002 = FILL_AREA_STYLE ('',( #367 ) ) ;
#1003 = DIRECTION ( 'NONE',  ( 0.0000000000000000000, -1.000000000000000000, 0.0000000000000000000 ) ) ;
#1004 =( NAMED_UNIT ( * ) PLANE_ANGLE_UNIT ( ) SI_UNIT ( $, .RADIAN. ) );
#1005 = EDGE_LOOP ( 'NONE', ( #183, #65, #1495 ) ) ;
#1006 = DIRECTION ( 'NONE',  ( 5.421010862427517856E-17, 0.0000000000000000000, 1.000000000000000000 ) ) ;
#1007 = AXIS2_PLACEMENT_3D ( 'NONE', #926, #1587, #138 ) ;
#1008 = ORIENTED_EDGE ( 'NONE', *, *, #348, .T. ) ;
#1009 = SURFACE_SIDE_STYLE ('',( #375 ) ) ;
#1010 = ORIENTED_EDGE ( 'NONE', *, *, #615, .F. ) ;
#1011 = VERTEX_POINT ( 'NONE', #1953 ) ;
#1012 = DIRECTION ( 'NONE',  ( 0.0000000000000000000, 0.0000000000000000000, -1.000000000000000000 ) ) ;
#1013 = CIRCLE ( 'NONE', #115, 0.02499999999999995628 ) ;
#1014 = ORIENTED_EDGE ( 'NONE', *, *, #767, .T. ) ;
#1015 = VECTOR ( 'NONE', #482, 1000.000000000000000 ) ;
#1016 =( GEOMETRIC_REPRESENTATION_CONTEXT ( 3 ) GLOBAL_UNCERTAINTY_ASSIGNED_CONTEXT ( ( #1330 ) ) GLOBAL_UNIT_ASSIGNED_CONTEXT ( ( #1666, #1512, #1342 ) ) REPRESENTATION_CONTEXT ( 'NONE', 'WORKASPACE' ) );
#1017 = DIRECTION ( 'NONE',  ( 1.000000000000000000, -0.0000000000000000000, -0.0000000000000000000 ) ) ;
#1018 = AXIS2_PLACEMENT_3D ( 'NONE', #1262, #1919, #457 ) ;
#1019 = CARTESIAN_POINT ( 'NONE',  ( 0.0000000000000000000, 0.0000000000000000000, 0.0000000000000000000 ) ) ;
#1020 = AXIS2_PLACEMENT_3D ( 'NONE', #169, #799, #267 ) ;
#1021 = CARTESIAN_POINT ( 'NONE',  ( -0.7250000000000003109, 0.02500000000000000139, 0.0000000000000000000 ) ) ;
#1022 = ORIENTED_EDGE ( 'NONE', *, *, #820, .F. ) ;
#1023 = ORIENTED_EDGE ( 'NONE', *, *, #301, .T. ) ;
#1024 = VECTOR ( 'NONE', #953, 1000.000000000000000 ) ;
#1025 = EDGE_LOOP ( 'NONE', ( #1589, #68, #1684, #1061 ) ) ;
#1026 = SURFACE_SIDE_STYLE ('',( #392 ) ) ;
#1027 = CIRCLE ( 'NONE', #133, 0.1000000000000000472 ) ;
#1028 = AXIS2_PLACEMENT_3D ( 'NONE', #681, #1326, #1973 ) ;
#1029 = DIRECTION ( 'NONE',  ( -1.000000000000000000, 0.0000000000000000000, 0.0000000000000000000 ) ) ;
#1030 = ADVANCED_FACE ( 'NONE', ( #498 ), #1138, .T. ) ;
#1031 = ORIENTED_EDGE ( 'NONE', *, *, #882, .T. ) ;
#1032 = DIRECTION ( 'NONE',  ( 3.134651602192767053E-32, -1.000000000000000000, 1.807003620809173892E-16 ) ) ;
#1033 = ADVANCED_FACE ( 'NONE', ( #1638 ), #189, .T. ) ;
#1034 = CARTESIAN_POINT ( 'NONE',  ( 2.846030702774449139E-17, 0.0000000000000000000, 0.5250000000000000222 ) ) ;
#1035 = VERTEX_POINT ( 'NONE', #671 ) ;
#1036 = ADVANCED_FACE ( 'NONE', ( #1313 ), #1793, .T. ) ;
#1037 = DIRECTION ( 'NONE',  ( 1.000000000000000000, 0.0000000000000000000, -0.0000000000000000000 ) ) ;
#1038 = FILL_AREA_STYLE ('',( #405 ) ) ;
#1039 = ORIENTED_EDGE ( 'NONE', *, *, #732, .T. ) ;
#1040 = SURFACE_SIDE_STYLE ('',( #407 ) ) ;
#1041 = ORIENTED_EDGE ( 'NONE', *, *, #705, .T. ) ;
#1042 = CARTESIAN_POINT ( 'NONE',  ( -1.000000000000000222, 0.09999999999999982514, -0.6249999999999998890 ) ) ;
#1043 = SURFACE_SIDE_STYLE ('',( #411 ) ) ;
#1044 =( GEOMETRIC_REPRESENTATION_CONTEXT ( 3 ) GLOBAL_UNCERTAINTY_ASSIGNED_CONTEXT ( ( #829 ) ) GLOBAL_UNIT_ASSIGNED_CONTEXT ( ( #98, #2025, #1876 ) ) REPRESENTATION_CONTEXT ( 'NONE', 'WORKASPACE' ) );
#1045 = EDGE_CURVE ( 'NONE', #1548, #1711, #2049, .T. ) ;
#1046 =( NAMED_UNIT ( * ) SI_UNIT ( $, .STERADIAN. ) SOLID_ANGLE_UNIT ( ) );
#1047 = EDGE_LOOP ( 'NONE', ( #2054, #528, #1943 ) ) ;
#1048 = AXIS2_PLACEMENT_3D ( 'NONE', #2075, #628, #1268 ) ;
#1049 = VERTEX_POINT ( 'NONE', #1333 ) ;
#1050 = SURFACE_STYLE_USAGE ( .BOTH. , #416 ) ;
#1051 = ORIENTED_EDGE ( 'NONE', *, *, #1541, .F. ) ;
#1052 = ADVANCED_FACE ( 'NONE', ( #1980 ), #936, .T. ) ;
#1053 = CARTESIAN_POINT ( 'NONE',  ( -1.000000000000000222, 0.6999999999999999556, 0.6250000000000001110 ) ) ;
#1054 = CARTESIAN_POINT ( 'NONE',  ( -0.9000000000000002442, 0.6999999999999999556, 0.5250000000000000222 ) ) ;
#1055 = CARTESIAN_POINT ( 'NONE',  ( -1.000000000000000222, 0.09999999999999982514, -0.5249999999999999112 ) ) ;
#1056 = DIRECTION ( 'NONE',  ( -1.000000000000000000, 0.0000000000000000000, 0.0000000000000000000 ) ) ;
#1057 = CARTESIAN_POINT ( 'NONE',  ( 2.115097169808490829, 0.02500000000000000139, -0.5249999999999999112 ) ) ;
#1058 = AXIS2_PLACEMENT_3D ( 'NONE', #1467, #27, #657 ) ;
#1059 = ORIENTED_EDGE ( 'NONE', *, *, #1129, .F. ) ;
#1060 = STYLED_ITEM ( 'NONE', ( #1712 ), #1976 ) ;
#1061 = ORIENTED_EDGE ( 'NONE', *, *, #1302, .T. ) ;
#1062 = DIRECTION ( 'NONE',  ( -0.0000000000000000000, 0.0000000000000000000, 1.000000000000000000 ) ) ;
#1063 = CYLINDRICAL_SURFACE ( 'NONE', #2068, 0.1000000000000000472 ) ;
#1064 = PLANE ( 'NONE',  #1117 ) ;
#1065 = DIRECTION ( 'NONE',  ( 0.0000000000000000000, 0.0000000000000000000, -1.000000000000000000 ) ) ;
#1066 = CARTESIAN_POINT ( 'NONE',  ( -1.000000000000000222, 0.09999999999999982514, -0.6249999999999998890 ) ) ;
#1067 = EDGE_LOOP ( 'NONE', ( #860, #386, #1883, #1161 ) ) ;
#1068 = EDGE_CURVE ( 'NONE', #880, #376, #527, .T. ) ;
#1069 = EDGE_LOOP ( 'NONE', ( #1566, #1667, #5, #255 ) ) ;
#1070 = UNCERTAINTY_MEASURE_WITH_UNIT (LENGTH_MEASURE( 1.000000000000000082E-05 ), #326, 'distance_accuracy_value', 'NONE');
#1071 = FACE_OUTER_BOUND ( 'NONE', #690, .T. ) ;
#1072 = STYLED_ITEM ( 'NONE', ( #1955 ), #398 ) ;
#1073 = CARTESIAN_POINT ( 'NONE',  ( 0.8999999999999998002, 0.09999999999999982514, -0.5249999999999999112 ) ) ;
#1074 = FILL_AREA_STYLE ('',( #436 ) ) ;
#1075 =( GEOMETRIC_REPRESENTATION_CONTEXT ( 3 ) GLOBAL_UNCERTAINTY_ASSIGNED_CONTEXT ( ( #465 ) ) GLOBAL_UNIT_ASSIGNED_CONTEXT ( ( #1373, #1214, #1046 ) ) REPRESENTATION_CONTEXT ( 'NONE', 'WORKASPACE' ) );
#1076 = PRESENTATION_LAYER_ASSIGNMENT (  '', '', ( #1999 ) ) ;
#1077 = DIRECTION ( 'NONE',  ( -1.000000000000000000, 0.0000000000000000000, 5.421010862427522786E-17 ) ) ;
#1078 = DIRECTION ( 'NONE',  ( 0.0000000000000000000, 0.0000000000000000000, 1.000000000000000000 ) ) ;
#1079 =( GEOMETRIC_REPRESENTATION_CONTEXT ( 3 ) GLOBAL_UNCERTAINTY_ASSIGNED_CONTEXT ( ( #783 ) ) GLOBAL_UNIT_ASSIGNED_CONTEXT ( ( #1084, #933, #775 ) ) REPRESENTATION_CONTEXT ( 'NONE', 'WORKASPACE' ) );
#1080 = CARTESIAN_POINT ( 'NONE',  ( 0.6999999999999998446, 0.09999999999999982514, -0.5249999999999999112 ) ) ;
#1081 = VERTEX_POINT ( 'NONE', #1996 ) ;
#1082 = STYLED_ITEM ( 'NONE', ( #964 ), #670 ) ;
#1083 = CYLINDRICAL_SURFACE ( 'NONE', #892, 0.09999999999999999167 ) ;
#1084 =( LENGTH_UNIT ( ) NAMED_UNIT ( * ) SI_UNIT ( .MILLI., .METRE. ) );
#1085 = CIRCLE ( 'NONE', #574, 0.02499999999999995628 ) ;
#1086 = VECTOR ( 'NONE', #1539, 1000.000000000000000 ) ;
#1087 =( NAMED_UNIT ( * ) PLANE_ANGLE_UNIT ( ) SI_UNIT ( $, .RADIAN. ) );
#1088 = FILL_AREA_STYLE_COLOUR ( '', #329 ) ;
#1089 =( NAMED_UNIT ( * ) SI_UNIT ( $, .STERADIAN. ) SOLID_ANGLE_UNIT ( ) );
#1090 = DIRECTION ( 'NONE',  ( -0.0000000000000000000, -0.0000000000000000000, 1.000000000000000000 ) ) ;
#1091 = SURFACE_STYLE_FILL_AREA ( #448 ) ;
#1092 = DIRECTION ( 'NONE',  ( 0.0000000000000000000, 0.0000000000000000000, 1.000000000000000000 ) ) ;
#1093 = EDGE_LOOP ( 'NONE', ( #960, #2021, #895, #308 ) ) ;
#1094 = UNCERTAINTY_MEASURE_WITH_UNIT (LENGTH_MEASURE( 1.000000000000000082E-05 ), #989, 'distance_accuracy_value', 'NONE');
#1095 = CARTESIAN_POINT ( 'NONE',  ( 0.9000000000000000222, 0.6999999999999999556, 0.5250000000000000222 ) ) ;
#1096 = CARTESIAN_POINT ( 'NONE',  ( -0.7000000000000002887, 0.02500000000000000139, -0.5249999999999999112 ) ) ;
#1097 = EDGE_CURVE ( 'NONE', #1652, #876, #547, .T. ) ;
#1098 = PRODUCT_DEFINITION ( 'UNKNOWN', '', #1291, #524 ) ;
#1099 = VECTOR ( 'NONE', #1037, 1000.000000000000000 ) ;
#1100 = AXIS2_PLACEMENT_3D ( 'NONE', #857, #1511, #62 ) ;
#1101 = CARTESIAN_POINT ( 'NONE',  ( 0.6999999999999998446, 0.02499999999999982445, -0.5249999999999999112 ) ) ;
#1102 = EDGE_CURVE ( 'NONE', #646, #1913, #1487, .T. ) ;
#1103 = FACE_OUTER_BOUND ( 'NONE', #782, .T. ) ;
#1104 = DIRECTION ( 'NONE',  ( 0.0000000000000000000, 0.0000000000000000000, -1.000000000000000000 ) ) ;
#1105 = CARTESIAN_POINT ( 'NONE',  ( 0.7000000000000000666, 0.6999999999999999556, 0.6000000000000000888 ) ) ;
#1106 = ORIENTED_EDGE ( 'NONE', *, *, #441, .F. ) ;
#1107 = CARTESIAN_POINT ( 'NONE',  ( -1.000000000000000222, 3.158495283014150612, -0.6249999999999998890 ) ) ;
#1108 = SURFACE_STYLE_USAGE ( .BOTH. , #467 ) ;
#1109 = COLOUR_RGB ( '',0.6901960784313725394, 0.6588235294117646967, 0.6392156862745097534 ) ;
#1110 = DIRECTION ( 'NONE',  ( 0.0000000000000000000, 0.0000000000000000000, 1.000000000000000000 ) ) ;
#1111 = CARTESIAN_POINT ( 'NONE',  ( 0.7249999999999998668, 0.8000000000000000444, -0.5249999999999999112 ) ) ;
#1112 = DIRECTION ( 'NONE',  ( -1.000000000000000000, 0.0000000000000000000, 0.0000000000000000000 ) ) ;
#1113 = EDGE_CURVE ( 'NONE', #1913, #1579, #1760, .T. ) ;
#1114 =( NAMED_UNIT ( * ) PLANE_ANGLE_UNIT ( ) SI_UNIT ( $, .RADIAN. ) );
#1115 = PRESENTATION_STYLE_ASSIGNMENT (( #473 ) ) ;
#1116 = VECTOR ( 'NONE', #1032, 1000.000000000000000 ) ;
#1117 = AXIS2_PLACEMENT_3D ( 'NONE', #1728, #280, #915 ) ;
#1118 = MECHANICAL_DESIGN_GEOMETRIC_PRESENTATION_REPRESENTATION (  '', ( #855 ), #1675 ) ;
#1119 = VERTEX_POINT ( 'NONE', #81 ) ;
#1120 = COLOUR_RGB ( '',0.7921568627450980005, 0.8196078431372548767, 0.9333333333333333481 ) ;
#1121 = CARTESIAN_POINT ( 'NONE',  ( 0.7000000000000000666, 0.6999999999999999556, -0.5249999999999999112 ) ) ;
#1122 = CARTESIAN_POINT ( 'NONE',  ( -1.000000000000000222, 3.158495283014150612, -0.6249999999999998890 ) ) ;
#1123 = AXIS2_PLACEMENT_3D ( 'NONE', #788, #1442, #1 ) ;
#1124 = SURFACE_STYLE_FILL_AREA ( #481 ) ;
#1125 = ADVANCED_FACE ( 'NONE', ( #712 ), #1361, .T. ) ;
#1126 = FACE_OUTER_BOUND ( 'NONE', #691, .T. ) ;
#1127 = DIRECTION ( 'NONE',  ( -1.734723475976807341E-16, 0.0000000000000000000, -1.000000000000000000 ) ) ;
#1128 = EDGE_CURVE ( 'NONE', #1981, #283, #1854, .T. ) ;
#1129 = EDGE_CURVE ( 'NONE', #876, #265, #1699, .T. ) ;
#1130 = DIRECTION ( 'NONE',  ( 0.0000000000000000000, 0.0000000000000000000, -1.000000000000000000 ) ) ;
#1131 = ORIENTED_EDGE ( 'NONE', *, *, #879, .T. ) ;
#1132 = CIRCLE ( 'NONE', #227, 0.02499999999999995628 ) ;
#1133 = PRESENTATION_STYLE_ASSIGNMENT (( #489 ) ) ;
#1134 = DIRECTION ( 'NONE',  ( 0.0000000000000000000, 0.0000000000000000000, 1.000000000000000000 ) ) ;
#1135 = DIRECTION ( 'NONE',  ( -0.0000000000000000000, 1.000000000000000000, -0.0000000000000000000 ) ) ;
#1136 = AXIS2_PLACEMENT_3D ( 'NONE', #1962, #55, #689 ) ;
#1137 =( NAMED_UNIT ( * ) PLANE_ANGLE_UNIT ( ) SI_UNIT ( $, .RADIAN. ) );
#1138 = CYLINDRICAL_SURFACE ( 'NONE', #424, 0.09999999999999999167 ) ;
#1139 = ORIENTED_EDGE ( 'NONE', *, *, #1708, .T. ) ;
#1140 = CARTESIAN_POINT ( 'NONE',  ( 0.7000000000000000666, 0.0000000000000000000, 0.6000000000000000888 ) ) ;
#1141 = EDGE_CURVE ( 'NONE', #541, #1347, #460, .T. ) ;
#1142 = SURFACE_STYLE_USAGE ( .BOTH. , #503 ) ;
#1143 = LINE ( 'NONE', #1805, #546 ) ;
#1144 = DIRECTION ( 'NONE',  ( -1.000000000000000000, 0.0000000000000000000, 0.0000000000000000000 ) ) ;
#1145 = PRESENTATION_STYLE_ASSIGNMENT (( #506 ) ) ;
#1146 = FILL_AREA_STYLE ('',( #507 ) ) ;
#1147 = DIRECTION ( 'NONE',  ( 0.0000000000000000000, 1.000000000000000000, -1.807003620809173892E-16 ) ) ;
#1148 = VERTEX_POINT ( 'NONE', #1372 ) ;
#1149 = ADVANCED_FACE ( 'NONE', ( #2018 ), #156, .T. ) ;
#1150 =( LENGTH_UNIT ( ) NAMED_UNIT ( * ) SI_UNIT ( .MILLI., .METRE. ) );
#1151 = VECTOR ( 'NONE', #435, 1000.000000000000000 ) ;
#1152 = PLANE ( 'NONE',  #1687 ) ;
#1153 = MANIFOLD_SOLID_BREP ( 'SMD0805', #1256 ) ;
#1154 = CIRCLE ( 'NONE', #2065, 0.1000000000000000472 ) ;
#1155 = VECTOR ( 'NONE', #1233, 1000.000000000000000 ) ;
#1156 = VECTOR ( 'NONE', #632, 1000.000000000000000 ) ;
#1157 =( NAMED_UNIT ( * ) SI_UNIT ( $, .STERADIAN. ) SOLID_ANGLE_UNIT ( ) );
#1158 = STYLED_ITEM ( 'NONE', ( #591 ), #1593 ) ;
#1159 =( NAMED_UNIT ( * ) SI_UNIT ( $, .STERADIAN. ) SOLID_ANGLE_UNIT ( ) );
#1160 = VECTOR ( 'NONE', #614, 1000.000000000000000 ) ;
#1161 = ORIENTED_EDGE ( 'NONE', *, *, #1213, .T. ) ;
#1162 = ORIENTED_EDGE ( 'NONE', *, *, #553, .F. ) ;
#1163 = FACE_OUTER_BOUND ( 'NONE', #1779, .T. ) ;
#1164 = CARTESIAN_POINT ( 'NONE',  ( -0.9000000000000002442, 0.0000000000000000000, 0.0000000000000000000 ) ) ;
#1165 = UNCERTAINTY_MEASURE_WITH_UNIT (LENGTH_MEASURE( 1.000000000000000082E-05 ), #1646, 'distance_accuracy_value', 'NONE');
#1166 =( LENGTH_UNIT ( ) NAMED_UNIT ( * ) SI_UNIT ( .MILLI., .METRE. ) );
#1167 = EDGE_LOOP ( 'NONE', ( #1139, #119, #215 ) ) ;
#1168 = FACE_OUTER_BOUND ( 'NONE', #191, .T. ) ;
#1169 = SURFACE_STYLE_USAGE ( .BOTH. , #525 ) ;
#1170 = ORIENTED_EDGE ( 'NONE', *, *, #2076, .T. ) ;
#1171 = FILL_AREA_STYLE_COLOUR ( '', #235 ) ;
#1172 = ORIENTED_EDGE ( 'NONE', *, *, #2056, .F. ) ;
#1173 = AXIS2_PLACEMENT_3D ( 'NONE', #245, #881, #1542 ) ;
#1174 = ORIENTED_EDGE ( 'NONE', *, *, #1451, .T. ) ;
#1175 = COLOUR_RGB ( '',0.6901960784313725394, 0.6588235294117646967, 0.6392156862745097534 ) ;
#1176 =( NAMED_UNIT ( * ) PLANE_ANGLE_UNIT ( ) SI_UNIT ( $, .RADIAN. ) );
#1177 = CARTESIAN_POINT ( 'NONE',  ( 0.7000000000000000666, 0.09999999999999982514, 0.6000000000000001998 ) ) ;
#1178 = ORIENTED_EDGE ( 'NONE', *, *, #144, .F. ) ;
#1179 = DIRECTION ( 'NONE',  ( -1.000000000000000000, -0.0000000000000000000, 0.0000000000000000000 ) ) ;
#1180 =( GEOMETRIC_REPRESENTATION_CONTEXT ( 3 ) GLOBAL_UNCERTAINTY_ASSIGNED_CONTEXT ( ( #613 ) ) GLOBAL_UNIT_ASSIGNED_CONTEXT ( ( #779, #624, #459 ) ) REPRESENTATION_CONTEXT ( 'NONE', 'WORKASPACE' ) );
#1181 = ORIENTED_EDGE ( 'NONE', *, *, #327, .T. ) ;
#1182 = ORIENTED_EDGE ( 'NONE', *, *, #847, .T. ) ;
#1183 = ORIENTED_EDGE ( 'NONE', *, *, #752, .T. ) ;
#1184 =( GEOMETRIC_REPRESENTATION_CONTEXT ( 3 ) GLOBAL_UNCERTAINTY_ASSIGNED_CONTEXT ( ( #309 ) ) GLOBAL_UNIT_ASSIGNED_CONTEXT ( ( #1933, #1778, #1622 ) ) REPRESENTATION_CONTEXT ( 'NONE', 'WORKASPACE' ) );
#1185 = AXIS2_PLACEMENT_3D ( 'NONE', #1362, #2012, #562 ) ;
#1186 = PRESENTATION_LAYER_ASSIGNMENT (  '', '', ( #21 ) ) ;
#1187 = AXIS2_PLACEMENT_3D ( 'NONE', #1912, #450, #1092 ) ;
#1188 = ORIENTED_EDGE ( 'NONE', *, *, #1129, .T. ) ;
#1189 =( GEOMETRIC_REPRESENTATION_CONTEXT ( 3 ) GLOBAL_UNCERTAINTY_ASSIGNED_CONTEXT ( ( #950 ) ) GLOBAL_UNIT_ASSIGNED_CONTEXT ( ( #971, #814, #661 ) ) REPRESENTATION_CONTEXT ( 'NONE', 'WORKASPACE' ) );
#1190 = FILL_AREA_STYLE_COLOUR ( '', #100 ) ;
#1191 = CARTESIAN_POINT ( 'NONE',  ( 1.000000000000000000, 0.8000000000000000444, 0.5249999999999999112 ) ) ;
#1192 = VECTOR ( 'NONE', #1586, 1000.000000000000000 ) ;
#1193 = CARTESIAN_POINT ( 'NONE',  ( -0.9000000000000002442, 0.6999999999999999556, 0.5250000000000000222 ) ) ;
#1194 = EDGE_LOOP ( 'NONE', ( #96, #1868, #2060, #1842 ) ) ;
#1195 = ADVANCED_FACE ( 'NONE', ( #569 ), #1899, .T. ) ;
#1196 = DIRECTION ( 'NONE',  ( 0.0000000000000000000, 0.0000000000000000000, -1.000000000000000000 ) ) ;
#1197 = AXIS2_PLACEMENT_3D ( 'NONE', #1634, #185, #818 ) ;
#1198 = DIRECTION ( 'NONE',  ( 0.0000000000000000000, -1.000000000000000000, 0.0000000000000000000 ) ) ;
#1199 = VERTEX_POINT ( 'NONE', #1426 ) ;
#1200 = COLOUR_RGB ( '',0.6901960784313725394, 0.6588235294117646967, 0.6392156862745097534 ) ;
#1201 = DIRECTION ( 'NONE',  ( 0.0000000000000000000, 0.0000000000000000000, -1.000000000000000000 ) ) ;
#1202 = FACE_OUTER_BOUND ( 'NONE', #509, .T. ) ;
#1203 = ORIENTED_EDGE ( 'NONE', *, *, #387, .T. ) ;
#1204 = ADVANCED_FACE ( 'NONE', ( #2064 ), #620, .T. ) ;
#1205 = VECTOR ( 'NONE', #1353, 1000.000000000000000 ) ;
#1206 = CARTESIAN_POINT ( 'NONE',  ( -0.7250000000000003109, 0.02499999999999982445, 0.5250000000000000222 ) ) ;
#1207 = FILL_AREA_STYLE_COLOUR ( '', #446 ) ;
#1208 = VERTEX_POINT ( 'NONE', #1101 ) ;
#1209 = DIRECTION ( 'NONE',  ( 0.0000000000000000000, 0.0000000000000000000, -1.000000000000000000 ) ) ;
#1210 = EDGE_CURVE ( 'NONE', #283, #680, #1941, .T. ) ;
#1211 = ADVANCED_FACE ( 'NONE', ( #1607 ), #158, .F. ) ;
#1212 = FILL_AREA_STYLE_COLOUR ( '', #727 ) ;
#1213 = EDGE_CURVE ( 'NONE', #262, #2005, #633, .T. ) ;
#1214 =( NAMED_UNIT ( * ) PLANE_ANGLE_UNIT ( ) SI_UNIT ( $, .RADIAN. ) );
#1215 = ORIENTED_EDGE ( 'NONE', *, *, #1252, .F. ) ;
#1216 = PRESENTATION_LAYER_ASSIGNMENT (  '', '', ( #1072 ) ) ;
#1217 = EDGE_LOOP ( 'NONE', ( #1831, #603, #406, #274 ) ) ;
#1218 = FILL_AREA_STYLE ('',( #572 ) ) ;
#1219 = EDGE_CURVE ( 'NONE', #1381, #2005, #1398, .T. ) ;
#1220 = CIRCLE ( 'NONE', #321, 0.09999999999999999167 ) ;
#1221 = EDGE_LOOP ( 'NONE', ( #1826, #1059, #29, #539 ) ) ;
#1222 = DIRECTION ( 'NONE',  ( -1.000000000000000000, 0.0000000000000000000, 0.0000000000000000000 ) ) ;
#1223 = CARTESIAN_POINT ( 'NONE',  ( 0.0000000000000000000, 0.8000000000000000444, 0.0000000000000000000 ) ) ;
#1224 = CARTESIAN_POINT ( 'NONE',  ( 0.6999999999999998446, 0.7750000000000001332, -0.5250000000000000222 ) ) ;
#1225 = VECTOR ( 'NONE', #1246, 1000.000000000000000 ) ;
#1226 = ORIENTED_EDGE ( 'NONE', *, *, #1644, .F. ) ;
#1227 =( NAMED_UNIT ( * ) SI_UNIT ( $, .STERADIAN. ) SOLID_ANGLE_UNIT ( ) );
#1228 = ORIENTED_EDGE ( 'NONE', *, *, #840, .F. ) ;
#1229 = SURFACE_STYLE_USAGE ( .BOTH. , #583 ) ;
#1230 = DIRECTION ( 'NONE',  ( 0.0000000000000000000, 0.0000000000000000000, -1.000000000000000000 ) ) ;
#1231 = CARTESIAN_POINT ( 'NONE',  ( -1.000000000000000222, 0.8000000000000000444, -0.5249999999999999112 ) ) ;
#1232 = DIRECTION ( 'NONE',  ( 0.0000000000000000000, 0.0000000000000000000, 1.000000000000000000 ) ) ;
#1233 = DIRECTION ( 'NONE',  ( 0.0000000000000000000, 0.0000000000000000000, 1.000000000000000000 ) ) ;
#1234 = DIRECTION ( 'NONE',  ( -0.0000000000000000000, 2.168404344971008079E-15, 1.000000000000000000 ) ) ;
#1235 = ORIENTED_EDGE ( 'NONE', *, *, #932, .T. ) ;
#1236 = ORIENTED_EDGE ( 'NONE', *, *, #553, .T. ) ;
#1237 = LINE ( 'NONE', #1898, #1151 ) ;
#1238 = FACE_OUTER_BOUND ( 'NONE', #731, .T. ) ;
#1239 = CARTESIAN_POINT ( 'NONE',  ( 0.7249999999999998668, 0.6999999999999999556, -0.6249999999999998890 ) ) ;
#1240 = DIRECTION ( 'NONE',  ( 0.0000000000000000000, 0.0000000000000000000, -1.000000000000000000 ) ) ;
#1241 = ORIENTED_EDGE ( 'NONE', *, *, #1733, .F. ) ;
#1242 = DIRECTION ( 'NONE',  ( -1.000000000000000000, 0.0000000000000000000, 0.0000000000000000000 ) ) ;
#1243 = PRESENTATION_STYLE_ASSIGNMENT (( #605 ) ) ;
#1244 = ORIENTED_EDGE ( 'NONE', *, *, #983, .F. ) ;
#1245 =( LENGTH_UNIT ( ) NAMED_UNIT ( * ) SI_UNIT ( .MILLI., .METRE. ) );
#1246 = DIRECTION ( 'NONE',  ( 0.0000000000000000000, -1.000000000000000000, 1.807003620809173646E-16 ) ) ;
#1247 =( NAMED_UNIT ( * ) PLANE_ANGLE_UNIT ( ) SI_UNIT ( $, .RADIAN. ) );
#1248 = EDGE_CURVE ( 'NONE', #859, #563, #1679, .T. ) ;
#1249 = CARTESIAN_POINT ( 'NONE',  ( -0.7000000000000002887, 0.02500000000000000139, 0.0000000000000000000 ) ) ;
#1250 = CYLINDRICAL_SURFACE ( 'NONE', #244, 0.02499999999999995628 ) ;
#1251 = MECHANICAL_DESIGN_GEOMETRIC_PRESENTATION_REPRESENTATION (  '', ( #984 ), #898 ) ;
#1252 = EDGE_CURVE ( 'NONE', #1677, #2005, #1944, .T. ) ;
#1253 = CARTESIAN_POINT ( 'NONE',  ( 0.7249999999999999778, 0.6999999999999999556, 0.6250000000000000000 ) ) ;
#1254 = ORIENTED_EDGE ( 'NONE', *, *, #1213, .F. ) ;
#1255 = AXIS2_PLACEMENT_3D ( 'NONE', #906, #1564, #114 ) ;
#1256 = CLOSED_SHELL ( 'NONE', ( #1861, #384, #670, #1593, #1911, #2023, #470, #1534, #398, #1195 ) ) ;
#1257 = LINE ( 'NONE', #1916, #259 ) ;
#1258 = AXIS2_PLACEMENT_3D ( 'NONE', #1551, #101, #730 ) ;
#1259 = CARTESIAN_POINT ( 'NONE',  ( 0.7249999999999999778, 3.158495283014150612, -0.5999999999999999778 ) ) ;
#1260 =( GEOMETRIC_REPRESENTATION_CONTEXT ( 3 ) GLOBAL_UNCERTAINTY_ASSIGNED_CONTEXT ( ( #851 ) ) GLOBAL_UNIT_ASSIGNED_CONTEXT ( ( #433, #287, #130 ) ) REPRESENTATION_CONTEXT ( 'NONE', 'WORKASPACE' ) );
#1261 = PRODUCT_DEFINITION_SHAPE ( 'NONE', 'NONE',  #1098 ) ;
#1262 = CARTESIAN_POINT ( 'NONE',  ( -0.9000000000000002442, 0.6999999999999999556, 0.0000000000000000000 ) ) ;
#1263 = DIRECTION ( 'NONE',  ( 1.000000000000000000, 0.0000000000000000000, 0.0000000000000000000 ) ) ;
#1264 = CARTESIAN_POINT ( 'NONE',  ( -1.000000000000000222, 3.158495283014150612, -0.5249999999999999112 ) ) ;
#1265 = LINE ( 'NONE', #1922, #1736 ) ;
#1266 = ORIENTED_EDGE ( 'NONE', *, *, #1045, .F. ) ;
#1267 = UNCERTAINTY_MEASURE_WITH_UNIT (LENGTH_MEASURE( 1.000000000000000082E-05 ), #807, 'distance_accuracy_value', 'NONE');
#1268 = DIRECTION ( 'NONE',  ( 0.0000000000000000000, 0.0000000000000000000, 1.000000000000000000 ) ) ;
#1269 = FILL_AREA_STYLE ('',( #629 ) ) ;
#1270 = DIRECTION ( 'NONE',  ( -0.0000000000000000000, 1.000000000000000000, -0.0000000000000000000 ) ) ;
#1271 = CARTESIAN_POINT ( 'NONE',  ( -0.9000000000000002442, 0.6999999999999999556, 0.5250000000000000222 ) ) ;
#1272 = STYLED_ITEM ( 'NONE', ( #236 ), #1911 ) ;
#1273 = CARTESIAN_POINT ( 'NONE',  ( -0.9000000000000002442, 3.158495283014150612, 0.6250000000000001110 ) ) ;
#1274 =( LENGTH_UNIT ( ) NAMED_UNIT ( * ) SI_UNIT ( .MILLI., .METRE. ) );
#1275 = SURFACE_STYLE_FILL_AREA ( #634 ) ;
#1276 = SURFACE_SIDE_STYLE ('',( #635 ) ) ;
#1277 = ORIENTED_EDGE ( 'NONE', *, *, #342, .T. ) ;
#1278 = CARTESIAN_POINT ( 'NONE',  ( 0.7000000000000000666, 0.7750000000000001332, 0.5249999999999999112 ) ) ;
#1279 =( NAMED_UNIT ( * ) SI_UNIT ( $, .STERADIAN. ) SOLID_ANGLE_UNIT ( ) );
#1280 = COLOUR_RGB ( '',0.6901960784313725394, 0.6588235294117646967, 0.6392156862745097534 ) ;
#1281 = DIRECTION ( 'NONE',  ( 1.000000000000000000, 0.0000000000000000000, -1.734723475976807341E-16 ) ) ;
#1282 = EDGE_CURVE ( 'NONE', #688, #748, #901, .T. ) ;
#1283 = DIRECTION ( 'NONE',  ( 1.000000000000000000, -0.0000000000000000000, -0.0000000000000000000 ) ) ;
#1284 = PLANE ( 'NONE',  #226 ) ;
#1285 = ADVANCED_FACE ( 'NONE', ( #738 ), #1393, .T. ) ;
#1286 = DIRECTION ( 'NONE',  ( 0.0000000000000000000, 0.0000000000000000000, 1.000000000000000000 ) ) ;
#1287 = VECTOR ( 'NONE', #2069, 1000.000000000000000 ) ;
#1288 = DIRECTION ( 'NONE',  ( 0.0000000000000000000, 0.0000000000000000000, 1.000000000000000000 ) ) ;
#1289 = STYLED_ITEM ( 'NONE', ( #1464 ), #1437 ) ;
#1290 = ORIENTED_EDGE ( 'NONE', *, *, #1248, .T. ) ;
#1291 = PRODUCT_DEFINITION_FORMATION_WITH_SPECIFIED_SOURCE ( 'ANY', '', #449, .NOT_KNOWN. ) ;
#1292 = SURFACE_STYLE_FILL_AREA ( #649 ) ;
#1293 = CARTESIAN_POINT ( 'NONE',  ( 0.9999999999999997780, 0.6999999999999999556, -0.5249999999999999112 ) ) ;
#1294 = CARTESIAN_POINT ( 'NONE',  ( -0.7000000000000002887, 0.6999999999999999556, 0.6000000000000000888 ) ) ;
#1295 =( LENGTH_UNIT ( ) NAMED_UNIT ( * ) SI_UNIT ( .MILLI., .METRE. ) );
#1296 = VECTOR ( 'NONE', #1283, 1000.000000000000000 ) ;
#1297 = DIRECTION ( 'NONE',  ( -1.000000000000000000, 0.0000000000000000000, 0.0000000000000000000 ) ) ;
#1298 = DIRECTION ( 'NONE',  ( 1.000000000000000000, 0.0000000000000000000, -1.734723475976807341E-16 ) ) ;
#1299 = CARTESIAN_POINT ( 'NONE',  ( 0.7000000000000000666, 0.09999999999999982514, -0.5999999999999998668 ) ) ;
#1300 = SURFACE_STYLE_USAGE ( .BOTH. , #658 ) ;
#1301 = ORIENTED_EDGE ( 'NONE', *, *, #1798, .F. ) ;
#1302 = EDGE_CURVE ( 'NONE', #571, #1049, #1885, .T. ) ;
#1303 = CIRCLE ( 'NONE', #394, 0.09999999999999999167 ) ;
#1304 = CIRCLE ( 'NONE', #395, 0.1000000000000000472 ) ;
#1305 = DIRECTION ( 'NONE',  ( -0.0000000000000000000, 1.000000000000000000, -0.0000000000000000000 ) ) ;
#1306 = FILL_AREA_STYLE ('',( #663 ) ) ;
#1307 = EDGE_CURVE ( 'NONE', #1982, #636, #656, .T. ) ;
#1308 = MECHANICAL_DESIGN_GEOMETRIC_PRESENTATION_REPRESENTATION (  '', ( #1412 ), #1855 ) ;
#1309 = LINE ( 'NONE', #1959, #288 ) ;
#1310 =( GEOMETRIC_REPRESENTATION_CONTEXT ( 3 ) GLOBAL_UNCERTAINTY_ASSIGNED_CONTEXT ( ( #1165 ) ) GLOBAL_UNIT_ASSIGNED_CONTEXT ( ( #1646, #1486, #1318 ) ) REPRESENTATION_CONTEXT ( 'NONE', 'WORKASPACE' ) );
#1311 = CARTESIAN_POINT ( 'NONE',  ( 0.7249999999999999778, 3.158495283014150612, -0.6249999999999998890 ) ) ;
#1312 = SURFACE_STYLE_FILL_AREA ( #669 ) ;
#1313 = FACE_OUTER_BOUND ( 'NONE', #1623, .T. ) ;
#1314 = EDGE_LOOP ( 'NONE', ( #218, #699, #108, #1494 ) ) ;
#1315 = PRESENTATION_STYLE_ASSIGNMENT (( #675 ) ) ;
#1316 = DIRECTION ( 'NONE',  ( 0.0000000000000000000, 1.000000000000000000, 0.0000000000000000000 ) ) ;
#1317 = UNCERTAINTY_MEASURE_WITH_UNIT (LENGTH_MEASURE( 1.000000000000000082E-05 ), #79, 'distance_accuracy_value', 'NONE');
#1318 =( NAMED_UNIT ( * ) SI_UNIT ( $, .STERADIAN. ) SOLID_ANGLE_UNIT ( ) );
#1319 = TOROIDAL_SURFACE ( 'NONE', #409, 0.07500000000000001110, 0.02500000000000000139 ) ;
#1320 = DIRECTION ( 'NONE',  ( -1.000000000000000000, 0.0000000000000000000, 0.0000000000000000000 ) ) ;
#1321 =( NAMED_UNIT ( * ) PLANE_ANGLE_UNIT ( ) SI_UNIT ( $, .RADIAN. ) );
#1322 =( NAMED_UNIT ( * ) PLANE_ANGLE_UNIT ( ) SI_UNIT ( $, .RADIAN. ) );
#1323 = ORIENTED_EDGE ( 'NONE', *, *, #1248, .F. ) ;
#1324 = ORIENTED_EDGE ( 'NONE', *, *, #1689, .T. ) ;
#1325 = CARTESIAN_POINT ( 'NONE',  ( 2.115097169808490829, 0.7750000000000001332, 0.5250000000000000222 ) ) ;
#1326 = DIRECTION ( 'NONE',  ( -1.000000000000000000, -0.0000000000000000000, 1.734723475976807341E-16 ) ) ;
#1327 = AXIS2_PLACEMENT_3D ( 'NONE', #900, #1558, #109 ) ;
#1328 = PRESENTATION_STYLE_ASSIGNMENT (( #682 ) ) ;
#1329 = EDGE_LOOP ( 'NONE', ( #909, #1008, #1447, #1705 ) ) ;
#1330 = UNCERTAINTY_MEASURE_WITH_UNIT (LENGTH_MEASURE( 1.000000000000000082E-05 ), #1666, 'distance_accuracy_value', 'NONE');
#1331 = FILL_AREA_STYLE ('',( #687 ) ) ;
#1332 = ORIENTED_EDGE ( 'NONE', *, *, #511, .F. ) ;
#1333 = CARTESIAN_POINT ( 'NONE',  ( -0.9000000000000002442, 0.8000000000000000444, 0.5250000000000000222 ) ) ;
#1334 = CIRCLE ( 'NONE', #417, 0.07500000000000009437 ) ;
#1335 = EDGE_LOOP ( 'NONE', ( #222, #1183, #582, #1970, #1324, #1990, #1471, #423 ) ) ;
#1336 = VERTEX_POINT ( 'NONE', #1572 ) ;
#1337 =( LENGTH_UNIT ( ) NAMED_UNIT ( * ) SI_UNIT ( .MILLI., .METRE. ) );
#1338 = CARTESIAN_POINT ( 'NONE',  ( -0.7250000000000003109, 0.09999999999999982514, 0.6000000000000001998 ) ) ;
#1339 = ORIENTED_EDGE ( 'NONE', *, *, #1541, .T. ) ;
#1340 = EDGE_CURVE ( 'NONE', #1035, #859, #124, .T. ) ;
#1341 = FACE_OUTER_BOUND ( 'NONE', #529, .T. ) ;
#1342 =( NAMED_UNIT ( * ) SI_UNIT ( $, .STERADIAN. ) SOLID_ANGLE_UNIT ( ) );
#1343 = EDGE_LOOP ( 'NONE', ( #365, #1819, #385, #1956 ) ) ;
#1344 = AXIS2_PLACEMENT_3D ( 'NONE', #978, #1637, #188 ) ;
#1345 = VERTEX_POINT ( 'NONE', #2046 ) ;
#1346 = MECHANICAL_DESIGN_GEOMETRIC_PRESENTATION_REPRESENTATION (  '', ( #1060 ), #1895 ) ;
#1347 = VERTEX_POINT ( 'NONE', #597 ) ;
#1348 = SURFACE_STYLE_USAGE ( .BOTH. , #701 ) ;
#1349 = ORIENTED_EDGE ( 'NONE', *, *, #1521, .F. ) ;
#1350 = DIRECTION ( 'NONE',  ( 0.0000000000000000000, 9.035018104045859108E-16, -1.000000000000000000 ) ) ;
#1351 = ADVANCED_FACE ( 'NONE', ( #1238 ), #1900, .T. ) ;
#1352 = EDGE_CURVE ( 'NONE', #2005, #1345, #295, .T. ) ;
#1353 = DIRECTION ( 'NONE',  ( -3.134651602192767053E-32, 1.000000000000000000, -1.807003620809173892E-16 ) ) ;
#1354 = VERTEX_POINT ( 'NONE', #137 ) ;
#1355 = EDGE_LOOP ( 'NONE', ( #1277, #893, #1215 ) ) ;
#1356 = CARTESIAN_POINT ( 'NONE',  ( 0.7000000000000000666, 0.02500000000000000139, -0.5249999999999999112 ) ) ;
#1357 = EDGE_LOOP ( 'NONE', ( #486, #1555, #1501, #464 ) ) ;
#1358 = CIRCLE ( 'NONE', #1641, 0.02499999999999995628 ) ;
#1359 = MECHANICAL_DESIGN_GEOMETRIC_PRESENTATION_REPRESENTATION (  '', ( #1082 ), #1909 ) ;
#1360 = EDGE_CURVE ( 'NONE', #563, #1579, #769, .T. ) ;
#1361 = CYLINDRICAL_SURFACE ( 'NONE', #200, 0.1000000000000000472 ) ;
#1362 = CARTESIAN_POINT ( 'NONE',  ( 0.0000000000000000000, 0.6999999999999999556, -0.5249999999999999112 ) ) ;
#1363 = AXIS2_PLACEMENT_3D ( 'NONE', #86, #717, #1368 ) ;
#1364 = ORIENTED_EDGE ( 'NONE', *, *, #1581, .F. ) ;
#1365 = EDGE_CURVE ( 'NONE', #566, #418, #608, .T. ) ;
#1366 = CARTESIAN_POINT ( 'NONE',  ( -0.9000000000000002442, 0.6999999999999999556, -0.5249999999999999112 ) ) ;
#1367 = EDGE_CURVE ( 'NONE', #571, #49, #1746, .T. ) ;
#1368 = DIRECTION ( 'NONE',  ( 1.000000000000000000, 0.0000000000000000000, 0.0000000000000000000 ) ) ;
#1369 = ORIENTED_EDGE ( 'NONE', *, *, #1068, .F. ) ;
#1370 = CARTESIAN_POINT ( 'NONE',  ( 0.6999999999999999556, 0.02500000000000000139, -1.214306433183764966E-16 ) ) ;
#1371 = ADVANCED_FACE ( 'NONE', ( #304 ), #147, .T. ) ;
#1372 = CARTESIAN_POINT ( 'NONE',  ( -0.7000000000000002887, 0.6999999999999999556, -0.5999999999999999778 ) ) ;
#1373 =( LENGTH_UNIT ( ) NAMED_UNIT ( * ) SI_UNIT ( .MILLI., .METRE. ) );
#1374 = ORIENTED_EDGE ( 'NONE', *, *, #23, .T. ) ;
#1375 = VECTOR ( 'NONE', #884, 1000.000000000000000 ) ;
#1376 = AXIS2_PLACEMENT_3D ( 'NONE', #535, #1179, #1832 ) ;
#1377 = EDGE_CURVE ( 'NONE', #627, #1081, #1085, .T. ) ;
#1378 = EDGE_LOOP ( 'NONE', ( #519, #1182, #659, #1722 ) ) ;
#1379 = FACE_OUTER_BOUND ( 'NONE', #1093, .T. ) ;
#1380 = CARTESIAN_POINT ( 'NONE',  ( 0.9000000000000000222, 0.0000000000000000000, 0.5250000000000000222 ) ) ;
#1381 = VERTEX_POINT ( 'NONE', #1920 ) ;
#1382 = PRESENTATION_LAYER_ASSIGNMENT (  '', '', ( #210 ) ) ;
#1383 =( NAMED_UNIT ( * ) SI_UNIT ( $, .STERADIAN. ) SOLID_ANGLE_UNIT ( ) );
#1384 = CARTESIAN_POINT ( 'NONE',  ( 2.115097169808490829, 0.02499999999999976893, 0.5250000000000000222 ) ) ;
#1385 = ORIENTED_EDGE ( 'NONE', *, *, #767, .F. ) ;
#1386 = VECTOR ( 'NONE', #877, 1000.000000000000000 ) ;
#1387 =( NAMED_UNIT ( * ) PLANE_ANGLE_UNIT ( ) SI_UNIT ( $, .RADIAN. ) );
#1388 = AXIS2_PLACEMENT_3D ( 'NONE', #1573, #125, #756 ) ;
#1389 = PRESENTATION_LAYER_ASSIGNMENT (  '', '', ( #217 ) ) ;
#1390 = ORIENTED_EDGE ( 'NONE', *, *, #1581, .T. ) ;
#1391 = FILL_AREA_STYLE ('',( #736 ) ) ;
#1392 =( GEOMETRIC_REPRESENTATION_CONTEXT ( 3 ) GLOBAL_UNCERTAINTY_ASSIGNED_CONTEXT ( ( #514 ) ) GLOBAL_UNIT_ASSIGNED_CONTEXT ( ( #1418, #1247, #1089 ) ) REPRESENTATION_CONTEXT ( 'NONE', 'WORKASPACE' ) );
#1393 = CYLINDRICAL_SURFACE ( 'NONE', #1576, 0.09999999999999999167 ) ;
#1394 = DIRECTION ( 'NONE',  ( 1.734723475976807341E-16, -0.0000000000000000000, 1.000000000000000000 ) ) ;
#1395 = FACE_OUTER_BOUND ( 'NONE', #1457, .T. ) ;
#1396 = DIRECTION ( 'NONE',  ( 0.0000000000000000000, 0.0000000000000000000, 1.000000000000000000 ) ) ;
#1397 = DIRECTION ( 'NONE',  ( 0.0000000000000000000, -0.0000000000000000000, -1.000000000000000000 ) ) ;
#1398 = CIRCLE ( 'NONE', #483, 0.1000000000000000472 ) ;
#1399 = SURFACE_SIDE_STYLE ('',( #746 ) ) ;
#1400 = TOROIDAL_SURFACE ( 'NONE', #488, 0.07500000000000001110, 0.02500000000000000139 ) ;
#1401 = ORIENTED_EDGE ( 'NONE', *, *, #1763, .F. ) ;
#1402 = LINE ( 'NONE', #2045, #883 ) ;
#1403 = ORIENTED_EDGE ( 'NONE', *, *, #836, .F. ) ;
#1404 = CIRCLE ( 'NONE', #492, 0.09999999999999999167 ) ;
#1405 =( NAMED_UNIT ( * ) SI_UNIT ( $, .STERADIAN. ) SOLID_ANGLE_UNIT ( ) );
#1406 = CIRCLE ( 'NONE', #493, 0.1000000000000000472 ) ;
#1407 = DIRECTION ( 'NONE',  ( -0.0000000000000000000, 1.000000000000000000, -0.0000000000000000000 ) ) ;
#1408 = LINE ( 'NONE', #2047, #478 ) ;
#1409 = CARTESIAN_POINT ( 'NONE',  ( 0.8999999999999998002, 0.6999999999999999556, -0.6249999999999998890 ) ) ;
#1410 = CARTESIAN_POINT ( 'NONE',  ( 2.115097169808490829, 0.6999999999999999556, -0.5999999999999999778 ) ) ;
#1411 = VERTEX_POINT ( 'NONE', #458 ) ;
#1412 = STYLED_ITEM ( 'NONE', ( #216 ), #1052 ) ;
#1413 = SURFACE_STYLE_FILL_AREA ( #762 ) ;
#1414 = ORIENTED_EDGE ( 'NONE', *, *, #672, .F. ) ;
#1415 = ADVANCED_FACE ( 'NONE', ( #1103 ), #740, .T. ) ;
#1416 = PRESENTATION_STYLE_ASSIGNMENT (( #765 ) ) ;
#1417 = DIRECTION ( 'NONE',  ( 0.0000000000000000000, -0.0000000000000000000, 1.000000000000000000 ) ) ;
#1418 =( LENGTH_UNIT ( ) NAMED_UNIT ( * ) SI_UNIT ( .MILLI., .METRE. ) );
#1419 = CARTESIAN_POINT ( 'NONE',  ( -0.7000000000000002887, 0.7750000000000001332, 0.5250000000000000222 ) ) ;
#1420 = EDGE_CURVE ( 'NONE', #541, #636, #1765, .T. ) ;
#1421 = CARTESIAN_POINT ( 'NONE',  ( 2.115097169808490829, 0.09999999999999982514, 0.6000000000000001998 ) ) ;
#1422 = CARTESIAN_POINT ( 'NONE',  ( -0.9000000000000002442, 0.09999999999999982514, 0.5250000000000000222 ) ) ;
#1423 = ORIENTED_EDGE ( 'NONE', *, *, #771, .T. ) ;
#1424 = LINE ( 'NONE', #2061, #1160 ) ;
#1425 = STYLED_ITEM ( 'NONE', ( #1115 ), #172 ) ;
#1426 = CARTESIAN_POINT ( 'NONE',  ( -0.7000000000000002887, 0.7750000000000001332, -0.5249999999999999112 ) ) ;
#1427 = STYLED_ITEM ( 'NONE', ( #1416 ), #2023 ) ;
#1428 = DIRECTION ( 'NONE',  ( 0.0000000000000000000, 1.000000000000000000, 0.0000000000000000000 ) ) ;
#1429 = CARTESIAN_POINT ( 'NONE',  ( -0.7000000000000002887, 0.09999999999999982514, 0.6000000000000001998 ) ) ;
#1430 = DIRECTION ( 'NONE',  ( -1.000000000000000000, 0.0000000000000000000, 1.734723475976807341E-16 ) ) ;
#1431 = EDGE_LOOP ( 'NONE', ( #1516, #899, #197, #1653 ) ) ;
#1432 = CIRCLE ( 'NONE', #650, 0.07499999999999998335 ) ;
#1433 = VECTOR ( 'NONE', #916, 1000.000000000000000 ) ;
#1434 = CARTESIAN_POINT ( 'NONE',  ( -0.7000000000000002887, 0.09999999999999982514, 0.6000000000000001998 ) ) ;
#1435 = AXIS2_PLACEMENT_3D ( 'NONE', #1271, #1929, #469 ) ;
#1436 = DIRECTION ( 'NONE',  ( 0.0000000000000000000, 1.000000000000000000, 0.0000000000000000000 ) ) ;
#1437 = ADVANCED_FACE ( 'NONE', ( #1126 ), #1785, .T. ) ;
#1438 = MECHANICAL_DESIGN_GEOMETRIC_PRESENTATION_REPRESENTATION (  '', ( #1158 ), #1260 ) ;
#1439 = CIRCLE ( 'NONE', #522, 0.1000000000000000472 ) ;
#1440 = DIRECTION ( 'NONE',  ( 1.000000000000000000, 0.0000000000000000000, -1.734723475976807341E-16 ) ) ;
#1441 = LINE ( 'NONE', #2078, #1156 ) ;
#1442 = DIRECTION ( 'NONE',  ( -0.0000000000000000000, 1.000000000000000000, 0.0000000000000000000 ) ) ;
#1443 = PRESENTATION_STYLE_ASSIGNMENT (( #789 ) ) ;
#1444 = FACE_OUTER_BOUND ( 'NONE', #1005, .T. ) ;
#1445 = FILL_AREA_STYLE_COLOUR ( '', #912 ) ;
#1446 = SURFACE_STYLE_USAGE ( .BOTH. , #793 ) ;
#1447 = ORIENTED_EDGE ( 'NONE', *, *, #373, .F. ) ;
#1448 = CARTESIAN_POINT ( 'NONE',  ( -0.9000000000000002442, 0.09999999999999982514, -0.5249999999999999112 ) ) ;
#1449 =( NAMED_UNIT ( * ) PLANE_ANGLE_UNIT ( ) SI_UNIT ( $, .RADIAN. ) );
#1450 = DIRECTION ( 'NONE',  ( 0.0000000000000000000, -1.000000000000000000, -2.097414917010649069E-16 ) ) ;
#1451 = EDGE_CURVE ( 'NONE', #347, #1875, #1309, .T. ) ;
#1452 =( GEOMETRIC_REPRESENTATION_CONTEXT ( 3 ) GLOBAL_UNCERTAINTY_ASSIGNED_CONTEXT ( ( #1070 ) ) GLOBAL_UNIT_ASSIGNED_CONTEXT ( ( #326, #170, #14 ) ) REPRESENTATION_CONTEXT ( 'NONE', 'WORKASPACE' ) );
#1453 = DIRECTION ( 'NONE',  ( -0.0000000000000000000, -1.000000000000000000, -0.0000000000000000000 ) ) ;
#1454 = DIRECTION ( 'NONE',  ( -0.0000000000000000000, 1.000000000000000000, 0.0000000000000000000 ) ) ;
#1455 = CIRCLE ( 'NONE', #531, 0.02499999999999995628 ) ;
#1456 = PRESENTATION_LAYER_ASSIGNMENT (  '', '', ( #270 ) ) ;
#1457 = EDGE_LOOP ( 'NONE', ( #1533, #1600, #102, #122 ) ) ;
#1458 = FACE_OUTER_BOUND ( 'NONE', #1431, .T. ) ;
#1459 = COLOUR_RGB ( '',0.6901960784313725394, 0.6588235294117646967, 0.6392156862745097534 ) ;
#1460 = CARTESIAN_POINT ( 'NONE',  ( 0.9000000000000000222, 0.1000000000000000056, 0.5250000000000000222 ) ) ;
#1461 = LINE ( 'NONE', #19, #660 ) ;
#1462 = CIRCLE ( 'NONE', #542, 0.07500000000000009437 ) ;
#1463 = EDGE_CURVE ( 'NONE', #283, #541, #1143, .T. ) ;
#1464 = PRESENTATION_STYLE_ASSIGNMENT (( #808 ) ) ;
#1465 = CARTESIAN_POINT ( 'NONE',  ( 0.8999999999999998002, 0.1000000000000000056, -0.5249999999999999112 ) ) ;
#1466 = PRESENTATION_LAYER_ASSIGNMENT (  '', '', ( #284 ) ) ;
#1467 = CARTESIAN_POINT ( 'NONE',  ( -0.7000000000000002887, 0.0000000000000000000, 0.0000000000000000000 ) ) ;
#1468 = AXIS2_PLACEMENT_3D ( 'NONE', #1757, #307, #939 ) ;
#1469 = FILL_AREA_STYLE ('',( #812 ) ) ;
#1470 = AXIS2_PLACEMENT_3D ( 'NONE', #1477, #34, #667 ) ;
#1471 = ORIENTED_EDGE ( 'NONE', *, *, #511, .T. ) ;
#1472 = AXIS2_PLACEMENT_3D ( 'NONE', #1801, #349, #981 ) ;
#1473 = CARTESIAN_POINT ( 'NONE',  ( -0.7000000000000002887, 0.09999999999999982514, -0.5999999999999998668 ) ) ;
#1474 = CIRCLE ( 'NONE', #552, 0.1000000000000000472 ) ;
#1475 = FACE_OUTER_BOUND ( 'NONE', #1695, .T. ) ;
#1476 = VECTOR ( 'NONE', #2057, 1000.000000000000000 ) ;
#1477 = CARTESIAN_POINT ( 'NONE',  ( 0.7249999999999999778, 3.158495283014150612, 0.6000000000000000888 ) ) ;
#1478 = CARTESIAN_POINT ( 'NONE',  ( 0.7000000000000000666, 0.7750000000000001332, 0.5250000000000001332 ) ) ;
#1479 = FACE_OUTER_BOUND ( 'NONE', #1552, .T. ) ;
#1480 = DIRECTION ( 'NONE',  ( 1.000000000000000000, 0.0000000000000000000, -5.421010862427522786E-17 ) ) ;
#1481 =( NAMED_UNIT ( * ) SI_UNIT ( $, .STERADIAN. ) SOLID_ANGLE_UNIT ( ) );
#1482 = ORIENTED_EDGE ( 'NONE', *, *, #1451, .F. ) ;
#1483 = PRESENTATION_LAYER_ASSIGNMENT (  '', '', ( #302 ) ) ;
#1484 = SURFACE_STYLE_FILL_AREA ( #827 ) ;
#1485 = DIRECTION ( 'NONE',  ( -0.0000000000000000000, 1.000000000000000000, 0.0000000000000000000 ) ) ;
#1486 =( NAMED_UNIT ( * ) PLANE_ANGLE_UNIT ( ) SI_UNIT ( $, .RADIAN. ) );
#1487 = CIRCLE ( 'NONE', #567, 0.1000000000000000472 ) ;
#1488 = CYLINDRICAL_SURFACE ( 'NONE', #557, 0.1000000000000000472 ) ;
#1489 =( GEOMETRIC_REPRESENTATION_CONTEXT ( 3 ) GLOBAL_UNCERTAINTY_ASSIGNED_CONTEXT ( ( #45 ) ) GLOBAL_UNIT_ASSIGNED_CONTEXT ( ( #1166, #1004, #852 ) ) REPRESENTATION_CONTEXT ( 'NONE', 'WORKASPACE' ) );
#1490 =( LENGTH_UNIT ( ) NAMED_UNIT ( * ) SI_UNIT ( .MILLI., .METRE. ) );
#1491 = EDGE_CURVE ( 'NONE', #1822, #49, #986, .T. ) ;
#1492 = ADVANCED_FACE ( 'NONE', ( #830 ), #1488, .T. ) ;
#1493 =( LENGTH_UNIT ( ) NAMED_UNIT ( * ) SI_UNIT ( .MILLI., .METRE. ) );
#1494 = ORIENTED_EDGE ( 'NONE', *, *, #610, .F. ) ;
#1495 = ORIENTED_EDGE ( 'NONE', *, *, #1714, .F. ) ;
#1496 = ADVANCED_FACE ( 'NONE', ( #232 ), #872, .T. ) ;
#1497 = DIRECTION ( 'NONE',  ( 0.0000000000000000000, -0.0000000000000000000, 1.000000000000000000 ) ) ;
#1498 = UNCERTAINTY_MEASURE_WITH_UNIT (LENGTH_MEASURE( 1.000000000000000082E-05 ), #95, 'distance_accuracy_value', 'NONE');
#1499 = SURFACE_STYLE_FILL_AREA ( #841 ) ;
#1500 = VERTEX_POINT ( 'NONE', #1356 ) ;
#1501 = ORIENTED_EDGE ( 'NONE', *, *, #1756, .T. ) ;
#1502 = DIRECTION ( 'NONE',  ( -1.734723475976807341E-16, 0.0000000000000000000, -1.000000000000000000 ) ) ;
#1503 = EDGE_LOOP ( 'NONE', ( #911, #204, #1661, #1683 ) ) ;
#1504 = ORIENTED_EDGE ( 'NONE', *, *, #186, .F. ) ;
#1505 = CIRCLE ( 'NONE', #573, 0.1000000000000000472 ) ;
#1506 = EDGE_CURVE ( 'NONE', #48, #680, #2003, .T. ) ;
#1507 = PRESENTATION_STYLE_ASSIGNMENT (( #848 ) ) ;
#1508 = DIRECTION ( 'NONE',  ( 0.0000000000000000000, -1.000000000000000000, 0.0000000000000000000 ) ) ;
#1509 = COLOUR_RGB ( '',0.0000000000000000000, 0.0000000000000000000, 0.03921568627450980338 ) ;
#1510 = VERTEX_POINT ( 'NONE', #1850 ) ;
#1511 = DIRECTION ( 'NONE',  ( 1.734723475976807341E-16, -0.0000000000000000000, 1.000000000000000000 ) ) ;
#1512 =( NAMED_UNIT ( * ) PLANE_ANGLE_UNIT ( ) SI_UNIT ( $, .RADIAN. ) );
#1513 = ORIENTED_EDGE ( 'NONE', *, *, #725, .F. ) ;
#1514 = STYLED_ITEM ( 'NONE', ( #143 ), #1750 ) ;
#1515 = ORIENTED_EDGE ( 'NONE', *, *, #904, .F. ) ;
#1516 = ORIENTED_EDGE ( 'NONE', *, *, #1613, .F. ) ;
#1517 = EDGE_CURVE ( 'NONE', #1354, #1381, #400, .T. ) ;
#1518 = FILL_AREA_STYLE ('',( #862 ) ) ;
#1519 = EDGE_CURVE ( 'NONE', #1875, #1347, #241, .T. ) ;
#1520 = ORIENTED_EDGE ( 'NONE', *, *, #388, .F. ) ;
#1521 = EDGE_CURVE ( 'NONE', #1208, #1981, #192, .T. ) ;
#1522 = DIRECTION ( 'NONE',  ( 0.0000000000000000000, 0.0000000000000000000, 1.000000000000000000 ) ) ;
#1523 = STYLED_ITEM ( 'NONE', ( #1507 ), #487 ) ;
#1524 = APPLICATION_PROTOCOL_DEFINITION ( 'draft international standard', 'automotive_design', 1998, #1635 ) ;
#1525 = DIRECTION ( 'NONE',  ( 1.000000000000000000, 0.0000000000000000000, -1.734723475976807341E-16 ) ) ;
#1526 = TOROIDAL_SURFACE ( 'NONE', #596, 0.07500000000000001110, 0.02500000000000000139 ) ;
#1527 = DIRECTION ( 'NONE',  ( -1.000000000000000000, 0.0000000000000000000, 0.0000000000000000000 ) ) ;
#1528 = ORIENTED_EDGE ( 'NONE', *, *, #1817, .T. ) ;
#1529 = ORIENTED_EDGE ( 'NONE', *, *, #24, .F. ) ;
#1530 =( NAMED_UNIT ( * ) SI_UNIT ( $, .STERADIAN. ) SOLID_ANGLE_UNIT ( ) );
#1531 = CARTESIAN_POINT ( 'NONE',  ( -1.000000000000000222, 0.09999999999999982514, 0.5250000000000000222 ) ) ;
#1532 = APPLICATION_CONTEXT ( 'automotive_design' ) ;
#1533 = ORIENTED_EDGE ( 'NONE', *, *, #261, .T. ) ;
#1534 = ADVANCED_FACE ( 'NONE', ( #2015 ), #565, .T. ) ;
#1535 = DIRECTION ( 'NONE',  ( -1.000000000000000000, 0.0000000000000000000, 0.0000000000000000000 ) ) ;
#1536 = DIRECTION ( 'NONE',  ( 0.0000000000000000000, 1.000000000000000000, 0.0000000000000000000 ) ) ;
#1537 = VERTEX_POINT ( 'NONE', #105 ) ;
#1538 = CARTESIAN_POINT ( 'NONE',  ( -0.7000000000000002887, 0.09999999999999982514, 0.5250000000000000222 ) ) ;
#1539 = DIRECTION ( 'NONE',  ( 1.000000000000000000, 0.0000000000000000000, -5.421010862427522786E-17 ) ) ;
#1540 = ORIENTED_EDGE ( 'NONE', *, *, #904, .T. ) ;
#1541 = EDGE_CURVE ( 'NONE', #558, #83, #733, .T. ) ;
#1542 = DIRECTION ( 'NONE',  ( 0.0000000000000000000, -1.000000000000000000, 1.807003620809173892E-16 ) ) ;
#1543 = CIRCLE ( 'NONE', #616, 0.1000000000000000472 ) ;
#1544 = AXIS2_PLACEMENT_3D ( 'NONE', #1223, #1878, #420 ) ;
#1545 = CARTESIAN_POINT ( 'NONE',  ( 0.9000000000000000222, 0.09999999999999982514, 0.5250000000000000222 ) ) ;
#1546 = VECTOR ( 'NONE', #1394, 1000.000000000000000 ) ;
#1547 = PRESENTATION_STYLE_ASSIGNMENT (( #885 ) ) ;
#1548 = VERTEX_POINT ( 'NONE', #578 ) ;
#1549 = VERTEX_POINT ( 'NONE', #1224 ) ;
#1550 = CARTESIAN_POINT ( 'NONE',  ( 0.6999999999999999556, 0.0000000000000000000, -1.214306433183764966E-16 ) ) ;
#1551 = CARTESIAN_POINT ( 'NONE',  ( -0.7250000000000003109, 0.7750000000000001332, 0.0000000000000000000 ) ) ;
#1552 = EDGE_LOOP ( 'NONE', ( #1724, #998, #366, #1022 ) ) ;
#1553 = MECHANICAL_DESIGN_GEOMETRIC_PRESENTATION_REPRESENTATION (  '', ( #1272 ), #7 ) ;
#1554 = DIRECTION ( 'NONE',  ( 0.0000000000000000000, 0.0000000000000000000, 1.000000000000000000 ) ) ;
#1555 = ORIENTED_EDGE ( 'NONE', *, *, #1068, .T. ) ;
#1556 =( LENGTH_UNIT ( ) NAMED_UNIT ( * ) SI_UNIT ( .MILLI., .METRE. ) );
#1557 = ORIENTED_EDGE ( 'NONE', *, *, #1886, .F. ) ;
#1558 = DIRECTION ( 'NONE',  ( -1.000000000000000000, 0.0000000000000000000, 0.0000000000000000000 ) ) ;
#1559 = PRESENTATION_LAYER_ASSIGNMENT (  '', '', ( #377 ) ) ;
#1560 = CARTESIAN_POINT ( 'NONE',  ( 0.9999999999999997780, 0.09999999999999982514, -0.6249999999999998890 ) ) ;
#1561 = CARTESIAN_POINT ( 'NONE',  ( -0.9000000000000002442, 0.8000000000000000444, -0.5249999999999999112 ) ) ;
#1562 = DIRECTION ( 'NONE',  ( 0.0000000000000000000, 1.000000000000000000, 0.0000000000000000000 ) ) ;
#1563 = DIRECTION ( 'NONE',  ( 0.0000000000000000000, 0.0000000000000000000, -1.000000000000000000 ) ) ;
#1564 = DIRECTION ( 'NONE',  ( 0.0000000000000000000, -0.0000000000000000000, 1.000000000000000000 ) ) ;
#1565 = FILL_AREA_STYLE_COLOUR ( '', #2072 ) ;
#1566 = ORIENTED_EDGE ( 'NONE', *, *, #1519, .F. ) ;
#1567 = CIRCLE ( 'NONE', #648, 0.02499999999999995628 ) ;
#1568 = CARTESIAN_POINT ( 'NONE',  ( 0.7249999999999999778, 0.0000000000000000000, -0.5249999999999999112 ) ) ;
#1569 = MECHANICAL_DESIGN_GEOMETRIC_PRESENTATION_REPRESENTATION (  '', ( #1289 ), #25 ) ;
#1570 = ORIENTED_EDGE ( 'NONE', *, *, #2009, .F. ) ;
#1571 =( NAMED_UNIT ( * ) PLANE_ANGLE_UNIT ( ) SI_UNIT ( $, .RADIAN. ) );
#1572 = CARTESIAN_POINT ( 'NONE',  ( -0.9000000000000002442, 0.6999999999999999556, -0.6249999999999998890 ) ) ;
#1573 = CARTESIAN_POINT ( 'NONE',  ( 0.7249999999999999778, 0.09999999999999982514, -0.5249999999999999112 ) ) ;
#1574 = CARTESIAN_POINT ( 'NONE',  ( -0.7250000000000003109, 0.09999999999999982514, 0.5250000000000000222 ) ) ;
#1575 = CARTESIAN_POINT ( 'NONE',  ( -0.7000000000000002887, 0.6999999999999999556, 0.5999999999999999778 ) ) ;
#1576 = AXIS2_PLACEMENT_3D ( 'NONE', #2037, #584, #1230 ) ;
#1577 = ORIENTED_EDGE ( 'NONE', *, *, #2011, .T. ) ;
#1578 = VECTOR ( 'NONE', #178, 1000.000000000000000 ) ;
#1579 = VERTEX_POINT ( 'NONE', #1880 ) ;
#1580 = SURFACE_STYLE_FILL_AREA ( #921 ) ;
#1581 = EDGE_CURVE ( 'NONE', #1500, #198, #422, .T. ) ;
#1582 = PLANE ( 'NONE',  #61 ) ;
#1583 = CIRCLE ( 'NONE', #664, 0.02499999999999995628 ) ;
#1584 = PRESENTATION_STYLE_ASSIGNMENT (( #924 ) ) ;
#1585 = VECTOR ( 'NONE', #1508, 1000.000000000000000 ) ;
#1586 = DIRECTION ( 'NONE',  ( 1.000000000000000000, 0.0000000000000000000, -5.421010862427522786E-17 ) ) ;
#1587 = DIRECTION ( 'NONE',  ( -5.421010862427522786E-17, 0.0000000000000000000, -1.000000000000000000 ) ) ;
#1588 = DIRECTION ( 'NONE',  ( 1.000000000000000000, 0.0000000000000000000, 0.0000000000000000000 ) ) ;
#1589 = ORIENTED_EDGE ( 'NONE', *, *, #1825, .T. ) ;
#1590 = CARTESIAN_POINT ( 'NONE',  ( 0.7000000000000000666, 0.09999999999999982514, -0.5249999999999999112 ) ) ;
#1591 = COLOUR_RGB ( '',0.7921568627450980005, 0.8196078431372548767, 0.9333333333333333481 ) ;
#1592 = SURFACE_STYLE_USAGE ( .BOTH. , #935 ) ;
#1593 = ADVANCED_FACE ( 'NONE', ( #273 ), #908, .T. ) ;
#1594 = CARTESIAN_POINT ( 'NONE',  ( 2.115097169808490829, 0.09999999999999982514, -0.5249999999999999112 ) ) ;
#1595 = CARTESIAN_POINT ( 'NONE',  ( 0.7249999999999998668, 0.7750000000000001332, -0.5249999999999999112 ) ) ;
#1596 = DIRECTION ( 'NONE',  ( -1.000000000000000000, 0.0000000000000000000, 0.0000000000000000000 ) ) ;
#1597 = ADVANCED_FACE ( 'NONE', ( #442 ), #1083, .T. ) ;
#1598 = EDGE_CURVE ( 'NONE', #1001, #1500, #1816, .T. ) ;
#1599 = FACE_OUTER_BOUND ( 'NONE', #378, .T. ) ;
#1600 = ORIENTED_EDGE ( 'NONE', *, *, #2048, .T. ) ;
#1601 = UNCERTAINTY_MEASURE_WITH_UNIT (LENGTH_MEASURE( 1.000000000000000082E-05 ), #1799, 'distance_accuracy_value', 'NONE');
#1602 = DIRECTION ( 'NONE',  ( 1.000000000000000000, 0.0000000000000000000, -1.734723475976807341E-16 ) ) ;
#1603 = AXIS2_PLACEMENT_3D ( 'NONE', #1465, #26, #655 ) ;
#1604 = CARTESIAN_POINT ( 'NONE',  ( -0.9000000000000002442, 0.0000000000000000000, -0.5249999999999999112 ) ) ;
#1605 = EDGE_CURVE ( 'NONE', #1336, #60, #1424, .T. ) ;
#1606 = LINE ( 'NONE', #157, #890 ) ;
#1607 = FACE_OUTER_BOUND ( 'NONE', #537, .T. ) ;
#1608 = AXIS2_PLACEMENT_3D ( 'NONE', #654, #1297, #1949 ) ;
#1609 = SURFACE_STYLE_FILL_AREA ( #945 ) ;
#1610 = DIRECTION ( 'NONE',  ( 0.0000000000000000000, 1.000000000000000000, 0.0000000000000000000 ) ) ;
#1611 = STYLED_ITEM ( 'NONE', ( #1884 ), #1153 ) ;
#1612 = DIRECTION ( 'NONE',  ( 1.734723475976807341E-16, -0.0000000000000000000, 1.000000000000000000 ) ) ;
#1613 = EDGE_CURVE ( 'NONE', #1411, #1848, #1257, .T. ) ;
#1614 = FILL_AREA_STYLE ('',( #948 ) ) ;
#1615 = ORIENTED_EDGE ( 'NONE', *, *, #251, .T. ) ;
#1616 = CARTESIAN_POINT ( 'NONE',  ( -0.7000000000000002887, 0.6999999999999999556, 0.5250000000000000222 ) ) ;
#1617 =( LENGTH_UNIT ( ) NAMED_UNIT ( * ) SI_UNIT ( .MILLI., .METRE. ) );
#1618 = CIRCLE ( 'NONE', #693, 0.09999999999999999167 ) ;
#1619 = CARTESIAN_POINT ( 'NONE',  ( 0.6999999999999998446, 0.09999999999999982514, -0.5999999999999999778 ) ) ;
#1620 = CARTESIAN_POINT ( 'NONE',  ( 0.7250000000000000888, 0.0000000000000000000, 0.5250000000000000222 ) ) ;
#1621 = DIRECTION ( 'NONE',  ( 0.0000000000000000000, 0.0000000000000000000, 1.000000000000000000 ) ) ;
#1622 =( NAMED_UNIT ( * ) SI_UNIT ( $, .STERADIAN. ) SOLID_ANGLE_UNIT ( ) );
#1623 = EDGE_LOOP ( 'NONE', ( #709, #1403, #683, #1504 ) ) ;
#1624 = CARTESIAN_POINT ( 'NONE',  ( -0.9000000000000002442, 0.6999999999999999556, -0.5249999999999999112 ) ) ;
#1625 = LINE ( 'NONE', #176, #1951 ) ;
#1626 = COLOUR_RGB ( '',0.6901960784313725394, 0.6588235294117646967, 0.6392156862745097534 ) ;
#1627 = STYLED_ITEM ( 'NONE', ( #1145 ), #234 ) ;
#1628 = CARTESIAN_POINT ( 'NONE',  ( 0.6999999999999998446, 0.6999999999999999556, 0.6250000000000000000 ) ) ;
#1629 = SURFACE_STYLE_FILL_AREA ( #966 ) ;
#1630 = DIRECTION ( 'NONE',  ( 0.0000000000000000000, 0.0000000000000000000, 1.000000000000000000 ) ) ;
#1631 = FACE_OUTER_BOUND ( 'NONE', #290, .T. ) ;
#1632 = ORIENTED_EDGE ( 'NONE', *, *, #1598, .F. ) ;
#1633 = LINE ( 'NONE', #184, #590 ) ;
#1634 = CARTESIAN_POINT ( 'NONE',  ( -0.9000000000000002442, 3.158495283014150612, -0.5249999999999999112 ) ) ;
#1635 = APPLICATION_CONTEXT ( 'automotive_design' ) ;
#1636 = DIRECTION ( 'NONE',  ( 0.0000000000000000000, 1.000000000000000000, 0.0000000000000000000 ) ) ;
#1637 = DIRECTION ( 'NONE',  ( 0.0000000000000000000, 1.000000000000000000, 0.0000000000000000000 ) ) ;
#1638 = FACE_OUTER_BOUND ( 'NONE', #940, .T. ) ;
#1639 =( NAMED_UNIT ( * ) PLANE_ANGLE_UNIT ( ) SI_UNIT ( $, .RADIAN. ) );
#1640 = ORIENTED_EDGE ( 'NONE', *, *, #985, .T. ) ;
#1641 = AXIS2_PLACEMENT_3D ( 'NONE', #1761, #311, #942 ) ;
#1642 = AXIS2_PLACEMENT_3D ( 'NONE', #1325, #1972, #520 ) ;
#1643 = PLANE ( 'NONE',  #1642 ) ;
#1644 = EDGE_CURVE ( 'NONE', #1537, #589, #1439, .T. ) ;
#1645 = DIRECTION ( 'NONE',  ( 0.0000000000000000000, -2.097414917010649069E-16, 1.000000000000000000 ) ) ;
#1646 =( LENGTH_UNIT ( ) NAMED_UNIT ( * ) SI_UNIT ( .MILLI., .METRE. ) );
#1647 = EDGE_CURVE ( 'NONE', #1875, #636, #1710, .T. ) ;
#1648 = STYLED_ITEM ( 'NONE', ( #252 ), #1534 ) ;
#1649 = CARTESIAN_POINT ( 'NONE',  ( -1.000000000000000222, 0.6999999999999999556, -0.6249999999999998890 ) ) ;
#1650 = DIRECTION ( 'NONE',  ( 0.0000000000000000000, 0.0000000000000000000, -1.000000000000000000 ) ) ;
#1651 = PRESENTATION_STYLE_ASSIGNMENT (( #990 ) ) ;
#1652 = VERTEX_POINT ( 'NONE', #784 ) ;
#1653 = ORIENTED_EDGE ( 'NONE', *, *, #40, .F. ) ;
#1654 = CARTESIAN_POINT ( 'NONE',  ( 0.6999999999999998446, 0.6999999999999999556, -0.5999999999999998668 ) ) ;
#1655 = CYLINDRICAL_SURFACE ( 'NONE', #834, 0.1000000000000000472 ) ;
#1656 = UNCERTAINTY_MEASURE_WITH_UNIT (LENGTH_MEASURE( 1.000000000000000082E-05 ), #1245, 'distance_accuracy_value', 'NONE');
#1657 = AXIS2_PLACEMENT_3D ( 'NONE', #1545, #92, #721 ) ;
#1658 = CIRCLE ( 'NONE', #729, 0.09999999999999999167 ) ;
#1659 = APPLICATION_PROTOCOL_DEFINITION ( 'draft international standard', 'automotive_design', 1998, #1532 ) ;
#1660 = VERTEX_POINT ( 'NONE', #1434 ) ;
#1661 = ORIENTED_EDGE ( 'NONE', *, *, #1307, .F. ) ;
#1662 = SURFACE_STYLE_FILL_AREA ( #1002 ) ;
#1663 = DIRECTION ( 'NONE',  ( 0.0000000000000000000, 0.0000000000000000000, -1.000000000000000000 ) ) ;
#1664 = EDGE_LOOP ( 'NONE', ( #2013, #129, #1984, #861 ) ) ;
#1665 = FACE_OUTER_BOUND ( 'NONE', #1221, .T. ) ;
#1666 =( LENGTH_UNIT ( ) NAMED_UNIT ( * ) SI_UNIT ( .MILLI., .METRE. ) );
#1667 = ORIENTED_EDGE ( 'NONE', *, *, #1647, .T. ) ;
#1668 = EDGE_CURVE ( 'NONE', #646, #276, #1977, .T. ) ;
#1669 = SURFACE_STYLE_USAGE ( .BOTH. , #1009 ) ;
#1670 = ORIENTED_EDGE ( 'NONE', *, *, #666, .T. ) ;
#1671 = AXIS2_PLACEMENT_3D ( 'NONE', #1538, #85, #716 ) ;
#1672 = ORIENTED_EDGE ( 'NONE', *, *, #923, .T. ) ;
#1673 = ADVANCED_FACE ( 'NONE', ( #1924 ), #466, .F. ) ;
#1674 = CIRCLE ( 'NONE', #739, 0.07499999999999998335 ) ;
#1675 =( GEOMETRIC_REPRESENTATION_CONTEXT ( 3 ) GLOBAL_UNCERTAINTY_ASSIGNED_CONTEXT ( ( #1813 ) ) GLOBAL_UNIT_ASSIGNED_CONTEXT ( ( #1274, #1114, #956 ) ) REPRESENTATION_CONTEXT ( 'NONE', 'WORKASPACE' ) );
#1676 = FACE_OUTER_BOUND ( 'NONE', #711, .T. ) ;
#1677 = VERTEX_POINT ( 'NONE', #952 ) ;
#1678 = DIRECTION ( 'NONE',  ( 0.0000000000000000000, 0.0000000000000000000, 1.000000000000000000 ) ) ;
#1679 = CIRCLE ( 'NONE', #749, 0.07499999999999998335 ) ;
#1680 = DIRECTION ( 'NONE',  ( 0.0000000000000000000, 0.0000000000000000000, 1.000000000000000000 ) ) ;
#1681 = VECTOR ( 'NONE', #1270, 1000.000000000000000 ) ;
#1682 = DIRECTION ( 'NONE',  ( 0.0000000000000000000, 0.0000000000000000000, 1.000000000000000000 ) ) ;
#1683 = ORIENTED_EDGE ( 'NONE', *, *, #1954, .F. ) ;
#1684 = ORIENTED_EDGE ( 'NONE', *, *, #598, .T. ) ;
#1685 =( NAMED_UNIT ( * ) PLANE_ANGLE_UNIT ( ) SI_UNIT ( $, .RADIAN. ) );
#1686 = CIRCLE ( 'NONE', #758, 0.07500000000000009437 ) ;
#1687 = AXIS2_PLACEMENT_3D ( 'NONE', #1812, #360, #994 ) ;
#1688 = ORIENTED_EDGE ( 'NONE', *, *, #610, .T. ) ;
#1689 = EDGE_CURVE ( 'NONE', #1833, #1848, #1334, .T. ) ;
#1690 = SURFACE_STYLE_USAGE ( .BOTH. , #1026 ) ;
#1691 = AXIS2_PLACEMENT_3D ( 'NONE', #1021, #1682, #228 ) ;
#1692 = DIRECTION ( 'NONE',  ( 0.0000000000000000000, 0.0000000000000000000, 1.000000000000000000 ) ) ;
#1693 = PRESENTATION_LAYER_ASSIGNMENT (  '', '', ( #501 ) ) ;
#1694 = FACE_OUTER_BOUND ( 'NONE', #592, .T. ) ;
#1695 = EDGE_LOOP ( 'NONE', ( #1632, #1515, #579, #526, #949, #1369, #249, #1747 ) ) ;
#1696 = LINE ( 'NONE', #240, #1386 ) ;
#1697 = DIRECTION ( 'NONE',  ( -1.000000000000000000, -0.0000000000000000000, 5.421010862427522786E-17 ) ) ;
#1698 = ORIENTED_EDGE ( 'NONE', *, *, #1756, .F. ) ;
#1699 = LINE ( 'NONE', #246, #1375 ) ;
#1700 = MECHANICAL_DESIGN_GEOMETRIC_PRESENTATION_REPRESENTATION (  '', ( #1425 ), #148 ) ;
#1701 = SURFACE_STYLE_FILL_AREA ( #1038 ) ;
#1702 = ORIENTED_EDGE ( 'NONE', *, *, #1966, .F. ) ;
#1703 = SURFACE_STYLE_USAGE ( .BOTH. , #1040 ) ;
#1704 = MECHANICAL_DESIGN_GEOMETRIC_PRESENTATION_REPRESENTATION (  '', ( #1427 ), #155 ) ;
#1705 = ORIENTED_EDGE ( 'NONE', *, *, #1708, .F. ) ;
#1706 = DIRECTION ( 'NONE',  ( -1.000000000000000000, -0.0000000000000000000, 0.0000000000000000000 ) ) ;
#1707 = SURFACE_STYLE_USAGE ( .BOTH. , #1043 ) ;
#1708 = EDGE_CURVE ( 'NONE', #970, #440, #1618, .T. ) ;
#1709 = ORIENTED_EDGE ( 'NONE', *, *, #1463, .T. ) ;
#1710 = CIRCLE ( 'NONE', #790, 0.09999999999999999167 ) ;
#1711 = VERTEX_POINT ( 'NONE', #1278 ) ;
#1712 = PRESENTATION_STYLE_ASSIGNMENT (( #1050 ) ) ;
#1713 = ORIENTED_EDGE ( 'NONE', *, *, #959, .T. ) ;
#1714 = EDGE_CURVE ( 'NONE', #283, #748, #1879, .T. ) ;
#1715 = DIRECTION ( 'NONE',  ( -1.000000000000000000, -0.0000000000000000000, 5.421010862427522786E-17 ) ) ;
#1716 = DIRECTION ( 'NONE',  ( -1.084202172485504040E-15, 0.0000000000000000000, -1.000000000000000000 ) ) ;
#1717 = CIRCLE ( 'NONE', #1985, 0.02499999999999995628 ) ;
#1718 = CARTESIAN_POINT ( 'NONE',  ( 0.8999999999999998002, 0.6999999999999999556, -0.5249999999999999112 ) ) ;
#1719 = DIRECTION ( 'NONE',  ( 0.0000000000000000000, 0.0000000000000000000, 1.000000000000000000 ) ) ;
#1720 = VECTOR ( 'NONE', #1706, 1000.000000000000000 ) ;
#1721 = DIRECTION ( 'NONE',  ( -1.000000000000000000, 0.0000000000000000000, 0.0000000000000000000 ) ) ;
#1722 = ORIENTED_EDGE ( 'NONE', *, *, #2009, .T. ) ;
#1723 = CARTESIAN_POINT ( 'NONE',  ( 0.7249999999999999778, 0.7750000000000001332, -1.257674520083185390E-16 ) ) ;
#1724 = ORIENTED_EDGE ( 'NONE', *, *, #247, .F. ) ;
#1725 =( LENGTH_UNIT ( ) NAMED_UNIT ( * ) SI_UNIT ( .MILLI., .METRE. ) );
#1726 = CARTESIAN_POINT ( 'NONE',  ( 0.7250000000000000888, 0.02500000000000000139, 0.5250000000000000222 ) ) ;
#1727 = CARTESIAN_POINT ( 'NONE',  ( 0.8999999999999998002, 3.158495283014150612, -0.5249999999999999112 ) ) ;
#1728 = CARTESIAN_POINT ( 'NONE',  ( 0.0000000000000000000, 0.0000000000000000000, 0.0000000000000000000 ) ) ;
#1729 = LINE ( 'NONE', #281, #1433 ) ;
#1730 = DIRECTION ( 'NONE',  ( -1.000000000000000000, -0.0000000000000000000, 0.0000000000000000000 ) ) ;
#1731 = EDGE_LOOP ( 'NONE', ( #1010, #1790, #734, #1332 ) ) ;
#1732 = ADVANCED_FACE ( 'NONE', ( #922 ), #1582, .T. ) ;
#1733 = EDGE_CURVE ( 'NONE', #1148, #735, #2055, .T. ) ;
#1734 = CIRCLE ( 'NONE', #811, 0.1000000000000000472 ) ;
#1735 = EDGE_LOOP ( 'NONE', ( #1131, #106, #54, #1106 ) ) ;
#1736 = VECTOR ( 'NONE', #463, 1000.000000000000000 ) ;
#1737 = CYLINDRICAL_SURFACE ( 'NONE', #1608, 0.07500000000000009437 ) ;
#1738 = VECTOR ( 'NONE', #196, 1000.000000000000000 ) ;
#1739 = DIRECTION ( 'NONE',  ( -0.0000000000000000000, -0.0000000000000000000, 1.000000000000000000 ) ) ;
#1740 = STYLED_ITEM ( 'NONE', ( #1315 ), #470 ) ;
#1741 = SURFACE_STYLE_FILL_AREA ( #1074 ) ;
#1742 = DIRECTION ( 'NONE',  ( 5.421010862427517856E-17, 0.0000000000000000000, 1.000000000000000000 ) ) ;
#1743 = CIRCLE ( 'NONE', #819, 0.02499999999999995628 ) ;
#1744 = FACE_OUTER_BOUND ( 'NONE', #239, .T. ) ;
#1745 = SPHERICAL_SURFACE ( 'NONE', #253, 0.1000000000000000056 ) ;
#1746 = CIRCLE ( 'NONE', #823, 0.1000000000000000472 ) ;
#1747 = ORIENTED_EDGE ( 'NONE', *, *, #2011, .F. ) ;
#1748 = VECTOR ( 'NONE', #1198, 1000.000000000000000 ) ;
#1749 = CARTESIAN_POINT ( 'NONE',  ( -1.000000000000000222, 0.09999999999999982514, -0.5249999999999999112 ) ) ;
#1750 = ADVANCED_FACE ( 'NONE', ( #1906 ), #1400, .T. ) ;
#1751 = FILL_AREA_STYLE ('',( #1088 ) ) ;
#1752 = EDGE_CURVE ( 'NONE', #1677, #1822, #445, .T. ) ;
#1753 = EDGE_CURVE ( 'NONE', #1548, #347, #753, .T. ) ;
#1754 = DIRECTION ( 'NONE',  ( -1.000000000000000000, 0.0000000000000000000, 0.0000000000000000000 ) ) ;
#1755 = SURFACE_SIDE_STYLE ('',( #1091 ) ) ;
#1756 = EDGE_CURVE ( 'NONE', #376, #1833, #1772, .T. ) ;
#1757 = CARTESIAN_POINT ( 'NONE',  ( -0.7000000000000002887, 0.09999999999999982514, -0.5249999999999999112 ) ) ;
#1758 = VERTEX_POINT ( 'NONE', #1619 ) ;
#1759 = DIRECTION ( 'NONE',  ( -0.0000000000000000000, -1.000000000000000000, -0.0000000000000000000 ) ) ;
#1760 = CIRCLE ( 'NONE', #833, 0.02499999999999995628 ) ;
#1761 = CARTESIAN_POINT ( 'NONE',  ( 0.7250000000000000888, 0.7750000000000001332, 0.5249999999999999112 ) ) ;
#1762 =( NAMED_UNIT ( * ) SI_UNIT ( $, .STERADIAN. ) SOLID_ANGLE_UNIT ( ) );
#1763 = EDGE_CURVE ( 'NONE', #813, #1758, #167, .T. ) ;
#1764 = CARTESIAN_POINT ( 'NONE',  ( 0.8999999999999998002, 0.1000000000000000056, -0.5249999999999999112 ) ) ;
#1765 = LINE ( 'NONE', #1940, #1015 ) ;
#1766 = DIRECTION ( 'NONE',  ( -1.000000000000000000, 0.0000000000000000000, 0.0000000000000000000 ) ) ;
#1767 = FACE_OUTER_BOUND ( 'NONE', #1335, .T. ) ;
#1768 = ORIENTED_EDGE ( 'NONE', *, *, #299, .F. ) ;
#1769 = UNCERTAINTY_MEASURE_WITH_UNIT (LENGTH_MEASURE( 1.000000000000000082E-05 ), #1841, 'distance_accuracy_value', 'NONE');
#1770 = DIRECTION ( 'NONE',  ( 1.000000000000000000, 0.0000000000000000000, 0.0000000000000000000 ) ) ;
#1771 = PRESENTATION_STYLE_ASSIGNMENT (( #1108 ) ) ;
#1772 = LINE ( 'NONE', #322, #1024 ) ;
#1773 = CARTESIAN_POINT ( 'NONE',  ( -0.9000000000000002442, 0.6999999999999999556, 0.5250000000000000222 ) ) ;
#1774 = CIRCLE ( 'NONE', #854, 0.02499999999999995628 ) ;
#1775 = DIRECTION ( 'NONE',  ( 0.0000000000000000000, 0.0000000000000000000, 1.000000000000000000 ) ) ;
#1776 = COLOUR_RGB ( '',0.6901960784313725394, 0.6588235294117646967, 0.6392156862745097534 ) ;
#1777 = PRESENTATION_LAYER_ASSIGNMENT (  '', '', ( #577 ) ) ;
#1778 =( NAMED_UNIT ( * ) PLANE_ANGLE_UNIT ( ) SI_UNIT ( $, .RADIAN. ) );
#1779 = EDGE_LOOP ( 'NONE', ( #1713, #991, #1244, #1828 ) ) ;
#1780 = FACE_OUTER_BOUND ( 'NONE', #869, .T. ) ;
#1781 = DIRECTION ( 'NONE',  ( -1.000000000000000000, -0.0000000000000000000, 1.734723475976807341E-16 ) ) ;
#1782 = MECHANICAL_DESIGN_GEOMETRIC_PRESENTATION_REPRESENTATION (  '', ( #1514 ), #223 ) ;
#1783 = DIRECTION ( 'NONE',  ( 0.0000000000000000000, 0.0000000000000000000, 1.000000000000000000 ) ) ;
#1784 = SURFACE_SIDE_STYLE ('',( #1124 ) ) ;
#1785 = CYLINDRICAL_SURFACE ( 'NONE', #1470, 0.02499999999999995628 ) ;
#1786 = CARTESIAN_POINT ( 'NONE',  ( -0.7250000000000003109, 0.6999999999999999556, 0.5250000000000000222 ) ) ;
#1787 = VECTOR ( 'NONE', #1305, 1000.000000000000000 ) ;
#1788 = DIRECTION ( 'NONE',  ( -1.000000000000000000, 0.0000000000000000000, 1.734723475976811778E-16 ) ) ;
#1789 = CARTESIAN_POINT ( 'NONE',  ( 0.8999999999999998002, 0.6999999999999999556, -0.5249999999999999112 ) ) ;
#1790 = ORIENTED_EDGE ( 'NONE', *, *, #684, .T. ) ;
#1791 = MECHANICAL_DESIGN_GEOMETRIC_PRESENTATION_REPRESENTATION (  '', ( #1523 ), #231 ) ;
#1792 = CARTESIAN_POINT ( 'NONE',  ( 0.7249999999999999778, 0.6999999999999999556, -0.5999999999999999778 ) ) ;
#1793 = TOROIDAL_SURFACE ( 'NONE', #871, 0.07500000000000001110, 0.02500000000000000139 ) ;
#1794 = CARTESIAN_POINT ( 'NONE',  ( -0.7000000000000002887, 0.7750000000000001332, 0.5250000000000000222 ) ) ;
#1795 = CARTESIAN_POINT ( 'NONE',  ( -0.7250000000000003109, 0.09999999999999982514, -0.6249999999999998890 ) ) ;
#1796 = CARTESIAN_POINT ( 'NONE',  ( -0.7000000000000002887, 0.02500000000000000139, -0.5249999999999999112 ) ) ;
#1797 = CARTESIAN_POINT ( 'NONE',  ( 0.9000000000000000222, 3.158495283014150612, 0.5250000000000000222 ) ) ;
#1798 = EDGE_CURVE ( 'NONE', #132, #48, #11, .T. ) ;
#1799 =( LENGTH_UNIT ( ) NAMED_UNIT ( * ) SI_UNIT ( .MILLI., .METRE. ) );
#1800 = ORIENTED_EDGE ( 'NONE', *, *, #80, .T. ) ;
#1801 = CARTESIAN_POINT ( 'NONE',  ( 0.7250000000000000888, 0.6999999999999999556, 0.5250000000000000222 ) ) ;
#1802 = DIRECTION ( 'NONE',  ( -0.0000000000000000000, 1.000000000000000000, -0.0000000000000000000 ) ) ;
#1803 = ADVANCED_FACE ( 'NONE', ( #1936 ), #480, .F. ) ;
#1804 = PRESENTATION_STYLE_ASSIGNMENT (( #1142 ) ) ;
#1805 = CARTESIAN_POINT ( 'NONE',  ( 0.8999999999999999112, 0.0000000000000000000, -1.561251128379126385E-16 ) ) ;
#1806 = DIRECTION ( 'NONE',  ( 0.0000000000000000000, 0.0000000000000000000, 1.000000000000000000 ) ) ;
#1807 = SURFACE_STYLE_FILL_AREA ( #1146 ) ;
#1808 = FACE_OUTER_BOUND ( 'NONE', #39, .T. ) ;
#1809 = ORIENTED_EDGE ( 'NONE', *, *, #437, .T. ) ;
#1810 = VECTOR ( 'NONE', #1730, 1000.000000000000000 ) ;
#1811 = AXIS2_PLACEMENT_3D ( 'NONE', #271, #905, #1563 ) ;
#1812 = CARTESIAN_POINT ( 'NONE',  ( -1.000000000000000222, 3.158495283014150612, 0.6250000000000001110 ) ) ;
#1813 = UNCERTAINTY_MEASURE_WITH_UNIT (LENGTH_MEASURE( 1.000000000000000082E-05 ), #1274, 'distance_accuracy_value', 'NONE');
#1814 = CARTESIAN_POINT ( 'NONE',  ( 0.6999999999999999556, 0.0000000000000000000, -1.214306433183764966E-16 ) ) ;
#1815 = AXIS2_PLACEMENT_3D ( 'NONE', #263, #896, #1554 ) ;
#1816 = CIRCLE ( 'NONE', #2074, 0.07499999999999987232 ) ;
#1817 = EDGE_CURVE ( 'NONE', #589, #347, #963, .T. ) ;
#1818 = ORIENTED_EDGE ( 'NONE', *, *, #301, .F. ) ;
#1819 = ORIENTED_EDGE ( 'NONE', *, *, #1491, .T. ) ;
#1820 = CYLINDRICAL_SURFACE ( 'NONE', #1691, 0.02499999999999995628 ) ;
#1821 = DIRECTION ( 'NONE',  ( -0.0000000000000000000, -0.0000000000000000000, -1.000000000000000000 ) ) ;
#1822 = VERTEX_POINT ( 'NONE', #806 ) ;
#1823 = CARTESIAN_POINT ( 'NONE',  ( 2.846030702774449139E-17, 0.6999999999999999556, 0.5250000000000000222 ) ) ;
#1824 = PRESENTATION_STYLE_ASSIGNMENT (( #1169 ) ) ;
#1825 = EDGE_CURVE ( 'NONE', #1049, #1913, #1461, .T. ) ;
#1826 = ORIENTED_EDGE ( 'NONE', *, *, #388, .T. ) ;
#1827 = FILL_AREA_STYLE ('',( #1171 ) ) ;
#1828 = ORIENTED_EDGE ( 'NONE', *, *, #1365, .F. ) ;
#1829 = EDGE_LOOP ( 'NONE', ( #66, #1557, #832, #835 ) ) ;
#1830 = CARTESIAN_POINT ( 'NONE',  ( 0.7000000000000000666, 0.09999999999999982514, 0.5250000000000000222 ) ) ;
#1831 = ORIENTED_EDGE ( 'NONE', *, *, #1714, .T. ) ;
#1832 = DIRECTION ( 'NONE',  ( 0.0000000000000000000, 0.0000000000000000000, 1.000000000000000000 ) ) ;
#1833 = VERTEX_POINT ( 'NONE', #1294 ) ;
#1834 =( NAMED_UNIT ( * ) SI_UNIT ( $, .STERADIAN. ) SOLID_ANGLE_UNIT ( ) );
#1835 = AXIS2_PLACEMENT_3D ( 'NONE', #875, #1536, #82 ) ;
#1836 = ORIENTED_EDGE ( 'NONE', *, *, #186, .T. ) ;
#1837 = VECTOR ( 'NONE', #1612, 1000.000000000000000 ) ;
#1838 = CIRCLE ( 'NONE', #913, 0.1000000000000000472 ) ;
#1839 = ORIENTED_EDGE ( 'NONE', *, *, #1506, .F. ) ;
#1840 = EDGE_CURVE ( 'NONE', #1347, #589, #1948, .T. ) ;
#1841 =( LENGTH_UNIT ( ) NAMED_UNIT ( * ) SI_UNIT ( .MILLI., .METRE. ) );
#1842 = ORIENTED_EDGE ( 'NONE', *, *, #882, .F. ) ;
#1843 = FILL_AREA_STYLE ('',( #1190 ) ) ;
#1844 = AXIS2_PLACEMENT_3D ( 'NONE', #1726, #277, #914 ) ;
#1845 = DIRECTION ( 'NONE',  ( 1.000000000000000000, 0.0000000000000000000, -5.421010862427522786E-17 ) ) ;
#1846 = VECTOR ( 'NONE', #1135, 1000.000000000000000 ) ;
#1847 = DIRECTION ( 'NONE',  ( 0.0000000000000000000, 1.000000000000000000, 0.0000000000000000000 ) ) ;
#1848 = VERTEX_POINT ( 'NONE', #1794 ) ;
#1849 = LINE ( 'NONE', #399, #1116 ) ;
#1850 = CARTESIAN_POINT ( 'NONE',  ( 0.7000000000000000666, 0.6999999999999999556, -0.5999999999999999778 ) ) ;
#1851 = AXIS2_PLACEMENT_3D ( 'NONE', #1338, #1983, #530 ) ;
#1852 = ORIENTED_EDGE ( 'NONE', *, *, #1340, .T. ) ;
#1853 =( NAMED_UNIT ( * ) SI_UNIT ( $, .STERADIAN. ) SOLID_ANGLE_UNIT ( ) );
#1854 = LINE ( 'NONE', #404, #1099 ) ;
#1855 =( GEOMETRIC_REPRESENTATION_CONTEXT ( 3 ) GLOBAL_UNCERTAINTY_ASSIGNED_CONTEXT ( ( #201 ) ) GLOBAL_UNIT_ASSIGNED_CONTEXT ( ( #64, #1989, #1834 ) ) REPRESENTATION_CONTEXT ( 'NONE', 'WORKASPACE' ) );
#1856 = PRESENTATION_LAYER_ASSIGNMENT (  '', '', ( #674 ) ) ;
#1857 = CYLINDRICAL_SURFACE ( 'NONE', #1258, 0.02499999999999995628 ) ;
#1858 = ORIENTED_EDGE ( 'NONE', *, *, #348, .F. ) ;
#1859 = DIRECTION ( 'NONE',  ( 0.0000000000000000000, 0.0000000000000000000, -1.000000000000000000 ) ) ;
#1860 = ADVANCED_FACE ( 'NONE', ( #343 ), #975, .T. ) ;
#1861 = ADVANCED_FACE ( 'NONE', ( #1475 ), #32, .T. ) ;
#1862 = FILL_AREA_STYLE ('',( #1207 ) ) ;
#1863 = ORIENTED_EDGE ( 'NONE', *, *, #1817, .F. ) ;
#1864 = DIRECTION ( 'NONE',  ( -1.000000000000000000, 0.0000000000000000000, 0.0000000000000000000 ) ) ;
#1865 = MANIFOLD_SOLID_BREP ( 'Fillet2', #355 ) ;
#1866 = ADVANCED_FACE ( 'NONE', ( #1168 ), #1655, .T. ) ;
#1867 = FILL_AREA_STYLE ('',( #1212 ) ) ;
#1868 = ORIENTED_EDGE ( 'NONE', *, *, #1647, .F. ) ;
#1869 =( NAMED_UNIT ( * ) SI_UNIT ( $, .STERADIAN. ) SOLID_ANGLE_UNIT ( ) );
#1870 = VECTOR ( 'NONE', #1960, 1000.000000000000000 ) ;
#1871 = ORIENTED_EDGE ( 'NONE', *, *, #1045, .T. ) ;
#1872 = MECHANICAL_DESIGN_GEOMETRIC_PRESENTATION_REPRESENTATION (  '', ( #1611 ), #323 ) ;
#1873 = SURFACE_STYLE_FILL_AREA ( #1218 ) ;
#1874 = ADVANCED_FACE ( 'NONE', ( #1665 ), #212, .T. ) ;
#1875 = VERTEX_POINT ( 'NONE', #696 ) ;
#1876 =( NAMED_UNIT ( * ) SI_UNIT ( $, .STERADIAN. ) SOLID_ANGLE_UNIT ( ) );
#1877 = CARTESIAN_POINT ( 'NONE',  ( 0.7000000000000000666, 0.02499999999999976893, 0.5250000000000000222 ) ) ;
#1878 = DIRECTION ( 'NONE',  ( 0.0000000000000000000, 1.000000000000000000, 0.0000000000000000000 ) ) ;
#1879 = CIRCLE ( 'NONE', #957, 0.1000000000000000472 ) ;
#1880 = CARTESIAN_POINT ( 'NONE',  ( -0.7000000000000002887, 0.7750000000000001332, 0.5250000000000000222 ) ) ;
#1881 = EDGE_LOOP ( 'NONE', ( #171, #1871, #151, #1965, #551, #1181, #57, #1031 ) ) ;
#1882 = ADVANCED_FACE ( 'NONE', ( #1341 ), #1986, .T. ) ;
#1883 = ORIENTED_EDGE ( 'NONE', *, *, #560, .T. ) ;
#1884 = PRESENTATION_STYLE_ASSIGNMENT (( #1229 ) ) ;
#1885 = LINE ( 'NONE', #427, #389 ) ;
#1886 = EDGE_CURVE ( 'NONE', #1579, #276, #202, .T. ) ;
#1887 = EDGE_CURVE ( 'NONE', #826, #60, #1658, .T. ) ;
#1888 = DIRECTION ( 'NONE',  ( -1.000000000000000000, 0.0000000000000000000, 0.0000000000000000000 ) ) ;
#1889 = DIRECTION ( 'NONE',  ( 1.000000000000000000, 0.0000000000000000000, -0.0000000000000000000 ) ) ;
#1890 = STYLED_ITEM ( 'NONE', ( #1651 ), #1036 ) ;
#1891 = LINE ( 'NONE', #430, #254 ) ;
#1892 = MECHANICAL_DESIGN_GEOMETRIC_PRESENTATION_REPRESENTATION (  '', ( #1627 ), #340 ) ;
#1893 = DIRECTION ( 'NONE',  ( 0.0000000000000000000, -1.000000000000000000, 2.168404344971007685E-15 ) ) ;
#1894 = EDGE_LOOP ( 'NONE', ( #1852, #1290, #715, #918, #695, #1672, #264, #205 ) ) ;
#1895 =( GEOMETRIC_REPRESENTATION_CONTEXT ( 3 ) GLOBAL_UNCERTAINTY_ASSIGNED_CONTEXT ( ( #363 ) ) GLOBAL_UNIT_ASSIGNED_CONTEXT ( ( #1556, #1387, #1227 ) ) REPRESENTATION_CONTEXT ( 'NONE', 'WORKASPACE' ) );
#1896 = ORIENTED_EDGE ( 'NONE', *, *, #1753, .F. ) ;
#1897 = UNCERTAINTY_MEASURE_WITH_UNIT (LENGTH_MEASURE( 1.000000000000000082E-05 ), #1493, 'distance_accuracy_value', 'NONE');
#1898 = CARTESIAN_POINT ( 'NONE',  ( 0.7000000000000000666, 0.02500000000000000139, -0.5249999999999996891 ) ) ;
#1899 = CYLINDRICAL_SURFACE ( 'NONE', #745, 0.07499999999999987232 ) ;
#1900 = CYLINDRICAL_SURFACE ( 'NONE', #294, 0.1000000000000000472 ) ;
#1901 = CARTESIAN_POINT ( 'NONE',  ( -0.7000000000000002887, 0.09999999999999982514, -0.5249999999999999112 ) ) ;
#1902 = FACE_OUTER_BOUND ( 'NONE', #1355, .T. ) ;
#1903 = ORIENTED_EDGE ( 'NONE', *, *, #907, .F. ) ;
#1904 = DIRECTION ( 'NONE',  ( 0.0000000000000000000, 0.0000000000000000000, 1.000000000000000000 ) ) ;
#1905 = EDGE_CURVE ( 'NONE', #558, #880, #1927, .T. ) ;
#1906 = FACE_OUTER_BOUND ( 'NONE', #1194, .T. ) ;
#1907 = COLOUR_RGB ( '',0.7921568627450980005, 0.8196078431372548767, 0.9333333333333333481 ) ;
#1908 = DIRECTION ( 'NONE',  ( -0.0000000000000000000, -0.0000000000000000000, -1.000000000000000000 ) ) ;
#1909 =( GEOMETRIC_REPRESENTATION_CONTEXT ( 3 ) GLOBAL_UNCERTAINTY_ASSIGNED_CONTEXT ( ( #1267 ) ) GLOBAL_UNIT_ASSIGNED_CONTEXT ( ( #807, #653, #494 ) ) REPRESENTATION_CONTEXT ( 'NONE', 'WORKASPACE' ) );
#1910 = FILL_AREA_STYLE_COLOUR ( '', #1280 ) ;
#1911 = ADVANCED_FACE ( 'NONE', ( #1994 ), #543, .T. ) ;
#1912 = CARTESIAN_POINT ( 'NONE',  ( -0.7250000000000003109, 0.09999999999999982514, -0.5249999999999999112 ) ) ;
#1913 = VERTEX_POINT ( 'NONE', #91 ) ;
#1914 = MECHANICAL_DESIGN_GEOMETRIC_PRESENTATION_REPRESENTATION (  '', ( #1648 ), #359 ) ;
#1915 = UNCERTAINTY_MEASURE_WITH_UNIT (LENGTH_MEASURE( 1.000000000000000082E-05 ), #958, 'distance_accuracy_value', 'NONE');
#1916 = CARTESIAN_POINT ( 'NONE',  ( 2.115097169808490829, 0.7750000000000001332, 0.5250000000000000222 ) ) ;
#1917 = DIRECTION ( 'NONE',  ( -0.0000000000000000000, 1.000000000000000000, 0.0000000000000000000 ) ) ;
#1918 =( NAMED_UNIT ( * ) PLANE_ANGLE_UNIT ( ) SI_UNIT ( $, .RADIAN. ) );
#1919 = DIRECTION ( 'NONE',  ( 0.0000000000000000000, 0.0000000000000000000, -1.000000000000000000 ) ) ;
#1920 = CARTESIAN_POINT ( 'NONE',  ( -0.9000000000000002442, 0.0000000000000000000, 0.5250000000000000222 ) ) ;
#1921 = DIRECTION ( 'NONE',  ( 0.0000000000000000000, -1.000000000000000000, 0.0000000000000000000 ) ) ;
#1922 = CARTESIAN_POINT ( 'NONE',  ( -0.0000000000000000000, 0.0000000000000000000, -0.5249999999999999112 ) ) ;
#1923 = ORIENTED_EDGE ( 'NONE', *, *, #77, .T. ) ;
#1924 = FACE_OUTER_BOUND ( 'NONE', #1343, .T. ) ;
#1925 = STYLED_ITEM ( 'NONE', ( #260 ), #1149 ) ;
#1926 = SURFACE_STYLE_FILL_AREA ( #1269 ) ;
#1927 = CIRCLE ( 'NONE', #1000, 0.07500000000000009437 ) ;
#1928 = CARTESIAN_POINT ( 'NONE',  ( 0.7250000000000000888, 0.6999999999999999556, 0.6000000000000000888 ) ) ;
#1929 = DIRECTION ( 'NONE',  ( -1.000000000000000000, 0.0000000000000000000, 0.0000000000000000000 ) ) ;
#1930 = DIRECTION ( 'NONE',  ( 0.0000000000000000000, -1.000000000000000000, 0.0000000000000000000 ) ) ;
#1931 = SURFACE_SIDE_STYLE ('',( #1275 ) ) ;
#1932 = SURFACE_STYLE_USAGE ( .BOTH. , #1276 ) ;
#1933 =( LENGTH_UNIT ( ) NAMED_UNIT ( * ) SI_UNIT ( .MILLI., .METRE. ) );
#1934 = ORIENTED_EDGE ( 'NONE', *, *, #2048, .F. ) ;
#1935 = DIRECTION ( 'NONE',  ( 0.0000000000000000000, 0.0000000000000000000, -1.000000000000000000 ) ) ;
#1936 = FACE_OUTER_BOUND ( 'NONE', #1378, .T. ) ;
#1937 = AXIS2_PLACEMENT_3D ( 'NONE', #1366, #2014, #564 ) ;
#1938 = FILL_AREA_STYLE_COLOUR ( '', #2004 ) ;
#1939 = AXIS2_PLACEMENT_3D ( 'NONE', #13, #642, #1286 ) ;
#1940 = CARTESIAN_POINT ( 'NONE',  ( 2.846030702774449139E-17, 0.0000000000000000000, 0.5250000000000000222 ) ) ;
#1941 = CIRCLE ( 'NONE', #2036, 0.1000000000000000472 ) ;
#1942 = CARTESIAN_POINT ( 'NONE',  ( 0.7000000000000000666, 0.6999999999999999556, 0.5250000000000000222 ) ) ;
#1943 = ORIENTED_EDGE ( 'NONE', *, *, #77, .F. ) ;
#1944 = CIRCLE ( 'NONE', #1020, 0.09999999999999999167 ) ;
#1945 = SURFACE_SIDE_STYLE ('',( #1292 ) ) ;
#1946 = CARTESIAN_POINT ( 'NONE',  ( 0.8999999999999998002, 0.6999999999999999556, -0.5249999999999999112 ) ) ;
#1947 = AXIS2_PLACEMENT_3D ( 'NONE', #1928, #468, #1110 ) ;
#1948 = LINE ( 'NONE', #491, #1846 ) ;
#1949 = DIRECTION ( 'NONE',  ( 0.0000000000000000000, 0.0000000000000000000, 1.000000000000000000 ) ) ;
#1950 = DIRECTION ( 'NONE',  ( 0.0000000000000000000, 0.0000000000000000000, -1.000000000000000000 ) ) ;
#1951 = VECTOR ( 'NONE', #805, 1000.000000000000000 ) ;
#1952 = CIRCLE ( 'NONE', #1028, 0.07499999999999998335 ) ;
#1953 = CARTESIAN_POINT ( 'NONE',  ( -0.7250000000000003109, 0.0000000000000000000, -0.5249999999999999112 ) ) ;
#1954 = EDGE_CURVE ( 'NONE', #1208, #1982, #720, .T. ) ;
#1955 = PRESENTATION_STYLE_ASSIGNMENT (( #1300 ) ) ;
#1956 = ORIENTED_EDGE ( 'NONE', *, *, #820, .T. ) ;
#1957 = CARTESIAN_POINT ( 'NONE',  ( 0.9999999999999997780, 0.09999999999999982514, -0.5249999999999999112 ) ) ;
#1958 = SURFACE_STYLE_FILL_AREA ( #1306 ) ;
#1959 = CARTESIAN_POINT ( 'NONE',  ( 0.7249999999999999778, 3.158495283014150612, 0.6250000000000000000 ) ) ;
#1960 = DIRECTION ( 'NONE',  ( -0.0000000000000000000, 1.000000000000000000, 0.0000000000000000000 ) ) ;
#1961 = SURFACE_SIDE_STYLE ('',( #1312 ) ) ;
#1962 = CARTESIAN_POINT ( 'NONE',  ( 0.7000000000000000666, 0.6999999999999999556, 0.5250000000000000222 ) ) ;
#1963 = ADVANCED_BREP_SHAPE_REPRESENTATION ( 'NTCS0805E3', ( #454, #1865, #1153, #118 ), #856 ) ;
#1964 = CARTESIAN_POINT ( 'NONE',  ( 2.115097169808490829, 0.6999999999999999556, -0.5999999999999999778 ) ) ;
#1965 = ORIENTED_EDGE ( 'NONE', *, *, #836, .T. ) ;
#1966 = EDGE_CURVE ( 'NONE', #826, #563, #1455, .T. ) ;
#1967 = DIRECTION ( 'NONE',  ( 0.0000000000000000000, 0.0000000000000000000, -1.000000000000000000 ) ) ;
#1968 = EDGE_CURVE ( 'NONE', #2032, #970, #410, .T. ) ;
#1969 = ADVANCED_FACE ( 'NONE', ( #257 ), #894, .F. ) ;
#1970 = ORIENTED_EDGE ( 'NONE', *, *, #973, .T. ) ;
#1971 = ORIENTED_EDGE ( 'NONE', *, *, #722, .T. ) ;
#1972 = DIRECTION ( 'NONE',  ( 0.0000000000000000000, 1.000000000000000000, 0.0000000000000000000 ) ) ;
#1973 = DIRECTION ( 'NONE',  ( 0.0000000000000000000, 0.0000000000000000000, -1.000000000000000000 ) ) ;
#1974 = UNCERTAINTY_MEASURE_WITH_UNIT (LENGTH_MEASURE( 1.000000000000000082E-05 ), #1295, 'distance_accuracy_value', 'NONE');
#1975 = ORIENTED_EDGE ( 'NONE', *, *, #24, .T. ) ;
#1976 = ADVANCED_FACE ( 'NONE', ( #1379 ), #2022, .T. ) ;
#1977 = CIRCLE ( 'NONE', #1048, 0.02499999999999995628 ) ;
#1978 = SURFACE_STYLE_FILL_AREA ( #1331 ) ;
#1979 = ORIENTED_EDGE ( 'NONE', *, *, #1340, .F. ) ;
#1980 = FACE_OUTER_BOUND ( 'NONE', #78, .T. ) ;
#1981 = VERTEX_POINT ( 'NONE', #1568 ) ;
#1982 = VERTEX_POINT ( 'NONE', #120 ) ;
#1983 = DIRECTION ( 'NONE',  ( -0.0000000000000000000, 1.000000000000000000, 0.0000000000000000000 ) ) ;
#1984 = ORIENTED_EDGE ( 'NONE', *, *, #959, .F. ) ;
#1985 = AXIS2_PLACEMENT_3D ( 'NONE', #337, #968, #1630 ) ;
#1986 = CYLINDRICAL_SURFACE ( 'NONE', #1376, 0.09999999999999999167 ) ;
#1987 = COLOUR_RGB ( '',0.6901960784313725394, 0.6588235294117646967, 0.6392156862745097534 ) ;
#1988 = ORIENTED_EDGE ( 'NONE', *, *, #751, .F. ) ;
#1989 =( NAMED_UNIT ( * ) PLANE_ANGLE_UNIT ( ) SI_UNIT ( $, .RADIAN. ) );
#1990 = ORIENTED_EDGE ( 'NONE', *, *, #40, .T. ) ;
#1991 = ORIENTED_EDGE ( 'NONE', *, *, #1598, .T. ) ;
#1992 = PRESENTATION_STYLE_ASSIGNMENT (( #1348 ) ) ;
#1993 = ORIENTED_EDGE ( 'NONE', *, *, #974, .F. ) ;
#1994 = FACE_OUTER_BOUND ( 'NONE', #1357, .T. ) ;
#1995 = COLOUR_RGB ( '',0.0000000000000000000, 0.0000000000000000000, 0.03921568627450980338 ) ;
#1996 = CARTESIAN_POINT ( 'NONE',  ( 0.6999999999999998446, 0.7750000000000001332, -0.5249999999999999112 ) ) ;
#1997 = FACE_OUTER_BOUND ( 'NONE', #397, .T. ) ;
#1998 = EDGE_LOOP ( 'NONE', ( #1041, #1374, #499 ) ) ;
#1999 = STYLED_ITEM ( 'NONE', ( #4 ), #384 ) ;
#2000 = ORIENTED_EDGE ( 'NONE', *, *, #1752, .F. ) ;
#2001 = MECHANICAL_DESIGN_GEOMETRIC_PRESENTATION_REPRESENTATION (  '', ( #1740 ), #444 ) ;
#2002 = CARTESIAN_POINT ( 'NONE',  ( -0.7250000000000003109, 3.158495283014150612, -0.5999999999999999778 ) ) ;
#2003 = LINE ( 'NONE', #555, #1748 ) ;
#2004 = COLOUR_RGB ( '',0.0000000000000000000, 0.0000000000000000000, 0.03921568627450980338 ) ;
#2005 = VERTEX_POINT ( 'NONE', #750 ) ;
#2006 =( NAMED_UNIT ( * ) PLANE_ANGLE_UNIT ( ) SI_UNIT ( $, .RADIAN. ) );
#2007 = AXIS2_PLACEMENT_3D ( 'NONE', #778, #1428, #2067 ) ;
#2008 = VECTOR ( 'NONE', #1697, 1000.000000000000000 ) ;
#2009 = EDGE_CURVE ( 'NONE', #970, #1336, #1402, .T. ) ;
#2010 = CARTESIAN_POINT ( 'NONE',  ( 0.0000000000000000000, 0.6999999999999999556, -0.5249999999999999112 ) ) ;
#2011 = EDGE_CURVE ( 'NONE', #1500, #558, #1237, .T. ) ;
#2012 = DIRECTION ( 'NONE',  ( 1.000000000000000000, 0.0000000000000000000, 0.0000000000000000000 ) ) ;
#2013 = ORIENTED_EDGE ( 'NONE', *, *, #879, .F. ) ;
#2014 = DIRECTION ( 'NONE',  ( -1.000000000000000000, 0.0000000000000000000, 0.0000000000000000000 ) ) ;
#2015 = FACE_OUTER_BOUND ( 'NONE', #1731, .T. ) ;
#2016 = ORIENTED_EDGE ( 'NONE', *, *, #1210, .F. ) ;
#2017 = DIRECTION ( 'NONE',  ( 1.734723475976807341E-16, -0.0000000000000000000, 1.000000000000000000 ) ) ;
#2018 = FACE_OUTER_BOUND ( 'NONE', #1664, .T. ) ;
#2019 = ORIENTED_EDGE ( 'NONE', *, *, #1517, .F. ) ;
#2020 =( NAMED_UNIT ( * ) PLANE_ANGLE_UNIT ( ) SI_UNIT ( $, .RADIAN. ) );
#2021 = ORIENTED_EDGE ( 'NONE', *, *, #41, .F. ) ;
#2022 = CYLINDRICAL_SURFACE ( 'NONE', #2062, 0.02499999999999995628 ) ;
#2023 = ADVANCED_FACE ( 'NONE', ( #1071 ), #1737, .T. ) ;
#2024 = AXIS2_PLACEMENT_3D ( 'NONE', #1964, #508, #1147 ) ;
#2025 =( NAMED_UNIT ( * ) PLANE_ANGLE_UNIT ( ) SI_UNIT ( $, .RADIAN. ) );
#2026 = LINE ( 'NONE', #575, #90 ) ;
#2027 = FACE_OUTER_BOUND ( 'NONE', #211, .T. ) ;
#2028 = AXIS2_PLACEMENT_3D ( 'NONE', #586, #1232, #1889 ) ;
#2029 = DIRECTION ( 'NONE',  ( -1.000000000000000000, 0.0000000000000000000, 0.0000000000000000000 ) ) ;
#2030 = PRESENTATION_LAYER_ASSIGNMENT (  '', '', ( #855 ) ) ;
#2031 = ADVANCED_FACE ( 'NONE', ( #495 ), #344, .T. ) ;
#2032 = VERTEX_POINT ( 'NONE', #1795 ) ;
#2033 = EDGE_CURVE ( 'NONE', #1411, #1549, #821, .T. ) ;
#2034 = ORIENTED_EDGE ( 'NONE', *, *, #1966, .T. ) ;
#2035 = SURFACE_STYLE_FILL_AREA ( #1391 ) ;
#2036 = AXIS2_PLACEMENT_3D ( 'NONE', #1764, #312, #944 ) ;
#2037 = CARTESIAN_POINT ( 'NONE',  ( -0.9000000000000002442, 3.158495283014150612, 0.5250000000000000222 ) ) ;
#2038 = CARTESIAN_POINT ( 'NONE',  ( 0.9000000000000000222, 0.6999999999999999556, 0.6250000000000000000 ) ) ;
#2039 = PLANE ( 'NONE',  #2028 ) ;
#2040 = LINE ( 'NONE', #587, #1155 ) ;
#2041 = DIRECTION ( 'NONE',  ( -1.000000000000000000, 0.0000000000000000000, 0.0000000000000000000 ) ) ;
#2042 = SURFACE_STYLE_USAGE ( .BOTH. , #1399 ) ;
#2043 = ORIENTED_EDGE ( 'NONE', *, *, #560, .F. ) ;
#2044 = VECTOR ( 'NONE', #1645, 1000.000000000000000 ) ;
#2045 = CARTESIAN_POINT ( 'NONE',  ( -0.9000000000000002442, 3.158495283014150612, -0.6249999999999998890 ) ) ;
#2046 = CARTESIAN_POINT ( 'NONE',  ( -0.7250000000000003109, 0.09999999999999982514, 0.6250000000000001110 ) ) ;
#2047 = CARTESIAN_POINT ( 'NONE',  ( -0.7000000000000002887, 0.0000000000000000000, 0.6000000000000001998 ) ) ;
#2048 = EDGE_CURVE ( 'NONE', #1119, #132, #668, .T. ) ;
#2049 = CIRCLE ( 'NONE', #1136, 0.07499999999999998335 ) ;
#2050 = CARTESIAN_POINT ( 'NONE',  ( -1.000000000000000222, 0.6999999999999999556, -0.5249999999999999112 ) ) ;
#2051 = DIRECTION ( 'NONE',  ( -1.000000000000000000, 0.0000000000000000000, 0.0000000000000000000 ) ) ;
#2052 = ORIENTED_EDGE ( 'NONE', *, *, #666, .F. ) ;
#2053 = SURFACE_SIDE_STYLE ('',( #1413 ) ) ;
#2054 = ORIENTED_EDGE ( 'NONE', *, *, #630, .T. ) ;
#2055 = LINE ( 'NONE', #607, #1225 ) ;
#2056 = EDGE_CURVE ( 'NONE', #83, #763, #951, .T. ) ;
#2057 = DIRECTION ( 'NONE',  ( 0.0000000000000000000, -0.0000000000000000000, 1.000000000000000000 ) ) ;
#2058 = DIRECTION ( 'NONE',  ( -1.000000000000000000, 0.0000000000000000000, 0.0000000000000000000 ) ) ;
#2059 = DIRECTION ( 'NONE',  ( 0.0000000000000000000, 0.0000000000000000000, 1.000000000000000000 ) ) ;
#2060 = ORIENTED_EDGE ( 'NONE', *, *, #992, .F. ) ;
#2061 = CARTESIAN_POINT ( 'NONE',  ( -0.7000000000000002887, 0.6999999999999999556, -0.6249999999999998890 ) ) ;
#2062 = AXIS2_PLACEMENT_3D ( 'NONE', #1723, #275, #910 ) ;
#2063 =( LENGTH_UNIT ( ) NAMED_UNIT ( * ) SI_UNIT ( .MILLI., .METRE. ) );
#2064 = FACE_OUTER_BOUND ( 'NONE', #754, .T. ) ;
#2065 = AXIS2_PLACEMENT_3D ( 'NONE', #1718, #602, #1240 ) ;
#2066 = AXIS2_PLACEMENT_3D ( 'NONE', #113, #743, #1396 ) ;
#2067 = DIRECTION ( 'NONE',  ( 1.000000000000000000, 0.0000000000000000000, 0.0000000000000000000 ) ) ;
#2068 = AXIS2_PLACEMENT_3D ( 'NONE', #1727, #279, #943 ) ;
#2069 = DIRECTION ( 'NONE',  ( 0.0000000000000000000, 1.000000000000000000, -1.807003620809173646E-16 ) ) ;
#2070 = DIRECTION ( 'NONE',  ( 1.734723475976807341E-16, 0.0000000000000000000, 1.000000000000000000 ) ) ;
#2071 = EDGE_LOOP ( 'NONE', ( #380, #1991, #1390, #678 ) ) ;
#2072 = COLOUR_RGB ( '',0.0000000000000000000, 0.0000000000000000000, 0.03921568627450980338 ) ;
#2073 = UNCERTAINTY_MEASURE_WITH_UNIT (LENGTH_MEASURE( 1.000000000000000082E-05 ), #1617, 'distance_accuracy_value', 'NONE');
#2074 = AXIS2_PLACEMENT_3D ( 'NONE', #1590, #142, #774 ) ;
#2075 = CARTESIAN_POINT ( 'NONE',  ( -0.7250000000000003109, 0.6999999999999999556, 0.6000000000000001998 ) ) ;
#2076 = EDGE_CURVE ( 'NONE', #876, #589, #1220, .T. ) ;
#2077 = DIRECTION ( 'NONE',  ( -1.734723475976807341E-16, 0.0000000000000000000, -1.000000000000000000 ) ) ;
#2078 = CARTESIAN_POINT ( 'NONE',  ( 2.115097169808490829, 0.7750000000000001332, -0.5249999999999999112 ) ) ;
ENDSEC;
END-ISO-10303-21;
