ISO-10303-21;
HEADER;
FILE_DESCRIPTION (( 'STEP AP214' ),
    '1' );
FILE_NAME ('LM1117MP-3.3.STEP',
    '2019-07-28T10:22:41',
    ( '' ),
    ( '' ),
    'SwSTEP 2.0',
    'SolidWorks 2017',
    '' );
FILE_SCHEMA (( 'AUTOMOTIVE_DESIGN' ));
ENDSEC;

DATA;
#1 = DIRECTION ( 'NONE',  ( 0.0000000000000000000, -0.9961946980917461000, -0.08715574274765176800 ) ) ;
#2 = CARTESIAN_POINT ( 'NONE',  ( -2.674999999999999800, 0.1600967748736932300, 2.501830713051848200 ) ) ;
#3 = EDGE_CURVE ( 'NONE', #28, #1802, #1878, .T. ) ;
#4 = LINE ( 'NONE', #1087, #404 ) ;
#5 = SURFACE_STYLE_FILL_AREA ( #1348 ) ;
#6 = MECHANICAL_DESIGN_GEOMETRIC_PRESENTATION_REPRESENTATION (  '', ( #1788 ), #1371 ) ;
#7 = CARTESIAN_POINT ( 'NONE',  ( 2.674999999999999800, 0.1600967748736932300, 2.501830713051848200 ) ) ;
#8 = UNCERTAINTY_MEASURE_WITH_UNIT (LENGTH_MEASURE( 1.000000000000000100E-005 ), #339, 'distance_accuracy_value', 'NONE');
#9 = ADVANCED_FACE ( 'NONE', ( #1813 ), #115, .F. ) ;
#10 = SURFACE_STYLE_USAGE ( .BOTH. , #1539 ) ;
#11 = DIRECTION ( 'NONE',  ( 1.000000000000000000, 0.0000000000000000000, -0.0000000000000000000 ) ) ;
#12 = DIRECTION ( 'NONE',  ( 0.0000000000000000000, -1.539506535789528200E-016, -1.000000000000000000 ) ) ;
#13 = CARTESIAN_POINT ( 'NONE',  ( 3.250000000000000900, 0.0000000000000000000, -1.749999999999999600 ) ) ;
#14 = ORIENTED_EDGE ( 'NONE', *, *, #2202, .F. ) ;
#15 = CARTESIAN_POINT ( 'NONE',  ( -1.500000000000000000, 0.3029666598853878500, -2.048705328334524900 ) ) ;
#16 = EDGE_CURVE ( 'NONE', #503, #533, #301, .T. ) ;
#17 = DIRECTION ( 'NONE',  ( -1.000000000000000000, -0.0000000000000000000, -0.0000000000000000000 ) ) ;
#18 = LINE ( 'NONE', #2416, #1831 ) ;
#19 = EDGE_LOOP ( 'NONE', ( #2039, #2251, #1257, #446 ) ) ;
#20 = AXIS2_PLACEMENT_3D ( 'NONE', #1766, #2352, #1412 ) ;
#21 = EDGE_LOOP ( 'NONE', ( #1423, #1742, #1609, #703 ) ) ;
#22 = SURFACE_STYLE_FILL_AREA ( #409 ) ;
#23 = ORIENTED_EDGE ( 'NONE', *, *, #1165, .F. ) ;
#24 = PLANE ( 'NONE',  #2196 ) ;
#25 = DIRECTION ( 'NONE',  ( 0.0000000000000000000, -0.9961946980917461000, -0.08715574274765176800 ) ) ;
#26 = ORIENTED_EDGE ( 'NONE', *, *, #1709, .T. ) ;
#27 =( GEOMETRIC_REPRESENTATION_CONTEXT ( 3 ) GLOBAL_UNCERTAINTY_ASSIGNED_CONTEXT ( ( #1523 ) ) GLOBAL_UNIT_ASSIGNED_CONTEXT ( ( #440, #1725, #2309 ) ) REPRESENTATION_CONTEXT ( 'NONE', 'WORKASPACE' ) );
#28 = VERTEX_POINT ( 'NONE', #2023 ) ;
#29 = DIRECTION ( 'NONE',  ( 1.000000000000000000, 0.0000000000000000000, 0.0000000000000000000 ) ) ;
#30 = CARTESIAN_POINT ( 'NONE',  ( 1.500000000000000000, -0.3038325786518228900, -3.416892559463820400 ) ) ;
#31 = LINE ( 'NONE', #1563, #2088 ) ;
#32 = CARTESIAN_POINT ( 'NONE',  ( 2.674999999999999800, -0.3038325786518236700, 3.416892559463820400 ) ) ;
#33 = ORIENTED_EDGE ( 'NONE', *, *, #923, .T. ) ;
#34 = DIRECTION ( 'NONE',  ( 0.0000000000000000000, 0.0000000000000000000, -1.000000000000000000 ) ) ;
#35 = PRESENTATION_STYLE_ASSIGNMENT (( #1724 ) ) ;
#36 = EDGE_CURVE ( 'NONE', #1117, #1445, #1694, .T. ) ;
#37 = VECTOR ( 'NONE', #2031, 1000.000000000000000 ) ;
#38 = ORIENTED_EDGE ( 'NONE', *, *, #923, .F. ) ;
#39 = CARTESIAN_POINT ( 'NONE',  ( 1.925000000000000000, -0.5000000000000000000, 2.067223637803944100 ) ) ;
#40 = CARTESIAN_POINT ( 'NONE',  ( 0.3750000000000000000, 0.0000000000000000000, 2.067223637803944100 ) ) ;
#41 = PRESENTATION_LAYER_ASSIGNMENT (  '', '', ( #2354 ) ) ;
#42 = FACE_OUTER_BOUND ( 'NONE', #1185, .T. ) ;
#43 = DIRECTION ( 'NONE',  ( 0.0000000000000000000, 0.0000000000000000000, 1.000000000000000000 ) ) ;
#44 = CARTESIAN_POINT ( 'NONE',  ( 1.925000000000000000, -0.3111035375533938200, 3.500000000000000000 ) ) ;
#45 = VERTEX_POINT ( 'NONE', #317 ) ;
#46 = VECTOR ( 'NONE', #2113, 1000.000000000000000 ) ;
#47 = ORIENTED_EDGE ( 'NONE', *, *, #1432, .T. ) ;
#48 = LINE ( 'NONE', #548, #1085 ) ;
#49 = ORIENTED_EDGE ( 'NONE', *, *, #532, .T. ) ;
#50 = CARTESIAN_POINT ( 'NONE',  ( -1.925000000000000000, 0.1600967748736932300, 2.501830713051848200 ) ) ;
#51 = CARTESIAN_POINT ( 'NONE',  ( 2.674999999999999800, -0.5927290410984301600, 3.391617394067000500 ) ) ;
#52 = VERTEX_POINT ( 'NONE', #1268 ) ;
#53 = EDGE_CURVE ( 'NONE', #998, #896, #1095, .T. ) ;
#54 = CARTESIAN_POINT ( 'NONE',  ( -0.3750000000000000000, -0.1124459071561911700, 2.891062001144981700 ) ) ;
#55 = AXIS2_PLACEMENT_3D ( 'NONE', #966, #1138, #1894 ) ;
#56 = CARTESIAN_POINT ( 'NONE',  ( 0.3750000000000000000, 0.3029666598853873500, 1.696578803607081500 ) ) ;
#57 = ORIENTED_EDGE ( 'NONE', *, *, #1068, .T. ) ;
#58 = CARTESIAN_POINT ( 'NONE',  ( -1.925000000000000000, 0.1600967748736932300, 2.501830713051848200 ) ) ;
#59 = DIRECTION ( 'NONE',  ( 2.478176394252581600E-016, 0.0000000000000000000, 1.000000000000000000 ) ) ;
#60 = MANIFOLD_SOLID_BREP ( 'Boss-Extrude2', #705 ) ;
#61 = DIRECTION ( 'NONE',  ( -1.000000000000000000, -0.0000000000000000000, 0.0000000000000000000 ) ) ;
#62 = EDGE_CURVE ( 'NONE', #1036, #386, #4, .T. ) ;
#63 = DIRECTION ( 'NONE',  ( -1.000000000000000000, -0.0000000000000000000, -0.0000000000000000000 ) ) ;
#64 = FILL_AREA_STYLE_COLOUR ( '', #545 ) ;
#65 = FACE_OUTER_BOUND ( 'NONE', #263, .T. ) ;
#66 = ORIENTED_EDGE ( 'NONE', *, *, #374, .T. ) ;
#67 = EDGE_CURVE ( 'NONE', #630, #2049, #1163, .T. ) ;
#68 = DIRECTION ( 'NONE',  ( -1.000000000000000000, -0.0000000000000000000, -0.0000000000000000000 ) ) ;
#69 = CARTESIAN_POINT ( 'NONE',  ( 2.674999999999999800, -0.09042397785550258800, 2.354011855979464900 ) ) ;
#70 = CARTESIAN_POINT ( 'NONE',  ( 0.3750000000000000000, -0.3038325786518236700, 3.416892559463820400 ) ) ;
#71 = CARTESIAN_POINT ( 'NONE',  ( -1.925000000000000000, 0.1600967748736932300, 2.501830713051848200 ) ) ;
#72 = CIRCLE ( 'NONE', #891, 1.081020123596101400 ) ;
#73 = EDGE_LOOP ( 'NONE', ( #1337, #1965, #1748, #1687 ) ) ;
#74 = VECTOR ( 'NONE', #1494, 1000.000000000000100 ) ;
#75 = ORIENTED_EDGE ( 'NONE', *, *, #243, .F. ) ;
#76 = DIRECTION ( 'NONE',  ( 0.0000000000000000000, 0.0000000000000000000, 1.000000000000000000 ) ) ;
#77 = DIRECTION ( 'NONE',  ( 0.0000000000000000000, -0.08715574274765837400, -0.9961946980917455500 ) ) ;
#78 = VERTEX_POINT ( 'NONE', #334 ) ;
#79 = CARTESIAN_POINT ( 'NONE',  ( -0.3750000000000000000, -0.5000000000000000000, 2.067223637803944100 ) ) ;
#80 = EDGE_CURVE ( 'NONE', #1721, #2015, #1235, .T. ) ;
#81 = ORIENTED_EDGE ( 'NONE', *, *, #1970, .F. ) ;
#82 = CARTESIAN_POINT ( 'NONE',  ( 0.3750000000000000000, 0.7730739370050967500, 3.511109671260997300 ) ) ;
#83 =( GEOMETRIC_REPRESENTATION_CONTEXT ( 3 ) GLOBAL_UNCERTAINTY_ASSIGNED_CONTEXT ( ( #650 ) ) GLOBAL_UNIT_ASSIGNED_CONTEXT ( ( #574, #1524, #593 ) ) REPRESENTATION_CONTEXT ( 'NONE', 'WORKASPACE' ) );
#84 = CARTESIAN_POINT ( 'NONE',  ( -1.925000000000000000, -0.6000000000000003100, 3.474724834603180900 ) ) ;
#85 = PLANE ( 'NONE',  #1060 ) ;
#86 = VECTOR ( 'NONE', #649, 1000.000000000000000 ) ;
#87 = FACE_OUTER_BOUND ( 'NONE', #633, .T. ) ;
#88 = PLANE ( 'NONE',  #1953 ) ;
#89 = DIRECTION ( 'NONE',  ( -0.0000000000000000000, 0.8191520442889948000, 0.5735764363510417200 ) ) ;
#90 = LINE ( 'NONE', #134, #2010 ) ;
#91 = FACE_OUTER_BOUND ( 'NONE', #713, .T. ) ;
#92 = EDGE_CURVE ( 'NONE', #1368, #417, #1848, .T. ) ;
#93 = FACE_OUTER_BOUND ( 'NONE', #2289, .T. ) ;
#94 = CARTESIAN_POINT ( 'NONE',  ( -0.3750000000000000000, 0.3029666598853874000, 2.048705328334524900 ) ) ;
#95 = ORIENTED_EDGE ( 'NONE', *, *, #2316, .T. ) ;
#96 = FILL_AREA_STYLE ('',( #864 ) ) ;
#97 = EDGE_LOOP ( 'NONE', ( #1777, #818, #424, #1010 ) ) ;
#98 = CARTESIAN_POINT ( 'NONE',  ( 2.674999999999999800, -0.5927290410984301600, 3.391617394067000500 ) ) ;
#99 = COLOUR_RGB ( '',1.000000000000000000, 1.000000000000000000, 1.000000000000000000 ) ;
#100 = PRESENTATION_STYLE_ASSIGNMENT (( #1362 ) ) ;
#101 = ORIENTED_EDGE ( 'NONE', *, *, #933, .T. ) ;
#102 = SURFACE_SIDE_STYLE ('',( #2060 ) ) ;
#103 = VERTEX_POINT ( 'NONE', #1073 ) ;
#104 = ORIENTED_EDGE ( 'NONE', *, *, #2409, .F. ) ;
#105 = DIRECTION ( 'NONE',  ( 0.0000000000000000000, 0.08715574274765255900, -0.9961946980917461000 ) ) ;
#106 = EDGE_CURVE ( 'NONE', #1707, #155, #273, .T. ) ;
#107 = EDGE_LOOP ( 'NONE', ( #1543, #2368, #1675, #1113, #2376, #1052, #479, #655, #2201, #2285, #1459, #1898 ) ) ;
#108 = CARTESIAN_POINT ( 'NONE',  ( -2.674999999999999800, 0.0000000000000000000, 1.750000000000000400 ) ) ;
#109 = STYLED_ITEM ( 'NONE', ( #2436 ), #420 ) ;
#110 = CARTESIAN_POINT ( 'NONE',  ( -2.674999999999999800, -0.4870333401146127400, 2.048705328334524900 ) ) ;
#111 = EDGE_LOOP ( 'NONE', ( #95, #1651, #1641, #1004 ) ) ;
#112 = CARTESIAN_POINT ( 'NONE',  ( 2.674999999999999800, -0.3500000000000002600, 2.724724834603180500 ) ) ;
#113 = STYLED_ITEM ( 'NONE', ( #487 ), #1547 ) ;
#114 = LINE ( 'NONE', #2424, #2091 ) ;
#115 = PLANE ( 'NONE',  #1315 ) ;
#116 = DIRECTION ( 'NONE',  ( -1.000000000000000000, -0.0000000000000000000, -0.0000000000000000000 ) ) ;
#117 = CARTESIAN_POINT ( 'NONE',  ( -0.3750000000000000000, -0.3111035375533938200, 3.500000000000000000 ) ) ;
#118 = PLANE ( 'NONE',  #170 ) ;
#119 = CIRCLE ( 'NONE', #493, 0.7900000000000001500 ) ;
#120 = VERTEX_POINT ( 'NONE', #112 ) ;
#121 = EDGE_CURVE ( 'NONE', #45, #2283, #518, .T. ) ;
#122 = ORIENTED_EDGE ( 'NONE', *, *, #203, .F. ) ;
#123 = MECHANICAL_DESIGN_GEOMETRIC_PRESENTATION_REPRESENTATION (  '', ( #1320 ), #1573 ) ;
#124 = FILL_AREA_STYLE ('',( #1079 ) ) ;
#125 = ORIENTED_EDGE ( 'NONE', *, *, #1709, .F. ) ;
#126 =( GEOMETRIC_REPRESENTATION_CONTEXT ( 3 ) GLOBAL_UNCERTAINTY_ASSIGNED_CONTEXT ( ( #1454 ) ) GLOBAL_UNIT_ASSIGNED_CONTEXT ( ( #781, #384, #1178 ) ) REPRESENTATION_CONTEXT ( 'NONE', 'WORKASPACE' ) );
#127 = PLANE ( 'NONE',  #295 ) ;
#128 = ORIENTED_EDGE ( 'NONE', *, *, #320, .F. ) ;
#129 = CARTESIAN_POINT ( 'NONE',  ( -1.925000000000000000, 0.0000000000000000000, 1.750000000000000400 ) ) ;
#130 = ORIENTED_EDGE ( 'NONE', *, *, #994, .F. ) ;
#131 = EDGE_CURVE ( 'NONE', #1865, #661, #463, .T. ) ;
#132 = FACE_OUTER_BOUND ( 'NONE', #1564, .T. ) ;
#133 = ORIENTED_EDGE ( 'NONE', *, *, #2109, .F. ) ;
#134 = CARTESIAN_POINT ( 'NONE',  ( -3.249999999999998200, 1.200000000000000000, 1.538407623149842000 ) ) ;
#135 = LINE ( 'NONE', #2005, #1610 ) ;
#136 = VECTOR ( 'NONE', #766, 1000.000000000000000 ) ;
#137 = AXIS2_PLACEMENT_3D ( 'NONE', #671, #2366, #885 ) ;
#138 = CARTESIAN_POINT ( 'NONE',  ( -3.249999999999998200, 0.0000000000000000000, 1.750000000000000400 ) ) ;
#139 = VECTOR ( 'NONE', #1562, 1000.000000000000100 ) ;
#140 = LINE ( 'NONE', #1905, #1529 ) ;
#141 = STYLED_ITEM ( 'NONE', ( #1996 ), #1364 ) ;
#142 = VECTOR ( 'NONE', #314, 1000.000000000000000 ) ;
#143 = CARTESIAN_POINT ( 'NONE',  ( -2.674999999999999800, 0.3029666598853874000, 2.048705328334524900 ) ) ;
#144 = VECTOR ( 'NONE', #1224, 1000.000000000000000 ) ;
#145 = DIRECTION ( 'NONE',  ( -0.0000000000000000000, 0.08715574274765210100, -0.9961946980917459900 ) ) ;
#146 = ORIENTED_EDGE ( 'NONE', *, *, #1906, .T. ) ;
#147 = CARTESIAN_POINT ( 'NONE',  ( 2.674999999999999800, 0.0000000000000000000, 1.750000000000000400 ) ) ;
#148 = LINE ( 'NONE', #2280, #1793 ) ;
#149 = EDGE_CURVE ( 'NONE', #483, #2398, #1317, .T. ) ;
#150 = CARTESIAN_POINT ( 'NONE',  ( 0.3750000000000000000, -0.5000000000000000000, 2.067223637803944100 ) ) ;
#151 = DIRECTION ( 'NONE',  ( -0.08682659386424776400, 0.9924325091389669700, 0.08682659386424779200 ) ) ;
#152 = MECHANICAL_DESIGN_GEOMETRIC_PRESENTATION_REPRESENTATION (  '', ( #1493 ), #1954 ) ;
#153 = CARTESIAN_POINT ( 'NONE',  ( 1.500000000000000000, 0.1600967748736938600, -2.501830713051848200 ) ) ;
#154 = FACE_OUTER_BOUND ( 'NONE', #1457, .T. ) ;
#155 = VERTEX_POINT ( 'NONE', #2457 ) ;
#156 = DIRECTION ( 'NONE',  ( 0.0000000000000000000, -0.8191520442889944600, -0.5735764363510423800 ) ) ;
#157 = ORIENTED_EDGE ( 'NONE', *, *, #291, .F. ) ;
#158 = ORIENTED_EDGE ( 'NONE', *, *, #504, .T. ) ;
#159 = ORIENTED_EDGE ( 'NONE', *, *, #571, .F. ) ;
#160 = CARTESIAN_POINT ( 'NONE',  ( -3.038407623149840500, 1.200000000000000000, -1.749999999999999600 ) ) ;
#161 = VERTEX_POINT ( 'NONE', #341 ) ;
#162 = DIRECTION ( 'NONE',  ( 1.000000000000000000, 0.0000000000000000000, -0.0000000000000000000 ) ) ;
#163 = EDGE_LOOP ( 'NONE', ( #2071, #2016, #2188, #1489 ) ) ;
#164 = ORIENTED_EDGE ( 'NONE', *, *, #1419, .T. ) ;
#165 = VECTOR ( 'NONE', #1045, 1000.000000000000000 ) ;
#166 = VERTEX_POINT ( 'NONE', #380 ) ;
#167 = ORIENTED_EDGE ( 'NONE', *, *, #1785, .F. ) ;
#168 = EDGE_CURVE ( 'NONE', #805, #696, #2235, .T. ) ;
#169 = FILL_AREA_STYLE_COLOUR ( '', #2426 ) ;
#170 = AXIS2_PLACEMENT_3D ( 'NONE', #1119, #663, #1444 ) ;
#171 = DIRECTION ( 'NONE',  ( -1.000000000000000000, -0.0000000000000000000, -0.0000000000000000000 ) ) ;
#172 = ADVANCED_FACE ( 'NONE', ( #860 ), #541, .F. ) ;
#173 = FACE_OUTER_BOUND ( 'NONE', #476, .T. ) ;
#174 = LINE ( 'NONE', #1166, #1517 ) ;
#175 = AXIS2_PLACEMENT_3D ( 'NONE', #1183, #1000, #1741 ) ;
#176 = VERTEX_POINT ( 'NONE', #2274 ) ;
#177 = UNCERTAINTY_MEASURE_WITH_UNIT (LENGTH_MEASURE( 1.000000000000000100E-005 ), #385, 'distance_accuracy_value', 'NONE');
#178 = FILL_AREA_STYLE ('',( #1352 ) ) ;
#179 = PLANE ( 'NONE',  #1033 ) ;
#180 = UNCERTAINTY_MEASURE_WITH_UNIT (LENGTH_MEASURE( 1.000000000000000100E-005 ), #250, 'distance_accuracy_value', 'NONE');
#181 = CARTESIAN_POINT ( 'NONE',  ( 1.500000000000000000, -0.3111035375533938200, -3.499999999999999100 ) ) ;
#182 = PLANE ( 'NONE',  #721 ) ;
#183 = EDGE_CURVE ( 'NONE', #220, #1067, #1882, .T. ) ;
#184 = CARTESIAN_POINT ( 'NONE',  ( 1.500000000000000000, -0.3111035375533938200, -3.499999999999999100 ) ) ;
#185 = ORIENTED_EDGE ( 'NONE', *, *, #1554, .F. ) ;
#186 = ORIENTED_EDGE ( 'NONE', *, *, #1538, .F. ) ;
#187 = MECHANICAL_DESIGN_GEOMETRIC_PRESENTATION_REPRESENTATION (  '', ( #2247 ), #1642 ) ;
#188 = ADVANCED_FACE ( 'NONE', ( #2027 ), #2442, .F. ) ;
#189 =( NAMED_UNIT ( * ) PLANE_ANGLE_UNIT ( ) SI_UNIT ( $, .RADIAN. ) );
#190 = ADVANCED_FACE ( 'NONE', ( #512 ), #922, .F. ) ;
#191 = SURFACE_STYLE_USAGE ( .BOTH. , #1542 ) ;
#192 = CLOSED_SHELL ( 'NONE', ( #1308, #792, #1114, #555, #420, #2265, #1364, #1547, #1914, #802, #601, #1328, #2268, #2437 ) ) ;
#193 = CARTESIAN_POINT ( 'NONE',  ( 3.206255668237039600, -0.5000000000000000000, 1.706255668237038400 ) ) ;
#194 = DIRECTION ( 'NONE',  ( -0.0000000000000000000, 0.9848077530122079100, -0.1736481776669309700 ) ) ;
#195 = EDGE_LOOP ( 'NONE', ( #2395, #23, #167, #1665 ) ) ;
#196 = VERTEX_POINT ( 'NONE', #1516 ) ;
#197 = SURFACE_SIDE_STYLE ('',( #575 ) ) ;
#198 = AXIS2_PLACEMENT_3D ( 'NONE', #1851, #1440, #1046 ) ;
#199 = VERTEX_POINT ( 'NONE', #1507 ) ;
#200 = CARTESIAN_POINT ( 'NONE',  ( 2.674999999999999800, 0.7730739370050967500, 3.511109671260997300 ) ) ;
#201 = VERTEX_POINT ( 'NONE', #138 ) ;
#202 = VERTEX_POINT ( 'NONE', #549 ) ;
#203 = EDGE_CURVE ( 'NONE', #1445, #2077, #356, .T. ) ;
#204 = VECTOR ( 'NONE', #676, 1000.000000000000000 ) ;
#205 =( LENGTH_UNIT ( ) NAMED_UNIT ( * ) SI_UNIT ( .MILLI., .METRE. ) );
#206 = DIRECTION ( 'NONE',  ( 0.0000000000000000000, 0.0000000000000000000, 1.000000000000000000 ) ) ;
#207 = EDGE_CURVE ( 'NONE', #1487, #1743, #271, .T. ) ;
#208 = LINE ( 'NONE', #1515, #709 ) ;
#209 = PRODUCT_CONTEXT ( 'NONE', #1710, 'mechanical' ) ;
#210 = CARTESIAN_POINT ( 'NONE',  ( 1.500000000000000000, -0.3499999999999996400, -2.724724834603180500 ) ) ;
#211 = PRESENTATION_LAYER_ASSIGNMENT (  '', '', ( #939 ) ) ;
#212 = COLOUR_RGB ( '',1.000000000000000000, 1.000000000000000000, 1.000000000000000000 ) ;
#213 = SURFACE_SIDE_STYLE ('',( #1439 ) ) ;
#214 = DIRECTION ( 'NONE',  ( 0.0000000000000000000, -0.5735764363510422700, 0.8191520442889944600 ) ) ;
#215 = COLOUR_RGB ( '',1.000000000000000000, 1.000000000000000000, 1.000000000000000000 ) ;
#216 = ORIENTED_EDGE ( 'NONE', *, *, #413, .T. ) ;
#217 = FILL_AREA_STYLE ('',( #1378 ) ) ;
#218 = SURFACE_SIDE_STYLE ('',( #1623 ) ) ;
#219 = SURFACE_SIDE_STYLE ('',( #2177 ) ) ;
#220 = VERTEX_POINT ( 'NONE', #390 ) ;
#221 = DIRECTION ( 'NONE',  ( 0.0000000000000000000, -0.0000000000000000000, 1.000000000000000000 ) ) ;
#222 = ORIENTED_EDGE ( 'NONE', *, *, #1383, .T. ) ;
#223 = SURFACE_STYLE_USAGE ( .BOTH. , #213 ) ;
#224 = EDGE_CURVE ( 'NONE', #530, #52, #1350, .T. ) ;
#225 = CARTESIAN_POINT ( 'NONE',  ( 1.500000000000000000, 0.3029666598853878500, -2.048705328334524900 ) ) ;
#226 = ORIENTED_EDGE ( 'NONE', *, *, #1050, .T. ) ;
#227 =( GEOMETRIC_REPRESENTATION_CONTEXT ( 3 ) GLOBAL_UNCERTAINTY_ASSIGNED_CONTEXT ( ( #2019 ) ) GLOBAL_UNIT_ASSIGNED_CONTEXT ( ( #758, #373, #1699 ) ) REPRESENTATION_CONTEXT ( 'NONE', 'WORKASPACE' ) );
#228 = ORIENTED_EDGE ( 'NONE', *, *, #1285, .T. ) ;
#229 = FILL_AREA_STYLE_COLOUR ( '', #526 ) ;
#230 = ORIENTED_EDGE ( 'NONE', *, *, #2351, .F. ) ;
#231 = EDGE_LOOP ( 'NONE', ( #226, #1901, #2075, #452 ) ) ;
#232 = DIRECTION ( 'NONE',  ( -2.478176394252581600E-016, -0.0000000000000000000, -1.000000000000000000 ) ) ;
#233 = CARTESIAN_POINT ( 'NONE',  ( 1.500000000000000000, -0.4870333401146122500, -2.048705328334524900 ) ) ;
#234 = ORIENTED_EDGE ( 'NONE', *, *, #36, .F. ) ;
#235 = CARTESIAN_POINT ( 'NONE',  ( -1.500000000000000000, 0.3029666598853877300, -1.696578803607081900 ) ) ;
#236 = MECHANICAL_DESIGN_GEOMETRIC_PRESENTATION_REPRESENTATION (  '', ( #1471 ), #672 ) ;
#237 = VERTEX_POINT ( 'NONE', #1164 ) ;
#238 = VECTOR ( 'NONE', #1255, 1000.000000000000100 ) ;
#239 = ORIENTED_EDGE ( 'NONE', *, *, #2017, .T. ) ;
#240 =( NAMED_UNIT ( * ) SI_UNIT ( $, .STERADIAN. ) SOLID_ANGLE_UNIT ( ) );
#241 = LINE ( 'NONE', #433, #678 ) ;
#242 = PLANE ( 'NONE',  #2212 ) ;
#243 = EDGE_CURVE ( 'NONE', #1319, #630, #2004, .T. ) ;
#244 = DIRECTION ( 'NONE',  ( -1.000000000000000000, -0.0000000000000000000, -0.0000000000000000000 ) ) ;
#245 = MANIFOLD_SOLID_BREP ( 'LPattern1[1]', #1868 ) ;
#246 = EDGE_CURVE ( 'NONE', #294, #1962, #148, .T. ) ;
#247 = DIRECTION ( 'NONE',  ( -0.0000000000000000000, 0.1736481776669310000, 0.9848077530122080200 ) ) ;
#248 = CYLINDRICAL_SURFACE ( 'NONE', #1754, 1.371020123596101700 ) ;
#249 = EDGE_LOOP ( 'NONE', ( #693, #1041, #2315, #2322 ) ) ;
#250 =( LENGTH_UNIT ( ) NAMED_UNIT ( * ) SI_UNIT ( .MILLI., .METRE. ) );
#251 = CARTESIAN_POINT ( 'NONE',  ( 3.147551292890173400, 0.5810154900753052900, 1.647551292890172100 ) ) ;
#252 =( GEOMETRIC_REPRESENTATION_CONTEXT ( 3 ) GLOBAL_UNCERTAINTY_ASSIGNED_CONTEXT ( ( #180 ) ) GLOBAL_UNIT_ASSIGNED_CONTEXT ( ( #250, #1580, #1763 ) ) REPRESENTATION_CONTEXT ( 'NONE', 'WORKASPACE' ) );
#253 = PLANE ( 'NONE',  #20 ) ;
#254 = DIRECTION ( 'NONE',  ( 0.0000000000000000000, -0.0000000000000000000, 1.000000000000000000 ) ) ;
#255 = DIRECTION ( 'NONE',  ( -1.000000000000000000, -0.0000000000000000000, 0.0000000000000000000 ) ) ;
#256 = CARTESIAN_POINT ( 'NONE',  ( -0.3750000000000000000, 0.7730739370050967500, 3.511109671260997300 ) ) ;
#257 = EDGE_CURVE ( 'NONE', #494, #483, #1108, .T. ) ;
#258 = CARTESIAN_POINT ( 'NONE',  ( 1.500000000000000000, 0.1600967748736937300, -2.501830713051848200 ) ) ;
#259 = VERTEX_POINT ( 'NONE', #15 ) ;
#260 = VERTEX_POINT ( 'NONE', #405 ) ;
#261 = AXIS2_PLACEMENT_3D ( 'NONE', #2068, #1718, #607 ) ;
#262 = PRESENTATION_STYLE_ASSIGNMENT (( #2078 ) ) ;
#263 = EDGE_LOOP ( 'NONE', ( #1568, #1646, #1430, #1120 ) ) ;
#264 = FILL_AREA_STYLE_COLOUR ( '', #2383 ) ;
#265 = PRESENTATION_STYLE_ASSIGNMENT (( #1274 ) ) ;
#266 = EDGE_LOOP ( 'NONE', ( #1184, #927, #75, #1482 ) ) ;
#267 = CARTESIAN_POINT ( 'NONE',  ( 1.500000000000000000, 0.0000000000000000000, -1.749999999999999600 ) ) ;
#268 = ORIENTED_EDGE ( 'NONE', *, *, #677, .F. ) ;
#269 = LINE ( 'NONE', #58, #1260 ) ;
#270 = MECHANICAL_DESIGN_GEOMETRIC_PRESENTATION_REPRESENTATION (  '', ( #1175 ), #1676 ) ;
#271 = LINE ( 'NONE', #2084, #857 ) ;
#272 = CARTESIAN_POINT ( 'NONE',  ( 2.674999999999999800, 0.7730739370050967500, 3.511109671260997300 ) ) ;
#273 = CIRCLE ( 'NONE', #612, 0.7900000000000001500 ) ;
#274 = FILL_AREA_STYLE ('',( #264 ) ) ;
#275 = EDGE_CURVE ( 'NONE', #1445, #530, #1295, .T. ) ;
#276 =( NAMED_UNIT ( * ) SI_UNIT ( $, .STERADIAN. ) SOLID_ANGLE_UNIT ( ) );
#277 =( NAMED_UNIT ( * ) PLANE_ANGLE_UNIT ( ) SI_UNIT ( $, .RADIAN. ) );
#278 = PRESENTATION_LAYER_ASSIGNMENT (  '', '', ( #1890 ) ) ;
#279 = DIRECTION ( 'NONE',  ( -1.000000000000000000, -0.0000000000000000000, -0.0000000000000000000 ) ) ;
#280 = ORIENTED_EDGE ( 'NONE', *, *, #1272, .T. ) ;
#281 = FILL_AREA_STYLE_COLOUR ( '', #673 ) ;
#282 = ORIENTED_EDGE ( 'NONE', *, *, #1583, .F. ) ;
#283 = AXIS2_PLACEMENT_3D ( 'NONE', #1327, #2257, #1943 ) ;
#284 = VECTOR ( 'NONE', #2164, 1000.000000000000000 ) ;
#285 = LINE ( 'NONE', #539, #74 ) ;
#286 = ORIENTED_EDGE ( 'NONE', *, *, #1887, .F. ) ;
#287 = FILL_AREA_STYLE ('',( #882 ) ) ;
#288 = ORIENTED_EDGE ( 'NONE', *, *, #2175, .F. ) ;
#289 =( NAMED_UNIT ( * ) PLANE_ANGLE_UNIT ( ) SI_UNIT ( $, .RADIAN. ) );
#290 = ORIENTED_EDGE ( 'NONE', *, *, #719, .T. ) ;
#291 = EDGE_CURVE ( 'NONE', #1546, #700, #2130, .T. ) ;
#292 = ORIENTED_EDGE ( 'NONE', *, *, #1833, .T. ) ;
#293 = DIRECTION ( 'NONE',  ( -1.000000000000000000, -0.0000000000000000000, -0.0000000000000000000 ) ) ;
#294 = VERTEX_POINT ( 'NONE', #787 ) ;
#295 = AXIS2_PLACEMENT_3D ( 'NONE', #722, #905, #1842 ) ;
#296 = ORIENTED_EDGE ( 'NONE', *, *, #2333, .T. ) ;
#297 = DIRECTION ( 'NONE',  ( 0.0000000000000000000, -0.08715574274765210100, 0.9961946980917459900 ) ) ;
#298 = SURFACE_STYLE_FILL_AREA ( #274 ) ;
#299 = EDGE_LOOP ( 'NONE', ( #948, #784, #1252, #2111 ) ) ;
#300 = PRESENTATION_LAYER_ASSIGNMENT (  '', '', ( #544 ) ) ;
#301 = CIRCLE ( 'NONE', #898, 0.5000000000000000000 ) ;
#302 = CARTESIAN_POINT ( 'NONE',  ( 1.500000000000000000, 0.3029666598853878500, -2.048705328334524900 ) ) ;
#303 = DIRECTION ( 'NONE',  ( -1.000000000000000000, -0.0000000000000000000, 0.0000000000000000000 ) ) ;
#304 = FACE_OUTER_BOUND ( 'NONE', #1198, .T. ) ;
#305 = LINE ( 'NONE', #143, #711 ) ;
#306 = EDGE_CURVE ( 'NONE', #419, #980, #807, .T. ) ;
#307 = VECTOR ( 'NONE', #2374, 1000.000000000000000 ) ;
#308 = ORIENTED_EDGE ( 'NONE', *, *, #2040, .F. ) ;
#309 = AXIS2_PLACEMENT_3D ( 'NONE', #845, #1744, #2160 ) ;
#310 = CARTESIAN_POINT ( 'NONE',  ( -1.500000000000000000, -0.09042397785550189400, -2.354011855979464900 ) ) ;
#311 = CARTESIAN_POINT ( 'NONE',  ( 1.925000000000000000, -0.4870333401146127400, 2.048705328334524900 ) ) ;
#312 = AXIS2_PLACEMENT_3D ( 'NONE', #32, #832, #618 ) ;
#313 = VECTOR ( 'NONE', #652, 1000.000000000000200 ) ;
#314 = DIRECTION ( 'NONE',  ( -0.0000000000000000000, 0.5735764363510419400, 0.8191520442889946900 ) ) ;
#315 = PLANE ( 'NONE',  #2443 ) ;
#316 = VERTEX_POINT ( 'NONE', #1545 ) ;
#317 = CARTESIAN_POINT ( 'NONE',  ( 0.3750000000000000000, -0.3111035375533938200, 3.500000000000000000 ) ) ;
#318 = ORIENTED_EDGE ( 'NONE', *, *, #823, .F. ) ;
#319 = UNCERTAINTY_MEASURE_WITH_UNIT (LENGTH_MEASURE( 1.000000000000000100E-005 ), #1099, 'distance_accuracy_value', 'NONE');
#320 = EDGE_CURVE ( 'NONE', #1802, #635, #2328, .T. ) ;
#321 = EDGE_LOOP ( 'NONE', ( #1214, #1591, #282, #1193 ) ) ;
#322 = FACE_OUTER_BOUND ( 'NONE', #780, .T. ) ;
#323 = EDGE_LOOP ( 'NONE', ( #1762, #1153, #2404, #1872 ) ) ;
#324 = EDGE_CURVE ( 'NONE', #661, #237, #1380, .T. ) ;
#325 = CARTESIAN_POINT ( 'NONE',  ( -1.925000000000000000, -0.09042397785550247700, 2.354011855979464900 ) ) ;
#326 = COLOUR_RGB ( '',1.000000000000000000, 1.000000000000000000, 1.000000000000000000 ) ;
#327 = DIRECTION ( 'NONE',  ( -1.000000000000000000, -0.0000000000000000000, -0.0000000000000000000 ) ) ;
#328 = CARTESIAN_POINT ( 'NONE',  ( 1.500000000000000000, -0.5927290410984292800, -3.391617394067001400 ) ) ;
#329 = FACE_OUTER_BOUND ( 'NONE', #1702, .T. ) ;
#330 = STYLED_ITEM ( 'NONE', ( #1606 ), #1914 ) ;
#331 = PRESENTATION_STYLE_ASSIGNMENT (( #749 ) ) ;
#332 = DIRECTION ( 'NONE',  ( -0.0000000000000000000, -0.9848077530122088000, -0.1736481776669266700 ) ) ;
#333 = VECTOR ( 'NONE', #151, 1000.000000000000100 ) ;
#334 = CARTESIAN_POINT ( 'NONE',  ( 1.925000000000000000, 0.0000000000000000000, 2.067223637803944100 ) ) ;
#335 = EDGE_CURVE ( 'NONE', #103, #1118, #361, .T. ) ;
#336 = COLOUR_RGB ( '',1.000000000000000000, 1.000000000000000000, 1.000000000000000000 ) ;
#337 = AXIS2_PLACEMENT_3D ( 'NONE', #942, #360, #1294 ) ;
#338 = CARTESIAN_POINT ( 'NONE',  ( 1.925000000000000000, 0.1600967748736932300, 2.501830713051848200 ) ) ;
#339 =( LENGTH_UNIT ( ) NAMED_UNIT ( * ) SI_UNIT ( .MILLI., .METRE. ) );
#340 = STYLED_ITEM ( 'NONE', ( #572 ), #1328 ) ;
#341 = CARTESIAN_POINT ( 'NONE',  ( 3.250000000000001800, 0.0000000000000000000, 1.750000000000000400 ) ) ;
#342 = VECTOR ( 'NONE', #1398, 1000.000000000000000 ) ;
#343 = FACE_OUTER_BOUND ( 'NONE', #1191, .T. ) ;
#344 = LINE ( 'NONE', #2101, #1299 ) ;
#345 = VERTEX_POINT ( 'NONE', #1576 ) ;
#346 = DIRECTION ( 'NONE',  ( 0.0000000000000000000, 0.08715574274766378600, 0.9961946980917451000 ) ) ;
#347 = ORIENTED_EDGE ( 'NONE', *, *, #2187, .F. ) ;
#348 = ORIENTED_EDGE ( 'NONE', *, *, #645, .T. ) ;
#349 = ORIENTED_EDGE ( 'NONE', *, *, #2451, .T. ) ;
#350 = SURFACE_STYLE_USAGE ( .BOTH. , #2417 ) ;
#351 = ORIENTED_EDGE ( 'NONE', *, *, #994, .T. ) ;
#352 = EDGE_CURVE ( 'NONE', #1955, #260, #1443, .T. ) ;
#353 = ORIENTED_EDGE ( 'NONE', *, *, #869, .T. ) ;
#354 =( NAMED_UNIT ( * ) PLANE_ANGLE_UNIT ( ) SI_UNIT ( $, .RADIAN. ) );
#355 = CIRCLE ( 'NONE', #513, 1.081020123596101400 ) ;
#356 = LINE ( 'NONE', #147, #136 ) ;
#357 =( GEOMETRIC_REPRESENTATION_CONTEXT ( 3 ) GLOBAL_UNCERTAINTY_ASSIGNED_CONTEXT ( ( #707 ) ) GLOBAL_UNIT_ASSIGNED_CONTEXT ( ( #1584, #1952, #825 ) ) REPRESENTATION_CONTEXT ( 'NONE', 'WORKASPACE' ) );
#358 = CARTESIAN_POINT ( 'NONE',  ( -1.925000000000000000, -0.3038325786518236700, 3.416892559463820400 ) ) ;
#359 = DIRECTION ( 'NONE',  ( -0.0000000000000000000, 1.596109816206683500E-015, -1.000000000000000000 ) ) ;
#360 = DIRECTION ( 'NONE',  ( -0.0000000000000000000, 1.000000000000000000, 1.596109816206683500E-015 ) ) ;
#361 = LINE ( 'NONE', #181, #2008 ) ;
#362 = ADVANCED_FACE ( 'NONE', ( #489 ), #1292, .F. ) ;
#363 = ADVANCED_FACE ( 'NONE', ( #1922 ), #1421, .T. ) ;
#364 = PRESENTATION_LAYER_ASSIGNMENT (  '', '', ( #2024 ) ) ;
#365 = CARTESIAN_POINT ( 'NONE',  ( 2.674999999999999800, 0.0000000000000000000, 1.750000000000000400 ) ) ;
#366 = LINE ( 'NONE', #1091, #142 ) ;
#367 = CARTESIAN_POINT ( 'NONE',  ( -0.3750000000000000000, -0.6000000000000003100, 3.474724834603180900 ) ) ;
#368 = CYLINDRICAL_SURFACE ( 'NONE', #1853, 0.5000000000000000000 ) ;
#369 = CARTESIAN_POINT ( 'NONE',  ( 0.3750000000000000000, -0.4870333401146127400, 2.048705328334524900 ) ) ;
#370 = ORIENTED_EDGE ( 'NONE', *, *, #246, .T. ) ;
#371 = CARTESIAN_POINT ( 'NONE',  ( 0.3750000000000000000, -0.3038325786518236700, 3.416892559463820400 ) ) ;
#372 = EDGE_CURVE ( 'NONE', #1005, #1036, #410, .T. ) ;
#373 =( NAMED_UNIT ( * ) PLANE_ANGLE_UNIT ( ) SI_UNIT ( $, .RADIAN. ) );
#374 = EDGE_CURVE ( 'NONE', #1810, #688, #2415, .T. ) ;
#375 = ADVANCED_FACE ( 'NONE', ( #1854 ), #88, .T. ) ;
#376 = SURFACE_SIDE_STYLE ('',( #1373 ) ) ;
#377 = DIRECTION ( 'NONE',  ( -0.0000000000000000000, 1.539506535789528400E-016, 1.000000000000000000 ) ) ;
#378 = PLANE ( 'NONE',  #2225 ) ;
#379 = EDGE_LOOP ( 'NONE', ( #840, #1270, #770, #900 ) ) ;
#380 = CARTESIAN_POINT ( 'NONE',  ( -0.3750000000000000000, 0.0000000000000000000, 2.067223637803944100 ) ) ;
#381 = CARTESIAN_POINT ( 'NONE',  ( -1.500000000000000000, 0.0000000000000000000, -1.749999999999999600 ) ) ;
#382 =( GEOMETRIC_REPRESENTATION_CONTEXT ( 3 ) GLOBAL_UNCERTAINTY_ASSIGNED_CONTEXT ( ( #465 ) ) GLOBAL_UNIT_ASSIGNED_CONTEXT ( ( #2179, #1034, #2370 ) ) REPRESENTATION_CONTEXT ( 'NONE', 'WORKASPACE' ) );
#383 = ORIENTED_EDGE ( 'NONE', *, *, #869, .F. ) ;
#384 =( NAMED_UNIT ( * ) PLANE_ANGLE_UNIT ( ) SI_UNIT ( $, .RADIAN. ) );
#385 =( LENGTH_UNIT ( ) NAMED_UNIT ( * ) SI_UNIT ( .MILLI., .METRE. ) );
#386 = VERTEX_POINT ( 'NONE', #2166 ) ;
#387 = DIRECTION ( 'NONE',  ( 0.0000000000000000000, 0.0000000000000000000, -1.000000000000000000 ) ) ;
#388 = ORIENTED_EDGE ( 'NONE', *, *, #1705, .T. ) ;
#389 = CARTESIAN_POINT ( 'NONE',  ( -3.249999999999999100, 0.0000000000000000000, -1.749999999999999600 ) ) ;
#390 = CARTESIAN_POINT ( 'NONE',  ( -3.206255668237036900, -0.5000000000000000000, -1.706255668237037600 ) ) ;
#391 = LINE ( 'NONE', #2428, #2463 ) ;
#392 = ORIENTED_EDGE ( 'NONE', *, *, #207, .F. ) ;
#393 =( NAMED_UNIT ( * ) PLANE_ANGLE_UNIT ( ) SI_UNIT ( $, .RADIAN. ) );
#394 = ADVANCED_FACE ( 'NONE', ( #343 ), #2107, .F. ) ;
#395 = VERTEX_POINT ( 'NONE', #679 ) ;
#396 = EDGE_CURVE ( 'NONE', #826, #1487, #1770, .T. ) ;
#397 = VECTOR ( 'NONE', #1791, 1000.000000000000000 ) ;
#398 = CARTESIAN_POINT ( 'NONE',  ( 0.3750000000000000000, -0.5000000000000000000, 2.067223637803944100 ) ) ;
#399 = CARTESIAN_POINT ( 'NONE',  ( 2.674999999999999800, 0.1600967748736932300, 2.501830713051848200 ) ) ;
#400 = AXIS2_PLACEMENT_3D ( 'NONE', #1704, #2465, #1693 ) ;
#401 = CARTESIAN_POINT ( 'NONE',  ( 2.674999999999999800, 0.0000000000000000000, 2.067223637803944100 ) ) ;
#402 = COLOUR_RGB ( '',1.000000000000000000, 1.000000000000000000, 1.000000000000000000 ) ;
#403 = CARTESIAN_POINT ( 'NONE',  ( 0.0000000000000000000, -0.5000000000000000000, -1.706255668237037600 ) ) ;
#404 = VECTOR ( 'NONE', #1056, 1000.000000000000100 ) ;
#405 = CARTESIAN_POINT ( 'NONE',  ( -1.500000000000000000, -0.3038325786518228900, -3.416892559463820400 ) ) ;
#406 = CARTESIAN_POINT ( 'NONE',  ( 1.500000000000000000, -0.6000000000000003100, -3.474724834603180000 ) ) ;
#407 = AXIS2_PLACEMENT_3D ( 'NONE', #398, #1379, #2097 ) ;
#408 = ADVANCED_FACE ( 'NONE', ( #1720 ), #692, .F. ) ;
#409 = FILL_AREA_STYLE ('',( #2132 ) ) ;
#410 = CIRCLE ( 'NONE', #1053, 1.081020123596101400 ) ;
#411 =( NAMED_UNIT ( * ) PLANE_ANGLE_UNIT ( ) SI_UNIT ( $, .RADIAN. ) );
#412 = FILL_AREA_STYLE_COLOUR ( '', #1248 ) ;
#413 = EDGE_CURVE ( 'NONE', #2028, #1117, #1661, .T. ) ;
#414 = CARTESIAN_POINT ( 'NONE',  ( 0.3750000000000000000, -0.3500000000000002600, 2.724724834603180500 ) ) ;
#415 = VECTOR ( 'NONE', #1222, 1000.000000000000000 ) ;
#416 =( GEOMETRIC_REPRESENTATION_CONTEXT ( 3 ) GLOBAL_UNCERTAINTY_ASSIGNED_CONTEXT ( ( #1827 ) ) GLOBAL_UNIT_ASSIGNED_CONTEXT ( ( #1622, #277, #880 ) ) REPRESENTATION_CONTEXT ( 'NONE', 'WORKASPACE' ) );
#417 = VERTEX_POINT ( 'NONE', #108 ) ;
#418 = DIRECTION ( 'NONE',  ( 1.000000000000000000, 0.0000000000000000000, -0.0000000000000000000 ) ) ;
#419 = VERTEX_POINT ( 'NONE', #94 ) ;
#420 = ADVANCED_FACE ( 'NONE', ( #2363 ), #521, .F. ) ;
#421 = MECHANICAL_DESIGN_GEOMETRIC_PRESENTATION_REPRESENTATION (  '', ( #141 ), #728 ) ;
#422 = FILL_AREA_STYLE ('',( #229 ) ) ;
#423 = CARTESIAN_POINT ( 'NONE',  ( -2.674999999999999800, 0.0000000000000000000, 2.067223637803944100 ) ) ;
#424 = ORIENTED_EDGE ( 'NONE', *, *, #1334, .F. ) ;
#425 = VECTOR ( 'NONE', #1975, 1000.000000000000100 ) ;
#426 =( NAMED_UNIT ( * ) PLANE_ANGLE_UNIT ( ) SI_UNIT ( $, .RADIAN. ) );
#427 =( NAMED_UNIT ( * ) SI_UNIT ( $, .STERADIAN. ) SOLID_ANGLE_UNIT ( ) );
#428 = VECTOR ( 'NONE', #901, 1000.000000000000000 ) ;
#429 = DIRECTION ( 'NONE',  ( 0.9961946980917455500, -0.08715574274765836000, -2.468746184890540900E-016 ) ) ;
#430 = FACE_OUTER_BOUND ( 'NONE', #697, .T. ) ;
#431 = EDGE_CURVE ( 'NONE', #1506, #2398, #2375, .T. ) ;
#432 = CARTESIAN_POINT ( 'NONE',  ( 1.500000000000000000, -0.4870333401146122500, -2.048705328334524900 ) ) ;
#433 = CARTESIAN_POINT ( 'NONE',  ( 0.3750000000000000000, -0.3111035375533938200, 3.500000000000000000 ) ) ;
#434 = AXIS2_PLACEMENT_3D ( 'NONE', #2306, #1923, #34 ) ;
#435 = CYLINDRICAL_SURFACE ( 'NONE', #2043, 1.371020123596101700 ) ;
#436 = STYLED_ITEM ( 'NONE', ( #1196 ), #1536 ) ;
#437 = SURFACE_STYLE_FILL_AREA ( #1453 ) ;
#438 = ORIENTED_EDGE ( 'NONE', *, *, #243, .T. ) ;
#439 = CARTESIAN_POINT ( 'NONE',  ( -2.674999999999999800, -0.3038325786518236700, 3.416892559463820400 ) ) ;
#440 =( LENGTH_UNIT ( ) NAMED_UNIT ( * ) SI_UNIT ( .MILLI., .METRE. ) );
#441 = EDGE_LOOP ( 'NONE', ( #290, #1769, #2459, #566 ) ) ;
#442 = DIRECTION ( 'NONE',  ( 0.0000000000000000000, -0.08715574274765837400, 0.9961946980917455500 ) ) ;
#443 = EDGE_CURVE ( 'NONE', #1063, #1239, #1715, .T. ) ;
#444 = CARTESIAN_POINT ( 'NONE',  ( -1.925000000000000000, -0.4870333401146127400, 2.048705328334524900 ) ) ;
#445 = COLOUR_RGB ( '',1.000000000000000000, 1.000000000000000000, 1.000000000000000000 ) ;
#446 = ORIENTED_EDGE ( 'NONE', *, *, #2175, .T. ) ;
#447 = AXIS2_PLACEMENT_3D ( 'NONE', #893, #1250, #1998 ) ;
#448 = DIRECTION ( 'NONE',  ( -1.000000000000000000, -0.0000000000000000000, -0.0000000000000000000 ) ) ;
#449 = ORIENTED_EDGE ( 'NONE', *, *, #1924, .T. ) ;
#450 = SURFACE_STYLE_USAGE ( .BOTH. , #1964 ) ;
#451 = DIRECTION ( 'NONE',  ( -1.000000000000000000, -0.0000000000000000000, 0.0000000000000000000 ) ) ;
#452 = ORIENTED_EDGE ( 'NONE', *, *, #2030, .T. ) ;
#453 = CARTESIAN_POINT ( 'NONE',  ( 1.500000000000000000, 0.1600967748736937300, -2.501830713051848200 ) ) ;
#454 = SURFACE_STYLE_FILL_AREA ( #178 ) ;
#455 = CARTESIAN_POINT ( 'NONE',  ( 2.674999999999999800, -0.1124459071561911700, 2.891062001144981700 ) ) ;
#456 = STYLED_ITEM ( 'NONE', ( #1001 ), #2330 ) ;
#457 = ORIENTED_EDGE ( 'NONE', *, *, #1583, .T. ) ;
#458 = DIRECTION ( 'NONE',  ( -1.000000000000000000, -0.0000000000000000000, 0.0000000000000000000 ) ) ;
#459 = CARTESIAN_POINT ( 'NONE',  ( -1.925000000000000000, -0.6000000000000003100, 3.474724834603180900 ) ) ;
#460 = EDGE_CURVE ( 'NONE', #52, #1707, #1415, .T. ) ;
#461 = CARTESIAN_POINT ( 'NONE',  ( 3.038407623149843100, 1.200000000000000000, 1.538407623149842000 ) ) ;
#462 = CARTESIAN_POINT ( 'NONE',  ( 0.3750000000000000000, 0.0000000000000000000, 2.067223637803944100 ) ) ;
#463 = LINE ( 'NONE', #2229, #2387 ) ;
#464 = EDGE_CURVE ( 'NONE', #756, #820, #859, .T. ) ;
#465 = UNCERTAINTY_MEASURE_WITH_UNIT (LENGTH_MEASURE( 1.000000000000000100E-005 ), #2179, 'distance_accuracy_value', 'NONE');
#466 = VECTOR ( 'NONE', #773, 1000.000000000000000 ) ;
#467 = CARTESIAN_POINT ( 'NONE',  ( -1.500000000000000000, 0.7730739370050976300, -3.511109671260997300 ) ) ;
#468 = VECTOR ( 'NONE', #116, 1000.000000000000000 ) ;
#469 = DIRECTION ( 'NONE',  ( 0.0000000000000000000, 0.9961946980917455500, -0.08715574274765837400 ) ) ;
#470 =( GEOMETRIC_REPRESENTATION_CONTEXT ( 3 ) GLOBAL_UNCERTAINTY_ASSIGNED_CONTEXT ( ( #1075 ) ) GLOBAL_UNIT_ASSIGNED_CONTEXT ( ( #925, #289, #877 ) ) REPRESENTATION_CONTEXT ( 'NONE', 'WORKASPACE' ) );
#471 = CARTESIAN_POINT ( 'NONE',  ( 0.3750000000000000000, 0.7730739370050967500, 3.511109671260997300 ) ) ;
#472 = SURFACE_STYLE_FILL_AREA ( #422 ) ;
#473 = SURFACE_STYLE_USAGE ( .BOTH. , #2355 ) ;
#474 = CARTESIAN_POINT ( 'NONE',  ( 2.674999999999999800, -0.3038325786518236700, 3.416892559463820400 ) ) ;
#475 = LINE ( 'NONE', #824, #1677 ) ;
#476 = EDGE_LOOP ( 'NONE', ( #1940, #929, #2170, #727, #2115, #687, #514, #1221, #104, #2381, #2311, #1561 ) ) ;
#477 = STYLED_ITEM ( 'NONE', ( #616 ), #60 ) ;
#478 = DIRECTION ( 'NONE',  ( 0.0000000000000000000, -1.539506535789528200E-016, -1.000000000000000000 ) ) ;
#479 = ORIENTED_EDGE ( 'NONE', *, *, #324, .F. ) ;
#480 = PRESENTATION_LAYER_ASSIGNMENT (  '', '', ( #2082 ) ) ;
#481 = DIRECTION ( 'NONE',  ( 1.000000000000000000, 0.0000000000000000000, -0.0000000000000000000 ) ) ;
#482 = EDGE_LOOP ( 'NONE', ( #1466, #1372, #669, #2407 ) ) ;
#483 = VERTEX_POINT ( 'NONE', #2331 ) ;
#484 = ORIENTED_EDGE ( 'NONE', *, *, #2055, .F. ) ;
#485 =( NAMED_UNIT ( * ) PLANE_ANGLE_UNIT ( ) SI_UNIT ( $, .RADIAN. ) );
#486 = LINE ( 'NONE', #474, #2434 ) ;
#487 = PRESENTATION_STYLE_ASSIGNMENT (( #473 ) ) ;
#488 = DIRECTION ( 'NONE',  ( -1.000000000000000000, -0.0000000000000000000, -0.0000000000000000000 ) ) ;
#489 = FACE_OUTER_BOUND ( 'NONE', #984, .T. ) ;
#490 = CARTESIAN_POINT ( 'NONE',  ( -3.249999999999998200, -1.623224905812778200E-032, 1.750000000000000400 ) ) ;
#491 = EDGE_CURVE ( 'NONE', #1239, #1600, #734, .T. ) ;
#492 = CARTESIAN_POINT ( 'NONE',  ( 3.206255668237038700, -0.5000000000000000000, -1.706255668237037600 ) ) ;
#493 = AXIS2_PLACEMENT_3D ( 'NONE', #110, #2009, #1048 ) ;
#494 = VERTEX_POINT ( 'NONE', #439 ) ;
#495 = CARTESIAN_POINT ( 'NONE',  ( -1.925000000000000000, -0.09042397785550247700, 2.354011855979464900 ) ) ;
#496 = ORIENTED_EDGE ( 'NONE', *, *, #1924, .F. ) ;
#497 = AXIS2_PLACEMENT_3D ( 'NONE', #256, #2349, #1977 ) ;
#498 = DIRECTION ( 'NONE',  ( 0.0000000000000000000, 0.0000000000000000000, -1.000000000000000000 ) ) ;
#499 = DIRECTION ( 'NONE',  ( 0.0000000000000000000, -0.5735764363510417200, 0.8191520442889948000 ) ) ;
#500 = SHAPE_DEFINITION_REPRESENTATION ( #2089, #2330 ) ;
#501 = CARTESIAN_POINT ( 'NONE',  ( -0.3750000000000000000, -0.5927290410984301600, 3.391617394067000900 ) ) ;
#502 = LINE ( 'NONE', #907, #2397 ) ;
#503 = VERTEX_POINT ( 'NONE', #765 ) ;
#504 = EDGE_CURVE ( 'NONE', #196, #881, #1726, .T. ) ;
#505 = ORIENTED_EDGE ( 'NONE', *, *, #1145, .F. ) ;
#506 = DIRECTION ( 'NONE',  ( 0.0000000000000000000, 0.0000000000000000000, 1.000000000000000000 ) ) ;
#507 = STYLED_ITEM ( 'NONE', ( #1043 ), #9 ) ;
#508 = SURFACE_SIDE_STYLE ('',( #1313 ) ) ;
#509 = ORIENTED_EDGE ( 'NONE', *, *, #1353, .T. ) ;
#510 = UNCERTAINTY_MEASURE_WITH_UNIT (LENGTH_MEASURE( 1.000000000000000100E-005 ), #1077, 'distance_accuracy_value', 'NONE');
#511 = FACE_OUTER_BOUND ( 'NONE', #1973, .T. ) ;
#512 = FACE_OUTER_BOUND ( 'NONE', #1597, .T. ) ;
#513 = AXIS2_PLACEMENT_3D ( 'NONE', #1605, #255, #1417 ) ;
#514 = ORIENTED_EDGE ( 'NONE', *, *, #149, .F. ) ;
#515 = FILL_AREA_STYLE_COLOUR ( '', #991 ) ;
#516 =( NAMED_UNIT ( * ) PLANE_ANGLE_UNIT ( ) SI_UNIT ( $, .RADIAN. ) );
#517 = DIRECTION ( 'NONE',  ( 0.0000000000000000000, 0.0000000000000000000, -1.000000000000000000 ) ) ;
#518 = LINE ( 'NONE', #2036, #1817 ) ;
#519 = LINE ( 'NONE', #414, #1496 ) ;
#520 = EDGE_CURVE ( 'NONE', #881, #980, #114, .T. ) ;
#521 = CYLINDRICAL_SURFACE ( 'NONE', #1042, 1.081020123596101400 ) ;
#522 = CARTESIAN_POINT ( 'NONE',  ( 0.3750000000000000000, 0.7730739370050967500, 3.511109671260997300 ) ) ;
#523 = AXIS2_PLACEMENT_3D ( 'NONE', #1712, #783, #1533 ) ;
#524 = CARTESIAN_POINT ( 'NONE',  ( -1.925000000000000000, -0.3500000000000002600, 2.724724834603180500 ) ) ;
#525 = CARTESIAN_POINT ( 'NONE',  ( 2.674999999999999800, -0.3038325786518236700, 3.416892559463820400 ) ) ;
#526 = COLOUR_RGB ( '',0.7921568627450980000, 0.8196078431372548800, 0.9333333333333333500 ) ;
#527 = ORIENTED_EDGE ( 'NONE', *, *, #1569, .F. ) ;
#528 = PRESENTATION_LAYER_ASSIGNMENT (  '', '', ( #456 ) ) ;
#529 = VECTOR ( 'NONE', #1706, 1000.000000000000000 ) ;
#530 = VERTEX_POINT ( 'NONE', #2208 ) ;
#531 = DIRECTION ( 'NONE',  ( -0.0000000000000000000, -0.0000000000000000000, -1.000000000000000000 ) ) ;
#532 = EDGE_CURVE ( 'NONE', #820, #1810, #208, .T. ) ;
#533 = VERTEX_POINT ( 'NONE', #310 ) ;
#534 = ORIENTED_EDGE ( 'NONE', *, *, #1565, .F. ) ;
#535 = CARTESIAN_POINT ( 'NONE',  ( -1.925000000000000000, 0.1600967748736932300, 2.501830713051848200 ) ) ;
#536 = AXIS2_PLACEMENT_3D ( 'NONE', #568, #1331, #1128 ) ;
#537 = CARTESIAN_POINT ( 'NONE',  ( 1.500000000000000000, 0.7730739370050976300, -3.511109671260997300 ) ) ;
#538 = LINE ( 'NONE', #1483, #1520 ) ;
#539 = CARTESIAN_POINT ( 'NONE',  ( 0.3750000000000000000, -0.3038325786518236700, 3.416892559463820400 ) ) ;
#540 = EDGE_LOOP ( 'NONE', ( #1798, #157, #2047, #892 ) ) ;
#541 = PLANE ( 'NONE',  #337 ) ;
#542 =( NAMED_UNIT ( * ) PLANE_ANGLE_UNIT ( ) SI_UNIT ( $, .RADIAN. ) );
#543 = COLOUR_RGB ( '',1.000000000000000000, 1.000000000000000000, 1.000000000000000000 ) ;
#544 = STYLED_ITEM ( 'NONE', ( #706 ), #1394 ) ;
#545 = COLOUR_RGB ( '',1.000000000000000000, 1.000000000000000000, 1.000000000000000000 ) ;
#546 = CARTESIAN_POINT ( 'NONE',  ( -0.3750000000000000000, 0.3029666598853873500, 1.696578803607081500 ) ) ;
#547 = CARTESIAN_POINT ( 'NONE',  ( -2.674999999999999800, 0.3029666598853873500, 1.696578803607081500 ) ) ;
#548 = CARTESIAN_POINT ( 'NONE',  ( -1.500000000000000000, -0.3499999999999996400, -2.724724834603180500 ) ) ;
#549 = CARTESIAN_POINT ( 'NONE',  ( -0.3750000000000000000, -0.3038325786518236700, 3.416892559463820400 ) ) ;
#550 = EDGE_CURVE ( 'NONE', #1155, #1368, #1585, .T. ) ;
#551 = LINE ( 'NONE', #732, #1236 ) ;
#552 = PRESENTATION_STYLE_ASSIGNMENT (( #1233 ) ) ;
#553 = ORIENTED_EDGE ( 'NONE', *, *, #2362, .T. ) ;
#554 = EDGE_CURVE ( 'NONE', #345, #1804, #1234, .T. ) ;
#555 = ADVANCED_FACE ( 'NONE', ( #1264 ), #182, .F. ) ;
#556 = DIRECTION ( 'NONE',  ( -1.000000000000000000, -0.0000000000000000000, -0.0000000000000000000 ) ) ;
#557 = CARTESIAN_POINT ( 'NONE',  ( -1.925000000000000000, -0.3111035375533938200, 3.500000000000000000 ) ) ;
#558 = AXIS2_PLACEMENT_3D ( 'NONE', #2093, #1729, #206 ) ;
#559 = DIRECTION ( 'NONE',  ( -1.000000000000000000, -0.0000000000000000000, -0.0000000000000000000 ) ) ;
#560 =( NAMED_UNIT ( * ) PLANE_ANGLE_UNIT ( ) SI_UNIT ( $, .RADIAN. ) );
#561 = LINE ( 'NONE', #2456, #1739 ) ;
#562 = ORIENTED_EDGE ( 'NONE', *, *, #1419, .F. ) ;
#563 = CARTESIAN_POINT ( 'NONE',  ( -1.925000000000000000, 0.7730739370050967500, 3.511109671260997300 ) ) ;
#564 = ORIENTED_EDGE ( 'NONE', *, *, #628, .F. ) ;
#565 = DIRECTION ( 'NONE',  ( 0.0000000000000000000, 0.0000000000000000000, -1.000000000000000000 ) ) ;
#566 = ORIENTED_EDGE ( 'NONE', *, *, #1867, .T. ) ;
#567 = DIRECTION ( 'NONE',  ( 0.0000000000000000000, -0.8191520442889946900, 0.5735764363510419400 ) ) ;
#568 = CARTESIAN_POINT ( 'NONE',  ( 0.3750000000000000000, -0.4870333401146127400, 2.048705328334524900 ) ) ;
#569 = CARTESIAN_POINT ( 'NONE',  ( -2.674999999999999800, -0.3111035375533938200, 3.500000000000000000 ) ) ;
#570 = ADVANCED_FACE ( 'NONE', ( #1846 ), #934, .F. ) ;
#571 = EDGE_CURVE ( 'NONE', #700, #202, #2295, .T. ) ;
#572 = PRESENTATION_STYLE_ASSIGNMENT (( #952 ) ) ;
#573 = VERTEX_POINT ( 'NONE', #591 ) ;
#574 =( LENGTH_UNIT ( ) NAMED_UNIT ( * ) SI_UNIT ( .MILLI., .METRE. ) );
#575 = SURFACE_STYLE_FILL_AREA ( #287 ) ;
#576 = MECHANICAL_DESIGN_GEOMETRIC_PRESENTATION_REPRESENTATION (  '', ( #1298 ), #1261 ) ;
#577 = DIRECTION ( 'NONE',  ( -0.0000000000000000000, 0.5735764363510417200, -0.8191520442889948000 ) ) ;
#578 = DIRECTION ( 'NONE',  ( 0.0000000000000000000, -0.08715574274765210100, 0.9961946980917459900 ) ) ;
#579 =( NAMED_UNIT ( * ) SI_UNIT ( $, .STERADIAN. ) SOLID_ANGLE_UNIT ( ) );
#580 = SURFACE_STYLE_FILL_AREA ( #2054 ) ;
#581 = MECHANICAL_DESIGN_GEOMETRIC_PRESENTATION_REPRESENTATION (  '', ( #456 ), #714 ) ;
#582 = ADVANCED_FACE ( 'NONE', ( #1755 ), #118, .T. ) ;
#583 = SURFACE_STYLE_USAGE ( .BOTH. , #2266 ) ;
#584 = COLOUR_RGB ( '',0.2509803921568627400, 0.2509803921568627400, 0.2509803921568627400 ) ;
#585 = ADVANCED_FACE ( 'NONE', ( #304 ), #2140, .F. ) ;
#586 = DIRECTION ( 'NONE',  ( -0.1736481776669307200, -0.9848077530122080200, 0.0000000000000000000 ) ) ;
#587 = DIRECTION ( 'NONE',  ( -1.000000000000000000, -0.0000000000000000000, -0.0000000000000000000 ) ) ;
#588 = FILL_AREA_STYLE ('',( #1714 ) ) ;
#589 = EDGE_CURVE ( 'NONE', #1802, #661, #2329, .T. ) ;
#590 = DIRECTION ( 'NONE',  ( -1.000000000000000000, -0.0000000000000000000, -0.0000000000000000000 ) ) ;
#591 = CARTESIAN_POINT ( 'NONE',  ( 1.500000000000000000, -0.3499999999999996400, -2.724724834603180500 ) ) ;
#592 = EDGE_CURVE ( 'NONE', #2081, #2324, #90, .T. ) ;
#593 =( NAMED_UNIT ( * ) SI_UNIT ( $, .STERADIAN. ) SOLID_ANGLE_UNIT ( ) );
#594 = ORIENTED_EDGE ( 'NONE', *, *, #1186, .T. ) ;
#595 = CARTESIAN_POINT ( 'NONE',  ( 1.500000000000000000, -0.3111035375533938200, -3.499999999999999100 ) ) ;
#596 = CIRCLE ( 'NONE', #637, 1.371020123596101700 ) ;
#597 = VERTEX_POINT ( 'NONE', #1322 ) ;
#598 = DIRECTION ( 'NONE',  ( -1.000000000000000000, -0.0000000000000000000, -0.0000000000000000000 ) ) ;
#599 = ADVANCED_FACE ( 'NONE', ( #2233 ), #2137, .F. ) ;
#600 = DIRECTION ( 'NONE',  ( -1.000000000000000000, -0.0000000000000000000, -0.0000000000000000000 ) ) ;
#601 = ADVANCED_FACE ( 'NONE', ( #617 ), #368, .F. ) ;
#602 = AXIS2_PLACEMENT_3D ( 'NONE', #1620, #1098, #346 ) ;
#603 = VECTOR ( 'NONE', #1657, 1000.000000000000000 ) ;
#604 = ORIENTED_EDGE ( 'NONE', *, *, #16, .F. ) ;
#605 = PLANE ( 'NONE',  #863 ) ;
#606 = EDGE_LOOP ( 'NONE', ( #1604, #1338, #392, #1668, #1875, #81, #604, #1144, #38, #527, #958, #230 ) ) ;
#607 = DIRECTION ( 'NONE',  ( 0.0000000000000000000, 0.0000000000000000000, 1.000000000000000000 ) ) ;
#608 = ORIENTED_EDGE ( 'NONE', *, *, #1256, .T. ) ;
#609 = CARTESIAN_POINT ( 'NONE',  ( 0.3750000000000000000, -0.6000000000000003100, 3.474724834603180900 ) ) ;
#610 = DIRECTION ( 'NONE',  ( 0.0000000000000000000, -0.5735764363510422700, 0.8191520442889944600 ) ) ;
#611 = FILL_AREA_STYLE_COLOUR ( '', #584 ) ;
#612 = AXIS2_PLACEMENT_3D ( 'NONE', #311, #1830, #517 ) ;
#613 = VECTOR ( 'NONE', #1102, 1000.000000000000000 ) ;
#614 = ADVANCED_FACE ( 'NONE', ( #42 ), #1946, .T. ) ;
#615 = FILL_AREA_STYLE_COLOUR ( '', #543 ) ;
#616 = PRESENTATION_STYLE_ASSIGNMENT (( #2215 ) ) ;
#617 = FACE_OUTER_BOUND ( 'NONE', #323, .T. ) ;
#618 = DIRECTION ( 'NONE',  ( 0.0000000000000000000, 0.08715574274765255900, -0.9961946980917461000 ) ) ;
#619 = DIRECTION ( 'NONE',  ( -1.000000000000000000, 0.0000000000000000000, -0.0000000000000000000 ) ) ;
#620 = EDGE_LOOP ( 'NONE', ( #1074, #1451, #1891, #1137 ) ) ;
#621 = LINE ( 'NONE', #2237, #800 ) ;
#622 = CARTESIAN_POINT ( 'NONE',  ( 0.3750000000000000000, -0.3500000000000002600, 2.724724834603180500 ) ) ;
#623 = CARTESIAN_POINT ( 'NONE',  ( 2.674999999999999800, 0.0000000000000000000, 1.750000000000000400 ) ) ;
#624 = CIRCLE ( 'NONE', #1990, 0.7900000000000001500 ) ;
#625 = ORIENTED_EDGE ( 'NONE', *, *, #1785, .T. ) ;
#626 = CARTESIAN_POINT ( 'NONE',  ( -1.500000000000000000, 0.7730739370050976300, -3.511109671260997300 ) ) ;
#627 = CARTESIAN_POINT ( 'NONE',  ( 2.674999999999999800, 0.3029666598853873500, 1.696578803607081500 ) ) ;
#628 = EDGE_CURVE ( 'NONE', #635, #2249, #1105, .T. ) ;
#629 = CARTESIAN_POINT ( 'NONE',  ( 1.925000000000000000, 0.0000000000000000000, 1.750000000000000400 ) ) ;
#630 = VERTEX_POINT ( 'NONE', #455 ) ;
#631 = PRESENTATION_LAYER_ASSIGNMENT (  '', '', ( #1082 ) ) ;
#632 = CARTESIAN_POINT ( 'NONE',  ( -0.3750000000000000000, -0.09042397785550247700, 2.354011855979464900 ) ) ;
#633 = EDGE_LOOP ( 'NONE', ( #750, #186, #1106, #2347 ) ) ;
#634 =( NAMED_UNIT ( * ) SI_UNIT ( $, .STERADIAN. ) SOLID_ANGLE_UNIT ( ) );
#635 = VERTEX_POINT ( 'NONE', #2168 ) ;
#636 = ORIENTED_EDGE ( 'NONE', *, *, #978, .F. ) ;
#637 = AXIS2_PLACEMENT_3D ( 'NONE', #626, #418, #976 ) ;
#638 = ORIENTED_EDGE ( 'NONE', *, *, #431, .F. ) ;
#639 = ORIENTED_EDGE ( 'NONE', *, *, #1448, .F. ) ;
#640 =( NAMED_UNIT ( * ) SI_UNIT ( $, .STERADIAN. ) SOLID_ANGLE_UNIT ( ) );
#641 = SURFACE_STYLE_FILL_AREA ( #2066 ) ;
#642 = ORIENTED_EDGE ( 'NONE', *, *, #2338, .T. ) ;
#643 = ORIENTED_EDGE ( 'NONE', *, *, #2393, .F. ) ;
#644 = DIRECTION ( 'NONE',  ( 0.0000000000000000000, -0.9961946980917455500, -0.08715574274765837400 ) ) ;
#645 = EDGE_CURVE ( 'NONE', #2346, #690, #2336, .T. ) ;
#646 = PRESENTATION_STYLE_ASSIGNMENT (( #1869 ) ) ;
#647 = CARTESIAN_POINT ( 'NONE',  ( 0.3750000000000000000, 0.0000000000000000000, 1.750000000000000400 ) ) ;
#648 = PRESENTATION_LAYER_ASSIGNMENT (  '', '', ( #477 ) ) ;
#649 = DIRECTION ( 'NONE',  ( -1.000000000000000000, -0.0000000000000000000, -0.0000000000000000000 ) ) ;
#650 = UNCERTAINTY_MEASURE_WITH_UNIT (LENGTH_MEASURE( 1.000000000000000100E-005 ), #574, 'distance_accuracy_value', 'NONE');
#651 = LINE ( 'NONE', #1329, #333 ) ;
#652 = DIRECTION ( 'NONE',  ( -0.0000000000000000000, 0.08715574274765210100, -0.9961946980917459900 ) ) ;
#653 = AXIS2_PLACEMENT_3D ( 'NONE', #56, #247, #1209 ) ;
#654 = CARTESIAN_POINT ( 'NONE',  ( -2.674999999999999800, -0.09042397785550258800, 2.354011855979464900 ) ) ;
#655 = ORIENTED_EDGE ( 'NONE', *, *, #131, .F. ) ;
#656 = UNCERTAINTY_MEASURE_WITH_UNIT (LENGTH_MEASURE( 1.000000000000000100E-005 ), #1115, 'distance_accuracy_value', 'NONE');
#657 = CARTESIAN_POINT ( 'NONE',  ( -1.925000000000000000, 0.3029666598853873500, 1.696578803607081500 ) ) ;
#658 =( NAMED_UNIT ( * ) SI_UNIT ( $, .STERADIAN. ) SOLID_ANGLE_UNIT ( ) );
#659 = CARTESIAN_POINT ( 'NONE',  ( 1.500000000000000000, -0.3499999999999996400, -2.724724834603180500 ) ) ;
#660 = CARTESIAN_POINT ( 'NONE',  ( -0.3750000000000000000, 0.3029666598853874000, 2.048705328334524900 ) ) ;
#661 = VERTEX_POINT ( 'NONE', #44 ) ;
#662 = EDGE_CURVE ( 'NONE', #78, #2077, #2155, .T. ) ;
#663 = DIRECTION ( 'NONE',  ( 1.000000000000000000, 0.0000000000000000000, 0.0000000000000000000 ) ) ;
#664 = ORIENTED_EDGE ( 'NONE', *, *, #1938, .T. ) ;
#665 = AXIS2_PLACEMENT_3D ( 'NONE', #2220, #2401, #1484 ) ;
#666 = VERTEX_POINT ( 'NONE', #462 ) ;
#667 = CARTESIAN_POINT ( 'NONE',  ( 0.3750000000000000000, -0.1124459071561911700, 2.891062001144981700 ) ) ;
#668 = DIRECTION ( 'NONE',  ( -0.0000000000000000000, 0.08715574274765176800, 0.9961946980917461000 ) ) ;
#669 = ORIENTED_EDGE ( 'NONE', *, *, #592, .F. ) ;
#670 = EDGE_LOOP ( 'NONE', ( #1219, #1997, #1376, #296 ) ) ;
#671 = CARTESIAN_POINT ( 'NONE',  ( 0.3750000000000000000, -0.3111035375533938200, 3.500000000000000000 ) ) ;
#672 =( GEOMETRIC_REPRESENTATION_CONTEXT ( 3 ) GLOBAL_UNCERTAINTY_ASSIGNED_CONTEXT ( ( #1885 ) ) GLOBAL_UNIT_ASSIGNED_CONTEXT ( ( #986, #1382, #634 ) ) REPRESENTATION_CONTEXT ( 'NONE', 'WORKASPACE' ) );
#673 = COLOUR_RGB ( '',1.000000000000000000, 1.000000000000000000, 1.000000000000000000 ) ;
#674 = DIRECTION ( 'NONE',  ( 0.0000000000000000000, 0.0000000000000000000, 1.000000000000000000 ) ) ;
#675 = FILL_AREA_STYLE ('',( #1781 ) ) ;
#676 = DIRECTION ( 'NONE',  ( -2.478176394252581600E-016, 0.0000000000000000000, -1.000000000000000000 ) ) ;
#677 = EDGE_CURVE ( 'NONE', #166, #345, #1206, .T. ) ;
#678 = VECTOR ( 'NONE', #1595, 1000.000000000000000 ) ;
#679 = CARTESIAN_POINT ( 'NONE',  ( -1.500000000000000000, -0.1124459071561904700, -2.891062001144981700 ) ) ;
#680 = PLANE ( 'NONE',  #806 ) ;
#681 = PRESENTATION_LAYER_ASSIGNMENT (  '', '', ( #2269 ) ) ;
#682 = CYLINDRICAL_SURFACE ( 'NONE', #523, 0.7899999999999999200 ) ;
#683 = DIRECTION ( 'NONE',  ( 0.0000000000000000000, -0.9961946980917452100, 0.08715574274766316200 ) ) ;
#684 = DIRECTION ( 'NONE',  ( -1.000000000000000000, -0.0000000000000000000, -0.0000000000000000000 ) ) ;
#685 = VECTOR ( 'NONE', #1592, 1000.000000000000000 ) ;
#686 = AXIS2_PLACEMENT_3D ( 'NONE', #1405, #858, #254 ) ;
#687 = ORIENTED_EDGE ( 'NONE', *, *, #1752, .F. ) ;
#688 = VERTEX_POINT ( 'NONE', #235 ) ;
#689 = CARTESIAN_POINT ( 'NONE',  ( 1.500000000000000000, 0.0000000000000000000, -1.749999999999999600 ) ) ;
#690 = VERTEX_POINT ( 'NONE', #1566 ) ;
#691 = DIRECTION ( 'NONE',  ( 0.0000000000000000000, -0.08715574274765255900, 0.9961946980917459900 ) ) ;
#692 = PLANE ( 'NONE',  #1820 ) ;
#693 = ORIENTED_EDGE ( 'NONE', *, *, #803, .T. ) ;
#694 =( GEOMETRIC_REPRESENTATION_CONTEXT ( 3 ) GLOBAL_UNCERTAINTY_ASSIGNED_CONTEXT ( ( #1574 ) ) GLOBAL_UNIT_ASSIGNED_CONTEXT ( ( #894, #1066, #1468 ) ) REPRESENTATION_CONTEXT ( 'NONE', 'WORKASPACE' ) );
#695 = CARTESIAN_POINT ( 'NONE',  ( 2.674999999999999800, 0.3029666598853874000, 2.048705328334524900 ) ) ;
#696 = VERTEX_POINT ( 'NONE', #850 ) ;
#697 = EDGE_LOOP ( 'NONE', ( #2062, #185, #564, #1059 ) ) ;
#698 = AXIS2_PLACEMENT_3D ( 'NONE', #1107, #1532, #1511 ) ;
#699 = DIRECTION ( 'NONE',  ( -0.0000000000000000000, 0.8191520442889948000, 0.5735764363510417200 ) ) ;
#700 = VERTEX_POINT ( 'NONE', #54 ) ;
#701 = EDGE_LOOP ( 'NONE', ( #1251, #1488, #1436, #594 ) ) ;
#702 = DIRECTION ( 'NONE',  ( 0.0000000000000000000, 0.0000000000000000000, -1.000000000000000000 ) ) ;
#703 = ORIENTED_EDGE ( 'NONE', *, *, #1080, .T. ) ;
#704 = FACE_OUTER_BOUND ( 'NONE', #2162, .T. ) ;
#705 = CLOSED_SHELL ( 'NONE', ( #1508, #1130, #2065, #2085, #362, #188, #761, #2122, #776, #930, #2450, #1537, #582, #408 ) ) ;
#706 = PRESENTATION_STYLE_ASSIGNMENT (( #809 ) ) ;
#707 = UNCERTAINTY_MEASURE_WITH_UNIT (LENGTH_MEASURE( 1.000000000000000100E-005 ), #1584, 'distance_accuracy_value', 'NONE');
#708 = EDGE_CURVE ( 'NONE', #1462, #729, #624, .T. ) ;
#709 = VECTOR ( 'NONE', #1829, 1000.000000000000000 ) ;
#710 = CARTESIAN_POINT ( 'NONE',  ( -1.500000000000000000, 0.1600967748736937300, -2.501830713051848200 ) ) ;
#711 = VECTOR ( 'NONE', #377, 1000.000000000000000 ) ;
#712 =( GEOMETRIC_REPRESENTATION_CONTEXT ( 3 ) GLOBAL_UNCERTAINTY_ASSIGNED_CONTEXT ( ( #779 ) ) GLOBAL_UNIT_ASSIGNED_CONTEXT ( ( #1815, #542, #276 ) ) REPRESENTATION_CONTEXT ( 'NONE', 'WORKASPACE' ) );
#713 = EDGE_LOOP ( 'NONE', ( #1181, #638, #1276, #2142 ) ) ;
#714 =( GEOMETRIC_REPRESENTATION_CONTEXT ( 3 ) GLOBAL_UNCERTAINTY_ASSIGNED_CONTEXT ( ( #1700 ) ) GLOBAL_UNIT_ASSIGNED_CONTEXT ( ( #808, #1917, #1159 ) ) REPRESENTATION_CONTEXT ( 'NONE', 'WORKASPACE' ) );
#715 = SURFACE_SIDE_STYLE ('',( #2414 ) ) ;
#716 = DIRECTION ( 'NONE',  ( -1.000000000000000000, -0.0000000000000000000, -0.0000000000000000000 ) ) ;
#717 = CARTESIAN_POINT ( 'NONE',  ( 2.674999999999999800, 0.0000000000000000000, 1.750000000000000400 ) ) ;
#718 = LINE ( 'NONE', #1203, #313 ) ;
#719 = EDGE_CURVE ( 'NONE', #2015, #1155, #1325, .T. ) ;
#720 = ORIENTED_EDGE ( 'NONE', *, *, #1476, .T. ) ;
#721 = AXIS2_PLACEMENT_3D ( 'NONE', #1913, #156, #1877 ) ;
#722 = CARTESIAN_POINT ( 'NONE',  ( -1.925000000000000000, -0.3111035375533938200, 3.500000000000000000 ) ) ;
#723 = ORIENTED_EDGE ( 'NONE', *, *, #1639, .T. ) ;
#724 = CARTESIAN_POINT ( 'NONE',  ( -1.925000000000000000, -0.3038325786518236700, 3.416892559463820400 ) ) ;
#725 = COLOUR_RGB ( '',1.000000000000000000, 1.000000000000000000, 1.000000000000000000 ) ;
#726 = DIRECTION ( 'NONE',  ( 0.0000000000000000000, 0.0000000000000000000, 1.000000000000000000 ) ) ;
#727 = ORIENTED_EDGE ( 'NONE', *, *, #719, .F. ) ;
#728 =( GEOMETRIC_REPRESENTATION_CONTEXT ( 3 ) GLOBAL_UNCERTAINTY_ASSIGNED_CONTEXT ( ( #1771 ) ) GLOBAL_UNIT_ASSIGNED_CONTEXT ( ( #1747, #821, #240 ) ) REPRESENTATION_CONTEXT ( 'NONE', 'WORKASPACE' ) );
#729 = VERTEX_POINT ( 'NONE', #71 ) ;
#730 = CARTESIAN_POINT ( 'NONE',  ( -3.206255668237036000, -0.5000000000000000000, 1.706255668237038400 ) ) ;
#731 = VECTOR ( 'NONE', #2377, 1000.000000000000000 ) ;
#732 = CARTESIAN_POINT ( 'NONE',  ( -1.925000000000000000, -0.5927290410984301600, 3.391617394067000900 ) ) ;
#733 = DIRECTION ( 'NONE',  ( 0.0000000000000000000, 1.000000000000000000, 0.0000000000000000000 ) ) ;
#734 = LINE ( 'NONE', #657, #139 ) ;
#735 = VECTOR ( 'NONE', #1125, 1000.000000000000000 ) ;
#736 = EDGE_CURVE ( 'NONE', #220, #1864, #1949, .T. ) ;
#737 = CARTESIAN_POINT ( 'NONE',  ( -1.925000000000000000, -0.3500000000000002600, 2.724724834603180500 ) ) ;
#738 = SURFACE_SIDE_STYLE ('',( #889 ) ) ;
#739 =( GEOMETRIC_REPRESENTATION_CONTEXT ( 3 ) GLOBAL_UNCERTAINTY_ASSIGNED_CONTEXT ( ( #1266 ) ) GLOBAL_UNIT_ASSIGNED_CONTEXT ( ( #1907, #1679, #2462 ) ) REPRESENTATION_CONTEXT ( 'NONE', 'WORKASPACE' ) );
#740 = ORIENTED_EDGE ( 'NONE', *, *, #443, .T. ) ;
#741 = DIRECTION ( 'NONE',  ( 0.0000000000000000000, 0.5735764363510422700, -0.8191520442889943500 ) ) ;
#742 = EDGE_LOOP ( 'NONE', ( #1254, #956, #125, #349 ) ) ;
#743 = CARTESIAN_POINT ( 'NONE',  ( -0.3750000000000000000, 0.1600967748736932300, 2.501830713051848200 ) ) ;
#744 = CARTESIAN_POINT ( 'NONE',  ( 2.674999999999999800, 0.7730739370050967500, 3.511109671260997300 ) ) ;
#745 = LINE ( 'NONE', #1351, #2452 ) ;
#746 = ORIENTED_EDGE ( 'NONE', *, *, #1205, .T. ) ;
#747 = ADVANCED_FACE ( 'NONE', ( #65 ), #253, .F. ) ;
#748 = SURFACE_STYLE_USAGE ( .BOTH. , #1587 ) ;
#749 = SURFACE_STYLE_USAGE ( .BOTH. , #1104 ) ;
#750 = ORIENTED_EDGE ( 'NONE', *, *, #677, .T. ) ;
#751 = ORIENTED_EDGE ( 'NONE', *, *, #1097, .F. ) ;
#752 = EDGE_CURVE ( 'NONE', #1546, #1649, #1667, .T. ) ;
#753 = ORIENTED_EDGE ( 'NONE', *, *, #589, .T. ) ;
#754 = LINE ( 'NONE', #160, #979 ) ;
#755 = AXIS2_PLACEMENT_3D ( 'NONE', #522, #1654, #1458 ) ;
#756 = VERTEX_POINT ( 'NONE', #258 ) ;
#757 = CARTESIAN_POINT ( 'NONE',  ( -3.038407623149839600, 1.200000000000000000, 1.538407623149842000 ) ) ;
#758 =( LENGTH_UNIT ( ) NAMED_UNIT ( * ) SI_UNIT ( .MILLI., .METRE. ) );
#759 = VECTOR ( 'NONE', #610, 1000.000000000000000 ) ;
#760 = AXIS2_PLACEMENT_3D ( 'NONE', #1930, #2358, #1211 ) ;
#761 = ADVANCED_FACE ( 'NONE', ( #839 ), #1978, .F. ) ;
#762 = DIRECTION ( 'NONE',  ( 0.0000000000000000000, -0.0000000000000000000, 1.000000000000000000 ) ) ;
#763 = DIRECTION ( 'NONE',  ( -1.000000000000000000, -0.0000000000000000000, -0.0000000000000000000 ) ) ;
#764 = DIRECTION ( 'NONE',  ( 0.0000000000000000000, -0.8191520442889944600, -0.5735764363510423800 ) ) ;
#765 = CARTESIAN_POINT ( 'NONE',  ( -1.500000000000000000, 5.421010862427522200E-016, -2.067223637803944100 ) ) ;
#766 = DIRECTION ( 'NONE',  ( -1.000000000000000000, -0.0000000000000000000, -0.0000000000000000000 ) ) ;
#767 = CARTESIAN_POINT ( 'NONE',  ( -0.3750000000000000000, 0.3029666598853873500, 1.696578803607081500 ) ) ;
#768 = EDGE_CURVE ( 'NONE', #294, #696, #890, .T. ) ;
#769 = LINE ( 'NONE', #325, #37 ) ;
#770 = ORIENTED_EDGE ( 'NONE', *, *, #1950, .T. ) ;
#771 = EDGE_CURVE ( 'NONE', #52, #1319, #2392, .T. ) ;
#772 = SURFACE_SIDE_STYLE ('',( #1303 ) ) ;
#773 = DIRECTION ( 'NONE',  ( -1.000000000000000000, -0.0000000000000000000, -0.0000000000000000000 ) ) ;
#774 = DIRECTION ( 'NONE',  ( 0.0000000000000000000, 0.5735764363510422700, -0.8191520442889943500 ) ) ;
#775 = SURFACE_SIDE_STYLE ('',( #1470 ) ) ;
#776 = ADVANCED_FACE ( 'NONE', ( #93 ), #248, .T. ) ;
#777 = DIRECTION ( 'NONE',  ( -0.0000000000000000000, 0.9848077530122079100, -0.1736481776669309700 ) ) ;
#778 = SURFACE_STYLE_USAGE ( .BOTH. , #2176 ) ;
#779 = UNCERTAINTY_MEASURE_WITH_UNIT (LENGTH_MEASURE( 1.000000000000000100E-005 ), #1815, 'distance_accuracy_value', 'NONE');
#780 = EDGE_LOOP ( 'NONE', ( #970, #496, #2256, #1304 ) ) ;
#781 =( LENGTH_UNIT ( ) NAMED_UNIT ( * ) SI_UNIT ( .MILLI., .METRE. ) );
#782 = SURFACE_SIDE_STYLE ('',( #641 ) ) ;
#783 = DIRECTION ( 'NONE',  ( -1.000000000000000000, -0.0000000000000000000, -0.0000000000000000000 ) ) ;
#784 = ORIENTED_EDGE ( 'NONE', *, *, #1069, .F. ) ;
#785 = ORIENTED_EDGE ( 'NONE', *, *, #1887, .T. ) ;
#786 = DIRECTION ( 'NONE',  ( 0.0000000000000000000, -0.5735764363510419400, -0.8191520442889946900 ) ) ;
#787 = CARTESIAN_POINT ( 'NONE',  ( 3.038407623149842300, 1.200000000000000000, -1.538407623149841100 ) ) ;
#788 = EDGE_CURVE ( 'NONE', #1374, #896, #996, .T. ) ;
#789 = VECTOR ( 'NONE', #1735, 1000.000000000000000 ) ;
#790 = ORIENTED_EDGE ( 'NONE', *, *, #2393, .T. ) ;
#791 = DIRECTION ( 'NONE',  ( 0.0000000000000000000, 0.0000000000000000000, 1.000000000000000000 ) ) ;
#792 = ADVANCED_FACE ( 'NONE', ( #1979 ), #680, .F. ) ;
#793 = FILL_AREA_STYLE_COLOUR ( '', #1806 ) ;
#794 = COLOUR_RGB ( '',1.000000000000000000, 1.000000000000000000, 1.000000000000000000 ) ;
#795 = PRESENTATION_LAYER_ASSIGNMENT (  '', '', ( #2421 ) ) ;
#796 = CARTESIAN_POINT ( 'NONE',  ( -2.674999999999999800, -0.09042397785550247700, 2.354011855979464900 ) ) ;
#797 = AXIS2_PLACEMENT_3D ( 'NONE', #129, #2035, #921 ) ;
#798 = VECTOR ( 'NONE', #531, 1000.000000000000000 ) ;
#799 = LINE ( 'NONE', #7, #735 ) ;
#800 = VECTOR ( 'NONE', #1071, 1000.000000000000000 ) ;
#801 =( NAMED_UNIT ( * ) PLANE_ANGLE_UNIT ( ) SI_UNIT ( $, .RADIAN. ) );
#802 = ADVANCED_FACE ( 'NONE', ( #2012 ), #1241, .F. ) ;
#803 = EDGE_CURVE ( 'NONE', #1437, #1933, #119, .T. ) ;
#804 = DIRECTION ( 'NONE',  ( -1.000000000000000000, -0.0000000000000000000, -0.0000000000000000000 ) ) ;
#805 = VERTEX_POINT ( 'NONE', #492 ) ;
#806 = AXIS2_PLACEMENT_3D ( 'NONE', #695, #870, #478 ) ;
#807 = CIRCLE ( 'NONE', #1452, 0.7900000000000001500 ) ;
#808 =( LENGTH_UNIT ( ) NAMED_UNIT ( * ) SI_UNIT ( .MILLI., .METRE. ) );
#809 = SURFACE_STYLE_USAGE ( .BOTH. , #219 ) ;
#810 = EDGE_LOOP ( 'NONE', ( #817, #268, #751, #1461, #1681, #1502, #1904, #822, #159, #639, #1022, #2169 ) ) ;
#811 = DIRECTION ( 'NONE',  ( -0.0000000000000000000, -0.0000000000000000000, -1.000000000000000000 ) ) ;
#812 = VECTOR ( 'NONE', #862, 1000.000000000000200 ) ;
#813 = ORIENTED_EDGE ( 'NONE', *, *, #949, .T. ) ;
#814 = SURFACE_STYLE_USAGE ( .BOTH. , #197 ) ;
#815 = AXIS2_PLACEMENT_3D ( 'NONE', #2385, #2194, #297 ) ;
#816 = LINE ( 'NONE', #1514, #529 ) ;
#817 = ORIENTED_EDGE ( 'NONE', *, *, #554, .F. ) ;
#818 = ORIENTED_EDGE ( 'NONE', *, *, #1764, .F. ) ;
#819 = FILL_AREA_STYLE_COLOUR ( '', #1767 ) ;
#820 = VERTEX_POINT ( 'NONE', #302 ) ;
#821 =( NAMED_UNIT ( * ) PLANE_ANGLE_UNIT ( ) SI_UNIT ( $, .RADIAN. ) );
#822 = ORIENTED_EDGE ( 'NONE', *, *, #1849, .F. ) ;
#823 = EDGE_CURVE ( 'NONE', #196, #419, #1076, .T. ) ;
#824 = CARTESIAN_POINT ( 'NONE',  ( -1.925000000000000000, 0.3029666598853874000, 2.048705328334524900 ) ) ;
#825 =( NAMED_UNIT ( * ) SI_UNIT ( $, .STERADIAN. ) SOLID_ANGLE_UNIT ( ) );
#826 = VERTEX_POINT ( 'NONE', #2021 ) ;
#827 =( GEOMETRIC_REPRESENTATION_CONTEXT ( 3 ) GLOBAL_UNCERTAINTY_ASSIGNED_CONTEXT ( ( #1911 ) ) GLOBAL_UNIT_ASSIGNED_CONTEXT ( ( #1845, #1282, #917 ) ) REPRESENTATION_CONTEXT ( 'NONE', 'WORKASPACE' ) );
#828 = FACE_OUTER_BOUND ( 'NONE', #924, .T. ) ;
#829 = PLANE ( 'NONE',  #945 ) ;
#830 = VECTOR ( 'NONE', #1856, 1000.000000000000100 ) ;
#831 = AXIS2_PLACEMENT_3D ( 'NONE', #2270, #162, #2259 ) ;
#832 = DIRECTION ( 'NONE',  ( 0.0000000000000000000, -0.9961946980917461000, -0.08715574274765255900 ) ) ;
#833 = MECHANICAL_DESIGN_GEOMETRIC_PRESENTATION_REPRESENTATION (  '', ( #544 ), #27 ) ;
#834 = ORIENTED_EDGE ( 'NONE', *, *, #913, .T. ) ;
#835 = SURFACE_SIDE_STYLE ('',( #1381 ) ) ;
#836 = CIRCLE ( 'NONE', #1588, 0.5000000000000000000 ) ;
#837 = DIRECTION ( 'NONE',  ( -0.0000000000000000000, 0.9961946980917461000, 0.08715574274765211500 ) ) ;
#838 = CARTESIAN_POINT ( 'NONE',  ( 0.3750000000000000000, -0.5927290410984301600, 3.391617394067000500 ) ) ;
#839 = FACE_OUTER_BOUND ( 'NONE', #1960, .T. ) ;
#840 = ORIENTED_EDGE ( 'NONE', *, *, #1579, .F. ) ;
#841 = CARTESIAN_POINT ( 'NONE',  ( -1.500000000000000000, -0.3111035375533938200, -3.499999999999999100 ) ) ;
#842 = SURFACE_STYLE_USAGE ( .BOTH. , #1390 ) ;
#843 = DIRECTION ( 'NONE',  ( -1.000000000000000000, -0.0000000000000000000, -0.0000000000000000000 ) ) ;
#844 = EDGE_CURVE ( 'NONE', #635, #237, #1135, .T. ) ;
#845 = CARTESIAN_POINT ( 'NONE',  ( -1.925000000000000000, 0.3029666598853874000, 2.048705328334524900 ) ) ;
#846 = MECHANICAL_DESIGN_GEOMETRIC_PRESENTATION_REPRESENTATION (  '', ( #109 ), #964 ) ;
#847 = PLANE ( 'NONE',  #1994 ) ;
#848 = EDGE_LOOP ( 'NONE', ( #1683, #1216, #1594, #1780 ) ) ;
#849 = ORIENTED_EDGE ( 'NONE', *, *, #550, .T. ) ;
#850 = CARTESIAN_POINT ( 'NONE',  ( 3.250000000000000900, 0.0000000000000000000, -1.749999999999999600 ) ) ;
#851 = VERTEX_POINT ( 'NONE', #710 ) ;
#852 = FILL_AREA_STYLE_COLOUR ( '', #2149 ) ;
#853 = ORIENTED_EDGE ( 'NONE', *, *, #788, .T. ) ;
#854 = EDGE_CURVE ( 'NONE', #530, #1039, #2032, .T. ) ;
#855 = CARTESIAN_POINT ( 'NONE',  ( 2.674999999999999800, -0.5000000000000000000, 2.067223637803944100 ) ) ;
#856 = VECTOR ( 'NONE', #1993, 1000.000000000000000 ) ;
#857 = VECTOR ( 'NONE', #1129, 1000.000000000000000 ) ;
#858 = DIRECTION ( 'NONE',  ( 0.0000000000000000000, 1.000000000000000000, 0.0000000000000000000 ) ) ;
#859 = CIRCLE ( 'NONE', #926, 0.7900000000000001500 ) ;
#860 = FACE_OUTER_BOUND ( 'NONE', #620, .T. ) ;
#861 = PLANE ( 'NONE',  #1958 ) ;
#862 = DIRECTION ( 'NONE',  ( 0.1710878697460358800, -0.9702875252478137000, 0.1710878697460358500 ) ) ;
#863 = AXIS2_PLACEMENT_3D ( 'NONE', #1148, #1179, #1934 ) ;
#864 = FILL_AREA_STYLE_COLOUR ( '', #2128 ) ;
#865 = VECTOR ( 'NONE', #763, 1000.000000000000000 ) ;
#866 = CARTESIAN_POINT ( 'NONE',  ( 0.3750000000000000000, 0.0000000000000000000, 1.750000000000000400 ) ) ;
#867 = CARTESIAN_POINT ( 'NONE',  ( 3.206255668237039100, -0.5000000000000000000, -7.945667110963566300E-016 ) ) ;
#868 = FILL_AREA_STYLE ('',( #1995 ) ) ;
#869 = EDGE_CURVE ( 'NONE', #1402, #1804, #621, .T. ) ;
#870 = DIRECTION ( 'NONE',  ( 0.0000000000000000000, -1.000000000000000000, 1.539506535789528200E-016 ) ) ;
#871 = PRODUCT_DEFINITION_CONTEXT ( 'detailed design', #1942, 'design' ) ;
#872 = AXIS2_PLACEMENT_3D ( 'NONE', #563, #556, #937 ) ;
#873 = FACE_OUTER_BOUND ( 'NONE', #19, .T. ) ;
#874 = ORIENTED_EDGE ( 'NONE', *, *, #2405, .T. ) ;
#875 = DIRECTION ( 'NONE',  ( 0.0000000000000000000, 0.0000000000000000000, 1.000000000000000000 ) ) ;
#876 = ORIENTED_EDGE ( 'NONE', *, *, #168, .T. ) ;
#877 =( NAMED_UNIT ( * ) SI_UNIT ( $, .STERADIAN. ) SOLID_ANGLE_UNIT ( ) );
#878 = EDGE_LOOP ( 'NONE', ( #2033, #122, #234, #280 ) ) ;
#879 = FACE_OUTER_BOUND ( 'NONE', #2213, .T. ) ;
#880 =( NAMED_UNIT ( * ) SI_UNIT ( $, .STERADIAN. ) SOLID_ANGLE_UNIT ( ) );
#881 = VERTEX_POINT ( 'NONE', #915 ) ;
#882 = FILL_AREA_STYLE_COLOUR ( '', #326 ) ;
#883 = EDGE_CURVE ( 'NONE', #1600, #1462, #1357, .T. ) ;
#884 = FACE_OUTER_BOUND ( 'NONE', #606, .T. ) ;
#885 = DIRECTION ( 'NONE',  ( 0.0000000000000000000, 0.9961946980917461000, 0.08715574274765176800 ) ) ;
#886 = COLOUR_RGB ( '',1.000000000000000000, 1.000000000000000000, 1.000000000000000000 ) ;
#887 = AXIS2_PLACEMENT_3D ( 'NONE', #1032, #89, #499 ) ;
#888 = UNCERTAINTY_MEASURE_WITH_UNIT (LENGTH_MEASURE( 1.000000000000000100E-005 ), #1312, 'distance_accuracy_value', 'NONE');
#889 = SURFACE_STYLE_FILL_AREA ( #2042 ) ;
#890 = LINE ( 'NONE', #2183, #1021 ) ;
#891 = AXIS2_PLACEMENT_3D ( 'NONE', #2173, #2341, #1029 ) ;
#892 = ORIENTED_EDGE ( 'NONE', *, *, #520, .T. ) ;
#893 = CARTESIAN_POINT ( 'NONE',  ( 2.674999999999999800, -0.4870333401146127400, 2.048705328334524900 ) ) ;
#894 =( LENGTH_UNIT ( ) NAMED_UNIT ( * ) SI_UNIT ( .MILLI., .METRE. ) );
#895 = EDGE_CURVE ( 'NONE', #199, #756, #366, .T. ) ;
#896 = VERTEX_POINT ( 'NONE', #2410 ) ;
#897 = ORIENTED_EDGE ( 'NONE', *, *, #431, .T. ) ;
#898 = AXIS2_PLACEMENT_3D ( 'NONE', #2199, #303, #2209 ) ;
#899 = PLANE ( 'NONE',  #1738 ) ;
#900 = ORIENTED_EDGE ( 'NONE', *, *, #1795, .T. ) ;
#901 = DIRECTION ( 'NONE',  ( -0.0000000000000000000, -0.0000000000000000000, -1.000000000000000000 ) ) ;
#902 = MECHANICAL_DESIGN_GEOMETRIC_PRESENTATION_REPRESENTATION (  '', ( #436 ), #968 ) ;
#903 = FACE_OUTER_BOUND ( 'NONE', #878, .T. ) ;
#904 = ORIENTED_EDGE ( 'NONE', *, *, #949, .F. ) ;
#905 = DIRECTION ( 'NONE',  ( 0.0000000000000000000, 0.08715574274765176800, -0.9961946980917461000 ) ) ;
#906 = ORIENTED_EDGE ( 'NONE', *, *, #1639, .F. ) ;
#907 = CARTESIAN_POINT ( 'NONE',  ( -1.925000000000000000, 0.3029666598853873500, 1.696578803607081500 ) ) ;
#908 = ORIENTED_EDGE ( 'NONE', *, *, #335, .T. ) ;
#909 =( NAMED_UNIT ( * ) PLANE_ANGLE_UNIT ( ) SI_UNIT ( $, .RADIAN. ) );
#910 = FILL_AREA_STYLE ('',( #1070 ) ) ;
#911 = PRESENTATION_STYLE_ASSIGNMENT (( #1396 ) ) ;
#912 = UNCERTAINTY_MEASURE_WITH_UNIT (LENGTH_MEASURE( 1.000000000000000100E-005 ), #2284, 'distance_accuracy_value', 'NONE');
#913 = EDGE_CURVE ( 'NONE', #1374, #2464, #1757, .T. ) ;
#914 = VECTOR ( 'NONE', #2298, 1000.000000000000100 ) ;
#915 = CARTESIAN_POINT ( 'NONE',  ( 0.3750000000000000000, 0.1600967748736932300, 2.501830713051848200 ) ) ;
#916 = PLANE ( 'NONE',  #1560 ) ;
#917 =( NAMED_UNIT ( * ) SI_UNIT ( $, .STERADIAN. ) SOLID_ANGLE_UNIT ( ) );
#918 = FACE_OUTER_BOUND ( 'NONE', #195, .T. ) ;
#919 = VECTOR ( 'NONE', #1018, 1000.000000000000000 ) ;
#920 = AXIS2_PLACEMENT_3D ( 'NONE', #744, #2411, #1844 ) ;
#921 = DIRECTION ( 'NONE',  ( 0.0000000000000000000, -0.0000000000000000000, 1.000000000000000000 ) ) ;
#922 = PLANE ( 'NONE',  #936 ) ;
#923 = EDGE_CURVE ( 'NONE', #688, #1187, #1103, .T. ) ;
#924 = EDGE_LOOP ( 'NONE', ( #746, #1826, #1403, #2458 ) ) ;
#925 =( LENGTH_UNIT ( ) NAMED_UNIT ( * ) SI_UNIT ( .MILLI., .METRE. ) );
#926 = AXIS2_PLACEMENT_3D ( 'NONE', #432, #1589, #1768 ) ;
#927 = ORIENTED_EDGE ( 'NONE', *, *, #67, .F. ) ;
#928 = CARTESIAN_POINT ( 'NONE',  ( 1.925000000000000000, -0.1124459071561911700, 2.891062001144981700 ) ) ;
#929 = ORIENTED_EDGE ( 'NONE', *, *, #92, .F. ) ;
#930 = ADVANCED_FACE ( 'NONE', ( #918 ), #899, .F. ) ;
#931 = LINE ( 'NONE', #689, #1377 ) ;
#932 = DIRECTION ( 'NONE',  ( 1.000000000000000000, 0.0000000000000000000, -0.0000000000000000000 ) ) ;
#933 = EDGE_CURVE ( 'NONE', #1861, #1155, #769, .T. ) ;
#934 = PLANE ( 'NONE',  #1434 ) ;
#935 = VECTOR ( 'NONE', #1474, 1000.000000000000000 ) ;
#936 = AXIS2_PLACEMENT_3D ( 'NONE', #2053, #2063, #2449 ) ;
#937 = DIRECTION ( 'NONE',  ( 0.0000000000000000000, 0.0000000000000000000, 1.000000000000000000 ) ) ;
#938 = CARTESIAN_POINT ( 'NONE',  ( -3.249999999999999100, 0.0000000000000000000, -1.749999999999999600 ) ) ;
#939 = STYLED_ITEM ( 'NONE', ( #1281 ), #1311 ) ;
#940 = CARTESIAN_POINT ( 'NONE',  ( 0.3750000000000000000, -0.5927290410984301600, 3.391617394067000900 ) ) ;
#941 = ORIENTED_EDGE ( 'NONE', *, *, #1131, .T. ) ;
#942 = CARTESIAN_POINT ( 'NONE',  ( 1.500000000000000000, 5.063237622316694800E-016, -2.067223637803944100 ) ) ;
#943 = ADVANCED_FACE ( 'NONE', ( #91 ), #127, .F. ) ;
#944 = ADVANCED_FACE ( 'NONE', ( #2184 ), #2124, .T. ) ;
#945 = AXIS2_PLACEMENT_3D ( 'NONE', #1188, #2143, #2321 ) ;
#946 =( NAMED_UNIT ( * ) SI_UNIT ( $, .STERADIAN. ) SOLID_ANGLE_UNIT ( ) );
#947 = EDGE_CURVE ( 'NONE', #1743, #260, #2240, .T. ) ;
#948 = ORIENTED_EDGE ( 'NONE', *, *, #106, .T. ) ;
#949 = EDGE_CURVE ( 'NONE', #1506, #1089, #551, .T. ) ;
#950 = UNCERTAINTY_MEASURE_WITH_UNIT (LENGTH_MEASURE( 1.000000000000000100E-005 ), #1631, 'distance_accuracy_value', 'NONE');
#951 = ADVANCED_FACE ( 'NONE', ( #1617 ), #435, .T. ) ;
#952 = SURFACE_STYLE_USAGE ( .BOTH. , #782 ) ;
#953 = DIRECTION ( 'NONE',  ( -0.9848077530122080200, 0.1736481776669307200, 2.440527326391781300E-016 ) ) ;
#954 = ORIENTED_EDGE ( 'NONE', *, *, #275, .T. ) ;
#955 = DIRECTION ( 'NONE',  ( -0.0000000000000000000, 0.9961946980917461000, 0.08715574274765211500 ) ) ;
#956 = ORIENTED_EDGE ( 'NONE', *, *, #1685, .F. ) ;
#957 = CARTESIAN_POINT ( 'NONE',  ( -1.925000000000000000, 0.0000000000000000000, 1.750000000000000400 ) ) ;
#958 = ORIENTED_EDGE ( 'NONE', *, *, #1463, .F. ) ;
#959 = APPLICATION_PROTOCOL_DEFINITION ( 'draft international standard', 'automotive_design', 1998, #1942 ) ;
#960 = CARTESIAN_POINT ( 'NONE',  ( 3.038407623149842300, 1.200000000000000000, -1.749999999999999600 ) ) ;
#961 = DIRECTION ( 'NONE',  ( -1.000000000000000000, -0.0000000000000000000, -0.0000000000000000000 ) ) ;
#962 = EDGE_CURVE ( 'NONE', #1249, #533, #1790, .T. ) ;
#963 = CIRCLE ( 'NONE', #1696, 0.5000000000000000000 ) ;
#964 =( GEOMETRIC_REPRESENTATION_CONTEXT ( 3 ) GLOBAL_UNCERTAINTY_ASSIGNED_CONTEXT ( ( #1122 ) ) GLOBAL_UNIT_ASSIGNED_CONTEXT ( ( #1534, #801, #993 ) ) REPRESENTATION_CONTEXT ( 'NONE', 'WORKASPACE' ) );
#965 = CARTESIAN_POINT ( 'NONE',  ( 0.3750000000000000000, 0.3029666598853874000, 2.048705328334524900 ) ) ;
#966 = CARTESIAN_POINT ( 'NONE',  ( -2.674999999999999800, -0.5000000000000000000, 2.067223637803944100 ) ) ;
#967 = ORIENTED_EDGE ( 'NONE', *, *, #1285, .F. ) ;
#968 =( GEOMETRIC_REPRESENTATION_CONTEXT ( 3 ) GLOBAL_UNCERTAINTY_ASSIGNED_CONTEXT ( ( #1344 ) ) GLOBAL_UNIT_ASSIGNED_CONTEXT ( ( #1789, #1020, #658 ) ) REPRESENTATION_CONTEXT ( 'NONE', 'WORKASPACE' ) );
#969 = SURFACE_STYLE_FILL_AREA ( #1162 ) ;
#970 = ORIENTED_EDGE ( 'NONE', *, *, #2409, .T. ) ;
#971 =( NAMED_UNIT ( * ) SI_UNIT ( $, .STERADIAN. ) SOLID_ANGLE_UNIT ( ) );
#972 = ADVANCED_FACE ( 'NONE', ( #2391 ), #2090, .T. ) ;
#973 = SURFACE_SIDE_STYLE ('',( #22 ) ) ;
#974 = LINE ( 'NONE', #389, #2245 ) ;
#975 = ORIENTED_EDGE ( 'NONE', *, *, #854, .F. ) ;
#976 = DIRECTION ( 'NONE',  ( 0.0000000000000000000, 0.0000000000000000000, 1.000000000000000000 ) ) ;
#977 = DIRECTION ( 'NONE',  ( -0.0000000000000000000, 1.539506535789528400E-016, 1.000000000000000000 ) ) ;
#978 = EDGE_CURVE ( 'NONE', #573, #2022, #1202, .T. ) ;
#979 = VECTOR ( 'NONE', #1345, 1000.000000000000000 ) ;
#980 = VERTEX_POINT ( 'NONE', #743 ) ;
#981 = APPLICATION_PROTOCOL_DEFINITION ( 'draft international standard', 'automotive_design', 1998, #1710 ) ;
#982 = ORIENTED_EDGE ( 'NONE', *, *, #2281, .T. ) ;
#983 = AXIS2_PLACEMENT_3D ( 'NONE', #965, #1151, #12 ) ;
#984 = EDGE_LOOP ( 'NONE', ( #1307, #1987, #2146, #1839 ) ) ;
#985 = ORIENTED_EDGE ( 'NONE', *, *, #464, .F. ) ;
#986 =( LENGTH_UNIT ( ) NAMED_UNIT ( * ) SI_UNIT ( .MILLI., .METRE. ) );
#987 = DIRECTION ( 'NONE',  ( 0.0000000000000000000, -0.08715574274765255900, 0.9961946980917459900 ) ) ;
#988 = DIRECTION ( 'NONE',  ( -1.000000000000000000, -0.0000000000000000000, -0.0000000000000000000 ) ) ;
#989 = SURFACE_STYLE_FILL_AREA ( #675 ) ;
#990 = SURFACE_STYLE_USAGE ( .BOTH. , #973 ) ;
#991 = COLOUR_RGB ( '',1.000000000000000000, 1.000000000000000000, 1.000000000000000000 ) ;
#992 = PLANE ( 'NONE',  #175 ) ;
#993 =( NAMED_UNIT ( * ) SI_UNIT ( $, .STERADIAN. ) SOLID_ANGLE_UNIT ( ) );
#994 = EDGE_CURVE ( 'NONE', #690, #1249, #1822, .T. ) ;
#995 = DIRECTION ( 'NONE',  ( -1.000000000000000000, -0.0000000000000000000, -0.0000000000000000000 ) ) ;
#996 = LINE ( 'NONE', #1040, #307 ) ;
#997 = CARTESIAN_POINT ( 'NONE',  ( -1.925000000000000000, 0.3029666598853874000, 2.048705328334524900 ) ) ;
#998 = VERTEX_POINT ( 'NONE', #367 ) ;
#999 = UNCERTAINTY_MEASURE_WITH_UNIT (LENGTH_MEASURE( 1.000000000000000100E-005 ), #2159, 'distance_accuracy_value', 'NONE');
#1000 = DIRECTION ( 'NONE',  ( 1.000000000000000000, 0.0000000000000000000, 0.0000000000000000000 ) ) ;
#1001 = PRESENTATION_STYLE_ASSIGNMENT (( #10 ) ) ;
#1002 = PRESENTATION_LAYER_ASSIGNMENT (  '', '', ( #1265 ) ) ;
#1003 = LINE ( 'NONE', #1127, #2038 ) ;
#1004 = ORIENTED_EDGE ( 'NONE', *, *, #2418, .T. ) ;
#1005 = VERTEX_POINT ( 'NONE', #2250 ) ;
#1006 = DIRECTION ( 'NONE',  ( 0.0000000000000000000, -0.08715574274766316200, -0.9961946980917452100 ) ) ;
#1007 = CARTESIAN_POINT ( 'NONE',  ( 1.500000000000000000, 0.7730739370050976300, -3.511109671260997300 ) ) ;
#1008 = EDGE_CURVE ( 'NONE', #417, #1086, #1449, .T. ) ;
#1009 = DIRECTION ( 'NONE',  ( -0.0000000000000000000, 0.1736481776669310000, 0.9848077530122080200 ) ) ;
#1010 = ORIENTED_EDGE ( 'NONE', *, *, #1145, .T. ) ;
#1011 = DIRECTION ( 'NONE',  ( -0.0000000000000000000, 0.5735764363510417200, -0.8191520442889948000 ) ) ;
#1012 = AXIS2_PLACEMENT_3D ( 'NONE', #1836, #1650, #726 ) ;
#1013 = CARTESIAN_POINT ( 'NONE',  ( 1.925000000000000000, -0.09042397785550258800, 2.354011855979464900 ) ) ;
#1014 = FACE_OUTER_BOUND ( 'NONE', #1607, .T. ) ;
#1015 = CARTESIAN_POINT ( 'NONE',  ( 0.3750000000000000000, -0.3038325786518236700, 3.416892559463820400 ) ) ;
#1016 =( NAMED_UNIT ( * ) PLANE_ANGLE_UNIT ( ) SI_UNIT ( $, .RADIAN. ) );
#1017 = AXIS2_PLACEMENT_3D ( 'NONE', #1007, #451, #1230 ) ;
#1018 = DIRECTION ( 'NONE',  ( -1.000000000000000000, -0.0000000000000000000, -0.0000000000000000000 ) ) ;
#1019 = DIRECTION ( 'NONE',  ( -0.0000000000000000000, 0.08715574274765210100, -0.9961946980917459900 ) ) ;
#1020 =( NAMED_UNIT ( * ) PLANE_ANGLE_UNIT ( ) SI_UNIT ( $, .RADIAN. ) );
#1021 = VECTOR ( 'NONE', #1786, 1000.000000000000100 ) ;
#1022 = ORIENTED_EDGE ( 'NONE', *, *, #306, .F. ) ;
#1023 = EDGE_CURVE ( 'NONE', #2324, #294, #2211, .T. ) ;
#1024 = DIRECTION ( 'NONE',  ( 0.08715574274765836000, 0.9961946980917455500, 0.0000000000000000000 ) ) ;
#1025 = PRESENTATION_LAYER_ASSIGNMENT (  '', '', ( #2011 ) ) ;
#1026 = LINE ( 'NONE', #1581, #2218 ) ;
#1027 = ORIENTED_EDGE ( 'NONE', *, *, #1518, .T. ) ;
#1028 = CARTESIAN_POINT ( 'NONE',  ( 1.925000000000000000, 0.3029666598853874000, 2.048705328334524900 ) ) ;
#1029 = DIRECTION ( 'NONE',  ( 0.0000000000000000000, 0.0000000000000000000, 1.000000000000000000 ) ) ;
#1030 = CIRCLE ( 'NONE', #2327, 0.5000000000000000000 ) ;
#1031 = ORIENTED_EDGE ( 'NONE', *, *, #1182, .F. ) ;
#1032 = CARTESIAN_POINT ( 'NONE',  ( 2.674999999999999800, -0.09042397785550258800, 2.354011855979464900 ) ) ;
#1033 = AXIS2_PLACEMENT_3D ( 'NONE', #1330, #764, #774 ) ;
#1034 =( NAMED_UNIT ( * ) PLANE_ANGLE_UNIT ( ) SI_UNIT ( $, .RADIAN. ) );
#1035 = CYLINDRICAL_SURFACE ( 'NONE', #283, 0.5000000000000000000 ) ;
#1036 = VERTEX_POINT ( 'NONE', #358 ) ;
#1037 = CARTESIAN_POINT ( 'NONE',  ( 2.674999999999999800, -0.09042397785550247700, 2.354011855979464900 ) ) ;
#1038 = EDGE_CURVE ( 'NONE', #1861, #1063, #836, .T. ) ;
#1039 = VERTEX_POINT ( 'NONE', #1870 ) ;
#1040 = CARTESIAN_POINT ( 'NONE',  ( 0.3750000000000000000, -0.5927290410984301600, 3.391617394067000500 ) ) ;
#1041 = ORIENTED_EDGE ( 'NONE', *, *, #1722, .F. ) ;
#1042 = AXIS2_PLACEMENT_3D ( 'NONE', #272, #2178, #674 ) ;
#1043 = PRESENTATION_STYLE_ASSIGNMENT (( #2403 ) ) ;
#1044 = VECTOR ( 'NONE', #1217, 1000.000000000000000 ) ;
#1045 = DIRECTION ( 'NONE',  ( -0.0000000000000000000, -3.079013071579060800E-016, 1.000000000000000000 ) ) ;
#1046 = DIRECTION ( 'NONE',  ( 0.0000000000000000000, 0.0000000000000000000, 1.000000000000000000 ) ) ;
#1047 = VECTOR ( 'NONE', #1342, 1000.000000000000000 ) ;
#1048 = DIRECTION ( 'NONE',  ( 0.0000000000000000000, 0.0000000000000000000, -1.000000000000000000 ) ) ;
#1049 = ORIENTED_EDGE ( 'NONE', *, *, #1131, .F. ) ;
#1050 = EDGE_CURVE ( 'NONE', #1086, #1437, #305, .T. ) ;
#1051 = CARTESIAN_POINT ( 'NONE',  ( 1.500000000000000000, 5.421010862427522200E-016, -2.067223637803944100 ) ) ;
#1052 = ORIENTED_EDGE ( 'NONE', *, *, #1985, .F. ) ;
#1053 = AXIS2_PLACEMENT_3D ( 'NONE', #2136, #1223, #506 ) ;
#1054 = FILL_AREA_STYLE_COLOUR ( '', #215 ) ;
#1055 = PRESENTATION_STYLE_ASSIGNMENT (( #2131 ) ) ;
#1056 = DIRECTION ( 'NONE',  ( 0.0000000000000000000, -0.08715574274765255900, 0.9961946980917459900 ) ) ;
#1057 = MECHANICAL_DESIGN_GEOMETRIC_PRESENTATION_REPRESENTATION (  '', ( #939 ), #1656 ) ;
#1058 = CYLINDRICAL_SURFACE ( 'NONE', #1808, 0.7899999999999999200 ) ;
#1059 = ORIENTED_EDGE ( 'NONE', *, *, #844, .T. ) ;
#1060 = AXIS2_PLACEMENT_3D ( 'NONE', #1983, #683, #1006 ) ;
#1061 = ORIENTED_EDGE ( 'NONE', *, *, #1833, .F. ) ;
#1062 = DIRECTION ( 'NONE',  ( 0.0000000000000000000, -0.08715574274765210100, 0.9961946980917459900 ) ) ;
#1063 = VERTEX_POINT ( 'NONE', #1336 ) ;
#1064 = DIRECTION ( 'NONE',  ( 0.0000000000000000000, 0.0000000000000000000, 1.000000000000000000 ) ) ;
#1065 = COLOUR_RGB ( '',1.000000000000000000, 1.000000000000000000, 1.000000000000000000 ) ;
#1066 =( NAMED_UNIT ( * ) PLANE_ANGLE_UNIT ( ) SI_UNIT ( $, .RADIAN. ) );
#1067 = VERTEX_POINT ( 'NONE', #938 ) ;
#1068 = EDGE_CURVE ( 'NONE', #2020, #1861, #2182, .T. ) ;
#1069 = EDGE_CURVE ( 'NONE', #1319, #155, #799, .T. ) ;
#1070 = FILL_AREA_STYLE_COLOUR ( '', #2260 ) ;
#1071 = DIRECTION ( 'NONE',  ( -1.000000000000000000, -0.0000000000000000000, -0.0000000000000000000 ) ) ;
#1072 = AXIS2_PLACEMENT_3D ( 'NONE', #1215, #458, #1384 ) ;
#1073 = CARTESIAN_POINT ( 'NONE',  ( 1.500000000000000000, -0.6000000000000003100, -3.474724834603180000 ) ) ;
#1074 = ORIENTED_EDGE ( 'NONE', *, *, #2073, .T. ) ;
#1075 = UNCERTAINTY_MEASURE_WITH_UNIT (LENGTH_MEASURE( 1.000000000000000100E-005 ), #925, 'distance_accuracy_value', 'NONE');
#1076 = LINE ( 'NONE', #1989, #1475 ) ;
#1077 =( LENGTH_UNIT ( ) NAMED_UNIT ( * ) SI_UNIT ( .MILLI., .METRE. ) );
#1078 = CARTESIAN_POINT ( 'NONE',  ( 1.500000000000000000, -0.3038325786518228900, -3.416892559463820400 ) ) ;
#1079 = FILL_AREA_STYLE_COLOUR ( '', #1611 ) ;
#1080 = EDGE_CURVE ( 'NONE', #1864, #201, #651, .T. ) ;
#1081 = FACE_OUTER_BOUND ( 'NONE', #2223, .T. ) ;
#1082 = STYLED_ITEM ( 'NONE', ( #2180 ), #555 ) ;
#1083 =( NAMED_UNIT ( * ) SI_UNIT ( $, .STERADIAN. ) SOLID_ANGLE_UNIT ( ) );
#1084 = FILL_AREA_STYLE ('',( #2238 ) ) ;
#1085 = VECTOR ( 'NONE', #1664, 1000.000000000000100 ) ;
#1086 = VERTEX_POINT ( 'NONE', #1512 ) ;
#1087 = CARTESIAN_POINT ( 'NONE',  ( -1.925000000000000000, -0.3038325786518236700, 3.416892559463820400 ) ) ;
#1088 = AXIS2_PLACEMENT_3D ( 'NONE', #1967, #77, #469 ) ;
#1089 = VERTEX_POINT ( 'NONE', #2059 ) ;
#1090 = DIRECTION ( 'NONE',  ( -1.000000000000000000, -0.0000000000000000000, -0.0000000000000000000 ) ) ;
#1091 = CARTESIAN_POINT ( 'NONE',  ( 1.500000000000000000, 0.1600967748736938600, -2.501830713051848200 ) ) ;
#1092 = DIRECTION ( 'NONE',  ( -0.1736481776669307200, 0.9848077530122080200, 0.0000000000000000000 ) ) ;
#1093 = DIRECTION ( 'NONE',  ( 0.08682659386424776400, 0.9924325091389669700, -0.08682659386424779200 ) ) ;
#1094 = LINE ( 'NONE', #117, #613 ) ;
#1095 = LINE ( 'NONE', #501, #2204 ) ;
#1096 = FACE_OUTER_BOUND ( 'NONE', #1628, .T. ) ;
#1097 = EDGE_CURVE ( 'NONE', #1388, #166, #963, .T. ) ;
#1098 = DIRECTION ( 'NONE',  ( 0.0000000000000000000, 0.9961946980917451000, -0.08715574274766378600 ) ) ;
#1099 =( LENGTH_UNIT ( ) NAMED_UNIT ( * ) SI_UNIT ( .MILLI., .METRE. ) );
#1100 = VERTEX_POINT ( 'NONE', #2286 ) ;
#1101 = AXIS2_PLACEMENT_3D ( 'NONE', #365, #1690, #762 ) ;
#1102 = DIRECTION ( 'NONE',  ( 0.0000000000000000000, -0.9961946980917461000, -0.08715574274765176800 ) ) ;
#1103 = LINE ( 'NONE', #1643, #1168 ) ;
#1104 = SURFACE_SIDE_STYLE ('',( #580 ) ) ;
#1105 = LINE ( 'NONE', #1971, #1619 ) ;
#1106 = ORIENTED_EDGE ( 'NONE', *, *, #2264, .F. ) ;
#1107 = CARTESIAN_POINT ( 'NONE',  ( 2.674999999999999800, 0.3029666598853873500, 1.696578803607081500 ) ) ;
#1108 = LINE ( 'NONE', #1172, #1242 ) ;
#1109 = CARTESIAN_POINT ( 'NONE',  ( 3.250000000000000900, 0.0000000000000000000, -1.749999999999999600 ) ) ;
#1110 = AXIS2_PLACEMENT_3D ( 'NONE', #1925, #791, #1360 ) ;
#1111 = EDGE_CURVE ( 'NONE', #386, #483, #1850, .T. ) ;
#1112 = VECTOR ( 'NONE', #932, 1000.000000000000000 ) ;
#1113 = ORIENTED_EDGE ( 'NONE', *, *, #1501, .F. ) ;
#1114 = ADVANCED_FACE ( 'NONE', ( #1947 ), #682, .T. ) ;
#1115 =( LENGTH_UNIT ( ) NAMED_UNIT ( * ) SI_UNIT ( .MILLI., .METRE. ) );
#1116 = PRESENTATION_LAYER_ASSIGNMENT (  '', '', ( #2112 ) ) ;
#1117 = VERTEX_POINT ( 'NONE', #401 ) ;
#1118 = VERTEX_POINT ( 'NONE', #595 ) ;
#1119 = CARTESIAN_POINT ( 'NONE',  ( 0.3750000000000000000, -0.5000000000000000000, 2.067223637803944100 ) ) ;
#1120 = ORIENTED_EDGE ( 'NONE', *, *, #1182, .T. ) ;
#1121 = MECHANICAL_DESIGN_GEOMETRIC_PRESENTATION_REPRESENTATION (  '', ( #1265 ), #126 ) ;
#1122 = UNCERTAINTY_MEASURE_WITH_UNIT (LENGTH_MEASURE( 1.000000000000000100E-005 ), #1534, 'distance_accuracy_value', 'NONE');
#1123 = EDGE_LOOP ( 'NONE', ( #1422, #2314, #308, #874 ) ) ;
#1124 = SURFACE_SIDE_STYLE ('',( #454 ) ) ;
#1125 = DIRECTION ( 'NONE',  ( -1.000000000000000000, -0.0000000000000000000, -0.0000000000000000000 ) ) ;
#1126 = LINE ( 'NONE', #1013, #1044 ) ;
#1127 = CARTESIAN_POINT ( 'NONE',  ( -1.500000000000000000, 5.063237622316694800E-016, -2.067223637803944100 ) ) ;
#1128 = DIRECTION ( 'NONE',  ( 0.0000000000000000000, 0.0000000000000000000, -1.000000000000000000 ) ) ;
#1129 = DIRECTION ( 'NONE',  ( -0.0000000000000000000, 0.9961946980917461000, -0.08715574274765176800 ) ) ;
#1130 = ADVANCED_FACE ( 'NONE', ( #1730 ), #2105, .F. ) ;
#1131 = EDGE_CURVE ( 'NONE', #103, #1487, #1918, .T. ) ;
#1132 = PRESENTATION_LAYER_ASSIGNMENT (  '', '', ( #2247 ) ) ;
#1133 = FILL_AREA_STYLE_COLOUR ( '', #1189 ) ;
#1134 = COLOUR_RGB ( '',1.000000000000000000, 1.000000000000000000, 1.000000000000000000 ) ;
#1135 = LINE ( 'NONE', #2014, #2096 ) ;
#1136 = DIRECTION ( 'NONE',  ( -1.000000000000000000, -0.0000000000000000000, -0.0000000000000000000 ) ) ;
#1137 = ORIENTED_EDGE ( 'NONE', *, *, #1565, .T. ) ;
#1138 = DIRECTION ( 'NONE',  ( -1.000000000000000000, -0.0000000000000000000, -0.0000000000000000000 ) ) ;
#1139 = DIRECTION ( 'NONE',  ( -0.1710878697460358800, -0.9702875252478137000, -0.1710878697460358500 ) ) ;
#1140 = ADVANCED_FACE ( 'NONE', ( #173 ), #1932, .F. ) ;
#1141 = FILL_AREA_STYLE_COLOUR ( '', #1134 ) ;
#1142 = DIRECTION ( 'NONE',  ( -1.000000000000000000, 0.0000000000000000000, 0.0000000000000000000 ) ) ;
#1143 = SURFACE_SIDE_STYLE ('',( #1167 ) ) ;
#1144 = ORIENTED_EDGE ( 'NONE', *, *, #2073, .F. ) ;
#1145 = EDGE_CURVE ( 'NONE', #1962, #1067, #1787, .T. ) ;
#1146 = ORIENTED_EDGE ( 'NONE', *, *, #554, .T. ) ;
#1147 = CARTESIAN_POINT ( 'NONE',  ( 2.674999999999999800, -0.3500000000000002600, 2.724724834603180500 ) ) ;
#1148 = CARTESIAN_POINT ( 'NONE',  ( 2.674999999999999800, -0.3111035375533938200, 3.500000000000000000 ) ) ;
#1149 = ORIENTED_EDGE ( 'NONE', *, *, #207, .T. ) ;
#1150 = MECHANICAL_DESIGN_GEOMETRIC_PRESENTATION_REPRESENTATION (  '', ( #2354 ), #2303 ) ;
#1151 = DIRECTION ( 'NONE',  ( 0.0000000000000000000, -1.000000000000000000, 1.539506535789528200E-016 ) ) ;
#1152 = SURFACE_STYLE_FILL_AREA ( #1881 ) ;
#1153 = ORIENTED_EDGE ( 'NONE', *, *, #1272, .F. ) ;
#1154 =( NAMED_UNIT ( * ) SI_UNIT ( $, .STERADIAN. ) SOLID_ANGLE_UNIT ( ) );
#1155 = VERTEX_POINT ( 'NONE', #796 ) ;
#1156 =( LENGTH_UNIT ( ) NAMED_UNIT ( * ) SI_UNIT ( .MILLI., .METRE. ) );
#1157 = VECTOR ( 'NONE', #1431, 1000.000000000000100 ) ;
#1158 = STYLED_ITEM ( 'NONE', ( #265 ), #1926 ) ;
#1159 =( NAMED_UNIT ( * ) SI_UNIT ( $, .STERADIAN. ) SOLID_ANGLE_UNIT ( ) );
#1160 = CARTESIAN_POINT ( 'NONE',  ( 0.3750000000000000000, 0.3029666598853873500, 1.696578803607081500 ) ) ;
#1161 = VECTOR ( 'NONE', #1737, 1000.000000000000100 ) ;
#1162 = FILL_AREA_STYLE ('',( #1194 ) ) ;
#1163 = LINE ( 'NONE', #2029, #935 ) ;
#1164 = CARTESIAN_POINT ( 'NONE',  ( 1.925000000000000000, -0.6000000000000003100, 3.474724834603180900 ) ) ;
#1165 = EDGE_CURVE ( 'NONE', #2174, #1388, #140, .T. ) ;
#1166 = CARTESIAN_POINT ( 'NONE',  ( 1.925000000000000000, 0.3029666598853873500, 1.696578803607081500 ) ) ;
#1167 = SURFACE_STYLE_FILL_AREA ( #2119 ) ;
#1168 = VECTOR ( 'NONE', #332, 999.9999999999998900 ) ;
#1169 = AXIS2_PLACEMENT_3D ( 'NONE', #1386, #837, #1062 ) ;
#1170 = CARTESIAN_POINT ( 'NONE',  ( 1.925000000000000000, 0.7730739370050967500, 3.511109671260997300 ) ) ;
#1171 = EDGE_LOOP ( 'NONE', ( #1212, #505, #1678, #2423 ) ) ;
#1172 = CARTESIAN_POINT ( 'NONE',  ( -2.674999999999999800, -0.3038325786518236700, 3.416892559463820400 ) ) ;
#1173 = CARTESIAN_POINT ( 'NONE',  ( 1.925000000000000000, -0.09042397785550247700, 2.354011855979464900 ) ) ;
#1174 = ORIENTED_EDGE ( 'NONE', *, *, #320, .T. ) ;
#1175 = STYLED_ITEM ( 'NONE', ( #100 ), #2265 ) ;
#1176 = FACE_OUTER_BOUND ( 'NONE', #107, .T. ) ;
#1177 = EDGE_LOOP ( 'NONE', ( #608, #975, #2185, #2379 ) ) ;
#1178 =( NAMED_UNIT ( * ) SI_UNIT ( $, .STERADIAN. ) SOLID_ANGLE_UNIT ( ) );
#1179 = DIRECTION ( 'NONE',  ( 0.0000000000000000000, 0.08715574274765176800, -0.9961946980917461000 ) ) ;
#1180 = LINE ( 'NONE', #647, #2345 ) ;
#1181 = ORIENTED_EDGE ( 'NONE', *, *, #149, .T. ) ;
#1182 = EDGE_CURVE ( 'NONE', #820, #259, #1976, .T. ) ;
#1183 = CARTESIAN_POINT ( 'NONE',  ( 2.674999999999999800, -0.5000000000000000000, 2.067223637803944100 ) ) ;
#1184 = ORIENTED_EDGE ( 'NONE', *, *, #1903, .T. ) ;
#1185 = EDGE_LOOP ( 'NONE', ( #1794, #1969, #2074, #876 ) ) ;
#1186 = EDGE_CURVE ( 'NONE', #1118, #1743, #2056, .T. ) ;
#1187 = VERTEX_POINT ( 'NONE', #381 ) ;
#1188 = CARTESIAN_POINT ( 'NONE',  ( -3.249999999999998200, 0.0000000000000000000, 1.750000000000000400 ) ) ;
#1189 = COLOUR_RGB ( '',1.000000000000000000, 1.000000000000000000, 1.000000000000000000 ) ;
#1190 = PRESENTATION_LAYER_ASSIGNMENT (  '', '', ( #340 ) ) ;
#1191 = EDGE_LOOP ( 'NONE', ( #1653, #2064, #130, #146 ) ) ;
#1192 = LINE ( 'NONE', #1803, #165 ) ;
#1193 = ORIENTED_EDGE ( 'NONE', *, *, #67, .T. ) ;
#1194 = FILL_AREA_STYLE_COLOUR ( '', #99 ) ;
#1195 = AXIS2_PLACEMENT_3D ( 'NONE', #1429, #2339, #1227 ) ;
#1196 = PRESENTATION_STYLE_ASSIGNMENT (( #450 ) ) ;
#1197 = CARTESIAN_POINT ( 'NONE',  ( -1.500000000000000000, -0.6000000000000003100, -3.474724834603180000 ) ) ;
#1198 = EDGE_LOOP ( 'NONE', ( #1895, #2408, #904, #897 ) ) ;
#1199 = VECTOR ( 'NONE', #1427, 1000.000000000000000 ) ;
#1200 = EDGE_CURVE ( 'NONE', #2464, #1100, #519, .T. ) ;
#1201 = SURFACE_SIDE_STYLE ('',( #298 ) ) ;
#1202 = CIRCLE ( 'NONE', #831, 1.371020123596101700 ) ;
#1203 = CARTESIAN_POINT ( 'NONE',  ( 0.3750000000000000000, -0.5927290410984301600, 3.391617394067000900 ) ) ;
#1204 = CARTESIAN_POINT ( 'NONE',  ( 1.500000000000000000, 0.3029666598853877300, -1.696578803607081900 ) ) ;
#1205 = EDGE_CURVE ( 'NONE', #1933, #2037, #1472, .T. ) ;
#1206 = LINE ( 'NONE', #1961, #1531 ) ;
#1207 = ORIENTED_EDGE ( 'NONE', *, *, #1200, .F. ) ;
#1208 = MECHANICAL_DESIGN_GEOMETRIC_PRESENTATION_REPRESENTATION (  '', ( #1385 ), #712 ) ;
#1209 = DIRECTION ( 'NONE',  ( 0.0000000000000000000, -0.9848077530122079100, 0.1736481776669309700 ) ) ;
#1210 = MANIFOLD_SOLID_BREP ( 'Boss-Extrude1', #2432 ) ;
#1211 = DIRECTION ( 'NONE',  ( 0.0000000000000000000, 0.5735764363510417200, 0.8191520442889946900 ) ) ;
#1212 = ORIENTED_EDGE ( 'NONE', *, *, #2202, .T. ) ;
#1213 =( GEOMETRIC_REPRESENTATION_CONTEXT ( 3 ) GLOBAL_UNCERTAINTY_ASSIGNED_CONTEXT ( ( #1267 ) ) GLOBAL_UNIT_ASSIGNED_CONTEXT ( ( #205, #1544, #1727 ) ) REPRESENTATION_CONTEXT ( 'NONE', 'WORKASPACE' ) );
#1214 = ORIENTED_EDGE ( 'NONE', *, *, #1220, .T. ) ;
#1215 = CARTESIAN_POINT ( 'NONE',  ( -0.3750000000000000000, 0.7730739370050967500, 3.511109671260997300 ) ) ;
#1216 = ORIENTED_EDGE ( 'NONE', *, *, #520, .F. ) ;
#1217 = DIRECTION ( 'NONE',  ( -0.0000000000000000000, 0.5735764363510417200, -0.8191520442889948000 ) ) ;
#1218 = VECTOR ( 'NONE', #279, 1000.000000000000000 ) ;
#1219 = ORIENTED_EDGE ( 'NONE', *, *, #92, .T. ) ;
#1220 = EDGE_CURVE ( 'NONE', #2049, #1865, #1732, .T. ) ;
#1221 = ORIENTED_EDGE ( 'NONE', *, *, #257, .F. ) ;
#1222 = DIRECTION ( 'NONE',  ( -1.000000000000000000, -0.0000000000000000000, -0.0000000000000000000 ) ) ;
#1223 = DIRECTION ( 'NONE',  ( -1.000000000000000000, -0.0000000000000000000, 0.0000000000000000000 ) ) ;
#1224 = DIRECTION ( 'NONE',  ( -0.0000000000000000000, -0.0000000000000000000, -1.000000000000000000 ) ) ;
#1225 =( GEOMETRIC_REPRESENTATION_CONTEXT ( 3 ) GLOBAL_UNCERTAINTY_ASSIGNED_CONTEXT ( ( #2448 ) ) GLOBAL_UNIT_ASSIGNED_CONTEXT ( ( #2275, #560, #1535 ) ) REPRESENTATION_CONTEXT ( 'NONE', 'WORKASPACE' ) );
#1226 = ORIENTED_EDGE ( 'NONE', *, *, #352, .T. ) ;
#1227 = DIRECTION ( 'NONE',  ( 0.0000000000000000000, 0.0000000000000000000, -1.000000000000000000 ) ) ;
#1228 = LINE ( 'NONE', #1237, #1691 ) ;
#1229 = PRESENTATION_STYLE_ASSIGNMENT (( #223 ) ) ;
#1230 = DIRECTION ( 'NONE',  ( 0.0000000000000000000, 0.0000000000000000000, 1.000000000000000000 ) ) ;
#1231 = DIRECTION ( 'NONE',  ( -0.0000000000000000000, 1.539506535789528400E-016, 1.000000000000000000 ) ) ;
#1232 = DIRECTION ( 'NONE',  ( -0.0000000000000000000, -0.08715574274766380000, -0.9961946980917451000 ) ) ;
#1233 = SURFACE_STYLE_USAGE ( .BOTH. , #1792 ) ;
#1234 = LINE ( 'NONE', #767, #914 ) ;
#1235 = CIRCLE ( 'NONE', #1012, 1.371020123596101700 ) ;
#1236 = VECTOR ( 'NONE', #2429, 1000.000000000000200 ) ;
#1237 = CARTESIAN_POINT ( 'NONE',  ( -2.674999999999999800, -0.5927290410984301600, 3.391617394067000900 ) ) ;
#1238 = CARTESIAN_POINT ( 'NONE',  ( -1.500000000000000000, -0.6000000000000003100, -3.474724834603180000 ) ) ;
#1239 = VERTEX_POINT ( 'NONE', #957 ) ;
#1240 = MECHANICAL_DESIGN_GEOMETRIC_PRESENTATION_REPRESENTATION (  '', ( #507 ), #827 ) ;
#1241 = PLANE ( 'NONE',  #887 ) ;
#1242 = VECTOR ( 'NONE', #987, 1000.000000000000100 ) ;
#1243 = EDGE_LOOP ( 'NONE', ( #553, #318, #1716, #353 ) ) ;
#1244 = PRESENTATION_LAYER_ASSIGNMENT (  '', '', ( #1493 ) ) ;
#1245 = DIRECTION ( 'NONE',  ( -1.000000000000000000, -0.0000000000000000000, -0.0000000000000000000 ) ) ;
#1246 = LINE ( 'NONE', #13, #2134 ) ;
#1247 = DIRECTION ( 'NONE',  ( 0.0000000000000000000, 0.0000000000000000000, 1.000000000000000000 ) ) ;
#1248 = COLOUR_RGB ( '',1.000000000000000000, 1.000000000000000000, 1.000000000000000000 ) ;
#1249 = VERTEX_POINT ( 'NONE', #1375 ) ;
#1250 = DIRECTION ( 'NONE',  ( 1.000000000000000000, 0.0000000000000000000, 0.0000000000000000000 ) ) ;
#1251 = ORIENTED_EDGE ( 'NONE', *, *, #947, .T. ) ;
#1252 = ORIENTED_EDGE ( 'NONE', *, *, #771, .F. ) ;
#1253 = CARTESIAN_POINT ( 'NONE',  ( -3.249999999999998200, 0.0000000000000000000, 1.750000000000000400 ) ) ;
#1254 = ORIENTED_EDGE ( 'NONE', *, *, #1501, .T. ) ;
#1255 = DIRECTION ( 'NONE',  ( 0.08682659386424782000, 0.9924325091389669700, 0.08682659386424779200 ) ) ;
#1256 = EDGE_CURVE ( 'NONE', #2077, #1039, #174, .T. ) ;
#1257 = ORIENTED_EDGE ( 'NONE', *, *, #2338, .F. ) ;
#1258 = CARTESIAN_POINT ( 'NONE',  ( -3.249999999999999100, 0.0000000000000000000, -1.749999999999999600 ) ) ;
#1259 = ORIENTED_EDGE ( 'NONE', *, *, #1538, .T. ) ;
#1260 = VECTOR ( 'NONE', #2361, 1000.000000000000000 ) ;
#1261 =( GEOMETRIC_REPRESENTATION_CONTEXT ( 3 ) GLOBAL_UNCERTAINTY_ASSIGNED_CONTEXT ( ( #888 ) ) GLOBAL_UNIT_ASSIGNED_CONTEXT ( ( #1312, #1857, #2192 ) ) REPRESENTATION_CONTEXT ( 'NONE', 'WORKASPACE' ) );
#1262 = VERTEX_POINT ( 'NONE', #1173 ) ;
#1263 = CIRCLE ( 'NONE', #2372, 1.371020123596101700 ) ;
#1264 = FACE_OUTER_BOUND ( 'NONE', #266, .T. ) ;
#1265 = STYLED_ITEM ( 'NONE', ( #1055 ), #2437 ) ;
#1266 = UNCERTAINTY_MEASURE_WITH_UNIT (LENGTH_MEASURE( 1.000000000000000100E-005 ), #1907, 'distance_accuracy_value', 'NONE');
#1267 = UNCERTAINTY_MEASURE_WITH_UNIT (LENGTH_MEASURE( 1.000000000000000100E-005 ), #205, 'distance_accuracy_value', 'NONE');
#1268 = CARTESIAN_POINT ( 'NONE',  ( 2.674999999999999800, 0.3029666598853874000, 2.048705328334524900 ) ) ;
#1269 = PRESENTATION_STYLE_ASSIGNMENT (( #1425 ) ) ;
#1270 = ORIENTED_EDGE ( 'NONE', *, *, #1080, .F. ) ;
#1271 = EDGE_CURVE ( 'NONE', #881, #1546, #2080, .T. ) ;
#1272 = EDGE_CURVE ( 'NONE', #1117, #78, #1632, .T. ) ;
#1273 = DIRECTION ( 'NONE',  ( -1.000000000000000000, -0.0000000000000000000, -0.0000000000000000000 ) ) ;
#1274 = SURFACE_STYLE_USAGE ( .BOTH. , #2044 ) ;
#1275 = CARTESIAN_POINT ( 'NONE',  ( -1.925000000000000000, -0.3038325786518236700, 3.416892559463820400 ) ) ;
#1276 = ORIENTED_EDGE ( 'NONE', *, *, #1816, .F. ) ;
#1277 = STYLED_ITEM ( 'NONE', ( #646 ), #1884 ) ;
#1278 = ORIENTED_EDGE ( 'NONE', *, *, #464, .T. ) ;
#1279 =( NAMED_UNIT ( * ) PLANE_ANGLE_UNIT ( ) SI_UNIT ( $, .RADIAN. ) );
#1280 =( LENGTH_UNIT ( ) NAMED_UNIT ( * ) SI_UNIT ( .MILLI., .METRE. ) );
#1281 = PRESENTATION_STYLE_ASSIGNMENT (( #2104 ) ) ;
#1282 =( NAMED_UNIT ( * ) PLANE_ANGLE_UNIT ( ) SI_UNIT ( $, .RADIAN. ) );
#1283 = FACE_OUTER_BOUND ( 'NONE', #1395, .T. ) ;
#1284 = ORIENTED_EDGE ( 'NONE', *, *, #491, .T. ) ;
#1285 = EDGE_CURVE ( 'NONE', #1089, #2020, #1776, .T. ) ;
#1286 = DIRECTION ( 'NONE',  ( 0.0000000000000000000, -0.5735764363510417200, 0.8191520442889948000 ) ) ;
#1287 = AXIS2_PLACEMENT_3D ( 'NONE', #1499, #953, #586 ) ;
#1288 = CARTESIAN_POINT ( 'NONE',  ( -2.674999999999999800, -0.3500000000000002600, 2.724724834603180500 ) ) ;
#1289 = DIRECTION ( 'NONE',  ( 0.0000000000000000000, -0.9961946980917461000, -0.08715574274765255900 ) ) ;
#1290 = VECTOR ( 'NONE', #577, 1000.000000000000000 ) ;
#1291 = AXIS2_PLACEMENT_3D ( 'NONE', #940, #955, #578 ) ;
#1292 = CYLINDRICAL_SURFACE ( 'NONE', #1688, 1.081020123596101400 ) ;
#1293 = DIRECTION ( 'NONE',  ( -1.000000000000000000, -0.0000000000000000000, -0.0000000000000000000 ) ) ;
#1294 = DIRECTION ( 'NONE',  ( 0.0000000000000000000, -1.596109816206683500E-015, 1.000000000000000000 ) ) ;
#1295 = LINE ( 'NONE', #627, #1670 ) ;
#1296 = EDGE_CURVE ( 'NONE', #1039, #1707, #2287, .T. ) ;
#1297 = LINE ( 'NONE', #453, #415 ) ;
#1298 = STYLED_ITEM ( 'NONE', ( #331 ), #570 ) ;
#1299 = VECTOR ( 'NONE', #1339, 1000.000000000000000 ) ;
#1300 = ORIENTED_EDGE ( 'NONE', *, *, #1271, .T. ) ;
#1301 = DIRECTION ( 'NONE',  ( 0.0000000000000000000, -0.9961946980917461000, -0.08715574274765176800 ) ) ;
#1302 = CLOSED_SHELL ( 'NONE', ( #2086, #2108, #363, #747, #190, #172, #394, #2305, #951, #1899, #1689, #1497, #1708, #1509 ) ) ;
#1303 = SURFACE_STYLE_FILL_AREA ( #1703 ) ;
#1304 = ORIENTED_EDGE ( 'NONE', *, *, #1599, .T. ) ;
#1305 = DIRECTION ( 'NONE',  ( -1.000000000000000000, -0.0000000000000000000, -0.0000000000000000000 ) ) ;
#1306 = DIRECTION ( 'NONE',  ( -2.478176394252582100E-016, 0.0000000000000000000, -1.000000000000000000 ) ) ;
#1307 = ORIENTED_EDGE ( 'NONE', *, *, #571, .T. ) ;
#1308 = ADVANCED_FACE ( 'NONE', ( #1406 ), #1498, .F. ) ;
#1309 = EDGE_CURVE ( 'NONE', #2174, #666, #2198, .T. ) ;
#1310 = LINE ( 'NONE', #1253, #731 ) ;
#1311 = ADVANCED_FACE ( 'NONE', ( #322 ), #1719, .F. ) ;
#1312 =( LENGTH_UNIT ( ) NAMED_UNIT ( * ) SI_UNIT ( .MILLI., .METRE. ) );
#1313 = SURFACE_STYLE_FILL_AREA ( #124 ) ;
#1314 = MANIFOLD_SOLID_BREP ( 'Boss-Extrude3', #1302 ) ;
#1315 = AXIS2_PLACEMENT_3D ( 'NONE', #1275, #1289, #105 ) ;
#1316 = VECTOR ( 'NONE', #25, 1000.000000000000000 ) ;
#1317 = LINE ( 'NONE', #569, #1527 ) ;
#1318 = DIRECTION ( 'NONE',  ( -1.000000000000000000, -0.0000000000000000000, -0.0000000000000000000 ) ) ;
#1319 = VERTEX_POINT ( 'NONE', #399 ) ;
#1320 = STYLED_ITEM ( 'NONE', ( #2334 ), #944 ) ;
#1321 = DIRECTION ( 'NONE',  ( 0.0000000000000000000, 0.0000000000000000000, 1.000000000000000000 ) ) ;
#1322 = CARTESIAN_POINT ( 'NONE',  ( -1.500000000000000000, -0.3499999999999996400, -2.724724834603180500 ) ) ;
#1323 = VECTOR ( 'NONE', #1662, 1000.000000000000100 ) ;
#1324 = PRESENTATION_LAYER_ASSIGNMENT (  '', '', ( #113 ) ) ;
#1325 = LINE ( 'NONE', #654, #1888 ) ;
#1326 = ORIENTED_EDGE ( 'NONE', *, *, #1023, .T. ) ;
#1327 = CARTESIAN_POINT ( 'NONE',  ( -1.925000000000000000, -0.5000000000000000000, 2.067223637803944100 ) ) ;
#1328 = ADVANCED_FACE ( 'NONE', ( #903 ), #1503, .F. ) ;
#1329 = CARTESIAN_POINT ( 'NONE',  ( -3.223613999092763500, -0.3015933704303990800, 1.723613999092765900 ) ) ;
#1330 = CARTESIAN_POINT ( 'NONE',  ( 0.3750000000000000000, 0.1600967748736932300, 2.501830713051848200 ) ) ;
#1331 = DIRECTION ( 'NONE',  ( 1.000000000000000000, 0.0000000000000000000, 0.0000000000000000000 ) ) ;
#1332 = FILL_AREA_STYLE_COLOUR ( '', #2152 ) ;
#1333 = PRODUCT_DEFINITION ( 'UNKNOWN', '', #2216, #871 ) ;
#1334 = EDGE_CURVE ( 'NONE', #1962, #2081, #754, .T. ) ;
#1335 = SURFACE_STYLE_FILL_AREA ( #1552 ) ;
#1336 = CARTESIAN_POINT ( 'NONE',  ( -1.925000000000000000, 0.0000000000000000000, 2.067223637803944100 ) ) ;
#1337 = ORIENTED_EDGE ( 'NONE', *, *, #1097, .T. ) ;
#1338 = ORIENTED_EDGE ( 'NONE', *, *, #947, .F. ) ;
#1339 = DIRECTION ( 'NONE',  ( -1.000000000000000000, -0.0000000000000000000, -0.0000000000000000000 ) ) ;
#1340 = SURFACE_STYLE_USAGE ( .BOTH. , #775 ) ;
#1341 = ADVANCED_FACE ( 'NONE', ( #879 ), #1035, .F. ) ;
#1342 = DIRECTION ( 'NONE',  ( 0.0000000000000000000, -0.5735764363510422700, 0.8191520442889944600 ) ) ;
#1343 = VERTEX_POINT ( 'NONE', #1370 ) ;
#1344 = UNCERTAINTY_MEASURE_WITH_UNIT (LENGTH_MEASURE( 1.000000000000000100E-005 ), #1789, 'distance_accuracy_value', 'NONE');
#1345 = DIRECTION ( 'NONE',  ( 2.478176394252582100E-016, -0.0000000000000000000, 1.000000000000000000 ) ) ;
#1346 = VECTOR ( 'NONE', #1669, 1000.000000000000000 ) ;
#1347 = ORIENTED_EDGE ( 'NONE', *, *, #1111, .F. ) ;
#1348 = FILL_AREA_STYLE ('',( #1141 ) ) ;
#1349 = VECTOR ( 'NONE', #2340, 1000.000000000000000 ) ;
#1350 = LINE ( 'NONE', #1486, #1551 ) ;
#1351 = CARTESIAN_POINT ( 'NONE',  ( 1.500000000000000000, -0.1124459071561904700, -2.891062001144981700 ) ) ;
#1352 = FILL_AREA_STYLE_COLOUR ( '', #725 ) ;
#1353 = EDGE_CURVE ( 'NONE', #1810, #2346, #2378, .T. ) ;
#1354 = DIRECTION ( 'NONE',  ( -1.000000000000000000, -0.0000000000000000000, -0.0000000000000000000 ) ) ;
#1355 = ADVANCED_FACE ( 'NONE', ( #1745 ), #829, .T. ) ;
#1356 = FILL_AREA_STYLE_COLOUR ( '', #1640 ) ;
#1357 = LINE ( 'NONE', #2242, #1886 ) ;
#1358 = SURFACE_STYLE_USAGE ( .BOTH. , #2150 ) ;
#1359 = STYLED_ITEM ( 'NONE', ( #911 ), #1728 ) ;
#1360 = DIRECTION ( 'NONE',  ( 1.000000000000000000, 0.0000000000000000000, 0.0000000000000000000 ) ) ;
#1361 = DIRECTION ( 'NONE',  ( 0.0000000000000000000, 0.0000000000000000000, 1.000000000000000000 ) ) ;
#1362 = SURFACE_STYLE_USAGE ( .BOTH. , #1945 ) ;
#1363 = PRESENTATION_STYLE_ASSIGNMENT (( #1358 ) ) ;
#1364 = ADVANCED_FACE ( 'NONE', ( #2046 ), #605, .F. ) ;
#1365 = CARTESIAN_POINT ( 'NONE',  ( 0.3750000000000000000, 0.1600967748736932300, 2.501830713051848200 ) ) ;
#1366 = FACE_OUTER_BOUND ( 'NONE', #1367, .T. ) ;
#1367 = EDGE_LOOP ( 'NONE', ( #954, #2000, #1571, #438, #457, #2203, #1174, #1717, #222, #26, #216, #1399 ) ) ;
#1368 = VERTEX_POINT ( 'NONE', #423 ) ;
#1369 = ORIENTED_EDGE ( 'NONE', *, *, #1008, .T. ) ;
#1370 = CARTESIAN_POINT ( 'NONE',  ( 1.925000000000000000, -0.3500000000000002600, 2.724724834603180500 ) ) ;
#1371 =( GEOMETRIC_REPRESENTATION_CONTEXT ( 3 ) GLOBAL_UNCERTAINTY_ASSIGNED_CONTEXT ( ( #510 ) ) GLOBAL_UNIT_ASSIGNED_CONTEXT ( ( #1077, #1279, #2034 ) ) REPRESENTATION_CONTEXT ( 'NONE', 'WORKASPACE' ) );
#1372 = ORIENTED_EDGE ( 'NONE', *, *, #2418, .F. ) ;
#1373 = SURFACE_STYLE_FILL_AREA ( #1900 ) ;
#1374 = VERTEX_POINT ( 'NONE', #838 ) ;
#1375 = CARTESIAN_POINT ( 'NONE',  ( 1.500000000000000000, -0.09042397785550189400, -2.354011855979464900 ) ) ;
#1376 = ORIENTED_EDGE ( 'NONE', *, *, #443, .F. ) ;
#1377 = VECTOR ( 'NONE', #488, 1000.000000000000000 ) ;
#1378 = FILL_AREA_STYLE_COLOUR ( '', #1818 ) ;
#1379 = DIRECTION ( 'NONE',  ( -1.000000000000000000, -0.0000000000000000000, -0.0000000000000000000 ) ) ;
#1380 = LINE ( 'NONE', #2118, #1316 ) ;
#1381 = SURFACE_STYLE_FILL_AREA ( #2151 ) ;
#1382 =( NAMED_UNIT ( * ) PLANE_ANGLE_UNIT ( ) SI_UNIT ( $, .RADIAN. ) );
#1383 = EDGE_CURVE ( 'NONE', #2249, #120, #1879, .T. ) ;
#1384 = DIRECTION ( 'NONE',  ( 0.0000000000000000000, 0.0000000000000000000, 1.000000000000000000 ) ) ;
#1385 = STYLED_ITEM ( 'NONE', ( #1613 ), #599 ) ;
#1386 = CARTESIAN_POINT ( 'NONE',  ( -1.925000000000000000, -0.5927290410984301600, 3.391617394067000900 ) ) ;
#1387 = DIRECTION ( 'NONE',  ( 0.0000000000000000000, -0.5735764363510422700, 0.8191520442889944600 ) ) ;
#1388 = VERTEX_POINT ( 'NONE', #632 ) ;
#1389 = CARTESIAN_POINT ( 'NONE',  ( 1.500000000000000000, -0.3111035375533938200, -3.499999999999999100 ) ) ;
#1390 = SURFACE_SIDE_STYLE ('',( #2138 ) ) ;
#1391 = CYLINDRICAL_SURFACE ( 'NONE', #407, 0.5000000000000000000 ) ;
#1392 = DIRECTION ( 'NONE',  ( 0.0000000000000000000, 0.0000000000000000000, 1.000000000000000000 ) ) ;
#1393 = PRESENTATION_STYLE_ASSIGNMENT (( #842 ) ) ;
#1394 = MANIFOLD_SOLID_BREP ( 'LPattern1[2]', #192 ) ;
#1395 = EDGE_LOOP ( 'NONE', ( #1326, #370, #1807, #1433 ) ) ;
#1396 = SURFACE_STYLE_USAGE ( .BOTH. , #1201 ) ;
#1397 = EDGE_CURVE ( 'NONE', #176, #1343, #1263, .T. ) ;
#1398 = DIRECTION ( 'NONE',  ( -0.0000000000000000000, 0.5735764363510419400, 0.8191520442889946900 ) ) ;
#1399 = ORIENTED_EDGE ( 'NONE', *, *, #36, .T. ) ;
#1400 = DIRECTION ( 'NONE',  ( -0.0000000000000000000, -0.0000000000000000000, -1.000000000000000000 ) ) ;
#1401 = EDGE_CURVE ( 'NONE', #666, #166, #1814, .T. ) ;
#1402 = VERTEX_POINT ( 'NONE', #1160 ) ;
#1403 = ORIENTED_EDGE ( 'NONE', *, *, #1666, .F. ) ;
#1404 = CARTESIAN_POINT ( 'NONE',  ( 2.674999999999999800, 0.3029666598853874000, 2.048705328334524900 ) ) ;
#1405 = CARTESIAN_POINT ( 'NONE',  ( 0.3750000000000000000, 0.0000000000000000000, 1.750000000000000400 ) ) ;
#1406 = FACE_OUTER_BOUND ( 'NONE', #1177, .T. ) ;
#1407 = CARTESIAN_POINT ( 'NONE',  ( -3.249999999999998200, 0.0000000000000000000, 1.750000000000000400 ) ) ;
#1408 = LINE ( 'NONE', #1051, #2292 ) ;
#1409 = ORIENTED_EDGE ( 'NONE', *, *, #736, .F. ) ;
#1410 = CARTESIAN_POINT ( 'NONE',  ( -1.925000000000000000, 0.0000000000000000000, 2.067223637803944100 ) ) ;
#1411 = PRESENTATION_LAYER_ASSIGNMENT (  '', '', ( #141 ) ) ;
#1412 = DIRECTION ( 'NONE',  ( 0.0000000000000000000, 3.079013071579060300E-016, -1.000000000000000000 ) ) ;
#1413 = VECTOR ( 'NONE', #1245, 1000.000000000000000 ) ;
#1414 = PLANE ( 'NONE',  #686 ) ;
#1415 = LINE ( 'NONE', #1404, #1638 ) ;
#1416 = VECTOR ( 'NONE', #2433, 1000.000000000000100 ) ;
#1417 = DIRECTION ( 'NONE',  ( 0.0000000000000000000, 0.0000000000000000000, 1.000000000000000000 ) ) ;
#1418 = PRESENTATION_STYLE_ASSIGNMENT (( #191 ) ) ;
#1419 = EDGE_CURVE ( 'NONE', #1249, #573, #1635, .T. ) ;
#1420 = DIRECTION ( 'NONE',  ( 1.000000000000000000, 0.0000000000000000000, 0.0000000000000000000 ) ) ;
#1421 = CYLINDRICAL_SURFACE ( 'NONE', #2382, 0.7900000000000001500 ) ;
#1422 = ORIENTED_EDGE ( 'NONE', *, *, #1849, .T. ) ;
#1423 = ORIENTED_EDGE ( 'NONE', *, *, #2435, .F. ) ;
#1424 = DIRECTION ( 'NONE',  ( 1.000000000000000000, -0.0000000000000000000, -0.0000000000000000000 ) ) ;
#1425 = SURFACE_STYLE_USAGE ( .BOTH. , #102 ) ;
#1426 = VECTOR ( 'NONE', #1231, 1000.000000000000000 ) ;
#1427 = DIRECTION ( 'NONE',  ( -0.0000000000000000000, -0.0000000000000000000, -1.000000000000000000 ) ) ;
#1428 = EDGE_LOOP ( 'NONE', ( #2455, #2278, #128, #753 ) ) ;
#1429 = CARTESIAN_POINT ( 'NONE',  ( -1.925000000000000000, -0.5000000000000000000, 2.067223637803944100 ) ) ;
#1430 = ORIENTED_EDGE ( 'NONE', *, *, #532, .F. ) ;
#1431 = DIRECTION ( 'NONE',  ( -0.1710878697460358200, -0.9702875252478138100, 0.1710878697460358800 ) ) ;
#1432 = EDGE_CURVE ( 'NONE', #1118, #1955, #1441, .T. ) ;
#1433 = ORIENTED_EDGE ( 'NONE', *, *, #592, .T. ) ;
#1434 = AXIS2_PLACEMENT_3D ( 'NONE', #1460, #699, #1847 ) ;
#1435 = CYLINDRICAL_SURFACE ( 'NONE', #920, 1.371020123596101700 ) ;
#1436 = ORIENTED_EDGE ( 'NONE', *, *, #1432, .F. ) ;
#1437 = VERTEX_POINT ( 'NONE', #2302 ) ;
#1438 = LINE ( 'NONE', #659, #1840 ) ;
#1439 = SURFACE_STYLE_FILL_AREA ( #588 ) ;
#1440 = DIRECTION ( 'NONE',  ( -1.000000000000000000, -0.0000000000000000000, -0.0000000000000000000 ) ) ;
#1441 = LINE ( 'NONE', #30, #1161 ) ;
#1442 = MECHANICAL_DESIGN_GEOMETRIC_PRESENTATION_REPRESENTATION (  '', ( #1158 ), #1841 ) ;
#1443 = LINE ( 'NONE', #1759, #1495 ) ;
#1444 = DIRECTION ( 'NONE',  ( 0.0000000000000000000, 0.0000000000000000000, -1.000000000000000000 ) ) ;
#1445 = VERTEX_POINT ( 'NONE', #623 ) ;
#1446 = PRESENTATION_STYLE_ASSIGNMENT (( #2103 ) ) ;
#1447 = CARTESIAN_POINT ( 'NONE',  ( 0.3750000000000000000, 0.0000000000000000000, 1.750000000000000400 ) ) ;
#1448 = EDGE_CURVE ( 'NONE', #980, #700, #31, .T. ) ;
#1449 = LINE ( 'NONE', #547, #1852 ) ;
#1450 = FILL_AREA_STYLE ('',( #281 ) ) ;
#1451 = ORIENTED_EDGE ( 'NONE', *, *, #1906, .F. ) ;
#1452 = AXIS2_PLACEMENT_3D ( 'NONE', #1931, #1912, #2102 ) ;
#1453 = FILL_AREA_STYLE ('',( #1054 ) ) ;
#1454 = UNCERTAINTY_MEASURE_WITH_UNIT (LENGTH_MEASURE( 1.000000000000000100E-005 ), #781, 'distance_accuracy_value', 'NONE');
#1455 = MECHANICAL_DESIGN_GEOMETRIC_PRESENTATION_REPRESENTATION (  '', ( #2082 ), #739 ) ;
#1456 = FACE_OUTER_BOUND ( 'NONE', #1615, .T. ) ;
#1457 = EDGE_LOOP ( 'NONE', ( #1992, #1863, #1999, #2141 ) ) ;
#1458 = DIRECTION ( 'NONE',  ( 0.0000000000000000000, 0.0000000000000000000, 1.000000000000000000 ) ) ;
#1459 = ORIENTED_EDGE ( 'NONE', *, *, #106, .F. ) ;
#1460 = CARTESIAN_POINT ( 'NONE',  ( -1.925000000000000000, -0.09042397785550258800, 2.354011855979464900 ) ) ;
#1461 = ORIENTED_EDGE ( 'NONE', *, *, #2217, .F. ) ;
#1462 = VERTEX_POINT ( 'NONE', #997 ) ;
#1463 = EDGE_CURVE ( 'NONE', #851, #259, #1660, .T. ) ;
#1464 = ORIENTED_EDGE ( 'NONE', *, *, #1950, .F. ) ;
#1465 = LINE ( 'NONE', #724, #1779 ) ;
#1466 = ORIENTED_EDGE ( 'NONE', *, *, #1579, .T. ) ;
#1467 = CARTESIAN_POINT ( 'NONE',  ( -2.674999999999999800, 0.1600967748736932300, 2.501830713051848200 ) ) ;
#1468 =( NAMED_UNIT ( * ) SI_UNIT ( $, .STERADIAN. ) SOLID_ANGLE_UNIT ( ) );
#1469 = SURFACE_STYLE_FILL_AREA ( #1590 ) ;
#1470 = SURFACE_STYLE_FILL_AREA ( #1684 ) ;
#1471 = STYLED_ITEM ( 'NONE', ( #1393 ), #2268 ) ;
#1472 = LINE ( 'NONE', #2, #1047 ) ;
#1473 = CARTESIAN_POINT ( 'NONE',  ( -3.038407623149840500, 1.200000000000000000, -1.538407623149841400 ) ) ;
#1474 = DIRECTION ( 'NONE',  ( -1.000000000000000000, -0.0000000000000000000, -0.0000000000000000000 ) ) ;
#1475 = VECTOR ( 'NONE', #293, 1000.000000000000000 ) ;
#1476 = EDGE_CURVE ( 'NONE', #45, #316, #241, .T. ) ;
#1477 = PRESENTATION_LAYER_ASSIGNMENT (  '', '', ( #1298 ) ) ;
#1478 = ORIENTED_EDGE ( 'NONE', *, *, #708, .T. ) ;
#1479 =( NAMED_UNIT ( * ) SI_UNIT ( $, .STERADIAN. ) SOLID_ANGLE_UNIT ( ) );
#1480 = FACE_OUTER_BOUND ( 'NONE', #73, .T. ) ;
#1481 = LINE ( 'NONE', #2271, #1541 ) ;
#1482 = ORIENTED_EDGE ( 'NONE', *, *, #1069, .T. ) ;
#1483 = CARTESIAN_POINT ( 'NONE',  ( 1.500000000000000000, -0.5927290410984292800, -3.391617394067001400 ) ) ;
#1484 = DIRECTION ( 'NONE',  ( 0.0000000000000000000, 0.0000000000000000000, 1.000000000000000000 ) ) ;
#1485 = PLANE ( 'NONE',  #797 ) ;
#1486 = CARTESIAN_POINT ( 'NONE',  ( 2.674999999999999800, 0.3029666598853874000, 2.048705328334524900 ) ) ;
#1487 = VERTEX_POINT ( 'NONE', #1197 ) ;
#1488 = ORIENTED_EDGE ( 'NONE', *, *, #352, .F. ) ;
#1489 = ORIENTED_EDGE ( 'NONE', *, *, #854, .T. ) ;
#1490 = AXIS2_PLACEMENT_3D ( 'NONE', #371, #1698, #1893 ) ;
#1491 = LINE ( 'NONE', #69, #1349 ) ;
#1492 = VECTOR ( 'NONE', #68, 1000.000000000000000 ) ;
#1493 = STYLED_ITEM ( 'NONE', ( #1935 ), #1341 ) ;
#1494 = DIRECTION ( 'NONE',  ( 0.0000000000000000000, -0.08715574274765255900, 0.9961946980917459900 ) ) ;
#1495 = VECTOR ( 'NONE', #1959, 1000.000000000000000 ) ;
#1496 = VECTOR ( 'NONE', #17, 1000.000000000000000 ) ;
#1497 = ADVANCED_FACE ( 'NONE', ( #1695 ), #85, .F. ) ;
#1498 = PLANE ( 'NONE',  #698 ) ;
#1499 = CARTESIAN_POINT ( 'NONE',  ( -3.249999999999999100, 0.0000000000000000000, -1.749999999999999600 ) ) ;
#1500 = ORIENTED_EDGE ( 'NONE', *, *, #2030, .F. ) ;
#1501 = EDGE_CURVE ( 'NONE', #1343, #1262, #1126, .T. ) ;
#1502 = ORIENTED_EDGE ( 'NONE', *, *, #53, .F. ) ;
#1503 = PLANE ( 'NONE',  #1101 ) ;
#1504 = PRESENTATION_LAYER_ASSIGNMENT (  '', '', ( #2236 ) ) ;
#1505 = FACE_OUTER_BOUND ( 'NONE', #1171, .T. ) ;
#1506 = VERTEX_POINT ( 'NONE', #459 ) ;
#1507 = CARTESIAN_POINT ( 'NONE',  ( 1.500000000000000000, -0.1124459071561904700, -2.891062001144981700 ) ) ;
#1508 = ADVANCED_FACE ( 'NONE', ( #1014 ), #2001, .F. ) ;
#1509 = ADVANCED_FACE ( 'NONE', ( #884 ), #847, .T. ) ;
#1510 = AXIS2_PLACEMENT_3D ( 'NONE', #1751, #1009, #2304 ) ;
#1511 = DIRECTION ( 'NONE',  ( 0.0000000000000000000, -0.9848077530122079100, 0.1736481776669309700 ) ) ;
#1512 = CARTESIAN_POINT ( 'NONE',  ( -2.674999999999999800, 0.3029666598853873500, 1.696578803607081500 ) ) ;
#1513 = ORIENTED_EDGE ( 'NONE', *, *, #80, .T. ) ;
#1514 = CARTESIAN_POINT ( 'NONE',  ( 0.3750000000000000000, -0.6000000000000003100, 3.474724834603180900 ) ) ;
#1515 = CARTESIAN_POINT ( 'NONE',  ( 1.500000000000000000, 0.3029666598853877300, -1.696578803607081900 ) ) ;
#1516 = CARTESIAN_POINT ( 'NONE',  ( 0.3750000000000000000, 0.3029666598853874000, 2.048705328334524900 ) ) ;
#1517 = VECTOR ( 'NONE', #777, 1000.000000000000100 ) ;
#1518 = EDGE_CURVE ( 'NONE', #260, #395, #1521, .T. ) ;
#1519 = UNCERTAINTY_MEASURE_WITH_UNIT (LENGTH_MEASURE( 1.000000000000000100E-005 ), #1528, 'distance_accuracy_value', 'NONE');
#1520 = VECTOR ( 'NONE', #1805, 1000.000000000000000 ) ;
#1521 = CIRCLE ( 'NONE', #1645, 1.081020123596101900 ) ;
#1522 = PRESENTATION_LAYER_ASSIGNMENT (  '', '', ( #507 ) ) ;
#1523 = UNCERTAINTY_MEASURE_WITH_UNIT (LENGTH_MEASURE( 1.000000000000000100E-005 ), #440, 'distance_accuracy_value', 'NONE');
#1524 =( NAMED_UNIT ( * ) PLANE_ANGLE_UNIT ( ) SI_UNIT ( $, .RADIAN. ) );
#1525 = DIRECTION ( 'NONE',  ( -1.000000000000000000, -0.0000000000000000000, -0.0000000000000000000 ) ) ;
#1526 = DIRECTION ( 'NONE',  ( -0.0000000000000000000, -0.08715574274766380000, -0.9961946980917451000 ) ) ;
#1527 = VECTOR ( 'NONE', #1301, 1000.000000000000000 ) ;
#1528 =( LENGTH_UNIT ( ) NAMED_UNIT ( * ) SI_UNIT ( .MILLI., .METRE. ) );
#1529 = VECTOR ( 'NONE', #590, 1000.000000000000000 ) ;
#1530 = AXIS2_PLACEMENT_3D ( 'NONE', #1578, #481, #1392 ) ;
#1531 = VECTOR ( 'NONE', #1400, 1000.000000000000000 ) ;
#1532 = DIRECTION ( 'NONE',  ( -0.0000000000000000000, 0.1736481776669310000, 0.9848077530122080200 ) ) ;
#1533 = DIRECTION ( 'NONE',  ( 0.0000000000000000000, 0.0000000000000000000, 1.000000000000000000 ) ) ;
#1534 =( LENGTH_UNIT ( ) NAMED_UNIT ( * ) SI_UNIT ( .MILLI., .METRE. ) );
#1535 =( NAMED_UNIT ( * ) SI_UNIT ( $, .STERADIAN. ) SOLID_ANGLE_UNIT ( ) );
#1536 = ADVANCED_FACE ( 'NONE', ( #1096 ), #1612, .T. ) ;
#1537 = ADVANCED_FACE ( 'NONE', ( #87 ), #1414, .F. ) ;
#1538 = EDGE_CURVE ( 'NONE', #1625, #345, #2007, .T. ) ;
#1539 = SURFACE_SIDE_STYLE ('',( #472 ) ) ;
#1540 = AXIS2_PLACEMENT_3D ( 'NONE', #150, #1305, #2438 ) ;
#1541 = VECTOR ( 'NONE', #559, 1000.000000000000000 ) ;
#1542 = SURFACE_SIDE_STYLE ('',( #5 ) ) ;
#1543 = ORIENTED_EDGE ( 'NONE', *, *, #1256, .F. ) ;
#1544 =( NAMED_UNIT ( * ) PLANE_ANGLE_UNIT ( ) SI_UNIT ( $, .RADIAN. ) );
#1545 = CARTESIAN_POINT ( 'NONE',  ( -0.3750000000000000000, -0.3111035375533938200, 3.500000000000000000 ) ) ;
#1546 = VERTEX_POINT ( 'NONE', #667 ) ;
#1547 = ADVANCED_FACE ( 'NONE', ( #430 ), #1603, .F. ) ;
#1548 = DIRECTION ( 'NONE',  ( -0.0000000000000000000, -0.5735764363510417200, -0.8191520442889948000 ) ) ;
#1549 = FACE_OUTER_BOUND ( 'NONE', #249, .T. ) ;
#1550 = ORIENTED_EDGE ( 'NONE', *, *, #2264, .T. ) ;
#1551 = VECTOR ( 'NONE', #977, 1000.000000000000000 ) ;
#1552 = FILL_AREA_STYLE ('',( #412 ) ) ;
#1553 =( LENGTH_UNIT ( ) NAMED_UNIT ( * ) SI_UNIT ( .MILLI., .METRE. ) );
#1554 = EDGE_CURVE ( 'NONE', #2249, #176, #1812, .T. ) ;
#1555 = CARTESIAN_POINT ( 'NONE',  ( 2.674999999999999800, 0.0000000000000000000, 2.067223637803944100 ) ) ;
#1556 = COLOUR_RGB ( '',1.000000000000000000, 1.000000000000000000, 1.000000000000000000 ) ;
#1557 = MECHANICAL_DESIGN_GEOMETRIC_PRESENTATION_REPRESENTATION (  '', ( #1890 ), #416 ) ;
#1558 = DIRECTION ( 'NONE',  ( -1.000000000000000000, -0.0000000000000000000, -0.0000000000000000000 ) ) ;
#1559 = VECTOR ( 'NONE', #988, 1000.000000000000000 ) ;
#1560 = AXIS2_PLACEMENT_3D ( 'NONE', #2244, #1648, #1092 ) ;
#1561 = ORIENTED_EDGE ( 'NONE', *, *, #1050, .F. ) ;
#1562 = DIRECTION ( 'NONE',  ( -0.0000000000000000000, 0.9848077530122079100, -0.1736481776669309700 ) ) ;
#1563 = CARTESIAN_POINT ( 'NONE',  ( -0.3750000000000000000, 0.1600967748736932300, 2.501830713051848200 ) ) ;
#1564 = EDGE_LOOP ( 'NONE', ( #1655, #1049, #484, #292 ) ) ;
#1565 = EDGE_CURVE ( 'NONE', #2346, #1187, #931, .T. ) ;
#1566 = CARTESIAN_POINT ( 'NONE',  ( 1.500000000000000000, 5.421010862427522200E-016, -2.067223637803944100 ) ) ;
#1567 = VECTOR ( 'NONE', #1526, 999.9999999999998900 ) ;
#1568 = ORIENTED_EDGE ( 'NONE', *, *, #1569, .T. ) ;
#1569 = EDGE_CURVE ( 'NONE', #259, #688, #1192, .T. ) ;
#1570 = ORIENTED_EDGE ( 'NONE', *, *, #1463, .T. ) ;
#1571 = ORIENTED_EDGE ( 'NONE', *, *, #771, .T. ) ;
#1572 = FILL_AREA_STYLE ('',( #615 ) ) ;
#1573 =( GEOMETRIC_REPRESENTATION_CONTEXT ( 3 ) GLOBAL_UNCERTAINTY_ASSIGNED_CONTEXT ( ( #319 ) ) GLOBAL_UNIT_ASSIGNED_CONTEXT ( ( #1099, #1828, #1083 ) ) REPRESENTATION_CONTEXT ( 'NONE', 'WORKASPACE' ) );
#1574 = UNCERTAINTY_MEASURE_WITH_UNIT (LENGTH_MEASURE( 1.000000000000000100E-005 ), #894, 'distance_accuracy_value', 'NONE');
#1575 = DIRECTION ( 'NONE',  ( 0.0000000000000000000, 1.000000000000000000, 0.0000000000000000000 ) ) ;
#1576 = CARTESIAN_POINT ( 'NONE',  ( -0.3750000000000000000, 0.0000000000000000000, 1.750000000000000400 ) ) ;
#1577 = SURFACE_STYLE_FILL_AREA ( #1450 ) ;
#1578 = CARTESIAN_POINT ( 'NONE',  ( -1.500000000000000000, -0.4870333401146122500, -2.048705328334524900 ) ) ;
#1579 = EDGE_CURVE ( 'NONE', #201, #161, #1310, .T. ) ;
#1580 =( NAMED_UNIT ( * ) PLANE_ANGLE_UNIT ( ) SI_UNIT ( $, .RADIAN. ) );
#1581 = CARTESIAN_POINT ( 'NONE',  ( -3.249999999999999100, 0.0000000000000000000, -1.749999999999999600 ) ) ;
#1582 = DIRECTION ( 'NONE',  ( 0.0000000000000000000, 0.0000000000000000000, 1.000000000000000000 ) ) ;
#1583 = EDGE_CURVE ( 'NONE', #630, #28, #355, .T. ) ;
#1584 =( LENGTH_UNIT ( ) NAMED_UNIT ( * ) SI_UNIT ( .MILLI., .METRE. ) );
#1585 = CIRCLE ( 'NONE', #55, 0.5000000000000000000 ) ;
#1586 = SURFACE_STYLE_FILL_AREA ( #2127 ) ;
#1587 = SURFACE_SIDE_STYLE ('',( #2412 ) ) ;
#1588 = AXIS2_PLACEMENT_3D ( 'NONE', #2446, #1318, #565 ) ;
#1589 = DIRECTION ( 'NONE',  ( 1.000000000000000000, 0.0000000000000000000, -0.0000000000000000000 ) ) ;
#1590 = FILL_AREA_STYLE ('',( #852 ) ) ;
#1591 = ORIENTED_EDGE ( 'NONE', *, *, #1629, .F. ) ;
#1592 = DIRECTION ( 'NONE',  ( 2.478176394252581600E-016, 0.0000000000000000000, 1.000000000000000000 ) ) ;
#1593 = AXIS2_PLACEMENT_3D ( 'NONE', #1682, #2296, #1910 ) ;
#1594 = ORIENTED_EDGE ( 'NONE', *, *, #504, .F. ) ;
#1595 = DIRECTION ( 'NONE',  ( -1.000000000000000000, -0.0000000000000000000, -0.0000000000000000000 ) ) ;
#1596 = LINE ( 'NONE', #2364, #342 ) ;
#1597 = EDGE_LOOP ( 'NONE', ( #33, #534, #1772, #66 ) ) ;
#1598 = PLANE ( 'NONE',  #1088 ) ;
#1599 = EDGE_CURVE ( 'NONE', #1005, #2037, #1876, .T. ) ;
#1600 = VERTEX_POINT ( 'NONE', #2171 ) ;
#1601 = DIRECTION ( 'NONE',  ( -1.000000000000000000, -0.0000000000000000000, 0.0000000000000000000 ) ) ;
#1602 = ORIENTED_EDGE ( 'NONE', *, *, #978, .T. ) ;
#1603 = PLANE ( 'NONE',  #815 ) ;
#1604 = ORIENTED_EDGE ( 'NONE', *, *, #1518, .F. ) ;
#1605 = CARTESIAN_POINT ( 'NONE',  ( 2.674999999999999800, 0.7730739370050967500, 3.511109671260997300 ) ) ;
#1606 = PRESENTATION_STYLE_ASSIGNMENT (( #814 ) ) ;
#1607 = EDGE_LOOP ( 'NONE', ( #1146, #383, #2210, #1259 ) ) ;
#1608 = PRESENTATION_LAYER_ASSIGNMENT (  '', '', ( #330 ) ) ;
#1609 = ORIENTED_EDGE ( 'NONE', *, *, #736, .T. ) ;
#1610 = VECTOR ( 'NONE', #1859, 1000.000000000000000 ) ;
#1611 = COLOUR_RGB ( '',1.000000000000000000, 1.000000000000000000, 1.000000000000000000 ) ;
#1612 = PLANE ( 'NONE',  #1195 ) ;
#1613 = PRESENTATION_STYLE_ASSIGNMENT (( #778 ) ) ;
#1614 = CARTESIAN_POINT ( 'NONE',  ( 1.500000000000000000, 0.3029666598853877300, -1.696578803607081900 ) ) ;
#1615 = EDGE_LOOP ( 'NONE', ( #2400, #1464, #1409, #133 ) ) ;
#1616 = VECTOR ( 'NONE', #600, 1000.000000000000000 ) ;
#1617 = FACE_OUTER_BOUND ( 'NONE', #2246, .T. ) ;
#1618 = PRESENTATION_LAYER_ASSIGNMENT (  '', '', ( #2100 ) ) ;
#1619 = VECTOR ( 'NONE', #1019, 1000.000000000000200 ) ;
#1620 = CARTESIAN_POINT ( 'NONE',  ( 1.500000000000000000, -0.6000000000000003100, -3.474724834603180000 ) ) ;
#1621 = VECTOR ( 'NONE', #598, 1000.000000000000000 ) ;
#1622 =( LENGTH_UNIT ( ) NAMED_UNIT ( * ) SI_UNIT ( .MILLI., .METRE. ) );
#1623 = SURFACE_STYLE_FILL_AREA ( #2301 ) ;
#1624 = FACE_OUTER_BOUND ( 'NONE', #848, .T. ) ;
#1625 = VERTEX_POINT ( 'NONE', #1447 ) ;
#1626 = ORIENTED_EDGE ( 'NONE', *, *, #1867, .F. ) ;
#1627 = CARTESIAN_POINT ( 'NONE',  ( -1.925000000000000000, -0.3111035375533938200, 3.500000000000000000 ) ) ;
#1628 = EDGE_LOOP ( 'NONE', ( #1284, #2167, #1478, #2323, #2195, #2319, #2425, #813, #228, #57, #2125, #740 ) ) ;
#1629 = EDGE_CURVE ( 'NONE', #28, #1865, #486, .T. ) ;
#1630 = DIRECTION ( 'NONE',  ( 1.000000000000000000, 0.0000000000000000000, 0.0000000000000000000 ) ) ;
#1631 =( LENGTH_UNIT ( ) NAMED_UNIT ( * ) SI_UNIT ( .MILLI., .METRE. ) );
#1632 = LINE ( 'NONE', #1555, #2145 ) ;
#1633 = ORIENTED_EDGE ( 'NONE', *, *, #168, .F. ) ;
#1634 = ORIENTED_EDGE ( 'NONE', *, *, #1186, .F. ) ;
#1635 = LINE ( 'NONE', #210, #2466 ) ;
#1636 = MECHANICAL_DESIGN_GEOMETRIC_PRESENTATION_REPRESENTATION (  '', ( #2024 ), #1213 ) ;
#1637 = FILL_AREA_STYLE_COLOUR ( '', #212 ) ;
#1638 = VECTOR ( 'NONE', #448, 1000.000000000000000 ) ;
#1639 = EDGE_CURVE ( 'NONE', #573, #597, #1438, .T. ) ;
#1640 = COLOUR_RGB ( '',1.000000000000000000, 1.000000000000000000, 1.000000000000000000 ) ;
#1641 = ORIENTED_EDGE ( 'NONE', *, *, #1023, .F. ) ;
#1642 =( GEOMETRIC_REPRESENTATION_CONTEXT ( 3 ) GLOBAL_UNCERTAINTY_ASSIGNED_CONTEXT ( ( #2272 ) ) GLOBAL_UNIT_ASSIGNED_CONTEXT ( ( #1553, #2297, #427 ) ) REPRESENTATION_CONTEXT ( 'NONE', 'WORKASPACE' ) );
#1643 = CARTESIAN_POINT ( 'NONE',  ( -1.500000000000000000, 0.0000000000000000000, -1.749999999999999600 ) ) ;
#1644 = CARTESIAN_POINT ( 'NONE',  ( 0.0000000000000000000, 1.200000000000000000, 0.0000000000000000000 ) ) ;
#1645 = AXIS2_PLACEMENT_3D ( 'NONE', #467, #61, #76 ) ;
#1646 = ORIENTED_EDGE ( 'NONE', *, *, #374, .F. ) ;
#1647 = SURFACE_STYLE_USAGE ( .BOTH. , #738 ) ;
#1648 = DIRECTION ( 'NONE',  ( 0.9848077530122080200, 0.1736481776669307200, -2.440527326391781300E-016 ) ) ;
#1649 = VERTEX_POINT ( 'NONE', #1015 ) ;
#1650 = DIRECTION ( 'NONE',  ( 1.000000000000000000, 0.0000000000000000000, -0.0000000000000000000 ) ) ;
#1651 = ORIENTED_EDGE ( 'NONE', *, *, #768, .F. ) ;
#1652 = EDGE_CURVE ( 'NONE', #2135, #805, #2002, .T. ) ;
#1653 = ORIENTED_EDGE ( 'NONE', *, *, #16, .T. ) ;
#1654 = DIRECTION ( 'NONE',  ( 1.000000000000000000, 0.0000000000000000000, -0.0000000000000000000 ) ) ;
#1655 = ORIENTED_EDGE ( 'NONE', *, *, #396, .T. ) ;
#1656 =( GEOMETRIC_REPRESENTATION_CONTEXT ( 3 ) GLOBAL_UNCERTAINTY_ASSIGNED_CONTEXT ( ( #177 ) ) GLOBAL_UNIT_ASSIGNED_CONTEXT ( ( #385, #354, #946 ) ) REPRESENTATION_CONTEXT ( 'NONE', 'WORKASPACE' ) );
#1657 = DIRECTION ( 'NONE',  ( -0.0000000000000000000, 1.539506535789528400E-016, 1.000000000000000000 ) ) ;
#1658 = SURFACE_SIDE_STYLE ('',( #2006 ) ) ;
#1659 = LINE ( 'NONE', #1037, #86 ) ;
#1660 = CIRCLE ( 'NONE', #1530, 0.7900000000000001500 ) ;
#1661 = CIRCLE ( 'NONE', #2206, 0.5000000000000000000 ) ;
#1662 = DIRECTION ( 'NONE',  ( -0.0000000000000000000, 0.08715574274766316200, 0.9961946980917451000 ) ) ;
#1663 = VECTOR ( 'NONE', #1139, 1000.000000000000200 ) ;
#1664 = DIRECTION ( 'NONE',  ( -0.0000000000000000000, -0.5735764363510417200, -0.8191520442889948000 ) ) ;
#1665 = ORIENTED_EDGE ( 'NONE', *, *, #1200, .T. ) ;
#1666 = EDGE_CURVE ( 'NONE', #729, #1005, #2230, .T. ) ;
#1667 = CIRCLE ( 'NONE', #2320, 1.081020123596101400 ) ;
#1668 = ORIENTED_EDGE ( 'NONE', *, *, #396, .F. ) ;
#1669 = DIRECTION ( 'NONE',  ( 0.0000000000000000000, -0.5735764363510422700, 0.8191520442889944600 ) ) ;
#1670 = VECTOR ( 'NONE', #194, 1000.000000000000100 ) ;
#1671 = CARTESIAN_POINT ( 'NONE',  ( 1.500000000000000000, -0.09042397785550189400, -2.354011855979464900 ) ) ;
#1672 = CARTESIAN_POINT ( 'NONE',  ( 0.0000000000000000000, -0.5000000000000000000, 1.706255668237038400 ) ) ;
#1673 = ADVANCED_FACE ( 'NONE', ( #2294 ), #1598, .T. ) ;
#1674 = VECTOR ( 'NONE', #63, 1000.000000000000000 ) ;
#1675 = ORIENTED_EDGE ( 'NONE', *, *, #2144, .F. ) ;
#1676 =( GEOMETRIC_REPRESENTATION_CONTEXT ( 3 ) GLOBAL_UNCERTAINTY_ASSIGNED_CONTEXT ( ( #1966 ) ) GLOBAL_UNIT_ASSIGNED_CONTEXT ( ( #1957, #426, #1154 ) ) REPRESENTATION_CONTEXT ( 'NONE', 'WORKASPACE' ) );
#1677 = VECTOR ( 'NONE', #244, 1000.000000000000000 ) ;
#1678 = ORIENTED_EDGE ( 'NONE', *, *, #246, .F. ) ;
#1679 =( NAMED_UNIT ( * ) PLANE_ANGLE_UNIT ( ) SI_UNIT ( $, .RADIAN. ) );
#1680 = ORIENTED_EDGE ( 'NONE', *, *, #2055, .T. ) ;
#1681 = ORIENTED_EDGE ( 'NONE', *, *, #2300, .F. ) ;
#1682 = CARTESIAN_POINT ( 'NONE',  ( -3.249999999999999100, 0.0000000000000000000, -1.749999999999999600 ) ) ;
#1683 = ORIENTED_EDGE ( 'NONE', *, *, #306, .T. ) ;
#1684 = FILL_AREA_STYLE ('',( #1332 ) ) ;
#1685 = EDGE_CURVE ( 'NONE', #2028, #1262, #1659, .T. ) ;
#1686 = ORIENTED_EDGE ( 'NONE', *, *, #752, .T. ) ;
#1687 = ORIENTED_EDGE ( 'NONE', *, *, #1165, .T. ) ;
#1688 = AXIS2_PLACEMENT_3D ( 'NONE', #2350, #843, #43 ) ;
#1689 = ADVANCED_FACE ( 'NONE', ( #704 ), #242, .F. ) ;
#1690 = DIRECTION ( 'NONE',  ( 0.0000000000000000000, 1.000000000000000000, 0.0000000000000000000 ) ) ;
#1691 = VECTOR ( 'NONE', #2388, 1000.000000000000200 ) ;
#1692 = ADVANCED_FACE ( 'NONE', ( #1782 ), #861, .T. ) ;
#1693 = DIRECTION ( 'NONE',  ( 0.0000000000000000000, 0.0000000000000000000, 1.000000000000000000 ) ) ;
#1694 = LINE ( 'NONE', #717, #428 ) ;
#1695 = FACE_OUTER_BOUND ( 'NONE', #701, .T. ) ;
#1696 = AXIS2_PLACEMENT_3D ( 'NONE', #2279, #1525, #387 ) ;
#1697 = DIRECTION ( 'NONE',  ( 0.0000000000000000000, 0.0000000000000000000, 1.000000000000000000 ) ) ;
#1698 = DIRECTION ( 'NONE',  ( 0.0000000000000000000, -0.9961946980917461000, -0.08715574274765255900 ) ) ;
#1699 =( NAMED_UNIT ( * ) SI_UNIT ( $, .STERADIAN. ) SOLID_ANGLE_UNIT ( ) );
#1700 = UNCERTAINTY_MEASURE_WITH_UNIT (LENGTH_MEASURE( 1.000000000000000100E-005 ), #808, 'distance_accuracy_value', 'NONE');
#1701 = MECHANICAL_DESIGN_GEOMETRIC_PRESENTATION_REPRESENTATION (  '', ( #113 ), #382 ) ;
#1702 = EDGE_LOOP ( 'NONE', ( #785, #1749, #1278, #49, #509, #348, #351, #164, #1602, #1680, #908, #47 ) ) ;
#1703 = FILL_AREA_STYLE ('',( #169 ) ) ;
#1704 = CARTESIAN_POINT ( 'NONE',  ( 1.500000000000000000, -0.4999999999999994400, -2.067223637803944100 ) ) ;
#1705 = EDGE_CURVE ( 'NONE', #1625, #1402, #2356, .T. ) ;
#1706 = DIRECTION ( 'NONE',  ( -1.000000000000000000, -0.0000000000000000000, -0.0000000000000000000 ) ) ;
#1707 = VERTEX_POINT ( 'NONE', #1028 ) ;
#1708 = ADVANCED_FACE ( 'NONE', ( #329 ), #1956, .F. ) ;
#1709 = EDGE_CURVE ( 'NONE', #120, #2028, #1491, .T. ) ;
#1710 = APPLICATION_CONTEXT ( 'automotive_design' ) ;
#1711 = MECHANICAL_DESIGN_GEOMETRIC_PRESENTATION_REPRESENTATION (  '', ( #2421 ), #83 ) ;
#1712 = CARTESIAN_POINT ( 'NONE',  ( 2.674999999999999800, -0.4870333401146127400, 2.048705328334524900 ) ) ;
#1713 = FACE_OUTER_BOUND ( 'NONE', #2106, .T. ) ;
#1714 = FILL_AREA_STYLE_COLOUR ( '', #2231 ) ;
#1715 = LINE ( 'NONE', #2369, #1199 ) ;
#1716 = ORIENTED_EDGE ( 'NONE', *, *, #2017, .F. ) ;
#1717 = ORIENTED_EDGE ( 'NONE', *, *, #628, .T. ) ;
#1718 = DIRECTION ( 'NONE',  ( 1.000000000000000000, 0.0000000000000000000, -0.0000000000000000000 ) ) ;
#1719 = CYLINDRICAL_SURFACE ( 'NONE', #872, 1.081020123596101400 ) ;
#1720 = FACE_OUTER_BOUND ( 'NONE', #810, .T. ) ;
#1721 = VERTEX_POINT ( 'NONE', #1783 ) ;
#1722 = EDGE_CURVE ( 'NONE', #729, #1933, #269, .T. ) ;
#1723 = EDGE_LOOP ( 'NONE', ( #388, #239, #158, #1300, #1686, #2461, #2243, #642, #834, #625, #1984, #1550 ) ) ;
#1724 = SURFACE_STYLE_USAGE ( .BOTH. , #1143 ) ;
#1725 =( NAMED_UNIT ( * ) PLANE_ANGLE_UNIT ( ) SI_UNIT ( $, .RADIAN. ) );
#1726 = CIRCLE ( 'NONE', #536, 0.7900000000000001500 ) ;
#1727 =( NAMED_UNIT ( * ) SI_UNIT ( $, .STERADIAN. ) SOLID_ANGLE_UNIT ( ) );
#1728 = ADVANCED_FACE ( 'NONE', ( #828 ), #2357, .F. ) ;
#1729 = DIRECTION ( 'NONE',  ( -1.000000000000000000, -0.0000000000000000000, 0.0000000000000000000 ) ) ;
#1730 = FACE_OUTER_BOUND ( 'NONE', #1243, .T. ) ;
#1731 = MECHANICAL_DESIGN_GEOMETRIC_PRESENTATION_REPRESENTATION (  '', ( #330 ), #1858 ) ;
#1732 = CIRCLE ( 'NONE', #558, 1.081020123596101400 ) ;
#1733 = DIRECTION ( 'NONE',  ( -0.0000000000000000000, -0.9848077530122088000, -0.1736481776669266700 ) ) ;
#1734 = EDGE_LOOP ( 'NONE', ( #1774, #643, #1838, #1832 ) ) ;
#1735 = DIRECTION ( 'NONE',  ( -0.0000000000000000000, 1.539506535789528400E-016, 1.000000000000000000 ) ) ;
#1736 = ORIENTED_EDGE ( 'NONE', *, *, #2095, .T. ) ;
#1737 = DIRECTION ( 'NONE',  ( -0.0000000000000000000, 0.08715574274766316200, 0.9961946980917451000 ) ) ;
#1738 = AXIS2_PLACEMENT_3D ( 'NONE', #2214, #1862, #1286 ) ;
#1739 = VECTOR ( 'NONE', #1902, 1000.000000000000000 ) ;
#1740 = ORIENTED_EDGE ( 'NONE', *, *, #1383, .F. ) ;
#1741 = DIRECTION ( 'NONE',  ( 0.0000000000000000000, 0.0000000000000000000, -1.000000000000000000 ) ) ;
#1742 = ORIENTED_EDGE ( 'NONE', *, *, #183, .F. ) ;
#1743 = VERTEX_POINT ( 'NONE', #841 ) ;
#1744 = DIRECTION ( 'NONE',  ( 0.0000000000000000000, -1.000000000000000000, 1.539506535789528200E-016 ) ) ;
#1745 = FACE_OUTER_BOUND ( 'NONE', #482, .T. ) ;
#1746 = ORIENTED_EDGE ( 'NONE', *, *, #335, .F. ) ;
#1747 =( LENGTH_UNIT ( ) NAMED_UNIT ( * ) SI_UNIT ( .MILLI., .METRE. ) );
#1748 = ORIENTED_EDGE ( 'NONE', *, *, #1309, .F. ) ;
#1749 = ORIENTED_EDGE ( 'NONE', *, *, #895, .T. ) ;
#1750 = LINE ( 'NONE', #2163, #238 ) ;
#1751 = CARTESIAN_POINT ( 'NONE',  ( -1.925000000000000000, 0.3029666598853873500, 1.696578803607081500 ) ) ;
#1752 = EDGE_CURVE ( 'NONE', #2398, #1721, #1228, .T. ) ;
#1753 = DIRECTION ( 'NONE',  ( -0.0000000000000000000, 1.596109816206683500E-015, -1.000000000000000000 ) ) ;
#1754 = AXIS2_PLACEMENT_3D ( 'NONE', #82, #2207, #1064 ) ;
#1755 = FACE_OUTER_BOUND ( 'NONE', #1723, .T. ) ;
#1756 = DIRECTION ( 'NONE',  ( -1.000000000000000000, -0.0000000000000000000, -0.0000000000000000000 ) ) ;
#1757 = CIRCLE ( 'NONE', #755, 1.371020123596101700 ) ;
#1758 = PLANE ( 'NONE',  #312 ) ;
#1759 = CARTESIAN_POINT ( 'NONE',  ( 1.500000000000000000, -0.3038325786518228900, -3.416892559463820400 ) ) ;
#1760 = DIRECTION ( 'NONE',  ( 0.0000000000000000000, 0.0000000000000000000, -1.000000000000000000 ) ) ;
#1761 = AXIS2_PLACEMENT_3D ( 'NONE', #2083, #961, #1697 ) ;
#1762 = ORIENTED_EDGE ( 'NONE', *, *, #2144, .T. ) ;
#1763 =( NAMED_UNIT ( * ) SI_UNIT ( $, .STERADIAN. ) SOLID_ANGLE_UNIT ( ) );
#1764 = EDGE_CURVE ( 'NONE', #2081, #201, #2116, .T. ) ;
#1765 = CARTESIAN_POINT ( 'NONE',  ( -2.674999999999999800, -0.6000000000000003100, 3.474724834603180900 ) ) ;
#1766 = CARTESIAN_POINT ( 'NONE',  ( 1.500000000000000000, 0.3029666598853877300, -1.696578803607081900 ) ) ;
#1767 = COLOUR_RGB ( '',1.000000000000000000, 1.000000000000000000, 1.000000000000000000 ) ;
#1768 = DIRECTION ( 'NONE',  ( 0.0000000000000000000, 0.0000000000000000000, 1.000000000000000000 ) ) ;
#1769 = ORIENTED_EDGE ( 'NONE', *, *, #933, .F. ) ;
#1770 = LINE ( 'NONE', #1238, #2288 ) ;
#1771 = UNCERTAINTY_MEASURE_WITH_UNIT (LENGTH_MEASURE( 1.000000000000000100E-005 ), #1747, 'distance_accuracy_value', 'NONE');
#1772 = ORIENTED_EDGE ( 'NONE', *, *, #1353, .F. ) ;
#1773 = CARTESIAN_POINT ( 'NONE',  ( 0.3750000000000000000, 0.3029666598853873500, 1.696578803607081500 ) ) ;
#1774 = ORIENTED_EDGE ( 'NONE', *, *, #2351, .T. ) ;
#1775 = AXIS2_PLACEMENT_3D ( 'NONE', #535, #2419, #741 ) ;
#1776 = CIRCLE ( 'NONE', #261, 1.371020123596101700 ) ;
#1777 = ORIENTED_EDGE ( 'NONE', *, *, #2435, .T. ) ;
#1778 = CARTESIAN_POINT ( 'NONE',  ( 3.250000000000000900, 0.0000000000000000000, -1.749999999999999600 ) ) ;
#1779 = VECTOR ( 'NONE', #716, 1000.000000000000000 ) ;
#1780 = ORIENTED_EDGE ( 'NONE', *, *, #823, .T. ) ;
#1781 = FILL_AREA_STYLE_COLOUR ( '', #1556 ) ;
#1782 = FACE_OUTER_BOUND ( 'NONE', #379, .T. ) ;
#1783 = CARTESIAN_POINT ( 'NONE',  ( -2.674999999999999800, -0.5927290410984301600, 3.391617394067000500 ) ) ;
#1784 = PRODUCT_RELATED_PRODUCT_CATEGORY ( 'part', '', ( #1866 ) ) ;
#1785 = EDGE_CURVE ( 'NONE', #2464, #2174, #135, .T. ) ;
#1786 = DIRECTION ( 'NONE',  ( 0.1710878697460358200, -0.9702875252478138100, -0.1710878697460358800 ) ) ;
#1787 = LINE ( 'NONE', #2317, #1663 ) ;
#1788 = STYLED_ITEM ( 'NONE', ( #1920 ), #943 ) ;
#1789 =( LENGTH_UNIT ( ) NAMED_UNIT ( * ) SI_UNIT ( .MILLI., .METRE. ) );
#1790 = LINE ( 'NONE', #1671, #865 ) ;
#1791 = DIRECTION ( 'NONE',  ( 0.0000000000000000000, -0.5735764363510422700, 0.8191520442889944600 ) ) ;
#1792 = SURFACE_SIDE_STYLE ('',( #437 ) ) ;
#1793 = VECTOR ( 'NONE', #619, 1000.000000000000000 ) ;
#1794 = ORIENTED_EDGE ( 'NONE', *, *, #2316, .F. ) ;
#1795 = EDGE_CURVE ( 'NONE', #2135, #161, #1750, .T. ) ;
#1796 = DIRECTION ( 'NONE',  ( 0.08715574274765836000, -0.9961946980917455500, 0.0000000000000000000 ) ) ;
#1797 = FACE_OUTER_BOUND ( 'NONE', #1734, .T. ) ;
#1798 = ORIENTED_EDGE ( 'NONE', *, *, #1448, .T. ) ;
#1799 = FILL_AREA_STYLE ('',( #1843 ) ) ;
#1800 = MECHANICAL_DESIGN_GEOMETRIC_PRESENTATION_REPRESENTATION (  '', ( #2269 ), #2440 ) ;
#1801 = EDGE_LOOP ( 'NONE', ( #1027, #347, #286, #1226 ) ) ;
#1802 = VERTEX_POINT ( 'NONE', #2248 ) ;
#1803 = CARTESIAN_POINT ( 'NONE',  ( -1.500000000000000000, 0.3029666598853877300, -1.696578803607081900 ) ) ;
#1804 = VERTEX_POINT ( 'NONE', #546 ) ;
#1805 = DIRECTION ( 'NONE',  ( -1.000000000000000000, -0.0000000000000000000, -0.0000000000000000000 ) ) ;
#1806 = COLOUR_RGB ( '',1.000000000000000000, 1.000000000000000000, 1.000000000000000000 ) ;
#1807 = ORIENTED_EDGE ( 'NONE', *, *, #1334, .T. ) ;
#1808 = AXIS2_PLACEMENT_3D ( 'NONE', #369, #2447, #1321 ) ;
#1809 = DIRECTION ( 'NONE',  ( -1.000000000000000000, -0.0000000000000000000, -0.0000000000000000000 ) ) ;
#1810 = VERTEX_POINT ( 'NONE', #1614 ) ;
#1811 = CARTESIAN_POINT ( 'NONE',  ( 2.674999999999999800, 0.3029666598853873500, 1.696578803607081500 ) ) ;
#1812 = LINE ( 'NONE', #98, #1413 ) ;
#1813 = FACE_OUTER_BOUND ( 'NONE', #2394, .T. ) ;
#1814 = LINE ( 'NONE', #40, #1972 ) ;
#1815 =( LENGTH_UNIT ( ) NAMED_UNIT ( * ) SI_UNIT ( .MILLI., .METRE. ) );
#1816 = EDGE_CURVE ( 'NONE', #386, #1506, #2048, .T. ) ;
#1817 = VECTOR ( 'NONE', #2396, 1000.000000000000000 ) ;
#1818 = COLOUR_RGB ( '',1.000000000000000000, 1.000000000000000000, 1.000000000000000000 ) ;
#1819 = DIRECTION ( 'NONE',  ( -1.000000000000000000, -0.0000000000000000000, -0.0000000000000000000 ) ) ;
#1820 = AXIS2_PLACEMENT_3D ( 'NONE', #79, #1630, #498 ) ;
#1821 = DIRECTION ( 'NONE',  ( -1.000000000000000000, -0.0000000000000000000, -0.0000000000000000000 ) ) ;
#1822 = CIRCLE ( 'NONE', #400, 0.5000000000000000000 ) ;
#1823 = DIRECTION ( 'NONE',  ( -0.0000000000000000000, 0.08715574274765210100, -0.9961946980917459900 ) ) ;
#1824 =( GEOMETRIC_REPRESENTATION_CONTEXT ( 3 ) GLOBAL_UNCERTAINTY_ASSIGNED_CONTEXT ( ( #656 ) ) GLOBAL_UNIT_ASSIGNED_CONTEXT ( ( #1115, #2098, #1889 ) ) REPRESENTATION_CONTEXT ( 'NONE', 'WORKASPACE' ) );
#1825 = VECTOR ( 'NONE', #1753, 1000.000000000000000 ) ;
#1826 = ORIENTED_EDGE ( 'NONE', *, *, #1599, .F. ) ;
#1827 = UNCERTAINTY_MEASURE_WITH_UNIT (LENGTH_MEASURE( 1.000000000000000100E-005 ), #1622, 'distance_accuracy_value', 'NONE');
#1828 =( NAMED_UNIT ( * ) PLANE_ANGLE_UNIT ( ) SI_UNIT ( $, .RADIAN. ) );
#1829 = DIRECTION ( 'NONE',  ( -0.0000000000000000000, -3.079013071579060800E-016, 1.000000000000000000 ) ) ;
#1830 = DIRECTION ( 'NONE',  ( 1.000000000000000000, 0.0000000000000000000, 0.0000000000000000000 ) ) ;
#1831 = VECTOR ( 'NONE', #145, 1000.000000000000200 ) ;
#1832 = ORIENTED_EDGE ( 'NONE', *, *, #2187, .T. ) ;
#1833 = EDGE_CURVE ( 'NONE', #2022, #826, #538, .T. ) ;
#1834 = FILL_AREA_STYLE ('',( #1637 ) ) ;
#1835 = MECHANICAL_DESIGN_GEOMETRIC_PRESENTATION_REPRESENTATION (  '', ( #340 ), #1824 ) ;
#1836 = CARTESIAN_POINT ( 'NONE',  ( -2.674999999999999800, 0.7730739370050967500, 3.511109671260997300 ) ) ;
#1837 = ORIENTED_EDGE ( 'NONE', *, *, #2300, .T. ) ;
#1838 = ORIENTED_EDGE ( 'NONE', *, *, #895, .F. ) ;
#1839 = ORIENTED_EDGE ( 'NONE', *, *, #291, .T. ) ;
#1840 = VECTOR ( 'NONE', #2181, 1000.000000000000000 ) ;
#1841 =( GEOMETRIC_REPRESENTATION_CONTEXT ( 3 ) GLOBAL_UNCERTAINTY_ASSIGNED_CONTEXT ( ( #2219 ) ) GLOBAL_UNIT_ASSIGNED_CONTEXT ( ( #1280, #516, #1479 ) ) REPRESENTATION_CONTEXT ( 'NONE', 'WORKASPACE' ) );
#1842 = DIRECTION ( 'NONE',  ( 0.0000000000000000000, 0.9961946980917461000, 0.08715574274765176800 ) ) ;
#1843 = FILL_AREA_STYLE_COLOUR ( '', #886 ) ;
#1844 = DIRECTION ( 'NONE',  ( 0.0000000000000000000, 0.0000000000000000000, 1.000000000000000000 ) ) ;
#1845 =( LENGTH_UNIT ( ) NAMED_UNIT ( * ) SI_UNIT ( .MILLI., .METRE. ) );
#1846 = FACE_OUTER_BOUND ( 'NONE', #441, .T. ) ;
#1847 = DIRECTION ( 'NONE',  ( 0.0000000000000000000, -0.5735764363510417200, 0.8191520442889948000 ) ) ;
#1848 = LINE ( 'NONE', #2222, #798 ) ;
#1849 = EDGE_CURVE ( 'NONE', #202, #316, #391, .T. ) ;
#1850 = LINE ( 'NONE', #557, #466 ) ;
#1851 = CARTESIAN_POINT ( 'NONE',  ( -1.925000000000000000, -0.4870333401146127400, 2.048705328334524900 ) ) ;
#1852 = VECTOR ( 'NONE', #2079, 1000.000000000000100 ) ;
#1853 = AXIS2_PLACEMENT_3D ( 'NONE', #855, #995, #2335 ) ;
#1854 = FACE_OUTER_BOUND ( 'NONE', #21, .T. ) ;
#1855 = CARTESIAN_POINT ( 'NONE',  ( 1.500000000000000000, -0.6000000000000003100, -3.474724834603180000 ) ) ;
#1856 = DIRECTION ( 'NONE',  ( 0.0000000000000000000, -0.08715574274765255900, 0.9961946980917459900 ) ) ;
#1857 =( NAMED_UNIT ( * ) PLANE_ANGLE_UNIT ( ) SI_UNIT ( $, .RADIAN. ) );
#1858 =( GEOMETRIC_REPRESENTATION_CONTEXT ( 3 ) GLOBAL_UNCERTAINTY_ASSIGNED_CONTEXT ( ( #8 ) ) GLOBAL_UNIT_ASSIGNED_CONTEXT ( ( #339, #909, #1874 ) ) REPRESENTATION_CONTEXT ( 'NONE', 'WORKASPACE' ) );
#1859 = DIRECTION ( 'NONE',  ( -0.0000000000000000000, 0.5735764363510417200, -0.8191520442889948000 ) ) ;
#1860 = LINE ( 'NONE', #1410, #1674 ) ;
#1861 = VERTEX_POINT ( 'NONE', #495 ) ;
#1862 = DIRECTION ( 'NONE',  ( -0.0000000000000000000, 0.8191520442889948000, 0.5735764363510417200 ) ) ;
#1863 = ORIENTED_EDGE ( 'NONE', *, *, #589, .F. ) ;
#1864 = VERTEX_POINT ( 'NONE', #730 ) ;
#1865 = VERTEX_POINT ( 'NONE', #2186 ) ;
#1866 = PRODUCT ( 'LM1117MP-3.3', 'LM1117MP-3.3', '', ( #209 ) ) ;
#1867 = EDGE_CURVE ( 'NONE', #2020, #2015, #1968, .T. ) ;
#1868 = CLOSED_SHELL ( 'NONE', ( #2282, #599, #1884, #1728, #1311, #9, #943, #585, #944, #570, #1341, #1926, #1536, #1140 ) ) ;
#1869 = SURFACE_STYLE_USAGE ( .BOTH. , #2371 ) ;
#1870 = CARTESIAN_POINT ( 'NONE',  ( 1.925000000000000000, 0.3029666598853873500, 1.696578803607081500 ) ) ;
#1871 = VECTOR ( 'NONE', #214, 1000.000000000000000 ) ;
#1872 = ORIENTED_EDGE ( 'NONE', *, *, #1685, .T. ) ;
#1873 = PRESENTATION_LAYER_ASSIGNMENT (  '', '', ( #1788 ) ) ;
#1874 =( NAMED_UNIT ( * ) SI_UNIT ( $, .STERADIAN. ) SOLID_ANGLE_UNIT ( ) );
#1875 = ORIENTED_EDGE ( 'NONE', *, *, #2281, .F. ) ;
#1876 = LINE ( 'NONE', #2157, #856 ) ;
#1877 = DIRECTION ( 'NONE',  ( 0.0000000000000000000, 0.5735764363510422700, -0.8191520442889943500 ) ) ;
#1878 = LINE ( 'NONE', #525, #830 ) ;
#1879 = CIRCLE ( 'NONE', #2120, 1.371020123596101700 ) ;
#1880 = VECTOR ( 'NONE', #1, 1000.000000000000000 ) ;
#1881 = FILL_AREA_STYLE ('',( #1133 ) ) ;
#1882 = LINE ( 'NONE', #2239, #1416 ) ;
#1883 = PLANE ( 'NONE',  #1593 ) ;
#1884 = ADVANCED_FACE ( 'NONE', ( #1549 ), #1908, .T. ) ;
#1885 = UNCERTAINTY_MEASURE_WITH_UNIT (LENGTH_MEASURE( 1.000000000000000100E-005 ), #986, 'distance_accuracy_value', 'NONE');
#1886 = VECTOR ( 'NONE', #2226, 1000.000000000000000 ) ;
#1887 = EDGE_CURVE ( 'NONE', #1955, #199, #2026, .T. ) ;
#1888 = VECTOR ( 'NONE', #1011, 1000.000000000000000 ) ;
#1889 =( NAMED_UNIT ( * ) SI_UNIT ( $, .STERADIAN. ) SOLID_ANGLE_UNIT ( ) );
#1890 = STYLED_ITEM ( 'NONE', ( #1269 ), #792 ) ;
#1891 = ORIENTED_EDGE ( 'NONE', *, *, #645, .F. ) ;
#1892 = PLANE ( 'NONE',  #1291 ) ;
#1893 = DIRECTION ( 'NONE',  ( 0.0000000000000000000, 0.08715574274765255900, -0.9961946980917461000 ) ) ;
#1894 = DIRECTION ( 'NONE',  ( 0.0000000000000000000, 0.0000000000000000000, -1.000000000000000000 ) ) ;
#1895 = ORIENTED_EDGE ( 'NONE', *, *, #1752, .T. ) ;
#1896 = PRESENTATION_LAYER_ASSIGNMENT (  '', '', ( #1175 ) ) ;
#1897 = FACE_OUTER_BOUND ( 'NONE', #540, .T. ) ;
#1898 = ORIENTED_EDGE ( 'NONE', *, *, #1296, .F. ) ;
#1899 = ADVANCED_FACE ( 'NONE', ( #132 ), #2241, .F. ) ;
#1900 = FILL_AREA_STYLE ('',( #793 ) ) ;
#1901 = ORIENTED_EDGE ( 'NONE', *, *, #2232, .F. ) ;
#1902 = DIRECTION ( 'NONE',  ( -0.0000000000000000000, 0.5735764363510417200, -0.8191520442889948000 ) ) ;
#1903 = EDGE_CURVE ( 'NONE', #155, #2049, #2114, .T. ) ;
#1904 = ORIENTED_EDGE ( 'NONE', *, *, #1938, .F. ) ;
#1905 = CARTESIAN_POINT ( 'NONE',  ( 0.3750000000000000000, -0.09042397785550247700, 2.354011855979464900 ) ) ;
#1906 = EDGE_CURVE ( 'NONE', #690, #503, #1408, .T. ) ;
#1907 =( LENGTH_UNIT ( ) NAMED_UNIT ( * ) SI_UNIT ( .MILLI., .METRE. ) );
#1908 = CYLINDRICAL_SURFACE ( 'NONE', #198, 0.7899999999999999200 ) ;
#1909 = ORIENTED_EDGE ( 'NONE', *, *, #1397, .T. ) ;
#1910 = DIRECTION ( 'NONE',  ( 0.0000000000000000000, 0.9848077530122080200, 0.1736481776669307200 ) ) ;
#1911 = UNCERTAINTY_MEASURE_WITH_UNIT (LENGTH_MEASURE( 1.000000000000000100E-005 ), #1845, 'distance_accuracy_value', 'NONE');
#1912 = DIRECTION ( 'NONE',  ( 1.000000000000000000, 0.0000000000000000000, 0.0000000000000000000 ) ) ;
#1913 = CARTESIAN_POINT ( 'NONE',  ( 2.674999999999999800, 0.1600967748736932300, 2.501830713051848200 ) ) ;
#1914 = ADVANCED_FACE ( 'NONE', ( #511 ), #1435, .T. ) ;
#1915 = ADVANCED_FACE ( 'NONE', ( #1283 ), #315, .T. ) ;
#1916 = PRESENTATION_LAYER_ASSIGNMENT (  '', '', ( #436 ) ) ;
#1917 =( NAMED_UNIT ( * ) PLANE_ANGLE_UNIT ( ) SI_UNIT ( $, .RADIAN. ) );
#1918 = LINE ( 'NONE', #406, #2094 ) ;
#1919 =( LENGTH_UNIT ( ) NAMED_UNIT ( * ) SI_UNIT ( .MILLI., .METRE. ) );
#1920 = PRESENTATION_STYLE_ASSIGNMENT (( #2420 ) ) ;
#1921 = CARTESIAN_POINT ( 'NONE',  ( 1.925000000000000000, 0.0000000000000000000, 1.750000000000000400 ) ) ;
#1922 = FACE_OUTER_BOUND ( 'NONE', #2003, .T. ) ;
#1923 = DIRECTION ( 'NONE',  ( 1.000000000000000000, 0.0000000000000000000, 0.0000000000000000000 ) ) ;
#1924 = EDGE_CURVE ( 'NONE', #1036, #494, #1465, .T. ) ;
#1925 = CARTESIAN_POINT ( 'NONE',  ( 0.0000000000000000000, 0.0000000000000000000, 0.0000000000000000000 ) ) ;
#1926 = ADVANCED_FACE ( 'NONE', ( #2430 ), #1485, .F. ) ;
#1927 = DIRECTION ( 'NONE',  ( 0.0000000000000000000, 0.0000000000000000000, 1.000000000000000000 ) ) ;
#1928 = PRESENTATION_LAYER_ASSIGNMENT (  '', '', ( #1320 ) ) ;
#1929 =( NAMED_UNIT ( * ) SI_UNIT ( $, .STERADIAN. ) SOLID_ANGLE_UNIT ( ) );
#1930 = CARTESIAN_POINT ( 'NONE',  ( 1.500000000000000000, -0.3499999999999996400, -2.724724834603180500 ) ) ;
#1931 = CARTESIAN_POINT ( 'NONE',  ( -0.3750000000000000000, -0.4870333401146127400, 2.048705328334524900 ) ) ;
#1932 = PLANE ( 'NONE',  #434 ) ;
#1933 = VERTEX_POINT ( 'NONE', #1467 ) ;
#1934 = DIRECTION ( 'NONE',  ( 0.0000000000000000000, 0.9961946980917461000, 0.08715574274765176800 ) ) ;
#1935 = PRESENTATION_STYLE_ASSIGNMENT (( #2277 ) ) ;
#1936 = PLANE ( 'NONE',  #760 ) ;
#1937 = ADVANCED_FACE ( 'NONE', ( #1981 ), #916, .T. ) ;
#1938 = EDGE_CURVE ( 'NONE', #316, #998, #1094, .T. ) ;
#1939 = SURFACE_SIDE_STYLE ('',( #1586 ) ) ;
#1940 = ORIENTED_EDGE ( 'NONE', *, *, #1008, .F. ) ;
#1941 = MECHANICAL_DESIGN_GEOMETRIC_PRESENTATION_REPRESENTATION (  '', ( #2112 ), #227 ) ;
#1942 = APPLICATION_CONTEXT ( 'automotive_design' ) ;
#1943 = DIRECTION ( 'NONE',  ( 0.0000000000000000000, 0.0000000000000000000, 1.000000000000000000 ) ) ;
#1944 = PRESENTATION_STYLE_ASSIGNMENT (( #2359 ) ) ;
#1945 = SURFACE_SIDE_STYLE ('',( #1335 ) ) ;
#1946 = PLANE ( 'NONE',  #2148 ) ;
#1947 = FACE_OUTER_BOUND ( 'NONE', #299, .T. ) ;
#1948 = PRESENTATION_LAYER_ASSIGNMENT (  '', '', ( #1471 ) ) ;
#1949 = LINE ( 'NONE', #2344, #685 ) ;
#1950 = EDGE_CURVE ( 'NONE', #1864, #2135, #2051, .T. ) ;
#1951 = CARTESIAN_POINT ( 'NONE',  ( 0.0000000000000000000, -0.5000000000000000000, 0.0000000000000000000 ) ) ;
#1952 =( NAMED_UNIT ( * ) PLANE_ANGLE_UNIT ( ) SI_UNIT ( $, .RADIAN. ) );
#1953 = AXIS2_PLACEMENT_3D ( 'NONE', #1258, #2365, #1796 ) ;
#1954 =( GEOMETRIC_REPRESENTATION_CONTEXT ( 3 ) GLOBAL_UNCERTAINTY_ASSIGNED_CONTEXT ( ( #912 ) ) GLOBAL_UNIT_ASSIGNED_CONTEXT ( ( #2284, #189, #640 ) ) REPRESENTATION_CONTEXT ( 'NONE', 'WORKASPACE' ) );
#1955 = VERTEX_POINT ( 'NONE', #1078 ) ;
#1956 = PLANE ( 'NONE',  #1017 ) ;
#1957 =( LENGTH_UNIT ( ) NAMED_UNIT ( * ) SI_UNIT ( .MILLI., .METRE. ) );
#1958 = AXIS2_PLACEMENT_3D ( 'NONE', #1407, #442, #644 ) ;
#1959 = DIRECTION ( 'NONE',  ( -1.000000000000000000, -0.0000000000000000000, -0.0000000000000000000 ) ) ;
#1960 = EDGE_LOOP ( 'NONE', ( #664, #288, #2156, #720 ) ) ;
#1961 = CARTESIAN_POINT ( 'NONE',  ( -0.3750000000000000000, 0.0000000000000000000, 1.750000000000000400 ) ) ;
#1962 = VERTEX_POINT ( 'NONE', #1473 ) ;
#1963 = UNCERTAINTY_MEASURE_WITH_UNIT (LENGTH_MEASURE( 1.000000000000000100E-005 ), #1156, 'distance_accuracy_value', 'NONE');
#1964 = SURFACE_SIDE_STYLE ('',( #1469 ) ) ;
#1965 = ORIENTED_EDGE ( 'NONE', *, *, #1401, .F. ) ;
#1966 = UNCERTAINTY_MEASURE_WITH_UNIT (LENGTH_MEASURE( 1.000000000000000100E-005 ), #1957, 'distance_accuracy_value', 'NONE');
#1967 = CARTESIAN_POINT ( 'NONE',  ( -3.249999999999999100, 0.0000000000000000000, -1.749999999999999600 ) ) ;
#1968 = LINE ( 'NONE', #737, #2172 ) ;
#1969 = ORIENTED_EDGE ( 'NONE', *, *, #1795, .F. ) ;
#1970 = EDGE_CURVE ( 'NONE', #533, #597, #48, .T. ) ;
#1971 = CARTESIAN_POINT ( 'NONE',  ( 2.674999999999999800, -0.5927290410984301600, 3.391617394067000900 ) ) ;
#1972 = VECTOR ( 'NONE', #1558, 1000.000000000000000 ) ;
#1973 = EDGE_LOOP ( 'NONE', ( #1909, #2273, #1740, #2258 ) ) ;
#1974 = PRESENTATION_STYLE_ASSIGNMENT (( #748 ) ) ;
#1975 = DIRECTION ( 'NONE',  ( -0.0000000000000000000, 0.9848077530122079100, -0.1736481776669309700 ) ) ;
#1976 = LINE ( 'NONE', #225, #1616 ) ;
#1977 = DIRECTION ( 'NONE',  ( 0.0000000000000000000, 0.0000000000000000000, 1.000000000000000000 ) ) ;
#1978 = PLANE ( 'NONE',  #137 ) ;
#1979 = FACE_OUTER_BOUND ( 'NONE', #163, .T. ) ;
#1980 = PRESENTATION_LAYER_ASSIGNMENT (  '', '', ( #1158 ) ) ;
#1981 = FACE_OUTER_BOUND ( 'NONE', #111, .T. ) ;
#1982 = SURFACE_STYLE_FILL_AREA ( #868 ) ;
#1983 = CARTESIAN_POINT ( 'NONE',  ( 1.500000000000000000, -0.3038325786518228900, -3.416892559463820400 ) ) ;
#1984 = ORIENTED_EDGE ( 'NONE', *, *, #1309, .T. ) ;
#1985 = EDGE_CURVE ( 'NONE', #237, #176, #18, .T. ) ;
#1986 = LINE ( 'NONE', #1147, #46 ) ;
#1987 = ORIENTED_EDGE ( 'NONE', *, *, #2405, .F. ) ;
#1988 = DIRECTION ( 'NONE',  ( 0.0000000000000000000, 0.0000000000000000000, 1.000000000000000000 ) ) ;
#1989 = CARTESIAN_POINT ( 'NONE',  ( 0.3750000000000000000, 0.3029666598853874000, 2.048705328334524900 ) ) ;
#1990 = AXIS2_PLACEMENT_3D ( 'NONE', #444, #1420, #1760 ) ;
#1991 = VECTOR ( 'NONE', #1142, 1000.000000000000000 ) ;
#1992 = ORIENTED_EDGE ( 'NONE', *, *, #131, .T. ) ;
#1993 = DIRECTION ( 'NONE',  ( -1.000000000000000000, -0.0000000000000000000, -0.0000000000000000000 ) ) ;
#1994 = AXIS2_PLACEMENT_3D ( 'NONE', #2360, #2154, #875 ) ;
#1995 = FILL_AREA_STYLE_COLOUR ( '', #336 ) ;
#1996 = PRESENTATION_STYLE_ASSIGNMENT (( #990 ) ) ;
#1997 = ORIENTED_EDGE ( 'NONE', *, *, #2095, .F. ) ;
#1998 = DIRECTION ( 'NONE',  ( 0.0000000000000000000, 0.0000000000000000000, -1.000000000000000000 ) ) ;
#1999 = ORIENTED_EDGE ( 'NONE', *, *, #3, .F. ) ;
#2000 = ORIENTED_EDGE ( 'NONE', *, *, #224, .T. ) ;
#2001 = PLANE ( 'NONE',  #653 ) ;
#2002 = LINE ( 'NONE', #867, #204 ) ;
#2003 = EDGE_LOOP ( 'NONE', ( #1570, #1031, #985, #790 ) ) ;
#2004 = LINE ( 'NONE', #2126, #759 ) ;
#2005 = CARTESIAN_POINT ( 'NONE',  ( 0.3750000000000000000, -0.09042397785550258800, 2.354011855979464900 ) ) ;
#2006 = SURFACE_STYLE_FILL_AREA ( #910 ) ;
#2007 = LINE ( 'NONE', #866, #1492 ) ;
#2008 = VECTOR ( 'NONE', #2291, 1000.000000000000000 ) ;
#2009 = DIRECTION ( 'NONE',  ( 1.000000000000000000, 0.0000000000000000000, 0.0000000000000000000 ) ) ;
#2010 = VECTOR ( 'NONE', #1424, 1000.000000000000000 ) ;
#2011 = STYLED_ITEM ( 'NONE', ( #1418 ), #1114 ) ;
#2012 = FACE_OUTER_BOUND ( 'NONE', #742, .T. ) ;
#2013 = ORIENTED_EDGE ( 'NONE', *, *, #1038, .F. ) ;
#2014 = CARTESIAN_POINT ( 'NONE',  ( 2.674999999999999800, -0.6000000000000003100, 3.474724834603180900 ) ) ;
#2015 = VERTEX_POINT ( 'NONE', #1288 ) ;
#2016 = ORIENTED_EDGE ( 'NONE', *, *, #460, .F. ) ;
#2017 = EDGE_CURVE ( 'NONE', #1402, #196, #2070, .T. ) ;
#2018 = CYLINDRICAL_SURFACE ( 'NONE', #1761, 1.081020123596101900 ) ;
#2019 = UNCERTAINTY_MEASURE_WITH_UNIT (LENGTH_MEASURE( 1.000000000000000100E-005 ), #758, 'distance_accuracy_value', 'NONE');
#2020 = VERTEX_POINT ( 'NONE', #524 ) ;
#2021 = CARTESIAN_POINT ( 'NONE',  ( -1.500000000000000000, -0.5927290410984292800, -3.391617394067001400 ) ) ;
#2022 = VERTEX_POINT ( 'NONE', #328 ) ;
#2023 = CARTESIAN_POINT ( 'NONE',  ( 2.674999999999999800, -0.3038325786518236700, 3.416892559463820400 ) ) ;
#2024 = STYLED_ITEM ( 'NONE', ( #1363 ), #2282 ) ;
#2025 = CARTESIAN_POINT ( 'NONE',  ( -1.500000000000000000, -0.3038325786518228900, -3.416892559463820400 ) ) ;
#2026 = CIRCLE ( 'NONE', #2413, 1.081020123596101900 ) ;
#2027 = FACE_OUTER_BOUND ( 'NONE', #1123, .T. ) ;
#2028 = VERTEX_POINT ( 'NONE', #2052 ) ;
#2029 = CARTESIAN_POINT ( 'NONE',  ( 2.674999999999999800, -0.1124459071561911700, 2.891062001144981700 ) ) ;
#2030 = EDGE_CURVE ( 'NONE', #1600, #1086, #502, .T. ) ;
#2031 = DIRECTION ( 'NONE',  ( -1.000000000000000000, -0.0000000000000000000, -0.0000000000000000000 ) ) ;
#2032 = LINE ( 'NONE', #1811, #468 ) ;
#2033 = ORIENTED_EDGE ( 'NONE', *, *, #662, .T. ) ;
#2034 =( NAMED_UNIT ( * ) SI_UNIT ( $, .STERADIAN. ) SOLID_ANGLE_UNIT ( ) );
#2035 = DIRECTION ( 'NONE',  ( 0.0000000000000000000, 1.000000000000000000, 0.0000000000000000000 ) ) ;
#2036 = CARTESIAN_POINT ( 'NONE',  ( 0.3750000000000000000, -0.3111035375533938200, 3.500000000000000000 ) ) ;
#2037 = VERTEX_POINT ( 'NONE', #2227 ) ;
#2038 = VECTOR ( 'NONE', #359, 1000.000000000000000 ) ;
#2039 = ORIENTED_EDGE ( 'NONE', *, *, #53, .T. ) ;
#2040 = EDGE_CURVE ( 'NONE', #1649, #45, #285, .T. ) ;
#2041 = CARTESIAN_POINT ( 'NONE',  ( 1.500000000000000000, 0.7730739370050976300, -3.511109671260997300 ) ) ;
#2042 = FILL_AREA_STYLE ('',( #515 ) ) ;
#2043 = AXIS2_PLACEMENT_3D ( 'NONE', #537, #1273, #2050 ) ;
#2044 = SURFACE_SIDE_STYLE ('',( #2380 ) ) ;
#2045 = CARTESIAN_POINT ( 'NONE',  ( 2.674999999999999800, -0.3111035375533938200, 3.500000000000000000 ) ) ;
#2046 = FACE_OUTER_BOUND ( 'NONE', #1428, .T. ) ;
#2047 = ORIENTED_EDGE ( 'NONE', *, *, #1271, .F. ) ;
#2048 = LINE ( 'NONE', #1627, #2406 ) ;
#2049 = VERTEX_POINT ( 'NONE', #928 ) ;
#2050 = DIRECTION ( 'NONE',  ( 0.0000000000000000000, 0.0000000000000000000, 1.000000000000000000 ) ) ;
#2051 = LINE ( 'NONE', #1672, #1112 ) ;
#2052 = CARTESIAN_POINT ( 'NONE',  ( 2.674999999999999800, -0.09042397785550247700, 2.354011855979464900 ) ) ;
#2053 = CARTESIAN_POINT ( 'NONE',  ( 1.500000000000000000, 0.0000000000000000000, -1.749999999999999600 ) ) ;
#2054 = FILL_AREA_STYLE ('',( #2255 ) ) ;
#2055 = EDGE_CURVE ( 'NONE', #2022, #103, #2422, .T. ) ;
#2056 = LINE ( 'NONE', #184, #1559 ) ;
#2057 = DIRECTION ( 'NONE',  ( 0.0000000000000000000, -0.9961946980917461000, -0.08715574274765176800 ) ) ;
#2058 = MECHANICAL_DESIGN_GEOMETRIC_PRESENTATION_REPRESENTATION (  '', ( #1082 ), #1225 ) ;
#2059 = CARTESIAN_POINT ( 'NONE',  ( -1.925000000000000000, -0.5927290410984301600, 3.391617394067000500 ) ) ;
#2060 = SURFACE_STYLE_FILL_AREA ( #96 ) ;
#2061 = DIRECTION ( 'NONE',  ( 0.0000000000000000000, -0.0000000000000000000, 1.000000000000000000 ) ) ;
#2062 = ORIENTED_EDGE ( 'NONE', *, *, #1985, .T. ) ;
#2063 = DIRECTION ( 'NONE',  ( 0.0000000000000000000, 0.1736481776669266700, -0.9848077530122088000 ) ) ;
#2064 = ORIENTED_EDGE ( 'NONE', *, *, #962, .F. ) ;
#2065 = ADVANCED_FACE ( 'NONE', ( #1624 ), #1058, .T. ) ;
#2066 = FILL_AREA_STYLE ('',( #2445 ) ) ;
#2067 = LINE ( 'NONE', #660, #1426 ) ;
#2068 = CARTESIAN_POINT ( 'NONE',  ( -1.925000000000000000, 0.7730739370050967500, 3.511109671260997300 ) ) ;
#2069 = CARTESIAN_POINT ( 'NONE',  ( 1.925000000000000000, -0.5000000000000000000, 2.067223637803944100 ) ) ;
#2070 = LINE ( 'NONE', #2431, #603 ) ;
#2071 = ORIENTED_EDGE ( 'NONE', *, *, #1296, .T. ) ;
#2072 = DIRECTION ( 'NONE',  ( 0.0000000000000000000, -0.08715574274765255900, 0.9961946980917459900 ) ) ;
#2073 = EDGE_CURVE ( 'NONE', #1187, #503, #1003, .T. ) ;
#2074 = ORIENTED_EDGE ( 'NONE', *, *, #1652, .T. ) ;
#2075 = ORIENTED_EDGE ( 'NONE', *, *, #883, .F. ) ;
#2076 = AXIS2_PLACEMENT_3D ( 'NONE', #2205, #1809, #1988 ) ;
#2077 = VERTEX_POINT ( 'NONE', #1921 ) ;
#2078 = SURFACE_STYLE_USAGE ( .BOTH. , #1124 ) ;
#2079 = DIRECTION ( 'NONE',  ( -0.0000000000000000000, 0.9848077530122079100, -0.1736481776669309700 ) ) ;
#2080 = LINE ( 'NONE', #1365, #1871 ) ;
#2081 = VERTEX_POINT ( 'NONE', #757 ) ;
#2082 = STYLED_ITEM ( 'NONE', ( #2460 ), #1314 ) ;
#2083 = CARTESIAN_POINT ( 'NONE',  ( 1.500000000000000000, 0.7730739370050976300, -3.511109671260997300 ) ) ;
#2084 = CARTESIAN_POINT ( 'NONE',  ( -1.500000000000000000, -0.3111035375533938200, -3.499999999999999100 ) ) ;
#2085 = ADVANCED_FACE ( 'NONE', ( #1897 ), #179, .F. ) ;
#2086 = ADVANCED_FACE ( 'NONE', ( #2310 ), #2018, .F. ) ;
#2087 = PRESENTATION_LAYER_ASSIGNMENT (  '', '', ( #1359 ) ) ;
#2088 = VECTOR ( 'NONE', #1387, 1000.000000000000000 ) ;
#2089 = PRODUCT_DEFINITION_SHAPE ( 'NONE', 'NONE',  #1333 ) ;
#2090 = PLANE ( 'NONE',  #1287 ) ;
#2091 = VECTOR ( 'NONE', #2262, 1000.000000000000000 ) ;
#2092 = CARTESIAN_POINT ( 'NONE',  ( 2.674999999999999800, -0.3111035375533938200, 3.500000000000000000 ) ) ;
#2093 = CARTESIAN_POINT ( 'NONE',  ( 1.925000000000000000, 0.7730739370050967500, 3.511109671260997300 ) ) ;
#2094 = VECTOR ( 'NONE', #804, 1000.000000000000000 ) ;
#2095 = EDGE_CURVE ( 'NONE', #1239, #417, #1481, .T. ) ;
#2096 = VECTOR ( 'NONE', #1821, 1000.000000000000000 ) ;
#2097 = DIRECTION ( 'NONE',  ( 0.0000000000000000000, 0.0000000000000000000, 1.000000000000000000 ) ) ;
#2098 =( NAMED_UNIT ( * ) PLANE_ANGLE_UNIT ( ) SI_UNIT ( $, .RADIAN. ) );
#2099 = ADVANCED_FACE ( 'NONE', ( #1505 ), #1883, .T. ) ;
#2100 = STYLED_ITEM ( 'NONE', ( #1446 ), #1140 ) ;
#2101 = CARTESIAN_POINT ( 'NONE',  ( -1.925000000000000000, -0.5927290410984301600, 3.391617394067000500 ) ) ;
#2102 = DIRECTION ( 'NONE',  ( 0.0000000000000000000, 0.0000000000000000000, -1.000000000000000000 ) ) ;
#2103 = SURFACE_STYLE_USAGE ( .BOTH. , #1939 ) ;
#2104 = SURFACE_STYLE_USAGE ( .BOTH. , #376 ) ;
#2105 = PLANE ( 'NONE',  #983 ) ;
#2106 = EDGE_LOOP ( 'NONE', ( #2193, #906, #562, #2427 ) ) ;
#2107 = CYLINDRICAL_SURFACE ( 'NONE', #2076, 0.5000000000000000000 ) ;
#2108 = ADVANCED_FACE ( 'NONE', ( #1797 ), #378, .F. ) ;
#2109 = EDGE_CURVE ( 'NONE', #805, #220, #2191, .T. ) ;
#2110 =( NAMED_UNIT ( * ) SI_UNIT ( $, .STERADIAN. ) SOLID_ANGLE_UNIT ( ) );
#2111 = ORIENTED_EDGE ( 'NONE', *, *, #460, .T. ) ;
#2112 = STYLED_ITEM ( 'NONE', ( #1974 ), #585 ) ;
#2113 = DIRECTION ( 'NONE',  ( -1.000000000000000000, -0.0000000000000000000, -0.0000000000000000000 ) ) ;
#2114 = LINE ( 'NONE', #338, #1346 ) ;
#2115 = ORIENTED_EDGE ( 'NONE', *, *, #80, .F. ) ;
#2116 = LINE ( 'NONE', #490, #1157 ) ;
#2117 = PLANE ( 'NONE',  #1510 ) ;
#2118 = CARTESIAN_POINT ( 'NONE',  ( 1.925000000000000000, -0.3111035375533938200, 3.500000000000000000 ) ) ;
#2119 = FILL_AREA_STYLE ('',( #611 ) ) ;
#2120 = AXIS2_PLACEMENT_3D ( 'NONE', #200, #11, #1361 ) ;
#2121 = DIRECTION ( 'NONE',  ( 0.0000000000000000000, 0.0000000000000000000, -1.000000000000000000 ) ) ;
#2122 = ADVANCED_FACE ( 'NONE', ( #873 ), #1892, .F. ) ;
#2123 = DIRECTION ( 'NONE',  ( 1.000000000000000000, 0.0000000000000000000, -0.0000000000000000000 ) ) ;
#2124 = CYLINDRICAL_SURFACE ( 'NONE', #665, 1.371020123596101700 ) ;
#2125 = ORIENTED_EDGE ( 'NONE', *, *, #1038, .T. ) ;
#2126 = CARTESIAN_POINT ( 'NONE',  ( 2.674999999999999800, 0.1600967748736932300, 2.501830713051848200 ) ) ;
#2127 = FILL_AREA_STYLE ('',( #1356 ) ) ;
#2128 = COLOUR_RGB ( '',1.000000000000000000, 1.000000000000000000, 1.000000000000000000 ) ;
#2129 = MECHANICAL_DESIGN_GEOMETRIC_PRESENTATION_REPRESENTATION (  '', ( #477 ), #694 ) ;
#2130 = LINE ( 'NONE', #2313, #1621 ) ;
#2131 = SURFACE_STYLE_USAGE ( .BOTH. , #218 ) ;
#2132 = FILL_AREA_STYLE_COLOUR ( '', #2253 ) ;
#2133 = MECHANICAL_DESIGN_GEOMETRIC_PRESENTATION_REPRESENTATION (  '', ( #2011 ), #2252 ) ;
#2134 = VECTOR ( 'NONE', #232, 1000.000000000000000 ) ;
#2135 = VERTEX_POINT ( 'NONE', #193 ) ;
#2136 = CARTESIAN_POINT ( 'NONE',  ( -1.925000000000000000, 0.7730739370050967500, 3.511109671260997300 ) ) ;
#2137 = PLANE ( 'NONE',  #309 ) ;
#2138 = SURFACE_STYLE_FILL_AREA ( #2325 ) ;
#2139 = ORIENTED_EDGE ( 'NONE', *, *, #2109, .T. ) ;
#2140 = PLANE ( 'NONE',  #1169 ) ;
#2141 = ORIENTED_EDGE ( 'NONE', *, *, #1629, .T. ) ;
#2142 = ORIENTED_EDGE ( 'NONE', *, *, #1111, .T. ) ;
#2143 = DIRECTION ( 'NONE',  ( 0.0000000000000000000, 0.1736481776669307200, 0.9848077530122080200 ) ) ;
#2144 = EDGE_CURVE ( 'NONE', #1262, #78, #1030, .T. ) ;
#2145 = VECTOR ( 'NONE', #1354, 1000.000000000000000 ) ;
#2146 = ORIENTED_EDGE ( 'NONE', *, *, #752, .F. ) ;
#2147 = ORIENTED_EDGE ( 'NONE', *, *, #491, .F. ) ;
#2148 = AXIS2_PLACEMENT_3D ( 'NONE', #1778, #429, #1024 ) ;
#2149 = COLOUR_RGB ( '',1.000000000000000000, 1.000000000000000000, 1.000000000000000000 ) ;
#2150 = SURFACE_SIDE_STYLE ('',( #969 ) ) ;
#2151 = FILL_AREA_STYLE ('',( #64 ) ) ;
#2152 = COLOUR_RGB ( '',1.000000000000000000, 1.000000000000000000, 1.000000000000000000 ) ;
#2153 = AXIS2_PLACEMENT_3D ( 'NONE', #39, #29, #2121 ) ;
#2154 = DIRECTION ( 'NONE',  ( -1.000000000000000000, -0.0000000000000000000, 0.0000000000000000000 ) ) ;
#2155 = LINE ( 'NONE', #629, #144 ) ;
#2156 = ORIENTED_EDGE ( 'NONE', *, *, #121, .F. ) ;
#2157 = CARTESIAN_POINT ( 'NONE',  ( -1.925000000000000000, -0.1124459071561911700, 2.891062001144981700 ) ) ;
#2158 = EDGE_CURVE ( 'NONE', #1089, #1721, #344, .T. ) ;
#2159 =( LENGTH_UNIT ( ) NAMED_UNIT ( * ) SI_UNIT ( .MILLI., .METRE. ) );
#2160 = DIRECTION ( 'NONE',  ( 0.0000000000000000000, -1.539506535789528200E-016, -1.000000000000000000 ) ) ;
#2161 = LINE ( 'NONE', #251, #812 ) ;
#2162 = EDGE_LOOP ( 'NONE', ( #1149, #1634, #1746, #941 ) ) ;
#2163 = CARTESIAN_POINT ( 'NONE',  ( 3.200997426886566200, -0.5601019736564557500, 1.700997426886564900 ) ) ;
#2164 = DIRECTION ( 'NONE',  ( -1.000000000000000000, -0.0000000000000000000, -0.0000000000000000000 ) ) ;
#2165 = PRESENTATION_LAYER_ASSIGNMENT (  '', '', ( #1277 ) ) ;
#2166 = CARTESIAN_POINT ( 'NONE',  ( -1.925000000000000000, -0.3111035375533938200, 3.500000000000000000 ) ) ;
#2167 = ORIENTED_EDGE ( 'NONE', *, *, #883, .T. ) ;
#2168 = CARTESIAN_POINT ( 'NONE',  ( 2.674999999999999800, -0.6000000000000003100, 3.474724834603180900 ) ) ;
#2169 = ORIENTED_EDGE ( 'NONE', *, *, #2362, .F. ) ;
#2170 = ORIENTED_EDGE ( 'NONE', *, *, #550, .F. ) ;
#2171 = CARTESIAN_POINT ( 'NONE',  ( -1.925000000000000000, 0.3029666598853873500, 1.696578803607081500 ) ) ;
#2172 = VECTOR ( 'NONE', #684, 1000.000000000000000 ) ;
#2173 = CARTESIAN_POINT ( 'NONE',  ( -2.674999999999999800, 0.7730739370050967500, 3.511109671260997300 ) ) ;
#2174 = VERTEX_POINT ( 'NONE', #2290 ) ;
#2175 = EDGE_CURVE ( 'NONE', #2283, #998, #816, .T. ) ;
#2176 = SURFACE_SIDE_STYLE ('',( #2263 ) ) ;
#2177 = SURFACE_STYLE_FILL_AREA ( #1572 ) ;
#2178 = DIRECTION ( 'NONE',  ( -1.000000000000000000, -0.0000000000000000000, -0.0000000000000000000 ) ) ;
#2179 =( LENGTH_UNIT ( ) NAMED_UNIT ( * ) SI_UNIT ( .MILLI., .METRE. ) );
#2180 = PRESENTATION_STYLE_ASSIGNMENT (( #1340 ) ) ;
#2181 = DIRECTION ( 'NONE',  ( -1.000000000000000000, -0.0000000000000000000, -0.0000000000000000000 ) ) ;
#2182 = LINE ( 'NONE', #2441, #1290 ) ;
#2183 = CARTESIAN_POINT ( 'NONE',  ( 3.059738115367462500, 1.079028767282709200, -1.559738115367462300 ) ) ;
#2184 = FACE_OUTER_BOUND ( 'NONE', #2444, .T. ) ;
#2185 = ORIENTED_EDGE ( 'NONE', *, *, #275, .F. ) ;
#2186 = CARTESIAN_POINT ( 'NONE',  ( 1.925000000000000000, -0.3038325786518236700, 3.416892559463820400 ) ) ;
#2187 = EDGE_CURVE ( 'NONE', #199, #395, #745, .T. ) ;
#2188 = ORIENTED_EDGE ( 'NONE', *, *, #224, .F. ) ;
#2189 = LINE ( 'NONE', #70, #284 ) ;
#2190 = MECHANICAL_DESIGN_GEOMETRIC_PRESENTATION_REPRESENTATION (  '', ( #2236 ), #357 ) ;
#2191 = LINE ( 'NONE', #403, #1991 ) ;
#2192 =( NAMED_UNIT ( * ) SI_UNIT ( $, .STERADIAN. ) SOLID_ANGLE_UNIT ( ) );
#2193 = ORIENTED_EDGE ( 'NONE', *, *, #1970, .T. ) ;
#2194 = DIRECTION ( 'NONE',  ( -0.0000000000000000000, 0.9961946980917461000, 0.08715574274765211500 ) ) ;
#2195 = ORIENTED_EDGE ( 'NONE', *, *, #372, .T. ) ;
#2196 = AXIS2_PLACEMENT_3D ( 'NONE', #1951, #1575, #221 ) ;
#2197 = DIRECTION ( 'NONE',  ( 0.0000000000000000000, 0.0000000000000000000, 1.000000000000000000 ) ) ;
#2198 = CIRCLE ( 'NONE', #1540, 0.5000000000000000000 ) ;
#2199 = CARTESIAN_POINT ( 'NONE',  ( -1.500000000000000000, -0.4999999999999994400, -2.067223637803944100 ) ) ;
#2200 = ORIENTED_EDGE ( 'NONE', *, *, #62, .F. ) ;
#2201 = ORIENTED_EDGE ( 'NONE', *, *, #1220, .F. ) ;
#2202 = EDGE_CURVE ( 'NONE', #696, #1067, #974, .T. ) ;
#2203 = ORIENTED_EDGE ( 'NONE', *, *, #3, .T. ) ;
#2204 = VECTOR ( 'NONE', #1823, 1000.000000000000200 ) ;
#2205 = CARTESIAN_POINT ( 'NONE',  ( 1.500000000000000000, -0.4999999999999994400, -2.067223637803944100 ) ) ;
#2206 = AXIS2_PLACEMENT_3D ( 'NONE', #2389, #1819, #702 ) ;
#2207 = DIRECTION ( 'NONE',  ( -1.000000000000000000, -0.0000000000000000000, -0.0000000000000000000 ) ) ;
#2208 = CARTESIAN_POINT ( 'NONE',  ( 2.674999999999999800, 0.3029666598853873500, 1.696578803607081500 ) ) ;
#2209 = DIRECTION ( 'NONE',  ( 0.0000000000000000000, 0.0000000000000000000, 1.000000000000000000 ) ) ;
#2210 = ORIENTED_EDGE ( 'NONE', *, *, #1705, .F. ) ;
#2211 = LINE ( 'NONE', #960, #2267 ) ;
#2212 = AXIS2_PLACEMENT_3D ( 'NONE', #1389, #668, #2348 ) ;
#2213 = EDGE_LOOP ( 'NONE', ( #849, #2337, #2013, #101 ) ) ;
#2214 = CARTESIAN_POINT ( 'NONE',  ( 0.3750000000000000000, -0.09042397785550258800, 2.354011855979464900 ) ) ;
#2215 = SURFACE_STYLE_USAGE ( .BOTH. , #508 ) ;
#2216 = PRODUCT_DEFINITION_FORMATION_WITH_SPECIFIED_SOURCE ( 'ANY', '', #1866, .NOT_KNOWN. ) ;
#2217 = EDGE_CURVE ( 'NONE', #1100, #1388, #561, .T. ) ;
#2218 = VECTOR ( 'NONE', #59, 1000.000000000000000 ) ;
#2219 = UNCERTAINTY_MEASURE_WITH_UNIT (LENGTH_MEASURE( 1.000000000000000100E-005 ), #1280, 'distance_accuracy_value', 'NONE');
#2220 = CARTESIAN_POINT ( 'NONE',  ( -1.925000000000000000, 0.7730739370050967500, 3.511109671260997300 ) ) ;
#2221 =( GEOMETRIC_REPRESENTATION_CONTEXT ( 3 ) GLOBAL_UNCERTAINTY_ASSIGNED_CONTEXT ( ( #1963 ) ) GLOBAL_UNIT_ASSIGNED_CONTEXT ( ( #1156, #2299, #579 ) ) REPRESENTATION_CONTEXT ( 'NONE', 'WORKASPACE' ) );
#2222 = CARTESIAN_POINT ( 'NONE',  ( -2.674999999999999800, 0.0000000000000000000, 1.750000000000000400 ) ) ;
#2223 = EDGE_LOOP ( 'NONE', ( #1369, #1500, #2147, #1736 ) ) ;
#2224 = ORIENTED_EDGE ( 'NONE', *, *, #257, .T. ) ;
#2225 = AXIS2_PLACEMENT_3D ( 'NONE', #153, #567, #786 ) ;
#2226 = DIRECTION ( 'NONE',  ( -0.0000000000000000000, 1.539506535789528400E-016, 1.000000000000000000 ) ) ;
#2227 = CARTESIAN_POINT ( 'NONE',  ( -2.674999999999999800, -0.1124459071561911700, 2.891062001144981700 ) ) ;
#2228 = ORIENTED_EDGE ( 'NONE', *, *, #2158, .T. ) ;
#2229 = CARTESIAN_POINT ( 'NONE',  ( 1.925000000000000000, -0.3038325786518236700, 3.416892559463820400 ) ) ;
#2230 = LINE ( 'NONE', #50, #397 ) ;
#2231 = COLOUR_RGB ( '',1.000000000000000000, 1.000000000000000000, 1.000000000000000000 ) ;
#2232 = EDGE_CURVE ( 'NONE', #1462, #1437, #475, .T. ) ;
#2233 = FACE_OUTER_BOUND ( 'NONE', #231, .T. ) ;
#2234 = DIRECTION ( 'NONE',  ( -1.000000000000000000, -0.0000000000000000000, 0.0000000000000000000 ) ) ;
#2235 = LINE ( 'NONE', #1109, #2439 ) ;
#2236 = STYLED_ITEM ( 'NONE', ( #1944 ), #601 ) ;
#2237 = CARTESIAN_POINT ( 'NONE',  ( 0.3750000000000000000, 0.3029666598853873500, 1.696578803607081500 ) ) ;
#2238 = FILL_AREA_STYLE_COLOUR ( '', #794 ) ;
#2239 = CARTESIAN_POINT ( 'NONE',  ( -3.249999999999999100, 0.0000000000000000000, -1.749999999999999600 ) ) ;
#2240 = LINE ( 'NONE', #2025, #1323 ) ;
#2241 = PLANE ( 'NONE',  #602 ) ;
#2242 = CARTESIAN_POINT ( 'NONE',  ( -1.925000000000000000, 0.3029666598853874000, 2.048705328334524900 ) ) ;
#2243 = ORIENTED_EDGE ( 'NONE', *, *, #121, .T. ) ;
#2244 = CARTESIAN_POINT ( 'NONE',  ( 3.250000000000000900, 0.0000000000000000000, -1.749999999999999600 ) ) ;
#2245 = VECTOR ( 'NONE', #1136, 1000.000000000000000 ) ;
#2246 = EDGE_LOOP ( 'NONE', ( #982, #1061, #636, #723 ) ) ;
#2247 = STYLED_ITEM ( 'NONE', ( #1229 ), #245 ) ;
#2248 = CARTESIAN_POINT ( 'NONE',  ( 2.674999999999999800, -0.3111035375533938200, 3.500000000000000000 ) ) ;
#2249 = VERTEX_POINT ( 'NONE', #51 ) ;
#2250 = CARTESIAN_POINT ( 'NONE',  ( -1.925000000000000000, -0.1124459071561911700, 2.891062001144981700 ) ) ;
#2251 = ORIENTED_EDGE ( 'NONE', *, *, #788, .F. ) ;
#2252 =( GEOMETRIC_REPRESENTATION_CONTEXT ( 3 ) GLOBAL_UNCERTAINTY_ASSIGNED_CONTEXT ( ( #2353 ) ) GLOBAL_UNIT_ASSIGNED_CONTEXT ( ( #1919, #411, #1929 ) ) REPRESENTATION_CONTEXT ( 'NONE', 'WORKASPACE' ) );
#2253 = COLOUR_RGB ( '',1.000000000000000000, 1.000000000000000000, 1.000000000000000000 ) ;
#2254 = ADVANCED_FACE ( 'NONE', ( #1456 ), #24, .F. ) ;
#2255 = FILL_AREA_STYLE_COLOUR ( '', #402 ) ;
#2256 = ORIENTED_EDGE ( 'NONE', *, *, #372, .F. ) ;
#2257 = DIRECTION ( 'NONE',  ( -1.000000000000000000, -0.0000000000000000000, -0.0000000000000000000 ) ) ;
#2258 = ORIENTED_EDGE ( 'NONE', *, *, #1554, .T. ) ;
#2259 = DIRECTION ( 'NONE',  ( 0.0000000000000000000, 0.0000000000000000000, 1.000000000000000000 ) ) ;
#2260 = COLOUR_RGB ( '',1.000000000000000000, 1.000000000000000000, 1.000000000000000000 ) ;
#2261 = DIRECTION ( 'NONE',  ( 0.0000000000000000000, 0.0000000000000000000, -1.000000000000000000 ) ) ;
#2262 = DIRECTION ( 'NONE',  ( -1.000000000000000000, -0.0000000000000000000, -0.0000000000000000000 ) ) ;
#2263 = SURFACE_STYLE_FILL_AREA ( #1799 ) ;
#2264 = EDGE_CURVE ( 'NONE', #666, #1625, #1180, .T. ) ;
#2265 = ADVANCED_FACE ( 'NONE', ( #154 ), #1758, .F. ) ;
#2266 = SURFACE_SIDE_STYLE ('',( #1152 ) ) ;
#2267 = VECTOR ( 'NONE', #1306, 1000.000000000000000 ) ;
#2268 = ADVANCED_FACE ( 'NONE', ( #1366 ), #992, .T. ) ;
#2269 = STYLED_ITEM ( 'NONE', ( #552 ), #802 ) ;
#2270 = CARTESIAN_POINT ( 'NONE',  ( 1.500000000000000000, 0.7730739370050976300, -3.511109671260997300 ) ) ;
#2271 = CARTESIAN_POINT ( 'NONE',  ( -1.925000000000000000, 0.0000000000000000000, 1.750000000000000400 ) ) ;
#2272 = UNCERTAINTY_MEASURE_WITH_UNIT (LENGTH_MEASURE( 1.000000000000000100E-005 ), #1553, 'distance_accuracy_value', 'NONE');
#2273 = ORIENTED_EDGE ( 'NONE', *, *, #2451, .F. ) ;
#2274 = CARTESIAN_POINT ( 'NONE',  ( 1.925000000000000000, -0.5927290410984301600, 3.391617394067000500 ) ) ;
#2275 =( LENGTH_UNIT ( ) NAMED_UNIT ( * ) SI_UNIT ( .MILLI., .METRE. ) );
#2276 =( GEOMETRIC_REPRESENTATION_CONTEXT ( 3 ) GLOBAL_UNCERTAINTY_ASSIGNED_CONTEXT ( ( #999 ) ) GLOBAL_UNIT_ASSIGNED_CONTEXT ( ( #2159, #1016, #971 ) ) REPRESENTATION_CONTEXT ( 'NONE', 'WORKASPACE' ) );
#2277 = SURFACE_STYLE_USAGE ( .BOTH. , #772 ) ;
#2278 = ORIENTED_EDGE ( 'NONE', *, *, #844, .F. ) ;
#2279 = CARTESIAN_POINT ( 'NONE',  ( -0.3750000000000000000, -0.5000000000000000000, 2.067223637803944100 ) ) ;
#2280 = CARTESIAN_POINT ( 'NONE',  ( -3.249999999999999100, 1.200000000000000000, -1.538407623149841100 ) ) ;
#2281 = EDGE_CURVE ( 'NONE', #597, #826, #596, .T. ) ;
#2282 = ADVANCED_FACE ( 'NONE', ( #1081 ), #2117, .F. ) ;
#2283 = VERTEX_POINT ( 'NONE', #609 ) ;
#2284 =( LENGTH_UNIT ( ) NAMED_UNIT ( * ) SI_UNIT ( .MILLI., .METRE. ) );
#2285 = ORIENTED_EDGE ( 'NONE', *, *, #1903, .F. ) ;
#2286 = CARTESIAN_POINT ( 'NONE',  ( -0.3750000000000000000, -0.3500000000000002600, 2.724724834603180500 ) ) ;
#2287 = LINE ( 'NONE', #2402, #789 ) ;
#2288 = VECTOR ( 'NONE', #1232, 999.9999999999998900 ) ;
#2289 = EDGE_LOOP ( 'NONE', ( #1837, #1207, #2453, #853 ) ) ;
#2290 = CARTESIAN_POINT ( 'NONE',  ( 0.3750000000000000000, -0.09042397785550247700, 2.354011855979464900 ) ) ;
#2291 = DIRECTION ( 'NONE',  ( -0.0000000000000000000, 0.9961946980917461000, -0.08715574274765176800 ) ) ;
#2292 = VECTOR ( 'NONE', #1090, 1000.000000000000000 ) ;
#2293 = MECHANICAL_DESIGN_GEOMETRIC_PRESENTATION_REPRESENTATION (  '', ( #1277 ), #470 ) ;
#2294 = FACE_OUTER_BOUND ( 'NONE', #2399, .T. ) ;
#2295 = CIRCLE ( 'NONE', #1072, 1.081020123596101400 ) ;
#2296 = DIRECTION ( 'NONE',  ( 0.0000000000000000000, 0.1736481776669307200, -0.9848077530122080200 ) ) ;
#2297 =( NAMED_UNIT ( * ) PLANE_ANGLE_UNIT ( ) SI_UNIT ( $, .RADIAN. ) );
#2298 = DIRECTION ( 'NONE',  ( -0.0000000000000000000, 0.9848077530122079100, -0.1736481776669309700 ) ) ;
#2299 =( NAMED_UNIT ( * ) PLANE_ANGLE_UNIT ( ) SI_UNIT ( $, .RADIAN. ) );
#2300 = EDGE_CURVE ( 'NONE', #896, #1100, #2307, .T. ) ;
#2301 = FILL_AREA_STYLE ('',( #819 ) ) ;
#2302 = CARTESIAN_POINT ( 'NONE',  ( -2.674999999999999800, 0.3029666598853874000, 2.048705328334524900 ) ) ;
#2303 =( GEOMETRIC_REPRESENTATION_CONTEXT ( 3 ) GLOBAL_UNCERTAINTY_ASSIGNED_CONTEXT ( ( #1519 ) ) GLOBAL_UNIT_ASSIGNED_CONTEXT ( ( #1528, #393, #2110 ) ) REPRESENTATION_CONTEXT ( 'NONE', 'WORKASPACE' ) );
#2304 = DIRECTION ( 'NONE',  ( 0.0000000000000000000, -0.9848077530122079100, 0.1736481776669309700 ) ) ;
#2305 = ADVANCED_FACE ( 'NONE', ( #1713 ), #1936, .F. ) ;
#2306 = CARTESIAN_POINT ( 'NONE',  ( -2.674999999999999800, -0.5000000000000000000, 2.067223637803944100 ) ) ;
#2307 = CIRCLE ( 'NONE', #497, 1.371020123596101700 ) ;
#2308 = PLANE ( 'NONE',  #2153 ) ;
#2309 =( NAMED_UNIT ( * ) SI_UNIT ( $, .STERADIAN. ) SOLID_ANGLE_UNIT ( ) );
#2310 = FACE_OUTER_BOUND ( 'NONE', #1801, .T. ) ;
#2311 = ORIENTED_EDGE ( 'NONE', *, *, #803, .F. ) ;
#2312 = FILL_AREA_STYLE_COLOUR ( '', #445 ) ;
#2313 = CARTESIAN_POINT ( 'NONE',  ( 0.3750000000000000000, -0.1124459071561911700, 2.891062001144981700 ) ) ;
#2314 = ORIENTED_EDGE ( 'NONE', *, *, #1476, .F. ) ;
#2315 = ORIENTED_EDGE ( 'NONE', *, *, #708, .F. ) ;
#2316 = EDGE_CURVE ( 'NONE', #161, #696, #1246, .T. ) ;
#2317 = CARTESIAN_POINT ( 'NONE',  ( -3.249999999999999100, 0.0000000000000000000, -1.749999999999999600 ) ) ;
#2318 = VECTOR ( 'NONE', #1733, 999.9999999999998900 ) ;
#2319 = ORIENTED_EDGE ( 'NONE', *, *, #62, .T. ) ;
#2320 = AXIS2_PLACEMENT_3D ( 'NONE', #471, #1601, #2197 ) ;
#2321 = DIRECTION ( 'NONE',  ( 0.0000000000000000000, -0.9848077530122080200, 0.1736481776669307200 ) ) ;
#2322 = ORIENTED_EDGE ( 'NONE', *, *, #2232, .T. ) ;
#2323 = ORIENTED_EDGE ( 'NONE', *, *, #1666, .T. ) ;
#2324 = VERTEX_POINT ( 'NONE', #461 ) ;
#2325 = FILL_AREA_STYLE ('',( #2312 ) ) ;
#2326 = CARTESIAN_POINT ( 'NONE',  ( 1.500000000000000000, 5.063237622316694800E-016, -2.067223637803944100 ) ) ;
#2327 = AXIS2_PLACEMENT_3D ( 'NONE', #2069, #587, #2261 ) ;
#2328 = LINE ( 'NONE', #2092, #1880 ) ;
#2329 = LINE ( 'NONE', #2045, #2386 ) ;
#2330 = ADVANCED_BREP_SHAPE_REPRESENTATION ( 'LM1117MP-3.3', ( #1210, #60, #245, #1394, #1314, #1110 ), #2276 ) ;
#2331 = CARTESIAN_POINT ( 'NONE',  ( -2.674999999999999800, -0.3111035375533938200, 3.500000000000000000 ) ) ;
#2332 = CARTESIAN_POINT ( 'NONE',  ( 1.500000000000000000, 0.0000000000000000000, -1.749999999999999600 ) ) ;
#2333 = EDGE_CURVE ( 'NONE', #1063, #1368, #1860, .T. ) ;
#2334 = PRESENTATION_STYLE_ASSIGNMENT (( #1647 ) ) ;
#2335 = DIRECTION ( 'NONE',  ( 0.0000000000000000000, 0.0000000000000000000, 1.000000000000000000 ) ) ;
#2336 = LINE ( 'NONE', #2326, #1825 ) ;
#2337 = ORIENTED_EDGE ( 'NONE', *, *, #2333, .F. ) ;
#2338 = EDGE_CURVE ( 'NONE', #2283, #1374, #718, .T. ) ;
#2339 = DIRECTION ( 'NONE',  ( 1.000000000000000000, 0.0000000000000000000, 0.0000000000000000000 ) ) ;
#2340 = DIRECTION ( 'NONE',  ( -0.0000000000000000000, 0.5735764363510417200, -0.8191520442889948000 ) ) ;
#2341 = DIRECTION ( 'NONE',  ( -1.000000000000000000, -0.0000000000000000000, 0.0000000000000000000 ) ) ;
#2342 = MECHANICAL_DESIGN_GEOMETRIC_PRESENTATION_REPRESENTATION (  '', ( #1359 ), #252 ) ;
#2343 = DIRECTION ( 'NONE',  ( -1.000000000000000000, -0.0000000000000000000, -0.0000000000000000000 ) ) ;
#2344 = CARTESIAN_POINT ( 'NONE',  ( -3.206255668237036400, -0.5000000000000000000, 7.945667110963560400E-016 ) ) ;
#2345 = VECTOR ( 'NONE', #811, 1000.000000000000000 ) ;
#2346 = VERTEX_POINT ( 'NONE', #267 ) ;
#2347 = ORIENTED_EDGE ( 'NONE', *, *, #1401, .T. ) ;
#2348 = DIRECTION ( 'NONE',  ( 0.0000000000000000000, -0.9961946980917461000, 0.08715574274765176800 ) ) ;
#2349 = DIRECTION ( 'NONE',  ( 1.000000000000000000, 0.0000000000000000000, -0.0000000000000000000 ) ) ;
#2350 = CARTESIAN_POINT ( 'NONE',  ( 0.3750000000000000000, 0.7730739370050967500, 3.511109671260997300 ) ) ;
#2351 = EDGE_CURVE ( 'NONE', #395, #851, #1596, .T. ) ;
#2352 = DIRECTION ( 'NONE',  ( 0.0000000000000000000, -1.000000000000000000, -3.079013071579060300E-016 ) ) ;
#2353 = UNCERTAINTY_MEASURE_WITH_UNIT (LENGTH_MEASURE( 1.000000000000000100E-005 ), #1919, 'distance_accuracy_value', 'NONE');
#2354 = STYLED_ITEM ( 'NONE', ( #35 ), #1210 ) ;
#2355 = SURFACE_SIDE_STYLE ('',( #989 ) ) ;
#2356 = LINE ( 'NONE', #1773, #425 ) ;
#2357 = PLANE ( 'NONE',  #1775 ) ;
#2358 = DIRECTION ( 'NONE',  ( 0.0000000000000000000, 0.8191520442889948000, -0.5735764363510418300 ) ) ;
#2359 = SURFACE_STYLE_USAGE ( .BOTH. , #835 ) ;
#2360 = CARTESIAN_POINT ( 'NONE',  ( -1.500000000000000000, 0.7730739370050976300, -3.511109671260997300 ) ) ;
#2361 = DIRECTION ( 'NONE',  ( -1.000000000000000000, -0.0000000000000000000, -0.0000000000000000000 ) ) ;
#2362 = EDGE_CURVE ( 'NONE', #1804, #419, #2067, .T. ) ;
#2363 = FACE_OUTER_BOUND ( 'NONE', #321, .T. ) ;
#2364 = CARTESIAN_POINT ( 'NONE',  ( -1.500000000000000000, 0.1600967748736938600, -2.501830713051848200 ) ) ;
#2365 = DIRECTION ( 'NONE',  ( -0.9961946980917455500, -0.08715574274765836000, 2.468746184890540900E-016 ) ) ;
#2366 = DIRECTION ( 'NONE',  ( 0.0000000000000000000, 0.08715574274765176800, -0.9961946980917461000 ) ) ;
#2367 = PRESENTATION_LAYER_ASSIGNMENT (  '', '', ( #1385 ) ) ;
#2368 = ORIENTED_EDGE ( 'NONE', *, *, #662, .F. ) ;
#2369 = CARTESIAN_POINT ( 'NONE',  ( -1.925000000000000000, 0.0000000000000000000, 1.750000000000000400 ) ) ;
#2370 =( NAMED_UNIT ( * ) SI_UNIT ( $, .STERADIAN. ) SOLID_ANGLE_UNIT ( ) );
#2371 = SURFACE_SIDE_STYLE ('',( #1577 ) ) ;
#2372 = AXIS2_PLACEMENT_3D ( 'NONE', #1170, #2123, #1927 ) ;
#2373 = ORIENTED_EDGE ( 'NONE', *, *, #183, .T. ) ;
#2374 = DIRECTION ( 'NONE',  ( -1.000000000000000000, -0.0000000000000000000, -0.0000000000000000000 ) ) ;
#2375 = LINE ( 'NONE', #84, #1218 ) ;
#2376 = ORIENTED_EDGE ( 'NONE', *, *, #1397, .F. ) ;
#2377 = DIRECTION ( 'NONE',  ( 1.000000000000000000, 0.0000000000000000000, 0.0000000000000000000 ) ) ;
#2378 = LINE ( 'NONE', #2332, #2318 ) ;
#2379 = ORIENTED_EDGE ( 'NONE', *, *, #203, .T. ) ;
#2380 = SURFACE_STYLE_FILL_AREA ( #1084 ) ;
#2381 = ORIENTED_EDGE ( 'NONE', *, *, #1205, .F. ) ;
#2382 = AXIS2_PLACEMENT_3D ( 'NONE', #233, #2343, #1582 ) ;
#2383 = COLOUR_RGB ( '',1.000000000000000000, 1.000000000000000000, 1.000000000000000000 ) ;
#2384 = MECHANICAL_DESIGN_GEOMETRIC_PRESENTATION_REPRESENTATION (  '', ( #2100 ), #2221 ) ;
#2385 = CARTESIAN_POINT ( 'NONE',  ( 2.674999999999999800, -0.5927290410984301600, 3.391617394067000900 ) ) ;
#2386 = VECTOR ( 'NONE', #327, 1000.000000000000000 ) ;
#2387 = VECTOR ( 'NONE', #2072, 1000.000000000000100 ) ;
#2388 = DIRECTION ( 'NONE',  ( -0.0000000000000000000, 0.08715574274765210100, -0.9961946980917459900 ) ) ;
#2389 = CARTESIAN_POINT ( 'NONE',  ( 2.674999999999999800, -0.5000000000000000000, 2.067223637803944100 ) ) ;
#2390 =( NAMED_UNIT ( * ) SI_UNIT ( $, .STERADIAN. ) SOLID_ANGLE_UNIT ( ) );
#2391 = FACE_OUTER_BOUND ( 'NONE', #97, .T. ) ;
#2392 = CIRCLE ( 'NONE', #447, 0.7900000000000001500 ) ;
#2393 = EDGE_CURVE ( 'NONE', #756, #851, #1297, .T. ) ;
#2394 = EDGE_LOOP ( 'NONE', ( #2224, #1347, #2200, #449 ) ) ;
#2395 = ORIENTED_EDGE ( 'NONE', *, *, #2217, .T. ) ;
#2396 = DIRECTION ( 'NONE',  ( 0.0000000000000000000, -0.9961946980917461000, -0.08715574274765176800 ) ) ;
#2397 = VECTOR ( 'NONE', #1293, 1000.000000000000000 ) ;
#2398 = VERTEX_POINT ( 'NONE', #1765 ) ;
#2399 = EDGE_LOOP ( 'NONE', ( #14, #1633, #2139, #2373 ) ) ;
#2400 = ORIENTED_EDGE ( 'NONE', *, *, #1652, .F. ) ;
#2401 = DIRECTION ( 'NONE',  ( -1.000000000000000000, -0.0000000000000000000, -0.0000000000000000000 ) ) ;
#2402 = CARTESIAN_POINT ( 'NONE',  ( 1.925000000000000000, 0.3029666598853874000, 2.048705328334524900 ) ) ;
#2403 = SURFACE_STYLE_USAGE ( .BOTH. , #1658 ) ;
#2404 = ORIENTED_EDGE ( 'NONE', *, *, #413, .F. ) ;
#2405 = EDGE_CURVE ( 'NONE', #1649, #202, #2189, .T. ) ;
#2406 = VECTOR ( 'NONE', #2057, 1000.000000000000000 ) ;
#2407 = ORIENTED_EDGE ( 'NONE', *, *, #1764, .T. ) ;
#2408 = ORIENTED_EDGE ( 'NONE', *, *, #2158, .F. ) ;
#2409 = EDGE_CURVE ( 'NONE', #2037, #494, #72, .T. ) ;
#2410 = CARTESIAN_POINT ( 'NONE',  ( -0.3750000000000000000, -0.5927290410984301600, 3.391617394067000500 ) ) ;
#2411 = DIRECTION ( 'NONE',  ( -1.000000000000000000, -0.0000000000000000000, -0.0000000000000000000 ) ) ;
#2412 = SURFACE_STYLE_FILL_AREA ( #217 ) ;
#2413 = AXIS2_PLACEMENT_3D ( 'NONE', #2041, #2234, #1247 ) ;
#2414 = SURFACE_STYLE_FILL_AREA ( #1834 ) ;
#2415 = LINE ( 'NONE', #1204, #919 ) ;
#2416 = CARTESIAN_POINT ( 'NONE',  ( 1.925000000000000000, -0.5927290410984301600, 3.391617394067000900 ) ) ;
#2417 = SURFACE_SIDE_STYLE ('',( #1982 ) ) ;
#2418 = EDGE_CURVE ( 'NONE', #2324, #161, #2161, .T. ) ;
#2419 = DIRECTION ( 'NONE',  ( 0.0000000000000000000, -0.8191520442889944600, -0.5735764363510423800 ) ) ;
#2420 = SURFACE_STYLE_USAGE ( .BOTH. , #715 ) ;
#2421 = STYLED_ITEM ( 'NONE', ( #262 ), #1308 ) ;
#2422 = LINE ( 'NONE', #1855, #1567 ) ;
#2423 = ORIENTED_EDGE ( 'NONE', *, *, #768, .T. ) ;
#2424 = CARTESIAN_POINT ( 'NONE',  ( 0.3750000000000000000, 0.1600967748736932300, 2.501830713051848200 ) ) ;
#2425 = ORIENTED_EDGE ( 'NONE', *, *, #1816, .T. ) ;
#2426 = COLOUR_RGB ( '',1.000000000000000000, 1.000000000000000000, 1.000000000000000000 ) ;
#2427 = ORIENTED_EDGE ( 'NONE', *, *, #962, .T. ) ;
#2428 = CARTESIAN_POINT ( 'NONE',  ( -0.3750000000000000000, -0.3038325786518236700, 3.416892559463820400 ) ) ;
#2429 = DIRECTION ( 'NONE',  ( -0.0000000000000000000, 0.08715574274765210100, -0.9961946980917459900 ) ) ;
#2430 = FACE_OUTER_BOUND ( 'NONE', #670, .T. ) ;
#2431 = CARTESIAN_POINT ( 'NONE',  ( 0.3750000000000000000, 0.3029666598853874000, 2.048705328334524900 ) ) ;
#2432 = CLOSED_SHELL ( 'NONE', ( #614, #1692, #375, #1673, #2254, #1937, #2099, #972, #1355, #1915 ) ) ;
#2433 = DIRECTION ( 'NONE',  ( -0.08682659386424782000, 0.9924325091389669700, -0.08682659386424779200 ) ) ;
#2434 = VECTOR ( 'NONE', #1756, 1000.000000000000000 ) ;
#2435 = EDGE_CURVE ( 'NONE', #1067, #201, #1026, .T. ) ;
#2436 = PRESENTATION_STYLE_ASSIGNMENT (( #350 ) ) ;
#2437 = ADVANCED_FACE ( 'NONE', ( #1176 ), #2308, .F. ) ;
#2438 = DIRECTION ( 'NONE',  ( 0.0000000000000000000, 0.0000000000000000000, -1.000000000000000000 ) ) ;
#2439 = VECTOR ( 'NONE', #1093, 1000.000000000000100 ) ;
#2440 =( GEOMETRIC_REPRESENTATION_CONTEXT ( 3 ) GLOBAL_UNCERTAINTY_ASSIGNED_CONTEXT ( ( #950 ) ) GLOBAL_UNIT_ASSIGNED_CONTEXT ( ( #1631, #485, #2390 ) ) REPRESENTATION_CONTEXT ( 'NONE', 'WORKASPACE' ) );
#2441 = CARTESIAN_POINT ( 'NONE',  ( -1.925000000000000000, -0.09042397785550258800, 2.354011855979464900 ) ) ;
#2442 = PLANE ( 'NONE',  #1490 ) ;
#2443 = AXIS2_PLACEMENT_3D ( 'NONE', #1644, #733, #2061 ) ;
#2444 = EDGE_LOOP ( 'NONE', ( #1513, #1626, #967, #2228 ) ) ;
#2445 = FILL_AREA_STYLE_COLOUR ( '', #1065 ) ;
#2446 = CARTESIAN_POINT ( 'NONE',  ( -1.925000000000000000, -0.5000000000000000000, 2.067223637803944100 ) ) ;
#2447 = DIRECTION ( 'NONE',  ( -1.000000000000000000, -0.0000000000000000000, -0.0000000000000000000 ) ) ;
#2448 = UNCERTAINTY_MEASURE_WITH_UNIT (LENGTH_MEASURE( 1.000000000000000100E-005 ), #2275, 'distance_accuracy_value', 'NONE');
#2449 = DIRECTION ( 'NONE',  ( 0.0000000000000000000, 0.9848077530122088000, 0.1736481776669266700 ) ) ;
#2450 = ADVANCED_FACE ( 'NONE', ( #1480 ), #1391, .F. ) ;
#2451 = EDGE_CURVE ( 'NONE', #120, #1343, #1986, .T. ) ;
#2452 = VECTOR ( 'NONE', #171, 1000.000000000000000 ) ;
#2453 = ORIENTED_EDGE ( 'NONE', *, *, #913, .F. ) ;
#2454 = PRESENTATION_LAYER_ASSIGNMENT (  '', '', ( #109 ) ) ;
#2455 = ORIENTED_EDGE ( 'NONE', *, *, #324, .T. ) ;
#2456 = CARTESIAN_POINT ( 'NONE',  ( -0.3750000000000000000, -0.09042397785550258800, 2.354011855979464900 ) ) ;
#2457 = CARTESIAN_POINT ( 'NONE',  ( 1.925000000000000000, 0.1600967748736932300, 2.501830713051848200 ) ) ;
#2458 = ORIENTED_EDGE ( 'NONE', *, *, #1722, .T. ) ;
#2459 = ORIENTED_EDGE ( 'NONE', *, *, #1068, .F. ) ;
#2460 = PRESENTATION_STYLE_ASSIGNMENT (( #583 ) ) ;
#2461 = ORIENTED_EDGE ( 'NONE', *, *, #2040, .T. ) ;
#2462 =( NAMED_UNIT ( * ) SI_UNIT ( $, .STERADIAN. ) SOLID_ANGLE_UNIT ( ) );
#2463 = VECTOR ( 'NONE', #691, 1000.000000000000100 ) ;
#2464 = VERTEX_POINT ( 'NONE', #622 ) ;
#2465 = DIRECTION ( 'NONE',  ( -1.000000000000000000, -0.0000000000000000000, 0.0000000000000000000 ) ) ;
#2466 = VECTOR ( 'NONE', #1548, 1000.000000000000100 ) ;
ENDSEC;
END-ISO-10303-21;
