ISO-10303-21;
HEADER;
/* Generated by software containing ST-Developer
 * from STEP Tools, Inc. (www.steptools.com) 
 */

FILE_DESCRIPTION(
/* description */ (''),
/* implementation_level */ '2;1');

FILE_NAME(
/* name */ 
'Y:\\Drawings, 3D Files\\CIT\\Relays\\L114FL Series\\L114FL1A.stp',
/* time_stamp */ '2022-05-23T11:31:57-05:00',
/* author */ ('cnher'),
/* organization */ (''),
/* preprocessor_version */ 'ST-DEVELOPER v19',
/* originating_system */ 'Autodesk Inventor 2023',
/* authorisation */ '');

FILE_SCHEMA (('AUTOMOTIVE_DESIGN { 1 0 10303 214 3 1 1 }'));
ENDSEC;

DATA;
#10=MECHANICAL_DESIGN_GEOMETRIC_PRESENTATION_REPRESENTATION('',(#89,#90,
#91,#92,#93,#94,#95),#3458);
#11=ITEM_DEFINED_TRANSFORMATION($,$,#2167,#2311);
#12=ITEM_DEFINED_TRANSFORMATION($,$,#2236,#2312);
#13=ITEM_DEFINED_TRANSFORMATION($,$,#2295,#2313);
#14=ITEM_DEFINED_TRANSFORMATION($,$,#2295,#2314);
#15=ITEM_DEFINED_TRANSFORMATION($,$,#2295,#2315);
#16=ITEM_DEFINED_TRANSFORMATION($,$,#2302,#2316);
#17=ITEM_DEFINED_TRANSFORMATION($,$,#2302,#2317);
#18=ITEM_DEFINED_TRANSFORMATION($,$,#2302,#2318);
#19=ITEM_DEFINED_TRANSFORMATION($,$,#2302,#2319);
#20=(
REPRESENTATION_RELATIONSHIP($,$,#3483,#3482)
REPRESENTATION_RELATIONSHIP_WITH_TRANSFORMATION(#11)
SHAPE_REPRESENTATION_RELATIONSHIP()
);
#21=(
REPRESENTATION_RELATIONSHIP($,$,#3484,#3482)
REPRESENTATION_RELATIONSHIP_WITH_TRANSFORMATION(#12)
SHAPE_REPRESENTATION_RELATIONSHIP()
);
#22=(
REPRESENTATION_RELATIONSHIP($,$,#3485,#3482)
REPRESENTATION_RELATIONSHIP_WITH_TRANSFORMATION(#13)
SHAPE_REPRESENTATION_RELATIONSHIP()
);
#23=(
REPRESENTATION_RELATIONSHIP($,$,#3485,#3482)
REPRESENTATION_RELATIONSHIP_WITH_TRANSFORMATION(#14)
SHAPE_REPRESENTATION_RELATIONSHIP()
);
#24=(
REPRESENTATION_RELATIONSHIP($,$,#3485,#3482)
REPRESENTATION_RELATIONSHIP_WITH_TRANSFORMATION(#15)
SHAPE_REPRESENTATION_RELATIONSHIP()
);
#25=(
REPRESENTATION_RELATIONSHIP($,$,#3486,#3482)
REPRESENTATION_RELATIONSHIP_WITH_TRANSFORMATION(#16)
SHAPE_REPRESENTATION_RELATIONSHIP()
);
#26=(
REPRESENTATION_RELATIONSHIP($,$,#3486,#3482)
REPRESENTATION_RELATIONSHIP_WITH_TRANSFORMATION(#17)
SHAPE_REPRESENTATION_RELATIONSHIP()
);
#27=(
REPRESENTATION_RELATIONSHIP($,$,#3486,#3482)
REPRESENTATION_RELATIONSHIP_WITH_TRANSFORMATION(#18)
SHAPE_REPRESENTATION_RELATIONSHIP()
);
#28=(
REPRESENTATION_RELATIONSHIP($,$,#3486,#3482)
REPRESENTATION_RELATIONSHIP_WITH_TRANSFORMATION(#19)
SHAPE_REPRESENTATION_RELATIONSHIP()
);
#29=CONTEXT_DEPENDENT_SHAPE_REPRESENTATION(#20,#3473);
#30=CONTEXT_DEPENDENT_SHAPE_REPRESENTATION(#21,#3474);
#31=CONTEXT_DEPENDENT_SHAPE_REPRESENTATION(#22,#3475);
#32=CONTEXT_DEPENDENT_SHAPE_REPRESENTATION(#23,#3476);
#33=CONTEXT_DEPENDENT_SHAPE_REPRESENTATION(#24,#3477);
#34=CONTEXT_DEPENDENT_SHAPE_REPRESENTATION(#25,#3478);
#35=CONTEXT_DEPENDENT_SHAPE_REPRESENTATION(#26,#3479);
#36=CONTEXT_DEPENDENT_SHAPE_REPRESENTATION(#27,#3480);
#37=CONTEXT_DEPENDENT_SHAPE_REPRESENTATION(#28,#3481);
#38=NEXT_ASSEMBLY_USAGE_OCCURRENCE('L114FL1_Base:1','L114FL1_Base:1',
'L114FL1_Base:1',#3488,#3489,'L114FL1_Base:1');
#39=NEXT_ASSEMBLY_USAGE_OCCURRENCE('L114FL1_Cover:1','L114FL1_Cover:1',
'L114FL1_Cover:1',#3488,#3490,'L114FL1_Cover:1');
#40=NEXT_ASSEMBLY_USAGE_OCCURRENCE('L114FL1_SQ Terminal:1',
'L114FL1_SQ Terminal:1','L114FL1_SQ Terminal:1',#3488,#3491,
'L114FL1_SQ Terminal:1');
#41=NEXT_ASSEMBLY_USAGE_OCCURRENCE('L114FL1_SQ Terminal:2',
'L114FL1_SQ Terminal:2','L114FL1_SQ Terminal:2',#3488,#3491,
'L114FL1_SQ Terminal:2');
#42=NEXT_ASSEMBLY_USAGE_OCCURRENCE('L114FL1_SQ Terminal:3',
'L114FL1_SQ Terminal:3','L114FL1_SQ Terminal:3',#3488,#3491,
'L114FL1_SQ Terminal:3');
#43=NEXT_ASSEMBLY_USAGE_OCCURRENCE('L114FL1_RECT Terminal:2',
'L114FL1_RECT Terminal:2','L114FL1_RECT Terminal:2',#3488,#3492,
'L114FL1_RECT Terminal:2');
#44=NEXT_ASSEMBLY_USAGE_OCCURRENCE('L114FL1_RECT Terminal:3',
'L114FL1_RECT Terminal:3','L114FL1_RECT Terminal:3',#3488,#3492,
'L114FL1_RECT Terminal:3');
#45=NEXT_ASSEMBLY_USAGE_OCCURRENCE('L114FL1_RECT Terminal:4',
'L114FL1_RECT Terminal:4','L114FL1_RECT Terminal:4',#3488,#3492,
'L114FL1_RECT Terminal:4');
#46=NEXT_ASSEMBLY_USAGE_OCCURRENCE('L114FL1_RECT Terminal:5',
'L114FL1_RECT Terminal:5','L114FL1_RECT Terminal:5',#3488,#3492,
'L114FL1_RECT Terminal:5');
#47=CYLINDRICAL_SURFACE('',#2246,2.475);
#48=CYLINDRICAL_SURFACE('',#2265,0.3);
#49=CYLINDRICAL_SURFACE('',#2271,1.875);
#50=CYLINDRICAL_SURFACE('',#2273,0.57);
#51=CYLINDRICAL_SURFACE('',#2306,0.4);
#52=SPHERICAL_SURFACE('',#2240,2.55251181202817);
#53=SPHERICAL_SURFACE('',#2267,1.95251181202817);
#54=SHAPE_REPRESENTATION_RELATIONSHIP('SRR','None',#3483,#58);
#55=SHAPE_REPRESENTATION_RELATIONSHIP('SRR','None',#3484,#59);
#56=SHAPE_REPRESENTATION_RELATIONSHIP('SRR','None',#3485,#60);
#57=SHAPE_REPRESENTATION_RELATIONSHIP('SRR','None',#3486,#61);
#58=ADVANCED_BREP_SHAPE_REPRESENTATION('',(#62),#3454);
#59=ADVANCED_BREP_SHAPE_REPRESENTATION('',(#63),#3455);
#60=ADVANCED_BREP_SHAPE_REPRESENTATION('',(#64),#3456);
#61=ADVANCED_BREP_SHAPE_REPRESENTATION('',(#65),#3457);
#62=MANIFOLD_SOLID_BREP('Solid1',#2057);
#63=MANIFOLD_SOLID_BREP('Solid1',#2058);
#64=MANIFOLD_SOLID_BREP('Solid1',#2059);
#65=MANIFOLD_SOLID_BREP('Solid1',#2060);
#66=FACE_BOUND('',#242,.T.);
#67=FACE_BOUND('',#244,.T.);
#68=FACE_BOUND('',#246,.T.);
#69=FACE_BOUND('',#247,.T.);
#70=FACE_BOUND('',#248,.T.);
#71=FACE_BOUND('',#249,.T.);
#72=FACE_BOUND('',#250,.T.);
#73=FACE_BOUND('',#251,.T.);
#74=FACE_BOUND('',#252,.T.);
#75=FACE_BOUND('',#253,.T.);
#76=FACE_BOUND('',#254,.T.);
#77=FACE_BOUND('',#255,.T.);
#78=FACE_BOUND('',#303,.T.);
#79=FACE_BOUND('',#307,.T.);
#80=FACE_BOUND('',#321,.T.);
#81=FACE_BOUND('',#327,.T.);
#82=FACE_BOUND('',#331,.T.);
#83=FACE_BOUND('',#333,.T.);
#84=FACE_BOUND('',#342,.T.);
#85=FACE_BOUND('',#350,.T.);
#86=FACE_BOUND('',#356,.T.);
#87=FACE_BOUND('',#357,.T.);
#88=FACE_BOUND('',#359,.T.);
#89=STYLED_ITEM('',(#2110),#1949);
#90=STYLED_ITEM('',(#2110),#1951);
#91=STYLED_ITEM('',(#2110),#1998);
#92=STYLED_ITEM('',(#2109),#62);
#93=STYLED_ITEM('',(#2111),#63);
#94=STYLED_ITEM('',(#2109),#64);
#95=STYLED_ITEM('',(#2109),#65);
#96=CIRCLE('',#2173,0.1);
#97=CIRCLE('',#2175,0.5);
#98=CIRCLE('',#2177,1.25);
#99=CIRCLE('',#2179,2.12338682790329);
#100=CIRCLE('',#2180,2.12338682790329);
#101=CIRCLE('',#2181,2.12338682790329);
#102=CIRCLE('',#2182,0.931348046832489);
#103=CIRCLE('',#2183,0.931348046832489);
#104=CIRCLE('',#2184,2.12338682790329);
#105=CIRCLE('',#2185,2.12338682790329);
#106=CIRCLE('',#2186,2.12338682790329);
#107=CIRCLE('',#2187,2.);
#108=CIRCLE('',#2188,2.);
#109=CIRCLE('',#2238,2.17372320007478);
#110=CIRCLE('',#2241,1.72726571978418);
#111=CIRCLE('',#2242,0.870945960861855);
#112=CIRCLE('',#2245,2.475);
#113=CIRCLE('',#2247,2.475);
#114=CIRCLE('',#2264,0.3);
#115=CIRCLE('',#2266,0.3);
#116=CIRCLE('',#2268,1.475);
#117=CIRCLE('',#2270,1.875);
#118=CIRCLE('',#2272,1.875);
#119=CIRCLE('',#2274,0.57);
#120=CIRCLE('',#2275,0.57);
#121=CIRCLE('',#2305,0.4);
#122=CIRCLE('',#2307,0.4);
#123=FACE_OUTER_BOUND('',#236,.T.);
#124=FACE_OUTER_BOUND('',#237,.T.);
#125=FACE_OUTER_BOUND('',#238,.T.);
#126=FACE_OUTER_BOUND('',#239,.T.);
#127=FACE_OUTER_BOUND('',#240,.T.);
#128=FACE_OUTER_BOUND('',#241,.T.);
#129=FACE_OUTER_BOUND('',#243,.T.);
#130=FACE_OUTER_BOUND('',#245,.T.);
#131=FACE_OUTER_BOUND('',#256,.T.);
#132=FACE_OUTER_BOUND('',#257,.T.);
#133=FACE_OUTER_BOUND('',#258,.T.);
#134=FACE_OUTER_BOUND('',#259,.T.);
#135=FACE_OUTER_BOUND('',#260,.T.);
#136=FACE_OUTER_BOUND('',#261,.T.);
#137=FACE_OUTER_BOUND('',#262,.T.);
#138=FACE_OUTER_BOUND('',#263,.T.);
#139=FACE_OUTER_BOUND('',#264,.T.);
#140=FACE_OUTER_BOUND('',#265,.T.);
#141=FACE_OUTER_BOUND('',#266,.T.);
#142=FACE_OUTER_BOUND('',#267,.T.);
#143=FACE_OUTER_BOUND('',#268,.T.);
#144=FACE_OUTER_BOUND('',#269,.T.);
#145=FACE_OUTER_BOUND('',#270,.T.);
#146=FACE_OUTER_BOUND('',#271,.T.);
#147=FACE_OUTER_BOUND('',#272,.T.);
#148=FACE_OUTER_BOUND('',#273,.T.);
#149=FACE_OUTER_BOUND('',#274,.T.);
#150=FACE_OUTER_BOUND('',#275,.T.);
#151=FACE_OUTER_BOUND('',#276,.T.);
#152=FACE_OUTER_BOUND('',#277,.T.);
#153=FACE_OUTER_BOUND('',#278,.T.);
#154=FACE_OUTER_BOUND('',#279,.T.);
#155=FACE_OUTER_BOUND('',#280,.T.);
#156=FACE_OUTER_BOUND('',#281,.T.);
#157=FACE_OUTER_BOUND('',#282,.T.);
#158=FACE_OUTER_BOUND('',#283,.T.);
#159=FACE_OUTER_BOUND('',#284,.T.);
#160=FACE_OUTER_BOUND('',#285,.T.);
#161=FACE_OUTER_BOUND('',#286,.T.);
#162=FACE_OUTER_BOUND('',#287,.T.);
#163=FACE_OUTER_BOUND('',#288,.T.);
#164=FACE_OUTER_BOUND('',#289,.T.);
#165=FACE_OUTER_BOUND('',#290,.T.);
#166=FACE_OUTER_BOUND('',#291,.T.);
#167=FACE_OUTER_BOUND('',#292,.T.);
#168=FACE_OUTER_BOUND('',#293,.T.);
#169=FACE_OUTER_BOUND('',#294,.T.);
#170=FACE_OUTER_BOUND('',#295,.T.);
#171=FACE_OUTER_BOUND('',#296,.T.);
#172=FACE_OUTER_BOUND('',#297,.T.);
#173=FACE_OUTER_BOUND('',#298,.T.);
#174=FACE_OUTER_BOUND('',#299,.T.);
#175=FACE_OUTER_BOUND('',#300,.T.);
#176=FACE_OUTER_BOUND('',#301,.T.);
#177=FACE_OUTER_BOUND('',#302,.T.);
#178=FACE_OUTER_BOUND('',#304,.T.);
#179=FACE_OUTER_BOUND('',#305,.T.);
#180=FACE_OUTER_BOUND('',#306,.T.);
#181=FACE_OUTER_BOUND('',#308,.T.);
#182=FACE_OUTER_BOUND('',#309,.T.);
#183=FACE_OUTER_BOUND('',#310,.T.);
#184=FACE_OUTER_BOUND('',#311,.T.);
#185=FACE_OUTER_BOUND('',#312,.T.);
#186=FACE_OUTER_BOUND('',#313,.T.);
#187=FACE_OUTER_BOUND('',#314,.T.);
#188=FACE_OUTER_BOUND('',#315,.T.);
#189=FACE_OUTER_BOUND('',#316,.T.);
#190=FACE_OUTER_BOUND('',#317,.T.);
#191=FACE_OUTER_BOUND('',#318,.T.);
#192=FACE_OUTER_BOUND('',#319,.T.);
#193=FACE_OUTER_BOUND('',#320,.T.);
#194=FACE_OUTER_BOUND('',#322,.T.);
#195=FACE_OUTER_BOUND('',#323,.T.);
#196=FACE_OUTER_BOUND('',#324,.T.);
#197=FACE_OUTER_BOUND('',#325,.T.);
#198=FACE_OUTER_BOUND('',#326,.T.);
#199=FACE_OUTER_BOUND('',#328,.T.);
#200=FACE_OUTER_BOUND('',#329,.T.);
#201=FACE_OUTER_BOUND('',#330,.T.);
#202=FACE_OUTER_BOUND('',#332,.T.);
#203=FACE_OUTER_BOUND('',#334,.T.);
#204=FACE_OUTER_BOUND('',#335,.T.);
#205=FACE_OUTER_BOUND('',#336,.T.);
#206=FACE_OUTER_BOUND('',#337,.T.);
#207=FACE_OUTER_BOUND('',#338,.T.);
#208=FACE_OUTER_BOUND('',#339,.T.);
#209=FACE_OUTER_BOUND('',#340,.T.);
#210=FACE_OUTER_BOUND('',#341,.T.);
#211=FACE_OUTER_BOUND('',#343,.T.);
#212=FACE_OUTER_BOUND('',#344,.T.);
#213=FACE_OUTER_BOUND('',#345,.T.);
#214=FACE_OUTER_BOUND('',#346,.T.);
#215=FACE_OUTER_BOUND('',#347,.T.);
#216=FACE_OUTER_BOUND('',#348,.T.);
#217=FACE_OUTER_BOUND('',#349,.T.);
#218=FACE_OUTER_BOUND('',#351,.T.);
#219=FACE_OUTER_BOUND('',#352,.T.);
#220=FACE_OUTER_BOUND('',#353,.T.);
#221=FACE_OUTER_BOUND('',#354,.T.);
#222=FACE_OUTER_BOUND('',#355,.T.);
#223=FACE_OUTER_BOUND('',#358,.T.);
#224=FACE_OUTER_BOUND('',#360,.T.);
#225=FACE_OUTER_BOUND('',#361,.T.);
#226=FACE_OUTER_BOUND('',#362,.T.);
#227=FACE_OUTER_BOUND('',#363,.T.);
#228=FACE_OUTER_BOUND('',#364,.T.);
#229=FACE_OUTER_BOUND('',#365,.T.);
#230=FACE_OUTER_BOUND('',#366,.T.);
#231=FACE_OUTER_BOUND('',#367,.T.);
#232=FACE_OUTER_BOUND('',#368,.T.);
#233=FACE_OUTER_BOUND('',#369,.T.);
#234=FACE_OUTER_BOUND('',#370,.T.);
#235=FACE_OUTER_BOUND('',#371,.T.);
#236=EDGE_LOOP('',(#1304,#1305,#1306,#1307));
#237=EDGE_LOOP('',(#1308,#1309,#1310,#1311));
#238=EDGE_LOOP('',(#1312,#1313,#1314,#1315));
#239=EDGE_LOOP('',(#1316,#1317,#1318,#1319));
#240=EDGE_LOOP('',(#1320));
#241=EDGE_LOOP('',(#1321));
#242=EDGE_LOOP('',(#1322));
#243=EDGE_LOOP('',(#1323));
#244=EDGE_LOOP('',(#1324));
#245=EDGE_LOOP('',(#1325,#1326,#1327,#1328));
#246=EDGE_LOOP('',(#1329,#1330,#1331,#1332));
#247=EDGE_LOOP('',(#1333,#1334,#1335,#1336));
#248=EDGE_LOOP('',(#1337,#1338,#1339,#1340));
#249=EDGE_LOOP('',(#1341,#1342,#1343,#1344));
#250=EDGE_LOOP('',(#1345,#1346,#1347,#1348));
#251=EDGE_LOOP('',(#1349,#1350,#1351,#1352));
#252=EDGE_LOOP('',(#1353,#1354,#1355,#1356));
#253=EDGE_LOOP('',(#1357,#1358,#1359,#1360));
#254=EDGE_LOOP('',(#1361,#1362,#1363,#1364));
#255=EDGE_LOOP('',(#1365,#1366,#1367,#1368,#1369,#1370,#1371,#1372,#1373,
#1374,#1375,#1376,#1377,#1378,#1379,#1380));
#256=EDGE_LOOP('',(#1381,#1382,#1383,#1384));
#257=EDGE_LOOP('',(#1385,#1386,#1387,#1388));
#258=EDGE_LOOP('',(#1389,#1390,#1391,#1392));
#259=EDGE_LOOP('',(#1393,#1394,#1395,#1396));
#260=EDGE_LOOP('',(#1397,#1398,#1399,#1400));
#261=EDGE_LOOP('',(#1401,#1402,#1403,#1404));
#262=EDGE_LOOP('',(#1405,#1406,#1407,#1408));
#263=EDGE_LOOP('',(#1409,#1410,#1411,#1412));
#264=EDGE_LOOP('',(#1413,#1414,#1415,#1416));
#265=EDGE_LOOP('',(#1417,#1418,#1419,#1420));
#266=EDGE_LOOP('',(#1421,#1422,#1423,#1424));
#267=EDGE_LOOP('',(#1425,#1426,#1427,#1428));
#268=EDGE_LOOP('',(#1429,#1430,#1431,#1432));
#269=EDGE_LOOP('',(#1433,#1434,#1435,#1436));
#270=EDGE_LOOP('',(#1437,#1438,#1439,#1440));
#271=EDGE_LOOP('',(#1441,#1442,#1443,#1444));
#272=EDGE_LOOP('',(#1445,#1446,#1447,#1448));
#273=EDGE_LOOP('',(#1449,#1450,#1451,#1452));
#274=EDGE_LOOP('',(#1453,#1454,#1455,#1456));
#275=EDGE_LOOP('',(#1457,#1458,#1459,#1460));
#276=EDGE_LOOP('',(#1461,#1462,#1463,#1464));
#277=EDGE_LOOP('',(#1465,#1466,#1467,#1468));
#278=EDGE_LOOP('',(#1469,#1470,#1471,#1472));
#279=EDGE_LOOP('',(#1473,#1474,#1475,#1476));
#280=EDGE_LOOP('',(#1477,#1478,#1479,#1480));
#281=EDGE_LOOP('',(#1481,#1482,#1483,#1484));
#282=EDGE_LOOP('',(#1485,#1486,#1487,#1488));
#283=EDGE_LOOP('',(#1489,#1490,#1491,#1492));
#284=EDGE_LOOP('',(#1493,#1494,#1495,#1496));
#285=EDGE_LOOP('',(#1497,#1498,#1499,#1500));
#286=EDGE_LOOP('',(#1501,#1502,#1503,#1504));
#287=EDGE_LOOP('',(#1505,#1506,#1507,#1508));
#288=EDGE_LOOP('',(#1509,#1510,#1511,#1512));
#289=EDGE_LOOP('',(#1513,#1514,#1515,#1516));
#290=EDGE_LOOP('',(#1517,#1518,#1519,#1520));
#291=EDGE_LOOP('',(#1521,#1522,#1523,#1524));
#292=EDGE_LOOP('',(#1525,#1526,#1527,#1528));
#293=EDGE_LOOP('',(#1529,#1530,#1531,#1532));
#294=EDGE_LOOP('',(#1533,#1534,#1535,#1536));
#295=EDGE_LOOP('',(#1537,#1538,#1539,#1540));
#296=EDGE_LOOP('',(#1541,#1542,#1543,#1544));
#297=EDGE_LOOP('',(#1545,#1546,#1547,#1548));
#298=EDGE_LOOP('',(#1549,#1550,#1551,#1552));
#299=EDGE_LOOP('',(#1553,#1554,#1555,#1556));
#300=EDGE_LOOP('',(#1557,#1558,#1559,#1560));
#301=EDGE_LOOP('',(#1561,#1562,#1563,#1564));
#302=EDGE_LOOP('',(#1565,#1566,#1567,#1568,#1569,#1570,#1571,#1572,#1573,
#1574,#1575,#1576,#1577,#1578,#1579,#1580));
#303=EDGE_LOOP('',(#1581));
#304=EDGE_LOOP('',(#1582,#1583,#1584,#1585,#1586,#1587,#1588,#1589,#1590,
#1591));
#305=EDGE_LOOP('',(#1592,#1593,#1594,#1595,#1596,#1597));
#306=EDGE_LOOP('',(#1598,#1599));
#307=EDGE_LOOP('',(#1600));
#308=EDGE_LOOP('',(#1601));
#309=EDGE_LOOP('',(#1602,#1603,#1604,#1605,#1606));
#310=EDGE_LOOP('',(#1607,#1608,#1609,#1610));
#311=EDGE_LOOP('',(#1611,#1612,#1613,#1614,#1615,#1616));
#312=EDGE_LOOP('',(#1617,#1618,#1619,#1620));
#313=EDGE_LOOP('',(#1621,#1622,#1623,#1624));
#314=EDGE_LOOP('',(#1625,#1626,#1627,#1628));
#315=EDGE_LOOP('',(#1629,#1630,#1631,#1632));
#316=EDGE_LOOP('',(#1633,#1634,#1635,#1636));
#317=EDGE_LOOP('',(#1637,#1638,#1639,#1640));
#318=EDGE_LOOP('',(#1641,#1642,#1643,#1644));
#319=EDGE_LOOP('',(#1645,#1646,#1647,#1648));
#320=EDGE_LOOP('',(#1649,#1650,#1651,#1652));
#321=EDGE_LOOP('',(#1653,#1654,#1655,#1656));
#322=EDGE_LOOP('',(#1657,#1658,#1659,#1660));
#323=EDGE_LOOP('',(#1661,#1662,#1663,#1664));
#324=EDGE_LOOP('',(#1665,#1666,#1667,#1668));
#325=EDGE_LOOP('',(#1669,#1670,#1671,#1672));
#326=EDGE_LOOP('',(#1673,#1674,#1675,#1676));
#327=EDGE_LOOP('',(#1677,#1678,#1679,#1680,#1681));
#328=EDGE_LOOP('',(#1682));
#329=EDGE_LOOP('',(#1683,#1684,#1685,#1686));
#330=EDGE_LOOP('',(#1687));
#331=EDGE_LOOP('',(#1688));
#332=EDGE_LOOP('',(#1689));
#333=EDGE_LOOP('',(#1690));
#334=EDGE_LOOP('',(#1691,#1692,#1693,#1694));
#335=EDGE_LOOP('',(#1695,#1696,#1697,#1698));
#336=EDGE_LOOP('',(#1699));
#337=EDGE_LOOP('',(#1700,#1701,#1702,#1703,#1704,#1705));
#338=EDGE_LOOP('',(#1706,#1707,#1708,#1709));
#339=EDGE_LOOP('',(#1710,#1711,#1712,#1713));
#340=EDGE_LOOP('',(#1714,#1715,#1716,#1717));
#341=EDGE_LOOP('',(#1718,#1719,#1720,#1721));
#342=EDGE_LOOP('',(#1722));
#343=EDGE_LOOP('',(#1723,#1724,#1725,#1726));
#344=EDGE_LOOP('',(#1727,#1728,#1729,#1730,#1731,#1732));
#345=EDGE_LOOP('',(#1733,#1734,#1735,#1736));
#346=EDGE_LOOP('',(#1737,#1738,#1739,#1740));
#347=EDGE_LOOP('',(#1741,#1742,#1743,#1744));
#348=EDGE_LOOP('',(#1745,#1746,#1747,#1748));
#349=EDGE_LOOP('',(#1749,#1750,#1751,#1752));
#350=EDGE_LOOP('',(#1753,#1754,#1755,#1756));
#351=EDGE_LOOP('',(#1757,#1758,#1759,#1760));
#352=EDGE_LOOP('',(#1761,#1762,#1763,#1764));
#353=EDGE_LOOP('',(#1765,#1766,#1767,#1768));
#354=EDGE_LOOP('',(#1769,#1770,#1771,#1772));
#355=EDGE_LOOP('',(#1773,#1774,#1775,#1776));
#356=EDGE_LOOP('',(#1777));
#357=EDGE_LOOP('',(#1778,#1779,#1780,#1781));
#358=EDGE_LOOP('',(#1782,#1783,#1784,#1785));
#359=EDGE_LOOP('',(#1786,#1787,#1788,#1789));
#360=EDGE_LOOP('',(#1790,#1791,#1792,#1793));
#361=EDGE_LOOP('',(#1794,#1795,#1796,#1797));
#362=EDGE_LOOP('',(#1798,#1799,#1800,#1801));
#363=EDGE_LOOP('',(#1802,#1803,#1804,#1805));
#364=EDGE_LOOP('',(#1806,#1807,#1808,#1809));
#365=EDGE_LOOP('',(#1810,#1811,#1812,#1813));
#366=EDGE_LOOP('',(#1814,#1815,#1816,#1817));
#367=EDGE_LOOP('',(#1818,#1819,#1820,#1821));
#368=EDGE_LOOP('',(#1822,#1823,#1824,#1825));
#369=EDGE_LOOP('',(#1826,#1827,#1828,#1829));
#370=EDGE_LOOP('',(#1830,#1831,#1832,#1833));
#371=EDGE_LOOP('',(#1834,#1835,#1836,#1837));
#372=LINE('',#2873,#612);
#373=LINE('',#2875,#613);
#374=LINE('',#2877,#614);
#375=LINE('',#2878,#615);
#376=LINE('',#2881,#616);
#377=LINE('',#2883,#617);
#378=LINE('',#2884,#618);
#379=LINE('',#2887,#619);
#380=LINE('',#2889,#620);
#381=LINE('',#2890,#621);
#382=LINE('',#2892,#622);
#383=LINE('',#2893,#623);
#384=LINE('',#2906,#624);
#385=LINE('',#2908,#625);
#386=LINE('',#2910,#626);
#387=LINE('',#2911,#627);
#388=LINE('',#2914,#628);
#389=LINE('',#2916,#629);
#390=LINE('',#2918,#630);
#391=LINE('',#2919,#631);
#392=LINE('',#2922,#632);
#393=LINE('',#2924,#633);
#394=LINE('',#2926,#634);
#395=LINE('',#2927,#635);
#396=LINE('',#2930,#636);
#397=LINE('',#2932,#637);
#398=LINE('',#2934,#638);
#399=LINE('',#2935,#639);
#400=LINE('',#2938,#640);
#401=LINE('',#2940,#641);
#402=LINE('',#2942,#642);
#403=LINE('',#2943,#643);
#404=LINE('',#2946,#644);
#405=LINE('',#2948,#645);
#406=LINE('',#2950,#646);
#407=LINE('',#2951,#647);
#408=LINE('',#2954,#648);
#409=LINE('',#2956,#649);
#410=LINE('',#2958,#650);
#411=LINE('',#2959,#651);
#412=LINE('',#2962,#652);
#413=LINE('',#2964,#653);
#414=LINE('',#2966,#654);
#415=LINE('',#2967,#655);
#416=LINE('',#2970,#656);
#417=LINE('',#2972,#657);
#418=LINE('',#2974,#658);
#419=LINE('',#2975,#659);
#420=LINE('',#2982,#660);
#421=LINE('',#2988,#661);
#422=LINE('',#2994,#662);
#423=LINE('',#3000,#663);
#424=LINE('',#3004,#664);
#425=LINE('',#3007,#665);
#426=LINE('',#3010,#666);
#427=LINE('',#3012,#667);
#428=LINE('',#3013,#668);
#429=LINE('',#3016,#669);
#430=LINE('',#3017,#670);
#431=LINE('',#3020,#671);
#432=LINE('',#3021,#672);
#433=LINE('',#3023,#673);
#434=LINE('',#3027,#674);
#435=LINE('',#3029,#675);
#436=LINE('',#3030,#676);
#437=LINE('',#3033,#677);
#438=LINE('',#3034,#678);
#439=LINE('',#3037,#679);
#440=LINE('',#3038,#680);
#441=LINE('',#3040,#681);
#442=LINE('',#3044,#682);
#443=LINE('',#3046,#683);
#444=LINE('',#3047,#684);
#445=LINE('',#3050,#685);
#446=LINE('',#3051,#686);
#447=LINE('',#3054,#687);
#448=LINE('',#3055,#688);
#449=LINE('',#3057,#689);
#450=LINE('',#3061,#690);
#451=LINE('',#3063,#691);
#452=LINE('',#3064,#692);
#453=LINE('',#3067,#693);
#454=LINE('',#3068,#694);
#455=LINE('',#3071,#695);
#456=LINE('',#3072,#696);
#457=LINE('',#3074,#697);
#458=LINE('',#3078,#698);
#459=LINE('',#3080,#699);
#460=LINE('',#3081,#700);
#461=LINE('',#3084,#701);
#462=LINE('',#3085,#702);
#463=LINE('',#3088,#703);
#464=LINE('',#3089,#704);
#465=LINE('',#3091,#705);
#466=LINE('',#3095,#706);
#467=LINE('',#3097,#707);
#468=LINE('',#3098,#708);
#469=LINE('',#3101,#709);
#470=LINE('',#3102,#710);
#471=LINE('',#3105,#711);
#472=LINE('',#3106,#712);
#473=LINE('',#3108,#713);
#474=LINE('',#3112,#714);
#475=LINE('',#3114,#715);
#476=LINE('',#3115,#716);
#477=LINE('',#3118,#717);
#478=LINE('',#3119,#718);
#479=LINE('',#3122,#719);
#480=LINE('',#3123,#720);
#481=LINE('',#3125,#721);
#482=LINE('',#3129,#722);
#483=LINE('',#3131,#723);
#484=LINE('',#3132,#724);
#485=LINE('',#3135,#725);
#486=LINE('',#3136,#726);
#487=LINE('',#3139,#727);
#488=LINE('',#3140,#728);
#489=LINE('',#3142,#729);
#490=LINE('',#3146,#730);
#491=LINE('',#3148,#731);
#492=LINE('',#3149,#732);
#493=LINE('',#3152,#733);
#494=LINE('',#3153,#734);
#495=LINE('',#3156,#735);
#496=LINE('',#3157,#736);
#497=LINE('',#3159,#737);
#498=LINE('',#3169,#738);
#499=LINE('',#3171,#739);
#500=LINE('',#3173,#740);
#501=LINE('',#3175,#741);
#502=LINE('',#3177,#742);
#503=LINE('',#3179,#743);
#504=LINE('',#3181,#744);
#505=LINE('',#3183,#745);
#506=LINE('',#3184,#746);
#507=LINE('',#3187,#747);
#508=LINE('',#3189,#748);
#509=LINE('',#3191,#749);
#510=LINE('',#3193,#750);
#511=LINE('',#3194,#751);
#512=LINE('',#3206,#752);
#513=LINE('',#3208,#753);
#514=LINE('',#3210,#754);
#515=LINE('',#3212,#755);
#516=LINE('',#3213,#756);
#517=LINE('',#3215,#757);
#518=LINE('',#3216,#758);
#519=LINE('',#3218,#759);
#520=LINE('',#3220,#760);
#521=LINE('',#3225,#761);
#522=LINE('',#3227,#762);
#523=LINE('',#3229,#763);
#524=LINE('',#3230,#764);
#525=LINE('',#3233,#765);
#526=LINE('',#3235,#766);
#527=LINE('',#3236,#767);
#528=LINE('',#3239,#768);
#529=LINE('',#3241,#769);
#530=LINE('',#3242,#770);
#531=LINE('',#3244,#771);
#532=LINE('',#3245,#772);
#533=LINE('',#3249,#773);
#534=LINE('',#3251,#774);
#535=LINE('',#3253,#775);
#536=LINE('',#3254,#776);
#537=LINE('',#3257,#777);
#538=LINE('',#3259,#778);
#539=LINE('',#3260,#779);
#540=LINE('',#3263,#780);
#541=LINE('',#3264,#781);
#542=LINE('',#3267,#782);
#543=LINE('',#3268,#783);
#544=LINE('',#3270,#784);
#545=LINE('',#3278,#785);
#546=LINE('',#3287,#786);
#547=LINE('',#3293,#787);
#548=LINE('',#3299,#788);
#549=LINE('',#3301,#789);
#550=LINE('',#3303,#790);
#551=LINE('',#3305,#791);
#552=LINE('',#3307,#792);
#553=LINE('',#3308,#793);
#554=LINE('',#3311,#794);
#555=LINE('',#3313,#795);
#556=LINE('',#3314,#796);
#557=LINE('',#3317,#797);
#558=LINE('',#3318,#798);
#559=LINE('',#3321,#799);
#560=LINE('',#3322,#800);
#561=LINE('',#3325,#801);
#562=LINE('',#3326,#802);
#563=LINE('',#3329,#803);
#564=LINE('',#3330,#804);
#565=LINE('',#3332,#805);
#566=LINE('',#3336,#806);
#567=LINE('',#3338,#807);
#568=LINE('',#3340,#808);
#569=LINE('',#3341,#809);
#570=LINE('',#3344,#810);
#571=LINE('',#3346,#811);
#572=LINE('',#3347,#812);
#573=LINE('',#3350,#813);
#574=LINE('',#3352,#814);
#575=LINE('',#3353,#815);
#576=LINE('',#3355,#816);
#577=LINE('',#3356,#817);
#578=LINE('',#3360,#818);
#579=LINE('',#3362,#819);
#580=LINE('',#3364,#820);
#581=LINE('',#3365,#821);
#582=LINE('',#3368,#822);
#583=LINE('',#3370,#823);
#584=LINE('',#3371,#824);
#585=LINE('',#3374,#825);
#586=LINE('',#3375,#826);
#587=LINE('',#3378,#827);
#588=LINE('',#3379,#828);
#589=LINE('',#3381,#829);
#590=LINE('',#3388,#830);
#591=LINE('',#3390,#831);
#592=LINE('',#3392,#832);
#593=LINE('',#3393,#833);
#594=LINE('',#3396,#834);
#595=LINE('',#3398,#835);
#596=LINE('',#3399,#836);
#597=LINE('',#3402,#837);
#598=LINE('',#3404,#838);
#599=LINE('',#3405,#839);
#600=LINE('',#3407,#840);
#601=LINE('',#3408,#841);
#602=LINE('',#3415,#842);
#603=LINE('',#3417,#843);
#604=LINE('',#3419,#844);
#605=LINE('',#3420,#845);
#606=LINE('',#3425,#846);
#607=LINE('',#3426,#847);
#608=LINE('',#3430,#848);
#609=LINE('',#3433,#849);
#610=LINE('',#3434,#850);
#611=LINE('',#3436,#851);
#612=VECTOR('',#2326,10.);
#613=VECTOR('',#2327,10.);
#614=VECTOR('',#2328,10.);
#615=VECTOR('',#2329,10.);
#616=VECTOR('',#2332,10.);
#617=VECTOR('',#2333,10.);
#618=VECTOR('',#2334,10.);
#619=VECTOR('',#2337,10.);
#620=VECTOR('',#2338,10.);
#621=VECTOR('',#2339,10.);
#622=VECTOR('',#2342,10.);
#623=VECTOR('',#2343,10.);
#624=VECTOR('',#2358,10.);
#625=VECTOR('',#2359,10.);
#626=VECTOR('',#2360,10.);
#627=VECTOR('',#2361,10.);
#628=VECTOR('',#2362,10.);
#629=VECTOR('',#2363,10.);
#630=VECTOR('',#2364,10.);
#631=VECTOR('',#2365,10.);
#632=VECTOR('',#2366,10.);
#633=VECTOR('',#2367,10.);
#634=VECTOR('',#2368,10.);
#635=VECTOR('',#2369,10.);
#636=VECTOR('',#2370,10.);
#637=VECTOR('',#2371,10.);
#638=VECTOR('',#2372,10.);
#639=VECTOR('',#2373,10.);
#640=VECTOR('',#2374,10.);
#641=VECTOR('',#2375,10.);
#642=VECTOR('',#2376,10.);
#643=VECTOR('',#2377,10.);
#644=VECTOR('',#2378,10.);
#645=VECTOR('',#2379,10.);
#646=VECTOR('',#2380,10.);
#647=VECTOR('',#2381,10.);
#648=VECTOR('',#2382,10.);
#649=VECTOR('',#2383,10.);
#650=VECTOR('',#2384,10.);
#651=VECTOR('',#2385,10.);
#652=VECTOR('',#2386,10.);
#653=VECTOR('',#2387,10.);
#654=VECTOR('',#2388,10.);
#655=VECTOR('',#2389,10.);
#656=VECTOR('',#2390,10.);
#657=VECTOR('',#2391,10.);
#658=VECTOR('',#2392,10.);
#659=VECTOR('',#2393,10.);
#660=VECTOR('',#2398,10.);
#661=VECTOR('',#2403,10.);
#662=VECTOR('',#2408,10.);
#663=VECTOR('',#2413,10.);
#664=VECTOR('',#2416,10.);
#665=VECTOR('',#2419,10.);
#666=VECTOR('',#2422,10.);
#667=VECTOR('',#2423,10.);
#668=VECTOR('',#2424,10.);
#669=VECTOR('',#2427,10.);
#670=VECTOR('',#2428,10.);
#671=VECTOR('',#2431,10.);
#672=VECTOR('',#2432,10.);
#673=VECTOR('',#2435,10.);
#674=VECTOR('',#2440,10.);
#675=VECTOR('',#2441,10.);
#676=VECTOR('',#2442,10.);
#677=VECTOR('',#2445,10.);
#678=VECTOR('',#2446,10.);
#679=VECTOR('',#2449,10.);
#680=VECTOR('',#2450,10.);
#681=VECTOR('',#2453,10.);
#682=VECTOR('',#2458,10.);
#683=VECTOR('',#2459,10.);
#684=VECTOR('',#2460,10.);
#685=VECTOR('',#2463,10.);
#686=VECTOR('',#2464,10.);
#687=VECTOR('',#2467,10.);
#688=VECTOR('',#2468,10.);
#689=VECTOR('',#2471,10.);
#690=VECTOR('',#2476,10.);
#691=VECTOR('',#2477,10.);
#692=VECTOR('',#2478,10.);
#693=VECTOR('',#2481,10.);
#694=VECTOR('',#2482,10.);
#695=VECTOR('',#2485,10.);
#696=VECTOR('',#2486,10.);
#697=VECTOR('',#2489,10.);
#698=VECTOR('',#2494,10.);
#699=VECTOR('',#2495,10.);
#700=VECTOR('',#2496,10.);
#701=VECTOR('',#2499,10.);
#702=VECTOR('',#2500,10.);
#703=VECTOR('',#2503,10.);
#704=VECTOR('',#2504,10.);
#705=VECTOR('',#2507,10.);
#706=VECTOR('',#2512,10.);
#707=VECTOR('',#2513,10.);
#708=VECTOR('',#2514,10.);
#709=VECTOR('',#2517,10.);
#710=VECTOR('',#2518,10.);
#711=VECTOR('',#2521,10.);
#712=VECTOR('',#2522,10.);
#713=VECTOR('',#2525,10.);
#714=VECTOR('',#2530,10.);
#715=VECTOR('',#2531,10.);
#716=VECTOR('',#2532,10.);
#717=VECTOR('',#2535,10.);
#718=VECTOR('',#2536,10.);
#719=VECTOR('',#2539,10.);
#720=VECTOR('',#2540,10.);
#721=VECTOR('',#2543,10.);
#722=VECTOR('',#2548,10.);
#723=VECTOR('',#2549,10.);
#724=VECTOR('',#2550,10.);
#725=VECTOR('',#2553,10.);
#726=VECTOR('',#2554,10.);
#727=VECTOR('',#2557,10.);
#728=VECTOR('',#2558,10.);
#729=VECTOR('',#2561,10.);
#730=VECTOR('',#2566,10.);
#731=VECTOR('',#2567,10.);
#732=VECTOR('',#2568,10.);
#733=VECTOR('',#2571,10.);
#734=VECTOR('',#2572,10.);
#735=VECTOR('',#2575,10.);
#736=VECTOR('',#2576,10.);
#737=VECTOR('',#2579,10.);
#738=VECTOR('',#2592,10.);
#739=VECTOR('',#2593,10.);
#740=VECTOR('',#2594,10.);
#741=VECTOR('',#2595,10.);
#742=VECTOR('',#2596,10.);
#743=VECTOR('',#2597,10.);
#744=VECTOR('',#2598,10.);
#745=VECTOR('',#2599,10.);
#746=VECTOR('',#2600,10.);
#747=VECTOR('',#2603,10.);
#748=VECTOR('',#2604,10.);
#749=VECTOR('',#2605,10.);
#750=VECTOR('',#2606,10.);
#751=VECTOR('',#2607,10.);
#752=VECTOR('',#2626,10.);
#753=VECTOR('',#2627,10.);
#754=VECTOR('',#2628,10.);
#755=VECTOR('',#2629,10.);
#756=VECTOR('',#2630,10.);
#757=VECTOR('',#2633,10.);
#758=VECTOR('',#2634,10.);
#759=VECTOR('',#2637,10.);
#760=VECTOR('',#2640,10.);
#761=VECTOR('',#2645,10.);
#762=VECTOR('',#2646,10.);
#763=VECTOR('',#2647,10.);
#764=VECTOR('',#2648,10.);
#765=VECTOR('',#2651,10.);
#766=VECTOR('',#2652,10.);
#767=VECTOR('',#2653,10.);
#768=VECTOR('',#2656,10.);
#769=VECTOR('',#2657,10.);
#770=VECTOR('',#2658,10.);
#771=VECTOR('',#2661,10.);
#772=VECTOR('',#2662,10.);
#773=VECTOR('',#2665,10.);
#774=VECTOR('',#2666,10.);
#775=VECTOR('',#2667,10.);
#776=VECTOR('',#2668,10.);
#777=VECTOR('',#2671,10.);
#778=VECTOR('',#2672,10.);
#779=VECTOR('',#2673,10.);
#780=VECTOR('',#2676,10.);
#781=VECTOR('',#2677,10.);
#782=VECTOR('',#2680,10.);
#783=VECTOR('',#2681,10.);
#784=VECTOR('',#2684,10.);
#785=VECTOR('',#2695,0.3);
#786=VECTOR('',#2706,1.875);
#787=VECTOR('',#2713,0.57);
#788=VECTOR('',#2720,10.);
#789=VECTOR('',#2721,10.);
#790=VECTOR('',#2722,10.);
#791=VECTOR('',#2723,10.);
#792=VECTOR('',#2724,10.);
#793=VECTOR('',#2725,10.);
#794=VECTOR('',#2728,10.);
#795=VECTOR('',#2729,10.);
#796=VECTOR('',#2730,10.);
#797=VECTOR('',#2733,10.);
#798=VECTOR('',#2734,10.);
#799=VECTOR('',#2737,10.);
#800=VECTOR('',#2738,10.);
#801=VECTOR('',#2741,10.);
#802=VECTOR('',#2742,10.);
#803=VECTOR('',#2745,10.);
#804=VECTOR('',#2746,10.);
#805=VECTOR('',#2749,10.);
#806=VECTOR('',#2752,10.);
#807=VECTOR('',#2753,10.);
#808=VECTOR('',#2754,10.);
#809=VECTOR('',#2755,10.);
#810=VECTOR('',#2758,10.);
#811=VECTOR('',#2759,10.);
#812=VECTOR('',#2760,10.);
#813=VECTOR('',#2763,10.);
#814=VECTOR('',#2764,10.);
#815=VECTOR('',#2765,10.);
#816=VECTOR('',#2768,10.);
#817=VECTOR('',#2769,10.);
#818=VECTOR('',#2772,10.);
#819=VECTOR('',#2773,10.);
#820=VECTOR('',#2774,10.);
#821=VECTOR('',#2775,10.);
#822=VECTOR('',#2778,10.);
#823=VECTOR('',#2779,10.);
#824=VECTOR('',#2780,10.);
#825=VECTOR('',#2783,10.);
#826=VECTOR('',#2784,10.);
#827=VECTOR('',#2787,10.);
#828=VECTOR('',#2788,10.);
#829=VECTOR('',#2791,10.);
#830=VECTOR('',#2800,10.);
#831=VECTOR('',#2801,10.);
#832=VECTOR('',#2802,10.);
#833=VECTOR('',#2803,10.);
#834=VECTOR('',#2806,10.);
#835=VECTOR('',#2807,10.);
#836=VECTOR('',#2808,10.);
#837=VECTOR('',#2811,10.);
#838=VECTOR('',#2812,10.);
#839=VECTOR('',#2813,10.);
#840=VECTOR('',#2816,10.);
#841=VECTOR('',#2817,10.);
#842=VECTOR('',#2826,10.);
#843=VECTOR('',#2827,10.);
#844=VECTOR('',#2828,10.);
#845=VECTOR('',#2829,10.);
#846=VECTOR('',#2834,10.);
#847=VECTOR('',#2835,10.);
#848=VECTOR('',#2840,10.);
#849=VECTOR('',#2843,10.);
#850=VECTOR('',#2844,10.);
#851=VECTOR('',#2847,10.);
#852=VERTEX_POINT('',#2871);
#853=VERTEX_POINT('',#2872);
#854=VERTEX_POINT('',#2874);
#855=VERTEX_POINT('',#2876);
#856=VERTEX_POINT('',#2880);
#857=VERTEX_POINT('',#2882);
#858=VERTEX_POINT('',#2886);
#859=VERTEX_POINT('',#2888);
#860=VERTEX_POINT('',#2895);
#861=VERTEX_POINT('',#2898);
#862=VERTEX_POINT('',#2901);
#863=VERTEX_POINT('',#2904);
#864=VERTEX_POINT('',#2905);
#865=VERTEX_POINT('',#2907);
#866=VERTEX_POINT('',#2909);
#867=VERTEX_POINT('',#2912);
#868=VERTEX_POINT('',#2913);
#869=VERTEX_POINT('',#2915);
#870=VERTEX_POINT('',#2917);
#871=VERTEX_POINT('',#2920);
#872=VERTEX_POINT('',#2921);
#873=VERTEX_POINT('',#2923);
#874=VERTEX_POINT('',#2925);
#875=VERTEX_POINT('',#2928);
#876=VERTEX_POINT('',#2929);
#877=VERTEX_POINT('',#2931);
#878=VERTEX_POINT('',#2933);
#879=VERTEX_POINT('',#2936);
#880=VERTEX_POINT('',#2937);
#881=VERTEX_POINT('',#2939);
#882=VERTEX_POINT('',#2941);
#883=VERTEX_POINT('',#2944);
#884=VERTEX_POINT('',#2945);
#885=VERTEX_POINT('',#2947);
#886=VERTEX_POINT('',#2949);
#887=VERTEX_POINT('',#2952);
#888=VERTEX_POINT('',#2953);
#889=VERTEX_POINT('',#2955);
#890=VERTEX_POINT('',#2957);
#891=VERTEX_POINT('',#2960);
#892=VERTEX_POINT('',#2961);
#893=VERTEX_POINT('',#2963);
#894=VERTEX_POINT('',#2965);
#895=VERTEX_POINT('',#2968);
#896=VERTEX_POINT('',#2969);
#897=VERTEX_POINT('',#2971);
#898=VERTEX_POINT('',#2973);
#899=VERTEX_POINT('',#2976);
#900=VERTEX_POINT('',#2977);
#901=VERTEX_POINT('',#2979);
#902=VERTEX_POINT('',#2981);
#903=VERTEX_POINT('',#2983);
#904=VERTEX_POINT('',#2985);
#905=VERTEX_POINT('',#2987);
#906=VERTEX_POINT('',#2989);
#907=VERTEX_POINT('',#2991);
#908=VERTEX_POINT('',#2993);
#909=VERTEX_POINT('',#2995);
#910=VERTEX_POINT('',#2997);
#911=VERTEX_POINT('',#2999);
#912=VERTEX_POINT('',#3001);
#913=VERTEX_POINT('',#3003);
#914=VERTEX_POINT('',#3005);
#915=VERTEX_POINT('',#3009);
#916=VERTEX_POINT('',#3011);
#917=VERTEX_POINT('',#3015);
#918=VERTEX_POINT('',#3019);
#919=VERTEX_POINT('',#3026);
#920=VERTEX_POINT('',#3028);
#921=VERTEX_POINT('',#3032);
#922=VERTEX_POINT('',#3036);
#923=VERTEX_POINT('',#3043);
#924=VERTEX_POINT('',#3045);
#925=VERTEX_POINT('',#3049);
#926=VERTEX_POINT('',#3053);
#927=VERTEX_POINT('',#3060);
#928=VERTEX_POINT('',#3062);
#929=VERTEX_POINT('',#3066);
#930=VERTEX_POINT('',#3070);
#931=VERTEX_POINT('',#3077);
#932=VERTEX_POINT('',#3079);
#933=VERTEX_POINT('',#3083);
#934=VERTEX_POINT('',#3087);
#935=VERTEX_POINT('',#3094);
#936=VERTEX_POINT('',#3096);
#937=VERTEX_POINT('',#3100);
#938=VERTEX_POINT('',#3104);
#939=VERTEX_POINT('',#3111);
#940=VERTEX_POINT('',#3113);
#941=VERTEX_POINT('',#3117);
#942=VERTEX_POINT('',#3121);
#943=VERTEX_POINT('',#3128);
#944=VERTEX_POINT('',#3130);
#945=VERTEX_POINT('',#3134);
#946=VERTEX_POINT('',#3138);
#947=VERTEX_POINT('',#3145);
#948=VERTEX_POINT('',#3147);
#949=VERTEX_POINT('',#3151);
#950=VERTEX_POINT('',#3155);
#951=VERTEX_POINT('',#3165);
#952=VERTEX_POINT('',#3166);
#953=VERTEX_POINT('',#3168);
#954=VERTEX_POINT('',#3170);
#955=VERTEX_POINT('',#3172);
#956=VERTEX_POINT('',#3174);
#957=VERTEX_POINT('',#3176);
#958=VERTEX_POINT('',#3178);
#959=VERTEX_POINT('',#3180);
#960=VERTEX_POINT('',#3182);
#961=VERTEX_POINT('',#3186);
#962=VERTEX_POINT('',#3188);
#963=VERTEX_POINT('',#3190);
#964=VERTEX_POINT('',#3192);
#965=VERTEX_POINT('',#3197);
#966=VERTEX_POINT('',#3205);
#967=VERTEX_POINT('',#3207);
#968=VERTEX_POINT('',#3209);
#969=VERTEX_POINT('',#3211);
#970=VERTEX_POINT('',#3223);
#971=VERTEX_POINT('',#3224);
#972=VERTEX_POINT('',#3226);
#973=VERTEX_POINT('',#3228);
#974=VERTEX_POINT('',#3232);
#975=VERTEX_POINT('',#3234);
#976=VERTEX_POINT('',#3238);
#977=VERTEX_POINT('',#3240);
#978=VERTEX_POINT('',#3247);
#979=VERTEX_POINT('',#3248);
#980=VERTEX_POINT('',#3250);
#981=VERTEX_POINT('',#3252);
#982=VERTEX_POINT('',#3256);
#983=VERTEX_POINT('',#3258);
#984=VERTEX_POINT('',#3262);
#985=VERTEX_POINT('',#3266);
#986=VERTEX_POINT('',#3273);
#987=VERTEX_POINT('',#3276);
#988=VERTEX_POINT('',#3280);
#989=VERTEX_POINT('',#3283);
#990=VERTEX_POINT('',#3286);
#991=VERTEX_POINT('',#3290);
#992=VERTEX_POINT('',#3292);
#993=VERTEX_POINT('',#3297);
#994=VERTEX_POINT('',#3298);
#995=VERTEX_POINT('',#3300);
#996=VERTEX_POINT('',#3302);
#997=VERTEX_POINT('',#3304);
#998=VERTEX_POINT('',#3306);
#999=VERTEX_POINT('',#3310);
#1000=VERTEX_POINT('',#3312);
#1001=VERTEX_POINT('',#3316);
#1002=VERTEX_POINT('',#3320);
#1003=VERTEX_POINT('',#3324);
#1004=VERTEX_POINT('',#3328);
#1005=VERTEX_POINT('',#3334);
#1006=VERTEX_POINT('',#3335);
#1007=VERTEX_POINT('',#3337);
#1008=VERTEX_POINT('',#3339);
#1009=VERTEX_POINT('',#3343);
#1010=VERTEX_POINT('',#3345);
#1011=VERTEX_POINT('',#3349);
#1012=VERTEX_POINT('',#3351);
#1013=VERTEX_POINT('',#3358);
#1014=VERTEX_POINT('',#3359);
#1015=VERTEX_POINT('',#3361);
#1016=VERTEX_POINT('',#3363);
#1017=VERTEX_POINT('',#3367);
#1018=VERTEX_POINT('',#3369);
#1019=VERTEX_POINT('',#3373);
#1020=VERTEX_POINT('',#3377);
#1021=VERTEX_POINT('',#3386);
#1022=VERTEX_POINT('',#3387);
#1023=VERTEX_POINT('',#3389);
#1024=VERTEX_POINT('',#3391);
#1025=VERTEX_POINT('',#3395);
#1026=VERTEX_POINT('',#3397);
#1027=VERTEX_POINT('',#3401);
#1028=VERTEX_POINT('',#3403);
#1029=VERTEX_POINT('',#3413);
#1030=VERTEX_POINT('',#3414);
#1031=VERTEX_POINT('',#3416);
#1032=VERTEX_POINT('',#3418);
#1033=VERTEX_POINT('',#3422);
#1034=VERTEX_POINT('',#3424);
#1035=VERTEX_POINT('',#3428);
#1036=VERTEX_POINT('',#3432);
#1037=EDGE_CURVE('',#852,#853,#372,.T.);
#1038=EDGE_CURVE('',#854,#852,#373,.T.);
#1039=EDGE_CURVE('',#855,#854,#374,.T.);
#1040=EDGE_CURVE('',#855,#853,#375,.T.);
#1041=EDGE_CURVE('',#853,#856,#376,.T.);
#1042=EDGE_CURVE('',#857,#855,#377,.T.);
#1043=EDGE_CURVE('',#857,#856,#378,.T.);
#1044=EDGE_CURVE('',#856,#858,#379,.T.);
#1045=EDGE_CURVE('',#859,#857,#380,.T.);
#1046=EDGE_CURVE('',#859,#858,#381,.T.);
#1047=EDGE_CURVE('',#858,#852,#382,.T.);
#1048=EDGE_CURVE('',#854,#859,#383,.T.);
#1049=EDGE_CURVE('',#860,#860,#96,.T.);
#1050=EDGE_CURVE('',#861,#861,#97,.T.);
#1051=EDGE_CURVE('',#862,#862,#98,.T.);
#1052=EDGE_CURVE('',#863,#864,#384,.T.);
#1053=EDGE_CURVE('',#864,#865,#385,.T.);
#1054=EDGE_CURVE('',#865,#866,#386,.T.);
#1055=EDGE_CURVE('',#866,#863,#387,.T.);
#1056=EDGE_CURVE('',#867,#868,#388,.T.);
#1057=EDGE_CURVE('',#868,#869,#389,.T.);
#1058=EDGE_CURVE('',#869,#870,#390,.T.);
#1059=EDGE_CURVE('',#870,#867,#391,.T.);
#1060=EDGE_CURVE('',#871,#872,#392,.T.);
#1061=EDGE_CURVE('',#872,#873,#393,.T.);
#1062=EDGE_CURVE('',#873,#874,#394,.T.);
#1063=EDGE_CURVE('',#874,#871,#395,.T.);
#1064=EDGE_CURVE('',#875,#876,#396,.T.);
#1065=EDGE_CURVE('',#876,#877,#397,.T.);
#1066=EDGE_CURVE('',#877,#878,#398,.T.);
#1067=EDGE_CURVE('',#878,#875,#399,.T.);
#1068=EDGE_CURVE('',#879,#880,#400,.T.);
#1069=EDGE_CURVE('',#880,#881,#401,.T.);
#1070=EDGE_CURVE('',#881,#882,#402,.T.);
#1071=EDGE_CURVE('',#882,#879,#403,.T.);
#1072=EDGE_CURVE('',#883,#884,#404,.T.);
#1073=EDGE_CURVE('',#884,#885,#405,.T.);
#1074=EDGE_CURVE('',#885,#886,#406,.T.);
#1075=EDGE_CURVE('',#886,#883,#407,.T.);
#1076=EDGE_CURVE('',#887,#888,#408,.T.);
#1077=EDGE_CURVE('',#888,#889,#409,.T.);
#1078=EDGE_CURVE('',#889,#890,#410,.T.);
#1079=EDGE_CURVE('',#890,#887,#411,.T.);
#1080=EDGE_CURVE('',#891,#892,#412,.T.);
#1081=EDGE_CURVE('',#892,#893,#413,.T.);
#1082=EDGE_CURVE('',#893,#894,#414,.T.);
#1083=EDGE_CURVE('',#894,#891,#415,.T.);
#1084=EDGE_CURVE('',#895,#896,#416,.T.);
#1085=EDGE_CURVE('',#896,#897,#417,.T.);
#1086=EDGE_CURVE('',#897,#898,#418,.T.);
#1087=EDGE_CURVE('',#898,#895,#419,.T.);
#1088=EDGE_CURVE('',#899,#900,#99,.T.);
#1089=EDGE_CURVE('',#901,#899,#100,.T.);
#1090=EDGE_CURVE('',#902,#901,#420,.T.);
#1091=EDGE_CURVE('',#903,#902,#101,.T.);
#1092=EDGE_CURVE('',#904,#903,#102,.T.);
#1093=EDGE_CURVE('',#905,#904,#421,.T.);
#1094=EDGE_CURVE('',#906,#905,#103,.T.);
#1095=EDGE_CURVE('',#907,#906,#104,.T.);
#1096=EDGE_CURVE('',#908,#907,#422,.T.);
#1097=EDGE_CURVE('',#909,#908,#105,.T.);
#1098=EDGE_CURVE('',#910,#909,#106,.T.);
#1099=EDGE_CURVE('',#911,#910,#423,.T.);
#1100=EDGE_CURVE('',#912,#911,#107,.T.);
#1101=EDGE_CURVE('',#913,#912,#424,.T.);
#1102=EDGE_CURVE('',#914,#913,#108,.T.);
#1103=EDGE_CURVE('',#900,#914,#425,.T.);
#1104=EDGE_CURVE('',#895,#915,#426,.T.);
#1105=EDGE_CURVE('',#915,#916,#427,.T.);
#1106=EDGE_CURVE('',#896,#916,#428,.T.);
#1107=EDGE_CURVE('',#898,#917,#429,.T.);
#1108=EDGE_CURVE('',#917,#915,#430,.T.);
#1109=EDGE_CURVE('',#897,#918,#431,.T.);
#1110=EDGE_CURVE('',#918,#917,#432,.T.);
#1111=EDGE_CURVE('',#916,#918,#433,.T.);
#1112=EDGE_CURVE('',#891,#919,#434,.T.);
#1113=EDGE_CURVE('',#919,#920,#435,.T.);
#1114=EDGE_CURVE('',#892,#920,#436,.T.);
#1115=EDGE_CURVE('',#894,#921,#437,.T.);
#1116=EDGE_CURVE('',#921,#919,#438,.T.);
#1117=EDGE_CURVE('',#893,#922,#439,.T.);
#1118=EDGE_CURVE('',#922,#921,#440,.T.);
#1119=EDGE_CURVE('',#920,#922,#441,.T.);
#1120=EDGE_CURVE('',#887,#923,#442,.T.);
#1121=EDGE_CURVE('',#923,#924,#443,.T.);
#1122=EDGE_CURVE('',#888,#924,#444,.T.);
#1123=EDGE_CURVE('',#890,#925,#445,.T.);
#1124=EDGE_CURVE('',#925,#923,#446,.T.);
#1125=EDGE_CURVE('',#889,#926,#447,.T.);
#1126=EDGE_CURVE('',#926,#925,#448,.T.);
#1127=EDGE_CURVE('',#924,#926,#449,.T.);
#1128=EDGE_CURVE('',#883,#927,#450,.T.);
#1129=EDGE_CURVE('',#927,#928,#451,.T.);
#1130=EDGE_CURVE('',#884,#928,#452,.T.);
#1131=EDGE_CURVE('',#886,#929,#453,.T.);
#1132=EDGE_CURVE('',#929,#927,#454,.T.);
#1133=EDGE_CURVE('',#885,#930,#455,.T.);
#1134=EDGE_CURVE('',#930,#929,#456,.T.);
#1135=EDGE_CURVE('',#928,#930,#457,.T.);
#1136=EDGE_CURVE('',#879,#931,#458,.T.);
#1137=EDGE_CURVE('',#931,#932,#459,.T.);
#1138=EDGE_CURVE('',#880,#932,#460,.T.);
#1139=EDGE_CURVE('',#882,#933,#461,.T.);
#1140=EDGE_CURVE('',#933,#931,#462,.T.);
#1141=EDGE_CURVE('',#881,#934,#463,.T.);
#1142=EDGE_CURVE('',#934,#933,#464,.T.);
#1143=EDGE_CURVE('',#932,#934,#465,.T.);
#1144=EDGE_CURVE('',#875,#935,#466,.T.);
#1145=EDGE_CURVE('',#935,#936,#467,.T.);
#1146=EDGE_CURVE('',#876,#936,#468,.T.);
#1147=EDGE_CURVE('',#878,#937,#469,.T.);
#1148=EDGE_CURVE('',#937,#935,#470,.T.);
#1149=EDGE_CURVE('',#877,#938,#471,.T.);
#1150=EDGE_CURVE('',#938,#937,#472,.T.);
#1151=EDGE_CURVE('',#936,#938,#473,.T.);
#1152=EDGE_CURVE('',#871,#939,#474,.T.);
#1153=EDGE_CURVE('',#939,#940,#475,.T.);
#1154=EDGE_CURVE('',#872,#940,#476,.T.);
#1155=EDGE_CURVE('',#874,#941,#477,.T.);
#1156=EDGE_CURVE('',#941,#939,#478,.T.);
#1157=EDGE_CURVE('',#873,#942,#479,.T.);
#1158=EDGE_CURVE('',#942,#941,#480,.T.);
#1159=EDGE_CURVE('',#940,#942,#481,.T.);
#1160=EDGE_CURVE('',#867,#943,#482,.T.);
#1161=EDGE_CURVE('',#943,#944,#483,.T.);
#1162=EDGE_CURVE('',#868,#944,#484,.T.);
#1163=EDGE_CURVE('',#870,#945,#485,.T.);
#1164=EDGE_CURVE('',#945,#943,#486,.T.);
#1165=EDGE_CURVE('',#869,#946,#487,.T.);
#1166=EDGE_CURVE('',#946,#945,#488,.T.);
#1167=EDGE_CURVE('',#944,#946,#489,.T.);
#1168=EDGE_CURVE('',#863,#947,#490,.T.);
#1169=EDGE_CURVE('',#947,#948,#491,.T.);
#1170=EDGE_CURVE('',#864,#948,#492,.T.);
#1171=EDGE_CURVE('',#866,#949,#493,.T.);
#1172=EDGE_CURVE('',#949,#947,#494,.T.);
#1173=EDGE_CURVE('',#865,#950,#495,.T.);
#1174=EDGE_CURVE('',#950,#949,#496,.T.);
#1175=EDGE_CURVE('',#948,#950,#497,.T.);
#1176=EDGE_CURVE('',#951,#952,#109,.T.);
#1177=EDGE_CURVE('',#952,#953,#498,.T.);
#1178=EDGE_CURVE('',#953,#954,#499,.F.);
#1179=EDGE_CURVE('',#954,#955,#500,.F.);
#1180=EDGE_CURVE('',#955,#956,#501,.F.);
#1181=EDGE_CURVE('',#956,#957,#502,.F.);
#1182=EDGE_CURVE('',#957,#958,#503,.F.);
#1183=EDGE_CURVE('',#958,#959,#504,.T.);
#1184=EDGE_CURVE('',#959,#960,#505,.T.);
#1185=EDGE_CURVE('',#960,#951,#506,.T.);
#1186=EDGE_CURVE('',#953,#961,#507,.T.);
#1187=EDGE_CURVE('',#961,#962,#508,.T.);
#1188=EDGE_CURVE('',#962,#963,#509,.T.);
#1189=EDGE_CURVE('',#964,#963,#510,.F.);
#1190=EDGE_CURVE('',#964,#954,#511,.F.);
#1191=EDGE_CURVE('',#952,#951,#110,.T.);
#1192=EDGE_CURVE('',#965,#965,#111,.F.);
#1193=EDGE_CURVE('',#961,#960,#112,.F.);
#1194=EDGE_CURVE('',#959,#962,#113,.T.);
#1195=EDGE_CURVE('',#963,#966,#512,.F.);
#1196=EDGE_CURVE('',#966,#967,#513,.F.);
#1197=EDGE_CURVE('',#967,#968,#514,.F.);
#1198=EDGE_CURVE('',#968,#969,#515,.F.);
#1199=EDGE_CURVE('',#969,#964,#516,.F.);
#1200=EDGE_CURVE('',#966,#958,#517,.T.);
#1201=EDGE_CURVE('',#957,#967,#518,.T.);
#1202=EDGE_CURVE('',#956,#968,#519,.F.);
#1203=EDGE_CURVE('',#955,#969,#520,.T.);
#1204=EDGE_CURVE('',#970,#971,#521,.F.);
#1205=EDGE_CURVE('',#971,#972,#522,.F.);
#1206=EDGE_CURVE('',#973,#972,#523,.F.);
#1207=EDGE_CURVE('',#970,#973,#524,.T.);
#1208=EDGE_CURVE('',#971,#974,#525,.F.);
#1209=EDGE_CURVE('',#974,#975,#526,.F.);
#1210=EDGE_CURVE('',#972,#975,#527,.F.);
#1211=EDGE_CURVE('',#974,#976,#528,.F.);
#1212=EDGE_CURVE('',#976,#977,#529,.F.);
#1213=EDGE_CURVE('',#975,#977,#530,.F.);
#1214=EDGE_CURVE('',#976,#970,#531,.F.);
#1215=EDGE_CURVE('',#977,#973,#532,.F.);
#1216=EDGE_CURVE('',#978,#979,#533,.F.);
#1217=EDGE_CURVE('',#979,#980,#534,.F.);
#1218=EDGE_CURVE('',#980,#981,#535,.F.);
#1219=EDGE_CURVE('',#981,#978,#536,.F.);
#1220=EDGE_CURVE('',#982,#980,#537,.T.);
#1221=EDGE_CURVE('',#983,#982,#538,.T.);
#1222=EDGE_CURVE('',#983,#981,#539,.F.);
#1223=EDGE_CURVE('',#984,#983,#540,.T.);
#1224=EDGE_CURVE('',#984,#978,#541,.F.);
#1225=EDGE_CURVE('',#985,#984,#542,.T.);
#1226=EDGE_CURVE('',#985,#979,#543,.F.);
#1227=EDGE_CURVE('',#982,#985,#544,.T.);
#1228=EDGE_CURVE('',#986,#986,#114,.T.);
#1229=EDGE_CURVE('',#987,#987,#115,.T.);
#1230=EDGE_CURVE('',#987,#986,#545,.T.);
#1231=EDGE_CURVE('',#988,#988,#116,.T.);
#1232=EDGE_CURVE('',#989,#989,#117,.T.);
#1233=EDGE_CURVE('',#989,#990,#546,.T.);
#1234=EDGE_CURVE('',#990,#990,#118,.T.);
#1235=EDGE_CURVE('',#991,#991,#119,.T.);
#1236=EDGE_CURVE('',#991,#992,#547,.T.);
#1237=EDGE_CURVE('',#992,#992,#120,.T.);
#1238=EDGE_CURVE('',#993,#994,#548,.T.);
#1239=EDGE_CURVE('',#995,#993,#549,.T.);
#1240=EDGE_CURVE('',#996,#995,#550,.T.);
#1241=EDGE_CURVE('',#997,#996,#551,.T.);
#1242=EDGE_CURVE('',#998,#997,#552,.T.);
#1243=EDGE_CURVE('',#994,#998,#553,.T.);
#1244=EDGE_CURVE('',#998,#999,#554,.T.);
#1245=EDGE_CURVE('',#1000,#997,#555,.T.);
#1246=EDGE_CURVE('',#1000,#999,#556,.T.);
#1247=EDGE_CURVE('',#1001,#996,#557,.T.);
#1248=EDGE_CURVE('',#1001,#1000,#558,.T.);
#1249=EDGE_CURVE('',#1002,#995,#559,.T.);
#1250=EDGE_CURVE('',#1002,#1001,#560,.T.);
#1251=EDGE_CURVE('',#993,#1003,#561,.T.);
#1252=EDGE_CURVE('',#1003,#1002,#562,.T.);
#1253=EDGE_CURVE('',#1004,#994,#563,.T.);
#1254=EDGE_CURVE('',#1004,#1003,#564,.T.);
#1255=EDGE_CURVE('',#999,#1004,#565,.T.);
#1256=EDGE_CURVE('',#1005,#1006,#566,.T.);
#1257=EDGE_CURVE('',#1005,#1007,#567,.T.);
#1258=EDGE_CURVE('',#1007,#1008,#568,.T.);
#1259=EDGE_CURVE('',#1006,#1008,#569,.T.);
#1260=EDGE_CURVE('',#1006,#1009,#570,.T.);
#1261=EDGE_CURVE('',#1008,#1010,#571,.T.);
#1262=EDGE_CURVE('',#1009,#1010,#572,.T.);
#1263=EDGE_CURVE('',#1009,#1011,#573,.T.);
#1264=EDGE_CURVE('',#1010,#1012,#574,.T.);
#1265=EDGE_CURVE('',#1011,#1012,#575,.T.);
#1266=EDGE_CURVE('',#1011,#1005,#576,.T.);
#1267=EDGE_CURVE('',#1012,#1007,#577,.T.);
#1268=EDGE_CURVE('',#1013,#1014,#578,.T.);
#1269=EDGE_CURVE('',#1015,#1013,#579,.T.);
#1270=EDGE_CURVE('',#1016,#1015,#580,.T.);
#1271=EDGE_CURVE('',#1014,#1016,#581,.T.);
#1272=EDGE_CURVE('',#1017,#1015,#582,.T.);
#1273=EDGE_CURVE('',#1017,#1018,#583,.T.);
#1274=EDGE_CURVE('',#1018,#1016,#584,.T.);
#1275=EDGE_CURVE('',#1019,#1013,#585,.T.);
#1276=EDGE_CURVE('',#1019,#1017,#586,.T.);
#1277=EDGE_CURVE('',#1020,#1014,#587,.T.);
#1278=EDGE_CURVE('',#1020,#1019,#588,.T.);
#1279=EDGE_CURVE('',#1018,#1020,#589,.T.);
#1280=EDGE_CURVE('',#1021,#1022,#590,.T.);
#1281=EDGE_CURVE('',#1023,#1022,#591,.T.);
#1282=EDGE_CURVE('',#1024,#1023,#592,.T.);
#1283=EDGE_CURVE('',#1024,#1021,#593,.T.);
#1284=EDGE_CURVE('',#1022,#1025,#594,.T.);
#1285=EDGE_CURVE('',#1026,#1025,#595,.T.);
#1286=EDGE_CURVE('',#1023,#1026,#596,.T.);
#1287=EDGE_CURVE('',#1025,#1027,#597,.T.);
#1288=EDGE_CURVE('',#1028,#1027,#598,.T.);
#1289=EDGE_CURVE('',#1026,#1028,#599,.T.);
#1290=EDGE_CURVE('',#1027,#1021,#600,.T.);
#1291=EDGE_CURVE('',#1028,#1024,#601,.T.);
#1292=EDGE_CURVE('',#1029,#1030,#602,.T.);
#1293=EDGE_CURVE('',#1031,#1029,#603,.T.);
#1294=EDGE_CURVE('',#1031,#1032,#604,.T.);
#1295=EDGE_CURVE('',#1032,#1030,#605,.T.);
#1296=EDGE_CURVE('',#1033,#1029,#121,.T.);
#1297=EDGE_CURVE('',#1033,#1034,#606,.T.);
#1298=EDGE_CURVE('',#1034,#1031,#607,.T.);
#1299=EDGE_CURVE('',#1030,#1035,#122,.T.);
#1300=EDGE_CURVE('',#1035,#1033,#608,.T.);
#1301=EDGE_CURVE('',#1035,#1036,#609,.T.);
#1302=EDGE_CURVE('',#1034,#1036,#610,.T.);
#1303=EDGE_CURVE('',#1036,#1032,#611,.T.);
#1304=ORIENTED_EDGE('',*,*,#1037,.F.);
#1305=ORIENTED_EDGE('',*,*,#1038,.F.);
#1306=ORIENTED_EDGE('',*,*,#1039,.F.);
#1307=ORIENTED_EDGE('',*,*,#1040,.T.);
#1308=ORIENTED_EDGE('',*,*,#1041,.F.);
#1309=ORIENTED_EDGE('',*,*,#1040,.F.);
#1310=ORIENTED_EDGE('',*,*,#1042,.F.);
#1311=ORIENTED_EDGE('',*,*,#1043,.T.);
#1312=ORIENTED_EDGE('',*,*,#1044,.F.);
#1313=ORIENTED_EDGE('',*,*,#1043,.F.);
#1314=ORIENTED_EDGE('',*,*,#1045,.F.);
#1315=ORIENTED_EDGE('',*,*,#1046,.T.);
#1316=ORIENTED_EDGE('',*,*,#1047,.F.);
#1317=ORIENTED_EDGE('',*,*,#1046,.F.);
#1318=ORIENTED_EDGE('',*,*,#1048,.F.);
#1319=ORIENTED_EDGE('',*,*,#1038,.T.);
#1320=ORIENTED_EDGE('',*,*,#1049,.F.);
#1321=ORIENTED_EDGE('',*,*,#1050,.F.);
#1322=ORIENTED_EDGE('',*,*,#1049,.T.);
#1323=ORIENTED_EDGE('',*,*,#1051,.F.);
#1324=ORIENTED_EDGE('',*,*,#1050,.T.);
#1325=ORIENTED_EDGE('',*,*,#1045,.T.);
#1326=ORIENTED_EDGE('',*,*,#1042,.T.);
#1327=ORIENTED_EDGE('',*,*,#1039,.T.);
#1328=ORIENTED_EDGE('',*,*,#1048,.T.);
#1329=ORIENTED_EDGE('',*,*,#1052,.T.);
#1330=ORIENTED_EDGE('',*,*,#1053,.T.);
#1331=ORIENTED_EDGE('',*,*,#1054,.T.);
#1332=ORIENTED_EDGE('',*,*,#1055,.T.);
#1333=ORIENTED_EDGE('',*,*,#1056,.T.);
#1334=ORIENTED_EDGE('',*,*,#1057,.T.);
#1335=ORIENTED_EDGE('',*,*,#1058,.T.);
#1336=ORIENTED_EDGE('',*,*,#1059,.T.);
#1337=ORIENTED_EDGE('',*,*,#1060,.T.);
#1338=ORIENTED_EDGE('',*,*,#1061,.T.);
#1339=ORIENTED_EDGE('',*,*,#1062,.T.);
#1340=ORIENTED_EDGE('',*,*,#1063,.T.);
#1341=ORIENTED_EDGE('',*,*,#1064,.T.);
#1342=ORIENTED_EDGE('',*,*,#1065,.T.);
#1343=ORIENTED_EDGE('',*,*,#1066,.T.);
#1344=ORIENTED_EDGE('',*,*,#1067,.T.);
#1345=ORIENTED_EDGE('',*,*,#1068,.T.);
#1346=ORIENTED_EDGE('',*,*,#1069,.T.);
#1347=ORIENTED_EDGE('',*,*,#1070,.T.);
#1348=ORIENTED_EDGE('',*,*,#1071,.T.);
#1349=ORIENTED_EDGE('',*,*,#1072,.T.);
#1350=ORIENTED_EDGE('',*,*,#1073,.T.);
#1351=ORIENTED_EDGE('',*,*,#1074,.T.);
#1352=ORIENTED_EDGE('',*,*,#1075,.T.);
#1353=ORIENTED_EDGE('',*,*,#1076,.T.);
#1354=ORIENTED_EDGE('',*,*,#1077,.T.);
#1355=ORIENTED_EDGE('',*,*,#1078,.T.);
#1356=ORIENTED_EDGE('',*,*,#1079,.T.);
#1357=ORIENTED_EDGE('',*,*,#1080,.T.);
#1358=ORIENTED_EDGE('',*,*,#1081,.T.);
#1359=ORIENTED_EDGE('',*,*,#1082,.T.);
#1360=ORIENTED_EDGE('',*,*,#1083,.T.);
#1361=ORIENTED_EDGE('',*,*,#1084,.T.);
#1362=ORIENTED_EDGE('',*,*,#1085,.T.);
#1363=ORIENTED_EDGE('',*,*,#1086,.T.);
#1364=ORIENTED_EDGE('',*,*,#1087,.T.);
#1365=ORIENTED_EDGE('',*,*,#1088,.F.);
#1366=ORIENTED_EDGE('',*,*,#1089,.F.);
#1367=ORIENTED_EDGE('',*,*,#1090,.F.);
#1368=ORIENTED_EDGE('',*,*,#1091,.F.);
#1369=ORIENTED_EDGE('',*,*,#1092,.F.);
#1370=ORIENTED_EDGE('',*,*,#1093,.F.);
#1371=ORIENTED_EDGE('',*,*,#1094,.F.);
#1372=ORIENTED_EDGE('',*,*,#1095,.F.);
#1373=ORIENTED_EDGE('',*,*,#1096,.F.);
#1374=ORIENTED_EDGE('',*,*,#1097,.F.);
#1375=ORIENTED_EDGE('',*,*,#1098,.F.);
#1376=ORIENTED_EDGE('',*,*,#1099,.F.);
#1377=ORIENTED_EDGE('',*,*,#1100,.F.);
#1378=ORIENTED_EDGE('',*,*,#1101,.F.);
#1379=ORIENTED_EDGE('',*,*,#1102,.F.);
#1380=ORIENTED_EDGE('',*,*,#1103,.F.);
#1381=ORIENTED_EDGE('',*,*,#1084,.F.);
#1382=ORIENTED_EDGE('',*,*,#1104,.T.);
#1383=ORIENTED_EDGE('',*,*,#1105,.T.);
#1384=ORIENTED_EDGE('',*,*,#1106,.F.);
#1385=ORIENTED_EDGE('',*,*,#1087,.F.);
#1386=ORIENTED_EDGE('',*,*,#1107,.T.);
#1387=ORIENTED_EDGE('',*,*,#1108,.T.);
#1388=ORIENTED_EDGE('',*,*,#1104,.F.);
#1389=ORIENTED_EDGE('',*,*,#1086,.F.);
#1390=ORIENTED_EDGE('',*,*,#1109,.T.);
#1391=ORIENTED_EDGE('',*,*,#1110,.T.);
#1392=ORIENTED_EDGE('',*,*,#1107,.F.);
#1393=ORIENTED_EDGE('',*,*,#1085,.F.);
#1394=ORIENTED_EDGE('',*,*,#1106,.T.);
#1395=ORIENTED_EDGE('',*,*,#1111,.T.);
#1396=ORIENTED_EDGE('',*,*,#1109,.F.);
#1397=ORIENTED_EDGE('',*,*,#1111,.F.);
#1398=ORIENTED_EDGE('',*,*,#1105,.F.);
#1399=ORIENTED_EDGE('',*,*,#1108,.F.);
#1400=ORIENTED_EDGE('',*,*,#1110,.F.);
#1401=ORIENTED_EDGE('',*,*,#1080,.F.);
#1402=ORIENTED_EDGE('',*,*,#1112,.T.);
#1403=ORIENTED_EDGE('',*,*,#1113,.T.);
#1404=ORIENTED_EDGE('',*,*,#1114,.F.);
#1405=ORIENTED_EDGE('',*,*,#1083,.F.);
#1406=ORIENTED_EDGE('',*,*,#1115,.T.);
#1407=ORIENTED_EDGE('',*,*,#1116,.T.);
#1408=ORIENTED_EDGE('',*,*,#1112,.F.);
#1409=ORIENTED_EDGE('',*,*,#1082,.F.);
#1410=ORIENTED_EDGE('',*,*,#1117,.T.);
#1411=ORIENTED_EDGE('',*,*,#1118,.T.);
#1412=ORIENTED_EDGE('',*,*,#1115,.F.);
#1413=ORIENTED_EDGE('',*,*,#1081,.F.);
#1414=ORIENTED_EDGE('',*,*,#1114,.T.);
#1415=ORIENTED_EDGE('',*,*,#1119,.T.);
#1416=ORIENTED_EDGE('',*,*,#1117,.F.);
#1417=ORIENTED_EDGE('',*,*,#1119,.F.);
#1418=ORIENTED_EDGE('',*,*,#1113,.F.);
#1419=ORIENTED_EDGE('',*,*,#1116,.F.);
#1420=ORIENTED_EDGE('',*,*,#1118,.F.);
#1421=ORIENTED_EDGE('',*,*,#1076,.F.);
#1422=ORIENTED_EDGE('',*,*,#1120,.T.);
#1423=ORIENTED_EDGE('',*,*,#1121,.T.);
#1424=ORIENTED_EDGE('',*,*,#1122,.F.);
#1425=ORIENTED_EDGE('',*,*,#1079,.F.);
#1426=ORIENTED_EDGE('',*,*,#1123,.T.);
#1427=ORIENTED_EDGE('',*,*,#1124,.T.);
#1428=ORIENTED_EDGE('',*,*,#1120,.F.);
#1429=ORIENTED_EDGE('',*,*,#1078,.F.);
#1430=ORIENTED_EDGE('',*,*,#1125,.T.);
#1431=ORIENTED_EDGE('',*,*,#1126,.T.);
#1432=ORIENTED_EDGE('',*,*,#1123,.F.);
#1433=ORIENTED_EDGE('',*,*,#1077,.F.);
#1434=ORIENTED_EDGE('',*,*,#1122,.T.);
#1435=ORIENTED_EDGE('',*,*,#1127,.T.);
#1436=ORIENTED_EDGE('',*,*,#1125,.F.);
#1437=ORIENTED_EDGE('',*,*,#1127,.F.);
#1438=ORIENTED_EDGE('',*,*,#1121,.F.);
#1439=ORIENTED_EDGE('',*,*,#1124,.F.);
#1440=ORIENTED_EDGE('',*,*,#1126,.F.);
#1441=ORIENTED_EDGE('',*,*,#1072,.F.);
#1442=ORIENTED_EDGE('',*,*,#1128,.T.);
#1443=ORIENTED_EDGE('',*,*,#1129,.T.);
#1444=ORIENTED_EDGE('',*,*,#1130,.F.);
#1445=ORIENTED_EDGE('',*,*,#1075,.F.);
#1446=ORIENTED_EDGE('',*,*,#1131,.T.);
#1447=ORIENTED_EDGE('',*,*,#1132,.T.);
#1448=ORIENTED_EDGE('',*,*,#1128,.F.);
#1449=ORIENTED_EDGE('',*,*,#1074,.F.);
#1450=ORIENTED_EDGE('',*,*,#1133,.T.);
#1451=ORIENTED_EDGE('',*,*,#1134,.T.);
#1452=ORIENTED_EDGE('',*,*,#1131,.F.);
#1453=ORIENTED_EDGE('',*,*,#1073,.F.);
#1454=ORIENTED_EDGE('',*,*,#1130,.T.);
#1455=ORIENTED_EDGE('',*,*,#1135,.T.);
#1456=ORIENTED_EDGE('',*,*,#1133,.F.);
#1457=ORIENTED_EDGE('',*,*,#1135,.F.);
#1458=ORIENTED_EDGE('',*,*,#1129,.F.);
#1459=ORIENTED_EDGE('',*,*,#1132,.F.);
#1460=ORIENTED_EDGE('',*,*,#1134,.F.);
#1461=ORIENTED_EDGE('',*,*,#1068,.F.);
#1462=ORIENTED_EDGE('',*,*,#1136,.T.);
#1463=ORIENTED_EDGE('',*,*,#1137,.T.);
#1464=ORIENTED_EDGE('',*,*,#1138,.F.);
#1465=ORIENTED_EDGE('',*,*,#1071,.F.);
#1466=ORIENTED_EDGE('',*,*,#1139,.T.);
#1467=ORIENTED_EDGE('',*,*,#1140,.T.);
#1468=ORIENTED_EDGE('',*,*,#1136,.F.);
#1469=ORIENTED_EDGE('',*,*,#1070,.F.);
#1470=ORIENTED_EDGE('',*,*,#1141,.T.);
#1471=ORIENTED_EDGE('',*,*,#1142,.T.);
#1472=ORIENTED_EDGE('',*,*,#1139,.F.);
#1473=ORIENTED_EDGE('',*,*,#1069,.F.);
#1474=ORIENTED_EDGE('',*,*,#1138,.T.);
#1475=ORIENTED_EDGE('',*,*,#1143,.T.);
#1476=ORIENTED_EDGE('',*,*,#1141,.F.);
#1477=ORIENTED_EDGE('',*,*,#1143,.F.);
#1478=ORIENTED_EDGE('',*,*,#1137,.F.);
#1479=ORIENTED_EDGE('',*,*,#1140,.F.);
#1480=ORIENTED_EDGE('',*,*,#1142,.F.);
#1481=ORIENTED_EDGE('',*,*,#1064,.F.);
#1482=ORIENTED_EDGE('',*,*,#1144,.T.);
#1483=ORIENTED_EDGE('',*,*,#1145,.T.);
#1484=ORIENTED_EDGE('',*,*,#1146,.F.);
#1485=ORIENTED_EDGE('',*,*,#1067,.F.);
#1486=ORIENTED_EDGE('',*,*,#1147,.T.);
#1487=ORIENTED_EDGE('',*,*,#1148,.T.);
#1488=ORIENTED_EDGE('',*,*,#1144,.F.);
#1489=ORIENTED_EDGE('',*,*,#1066,.F.);
#1490=ORIENTED_EDGE('',*,*,#1149,.T.);
#1491=ORIENTED_EDGE('',*,*,#1150,.T.);
#1492=ORIENTED_EDGE('',*,*,#1147,.F.);
#1493=ORIENTED_EDGE('',*,*,#1065,.F.);
#1494=ORIENTED_EDGE('',*,*,#1146,.T.);
#1495=ORIENTED_EDGE('',*,*,#1151,.T.);
#1496=ORIENTED_EDGE('',*,*,#1149,.F.);
#1497=ORIENTED_EDGE('',*,*,#1151,.F.);
#1498=ORIENTED_EDGE('',*,*,#1145,.F.);
#1499=ORIENTED_EDGE('',*,*,#1148,.F.);
#1500=ORIENTED_EDGE('',*,*,#1150,.F.);
#1501=ORIENTED_EDGE('',*,*,#1060,.F.);
#1502=ORIENTED_EDGE('',*,*,#1152,.T.);
#1503=ORIENTED_EDGE('',*,*,#1153,.T.);
#1504=ORIENTED_EDGE('',*,*,#1154,.F.);
#1505=ORIENTED_EDGE('',*,*,#1063,.F.);
#1506=ORIENTED_EDGE('',*,*,#1155,.T.);
#1507=ORIENTED_EDGE('',*,*,#1156,.T.);
#1508=ORIENTED_EDGE('',*,*,#1152,.F.);
#1509=ORIENTED_EDGE('',*,*,#1062,.F.);
#1510=ORIENTED_EDGE('',*,*,#1157,.T.);
#1511=ORIENTED_EDGE('',*,*,#1158,.T.);
#1512=ORIENTED_EDGE('',*,*,#1155,.F.);
#1513=ORIENTED_EDGE('',*,*,#1061,.F.);
#1514=ORIENTED_EDGE('',*,*,#1154,.T.);
#1515=ORIENTED_EDGE('',*,*,#1159,.T.);
#1516=ORIENTED_EDGE('',*,*,#1157,.F.);
#1517=ORIENTED_EDGE('',*,*,#1159,.F.);
#1518=ORIENTED_EDGE('',*,*,#1153,.F.);
#1519=ORIENTED_EDGE('',*,*,#1156,.F.);
#1520=ORIENTED_EDGE('',*,*,#1158,.F.);
#1521=ORIENTED_EDGE('',*,*,#1056,.F.);
#1522=ORIENTED_EDGE('',*,*,#1160,.T.);
#1523=ORIENTED_EDGE('',*,*,#1161,.T.);
#1524=ORIENTED_EDGE('',*,*,#1162,.F.);
#1525=ORIENTED_EDGE('',*,*,#1059,.F.);
#1526=ORIENTED_EDGE('',*,*,#1163,.T.);
#1527=ORIENTED_EDGE('',*,*,#1164,.T.);
#1528=ORIENTED_EDGE('',*,*,#1160,.F.);
#1529=ORIENTED_EDGE('',*,*,#1058,.F.);
#1530=ORIENTED_EDGE('',*,*,#1165,.T.);
#1531=ORIENTED_EDGE('',*,*,#1166,.T.);
#1532=ORIENTED_EDGE('',*,*,#1163,.F.);
#1533=ORIENTED_EDGE('',*,*,#1057,.F.);
#1534=ORIENTED_EDGE('',*,*,#1162,.T.);
#1535=ORIENTED_EDGE('',*,*,#1167,.T.);
#1536=ORIENTED_EDGE('',*,*,#1165,.F.);
#1537=ORIENTED_EDGE('',*,*,#1167,.F.);
#1538=ORIENTED_EDGE('',*,*,#1161,.F.);
#1539=ORIENTED_EDGE('',*,*,#1164,.F.);
#1540=ORIENTED_EDGE('',*,*,#1166,.F.);
#1541=ORIENTED_EDGE('',*,*,#1052,.F.);
#1542=ORIENTED_EDGE('',*,*,#1168,.T.);
#1543=ORIENTED_EDGE('',*,*,#1169,.T.);
#1544=ORIENTED_EDGE('',*,*,#1170,.F.);
#1545=ORIENTED_EDGE('',*,*,#1055,.F.);
#1546=ORIENTED_EDGE('',*,*,#1171,.T.);
#1547=ORIENTED_EDGE('',*,*,#1172,.T.);
#1548=ORIENTED_EDGE('',*,*,#1168,.F.);
#1549=ORIENTED_EDGE('',*,*,#1054,.F.);
#1550=ORIENTED_EDGE('',*,*,#1173,.T.);
#1551=ORIENTED_EDGE('',*,*,#1174,.T.);
#1552=ORIENTED_EDGE('',*,*,#1171,.F.);
#1553=ORIENTED_EDGE('',*,*,#1053,.F.);
#1554=ORIENTED_EDGE('',*,*,#1170,.T.);
#1555=ORIENTED_EDGE('',*,*,#1175,.T.);
#1556=ORIENTED_EDGE('',*,*,#1173,.F.);
#1557=ORIENTED_EDGE('',*,*,#1175,.F.);
#1558=ORIENTED_EDGE('',*,*,#1169,.F.);
#1559=ORIENTED_EDGE('',*,*,#1172,.F.);
#1560=ORIENTED_EDGE('',*,*,#1174,.F.);
#1561=ORIENTED_EDGE('',*,*,#1044,.T.);
#1562=ORIENTED_EDGE('',*,*,#1047,.T.);
#1563=ORIENTED_EDGE('',*,*,#1037,.T.);
#1564=ORIENTED_EDGE('',*,*,#1041,.T.);
#1565=ORIENTED_EDGE('',*,*,#1088,.T.);
#1566=ORIENTED_EDGE('',*,*,#1103,.T.);
#1567=ORIENTED_EDGE('',*,*,#1102,.T.);
#1568=ORIENTED_EDGE('',*,*,#1101,.T.);
#1569=ORIENTED_EDGE('',*,*,#1100,.T.);
#1570=ORIENTED_EDGE('',*,*,#1099,.T.);
#1571=ORIENTED_EDGE('',*,*,#1098,.T.);
#1572=ORIENTED_EDGE('',*,*,#1097,.T.);
#1573=ORIENTED_EDGE('',*,*,#1096,.T.);
#1574=ORIENTED_EDGE('',*,*,#1095,.T.);
#1575=ORIENTED_EDGE('',*,*,#1094,.T.);
#1576=ORIENTED_EDGE('',*,*,#1093,.T.);
#1577=ORIENTED_EDGE('',*,*,#1092,.T.);
#1578=ORIENTED_EDGE('',*,*,#1091,.T.);
#1579=ORIENTED_EDGE('',*,*,#1090,.T.);
#1580=ORIENTED_EDGE('',*,*,#1089,.T.);
#1581=ORIENTED_EDGE('',*,*,#1051,.T.);
#1582=ORIENTED_EDGE('',*,*,#1176,.T.);
#1583=ORIENTED_EDGE('',*,*,#1177,.T.);
#1584=ORIENTED_EDGE('',*,*,#1178,.T.);
#1585=ORIENTED_EDGE('',*,*,#1179,.T.);
#1586=ORIENTED_EDGE('',*,*,#1180,.T.);
#1587=ORIENTED_EDGE('',*,*,#1181,.T.);
#1588=ORIENTED_EDGE('',*,*,#1182,.T.);
#1589=ORIENTED_EDGE('',*,*,#1183,.T.);
#1590=ORIENTED_EDGE('',*,*,#1184,.T.);
#1591=ORIENTED_EDGE('',*,*,#1185,.T.);
#1592=ORIENTED_EDGE('',*,*,#1186,.T.);
#1593=ORIENTED_EDGE('',*,*,#1187,.T.);
#1594=ORIENTED_EDGE('',*,*,#1188,.T.);
#1595=ORIENTED_EDGE('',*,*,#1189,.F.);
#1596=ORIENTED_EDGE('',*,*,#1190,.T.);
#1597=ORIENTED_EDGE('',*,*,#1178,.F.);
#1598=ORIENTED_EDGE('',*,*,#1176,.F.);
#1599=ORIENTED_EDGE('',*,*,#1191,.F.);
#1600=ORIENTED_EDGE('',*,*,#1192,.T.);
#1601=ORIENTED_EDGE('',*,*,#1192,.F.);
#1602=ORIENTED_EDGE('',*,*,#1186,.F.);
#1603=ORIENTED_EDGE('',*,*,#1177,.F.);
#1604=ORIENTED_EDGE('',*,*,#1191,.T.);
#1605=ORIENTED_EDGE('',*,*,#1185,.F.);
#1606=ORIENTED_EDGE('',*,*,#1193,.F.);
#1607=ORIENTED_EDGE('',*,*,#1187,.F.);
#1608=ORIENTED_EDGE('',*,*,#1193,.T.);
#1609=ORIENTED_EDGE('',*,*,#1184,.F.);
#1610=ORIENTED_EDGE('',*,*,#1194,.T.);
#1611=ORIENTED_EDGE('',*,*,#1189,.T.);
#1612=ORIENTED_EDGE('',*,*,#1195,.T.);
#1613=ORIENTED_EDGE('',*,*,#1196,.T.);
#1614=ORIENTED_EDGE('',*,*,#1197,.T.);
#1615=ORIENTED_EDGE('',*,*,#1198,.T.);
#1616=ORIENTED_EDGE('',*,*,#1199,.T.);
#1617=ORIENTED_EDGE('',*,*,#1200,.T.);
#1618=ORIENTED_EDGE('',*,*,#1182,.F.);
#1619=ORIENTED_EDGE('',*,*,#1201,.T.);
#1620=ORIENTED_EDGE('',*,*,#1196,.F.);
#1621=ORIENTED_EDGE('',*,*,#1201,.F.);
#1622=ORIENTED_EDGE('',*,*,#1181,.F.);
#1623=ORIENTED_EDGE('',*,*,#1202,.T.);
#1624=ORIENTED_EDGE('',*,*,#1197,.F.);
#1625=ORIENTED_EDGE('',*,*,#1202,.F.);
#1626=ORIENTED_EDGE('',*,*,#1180,.F.);
#1627=ORIENTED_EDGE('',*,*,#1203,.T.);
#1628=ORIENTED_EDGE('',*,*,#1198,.F.);
#1629=ORIENTED_EDGE('',*,*,#1203,.F.);
#1630=ORIENTED_EDGE('',*,*,#1179,.F.);
#1631=ORIENTED_EDGE('',*,*,#1190,.F.);
#1632=ORIENTED_EDGE('',*,*,#1199,.F.);
#1633=ORIENTED_EDGE('',*,*,#1204,.T.);
#1634=ORIENTED_EDGE('',*,*,#1205,.T.);
#1635=ORIENTED_EDGE('',*,*,#1206,.F.);
#1636=ORIENTED_EDGE('',*,*,#1207,.F.);
#1637=ORIENTED_EDGE('',*,*,#1208,.T.);
#1638=ORIENTED_EDGE('',*,*,#1209,.T.);
#1639=ORIENTED_EDGE('',*,*,#1210,.F.);
#1640=ORIENTED_EDGE('',*,*,#1205,.F.);
#1641=ORIENTED_EDGE('',*,*,#1211,.T.);
#1642=ORIENTED_EDGE('',*,*,#1212,.T.);
#1643=ORIENTED_EDGE('',*,*,#1213,.F.);
#1644=ORIENTED_EDGE('',*,*,#1209,.F.);
#1645=ORIENTED_EDGE('',*,*,#1214,.T.);
#1646=ORIENTED_EDGE('',*,*,#1207,.T.);
#1647=ORIENTED_EDGE('',*,*,#1215,.F.);
#1648=ORIENTED_EDGE('',*,*,#1212,.F.);
#1649=ORIENTED_EDGE('',*,*,#1216,.T.);
#1650=ORIENTED_EDGE('',*,*,#1217,.T.);
#1651=ORIENTED_EDGE('',*,*,#1218,.T.);
#1652=ORIENTED_EDGE('',*,*,#1219,.T.);
#1653=ORIENTED_EDGE('',*,*,#1206,.T.);
#1654=ORIENTED_EDGE('',*,*,#1210,.T.);
#1655=ORIENTED_EDGE('',*,*,#1213,.T.);
#1656=ORIENTED_EDGE('',*,*,#1215,.T.);
#1657=ORIENTED_EDGE('',*,*,#1218,.F.);
#1658=ORIENTED_EDGE('',*,*,#1220,.F.);
#1659=ORIENTED_EDGE('',*,*,#1221,.F.);
#1660=ORIENTED_EDGE('',*,*,#1222,.T.);
#1661=ORIENTED_EDGE('',*,*,#1219,.F.);
#1662=ORIENTED_EDGE('',*,*,#1222,.F.);
#1663=ORIENTED_EDGE('',*,*,#1223,.F.);
#1664=ORIENTED_EDGE('',*,*,#1224,.T.);
#1665=ORIENTED_EDGE('',*,*,#1216,.F.);
#1666=ORIENTED_EDGE('',*,*,#1224,.F.);
#1667=ORIENTED_EDGE('',*,*,#1225,.F.);
#1668=ORIENTED_EDGE('',*,*,#1226,.T.);
#1669=ORIENTED_EDGE('',*,*,#1217,.F.);
#1670=ORIENTED_EDGE('',*,*,#1226,.F.);
#1671=ORIENTED_EDGE('',*,*,#1227,.F.);
#1672=ORIENTED_EDGE('',*,*,#1220,.T.);
#1673=ORIENTED_EDGE('',*,*,#1204,.F.);
#1674=ORIENTED_EDGE('',*,*,#1214,.F.);
#1675=ORIENTED_EDGE('',*,*,#1211,.F.);
#1676=ORIENTED_EDGE('',*,*,#1208,.F.);
#1677=ORIENTED_EDGE('',*,*,#1194,.F.);
#1678=ORIENTED_EDGE('',*,*,#1183,.F.);
#1679=ORIENTED_EDGE('',*,*,#1200,.F.);
#1680=ORIENTED_EDGE('',*,*,#1195,.F.);
#1681=ORIENTED_EDGE('',*,*,#1188,.F.);
#1682=ORIENTED_EDGE('',*,*,#1228,.T.);
#1683=ORIENTED_EDGE('',*,*,#1229,.T.);
#1684=ORIENTED_EDGE('',*,*,#1230,.T.);
#1685=ORIENTED_EDGE('',*,*,#1228,.F.);
#1686=ORIENTED_EDGE('',*,*,#1230,.F.);
#1687=ORIENTED_EDGE('',*,*,#1231,.T.);
#1688=ORIENTED_EDGE('',*,*,#1229,.F.);
#1689=ORIENTED_EDGE('',*,*,#1232,.T.);
#1690=ORIENTED_EDGE('',*,*,#1231,.F.);
#1691=ORIENTED_EDGE('',*,*,#1232,.F.);
#1692=ORIENTED_EDGE('',*,*,#1233,.T.);
#1693=ORIENTED_EDGE('',*,*,#1234,.F.);
#1694=ORIENTED_EDGE('',*,*,#1233,.F.);
#1695=ORIENTED_EDGE('',*,*,#1235,.F.);
#1696=ORIENTED_EDGE('',*,*,#1236,.T.);
#1697=ORIENTED_EDGE('',*,*,#1237,.F.);
#1698=ORIENTED_EDGE('',*,*,#1236,.F.);
#1699=ORIENTED_EDGE('',*,*,#1235,.T.);
#1700=ORIENTED_EDGE('',*,*,#1238,.F.);
#1701=ORIENTED_EDGE('',*,*,#1239,.F.);
#1702=ORIENTED_EDGE('',*,*,#1240,.F.);
#1703=ORIENTED_EDGE('',*,*,#1241,.F.);
#1704=ORIENTED_EDGE('',*,*,#1242,.F.);
#1705=ORIENTED_EDGE('',*,*,#1243,.F.);
#1706=ORIENTED_EDGE('',*,*,#1244,.F.);
#1707=ORIENTED_EDGE('',*,*,#1242,.T.);
#1708=ORIENTED_EDGE('',*,*,#1245,.F.);
#1709=ORIENTED_EDGE('',*,*,#1246,.T.);
#1710=ORIENTED_EDGE('',*,*,#1245,.T.);
#1711=ORIENTED_EDGE('',*,*,#1241,.T.);
#1712=ORIENTED_EDGE('',*,*,#1247,.F.);
#1713=ORIENTED_EDGE('',*,*,#1248,.T.);
#1714=ORIENTED_EDGE('',*,*,#1247,.T.);
#1715=ORIENTED_EDGE('',*,*,#1240,.T.);
#1716=ORIENTED_EDGE('',*,*,#1249,.F.);
#1717=ORIENTED_EDGE('',*,*,#1250,.T.);
#1718=ORIENTED_EDGE('',*,*,#1249,.T.);
#1719=ORIENTED_EDGE('',*,*,#1239,.T.);
#1720=ORIENTED_EDGE('',*,*,#1251,.T.);
#1721=ORIENTED_EDGE('',*,*,#1252,.T.);
#1722=ORIENTED_EDGE('',*,*,#1237,.T.);
#1723=ORIENTED_EDGE('',*,*,#1251,.F.);
#1724=ORIENTED_EDGE('',*,*,#1238,.T.);
#1725=ORIENTED_EDGE('',*,*,#1253,.F.);
#1726=ORIENTED_EDGE('',*,*,#1254,.T.);
#1727=ORIENTED_EDGE('',*,*,#1254,.F.);
#1728=ORIENTED_EDGE('',*,*,#1255,.F.);
#1729=ORIENTED_EDGE('',*,*,#1246,.F.);
#1730=ORIENTED_EDGE('',*,*,#1248,.F.);
#1731=ORIENTED_EDGE('',*,*,#1250,.F.);
#1732=ORIENTED_EDGE('',*,*,#1252,.F.);
#1733=ORIENTED_EDGE('',*,*,#1256,.F.);
#1734=ORIENTED_EDGE('',*,*,#1257,.T.);
#1735=ORIENTED_EDGE('',*,*,#1258,.T.);
#1736=ORIENTED_EDGE('',*,*,#1259,.F.);
#1737=ORIENTED_EDGE('',*,*,#1260,.F.);
#1738=ORIENTED_EDGE('',*,*,#1259,.T.);
#1739=ORIENTED_EDGE('',*,*,#1261,.T.);
#1740=ORIENTED_EDGE('',*,*,#1262,.F.);
#1741=ORIENTED_EDGE('',*,*,#1263,.F.);
#1742=ORIENTED_EDGE('',*,*,#1262,.T.);
#1743=ORIENTED_EDGE('',*,*,#1264,.T.);
#1744=ORIENTED_EDGE('',*,*,#1265,.F.);
#1745=ORIENTED_EDGE('',*,*,#1266,.F.);
#1746=ORIENTED_EDGE('',*,*,#1265,.T.);
#1747=ORIENTED_EDGE('',*,*,#1267,.T.);
#1748=ORIENTED_EDGE('',*,*,#1257,.F.);
#1749=ORIENTED_EDGE('',*,*,#1268,.F.);
#1750=ORIENTED_EDGE('',*,*,#1269,.F.);
#1751=ORIENTED_EDGE('',*,*,#1270,.F.);
#1752=ORIENTED_EDGE('',*,*,#1271,.F.);
#1753=ORIENTED_EDGE('',*,*,#1258,.F.);
#1754=ORIENTED_EDGE('',*,*,#1267,.F.);
#1755=ORIENTED_EDGE('',*,*,#1264,.F.);
#1756=ORIENTED_EDGE('',*,*,#1261,.F.);
#1757=ORIENTED_EDGE('',*,*,#1270,.T.);
#1758=ORIENTED_EDGE('',*,*,#1272,.F.);
#1759=ORIENTED_EDGE('',*,*,#1273,.T.);
#1760=ORIENTED_EDGE('',*,*,#1274,.T.);
#1761=ORIENTED_EDGE('',*,*,#1269,.T.);
#1762=ORIENTED_EDGE('',*,*,#1275,.F.);
#1763=ORIENTED_EDGE('',*,*,#1276,.T.);
#1764=ORIENTED_EDGE('',*,*,#1272,.T.);
#1765=ORIENTED_EDGE('',*,*,#1268,.T.);
#1766=ORIENTED_EDGE('',*,*,#1277,.F.);
#1767=ORIENTED_EDGE('',*,*,#1278,.T.);
#1768=ORIENTED_EDGE('',*,*,#1275,.T.);
#1769=ORIENTED_EDGE('',*,*,#1271,.T.);
#1770=ORIENTED_EDGE('',*,*,#1274,.F.);
#1771=ORIENTED_EDGE('',*,*,#1279,.T.);
#1772=ORIENTED_EDGE('',*,*,#1277,.T.);
#1773=ORIENTED_EDGE('',*,*,#1256,.T.);
#1774=ORIENTED_EDGE('',*,*,#1260,.T.);
#1775=ORIENTED_EDGE('',*,*,#1263,.T.);
#1776=ORIENTED_EDGE('',*,*,#1266,.T.);
#1777=ORIENTED_EDGE('',*,*,#1234,.T.);
#1778=ORIENTED_EDGE('',*,*,#1243,.T.);
#1779=ORIENTED_EDGE('',*,*,#1244,.T.);
#1780=ORIENTED_EDGE('',*,*,#1255,.T.);
#1781=ORIENTED_EDGE('',*,*,#1253,.T.);
#1782=ORIENTED_EDGE('',*,*,#1276,.F.);
#1783=ORIENTED_EDGE('',*,*,#1278,.F.);
#1784=ORIENTED_EDGE('',*,*,#1279,.F.);
#1785=ORIENTED_EDGE('',*,*,#1273,.F.);
#1786=ORIENTED_EDGE('',*,*,#1221,.T.);
#1787=ORIENTED_EDGE('',*,*,#1227,.T.);
#1788=ORIENTED_EDGE('',*,*,#1225,.T.);
#1789=ORIENTED_EDGE('',*,*,#1223,.T.);
#1790=ORIENTED_EDGE('',*,*,#1280,.T.);
#1791=ORIENTED_EDGE('',*,*,#1281,.F.);
#1792=ORIENTED_EDGE('',*,*,#1282,.F.);
#1793=ORIENTED_EDGE('',*,*,#1283,.T.);
#1794=ORIENTED_EDGE('',*,*,#1284,.T.);
#1795=ORIENTED_EDGE('',*,*,#1285,.F.);
#1796=ORIENTED_EDGE('',*,*,#1286,.F.);
#1797=ORIENTED_EDGE('',*,*,#1281,.T.);
#1798=ORIENTED_EDGE('',*,*,#1287,.T.);
#1799=ORIENTED_EDGE('',*,*,#1288,.F.);
#1800=ORIENTED_EDGE('',*,*,#1289,.F.);
#1801=ORIENTED_EDGE('',*,*,#1285,.T.);
#1802=ORIENTED_EDGE('',*,*,#1290,.T.);
#1803=ORIENTED_EDGE('',*,*,#1283,.F.);
#1804=ORIENTED_EDGE('',*,*,#1291,.F.);
#1805=ORIENTED_EDGE('',*,*,#1288,.T.);
#1806=ORIENTED_EDGE('',*,*,#1280,.F.);
#1807=ORIENTED_EDGE('',*,*,#1290,.F.);
#1808=ORIENTED_EDGE('',*,*,#1287,.F.);
#1809=ORIENTED_EDGE('',*,*,#1284,.F.);
#1810=ORIENTED_EDGE('',*,*,#1291,.T.);
#1811=ORIENTED_EDGE('',*,*,#1282,.T.);
#1812=ORIENTED_EDGE('',*,*,#1286,.T.);
#1813=ORIENTED_EDGE('',*,*,#1289,.T.);
#1814=ORIENTED_EDGE('',*,*,#1292,.F.);
#1815=ORIENTED_EDGE('',*,*,#1293,.F.);
#1816=ORIENTED_EDGE('',*,*,#1294,.T.);
#1817=ORIENTED_EDGE('',*,*,#1295,.T.);
#1818=ORIENTED_EDGE('',*,*,#1296,.F.);
#1819=ORIENTED_EDGE('',*,*,#1297,.T.);
#1820=ORIENTED_EDGE('',*,*,#1298,.T.);
#1821=ORIENTED_EDGE('',*,*,#1293,.T.);
#1822=ORIENTED_EDGE('',*,*,#1299,.T.);
#1823=ORIENTED_EDGE('',*,*,#1300,.T.);
#1824=ORIENTED_EDGE('',*,*,#1296,.T.);
#1825=ORIENTED_EDGE('',*,*,#1292,.T.);
#1826=ORIENTED_EDGE('',*,*,#1300,.F.);
#1827=ORIENTED_EDGE('',*,*,#1301,.T.);
#1828=ORIENTED_EDGE('',*,*,#1302,.F.);
#1829=ORIENTED_EDGE('',*,*,#1297,.F.);
#1830=ORIENTED_EDGE('',*,*,#1303,.T.);
#1831=ORIENTED_EDGE('',*,*,#1294,.F.);
#1832=ORIENTED_EDGE('',*,*,#1298,.F.);
#1833=ORIENTED_EDGE('',*,*,#1302,.T.);
#1834=ORIENTED_EDGE('',*,*,#1299,.F.);
#1835=ORIENTED_EDGE('',*,*,#1295,.F.);
#1836=ORIENTED_EDGE('',*,*,#1303,.F.);
#1837=ORIENTED_EDGE('',*,*,#1301,.F.);
#1838=PLANE('',#2168);
#1839=PLANE('',#2169);
#1840=PLANE('',#2170);
#1841=PLANE('',#2171);
#1842=PLANE('',#2172);
#1843=PLANE('',#2174);
#1844=PLANE('',#2176);
#1845=PLANE('',#2178);
#1846=PLANE('',#2189);
#1847=PLANE('',#2190);
#1848=PLANE('',#2191);
#1849=PLANE('',#2192);
#1850=PLANE('',#2193);
#1851=PLANE('',#2194);
#1852=PLANE('',#2195);
#1853=PLANE('',#2196);
#1854=PLANE('',#2197);
#1855=PLANE('',#2198);
#1856=PLANE('',#2199);
#1857=PLANE('',#2200);
#1858=PLANE('',#2201);
#1859=PLANE('',#2202);
#1860=PLANE('',#2203);
#1861=PLANE('',#2204);
#1862=PLANE('',#2205);
#1863=PLANE('',#2206);
#1864=PLANE('',#2207);
#1865=PLANE('',#2208);
#1866=PLANE('',#2209);
#1867=PLANE('',#2210);
#1868=PLANE('',#2211);
#1869=PLANE('',#2212);
#1870=PLANE('',#2213);
#1871=PLANE('',#2214);
#1872=PLANE('',#2215);
#1873=PLANE('',#2216);
#1874=PLANE('',#2217);
#1875=PLANE('',#2218);
#1876=PLANE('',#2219);
#1877=PLANE('',#2220);
#1878=PLANE('',#2221);
#1879=PLANE('',#2222);
#1880=PLANE('',#2223);
#1881=PLANE('',#2224);
#1882=PLANE('',#2225);
#1883=PLANE('',#2226);
#1884=PLANE('',#2227);
#1885=PLANE('',#2228);
#1886=PLANE('',#2229);
#1887=PLANE('',#2230);
#1888=PLANE('',#2231);
#1889=PLANE('',#2232);
#1890=PLANE('',#2233);
#1891=PLANE('',#2234);
#1892=PLANE('',#2235);
#1893=PLANE('',#2237);
#1894=PLANE('',#2239);
#1895=PLANE('',#2243);
#1896=PLANE('',#2244);
#1897=PLANE('',#2248);
#1898=PLANE('',#2249);
#1899=PLANE('',#2250);
#1900=PLANE('',#2251);
#1901=PLANE('',#2252);
#1902=PLANE('',#2253);
#1903=PLANE('',#2254);
#1904=PLANE('',#2255);
#1905=PLANE('',#2256);
#1906=PLANE('',#2257);
#1907=PLANE('',#2258);
#1908=PLANE('',#2259);
#1909=PLANE('',#2260);
#1910=PLANE('',#2261);
#1911=PLANE('',#2262);
#1912=PLANE('',#2263);
#1913=PLANE('',#2269);
#1914=PLANE('',#2276);
#1915=PLANE('',#2277);
#1916=PLANE('',#2278);
#1917=PLANE('',#2279);
#1918=PLANE('',#2280);
#1919=PLANE('',#2281);
#1920=PLANE('',#2282);
#1921=PLANE('',#2283);
#1922=PLANE('',#2284);
#1923=PLANE('',#2285);
#1924=PLANE('',#2286);
#1925=PLANE('',#2287);
#1926=PLANE('',#2288);
#1927=PLANE('',#2289);
#1928=PLANE('',#2290);
#1929=PLANE('',#2291);
#1930=PLANE('',#2292);
#1931=PLANE('',#2293);
#1932=PLANE('',#2294);
#1933=PLANE('',#2296);
#1934=PLANE('',#2297);
#1935=PLANE('',#2298);
#1936=PLANE('',#2299);
#1937=PLANE('',#2300);
#1938=PLANE('',#2301);
#1939=PLANE('',#2303);
#1940=PLANE('',#2304);
#1941=PLANE('',#2308);
#1942=PLANE('',#2309);
#1943=PLANE('',#2310);
#1944=ADVANCED_FACE('',(#123),#1838,.T.);
#1945=ADVANCED_FACE('',(#124),#1839,.T.);
#1946=ADVANCED_FACE('',(#125),#1840,.T.);
#1947=ADVANCED_FACE('',(#126),#1841,.T.);
#1948=ADVANCED_FACE('',(#127),#1842,.T.);
#1949=ADVANCED_FACE('',(#128,#66),#1843,.T.);
#1950=ADVANCED_FACE('',(#129,#67),#1844,.T.);
#1951=ADVANCED_FACE('',(#130,#68,#69,#70,#71,#72,#73,#74,#75,#76,#77),#1845,
 .T.);
#1952=ADVANCED_FACE('',(#131),#1846,.F.);
#1953=ADVANCED_FACE('',(#132),#1847,.F.);
#1954=ADVANCED_FACE('',(#133),#1848,.F.);
#1955=ADVANCED_FACE('',(#134),#1849,.F.);
#1956=ADVANCED_FACE('',(#135),#1850,.F.);
#1957=ADVANCED_FACE('',(#136),#1851,.F.);
#1958=ADVANCED_FACE('',(#137),#1852,.F.);
#1959=ADVANCED_FACE('',(#138),#1853,.F.);
#1960=ADVANCED_FACE('',(#139),#1854,.F.);
#1961=ADVANCED_FACE('',(#140),#1855,.F.);
#1962=ADVANCED_FACE('',(#141),#1856,.F.);
#1963=ADVANCED_FACE('',(#142),#1857,.F.);
#1964=ADVANCED_FACE('',(#143),#1858,.F.);
#1965=ADVANCED_FACE('',(#144),#1859,.F.);
#1966=ADVANCED_FACE('',(#145),#1860,.F.);
#1967=ADVANCED_FACE('',(#146),#1861,.F.);
#1968=ADVANCED_FACE('',(#147),#1862,.F.);
#1969=ADVANCED_FACE('',(#148),#1863,.F.);
#1970=ADVANCED_FACE('',(#149),#1864,.F.);
#1971=ADVANCED_FACE('',(#150),#1865,.F.);
#1972=ADVANCED_FACE('',(#151),#1866,.F.);
#1973=ADVANCED_FACE('',(#152),#1867,.F.);
#1974=ADVANCED_FACE('',(#153),#1868,.F.);
#1975=ADVANCED_FACE('',(#154),#1869,.F.);
#1976=ADVANCED_FACE('',(#155),#1870,.F.);
#1977=ADVANCED_FACE('',(#156),#1871,.F.);
#1978=ADVANCED_FACE('',(#157),#1872,.F.);
#1979=ADVANCED_FACE('',(#158),#1873,.F.);
#1980=ADVANCED_FACE('',(#159),#1874,.F.);
#1981=ADVANCED_FACE('',(#160),#1875,.F.);
#1982=ADVANCED_FACE('',(#161),#1876,.F.);
#1983=ADVANCED_FACE('',(#162),#1877,.F.);
#1984=ADVANCED_FACE('',(#163),#1878,.F.);
#1985=ADVANCED_FACE('',(#164),#1879,.F.);
#1986=ADVANCED_FACE('',(#165),#1880,.F.);
#1987=ADVANCED_FACE('',(#166),#1881,.F.);
#1988=ADVANCED_FACE('',(#167),#1882,.F.);
#1989=ADVANCED_FACE('',(#168),#1883,.F.);
#1990=ADVANCED_FACE('',(#169),#1884,.F.);
#1991=ADVANCED_FACE('',(#170),#1885,.T.);
#1992=ADVANCED_FACE('',(#171),#1886,.F.);
#1993=ADVANCED_FACE('',(#172),#1887,.F.);
#1994=ADVANCED_FACE('',(#173),#1888,.F.);
#1995=ADVANCED_FACE('',(#174),#1889,.F.);
#1996=ADVANCED_FACE('',(#175),#1890,.F.);
#1997=ADVANCED_FACE('',(#176),#1891,.F.);
#1998=ADVANCED_FACE('',(#177,#78),#1892,.T.);
#1999=ADVANCED_FACE('',(#178),#1893,.T.);
#2000=ADVANCED_FACE('',(#179),#1894,.T.);
#2001=ADVANCED_FACE('',(#180,#79),#52,.T.);
#2002=ADVANCED_FACE('',(#181),#1895,.T.);
#2003=ADVANCED_FACE('',(#182),#1896,.T.);
#2004=ADVANCED_FACE('',(#183),#47,.T.);
#2005=ADVANCED_FACE('',(#184),#1897,.F.);
#2006=ADVANCED_FACE('',(#185),#1898,.T.);
#2007=ADVANCED_FACE('',(#186),#1899,.T.);
#2008=ADVANCED_FACE('',(#187),#1900,.T.);
#2009=ADVANCED_FACE('',(#188),#1901,.T.);
#2010=ADVANCED_FACE('',(#189),#1902,.F.);
#2011=ADVANCED_FACE('',(#190),#1903,.F.);
#2012=ADVANCED_FACE('',(#191),#1904,.F.);
#2013=ADVANCED_FACE('',(#192),#1905,.F.);
#2014=ADVANCED_FACE('',(#193,#80),#1906,.F.);
#2015=ADVANCED_FACE('',(#194),#1907,.F.);
#2016=ADVANCED_FACE('',(#195),#1908,.F.);
#2017=ADVANCED_FACE('',(#196),#1909,.F.);
#2018=ADVANCED_FACE('',(#197),#1910,.F.);
#2019=ADVANCED_FACE('',(#198,#81),#1911,.F.);
#2020=ADVANCED_FACE('',(#199),#1912,.F.);
#2021=ADVANCED_FACE('',(#200),#48,.T.);
#2022=ADVANCED_FACE('',(#201,#82),#53,.F.);
#2023=ADVANCED_FACE('',(#202,#83),#1913,.F.);
#2024=ADVANCED_FACE('',(#203),#49,.F.);
#2025=ADVANCED_FACE('',(#204),#50,.T.);
#2026=ADVANCED_FACE('',(#205),#1914,.T.);
#2027=ADVANCED_FACE('',(#206),#1915,.T.);
#2028=ADVANCED_FACE('',(#207),#1916,.F.);
#2029=ADVANCED_FACE('',(#208),#1917,.F.);
#2030=ADVANCED_FACE('',(#209),#1918,.F.);
#2031=ADVANCED_FACE('',(#210,#84),#1919,.F.);
#2032=ADVANCED_FACE('',(#211),#1920,.F.);
#2033=ADVANCED_FACE('',(#212),#1921,.F.);
#2034=ADVANCED_FACE('',(#213),#1922,.T.);
#2035=ADVANCED_FACE('',(#214),#1923,.T.);
#2036=ADVANCED_FACE('',(#215),#1924,.T.);
#2037=ADVANCED_FACE('',(#216),#1925,.T.);
#2038=ADVANCED_FACE('',(#217,#85),#1926,.T.);
#2039=ADVANCED_FACE('',(#218),#1927,.T.);
#2040=ADVANCED_FACE('',(#219),#1928,.T.);
#2041=ADVANCED_FACE('',(#220),#1929,.T.);
#2042=ADVANCED_FACE('',(#221),#1930,.T.);
#2043=ADVANCED_FACE('',(#222,#86,#87),#1931,.T.);
#2044=ADVANCED_FACE('',(#223,#88),#1932,.F.);
#2045=ADVANCED_FACE('',(#224),#1933,.T.);
#2046=ADVANCED_FACE('',(#225),#1934,.T.);
#2047=ADVANCED_FACE('',(#226),#1935,.T.);
#2048=ADVANCED_FACE('',(#227),#1936,.T.);
#2049=ADVANCED_FACE('',(#228),#1937,.T.);
#2050=ADVANCED_FACE('',(#229),#1938,.F.);
#2051=ADVANCED_FACE('',(#230),#1939,.T.);
#2052=ADVANCED_FACE('',(#231),#1940,.F.);
#2053=ADVANCED_FACE('',(#232),#51,.T.);
#2054=ADVANCED_FACE('',(#233),#1941,.T.);
#2055=ADVANCED_FACE('',(#234),#1942,.T.);
#2056=ADVANCED_FACE('',(#235),#1943,.T.);
#2057=CLOSED_SHELL('',(#1944,#1945,#1946,#1947,#1948,#1949,#1950,#1951,
#1952,#1953,#1954,#1955,#1956,#1957,#1958,#1959,#1960,#1961,#1962,#1963,
#1964,#1965,#1966,#1967,#1968,#1969,#1970,#1971,#1972,#1973,#1974,#1975,
#1976,#1977,#1978,#1979,#1980,#1981,#1982,#1983,#1984,#1985,#1986,#1987,
#1988,#1989,#1990,#1991,#1992,#1993,#1994,#1995,#1996,#1997,#1998));
#2058=CLOSED_SHELL('',(#1999,#2000,#2001,#2002,#2003,#2004,#2005,#2006,
#2007,#2008,#2009,#2010,#2011,#2012,#2013,#2014,#2015,#2016,#2017,#2018,
#2019,#2020,#2021,#2022,#2023,#2024,#2025,#2026,#2027,#2028,#2029,#2030,
#2031,#2032,#2033,#2034,#2035,#2036,#2037,#2038,#2039,#2040,#2041,#2042,
#2043,#2044));
#2059=CLOSED_SHELL('',(#2045,#2046,#2047,#2048,#2049,#2050));
#2060=CLOSED_SHELL('',(#2051,#2052,#2053,#2054,#2055,#2056));
#2061=DERIVED_UNIT_ELEMENT(#2070,1.);
#2062=DERIVED_UNIT_ELEMENT(#3460,-3.);
#2063=DERIVED_UNIT_ELEMENT(#2070,1.);
#2064=DERIVED_UNIT_ELEMENT(#3460,-3.);
#2065=DERIVED_UNIT_ELEMENT(#2070,1.);
#2066=DERIVED_UNIT_ELEMENT(#3460,-3.);
#2067=DERIVED_UNIT_ELEMENT(#2070,1.);
#2068=DERIVED_UNIT_ELEMENT(#3460,-3.);
#2069=DIMENSIONAL_EXPONENTS(1.,0.,0.,0.,0.,0.,0.);
#2070=(
CONVERSION_BASED_UNIT('gram',#2072)
MASS_UNIT()
NAMED_UNIT(#2069)
);
#2071=(
MASS_UNIT()
NAMED_UNIT(*)
SI_UNIT(.KILO.,.GRAM.)
);
#2072=MASS_MEASURE_WITH_UNIT(MASS_MEASURE(0.001),#2071);
#2073=DERIVED_UNIT((#2061,#2062));
#2074=DERIVED_UNIT((#2063,#2064));
#2075=DERIVED_UNIT((#2065,#2066));
#2076=DERIVED_UNIT((#2067,#2068));
#2077=MEASURE_REPRESENTATION_ITEM('density measure',
POSITIVE_RATIO_MEASURE(1.),#2073);
#2078=MEASURE_REPRESENTATION_ITEM('density measure',
POSITIVE_RATIO_MEASURE(1.),#2074);
#2079=MEASURE_REPRESENTATION_ITEM('density measure',
POSITIVE_RATIO_MEASURE(1.),#2075);
#2080=MEASURE_REPRESENTATION_ITEM('density measure',
POSITIVE_RATIO_MEASURE(1.),#2076);
#2081=PROPERTY_DEFINITION_REPRESENTATION(#2101,#2089);
#2082=PROPERTY_DEFINITION_REPRESENTATION(#2102,#2090);
#2083=PROPERTY_DEFINITION_REPRESENTATION(#2103,#2091);
#2084=PROPERTY_DEFINITION_REPRESENTATION(#2104,#2092);
#2085=PROPERTY_DEFINITION_REPRESENTATION(#2105,#2093);
#2086=PROPERTY_DEFINITION_REPRESENTATION(#2106,#2094);
#2087=PROPERTY_DEFINITION_REPRESENTATION(#2107,#2095);
#2088=PROPERTY_DEFINITION_REPRESENTATION(#2108,#2096);
#2089=REPRESENTATION('material name',(#2097),#3454);
#2090=REPRESENTATION('density',(#2077),#3454);
#2091=REPRESENTATION('material name',(#2098),#3455);
#2092=REPRESENTATION('density',(#2078),#3455);
#2093=REPRESENTATION('material name',(#2099),#3456);
#2094=REPRESENTATION('density',(#2079),#3456);
#2095=REPRESENTATION('material name',(#2100),#3457);
#2096=REPRESENTATION('density',(#2080),#3457);
#2097=DESCRIPTIVE_REPRESENTATION_ITEM('Generic','Generic');
#2098=DESCRIPTIVE_REPRESENTATION_ITEM('Generic','Generic');
#2099=DESCRIPTIVE_REPRESENTATION_ITEM('Generic','Generic');
#2100=DESCRIPTIVE_REPRESENTATION_ITEM('Generic','Generic');
#2101=PROPERTY_DEFINITION('material property','material name',#3489);
#2102=PROPERTY_DEFINITION('material property','density of part',#3489);
#2103=PROPERTY_DEFINITION('material property','material name',#3490);
#2104=PROPERTY_DEFINITION('material property','density of part',#3490);
#2105=PROPERTY_DEFINITION('material property','material name',#3491);
#2106=PROPERTY_DEFINITION('material property','density of part',#3491);
#2107=PROPERTY_DEFINITION('material property','material name',#3492);
#2108=PROPERTY_DEFINITION('material property','density of part',#3492);
#2109=PRESENTATION_STYLE_ASSIGNMENT((#2112));
#2110=PRESENTATION_STYLE_ASSIGNMENT((#2113));
#2111=PRESENTATION_STYLE_ASSIGNMENT((#2114));
#2112=SURFACE_STYLE_USAGE(.BOTH.,#2121);
#2113=SURFACE_STYLE_USAGE(.BOTH.,#2122);
#2114=SURFACE_STYLE_USAGE(.BOTH.,#2123);
#2115=SURFACE_STYLE_RENDERING_WITH_PROPERTIES($,#2133,(#2118));
#2116=SURFACE_STYLE_RENDERING_WITH_PROPERTIES($,#2134,(#2119));
#2117=SURFACE_STYLE_RENDERING_WITH_PROPERTIES($,#2135,(#2120));
#2118=SURFACE_STYLE_TRANSPARENT(0.);
#2119=SURFACE_STYLE_TRANSPARENT(0.);
#2120=SURFACE_STYLE_TRANSPARENT(0.);
#2121=SURFACE_SIDE_STYLE('',(#2124,#2115));
#2122=SURFACE_SIDE_STYLE('',(#2125,#2116));
#2123=SURFACE_SIDE_STYLE('',(#2126,#2117));
#2124=SURFACE_STYLE_FILL_AREA(#2127);
#2125=SURFACE_STYLE_FILL_AREA(#2128);
#2126=SURFACE_STYLE_FILL_AREA(#2129);
#2127=FILL_AREA_STYLE('',(#2130));
#2128=FILL_AREA_STYLE('',(#2131));
#2129=FILL_AREA_STYLE('',(#2132));
#2130=FILL_AREA_STYLE_COLOUR('',#2133);
#2131=FILL_AREA_STYLE_COLOUR('',#2134);
#2132=FILL_AREA_STYLE_COLOUR('',#2135);
#2133=COLOUR_RGB('',0.749019607843137,0.749019607843137,0.749019607843137);
#2134=COLOUR_RGB('',0.96078431372549,0.96078431372549,0.96078431372549);
#2135=COLOUR_RGB('',0.92156862745098,0.92156862745098,0.92156862745098);
#2136=DATE_TIME_ROLE('creation_date');
#2137=DATE_TIME_ROLE('creation_date');
#2138=DATE_TIME_ROLE('creation_date');
#2139=DATE_TIME_ROLE('creation_date');
#2140=DATE_TIME_ROLE('creation_date');
#2141=APPLIED_DATE_AND_TIME_ASSIGNMENT(#2146,#2136,(#3488));
#2142=APPLIED_DATE_AND_TIME_ASSIGNMENT(#2147,#2137,(#3489));
#2143=APPLIED_DATE_AND_TIME_ASSIGNMENT(#2148,#2138,(#3490));
#2144=APPLIED_DATE_AND_TIME_ASSIGNMENT(#2149,#2139,(#3491));
#2145=APPLIED_DATE_AND_TIME_ASSIGNMENT(#2150,#2140,(#3492));
#2146=DATE_AND_TIME(#2151,#2156);
#2147=DATE_AND_TIME(#2152,#2157);
#2148=DATE_AND_TIME(#2153,#2158);
#2149=DATE_AND_TIME(#2154,#2159);
#2150=DATE_AND_TIME(#2155,#2160);
#2151=CALENDAR_DATE(2022,23,5);
#2152=CALENDAR_DATE(2014,5,11);
#2153=CALENDAR_DATE(2014,5,11);
#2154=CALENDAR_DATE(2014,5,11);
#2155=CALENDAR_DATE(2014,5,11);
#2156=LOCAL_TIME(0,0,0.,#2161);
#2157=LOCAL_TIME(0,0,0.,#2162);
#2158=LOCAL_TIME(0,0,0.,#2163);
#2159=LOCAL_TIME(0,0,0.,#2164);
#2160=LOCAL_TIME(0,0,0.,#2165);
#2161=COORDINATED_UNIVERSAL_TIME_OFFSET(0,0,.BEHIND.);
#2162=COORDINATED_UNIVERSAL_TIME_OFFSET(0,0,.BEHIND.);
#2163=COORDINATED_UNIVERSAL_TIME_OFFSET(0,0,.BEHIND.);
#2164=COORDINATED_UNIVERSAL_TIME_OFFSET(0,0,.BEHIND.);
#2165=COORDINATED_UNIVERSAL_TIME_OFFSET(0,0,.BEHIND.);
#2166=AXIS2_PLACEMENT_3D('placement',#2868,#2320,#2321);
#2167=AXIS2_PLACEMENT_3D('placement',#2869,#2322,#2323);
#2168=AXIS2_PLACEMENT_3D('',#2870,#2324,#2325);
#2169=AXIS2_PLACEMENT_3D('',#2879,#2330,#2331);
#2170=AXIS2_PLACEMENT_3D('',#2885,#2335,#2336);
#2171=AXIS2_PLACEMENT_3D('',#2891,#2340,#2341);
#2172=AXIS2_PLACEMENT_3D('',#2894,#2344,#2345);
#2173=AXIS2_PLACEMENT_3D('',#2896,#2346,#2347);
#2174=AXIS2_PLACEMENT_3D('',#2897,#2348,#2349);
#2175=AXIS2_PLACEMENT_3D('',#2899,#2350,#2351);
#2176=AXIS2_PLACEMENT_3D('',#2900,#2352,#2353);
#2177=AXIS2_PLACEMENT_3D('',#2902,#2354,#2355);
#2178=AXIS2_PLACEMENT_3D('',#2903,#2356,#2357);
#2179=AXIS2_PLACEMENT_3D('',#2978,#2394,#2395);
#2180=AXIS2_PLACEMENT_3D('',#2980,#2396,#2397);
#2181=AXIS2_PLACEMENT_3D('',#2984,#2399,#2400);
#2182=AXIS2_PLACEMENT_3D('',#2986,#2401,#2402);
#2183=AXIS2_PLACEMENT_3D('',#2990,#2404,#2405);
#2184=AXIS2_PLACEMENT_3D('',#2992,#2406,#2407);
#2185=AXIS2_PLACEMENT_3D('',#2996,#2409,#2410);
#2186=AXIS2_PLACEMENT_3D('',#2998,#2411,#2412);
#2187=AXIS2_PLACEMENT_3D('',#3002,#2414,#2415);
#2188=AXIS2_PLACEMENT_3D('',#3006,#2417,#2418);
#2189=AXIS2_PLACEMENT_3D('',#3008,#2420,#2421);
#2190=AXIS2_PLACEMENT_3D('',#3014,#2425,#2426);
#2191=AXIS2_PLACEMENT_3D('',#3018,#2429,#2430);
#2192=AXIS2_PLACEMENT_3D('',#3022,#2433,#2434);
#2193=AXIS2_PLACEMENT_3D('',#3024,#2436,#2437);
#2194=AXIS2_PLACEMENT_3D('',#3025,#2438,#2439);
#2195=AXIS2_PLACEMENT_3D('',#3031,#2443,#2444);
#2196=AXIS2_PLACEMENT_3D('',#3035,#2447,#2448);
#2197=AXIS2_PLACEMENT_3D('',#3039,#2451,#2452);
#2198=AXIS2_PLACEMENT_3D('',#3041,#2454,#2455);
#2199=AXIS2_PLACEMENT_3D('',#3042,#2456,#2457);
#2200=AXIS2_PLACEMENT_3D('',#3048,#2461,#2462);
#2201=AXIS2_PLACEMENT_3D('',#3052,#2465,#2466);
#2202=AXIS2_PLACEMENT_3D('',#3056,#2469,#2470);
#2203=AXIS2_PLACEMENT_3D('',#3058,#2472,#2473);
#2204=AXIS2_PLACEMENT_3D('',#3059,#2474,#2475);
#2205=AXIS2_PLACEMENT_3D('',#3065,#2479,#2480);
#2206=AXIS2_PLACEMENT_3D('',#3069,#2483,#2484);
#2207=AXIS2_PLACEMENT_3D('',#3073,#2487,#2488);
#2208=AXIS2_PLACEMENT_3D('',#3075,#2490,#2491);
#2209=AXIS2_PLACEMENT_3D('',#3076,#2492,#2493);
#2210=AXIS2_PLACEMENT_3D('',#3082,#2497,#2498);
#2211=AXIS2_PLACEMENT_3D('',#3086,#2501,#2502);
#2212=AXIS2_PLACEMENT_3D('',#3090,#2505,#2506);
#2213=AXIS2_PLACEMENT_3D('',#3092,#2508,#2509);
#2214=AXIS2_PLACEMENT_3D('',#3093,#2510,#2511);
#2215=AXIS2_PLACEMENT_3D('',#3099,#2515,#2516);
#2216=AXIS2_PLACEMENT_3D('',#3103,#2519,#2520);
#2217=AXIS2_PLACEMENT_3D('',#3107,#2523,#2524);
#2218=AXIS2_PLACEMENT_3D('',#3109,#2526,#2527);
#2219=AXIS2_PLACEMENT_3D('',#3110,#2528,#2529);
#2220=AXIS2_PLACEMENT_3D('',#3116,#2533,#2534);
#2221=AXIS2_PLACEMENT_3D('',#3120,#2537,#2538);
#2222=AXIS2_PLACEMENT_3D('',#3124,#2541,#2542);
#2223=AXIS2_PLACEMENT_3D('',#3126,#2544,#2545);
#2224=AXIS2_PLACEMENT_3D('',#3127,#2546,#2547);
#2225=AXIS2_PLACEMENT_3D('',#3133,#2551,#2552);
#2226=AXIS2_PLACEMENT_3D('',#3137,#2555,#2556);
#2227=AXIS2_PLACEMENT_3D('',#3141,#2559,#2560);
#2228=AXIS2_PLACEMENT_3D('',#3143,#2562,#2563);
#2229=AXIS2_PLACEMENT_3D('',#3144,#2564,#2565);
#2230=AXIS2_PLACEMENT_3D('',#3150,#2569,#2570);
#2231=AXIS2_PLACEMENT_3D('',#3154,#2573,#2574);
#2232=AXIS2_PLACEMENT_3D('',#3158,#2577,#2578);
#2233=AXIS2_PLACEMENT_3D('',#3160,#2580,#2581);
#2234=AXIS2_PLACEMENT_3D('',#3161,#2582,#2583);
#2235=AXIS2_PLACEMENT_3D('',#3162,#2584,#2585);
#2236=AXIS2_PLACEMENT_3D('placement',#3163,#2586,#2587);
#2237=AXIS2_PLACEMENT_3D('',#3164,#2588,#2589);
#2238=AXIS2_PLACEMENT_3D('',#3167,#2590,#2591);
#2239=AXIS2_PLACEMENT_3D('',#3185,#2601,#2602);
#2240=AXIS2_PLACEMENT_3D('',#3195,#2608,#2609);
#2241=AXIS2_PLACEMENT_3D('',#3196,#2610,#2611);
#2242=AXIS2_PLACEMENT_3D('',#3198,#2612,#2613);
#2243=AXIS2_PLACEMENT_3D('',#3199,#2614,#2615);
#2244=AXIS2_PLACEMENT_3D('',#3200,#2616,#2617);
#2245=AXIS2_PLACEMENT_3D('',#3201,#2618,#2619);
#2246=AXIS2_PLACEMENT_3D('',#3202,#2620,#2621);
#2247=AXIS2_PLACEMENT_3D('',#3203,#2622,#2623);
#2248=AXIS2_PLACEMENT_3D('',#3204,#2624,#2625);
#2249=AXIS2_PLACEMENT_3D('',#3214,#2631,#2632);
#2250=AXIS2_PLACEMENT_3D('',#3217,#2635,#2636);
#2251=AXIS2_PLACEMENT_3D('',#3219,#2638,#2639);
#2252=AXIS2_PLACEMENT_3D('',#3221,#2641,#2642);
#2253=AXIS2_PLACEMENT_3D('',#3222,#2643,#2644);
#2254=AXIS2_PLACEMENT_3D('',#3231,#2649,#2650);
#2255=AXIS2_PLACEMENT_3D('',#3237,#2654,#2655);
#2256=AXIS2_PLACEMENT_3D('',#3243,#2659,#2660);
#2257=AXIS2_PLACEMENT_3D('',#3246,#2663,#2664);
#2258=AXIS2_PLACEMENT_3D('',#3255,#2669,#2670);
#2259=AXIS2_PLACEMENT_3D('',#3261,#2674,#2675);
#2260=AXIS2_PLACEMENT_3D('',#3265,#2678,#2679);
#2261=AXIS2_PLACEMENT_3D('',#3269,#2682,#2683);
#2262=AXIS2_PLACEMENT_3D('',#3271,#2685,#2686);
#2263=AXIS2_PLACEMENT_3D('',#3272,#2687,#2688);
#2264=AXIS2_PLACEMENT_3D('',#3274,#2689,#2690);
#2265=AXIS2_PLACEMENT_3D('',#3275,#2691,#2692);
#2266=AXIS2_PLACEMENT_3D('',#3277,#2693,#2694);
#2267=AXIS2_PLACEMENT_3D('',#3279,#2696,#2697);
#2268=AXIS2_PLACEMENT_3D('',#3281,#2698,#2699);
#2269=AXIS2_PLACEMENT_3D('',#3282,#2700,#2701);
#2270=AXIS2_PLACEMENT_3D('',#3284,#2702,#2703);
#2271=AXIS2_PLACEMENT_3D('',#3285,#2704,#2705);
#2272=AXIS2_PLACEMENT_3D('',#3288,#2707,#2708);
#2273=AXIS2_PLACEMENT_3D('',#3289,#2709,#2710);
#2274=AXIS2_PLACEMENT_3D('',#3291,#2711,#2712);
#2275=AXIS2_PLACEMENT_3D('',#3294,#2714,#2715);
#2276=AXIS2_PLACEMENT_3D('',#3295,#2716,#2717);
#2277=AXIS2_PLACEMENT_3D('',#3296,#2718,#2719);
#2278=AXIS2_PLACEMENT_3D('',#3309,#2726,#2727);
#2279=AXIS2_PLACEMENT_3D('',#3315,#2731,#2732);
#2280=AXIS2_PLACEMENT_3D('',#3319,#2735,#2736);
#2281=AXIS2_PLACEMENT_3D('',#3323,#2739,#2740);
#2282=AXIS2_PLACEMENT_3D('',#3327,#2743,#2744);
#2283=AXIS2_PLACEMENT_3D('',#3331,#2747,#2748);
#2284=AXIS2_PLACEMENT_3D('',#3333,#2750,#2751);
#2285=AXIS2_PLACEMENT_3D('',#3342,#2756,#2757);
#2286=AXIS2_PLACEMENT_3D('',#3348,#2761,#2762);
#2287=AXIS2_PLACEMENT_3D('',#3354,#2766,#2767);
#2288=AXIS2_PLACEMENT_3D('',#3357,#2770,#2771);
#2289=AXIS2_PLACEMENT_3D('',#3366,#2776,#2777);
#2290=AXIS2_PLACEMENT_3D('',#3372,#2781,#2782);
#2291=AXIS2_PLACEMENT_3D('',#3376,#2785,#2786);
#2292=AXIS2_PLACEMENT_3D('',#3380,#2789,#2790);
#2293=AXIS2_PLACEMENT_3D('',#3382,#2792,#2793);
#2294=AXIS2_PLACEMENT_3D('',#3383,#2794,#2795);
#2295=AXIS2_PLACEMENT_3D('placement',#3384,#2796,#2797);
#2296=AXIS2_PLACEMENT_3D('',#3385,#2798,#2799);
#2297=AXIS2_PLACEMENT_3D('',#3394,#2804,#2805);
#2298=AXIS2_PLACEMENT_3D('',#3400,#2809,#2810);
#2299=AXIS2_PLACEMENT_3D('',#3406,#2814,#2815);
#2300=AXIS2_PLACEMENT_3D('',#3409,#2818,#2819);
#2301=AXIS2_PLACEMENT_3D('',#3410,#2820,#2821);
#2302=AXIS2_PLACEMENT_3D('placement',#3411,#2822,#2823);
#2303=AXIS2_PLACEMENT_3D('',#3412,#2824,#2825);
#2304=AXIS2_PLACEMENT_3D('',#3421,#2830,#2831);
#2305=AXIS2_PLACEMENT_3D('',#3423,#2832,#2833);
#2306=AXIS2_PLACEMENT_3D('',#3427,#2836,#2837);
#2307=AXIS2_PLACEMENT_3D('',#3429,#2838,#2839);
#2308=AXIS2_PLACEMENT_3D('',#3431,#2841,#2842);
#2309=AXIS2_PLACEMENT_3D('',#3435,#2845,#2846);
#2310=AXIS2_PLACEMENT_3D('',#3437,#2848,#2849);
#2311=AXIS2_PLACEMENT_3D('',#3438,#2850,#2851);
#2312=AXIS2_PLACEMENT_3D('',#3439,#2852,#2853);
#2313=AXIS2_PLACEMENT_3D('',#3440,#2854,#2855);
#2314=AXIS2_PLACEMENT_3D('',#3441,#2856,#2857);
#2315=AXIS2_PLACEMENT_3D('',#3442,#2858,#2859);
#2316=AXIS2_PLACEMENT_3D('',#3443,#2860,#2861);
#2317=AXIS2_PLACEMENT_3D('',#3444,#2862,#2863);
#2318=AXIS2_PLACEMENT_3D('',#3445,#2864,#2865);
#2319=AXIS2_PLACEMENT_3D('',#3446,#2866,#2867);
#2320=DIRECTION('axis',(0.,0.,1.));
#2321=DIRECTION('refdir',(1.,0.,0.));
#2322=DIRECTION('axis',(0.,0.,1.));
#2323=DIRECTION('refdir',(1.,0.,0.));
#2324=DIRECTION('center_axis',(-0.999961923064171,0.00872653549837404,1.16127693591453E-16));
#2325=DIRECTION('ref_axis',(1.16132115546564E-16,0.,1.));
#2326=DIRECTION('',(1.16132115546564E-16,0.,1.));
#2327=DIRECTION('',(0.00872620324394433,0.999923850477571,0.00872620324394432));
#2328=DIRECTION('',(-1.16132115546564E-16,0.,-1.));
#2329=DIRECTION('',(0.00872620324394432,0.999923850477571,-0.00872620324394432));
#2330=DIRECTION('center_axis',(7.91855029054417E-17,0.00872653549837404,
0.999961923064171));
#2331=DIRECTION('ref_axis',(1.,0.,-7.91885181615661E-17));
#2332=DIRECTION('',(1.,0.,-7.91885181615661E-17));
#2333=DIRECTION('',(-1.,0.,7.91885181615661E-17));
#2334=DIRECTION('',(-0.00872620324394433,0.999923850477571,-0.00872620324394432));
#2335=DIRECTION('center_axis',(0.999961923064171,0.00872653549837404,-3.7160861949265E-16));
#2336=DIRECTION('ref_axis',(-3.71622769749006E-16,0.,-1.));
#2337=DIRECTION('',(-3.71622769749006E-16,0.,-1.));
#2338=DIRECTION('',(3.71622769749006E-16,0.,1.));
#2339=DIRECTION('',(-0.00872620324394432,0.999923850477571,0.00872620324394433));
#2340=DIRECTION('center_axis',(-1.13829160426572E-16,0.00872653549837404,
-0.999961923064171));
#2341=DIRECTION('ref_axis',(-1.,0.,1.13833494857251E-16));
#2342=DIRECTION('',(-1.,0.,1.13833494857251E-16));
#2343=DIRECTION('',(1.,0.,-1.13833494857251E-16));
#2344=DIRECTION('center_axis',(0.,-1.,0.));
#2345=DIRECTION('ref_axis',(0.,0.,-1.));
#2346=DIRECTION('center_axis',(0.,1.,0.));
#2347=DIRECTION('ref_axis',(1.,0.,0.));
#2348=DIRECTION('center_axis',(0.,-1.,0.));
#2349=DIRECTION('ref_axis',(0.,0.,-1.));
#2350=DIRECTION('center_axis',(0.,1.,0.));
#2351=DIRECTION('ref_axis',(1.,0.,0.));
#2352=DIRECTION('center_axis',(0.,-1.,0.));
#2353=DIRECTION('ref_axis',(0.,0.,-1.));
#2354=DIRECTION('center_axis',(0.,1.,0.));
#2355=DIRECTION('ref_axis',(1.,0.,0.));
#2356=DIRECTION('center_axis',(0.,-1.,0.));
#2357=DIRECTION('ref_axis',(0.,0.,-1.));
#2358=DIRECTION('',(0.,0.,-1.));
#2359=DIRECTION('',(-1.,0.,0.));
#2360=DIRECTION('',(0.,0.,1.));
#2361=DIRECTION('',(1.,0.,0.));
#2362=DIRECTION('',(-6.93889390390723E-16,0.,-1.));
#2363=DIRECTION('',(-1.,0.,0.));
#2364=DIRECTION('',(0.,0.,1.));
#2365=DIRECTION('',(1.,0.,0.));
#2366=DIRECTION('',(0.,0.,-1.));
#2367=DIRECTION('',(-1.,0.,0.));
#2368=DIRECTION('',(0.,0.,1.));
#2369=DIRECTION('',(1.,0.,0.));
#2370=DIRECTION('',(0.,0.,1.));
#2371=DIRECTION('',(1.,0.,0.));
#2372=DIRECTION('',(0.,0.,-1.));
#2373=DIRECTION('',(-1.,0.,0.));
#2374=DIRECTION('',(0.,0.,1.));
#2375=DIRECTION('',(1.,0.,0.));
#2376=DIRECTION('',(0.,0.,-1.));
#2377=DIRECTION('',(-1.,0.,0.));
#2378=DIRECTION('',(0.,0.,1.));
#2379=DIRECTION('',(1.,0.,0.));
#2380=DIRECTION('',(0.,0.,-1.));
#2381=DIRECTION('',(-1.,0.,0.));
#2382=DIRECTION('',(0.,0.,-1.));
#2383=DIRECTION('',(-1.,0.,0.));
#2384=DIRECTION('',(0.,0.,1.));
#2385=DIRECTION('',(1.,0.,0.));
#2386=DIRECTION('',(-2.77555756156289E-15,0.,-1.));
#2387=DIRECTION('',(-1.,0.,0.));
#2388=DIRECTION('',(-2.77555756156289E-15,0.,1.));
#2389=DIRECTION('',(1.,0.,0.));
#2390=DIRECTION('',(0.,0.,-1.));
#2391=DIRECTION('',(-1.,0.,0.));
#2392=DIRECTION('',(0.,0.,1.));
#2393=DIRECTION('',(1.,0.,0.));
#2394=DIRECTION('center_axis',(0.,-1.,0.));
#2395=DIRECTION('ref_axis',(-0.774427784982568,0.,-0.632662315810728));
#2396=DIRECTION('center_axis',(0.,1.,0.));
#2397=DIRECTION('ref_axis',(-0.774427784982569,0.,-0.632662315810727));
#2398=DIRECTION('',(-1.,0.,7.7715611723761E-16));
#2399=DIRECTION('center_axis',(0.,1.,0.));
#2400=DIRECTION('ref_axis',(0.,0.,-1.));
#2401=DIRECTION('center_axis',(0.,-1.,0.));
#2402=DIRECTION('ref_axis',(-1.,0.,0.));
#2403=DIRECTION('',(3.38621799594363E-16,0.,1.));
#2404=DIRECTION('center_axis',(0.,-1.,0.));
#2405=DIRECTION('ref_axis',(0.872105784106039,0.,0.48931738302332));
#2406=DIRECTION('center_axis',(0.,1.,0.));
#2407=DIRECTION('ref_axis',(0.87210578410604,0.,0.489317383023319));
#2408=DIRECTION('',(1.,0.,-1.11022302462516E-16));
#2409=DIRECTION('center_axis',(0.,1.,0.));
#2410=DIRECTION('ref_axis',(2.61427406922702E-16,0.,1.));
#2411=DIRECTION('center_axis',(0.,-1.,0.));
#2412=DIRECTION('ref_axis',(2.61427406922702E-16,0.,1.));
#2413=DIRECTION('',(1.,0.,-3.40317835536154E-16));
#2414=DIRECTION('center_axis',(0.,-1.,0.));
#2415=DIRECTION('ref_axis',(1.,0.,0.));
#2416=DIRECTION('',(-5.02363359558894E-16,0.,-1.));
#2417=DIRECTION('center_axis',(0.,-1.,0.));
#2418=DIRECTION('ref_axis',(-5.55111512312578E-16,0.,-1.));
#2419=DIRECTION('',(-1.,0.,3.40317835536154E-16));
#2420=DIRECTION('center_axis',(1.,0.,0.));
#2421=DIRECTION('ref_axis',(0.,0.,-1.));
#2422=DIRECTION('',(0.,1.,0.));
#2423=DIRECTION('',(0.,0.,-1.));
#2424=DIRECTION('',(0.,1.,0.));
#2425=DIRECTION('center_axis',(0.,0.,1.));
#2426=DIRECTION('ref_axis',(1.,0.,0.));
#2427=DIRECTION('',(0.,1.,0.));
#2428=DIRECTION('',(1.,0.,0.));
#2429=DIRECTION('center_axis',(-1.,0.,0.));
#2430=DIRECTION('ref_axis',(0.,0.,1.));
#2431=DIRECTION('',(0.,1.,0.));
#2432=DIRECTION('',(0.,0.,1.));
#2433=DIRECTION('center_axis',(0.,0.,-1.));
#2434=DIRECTION('ref_axis',(-1.,0.,0.));
#2435=DIRECTION('',(-1.,0.,0.));
#2436=DIRECTION('center_axis',(0.,1.,0.));
#2437=DIRECTION('ref_axis',(0.,0.,1.));
#2438=DIRECTION('center_axis',(1.,0.,-2.77555756156289E-15));
#2439=DIRECTION('ref_axis',(-2.77555756156289E-15,0.,-1.));
#2440=DIRECTION('',(0.,1.,0.));
#2441=DIRECTION('',(-2.77555756156289E-15,0.,-1.));
#2442=DIRECTION('',(0.,1.,0.));
#2443=DIRECTION('center_axis',(0.,0.,1.));
#2444=DIRECTION('ref_axis',(1.,0.,0.));
#2445=DIRECTION('',(0.,1.,0.));
#2446=DIRECTION('',(1.,0.,0.));
#2447=DIRECTION('center_axis',(-1.,0.,-2.77555756156289E-15));
#2448=DIRECTION('ref_axis',(-2.77555756156289E-15,0.,1.));
#2449=DIRECTION('',(0.,1.,0.));
#2450=DIRECTION('',(-2.77555756156289E-15,0.,1.));
#2451=DIRECTION('center_axis',(0.,0.,-1.));
#2452=DIRECTION('ref_axis',(-1.,0.,0.));
#2453=DIRECTION('',(-1.,0.,0.));
#2454=DIRECTION('center_axis',(0.,1.,0.));
#2455=DIRECTION('ref_axis',(0.,0.,1.));
#2456=DIRECTION('center_axis',(1.,0.,0.));
#2457=DIRECTION('ref_axis',(0.,0.,-1.));
#2458=DIRECTION('',(0.,1.,0.));
#2459=DIRECTION('',(0.,0.,-1.));
#2460=DIRECTION('',(0.,1.,0.));
#2461=DIRECTION('center_axis',(0.,0.,1.));
#2462=DIRECTION('ref_axis',(1.,0.,0.));
#2463=DIRECTION('',(0.,1.,0.));
#2464=DIRECTION('',(1.,0.,0.));
#2465=DIRECTION('center_axis',(-1.,0.,0.));
#2466=DIRECTION('ref_axis',(0.,0.,1.));
#2467=DIRECTION('',(0.,1.,0.));
#2468=DIRECTION('',(0.,0.,1.));
#2469=DIRECTION('center_axis',(0.,0.,-1.));
#2470=DIRECTION('ref_axis',(-1.,0.,0.));
#2471=DIRECTION('',(-1.,0.,0.));
#2472=DIRECTION('center_axis',(0.,1.,0.));
#2473=DIRECTION('ref_axis',(0.,0.,1.));
#2474=DIRECTION('center_axis',(-1.,0.,0.));
#2475=DIRECTION('ref_axis',(0.,0.,1.));
#2476=DIRECTION('',(0.,1.,0.));
#2477=DIRECTION('',(0.,0.,1.));
#2478=DIRECTION('',(0.,1.,0.));
#2479=DIRECTION('center_axis',(0.,0.,-1.));
#2480=DIRECTION('ref_axis',(-1.,0.,0.));
#2481=DIRECTION('',(0.,1.,0.));
#2482=DIRECTION('',(-1.,0.,0.));
#2483=DIRECTION('center_axis',(1.,0.,0.));
#2484=DIRECTION('ref_axis',(0.,0.,-1.));
#2485=DIRECTION('',(0.,1.,0.));
#2486=DIRECTION('',(0.,0.,-1.));
#2487=DIRECTION('center_axis',(0.,0.,1.));
#2488=DIRECTION('ref_axis',(1.,0.,0.));
#2489=DIRECTION('',(1.,0.,0.));
#2490=DIRECTION('center_axis',(0.,1.,0.));
#2491=DIRECTION('ref_axis',(0.,0.,1.));
#2492=DIRECTION('center_axis',(-1.,0.,0.));
#2493=DIRECTION('ref_axis',(0.,0.,1.));
#2494=DIRECTION('',(0.,1.,0.));
#2495=DIRECTION('',(0.,0.,1.));
#2496=DIRECTION('',(0.,1.,0.));
#2497=DIRECTION('center_axis',(0.,0.,-1.));
#2498=DIRECTION('ref_axis',(-1.,0.,0.));
#2499=DIRECTION('',(0.,1.,0.));
#2500=DIRECTION('',(-1.,0.,0.));
#2501=DIRECTION('center_axis',(1.,0.,0.));
#2502=DIRECTION('ref_axis',(0.,0.,-1.));
#2503=DIRECTION('',(0.,1.,0.));
#2504=DIRECTION('',(0.,0.,-1.));
#2505=DIRECTION('center_axis',(0.,0.,1.));
#2506=DIRECTION('ref_axis',(1.,0.,0.));
#2507=DIRECTION('',(1.,0.,0.));
#2508=DIRECTION('center_axis',(0.,1.,0.));
#2509=DIRECTION('ref_axis',(0.,0.,1.));
#2510=DIRECTION('center_axis',(-1.,0.,0.));
#2511=DIRECTION('ref_axis',(0.,0.,1.));
#2512=DIRECTION('',(0.,1.,0.));
#2513=DIRECTION('',(0.,0.,1.));
#2514=DIRECTION('',(0.,1.,0.));
#2515=DIRECTION('center_axis',(0.,0.,-1.));
#2516=DIRECTION('ref_axis',(-1.,0.,0.));
#2517=DIRECTION('',(0.,1.,0.));
#2518=DIRECTION('',(-1.,0.,0.));
#2519=DIRECTION('center_axis',(1.,0.,0.));
#2520=DIRECTION('ref_axis',(0.,0.,-1.));
#2521=DIRECTION('',(0.,1.,0.));
#2522=DIRECTION('',(0.,0.,-1.));
#2523=DIRECTION('center_axis',(0.,0.,1.));
#2524=DIRECTION('ref_axis',(1.,0.,0.));
#2525=DIRECTION('',(1.,0.,0.));
#2526=DIRECTION('center_axis',(0.,1.,0.));
#2527=DIRECTION('ref_axis',(0.,0.,1.));
#2528=DIRECTION('center_axis',(1.,0.,0.));
#2529=DIRECTION('ref_axis',(0.,0.,-1.));
#2530=DIRECTION('',(0.,1.,0.));
#2531=DIRECTION('',(0.,0.,-1.));
#2532=DIRECTION('',(0.,1.,0.));
#2533=DIRECTION('center_axis',(0.,0.,1.));
#2534=DIRECTION('ref_axis',(1.,0.,0.));
#2535=DIRECTION('',(0.,1.,0.));
#2536=DIRECTION('',(1.,0.,0.));
#2537=DIRECTION('center_axis',(-1.,0.,0.));
#2538=DIRECTION('ref_axis',(0.,0.,1.));
#2539=DIRECTION('',(0.,1.,0.));
#2540=DIRECTION('',(0.,0.,1.));
#2541=DIRECTION('center_axis',(0.,0.,-1.));
#2542=DIRECTION('ref_axis',(-1.,0.,0.));
#2543=DIRECTION('',(-1.,0.,0.));
#2544=DIRECTION('center_axis',(0.,1.,0.));
#2545=DIRECTION('ref_axis',(0.,0.,1.));
#2546=DIRECTION('center_axis',(1.,0.,-6.93889390390723E-16));
#2547=DIRECTION('ref_axis',(-6.93889390390723E-16,0.,-1.));
#2548=DIRECTION('',(0.,1.,0.));
#2549=DIRECTION('',(-6.93889390390723E-16,0.,-1.));
#2550=DIRECTION('',(0.,1.,0.));
#2551=DIRECTION('center_axis',(0.,0.,1.));
#2552=DIRECTION('ref_axis',(1.,0.,0.));
#2553=DIRECTION('',(0.,1.,0.));
#2554=DIRECTION('',(1.,0.,0.));
#2555=DIRECTION('center_axis',(-1.,0.,0.));
#2556=DIRECTION('ref_axis',(0.,0.,1.));
#2557=DIRECTION('',(0.,1.,0.));
#2558=DIRECTION('',(0.,0.,1.));
#2559=DIRECTION('center_axis',(0.,0.,-1.));
#2560=DIRECTION('ref_axis',(-1.,0.,0.));
#2561=DIRECTION('',(-1.,0.,0.));
#2562=DIRECTION('center_axis',(0.,-1.,0.));
#2563=DIRECTION('ref_axis',(0.,0.,-1.));
#2564=DIRECTION('center_axis',(1.,0.,0.));
#2565=DIRECTION('ref_axis',(0.,0.,-1.));
#2566=DIRECTION('',(0.,1.,0.));
#2567=DIRECTION('',(0.,0.,-1.));
#2568=DIRECTION('',(0.,1.,0.));
#2569=DIRECTION('center_axis',(0.,0.,1.));
#2570=DIRECTION('ref_axis',(1.,0.,0.));
#2571=DIRECTION('',(0.,1.,0.));
#2572=DIRECTION('',(1.,0.,0.));
#2573=DIRECTION('center_axis',(-1.,0.,0.));
#2574=DIRECTION('ref_axis',(0.,0.,1.));
#2575=DIRECTION('',(0.,1.,0.));
#2576=DIRECTION('',(0.,0.,1.));
#2577=DIRECTION('center_axis',(0.,0.,-1.));
#2578=DIRECTION('ref_axis',(-1.,0.,0.));
#2579=DIRECTION('',(-1.,0.,0.));
#2580=DIRECTION('center_axis',(0.,1.,0.));
#2581=DIRECTION('ref_axis',(0.,0.,1.));
#2582=DIRECTION('center_axis',(0.,-1.,0.));
#2583=DIRECTION('ref_axis',(0.,0.,-1.));
#2584=DIRECTION('center_axis',(0.,-1.,0.));
#2585=DIRECTION('ref_axis',(0.,0.,-1.));
#2586=DIRECTION('axis',(0.,0.,1.));
#2587=DIRECTION('refdir',(1.,0.,0.));
#2588=DIRECTION('center_axis',(1.,0.,0.));
#2589=DIRECTION('ref_axis',(0.,0.,-1.));
#2590=DIRECTION('center_axis',(-1.,0.,0.));
#2591=DIRECTION('ref_axis',(0.,0.,-1.));
#2592=DIRECTION('',(0.,0.,1.));
#2593=DIRECTION('',(0.,1.,-1.73472347597681E-16));
#2594=DIRECTION('',(0.,0.,1.));
#2595=DIRECTION('',(0.,-0.422618261740699,0.90630778703665));
#2596=DIRECTION('',(0.,0.,1.));
#2597=DIRECTION('',(0.,-1.,2.22044604925032E-15));
#2598=DIRECTION('',(0.,0.,1.));
#2599=DIRECTION('',(6.46288194481126E-15,-1.,0.));
#2600=DIRECTION('',(0.,0.,1.));
#2601=DIRECTION('center_axis',(0.,1.73472347597681E-16,1.));
#2602=DIRECTION('ref_axis',(0.,-1.,1.73472347597681E-16));
#2603=DIRECTION('',(-1.,-6.46288194481126E-15,1.12113130321307E-30));
#2604=DIRECTION('',(-6.46288194481126E-15,1.,0.));
#2605=DIRECTION('',(-1.,0.,0.));
#2606=DIRECTION('',(0.,-1.,1.73472347597681E-16));
#2607=DIRECTION('',(-1.,0.,0.));
#2608=DIRECTION('center_axis',(8.69906277724919E-17,0.,1.));
#2609=DIRECTION('ref_axis',(1.,0.,0.));
#2610=DIRECTION('center_axis',(-6.46288194481126E-15,1.,0.));
#2611=DIRECTION('ref_axis',(0.,0.,1.));
#2612=DIRECTION('center_axis',(6.46288194481126E-15,-1.,0.));
#2613=DIRECTION('ref_axis',(0.,0.,1.));
#2614=DIRECTION('center_axis',(6.46288194481126E-15,-1.,0.));
#2615=DIRECTION('ref_axis',(0.,0.,-1.));
#2616=DIRECTION('center_axis',(6.46288194481126E-15,-1.,0.));
#2617=DIRECTION('ref_axis',(0.,0.,-1.));
#2618=DIRECTION('center_axis',(6.46288194481126E-15,-1.,0.));
#2619=DIRECTION('ref_axis',(1.,7.08368441331533E-15,0.));
#2620=DIRECTION('center_axis',(-6.46288194481126E-15,1.,0.));
#2621=DIRECTION('ref_axis',(1.,7.08368441331533E-15,0.));
#2622=DIRECTION('center_axis',(0.,-1.,0.));
#2623=DIRECTION('ref_axis',(1.,7.08368441331533E-15,0.));
#2624=DIRECTION('center_axis',(1.,0.,0.));
#2625=DIRECTION('ref_axis',(0.,0.,-1.));
#2626=DIRECTION('',(0.,0.,1.));
#2627=DIRECTION('',(0.,1.,-2.22044604925032E-15));
#2628=DIRECTION('',(0.,0.,-1.));
#2629=DIRECTION('',(0.,0.422618261740699,-0.90630778703665));
#2630=DIRECTION('',(0.,0.,-1.));
#2631=DIRECTION('center_axis',(0.,-2.22044604925032E-15,-1.));
#2632=DIRECTION('ref_axis',(0.,1.,-2.22044604925032E-15));
#2633=DIRECTION('',(1.,0.,0.));
#2634=DIRECTION('',(-1.,0.,0.));
#2635=DIRECTION('center_axis',(0.,-1.,0.));
#2636=DIRECTION('ref_axis',(0.,0.,-1.));
#2637=DIRECTION('',(1.,0.,0.));
#2638=DIRECTION('center_axis',(0.,-0.90630778703665,-0.422618261740699));
#2639=DIRECTION('ref_axis',(0.,0.422618261740699,-0.90630778703665));
#2640=DIRECTION('',(-1.,0.,0.));
#2641=DIRECTION('center_axis',(0.,-1.,0.));
#2642=DIRECTION('ref_axis',(0.,0.,-1.));
#2643=DIRECTION('center_axis',(1.,0.,1.77635683940025E-16));
#2644=DIRECTION('ref_axis',(-1.77635683940025E-16,0.,1.));
#2645=DIRECTION('',(-1.77635683940025E-16,0.,1.));
#2646=DIRECTION('',(0.,1.,0.));
#2647=DIRECTION('',(-1.77635683940025E-16,0.,1.));
#2648=DIRECTION('',(0.,-1.,0.));
#2649=DIRECTION('center_axis',(-1.16456960625016E-16,0.,-1.));
#2650=DIRECTION('ref_axis',(1.,0.,-1.16456960625016E-16));
#2651=DIRECTION('',(1.,0.,-1.16456960625016E-16));
#2652=DIRECTION('',(0.,1.,0.));
#2653=DIRECTION('',(1.,0.,-1.16456960625016E-16));
#2654=DIRECTION('center_axis',(-1.,0.,0.));
#2655=DIRECTION('ref_axis',(0.,0.,-1.));
#2656=DIRECTION('',(0.,0.,-1.));
#2657=DIRECTION('',(0.,1.,0.));
#2658=DIRECTION('',(0.,0.,-1.));
#2659=DIRECTION('center_axis',(0.,0.,1.));
#2660=DIRECTION('ref_axis',(-1.,0.,0.));
#2661=DIRECTION('',(-1.,0.,0.));
#2662=DIRECTION('',(-1.,0.,0.));
#2663=DIRECTION('center_axis',(0.,1.,0.));
#2664=DIRECTION('ref_axis',(0.,0.,1.));
#2665=DIRECTION('',(3.37710425741493E-16,0.,-1.));
#2666=DIRECTION('',(1.,0.,-1.51877294750363E-16));
#2667=DIRECTION('',(-3.37710425741492E-16,0.,1.));
#2668=DIRECTION('',(-1.,0.,0.));
#2669=DIRECTION('center_axis',(-0.999961923064171,0.00872653549837388,-3.37697566763283E-16));
#2670=DIRECTION('ref_axis',(-3.37710425741492E-16,0.,1.));
#2671=DIRECTION('',(0.00872620324394416,0.999923850477571,-0.00872620324394424));
#2672=DIRECTION('',(-3.37710425741492E-16,0.,1.));
#2673=DIRECTION('',(-0.00872620324394416,-0.999923850477571,-0.00872620324394423));
#2674=DIRECTION('center_axis',(0.,0.00872653549837395,-0.999961923064171));
#2675=DIRECTION('ref_axis',(-1.,0.,0.));
#2676=DIRECTION('',(-1.,0.,0.));
#2677=DIRECTION('',(0.00872620324394416,-0.999923850477571,-0.00872620324394423));
#2678=DIRECTION('center_axis',(0.999961923064171,0.00872653549837388,3.37697566763283E-16));
#2679=DIRECTION('ref_axis',(3.37710425741493E-16,0.,-1.));
#2680=DIRECTION('',(3.37710425741493E-16,0.,-1.));
#2681=DIRECTION('',(0.00872620324394416,-0.999923850477571,0.00872620324394423));
#2682=DIRECTION('center_axis',(1.51871511728357E-16,0.00872653549837395,
0.999961923064171));
#2683=DIRECTION('ref_axis',(1.,0.,-1.51877294750363E-16));
#2684=DIRECTION('',(1.,0.,-1.51877294750363E-16));
#2685=DIRECTION('center_axis',(0.,1.,0.));
#2686=DIRECTION('ref_axis',(0.,0.,1.));
#2687=DIRECTION('center_axis',(6.46288194481126E-15,-1.,0.));
#2688=DIRECTION('ref_axis',(0.,0.,-1.));
#2689=DIRECTION('center_axis',(-6.46288194481126E-15,1.,0.));
#2690=DIRECTION('ref_axis',(1.,7.08368441331533E-15,0.));
#2691=DIRECTION('center_axis',(-6.46288194481126E-15,1.,0.));
#2692=DIRECTION('ref_axis',(1.,7.08368441331533E-15,0.));
#2693=DIRECTION('center_axis',(-6.46288194481126E-15,1.,0.));
#2694=DIRECTION('ref_axis',(1.,7.08368441331533E-15,0.));
#2695=DIRECTION('',(-6.46288194481126E-15,1.,0.));
#2696=DIRECTION('center_axis',(1.13722541168334E-16,0.,1.));
#2697=DIRECTION('ref_axis',(1.,0.,0.));
#2698=DIRECTION('center_axis',(-6.46288194481126E-15,1.,0.));
#2699=DIRECTION('ref_axis',(1.,7.08368441331533E-15,0.));
#2700=DIRECTION('center_axis',(6.46288194481126E-15,-1.,0.));
#2701=DIRECTION('ref_axis',(0.,0.,-1.));
#2702=DIRECTION('center_axis',(-6.46288194481126E-15,1.,0.));
#2703=DIRECTION('ref_axis',(1.,7.08368441331533E-15,0.));
#2704=DIRECTION('center_axis',(-6.46288194481126E-15,1.,0.));
#2705=DIRECTION('ref_axis',(1.,7.08368441331533E-15,0.));
#2706=DIRECTION('',(-6.46288194481126E-15,1.,0.));
#2707=DIRECTION('center_axis',(0.,-1.,0.));
#2708=DIRECTION('ref_axis',(1.,7.08368441331533E-15,0.));
#2709=DIRECTION('center_axis',(0.,1.,0.));
#2710=DIRECTION('ref_axis',(-1.,0.,0.));
#2711=DIRECTION('center_axis',(0.,1.,0.));
#2712=DIRECTION('ref_axis',(-1.,0.,0.));
#2713=DIRECTION('',(0.,-1.,0.));
#2714=DIRECTION('center_axis',(0.,-1.,0.));
#2715=DIRECTION('ref_axis',(-1.,0.,0.));
#2716=DIRECTION('center_axis',(0.,1.,0.));
#2717=DIRECTION('ref_axis',(0.,0.,1.));
#2718=DIRECTION('center_axis',(1.,0.,0.));
#2719=DIRECTION('ref_axis',(0.,0.,-1.));
#2720=DIRECTION('',(0.,1.,-1.73472347597681E-16));
#2721=DIRECTION('',(0.,0.,1.));
#2722=DIRECTION('',(0.,-0.422618261740699,0.90630778703665));
#2723=DIRECTION('',(0.,0.,1.));
#2724=DIRECTION('',(0.,-1.,2.22044604925032E-15));
#2725=DIRECTION('',(0.,0.,-1.));
#2726=DIRECTION('center_axis',(0.,-2.22044604925032E-15,-1.));
#2727=DIRECTION('ref_axis',(0.,1.,-2.22044604925032E-15));
#2728=DIRECTION('',(1.,0.,0.));
#2729=DIRECTION('',(-1.,0.,0.));
#2730=DIRECTION('',(0.,1.,-2.22044604925032E-15));
#2731=DIRECTION('center_axis',(0.,-1.,0.));
#2732=DIRECTION('ref_axis',(0.,0.,-1.));
#2733=DIRECTION('',(-1.,0.,0.));
#2734=DIRECTION('',(0.,0.,-1.));
#2735=DIRECTION('center_axis',(0.,-0.90630778703665,-0.422618261740699));
#2736=DIRECTION('ref_axis',(0.,0.422618261740699,-0.90630778703665));
#2737=DIRECTION('',(-1.,0.,0.));
#2738=DIRECTION('',(0.,0.422618261740699,-0.90630778703665));
#2739=DIRECTION('center_axis',(0.,-1.,0.));
#2740=DIRECTION('ref_axis',(0.,0.,-1.));
#2741=DIRECTION('',(1.,0.,0.));
#2742=DIRECTION('',(0.,0.,-1.));
#2743=DIRECTION('center_axis',(0.,1.73472347597681E-16,1.));
#2744=DIRECTION('ref_axis',(0.,-1.,1.73472347597681E-16));
#2745=DIRECTION('',(-1.,0.,0.));
#2746=DIRECTION('',(0.,-1.,1.73472347597681E-16));
#2747=DIRECTION('center_axis',(1.,0.,0.));
#2748=DIRECTION('ref_axis',(0.,0.,-1.));
#2749=DIRECTION('',(0.,0.,1.));
#2750=DIRECTION('center_axis',(1.,0.,1.77635683940025E-16));
#2751=DIRECTION('ref_axis',(-1.77635683940025E-16,0.,1.));
#2752=DIRECTION('',(1.77635683940025E-16,0.,-1.));
#2753=DIRECTION('',(0.,-1.,0.));
#2754=DIRECTION('',(1.77635683940025E-16,0.,-1.));
#2755=DIRECTION('',(0.,-1.,0.));
#2756=DIRECTION('center_axis',(-1.16456960625016E-16,0.,-1.));
#2757=DIRECTION('ref_axis',(1.,0.,-1.16456960625016E-16));
#2758=DIRECTION('',(-1.,0.,1.16456960625016E-16));
#2759=DIRECTION('',(-1.,0.,1.16456960625016E-16));
#2760=DIRECTION('',(0.,-1.,0.));
#2761=DIRECTION('center_axis',(-1.,0.,0.));
#2762=DIRECTION('ref_axis',(0.,0.,-1.));
#2763=DIRECTION('',(0.,0.,1.));
#2764=DIRECTION('',(0.,0.,1.));
#2765=DIRECTION('',(0.,-1.,0.));
#2766=DIRECTION('center_axis',(0.,0.,1.));
#2767=DIRECTION('ref_axis',(-1.,0.,0.));
#2768=DIRECTION('',(1.,0.,0.));
#2769=DIRECTION('',(1.,0.,0.));
#2770=DIRECTION('center_axis',(0.,1.,0.));
#2771=DIRECTION('ref_axis',(0.,0.,1.));
#2772=DIRECTION('',(-3.37710425741493E-16,0.,1.));
#2773=DIRECTION('',(1.,0.,0.));
#2774=DIRECTION('',(3.37710425741492E-16,0.,-1.));
#2775=DIRECTION('',(-1.,0.,1.51877294750363E-16));
#2776=DIRECTION('center_axis',(-0.999961923064171,0.00872653549837388,-3.37697566763283E-16));
#2777=DIRECTION('ref_axis',(-3.37710425741492E-16,0.,1.));
#2778=DIRECTION('',(0.00872620324394416,0.999923850477571,0.00872620324394423));
#2779=DIRECTION('',(-3.37710425741492E-16,0.,1.));
#2780=DIRECTION('',(0.00872620324394416,0.999923850477571,-0.00872620324394424));
#2781=DIRECTION('center_axis',(0.,0.00872653549837395,-0.999961923064171));
#2782=DIRECTION('ref_axis',(-1.,0.,0.));
#2783=DIRECTION('',(-0.00872620324394416,0.999923850477571,0.00872620324394423));
#2784=DIRECTION('',(-1.,0.,0.));
#2785=DIRECTION('center_axis',(0.999961923064171,0.00872653549837388,3.37697566763283E-16));
#2786=DIRECTION('ref_axis',(3.37710425741493E-16,0.,-1.));
#2787=DIRECTION('',(-0.00872620324394416,0.999923850477571,-0.00872620324394423));
#2788=DIRECTION('',(3.37710425741493E-16,0.,-1.));
#2789=DIRECTION('center_axis',(1.51871511728357E-16,0.00872653549837395,
0.999961923064171));
#2790=DIRECTION('ref_axis',(1.,0.,-1.51877294750363E-16));
#2791=DIRECTION('',(1.,0.,-1.51877294750363E-16));
#2792=DIRECTION('center_axis',(0.,1.,0.));
#2793=DIRECTION('ref_axis',(0.,0.,1.));
#2794=DIRECTION('center_axis',(0.,1.,0.));
#2795=DIRECTION('ref_axis',(0.,0.,1.));
#2796=DIRECTION('axis',(0.,0.,1.));
#2797=DIRECTION('refdir',(1.,0.,0.));
#2798=DIRECTION('center_axis',(1.,5.66958404343639E-16,0.));
#2799=DIRECTION('ref_axis',(0.,0.,-1.));
#2800=DIRECTION('',(5.66958404343639E-16,-1.,0.));
#2801=DIRECTION('',(0.,0.,1.));
#2802=DIRECTION('',(5.66958404343639E-16,-1.,0.));
#2803=DIRECTION('',(0.,0.,1.));
#2804=DIRECTION('center_axis',(0.,-1.,0.));
#2805=DIRECTION('ref_axis',(0.,0.,-1.));
#2806=DIRECTION('',(-1.,0.,0.));
#2807=DIRECTION('',(0.,0.,1.));
#2808=DIRECTION('',(-1.,0.,0.));
#2809=DIRECTION('center_axis',(-1.,-1.77703380465917E-16,0.));
#2810=DIRECTION('ref_axis',(0.,0.,1.));
#2811=DIRECTION('',(-1.77703380465917E-16,1.,0.));
#2812=DIRECTION('',(0.,0.,1.));
#2813=DIRECTION('',(-1.77703380465917E-16,1.,0.));
#2814=DIRECTION('center_axis',(0.,1.,0.));
#2815=DIRECTION('ref_axis',(0.,0.,1.));
#2816=DIRECTION('',(1.,0.,0.));
#2817=DIRECTION('',(1.,0.,0.));
#2818=DIRECTION('center_axis',(0.,0.,1.));
#2819=DIRECTION('ref_axis',(1.,0.,0.));
#2820=DIRECTION('center_axis',(0.,0.,1.));
#2821=DIRECTION('ref_axis',(1.,0.,0.));
#2822=DIRECTION('axis',(0.,0.,1.));
#2823=DIRECTION('refdir',(1.,0.,0.));
#2824=DIRECTION('center_axis',(1.,4.06179155350667E-16,0.));
#2825=DIRECTION('ref_axis',(0.,0.,-1.));
#2826=DIRECTION('',(0.,0.,1.));
#2827=DIRECTION('',(4.06179155350667E-16,-1.,0.));
#2828=DIRECTION('',(0.,0.,1.));
#2829=DIRECTION('',(4.06179155350667E-16,-1.,0.));
#2830=DIRECTION('center_axis',(0.,0.,1.));
#2831=DIRECTION('ref_axis',(1.,0.,0.));
#2832=DIRECTION('center_axis',(0.,0.,1.));
#2833=DIRECTION('ref_axis',(-0.707106781186547,-0.707106781186548,0.));
#2834=DIRECTION('',(-2.03089577675334E-16,1.,0.));
#2835=DIRECTION('',(1.,3.06161699786838E-16,0.));
#2836=DIRECTION('center_axis',(0.,0.,1.));
#2837=DIRECTION('ref_axis',(-0.707106781186547,-0.707106781186548,0.));
#2838=DIRECTION('center_axis',(0.,0.,-1.));
#2839=DIRECTION('ref_axis',(-0.707106781186547,-0.707106781186548,0.));
#2840=DIRECTION('',(0.,0.,-1.));
#2841=DIRECTION('center_axis',(-1.,-2.03089577675334E-16,0.));
#2842=DIRECTION('ref_axis',(0.,0.,1.));
#2843=DIRECTION('',(-2.03089577675334E-16,1.,0.));
#2844=DIRECTION('',(0.,0.,1.));
#2845=DIRECTION('center_axis',(-3.06161699786838E-16,1.,0.));
#2846=DIRECTION('ref_axis',(0.,0.,1.));
#2847=DIRECTION('',(1.,3.06161699786838E-16,0.));
#2848=DIRECTION('center_axis',(0.,0.,1.));
#2849=DIRECTION('ref_axis',(1.,0.,0.));
#2850=DIRECTION('',(0.,0.,1.));
#2851=DIRECTION('',(1.,0.,0.));
#2852=DIRECTION('',(0.,0.,1.));
#2853=DIRECTION('',(1.,0.,0.));
#2854=DIRECTION('',(0.,0.,1.));
#2855=DIRECTION('',(1.,0.,0.));
#2856=DIRECTION('',(0.,0.,1.));
#2857=DIRECTION('',(1.,0.,0.));
#2858=DIRECTION('',(0.,0.,1.));
#2859=DIRECTION('',(1.,0.,0.));
#2860=DIRECTION('',(1.,0.,0.));
#2861=DIRECTION('',(0.,-3.06161699786838E-16,-1.));
#2862=DIRECTION('',(1.,0.,0.));
#2863=DIRECTION('',(0.,-3.06161699786838E-16,-1.));
#2864=DIRECTION('',(1.,0.,0.));
#2865=DIRECTION('',(0.,-3.06161699786838E-16,-1.));
#2866=DIRECTION('',(1.,-8.49769420904307E-31,-2.77555756156289E-15));
#2867=DIRECTION('',(-2.77555756156289E-15,-3.06161699786838E-16,-1.));
#2868=CARTESIAN_POINT('',(0.,0.,0.));
#2869=CARTESIAN_POINT('',(0.,0.,0.));
#2870=CARTESIAN_POINT('Origin',(-14.02,0.,5.975));
#2871=CARTESIAN_POINT('',(-14.0112731322092,1.,-5.96627313220924));
#2872=CARTESIAN_POINT('',(-14.0112731322092,1.,5.96627313220924));
#2873=CARTESIAN_POINT('',(-14.0112731322092,1.,2.9875));
#2874=CARTESIAN_POINT('',(-14.02,0.,-5.975));
#2875=CARTESIAN_POINT('',(-14.0195450239273,0.0521350940177147,-5.97454502392725));
#2876=CARTESIAN_POINT('',(-14.02,0.,5.975));
#2877=CARTESIAN_POINT('',(-14.02,-8.67361737988404E-18,2.9875));
#2878=CARTESIAN_POINT('',(-14.0189324243448,0.12233205324324,5.97393242434478));
#2879=CARTESIAN_POINT('Origin',(14.02,0.,5.975));
#2880=CARTESIAN_POINT('',(14.0112731322092,1.,5.96627313220924));
#2881=CARTESIAN_POINT('',(7.01,1.,5.96627313220924));
#2882=CARTESIAN_POINT('',(14.02,0.,5.975));
#2883=CARTESIAN_POINT('',(7.01,-4.33680868994202E-18,5.975));
#2884=CARTESIAN_POINT('',(14.0195450239273,0.0521350940177147,5.97454502392725));
#2885=CARTESIAN_POINT('Origin',(14.02,0.,-5.975));
#2886=CARTESIAN_POINT('',(14.0112731322092,1.,-5.96627313220924));
#2887=CARTESIAN_POINT('',(14.0112731322092,1.,-2.9875));
#2888=CARTESIAN_POINT('',(14.02,0.,-5.975));
#2889=CARTESIAN_POINT('',(14.02,-8.67361737988404E-18,-2.9875));
#2890=CARTESIAN_POINT('',(14.0189324243448,0.12233205324324,-5.97393242434478));
#2891=CARTESIAN_POINT('Origin',(-14.02,0.,-5.975));
#2892=CARTESIAN_POINT('',(-7.01,1.,-5.96627313220924));
#2893=CARTESIAN_POINT('',(-7.01,-4.33680868994202E-18,-5.975));
#2894=CARTESIAN_POINT('Origin',(-1.57144094072917E-15,0.,0.));
#2895=CARTESIAN_POINT('',(-0.1,0.,1.22464679914735E-17));
#2896=CARTESIAN_POINT('Origin',(0.,0.,0.));
#2897=CARTESIAN_POINT('Origin',(-1.57144094072917E-15,0.,0.));
#2898=CARTESIAN_POINT('',(-0.5,0.,6.12323399573677E-17));
#2899=CARTESIAN_POINT('Origin',(0.,0.,0.));
#2900=CARTESIAN_POINT('Origin',(-1.57144094072917E-15,0.,0.));
#2901=CARTESIAN_POINT('',(-1.25,0.,1.53080849893419E-16));
#2902=CARTESIAN_POINT('Origin',(0.,0.,0.));
#2903=CARTESIAN_POINT('Origin',(-1.57144094072917E-15,0.,0.));
#2904=CARTESIAN_POINT('',(13.5996,0.,-3.3973));
#2905=CARTESIAN_POINT('',(13.5996,0.,-4.1973));
#2906=CARTESIAN_POINT('',(13.5996,0.,-1.69865));
#2907=CARTESIAN_POINT('',(13.0496,0.,-4.1973));
#2908=CARTESIAN_POINT('',(6.7998,0.,-4.1973));
#2909=CARTESIAN_POINT('',(13.0496,0.,-3.3973));
#2910=CARTESIAN_POINT('',(13.0496,0.,-2.09865));
#2911=CARTESIAN_POINT('',(6.5248,0.,-3.3973));
#2912=CARTESIAN_POINT('',(3.5996,0.,-3.3973));
#2913=CARTESIAN_POINT('',(3.5996,0.,-4.1973));
#2914=CARTESIAN_POINT('',(3.5996,0.,-1.69865));
#2915=CARTESIAN_POINT('',(3.0496,0.,-4.1973));
#2916=CARTESIAN_POINT('',(1.7998,0.,-4.1973));
#2917=CARTESIAN_POINT('',(3.0496,0.,-3.3973));
#2918=CARTESIAN_POINT('',(3.0496,0.,-2.09865));
#2919=CARTESIAN_POINT('',(1.5248,0.,-3.3973));
#2920=CARTESIAN_POINT('',(8.5996,0.,4.1973));
#2921=CARTESIAN_POINT('',(8.5996,0.,3.3973));
#2922=CARTESIAN_POINT('',(8.5996,0.,2.09865));
#2923=CARTESIAN_POINT('',(8.0496,0.,3.3973));
#2924=CARTESIAN_POINT('',(4.2998,0.,3.3973));
#2925=CARTESIAN_POINT('',(8.0496,0.,4.1973));
#2926=CARTESIAN_POINT('',(8.0496,0.,1.69865));
#2927=CARTESIAN_POINT('',(4.0248,0.,4.1973));
#2928=CARTESIAN_POINT('',(-11.9504,0.,-4.0723));
#2929=CARTESIAN_POINT('',(-11.9504,0.,-3.5223));
#2930=CARTESIAN_POINT('',(-11.9504,0.,-2.03615));
#2931=CARTESIAN_POINT('',(-11.4004,0.,-3.5223));
#2932=CARTESIAN_POINT('',(-5.9752,0.,-3.5223));
#2933=CARTESIAN_POINT('',(-11.4004,0.,-4.0723));
#2934=CARTESIAN_POINT('',(-11.4004,0.,-1.76115));
#2935=CARTESIAN_POINT('',(-5.7002,0.,-4.0723));
#2936=CARTESIAN_POINT('',(-11.9504,0.,3.5223));
#2937=CARTESIAN_POINT('',(-11.9504,0.,4.0723));
#2938=CARTESIAN_POINT('',(-11.9504,0.,1.76115));
#2939=CARTESIAN_POINT('',(-11.4004,0.,4.0723));
#2940=CARTESIAN_POINT('',(-5.9752,0.,4.0723));
#2941=CARTESIAN_POINT('',(-11.4004,0.,3.5223));
#2942=CARTESIAN_POINT('',(-11.4004,0.,2.03615));
#2943=CARTESIAN_POINT('',(-5.7002,0.,3.5223));
#2944=CARTESIAN_POINT('',(-11.9504,0.,-0.275));
#2945=CARTESIAN_POINT('',(-11.9504,0.,0.275));
#2946=CARTESIAN_POINT('',(-11.9504,0.,-0.1375));
#2947=CARTESIAN_POINT('',(-11.4004,0.,0.275));
#2948=CARTESIAN_POINT('',(-5.9752,0.,0.275));
#2949=CARTESIAN_POINT('',(-11.4004,0.,-0.275));
#2950=CARTESIAN_POINT('',(-11.4004,0.,0.1375));
#2951=CARTESIAN_POINT('',(-5.7002,0.,-0.275));
#2952=CARTESIAN_POINT('',(3.5996,0.,4.1973));
#2953=CARTESIAN_POINT('',(3.5996,0.,3.3973));
#2954=CARTESIAN_POINT('',(3.5996,0.,2.09865));
#2955=CARTESIAN_POINT('',(3.0496,0.,3.3973));
#2956=CARTESIAN_POINT('',(1.7998,0.,3.3973));
#2957=CARTESIAN_POINT('',(3.0496,0.,4.1973));
#2958=CARTESIAN_POINT('',(3.0496,0.,1.69865));
#2959=CARTESIAN_POINT('',(1.5248,0.,4.1973));
#2960=CARTESIAN_POINT('',(13.5996,0.,4.1973));
#2961=CARTESIAN_POINT('',(13.5996,0.,3.3973));
#2962=CARTESIAN_POINT('',(13.5996,0.,2.09864999999998));
#2963=CARTESIAN_POINT('',(13.0496,0.,3.3973));
#2964=CARTESIAN_POINT('',(6.7998,0.,3.3973));
#2965=CARTESIAN_POINT('',(13.0496,0.,4.1973));
#2966=CARTESIAN_POINT('',(13.0496,0.,1.69865000000002));
#2967=CARTESIAN_POINT('',(6.5248,0.,4.1973));
#2968=CARTESIAN_POINT('',(8.5996,0.,-3.3973));
#2969=CARTESIAN_POINT('',(8.5996,0.,-4.1973));
#2970=CARTESIAN_POINT('',(8.5996,0.,-1.69865));
#2971=CARTESIAN_POINT('',(8.0496,0.,-4.1973));
#2972=CARTESIAN_POINT('',(4.2998,0.,-4.1973));
#2973=CARTESIAN_POINT('',(8.0496,0.,-3.3973));
#2974=CARTESIAN_POINT('',(8.0496,0.,-2.09865));
#2975=CARTESIAN_POINT('',(4.0248,0.,-3.3973));
#2976=CARTESIAN_POINT('',(1.68019024220569,0.,3.43));
#2977=CARTESIAN_POINT('',(0.0357804844113853,0.,4.21));
#2978=CARTESIAN_POINT('Origin',(0.0357804844113845,0.,2.08661317209671));
#2979=CARTESIAN_POINT('',(3.3246,0.,2.65));
#2980=CARTESIAN_POINT('Origin',(3.3246,0.,4.77338682790329));
#2981=CARTESIAN_POINT('',(8.3246,0.,2.65));
#2982=CARTESIAN_POINT('',(1.6623,0.,2.65));
#2983=CARTESIAN_POINT('',(10.176417934509,0.,3.73437674212746));
#2984=CARTESIAN_POINT('Origin',(8.3246,0.,4.77338682790329));
#2985=CARTESIAN_POINT('',(11.92,0.,3.27865195316751));
#2986=CARTESIAN_POINT('Origin',(10.9886519531675,0.,3.27865195316751));
#2987=CARTESIAN_POINT('',(11.92,0.,-3.27865195316752));
#2988=CARTESIAN_POINT('',(11.92,0.,1.63932597658375));
#2989=CARTESIAN_POINT('',(10.176417934509,0.,-3.73437674212747));
#2990=CARTESIAN_POINT('Origin',(10.9886519531675,0.,-3.27865195316752));
#2991=CARTESIAN_POINT('',(8.3246,0.,-2.65));
#2992=CARTESIAN_POINT('Origin',(8.3246,0.,-4.77338682790329));
#2993=CARTESIAN_POINT('',(3.3246,0.,-2.65));
#2994=CARTESIAN_POINT('',(4.1623,0.,-2.65));
#2995=CARTESIAN_POINT('',(1.68019024220569,0.,-3.43));
#2996=CARTESIAN_POINT('Origin',(3.3246,0.,-4.77338682790329));
#2997=CARTESIAN_POINT('',(0.0357804844113824,0.,-4.21));
#2998=CARTESIAN_POINT('Origin',(0.0357804844113829,0.,-2.08661317209671));
#2999=CARTESIAN_POINT('',(-8.12,0.,-4.21));
#3000=CARTESIAN_POINT('',(0.0178902422056897,0.,-4.21));
#3001=CARTESIAN_POINT('',(-10.12,0.,-2.21));
#3002=CARTESIAN_POINT('Origin',(-8.12,0.,-2.21));
#3003=CARTESIAN_POINT('',(-10.12,0.,2.21));
#3004=CARTESIAN_POINT('',(-10.12,0.,-1.105));
#3005=CARTESIAN_POINT('',(-8.12,0.,4.21));
#3006=CARTESIAN_POINT('Origin',(-8.12,0.,2.21));
#3007=CARTESIAN_POINT('',(-4.06,0.,4.21));
#3008=CARTESIAN_POINT('Origin',(8.5996,0.,-3.3973));
#3009=CARTESIAN_POINT('',(8.5996,0.5,-3.3973));
#3010=CARTESIAN_POINT('',(8.5996,0.,-3.3973));
#3011=CARTESIAN_POINT('',(8.5996,0.5,-4.1973));
#3012=CARTESIAN_POINT('',(8.5996,0.5,-4.1973));
#3013=CARTESIAN_POINT('',(8.5996,0.,-4.1973));
#3014=CARTESIAN_POINT('Origin',(8.0496,0.,-3.3973));
#3015=CARTESIAN_POINT('',(8.0496,0.5,-3.3973));
#3016=CARTESIAN_POINT('',(8.0496,0.,-3.3973));
#3017=CARTESIAN_POINT('',(8.5996,0.5,-3.3973));
#3018=CARTESIAN_POINT('Origin',(8.0496,0.,-4.1973));
#3019=CARTESIAN_POINT('',(8.0496,0.5,-4.1973));
#3020=CARTESIAN_POINT('',(8.0496,0.,-4.1973));
#3021=CARTESIAN_POINT('',(8.0496,0.5,-3.3973));
#3022=CARTESIAN_POINT('Origin',(8.5996,0.,-4.1973));
#3023=CARTESIAN_POINT('',(8.0496,0.5,-4.1973));
#3024=CARTESIAN_POINT('Origin',(8.3246,0.5,-3.7973));
#3025=CARTESIAN_POINT('Origin',(13.5996,0.,4.1973));
#3026=CARTESIAN_POINT('',(13.5996,0.5,4.1973));
#3027=CARTESIAN_POINT('',(13.5996,0.,4.1973));
#3028=CARTESIAN_POINT('',(13.5996,0.5,3.3973));
#3029=CARTESIAN_POINT('',(13.5996,0.5,3.3973));
#3030=CARTESIAN_POINT('',(13.5996,0.,3.3973));
#3031=CARTESIAN_POINT('Origin',(13.0496,0.,4.1973));
#3032=CARTESIAN_POINT('',(13.0496,0.5,4.1973));
#3033=CARTESIAN_POINT('',(13.0496,0.,4.1973));
#3034=CARTESIAN_POINT('',(13.5996,0.5,4.1973));
#3035=CARTESIAN_POINT('Origin',(13.0496,0.,3.3973));
#3036=CARTESIAN_POINT('',(13.0496,0.5,3.3973));
#3037=CARTESIAN_POINT('',(13.0496,0.,3.3973));
#3038=CARTESIAN_POINT('',(13.0496,0.5,4.1973));
#3039=CARTESIAN_POINT('Origin',(13.5996,0.,3.3973));
#3040=CARTESIAN_POINT('',(13.0496,0.5,3.3973));
#3041=CARTESIAN_POINT('Origin',(13.3246,0.5,3.7973));
#3042=CARTESIAN_POINT('Origin',(3.5996,0.,4.1973));
#3043=CARTESIAN_POINT('',(3.5996,0.5,4.1973));
#3044=CARTESIAN_POINT('',(3.5996,0.,4.1973));
#3045=CARTESIAN_POINT('',(3.5996,0.5,3.3973));
#3046=CARTESIAN_POINT('',(3.5996,0.5,3.3973));
#3047=CARTESIAN_POINT('',(3.5996,0.,3.3973));
#3048=CARTESIAN_POINT('Origin',(3.0496,0.,4.1973));
#3049=CARTESIAN_POINT('',(3.0496,0.5,4.1973));
#3050=CARTESIAN_POINT('',(3.0496,0.,4.1973));
#3051=CARTESIAN_POINT('',(3.5996,0.5,4.1973));
#3052=CARTESIAN_POINT('Origin',(3.0496,0.,3.3973));
#3053=CARTESIAN_POINT('',(3.0496,0.5,3.3973));
#3054=CARTESIAN_POINT('',(3.0496,0.,3.3973));
#3055=CARTESIAN_POINT('',(3.0496,0.5,4.1973));
#3056=CARTESIAN_POINT('Origin',(3.5996,0.,3.3973));
#3057=CARTESIAN_POINT('',(3.0496,0.5,3.3973));
#3058=CARTESIAN_POINT('Origin',(3.3246,0.5,3.7973));
#3059=CARTESIAN_POINT('Origin',(-11.9504,0.,-0.275));
#3060=CARTESIAN_POINT('',(-11.9504,0.5,-0.275));
#3061=CARTESIAN_POINT('',(-11.9504,0.,-0.275));
#3062=CARTESIAN_POINT('',(-11.9504,0.5,0.275));
#3063=CARTESIAN_POINT('',(-11.9504,0.5,-0.275));
#3064=CARTESIAN_POINT('',(-11.9504,0.,0.275));
#3065=CARTESIAN_POINT('Origin',(-11.4004,0.,-0.275));
#3066=CARTESIAN_POINT('',(-11.4004,0.5,-0.275));
#3067=CARTESIAN_POINT('',(-11.4004,0.,-0.275));
#3068=CARTESIAN_POINT('',(-11.4004,0.5,-0.275));
#3069=CARTESIAN_POINT('Origin',(-11.4004,0.,0.275));
#3070=CARTESIAN_POINT('',(-11.4004,0.5,0.275));
#3071=CARTESIAN_POINT('',(-11.4004,0.,0.275));
#3072=CARTESIAN_POINT('',(-11.4004,0.5,0.275));
#3073=CARTESIAN_POINT('Origin',(-11.9504,0.,0.275));
#3074=CARTESIAN_POINT('',(-11.9504,0.5,0.275));
#3075=CARTESIAN_POINT('Origin',(-11.6754,0.5,1.23401919995623E-16));
#3076=CARTESIAN_POINT('Origin',(-11.9504,0.,3.5223));
#3077=CARTESIAN_POINT('',(-11.9504,0.5,3.5223));
#3078=CARTESIAN_POINT('',(-11.9504,0.,3.5223));
#3079=CARTESIAN_POINT('',(-11.9504,0.5,4.0723));
#3080=CARTESIAN_POINT('',(-11.9504,0.5,3.5223));
#3081=CARTESIAN_POINT('',(-11.9504,0.,4.0723));
#3082=CARTESIAN_POINT('Origin',(-11.4004,0.,3.5223));
#3083=CARTESIAN_POINT('',(-11.4004,0.5,3.5223));
#3084=CARTESIAN_POINT('',(-11.4004,0.,3.5223));
#3085=CARTESIAN_POINT('',(-11.4004,0.5,3.5223));
#3086=CARTESIAN_POINT('Origin',(-11.4004,0.,4.0723));
#3087=CARTESIAN_POINT('',(-11.4004,0.5,4.0723));
#3088=CARTESIAN_POINT('',(-11.4004,0.,4.0723));
#3089=CARTESIAN_POINT('',(-11.4004,0.5,4.0723));
#3090=CARTESIAN_POINT('Origin',(-11.9504,0.,4.0723));
#3091=CARTESIAN_POINT('',(-11.9504,0.5,4.0723));
#3092=CARTESIAN_POINT('Origin',(-11.6754,0.5,3.7973));
#3093=CARTESIAN_POINT('Origin',(-11.9504,0.,-4.0723));
#3094=CARTESIAN_POINT('',(-11.9504,0.5,-4.0723));
#3095=CARTESIAN_POINT('',(-11.9504,0.,-4.0723));
#3096=CARTESIAN_POINT('',(-11.9504,0.5,-3.5223));
#3097=CARTESIAN_POINT('',(-11.9504,0.5,-4.0723));
#3098=CARTESIAN_POINT('',(-11.9504,0.,-3.5223));
#3099=CARTESIAN_POINT('Origin',(-11.4004,0.,-4.0723));
#3100=CARTESIAN_POINT('',(-11.4004,0.5,-4.0723));
#3101=CARTESIAN_POINT('',(-11.4004,0.,-4.0723));
#3102=CARTESIAN_POINT('',(-11.4004,0.5,-4.0723));
#3103=CARTESIAN_POINT('Origin',(-11.4004,0.,-3.5223));
#3104=CARTESIAN_POINT('',(-11.4004,0.5,-3.5223));
#3105=CARTESIAN_POINT('',(-11.4004,0.,-3.5223));
#3106=CARTESIAN_POINT('',(-11.4004,0.5,-3.5223));
#3107=CARTESIAN_POINT('Origin',(-11.9504,0.,-3.5223));
#3108=CARTESIAN_POINT('',(-11.9504,0.5,-3.5223));
#3109=CARTESIAN_POINT('Origin',(-11.6754,0.5,-3.7973));
#3110=CARTESIAN_POINT('Origin',(8.5996,0.,4.1973));
#3111=CARTESIAN_POINT('',(8.5996,0.5,4.1973));
#3112=CARTESIAN_POINT('',(8.5996,0.,4.1973));
#3113=CARTESIAN_POINT('',(8.5996,0.5,3.3973));
#3114=CARTESIAN_POINT('',(8.5996,0.5,3.3973));
#3115=CARTESIAN_POINT('',(8.5996,0.,3.3973));
#3116=CARTESIAN_POINT('Origin',(8.0496,0.,4.1973));
#3117=CARTESIAN_POINT('',(8.0496,0.5,4.1973));
#3118=CARTESIAN_POINT('',(8.0496,0.,4.1973));
#3119=CARTESIAN_POINT('',(8.5996,0.5,4.1973));
#3120=CARTESIAN_POINT('Origin',(8.0496,0.,3.3973));
#3121=CARTESIAN_POINT('',(8.0496,0.5,3.3973));
#3122=CARTESIAN_POINT('',(8.0496,0.,3.3973));
#3123=CARTESIAN_POINT('',(8.0496,0.5,4.1973));
#3124=CARTESIAN_POINT('Origin',(8.5996,0.,3.3973));
#3125=CARTESIAN_POINT('',(8.0496,0.5,3.3973));
#3126=CARTESIAN_POINT('Origin',(8.3246,0.5,3.7973));
#3127=CARTESIAN_POINT('Origin',(3.5996,0.,-3.3973));
#3128=CARTESIAN_POINT('',(3.5996,0.5,-3.3973));
#3129=CARTESIAN_POINT('',(3.5996,0.,-3.3973));
#3130=CARTESIAN_POINT('',(3.5996,0.5,-4.1973));
#3131=CARTESIAN_POINT('',(3.5996,0.5,-4.1973));
#3132=CARTESIAN_POINT('',(3.5996,0.,-4.1973));
#3133=CARTESIAN_POINT('Origin',(3.0496,0.,-3.3973));
#3134=CARTESIAN_POINT('',(3.0496,0.5,-3.3973));
#3135=CARTESIAN_POINT('',(3.0496,0.,-3.3973));
#3136=CARTESIAN_POINT('',(3.5996,0.5,-3.3973));
#3137=CARTESIAN_POINT('Origin',(3.0496,0.,-4.1973));
#3138=CARTESIAN_POINT('',(3.0496,0.5,-4.1973));
#3139=CARTESIAN_POINT('',(3.0496,0.,-4.1973));
#3140=CARTESIAN_POINT('',(3.0496,0.5,-3.3973));
#3141=CARTESIAN_POINT('Origin',(3.5996,0.,-4.1973));
#3142=CARTESIAN_POINT('',(3.0496,0.5,-4.1973));
#3143=CARTESIAN_POINT('Origin',(3.3246,0.5,-3.7973));
#3144=CARTESIAN_POINT('Origin',(13.5996,0.,-3.3973));
#3145=CARTESIAN_POINT('',(13.5996,0.5,-3.3973));
#3146=CARTESIAN_POINT('',(13.5996,0.,-3.3973));
#3147=CARTESIAN_POINT('',(13.5996,0.5,-4.1973));
#3148=CARTESIAN_POINT('',(13.5996,0.5,-3.3973));
#3149=CARTESIAN_POINT('',(13.5996,0.,-4.1973));
#3150=CARTESIAN_POINT('Origin',(13.0496,0.,-3.3973));
#3151=CARTESIAN_POINT('',(13.0496,0.5,-3.3973));
#3152=CARTESIAN_POINT('',(13.0496,0.,-3.3973));
#3153=CARTESIAN_POINT('',(13.0496,0.5,-3.3973));
#3154=CARTESIAN_POINT('Origin',(13.0496,0.,-4.1973));
#3155=CARTESIAN_POINT('',(13.0496,0.5,-4.1973));
#3156=CARTESIAN_POINT('',(13.0496,0.,-4.1973));
#3157=CARTESIAN_POINT('',(13.0496,0.5,-4.1973));
#3158=CARTESIAN_POINT('Origin',(13.5996,0.,-4.1973));
#3159=CARTESIAN_POINT('',(13.5996,0.5,-4.1973));
#3160=CARTESIAN_POINT('Origin',(13.3246,0.5,-3.7973));
#3161=CARTESIAN_POINT('Origin',(-1.57144094072917E-15,1.,0.));
#3162=CARTESIAN_POINT('Origin',(-1.57144094072917E-15,0.,0.));
#3163=CARTESIAN_POINT('',(0.,0.,0.));
#3164=CARTESIAN_POINT('Origin',(0.33,15.3678952778331,-0.693231956322771));
#3165=CARTESIAN_POINT('',(0.33,14.85,-1.09233825655862));
#3166=CARTESIAN_POINT('',(0.33,14.85,1.09233825655862));
#3167=CARTESIAN_POINT('Origin',(0.33,16.7293269230769,0.));
#3168=CARTESIAN_POINT('',(0.33,14.85,1.75));
#3169=CARTESIAN_POINT('',(0.33,14.85,-0.346615978161385));
#3170=CARTESIAN_POINT('',(0.33,14.3,1.75));
#3171=CARTESIAN_POINT('',(0.33,15.5339476389166,1.75));
#3172=CARTESIAN_POINT('',(0.33,14.3,-1.28301679758576));
#3173=CARTESIAN_POINT('',(0.33,14.3,0.228384021838615));
#3174=CARTESIAN_POINT('',(0.33,14.85,-2.46249560386602));
#3175=CARTESIAN_POINT('',(0.33,14.3105236700175,-1.30558488076742));
#3176=CARTESIAN_POINT('',(0.33,14.85,-3.35));
#3177=CARTESIAN_POINT('',(0.33,14.85,-1.51135538130152));
#3178=CARTESIAN_POINT('',(0.33,15.1,-3.35));
#3179=CARTESIAN_POINT('',(0.33,15.4089476389166,-3.35));
#3180=CARTESIAN_POINT('',(0.33,15.1,-2.0821577750017));
#3181=CARTESIAN_POINT('',(0.33,15.1,-0.346615978161385));
#3182=CARTESIAN_POINT('',(0.33,14.85,-2.0821577750017));
#3183=CARTESIAN_POINT('',(0.33,15.575,-2.0821577750017));
#3184=CARTESIAN_POINT('',(0.33,14.85,-0.346615978161385));
#3185=CARTESIAN_POINT('Origin',(-1.42,15.7,1.75));
#3186=CARTESIAN_POINT('',(-0.0821785623187224,14.85,1.75));
#3187=CARTESIAN_POINT('',(0.961500000000004,14.85,1.75));
#3188=CARTESIAN_POINT('',(-0.0821785623187241,15.1,1.75));
#3189=CARTESIAN_POINT('',(-0.0821785623187271,15.575,1.75));
#3190=CARTESIAN_POINT('',(-3.17,15.1,1.75));
#3191=CARTESIAN_POINT('',(-0.710000000000001,15.1,1.75));
#3192=CARTESIAN_POINT('',(-3.17,14.3,1.75));
#3193=CARTESIAN_POINT('',(-3.17,15.5339476389166,1.75));
#3194=CARTESIAN_POINT('',(-1.42,14.3,1.75));
#3195=CARTESIAN_POINT('Origin',(1.668,16.7293269230769,0.));
#3196=CARTESIAN_POINT('Origin',(1.66800000000001,14.85,0.));
#3197=CARTESIAN_POINT('',(1.66800000000001,14.33,-0.870945960861855));
#3198=CARTESIAN_POINT('Origin',(1.66800000000001,14.33,0.));
#3199=CARTESIAN_POINT('Origin',(1.818,14.33,0.));
#3200=CARTESIAN_POINT('Origin',(3.343,14.85,0.));
#3201=CARTESIAN_POINT('Origin',(1.668,14.85,0.));
#3202=CARTESIAN_POINT('Origin',(1.66799999999999,15.575,0.));
#3203=CARTESIAN_POINT('Origin',(1.668,15.1,0.));
#3204=CARTESIAN_POINT('Origin',(-3.17,15.3678952778331,-0.693231956322771));
#3205=CARTESIAN_POINT('',(-3.17,15.1,-3.35));
#3206=CARTESIAN_POINT('',(-3.17,15.1,-0.346615978161385));
#3207=CARTESIAN_POINT('',(-3.17,14.85,-3.35));
#3208=CARTESIAN_POINT('',(-3.17,15.4089476389166,-3.35));
#3209=CARTESIAN_POINT('',(-3.17,14.85,-2.46249560386602));
#3210=CARTESIAN_POINT('',(-3.17,14.85,-1.51135538130152));
#3211=CARTESIAN_POINT('',(-3.17,14.3,-1.28301679758576));
#3212=CARTESIAN_POINT('',(-3.17,14.3105236700175,-1.30558488076742));
#3213=CARTESIAN_POINT('',(-3.17,14.3,0.228384021838615));
#3214=CARTESIAN_POINT('Origin',(-1.42,15.45,-3.35));
#3215=CARTESIAN_POINT('',(-0.710000000000001,15.1,-3.35));
#3216=CARTESIAN_POINT('',(-1.42,14.85,-3.35));
#3217=CARTESIAN_POINT('Origin',(-1.42,14.85,-2.32947880628026));
#3218=CARTESIAN_POINT('',(-1.42,14.85,-2.46249560386602));
#3219=CARTESIAN_POINT('Origin',(-1.42,14.356215327778,-1.40357095704442));
#3220=CARTESIAN_POINT('',(-1.42,14.3,-1.28301679758576));
#3221=CARTESIAN_POINT('Origin',(-1.42,14.3,1.15));
#3222=CARTESIAN_POINT('Origin',(13.7,15.7,-6.25));
#3223=CARTESIAN_POINT('',(13.7,15.1,5.65));
#3224=CARTESIAN_POINT('',(13.7,15.1,-5.65));
#3225=CARTESIAN_POINT('',(13.7,15.1,-3.125));
#3226=CARTESIAN_POINT('',(13.7,14.85,-5.65));
#3227=CARTESIAN_POINT('',(13.7,15.7,-5.65));
#3228=CARTESIAN_POINT('',(13.7,14.85,5.65));
#3229=CARTESIAN_POINT('',(13.7,14.85,-3.125));
#3230=CARTESIAN_POINT('',(13.7,15.7,5.65));
#3231=CARTESIAN_POINT('Origin',(-14.3,15.7,-5.65));
#3232=CARTESIAN_POINT('',(-13.7,15.1,-5.65));
#3233=CARTESIAN_POINT('',(-7.15,15.1,-5.65));
#3234=CARTESIAN_POINT('',(-13.7,14.85,-5.65));
#3235=CARTESIAN_POINT('',(-13.7,15.7,-5.65));
#3236=CARTESIAN_POINT('',(-7.15,14.85,-5.65));
#3237=CARTESIAN_POINT('Origin',(-13.7,15.7,6.25));
#3238=CARTESIAN_POINT('',(-13.7,15.1,5.65));
#3239=CARTESIAN_POINT('',(-13.7,15.1,3.125));
#3240=CARTESIAN_POINT('',(-13.7,14.85,5.65));
#3241=CARTESIAN_POINT('',(-13.7,15.7,5.65));
#3242=CARTESIAN_POINT('',(-13.7,14.85,3.125));
#3243=CARTESIAN_POINT('Origin',(14.3,15.7,5.65));
#3244=CARTESIAN_POINT('',(7.15,15.1,5.65));
#3245=CARTESIAN_POINT('',(7.15,14.85,5.65));
#3246=CARTESIAN_POINT('Origin',(-7.85720470364583E-16,14.85,0.));
#3247=CARTESIAN_POINT('',(13.8903831662758,14.85,-5.84538316627579));
#3248=CARTESIAN_POINT('',(13.8903831662758,14.85,5.84538316627579));
#3249=CARTESIAN_POINT('',(13.8903831662758,14.85,-3.2875));
#3250=CARTESIAN_POINT('',(-13.8903831662758,14.85,5.84538316627579));
#3251=CARTESIAN_POINT('',(7.31,14.85,5.84538316627579));
#3252=CARTESIAN_POINT('',(-13.8903831662758,14.85,-5.84538316627579));
#3253=CARTESIAN_POINT('',(-13.8903831662758,14.85,3.2875));
#3254=CARTESIAN_POINT('',(-7.31,14.85,-5.84538316627579));
#3255=CARTESIAN_POINT('Origin',(-14.0200228461615,-0.00523592129902432,
6.575));
#3256=CARTESIAN_POINT('',(-14.0199771529686,-3.61400724161835E-19,5.97497715296856));
#3257=CARTESIAN_POINT('',(-14.0189552687666,0.117096331289281,5.97395526876662));
#3258=CARTESIAN_POINT('',(-14.0199771529686,7.2280144832367E-19,-5.97497715296856));
#3259=CARTESIAN_POINT('',(-14.0199771529686,0.,3.2875));
#3260=CARTESIAN_POINT('',(-14.0195678683491,0.0468993720637572,-5.97456786834909));
#3261=CARTESIAN_POINT('Origin',(-14.62,-0.00523592129902437,-5.9750228461615));
#3262=CARTESIAN_POINT('',(14.0199771529686,0.,-5.97497715296856));
#3263=CARTESIAN_POINT('',(-7.31,0.,-5.97497715296856));
#3264=CARTESIAN_POINT('',(14.0189552687666,0.117096331289281,-5.97395526876661));
#3265=CARTESIAN_POINT('Origin',(14.0200228461615,-0.00523592129902432,-6.575));
#3266=CARTESIAN_POINT('',(14.0199771529686,7.2280144832367E-19,5.97497715296856));
#3267=CARTESIAN_POINT('',(14.0199771529686,0.,-3.2875));
#3268=CARTESIAN_POINT('',(14.0195678683491,0.0468993720637572,5.97456786834909));
#3269=CARTESIAN_POINT('Origin',(14.62,-0.00523592129902437,5.9750228461615));
#3270=CARTESIAN_POINT('',(7.31,0.,5.97497715296856));
#3271=CARTESIAN_POINT('Origin',(-2.75002164627604E-15,15.1,1.17858070554688E-15));
#3272=CARTESIAN_POINT('Origin',(1.818,14.93,0.));
#3273=CARTESIAN_POINT('',(1.368,14.93,3.67394039744206E-17));
#3274=CARTESIAN_POINT('Origin',(1.668,14.93,0.));
#3275=CARTESIAN_POINT('Origin',(1.668,14.865,0.));
#3276=CARTESIAN_POINT('',(1.368,14.8,3.67394039744206E-17));
#3277=CARTESIAN_POINT('Origin',(1.668,14.8,0.));
#3278=CARTESIAN_POINT('',(1.368,14.865,3.67394039744206E-17));
#3279=CARTESIAN_POINT('Origin',(1.668,16.7293269230769,0.));
#3280=CARTESIAN_POINT('',(3.143,15.45,0.));
#3281=CARTESIAN_POINT('Origin',(1.66799999999999,15.45,0.));
#3282=CARTESIAN_POINT('Origin',(3.343,15.45,0.));
#3283=CARTESIAN_POINT('',(-0.20700000000001,15.45,2.29621274840129E-16));
#3284=CARTESIAN_POINT('Origin',(1.66799999999999,15.45,0.));
#3285=CARTESIAN_POINT('Origin',(1.66799999999999,15.575,0.));
#3286=CARTESIAN_POINT('',(-0.207000000000012,15.7,2.29621274840129E-16));
#3287=CARTESIAN_POINT('',(-0.207000000000011,15.575,2.29621274840129E-16));
#3288=CARTESIAN_POINT('Origin',(1.66799999999999,15.7,0.));
#3289=CARTESIAN_POINT('Origin',(-1.42,14.9,0.));
#3290=CARTESIAN_POINT('',(-0.85,15.45,-6.98048675513992E-17));
#3291=CARTESIAN_POINT('Origin',(-1.42,15.45,0.));
#3292=CARTESIAN_POINT('',(-0.85,14.9,-6.98048675513992E-17));
#3293=CARTESIAN_POINT('',(-0.85,14.9,-6.98048675513992E-17));
#3294=CARTESIAN_POINT('Origin',(-1.42,14.9,0.));
#3295=CARTESIAN_POINT('Origin',(-1.42,15.45,1.26807271635731E-17));
#3296=CARTESIAN_POINT('Origin',(-2.57,15.3678952778331,-0.693231956322771));
#3297=CARTESIAN_POINT('',(-2.57,14.9,1.15));
#3298=CARTESIAN_POINT('',(-2.57,15.7,1.15));
#3299=CARTESIAN_POINT('',(-2.57,14.9,1.15));
#3300=CARTESIAN_POINT('',(-2.57,14.9,-1.15));
#3301=CARTESIAN_POINT('',(-2.57,14.9,-1.15));
#3302=CARTESIAN_POINT('',(-2.57,15.45,-2.32947880628026));
#3303=CARTESIAN_POINT('',(-2.57,15.45,-2.32947880628026));
#3304=CARTESIAN_POINT('',(-2.57,15.45,-2.75));
#3305=CARTESIAN_POINT('',(-2.57,15.45,-2.75));
#3306=CARTESIAN_POINT('',(-2.57,15.7,-2.75));
#3307=CARTESIAN_POINT('',(-2.57,15.7,-2.75));
#3308=CARTESIAN_POINT('',(-2.57,15.7,-0.346615978161385));
#3309=CARTESIAN_POINT('Origin',(-1.42,15.45,-2.75));
#3310=CARTESIAN_POINT('',(-0.27,15.7,-2.75));
#3311=CARTESIAN_POINT('',(-0.710000000000001,15.7,-2.75));
#3312=CARTESIAN_POINT('',(-0.27,15.45,-2.75));
#3313=CARTESIAN_POINT('',(-1.42,15.45,-2.75));
#3314=CARTESIAN_POINT('',(-0.27,15.7,-2.75));
#3315=CARTESIAN_POINT('Origin',(-1.42,15.45,-2.32947880628026));
#3316=CARTESIAN_POINT('',(-0.27,15.45,-2.32947880628026));
#3317=CARTESIAN_POINT('',(-1.42,15.45,-2.32947880628026));
#3318=CARTESIAN_POINT('',(-0.27,15.45,-2.75));
#3319=CARTESIAN_POINT('Origin',(-1.42,14.9,-1.15));
#3320=CARTESIAN_POINT('',(-0.27,14.9,-1.15));
#3321=CARTESIAN_POINT('',(-1.42,14.9,-1.15));
#3322=CARTESIAN_POINT('',(-0.27,15.45,-2.32947880628026));
#3323=CARTESIAN_POINT('Origin',(-1.42,14.9,1.15));
#3324=CARTESIAN_POINT('',(-0.27,14.9,1.15));
#3325=CARTESIAN_POINT('',(-1.42,14.9,1.15));
#3326=CARTESIAN_POINT('',(-0.27,14.9,-1.15));
#3327=CARTESIAN_POINT('Origin',(-1.42,15.7,1.15));
#3328=CARTESIAN_POINT('',(-0.27,15.7,1.15));
#3329=CARTESIAN_POINT('',(-0.710000000000001,15.7,1.15));
#3330=CARTESIAN_POINT('',(-0.27,14.9,1.15));
#3331=CARTESIAN_POINT('Origin',(-0.27,15.3678952778331,-0.693231956322771));
#3332=CARTESIAN_POINT('',(-0.27,15.7,-0.346615978161385));
#3333=CARTESIAN_POINT('Origin',(14.3,15.7,-6.25));
#3334=CARTESIAN_POINT('',(14.3,15.7,6.25));
#3335=CARTESIAN_POINT('',(14.3,15.7,-6.25));
#3336=CARTESIAN_POINT('',(14.3,15.7,-3.125));
#3337=CARTESIAN_POINT('',(14.3,15.45,6.25));
#3338=CARTESIAN_POINT('',(14.3,15.7,6.25));
#3339=CARTESIAN_POINT('',(14.3,15.45,-6.25));
#3340=CARTESIAN_POINT('',(14.3,15.45,-3.125));
#3341=CARTESIAN_POINT('',(14.3,15.7,-6.25));
#3342=CARTESIAN_POINT('Origin',(-14.3,15.7,-6.25));
#3343=CARTESIAN_POINT('',(-14.3,15.7,-6.25));
#3344=CARTESIAN_POINT('',(-7.15,15.7,-6.25));
#3345=CARTESIAN_POINT('',(-14.3,15.45,-6.25));
#3346=CARTESIAN_POINT('',(-7.15,15.45,-6.25));
#3347=CARTESIAN_POINT('',(-14.3,15.7,-6.25));
#3348=CARTESIAN_POINT('Origin',(-14.3,15.7,6.25));
#3349=CARTESIAN_POINT('',(-14.3,15.7,6.25));
#3350=CARTESIAN_POINT('',(-14.3,15.7,3.125));
#3351=CARTESIAN_POINT('',(-14.3,15.45,6.25));
#3352=CARTESIAN_POINT('',(-14.3,15.45,3.125));
#3353=CARTESIAN_POINT('',(-14.3,15.7,6.25));
#3354=CARTESIAN_POINT('Origin',(14.3,15.7,6.25));
#3355=CARTESIAN_POINT('',(7.15,15.7,6.25));
#3356=CARTESIAN_POINT('',(7.15,15.45,6.25));
#3357=CARTESIAN_POINT('Origin',(-7.85720470364583E-16,15.45,0.));
#3358=CARTESIAN_POINT('',(14.4851698926328,15.45,-6.44016989263278));
#3359=CARTESIAN_POINT('',(14.4851698926328,15.45,6.44016989263277));
#3360=CARTESIAN_POINT('',(14.4851698926328,15.45,-3.2875));
#3361=CARTESIAN_POINT('',(-14.4851698926328,15.45,-6.44016989263277));
#3362=CARTESIAN_POINT('',(-7.31,15.45,-6.44016989263278));
#3363=CARTESIAN_POINT('',(-14.4851698926328,15.45,6.44016989263278));
#3364=CARTESIAN_POINT('',(-14.4851698926328,15.45,3.2875));
#3365=CARTESIAN_POINT('',(7.31,15.45,6.44016989263278));
#3366=CARTESIAN_POINT('Origin',(-14.62,0.,6.575));
#3367=CARTESIAN_POINT('',(-14.62,0.,-6.575));
#3368=CARTESIAN_POINT('',(-14.6194993359534,0.0573704172663549,-6.57449933595341));
#3369=CARTESIAN_POINT('',(-14.62,0.,6.575));
#3370=CARTESIAN_POINT('',(-14.62,0.,-6.575));
#3371=CARTESIAN_POINT('',(-14.6188867363709,0.127567376491879,6.57388673637095));
#3372=CARTESIAN_POINT('Origin',(-14.62,0.,-6.575));
#3373=CARTESIAN_POINT('',(14.62,0.,-6.575));
#3374=CARTESIAN_POINT('',(14.6188867363709,0.127567376491879,-6.57388673637094));
#3375=CARTESIAN_POINT('',(14.62,0.,-6.575));
#3376=CARTESIAN_POINT('Origin',(14.62,0.,-6.575));
#3377=CARTESIAN_POINT('',(14.62,0.,6.575));
#3378=CARTESIAN_POINT('',(14.6194993359534,0.0573704172663549,6.57449933595341));
#3379=CARTESIAN_POINT('',(14.62,0.,6.575));
#3380=CARTESIAN_POINT('Origin',(14.62,0.,6.575));
#3381=CARTESIAN_POINT('',(-14.62,0.,6.575));
#3382=CARTESIAN_POINT('Origin',(-2.75002164627604E-15,15.7,1.17858070554688E-15));
#3383=CARTESIAN_POINT('Origin',(-2.75002164627604E-15,0.,1.17858070554688E-15));
#3384=CARTESIAN_POINT('',(0.,0.,0.));
#3385=CARTESIAN_POINT('Origin',(0.275,6.48454947310957E-17,0.));
#3386=CARTESIAN_POINT('',(0.275,6.48454947310957E-17,0.55));
#3387=CARTESIAN_POINT('',(0.275000000000002,-4.1,0.55));
#3388=CARTESIAN_POINT('',(0.275,6.48454947310957E-17,0.55));
#3389=CARTESIAN_POINT('',(0.275000000000002,-4.1,0.));
#3390=CARTESIAN_POINT('',(0.275000000000002,-4.1,0.));
#3391=CARTESIAN_POINT('',(0.275,6.48454947310957E-17,0.));
#3392=CARTESIAN_POINT('',(0.275,6.48454947310957E-17,0.));
#3393=CARTESIAN_POINT('',(0.275,6.48454947310957E-17,0.));
#3394=CARTESIAN_POINT('Origin',(0.275000000000002,-4.1,0.));
#3395=CARTESIAN_POINT('',(-0.274999999999999,-4.1,0.55));
#3396=CARTESIAN_POINT('',(0.275000000000002,-4.1,0.55));
#3397=CARTESIAN_POINT('',(-0.274999999999999,-4.1,0.));
#3398=CARTESIAN_POINT('',(-0.274999999999999,-4.1,0.));
#3399=CARTESIAN_POINT('',(0.275000000000002,-4.1,0.));
#3400=CARTESIAN_POINT('Origin',(-0.274999999999999,-4.1,0.));
#3401=CARTESIAN_POINT('',(-0.275,6.48454947310957E-17,0.55));
#3402=CARTESIAN_POINT('',(-0.274999999999999,-4.1,0.55));
#3403=CARTESIAN_POINT('',(-0.275,6.48454947310957E-17,0.));
#3404=CARTESIAN_POINT('',(-0.275,6.48454947310957E-17,0.));
#3405=CARTESIAN_POINT('',(-0.274999999999999,-4.1,0.));
#3406=CARTESIAN_POINT('Origin',(-0.275,6.48454947310957E-17,0.));
#3407=CARTESIAN_POINT('',(-0.275,6.48454947310957E-17,0.55));
#3408=CARTESIAN_POINT('',(-0.275,6.48454947310957E-17,0.));
#3409=CARTESIAN_POINT('Origin',(7.28583859910259E-16,-2.05,0.55));
#3410=CARTESIAN_POINT('Origin',(7.28583859910259E-16,-2.05,0.));
#3411=CARTESIAN_POINT('',(0.,0.,0.));
#3412=CARTESIAN_POINT('Origin',(0.4,2.44929359829471E-16,0.));
#3413=CARTESIAN_POINT('',(0.400000000000002,-3.7,0.));
#3414=CARTESIAN_POINT('',(0.400000000000002,-3.7,0.55));
#3415=CARTESIAN_POINT('',(0.400000000000002,-3.7,0.));
#3416=CARTESIAN_POINT('',(0.4,2.44929359829471E-16,0.));
#3417=CARTESIAN_POINT('',(0.4,2.44929359829471E-16,0.));
#3418=CARTESIAN_POINT('',(0.4,2.44929359829471E-16,0.55));
#3419=CARTESIAN_POINT('',(0.4,2.44929359829471E-16,0.));
#3420=CARTESIAN_POINT('',(0.4,2.44929359829471E-16,0.55));
#3421=CARTESIAN_POINT('Origin',(7.28583859910259E-16,-2.05,0.));
#3422=CARTESIAN_POINT('',(-0.399999999999999,-3.7,0.));
#3423=CARTESIAN_POINT('Origin',(8.26743822453337E-16,-3.7,0.));
#3424=CARTESIAN_POINT('',(-0.4,0.,0.));
#3425=CARTESIAN_POINT('',(-0.399999999999999,-4.1,0.));
#3426=CARTESIAN_POINT('',(-0.4,0.,0.));
#3427=CARTESIAN_POINT('Origin',(8.26743822453337E-16,-3.7,0.));
#3428=CARTESIAN_POINT('',(-0.399999999999999,-3.7,0.55));
#3429=CARTESIAN_POINT('Origin',(8.26743822453337E-16,-3.7,0.55));
#3430=CARTESIAN_POINT('',(-0.399999999999999,-3.7,0.));
#3431=CARTESIAN_POINT('Origin',(-0.399999999999999,-4.1,0.));
#3432=CARTESIAN_POINT('',(-0.4,0.,0.55));
#3433=CARTESIAN_POINT('',(-0.399999999999999,-4.1,0.55));
#3434=CARTESIAN_POINT('',(-0.4,0.,0.));
#3435=CARTESIAN_POINT('Origin',(-0.4,0.,0.));
#3436=CARTESIAN_POINT('',(-0.4,0.,0.55));
#3437=CARTESIAN_POINT('Origin',(7.28583859910259E-16,-2.05,0.55));
#3438=CARTESIAN_POINT('',(0.,0.,0.));
#3439=CARTESIAN_POINT('',(0.,0.,0.));
#3440=CARTESIAN_POINT('',(-11.6754,0.5,3.5223));
#3441=CARTESIAN_POINT('',(-11.6754,0.5,-0.275));
#3442=CARTESIAN_POINT('',(-11.6754,0.5,-4.0723));
#3443=CARTESIAN_POINT('',(13.0496,0.5,-3.7973));
#3444=CARTESIAN_POINT('',(8.0496,0.5,3.7973));
#3445=CARTESIAN_POINT('',(8.0496,0.5,-3.7973));
#3446=CARTESIAN_POINT('',(13.0496,0.5,3.7973));
#3447=UNCERTAINTY_MEASURE_WITH_UNIT(LENGTH_MEASURE(0.01),#3459,
'DISTANCE_ACCURACY_VALUE',
'Maximum model space distance between geometric entities at asserted c
onnectivities');
#3448=UNCERTAINTY_MEASURE_WITH_UNIT(LENGTH_MEASURE(0.01),#3459,
'DISTANCE_ACCURACY_VALUE',
'Maximum model space distance between geometric entities at asserted c
onnectivities');
#3449=UNCERTAINTY_MEASURE_WITH_UNIT(LENGTH_MEASURE(0.01),#3459,
'DISTANCE_ACCURACY_VALUE',
'Maximum model space distance between geometric entities at asserted c
onnectivities');
#3450=UNCERTAINTY_MEASURE_WITH_UNIT(LENGTH_MEASURE(0.01),#3459,
'DISTANCE_ACCURACY_VALUE',
'Maximum model space distance between geometric entities at asserted c
onnectivities');
#3451=UNCERTAINTY_MEASURE_WITH_UNIT(LENGTH_MEASURE(0.01),#3459,
'DISTANCE_ACCURACY_VALUE',
'Maximum model space distance between geometric entities at asserted c
onnectivities');
#3452=UNCERTAINTY_MEASURE_WITH_UNIT(LENGTH_MEASURE(0.01),#3459,
'DISTANCE_ACCURACY_VALUE',
'Maximum model space distance between geometric entities at asserted c
onnectivities');
#3453=(
GEOMETRIC_REPRESENTATION_CONTEXT(3)
GLOBAL_UNCERTAINTY_ASSIGNED_CONTEXT((#3447))
GLOBAL_UNIT_ASSIGNED_CONTEXT((#3459,#3461,#3462))
REPRESENTATION_CONTEXT('','3D')
);
#3454=(
GEOMETRIC_REPRESENTATION_CONTEXT(3)
GLOBAL_UNCERTAINTY_ASSIGNED_CONTEXT((#3448))
GLOBAL_UNIT_ASSIGNED_CONTEXT((#3459,#3461,#3462))
REPRESENTATION_CONTEXT('','3D')
);
#3455=(
GEOMETRIC_REPRESENTATION_CONTEXT(3)
GLOBAL_UNCERTAINTY_ASSIGNED_CONTEXT((#3449))
GLOBAL_UNIT_ASSIGNED_CONTEXT((#3459,#3461,#3462))
REPRESENTATION_CONTEXT('','3D')
);
#3456=(
GEOMETRIC_REPRESENTATION_CONTEXT(3)
GLOBAL_UNCERTAINTY_ASSIGNED_CONTEXT((#3450))
GLOBAL_UNIT_ASSIGNED_CONTEXT((#3459,#3461,#3462))
REPRESENTATION_CONTEXT('','3D')
);
#3457=(
GEOMETRIC_REPRESENTATION_CONTEXT(3)
GLOBAL_UNCERTAINTY_ASSIGNED_CONTEXT((#3451))
GLOBAL_UNIT_ASSIGNED_CONTEXT((#3459,#3461,#3462))
REPRESENTATION_CONTEXT('','3D')
);
#3458=(
GEOMETRIC_REPRESENTATION_CONTEXT(3)
GLOBAL_UNCERTAINTY_ASSIGNED_CONTEXT((#3452))
GLOBAL_UNIT_ASSIGNED_CONTEXT((#3459,#3461,#3462))
REPRESENTATION_CONTEXT('','3D')
);
#3459=(
LENGTH_UNIT()
NAMED_UNIT(*)
SI_UNIT(.MILLI.,.METRE.)
);
#3460=(
LENGTH_UNIT()
NAMED_UNIT(*)
SI_UNIT(.CENTI.,.METRE.)
);
#3461=(
NAMED_UNIT(*)
PLANE_ANGLE_UNIT()
SI_UNIT($,.RADIAN.)
);
#3462=(
NAMED_UNIT(*)
SI_UNIT($,.STERADIAN.)
SOLID_ANGLE_UNIT()
);
#3463=SHAPE_DEFINITION_REPRESENTATION(#3468,#3482);
#3464=SHAPE_DEFINITION_REPRESENTATION(#3469,#3483);
#3465=SHAPE_DEFINITION_REPRESENTATION(#3470,#3484);
#3466=SHAPE_DEFINITION_REPRESENTATION(#3471,#3485);
#3467=SHAPE_DEFINITION_REPRESENTATION(#3472,#3486);
#3468=PRODUCT_DEFINITION_SHAPE('',$,#3488);
#3469=PRODUCT_DEFINITION_SHAPE('',$,#3489);
#3470=PRODUCT_DEFINITION_SHAPE('',$,#3490);
#3471=PRODUCT_DEFINITION_SHAPE('',$,#3491);
#3472=PRODUCT_DEFINITION_SHAPE('',$,#3492);
#3473=PRODUCT_DEFINITION_SHAPE($,$,#38);
#3474=PRODUCT_DEFINITION_SHAPE($,$,#39);
#3475=PRODUCT_DEFINITION_SHAPE($,$,#40);
#3476=PRODUCT_DEFINITION_SHAPE($,$,#41);
#3477=PRODUCT_DEFINITION_SHAPE($,$,#42);
#3478=PRODUCT_DEFINITION_SHAPE($,$,#43);
#3479=PRODUCT_DEFINITION_SHAPE($,$,#44);
#3480=PRODUCT_DEFINITION_SHAPE($,$,#45);
#3481=PRODUCT_DEFINITION_SHAPE($,$,#46);
#3482=SHAPE_REPRESENTATION('',(#2166,#2311,#2312,#2313,#2314,#2315,#2316,
#2317,#2318,#2319),#3453);
#3483=SHAPE_REPRESENTATION('',(#2167),#3454);
#3484=SHAPE_REPRESENTATION('',(#2236),#3455);
#3485=SHAPE_REPRESENTATION('',(#2295),#3456);
#3486=SHAPE_REPRESENTATION('',(#2302),#3457);
#3487=PRODUCT_DEFINITION_CONTEXT('part definition',#3504,'design');
#3488=PRODUCT_DEFINITION('L114FL1A','L114FL1A',#3493,#3487);
#3489=PRODUCT_DEFINITION('L114FL1_Base','L114FL1_Base',#3494,#3487);
#3490=PRODUCT_DEFINITION('L114FL1_Cover','L114FL1_Cover',#3495,#3487);
#3491=PRODUCT_DEFINITION('L114FL1_SQ Terminal','L114FL1_SQ Terminal',#3496,
#3487);
#3492=PRODUCT_DEFINITION('L114FL1_RECT Terminal',
'L114FL1_RECT Terminal',#3497,#3487);
#3493=PRODUCT_DEFINITION_FORMATION('',$,#3506);
#3494=PRODUCT_DEFINITION_FORMATION('',$,#3507);
#3495=PRODUCT_DEFINITION_FORMATION('',$,#3508);
#3496=PRODUCT_DEFINITION_FORMATION('',$,#3509);
#3497=PRODUCT_DEFINITION_FORMATION('',$,#3510);
#3498=PRODUCT_RELATED_PRODUCT_CATEGORY('L114FL1A','L114FL1A',(#3506));
#3499=PRODUCT_RELATED_PRODUCT_CATEGORY('L114FL1_Base','L114FL1_Base',(#3507));
#3500=PRODUCT_RELATED_PRODUCT_CATEGORY('L114FL1_Cover','L114FL1_Cover',
(#3508));
#3501=PRODUCT_RELATED_PRODUCT_CATEGORY('L114FL1_SQ Terminal',
'L114FL1_SQ Terminal',(#3509));
#3502=PRODUCT_RELATED_PRODUCT_CATEGORY('L114FL1_RECT Terminal',
'L114FL1_RECT Terminal',(#3510));
#3503=APPLICATION_PROTOCOL_DEFINITION('international standard',
'automotive_design',2009,#3504);
#3504=APPLICATION_CONTEXT(
'Core Data for Automotive Mechanical Design Process');
#3505=PRODUCT_CONTEXT('part definition',#3504,'mechanical');
#3506=PRODUCT('L114FL1A','L114FL1A',$,(#3505));
#3507=PRODUCT('L114FL1_Base','L114FL1_Base',$,(#3505));
#3508=PRODUCT('L114FL1_Cover','L114FL1_Cover',$,(#3505));
#3509=PRODUCT('L114FL1_SQ Terminal','L114FL1_SQ Terminal',$,(#3505));
#3510=PRODUCT('L114FL1_RECT Terminal','L114FL1_RECT Terminal',$,(#3505));
ENDSEC;
END-ISO-10303-21;
