ISO-10303-21;
HEADER;
FILE_DESCRIPTION (( 'STEP AP214' ),
    '1' );
FILE_NAME ('LT6551CMS.STEP',
    '2023-03-22T16:53:44',
    ( '' ),
    ( '' ),
    'SwSTEP 2.0',
    'SolidWorks 2021',
    '' );
FILE_SCHEMA (( 'AUTOMOTIVE_DESIGN' ));
ENDSEC;

DATA;
#1 = CARTESIAN_POINT ( 'NONE',  ( -1.499999999999999556, 0.5615000000000029967, -0.3900000000000000688 ) ) ;
#2 = ORIENTED_EDGE ( 'NONE', *, *, #1155, .F. ) ;
#3 = ADVANCED_FACE ( 'NONE', ( #4599 ), #946, .T. ) ;
#4 = EDGE_LOOP ( 'NONE', ( #2998, #2301, #2713, #2842, #1480, #3708, #841, #1337, #3633, #2814, #816, #4451 ) ) ;
#5 = EDGE_CURVE ( 'NONE', #2733, #3395, #5193, .T. ) ;
#6 = UNCERTAINTY_MEASURE_WITH_UNIT (LENGTH_MEASURE( 1.000000000000000082E-05 ), #2375, 'distance_accuracy_value', 'NONE');
#7 = AXIS2_PLACEMENT_3D ( 'NONE', #1930, #4312, #2316 ) ;
#8 = PLANE ( 'NONE',  #3469 ) ;
#9 = DIRECTION ( 'NONE',  ( 0.000000000000000000, 0.000000000000000000, -1.000000000000000000 ) ) ;
#10 = AXIS2_PLACEMENT_3D ( 'NONE', #4945, #3390, #588 ) ;
#11 = CARTESIAN_POINT ( 'NONE',  ( 1.415000000000000702, 1.100000000000000089, -1.423798472641297108 ) ) ;
#12 = VERTEX_POINT ( 'NONE', #2224 ) ;
#13 = EDGE_CURVE ( 'NONE', #4969, #3746, #5110, .T. ) ;
#14 = PLANE ( 'NONE',  #1181 ) ;
#15 = EDGE_LOOP ( 'NONE', ( #4204, #409, #5274, #1257 ) ) ;
#16 = VECTOR ( 'NONE', #2264, 1000.000000000000000 ) ;
#17 = DIRECTION ( 'NONE',  ( -1.000000000000000000, -4.284756080633293834E-16, -0.000000000000000000 ) ) ;
#18 = AXIS2_PLACEMENT_3D ( 'NONE', #860, #2456, #2513 ) ;
#19 = VERTEX_POINT ( 'NONE', #301 ) ;
#20 = DIRECTION ( 'NONE',  ( -1.000000000000000000, 0.000000000000000000, 0.000000000000000000 ) ) ;
#21 = VECTOR ( 'NONE', #2160, 1000.000000000000000 ) ;
#22 = VECTOR ( 'NONE', #645, 1000.000000000000114 ) ;
#23 = DIRECTION ( 'NONE',  ( 0.000000000000000000, 0.000000000000000000, 1.000000000000000000 ) ) ;
#24 = ORIENTED_EDGE ( 'NONE', *, *, #4181, .T. ) ;
#25 = AXIS2_PLACEMENT_3D ( 'NONE', #3762, #957, #527 ) ;
#26 = CARTESIAN_POINT ( 'NONE',  ( 1.499999999999999556, 0.7414999999999947189, -0.6100000000000000977 ) ) ;
#27 = LINE ( 'NONE', #4873, #3197 ) ;
#28 = MECHANICAL_DESIGN_GEOMETRIC_PRESENTATION_REPRESENTATION (  '', ( #3510 ), #948 ) ;
#29 = DIRECTION ( 'NONE',  ( 0.05233595624293888027, 0.9986295347545741663, -0.000000000000000000 ) ) ;
#30 = EDGE_LOOP ( 'NONE', ( #1050, #1834, #4831, #1101 ) ) ;
#31 = EDGE_LOOP ( 'NONE', ( #3407, #4605, #1526, #3993 ) ) ;
#32 = ORIENTED_EDGE ( 'NONE', *, *, #4225, .F. ) ;
#33 =( NAMED_UNIT ( * ) SI_UNIT ( $, .STERADIAN. ) SOLID_ANGLE_UNIT ( ) );
#34 = LINE ( 'NONE', #2822, #2958 ) ;
#35 = EDGE_CURVE ( 'NONE', #3322, #1326, #5163, .T. ) ;
#36 = EDGE_CURVE ( 'NONE', #12, #4166, #3480, .T. ) ;
#37 = CARTESIAN_POINT ( 'NONE',  ( 2.440579527876271637, -7.231105290834467174E-20, 0.6099999999999999867 ) ) ;
#38 = DIRECTION ( 'NONE',  ( 0.9986295347545741663, 0.05233595624293842924, 0.000000000000000000 ) ) ;
#39 = VERTEX_POINT ( 'NONE', #993 ) ;
#40 = DIRECTION ( 'NONE',  ( -0.000000000000000000, -0.000000000000000000, -1.000000000000000000 ) ) ;
#41 = ORIENTED_EDGE ( 'NONE', *, *, #387, .F. ) ;
#42 = EDGE_CURVE ( 'NONE', #39, #1537, #3107, .T. ) ;
#43 = DIRECTION ( 'NONE',  ( 0.000000000000000000, 0.000000000000000000, 1.000000000000000000 ) ) ;
#44 = VERTEX_POINT ( 'NONE', #3136 ) ;
#45 = CYLINDRICAL_SURFACE ( 'NONE', #3750, 0.1254677443338790277 ) ;
#46 = CIRCLE ( 'NONE', #872, 0.08500000000000000611 ) ;
#47 = ORIENTED_EDGE ( 'NONE', *, *, #3150, .T. ) ;
#48 = FACE_OUTER_BOUND ( 'NONE', #219, .T. ) ;
#49 = PLANE ( 'NONE',  #4421 ) ;
#50 = EDGE_LOOP ( 'NONE', ( #3239, #130, #1817, #760 ) ) ;
#51 = LINE ( 'NONE', #4082, #4321 ) ;
#52 = DIRECTION ( 'NONE',  ( -0.000000000000000000, -0.000000000000000000, -1.000000000000000000 ) ) ;
#53 = VERTEX_POINT ( 'NONE', #1491 ) ;
#54 = ORIENTED_EDGE ( 'NONE', *, *, #2806, .F. ) ;
#55 = ORIENTED_EDGE ( 'NONE', *, *, #4064, .T. ) ;
#56 = VECTOR ( 'NONE', #3380, 1000.000000000000000 ) ;
#57 = FACE_OUTER_BOUND ( 'NONE', #811, .T. ) ;
#58 = LINE ( 'NONE', #1239, #3228 ) ;
#59 = VERTEX_POINT ( 'NONE', #1804 ) ;
#60 = LINE ( 'NONE', #4628, #1398 ) ;
#61 = FACE_OUTER_BOUND ( 'NONE', #558, .T. ) ;
#62 = LINE ( 'NONE', #372, #2436 ) ;
#63 = ORIENTED_EDGE ( 'NONE', *, *, #4325, .T. ) ;
#64 = EDGE_CURVE ( 'NONE', #594, #19, #1466, .T. ) ;
#65 = CARTESIAN_POINT ( 'NONE',  ( -2.450000000000000178, 0.1797533162558151154, -0.8900000000000000133 ) ) ;
#66 = CARTESIAN_POINT ( 'NONE',  ( -2.440579527876271637, -7.231105290834467174E-20, 0.8899999999999999023 ) ) ;
#67 = ORIENTED_EDGE ( 'NONE', *, *, #2120, .F. ) ;
#68 = EDGE_CURVE ( 'NONE', #624, #4978, #3026, .T. ) ;
#69 = CIRCLE ( 'NONE', #5267, 0.3054677443338703613 ) ;
#70 = EDGE_CURVE ( 'NONE', #1301, #226, #3054, .T. ) ;
#71 = CARTESIAN_POINT ( 'NONE',  ( 1.753037081243900230, 0.5615000000000029967, -0.6100000000000000977 ) ) ;
#72 = VECTOR ( 'NONE', #2999, 1000.000000000000000 ) ;
#73 = VERTEX_POINT ( 'NONE', #3831 ) ;
#74 = CARTESIAN_POINT ( 'NONE',  ( 2.051829622465644043, 0.4995425708808653442, 0.1099999999999999589 ) ) ;
#75 = ADVANCED_FACE ( 'NONE', ( #4764 ), #2276, .F. ) ;
#76 = AXIS2_PLACEMENT_3D ( 'NONE', #2398, #909, #4048 ) ;
#77 = CARTESIAN_POINT ( 'NONE',  ( -1.753037081243900230, 0.5615000000000029967, -0.3900000000000000688 ) ) ;
#78 = AXIS2_PLACEMENT_3D ( 'NONE', #4115, #2492, #3756 ) ;
#79 = VECTOR ( 'NONE', #3284, 1000.000000000000000 ) ;
#80 = DIRECTION ( 'NONE',  ( 1.000000000000000000, 0.000000000000000000, 0.000000000000000000 ) ) ;
#81 = ORIENTED_EDGE ( 'NONE', *, *, #1966, .T. ) ;
#82 = VECTOR ( 'NONE', #3398, 1000.000000000000114 ) ;
#83 = ORIENTED_EDGE ( 'NONE', *, *, #1995, .F. ) ;
#84 = ORIENTED_EDGE ( 'NONE', *, *, #4651, .T. ) ;
#85 = VECTOR ( 'NONE', #5056, 1000.000000000000114 ) ;
#86 = EDGE_CURVE ( 'NONE', #1285, #962, #232, .T. ) ;
#87 = DIRECTION ( 'NONE',  ( -0.000000000000000000, -0.000000000000000000, -1.000000000000000000 ) ) ;
#88 = PLANE ( 'NONE',  #1577 ) ;
#89 = ORIENTED_EDGE ( 'NONE', *, *, #4120, .T. ) ;
#90 = DIRECTION ( 'NONE',  ( 0.2079116908177541800, -0.9781476007338066880, -0.000000000000000000 ) ) ;
#91 = DIRECTION ( 'NONE',  ( 1.000000000000000000, 0.000000000000000000, 0.000000000000000000 ) ) ;
#92 = FACE_OUTER_BOUND ( 'NONE', #2802, .T. ) ;
#93 = ORIENTED_EDGE ( 'NONE', *, *, #3406, .F. ) ;
#94 = AXIS2_PLACEMENT_3D ( 'NONE', #1147, #4886, #2786 ) ;
#95 = DIRECTION ( 'NONE',  ( 1.000000000000000000, 0.000000000000000000, 0.000000000000000000 ) ) ;
#96 = ORIENTED_EDGE ( 'NONE', *, *, #4473, .F. ) ;
#97 = CLOSED_SHELL ( 'NONE', ( #4644, #1054, #4238, #1702, #3044, #4352, #2664, #5214, #2150, #2923, #3739, #5181, #4394, #4667 ) ) ;
#98 = CARTESIAN_POINT ( 'NONE',  ( 1.499999999999999556, 0.5615000000000029967, -0.3900000000000000688 ) ) ;
#99 = ADVANCED_FACE ( 'NONE', ( #1046 ), #1100, .F. ) ;
#100 = VECTOR ( 'NONE', #3660, 1000.000000000000114 ) ;
#101 = EDGE_CURVE ( 'NONE', #129, #1545, #2250, .T. ) ;
#102 = DIRECTION ( 'NONE',  ( -0.2079116908177541800, 0.9781476007338066880, 0.000000000000000000 ) ) ;
#103 = ORIENTED_EDGE ( 'NONE', *, *, #2613, .F. ) ;
#104 = CIRCLE ( 'NONE', #4256, 0.1254677443338790277 ) ;
#105 = ORIENTED_EDGE ( 'NONE', *, *, #3230, .F. ) ;
#106 = CARTESIAN_POINT ( 'NONE',  ( 1.415000000000000702, 0.5615000000000029967, -1.500000000000000000 ) ) ;
#107 = AXIS2_PLACEMENT_3D ( 'NONE', #5041, #2956, #4607 ) ;
#108 = DIRECTION ( 'NONE',  ( 0.000000000000000000, 0.000000000000000000, -1.000000000000000000 ) ) ;
#109 = AXIS2_PLACEMENT_3D ( 'NONE', #1951, #2359, #736 ) ;
#110 = EDGE_CURVE ( 'NONE', #1049, #5194, #1012, .T. ) ;
#111 = CARTESIAN_POINT ( 'NONE',  ( 2.450000000000000178, 0.1797533162558151154, 0.8899999999999999023 ) ) ;
#112 = VERTEX_POINT ( 'NONE', #1128 ) ;
#113 = VERTEX_POINT ( 'NONE', #1988 ) ;
#114 = VERTEX_POINT ( 'NONE', #5248 ) ;
#115 = LINE ( 'NONE', #1708, #3956 ) ;
#116 = PLANE ( 'NONE',  #5003 ) ;
#117 = VERTEX_POINT ( 'NONE', #4857 ) ;
#118 = DIRECTION ( 'NONE',  ( 0.2079116908177527367, 0.9781476007338070211, 0.000000000000000000 ) ) ;
#119 = FACE_OUTER_BOUND ( 'NONE', #1572, .T. ) ;
#120 = ORIENTED_EDGE ( 'NONE', *, *, #1347, .F. ) ;
#121 = DIRECTION ( 'NONE',  ( -0.000000000000000000, -0.000000000000000000, -1.000000000000000000 ) ) ;
#122 = DIRECTION ( 'NONE',  ( 1.000000000000000000, 0.000000000000000000, 0.000000000000000000 ) ) ;
#123 = ORIENTED_EDGE ( 'NONE', *, *, #3259, .F. ) ;
#124 = FACE_OUTER_BOUND ( 'NONE', #2312, .T. ) ;
#125 = VERTEX_POINT ( 'NONE', #4830 ) ;
#126 = ORIENTED_EDGE ( 'NONE', *, *, #2769, .F. ) ;
#127 = PLANE ( 'NONE',  #3796 ) ;
#128 = LINE ( 'NONE', #183, #1360 ) ;
#129 = VERTEX_POINT ( 'NONE', #4049 ) ;
#130 = ORIENTED_EDGE ( 'NONE', *, *, #2165, .F. ) ;
#131 = ORIENTED_EDGE ( 'NONE', *, *, #2101, .F. ) ;
#132 = EDGE_CURVE ( 'NONE', #3537, #3179, #408, .T. ) ;
#133 = ADVANCED_FACE ( 'NONE', ( #3667 ), #49, .F. ) ;
#134 = LINE ( 'NONE', #3655, #3625 ) ;
#135 = DIRECTION ( 'NONE',  ( -0.000000000000000000, -0.000000000000000000, -1.000000000000000000 ) ) ;
#136 = ORIENTED_EDGE ( 'NONE', *, *, #901, .F. ) ;
#137 = CARTESIAN_POINT ( 'NONE',  ( 2.450000000000000178, 0.1797533162558151154, -0.8900000000000000133 ) ) ;
#138 = DIRECTION ( 'NONE',  ( 0.000000000000000000, 0.000000000000000000, 1.000000000000000000 ) ) ;
#139 = EDGE_CURVE ( 'NONE', #3168, #251, #1642, .T. ) ;
#140 = VECTOR ( 'NONE', #5047, 1000.000000000000000 ) ;
#141 = DIRECTION ( 'NONE',  ( 1.000000000000000000, 0.000000000000000000, 0.000000000000000000 ) ) ;
#142 = DIRECTION ( 'NONE',  ( 0.000000000000000000, 0.000000000000000000, 1.000000000000000000 ) ) ;
#143 = ORIENTED_EDGE ( 'NONE', *, *, #1601, .T. ) ;
#144 = CARTESIAN_POINT ( 'NONE',  ( 1.753037081243900230, 0.4360322556661242466, -0.6100000000000000977 ) ) ;
#145 = EDGE_CURVE ( 'NONE', #5065, #569, #2813, .T. ) ;
#146 = ORIENTED_EDGE ( 'NONE', *, *, #4389, .T. ) ;
#147 = DIRECTION ( 'NONE',  ( -1.000000000000000000, 0.000000000000000000, 0.000000000000000000 ) ) ;
#148 = ORIENTED_EDGE ( 'NONE', *, *, #1928, .F. ) ;
#149 = CYLINDRICAL_SURFACE ( 'NONE', #5285, 0.1254677443338788057 ) ;
#150 = AXIS2_PLACEMENT_3D ( 'NONE', #2354, #1495, #3167 ) ;
#151 = ORIENTED_EDGE ( 'NONE', *, *, #2307, .T. ) ;
#152 = CARTESIAN_POINT ( 'NONE',  ( -1.414999999999999591, 0.2030000000000000138, 1.414999999999999813 ) ) ;
#153 = ORIENTED_EDGE ( 'NONE', *, *, #985, .F. ) ;
#154 = EDGE_LOOP ( 'NONE', ( #5141, #4836, #3900, #928 ) ) ;
#155 = VECTOR ( 'NONE', #4219, 1000.000000000000114 ) ;
#156 = VECTOR ( 'NONE', #2668, 1000.000000000000114 ) ;
#157 = CARTESIAN_POINT ( 'NONE',  ( 2.212226066844385386, 0.1922145200638938900, -0.1100000000000000699 ) ) ;
#158 = EDGE_CURVE ( 'NONE', #885, #947, #2732, .T. ) ;
#159 = LINE ( 'NONE', #496, #5179 ) ;
#160 = ADVANCED_FACE ( 'NONE', ( #383 ), #2347, .F. ) ;
#161 = CIRCLE ( 'NONE', #2094, 0.1250000000000003331 ) ;
#162 = ORIENTED_EDGE ( 'NONE', *, *, #3656, .F. ) ;
#163 = CARTESIAN_POINT ( 'NONE',  ( -1.753037081243900230, 0.4360322556661242466, 0.1099999999999999589 ) ) ;
#164 = CARTESIAN_POINT ( 'NONE',  ( -1.414999999999999591, 0.7414999999999947189, 1.499999999999999778 ) ) ;
#165 = LINE ( 'NONE', #1374, #2789 ) ;
#166 = VECTOR ( 'NONE', #3266, 1000.000000000000000 ) ;
#167 = DIRECTION ( 'NONE',  ( 0.000000000000000000, 1.000000000000000000, 0.000000000000000000 ) ) ;
#168 = LINE ( 'NONE', #1766, #1069 ) ;
#169 = VECTOR ( 'NONE', #2170, 1000.000000000000114 ) ;
#170 = LINE ( 'NONE', #4177, #2445 ) ;
#171 = ADVANCED_FACE ( 'NONE', ( #4460 ), #5280, .T. ) ;
#172 = FACE_OUTER_BOUND ( 'NONE', #3945, .T. ) ;
#173 = CARTESIAN_POINT ( 'NONE',  ( -2.440579527876271637, -7.231105290834467174E-20, -0.8900000000000000133 ) ) ;
#174 = ORIENTED_EDGE ( 'NONE', *, *, #677, .F. ) ;
#175 = LINE ( 'NONE', #2121, #920 ) ;
#176 = ORIENTED_EDGE ( 'NONE', *, *, #1864, .F. ) ;
#177 = VECTOR ( 'NONE', #2015, 1000.000000000000227 ) ;
#178 = CARTESIAN_POINT ( 'NONE',  ( -1.875763054333566382, 0.4621184665336710018, 0.1099999999999999589 ) ) ;
#179 = VERTEX_POINT ( 'NONE', #726 ) ;
#180 = LINE ( 'NONE', #3366, #1004 ) ;
#181 = DIRECTION ( 'NONE',  ( -0.000000000000000000, -0.000000000000000000, -1.000000000000000000 ) ) ;
#182 = EDGE_CURVE ( 'NONE', #4135, #1140, #753, .T. ) ;
#183 = CARTESIAN_POINT ( 'NONE',  ( -1.499999999999999556, 0.5615000000000029967, 1.109999999999999876 ) ) ;
#184 = ORIENTED_EDGE ( 'NONE', *, *, #4757, .T. ) ;
#185 = DIRECTION ( 'NONE',  ( -0.000000000000000000, -0.000000000000000000, -1.000000000000000000 ) ) ;
#186 = ORIENTED_EDGE ( 'NONE', *, *, #2247, .F. ) ;
#187 = EDGE_LOOP ( 'NONE', ( #396, #103, #2377, #4567 ) ) ;
#188 = EDGE_CURVE ( 'NONE', #3516, #4574, #5106, .T. ) ;
#189 = PRESENTATION_LAYER_ASSIGNMENT (  '', '', ( #2882 ) ) ;
#190 = CARTESIAN_POINT ( 'NONE',  ( -2.218792541221743519, 0.3175103152147410457, 0.8899999999999999023 ) ) ;
#191 = CARTESIAN_POINT ( 'NONE',  ( -2.212226066844385386, 0.1922145200638937790, -0.8900000000000000133 ) ) ;
#192 = EDGE_LOOP ( 'NONE', ( #1754, #4939, #4982, #3898, #533, #680, #3114, #840, #910, #4515, #4443, #4440 ) ) ;
#193 = VERTEX_POINT ( 'NONE', #3561 ) ;
#194 = DIRECTION ( 'NONE',  ( -0.000000000000000000, -0.000000000000000000, -1.000000000000000000 ) ) ;
#195 = LINE ( 'NONE', #1346, #678 ) ;
#196 = CIRCLE ( 'NONE', #3393, 0.1254677443338790277 ) ;
#197 = SURFACE_STYLE_FILL_AREA ( #5226 ) ;
#198 = EDGE_CURVE ( 'NONE', #1001, #952, #2188, .T. ) ;
#199 = CARTESIAN_POINT ( 'NONE',  ( -2.440579527876271637, -7.231105290834467174E-20, 0.6099999999999999867 ) ) ;
#200 = DIRECTION ( 'NONE',  ( 0.9986295347545741663, -0.05233595624293842924, -0.000000000000000000 ) ) ;
#201 = ORIENTED_EDGE ( 'NONE', *, *, #2247, .T. ) ;
#202 = DIRECTION ( 'NONE',  ( 0.000000000000000000, 0.000000000000000000, 1.000000000000000000 ) ) ;
#203 = ADVANCED_FACE ( 'NONE', ( #1544 ), #4806, .F. ) ;
#204 = ADVANCED_FACE ( 'NONE', ( #2755 ), #4437, .F. ) ;
#205 = CARTESIAN_POINT ( 'NONE',  ( 1.753037081243900230, 0.5615000000000029967, -0.1100000000000000699 ) ) ;
#206 = EDGE_LOOP ( 'NONE', ( #1759, #417, #2012, #333 ) ) ;
#207 = DIRECTION ( 'NONE',  ( -0.05233595624293843618, -0.9986295347545742773, 0.000000000000000000 ) ) ;
#208 = CARTESIAN_POINT ( 'NONE',  ( 1.423798472641297774, 0.2030000000000000138, 1.414999999999999813 ) ) ;
#209 = ORIENTED_EDGE ( 'NONE', *, *, #42, .T. ) ;
#210 = LINE ( 'NONE', #4625, #3611 ) ;
#211 = LINE ( 'NONE', #359, #572 ) ;
#212 = EDGE_LOOP ( 'NONE', ( #2988, #83, #442, #4687 ) ) ;
#213 = ADVANCED_FACE ( 'NONE', ( #1589 ), #2838, .T. ) ;
#214 = DIRECTION ( 'NONE',  ( 0.000000000000000000, 0.000000000000000000, 1.000000000000000000 ) ) ;
#215 = DIRECTION ( 'NONE',  ( -0.000000000000000000, 0.000000000000000000, -1.000000000000000000 ) ) ;
#216 = PLANE ( 'NONE',  #3777 ) ;
#217 = DIRECTION ( 'NONE',  ( 1.000000000000000000, 4.284756080633293341E-16, 0.000000000000000000 ) ) ;
#218 = LINE ( 'NONE', #5097, #4771 ) ;
#219 = EDGE_LOOP ( 'NONE', ( #1822, #3085, #4674, #4592 ) ) ;
#220 = VECTOR ( 'NONE', #529, 1000.000000000000000 ) ;
#221 = FACE_OUTER_BOUND ( 'NONE', #2183, .T. ) ;
#222 = EDGE_LOOP ( 'NONE', ( #3225, #3813, #1133, #3847, #4431, #364, #1467, #3196, #868, #3344, #3666, #1950 ) ) ;
#223 = EDGE_CURVE ( 'NONE', #4017, #3832, #218, .T. ) ;
#224 = EDGE_CURVE ( 'NONE', #2162, #3955, #556, .T. ) ;
#225 = LINE ( 'NONE', #2967, #5276 ) ;
#226 = VERTEX_POINT ( 'NONE', #1430 ) ;
#227 = CARTESIAN_POINT ( 'NONE',  ( 2.450000000000000178, 0.1797533162558151154, -0.3900000000000000688 ) ) ;
#228 = VECTOR ( 'NONE', #3701, 1000.000000000000000 ) ;
#229 = ADVANCED_FACE ( 'NONE', ( #4916, #1769 ), #4697, .F. ) ;
#230 = CARTESIAN_POINT ( 'NONE',  ( 1.753037081243900230, 0.4360322556661242466, 1.109999999999999876 ) ) ;
#231 = CARTESIAN_POINT ( 'NONE',  ( 1.499999999999999556, 0.5615000000000029967, -0.8900000000000000133 ) ) ;
#232 = LINE ( 'NONE', #1910, #2696 ) ;
#233 = ORIENTED_EDGE ( 'NONE', *, *, #1025, .T. ) ;
#234 = CIRCLE ( 'NONE', #1407, 0.3054677443338708054 ) ;
#235 = LINE ( 'NONE', #2152, #1494 ) ;
#236 = MECHANICAL_DESIGN_GEOMETRIC_PRESENTATION_REPRESENTATION (  '', ( #312 ), #479 ) ;
#237 = CARTESIAN_POINT ( 'NONE',  ( 2.051829622465644043, 0.4995425708808653442, 0.8899999999999999023 ) ) ;
#238 = ORIENTED_EDGE ( 'NONE', *, *, #941, .T. ) ;
#239 = FILL_AREA_STYLE_COLOUR ( '', #3088 ) ;
#240 = CARTESIAN_POINT ( 'NONE',  ( 2.450000000000000178, 0.1797533162558151154, 0.3899999999999999578 ) ) ;
#241 = VECTOR ( 'NONE', #1903, 1000.000000000000000 ) ;
#242 = AXIS2_PLACEMENT_3D ( 'NONE', #3981, #343, #2003 ) ;
#243 = CARTESIAN_POINT ( 'NONE',  ( -2.051829622465644043, 0.4995425708808653442, -0.3900000000000000688 ) ) ;
#244 = LINE ( 'NONE', #3040, #1279 ) ;
#245 = ORIENTED_EDGE ( 'NONE', *, *, #3267, .T. ) ;
#246 = VECTOR ( 'NONE', #834, 1000.000000000000000 ) ;
#247 = ORIENTED_EDGE ( 'NONE', *, *, #1414, .F. ) ;
#248 = VECTOR ( 'NONE', #4608, 1000.000000000000000 ) ;
#249 = FACE_OUTER_BOUND ( 'NONE', #2306, .T. ) ;
#250 = CARTESIAN_POINT ( 'NONE',  ( -1.753037081243900230, 0.4360322556661242466, 0.6099999999999999867 ) ) ;
#251 = VERTEX_POINT ( 'NONE', #2067 ) ;
#252 = CARTESIAN_POINT ( 'NONE',  ( -1.149999999999999467, 1.050000000000000044, -1.150000000000000133 ) ) ;
#253 = PLANE ( 'NONE',  #494 ) ;
#254 = DIRECTION ( 'NONE',  ( 0.2079116908177556233, 0.9781476007338063550, 0.000000000000000000 ) ) ;
#255 = EDGE_CURVE ( 'NONE', #1545, #3254, #3690, .T. ) ;
#256 = CLOSED_SHELL ( 'NONE', ( #4485, #160, #1801, #1228, #4748, #3988, #1701, #2854, #2933, #2273, #3842, #3426, #1639, #4487 ) ) ;
#257 = CARTESIAN_POINT ( 'NONE',  ( -2.450000000000000178, 0.1797533162558151154, 0.1099999999999999589 ) ) ;
#258 = LINE ( 'NONE', #966, #3522 ) ;
#259 = ORIENTED_EDGE ( 'NONE', *, *, #1897, .F. ) ;
#260 = ADVANCED_FACE ( 'NONE', ( #2586 ), #4234, .F. ) ;
#261 = DIRECTION ( 'NONE',  ( -0.000000000000000000, -0.000000000000000000, -1.000000000000000000 ) ) ;
#262 = AXIS2_PLACEMENT_3D ( 'NONE', #4630, #1711, #2523 ) ;
#263 = VERTEX_POINT ( 'NONE', #1479 ) ;
#264 = ORIENTED_EDGE ( 'NONE', *, *, #1078, .F. ) ;
#265 = DIRECTION ( 'NONE',  ( 0.000000000000000000, 0.000000000000000000, 1.000000000000000000 ) ) ;
#266 = DIRECTION ( 'NONE',  ( -0.000000000000000000, 1.000000000000000000, -0.000000000000000000 ) ) ;
#267 = AXIS2_PLACEMENT_3D ( 'NONE', #797, #4453, #2389 ) ;
#268 = DIRECTION ( 'NONE',  ( -0.000000000000000000, -0.000000000000000000, -1.000000000000000000 ) ) ;
#269 = CARTESIAN_POINT ( 'NONE',  ( 2.450000000000000178, 0.1797533162558151154, -0.8900000000000000133 ) ) ;
#270 = VECTOR ( 'NONE', #3657, 1000.000000000000227 ) ;
#271 = DIRECTION ( 'NONE',  ( 0.05233595624293888027, 0.9986295347545741663, -0.000000000000000000 ) ) ;
#272 = EDGE_LOOP ( 'NONE', ( #162, #2669, #3918, #2469 ) ) ;
#273 = DIRECTION ( 'NONE',  ( 0.000000000000000000, 1.000000000000000000, -0.000000000000000000 ) ) ;
#274 = LINE ( 'NONE', #4754, #1835 ) ;
#275 = EDGE_LOOP ( 'NONE', ( #5177, #1302, #468, #63 ) ) ;
#276 = DIRECTION ( 'NONE',  ( -1.000000000000000000, 0.000000000000000000, 0.000000000000000000 ) ) ;
#277 = PLANE ( 'NONE',  #3677 ) ;
#278 = LINE ( 'NONE', #257, #5211 ) ;
#279 = ORIENTED_EDGE ( 'NONE', *, *, #2897, .T. ) ;
#280 = DIRECTION ( 'NONE',  ( -1.000000000000000000, 4.284756080633293834E-16, 0.000000000000000000 ) ) ;
#281 = ORIENTED_EDGE ( 'NONE', *, *, #1690, .T. ) ;
#282 = EDGE_CURVE ( 'NONE', #4553, #2397, #4011, .T. ) ;
#283 = ORIENTED_EDGE ( 'NONE', *, *, #2119, .F. ) ;
#284 = CARTESIAN_POINT ( 'NONE',  ( -1.149999999999999467, 1.050000000000000044, -1.024999999999999911 ) ) ;
#285 = ADVANCED_FACE ( 'NONE', ( #3174 ), #3069, .F. ) ;
#286 = DIRECTION ( 'NONE',  ( -0.2079116908177527367, 0.9781476007338070211, -0.000000000000000000 ) ) ;
#287 = DIRECTION ( 'NONE',  ( -0.000000000000000000, -0.000000000000000000, -1.000000000000000000 ) ) ;
#288 = CARTESIAN_POINT ( 'NONE',  ( -2.440579527876271637, -7.231105290834467174E-20, -0.1100000000000000699 ) ) ;
#289 = ORIENTED_EDGE ( 'NONE', *, *, #2637, .T. ) ;
#290 = ADVANCED_FACE ( 'NONE', ( #5131 ), #2338, .T. ) ;
#291 = LINE ( 'NONE', #1898, #5027 ) ;
#292 = VERTEX_POINT ( 'NONE', #1925 ) ;
#293 = PLANE ( 'NONE',  #2014 ) ;
#294 = CARTESIAN_POINT ( 'NONE',  ( 2.051829622465644043, 0.4995425708808653442, -0.3900000000000000688 ) ) ;
#295 = EDGE_LOOP ( 'NONE', ( #3300, #4965, #1565, #4047 ) ) ;
#296 = DIRECTION ( 'NONE',  ( -0.000000000000000000, -0.000000000000000000, -1.000000000000000000 ) ) ;
#297 = DIRECTION ( 'NONE',  ( -0.9781476007338062439, -0.2079116908177569278, 0.000000000000000000 ) ) ;
#298 = AXIS2_PLACEMENT_3D ( 'NONE', #5090, #214, #3837 ) ;
#299 = CYLINDRICAL_SURFACE ( 'NONE', #2659, 0.1254677443338788057 ) ;
#300 = SURFACE_STYLE_USAGE ( .BOTH. , #3935 ) ;
#301 = CARTESIAN_POINT ( 'NONE',  ( 2.212226066844385386, 0.1922145200638937790, 0.6099999999999999867 ) ) ;
#302 = ORIENTED_EDGE ( 'NONE', *, *, #4673, .T. ) ;
#303 = LINE ( 'NONE', #4357, #658 ) ;
#304 = LINE ( 'NONE', #4002, #2711 ) ;
#305 = DIRECTION ( 'NONE',  ( -1.000000000000000000, 4.284756080633293834E-16, 0.000000000000000000 ) ) ;
#306 = DIRECTION ( 'NONE',  ( -1.000000000000000000, 4.284756080633293834E-16, 0.000000000000000000 ) ) ;
#307 = ORIENTED_EDGE ( 'NONE', *, *, #3749, .T. ) ;
#308 = VERTEX_POINT ( 'NONE', #4396 ) ;
#309 = VECTOR ( 'NONE', #87, 1000.000000000000000 ) ;
#310 = CARTESIAN_POINT ( 'NONE',  ( 2.051829622465644043, 0.4995425708808653442, -1.110000000000000098 ) ) ;
#311 = EDGE_CURVE ( 'NONE', #2421, #1918, #1518, .T. ) ;
#312 = STYLED_ITEM ( 'NONE', ( #5279 ), #2552 ) ;
#313 = EDGE_CURVE ( 'NONE', #4498, #4739, #1534, .T. ) ;
#314 = CARTESIAN_POINT ( 'NONE',  ( 1.499999999999999556, 0.5615000000000029967, 0.6099999999999999867 ) ) ;
#315 = CARTESIAN_POINT ( 'NONE',  ( -1.149999999999999467, 1.100000000000000089, -1.150000000000000133 ) ) ;
#316 = ORIENTED_EDGE ( 'NONE', *, *, #4160, .F. ) ;
#317 = DIRECTION ( 'NONE',  ( -0.000000000000000000, -0.000000000000000000, -1.000000000000000000 ) ) ;
#318 = ORIENTED_EDGE ( 'NONE', *, *, #4845, .F. ) ;
#319 =( GEOMETRIC_REPRESENTATION_CONTEXT ( 3 ) GLOBAL_UNCERTAINTY_ASSIGNED_CONTEXT ( ( #1574 ) ) GLOBAL_UNIT_ASSIGNED_CONTEXT ( ( #1276, #483, #2812 ) ) REPRESENTATION_CONTEXT ( 'NONE', 'WORKASPACE' ) );
#320 = ADVANCED_FACE ( 'NONE', ( #1956 ), #3493, .T. ) ;
#321 = VECTOR ( 'NONE', #1304, 1000.000000000000000 ) ;
#322 = DIRECTION ( 'NONE',  ( -0.9986295347545741663, -0.05233595624293842924, 0.000000000000000000 ) ) ;
#323 = CARTESIAN_POINT ( 'NONE',  ( -1.414999999999999591, 0.5615000000000029967, -1.500000000000000222 ) ) ;
#324 = VERTEX_POINT ( 'NONE', #1456 ) ;
#325 = CYLINDRICAL_SURFACE ( 'NONE', #1828, 0.3054677443338708054 ) ;
#326 = FACE_OUTER_BOUND ( 'NONE', #15, .T. ) ;
#327 = VECTOR ( 'NONE', #2903, 1000.000000000000000 ) ;
#328 = DIRECTION ( 'NONE',  ( -0.9986295347545742773, -0.05233595624293843618, 0.000000000000000000 ) ) ;
#329 = AXIS2_PLACEMENT_3D ( 'NONE', #3878, #3021, #2220 ) ;
#330 = LINE ( 'NONE', #5222, #22 ) ;
#331 = DIRECTION ( 'NONE',  ( -0.000000000000000000, -0.000000000000000000, -1.000000000000000000 ) ) ;
#332 = DIRECTION ( 'NONE',  ( 0.000000000000000000, 0.000000000000000000, 1.000000000000000000 ) ) ;
#333 = ORIENTED_EDGE ( 'NONE', *, *, #1725, .T. ) ;
#334 = CARTESIAN_POINT ( 'NONE',  ( 2.440579527876271637, -7.231105290834467174E-20, -0.1100000000000000699 ) ) ;
#335 = ADVANCED_FACE ( 'NONE', ( #1114 ), #4341, .T. ) ;
#336 = DIRECTION ( 'NONE',  ( -0.000000000000000000, -0.000000000000000000, -1.000000000000000000 ) ) ;
#337 = CARTESIAN_POINT ( 'NONE',  ( 1.753037081243900230, 0.4360322556661242466, -0.3900000000000000688 ) ) ;
#338 = ORIENTED_EDGE ( 'NONE', *, *, #2535, .F. ) ;
#339 = ORIENTED_EDGE ( 'NONE', *, *, #3290, .F. ) ;
#340 = VECTOR ( 'NONE', #3161, 1000.000000000000000 ) ;
#341 = CARTESIAN_POINT ( 'NONE',  ( -1.499999999999999556, 0.5615000000000029967, 0.6099999999999999867 ) ) ;
#342 = VECTOR ( 'NONE', #3601, 1000.000000000000000 ) ;
#343 = DIRECTION ( 'NONE',  ( 0.000000000000000000, -0.2079116908177569278, 0.9781476007338062439 ) ) ;
#344 = LINE ( 'NONE', #3232, #3477 ) ;
#345 = ORIENTED_EDGE ( 'NONE', *, *, #4315, .F. ) ;
#346 = DIRECTION ( 'NONE',  ( -0.000000000000000000, -0.000000000000000000, -1.000000000000000000 ) ) ;
#347 = ORIENTED_EDGE ( 'NONE', *, *, #934, .T. ) ;
#348 = ADVANCED_FACE ( 'NONE', ( #4746 ), #4797, .T. ) ;
#349 = VECTOR ( 'NONE', #5091, 1000.000000000000000 ) ;
#350 = CARTESIAN_POINT ( 'NONE',  ( -2.218792541221743519, 0.3175103152147410457, 0.1099999999999999589 ) ) ;
#351 = DIRECTION ( 'NONE',  ( 0.000000000000000000, 0.000000000000000000, 1.000000000000000000 ) ) ;
#352 = ORIENTED_EDGE ( 'NONE', *, *, #1315, .T. ) ;
#353 = EDGE_CURVE ( 'NONE', #3494, #885, #1160, .T. ) ;
#354 = EDGE_CURVE ( 'NONE', #4802, #1554, #1349, .T. ) ;
#355 = CARTESIAN_POINT ( 'NONE',  ( 1.753037081243900230, 0.4360322556661242466, 1.109999999999999876 ) ) ;
#356 = AXIS2_PLACEMENT_3D ( 'NONE', #5150, #3840, #217 ) ;
#357 = ADVANCED_BREP_SHAPE_REPRESENTATION ( 'LT6551CMS', ( #4322, #835, #4340, #2525, #2580, #799, #2552, #791, #4307, #2567, #4351, #2542, #2592 ), #2597 ) ;
#358 = LINE ( 'NONE', #4376, #1696 ) ;
#359 = CARTESIAN_POINT ( 'NONE',  ( 1.499999999999999556, 0.5615000000000029967, 0.3899999999999999578 ) ) ;
#360 = DIRECTION ( 'NONE',  ( 1.000000000000000000, 0.000000000000000000, 0.000000000000000000 ) ) ;
#361 = ORIENTED_EDGE ( 'NONE', *, *, #158, .T. ) ;
#362 = CARTESIAN_POINT ( 'NONE',  ( -1.753037081243900230, 0.4360322556661242466, -1.110000000000000098 ) ) ;
#363 = PLANE ( 'NONE',  #1921 ) ;
#364 = ORIENTED_EDGE ( 'NONE', *, *, #1123, .F. ) ;
#365 = FACE_OUTER_BOUND ( 'NONE', #4955, .T. ) ;
#366 = EDGE_LOOP ( 'NONE', ( #1640, #2176, #1946, #384 ) ) ;
#367 = EDGE_LOOP ( 'NONE', ( #4822, #3194, #482, #4005 ) ) ;
#368 = DIRECTION ( 'NONE',  ( -0.000000000000000000, -0.000000000000000000, -1.000000000000000000 ) ) ;
#369 = DIRECTION ( 'NONE',  ( 0.000000000000000000, 1.000000000000000000, 0.000000000000000000 ) ) ;
#370 = LINE ( 'NONE', #1977, #2200 ) ;
#371 = ORIENTED_EDGE ( 'NONE', *, *, #2939, .F. ) ;
#372 = CARTESIAN_POINT ( 'NONE',  ( -1.499999999999999556, 0.5615000000000029967, 0.1099999999999999589 ) ) ;
#373 = ORIENTED_EDGE ( 'NONE', *, *, #4914, .T. ) ;
#374 = EDGE_CURVE ( 'NONE', #3068, #441, #1017, .T. ) ;
#375 = PLANE ( 'NONE',  #2231 ) ;
#376 = ORIENTED_EDGE ( 'NONE', *, *, #1849, .T. ) ;
#377 = FACE_OUTER_BOUND ( 'NONE', #5216, .T. ) ;
#378 = AXIS2_PLACEMENT_3D ( 'NONE', #2673, #3557, #3181 ) ;
#379 = EDGE_CURVE ( 'NONE', #308, #2421, #4308, .T. ) ;
#380 = EDGE_CURVE ( 'NONE', #179, #4010, #3899, .T. ) ;
#381 = FACE_OUTER_BOUND ( 'NONE', #5129, .T. ) ;
#382 = LINE ( 'NONE', #2785, #2087 ) ;
#383 = FACE_OUTER_BOUND ( 'NONE', #1911, .T. ) ;
#384 = ORIENTED_EDGE ( 'NONE', *, *, #2563, .T. ) ;
#385 = VECTOR ( 'NONE', #3919, 1000.000000000000000 ) ;
#386 = CARTESIAN_POINT ( 'NONE',  ( -1.414999999999999591, 1.100000000000000089, 1.423798472641296886 ) ) ;
#387 = EDGE_CURVE ( 'NONE', #1214, #2913, #4368, .T. ) ;
#388 = EDGE_LOOP ( 'NONE', ( #4649, #3073, #2804, #4012 ) ) ;
#389 = DIRECTION ( 'NONE',  ( 0.9986295347545741663, -0.05233595624293842924, -0.000000000000000000 ) ) ;
#390 = ORIENTED_EDGE ( 'NONE', *, *, #4613, .F. ) ;
#391 = ORIENTED_EDGE ( 'NONE', *, *, #188, .T. ) ;
#392 = FACE_OUTER_BOUND ( 'NONE', #4363, .T. ) ;
#393 = DIRECTION ( 'NONE',  ( 1.000000000000000000, 0.000000000000000000, 0.000000000000000000 ) ) ;
#394 = AXIS2_PLACEMENT_3D ( 'NONE', #1428, #4663, #2615 ) ;
#395 = CARTESIAN_POINT ( 'NONE',  ( -2.450000000000000178, 0.1797533162558151154, -0.3900000000000000688 ) ) ;
#396 = ORIENTED_EDGE ( 'NONE', *, *, #3195, .T. ) ;
#397 = DIRECTION ( 'NONE',  ( -0.000000000000000000, -0.000000000000000000, -1.000000000000000000 ) ) ;
#398 = CARTESIAN_POINT ( 'NONE',  ( -1.423798472641296664, 1.100000000000000089, -1.415000000000000258 ) ) ;
#399 = ORIENTED_EDGE ( 'NONE', *, *, #1609, .T. ) ;
#400 = EDGE_CURVE ( 'NONE', #4590, #2040, #291, .T. ) ;
#401 = AXIS2_PLACEMENT_3D ( 'NONE', #3430, #970, #3482 ) ;
#402 = CARTESIAN_POINT ( 'NONE',  ( -1.414999999999999591, 0.2030000000000000138, 1.423798472641297108 ) ) ;
#403 = CARTESIAN_POINT ( 'NONE',  ( 1.415000000000000702, 1.100000000000000089, 1.423798472641296886 ) ) ;
#404 = ORIENTED_EDGE ( 'NONE', *, *, #504, .T. ) ;
#405 = CARTESIAN_POINT ( 'NONE',  ( -1.414999999999999591, 0.5615000000000029967, 1.414999999999999813 ) ) ;
#406 = ORIENTED_EDGE ( 'NONE', *, *, #4724, .T. ) ;
#407 =( NAMED_UNIT ( * ) SI_UNIT ( $, .STERADIAN. ) SOLID_ANGLE_UNIT ( ) );
#408 = LINE ( 'NONE', #4407, #177 ) ;
#409 = ORIENTED_EDGE ( 'NONE', *, *, #509, .F. ) ;
#410 = EDGE_CURVE ( 'NONE', #1390, #1724, #5113, .T. ) ;
#411 = FILL_AREA_STYLE_COLOUR ( '', #5044 ) ;
#412 = ADVANCED_FACE ( 'NONE', ( #4560 ), #896, .F. ) ;
#413 = CIRCLE ( 'NONE', #4835, 0.008798472641297159363 ) ;
#414 = DIRECTION ( 'NONE',  ( -0.000000000000000000, -1.000000000000000000, -0.000000000000000000 ) ) ;
#415 = ORIENTED_EDGE ( 'NONE', *, *, #410, .F. ) ;
#416 = ORIENTED_EDGE ( 'NONE', *, *, #139, .T. ) ;
#417 = ORIENTED_EDGE ( 'NONE', *, *, #2604, .F. ) ;
#418 = UNCERTAINTY_MEASURE_WITH_UNIT (LENGTH_MEASURE( 1.000000000000000082E-05 ), #942, 'distance_accuracy_value', 'NONE');
#419 = EDGE_CURVE ( 'NONE', #824, #4030, #1241, .T. ) ;
#420 = DIRECTION ( 'NONE',  ( -0.000000000000000000, -0.000000000000000000, -1.000000000000000000 ) ) ;
#421 = CARTESIAN_POINT ( 'NONE',  ( 1.753037081243900230, 0.5615000000000029967, -0.6100000000000000977 ) ) ;
#422 = CLOSED_SHELL ( 'NONE', ( #4784, #5190, #1765, #2763, #3662, #133, #805, #3882, #4418, #3384, #5014, #863, #3164, #2180 ) ) ;
#423 = DIRECTION ( 'NONE',  ( 0.000000000000000000, 0.9781476007338062439, -0.2079116908177561784 ) ) ;
#424 = ORIENTED_EDGE ( 'NONE', *, *, #1348, .F. ) ;
#425 = LINE ( 'NONE', #2034, #100 ) ;
#426 = VERTEX_POINT ( 'NONE', #3255 ) ;
#427 = CIRCLE ( 'NONE', #4250, 0.3054677443338705833 ) ;
#428 = DIRECTION ( 'NONE',  ( -0.05233595624293843618, 0.9986295347545742773, 0.000000000000000000 ) ) ;
#429 = VERTEX_POINT ( 'NONE', #4934 ) ;
#430 = DIRECTION ( 'NONE',  ( -0.000000000000000000, -0.000000000000000000, -1.000000000000000000 ) ) ;
#431 = AXIS2_PLACEMENT_3D ( 'NONE', #5069, #2984, #4151 ) ;
#432 = EDGE_LOOP ( 'NONE', ( #3742, #5168, #1365, #1297, #2871, #3944, #713, #4568, #2295, #1500, #2738, #810 ) ) ;
#433 = CARTESIAN_POINT ( 'NONE',  ( -1.499999999999999556, 0.7414999999999947189, 0.1099999999999999589 ) ) ;
#434 = CARTESIAN_POINT ( 'NONE',  ( -1.499999999999999556, 0.5615000000000029967, -0.8900000000000000133 ) ) ;
#435 = ORIENTED_EDGE ( 'NONE', *, *, #86, .T. ) ;
#436 = AXIS2_PLACEMENT_3D ( 'NONE', #2311, #1532, #4796 ) ;
#437 = CARTESIAN_POINT ( 'NONE',  ( 2.440579527876271637, -7.231105290834467174E-20, 0.8899999999999999023 ) ) ;
#438 = CIRCLE ( 'NONE', #2039, 0.008798472641297376204 ) ;
#439 = VECTOR ( 'NONE', #609, 1000.000000000000000 ) ;
#440 = CARTESIAN_POINT ( 'NONE',  ( 1.499999999999999556, 0.7414999999999947189, -0.8900000000000000133 ) ) ;
#441 = VERTEX_POINT ( 'NONE', #2415 ) ;
#442 = ORIENTED_EDGE ( 'NONE', *, *, #820, .F. ) ;
#443 = VERTEX_POINT ( 'NONE', #2467 ) ;
#444 = CARTESIAN_POINT ( 'NONE',  ( 1.499999999999999556, 0.7414999999999947189, -0.3900000000000000688 ) ) ;
#445 = EDGE_CURVE ( 'NONE', #4128, #4017, #1267, .T. ) ;
#446 = LINE ( 'NONE', #2056, #5043 ) ;
#447 = EDGE_CURVE ( 'NONE', #1606, #3254, #62, .T. ) ;
#448 = ORIENTED_EDGE ( 'NONE', *, *, #1353, .F. ) ;
#449 = DIRECTION ( 'NONE',  ( -0.9781476007338070211, -0.2079116908177527367, 0.000000000000000000 ) ) ;
#450 = LINE ( 'NONE', #1632, #1689 ) ;
#451 = ORIENTED_EDGE ( 'NONE', *, *, #5099, .F. ) ;
#452 = CARTESIAN_POINT ( 'NONE',  ( -1.920000000000000373, 0.2539999999999998925, 1.109999999999999876 ) ) ;
#453 = EDGE_CURVE ( 'NONE', #59, #4298, #427, .T. ) ;
#454 = CARTESIAN_POINT ( 'NONE',  ( 1.753037081243900230, 0.5615000000000029967, -0.1100000000000000699 ) ) ;
#455 = ORIENTED_EDGE ( 'NONE', *, *, #3150, .F. ) ;
#456 = CYLINDRICAL_SURFACE ( 'NONE', #5128, 0.1254677443338790277 ) ;
#457 = DIRECTION ( 'NONE',  ( -0.000000000000000000, -0.000000000000000000, -1.000000000000000000 ) ) ;
#458 = ORIENTED_EDGE ( 'NONE', *, *, #2934, .F. ) ;
#459 = LINE ( 'NONE', #1618, #2174 ) ;
#460 = EDGE_CURVE ( 'NONE', #698, #744, #3377, .T. ) ;
#461 = LINE ( 'NONE', #2049, #1438 ) ;
#462 = ORIENTED_EDGE ( 'NONE', *, *, #2484, .F. ) ;
#463 = ORIENTED_EDGE ( 'NONE', *, *, #2366, .F. ) ;
#464 = VERTEX_POINT ( 'NONE', #2803 ) ;
#465 = VECTOR ( 'NONE', #4124, 1000.000000000000000 ) ;
#466 = CARTESIAN_POINT ( 'NONE',  ( -2.450000000000000178, 0.1797533162558151154, 1.109999999999999876 ) ) ;
#467 = CARTESIAN_POINT ( 'NONE',  ( 2.218792541221743519, 0.3175103152147410457, -0.3900000000000000688 ) ) ;
#468 = ORIENTED_EDGE ( 'NONE', *, *, #4757, .F. ) ;
#469 = DIRECTION ( 'NONE',  ( -1.000000000000000000, 0.000000000000000000, 0.000000000000000000 ) ) ;
#470 = CARTESIAN_POINT ( 'NONE',  ( 2.051829622465644043, 0.4995425708808653442, 0.8899999999999999023 ) ) ;
#471 = DIRECTION ( 'NONE',  ( 0.000000000000000000, 0.000000000000000000, 1.000000000000000000 ) ) ;
#472 = ORIENTED_EDGE ( 'NONE', *, *, #1516, .T. ) ;
#473 = ADVANCED_FACE ( 'NONE', ( #92 ), #14, .F. ) ;
#474 = EDGE_CURVE ( 'NONE', #2459, #4500, #1979, .T. ) ;
#475 = VERTEX_POINT ( 'NONE', #817 ) ;
#476 = VECTOR ( 'NONE', #5086, 1000.000000000000114 ) ;
#477 = LINE ( 'NONE', #1221, #4452 ) ;
#478 = EDGE_CURVE ( 'NONE', #3516, #3365, #3635, .T. ) ;
#479 =( GEOMETRIC_REPRESENTATION_CONTEXT ( 3 ) GLOBAL_UNCERTAINTY_ASSIGNED_CONTEXT ( ( #3595 ) ) GLOBAL_UNIT_ASSIGNED_CONTEXT ( ( #4885, #3314, #407 ) ) REPRESENTATION_CONTEXT ( 'NONE', 'WORKASPACE' ) );
#480 = LINE ( 'NONE', #3797, #3024 ) ;
#481 = VECTOR ( 'NONE', #780, 1000.000000000000000 ) ;
#482 = ORIENTED_EDGE ( 'NONE', *, *, #1734, .F. ) ;
#483 =( NAMED_UNIT ( * ) PLANE_ANGLE_UNIT ( ) SI_UNIT ( $, .RADIAN. ) );
#484 = ORIENTED_EDGE ( 'NONE', *, *, #3492, .F. ) ;
#485 = CARTESIAN_POINT ( 'NONE',  ( -2.051829622465644043, 0.4995425708808653442, -0.8900000000000000133 ) ) ;
#486 = VECTOR ( 'NONE', #2167, 1000.000000000000000 ) ;
#487 = CARTESIAN_POINT ( 'NONE',  ( 2.096066568132076924, 0.2914241043471944015, 1.109999999999999876 ) ) ;
#488 = VECTOR ( 'NONE', #3926, 1000.000000000000227 ) ;
#489 = FACE_OUTER_BOUND ( 'NONE', #1240, .T. ) ;
#490 = ORIENTED_EDGE ( 'NONE', *, *, #2463, .F. ) ;
#491 = CIRCLE ( 'NONE', #1668, 0.3054677443338703613 ) ;
#492 = ORIENTED_EDGE ( 'NONE', *, *, #445, .T. ) ;
#493 = ORIENTED_EDGE ( 'NONE', *, *, #1184, .T. ) ;
#494 = AXIS2_PLACEMENT_3D ( 'NONE', #227, #1462, #4705 ) ;
#495 = CARTESIAN_POINT ( 'NONE',  ( 2.202805594720656845, 0.01246120380807877286, -0.6100000000000000977 ) ) ;
#496 = CARTESIAN_POINT ( 'NONE',  ( 2.440579527876271637, -7.231105290834467174E-20, -0.3900000000000000688 ) ) ;
#497 = ORIENTED_EDGE ( 'NONE', *, *, #1287, .T. ) ;
#498 = CARTESIAN_POINT ( 'NONE',  ( -2.450000000000000178, 0.1797533162558151154, -1.110000000000000098 ) ) ;
#499 = PLANE ( 'NONE',  #2767 ) ;
#500 = PLANE ( 'NONE',  #262 ) ;
#501 = EDGE_LOOP ( 'NONE', ( #2547, #1352, #2213, #4813, #4976, #1266, #3807, #1443, #2633, #4501, #1719, #143 ) ) ;
#502 = DIRECTION ( 'NONE',  ( 0.000000000000000000, 0.000000000000000000, 1.000000000000000000 ) ) ;
#503 = DIRECTION ( 'NONE',  ( 1.000000000000000000, 0.000000000000000000, 0.000000000000000000 ) ) ;
#504 = EDGE_CURVE ( 'NONE', #3417, #689, #2443, .T. ) ;
#505 = ORIENTED_EDGE ( 'NONE', *, *, #4113, .F. ) ;
#506 = VECTOR ( 'NONE', #2102, 1000.000000000000000 ) ;
#507 = ORIENTED_EDGE ( 'NONE', *, *, #4261, .F. ) ;
#508 = EDGE_CURVE ( 'NONE', #3206, #1514, #795, .T. ) ;
#509 = EDGE_CURVE ( 'NONE', #744, #1989, #450, .T. ) ;
#510 = FILL_AREA_STYLE ('',( #829 ) ) ;
#511 = ORIENTED_EDGE ( 'NONE', *, *, #4337, .F. ) ;
#512 = CARTESIAN_POINT ( 'NONE',  ( -1.414999999999999591, 0.2030000000000000693, 1.414999999999999813 ) ) ;
#513 = AXIS2_PLACEMENT_3D ( 'NONE', #3607, #4122, #2088 ) ;
#514 = AXIS2_PLACEMENT_3D ( 'NONE', #3571, #420, #1628 ) ;
#515 = DIRECTION ( 'NONE',  ( 0.000000000000000000, 0.000000000000000000, 1.000000000000000000 ) ) ;
#516 = VERTEX_POINT ( 'NONE', #1295 ) ;
#517 = VECTOR ( 'NONE', #5174, 1000.000000000000000 ) ;
#518 = EDGE_LOOP ( 'NONE', ( #788, #1673, #3011, #749 ) ) ;
#519 = ORIENTED_EDGE ( 'NONE', *, *, #3484, .F. ) ;
#520 = DIRECTION ( 'NONE',  ( -0.000000000000000000, -0.000000000000000000, -1.000000000000000000 ) ) ;
#521 = LINE ( 'NONE', #4141, #2758 ) ;
#522 = ORIENTED_EDGE ( 'NONE', *, *, #883, .T. ) ;
#523 = DIRECTION ( 'NONE',  ( -0.000000000000000000, -0.000000000000000000, -1.000000000000000000 ) ) ;
#524 = LINE ( 'NONE', #137, #1924 ) ;
#525 = FACE_OUTER_BOUND ( 'NONE', #3321, .T. ) ;
#526 = EDGE_CURVE ( 'NONE', #2269, #1424, #4847, .T. ) ;
#527 = DIRECTION ( 'NONE',  ( 0.9986295347545742773, 0.05233595624293843618, 0.000000000000000000 ) ) ;
#528 = CYLINDRICAL_SURFACE ( 'NONE', #552, 0.1254677443338790277 ) ;
#529 = DIRECTION ( 'NONE',  ( 0.000000000000000000, 1.000000000000000000, 0.000000000000000000 ) ) ;
#530 = DIRECTION ( 'NONE',  ( 0.9781476007338070211, -0.2079116908177527367, 0.000000000000000000 ) ) ;
#531 = ORIENTED_EDGE ( 'NONE', *, *, #1897, .T. ) ;
#532 = DIRECTION ( 'NONE',  ( -0.000000000000000000, -0.000000000000000000, -1.000000000000000000 ) ) ;
#533 = ORIENTED_EDGE ( 'NONE', *, *, #1097, .F. ) ;
#534 = LINE ( 'NONE', #3364, #486 ) ;
#535 = ORIENTED_EDGE ( 'NONE', *, *, #3229, .F. ) ;
#536 = DIRECTION ( 'NONE',  ( -1.000000000000000000, 0.000000000000000000, 0.000000000000000000 ) ) ;
#537 = EDGE_CURVE ( 'NONE', #2193, #1840, #3234, .T. ) ;
#538 = EDGE_CURVE ( 'NONE', #1989, #179, #425, .T. ) ;
#539 = SURFACE_STYLE_FILL_AREA ( #3804 ) ;
#540 = ORIENTED_EDGE ( 'NONE', *, *, #2806, .T. ) ;
#541 = DIRECTION ( 'NONE',  ( -1.000000000000000000, 0.000000000000000000, 0.000000000000000000 ) ) ;
#542 = VERTEX_POINT ( 'NONE', #4903 ) ;
#543 = ORIENTED_EDGE ( 'NONE', *, *, #3512, .T. ) ;
#544 =( NAMED_UNIT ( * ) PLANE_ANGLE_UNIT ( ) SI_UNIT ( $, .RADIAN. ) );
#545 = EDGE_CURVE ( 'NONE', #113, #589, #4097, .T. ) ;
#546 = DIRECTION ( 'NONE',  ( -0.2079116908177527367, 0.9781476007338070211, -0.000000000000000000 ) ) ;
#547 = CARTESIAN_POINT ( 'NONE',  ( 1.415000000000000702, 1.100000000000000089, 1.423798472641296886 ) ) ;
#548 = ORIENTED_EDGE ( 'NONE', *, *, #3029, .T. ) ;
#549 = FACE_OUTER_BOUND ( 'NONE', #5049, .T. ) ;
#550 = DIRECTION ( 'NONE',  ( 1.000000000000000000, 0.000000000000000000, -0.000000000000000000 ) ) ;
#551 = FACE_OUTER_BOUND ( 'NONE', #4153, .T. ) ;
#552 = AXIS2_PLACEMENT_3D ( 'NONE', #2161, #2908, #3741 ) ;
#553 = DIRECTION ( 'NONE',  ( 1.000000000000000000, 0.000000000000000000, 0.000000000000000000 ) ) ;
#554 = CARTESIAN_POINT ( 'NONE',  ( 2.218792541221743519, 0.3175103152147410457, -0.6100000000000000977 ) ) ;
#555 = COLOUR_RGB ( '',0.2509803921568627416, 0.2509803921568627416, 0.2509803921568627416 ) ;
#556 = LINE ( 'NONE', #173, #3034 ) ;
#557 = EDGE_CURVE ( 'NONE', #1665, #591, #3759, .T. ) ;
#558 = EDGE_LOOP ( 'NONE', ( #376, #2098, #3808, #1717 ) ) ;
#559 = ORIENTED_EDGE ( 'NONE', *, *, #311, .F. ) ;
#560 = AXIS2_PLACEMENT_3D ( 'NONE', #738, #1136, #393 ) ;
#561 = CARTESIAN_POINT ( 'NONE',  ( -2.051829622465644043, 0.4995425708808653442, -0.8900000000000000133 ) ) ;
#562 = ORIENTED_EDGE ( 'NONE', *, *, #708, .T. ) ;
#563 = DIRECTION ( 'NONE',  ( 0.000000000000000000, 0.000000000000000000, 1.000000000000000000 ) ) ;
#564 = DIRECTION ( 'NONE',  ( 0.2079116908177541800, -0.9781476007338066880, -0.000000000000000000 ) ) ;
#565 = VECTOR ( 'NONE', #4791, 1000.000000000000000 ) ;
#566 = SURFACE_SIDE_STYLE ('',( #4186 ) ) ;
#567 = ORIENTED_EDGE ( 'NONE', *, *, #5099, .T. ) ;
#568 = DIRECTION ( 'NONE',  ( -0.000000000000000000, -1.000000000000000000, -0.000000000000000000 ) ) ;
#569 = VERTEX_POINT ( 'NONE', #975 ) ;
#570 = ORIENTED_EDGE ( 'NONE', *, *, #5034, .F. ) ;
#571 = EDGE_CURVE ( 'NONE', #2021, #3494, #1857, .T. ) ;
#572 = VECTOR ( 'NONE', #4019, 1000.000000000000000 ) ;
#573 = APPLICATION_PROTOCOL_DEFINITION ( 'draft international standard', 'automotive_design', 1998, #1793 ) ;
#574 = AXIS2_PLACEMENT_3D ( 'NONE', #925, #4985, #1373 ) ;
#575 = CARTESIAN_POINT ( 'NONE',  ( 1.920000000000000373, 0.2539999999999985048, -0.8900000000000000133 ) ) ;
#576 = DIRECTION ( 'NONE',  ( -0.000000000000000000, -0.000000000000000000, -1.000000000000000000 ) ) ;
#577 = EDGE_LOOP ( 'NONE', ( #184, #238, #2772, #279, #5028, #3603, #2506, #5102, #3299, #4562, #4792, #1522 ) ) ;
#578 = EDGE_LOOP ( 'NONE', ( #864, #3233, #3154, #4156 ) ) ;
#579 = FACE_OUTER_BOUND ( 'NONE', #1940, .T. ) ;
#580 = EDGE_CURVE ( 'NONE', #4125, #2173, #165, .T. ) ;
#581 = CARTESIAN_POINT ( 'NONE',  ( 2.440579527876271637, -7.231105290834467174E-20, 1.109999999999999876 ) ) ;
#582 = AXIS2_PLACEMENT_3D ( 'NONE', #4409, #2734, #1970 ) ;
#583 = DIRECTION ( 'NONE',  ( 0.000000000000000000, 0.000000000000000000, 1.000000000000000000 ) ) ;
#584 = DIRECTION ( 'NONE',  ( 0.000000000000000000, 0.000000000000000000, 1.000000000000000000 ) ) ;
#585 = VECTOR ( 'NONE', #897, 1000.000000000000000 ) ;
#586 = DIRECTION ( 'NONE',  ( -0.000000000000000000, -0.000000000000000000, -1.000000000000000000 ) ) ;
#587 = FACE_OUTER_BOUND ( 'NONE', #1339, .T. ) ;
#588 = DIRECTION ( 'NONE',  ( -1.000000000000000000, 0.000000000000000000, 0.000000000000000000 ) ) ;
#589 = VERTEX_POINT ( 'NONE', #3354 ) ;
#590 = DIRECTION ( 'NONE',  ( -0.000000000000000000, -0.000000000000000000, -1.000000000000000000 ) ) ;
#591 = VERTEX_POINT ( 'NONE', #2550 ) ;
#592 = AXIS2_PLACEMENT_3D ( 'NONE', #1553, #688, #3092 ) ;
#593 = DIRECTION ( 'NONE',  ( 0.000000000000000000, 0.000000000000000000, -1.000000000000000000 ) ) ;
#594 = VERTEX_POINT ( 'NONE', #4223 ) ;
#595 = FACE_OUTER_BOUND ( 'NONE', #31, .T. ) ;
#596 = EDGE_CURVE ( 'NONE', #3876, #842, #4584, .T. ) ;
#597 = CARTESIAN_POINT ( 'NONE',  ( 1.499999999999999556, 0.7414999999999947189, -0.3900000000000000688 ) ) ;
#598 = DIRECTION ( 'NONE',  ( 4.284756080633293341E-16, -1.000000000000000000, 0.000000000000000000 ) ) ;
#599 = ORIENTED_EDGE ( 'NONE', *, *, #1400, .T. ) ;
#600 = VECTOR ( 'NONE', #4572, 1000.000000000000000 ) ;
#601 = PRODUCT_CONTEXT ( 'NONE', #1793, 'mechanical' ) ;
#602 = AXIS2_PLACEMENT_3D ( 'NONE', #3829, #4618, #2539 ) ;
#603 = DIRECTION ( 'NONE',  ( 0.05233595624293888027, -0.9986295347545741663, 0.000000000000000000 ) ) ;
#604 = CARTESIAN_POINT ( 'NONE',  ( 2.440579527876271637, -7.231105290834467174E-20, 0.1099999999999999589 ) ) ;
#605 = ORIENTED_EDGE ( 'NONE', *, *, #3418, .T. ) ;
#606 = CARTESIAN_POINT ( 'NONE',  ( 2.218792541221743519, 0.3175103152147410457, 0.1099999999999999589 ) ) ;
#607 = DIRECTION ( 'NONE',  ( 0.000000000000000000, -0.9781476007338062439, -0.2079116908177561784 ) ) ;
#608 = AXIS2_PLACEMENT_3D ( 'NONE', #1739, #2555, #1350 ) ;
#609 = DIRECTION ( 'NONE',  ( -0.000000000000000000, -0.000000000000000000, -1.000000000000000000 ) ) ;
#610 = ADVANCED_FACE ( 'NONE', ( #119 ), #500, .F. ) ;
#611 = ADVANCED_FACE ( 'NONE', ( #2113 ), #2134, .F. ) ;
#612 = FACE_OUTER_BOUND ( 'NONE', #1597, .T. ) ;
#613 = CARTESIAN_POINT ( 'NONE',  ( 2.202805594720656845, 0.01246120380807877286, 0.6099999999999999867 ) ) ;
#614 = ORIENTED_EDGE ( 'NONE', *, *, #1734, .T. ) ;
#615 = EDGE_CURVE ( 'NONE', #1971, #4010, #5011, .T. ) ;
#616 = CARTESIAN_POINT ( 'NONE',  ( -2.212226066844385386, 0.1922145200638938900, -0.3900000000000000688 ) ) ;
#617 = EDGE_LOOP ( 'NONE', ( #849, #4623, #3827, #559 ) ) ;
#618 = DIRECTION ( 'NONE',  ( -0.000000000000000000, -0.000000000000000000, -1.000000000000000000 ) ) ;
#619 = ORIENTED_EDGE ( 'NONE', *, *, #4643, .T. ) ;
#620 = LINE ( 'NONE', #2622, #3022 ) ;
#621 = DIRECTION ( 'NONE',  ( -0.000000000000000000, -0.000000000000000000, -1.000000000000000000 ) ) ;
#622 = DIRECTION ( 'NONE',  ( 0.000000000000000000, 0.000000000000000000, 1.000000000000000000 ) ) ;
#623 = CARTESIAN_POINT ( 'NONE',  ( -1.753037081243900230, 0.7414999999999948299, 1.109999999999999876 ) ) ;
#624 = VERTEX_POINT ( 'NONE', #1396 ) ;
#625 = EDGE_CURVE ( 'NONE', #1449, #4590, #195, .T. ) ;
#626 = LINE ( 'NONE', #4217, #476 ) ;
#627 = CARTESIAN_POINT ( 'NONE',  ( -1.499999999999999556, 0.5615000000000029967, 0.1099999999999999589 ) ) ;
#628 = EDGE_LOOP ( 'NONE', ( #5164, #2091, #3887, #1355 ) ) ;
#629 = DIRECTION ( 'NONE',  ( 1.000000000000000000, 0.000000000000000000, 0.000000000000000000 ) ) ;
#630 = CARTESIAN_POINT ( 'NONE',  ( -1.920000000000000373, 0.2539999999999998925, -0.6100000000000000977 ) ) ;
#631 = PLANE ( 'NONE',  #644 ) ;
#632 = LINE ( 'NONE', #1112, #4091 ) ;
#633 = AXIS2_PLACEMENT_3D ( 'NONE', #4178, #903, #503 ) ;
#634 = ORIENTED_EDGE ( 'NONE', *, *, #2365, .F. ) ;
#635 = EDGE_CURVE ( 'NONE', #5075, #3373, #3817, .T. ) ;
#636 = CIRCLE ( 'NONE', #1311, 0.1254677443338788057 ) ;
#637 = CARTESIAN_POINT ( 'NONE',  ( -1.920000000000000373, 0.2540000000000000036, -0.8900000000000000133 ) ) ;
#638 = CARTESIAN_POINT ( 'NONE',  ( 2.202805594720656845, 0.01246120380807877286, -0.8900000000000000133 ) ) ;
#639 = VERTEX_POINT ( 'NONE', #4196 ) ;
#640 = DIRECTION ( 'NONE',  ( 0.000000000000000000, 1.000000000000000000, 0.000000000000000000 ) ) ;
#641 = PLANE ( 'NONE',  #3118 ) ;
#642 = ADVANCED_FACE ( 'NONE', ( #525 ), #1003, .T. ) ;
#643 = DIRECTION ( 'NONE',  ( 0.000000000000000000, 0.000000000000000000, 1.000000000000000000 ) ) ;
#644 = AXIS2_PLACEMENT_3D ( 'NONE', #1084, #2261, #2211 ) ;
#645 = DIRECTION ( 'NONE',  ( 0.2079116908177541800, -0.9781476007338066880, -0.000000000000000000 ) ) ;
#646 = DIRECTION ( 'NONE',  ( -0.000000000000000000, -0.000000000000000000, -1.000000000000000000 ) ) ;
#647 = ORIENTED_EDGE ( 'NONE', *, *, #2563, .F. ) ;
#648 = DIRECTION ( 'NONE',  ( 1.000000000000000000, 0.000000000000000000, -0.000000000000000000 ) ) ;
#649 = AXIS2_PLACEMENT_3D ( 'NONE', #1543, #3214, #1967 ) ;
#650 = AXIS2_PLACEMENT_3D ( 'NONE', #1880, #3498, #2296 ) ;
#651 = EDGE_LOOP ( 'NONE', ( #802, #2304, #2619, #1549 ) ) ;
#652 = ORIENTED_EDGE ( 'NONE', *, *, #4868, .F. ) ;
#653 = CARTESIAN_POINT ( 'NONE',  ( 1.753037081243900230, 0.4360322556661242466, -0.1100000000000000699 ) ) ;
#654 = FACE_OUTER_BOUND ( 'NONE', #501, .T. ) ;
#655 = AXIS2_PLACEMENT_3D ( 'NONE', #4392, #3145, #3514 ) ;
#656 = DIRECTION ( 'NONE',  ( -0.9986295347545741663, -0.05233595624293842924, 0.000000000000000000 ) ) ;
#657 = DIRECTION ( 'NONE',  ( -1.000000000000000000, 0.000000000000000000, 0.000000000000000000 ) ) ;
#658 = VECTOR ( 'NONE', #2378, 1000.000000000000000 ) ;
#659 = UNCERTAINTY_MEASURE_WITH_UNIT (LENGTH_MEASURE( 1.000000000000000082E-05 ), #2279, 'distance_accuracy_value', 'NONE');
#660 = CARTESIAN_POINT ( 'NONE',  ( 1.423798472641297774, 0.2030000000000000138, 1.414999999999999813 ) ) ;
#661 = ORIENTED_EDGE ( 'NONE', *, *, #3204, .F. ) ;
#662 = VECTOR ( 'NONE', #2590, 1000.000000000000227 ) ;
#663 = CARTESIAN_POINT ( 'NONE',  ( -1.753037081243900230, 0.5615000000000029967, 0.3899999999999999578 ) ) ;
#664 = DIRECTION ( 'NONE',  ( -1.000000000000000000, 0.000000000000000000, 0.000000000000000000 ) ) ;
#665 = ORIENTED_EDGE ( 'NONE', *, *, #3492, .T. ) ;
#666 = DIRECTION ( 'NONE',  ( 0.000000000000000000, 1.000000000000000000, 0.000000000000000000 ) ) ;
#667 = VECTOR ( 'NONE', #5074, 1000.000000000000000 ) ;
#668 = FACE_OUTER_BOUND ( 'NONE', #275, .T. ) ;
#669 = DIRECTION ( 'NONE',  ( 0.000000000000000000, -0.000000000000000000, 1.000000000000000000 ) ) ;
#670 = ADVANCED_FACE ( 'NONE', ( #551 ), #3736, .T. ) ;
#671 = VECTOR ( 'NONE', #4424, 1000.000000000000000 ) ;
#672 = ADVANCED_FACE ( 'NONE', ( #3330 ), #4986, .F. ) ;
#673 = DIRECTION ( 'NONE',  ( -0.9781476007338070211, -0.2079116908177527367, 0.000000000000000000 ) ) ;
#674 = PLANE ( 'NONE',  #4901 ) ;
#675 = VERTEX_POINT ( 'NONE', #4525 ) ;
#676 = FACE_OUTER_BOUND ( 'NONE', #1649, .T. ) ;
#677 = EDGE_CURVE ( 'NONE', #4061, #2839, #884, .T. ) ;
#678 = VECTOR ( 'NONE', #607, 1000.000000000000227 ) ;
#679 = VERTEX_POINT ( 'NONE', #3297 ) ;
#680 = ORIENTED_EDGE ( 'NONE', *, *, #3435, .F. ) ;
#681 = DIRECTION ( 'NONE',  ( -4.284756080633293341E-16, -1.000000000000000000, 0.000000000000000000 ) ) ;
#682 = DIRECTION ( 'NONE',  ( 0.000000000000000000, 1.000000000000000000, 0.000000000000000000 ) ) ;
#683 = CIRCLE ( 'NONE', #4696, 0.008798472641297159363 ) ;
#684 = DIRECTION ( 'NONE',  ( 1.000000000000000000, 0.000000000000000000, -0.000000000000000000 ) ) ;
#685 = DIRECTION ( 'NONE',  ( 0.000000000000000000, -0.000000000000000000, 1.000000000000000000 ) ) ;
#686 = EDGE_LOOP ( 'NONE', ( #416, #2560, #1340, #5231 ) ) ;
#687 = VECTOR ( 'NONE', #4745, 1000.000000000000114 ) ;
#688 = DIRECTION ( 'NONE',  ( -0.000000000000000000, -0.000000000000000000, -1.000000000000000000 ) ) ;
#689 = VERTEX_POINT ( 'NONE', #3695 ) ;
#690 = EDGE_CURVE ( 'NONE', #2005, #3722, #2355, .T. ) ;
#691 = DIRECTION ( 'NONE',  ( -1.000000000000000000, 0.000000000000000000, 0.000000000000000000 ) ) ;
#692 = LINE ( 'NONE', #2294, #241 ) ;
#693 = VERTEX_POINT ( 'NONE', #2816 ) ;
#694 = CARTESIAN_POINT ( 'NONE',  ( -1.875763054333566382, 0.4621184665336710018, -0.3900000000000000688 ) ) ;
#695 = DIRECTION ( 'NONE',  ( -0.000000000000000000, -0.000000000000000000, -1.000000000000000000 ) ) ;
#696 = DIRECTION ( 'NONE',  ( -0.000000000000000000, 0.000000000000000000, -1.000000000000000000 ) ) ;
#697 = CARTESIAN_POINT ( 'NONE',  ( 2.212226066844385386, 0.1922145200638938900, 0.6099999999999999867 ) ) ;
#698 = VERTEX_POINT ( 'NONE', #4953 ) ;
#699 = DIRECTION ( 'NONE',  ( 1.000000000000000000, 0.000000000000000000, 0.000000000000000000 ) ) ;
#700 = EDGE_CURVE ( 'NONE', #4935, #1115, #2020, .T. ) ;
#701 = CARTESIAN_POINT ( 'NONE',  ( -2.218792541221743519, 0.3175103152147410457, 1.109999999999999876 ) ) ;
#702 = EDGE_CURVE ( 'NONE', #589, #4739, #1622, .T. ) ;
#703 = CARTESIAN_POINT ( 'NONE',  ( -1.753037081243900230, 0.4360322556661242466, 1.109999999999999876 ) ) ;
#704 = DIRECTION ( 'NONE',  ( -0.000000000000000000, -0.000000000000000000, -1.000000000000000000 ) ) ;
#705 = VERTEX_POINT ( 'NONE', #1256 ) ;
#706 = ORIENTED_EDGE ( 'NONE', *, *, #4876, .T. ) ;
#707 = DIRECTION ( 'NONE',  ( 0.000000000000000000, 0.000000000000000000, 1.000000000000000000 ) ) ;
#708 = EDGE_CURVE ( 'NONE', #1249, #5030, #1703, .T. ) ;
#709 = DIRECTION ( 'NONE',  ( -0.000000000000000000, -0.000000000000000000, -1.000000000000000000 ) ) ;
#710 = CARTESIAN_POINT ( 'NONE',  ( 2.218792541221743519, 0.3175103152147410457, -0.8900000000000000133 ) ) ;
#711 = FACE_OUTER_BOUND ( 'NONE', #3397, .T. ) ;
#712 = CARTESIAN_POINT ( 'NONE',  ( 1.753037081243900230, 0.4360322556661242466, -0.8900000000000000133 ) ) ;
#713 = ORIENTED_EDGE ( 'NONE', *, *, #2771, .T. ) ;
#714 = AXIS2_PLACEMENT_3D ( 'NONE', #1964, #643, #3581 ) ;
#715 = DIRECTION ( 'NONE',  ( -0.000000000000000000, -0.000000000000000000, -1.000000000000000000 ) ) ;
#716 = EDGE_CURVE ( 'NONE', #4298, #1982, #2432, .T. ) ;
#717 = DIRECTION ( 'NONE',  ( 0.000000000000000000, 0.000000000000000000, 1.000000000000000000 ) ) ;
#718 = VERTEX_POINT ( 'NONE', #4133 ) ;
#719 = DIRECTION ( 'NONE',  ( -0.000000000000000000, -0.000000000000000000, -1.000000000000000000 ) ) ;
#720 = PLANE ( 'NONE',  #789 ) ;
#721 = VECTOR ( 'NONE', #4513, 1000.000000000000227 ) ;
#722 = FACE_OUTER_BOUND ( 'NONE', #1710, .T. ) ;
#723 = AXIS2_PLACEMENT_3D ( 'NONE', #1938, #3159, #2677 ) ;
#724 = DIRECTION ( 'NONE',  ( 0.000000000000000000, 1.000000000000000000, 0.000000000000000000 ) ) ;
#725 = DIRECTION ( 'NONE',  ( 0.05233595624293888027, 0.9986295347545741663, -0.000000000000000000 ) ) ;
#726 = CARTESIAN_POINT ( 'NONE',  ( 2.440579527876271637, -7.231105290834467174E-20, -0.6100000000000000977 ) ) ;
#727 = ORIENTED_EDGE ( 'NONE', *, *, #3456, .T. ) ;
#728 = CARTESIAN_POINT ( 'NONE',  ( -1.149999999999999467, 1.100000000000000089, -1.275000000000000577 ) ) ;
#729 = SURFACE_STYLE_USAGE ( .BOTH. , #1991 ) ;
#730 = CARTESIAN_POINT ( 'NONE',  ( -2.212226066844385386, 0.1922145200638937790, 0.8899999999999999023 ) ) ;
#731 = ADVANCED_FACE ( 'NONE', ( #489 ), #1205, .F. ) ;
#732 = EDGE_CURVE ( 'NONE', #1049, #1384, #4466, .T. ) ;
#733 = CARTESIAN_POINT ( 'NONE',  ( -2.212226066844385386, 0.1922145200638937790, 0.6099999999999999867 ) ) ;
#734 = ORIENTED_EDGE ( 'NONE', *, *, #919, .F. ) ;
#735 = ORIENTED_EDGE ( 'NONE', *, *, #3291, .T. ) ;
#736 = DIRECTION ( 'NONE',  ( 1.000000000000000000, 0.000000000000000000, 0.000000000000000000 ) ) ;
#737 = AXIS2_PLACEMENT_3D ( 'NONE', #1520, #331, #3585 ) ;
#738 = CARTESIAN_POINT ( 'NONE',  ( -2.218792541221743519, 0.3175103152147410457, 1.109999999999999876 ) ) ;
#739 = EDGE_CURVE ( 'NONE', #429, #4425, #3725, .T. ) ;
#740 = DIRECTION ( 'NONE',  ( -0.9986295347545741663, 0.05233595624293842924, -0.000000000000000000 ) ) ;
#741 = EDGE_CURVE ( 'NONE', #4094, #1604, #2841, .T. ) ;
#742 = ORIENTED_EDGE ( 'NONE', *, *, #4249, .T. ) ;
#743 = DIRECTION ( 'NONE',  ( -0.2079116908177527367, -0.9781476007338070211, 0.000000000000000000 ) ) ;
#744 = VERTEX_POINT ( 'NONE', #4550 ) ;
#745 = CIRCLE ( 'NONE', #3533, 0.008798472641297159363 ) ;
#746 = VECTOR ( 'NONE', #4450, 1000.000000000000000 ) ;
#747 = CIRCLE ( 'NONE', #329, 0.1254677443338788057 ) ;
#748 = LINE ( 'NONE', #3930, #3870 ) ;
#749 = ORIENTED_EDGE ( 'NONE', *, *, #837, .T. ) ;
#750 = FACE_OUTER_BOUND ( 'NONE', #3648, .T. ) ;
#751 = AXIS2_PLACEMENT_3D ( 'NONE', #2991, #532, #2965 ) ;
#752 = LINE ( 'NONE', #5278, #481 ) ;
#753 = LINE ( 'NONE', #2323, #4516 ) ;
#754 = ORIENTED_EDGE ( 'NONE', *, *, #4180, .F. ) ;
#755 = DIRECTION ( 'NONE',  ( 0.000000000000000000, -1.000000000000000000, 0.000000000000000000 ) ) ;
#756 = EDGE_CURVE ( 'NONE', #766, #2497, #2892, .T. ) ;
#757 = AXIS2_PLACEMENT_3D ( 'NONE', #3531, #2650, #1521 ) ;
#758 = EDGE_LOOP ( 'NONE', ( #4285, #4408, #1805, #2543 ) ) ;
#759 = DIRECTION ( 'NONE',  ( 0.000000000000000000, 1.000000000000000000, 0.000000000000000000 ) ) ;
#760 = ORIENTED_EDGE ( 'NONE', *, *, #2805, .T. ) ;
#761 = VERTEX_POINT ( 'NONE', #4057 ) ;
#762 = DIRECTION ( 'NONE',  ( 1.000000000000000000, 0.000000000000000000, 0.000000000000000000 ) ) ;
#763 = CARTESIAN_POINT ( 'NONE',  ( 1.415000000000000702, 0.2030000000000000138, 1.423798472641296886 ) ) ;
#764 = DIRECTION ( 'NONE',  ( 1.000000000000000000, 0.000000000000000000, 0.000000000000000000 ) ) ;
#765 = AXIS2_PLACEMENT_3D ( 'NONE', #2260, #3863, #1081 ) ;
#766 = VERTEX_POINT ( 'NONE', #4084 ) ;
#767 = DIRECTION ( 'NONE',  ( 0.000000000000000000, 0.000000000000000000, 1.000000000000000000 ) ) ;
#768 = LINE ( 'NONE', #398, #488 ) ;
#769 = ORIENTED_EDGE ( 'NONE', *, *, #1124, .T. ) ;
#770 = ADVANCED_FACE ( 'NONE', ( #914 ), #839, .F. ) ;
#771 = EDGE_CURVE ( 'NONE', #117, #1202, #4343, .T. ) ;
#772 = VECTOR ( 'NONE', #1156, 1000.000000000000000 ) ;
#773 = VECTOR ( 'NONE', #2422, 1000.000000000000114 ) ;
#774 = VECTOR ( 'NONE', #1269, 1000.000000000000000 ) ;
#775 = DIRECTION ( 'NONE',  ( -0.000000000000000000, -0.000000000000000000, -1.000000000000000000 ) ) ;
#776 = CARTESIAN_POINT ( 'NONE',  ( 1.753037081243900230, 0.4360322556661242466, -0.8900000000000000133 ) ) ;
#777 = ORIENTED_EDGE ( 'NONE', *, *, #2874, .T. ) ;
#778 = DIRECTION ( 'NONE',  ( -1.000000000000000000, -4.284756080633293834E-16, -0.000000000000000000 ) ) ;
#779 = EDGE_CURVE ( 'NONE', #2104, #2537, #461, .T. ) ;
#780 = DIRECTION ( 'NONE',  ( 1.000000000000000000, -0.000000000000000000, -0.000000000000000000 ) ) ;
#781 = SURFACE_SIDE_STYLE ('',( #2300 ) ) ;
#782 = CARTESIAN_POINT ( 'NONE',  ( -1.499999999999999556, 0.5615000000000029967, 1.414999999999999813 ) ) ;
#783 = ORIENTED_EDGE ( 'NONE', *, *, #4571, .F. ) ;
#784 = ORIENTED_EDGE ( 'NONE', *, *, #2429, .F. ) ;
#785 = LINE ( 'NONE', #5257, #3097 ) ;
#786 = CARTESIAN_POINT ( 'NONE',  ( -2.202805594720656845, 0.01246120380807877286, -0.8900000000000000133 ) ) ;
#787 = ORIENTED_EDGE ( 'NONE', *, *, #1061, .T. ) ;
#788 = ORIENTED_EDGE ( 'NONE', *, *, #2761, .T. ) ;
#789 = AXIS2_PLACEMENT_3D ( 'NONE', #4758, #5218, #2320 ) ;
#790 = CYLINDRICAL_SURFACE ( 'NONE', #3732, 0.1254677443338788057 ) ;
#791 = MANIFOLD_SOLID_BREP ( 'LPattern1[4]', #2345 ) ;
#792 = PLANE ( 'NONE',  #1994 ) ;
#793 = PLANE ( 'NONE',  #2708 ) ;
#794 = ORIENTED_EDGE ( 'NONE', *, *, #1927, .T. ) ;
#795 = LINE ( 'NONE', #5265, #3990 ) ;
#796 = EDGE_LOOP ( 'NONE', ( #3765, #2072, #3032, #4849 ) ) ;
#797 = CARTESIAN_POINT ( 'NONE',  ( 1.753037081243900230, 0.4360322556661242466, -0.6100000000000000977 ) ) ;
#798 = DIRECTION ( 'NONE',  ( -0.000000000000000000, -0.000000000000000000, -1.000000000000000000 ) ) ;
#799 = MANIFOLD_SOLID_BREP ( 'LPattern1[2]', #422 ) ;
#800 = EDGE_CURVE ( 'NONE', #4479, #114, #3269, .T. ) ;
#801 = EDGE_CURVE ( 'NONE', #2537, #1292, #128, .T. ) ;
#802 = ORIENTED_EDGE ( 'NONE', *, *, #2423, .T. ) ;
#803 = LINE ( 'NONE', #3610, #2735 ) ;
#804 = ORIENTED_EDGE ( 'NONE', *, *, #3487, .T. ) ;
#805 = ADVANCED_FACE ( 'NONE', ( #990 ), #2598, .T. ) ;
#806 = DIRECTION ( 'NONE',  ( -0.000000000000000000, -0.000000000000000000, -1.000000000000000000 ) ) ;
#807 = VERTEX_POINT ( 'NONE', #3425 ) ;
#808 = AXIS2_PLACEMENT_3D ( 'NONE', #874, #5018, #2556 ) ;
#809 = DIRECTION ( 'NONE',  ( -0.000000000000000000, -0.000000000000000000, -1.000000000000000000 ) ) ;
#810 = ORIENTED_EDGE ( 'NONE', *, *, #2157, .T. ) ;
#811 = EDGE_LOOP ( 'NONE', ( #1259, #2464, #3812, #307 ) ) ;
#812 = ORIENTED_EDGE ( 'NONE', *, *, #2214, .F. ) ;
#813 = FACE_OUTER_BOUND ( 'NONE', #3429, .T. ) ;
#814 = CARTESIAN_POINT ( 'NONE',  ( -1.414999999999999591, 0.5615000000000029967, 1.499999999999999778 ) ) ;
#815 = CARTESIAN_POINT ( 'NONE',  ( 1.499999999999999556, 0.7414999999999947189, -0.3900000000000000688 ) ) ;
#816 = ORIENTED_EDGE ( 'NONE', *, *, #2535, .T. ) ;
#817 = CARTESIAN_POINT ( 'NONE',  ( -1.920000000000000373, 0.2539999999999998925, -0.1100000000000000699 ) ) ;
#818 = ORIENTED_EDGE ( 'NONE', *, *, #3888, .F. ) ;
#819 = VECTOR ( 'NONE', #704, 1000.000000000000000 ) ;
#820 = EDGE_CURVE ( 'NONE', #19, #4946, #1952, .T. ) ;
#821 = CARTESIAN_POINT ( 'NONE',  ( -1.414999999999999591, 0.5615000000000029967, -1.500000000000000222 ) ) ;
#822 = AXIS2_PLACEMENT_3D ( 'NONE', #4435, #3530, #4763 ) ;
#823 = VECTOR ( 'NONE', #1933, 1000.000000000000000 ) ;
#824 = VERTEX_POINT ( 'NONE', #5107 ) ;
#825 = LINE ( 'NONE', #2810, #773 ) ;
#826 = CIRCLE ( 'NONE', #5182, 0.3054677443338708054 ) ;
#827 = AXIS2_PLACEMENT_3D ( 'NONE', #4410, #755, #4359 ) ;
#828 = ORIENTED_EDGE ( 'NONE', *, *, #3818, .F. ) ;
#829 = FILL_AREA_STYLE_COLOUR ( '', #3274 ) ;
#830 = DIRECTION ( 'NONE',  ( -0.000000000000000000, -0.000000000000000000, -1.000000000000000000 ) ) ;
#831 = ORIENTED_EDGE ( 'NONE', *, *, #2624, .T. ) ;
#832 = DIRECTION ( 'NONE',  ( -1.000000000000000000, 0.000000000000000000, 0.000000000000000000 ) ) ;
#833 = VECTOR ( 'NONE', #3646, 1000.000000000000114 ) ;
#834 = DIRECTION ( 'NONE',  ( -0.000000000000000000, -0.000000000000000000, -1.000000000000000000 ) ) ;
#835 = MANIFOLD_SOLID_BREP ( 'Boss-Extrude2', #4247 ) ;
#836 = ADVANCED_FACE ( 'NONE', ( #2676 ), #4645, .F. ) ;
#837 = EDGE_CURVE ( 'NONE', #1787, #962, #358, .T. ) ;
#838 = CIRCLE ( 'NONE', #4068, 0.3054677443338708054 ) ;
#839 = CYLINDRICAL_SURFACE ( 'NONE', #18, 0.1254677443338790277 ) ;
#840 = ORIENTED_EDGE ( 'NONE', *, *, #1763, .F. ) ;
#841 = ORIENTED_EDGE ( 'NONE', *, *, #1796, .T. ) ;
#842 = VERTEX_POINT ( 'NONE', #4732 ) ;
#843 = ADVANCED_FACE ( 'NONE', ( #722 ), #2298, .F. ) ;
#844 = CARTESIAN_POINT ( 'NONE',  ( -1.875763054333566382, 0.4621184665336710018, -0.8900000000000000133 ) ) ;
#845 = VECTOR ( 'NONE', #1861, 1000.000000000000114 ) ;
#846 = CARTESIAN_POINT ( 'NONE',  ( -2.096066568132076924, 0.2914241043471944015, 0.8899999999999999023 ) ) ;
#847 = EDGE_LOOP ( 'NONE', ( #3446, #1357, #2695, #1770 ) ) ;
#848 = DIRECTION ( 'NONE',  ( 0.000000000000000000, 0.000000000000000000, 1.000000000000000000 ) ) ;
#849 = ORIENTED_EDGE ( 'NONE', *, *, #3743, .T. ) ;
#850 = PLANE ( 'NONE',  #2483 ) ;
#851 = CARTESIAN_POINT ( 'NONE',  ( 2.450000000000000178, 0.1797533162558151154, 0.8899999999999999023 ) ) ;
#852 = EDGE_CURVE ( 'NONE', #3537, #308, #683, .T. ) ;
#853 = ORIENTED_EDGE ( 'NONE', *, *, #3974, .T. ) ;
#854 = DIRECTION ( 'NONE',  ( -0.000000000000000000, 1.000000000000000000, -0.000000000000000000 ) ) ;
#855 = MECHANICAL_DESIGN_GEOMETRIC_PRESENTATION_REPRESENTATION (  '', ( #2882 ), #1274 ) ;
#856 = ORIENTED_EDGE ( 'NONE', *, *, #5213, .T. ) ;
#857 = ORIENTED_EDGE ( 'NONE', *, *, #2198, .F. ) ;
#858 = FACE_OUTER_BOUND ( 'NONE', #1581, .T. ) ;
#859 = DIRECTION ( 'NONE',  ( 4.284756080633293341E-16, -1.000000000000000000, 0.000000000000000000 ) ) ;
#860 = CARTESIAN_POINT ( 'NONE',  ( -2.218792541221743519, 0.3175103152147410457, -0.3900000000000000688 ) ) ;
#861 = ORIENTED_EDGE ( 'NONE', *, *, #4555, .T. ) ;
#862 = ORIENTED_EDGE ( 'NONE', *, *, #1155, .T. ) ;
#863 = ADVANCED_FACE ( 'NONE', ( #4427 ), #2420, .F. ) ;
#864 = ORIENTED_EDGE ( 'NONE', *, *, #2305, .T. ) ;
#865 = EDGE_CURVE ( 'NONE', #4070, #4969, #2470, .T. ) ;
#866 = LINE ( 'NONE', #466, #309 ) ;
#867 = DIRECTION ( 'NONE',  ( 0.000000000000000000, 0.000000000000000000, 1.000000000000000000 ) ) ;
#868 = ORIENTED_EDGE ( 'NONE', *, *, #2534, .F. ) ;
#869 = DIRECTION ( 'NONE',  ( 0.2079116908177541800, -0.9781476007338066880, -0.000000000000000000 ) ) ;
#870 = EDGE_CURVE ( 'NONE', #4087, #1047, #4072, .T. ) ;
#871 = DIRECTION ( 'NONE',  ( 0.000000000000000000, 0.000000000000000000, 1.000000000000000000 ) ) ;
#872 = AXIS2_PLACEMENT_3D ( 'NONE', #405, #2013, #5275 ) ;
#873 = ORIENTED_EDGE ( 'NONE', *, *, #5021, .F. ) ;
#874 = CARTESIAN_POINT ( 'NONE',  ( 2.212226066844385386, 0.1922145200638938900, -0.3900000000000000688 ) ) ;
#875 = DIRECTION ( 'NONE',  ( 1.000000000000000000, 0.000000000000000000, 0.000000000000000000 ) ) ;
#876 = VERTEX_POINT ( 'NONE', #1165 ) ;
#877 = DIRECTION ( 'NONE',  ( -1.000000000000000000, 0.000000000000000000, 0.000000000000000000 ) ) ;
#878 = ORIENTED_EDGE ( 'NONE', *, *, #4808, .T. ) ;
#879 =( NAMED_UNIT ( * ) SI_UNIT ( $, .STERADIAN. ) SOLID_ANGLE_UNIT ( ) );
#880 = VERTEX_POINT ( 'NONE', #5268 ) ;
#881 = CARTESIAN_POINT ( 'NONE',  ( -2.450000000000000178, 0.1797533162558151154, -0.1100000000000000699 ) ) ;
#882 = DIRECTION ( 'NONE',  ( -0.000000000000000000, -0.000000000000000000, -1.000000000000000000 ) ) ;
#883 = EDGE_CURVE ( 'NONE', #2909, #4164, #3207, .T. ) ;
#884 = LINE ( 'NONE', #4863, #3042 ) ;
#885 = VERTEX_POINT ( 'NONE', #2807 ) ;
#886 = ORIENTED_EDGE ( 'NONE', *, *, #3028, .F. ) ;
#887 = ORIENTED_EDGE ( 'NONE', *, *, #2866, .F. ) ;
#888 = CIRCLE ( 'NONE', #5256, 0.1254677443338788057 ) ;
#889 = EDGE_CURVE ( 'NONE', #2913, #1148, #4850, .T. ) ;
#890 = ADVANCED_FACE ( 'NONE', ( #4041 ), #4877, .T. ) ;
#891 = DIRECTION ( 'NONE',  ( -0.000000000000000000, -0.000000000000000000, -1.000000000000000000 ) ) ;
#892 = LINE ( 'NONE', #2951, #4921 ) ;
#893 = VERTEX_POINT ( 'NONE', #402 ) ;
#894 = CARTESIAN_POINT ( 'NONE',  ( -1.499999999999999556, 0.5615000000000029967, 0.6099999999999999867 ) ) ;
#895 = CARTESIAN_POINT ( 'NONE',  ( 2.450000000000000178, 0.1797533162558151154, -0.8900000000000000133 ) ) ;
#896 = PLANE ( 'NONE',  #2783 ) ;
#897 = DIRECTION ( 'NONE',  ( -0.000000000000000000, -0.000000000000000000, -1.000000000000000000 ) ) ;
#898 = VERTEX_POINT ( 'NONE', #1584 ) ;
#899 = EDGE_CURVE ( 'NONE', #4961, #4111, #1191, .T. ) ;
#900 = CIRCLE ( 'NONE', #1335, 0.3054677443338705833 ) ;
#901 = EDGE_CURVE ( 'NONE', #1059, #3906, #2529, .T. ) ;
#902 = FACE_OUTER_BOUND ( 'NONE', #1824, .T. ) ;
#903 = DIRECTION ( 'NONE',  ( -0.000000000000000000, -0.000000000000000000, -1.000000000000000000 ) ) ;
#904 = EDGE_LOOP ( 'NONE', ( #3733, #4080, #4604, #2895, #3841, #2947, #5039, #259, #5061, #3704, #4281, #1558 ) ) ;
#905 = VECTOR ( 'NONE', #568, 1000.000000000000000 ) ;
#906 = VECTOR ( 'NONE', #5083, 1000.000000000000227 ) ;
#907 = VECTOR ( 'NONE', #1125, 1000.000000000000000 ) ;
#908 = EDGE_LOOP ( 'NONE', ( #5060, #318, #1679, #2046 ) ) ;
#909 = DIRECTION ( 'NONE',  ( 0.9781476007338070211, -0.2079116908177527367, 0.000000000000000000 ) ) ;
#910 = ORIENTED_EDGE ( 'NONE', *, *, #537, .F. ) ;
#911 = DIRECTION ( 'NONE',  ( -1.000000000000000000, -4.284756080633293834E-16, -0.000000000000000000 ) ) ;
#912 = CIRCLE ( 'NONE', #3873, 0.1254677443338790277 ) ;
#913 = COLOUR_RGB ( '',0.7921568627450980005, 0.8196078431372548767, 0.9333333333333333481 ) ;
#914 = FACE_OUTER_BOUND ( 'NONE', #518, .T. ) ;
#915 = EDGE_LOOP ( 'NONE', ( #5077, #463, #2920, #3609 ) ) ;
#916 = VECTOR ( 'NONE', #4889, 1000.000000000000000 ) ;
#917 = ORIENTED_EDGE ( 'NONE', *, *, #4064, .F. ) ;
#918 = VERTEX_POINT ( 'NONE', #2010 ) ;
#919 = EDGE_CURVE ( 'NONE', #1669, #705, #3637, .T. ) ;
#920 = VECTOR ( 'NONE', #1772, 1000.000000000000000 ) ;
#921 = DIRECTION ( 'NONE',  ( 0.000000000000000000, -1.000000000000000000, 0.000000000000000000 ) ) ;
#922 = CARTESIAN_POINT ( 'NONE',  ( 2.212226066844385386, 0.1922145200638938900, -1.110000000000000098 ) ) ;
#923 = ORIENTED_EDGE ( 'NONE', *, *, #3336, .F. ) ;
#924 = DIRECTION ( 'NONE',  ( 0.000000000000000000, 1.000000000000000000, 0.000000000000000000 ) ) ;
#925 = CARTESIAN_POINT ( 'NONE',  ( -2.440579527876271637, -7.231105290834467174E-20, -0.8900000000000000133 ) ) ;
#926 = CARTESIAN_POINT ( 'NONE',  ( 1.753037081243900230, 0.4360322556661242466, 0.1099999999999999589 ) ) ;
#927 = DIRECTION ( 'NONE',  ( -0.000000000000000000, -0.000000000000000000, -1.000000000000000000 ) ) ;
#928 = ORIENTED_EDGE ( 'NONE', *, *, #3156, .T. ) ;
#929 = VECTOR ( 'NONE', #1416, 1000.000000000000114 ) ;
#930 = CARTESIAN_POINT ( 'NONE',  ( 2.051829622465644043, 0.4995425708808653442, -0.6100000000000000977 ) ) ;
#931 = CARTESIAN_POINT ( 'NONE',  ( -1.920000000000000373, 0.2539999999999998925, 1.109999999999999876 ) ) ;
#932 = ORIENTED_EDGE ( 'NONE', *, *, #3749, .F. ) ;
#933 = EDGE_CURVE ( 'NONE', #2457, #1615, #3237, .T. ) ;
#934 = EDGE_CURVE ( 'NONE', #193, #4627, #3903, .T. ) ;
#935 = AXIS2_PLACEMENT_3D ( 'NONE', #2485, #1677, #1647 ) ;
#936 = ORIENTED_EDGE ( 'NONE', *, *, #901, .T. ) ;
#937 = CARTESIAN_POINT ( 'NONE',  ( -1.499999999999999556, 0.7414999999999947189, -0.8900000000000000133 ) ) ;
#938 = AXIS2_PLACEMENT_3D ( 'NONE', #4354, #1146, #4406 ) ;
#939 = ORIENTED_EDGE ( 'NONE', *, *, #941, .F. ) ;
#940 = DIRECTION ( 'NONE',  ( -1.000000000000000000, 0.000000000000000000, 0.000000000000000000 ) ) ;
#941 = EDGE_CURVE ( 'NONE', #3391, #5152, #5046, .T. ) ;
#942 =( LENGTH_UNIT ( ) NAMED_UNIT ( * ) SI_UNIT ( .MILLI., .METRE. ) );
#943 = EDGE_LOOP ( 'NONE', ( #4006, #5155, #4362, #4454 ) ) ;
#944 = AXIS2_PLACEMENT_3D ( 'NONE', #4881, #854, #1667 ) ;
#945 = CIRCLE ( 'NONE', #3909, 0.1250000000000003331 ) ;
#946 = PLANE ( 'NONE',  #2517 ) ;
#947 = VERTEX_POINT ( 'NONE', #4990 ) ;
#948 =( GEOMETRIC_REPRESENTATION_CONTEXT ( 3 ) GLOBAL_UNCERTAINTY_ASSIGNED_CONTEXT ( ( #659 ) ) GLOBAL_UNIT_ASSIGNED_CONTEXT ( ( #2279, #4767, #3403 ) ) REPRESENTATION_CONTEXT ( 'NONE', 'WORKASPACE' ) );
#949 = ADVANCED_FACE ( 'NONE', ( #2616 ), #5036, .T. ) ;
#950 = DIRECTION ( 'NONE',  ( -0.000000000000000000, -0.000000000000000000, -1.000000000000000000 ) ) ;
#951 = DIRECTION ( 'NONE',  ( 0.000000000000000000, 0.000000000000000000, -1.000000000000000000 ) ) ;
#952 = VERTEX_POINT ( 'NONE', #3788 ) ;
#953 = DIRECTION ( 'NONE',  ( 1.000000000000000000, 0.000000000000000000, 0.000000000000000000 ) ) ;
#954 = PLANE ( 'NONE',  #574 ) ;
#955 = DIRECTION ( 'NONE',  ( -0.000000000000000000, -0.000000000000000000, -1.000000000000000000 ) ) ;
#956 = CARTESIAN_POINT ( 'NONE',  ( 2.096066568132076924, 0.2914241043471944015, 0.1099999999999999589 ) ) ;
#957 = DIRECTION ( 'NONE',  ( 0.05233595624293843618, -0.9986295347545742773, 0.000000000000000000 ) ) ;
#958 = ORIENTED_EDGE ( 'NONE', *, *, #5221, .F. ) ;
#959 = VECTOR ( 'NONE', #4018, 1000.000000000000114 ) ;
#960 = EDGE_CURVE ( 'NONE', #3263, #263, #1008, .T. ) ;
#961 = DIRECTION ( 'NONE',  ( -0.2079116908177527367, 0.9781476007338070211, -0.000000000000000000 ) ) ;
#962 = VERTEX_POINT ( 'NONE', #5017 ) ;
#963 = CARTESIAN_POINT ( 'NONE',  ( 2.051829622465644043, 0.4995425708808653442, -0.3900000000000000688 ) ) ;
#964 = EDGE_CURVE ( 'NONE', #2829, #1059, #170, .T. ) ;
#965 = EDGE_LOOP ( 'NONE', ( #2118, #2509, #3727, #543 ) ) ;
#966 = CARTESIAN_POINT ( 'NONE',  ( -1.499999999999999556, 0.7414999999999947189, -1.110000000000000098 ) ) ;
#967 = EDGE_LOOP ( 'NONE', ( #136, #3402, #2035, #1196, #4023, #1366, #264, #1216, #2493, #2974, #4880, #2594 ) ) ;
#968 = EDGE_LOOP ( 'NONE', ( #2080, #1680, #828, #2656 ) ) ;
#969 = FILL_AREA_STYLE_COLOUR ( '', #913 ) ;
#970 = DIRECTION ( 'NONE',  ( -0.000000000000000000, -0.000000000000000000, -1.000000000000000000 ) ) ;
#971 = CARTESIAN_POINT ( 'NONE',  ( 2.212226066844385386, 0.1922145200638937790, 0.8899999999999999023 ) ) ;
#972 = ORIENTED_EDGE ( 'NONE', *, *, #5143, .T. ) ;
#973 = ORIENTED_EDGE ( 'NONE', *, *, #3128, .F. ) ;
#974 = DIRECTION ( 'NONE',  ( -0.000000000000000000, -0.000000000000000000, -1.000000000000000000 ) ) ;
#975 = CARTESIAN_POINT ( 'NONE',  ( -1.920000000000000373, 0.2539999999999998925, -1.110000000000000098 ) ) ;
#976 = PLANE ( 'NONE',  #4241 ) ;
#977 = AXIS2_PLACEMENT_3D ( 'NONE', #1768, #3763, #1270 ) ;
#978 = DIRECTION ( 'NONE',  ( -1.000000000000000000, 0.000000000000000000, 0.000000000000000000 ) ) ;
#979 = VECTOR ( 'NONE', #2504, 1000.000000000000000 ) ;
#980 = LINE ( 'NONE', #2582, #1163 ) ;
#981 = LINE ( 'NONE', #613, #1865 ) ;
#982 = FACE_OUTER_BOUND ( 'NONE', #4369, .T. ) ;
#983 = CARTESIAN_POINT ( 'NONE',  ( -1.414999999999999591, -4.242640687119283882, 1.499999999999999778 ) ) ;
#984 = ORIENTED_EDGE ( 'NONE', *, *, #1476, .T. ) ;
#985 = EDGE_CURVE ( 'NONE', #4991, #1198, #1767, .T. ) ;
#986 = EDGE_LOOP ( 'NONE', ( #3524, #4386, #3552, #1039 ) ) ;
#987 = CARTESIAN_POINT ( 'NONE',  ( -2.212226066844385386, 0.1922145200638938900, 1.109999999999999876 ) ) ;
#988 = VERTEX_POINT ( 'NONE', #3311 ) ;
#989 = CARTESIAN_POINT ( 'NONE',  ( 1.753037081243900230, 0.7414999999999948299, 0.1099999999999999589 ) ) ;
#990 = FACE_OUTER_BOUND ( 'NONE', #4727, .T. ) ;
#991 = ORIENTED_EDGE ( 'NONE', *, *, #1093, .F. ) ;
#992 = CARTESIAN_POINT ( 'NONE',  ( -1.753037081243900230, 0.4360322556661242466, -0.3900000000000000688 ) ) ;
#993 = CARTESIAN_POINT ( 'NONE',  ( 2.202805594720656845, 0.01246120380807877286, 0.1099999999999999589 ) ) ;
#994 = ORIENTED_EDGE ( 'NONE', *, *, #3133, .F. ) ;
#995 = AXIS2_PLACEMENT_3D ( 'NONE', #2644, #5023, #147 ) ;
#996 = ADVANCED_FACE ( 'NONE', ( #2190 ), #1403, .T. ) ;
#997 = EDGE_CURVE ( 'NONE', #1202, #53, #981, .T. ) ;
#998 = CIRCLE ( 'NONE', #4586, 0.3054677443338705833 ) ;
#999 = DIRECTION ( 'NONE',  ( 0.000000000000000000, 0.000000000000000000, 1.000000000000000000 ) ) ;
#1000 = DIRECTION ( 'NONE',  ( -1.000000000000000000, 0.000000000000000000, 0.000000000000000000 ) ) ;
#1001 = VERTEX_POINT ( 'NONE', #3740 ) ;
#1002 = CARTESIAN_POINT ( 'NONE',  ( -2.212226066844385386, 0.1922145200638938900, 0.3899999999999999578 ) ) ;
#1003 = CYLINDRICAL_SURFACE ( 'NONE', #107, 0.1250000000000003331 ) ;
#1004 = VECTOR ( 'NONE', #2169, 1000.000000000000000 ) ;
#1005 = EDGE_CURVE ( 'NONE', #324, #4031, #3711, .T. ) ;
#1006 = FACE_OUTER_BOUND ( 'NONE', #3124, .T. ) ;
#1007 = VECTOR ( 'NONE', #1410, 1000.000000000000000 ) ;
#1008 = LINE ( 'NONE', #3010, #4344 ) ;
#1009 = VERTEX_POINT ( 'NONE', #2907 ) ;
#1010 = LINE ( 'NONE', #3043, #667 ) ;
#1011 = ADVANCED_FACE ( 'NONE', ( #1715 ), #4967, .F. ) ;
#1012 = CIRCLE ( 'NONE', #2343, 0.1254677443338790277 ) ;
#1013 = DIRECTION ( 'NONE',  ( -0.2079116908177527367, -0.9781476007338070211, 0.000000000000000000 ) ) ;
#1014 = ORIENTED_EDGE ( 'NONE', *, *, #3943, .F. ) ;
#1015 = DIRECTION ( 'NONE',  ( 0.000000000000000000, 1.000000000000000000, 0.000000000000000000 ) ) ;
#1016 = CARTESIAN_POINT ( 'NONE',  ( 2.051829622465644043, 0.4995425708808653442, 1.109999999999999876 ) ) ;
#1017 = CIRCLE ( 'NONE', #2027, 0.3054677443338708054 ) ;
#1018 = DIRECTION ( 'NONE',  ( -0.9986295347545741663, 0.05233595624293842924, -0.000000000000000000 ) ) ;
#1019 = DIRECTION ( 'NONE',  ( -1.000000000000000000, 0.000000000000000000, 0.000000000000000000 ) ) ;
#1020 = CARTESIAN_POINT ( 'NONE',  ( -2.450000000000000178, 0.1797533162558151154, -0.3900000000000000688 ) ) ;
#1021 = EDGE_LOOP ( 'NONE', ( #3714, #1585, #316, #1028 ) ) ;
#1022 =( GEOMETRIC_REPRESENTATION_CONTEXT ( 3 ) GLOBAL_UNCERTAINTY_ASSIGNED_CONTEXT ( ( #4470 ) ) GLOBAL_UNIT_ASSIGNED_CONTEXT ( ( #1336, #2565, #4292 ) ) REPRESENTATION_CONTEXT ( 'NONE', 'WORKASPACE' ) );
#1023 = AXIS2_PLACEMENT_3D ( 'NONE', #4760, #4353, #3077 ) ;
#1024 = LINE ( 'NONE', #2205, #4743 ) ;
#1025 = EDGE_CURVE ( 'NONE', #1148, #3664, #196, .T. ) ;
#1026 = CARTESIAN_POINT ( 'NONE',  ( 1.753037081243900230, 0.7414999999999948299, -0.8900000000000000133 ) ) ;
#1027 = EDGE_CURVE ( 'NONE', #19, #114, #1792, .T. ) ;
#1028 = ORIENTED_EDGE ( 'NONE', *, *, #2182, .T. ) ;
#1029 = CARTESIAN_POINT ( 'NONE',  ( -2.051829622465644043, 0.4995425708808653442, 0.6099999999999999867 ) ) ;
#1030 = CARTESIAN_POINT ( 'NONE',  ( 1.499999999999999556, 0.5615000000000029967, 0.3899999999999999578 ) ) ;
#1031 = DIRECTION ( 'NONE',  ( -1.000000000000000000, 0.000000000000000000, 0.000000000000000000 ) ) ;
#1032 = LINE ( 'NONE', #1478, #5219 ) ;
#1033 = EDGE_CURVE ( 'NONE', #4246, #918, #2964, .T. ) ;
#1034 = CARTESIAN_POINT ( 'NONE',  ( 2.440579527876271637, -7.231105290834467174E-20, -1.110000000000000098 ) ) ;
#1035 = ORIENTED_EDGE ( 'NONE', *, *, #960, .T. ) ;
#1036 = CARTESIAN_POINT ( 'NONE',  ( -1.920000000000000373, 0.2540000000000000036, 0.1099999999999999589 ) ) ;
#1037 = ORIENTED_EDGE ( 'NONE', *, *, #2472, .T. ) ;
#1038 = FACE_OUTER_BOUND ( 'NONE', #212, .T. ) ;
#1039 = ORIENTED_EDGE ( 'NONE', *, *, #1450, .T. ) ;
#1040 = DIRECTION ( 'NONE',  ( -0.000000000000000000, -0.000000000000000000, -1.000000000000000000 ) ) ;
#1041 = CARTESIAN_POINT ( 'NONE',  ( -2.440579527876271637, -7.231105290834467174E-20, 0.1099999999999999589 ) ) ;
#1042 = LINE ( 'NONE', #4349, #1052 ) ;
#1043 =( NAMED_UNIT ( * ) PLANE_ANGLE_UNIT ( ) SI_UNIT ( $, .RADIAN. ) );
#1044 = CYLINDRICAL_SURFACE ( 'NONE', #1316, 0.1254677443338788057 ) ;
#1045 = LINE ( 'NONE', #3885, #5002 ) ;
#1046 = FACE_OUTER_BOUND ( 'NONE', #1884, .T. ) ;
#1047 = VERTEX_POINT ( 'NONE', #4563 ) ;
#1048 = DIRECTION ( 'NONE',  ( -0.000000000000000000, -0.000000000000000000, -1.000000000000000000 ) ) ;
#1049 = VERTEX_POINT ( 'NONE', #2136 ) ;
#1050 = ORIENTED_EDGE ( 'NONE', *, *, #2120, .T. ) ;
#1051 = SURFACE_STYLE_FILL_AREA ( #4770 ) ;
#1052 = VECTOR ( 'NONE', #2647, 1000.000000000000000 ) ;
#1053 = CARTESIAN_POINT ( 'NONE',  ( 2.450000000000000178, 0.1797533162558151154, 0.6099999999999999867 ) ) ;
#1054 = ADVANCED_FACE ( 'NONE', ( #902 ), #2935, .F. ) ;
#1055 = FACE_OUTER_BOUND ( 'NONE', #1633, .T. ) ;
#1056 = LINE ( 'NONE', #5127, #3310 ) ;
#1057 = CARTESIAN_POINT ( 'NONE',  ( -1.753037081243900230, 0.4360322556661242466, -0.1100000000000000699 ) ) ;
#1058 = VECTOR ( 'NONE', #2038, 1000.000000000000000 ) ;
#1059 = VERTEX_POINT ( 'NONE', #930 ) ;
#1060 = EDGE_CURVE ( 'NONE', #3130, #2193, #3565, .T. ) ;
#1061 = EDGE_CURVE ( 'NONE', #4087, #2829, #2959, .T. ) ;
#1062 = LINE ( 'NONE', #4699, #4324 ) ;
#1063 = AXIS2_PLACEMENT_3D ( 'NONE', #4938, #142, #875 ) ;
#1064 = CARTESIAN_POINT ( 'NONE',  ( 1.875763054333566382, 0.4621184665336710018, -0.8900000000000000133 ) ) ;
#1065 = ORIENTED_EDGE ( 'NONE', *, *, #35, .F. ) ;
#1066 = FACE_OUTER_BOUND ( 'NONE', #1263, .T. ) ;
#1067 = FACE_OUTER_BOUND ( 'NONE', #4971, .T. ) ;
#1068 = CARTESIAN_POINT ( 'NONE',  ( -1.499999999999999556, 0.7414999999999947189, 0.6099999999999999867 ) ) ;
#1069 = VECTOR ( 'NONE', #3387, 1000.000000000000114 ) ;
#1070 = CARTESIAN_POINT ( 'NONE',  ( 2.051829622465644043, 0.4995425708808653442, 1.109999999999999876 ) ) ;
#1071 = DIRECTION ( 'NONE',  ( 1.000000000000000000, 4.284756080633293341E-16, 0.000000000000000000 ) ) ;
#1072 = LINE ( 'NONE', #2973, #905 ) ;
#1073 = ORIENTED_EDGE ( 'NONE', *, *, #4862, .T. ) ;
#1074 = AXIS2_PLACEMENT_3D ( 'NONE', #3083, #1785, #648 ) ;
#1075 = VECTOR ( 'NONE', #2912, 1000.000000000000000 ) ;
#1076 = AXIS2_PLACEMENT_3D ( 'NONE', #4338, #268, #3411 ) ;
#1077 = ORIENTED_EDGE ( 'NONE', *, *, #1493, .T. ) ;
#1078 = EDGE_CURVE ( 'NONE', #464, #1989, #1363, .T. ) ;
#1079 = ORIENTED_EDGE ( 'NONE', *, *, #4419, .F. ) ;
#1080 = LINE ( 'NONE', #3006, #2910 ) ;
#1081 = DIRECTION ( 'NONE',  ( -0.05233595624293888721, -0.9986295347545741663, 0.000000000000000000 ) ) ;
#1082 = CIRCLE ( 'NONE', #5005, 0.08499999999999978406 ) ;
#1083 = AXIS2_PLACEMENT_3D ( 'NONE', #1620, #2891, #108 ) ;
#1084 = CARTESIAN_POINT ( 'NONE',  ( -1.499999999999999556, 0.7414999999999947189, -0.8900000000000000133 ) ) ;
#1085 = CARTESIAN_POINT ( 'NONE',  ( 1.920000000000000373, 0.2539999999999985048, -0.1100000000000000699 ) ) ;
#1086 = AXIS2_PLACEMENT_3D ( 'NONE', #3678, #1656, #2879 ) ;
#1087 = UNCERTAINTY_MEASURE_WITH_UNIT (LENGTH_MEASURE( 1.000000000000000082E-05 ), #2026, 'distance_accuracy_value', 'NONE');
#1088 = CARTESIAN_POINT ( 'NONE',  ( 2.212226066844385386, 0.1922145200638938900, -0.8900000000000000133 ) ) ;
#1089 = VERTEX_POINT ( 'NONE', #1429 ) ;
#1090 = VECTOR ( 'NONE', #4319, 1000.000000000000000 ) ;
#1091 = CARTESIAN_POINT ( 'NONE',  ( -1.875763054333566382, 0.4621184665336710018, 0.8899999999999999023 ) ) ;
#1092 = EDGE_CURVE ( 'NONE', #4031, #1665, #1056, .T. ) ;
#1093 = EDGE_CURVE ( 'NONE', #4902, #594, #3121, .T. ) ;
#1094 = DIRECTION ( 'NONE',  ( -1.000000000000000000, 0.000000000000000000, 0.000000000000000000 ) ) ;
#1095 = EDGE_LOOP ( 'NONE', ( #2881, #4874, #2480, #4461 ) ) ;
#1096 = CLOSED_SHELL ( 'NONE', ( #2075, #4387, #4680, #3843, #3392, #3713, #2868, #4951, #4893, #4088, #3178, #5144, #290, #1820 ) ) ;
#1097 = EDGE_CURVE ( 'NONE', #3084, #2651, #3866, .T. ) ;
#1098 = CARTESIAN_POINT ( 'NONE',  ( -2.051829622465644043, 0.4995425708808653442, -1.110000000000000098 ) ) ;
#1099 = FILL_AREA_STYLE_COLOUR ( '', #4310 ) ;
#1100 = PLANE ( 'NONE',  #757 ) ;
#1101 = ORIENTED_EDGE ( 'NONE', *, *, #2033, .T. ) ;
#1102 = DIRECTION ( 'NONE',  ( -0.000000000000000000, -1.000000000000000000, -0.000000000000000000 ) ) ;
#1103 = FACE_OUTER_BOUND ( 'NONE', #4172, .T. ) ;
#1104 = LINE ( 'NONE', #4737, #1573 ) ;
#1105 = AXIS2_PLACEMENT_3D ( 'NONE', #3382, #2614, #4146 ) ;
#1106 = LINE ( 'NONE', #4029, #465 ) ;
#1107 = ORIENTED_EDGE ( 'NONE', *, *, #4571, .T. ) ;
#1108 = ORIENTED_EDGE ( 'NONE', *, *, #4372, .T. ) ;
#1109 = DIRECTION ( 'NONE',  ( 1.000000000000000000, 0.000000000000000000, 0.000000000000000000 ) ) ;
#1110 = CARTESIAN_POINT ( 'NONE',  ( 1.753037081243900230, 0.5615000000000029967, 0.8899999999999999023 ) ) ;
#1111 = CARTESIAN_POINT ( 'NONE',  ( 2.450000000000000178, 0.1797533162558151154, -0.3900000000000000688 ) ) ;
#1112 = CARTESIAN_POINT ( 'NONE',  ( 2.051829622465644043, 0.4995425708808653442, 0.3899999999999999578 ) ) ;
#1113 = AXIS2_PLACEMENT_3D ( 'NONE', #315, #3542, #685 ) ;
#1114 = FACE_OUTER_BOUND ( 'NONE', #1758, .T. ) ;
#1115 = VERTEX_POINT ( 'NONE', #2743 ) ;
#1116 = STYLED_ITEM ( 'NONE', ( #1130 ), #4340 ) ;
#1117 = AXIS2_PLACEMENT_3D ( 'NONE', #4989, #3709, #553 ) ;
#1118 = DIRECTION ( 'NONE',  ( -0.9781476007338064660, 0.2079116908177556511, 0.000000000000000000 ) ) ;
#1119 = LINE ( 'NONE', #2341, #4751 ) ;
#1120 = ORIENTED_EDGE ( 'NONE', *, *, #2396, .F. ) ;
#1121 = DIRECTION ( 'NONE',  ( -0.000000000000000000, -0.000000000000000000, -1.000000000000000000 ) ) ;
#1122 = CARTESIAN_POINT ( 'NONE',  ( 2.440579527876271637, -7.231105290834467174E-20, 0.6099999999999999867 ) ) ;
#1123 = EDGE_CURVE ( 'NONE', #2540, #3062, #1923, .T. ) ;
#1124 = EDGE_CURVE ( 'NONE', #2381, #1971, #244, .T. ) ;
#1125 = DIRECTION ( 'NONE',  ( 0.000000000000000000, 1.000000000000000000, 0.000000000000000000 ) ) ;
#1126 = PLANE ( 'NONE',  #938 ) ;
#1127 = CARTESIAN_POINT ( 'NONE',  ( 2.202805594720656845, 0.01246120380807877286, -0.1100000000000000699 ) ) ;
#1128 = CARTESIAN_POINT ( 'NONE',  ( -2.202805594720656845, 0.01246120380807877286, -0.8900000000000000133 ) ) ;
#1129 = ORIENTED_EDGE ( 'NONE', *, *, #1763, .T. ) ;
#1130 = PRESENTATION_STYLE_ASSIGNMENT (( #729 ) ) ;
#1131 = ADVANCED_FACE ( 'NONE', ( #4306 ), #1506, .T. ) ;
#1132 = LINE ( 'NONE', #2201, #3436 ) ;
#1133 = ORIENTED_EDGE ( 'NONE', *, *, #4564, .F. ) ;
#1134 = ORIENTED_EDGE ( 'NONE', *, *, #2229, .T. ) ;
#1135 = CARTESIAN_POINT ( 'NONE',  ( -1.753037081243900230, 0.4360322556661242466, -1.110000000000000098 ) ) ;
#1136 = DIRECTION ( 'NONE',  ( 0.000000000000000000, 0.000000000000000000, 1.000000000000000000 ) ) ;
#1137 = DIRECTION ( 'NONE',  ( -0.000000000000000000, -0.000000000000000000, -1.000000000000000000 ) ) ;
#1138 = CARTESIAN_POINT ( 'NONE',  ( -1.753037081243900230, 0.5615000000000029967, -0.3900000000000000688 ) ) ;
#1139 = DIRECTION ( 'NONE',  ( 0.2079116908177569001, -0.9781476007338061329, 0.000000000000000000 ) ) ;
#1140 = VERTEX_POINT ( 'NONE', #1085 ) ;
#1141 = CARTESIAN_POINT ( 'NONE',  ( 1.499999999999999556, 0.5615000000000029967, -0.3900000000000000688 ) ) ;
#1142 = LINE ( 'NONE', #5157, #3700 ) ;
#1143 = ORIENTED_EDGE ( 'NONE', *, *, #702, .F. ) ;
#1144 = DIRECTION ( 'NONE',  ( -1.000000000000000000, 0.000000000000000000, 0.000000000000000000 ) ) ;
#1145 = CARTESIAN_POINT ( 'NONE',  ( 1.753037081243900230, 0.5615000000000029967, -1.110000000000000098 ) ) ;
#1146 = DIRECTION ( 'NONE',  ( 0.000000000000000000, 1.000000000000000000, 0.000000000000000000 ) ) ;
#1147 = CARTESIAN_POINT ( 'NONE',  ( 1.753037081243900230, 0.5615000000000029967, 1.109999999999999876 ) ) ;
#1148 = VERTEX_POINT ( 'NONE', #2693 ) ;
#1149 = CARTESIAN_POINT ( 'NONE',  ( 2.051829622465644043, 0.4995425708808653442, -0.8900000000000000133 ) ) ;
#1150 = VERTEX_POINT ( 'NONE', #2263 ) ;
#1151 = VERTEX_POINT ( 'NONE', #1455 ) ;
#1152 = EDGE_CURVE ( 'NONE', #4125, #59, #1032, .T. ) ;
#1153 = VERTEX_POINT ( 'NONE', #4775 ) ;
#1154 = AXIS2_PLACEMENT_3D ( 'NONE', #4678, #5140, #622 ) ;
#1155 = EDGE_CURVE ( 'NONE', #5198, #3568, #632, .T. ) ;
#1156 = DIRECTION ( 'NONE',  ( -0.000000000000000000, -0.000000000000000000, -1.000000000000000000 ) ) ;
#1157 = AXIS2_PLACEMENT_3D ( 'NONE', #5159, #719, #3554 ) ;
#1158 = CARTESIAN_POINT ( 'NONE',  ( -1.875763054333566382, 0.4621184665336710018, 1.109999999999999876 ) ) ;
#1159 = EDGE_LOOP ( 'NONE', ( #4927, #4098, #939, #24 ) ) ;
#1160 = LINE ( 'NONE', #2774, #671 ) ;
#1161 = ORIENTED_EDGE ( 'NONE', *, *, #1183, .F. ) ;
#1162 = VECTOR ( 'NONE', #4702, 1000.000000000000000 ) ;
#1163 = VECTOR ( 'NONE', #1976, 1000.000000000000114 ) ;
#1164 = AXIS2_PLACEMENT_3D ( 'NONE', #5020, #3415, #202 ) ;
#1165 = CARTESIAN_POINT ( 'NONE',  ( 1.753037081243900230, 0.7414999999999948299, 0.8899999999999999023 ) ) ;
#1166 = DIRECTION ( 'NONE',  ( 0.000000000000000000, 0.000000000000000000, 1.000000000000000000 ) ) ;
#1167 = CARTESIAN_POINT ( 'NONE',  ( -2.212226066844385386, 0.1922145200638937790, 0.3899999999999999578 ) ) ;
#1168 = ORIENTED_EDGE ( 'NONE', *, *, #1635, .T. ) ;
#1169 = LINE ( 'NONE', #2782, #4883 ) ;
#1170 = VECTOR ( 'NONE', #2135, 1000.000000000000000 ) ;
#1171 = PRODUCT_RELATED_PRODUCT_CATEGORY ( 'part', '', ( #1289 ) ) ;
#1172 = FACE_OUTER_BOUND ( 'NONE', #4, .T. ) ;
#1173 = FILL_AREA_STYLE_COLOUR ( '', #4653 ) ;
#1174 = DIRECTION ( 'NONE',  ( 0.000000000000000000, 1.000000000000000000, 0.000000000000000000 ) ) ;
#1175 = ORIENTED_EDGE ( 'NONE', *, *, #313, .T. ) ;
#1176 = VECTOR ( 'NONE', #1441, 1000.000000000000114 ) ;
#1177 = ORIENTED_EDGE ( 'NONE', *, *, #2722, .T. ) ;
#1178 = DIRECTION ( 'NONE',  ( -0.000000000000000000, -0.000000000000000000, -1.000000000000000000 ) ) ;
#1179 = ORIENTED_EDGE ( 'NONE', *, *, #3323, .F. ) ;
#1180 = EDGE_LOOP ( 'NONE', ( #373, #4116, #1258, #2032 ) ) ;
#1181 = AXIS2_PLACEMENT_3D ( 'NONE', #1657, #4477, #2083 ) ;
#1182 = CARTESIAN_POINT ( 'NONE',  ( -1.414999999999999591, 0.7414999999999947189, -1.500000000000000222 ) ) ;
#1183 = EDGE_CURVE ( 'NONE', #112, #5065, #1533, .T. ) ;
#1184 = EDGE_CURVE ( 'NONE', #5152, #675, #5205, .T. ) ;
#1185 = DIRECTION ( 'NONE',  ( 1.000000000000000000, 0.000000000000000000, 0.000000000000000000 ) ) ;
#1186 = CARTESIAN_POINT ( 'NONE',  ( -2.440579527876271637, -7.231105290834467174E-20, -0.3900000000000000688 ) ) ;
#1187 = VECTOR ( 'NONE', #1489, 1000.000000000000114 ) ;
#1188 = ORIENTED_EDGE ( 'NONE', *, *, #2990, .F. ) ;
#1189 = CARTESIAN_POINT ( 'NONE',  ( 2.051829622465644043, 0.4995425708808653442, -0.1100000000000000699 ) ) ;
#1190 = ORIENTED_EDGE ( 'NONE', *, *, #1452, .T. ) ;
#1191 = CIRCLE ( 'NONE', #4168, 0.1254677443338788057 ) ;
#1192 = AXIS2_PLACEMENT_3D ( 'NONE', #3105, #3134, #1882 ) ;
#1193 = EDGE_CURVE ( 'NONE', #1380, #4838, #5095, .T. ) ;
#1194 = VECTOR ( 'NONE', #4009, 1000.000000000000114 ) ;
#1195 = CARTESIAN_POINT ( 'NONE',  ( 1.753037081243900230, 0.4360322556661242466, -0.6100000000000000977 ) ) ;
#1196 = ORIENTED_EDGE ( 'NONE', *, *, #2107, .F. ) ;
#1197 = CARTESIAN_POINT ( 'NONE',  ( -2.440579527876271637, -7.231105290834467174E-20, 0.6099999999999999867 ) ) ;
#1198 = VERTEX_POINT ( 'NONE', #2212 ) ;
#1199 = CARTESIAN_POINT ( 'NONE',  ( -1.499999999999999556, 0.7414999999999947189, -0.3900000000000000688 ) ) ;
#1200 = VERTEX_POINT ( 'NONE', #2639 ) ;
#1201 = SURFACE_SIDE_STYLE ('',( #3721 ) ) ;
#1202 = VERTEX_POINT ( 'NONE', #1846 ) ;
#1203 = LINE ( 'NONE', #2815, #4504 ) ;
#1204 = DIRECTION ( 'NONE',  ( -0.000000000000000000, -0.000000000000000000, -1.000000000000000000 ) ) ;
#1205 = PLANE ( 'NONE',  #2875 ) ;
#1206 = EDGE_LOOP ( 'NONE', ( #3190, #1492, #4884, #4482 ) ) ;
#1207 = ORIENTED_EDGE ( 'NONE', *, *, #4682, .F. ) ;
#1208 = EDGE_LOOP ( 'NONE', ( #5118, #4931 ) ) ;
#1209 = EDGE_CURVE ( 'NONE', #1648, #1151, #4367, .T. ) ;
#1210 = AXIS2_PLACEMENT_3D ( 'NONE', #4484, #3687, #4911 ) ;
#1211 = CARTESIAN_POINT ( 'NONE',  ( -2.051829622465644043, 0.4995425708808653442, 0.6099999999999999867 ) ) ;
#1212 = DIRECTION ( 'NONE',  ( 1.000000000000000000, 0.000000000000000000, -0.000000000000000000 ) ) ;
#1213 = CARTESIAN_POINT ( 'NONE',  ( -1.753037081243900230, 0.5615000000000029967, -1.110000000000000098 ) ) ;
#1214 = VERTEX_POINT ( 'NONE', #269 ) ;
#1215 = CARTESIAN_POINT ( 'NONE',  ( -1.920000000000000373, 0.2539999999999998925, 0.6099999999999999867 ) ) ;
#1216 = ORIENTED_EDGE ( 'NONE', *, *, #4544, .F. ) ;
#1217 = CYLINDRICAL_SURFACE ( 'NONE', #4731, 0.3054677443338703613 ) ;
#1218 = ORIENTED_EDGE ( 'NONE', *, *, #3036, .T. ) ;
#1219 = ADVANCED_FACE ( 'NONE', ( #711 ), #3464, .F. ) ;
#1220 = ADVANCED_FACE ( 'NONE', ( #3490 ), #4393, .F. ) ;
#1221 = CARTESIAN_POINT ( 'NONE',  ( -1.875763054333566382, 0.4621184665336710018, 1.109999999999999876 ) ) ;
#1222 = ORIENTED_EDGE ( 'NONE', *, *, #354, .T. ) ;
#1223 = FACE_OUTER_BOUND ( 'NONE', #1272, .T. ) ;
#1224 = DIRECTION ( 'NONE',  ( -1.000000000000000000, 0.000000000000000000, 0.000000000000000000 ) ) ;
#1225 = ORIENTED_EDGE ( 'NONE', *, *, #4496, .T. ) ;
#1226 = DIRECTION ( 'NONE',  ( -0.000000000000000000, -0.000000000000000000, -1.000000000000000000 ) ) ;
#1227 = CARTESIAN_POINT ( 'NONE',  ( 1.753037081243900230, 0.4360322556661242466, 0.1099999999999999589 ) ) ;
#1228 = ADVANCED_FACE ( 'NONE', ( #1815 ), #3438, .T. ) ;
#1229 = AXIS2_PLACEMENT_3D ( 'NONE', #653, #265, #1869 ) ;
#1230 = CARTESIAN_POINT ( 'NONE',  ( -1.499999999999999556, 0.7414999999999947189, 0.1099999999999999589 ) ) ;
#1231 = ORIENTED_EDGE ( 'NONE', *, *, #2371, .F. ) ;
#1232 = PRESENTATION_LAYER_ASSIGNMENT (  '', '', ( #3510 ) ) ;
#1233 = EDGE_LOOP ( 'NONE', ( #4158, #4527, #1242, #2520 ) ) ;
#1234 = ORIENTED_EDGE ( 'NONE', *, *, #3336, .T. ) ;
#1235 = DIRECTION ( 'NONE',  ( 0.000000000000000000, 0.000000000000000000, 1.000000000000000000 ) ) ;
#1236 = ADVANCED_FACE ( 'NONE', ( #4066 ), #4475, .F. ) ;
#1237 = CARTESIAN_POINT ( 'NONE',  ( 1.415000000000000702, 0.7414999999999947189, 1.414999999999999813 ) ) ;
#1238 = CIRCLE ( 'NONE', #4910, 0.3054677443338708054 ) ;
#1239 = CARTESIAN_POINT ( 'NONE',  ( -1.875763054333566382, 0.4621184665336710018, 0.6099999999999999867 ) ) ;
#1240 = EDGE_LOOP ( 'NONE', ( #2544, #2414, #2557, #2450 ) ) ;
#1241 = LINE ( 'NONE', #1215, #2698 ) ;
#1242 = ORIENTED_EDGE ( 'NONE', *, *, #4620, .F. ) ;
#1243 = CARTESIAN_POINT ( 'NONE',  ( 1.875763054333566382, 0.4621184665336710018, -0.8900000000000000133 ) ) ;
#1244 = ORIENTED_EDGE ( 'NONE', *, *, #1796, .F. ) ;
#1245 = CARTESIAN_POINT ( 'NONE',  ( 1.753037081243900230, 0.5615000000000029967, -0.8900000000000000133 ) ) ;
#1246 = AXIS2_PLACEMENT_3D ( 'NONE', #250, #4993, #2141 ) ;
#1247 = EDGE_CURVE ( 'NONE', #292, #4135, #344, .T. ) ;
#1248 = EDGE_CURVE ( 'NONE', #1724, #1787, #4870, .T. ) ;
#1249 = VERTEX_POINT ( 'NONE', #815 ) ;
#1250 = SURFACE_STYLE_USAGE ( .BOTH. , #4459 ) ;
#1251 = DIRECTION ( 'NONE',  ( 0.000000000000000000, -1.000000000000000000, 0.000000000000000000 ) ) ;
#1252 = EDGE_LOOP ( 'NONE', ( #3927, #2452, #462, #2850 ) ) ;
#1253 = DIRECTION ( 'NONE',  ( 0.000000000000000000, 0.000000000000000000, 1.000000000000000000 ) ) ;
#1254 = AXIS2_PLACEMENT_3D ( 'NONE', #2595, #666, #4205 ) ;
#1255 = EDGE_CURVE ( 'NONE', #226, #2068, #5263, .T. ) ;
#1256 = CARTESIAN_POINT ( 'NONE',  ( 1.500000000000000444, 0.7414999999999947189, -1.415000000000000258 ) ) ;
#1257 = ORIENTED_EDGE ( 'NONE', *, *, #3618, .T. ) ;
#1258 = ORIENTED_EDGE ( 'NONE', *, *, #3754, .F. ) ;
#1259 = ORIENTED_EDGE ( 'NONE', *, *, #1381, .T. ) ;
#1260 = CARTESIAN_POINT ( 'NONE',  ( -1.499999999999999556, 0.5615000000000029967, -0.3900000000000000688 ) ) ;
#1261 = VECTOR ( 'NONE', #4679, 1000.000000000000000 ) ;
#1262 = DIRECTION ( 'NONE',  ( 0.9986295347545741663, 0.05233595624293888721, -0.000000000000000000 ) ) ;
#1263 = EDGE_LOOP ( 'NONE', ( #3626, #4119, #3045, #3331 ) ) ;
#1264 = PLANE ( 'NONE',  #1981 ) ;
#1265 = CARTESIAN_POINT ( 'NONE',  ( 1.415000000000000702, -4.242640687119283882, 1.499999999999999778 ) ) ;
#1266 = ORIENTED_EDGE ( 'NONE', *, *, #1603, .T. ) ;
#1267 = CIRCLE ( 'NONE', #4162, 0.3054677443338708054 ) ;
#1268 = PRESENTATION_LAYER_ASSIGNMENT (  '', '', ( #4532 ) ) ;
#1269 = DIRECTION ( 'NONE',  ( -0.000000000000000000, -0.000000000000000000, -1.000000000000000000 ) ) ;
#1270 = DIRECTION ( 'NONE',  ( 0.000000000000000000, 0.000000000000000000, 1.000000000000000000 ) ) ;
#1271 = VECTOR ( 'NONE', #2071, 1000.000000000000000 ) ;
#1272 = EDGE_LOOP ( 'NONE', ( #435, #4060, #3173, #4003 ) ) ;
#1273 = CARTESIAN_POINT ( 'NONE',  ( -2.440579527876271637, -7.231105290834467174E-20, -0.6100000000000000977 ) ) ;
#1274 =( GEOMETRIC_REPRESENTATION_CONTEXT ( 3 ) GLOBAL_UNCERTAINTY_ASSIGNED_CONTEXT ( ( #418 ) ) GLOBAL_UNIT_ASSIGNED_CONTEXT ( ( #942, #1361, #1802 ) ) REPRESENTATION_CONTEXT ( 'NONE', 'WORKASPACE' ) );
#1275 = PLANE ( 'NONE',  #5100 ) ;
#1276 =( LENGTH_UNIT ( ) NAMED_UNIT ( * ) SI_UNIT ( .MILLI., .METRE. ) );
#1277 = VERTEX_POINT ( 'NONE', #1213 ) ;
#1278 = DIRECTION ( 'NONE',  ( 0.000000000000000000, 0.000000000000000000, 1.000000000000000000 ) ) ;
#1279 = VECTOR ( 'NONE', #1873, 1000.000000000000000 ) ;
#1280 = LINE ( 'NONE', #74, #321 ) ;
#1281 = EDGE_CURVE ( 'NONE', #4331, #3537, #3201, .T. ) ;
#1282 = FACE_OUTER_BOUND ( 'NONE', #3313, .T. ) ;
#1283 = DIRECTION ( 'NONE',  ( -0.000000000000000000, -0.000000000000000000, -1.000000000000000000 ) ) ;
#1284 = ORIENTED_EDGE ( 'NONE', *, *, #2722, .F. ) ;
#1285 = VERTEX_POINT ( 'NONE', #1954 ) ;
#1286 = ORIENTED_EDGE ( 'NONE', *, *, #3718, .T. ) ;
#1287 = EDGE_CURVE ( 'NONE', #308, #1200, #2824, .T. ) ;
#1288 = EDGE_CURVE ( 'NONE', #443, #2005, #58, .T. ) ;
#1289 = PRODUCT ( 'LT6551CMS', 'LT6551CMS', '', ( #601 ) ) ;
#1290 = CYLINDRICAL_SURFACE ( 'NONE', #4304, 0.3054677443338708054 ) ;
#1291 = LINE ( 'NONE', #3349, #2090 ) ;
#1292 = VERTEX_POINT ( 'NONE', #2413 ) ;
#1293 = DIRECTION ( 'NONE',  ( -1.000000000000000000, 0.000000000000000000, 0.000000000000000000 ) ) ;
#1294 = CARTESIAN_POINT ( 'NONE',  ( 1.499999999999999556, 0.5615000000000029967, -0.1100000000000000699 ) ) ;
#1295 = CARTESIAN_POINT ( 'NONE',  ( 2.051829622465644043, 0.4995425708808653442, 0.6099999999999999867 ) ) ;
#1296 = DIRECTION ( 'NONE',  ( -0.05233595624293888721, 0.9986295347545741663, 0.000000000000000000 ) ) ;
#1297 = ORIENTED_EDGE ( 'NONE', *, *, #4842, .T. ) ;
#1298 = DIRECTION ( 'NONE',  ( 0.000000000000000000, 1.000000000000000000, 0.000000000000000000 ) ) ;
#1299 = FACE_OUTER_BOUND ( 'NONE', #1590, .T. ) ;
#1300 = ORIENTED_EDGE ( 'NONE', *, *, #3212, .T. ) ;
#1301 = VERTEX_POINT ( 'NONE', #395 ) ;
#1302 = ORIENTED_EDGE ( 'NONE', *, *, #4181, .F. ) ;
#1303 = LINE ( 'NONE', #881, #1511 ) ;
#1304 = DIRECTION ( 'NONE',  ( -0.000000000000000000, -0.000000000000000000, -1.000000000000000000 ) ) ;
#1305 = CIRCLE ( 'NONE', #714, 0.3054677443338703613 ) ;
#1306 = DIRECTION ( 'NONE',  ( 1.000000000000000000, -4.284756080633293341E-16, 0.000000000000000000 ) ) ;
#1307 = EDGE_LOOP ( 'NONE', ( #1643, #2318, #2825, #2348, #1370, #1654, #3507, #209, #1980, #2065, #3093, #2122 ) ) ;
#1308 = CIRCLE ( 'NONE', #4202, 0.3054677443338703613 ) ;
#1309 = EDGE_LOOP ( 'NONE', ( #233, #1617, #3937, #5266 ) ) ;
#1310 = ORIENTED_EDGE ( 'NONE', *, *, #2690, .F. ) ;
#1311 = AXIS2_PLACEMENT_3D ( 'NONE', #3433, #3509, #1501 ) ;
#1312 = CARTESIAN_POINT ( 'NONE',  ( -2.096066568132076924, 0.2914241043471944015, 1.109999999999999876 ) ) ;
#1313 = EDGE_CURVE ( 'NONE', #3055, #4382, #945, .T. ) ;
#1314 = FACE_OUTER_BOUND ( 'NONE', #1876, .T. ) ;
#1315 = EDGE_CURVE ( 'NONE', #3365, #1470, #1630, .T. ) ;
#1316 = AXIS2_PLACEMENT_3D ( 'NONE', #230, #2648, #2724 ) ;
#1317 = EDGE_LOOP ( 'NONE', ( #281, #4864, #2357, #1469 ) ) ;
#1318 = LINE ( 'NONE', #470, #2008 ) ;
#1319 = DIRECTION ( 'NONE',  ( 0.000000000000000000, 1.000000000000000000, -0.000000000000000000 ) ) ;
#1320 = CARTESIAN_POINT ( 'NONE',  ( 1.500000000000000444, -4.242640687119283882, -1.415000000000000258 ) ) ;
#1321 = LINE ( 'NONE', #3680, #79 ) ;
#1322 = VERTEX_POINT ( 'NONE', #846 ) ;
#1323 = CIRCLE ( 'NONE', #2666, 0.008798472641296942523 ) ;
#1324 = DIRECTION ( 'NONE',  ( 0.000000000000000000, 0.000000000000000000, 1.000000000000000000 ) ) ;
#1325 = EDGE_CURVE ( 'NONE', #1292, #4777, #370, .T. ) ;
#1326 = VERTEX_POINT ( 'NONE', #2770 ) ;
#1327 = CIRCLE ( 'NONE', #401, 0.1254677443338788057 ) ;
#1328 = CIRCLE ( 'NONE', #3103, 0.008798472641297376204 ) ;
#1329 = VECTOR ( 'NONE', #5220, 1000.000000000000000 ) ;
#1330 = DIRECTION ( 'NONE',  ( 0.000000000000000000, 0.000000000000000000, -1.000000000000000000 ) ) ;
#1331 = ORIENTED_EDGE ( 'NONE', *, *, #1025, .F. ) ;
#1332 = DIRECTION ( 'NONE',  ( 1.000000000000000000, 0.000000000000000000, 0.000000000000000000 ) ) ;
#1333 = DIRECTION ( 'NONE',  ( 0.000000000000000000, 1.000000000000000000, 0.000000000000000000 ) ) ;
#1334 = AXIS2_PLACEMENT_3D ( 'NONE', #5135, #3578, #1459 ) ;
#1335 = AXIS2_PLACEMENT_3D ( 'NONE', #4980, #2898, #4140 ) ;
#1336 =( LENGTH_UNIT ( ) NAMED_UNIT ( * ) SI_UNIT ( .MILLI., .METRE. ) );
#1337 = ORIENTED_EDGE ( 'NONE', *, *, #3572, .T. ) ;
#1338 = VECTOR ( 'NONE', #2788, 1000.000000000000114 ) ;
#1339 = EDGE_LOOP ( 'NONE', ( #1778, #3285, #41, #4551 ) ) ;
#1340 = ORIENTED_EDGE ( 'NONE', *, *, #708, .F. ) ;
#1341 = CARTESIAN_POINT ( 'NONE',  ( -1.875763054333566382, 0.4621184665336710018, 0.3899999999999999578 ) ) ;
#1342 = FACE_OUTER_BOUND ( 'NONE', #272, .T. ) ;
#1343 = EDGE_LOOP ( 'NONE', ( #2927, #1179, #1901, #1406 ) ) ;
#1344 = CARTESIAN_POINT ( 'NONE',  ( 1.875763054333566382, 0.4621184665336710018, 1.109999999999999876 ) ) ;
#1345 = DIRECTION ( 'NONE',  ( -0.000000000000000000, -0.000000000000000000, -1.000000000000000000 ) ) ;
#1346 = CARTESIAN_POINT ( 'NONE',  ( -1.414999999999999591, 1.100000000000000089, -1.423798472641297330 ) ) ;
#1347 = EDGE_CURVE ( 'NONE', #4739, #1384, #4506, .T. ) ;
#1348 = EDGE_CURVE ( 'NONE', #2016, #1322, #3982, .T. ) ;
#1349 = CIRCLE ( 'NONE', #4597, 0.1250000000000003331 ) ;
#1350 = DIRECTION ( 'NONE',  ( -1.000000000000000000, 0.000000000000000000, 0.000000000000000000 ) ) ;
#1351 = CARTESIAN_POINT ( 'NONE',  ( -2.440579527876271637, -7.231105290834467174E-20, -1.110000000000000098 ) ) ;
#1352 = ORIENTED_EDGE ( 'NONE', *, *, #801, .T. ) ;
#1353 = EDGE_CURVE ( 'NONE', #4574, #1200, #446, .T. ) ;
#1354 = AXIS2_PLACEMENT_3D ( 'NONE', #1736, #3814, #5067 ) ;
#1355 = ORIENTED_EDGE ( 'NONE', *, *, #739, .T. ) ;
#1356 = DIRECTION ( 'NONE',  ( -0.000000000000000000, 1.000000000000000000, -0.000000000000000000 ) ) ;
#1357 = ORIENTED_EDGE ( 'NONE', *, *, #4020, .F. ) ;
#1358 = CARTESIAN_POINT ( 'NONE',  ( -2.051829622465644043, 0.4995425708808653442, 0.6099999999999999867 ) ) ;
#1359 = CARTESIAN_POINT ( 'NONE',  ( -2.218792541221743519, 0.3175103152147410457, -0.3900000000000000688 ) ) ;
#1360 = VECTOR ( 'NONE', #2971, 1000.000000000000000 ) ;
#1361 =( NAMED_UNIT ( * ) PLANE_ANGLE_UNIT ( ) SI_UNIT ( $, .RADIAN. ) );
#1362 = ORIENTED_EDGE ( 'NONE', *, *, #3929, .F. ) ;
#1363 = CIRCLE ( 'NONE', #2531, 0.3054677443338705833 ) ;
#1364 = CARTESIAN_POINT ( 'NONE',  ( -2.440579527876271637, -7.231105290834467174E-20, 0.8899999999999999023 ) ) ;
#1365 = ORIENTED_EDGE ( 'NONE', *, *, #2418, .T. ) ;
#1366 = ORIENTED_EDGE ( 'NONE', *, *, #538, .F. ) ;
#1367 = SURFACE_STYLE_FILL_AREA ( #3833 ) ;
#1368 = FACE_OUTER_BOUND ( 'NONE', #367, .T. ) ;
#1369 = CARTESIAN_POINT ( 'NONE',  ( -2.051829622465644043, 0.4995425708808653442, 0.1099999999999999589 ) ) ;
#1370 = ORIENTED_EDGE ( 'NONE', *, *, #3720, .T. ) ;
#1371 = ADVANCED_FACE ( 'NONE', ( #5237 ), #793, .T. ) ;
#1372 = DIRECTION ( 'NONE',  ( -0.000000000000000000, -0.000000000000000000, -1.000000000000000000 ) ) ;
#1373 = DIRECTION ( 'NONE',  ( -0.9986295347545742773, -0.05233595624293843618, 0.000000000000000000 ) ) ;
#1374 = CARTESIAN_POINT ( 'NONE',  ( 1.875763054333566382, 0.4621184665336710018, 1.109999999999999876 ) ) ;
#1375 = CYLINDRICAL_SURFACE ( 'NONE', #2159, 0.08499999999999978406 ) ;
#1376 = CARTESIAN_POINT ( 'NONE',  ( 1.499999999999999556, 0.7414999999999947189, 0.6099999999999999867 ) ) ;
#1377 = CARTESIAN_POINT ( 'NONE',  ( -2.440579527876271637, -7.231105290834467174E-20, 0.6099999999999999867 ) ) ;
#1378 = EDGE_LOOP ( 'NONE', ( #2609, #1389, #3256, #1409 ) ) ;
#1379 = DIRECTION ( 'NONE',  ( -0.9986295347545742773, -0.05233595624293843618, 0.000000000000000000 ) ) ;
#1380 = VERTEX_POINT ( 'NONE', #4930 ) ;
#1381 = EDGE_CURVE ( 'NONE', #2025, #1089, #1498, .T. ) ;
#1382 = EDGE_CURVE ( 'NONE', #2776, #2040, #4819, .T. ) ;
#1383 = CYLINDRICAL_SURFACE ( 'NONE', #995, 0.1254677443338790277 ) ;
#1384 = VERTEX_POINT ( 'NONE', #971 ) ;
#1385 = FACE_OUTER_BOUND ( 'NONE', #2407, .T. ) ;
#1386 = VERTEX_POINT ( 'NONE', #4534 ) ;
#1387 = EDGE_CURVE ( 'NONE', #3668, #3395, #521, .T. ) ;
#1388 = LINE ( 'NONE', #1833, #72 ) ;
#1389 = ORIENTED_EDGE ( 'NONE', *, *, #3512, .F. ) ;
#1390 = VERTEX_POINT ( 'NONE', #3780 ) ;
#1391 = CARTESIAN_POINT ( 'NONE',  ( 2.218792541221743519, 0.3175103152147410457, 0.3899999999999999578 ) ) ;
#1392 = CARTESIAN_POINT ( 'NONE',  ( 1.753037081243900230, 0.5615000000000029967, -0.3900000000000000688 ) ) ;
#1393 = ORIENTED_EDGE ( 'NONE', *, *, #2125, .T. ) ;
#1394 = ORIENTED_EDGE ( 'NONE', *, *, #2498, .F. ) ;
#1395 = CARTESIAN_POINT ( 'NONE',  ( 2.202805594720656845, 0.01246120380807877286, 1.109999999999999876 ) ) ;
#1396 = CARTESIAN_POINT ( 'NONE',  ( -1.753037081243900230, 0.7414999999999948299, 1.109999999999999876 ) ) ;
#1397 = DIRECTION ( 'NONE',  ( 0.000000000000000000, 1.000000000000000000, 0.000000000000000000 ) ) ;
#1398 = VECTOR ( 'NONE', #2901, 1000.000000000000000 ) ;
#1399 = CYLINDRICAL_SURFACE ( 'NONE', #1524, 0.08500000000000000611 ) ;
#1400 = EDGE_CURVE ( 'NONE', #2381, #179, #159, .T. ) ;
#1401 = VECTOR ( 'NONE', #3526, 1000.000000000000000 ) ;
#1402 = CYLINDRICAL_SURFACE ( 'NONE', #1076, 0.3054677443338703613 ) ;
#1403 = PLANE ( 'NONE',  #2282 ) ;
#1404 = EDGE_LOOP ( 'NONE', ( #3315, #783, #2353, #4858 ) ) ;
#1405 = FACE_OUTER_BOUND ( 'NONE', #154, .T. ) ;
#1406 = ORIENTED_EDGE ( 'NONE', *, *, #1209, .T. ) ;
#1407 = AXIS2_PLACEMENT_3D ( 'NONE', #3592, #2760, #4361 ) ;
#1408 = DIRECTION ( 'NONE',  ( 1.000000000000000000, -0.000000000000000000, -0.000000000000000000 ) ) ;
#1409 = ORIENTED_EDGE ( 'NONE', *, *, #2366, .T. ) ;
#1410 = DIRECTION ( 'NONE',  ( -0.000000000000000000, -0.000000000000000000, -1.000000000000000000 ) ) ;
#1411 = DIRECTION ( 'NONE',  ( -0.000000000000000000, -0.000000000000000000, -1.000000000000000000 ) ) ;
#1412 = ADVANCED_FACE ( 'NONE', ( #5064 ), #3378, .F. ) ;
#1413 = AXIS2_PLACEMENT_3D ( 'NONE', #4829, #4546, #2863 ) ;
#1414 = EDGE_CURVE ( 'NONE', #3753, #3345, #2079, .T. ) ;
#1415 = CARTESIAN_POINT ( 'NONE',  ( -2.096066568132076924, 0.2914241043471944015, 0.3899999999999999578 ) ) ;
#1416 = DIRECTION ( 'NONE',  ( 0.9986295347545741663, 0.05233595624293842924, 0.000000000000000000 ) ) ;
#1417 = VERTEX_POINT ( 'NONE', #2462 ) ;
#1418 = VECTOR ( 'NONE', #1408, 1000.000000000000000 ) ;
#1419 = AXIS2_PLACEMENT_3D ( 'NONE', #4712, #3835, #3059 ) ;
#1420 = EDGE_CURVE ( 'NONE', #4187, #2684, #892, .T. ) ;
#1421 = VECTOR ( 'NONE', #4995, 1000.000000000000000 ) ;
#1422 = DIRECTION ( 'NONE',  ( -0.9986295347545741663, 0.05233595624293842924, -0.000000000000000000 ) ) ;
#1423 = DIRECTION ( 'NONE',  ( -0.05233595624293843618, 0.9986295347545742773, 0.000000000000000000 ) ) ;
#1424 = VERTEX_POINT ( 'NONE', #4603 ) ;
#1425 = CARTESIAN_POINT ( 'NONE',  ( 1.499999999999999556, 0.5615000000000029967, -1.110000000000000098 ) ) ;
#1426 = AXIS2_PLACEMENT_3D ( 'NONE', #1483, #2237, #1902 ) ;
#1427 = LINE ( 'NONE', #1813, #349 ) ;
#1428 = CARTESIAN_POINT ( 'NONE',  ( 1.499999999999999556, 0.5615000000000029967, 0.1099999999999999589 ) ) ;
#1429 = CARTESIAN_POINT ( 'NONE',  ( 1.753037081243900230, 0.7414999999999948299, -1.110000000000000098 ) ) ;
#1430 = CARTESIAN_POINT ( 'NONE',  ( -2.440579527876271637, -7.231105290834467174E-20, -0.3900000000000000688 ) ) ;
#1431 = ORIENTED_EDGE ( 'NONE', *, *, #1325, .F. ) ;
#1432 = AXIS2_PLACEMENT_3D ( 'NONE', #4821, #3984, #5208 ) ;
#1433 = DIRECTION ( 'NONE',  ( -1.000000000000000000, -4.284756080633293834E-16, -0.000000000000000000 ) ) ;
#1434 = EDGE_LOOP ( 'NONE', ( #1037, #1436, #2599, #2739 ) ) ;
#1435 = CARTESIAN_POINT ( 'NONE',  ( 1.423798472641297552, 1.100000000000000089, -1.415000000000000258 ) ) ;
#1436 = ORIENTED_EDGE ( 'NONE', *, *, #4862, .F. ) ;
#1437 = DIRECTION ( 'NONE',  ( -0.000000000000000000, -0.000000000000000000, -1.000000000000000000 ) ) ;
#1438 = VECTOR ( 'NONE', #80, 1000.000000000000000 ) ;
#1439 = CARTESIAN_POINT ( 'NONE',  ( 1.499999999999999556, 0.5615000000000029967, -0.8900000000000000133 ) ) ;
#1440 = CARTESIAN_POINT ( 'NONE',  ( -2.096066568132076924, 0.2914241043471944015, 0.6099999999999999867 ) ) ;
#1441 = DIRECTION ( 'NONE',  ( -0.9986295347545741663, 0.05233595624293842924, -0.000000000000000000 ) ) ;
#1442 = ADVANCED_FACE ( 'NONE', ( #1731 ), #2899, .F. ) ;
#1443 = ORIENTED_EDGE ( 'NONE', *, *, #1193, .T. ) ;
#1444 = AXIS2_PLACEMENT_3D ( 'NONE', #4163, #515, #3621 ) ;
#1445 = EDGE_CURVE ( 'NONE', #1277, #3668, #1291, .T. ) ;
#1446 = VECTOR ( 'NONE', #368, 1000.000000000000000 ) ;
#1447 = DIRECTION ( 'NONE',  ( 1.000000000000000000, 0.000000000000000000, 0.000000000000000000 ) ) ;
#1448 = CARTESIAN_POINT ( 'NONE',  ( 1.499999999999999556, 0.7414999999999947189, -1.110000000000000098 ) ) ;
#1449 = VERTEX_POINT ( 'NONE', #2546 ) ;
#1450 = EDGE_CURVE ( 'NONE', #4017, #2193, #2109, .T. ) ;
#1451 = LINE ( 'NONE', #1002, #1899 ) ;
#1452 = EDGE_CURVE ( 'NONE', #761, #1623, #3731, .T. ) ;
#1453 = LINE ( 'NONE', #3144, #1945 ) ;
#1454 = LINE ( 'NONE', #4694, #3346 ) ;
#1455 = CARTESIAN_POINT ( 'NONE',  ( -1.875763054333566382, 0.4621184665336710018, -0.6100000000000000977 ) ) ;
#1456 = CARTESIAN_POINT ( 'NONE',  ( 2.202805594720656845, 0.01246120380807877286, -0.8900000000000000133 ) ) ;
#1457 = ORIENTED_EDGE ( 'NONE', *, *, #2449, .T. ) ;
#1458 = DIRECTION ( 'NONE',  ( 0.2079116908177569001, 0.9781476007338061329, 0.000000000000000000 ) ) ;
#1459 = DIRECTION ( 'NONE',  ( -0.05233595624293888721, 0.9986295347545741663, 0.000000000000000000 ) ) ;
#1460 = ORIENTED_EDGE ( 'NONE', *, *, #3323, .T. ) ;
#1461 = DIRECTION ( 'NONE',  ( -0.000000000000000000, -0.000000000000000000, -1.000000000000000000 ) ) ;
#1462 = DIRECTION ( 'NONE',  ( -0.9986295347545741663, 0.05233595624293888721, 0.000000000000000000 ) ) ;
#1463 = ADVANCED_FACE ( 'NONE', ( #1342 ), #88, .T. ) ;
#1464 = DIRECTION ( 'NONE',  ( 1.000000000000000000, 0.000000000000000000, 0.000000000000000000 ) ) ;
#1465 = CARTESIAN_POINT ( 'NONE',  ( 2.212226066844385386, 0.1922145200638937790, -0.3900000000000000688 ) ) ;
#1466 = LINE ( 'NONE', #697, #1176 ) ;
#1467 = ORIENTED_EDGE ( 'NONE', *, *, #2902, .F. ) ;
#1468 = DIRECTION ( 'NONE',  ( -0.05233595624293843618, 0.9986295347545742773, 0.000000000000000000 ) ) ;
#1469 = ORIENTED_EDGE ( 'NONE', *, *, #4936, .T. ) ;
#1470 = VERTEX_POINT ( 'NONE', #547 ) ;
#1471 = DIRECTION ( 'NONE',  ( -0.9986295347545741663, -0.05233595624293842924, 0.000000000000000000 ) ) ;
#1472 = CARTESIAN_POINT ( 'NONE',  ( 1.500000000000000444, -4.242640687119283882, 1.414999999999999813 ) ) ;
#1473 = VECTOR ( 'NONE', #1517, 1000.000000000000000 ) ;
#1474 = DIRECTION ( 'NONE',  ( 0.000000000000000000, 1.000000000000000000, 0.000000000000000000 ) ) ;
#1475 = ADVANCED_FACE ( 'NONE', ( #1314 ), #2574, .F. ) ;
#1476 = EDGE_CURVE ( 'NONE', #4972, #952, #3811, .T. ) ;
#1477 = DIRECTION ( 'NONE',  ( 1.000000000000000000, 0.000000000000000000, 0.000000000000000000 ) ) ;
#1478 = CARTESIAN_POINT ( 'NONE',  ( 1.920000000000000373, 0.2539999999999984492, 1.109999999999999876 ) ) ;
#1479 = CARTESIAN_POINT ( 'NONE',  ( 2.212226066844385386, 0.1922145200638937790, -0.1100000000000000699 ) ) ;
#1480 = ORIENTED_EDGE ( 'NONE', *, *, #2703, .T. ) ;
#1481 = ADVANCED_FACE ( 'NONE', ( #3303 ), #116, .F. ) ;
#1482 =( GEOMETRIC_REPRESENTATION_CONTEXT ( 3 ) GLOBAL_UNCERTAINTY_ASSIGNED_CONTEXT ( ( #1087 ) ) GLOBAL_UNIT_ASSIGNED_CONTEXT ( ( #2026, #3946, #33 ) ) REPRESENTATION_CONTEXT ( 'NONE', 'WORKASPACE' ) );
#1483 = CARTESIAN_POINT ( 'NONE',  ( 1.753037081243900230, 0.4360322556661242466, 0.1099999999999999589 ) ) ;
#1484 = DIRECTION ( 'NONE',  ( 0.2079116908177556233, 0.9781476007338063550, 0.000000000000000000 ) ) ;
#1485 = ORIENTED_EDGE ( 'NONE', *, *, #3547, .T. ) ;
#1486 = FACE_OUTER_BOUND ( 'NONE', #2061, .T. ) ;
#1487 = FACE_OUTER_BOUND ( 'NONE', #3591, .T. ) ;
#1488 = CIRCLE ( 'NONE', #2236, 0.1254677443338790277 ) ;
#1489 = DIRECTION ( 'NONE',  ( 0.2079116908177556233, 0.9781476007338063550, 0.000000000000000000 ) ) ;
#1490 = CARTESIAN_POINT ( 'NONE',  ( -1.414999999999999591, 0.7414999999999947189, -1.415000000000000258 ) ) ;
#1491 = CARTESIAN_POINT ( 'NONE',  ( 2.202805594720656845, 0.01246120380807877286, 0.3899999999999999578 ) ) ;
#1492 = ORIENTED_EDGE ( 'NONE', *, *, #4299, .F. ) ;
#1493 = EDGE_CURVE ( 'NONE', #4935, #1390, #4981, .T. ) ;
#1494 = VECTOR ( 'NONE', #3057, 1000.000000000000000 ) ;
#1495 = DIRECTION ( 'NONE',  ( -0.000000000000000000, -0.000000000000000000, -1.000000000000000000 ) ) ;
#1496 = STYLED_ITEM ( 'NONE', ( #1909 ), #2525 ) ;
#1497 = DIRECTION ( 'NONE',  ( -0.000000000000000000, -0.000000000000000000, -1.000000000000000000 ) ) ;
#1498 = CIRCLE ( 'NONE', #3275, 0.3054677443338708054 ) ;
#1499 = ORIENTED_EDGE ( 'NONE', *, *, #2002, .F. ) ;
#1500 = ORIENTED_EDGE ( 'NONE', *, *, #387, .T. ) ;
#1501 = DIRECTION ( 'NONE',  ( -1.000000000000000000, 0.000000000000000000, 0.000000000000000000 ) ) ;
#1502 = DIRECTION ( 'NONE',  ( -0.000000000000000000, -0.000000000000000000, -1.000000000000000000 ) ) ;
#1503 = VECTOR ( 'NONE', #618, 1000.000000000000000 ) ;
#1504 = AXIS2_PLACEMENT_3D ( 'NONE', #2379, #4384, #1944 ) ;
#1505 = DIRECTION ( 'NONE',  ( -1.000000000000000000, 4.284756080633293834E-16, 0.000000000000000000 ) ) ;
#1506 = PLANE ( 'NONE',  #1113 ) ;
#1507 = ORIENTED_EDGE ( 'NONE', *, *, #3406, .T. ) ;
#1508 = DIRECTION ( 'NONE',  ( -1.000000000000000000, 0.000000000000000000, 0.000000000000000000 ) ) ;
#1509 = ORIENTED_EDGE ( 'NONE', *, *, #3127, .F. ) ;
#1510 = EDGE_CURVE ( 'NONE', #591, #1148, #4579, .T. ) ;
#1511 = VECTOR ( 'NONE', #1699, 1000.000000000000000 ) ;
#1512 = DIRECTION ( 'NONE',  ( -0.2079116908177556233, -0.9781476007338063550, 0.000000000000000000 ) ) ;
#1513 = DIRECTION ( 'NONE',  ( 0.000000000000000000, 0.000000000000000000, 1.000000000000000000 ) ) ;
#1514 = VERTEX_POINT ( 'NONE', #2130 ) ;
#1515 = DIRECTION ( 'NONE',  ( -1.000000000000000000, 0.000000000000000000, 0.000000000000000000 ) ) ;
#1516 = EDGE_CURVE ( 'NONE', #675, #4500, #211, .T. ) ;
#1517 = DIRECTION ( 'NONE',  ( -0.000000000000000000, -0.000000000000000000, -1.000000000000000000 ) ) ;
#1518 = CIRCLE ( 'NONE', #1432, 0.008798472641297159363 ) ;
#1519 = LINE ( 'NONE', #1098, #5125 ) ;
#1520 = CARTESIAN_POINT ( 'NONE',  ( 1.753037081243900230, 0.4360322556661242466, -0.1100000000000000699 ) ) ;
#1521 = DIRECTION ( 'NONE',  ( 0.9986295347545742773, -0.05233595624293843618, 0.000000000000000000 ) ) ;
#1522 = ORIENTED_EDGE ( 'NONE', *, *, #2642, .T. ) ;
#1523 = CARTESIAN_POINT ( 'NONE',  ( -1.149999999999999467, 1.100000000000000089, -1.150000000000000133 ) ) ;
#1524 = AXIS2_PLACEMENT_3D ( 'NONE', #2158, #167, #583 ) ;
#1525 = CARTESIAN_POINT ( 'NONE',  ( 1.499999999999999556, 0.5615000000000029967, 0.1099999999999999589 ) ) ;
#1526 = ORIENTED_EDGE ( 'NONE', *, *, #3942, .F. ) ;
#1527 = ORIENTED_EDGE ( 'NONE', *, *, #1830, .T. ) ;
#1528 = VECTOR ( 'NONE', #4471, 1000.000000000000114 ) ;
#1529 = PLANE ( 'NONE',  #4693 ) ;
#1530 = ADVANCED_FACE ( 'NONE', ( #381 ), #5088, .F. ) ;
#1531 = CARTESIAN_POINT ( 'NONE',  ( -2.440579527876271637, -7.231105290834467174E-20, 0.6099999999999999867 ) ) ;
#1532 = DIRECTION ( 'NONE',  ( -0.000000000000000000, -0.000000000000000000, -1.000000000000000000 ) ) ;
#1533 = CIRCLE ( 'NONE', #4783, 0.3054677443338703613 ) ;
#1534 = LINE ( 'NONE', #4722, #2781 ) ;
#1535 = VERTEX_POINT ( 'NONE', #1808 ) ;
#1536 = FACE_OUTER_BOUND ( 'NONE', #187, .T. ) ;
#1537 = VERTEX_POINT ( 'NONE', #604 ) ;
#1538 = CARTESIAN_POINT ( 'NONE',  ( -1.753037081243900230, 0.4360322556661242466, 1.109999999999999876 ) ) ;
#1539 = CYLINDRICAL_SURFACE ( 'NONE', #2216, 0.3054677443338705833 ) ;
#1540 = EDGE_CURVE ( 'NONE', #1604, #4201, #2227, .T. ) ;
#1541 = EDGE_CURVE ( 'NONE', #2162, #112, #3158, .T. ) ;
#1542 = FACE_OUTER_BOUND ( 'NONE', #2166, .T. ) ;
#1543 = CARTESIAN_POINT ( 'NONE',  ( -2.218792541221743519, 0.3175103152147410457, 0.6099999999999999867 ) ) ;
#1544 = FACE_OUTER_BOUND ( 'NONE', #965, .T. ) ;
#1545 = VERTEX_POINT ( 'NONE', #4804 ) ;
#1546 = EDGE_CURVE ( 'NONE', #4201, #5075, #4251, .T. ) ;
#1547 = ORIENTED_EDGE ( 'NONE', *, *, #732, .T. ) ;
#1548 = ORIENTED_EDGE ( 'NONE', *, *, #2151, .T. ) ;
#1549 = ORIENTED_EDGE ( 'NONE', *, *, #447, .T. ) ;
#1550 = FACE_OUTER_BOUND ( 'NONE', #908, .T. ) ;
#1551 = FACE_OUTER_BOUND ( 'NONE', #3757, .T. ) ;
#1552 = CARTESIAN_POINT ( 'NONE',  ( 1.753037081243900230, 0.4360322556661242466, -1.110000000000000098 ) ) ;
#1553 = CARTESIAN_POINT ( 'NONE',  ( 1.753037081243900230, 0.4360322556661242466, 1.109999999999999876 ) ) ;
#1554 = VERTEX_POINT ( 'NONE', #3612 ) ;
#1555 = ADVANCED_FACE ( 'NONE', ( #4405 ), #3859, .F. ) ;
#1556 = DIRECTION ( 'NONE',  ( 0.2079116908177561784, -0.9781476007338062439, 0.000000000000000000 ) ) ;
#1557 = CYLINDRICAL_SURFACE ( 'NONE', #2853, 0.3054677443338705833 ) ;
#1558 = ORIENTED_EDGE ( 'NONE', *, *, #4426, .F. ) ;
#1559 = DIRECTION ( 'NONE',  ( 1.000000000000000000, 0.000000000000000000, 0.000000000000000000 ) ) ;
#1560 = AXIS2_PLACEMENT_3D ( 'NONE', #606, #5169, #3486 ) ;
#1561 = DIRECTION ( 'NONE',  ( 0.2079116908177527367, -0.9781476007338070211, 0.000000000000000000 ) ) ;
#1562 = LINE ( 'NONE', #4828, #907 ) ;
#1563 =( NAMED_UNIT ( * ) PLANE_ANGLE_UNIT ( ) SI_UNIT ( $, .RADIAN. ) );
#1564 = DIRECTION ( 'NONE',  ( 0.000000000000000000, 0.000000000000000000, 1.000000000000000000 ) ) ;
#1565 = ORIENTED_EDGE ( 'NONE', *, *, #2418, .F. ) ;
#1566 = FACE_OUTER_BOUND ( 'NONE', #577, .T. ) ;
#1567 = EDGE_CURVE ( 'NONE', #689, #429, #752, .T. ) ;
#1568 = CARTESIAN_POINT ( 'NONE',  ( 2.212226066844385386, 0.1922145200638938900, 0.6099999999999999867 ) ) ;
#1569 = ORIENTED_EDGE ( 'NONE', *, *, #5, .F. ) ;
#1570 = CARTESIAN_POINT ( 'NONE',  ( 2.440579527876271637, -7.231105290834467174E-20, 0.3899999999999999578 ) ) ;
#1571 = ORIENTED_EDGE ( 'NONE', *, *, #4278, .T. ) ;
#1572 = EDGE_LOOP ( 'NONE', ( #2330, #4641, #917, #1107 ) ) ;
#1573 = VECTOR ( 'NONE', #306, 1000.000000000000000 ) ;
#1574 = UNCERTAINTY_MEASURE_WITH_UNIT (LENGTH_MEASURE( 1.000000000000000082E-05 ), #1276, 'distance_accuracy_value', 'NONE');
#1575 = EDGE_CURVE ( 'NONE', #4956, #1417, #5246, .T. ) ;
#1576 = DIRECTION ( 'NONE',  ( 0.000000000000000000, 1.000000000000000000, 0.000000000000000000 ) ) ;
#1577 = AXIS2_PLACEMENT_3D ( 'NONE', #4171, #4626, #951 ) ;
#1578 = PLANE ( 'NONE',  #242 ) ;
#1579 = DIRECTION ( 'NONE',  ( 1.000000000000000000, 0.000000000000000000, 0.000000000000000000 ) ) ;
#1580 = VERTEX_POINT ( 'NONE', #237 ) ;
#1581 = EDGE_LOOP ( 'NONE', ( #1507, #5258, #3293, #4793 ) ) ;
#1582 = VECTOR ( 'NONE', #4795, 1000.000000000000114 ) ;
#1583 = CIRCLE ( 'NONE', #5013, 0.1254677443338790277 ) ;
#1584 = CARTESIAN_POINT ( 'NONE',  ( -1.423798472641296664, 1.100000000000000089, 1.414999999999999813 ) ) ;
#1585 = ORIENTED_EDGE ( 'NONE', *, *, #3618, .F. ) ;
#1586 = DIRECTION ( 'NONE',  ( 0.000000000000000000, 1.000000000000000000, 0.000000000000000000 ) ) ;
#1587 = AXIS2_PLACEMENT_3D ( 'NONE', #3416, #3716, #102 ) ;
#1588 = VERTEX_POINT ( 'NONE', #1026 ) ;
#1589 = FACE_OUTER_BOUND ( 'NONE', #4994, .T. ) ;
#1590 = EDGE_LOOP ( 'NONE', ( #3593, #784, #3005, #2478 ) ) ;
#1591 = DIRECTION ( 'NONE',  ( -0.000000000000000000, -0.000000000000000000, -1.000000000000000000 ) ) ;
#1592 = DIRECTION ( 'NONE',  ( 0.9986295347545741663, 0.05233595624293842924, 0.000000000000000000 ) ) ;
#1593 = VECTOR ( 'NONE', #743, 1000.000000000000114 ) ;
#1594 = SURFACE_STYLE_FILL_AREA ( #5286 ) ;
#1595 = ORIENTED_EDGE ( 'NONE', *, *, #4090, .T. ) ;
#1596 = DIRECTION ( 'NONE',  ( -0.2079116908177556233, -0.9781476007338063550, 0.000000000000000000 ) ) ;
#1597 = EDGE_LOOP ( 'NONE', ( #3503, #406, #3650, #3185 ) ) ;
#1598 = ORIENTED_EDGE ( 'NONE', *, *, #4773, .F. ) ;
#1599 = PLANE ( 'NONE',  #3221 ) ;
#1600 = CARTESIAN_POINT ( 'NONE',  ( 1.499999999999999556, 0.5615000000000029967, -0.3900000000000000688 ) ) ;
#1601 = EDGE_CURVE ( 'NONE', #1889, #2104, #2932, .T. ) ;
#1602 = DIRECTION ( 'NONE',  ( 0.000000000000000000, -0.9781476007338061329, -0.2079116908177567336 ) ) ;
#1603 = EDGE_CURVE ( 'NONE', #2016, #3467, #1664, .T. ) ;
#1604 = VERTEX_POINT ( 'NONE', #1448 ) ;
#1605 = DIRECTION ( 'NONE',  ( -0.2079116908177527367, 0.9781476007338070211, -0.000000000000000000 ) ) ;
#1606 = VERTEX_POINT ( 'NONE', #627 ) ;
#1607 = VECTOR ( 'NONE', #423, 1000.000000000000227 ) ;
#1608 = CARTESIAN_POINT ( 'NONE',  ( 1.423798472641297552, 1.100000000000000089, -1.415000000000000258 ) ) ;
#1609 = EDGE_CURVE ( 'NONE', #4498, #1049, #3431, .T. ) ;
#1610 = DIRECTION ( 'NONE',  ( 0.000000000000000000, 1.000000000000000000, 0.000000000000000000 ) ) ;
#1611 = MECHANICAL_DESIGN_GEOMETRIC_PRESENTATION_REPRESENTATION (  '', ( #1116 ), #1612 ) ;
#1612 =( GEOMETRIC_REPRESENTATION_CONTEXT ( 3 ) GLOBAL_UNCERTAINTY_ASSIGNED_CONTEXT ( ( #1874 ) ) GLOBAL_UNIT_ASSIGNED_CONTEXT ( ( #5251, #4358, #1619 ) ) REPRESENTATION_CONTEXT ( 'NONE', 'WORKASPACE' ) );
#1613 = ORIENTED_EDGE ( 'NONE', *, *, #3513, .T. ) ;
#1614 = CYLINDRICAL_SURFACE ( 'NONE', #944, 0.1250000000000003331 ) ;
#1615 = VERTEX_POINT ( 'NONE', #2608 ) ;
#1616 = DIRECTION ( 'NONE',  ( -1.000000000000000000, 0.000000000000000000, 0.000000000000000000 ) ) ;
#1617 = ORIENTED_EDGE ( 'NONE', *, *, #4837, .F. ) ;
#1618 = CARTESIAN_POINT ( 'NONE',  ( -1.499999999999999556, 0.7414999999999947189, 0.3899999999999999578 ) ) ;
#1619 =( NAMED_UNIT ( * ) SI_UNIT ( $, .STERADIAN. ) SOLID_ANGLE_UNIT ( ) );
#1620 = CARTESIAN_POINT ( 'NONE',  ( -1.414999999999999591, 0.7414999999999947189, 1.414999999999999813 ) ) ;
#1621 = ADVANCED_FACE ( 'NONE', ( #4273 ), #1965, .F. ) ;
#1622 = LINE ( 'NONE', #111, #4429 ) ;
#1623 = VERTEX_POINT ( 'NONE', #3584 ) ;
#1624 = ORIENTED_EDGE ( 'NONE', *, *, #2334, .F. ) ;
#1625 = ORIENTED_EDGE ( 'NONE', *, *, #3682, .T. ) ;
#1626 = UNCERTAINTY_MEASURE_WITH_UNIT (LENGTH_MEASURE( 1.000000000000000082E-05 ), #3856, 'distance_accuracy_value', 'NONE');
#1627 = DIRECTION ( 'NONE',  ( 0.000000000000000000, 0.000000000000000000, 1.000000000000000000 ) ) ;
#1628 = DIRECTION ( 'NONE',  ( -1.000000000000000000, 0.000000000000000000, 0.000000000000000000 ) ) ;
#1629 = FACE_OUTER_BOUND ( 'NONE', #3372, .T. ) ;
#1630 = LINE ( 'NONE', #2849, #1607 ) ;
#1631 = ORIENTED_EDGE ( 'NONE', *, *, #2437, .T. ) ;
#1632 = CARTESIAN_POINT ( 'NONE',  ( 2.202805594720656845, 0.01246120380807877286, -0.3900000000000000688 ) ) ;
#1633 = EDGE_LOOP ( 'NONE', ( #2759, #3672, #2979, #4469 ) ) ;
#1634 = EDGE_CURVE ( 'NONE', #1606, #2566, #1562, .T. ) ;
#1635 = EDGE_CURVE ( 'NONE', #3494, #842, #2729, .T. ) ;
#1636 = DIRECTION ( 'NONE',  ( -1.000000000000000000, 0.000000000000000000, 0.000000000000000000 ) ) ;
#1637 = ORIENTED_EDGE ( 'NONE', *, *, #1400, .F. ) ;
#1638 = FACE_OUTER_BOUND ( 'NONE', #2007, .T. ) ;
#1639 = ADVANCED_FACE ( 'NONE', ( #1172 ), #3966, .F. ) ;
#1640 = ORIENTED_EDGE ( 'NONE', *, *, #5254, .T. ) ;
#1641 =( NAMED_UNIT ( * ) PLANE_ANGLE_UNIT ( ) SI_UNIT ( $, .RADIAN. ) );
#1642 = LINE ( 'NONE', #1939, #340 ) ;
#1643 = ORIENTED_EDGE ( 'NONE', *, *, #374, .T. ) ;
#1644 = PLANE ( 'NONE',  #4832 ) ;
#1645 = VECTOR ( 'NONE', #17, 1000.000000000000000 ) ;
#1646 = VECTOR ( 'NONE', #254, 1000.000000000000114 ) ;
#1647 = DIRECTION ( 'NONE',  ( -1.000000000000000000, 0.000000000000000000, 0.000000000000000000 ) ) ;
#1648 = VERTEX_POINT ( 'NONE', #694 ) ;
#1649 = EDGE_LOOP ( 'NONE', ( #3439, #932, #3304, #4768 ) ) ;
#1650 = ORIENTED_EDGE ( 'NONE', *, *, #4216, .F. ) ;
#1651 = CARTESIAN_POINT ( 'NONE',  ( 1.753037081243900230, 0.4360322556661242466, -0.8900000000000000133 ) ) ;
#1652 = AXIS2_PLACEMENT_3D ( 'NONE', #3834, #1997, #1596 ) ;
#1653 = DIRECTION ( 'NONE',  ( 0.000000000000000000, 0.000000000000000000, -1.000000000000000000 ) ) ;
#1654 = ORIENTED_EDGE ( 'NONE', *, *, #4682, .T. ) ;
#1655 = CARTESIAN_POINT ( 'NONE',  ( -1.875763054333566382, 0.4621184665336710018, -0.8900000000000000133 ) ) ;
#1656 = DIRECTION ( 'NONE',  ( 0.000000000000000000, 0.000000000000000000, 1.000000000000000000 ) ) ;
#1657 = CARTESIAN_POINT ( 'NONE',  ( -2.212226066844385386, 0.1922145200638938900, 0.6099999999999999867 ) ) ;
#1658 = VERTEX_POINT ( 'NONE', #4756 ) ;
#1659 = DIRECTION ( 'NONE',  ( 0.000000000000000000, 1.000000000000000000, 0.000000000000000000 ) ) ;
#1660 = CIRCLE ( 'NONE', #5087, 0.08500000000000000611 ) ;
#1661 = DIRECTION ( 'NONE',  ( -0.000000000000000000, -0.000000000000000000, -1.000000000000000000 ) ) ;
#1662 = PRESENTATION_LAYER_ASSIGNMENT (  '', '', ( #4920 ) ) ;
#1663 = ADVANCED_FACE ( 'NONE', ( #668 ), #325, .T. ) ;
#1664 = CIRCLE ( 'NONE', #2675, 0.1254677443338790277 ) ;
#1665 = VERTEX_POINT ( 'NONE', #2270 ) ;
#1666 = CONICAL_SURFACE ( 'NONE', #1164, 0.008798472641297159363, 0.2094395102393173946 ) ;
#1667 = DIRECTION ( 'NONE',  ( 0.000000000000000000, 0.000000000000000000, 1.000000000000000000 ) ) ;
#1668 = AXIS2_PLACEMENT_3D ( 'NONE', #2549, #4559, #4195 ) ;
#1669 = VERTEX_POINT ( 'NONE', #4781 ) ;
#1670 = EDGE_CURVE ( 'NONE', #4627, #3417, #3961, .T. ) ;
#1671 = ADVANCED_FACE ( 'NONE', ( #4374 ), #3907, .F. ) ;
#1672 =( LENGTH_UNIT ( ) NAMED_UNIT ( * ) SI_UNIT ( .MILLI., .METRE. ) );
#1673 = ORIENTED_EDGE ( 'NONE', *, *, #1961, .F. ) ;
#1674 = CONICAL_SURFACE ( 'NONE', #4669, 0.008798472641297159363, 0.2094395102393162011 ) ;
#1675 = DIRECTION ( 'NONE',  ( -0.9986295347545741663, -0.05233595624293842924, 0.000000000000000000 ) ) ;
#1676 = CARTESIAN_POINT ( 'NONE',  ( -2.450000000000000178, 0.1797533162558151154, 1.109999999999999876 ) ) ;
#1677 = DIRECTION ( 'NONE',  ( -0.000000000000000000, -0.000000000000000000, -1.000000000000000000 ) ) ;
#1678 = ORIENTED_EDGE ( 'NONE', *, *, #2472, .F. ) ;
#1679 = ORIENTED_EDGE ( 'NONE', *, *, #4185, .F. ) ;
#1680 = ORIENTED_EDGE ( 'NONE', *, *, #2151, .F. ) ;
#1681 = LINE ( 'NONE', #3302, #2239 ) ;
#1682 = AXIS2_PLACEMENT_3D ( 'NONE', #434, #2045, #23 ) ;
#1683 = DIRECTION ( 'NONE',  ( -0.000000000000000000, -0.000000000000000000, -1.000000000000000000 ) ) ;
#1684 = ORIENTED_EDGE ( 'NONE', *, *, #2335, .F. ) ;
#1685 = DIRECTION ( 'NONE',  ( 0.05233595624293888027, -0.9986295347545741663, 0.000000000000000000 ) ) ;
#1686 = LINE ( 'NONE', #1294, #327 ) ;
#1687 = CARTESIAN_POINT ( 'NONE',  ( 1.499999999999999556, 0.5615000000000029967, 1.109999999999999876 ) ) ;
#1688 = ORIENTED_EDGE ( 'NONE', *, *, #2125, .F. ) ;
#1689 = VECTOR ( 'NONE', #3205, 1000.000000000000000 ) ;
#1690 = EDGE_CURVE ( 'NONE', #3746, #4296, #2591, .T. ) ;
#1691 = VECTOR ( 'NONE', #286, 1000.000000000000114 ) ;
#1692 = CARTESIAN_POINT ( 'NONE',  ( 2.440579527876271637, -7.231105290834467174E-20, -0.8900000000000000133 ) ) ;
#1693 = COLOUR_RGB ( '',0.7921568627450980005, 0.8196078431372548767, 0.9333333333333333481 ) ;
#1694 = EDGE_LOOP ( 'NONE', ( #5264, #484, #5024, #5167 ) ) ;
#1695 = CARTESIAN_POINT ( 'NONE',  ( 2.218792541221743519, 0.3175103152147410457, 0.1099999999999999589 ) ) ;
#1696 = VECTOR ( 'NONE', #4323, 1000.000000000000000 ) ;
#1697 = ORIENTED_EDGE ( 'NONE', *, *, #2335, .T. ) ;
#1698 = ORIENTED_EDGE ( 'NONE', *, *, #110, .T. ) ;
#1699 = DIRECTION ( 'NONE',  ( 0.05233595624293888027, -0.9986295347545741663, 0.000000000000000000 ) ) ;
#1700 = DIRECTION ( 'NONE',  ( 0.9781476007338067991, 0.2079116908177542078, -0.000000000000000000 ) ) ;
#1701 = ADVANCED_FACE ( 'NONE', ( #1486 ), #4348, .F. ) ;
#1702 = ADVANCED_FACE ( 'NONE', ( #3932 ), #1905, .T. ) ;
#1703 = LINE ( 'NONE', #4975, #5032 ) ;
#1704 = EDGE_LOOP ( 'NONE', ( #4267, #3343, #1917, #5055 ) ) ;
#1705 = ORIENTED_EDGE ( 'NONE', *, *, #2093, .F. ) ;
#1706 = ORIENTED_EDGE ( 'NONE', *, *, #4372, .F. ) ;
#1707 = EDGE_CURVE ( 'NONE', #1384, #4318, #2411, .T. ) ;
#1708 = CARTESIAN_POINT ( 'NONE',  ( 2.450000000000000178, 0.1797533162558151154, 0.6099999999999999867 ) ) ;
#1709 = CARTESIAN_POINT ( 'NONE',  ( -1.753037081243900230, 0.4360322556661242466, -0.3900000000000000688 ) ) ;
#1710 = EDGE_LOOP ( 'NONE', ( #2750, #994, #923, #3334 ) ) ;
#1711 = DIRECTION ( 'NONE',  ( 0.000000000000000000, 1.000000000000000000, 0.000000000000000000 ) ) ;
#1712 = CARTESIAN_POINT ( 'NONE',  ( 2.450000000000000178, 0.1797533162558151154, 1.109999999999999876 ) ) ;
#1713 = VERTEX_POINT ( 'NONE', #1872 ) ;
#1714 = CARTESIAN_POINT ( 'NONE',  ( 2.051829622465644043, 0.4995425708808653442, -0.8900000000000000133 ) ) ;
#1715 = FACE_OUTER_BOUND ( 'NONE', #968, .T. ) ;
#1716 = ADVANCED_FACE ( 'NONE', ( #1006 ), #1402, .T. ) ;
#1717 = ORIENTED_EDGE ( 'NONE', *, *, #224, .T. ) ;
#1718 = CARTESIAN_POINT ( 'NONE',  ( 2.440579527876271637, -7.231105290834467174E-20, 0.6099999999999999867 ) ) ;
#1719 = ORIENTED_EDGE ( 'NONE', *, *, #4785, .T. ) ;
#1720 = DIRECTION ( 'NONE',  ( 0.000000000000000000, 0.000000000000000000, 1.000000000000000000 ) ) ;
#1721 = CARTESIAN_POINT ( 'NONE',  ( -1.423798472641296886, 0.2030000000000000138, -1.415000000000000258 ) ) ;
#1722 = CIRCLE ( 'NONE', #2477, 0.1254677443338788057 ) ;
#1723 = EDGE_LOOP ( 'NONE', ( #1948, #4846, #1631, #2975, #4807, #4190, #4332, #1794 ) ) ;
#1724 = VERTEX_POINT ( 'NONE', #243 ) ;
#1725 = EDGE_CURVE ( 'NONE', #4027, #12, #3065, .T. ) ;
#1726 = EDGE_LOOP ( 'NONE', ( #81, #1932, #3001, #1969 ) ) ;
#1727 = EDGE_CURVE ( 'NONE', #542, #3668, #2638, .T. ) ;
#1728 = SURFACE_SIDE_STYLE ('',( #1367 ) ) ;
#1729 = PRESENTATION_LAYER_ASSIGNMENT (  '', '', ( #3948 ) ) ;
#1730 = LINE ( 'NONE', #4505, #4313 ) ;
#1731 = FACE_OUTER_BOUND ( 'NONE', #366, .T. ) ;
#1732 = ORIENTED_EDGE ( 'NONE', *, *, #1247, .F. ) ;
#1733 = CARTESIAN_POINT ( 'NONE',  ( 1.875763054333566382, 0.4621184665336710018, -0.1100000000000000699 ) ) ;
#1734 = EDGE_CURVE ( 'NONE', #824, #443, #2983, .T. ) ;
#1735 = CARTESIAN_POINT ( 'NONE',  ( -2.450000000000000178, 0.1797533162558151154, -0.8900000000000000133 ) ) ;
#1736 = CARTESIAN_POINT ( 'NONE',  ( -2.051829622465644043, 0.4995425708808653442, 0.1099999999999999589 ) ) ;
#1737 = LINE ( 'NONE', #2905, #585 ) ;
#1738 = VECTOR ( 'NONE', #4034, 1000.000000000000114 ) ;
#1739 = CARTESIAN_POINT ( 'NONE',  ( -1.753037081243900230, 0.4360322556661242466, -0.1100000000000000699 ) ) ;
#1740 = ORIENTED_EDGE ( 'NONE', *, *, #2305, .F. ) ;
#1741 = VECTOR ( 'NONE', #546, 1000.000000000000114 ) ;
#1742 = CARTESIAN_POINT ( 'NONE',  ( -1.499999999999999556, 0.7414999999999947189, -0.1100000000000000699 ) ) ;
#1743 = ORIENTED_EDGE ( 'NONE', *, *, #4749, .F. ) ;
#1744 = LINE ( 'NONE', #3018, #1747 ) ;
#1745 = ORIENTED_EDGE ( 'NONE', *, *, #964, .F. ) ;
#1746 = LINE ( 'NONE', #1016, #85 ) ;
#1747 = VECTOR ( 'NONE', #1356, 1000.000000000000000 ) ;
#1748 = PRESENTATION_LAYER_ASSIGNMENT (  '', '', ( #4142 ) ) ;
#1749 = PRESENTATION_STYLE_ASSIGNMENT (( #4923 ) ) ;
#1750 = ORIENTED_EDGE ( 'NONE', *, *, #101, .F. ) ;
#1751 = CIRCLE ( 'NONE', #2419, 0.1254677443338790277 ) ;
#1752 = DIRECTION ( 'NONE',  ( 1.000000000000000000, -0.000000000000000000, -0.000000000000000000 ) ) ;
#1753 = EDGE_LOOP ( 'NONE', ( #1867, #3600, #3047, #1781 ) ) ;
#1754 = ORIENTED_EDGE ( 'NONE', *, *, #255, .F. ) ;
#1755 = AXIS2_PLACEMENT_3D ( 'NONE', #4492, #3692, #2914 ) ;
#1756 = DIRECTION ( 'NONE',  ( -1.000000000000000000, 0.000000000000000000, 0.000000000000000000 ) ) ;
#1757 = DIRECTION ( 'NONE',  ( -0.000000000000000000, -0.000000000000000000, -1.000000000000000000 ) ) ;
#1758 = EDGE_LOOP ( 'NONE', ( #1108, #2820, #2435, #2655 ) ) ;
#1759 = ORIENTED_EDGE ( 'NONE', *, *, #36, .T. ) ;
#1760 = CARTESIAN_POINT ( 'NONE',  ( -1.499999999999999556, 0.5615000000000029967, -0.8900000000000000133 ) ) ;
#1761 = DIRECTION ( 'NONE',  ( -1.000000000000000000, -4.284756080633293834E-16, -0.000000000000000000 ) ) ;
#1762 = DIRECTION ( 'NONE',  ( -0.000000000000000000, -0.000000000000000000, -1.000000000000000000 ) ) ;
#1763 = EDGE_CURVE ( 'NONE', #1840, #426, #1488, .T. ) ;
#1764 = AXIS2_PLACEMENT_3D ( 'NONE', #2744, #317, #5238 ) ;
#1765 = ADVANCED_FACE ( 'NONE', ( #2289 ), #4744, .F. ) ;
#1766 = CARTESIAN_POINT ( 'NONE',  ( -2.212226066844385386, 0.1922145200638938900, 1.109999999999999876 ) ) ;
#1767 = LINE ( 'NONE', #4634, #1779 ) ;
#1768 = CARTESIAN_POINT ( 'NONE',  ( 1.415000000000000702, -4.242640687119283882, 1.414999999999999813 ) ) ;
#1769 = FACE_OUTER_BOUND ( 'NONE', #2105, .T. ) ;
#1770 = ORIENTED_EDGE ( 'NONE', *, *, #474, .T. ) ;
#1771 = ADVANCED_FACE ( 'NONE', ( #3009 ), #5126, .F. ) ;
#1772 = DIRECTION ( 'NONE',  ( 1.000000000000000000, -0.000000000000000000, -0.000000000000000000 ) ) ;
#1773 = EDGE_LOOP ( 'NONE', ( #1978, #5224, #3726, #3142 ) ) ;
#1774 = CARTESIAN_POINT ( 'NONE',  ( -1.414999999999999591, 1.100000000000000089, -1.415000000000000258 ) ) ;
#1775 = ORIENTED_EDGE ( 'NONE', *, *, #2498, .T. ) ;
#1776 = LINE ( 'NONE', #2995, #3452 ) ;
#1777 = DIRECTION ( 'NONE',  ( 0.9986295347545742773, -0.05233595624293843618, 0.000000000000000000 ) ) ;
#1778 = ORIENTED_EDGE ( 'NONE', *, *, #1510, .T. ) ;
#1779 = VECTOR ( 'NONE', #586, 1000.000000000000000 ) ;
#1780 = DIRECTION ( 'NONE',  ( -0.000000000000000000, -0.000000000000000000, -1.000000000000000000 ) ) ;
#1781 = ORIENTED_EDGE ( 'NONE', *, *, #3920, .T. ) ;
#1782 = ORIENTED_EDGE ( 'NONE', *, *, #3450, .T. ) ;
#1783 =( NAMED_UNIT ( * ) SI_UNIT ( $, .STERADIAN. ) SOLID_ANGLE_UNIT ( ) );
#1784 = EDGE_CURVE ( 'NONE', #3206, #117, #1454, .T. ) ;
#1785 = DIRECTION ( 'NONE',  ( 0.000000000000000000, 0.000000000000000000, 1.000000000000000000 ) ) ;
#1786 = DIRECTION ( 'NONE',  ( -0.000000000000000000, 0.000000000000000000, -1.000000000000000000 ) ) ;
#1787 = VERTEX_POINT ( 'NONE', #3437 ) ;
#1788 = FACE_OUTER_BOUND ( 'NONE', #578, .T. ) ;
#1789 = CARTESIAN_POINT ( 'NONE',  ( 1.753037081243900230, 0.4360322556661242466, -1.110000000000000098 ) ) ;
#1790 = PRESENTATION_STYLE_ASSIGNMENT (( #3761 ) ) ;
#1791 = CARTESIAN_POINT ( 'NONE',  ( -1.920000000000000373, 0.2540000000000000036, 0.6099999999999999867 ) ) ;
#1792 = LINE ( 'NONE', #3357, #4176 ) ;
#1793 = APPLICATION_CONTEXT ( 'automotive_design' ) ;
#1794 = ORIENTED_EDGE ( 'NONE', *, *, #379, .T. ) ;
#1795 = ADVANCED_FACE ( 'NONE', ( #612 ), #1375, .T. ) ;
#1796 = EDGE_CURVE ( 'NONE', #4972, #2909, #2189, .T. ) ;
#1797 = CARTESIAN_POINT ( 'NONE',  ( 1.753037081243900230, 0.5615000000000029967, -1.110000000000000098 ) ) ;
#1798 = CARTESIAN_POINT ( 'NONE',  ( -2.202805594720656845, 0.01246120380807877286, 0.6099999999999999867 ) ) ;
#1799 = ORIENTED_EDGE ( 'NONE', *, *, #223, .T. ) ;
#1800 = DIRECTION ( 'NONE',  ( 0.9986295347545741663, 0.05233595624293842924, 0.000000000000000000 ) ) ;
#1801 = ADVANCED_FACE ( 'NONE', ( #1055 ), #631, .F. ) ;
#1802 =( NAMED_UNIT ( * ) SI_UNIT ( $, .STERADIAN. ) SOLID_ANGLE_UNIT ( ) );
#1803 = CARTESIAN_POINT ( 'NONE',  ( -1.875763054333566382, 0.4621184665336710018, -0.1100000000000000699 ) ) ;
#1804 = CARTESIAN_POINT ( 'NONE',  ( 1.920000000000000373, 0.2539999999999985048, 1.109999999999999876 ) ) ;
#1805 = ORIENTED_EDGE ( 'NONE', *, *, #1603, .F. ) ;
#1806 = EDGE_CURVE ( 'NONE', #1554, #4382, #5094, .T. ) ;
#1807 = CARTESIAN_POINT ( 'NONE',  ( -1.753037081243900230, 0.5615000000000029967, 1.109999999999999876 ) ) ;
#1808 = CARTESIAN_POINT ( 'NONE',  ( 2.096066568132076924, 0.2914241043471944015, 0.1099999999999999589 ) ) ;
#1809 = ORIENTED_EDGE ( 'NONE', *, *, #2437, .F. ) ;
#1810 = CARTESIAN_POINT ( 'NONE',  ( -1.499999999999999556, 0.7414999999999947189, 1.414999999999999813 ) ) ;
#1811 = CARTESIAN_POINT ( 'NONE',  ( -1.414999999999999591, 1.100000000000000311, -1.415000000000000258 ) ) ;
#1812 = VECTOR ( 'NONE', #2686, 1000.000000000000000 ) ;
#1813 = CARTESIAN_POINT ( 'NONE',  ( -1.753037081243900230, 0.5615000000000029967, 1.109999999999999876 ) ) ;
#1814 = CARTESIAN_POINT ( 'NONE',  ( 1.499999999999999556, 0.5615000000000029967, 1.109999999999999876 ) ) ;
#1815 = FACE_OUTER_BOUND ( 'NONE', #1904, .T. ) ;
#1816 = DIRECTION ( 'NONE',  ( -0.2079116908177527367, -0.9781476007338070211, 0.000000000000000000 ) ) ;
#1817 = ORIENTED_EDGE ( 'NONE', *, *, #4154, .F. ) ;
#1818 = CIRCLE ( 'NONE', #4818, 0.08499999999999978406 ) ;
#1819 = ADVANCED_FACE ( 'NONE', ( #3839 ), #3039, .F. ) ;
#1820 = ADVANCED_FACE ( 'NONE', ( #5149 ), #216, .F. ) ;
#1821 = CARTESIAN_POINT ( 'NONE',  ( -1.920000000000000373, 0.2540000000000000036, 1.109999999999999876 ) ) ;
#1822 = ORIENTED_EDGE ( 'NONE', *, *, #2313, .T. ) ;
#1823 = LINE ( 'NONE', #3420, #2762 ) ;
#1824 = EDGE_LOOP ( 'NONE', ( #540, #1431, #3622, #3659 ) ) ;
#1825 = CARTESIAN_POINT ( 'NONE',  ( 2.202805594720656845, 0.01246120380807877286, 0.1099999999999999589 ) ) ;
#1826 = LINE ( 'NONE', #5105, #169 ) ;
#1827 = PRESENTATION_LAYER_ASSIGNMENT (  '', '', ( #1496 ) ) ;
#1828 = AXIS2_PLACEMENT_3D ( 'NONE', #3525, #296, #3580 ) ;
#1829 = EDGE_CURVE ( 'NONE', #3467, #1380, #168, .T. ) ;
#1830 = EDGE_CURVE ( 'NONE', #1918, #3516, #980, .T. ) ;
#1831 = FILL_AREA_STYLE ('',( #2199 ) ) ;
#1832 = DIRECTION ( 'NONE',  ( -0.000000000000000000, -0.000000000000000000, -1.000000000000000000 ) ) ;
#1833 = CARTESIAN_POINT ( 'NONE',  ( -1.499999999999999556, 0.5615000000000029967, -0.1100000000000000699 ) ) ;
#1834 = ORIENTED_EDGE ( 'NONE', *, *, #3375, .F. ) ;
#1835 = VECTOR ( 'NONE', #1094, 1000.000000000000000 ) ;
#1836 = AXIS2_PLACEMENT_3D ( 'NONE', #2385, #369, #4474 ) ;
#1837 = VECTOR ( 'NONE', #974, 1000.000000000000000 ) ;
#1838 = CARTESIAN_POINT ( 'NONE',  ( -2.051829622465644043, 0.4995425708808653442, -0.1100000000000000699 ) ) ;
#1839 = DIRECTION ( 'NONE',  ( 0.05233595624293843618, -0.9986295347545742773, 0.000000000000000000 ) ) ;
#1840 = VERTEX_POINT ( 'NONE', #3120 ) ;
#1841 = CARTESIAN_POINT ( 'NONE',  ( -2.051829622465644043, 0.4995425708808653442, -0.3900000000000000688 ) ) ;
#1842 = CARTESIAN_POINT ( 'NONE',  ( -1.414999999999999591, -4.242640687119283882, -1.500000000000000222 ) ) ;
#1843 = VECTOR ( 'NONE', #3816, 1000.000000000000000 ) ;
#1844 = DIRECTION ( 'NONE',  ( -1.000000000000000000, 0.000000000000000000, 0.000000000000000000 ) ) ;
#1845 = DIRECTION ( 'NONE',  ( -1.000000000000000000, 0.000000000000000000, 0.000000000000000000 ) ) ;
#1846 = CARTESIAN_POINT ( 'NONE',  ( 2.202805594720656845, 0.01246120380807877286, 0.6099999999999999867 ) ) ;
#1847 = DIRECTION ( 'NONE',  ( 0.000000000000000000, 0.000000000000000000, 1.000000000000000000 ) ) ;
#1848 = ORIENTED_EDGE ( 'NONE', *, *, #508, .F. ) ;
#1849 = EDGE_CURVE ( 'NONE', #3955, #3016, #4817, .T. ) ;
#1850 = AXIS2_PLACEMENT_3D ( 'NONE', #2987, #1251, #2451 ) ;
#1851 = DIRECTION ( 'NONE',  ( -0.2079116908177556233, -0.9781476007338063550, 0.000000000000000000 ) ) ;
#1852 = DIRECTION ( 'NONE',  ( 0.000000000000000000, -1.000000000000000000, 0.000000000000000000 ) ) ;
#1853 = ORIENTED_EDGE ( 'NONE', *, *, #4950, .T. ) ;
#1854 = CARTESIAN_POINT ( 'NONE',  ( 1.415000000000000702, 0.5615000000000029967, 1.499999999999999778 ) ) ;
#1855 = CARTESIAN_POINT ( 'NONE',  ( 1.753037081243900230, 0.7414999999999948299, 0.6099999999999999867 ) ) ;
#1856 = LINE ( 'NONE', #4320, #4465 ) ;
#1857 = CIRCLE ( 'NONE', #2526, 0.08500000000000000611 ) ;
#1858 = AXIS2_PLACEMENT_3D ( 'NONE', #5260, #1576, #3198 ) ;
#1859 = LINE ( 'NONE', #2299, #4952 ) ;
#1860 = LINE ( 'NONE', #1364, #1907 ) ;
#1861 = DIRECTION ( 'NONE',  ( 0.2079116908177556233, 0.9781476007338063550, 0.000000000000000000 ) ) ;
#1862 = ORIENTED_EDGE ( 'NONE', *, *, #2832, .T. ) ;
#1863 = EDGE_CURVE ( 'NONE', #441, #4991, #1922, .T. ) ;
#1864 = EDGE_CURVE ( 'NONE', #2114, #4070, #2922, .T. ) ;
#1865 = VECTOR ( 'NONE', #2583, 1000.000000000000000 ) ;
#1866 = CARTESIAN_POINT ( 'NONE',  ( -2.202805594720656845, 0.01246120380807877286, 1.109999999999999876 ) ) ;
#1867 = ORIENTED_EDGE ( 'NONE', *, *, #2042, .T. ) ;
#1868 = ORIENTED_EDGE ( 'NONE', *, *, #756, .F. ) ;
#1869 = DIRECTION ( 'NONE',  ( 1.000000000000000000, 0.000000000000000000, 0.000000000000000000 ) ) ;
#1870 = ADVANCED_FACE ( 'NONE', ( #2360 ), #2800, .T. ) ;
#1871 = CARTESIAN_POINT ( 'NONE',  ( 2.440579527876271637, -7.231105290834467174E-20, 0.3899999999999999578 ) ) ;
#1872 = CARTESIAN_POINT ( 'NONE',  ( 1.920000000000000373, 0.2539999999999985048, -1.110000000000000098 ) ) ;
#1873 = DIRECTION ( 'NONE',  ( 0.05233595624293888027, 0.9986295347545741663, -0.000000000000000000 ) ) ;
#1874 = UNCERTAINTY_MEASURE_WITH_UNIT (LENGTH_MEASURE( 1.000000000000000082E-05 ), #5251, 'distance_accuracy_value', 'NONE');
#1875 = DIRECTION ( 'NONE',  ( 0.000000000000000000, 0.000000000000000000, 1.000000000000000000 ) ) ;
#1876 = EDGE_LOOP ( 'NONE', ( #89, #3798, #4104, #3752 ) ) ;
#1877 = FACE_OUTER_BOUND ( 'NONE', #4622, .T. ) ;
#1878 = DIRECTION ( 'NONE',  ( -1.000000000000000000, 0.000000000000000000, 0.000000000000000000 ) ) ;
#1879 = ORIENTED_EDGE ( 'NONE', *, *, #3012, .T. ) ;
#1880 = CARTESIAN_POINT ( 'NONE',  ( 2.440579527876271637, -7.231105290834467174E-20, 1.109999999999999876 ) ) ;
#1881 = CARTESIAN_POINT ( 'NONE',  ( -2.450000000000000178, 0.1797533162558151154, -0.6100000000000000977 ) ) ;
#1882 = DIRECTION ( 'NONE',  ( 0.000000000000000000, 0.000000000000000000, 1.000000000000000000 ) ) ;
#1883 = FILL_AREA_STYLE ('',( #4327 ) ) ;
#1884 = EDGE_LOOP ( 'NONE', ( #5281, #3485, #2575, #1175 ) ) ;
#1885 = DIRECTION ( 'NONE',  ( 0.9781476007338063550, 0.2079116908177562062, -0.000000000000000000 ) ) ;
#1886 = FACE_OUTER_BOUND ( 'NONE', #904, .T. ) ;
#1887 = ADVANCED_FACE ( 'NONE', ( #2742 ), #3598, .F. ) ;
#1888 = ADVANCED_FACE ( 'NONE', ( #3200 ), #792, .F. ) ;
#1889 = VERTEX_POINT ( 'NONE', #1158 ) ;
#1890 = ORIENTED_EDGE ( 'NONE', *, *, #3572, .F. ) ;
#1891 = LINE ( 'NONE', #2208, #385 ) ;
#1892 = FACE_OUTER_BOUND ( 'NONE', #1704, .T. ) ;
#1893 = VECTOR ( 'NONE', #3908, 1000.000000000000000 ) ;
#1894 = DIRECTION ( 'NONE',  ( -0.05233595624293888721, -0.9986295347545741663, 0.000000000000000000 ) ) ;
#1895 = LINE ( 'NONE', #5173, #3193 ) ;
#1896 = DIRECTION ( 'NONE',  ( -0.2079116908177527367, 0.9781476007338070211, -0.000000000000000000 ) ) ;
#1897 = EDGE_CURVE ( 'NONE', #2397, #2839, #4302, .T. ) ;
#1898 = CARTESIAN_POINT ( 'NONE',  ( 1.415000000000000702, 0.7414999999999947189, -1.500000000000000222 ) ) ;
#1899 = VECTOR ( 'NONE', #1471, 1000.000000000000114 ) ;
#1900 = LINE ( 'NONE', #3123, #2009 ) ;
#1901 = ORIENTED_EDGE ( 'NONE', *, *, #2449, .F. ) ;
#1902 = DIRECTION ( 'NONE',  ( 1.000000000000000000, 0.000000000000000000, 0.000000000000000000 ) ) ;
#1903 = DIRECTION ( 'NONE',  ( 1.000000000000000000, -0.000000000000000000, -0.000000000000000000 ) ) ;
#1904 = EDGE_LOOP ( 'NONE', ( #4681, #105, #3224, #2663 ) ) ;
#1905 = CYLINDRICAL_SURFACE ( 'NONE', #3869, 0.3054677443338708054 ) ;
#1906 = DIRECTION ( 'NONE',  ( -0.000000000000000000, -0.000000000000000000, -1.000000000000000000 ) ) ;
#1907 = VECTOR ( 'NONE', #2223, 1000.000000000000114 ) ;
#1908 = PLANE ( 'NONE',  #3606 ) ;
#1909 = PRESENTATION_STYLE_ASSIGNMENT (( #4856 ) ) ;
#1910 = CARTESIAN_POINT ( 'NONE',  ( -2.051829622465644043, 0.4995425708808653442, -0.6100000000000000977 ) ) ;
#1911 = EDGE_LOOP ( 'NONE', ( #2177, #1569, #505, #3379 ) ) ;
#1912 = PRESENTATION_LAYER_ASSIGNMENT (  '', '', ( #1916 ) ) ;
#1913 = DIRECTION ( 'NONE',  ( -0.000000000000000000, -0.000000000000000000, -1.000000000000000000 ) ) ;
#1914 = ADVANCED_FACE ( 'NONE', ( #1551 ), #2336, .F. ) ;
#1915 = CARTESIAN_POINT ( 'NONE',  ( 1.920000000000000373, 0.2539999999999985048, 0.8899999999999999023 ) ) ;
#1916 = STYLED_ITEM ( 'NONE', ( #2044 ), #2567 ) ;
#1917 = ORIENTED_EDGE ( 'NONE', *, *, #5245, .F. ) ;
#1918 = VERTEX_POINT ( 'NONE', #763 ) ;
#1919 = CARTESIAN_POINT ( 'NONE',  ( -1.753037081243900230, 0.5615000000000029967, -0.8900000000000000133 ) ) ;
#1920 = AXIS2_PLACEMENT_3D ( 'NONE', #1931, #4346, #1513 ) ;
#1921 = AXIS2_PLACEMENT_3D ( 'NONE', #386, #5252, #3589 ) ;
#1922 = LINE ( 'NONE', #4774, #2402 ) ;
#1923 = LINE ( 'NONE', #3951, #687 ) ;
#1924 = VECTOR ( 'NONE', #2133, 1000.000000000000000 ) ;
#1925 = CARTESIAN_POINT ( 'NONE',  ( 1.875763054333566382, 0.4621184665336710018, 0.1099999999999999589 ) ) ;
#1926 = EDGE_LOOP ( 'NONE', ( #2968, #96, #1331, #4703, #4220, #1598, #2795, #873, #2277, #3455, #5132, #2603 ) ) ;
#1927 = EDGE_CURVE ( 'NONE', #1669, #2776, #1323, .T. ) ;
#1928 = EDGE_CURVE ( 'NONE', #1554, #4802, #4044, .T. ) ;
#1929 = AXIS2_PLACEMENT_3D ( 'NONE', #2551, #3760, #1296 ) ;
#1930 = CARTESIAN_POINT ( 'NONE',  ( -1.499999999999999556, 0.7414999999999947189, 0.6099999999999999867 ) ) ;
#1931 = CARTESIAN_POINT ( 'NONE',  ( 1.753037081243900230, 0.5615000000000029967, 0.1099999999999999589 ) ) ;
#1932 = ORIENTED_EDGE ( 'NONE', *, *, #4651, .F. ) ;
#1933 = DIRECTION ( 'NONE',  ( -1.000000000000000000, -4.284756080633293834E-16, -0.000000000000000000 ) ) ;
#1934 = CARTESIAN_POINT ( 'NONE',  ( -1.414999999999999591, 0.5615000000000029967, 1.499999999999999778 ) ) ;
#1935 = ADVANCED_FACE ( 'NONE', ( #3541 ), #1578, .T. ) ;
#1936 = CLOSED_SHELL ( 'NONE', ( #285, #4717, #412, #670, #2572, #770, #1011, #3590, #1530, #1716, #1442, #4688, #1481, #213 ) ) ;
#1937 = CARTESIAN_POINT ( 'NONE',  ( -1.753037081243900230, 0.4360322556661242466, -0.8900000000000000133 ) ) ;
#1938 = CARTESIAN_POINT ( 'NONE',  ( 2.440579527876271637, -7.231105290834467174E-20, -0.3900000000000000688 ) ) ;
#1939 = CARTESIAN_POINT ( 'NONE',  ( 1.499999999999999556, 0.5615000000000029967, -0.6100000000000000977 ) ) ;
#1940 = EDGE_LOOP ( 'NONE', ( #2700, #4415, #2256, #2382 ) ) ;
#1941 = LINE ( 'NONE', #3217, #4666 ) ;
#1942 = FILL_AREA_STYLE_COLOUR ( '', #3301 ) ;
#1943 = VECTOR ( 'NONE', #397, 1000.000000000000000 ) ;
#1944 = DIRECTION ( 'NONE',  ( -1.000000000000000000, 0.000000000000000000, 0.000000000000000000 ) ) ;
#1945 = VECTOR ( 'NONE', #1474, 1000.000000000000000 ) ;
#1946 = ORIENTED_EDGE ( 'NONE', *, *, #3318, .F. ) ;
#1947 = LINE ( 'NONE', #3191, #2163 ) ;
#1948 = ORIENTED_EDGE ( 'NONE', *, *, #311, .T. ) ;
#1949 = EDGE_CURVE ( 'NONE', #4027, #3169, #4841, .T. ) ;
#1950 = ORIENTED_EDGE ( 'NONE', *, *, #2610, .F. ) ;
#1951 = CARTESIAN_POINT ( 'NONE',  ( 2.218792541221743519, 0.3175103152147410457, -0.1100000000000000699 ) ) ;
#1952 = CIRCLE ( 'NONE', #5212, 0.1254677443338790277 ) ;
#1953 = CARTESIAN_POINT ( 'NONE',  ( -2.212226066844385386, 0.1922145200638937790, -0.3900000000000000688 ) ) ;
#1954 = CARTESIAN_POINT ( 'NONE',  ( -2.051829622465644043, 0.4995425708808653442, -0.6100000000000000977 ) ) ;
#1955 = VECTOR ( 'NONE', #4280, 1000.000000000000000 ) ;
#1956 = FACE_OUTER_BOUND ( 'NONE', #192, .T. ) ;
#1957 = ORIENTED_EDGE ( 'NONE', *, *, #3553, .T. ) ;
#1958 = CIRCLE ( 'NONE', #4958, 0.1254677443338788057 ) ;
#1959 = CARTESIAN_POINT ( 'NONE',  ( -1.499999999999999556, 0.5615000000000029967, 0.3899999999999999578 ) ) ;
#1960 = EDGE_CURVE ( 'NONE', #4789, #893, #3171, .T. ) ;
#1961 = EDGE_CURVE ( 'NONE', #1658, #4956, #3922, .T. ) ;
#1962 = PLANE ( 'NONE',  #1334 ) ;
#1963 = ORIENTED_EDGE ( 'NONE', *, *, #198, .T. ) ;
#1964 = CARTESIAN_POINT ( 'NONE',  ( -2.218792541221743519, 0.3175103152147410457, 0.3899999999999999578 ) ) ;
#1965 = CYLINDRICAL_SURFACE ( 'NONE', #1419, 0.1254677443338790277 ) ;
#1966 = EDGE_CURVE ( 'NONE', #1115, #2966, #1895, .T. ) ;
#1967 = DIRECTION ( 'NONE',  ( 1.000000000000000000, 0.000000000000000000, 0.000000000000000000 ) ) ;
#1968 = DIRECTION ( 'NONE',  ( -0.2079116908177541800, 0.9781476007338066880, 0.000000000000000000 ) ) ;
#1969 = ORIENTED_EDGE ( 'NONE', *, *, #700, .T. ) ;
#1970 = DIRECTION ( 'NONE',  ( 1.000000000000000000, 0.000000000000000000, -0.000000000000000000 ) ) ;
#1971 = VERTEX_POINT ( 'NONE', #1111 ) ;
#1972 = CYLINDRICAL_SURFACE ( 'NONE', #2753, 0.3054677443338703613 ) ;
#1973 = ORIENTED_EDGE ( 'NONE', *, *, #2737, .T. ) ;
#1974 = VERTEX_POINT ( 'NONE', #2717 ) ;
#1975 = CARTESIAN_POINT ( 'NONE',  ( 1.920000000000000373, 0.2539999999999985048, -0.8900000000000000133 ) ) ;
#1976 = DIRECTION ( 'NONE',  ( 0.000000000000000000, 0.9781476007338060219, 0.2079116908177574552 ) ) ;
#1977 = CARTESIAN_POINT ( 'NONE',  ( -1.499999999999999556, 0.7414999999999947189, 1.109999999999999876 ) ) ;
#1978 = ORIENTED_EDGE ( 'NONE', *, *, #3995, .T. ) ;
#1979 = LINE ( 'NONE', #4449, #1943 ) ;
#1980 = ORIENTED_EDGE ( 'NONE', *, *, #4419, .T. ) ;
#1981 = AXIS2_PLACEMENT_3D ( 'NONE', #2465, #4117, #469 ) ;
#1982 = VERTEX_POINT ( 'NONE', #4366 ) ;
#1983 = CARTESIAN_POINT ( 'NONE',  ( -1.753037081243900230, 0.5615000000000029967, -0.3900000000000000688 ) ) ;
#1984 = EDGE_CURVE ( 'NONE', #2913, #1974, #912, .T. ) ;
#1985 = CIRCLE ( 'NONE', #3857, 0.08499999999999978406 ) ;
#1986 = DIRECTION ( 'NONE',  ( 0.9986295347545741663, 0.05233595624293842924, 0.000000000000000000 ) ) ;
#1987 = FILL_AREA_STYLE ('',( #1099 ) ) ;
#1988 = CARTESIAN_POINT ( 'NONE',  ( 2.440579527876271637, -7.231105290834467174E-20, 1.109999999999999876 ) ) ;
#1989 = VERTEX_POINT ( 'NONE', #495 ) ;
#1990 = DIRECTION ( 'NONE',  ( 1.000000000000000000, 0.000000000000000000, 0.000000000000000000 ) ) ;
#1991 = SURFACE_SIDE_STYLE ('',( #4464 ) ) ;
#1992 = LINE ( 'NONE', #4810, #4753 ) ;
#1993 = ADVANCED_FACE ( 'NONE', ( #1629 ), #3347, .F. ) ;
#1994 = AXIS2_PLACEMENT_3D ( 'NONE', #314, #2310, #9 ) ;
#1995 = EDGE_CURVE ( 'NONE', #4946, #5198, #3755, .T. ) ;
#1996 = ORIENTED_EDGE ( 'NONE', *, *, #5253, .T. ) ;
#1997 = DIRECTION ( 'NONE',  ( -0.9781476007338064660, 0.2079116908177556511, 0.000000000000000000 ) ) ;
#1998 = ORIENTED_EDGE ( 'NONE', *, *, #4463, .F. ) ;
#1999 = EDGE_LOOP ( 'NONE', ( #3271, #4987, #857, #2392 ) ) ;
#2000 = VECTOR ( 'NONE', #950, 1000.000000000000000 ) ;
#2001 = DIRECTION ( 'NONE',  ( -1.000000000000000000, 0.000000000000000000, 0.000000000000000000 ) ) ;
#2002 = EDGE_CURVE ( 'NONE', #5152, #2459, #134, .T. ) ;
#2003 = DIRECTION ( 'NONE',  ( 1.000000000000000000, 0.000000000000000000, 0.000000000000000000 ) ) ;
#2004 = DIRECTION ( 'NONE',  ( -0.000000000000000000, -0.000000000000000000, -1.000000000000000000 ) ) ;
#2005 = VERTEX_POINT ( 'NONE', #1341 ) ;
#2006 = DIRECTION ( 'NONE',  ( -0.000000000000000000, -0.000000000000000000, -1.000000000000000000 ) ) ;
#2007 = EDGE_LOOP ( 'NONE', ( #3162, #4388, #3337, #4909 ) ) ;
#2008 = VECTOR ( 'NONE', #2522, 1000.000000000000114 ) ;
#2009 = VECTOR ( 'NONE', #2720, 1000.000000000000000 ) ;
#2010 = CARTESIAN_POINT ( 'NONE',  ( -1.149999999999999467, 1.050000000000000044, -1.275000000000000577 ) ) ;
#2011 = EDGE_CURVE ( 'NONE', #2356, #1982, #900, .T. ) ;
#2012 = ORIENTED_EDGE ( 'NONE', *, *, #1949, .F. ) ;
#2013 = DIRECTION ( 'NONE',  ( 0.000000000000000000, 1.000000000000000000, 0.000000000000000000 ) ) ;
#2014 = AXIS2_PLACEMENT_3D ( 'NONE', #3521, #3904, #2667 ) ;
#2015 = DIRECTION ( 'NONE',  ( 0.000000000000000000, 0.9781476007338061329, -0.2079116908177569001 ) ) ;
#2016 = VERTEX_POINT ( 'NONE', #1312 ) ;
#2017 = LINE ( 'NONE', #5165, #166 ) ;
#2018 = PLANE ( 'NONE',  #3111 ) ;
#2019 = CLOSED_SHELL ( 'NONE', ( #4511, #4381, #171, #2395, #3642, #1795, #1463, #4015, #3419, #229, #204, #4155, #4456, #4632, #1371, #4875, #5073, #3165, #1935, #5180, #5122, #949, #4591, #5151, #3658, #3094, #4112, #4979, #3 ) ) ;
#2020 = LINE ( 'NONE', #4497, #5210 ) ;
#2021 = VERTEX_POINT ( 'NONE', #2924 ) ;
#2022 = DIRECTION ( 'NONE',  ( -1.000000000000000000, 0.000000000000000000, 0.000000000000000000 ) ) ;
#2023 = ORIENTED_EDGE ( 'NONE', *, *, #1450, .F. ) ;
#2024 = EDGE_CURVE ( 'NONE', #1292, #624, #1730, .T. ) ;
#2025 = VERTEX_POINT ( 'NONE', #4092 ) ;
#2026 =( LENGTH_UNIT ( ) NAMED_UNIT ( * ) SI_UNIT ( .MILLI., .METRE. ) );
#2027 = AXIS2_PLACEMENT_3D ( 'NONE', #2363, #1847, #3466 ) ;
#2028 = EDGE_CURVE ( 'NONE', #4917, #2651, #5006, .T. ) ;
#2029 = CARTESIAN_POINT ( 'NONE',  ( -1.753037081243900230, 0.4360322556661242466, 0.1099999999999999589 ) ) ;
#2030 = VECTOR ( 'NONE', #1762, 1000.000000000000000 ) ;
#2031 = DIRECTION ( 'NONE',  ( -0.000000000000000000, -0.000000000000000000, -1.000000000000000000 ) ) ;
#2032 = ORIENTED_EDGE ( 'NONE', *, *, #2334, .T. ) ;
#2033 = EDGE_CURVE ( 'NONE', #4147, #2168, #2848, .T. ) ;
#2034 = CARTESIAN_POINT ( 'NONE',  ( 2.440579527876271637, -7.231105290834467174E-20, -0.6100000000000000977 ) ) ;
#2035 = ORIENTED_EDGE ( 'NONE', *, *, #4120, .F. ) ;
#2036 = VECTOR ( 'NONE', #1556, 1000.000000000000227 ) ;
#2037 = VECTOR ( 'NONE', #4093, 1000.000000000000000 ) ;
#2038 = DIRECTION ( 'NONE',  ( 1.000000000000000000, 0.000000000000000000, 0.000000000000000000 ) ) ;
#2039 = AXIS2_PLACEMENT_3D ( 'NONE', #3534, #3218, #5284 ) ;
#2040 = VERTEX_POINT ( 'NONE', #2129 ) ;
#2041 = CARTESIAN_POINT ( 'NONE',  ( 1.920000000000000373, 0.2539999999999984492, -1.110000000000000098 ) ) ;
#2042 = EDGE_CURVE ( 'NONE', #251, #4961, #2077, .T. ) ;
#2043 = ORIENTED_EDGE ( 'NONE', *, *, #2191, .T. ) ;
#2044 = PRESENTATION_STYLE_ASSIGNMENT (( #4157 ) ) ;
#2045 = DIRECTION ( 'NONE',  ( -1.000000000000000000, 0.000000000000000000, 0.000000000000000000 ) ) ;
#2046 = ORIENTED_EDGE ( 'NONE', *, *, #5235, .T. ) ;
#2047 = CARTESIAN_POINT ( 'NONE',  ( 1.753037081243900230, 0.5615000000000029967, 0.6099999999999999867 ) ) ;
#2048 = EDGE_CURVE ( 'NONE', #761, #426, #2460, .T. ) ;
#2049 = CARTESIAN_POINT ( 'NONE',  ( -1.753037081243900230, 0.5615000000000029967, 1.109999999999999876 ) ) ;
#2050 = VERTEX_POINT ( 'NONE', #4959 ) ;
#2051 = ORIENTED_EDGE ( 'NONE', *, *, #4095, .T. ) ;
#2052 = ORIENTED_EDGE ( 'NONE', *, *, #779, .F. ) ;
#2053 = EDGE_CURVE ( 'NONE', #2184, #3365, #1818, .T. ) ;
#2054 = EDGE_CURVE ( 'NONE', #4902, #4413, #4578, .T. ) ;
#2055 = CARTESIAN_POINT ( 'NONE',  ( 2.096066568132076924, 0.2914241043471944015, 0.6099999999999999867 ) ) ;
#2056 = CARTESIAN_POINT ( 'NONE',  ( 1.500000000000000444, 0.5615000000000029967, -1.414999999999999813 ) ) ;
#2057 = VERTEX_POINT ( 'NONE', #4554 ) ;
#2058 = CARTESIAN_POINT ( 'NONE',  ( -2.202805594720656845, 0.01246120380807877286, -0.3900000000000000688 ) ) ;
#2059 = DIRECTION ( 'NONE',  ( -1.000000000000000000, 0.000000000000000000, 0.000000000000000000 ) ) ;
#2060 = DIRECTION ( 'NONE',  ( 0.2079116908177556233, 0.9781476007338063550, 0.000000000000000000 ) ) ;
#2061 = EDGE_LOOP ( 'NONE', ( #245, #4905, #1244, #984 ) ) ;
#2062 = EDGE_CURVE ( 'NONE', #1249, #3168, #3252, .T. ) ;
#2063 = CARTESIAN_POINT ( 'NONE',  ( 2.096066568132076924, 0.2914241043471944015, -0.3900000000000000688 ) ) ;
#2064 = LINE ( 'NONE', #2885, #140 ) ;
#2065 = ORIENTED_EDGE ( 'NONE', *, *, #2484, .T. ) ;
#2066 = PLANE ( 'NONE',  #4436 ) ;
#2067 = CARTESIAN_POINT ( 'NONE',  ( 1.499999999999999556, 0.5615000000000029967, -0.6100000000000000977 ) ) ;
#2068 = VERTEX_POINT ( 'NONE', #2108 ) ;
#2069 = DIRECTION ( 'NONE',  ( -1.000000000000000000, 4.284756080633293834E-16, 0.000000000000000000 ) ) ;
#2070 = AXIS2_PLACEMENT_3D ( 'NONE', #5241, #1610, #1166 ) ;
#2071 = DIRECTION ( 'NONE',  ( -0.000000000000000000, -0.000000000000000000, -1.000000000000000000 ) ) ;
#2072 = ORIENTED_EDGE ( 'NONE', *, *, #545, .F. ) ;
#2073 = ORIENTED_EDGE ( 'NONE', *, *, #445, .F. ) ;
#2074 = ORIENTED_EDGE ( 'NONE', *, *, #4613, .T. ) ;
#2075 = ADVANCED_FACE ( 'NONE', ( #57 ), #1290, .T. ) ;
#2076 = VECTOR ( 'NONE', #4602, 1000.000000000000000 ) ;
#2077 = LINE ( 'NONE', #421, #2751 ) ;
#2078 = AXIS2_PLACEMENT_3D ( 'NONE', #3003, #1468, #2573 ) ;
#2079 = LINE ( 'NONE', #4556, #2501 ) ;
#2080 = ORIENTED_EDGE ( 'NONE', *, *, #1575, .T. ) ;
#2081 = LINE ( 'NONE', #3705, #4123 ) ;
#2082 = DIRECTION ( 'NONE',  ( -0.000000000000000000, -0.000000000000000000, -1.000000000000000000 ) ) ;
#2083 = DIRECTION ( 'NONE',  ( 0.9986295347545742773, 0.05233595624293843618, 0.000000000000000000 ) ) ;
#2084 = CARTESIAN_POINT ( 'NONE',  ( -1.920000000000000373, 0.2540000000000000036, -0.6100000000000000977 ) ) ;
#2085 = VERTEX_POINT ( 'NONE', #1260 ) ;
#2086 =( LENGTH_UNIT ( ) NAMED_UNIT ( * ) SI_UNIT ( .MILLI., .METRE. ) );
#2087 = VECTOR ( 'NONE', #3135, 1000.000000000000114 ) ;
#2088 = DIRECTION ( 'NONE',  ( 1.000000000000000000, 0.000000000000000000, -0.000000000000000000 ) ) ;
#2089 = VECTOR ( 'NONE', #2268, 1000.000000000000000 ) ;
#2090 = VECTOR ( 'NONE', #2181, 1000.000000000000000 ) ;
#2091 = ORIENTED_EDGE ( 'NONE', *, *, #580, .F. ) ;
#2092 = EDGE_CURVE ( 'NONE', #1380, #988, #866, .T. ) ;
#2093 = EDGE_CURVE ( 'NONE', #1009, #4136, #1681, .T. ) ;
#2094 = AXIS2_PLACEMENT_3D ( 'NONE', #1523, #5196, #2790 ) ;
#2095 = DIRECTION ( 'NONE',  ( -0.000000000000000000, -0.000000000000000000, -1.000000000000000000 ) ) ;
#2096 = CIRCLE ( 'NONE', #3112, 0.1254677443338788057 ) ;
#2097 = PLANE ( 'NONE',  #1587 ) ;
#2098 = ORIENTED_EDGE ( 'NONE', *, *, #4056, .F. ) ;
#2099 = VECTOR ( 'NONE', #564, 1000.000000000000114 ) ;
#2100 = FACE_OUTER_BOUND ( 'NONE', #1309, .T. ) ;
#2101 = EDGE_CURVE ( 'NONE', #594, #4479, #115, .T. ) ;
#2102 = DIRECTION ( 'NONE',  ( -0.000000000000000000, -0.000000000000000000, -1.000000000000000000 ) ) ;
#2103 = ORIENTED_EDGE ( 'NONE', *, *, #2396, .T. ) ;
#2104 = VERTEX_POINT ( 'NONE', #1807 ) ;
#2105 = EDGE_LOOP ( 'NONE', ( #1973, #47, #4852, #2952, #1073, #1177, #794, #1485 ) ) ;
#2106 = AXIS2_PLACEMENT_3D ( 'NONE', #5154, #1508, #1875 ) ;
#2107 = EDGE_CURVE ( 'NONE', #4010, #4887, #210, .T. ) ;
#2108 = CARTESIAN_POINT ( 'NONE',  ( -2.202805594720656845, 0.01246120380807877286, -0.3900000000000000688 ) ) ;
#2109 = LINE ( 'NONE', #1369, #3015 ) ;
#2110 = ORIENTED_EDGE ( 'NONE', *, *, #2011, .F. ) ;
#2111 = CARTESIAN_POINT ( 'NONE',  ( -2.202805594720656845, 0.01246120380807877286, 0.3899999999999999578 ) ) ;
#2112 = CARTESIAN_POINT ( 'NONE',  ( -2.051829622465644043, 0.4995425708808653442, 1.109999999999999876 ) ) ;
#2113 = FACE_OUTER_BOUND ( 'NONE', #986, .T. ) ;
#2114 = VERTEX_POINT ( 'NONE', #1866 ) ;
#2115 = DIRECTION ( 'NONE',  ( -1.000000000000000000, 0.000000000000000000, 0.000000000000000000 ) ) ;
#2116 = CARTESIAN_POINT ( 'NONE',  ( 1.920000000000000373, 0.2539999999999984492, 0.3899999999999999578 ) ) ;
#2117 = AXIS2_PLACEMENT_3D ( 'NONE', #1070, #673, #1561 ) ;
#2118 = ORIENTED_EDGE ( 'NONE', *, *, #2461, .T. ) ;
#2119 = EDGE_CURVE ( 'NONE', #3213, #3206, #1327, .T. ) ;
#2120 = EDGE_CURVE ( 'NONE', #2168, #1277, #3268, .T. ) ;
#2121 = CARTESIAN_POINT ( 'NONE',  ( 1.753037081243900230, 0.5615000000000029967, 0.1099999999999999589 ) ) ;
#2122 = ORIENTED_EDGE ( 'NONE', *, *, #2198, .T. ) ;
#2123 = ORIENTED_EDGE ( 'NONE', *, *, #4799, .F. ) ;
#2124 = CYLINDRICAL_SURFACE ( 'NONE', #4237, 0.1254677443338790277 ) ;
#2125 = EDGE_CURVE ( 'NONE', #4413, #4479, #1024, .T. ) ;
#2126 = ORIENTED_EDGE ( 'NONE', *, *, #3943, .T. ) ;
#2127 = ORIENTED_EDGE ( 'NONE', *, *, #4314, .F. ) ;
#2128 = EDGE_LOOP ( 'NONE', ( #3970, #3414, #1077, #2787, #3041, #735, #3483, #3202, #2196, #1879, #4598, #1457 ) ) ;
#2129 = CARTESIAN_POINT ( 'NONE',  ( 1.415000000000000702, 0.7414999999999947189, -1.500000000000000000 ) ) ;
#2130 = CARTESIAN_POINT ( 'NONE',  ( 1.875763054333566382, 0.4621184665336710018, 0.3899999999999999578 ) ) ;
#2131 = ORIENTED_EDGE ( 'NONE', *, *, #2702, .F. ) ;
#2132 = LINE ( 'NONE', #1760, #3853 ) ;
#2133 = DIRECTION ( 'NONE',  ( 0.05233595624293888027, 0.9986295347545741663, -0.000000000000000000 ) ) ;
#2134 = PLANE ( 'NONE',  #1354 ) ;
#2135 = DIRECTION ( 'NONE',  ( 0.000000000000000000, 1.000000000000000000, 0.000000000000000000 ) ) ;
#2136 = CARTESIAN_POINT ( 'NONE',  ( 2.212226066844385386, 0.1922145200638937790, 1.109999999999999876 ) ) ;
#2137 = DIRECTION ( 'NONE',  ( -0.9986295347545741663, -0.05233595624293842924, 0.000000000000000000 ) ) ;
#2138 = ORIENTED_EDGE ( 'NONE', *, *, #4620, .T. ) ;
#2139 = PLANE ( 'NONE',  #2893 ) ;
#2140 = ORIENTED_EDGE ( 'NONE', *, *, #4868, .T. ) ;
#2141 = DIRECTION ( 'NONE',  ( -1.000000000000000000, 0.000000000000000000, 0.000000000000000000 ) ) ;
#2142 = ORIENTED_EDGE ( 'NONE', *, *, #3782, .F. ) ;
#2143 = PLANE ( 'NONE',  #3883 ) ;
#2144 = VERTEX_POINT ( 'NONE', #5142 ) ;
#2145 = CARTESIAN_POINT ( 'NONE',  ( 1.499999999999999556, 0.5615000000000029967, 0.6099999999999999867 ) ) ;
#2146 = AXIS2_PLACEMENT_3D ( 'NONE', #2185, #523, #953 ) ;
#2147 = VERTEX_POINT ( 'NONE', #4248 ) ;
#2148 = ORIENTED_EDGE ( 'NONE', *, *, #2736, .F. ) ;
#2149 = SURFACE_STYLE_USAGE ( .BOTH. , #1728 ) ;
#2150 = ADVANCED_FACE ( 'NONE', ( #3030 ), #5063, .F. ) ;
#2151 = EDGE_CURVE ( 'NONE', #1301, #1417, #3778, .T. ) ;
#2152 = CARTESIAN_POINT ( 'NONE',  ( -1.499999999999999556, 0.7414999999999947189, 0.1099999999999999589 ) ) ;
#2153 = DIRECTION ( 'NONE',  ( -1.000000000000000000, 0.000000000000000000, 0.000000000000000000 ) ) ;
#2154 = LINE ( 'NONE', #3353, #1837 ) ;
#2155 = CARTESIAN_POINT ( 'NONE',  ( -1.414999999999999591, 0.5615000000000029967, -1.415000000000000258 ) ) ;
#2156 = CARTESIAN_POINT ( 'NONE',  ( -1.753037081243900230, 0.5615000000000029967, 0.1099999999999999589 ) ) ;
#2157 = EDGE_CURVE ( 'NONE', #1974, #4356, #626, .T. ) ;
#2158 = CARTESIAN_POINT ( 'NONE',  ( -1.414999999999999591, -4.242640687119283882, 1.414999999999999813 ) ) ;
#2159 = AXIS2_PLACEMENT_3D ( 'NONE', #3090, #4719, #584 ) ;
#2160 = DIRECTION ( 'NONE',  ( -1.000000000000000000, -4.284756080633293834E-16, -0.000000000000000000 ) ) ;
#2161 = CARTESIAN_POINT ( 'NONE',  ( -2.218792541221743519, 0.3175103152147410457, -0.8900000000000000133 ) ) ;
#2162 = VERTEX_POINT ( 'NONE', #3810 ) ;
#2163 = VECTOR ( 'NONE', #4330, 1000.000000000000114 ) ;
#2164 = AXIS2_PLACEMENT_3D ( 'NONE', #4434, #1839, #3031 ) ;
#2165 = EDGE_CURVE ( 'NONE', #4581, #1713, #2255, .T. ) ;
#2166 = EDGE_LOOP ( 'NONE', ( #2937, #511, #2388, #3108 ) ) ;
#2167 = DIRECTION ( 'NONE',  ( 0.000000000000000000, 0.000000000000000000, 1.000000000000000000 ) ) ;
#2168 = VERTEX_POINT ( 'NONE', #4652 ) ;
#2169 = DIRECTION ( 'NONE',  ( -0.000000000000000000, -0.000000000000000000, -1.000000000000000000 ) ) ;
#2170 = DIRECTION ( 'NONE',  ( 0.2079116908177556233, 0.9781476007338063550, 0.000000000000000000 ) ) ;
#2171 = AXIS2_PLACEMENT_3D ( 'NONE', #776, #351, #4824 ) ;
#2172 = AXIS2_PLACEMENT_3D ( 'NONE', #1149, #3564, #3220 ) ;
#2173 = VERTEX_POINT ( 'NONE', #4711 ) ;
#2174 = VECTOR ( 'NONE', #2069, 1000.000000000000000 ) ;
#2175 = FACE_OUTER_BOUND ( 'NONE', #2370, .T. ) ;
#2176 = ORIENTED_EDGE ( 'NONE', *, *, #1209, .F. ) ;
#2177 = ORIENTED_EDGE ( 'NONE', *, *, #1387, .T. ) ;
#2178 = CIRCLE ( 'NONE', #5191, 0.1250000000000003331 ) ;
#2179 = DIRECTION ( 'NONE',  ( -0.9986295347545741663, 0.05233595624293842924, -0.000000000000000000 ) ) ;
#2180 = ADVANCED_FACE ( 'NONE', ( #3376 ), #2631, .F. ) ;
#2181 = DIRECTION ( 'NONE',  ( 1.000000000000000000, 0.000000000000000000, 0.000000000000000000 ) ) ;
#2182 = EDGE_CURVE ( 'NONE', #73, #4111, #4272, .T. ) ;
#2183 = EDGE_LOOP ( 'NONE', ( #2858, #2756, #1684, #3116 ) ) ;
#2184 = VERTEX_POINT ( 'NONE', #3858 ) ;
#2185 = CARTESIAN_POINT ( 'NONE',  ( 2.218792541221743519, 0.3175103152147410457, -0.6100000000000000977 ) ) ;
#2186 = CARTESIAN_POINT ( 'NONE',  ( -1.499999999999999556, 0.7414999999999947189, -1.415000000000000258 ) ) ;
#2187 = FACE_OUTER_BOUND ( 'NONE', #3370, .T. ) ;
#2188 = CIRCLE ( 'NONE', #2266, 0.1254677443338790277 ) ;
#2189 = LINE ( 'NONE', #5045, #4741 ) ;
#2190 = FACE_OUTER_BOUND ( 'NONE', #4476, .T. ) ;
#2191 = EDGE_CURVE ( 'NONE', #2566, #4128, #235, .T. ) ;
#2192 = ORIENTED_EDGE ( 'NONE', *, *, #374, .F. ) ;
#2193 = VERTEX_POINT ( 'NONE', #1838 ) ;
#2194 = CARTESIAN_POINT ( 'NONE',  ( 1.499999999999999556, 0.7414999999999947189, -0.1100000000000000699 ) ) ;
#2195 = AXIS2_PLACEMENT_3D ( 'NONE', #1211, #2409, #4062 ) ;
#2196 = ORIENTED_EDGE ( 'NONE', *, *, #1255, .T. ) ;
#2197 = CARTESIAN_POINT ( 'NONE',  ( 1.753037081243900230, 0.4360322556661242466, -0.8900000000000000133 ) ) ;
#2198 = EDGE_CURVE ( 'NONE', #1535, #3068, #2977, .T. ) ;
#2199 = FILL_AREA_STYLE_COLOUR ( '', #1693 ) ;
#2200 = VECTOR ( 'NONE', #2004, 1000.000000000000000 ) ;
#2201 = CARTESIAN_POINT ( 'NONE',  ( 1.499999999999999556, 0.7414999999999947189, 1.109999999999999876 ) ) ;
#2202 = CARTESIAN_POINT ( 'NONE',  ( -1.149999999999999467, 1.050000000000000044, -1.150000000000000133 ) ) ;
#2203 = EDGE_LOOP ( 'NONE', ( #3751, #1750, #4637, #2219 ) ) ;
#2204 = APPLICATION_PROTOCOL_DEFINITION ( 'draft international standard', 'automotive_design', 1998, #4085 ) ;
#2205 = CARTESIAN_POINT ( 'NONE',  ( 2.450000000000000178, 0.1797533162558151154, 0.3899999999999999578 ) ) ;
#2206 = DIRECTION ( 'NONE',  ( -0.000000000000000000, -1.000000000000000000, -0.000000000000000000 ) ) ;
#2207 = ORIENTED_EDGE ( 'NONE', *, *, #3296, .F. ) ;
#2208 = CARTESIAN_POINT ( 'NONE',  ( -1.875763054333566382, 0.4621184665336710018, 0.1099999999999999589 ) ) ;
#2209 = DIRECTION ( 'NONE',  ( -1.000000000000000000, 0.000000000000000000, 0.000000000000000000 ) ) ;
#2210 = EDGE_CURVE ( 'NONE', #3345, #263, #4191, .T. ) ;
#2211 = DIRECTION ( 'NONE',  ( 1.000000000000000000, -4.284756080633293341E-16, 0.000000000000000000 ) ) ;
#2212 = CARTESIAN_POINT ( 'NONE',  ( 1.499999999999999556, 0.7414999999999947189, -0.1100000000000000699 ) ) ;
#2213 = ORIENTED_EDGE ( 'NONE', *, *, #2024, .T. ) ;
#2214 = EDGE_CURVE ( 'NONE', #639, #4969, #69, .T. ) ;
#2215 = EDGE_CURVE ( 'NONE', #3432, #53, #4215, .T. ) ;
#2216 = AXIS2_PLACEMENT_3D ( 'NONE', #4403, #4803, #1144 ) ;
#2217 = CYLINDRICAL_SURFACE ( 'NONE', #3597, 0.3054677443338705833 ) ;
#2218 = ORIENTED_EDGE ( 'NONE', *, *, #4103, .F. ) ;
#2219 = ORIENTED_EDGE ( 'NONE', *, *, #4271, .T. ) ;
#2220 = DIRECTION ( 'NONE',  ( -1.000000000000000000, 0.000000000000000000, 0.000000000000000000 ) ) ;
#2221 = DIRECTION ( 'NONE',  ( 1.000000000000000000, 0.000000000000000000, 0.000000000000000000 ) ) ;
#2222 = FACE_OUTER_BOUND ( 'NONE', #1180, .T. ) ;
#2223 = DIRECTION ( 'NONE',  ( 0.9986295347545741663, 0.05233595624293842924, 0.000000000000000000 ) ) ;
#2224 = CARTESIAN_POINT ( 'NONE',  ( -2.440579527876271637, -7.231105290834467174E-20, 0.3899999999999999578 ) ) ;
#2225 = ORIENTED_EDGE ( 'NONE', *, *, #2507, .T. ) ;
#2226 = DIRECTION ( 'NONE',  ( -0.000000000000000000, -0.000000000000000000, -1.000000000000000000 ) ) ;
#2227 = LINE ( 'NONE', #3182, #4576 ) ;
#2228 = ORIENTED_EDGE ( 'NONE', *, *, #1476, .F. ) ;
#2229 = EDGE_CURVE ( 'NONE', #4164, #3955, #3889, .T. ) ;
#2230 = LINE ( 'NONE', #3117, #4295 ) ;
#2231 = AXIS2_PLACEMENT_3D ( 'NONE', #2857, #2390, #4100 ) ;
#2232 = DIRECTION ( 'NONE',  ( 0.000000000000000000, 1.000000000000000000, 0.000000000000000000 ) ) ;
#2233 = DIRECTION ( 'NONE',  ( -0.000000000000000000, 1.000000000000000000, -0.000000000000000000 ) ) ;
#2234 = DIRECTION ( 'NONE',  ( 1.000000000000000000, 0.000000000000000000, 0.000000000000000000 ) ) ;
#2235 = ORIENTED_EDGE ( 'NONE', *, *, #5114, .F. ) ;
#2236 = AXIS2_PLACEMENT_3D ( 'NONE', #3489, #5068, #1845 ) ;
#2237 = DIRECTION ( 'NONE',  ( -0.000000000000000000, -0.000000000000000000, -1.000000000000000000 ) ) ;
#2238 = ADVANCED_FACE ( 'NONE', ( #1368 ), #2654, .F. ) ;
#2239 = VECTOR ( 'NONE', #891, 1000.000000000000000 ) ;
#2240 = EDGE_CURVE ( 'NONE', #4179, #4262, #234, .T. ) ;
#2241 = LINE ( 'NONE', #5076, #1162 ) ;
#2242 = ORIENTED_EDGE ( 'NONE', *, *, #4876, .F. ) ;
#2243 = CARTESIAN_POINT ( 'NONE',  ( -1.414999999999999591, 1.100000000000000089, -1.423798472641297330 ) ) ;
#2244 = DIRECTION ( 'NONE',  ( -0.9781476007338070211, -0.2079116908177527367, 0.000000000000000000 ) ) ;
#2245 = FACE_OUTER_BOUND ( 'NONE', #5058, .T. ) ;
#2246 = MECHANICAL_DESIGN_GEOMETRIC_PRESENTATION_REPRESENTATION (  '', ( #1496 ), #3527 ) ;
#2247 = EDGE_CURVE ( 'NONE', #2114, #639, #4004, .T. ) ;
#2248 = CARTESIAN_POINT ( 'NONE',  ( -1.753037081243900230, 0.4360322556661242466, -0.3900000000000000688 ) ) ;
#2249 = CARTESIAN_POINT ( 'NONE',  ( 1.500000000000000444, 0.7414999999999947189, 1.414999999999999813 ) ) ;
#2250 = LINE ( 'NONE', #3215, #5201 ) ;
#2251 = ORIENTED_EDGE ( 'NONE', *, *, #2240, .F. ) ;
#2252 = VECTOR ( 'NONE', #4640, 1000.000000000000000 ) ;
#2253 = VECTOR ( 'NONE', #4170, 1000.000000000000000 ) ;
#2254 = CIRCLE ( 'NONE', #1086, 0.3054677443338703613 ) ;
#2255 = LINE ( 'NONE', #575, #2925 ) ;
#2256 = ORIENTED_EDGE ( 'NONE', *, *, #132, .F. ) ;
#2257 = ORIENTED_EDGE ( 'NONE', *, *, #997, .F. ) ;
#2258 = DIRECTION ( 'NONE',  ( 1.000000000000000000, -4.284756080633293341E-16, 0.000000000000000000 ) ) ;
#2259 = VECTOR ( 'NONE', #1458, 1000.000000000000227 ) ;
#2260 = CARTESIAN_POINT ( 'NONE',  ( 2.450000000000000178, 0.1797533162558151154, 0.1099999999999999589 ) ) ;
#2261 = DIRECTION ( 'NONE',  ( -4.284756080633293341E-16, -1.000000000000000000, 0.000000000000000000 ) ) ;
#2262 = AXIS2_PLACEMENT_3D ( 'NONE', #3495, #4778, #691 ) ;
#2263 = CARTESIAN_POINT ( 'NONE',  ( -2.096066568132076924, 0.2914241043471944015, -0.8900000000000000133 ) ) ;
#2264 = DIRECTION ( 'NONE',  ( 0.000000000000000000, 0.000000000000000000, 1.000000000000000000 ) ) ;
#2265 = EDGE_LOOP ( 'NONE', ( #302, #247, #1079, #3976 ) ) ;
#2266 = AXIS2_PLACEMENT_3D ( 'NONE', #5223, #2376, #1224 ) ;
#2267 = CARTESIAN_POINT ( 'NONE',  ( 1.499999999999999556, 0.7414999999999947189, 0.8899999999999999023 ) ) ;
#2268 = DIRECTION ( 'NONE',  ( -0.000000000000000000, -0.000000000000000000, -1.000000000000000000 ) ) ;
#2269 = VERTEX_POINT ( 'NONE', #3623 ) ;
#2270 = CARTESIAN_POINT ( 'NONE',  ( 2.440579527876271637, -7.231105290834467174E-20, -1.110000000000000098 ) ) ;
#2271 = CARTESIAN_POINT ( 'NONE',  ( -1.149999999999999467, 1.050000000000000044, -1.275000000000000577 ) ) ;
#2272 = EDGE_CURVE ( 'NONE', #2147, #1322, #1947, .T. ) ;
#2273 = ADVANCED_FACE ( 'NONE', ( #365 ), #1972, .T. ) ;
#2274 = CARTESIAN_POINT ( 'NONE',  ( 1.415000000000000702, 0.2030000000000000138, -1.415000000000000258 ) ) ;
#2275 = DIRECTION ( 'NONE',  ( 4.284756080633293341E-16, -1.000000000000000000, 0.000000000000000000 ) ) ;
#2276 = PLANE ( 'NONE',  #4940 ) ;
#2277 = ORIENTED_EDGE ( 'NONE', *, *, #635, .F. ) ;
#2278 = AXIS2_PLACEMENT_3D ( 'NONE', #4013, #2527, #95 ) ;
#2279 =( LENGTH_UNIT ( ) NAMED_UNIT ( * ) SI_UNIT ( .MILLI., .METRE. ) );
#2280 = LINE ( 'NONE', #5227, #3965 ) ;
#2281 = ADVANCED_FACE ( 'NONE', ( #5166 ), #5229, .T. ) ;
#2282 = AXIS2_PLACEMENT_3D ( 'NONE', #3388, #502, #4260 ) ;
#2283 = CARTESIAN_POINT ( 'NONE',  ( -1.499999999999999556, 0.7414999999999947189, 0.6099999999999999867 ) ) ;
#2284 = EDGE_LOOP ( 'NONE', ( #4329, #2257, #3772, #2140 ) ) ;
#2285 = ORIENTED_EDGE ( 'NONE', *, *, #2610, .T. ) ;
#2286 = DIRECTION ( 'NONE',  ( -0.000000000000000000, -0.000000000000000000, -1.000000000000000000 ) ) ;
#2287 = CYLINDRICAL_SURFACE ( 'NONE', #751, 0.1254677443338788057 ) ;
#2288 = DIRECTION ( 'NONE',  ( -1.000000000000000000, 0.000000000000000000, 0.000000000000000000 ) ) ;
#2289 = FACE_OUTER_BOUND ( 'NONE', #4528, .T. ) ;
#2290 = CARTESIAN_POINT ( 'NONE',  ( -2.218792541221743519, 0.3175103152147410457, -0.8900000000000000133 ) ) ;
#2291 = DIRECTION ( 'NONE',  ( -0.9986295347545741663, 0.05233595624293842924, -0.000000000000000000 ) ) ;
#2292 = ORIENTED_EDGE ( 'NONE', *, *, #615, .F. ) ;
#2293 = LINE ( 'NONE', #4670, #2259 ) ;
#2294 = CARTESIAN_POINT ( 'NONE',  ( 1.753037081243900230, 0.5615000000000029967, 0.6099999999999999867 ) ) ;
#2295 = ORIENTED_EDGE ( 'NONE', *, *, #2970, .T. ) ;
#2296 = DIRECTION ( 'NONE',  ( -0.9986295347545742773, 0.05233595624293843618, 0.000000000000000000 ) ) ;
#2297 = CARTESIAN_POINT ( 'NONE',  ( 2.212226066844385386, 0.1922145200638937790, -0.6100000000000000977 ) ) ;
#2298 = PLANE ( 'NONE',  #2117 ) ;
#2299 = CARTESIAN_POINT ( 'NONE',  ( -1.753037081243900230, 0.7414999999999948299, -0.3900000000000000688 ) ) ;
#2300 = SURFACE_STYLE_FILL_AREA ( #3613 ) ;
#2301 = ORIENTED_EDGE ( 'NONE', *, *, #4113, .T. ) ;
#2302 = CARTESIAN_POINT ( 'NONE',  ( 2.051829622465644043, 0.4995425708808653442, 0.1099999999999999589 ) ) ;
#2303 = DIRECTION ( 'NONE',  ( -0.000000000000000000, 0.000000000000000000, -1.000000000000000000 ) ) ;
#2304 = ORIENTED_EDGE ( 'NONE', *, *, #5273, .F. ) ;
#2305 = EDGE_CURVE ( 'NONE', #4777, #4978, #1104, .T. ) ;
#2306 = EDGE_LOOP ( 'NONE', ( #5009, #3960, #338, #5145 ) ) ;
#2307 = EDGE_CURVE ( 'NONE', #885, #3876, #785, .T. ) ;
#2308 = FACE_OUTER_BOUND ( 'NONE', #3823, .T. ) ;
#2309 = PLANE ( 'NONE',  #4519 ) ;
#2310 = DIRECTION ( 'NONE',  ( 1.000000000000000000, 0.000000000000000000, 0.000000000000000000 ) ) ;
#2311 = CARTESIAN_POINT ( 'NONE',  ( 1.753037081243900230, 0.4360322556661242466, -0.3900000000000000688 ) ) ;
#2312 = EDGE_LOOP ( 'NONE', ( #2685, #3999, #2896, #4075 ) ) ;
#2313 = EDGE_CURVE ( 'NONE', #53, #4413, #4028, .T. ) ;
#2314 = DIRECTION ( 'NONE',  ( 1.000000000000000000, 0.000000000000000000, 0.000000000000000000 ) ) ;
#2315 = ORIENTED_EDGE ( 'NONE', *, *, #400, .T. ) ;
#2316 = DIRECTION ( 'NONE',  ( 1.000000000000000000, -4.284756080633293341E-16, 0.000000000000000000 ) ) ;
#2317 = DIRECTION ( 'NONE',  ( -1.000000000000000000, 0.000000000000000000, 0.000000000000000000 ) ) ;
#2318 = ORIENTED_EDGE ( 'NONE', *, *, #1863, .T. ) ;
#2319 = DIRECTION ( 'NONE',  ( -0.000000000000000000, -0.000000000000000000, -1.000000000000000000 ) ) ;
#2320 = DIRECTION ( 'NONE',  ( -0.05233595624293888721, -0.9986295347545741663, 0.000000000000000000 ) ) ;
#2321 = CARTESIAN_POINT ( 'NONE',  ( 2.212226066844385386, 0.1922145200638938900, 1.109999999999999876 ) ) ;
#2322 = FACE_OUTER_BOUND ( 'NONE', #4825, .T. ) ;
#2323 = CARTESIAN_POINT ( 'NONE',  ( 1.920000000000000373, 0.2539999999999984492, -0.1100000000000000699 ) ) ;
#2324 = ORIENTED_EDGE ( 'NONE', *, *, #4950, .F. ) ;
#2325 = PLANE ( 'NONE',  #582 ) ;
#2326 = FACE_OUTER_BOUND ( 'NONE', #4423, .T. ) ;
#2327 = VECTOR ( 'NONE', #1330, 1000.000000000000000 ) ;
#2328 = VECTOR ( 'NONE', #3997, 1000.000000000000114 ) ;
#2329 = ORIENTED_EDGE ( 'NONE', *, *, #453, .T. ) ;
#2330 = ORIENTED_EDGE ( 'NONE', *, *, #3102, .T. ) ;
#2331 = VECTOR ( 'NONE', #1139, 1000.000000000000227 ) ;
#2332 = LINE ( 'NONE', #4007, #1446 ) ;
#2333 = VECTOR ( 'NONE', #4676, 1000.000000000000000 ) ;
#2334 = EDGE_CURVE ( 'NONE', #2085, #1326, #2710, .T. ) ;
#2335 = EDGE_CURVE ( 'NONE', #2919, #4179, #3141, .T. ) ;
#2336 = PLANE ( 'NONE',  #4992 ) ;
#2337 = DIRECTION ( 'NONE',  ( 0.000000000000000000, 0.000000000000000000, 1.000000000000000000 ) ) ;
#2338 = PLANE ( 'NONE',  #3719 ) ;
#2339 = VERTEX_POINT ( 'NONE', #3536 ) ;
#2340 = ADVANCED_FACE ( 'NONE', ( #1886 ), #3506, .T. ) ;
#2341 = CARTESIAN_POINT ( 'NONE',  ( -1.499999999999999556, 0.5615000000000029967, 0.8899999999999999023 ) ) ;
#2342 = ORIENTED_EDGE ( 'NONE', *, *, #4282, .F. ) ;
#2343 = AXIS2_PLACEMENT_3D ( 'NONE', #2426, #806, #360 ) ;
#2344 = LINE ( 'NONE', #1881, #1401 ) ;
#2345 = CLOSED_SHELL ( 'NONE', ( #335, #4690, #1771, #203, #4718, #3236, #3849, #1671, #3583, #99, #836, #843, #890, #2989 ) ) ;
#2346 = CARTESIAN_POINT ( 'NONE',  ( -2.212226066844385386, 0.1922145200638938900, -0.6100000000000000977 ) ) ;
#2347 = PLANE ( 'NONE',  #1682 ) ;
#2348 = ORIENTED_EDGE ( 'NONE', *, *, #3683, .T. ) ;
#2349 = LINE ( 'NONE', #3616, #3535 ) ;
#2350 = VECTOR ( 'NONE', #4069, 1000.000000000000114 ) ;
#2351 = CARTESIAN_POINT ( 'NONE',  ( -2.440579527876271637, -7.231105290834467174E-20, 1.109999999999999876 ) ) ;
#2352 = AXIS2_PLACEMENT_3D ( 'NONE', #701, #2553, #4659 ) ;
#2353 = ORIENTED_EDGE ( 'NONE', *, *, #3324, .F. ) ;
#2354 = CARTESIAN_POINT ( 'NONE',  ( 2.218792541221743519, 0.3175103152147410457, 0.6099999999999999867 ) ) ;
#2355 = CIRCLE ( 'NONE', #935, 0.1254677443338788057 ) ;
#2356 = VERTEX_POINT ( 'NONE', #1915 ) ;
#2357 = ORIENTED_EDGE ( 'NONE', *, *, #1601, .F. ) ;
#2358 = VECTOR ( 'NONE', #3170, 1000.000000000000114 ) ;
#2359 = DIRECTION ( 'NONE',  ( -0.000000000000000000, -0.000000000000000000, -1.000000000000000000 ) ) ;
#2360 = FACE_OUTER_BOUND ( 'NONE', #4058, .T. ) ;
#2361 = CARTESIAN_POINT ( 'NONE',  ( -2.051829622465644043, 0.4995425708808653442, -0.3900000000000000688 ) ) ;
#2362 = ORIENTED_EDGE ( 'NONE', *, *, #2866, .T. ) ;
#2363 = CARTESIAN_POINT ( 'NONE',  ( 1.753037081243900230, 0.4360322556661242466, 0.1099999999999999589 ) ) ;
#2364 = ORIENTED_EDGE ( 'NONE', *, *, #3520, .F. ) ;
#2365 = EDGE_CURVE ( 'NONE', #4991, #1009, #5197, .T. ) ;
#2366 = EDGE_CURVE ( 'NONE', #3417, #1153, #1132, .T. ) ;
#2367 = DIRECTION ( 'NONE',  ( 1.000000000000000000, 0.000000000000000000, 0.000000000000000000 ) ) ;
#2368 = ORIENTED_EDGE ( 'NONE', *, *, #702, .T. ) ;
#2369 = CARTESIAN_POINT ( 'NONE',  ( 2.218792541221743519, 0.3175103152147410457, -0.8900000000000000133 ) ) ;
#2370 = EDGE_LOOP ( 'NONE', ( #5158, #4309, #1168, #4646 ) ) ;
#2371 = EDGE_CURVE ( 'NONE', #3395, #1615, #258, .T. ) ;
#2372 = EDGE_CURVE ( 'NONE', #4050, #639, #1860, .T. ) ;
#2373 = PLANE ( 'NONE',  #1210 ) ;
#2374 = CARTESIAN_POINT ( 'NONE',  ( -2.218792541221743519, 0.3175103152147410457, 1.109999999999999876 ) ) ;
#2375 =( LENGTH_UNIT ( ) NAMED_UNIT ( * ) SI_UNIT ( .MILLI., .METRE. ) );
#2376 = DIRECTION ( 'NONE',  ( -0.000000000000000000, -0.000000000000000000, -1.000000000000000000 ) ) ;
#2377 = ORIENTED_EDGE ( 'NONE', *, *, #2771, .F. ) ;
#2378 = DIRECTION ( 'NONE',  ( -0.000000000000000000, -0.000000000000000000, -1.000000000000000000 ) ) ;
#2379 = CARTESIAN_POINT ( 'NONE',  ( -1.753037081243900230, 0.4360322556661242466, 0.3899999999999999578 ) ) ;
#2380 = VERTEX_POINT ( 'NONE', #3371 ) ;
#2381 = VERTEX_POINT ( 'NONE', #2568 ) ;
#2382 = ORIENTED_EDGE ( 'NONE', *, *, #1281, .F. ) ;
#2383 = DIRECTION ( 'NONE',  ( 0.000000000000000000, 0.2079116908177562062, -0.9781476007338063550 ) ) ;
#2384 = EDGE_CURVE ( 'NONE', #624, #125, #1238, .T. ) ;
#2385 = CARTESIAN_POINT ( 'NONE',  ( -1.149999999999999467, 1.050000000000000044, -1.150000000000000133 ) ) ;
#2386 = CARTESIAN_POINT ( 'NONE',  ( 1.423798472641297774, 0.2030000000000000138, 0.000000000000000000 ) ) ;
#2387 = ORIENTED_EDGE ( 'NONE', *, *, #2101, .T. ) ;
#2388 = ORIENTED_EDGE ( 'NONE', *, *, #5244, .F. ) ;
#2389 = DIRECTION ( 'NONE',  ( 1.000000000000000000, 0.000000000000000000, 0.000000000000000000 ) ) ;
#2390 = DIRECTION ( 'NONE',  ( 0.9986295347545741663, 0.05233595624293888721, -0.000000000000000000 ) ) ;
#2391 = AXIS2_PLACEMENT_3D ( 'NONE', #4906, #3151, #3238 ) ;
#2392 = ORIENTED_EDGE ( 'NONE', *, *, #3582, .T. ) ;
#2393 = DIRECTION ( 'NONE',  ( -0.2079116908177541800, 0.9781476007338066880, 0.000000000000000000 ) ) ;
#2394 = CIRCLE ( 'NONE', #3602, 0.1254677443338788057 ) ;
#2395 = ADVANCED_FACE ( 'NONE', ( #2175 ), #4269, .T. ) ;
#2396 = EDGE_CURVE ( 'NONE', #5136, #988, #4734, .T. ) ;
#2397 = VERTEX_POINT ( 'NONE', #1415 ) ;
#2398 = CARTESIAN_POINT ( 'NONE',  ( -2.051829622465644043, 0.4995425708808653442, -0.3900000000000000688 ) ) ;
#2399 = CARTESIAN_POINT ( 'NONE',  ( 1.920000000000000373, 0.2539999999999984492, 0.1099999999999999589 ) ) ;
#2400 = ORIENTED_EDGE ( 'NONE', *, *, #4074, .T. ) ;
#2401 = DIRECTION ( 'NONE',  ( -1.000000000000000000, 0.000000000000000000, 0.000000000000000000 ) ) ;
#2402 = VECTOR ( 'NONE', #3573, 1000.000000000000000 ) ;
#2403 = ADVANCED_FACE ( 'NONE', ( #3852 ), #5059, .F. ) ;
#2404 = SURFACE_SIDE_STYLE ('',( #1594 ) ) ;
#2405 = ORIENTED_EDGE ( 'NONE', *, *, #1033, .T. ) ;
#2406 = VERTEX_POINT ( 'NONE', #231 ) ;
#2407 = EDGE_LOOP ( 'NONE', ( #4165, #1745, #5228, #3459 ) ) ;
#2408 = UNCERTAINTY_MEASURE_WITH_UNIT (LENGTH_MEASURE( 1.000000000000000082E-05 ), #4787, 'distance_accuracy_value', 'NONE');
#2409 = DIRECTION ( 'NONE',  ( 0.9781476007338070211, -0.2079116908177527367, 0.000000000000000000 ) ) ;
#2410 = VECTOR ( 'NONE', #4621, 1000.000000000000000 ) ;
#2411 = CIRCLE ( 'NONE', #4823, 0.1254677443338790277 ) ;
#2412 = DIRECTION ( 'NONE',  ( 1.000000000000000000, -0.000000000000000000, -0.000000000000000000 ) ) ;
#2413 = CARTESIAN_POINT ( 'NONE',  ( -1.499999999999999556, 0.7414999999999947189, 1.109999999999999876 ) ) ;
#2414 = ORIENTED_EDGE ( 'NONE', *, *, #3058, .F. ) ;
#2415 = CARTESIAN_POINT ( 'NONE',  ( 1.753037081243900230, 0.7414999999999948299, 0.1099999999999999589 ) ) ;
#2416 = EDGE_LOOP ( 'NONE', ( #4723, #1624, #5111, #1460 ) ) ;
#2417 = DIRECTION ( 'NONE',  ( 0.000000000000000000, 1.000000000000000000, 0.000000000000000000 ) ) ;
#2418 = EDGE_CURVE ( 'NONE', #4094, #2406, #1072, .T. ) ;
#2419 = AXIS2_PLACEMENT_3D ( 'NONE', #3747, #882, #2840 ) ;
#2420 = PLANE ( 'NONE',  #5124 ) ;
#2421 = VERTEX_POINT ( 'NONE', #208 ) ;
#2422 = DIRECTION ( 'NONE',  ( -0.2079116908177527367, -0.9781476007338070211, 0.000000000000000000 ) ) ;
#2423 = EDGE_CURVE ( 'NONE', #3254, #5070, #1388, .T. ) ;
#2424 = CIRCLE ( 'NONE', #1254, 0.1250000000000003331 ) ;
#2425 = DIRECTION ( 'NONE',  ( -0.9986295347545742773, 0.05233595624293843618, 0.000000000000000000 ) ) ;
#2426 = CARTESIAN_POINT ( 'NONE',  ( 2.218792541221743519, 0.3175103152147410457, 1.109999999999999876 ) ) ;
#2427 = ORIENTED_EDGE ( 'NONE', *, *, #3095, .T. ) ;
#2428 = CARTESIAN_POINT ( 'NONE',  ( -1.414999999999999591, 1.100000000000000089, 1.423798472641296886 ) ) ;
#2429 = EDGE_CURVE ( 'NONE', #2050, #4887, #3479, .T. ) ;
#2430 = DIRECTION ( 'NONE',  ( 1.000000000000000000, 4.284756080633293341E-16, 0.000000000000000000 ) ) ;
#2431 = CLOSED_SHELL ( 'NONE', ( #4055, #1220, #1887, #1412, #1219, #3764, #4907, #4706, #3350, #3986, #1475, #3386, #996, #5057 ) ) ;
#2432 = LINE ( 'NONE', #3247, #4083 ) ;
#2433 = ORIENTED_EDGE ( 'NONE', *, *, #3369, .F. ) ;
#2434 = VERTEX_POINT ( 'NONE', #1803 ) ;
#2435 = ORIENTED_EDGE ( 'NONE', *, *, #934, .F. ) ;
#2436 = VECTOR ( 'NONE', #2006, 1000.000000000000000 ) ;
#2437 = EDGE_CURVE ( 'NONE', #893, #947, #1328, .T. ) ;
#2438 = VECTOR ( 'NONE', #955, 1000.000000000000000 ) ;
#2439 = CARTESIAN_POINT ( 'NONE',  ( -2.212226066844385386, 0.1922145200638937790, 0.1099999999999999589 ) ) ;
#2440 = CARTESIAN_POINT ( 'NONE',  ( 2.212226066844385386, 0.1922145200638938900, 0.8899999999999999023 ) ) ;
#2441 = CIRCLE ( 'NONE', #109, 0.1254677443338790277 ) ;
#2442 = ORIENTED_EDGE ( 'NONE', *, *, #4790, .F. ) ;
#2443 = LINE ( 'NONE', #1687, #342 ) ;
#2444 = ORIENTED_EDGE ( 'NONE', *, *, #3656, .T. ) ;
#2445 = VECTOR ( 'NONE', #4664, 1000.000000000000000 ) ;
#2446 = DIRECTION ( 'NONE',  ( -0.9781476007338070211, -0.2079116908177527367, 0.000000000000000000 ) ) ;
#2447 = ORIENTED_EDGE ( 'NONE', *, *, #4790, .T. ) ;
#2448 = DIRECTION ( 'NONE',  ( 0.9986295347545741663, -0.05233595624293842924, -0.000000000000000000 ) ) ;
#2449 = EDGE_CURVE ( 'NONE', #1648, #4913, #3273, .T. ) ;
#2450 = ORIENTED_EDGE ( 'NONE', *, *, #5273, .T. ) ;
#2451 = DIRECTION ( 'NONE',  ( 0.000000000000000000, -0.000000000000000000, -1.000000000000000000 ) ) ;
#2452 = ORIENTED_EDGE ( 'NONE', *, *, #960, .F. ) ;
#2453 = FACE_OUTER_BOUND ( 'NONE', #4747, .T. ) ;
#2454 = DIRECTION ( 'NONE',  ( -0.2079116908177541800, 0.9781476007338066880, 0.000000000000000000 ) ) ;
#2455 = CARTESIAN_POINT ( 'NONE',  ( 2.096066568132076924, 0.2914241043471944015, 0.3899999999999999578 ) ) ;
#2456 = DIRECTION ( 'NONE',  ( -0.000000000000000000, -0.000000000000000000, -1.000000000000000000 ) ) ;
#2457 = VERTEX_POINT ( 'NONE', #5109 ) ;
#2458 = VERTEX_POINT ( 'NONE', #1440 ) ;
#2459 = VERTEX_POINT ( 'NONE', #2145 ) ;
#2460 = LINE ( 'NONE', #2439, #4129 ) ;
#2461 = EDGE_CURVE ( 'NONE', #2872, #4425, #2601, .T. ) ;
#2462 = CARTESIAN_POINT ( 'NONE',  ( -2.450000000000000178, 0.1797533162558151154, -0.6100000000000000977 ) ) ;
#2463 = EDGE_CURVE ( 'NONE', #5243, #1249, #3053, .T. ) ;
#2464 = ORIENTED_EDGE ( 'NONE', *, *, #3682, .F. ) ;
#2465 = CARTESIAN_POINT ( 'NONE',  ( 0.000000000000000000, 0.2030000000000000138, -1.423798472641297552 ) ) ;
#2466 = CARTESIAN_POINT ( 'NONE',  ( 1.499999999999999556, 0.7414999999999947189, -0.8900000000000000133 ) ) ;
#2467 = CARTESIAN_POINT ( 'NONE',  ( -1.875763054333566382, 0.4621184665336710018, 0.6099999999999999867 ) ) ;
#2468 = FACE_OUTER_BOUND ( 'NONE', #3002, .T. ) ;
#2469 = ORIENTED_EDGE ( 'NONE', *, *, #2736, .T. ) ;
#2470 = LINE ( 'NONE', #452, #3649 ) ;
#2471 = CIRCLE ( 'NONE', #378, 0.008798472641296942523 ) ;
#2472 = EDGE_CURVE ( 'NONE', #2184, #880, #4708, .T. ) ;
#2473 = DIRECTION ( 'NONE',  ( -0.000000000000000000, -0.000000000000000000, -1.000000000000000000 ) ) ;
#2474 = CARTESIAN_POINT ( 'NONE',  ( 2.212226066844385386, 0.1922145200638938900, -0.8900000000000000133 ) ) ;
#2475 = EDGE_LOOP ( 'NONE', ( #2405, #3405, #345, #3661 ) ) ;
#2476 = CARTESIAN_POINT ( 'NONE',  ( -2.218792541221743519, 0.3175103152147410457, 0.1099999999999999589 ) ) ;
#2477 = AXIS2_PLACEMENT_3D ( 'NONE', #355, #1906, #1559 ) ;
#2478 = ORIENTED_EDGE ( 'NONE', *, *, #615, .T. ) ;
#2479 = PRESENTATION_STYLE_ASSIGNMENT (( #1250 ) ) ;
#2480 = ORIENTED_EDGE ( 'NONE', *, *, #4278, .F. ) ;
#2481 = DIRECTION ( 'NONE',  ( 0.9986295347545741663, -0.05233595624293842924, -0.000000000000000000 ) ) ;
#2482 = CARTESIAN_POINT ( 'NONE',  ( 2.218792541221743519, 0.3175103152147410457, -0.8900000000000000133 ) ) ;
#2483 = AXIS2_PLACEMENT_3D ( 'NONE', #1197, #428, #4800 ) ;
#2484 = EDGE_CURVE ( 'NONE', #3753, #3263, #1045, .T. ) ;
#2485 = CARTESIAN_POINT ( 'NONE',  ( -1.753037081243900230, 0.4360322556661242466, 0.3899999999999999578 ) ) ;
#2486 = ORIENTED_EDGE ( 'NONE', *, *, #2997, .F. ) ;
#2487 = ORIENTED_EDGE ( 'NONE', *, *, #5245, .T. ) ;
#2488 = ORIENTED_EDGE ( 'NONE', *, *, #4557, .T. ) ;
#2489 = AXIS2_PLACEMENT_3D ( 'NONE', #3821, #3896, #1031 ) ;
#2490 = CARTESIAN_POINT ( 'NONE',  ( -1.753037081243900230, 0.4360322556661242466, 0.1099999999999999589 ) ) ;
#2491 = AXIS2_PLACEMENT_3D ( 'NONE', #1391, #999, #1756 ) ;
#2492 = DIRECTION ( 'NONE',  ( -0.9781476007338064660, 0.2079116908177556511, 0.000000000000000000 ) ) ;
#2493 = ORIENTED_EDGE ( 'NONE', *, *, #899, .F. ) ;
#2494 = FACE_OUTER_BOUND ( 'NONE', #3855, .T. ) ;
#2495 = CARTESIAN_POINT ( 'NONE',  ( 2.218792541221743519, 0.3175103152147410457, -0.3900000000000000688 ) ) ;
#2496 = LINE ( 'NONE', #2084, #3703 ) ;
#2497 = VERTEX_POINT ( 'NONE', #2649 ) ;
#2498 = EDGE_CURVE ( 'NONE', #125, #2147, #3025, .T. ) ;
#2499 = CIRCLE ( 'NONE', #649, 0.3054677443338703613 ) ;
#2500 = EDGE_CURVE ( 'NONE', #3444, #39, #4137, .T. ) ;
#2501 = VECTOR ( 'NONE', #135, 1000.000000000000000 ) ;
#2502 = CARTESIAN_POINT ( 'NONE',  ( -1.499999999999999556, 0.5615000000000029967, 1.109999999999999876 ) ) ;
#2503 = CIRCLE ( 'NONE', #4404, 0.3054677443338705833 ) ;
#2505 = VECTOR ( 'NONE', #4305, 1000.000000000000114 ) ;
#2504 = DIRECTION ( 'NONE',  ( -1.000000000000000000, 0.000000000000000000, 0.000000000000000000 ) ) ;
#2506 = ORIENTED_EDGE ( 'NONE', *, *, #771, .T. ) ;
#2507 = EDGE_CURVE ( 'NONE', #3169, #824, #2499, .T. ) ;
#2508 = VECTOR ( 'NONE', #911, 1000.000000000000000 ) ;
#2509 = ORIENTED_EDGE ( 'NONE', *, *, #739, .F. ) ;
#2510 = VECTOR ( 'NONE', #1461, 1000.000000000000000 ) ;
#2511 = FACE_OUTER_BOUND ( 'NONE', #1307, .T. ) ;
#2512 = CARTESIAN_POINT ( 'NONE',  ( 1.499999999999999556, 0.7414999999999947189, 0.1099999999999999589 ) ) ;
#2513 = DIRECTION ( 'NONE',  ( -1.000000000000000000, 0.000000000000000000, 0.000000000000000000 ) ) ;
#2514 = ORIENTED_EDGE ( 'NONE', *, *, #2554, .F. ) ;
#2515 = ORIENTED_EDGE ( 'NONE', *, *, #1420, .F. ) ;
#2516 = EDGE_LOOP ( 'NONE', ( #497, #448, #4510, #4924 ) ) ;
#2517 = AXIS2_PLACEMENT_3D ( 'NONE', #2202, #3502, #4735 ) ;
#2518 = DIRECTION ( 'NONE',  ( 1.000000000000000000, 0.000000000000000000, 0.000000000000000000 ) ) ;
#2519 = DIRECTION ( 'NONE',  ( -0.9986295347545741663, 0.05233595624293842924, -0.000000000000000000 ) ) ;
#2520 = ORIENTED_EDGE ( 'NONE', *, *, #2748, .T. ) ;
#2521 = CARTESIAN_POINT ( 'NONE',  ( 1.875763054333566382, 0.4621184665336710018, -0.6100000000000000977 ) ) ;
#2522 = DIRECTION ( 'NONE',  ( -0.2079116908177527367, 0.9781476007338070211, -0.000000000000000000 ) ) ;
#2523 = DIRECTION ( 'NONE',  ( 0.000000000000000000, -0.000000000000000000, 1.000000000000000000 ) ) ;
#2524 = ORIENTED_EDGE ( 'NONE', *, *, #3290, .T. ) ;
#2525 = MANIFOLD_SOLID_BREP ( 'Boss-Extrude3[2]', #1096 ) ;
#2526 = AXIS2_PLACEMENT_3D ( 'NONE', #2155, #3409, #138 ) ;
#2527 = DIRECTION ( 'NONE',  ( 0.000000000000000000, 0.000000000000000000, 1.000000000000000000 ) ) ;
#2528 = DIRECTION ( 'NONE',  ( -0.05233595624293843618, -0.9986295347545742773, 0.000000000000000000 ) ) ;
#2529 = CIRCLE ( 'NONE', #267, 0.3054677443338708054 ) ;
#2530 = EDGE_LOOP ( 'NONE', ( #3137, #67, #126, #32, #3497, #3645, #3518, #2809, #390, #1509, #1231, #4855 ) ) ;
#2531 = AXIS2_PLACEMENT_3D ( 'NONE', #554, #2661, #657 ) ;
#2532 = LINE ( 'NONE', #4970, #3710 ) ;
#2533 = EDGE_LOOP ( 'NONE', ( #2074, #3280, #5287, #4039 ) ) ;
#2534 = EDGE_CURVE ( 'NONE', #3917, #4135, #4218, .T. ) ;
#2535 = EDGE_CURVE ( 'NONE', #5065, #4147, #382, .T. ) ;
#2536 = CARTESIAN_POINT ( 'NONE',  ( 1.415000000000000702, 0.7414999999999947189, -1.415000000000000258 ) ) ;
#2537 = VERTEX_POINT ( 'NONE', #3106 ) ;
#2538 = LINE ( 'NONE', #437, #833 ) ;
#2539 = DIRECTION ( 'NONE',  ( -1.000000000000000000, 0.000000000000000000, 0.000000000000000000 ) ) ;
#2540 = VERTEX_POINT ( 'NONE', #1127 ) ;
#2541 = EDGE_CURVE ( 'NONE', #842, #4590, #1660, .T. ) ;
#2542 = MANIFOLD_SOLID_BREP ( 'LPattern1[8]', #97 ) ;
#2543 = ORIENTED_EDGE ( 'NONE', *, *, #1348, .T. ) ;
#2544 = ORIENTED_EDGE ( 'NONE', *, *, #5112, .T. ) ;
#2545 = DIRECTION ( 'NONE',  ( 0.05233595624293888027, 0.9986295347545741663, -0.000000000000000000 ) ) ;
#2546 = CARTESIAN_POINT ( 'NONE',  ( -1.414999999999999591, 1.100000000000000089, -1.423798472641297330 ) ) ;
#2547 = ORIENTED_EDGE ( 'NONE', *, *, #779, .T. ) ;
#2548 = LINE ( 'NONE', #3758, #56 ) ;
#2549 = CARTESIAN_POINT ( 'NONE',  ( -2.218792541221743519, 0.3175103152147410457, -0.3900000000000000688 ) ) ;
#2550 = CARTESIAN_POINT ( 'NONE',  ( 2.450000000000000178, 0.1797533162558151154, -1.110000000000000098 ) ) ;
#2551 = CARTESIAN_POINT ( 'NONE',  ( -2.450000000000000178, 0.1797533162558151154, -0.3900000000000000688 ) ) ;
#2552 = MANIFOLD_SOLID_BREP ( 'LPattern1[3]', #3549 ) ;
#2553 = DIRECTION ( 'NONE',  ( -0.000000000000000000, -0.000000000000000000, -1.000000000000000000 ) ) ;
#2554 = EDGE_CURVE ( 'NONE', #2829, #5243, #2847, .T. ) ;
#2555 = DIRECTION ( 'NONE',  ( 0.000000000000000000, 0.000000000000000000, 1.000000000000000000 ) ) ;
#2556 = DIRECTION ( 'NONE',  ( 0.9986295347545742773, -0.05233595624293843618, 0.000000000000000000 ) ) ;
#2557 = ORIENTED_EDGE ( 'NONE', *, *, #2191, .F. ) ;
#2558 = CARTESIAN_POINT ( 'NONE',  ( -1.423798472641296886, 0.2030000000000000138, -1.415000000000000258 ) ) ;
#2559 = FACE_OUTER_BOUND ( 'NONE', #3627, .T. ) ;
#2560 = ORIENTED_EDGE ( 'NONE', *, *, #3920, .F. ) ;
#2561 = CARTESIAN_POINT ( 'NONE',  ( -2.212226066844385386, 0.1922145200638937790, 1.109999999999999876 ) ) ;
#2562 = LINE ( 'NONE', #4206, #2099 ) ;
#2563 = EDGE_CURVE ( 'NONE', #693, #4438, #4078, .T. ) ;
#2564 = ADVANCED_FACE ( 'NONE', ( #48 ), #3643, .F. ) ;
#2565 =( NAMED_UNIT ( * ) PLANE_ANGLE_UNIT ( ) SI_UNIT ( $, .RADIAN. ) );
#2566 = VERTEX_POINT ( 'NONE', #433 ) ;
#2567 = MANIFOLD_SOLID_BREP ( 'LPattern1[6]', #3987 ) ;
#2568 = CARTESIAN_POINT ( 'NONE',  ( 2.440579527876271637, -7.231105290834467174E-20, -0.3900000000000000688 ) ) ;
#2569 = VECTOR ( 'NONE', #4689, 1000.000000000000000 ) ;
#2570 = ORIENTED_EDGE ( 'NONE', *, *, #2240, .T. ) ;
#2571 = ORIENTED_EDGE ( 'NONE', *, *, #2637, .F. ) ;
#2572 = ADVANCED_FACE ( 'NONE', ( #1223 ), #3264, .F. ) ;
#2573 = DIRECTION ( 'NONE',  ( -0.9986295347545742773, -0.05233595624293843618, 0.000000000000000000 ) ) ;
#2574 = CYLINDRICAL_SURFACE ( 'NONE', #5272, 0.1254677443338790277 ) ;
#2575 = ORIENTED_EDGE ( 'NONE', *, *, #1609, .F. ) ;
#2576 = CARTESIAN_POINT ( 'NONE',  ( 1.920000000000000373, 0.2539999999999984492, -0.8900000000000000133 ) ) ;
#2577 = DIRECTION ( 'NONE',  ( 0.05233595624293888027, -0.9986295347545741663, 0.000000000000000000 ) ) ;
#2578 = CARTESIAN_POINT ( 'NONE',  ( 2.450000000000000178, 0.1797533162558151154, -1.110000000000000098 ) ) ;
#2579 = PLANE ( 'NONE',  #1929 ) ;
#2580 = MANIFOLD_SOLID_BREP ( 'LPattern1[1]', #2431 ) ;
#2581 = FACE_OUTER_BOUND ( 'NONE', #4134, .T. ) ;
#2582 = CARTESIAN_POINT ( 'NONE',  ( 1.415000000000000702, 0.2030000000000000138, 1.423798472641296886 ) ) ;
#2583 = DIRECTION ( 'NONE',  ( -0.000000000000000000, -0.000000000000000000, -1.000000000000000000 ) ) ;
#2584 = CARTESIAN_POINT ( 'NONE',  ( -2.051829622465644043, 0.4995425708808653442, 0.1099999999999999589 ) ) ;
#2585 = LINE ( 'NONE', #4200, #979 ) ;
#2586 = FACE_OUTER_BOUND ( 'NONE', #651, .T. ) ;
#2587 = EDGE_LOOP ( 'NONE', ( #1595, #3685, #1188, #2836 ) ) ;
#2588 = DIRECTION ( 'NONE',  ( 1.000000000000000000, 0.000000000000000000, -0.000000000000000000 ) ) ;
#2589 =( GEOMETRIC_REPRESENTATION_CONTEXT ( 3 ) GLOBAL_UNCERTAINTY_ASSIGNED_CONTEXT ( ( #3226 ) ) GLOBAL_UNIT_ASSIGNED_CONTEXT ( ( #1672, #1641, #879 ) ) REPRESENTATION_CONTEXT ( 'NONE', 'WORKASPACE' ) );
#2590 = DIRECTION ( 'NONE',  ( 0.000000000000000000, 0.9781476007338062439, -0.2079116908177561784 ) ) ;
#2591 = CIRCLE ( 'NONE', #1157, 0.1254677443338788057 ) ;
#2592 = AXIS2_PLACEMENT_3D ( 'NONE', #4212, #5062, #4650 ) ;
#2593 = DIRECTION ( 'NONE',  ( 0.9986295347545742773, 0.05233595624293843618, 0.000000000000000000 ) ) ;
#2594 = ORIENTED_EDGE ( 'NONE', *, *, #3212, .F. ) ;
#2595 = CARTESIAN_POINT ( 'NONE',  ( -1.149999999999999467, 1.100000000000000089, -1.150000000000000133 ) ) ;
#2596 = FACE_OUTER_BOUND ( 'NONE', #1252, .T. ) ;
#2597 =( GEOMETRIC_REPRESENTATION_CONTEXT ( 3 ) GLOBAL_UNCERTAINTY_ASSIGNED_CONTEXT ( ( #3652 ) ) GLOBAL_UNIT_ASSIGNED_CONTEXT ( ( #5004, #544, #5033 ) ) REPRESENTATION_CONTEXT ( 'NONE', 'WORKASPACE' ) );
#2598 = CYLINDRICAL_SURFACE ( 'NONE', #602, 0.3054677443338705833 ) ;
#2599 = ORIENTED_EDGE ( 'NONE', *, *, #1315, .F. ) ;
#2600 = VECTOR ( 'NONE', #4974, 1000.000000000000114 ) ;
#2601 = LINE ( 'NONE', #4244, #3786 ) ;
#2602 = CARTESIAN_POINT ( 'NONE',  ( 2.440579527876271637, -7.231105290834467174E-20, 0.1099999999999999589 ) ) ;
#2603 = ORIENTED_EDGE ( 'NONE', *, *, #5050, .F. ) ;
#2604 = EDGE_CURVE ( 'NONE', #3169, #4166, #4489, .T. ) ;
#2605 = PRESENTATION_STYLE_ASSIGNMENT (( #2149 ) ) ;
#2606 = AXIS2_PLACEMENT_3D ( 'NONE', #1842, #3035, #3461 ) ;
#2607 = CARTESIAN_POINT ( 'NONE',  ( -2.450000000000000178, 0.1797533162558151154, -1.110000000000000098 ) ) ;
#2608 = CARTESIAN_POINT ( 'NONE',  ( -1.753037081243900230, 0.7414999999999948299, -1.110000000000000098 ) ) ;
#2609 = ORIENTED_EDGE ( 'NONE', *, *, #3081, .T. ) ;
#2610 = EDGE_CURVE ( 'NONE', #2144, #1198, #3799, .T. ) ;
#2611 = LINE ( 'NONE', #3408, #1812 ) ;
#2612 = AXIS2_PLACEMENT_3D ( 'NONE', #637, #3071, #1851 ) ;
#2613 = EDGE_CURVE ( 'NONE', #324, #2057, #4614, .T. ) ;
#2614 = DIRECTION ( 'NONE',  ( -0.000000000000000000, -0.000000000000000000, -1.000000000000000000 ) ) ;
#2615 = DIRECTION ( 'NONE',  ( 0.000000000000000000, 0.000000000000000000, -1.000000000000000000 ) ) ;
#2616 = FACE_OUTER_BOUND ( 'NONE', #1434, .T. ) ;
#2617 = ORIENTED_EDGE ( 'NONE', *, *, #2642, .F. ) ;
#2618 = PLANE ( 'NONE',  #4677 ) ;
#2619 = ORIENTED_EDGE ( 'NONE', *, *, #1634, .F. ) ;
#2620 = LINE ( 'NONE', #205, #1418 ) ;
#2621 = ORIENTED_EDGE ( 'NONE', *, *, #1382, .T. ) ;
#2622 = CARTESIAN_POINT ( 'NONE',  ( -1.753037081243900230, 0.5615000000000029967, -0.3900000000000000688 ) ) ;
#2623 = STYLED_ITEM ( 'NONE', ( #3051 ), #835 ) ;
#2624 = EDGE_CURVE ( 'NONE', #4187, #475, #1823, .T. ) ;
#2625 = CARTESIAN_POINT ( 'NONE',  ( 2.218792541221743519, 0.3175103152147410457, 0.6099999999999999867 ) ) ;
#2626 = AXIS2_PLACEMENT_3D ( 'NONE', #3253, #1262, #4422 ) ;
#2627 = DIRECTION ( 'NONE',  ( 0.000000000000000000, 0.000000000000000000, 1.000000000000000000 ) ) ;
#2628 = CARTESIAN_POINT ( 'NONE',  ( 1.499999999999999556, 0.7414999999999947189, 0.6099999999999999867 ) ) ;
#2629 = ORIENTED_EDGE ( 'NONE', *, *, #538, .T. ) ;
#2630 = VECTOR ( 'NONE', #3064, 1000.000000000000000 ) ;
#2631 = PLANE ( 'NONE',  #1074 ) ;
#2632 = DIRECTION ( 'NONE',  ( -0.000000000000000000, -0.000000000000000000, -1.000000000000000000 ) ) ;
#2633 = ORIENTED_EDGE ( 'NONE', *, *, #5082, .T. ) ;
#2634 = DIRECTION ( 'NONE',  ( -0.000000000000000000, -0.000000000000000000, -1.000000000000000000 ) ) ;
#2635 = CYLINDRICAL_SURFACE ( 'NONE', #3820, 0.1250000000000003331 ) ;
#2636 = ADVANCED_FACE ( 'NONE', ( #1038 ), #1383, .F. ) ;
#2637 = EDGE_CURVE ( 'NONE', #2458, #2397, #3768, .T. ) ;
#2638 = LINE ( 'NONE', #3463, #4054 ) ;
#2639 = CARTESIAN_POINT ( 'NONE',  ( 1.500000000000000444, 0.5615000000000029967, -1.415000000000000258 ) ) ;
#2640 = ORIENTED_EDGE ( 'NONE', *, *, #1124, .F. ) ;
#2641 = EDGE_LOOP ( 'NONE', ( #3767, #1848, #283, #4575 ) ) ;
#2642 = EDGE_CURVE ( 'NONE', #4946, #516, #225, .T. ) ;
#2643 = CARTESIAN_POINT ( 'NONE',  ( 2.450000000000000178, 0.1797533162558151154, 0.1099999999999999589 ) ) ;
#2644 = CARTESIAN_POINT ( 'NONE',  ( 2.218792541221743519, 0.3175103152147410457, 0.6099999999999999867 ) ) ;
#2645 = ORIENTED_EDGE ( 'NONE', *, *, #2962, .F. ) ;
#2646 = LINE ( 'NONE', #2671, #1090 ) ;
#2647 = DIRECTION ( 'NONE',  ( -0.000000000000000000, -0.000000000000000000, -1.000000000000000000 ) ) ;
#2648 = DIRECTION ( 'NONE',  ( -0.000000000000000000, -0.000000000000000000, -1.000000000000000000 ) ) ;
#2649 = CARTESIAN_POINT ( 'NONE',  ( -2.450000000000000178, 0.1797533162558151154, 0.3899999999999999578 ) ) ;
#2650 = DIRECTION ( 'NONE',  ( -0.05233595624293843618, -0.9986295347545742773, 0.000000000000000000 ) ) ;
#2651 = VERTEX_POINT ( 'NONE', #5054 ) ;
#2652 = EDGE_CURVE ( 'NONE', #2537, #3594, #2241, .T. ) ;
#2653 = AXIS2_PLACEMENT_3D ( 'NONE', #2657, #2286, #1109 ) ;
#2654 = PLANE ( 'NONE',  #1652 ) ;
#2655 = ORIENTED_EDGE ( 'NONE', *, *, #3133, .T. ) ;
#2656 = ORIENTED_EDGE ( 'NONE', *, *, #1961, .T. ) ;
#2657 = CARTESIAN_POINT ( 'NONE',  ( 2.218792541221743519, 0.3175103152147410457, -0.3900000000000000688 ) ) ;
#2658 = LINE ( 'NONE', #3511, #439 ) ;
#2659 = AXIS2_PLACEMENT_3D ( 'NONE', #2248, #1832, #4733 ) ;
#2660 = DIRECTION ( 'NONE',  ( -0.000000000000000000, -0.000000000000000000, -1.000000000000000000 ) ) ;
#2661 = DIRECTION ( 'NONE',  ( 0.000000000000000000, 0.000000000000000000, 1.000000000000000000 ) ) ;
#2662 = CARTESIAN_POINT ( 'NONE',  ( -1.149999999999999467, 1.050000000000000044, -1.150000000000000133 ) ) ;
#2663 = ORIENTED_EDGE ( 'NONE', *, *, #933, .T. ) ;
#2664 = ADVANCED_FACE ( 'NONE', ( #2559 ), #3826, .F. ) ;
#2665 = EDGE_CURVE ( 'NONE', #2040, #705, #1082, .T. ) ;
#2666 = AXIS2_PLACEMENT_3D ( 'NONE', #4008, #3950, #2823 ) ;
#2667 = DIRECTION ( 'NONE',  ( -0.2079116908177541800, 0.9781476007338066880, 0.000000000000000000 ) ) ;
#2668 = DIRECTION ( 'NONE',  ( -0.9986295347545741663, 0.05233595624293842924, -0.000000000000000000 ) ) ;
#2669 = ORIENTED_EDGE ( 'NONE', *, *, #1353, .T. ) ;
#2670 = LINE ( 'NONE', #1825, #2510 ) ;
#2671 = CARTESIAN_POINT ( 'NONE',  ( -1.753037081243900230, 0.5615000000000029967, -0.8900000000000000133 ) ) ;
#2672 = EDGE_CURVE ( 'NONE', #4136, #3917, #2620, .T. ) ;
#2673 = CARTESIAN_POINT ( 'NONE',  ( 1.415000000000000702, 1.100000000000000089, 1.414999999999999813 ) ) ;
#2674 = VECTOR ( 'NONE', #646, 1000.000000000000000 ) ;
#2675 = AXIS2_PLACEMENT_3D ( 'NONE', #2374, #3004, #1000 ) ;
#2676 = FACE_OUTER_BOUND ( 'NONE', #5053, .T. ) ;
#2677 = DIRECTION ( 'NONE',  ( -0.9986295347545742773, 0.05233595624293843618, 0.000000000000000000 ) ) ;
#2678 =( NAMED_UNIT ( * ) SI_UNIT ( $, .STERADIAN. ) SOLID_ANGLE_UNIT ( ) );
#2679 = CARTESIAN_POINT ( 'NONE',  ( -1.753037081243900230, 0.5615000000000029967, -0.6100000000000000977 ) ) ;
#2680 = ORIENTED_EDGE ( 'NONE', *, *, #2372, .T. ) ;
#2681 = VECTOR ( 'NONE', #4537, 1000.000000000000000 ) ;
#2682 = DIRECTION ( 'NONE',  ( -1.000000000000000000, 0.000000000000000000, 0.000000000000000000 ) ) ;
#2683 = AXIS2_PLACEMENT_3D ( 'NONE', #512, #1333, #2945 ) ;
#2684 = VERTEX_POINT ( 'NONE', #178 ) ;
#2685 = ORIENTED_EDGE ( 'NONE', *, *, #1097, .T. ) ;
#2686 = DIRECTION ( 'NONE',  ( -0.000000000000000000, -0.000000000000000000, -1.000000000000000000 ) ) ;
#2687 = LINE ( 'NONE', #1472, #3203 ) ;
#2688 = AXIS2_PLACEMENT_3D ( 'NONE', #2156, #1397, #4658 ) ;
#2689 = PLANE ( 'NONE',  #3556 ) ;
#2690 = EDGE_CURVE ( 'NONE', #4802, #3055, #1744, .T. ) ;
#2691 = CARTESIAN_POINT ( 'NONE',  ( -1.149999999999999467, 1.050000000000000044, -1.024999999999999911 ) ) ;
#2692 = VECTOR ( 'NONE', #322, 1000.000000000000114 ) ;
#2693 = CARTESIAN_POINT ( 'NONE',  ( 2.212226066844385386, 0.1922145200638937790, -1.110000000000000098 ) ) ;
#2694 = DIRECTION ( 'NONE',  ( 0.000000000000000000, 0.000000000000000000, 1.000000000000000000 ) ) ;
#2695 = ORIENTED_EDGE ( 'NONE', *, *, #2897, .F. ) ;
#2696 = VECTOR ( 'NONE', #4709, 1000.000000000000114 ) ;
#2697 = DIRECTION ( 'NONE',  ( -0.000000000000000000, -0.000000000000000000, -1.000000000000000000 ) ) ;
#2698 = VECTOR ( 'NONE', #40, 1000.000000000000000 ) ;
#2699 = CARTESIAN_POINT ( 'NONE',  ( 1.415000000000000702, 1.100000000000000089, -1.423798472641297108 ) ) ;
#2700 = ORIENTED_EDGE ( 'NONE', *, *, #3914, .F. ) ;
#2701 = CARTESIAN_POINT ( 'NONE',  ( 1.753037081243900230, 0.5615000000000029967, -0.8900000000000000133 ) ) ;
#2702 = EDGE_CURVE ( 'NONE', #5194, #4318, #4672, .T. ) ;
#2703 = EDGE_CURVE ( 'NONE', #4839, #1150, #4182, .T. ) ;
#2704 = DIRECTION ( 'NONE',  ( 0.000000000000000000, 0.000000000000000000, -1.000000000000000000 ) ) ;
#2705 = ORIENTED_EDGE ( 'NONE', *, *, #800, .F. ) ;
#2706 = DIRECTION ( 'NONE',  ( 0.000000000000000000, 0.000000000000000000, -1.000000000000000000 ) ) ;
#2707 = LINE ( 'NONE', #2351, #3360 ) ;
#2708 = AXIS2_PLACEMENT_3D ( 'NONE', #2386, #3278, #4035 ) ;
#2709 = ADVANCED_FACE ( 'NONE', ( #2941 ), #3445, .F. ) ;
#2710 = LINE ( 'NONE', #1, #819 ) ;
#2711 = VECTOR ( 'NONE', #1204, 1000.000000000000000 ) ;
#2712 = ORIENTED_EDGE ( 'NONE', *, *, #2182, .F. ) ;
#2713 = ORIENTED_EDGE ( 'NONE', *, *, #4138, .T. ) ;
#2714 = SURFACE_SIDE_STYLE ('',( #1051 ) ) ;
#2715 = DIRECTION ( 'NONE',  ( 0.000000000000000000, 0.000000000000000000, -1.000000000000000000 ) ) ;
#2716 = FACE_OUTER_BOUND ( 'NONE', #5085, .T. ) ;
#2717 = CARTESIAN_POINT ( 'NONE',  ( 2.096066568132076924, 0.2914241043471944015, -0.8900000000000000133 ) ) ;
#2718 = CARTESIAN_POINT ( 'NONE',  ( 1.499999999999999556, 0.7414999999999947189, 0.6099999999999999867 ) ) ;
#2719 = CARTESIAN_POINT ( 'NONE',  ( 2.450000000000000178, 0.1797533162558151154, -0.6100000000000000977 ) ) ;
#2720 = DIRECTION ( 'NONE',  ( 1.000000000000000000, -0.000000000000000000, -0.000000000000000000 ) ) ;
#2721 = ORIENTED_EDGE ( 'NONE', *, *, #3081, .F. ) ;
#2722 = EDGE_CURVE ( 'NONE', #880, #1669, #5103, .T. ) ;
#2723 = LINE ( 'NONE', #4284, #3367 ) ;
#2724 = DIRECTION ( 'NONE',  ( -1.000000000000000000, 0.000000000000000000, 0.000000000000000000 ) ) ;
#2725 = LINE ( 'NONE', #4317, #5092 ) ;
#2726 = ORIENTED_EDGE ( 'NONE', *, *, #1027, .F. ) ;
#2727 = DIRECTION ( 'NONE',  ( 1.000000000000000000, 0.000000000000000000, 0.000000000000000000 ) ) ;
#2728 = CARTESIAN_POINT ( 'NONE',  ( -2.051829622465644043, 0.4995425708808653442, -0.8900000000000000133 ) ) ;
#2729 = LINE ( 'NONE', #4377, #3440 ) ;
#2730 = FACE_OUTER_BOUND ( 'NONE', #915, .T. ) ;
#2731 =( NAMED_UNIT ( * ) PLANE_ANGLE_UNIT ( ) SI_UNIT ( $, .RADIAN. ) );
#2732 = LINE ( 'NONE', #782, #3295 ) ;
#2733 = VERTEX_POINT ( 'NONE', #937 ) ;
#2734 = DIRECTION ( 'NONE',  ( 0.000000000000000000, 0.000000000000000000, 1.000000000000000000 ) ) ;
#2735 = VECTOR ( 'NONE', #4826, 1000.000000000000000 ) ;
#2736 = EDGE_CURVE ( 'NONE', #705, #2184, #534, .T. ) ;
#2737 = EDGE_CURVE ( 'NONE', #1449, #4892, #745, .T. ) ;
#2738 = ORIENTED_EDGE ( 'NONE', *, *, #1984, .T. ) ;
#2739 = ORIENTED_EDGE ( 'NONE', *, *, #2053, .F. ) ;
#2740 = ADVANCED_FACE ( 'NONE', ( #4239 ), #2749, .F. ) ;
#2741 = CYLINDRICAL_SURFACE ( 'NONE', #514, 0.3054677443338708054 ) ;
#2742 = FACE_OUTER_BOUND ( 'NONE', #686, .T. ) ;
#2743 = CARTESIAN_POINT ( 'NONE',  ( -1.499999999999999556, 0.7414999999999947189, -0.6100000000000000977 ) ) ;
#2744 = CARTESIAN_POINT ( 'NONE',  ( -2.218792541221743519, 0.3175103152147410457, 0.6099999999999999867 ) ) ;
#2745 = VECTOR ( 'NONE', #2473, 1000.000000000000000 ) ;
#2746 = ORIENTED_EDGE ( 'NONE', *, *, #282, .T. ) ;
#2747 = PLANE ( 'NONE',  #2391 ) ;
#2748 = EDGE_CURVE ( 'NONE', #1623, #718, #1142, .T. ) ;
#2749 = PLANE ( 'NONE',  #4827 ) ;
#2750 = ORIENTED_EDGE ( 'NONE', *, *, #2934, .T. ) ;
#2751 = VECTOR ( 'NONE', #2412, 1000.000000000000000 ) ;
#2752 = DIRECTION ( 'NONE',  ( -0.000000000000000000, -0.000000000000000000, -1.000000000000000000 ) ) ;
#2753 = AXIS2_PLACEMENT_3D ( 'NONE', #3975, #4441, #4414 ) ;
#2754 = CARTESIAN_POINT ( 'NONE',  ( -1.753037081243900230, 0.7414999999999948299, 0.3899999999999999578 ) ) ;
#2755 = FACE_OUTER_BOUND ( 'NONE', #1723, .T. ) ;
#2756 = ORIENTED_EDGE ( 'NONE', *, *, #4389, .F. ) ;
#2757 = DIRECTION ( 'NONE',  ( -1.000000000000000000, 0.000000000000000000, 0.000000000000000000 ) ) ;
#2758 = VECTOR ( 'NONE', #4192, 1000.000000000000000 ) ;
#2759 = ORIENTED_EDGE ( 'NONE', *, *, #2371, .T. ) ;
#2760 = DIRECTION ( 'NONE',  ( 0.000000000000000000, 0.000000000000000000, 1.000000000000000000 ) ) ;
#2761 = EDGE_CURVE ( 'NONE', #962, #4956, #3624, .T. ) ;
#2762 = VECTOR ( 'NONE', #3046, 1000.000000000000000 ) ;
#2763 = ADVANCED_FACE ( 'NONE', ( #3129 ), #5242, .F. ) ;
#2764 = ORIENTED_EDGE ( 'NONE', *, *, #460, .T. ) ;
#2765 = ORIENTED_EDGE ( 'NONE', *, *, #5082, .F. ) ;
#2766 = DIRECTION ( 'NONE',  ( -1.000000000000000000, 0.000000000000000000, 0.000000000000000000 ) ) ;
#2767 = AXIS2_PLACEMENT_3D ( 'NONE', #2112, #3735, #118 ) ;
#2768 = CARTESIAN_POINT ( 'NONE',  ( -1.753037081243900230, 0.4360322556661242466, 0.6099999999999999867 ) ) ;
#2769 = EDGE_CURVE ( 'NONE', #569, #2168, #748, .T. ) ;
#2770 = CARTESIAN_POINT ( 'NONE',  ( -1.499999999999999556, 0.5615000000000029967, -0.6100000000000000977 ) ) ;
#2771 = EDGE_CURVE ( 'NONE', #4581, #324, #2503, .T. ) ;
#2772 = ORIENTED_EDGE ( 'NONE', *, *, #2002, .T. ) ;
#2773 = CIRCLE ( 'NONE', #3801, 0.3054677443338703613 ) ;
#2774 = CARTESIAN_POINT ( 'NONE',  ( -1.499999999999999556, 0.5615000000000029967, 1.414999999999999813 ) ) ;
#2775 = LINE ( 'NONE', #3148, #2331 ) ;
#2776 = VERTEX_POINT ( 'NONE', #2699 ) ;
#2777 = CARTESIAN_POINT ( 'NONE',  ( -1.753037081243900230, 0.7414999999999948299, -0.8900000000000000133 ) ) ;
#2778 = FACE_OUTER_BOUND ( 'NONE', #2475, .T. ) ;
#2779 = DIRECTION ( 'NONE',  ( -1.000000000000000000, 0.000000000000000000, 0.000000000000000000 ) ) ;
#2780 = ORIENTED_EDGE ( 'NONE', *, *, #4185, .T. ) ;
#2781 = VECTOR ( 'NONE', #346, 1000.000000000000000 ) ;
#2782 = CARTESIAN_POINT ( 'NONE',  ( 1.499999999999999556, 0.7414999999999947189, -1.110000000000000098 ) ) ;
#2783 = AXIS2_PLACEMENT_3D ( 'NONE', #3283, #3307, #2827 ) ;
#2784 = CARTESIAN_POINT ( 'NONE',  ( -2.440579527876271637, -7.231105290834467174E-20, -0.3900000000000000688 ) ) ;
#2785 = CARTESIAN_POINT ( 'NONE',  ( -1.920000000000000373, 0.2540000000000000036, -0.8900000000000000133 ) ) ;
#2786 = DIRECTION ( 'NONE',  ( 0.000000000000000000, 0.000000000000000000, 1.000000000000000000 ) ) ;
#2787 = ORIENTED_EDGE ( 'NONE', *, *, #410, .T. ) ;
#2788 = DIRECTION ( 'NONE',  ( 0.9986295347545741663, -0.05233595624293842924, -0.000000000000000000 ) ) ;
#2789 = VECTOR ( 'NONE', #927, 1000.000000000000000 ) ;
#2790 = DIRECTION ( 'NONE',  ( 0.000000000000000000, 0.000000000000000000, 1.000000000000000000 ) ) ;
#2791 = ORIENTED_EDGE ( 'NONE', *, *, #1152, .T. ) ;
#2792 = COLOUR_RGB ( '',1.000000000000000000, 1.000000000000000000, 1.000000000000000000 ) ;
#2793 = CYLINDRICAL_SURFACE ( 'NONE', #3082, 0.3054677443338708054 ) ;
#2794 = ORIENTED_EDGE ( 'NONE', *, *, #453, .F. ) ;
#2795 = ORIENTED_EDGE ( 'NONE', *, *, #3195, .F. ) ;
#2796 = CONICAL_SURFACE ( 'NONE', #1192, 0.008798472641297376204, 0.2094395102393170893 ) ;
#2797 = FILL_AREA_STYLE ('',( #3978 ) ) ;
#2798 = FACE_OUTER_BOUND ( 'NONE', #2942, .T. ) ;
#2799 = VECTOR ( 'NONE', #4198, 1000.000000000000114 ) ;
#2800 = CYLINDRICAL_SURFACE ( 'NONE', #3443, 0.3054677443338708054 ) ;
#2801 = CARTESIAN_POINT ( 'NONE',  ( -1.149999999999999467, 1.100000000000000089, -1.150000000000000133 ) ) ;
#2802 = EDGE_LOOP ( 'NONE', ( #742, #1868, #339, #4208 ) ) ;
#2803 = CARTESIAN_POINT ( 'NONE',  ( 1.920000000000000373, 0.2539999999999985048, -0.6100000000000000977 ) ) ;
#2804 = ORIENTED_EDGE ( 'NONE', *, *, #2507, .F. ) ;
#2805 = EDGE_CURVE ( 'NONE', #3891, #3373, #3551, .T. ) ;
#2806 = EDGE_CURVE ( 'NONE', #3594, #4777, #1119, .T. ) ;
#2807 = CARTESIAN_POINT ( 'NONE',  ( -1.499999999999999556, 0.5615000000000029967, 1.414999999999999813 ) ) ;
#2808 = LINE ( 'NONE', #1141, #3684 ) ;
#2809 = ORIENTED_EDGE ( 'NONE', *, *, #198, .F. ) ;
#2810 = CARTESIAN_POINT ( 'NONE',  ( -2.051829622465644043, 0.4995425708808653442, 1.109999999999999876 ) ) ;
#2811 = EDGE_CURVE ( 'NONE', #1971, #2050, #3992, .T. ) ;
#2812 =( NAMED_UNIT ( * ) SI_UNIT ( $, .STERADIAN. ) SOLID_ANGLE_UNIT ( ) );
#2813 = LINE ( 'NONE', #4490, #4593 ) ;
#2814 = ORIENTED_EDGE ( 'NONE', *, *, #1183, .T. ) ;
#2815 = CARTESIAN_POINT ( 'NONE',  ( 2.051829622465644043, 0.4995425708808653442, 1.109999999999999876 ) ) ;
#2816 = CARTESIAN_POINT ( 'NONE',  ( -1.920000000000000373, 0.2539999999999998925, -0.3900000000000000688 ) ) ;
#2817 = ORIENTED_EDGE ( 'NONE', *, *, #3128, .T. ) ;
#2818 = ORIENTED_EDGE ( 'NONE', *, *, #158, .F. ) ;
#2819 = EDGE_CURVE ( 'NONE', #4627, #876, #2725, .T. ) ;
#2820 = ORIENTED_EDGE ( 'NONE', *, *, #2819, .F. ) ;
#2821 = SURFACE_STYLE_USAGE ( .BOTH. , #4032 ) ;
#2822 = CARTESIAN_POINT ( 'NONE',  ( -1.753037081243900230, 0.5615000000000029967, 0.8899999999999999023 ) ) ;
#2823 = DIRECTION ( 'NONE',  ( 0.000000000000000000, 0.000000000000000000, -1.000000000000000000 ) ) ;
#2824 = LINE ( 'NONE', #3675, #270 ) ;
#2825 = ORIENTED_EDGE ( 'NONE', *, *, #2365, .T. ) ;
#2826 = VECTOR ( 'NONE', #695, 1000.000000000000000 ) ;
#2827 = DIRECTION ( 'NONE',  ( 1.000000000000000000, -4.284756080633293341E-16, 0.000000000000000000 ) ) ;
#2828 = CARTESIAN_POINT ( 'NONE',  ( -1.499999999999999556, 0.5615000000000029967, 0.6099999999999999867 ) ) ;
#2829 = VERTEX_POINT ( 'NONE', #294 ) ;
#2830 = CARTESIAN_POINT ( 'NONE',  ( 2.051829622465644043, 0.4995425708808653442, 0.1099999999999999589 ) ) ;
#2831 = VECTOR ( 'NONE', #869, 1000.000000000000114 ) ;
#2832 = EDGE_CURVE ( 'NONE', #3179, #2021, #3177, .T. ) ;
#2833 = ORIENTED_EDGE ( 'NONE', *, *, #1707, .F. ) ;
#2834 = FACE_OUTER_BOUND ( 'NONE', #967, .T. ) ;
#2835 = MECHANICAL_DESIGN_GEOMETRIC_PRESENTATION_REPRESENTATION (  '', ( #3948 ), #1482 ) ;
#2836 = ORIENTED_EDGE ( 'NONE', *, *, #756, .T. ) ;
#2837 = EDGE_CURVE ( 'NONE', #4356, #1588, #3109, .T. ) ;
#2838 = PLANE ( 'NONE',  #10 ) ;
#2839 = VERTEX_POINT ( 'NONE', #1167 ) ;
#2840 = DIRECTION ( 'NONE',  ( 1.000000000000000000, 0.000000000000000000, 0.000000000000000000 ) ) ;
#2841 = LINE ( 'NONE', #440, #3729 ) ;
#2842 = ORIENTED_EDGE ( 'NONE', *, *, #3449, .T. ) ;
#2843 = ORIENTED_EDGE ( 'NONE', *, *, #2093, .T. ) ;
#2844 = ORIENTED_EDGE ( 'NONE', *, *, #1995, .T. ) ;
#2845 = VECTOR ( 'NONE', #261, 1000.000000000000000 ) ;
#2846 = LINE ( 'NONE', #3251, #1528 ) ;
#2847 = CIRCLE ( 'NONE', #1413, 0.3054677443338708054 ) ;
#2848 = LINE ( 'NONE', #844, #5081 ) ;
#2849 = CARTESIAN_POINT ( 'NONE',  ( 1.415000000000000702, 0.7414999999999947189, 1.499999999999999556 ) ) ;
#2850 = ORIENTED_EDGE ( 'NONE', *, *, #1414, .T. ) ;
#2851 = DIRECTION ( 'NONE',  ( -1.000000000000000000, 0.000000000000000000, 0.000000000000000000 ) ) ;
#2852 = ORIENTED_EDGE ( 'NONE', *, *, #4785, .F. ) ;
#2853 = AXIS2_PLACEMENT_3D ( 'NONE', #4430, #3153, #3905 ) ;
#2854 = ADVANCED_FACE ( 'NONE', ( #4016 ), #1962, .F. ) ;
#2855 = CIRCLE ( 'NONE', #5096, 0.3054677443338708054 ) ;
#2856 = DIRECTION ( 'NONE',  ( -0.000000000000000000, -1.000000000000000000, -0.000000000000000000 ) ) ;
#2857 = CARTESIAN_POINT ( 'NONE',  ( -2.450000000000000178, 0.1797533162558151154, 0.1099999999999999589 ) ) ;
#2858 = ORIENTED_EDGE ( 'NONE', *, *, #3260, .T. ) ;
#2859 = CARTESIAN_POINT ( 'NONE',  ( -1.753037081243900230, 0.7414999999999948299, 0.8899999999999999023 ) ) ;
#2860 = VECTOR ( 'NONE', #4728, 1000.000000000000000 ) ;
#2861 = ORIENTED_EDGE ( 'NONE', *, *, #3060, .T. ) ;
#2862 = CIRCLE ( 'NONE', #2262, 0.1254677443338790277 ) ;
#2863 = DIRECTION ( 'NONE',  ( 1.000000000000000000, 0.000000000000000000, 0.000000000000000000 ) ) ;
#2864 = ORIENTED_EDGE ( 'NONE', *, *, #2384, .F. ) ;
#2865 = CARTESIAN_POINT ( 'NONE',  ( 1.875763054333566382, 0.4621184665336710018, 0.6099999999999999867 ) ) ;
#2866 = EDGE_CURVE ( 'NONE', #2966, #1285, #826, .T. ) ;
#2867 = VECTOR ( 'NONE', #4355, 1000.000000000000000 ) ;
#2868 = ADVANCED_FACE ( 'NONE', ( #1536 ), #1557, .T. ) ;
#2869 = CARTESIAN_POINT ( 'NONE',  ( -2.450000000000000178, 0.1797533162558151154, 0.6099999999999999867 ) ) ;
#2870 = ORIENTED_EDGE ( 'NONE', *, *, #2672, .T. ) ;
#2871 = ORIENTED_EDGE ( 'NONE', *, *, #3942, .T. ) ;
#2872 = VERTEX_POINT ( 'NONE', #4801 ) ;
#2873 = AXIS2_PLACEMENT_3D ( 'NONE', #3517, #5176, #2059 ) ;
#2874 = EDGE_CURVE ( 'NONE', #3365, #3019, #274, .T. ) ;
#2875 = AXIS2_PLACEMENT_3D ( 'NONE', #1230, #2918, #1306 ) ;
#2876 = DIRECTION ( 'NONE',  ( -0.000000000000000000, -0.000000000000000000, -1.000000000000000000 ) ) ;
#2877 = DIRECTION ( 'NONE',  ( -1.000000000000000000, 0.000000000000000000, 0.000000000000000000 ) ) ;
#2878 = ORIENTED_EDGE ( 'NONE', *, *, #474, .F. ) ;
#2879 = DIRECTION ( 'NONE',  ( 1.000000000000000000, 0.000000000000000000, 0.000000000000000000 ) ) ;
#2880 = DIRECTION ( 'NONE',  ( 0.000000000000000000, 1.000000000000000000, 0.000000000000000000 ) ) ;
#2881 = ORIENTED_EDGE ( 'NONE', *, *, #3688, .T. ) ;
#2882 = STYLED_ITEM ( 'NONE', ( #3771 ), #799 ) ;
#2883 = AXIS2_PLACEMENT_3D ( 'NONE', #3091, #3574, #2877 ) ;
#2884 = DIRECTION ( 'NONE',  ( -0.000000000000000000, -0.000000000000000000, -1.000000000000000000 ) ) ;
#2885 = CARTESIAN_POINT ( 'NONE',  ( 1.753037081243900230, 0.5615000000000029967, 0.6099999999999999867 ) ) ;
#2886 = ORIENTED_EDGE ( 'NONE', *, *, #508, .T. ) ;
#2887 = LINE ( 'NONE', #3665, #4545 ) ;
#2888 = ORIENTED_EDGE ( 'NONE', *, *, #3317, .T. ) ;
#2889 = LINE ( 'NONE', #4548, #4761 ) ;
#2890 = LINE ( 'NONE', #3693, #2600 ) ;
#2891 = DIRECTION ( 'NONE',  ( 0.000000000000000000, -1.000000000000000000, 0.000000000000000000 ) ) ;
#2892 = LINE ( 'NONE', #2869, #1271 ) ;
#2893 = AXIS2_PLACEMENT_3D ( 'NONE', #144, #4566, #2588 ) ;
#2894 = ORIENTED_EDGE ( 'NONE', *, *, #3095, .F. ) ;
#2895 = ORIENTED_EDGE ( 'NONE', *, *, #4809, .F. ) ;
#2896 = ORIENTED_EDGE ( 'NONE', *, *, #3348, .F. ) ;
#2897 = EDGE_CURVE ( 'NONE', #2459, #3213, #692, .T. ) ;
#2898 = DIRECTION ( 'NONE',  ( 0.000000000000000000, 0.000000000000000000, 1.000000000000000000 ) ) ;
#2899 = PLANE ( 'NONE',  #78 ) ;
#2900 = EDGE_LOOP ( 'NONE', ( #1310, #148, #4943, #804 ) ) ;
#2901 = DIRECTION ( 'NONE',  ( -1.000000000000000000, 4.284756080633293834E-16, 0.000000000000000000 ) ) ;
#2902 = EDGE_CURVE ( 'NONE', #1140, #2540, #4925, .T. ) ;
#2903 = DIRECTION ( 'NONE',  ( -0.000000000000000000, -1.000000000000000000, -0.000000000000000000 ) ) ;
#2904 = DIRECTION ( 'NONE',  ( -1.000000000000000000, 0.000000000000000000, 0.000000000000000000 ) ) ;
#2905 = CARTESIAN_POINT ( 'NONE',  ( 1.920000000000000373, 0.2539999999999985048, -0.3900000000000000688 ) ) ;
#2906 = ORIENTED_EDGE ( 'NONE', *, *, #2048, .F. ) ;
#2907 = CARTESIAN_POINT ( 'NONE',  ( 1.499999999999999556, 0.5615000000000029967, 0.1099999999999999589 ) ) ;
#2908 = DIRECTION ( 'NONE',  ( -0.000000000000000000, -0.000000000000000000, -1.000000000000000000 ) ) ;
#2909 = VERTEX_POINT ( 'NONE', #1735 ) ;
#2910 = VECTOR ( 'NONE', #3033, 1000.000000000000000 ) ;
#2911 = ORIENTED_EDGE ( 'NONE', *, *, #4463, .T. ) ;
#2912 = DIRECTION ( 'NONE',  ( -0.000000000000000000, -0.000000000000000000, -1.000000000000000000 ) ) ;
#2913 = VERTEX_POINT ( 'NONE', #3329 ) ;
#2914 = DIRECTION ( 'NONE',  ( 1.000000000000000000, 0.000000000000000000, -0.000000000000000000 ) ) ;
#2915 = LINE ( 'NONE', #4570, #3880 ) ;
#2916 = VECTOR ( 'NONE', #2137, 1000.000000000000114 ) ;
#2917 = DIRECTION ( 'NONE',  ( -0.05233595624293888721, 0.9986295347545741663, 0.000000000000000000 ) ) ;
#2918 = DIRECTION ( 'NONE',  ( -4.284756080633293341E-16, -1.000000000000000000, 0.000000000000000000 ) ) ;
#2919 = VERTEX_POINT ( 'NONE', #2981 ) ;
#2920 = ORIENTED_EDGE ( 'NONE', *, *, #1670, .F. ) ;
#2921 = EDGE_LOOP ( 'NONE', ( #2870, #3728, #3209, #2843 ) ) ;
#2922 = CIRCLE ( 'NONE', #560, 0.3054677443338703613 ) ;
#2923 = ADVANCED_FACE ( 'NONE', ( #4145 ), #2955, .T. ) ;
#2924 = CARTESIAN_POINT ( 'NONE',  ( -1.414999999999999591, 0.5615000000000029967, -1.500000000000000222 ) ) ;
#2925 = VECTOR ( 'NONE', #1048, 1000.000000000000000 ) ;
#2926 = CARTESIAN_POINT ( 'NONE',  ( -1.499999999999999556, 0.7414999999999947189, -0.3900000000000000688 ) ) ;
#2927 = ORIENTED_EDGE ( 'NONE', *, *, #4411, .T. ) ;
#2928 = CARTESIAN_POINT ( 'NONE',  ( -1.753037081243900230, 0.7414999999999948299, -0.6100000000000000977 ) ) ;
#2929 = DIRECTION ( 'NONE',  ( 0.000000000000000000, 0.000000000000000000, 1.000000000000000000 ) ) ;
#2930 = PLANE ( 'NONE',  #2688 ) ;
#2931 = ORIENTED_EDGE ( 'NONE', *, *, #3582, .F. ) ;
#2932 = CIRCLE ( 'NONE', #3964, 0.1254677443338788057 ) ;
#2933 = ADVANCED_FACE ( 'NONE', ( #61 ), #954, .F. ) ;
#2934 = EDGE_CURVE ( 'NONE', #4318, #1580, #1318, .T. ) ;
#2935 = PLANE ( 'NONE',  #4859 ) ;
#2936 = AXIS2_PLACEMENT_3D ( 'NONE', #987, #3875, #2593 ) ;
#2937 = ORIENTED_EDGE ( 'NONE', *, *, #3914, .T. ) ;
#2938 = VECTOR ( 'NONE', #2082, 1000.000000000000000 ) ;
#2939 = EDGE_CURVE ( 'NONE', #1214, #591, #4606, .T. ) ;
#2940 = CARTESIAN_POINT ( 'NONE',  ( -2.440579527876271637, -7.231105290834467174E-20, 0.1099999999999999589 ) ) ;
#2941 = FACE_OUTER_BOUND ( 'NONE', #1404, .T. ) ;
#2942 = EDGE_LOOP ( 'NONE', ( #2621, #4110, #2992, #3538 ) ) ;
#2943 = CYLINDRICAL_SURFACE ( 'NONE', #4150, 0.1254677443338788057 ) ;
#2944 = VECTOR ( 'NONE', #1040, 1000.000000000000000 ) ;
#2945 = DIRECTION ( 'NONE',  ( 0.000000000000000000, 0.000000000000000000, 1.000000000000000000 ) ) ;
#2946 = ORIENTED_EDGE ( 'NONE', *, *, #4411, .F. ) ;
#2947 = ORIENTED_EDGE ( 'NONE', *, *, #4090, .F. ) ;
#2948 = ORIENTED_EDGE ( 'NONE', *, *, #4213, .T. ) ;
#2949 = AXIS2_PLACEMENT_3D ( 'NONE', #1057, #3122, #3575 ) ;
#2950 = DIRECTION ( 'NONE',  ( -1.000000000000000000, 4.284756080633293834E-16, 0.000000000000000000 ) ) ;
#2951 = CARTESIAN_POINT ( 'NONE',  ( -1.920000000000000373, 0.2540000000000000036, 0.1099999999999999589 ) ) ;
#2952 = ORIENTED_EDGE ( 'NONE', *, *, #3929, .T. ) ;
#2953 = ORIENTED_EDGE ( 'NONE', *, *, #2534, .T. ) ;
#2954 = DIRECTION ( 'NONE',  ( 0.000000000000000000, 0.000000000000000000, -1.000000000000000000 ) ) ;
#2955 = CYLINDRICAL_SURFACE ( 'NONE', #4311, 0.3054677443338703613 ) ;
#2956 = DIRECTION ( 'NONE',  ( 0.000000000000000000, 1.000000000000000000, 0.000000000000000000 ) ) ;
#2957 = FACE_OUTER_BOUND ( 'NONE', #758, .T. ) ;
#2958 = VECTOR ( 'NONE', #762, 1000.000000000000000 ) ;
#2959 = LINE ( 'NONE', #4609, #2799 ) ;
#2960 = LINE ( 'NONE', #2116, #3175 ) ;
#2961 = ORIENTED_EDGE ( 'NONE', *, *, #2554, .T. ) ;
#2962 = EDGE_CURVE ( 'NONE', #1588, #4094, #3706, .T. ) ;
#2963 = EDGE_CURVE ( 'NONE', #4595, #4961, #2154, .T. ) ;
#2964 = CIRCLE ( 'NONE', #3825, 0.1250000000000003331 ) ;
#2965 = DIRECTION ( 'NONE',  ( -1.000000000000000000, 0.000000000000000000, 0.000000000000000000 ) ) ;
#2966 = VERTEX_POINT ( 'NONE', #2928 ) ;
#2967 = CARTESIAN_POINT ( 'NONE',  ( 2.051829622465644043, 0.4995425708808653442, 0.6099999999999999867 ) ) ;
#2968 = ORIENTED_EDGE ( 'NONE', *, *, #1381, .F. ) ;
#2969 = CARTESIAN_POINT ( 'NONE',  ( -1.499999999999999556, 0.7414999999999947189, -1.110000000000000098 ) ) ;
#2970 = EDGE_CURVE ( 'NONE', #4031, #1214, #524, .T. ) ;
#2971 = DIRECTION ( 'NONE',  ( 0.000000000000000000, 1.000000000000000000, 0.000000000000000000 ) ) ;
#2972 = ORIENTED_EDGE ( 'NONE', *, *, #224, .F. ) ;
#2973 = CARTESIAN_POINT ( 'NONE',  ( 1.499999999999999556, 0.5615000000000029967, -0.8900000000000000133 ) ) ;
#2974 = ORIENTED_EDGE ( 'NONE', *, *, #2042, .F. ) ;
#2975 = ORIENTED_EDGE ( 'NONE', *, *, #3259, .T. ) ;
#2976 =( NAMED_UNIT ( * ) PLANE_ANGLE_UNIT ( ) SI_UNIT ( $, .RADIAN. ) );
#2977 = LINE ( 'NONE', #3457, #1741 ) ;
#2978 = DIRECTION ( 'NONE',  ( -0.000000000000000000, -0.000000000000000000, -1.000000000000000000 ) ) ;
#2979 = ORIENTED_EDGE ( 'NONE', *, *, #4138, .F. ) ;
#2980 = CARTESIAN_POINT ( 'NONE',  ( -1.753037081243900230, 0.7414999999999948299, 0.1099999999999999589 ) ) ;
#2981 = CARTESIAN_POINT ( 'NONE',  ( -1.499999999999999556, 0.7414999999999947189, 0.6099999999999999867 ) ) ;
#2982 = DIRECTION ( 'NONE',  ( 0.05233595624293888027, 0.9986295347545741663, -0.000000000000000000 ) ) ;
#2983 = LINE ( 'NONE', #1791, #2505 ) ;
#2984 = DIRECTION ( 'NONE',  ( 0.000000000000000000, -1.000000000000000000, 0.000000000000000000 ) ) ;
#2985 = CARTESIAN_POINT ( 'NONE',  ( 1.920000000000000373, 0.2539999999999985048, 1.109999999999999876 ) ) ;
#2986 = LINE ( 'NONE', #983, #220 ) ;
#2987 = CARTESIAN_POINT ( 'NONE',  ( -1.414999999999999591, 1.100000000000000089, 1.414999999999999813 ) ) ;
#2988 = ORIENTED_EDGE ( 'NONE', *, *, #3229, .T. ) ;
#2989 = ADVANCED_FACE ( 'NONE', ( #3783 ), #4962, .F. ) ;
#2990 = EDGE_CURVE ( 'NONE', #766, #4027, #4118, .T. ) ;
#2991 = CARTESIAN_POINT ( 'NONE',  ( 1.753037081243900230, 0.4360322556661242466, 0.1099999999999999589 ) ) ;
#2992 = ORIENTED_EDGE ( 'NONE', *, *, #625, .F. ) ;
#2993 = DIRECTION ( 'NONE',  ( 0.000000000000000000, 0.000000000000000000, -1.000000000000000000 ) ) ;
#2994 = EDGE_LOOP ( 'NONE', ( #1527, #754, #4467, #1743 ) ) ;
#2995 = CARTESIAN_POINT ( 'NONE',  ( 2.450000000000000178, 0.1797533162558151154, 1.109999999999999876 ) ) ;
#2996 = DIRECTION ( 'NONE',  ( 1.000000000000000000, 0.000000000000000000, 0.000000000000000000 ) ) ;
#2997 = EDGE_CURVE ( 'NONE', #3568, #1386, #2855, .T. ) ;
#2998 = ORIENTED_EDGE ( 'NONE', *, *, #4799, .T. ) ;
#2999 = DIRECTION ( 'NONE',  ( 0.000000000000000000, 1.000000000000000000, 0.000000000000000000 ) ) ;
#3000 = CIRCLE ( 'NONE', #1560, 0.1254677443338790277 ) ;
#3001 = ORIENTED_EDGE ( 'NONE', *, *, #1493, .F. ) ;
#3002 = EDGE_LOOP ( 'NONE', ( #2447, #973, #4089, #1548 ) ) ;
#3003 = CARTESIAN_POINT ( 'NONE',  ( -2.440579527876271637, -7.231105290834467174E-20, 1.109999999999999876 ) ) ;
#3004 = DIRECTION ( 'NONE',  ( -0.000000000000000000, -0.000000000000000000, -1.000000000000000000 ) ) ;
#3005 = ORIENTED_EDGE ( 'NONE', *, *, #2811, .F. ) ;
#3006 = CARTESIAN_POINT ( 'NONE',  ( 1.415000000000000702, 0.5615000000000029967, 1.499999999999999778 ) ) ;
#3007 = DIRECTION ( 'NONE',  ( 0.000000000000000000, 0.000000000000000000, -1.000000000000000000 ) ) ;
#3008 = DIRECTION ( 'NONE',  ( -0.9986295347545741663, 0.05233595624293888721, 0.000000000000000000 ) ) ;
#3009 = FACE_OUTER_BOUND ( 'NONE', #1378, .T. ) ;
#3010 = CARTESIAN_POINT ( 'NONE',  ( 2.212226066844385386, 0.1922145200638937790, 0.1099999999999999589 ) ) ;
#3011 = ORIENTED_EDGE ( 'NONE', *, *, #3291, .F. ) ;
#3012 = EDGE_CURVE ( 'NONE', #2068, #693, #491, .T. ) ;
#3013 = AXIS2_PLACEMENT_3D ( 'NONE', #3496, #3472, #2317 ) ;
#3014 = DIRECTION ( 'NONE',  ( 0.000000000000000000, 0.000000000000000000, 1.000000000000000000 ) ) ;
#3015 = VECTOR ( 'NONE', #2978, 1000.000000000000000 ) ;
#3016 = VERTEX_POINT ( 'NONE', #4583 ) ;
#3017 = VECTOR ( 'NONE', #4161, 1000.000000000000000 ) ;
#3018 = CARTESIAN_POINT ( 'NONE',  ( -1.149999999999999467, 1.050000000000000044, -1.275000000000000577 ) ) ;
#3019 = VERTEX_POINT ( 'NONE', #164 ) ;
#3020 = CARTESIAN_POINT ( 'NONE',  ( 1.415000000000000702, -4.242640687119283882, -1.500000000000000000 ) ) ;
#3021 = DIRECTION ( 'NONE',  ( -0.000000000000000000, -0.000000000000000000, -1.000000000000000000 ) ) ;
#3022 = VECTOR ( 'NONE', #5026, 1000.000000000000000 ) ;
#3023 = CARTESIAN_POINT ( 'NONE',  ( 2.212226066844385386, 0.1922145200638938900, 0.3899999999999999578 ) ) ;
#3024 = VECTOR ( 'NONE', #590, 1000.000000000000000 ) ;
#3025 = LINE ( 'NONE', #4294, #2674 ) ;
#3026 = LINE ( 'NONE', #623, #4334 ) ;
#3027 = ORIENTED_EDGE ( 'NONE', *, *, #1445, .T. ) ;
#3028 = EDGE_CURVE ( 'NONE', #2068, #3363, #3381, .T. ) ;
#3029 = EDGE_CURVE ( 'NONE', #3363, #4438, #2254, .T. ) ;
#3030 = FACE_OUTER_BOUND ( 'NONE', #4769, .T. ) ;
#3031 = DIRECTION ( 'NONE',  ( 0.9986295347545742773, 0.05233595624293843618, 0.000000000000000000 ) ) ;
#3032 = ORIENTED_EDGE ( 'NONE', *, *, #3450, .F. ) ;
#3033 = DIRECTION ( 'NONE',  ( 1.000000000000000000, 0.000000000000000000, 0.000000000000000000 ) ) ;
#3034 = VECTOR ( 'NONE', #457, 1000.000000000000000 ) ;
#3035 = DIRECTION ( 'NONE',  ( 0.000000000000000000, 0.000000000000000000, -1.000000000000000000 ) ) ;
#3036 = EDGE_CURVE ( 'NONE', #1198, #4136, #1686, .T. ) ;
#3037 = DIRECTION ( 'NONE',  ( 0.000000000000000000, 0.000000000000000000, 1.000000000000000000 ) ) ;
#3038 = AXIS2_PLACEMENT_3D ( 'NONE', #2495, #848, #4037 ) ;
#3039 = PLANE ( 'NONE',  #2489 ) ;
#3040 = CARTESIAN_POINT ( 'NONE',  ( 2.450000000000000178, 0.1797533162558151154, -0.3900000000000000688 ) ) ;
#3041 = ORIENTED_EDGE ( 'NONE', *, *, #1248, .T. ) ;
#3042 = VECTOR ( 'NONE', #52, 1000.000000000000000 ) ;
#3043 = CARTESIAN_POINT ( 'NONE',  ( -1.149999999999999467, 1.050000000000000044, -1.024999999999999911 ) ) ;
#3044 = ADVANCED_FACE ( 'NONE', ( #2494 ), #499, .F. ) ;
#3045 = ORIENTED_EDGE ( 'NONE', *, *, #5143, .F. ) ;
#3046 = DIRECTION ( 'NONE',  ( -0.000000000000000000, -0.000000000000000000, -1.000000000000000000 ) ) ;
#3047 = ORIENTED_EDGE ( 'NONE', *, *, #5253, .F. ) ;
#3048 = CARTESIAN_POINT ( 'NONE',  ( -2.202805594720656845, 0.01246120380807877286, -0.6100000000000000977 ) ) ;
#3049 = VECTOR ( 'NONE', #2448, 1000.000000000000114 ) ;
#3050 = MECHANICAL_DESIGN_GEOMETRIC_PRESENTATION_REPRESENTATION (  '', ( #2623 ), #3309 ) ;
#3051 = PRESENTATION_STYLE_ASSIGNMENT (( #3850 ) ) ;
#3052 = DIRECTION ( 'NONE',  ( 0.000000000000000000, 0.000000000000000000, 1.000000000000000000 ) ) ;
#3053 = LINE ( 'NONE', #597, #3958 ) ;
#3054 = LINE ( 'NONE', #1020, #2867 ) ;
#3055 = VERTEX_POINT ( 'NONE', #728 ) ;
#3056 = SHAPE_DEFINITION_REPRESENTATION ( #4665, #357 ) ;
#3057 = DIRECTION ( 'NONE',  ( -1.000000000000000000, 4.284756080633293834E-16, 0.000000000000000000 ) ) ;
#3058 = EDGE_CURVE ( 'NONE', #4128, #3130, #303, .T. ) ;
#3059 = DIRECTION ( 'NONE',  ( -1.000000000000000000, 0.000000000000000000, 0.000000000000000000 ) ) ;
#3060 = EDGE_CURVE ( 'NONE', #2651, #475, #5189, .T. ) ;
#3061 = EDGE_LOOP ( 'NONE', ( #361, #1809, #5019, #4539 ) ) ;
#3062 = VERTEX_POINT ( 'NONE', #334 ) ;
#3063 = CARTESIAN_POINT ( 'NONE',  ( 1.753037081243900230, 0.4360322556661242466, 0.8899999999999999023 ) ) ;
#3064 = DIRECTION ( 'NONE',  ( 0.05233595624293888027, 0.9986295347545741663, -0.000000000000000000 ) ) ;
#3065 = LINE ( 'NONE', #199, #3356 ) ;
#3066 = CARTESIAN_POINT ( 'NONE',  ( -2.450000000000000178, 0.1797533162558151154, 1.109999999999999876 ) ) ;
#3067 = ADVANCED_FACE ( 'NONE', ( #1566 ), #2325, .T. ) ;
#3068 = VERTEX_POINT ( 'NONE', #2302 ) ;
#3069 = PLANE ( 'NONE',  #3809 ) ;
#3070 = ORIENTED_EDGE ( 'NONE', *, *, #86, .F. ) ;
#3071 = DIRECTION ( 'NONE',  ( -0.9781476007338064660, 0.2079116908177556511, 0.000000000000000000 ) ) ;
#3072 = CARTESIAN_POINT ( 'NONE',  ( 2.212226066844385386, 0.1922145200638938900, -0.3900000000000000688 ) ) ;
#3073 = ORIENTED_EDGE ( 'NONE', *, *, #419, .F. ) ;
#3074 = CARTESIAN_POINT ( 'NONE',  ( -2.212226066844385386, 0.1922145200638937790, 1.109999999999999876 ) ) ;
#3075 = CARTESIAN_POINT ( 'NONE',  ( 1.753037081243900230, 0.4360322556661242466, 0.3899999999999999578 ) ) ;
#3076 = LINE ( 'NONE', #4730, #3424 ) ;
#3077 = DIRECTION ( 'NONE',  ( -1.000000000000000000, 0.000000000000000000, 0.000000000000000000 ) ) ;
#3078 = FACE_OUTER_BOUND ( 'NONE', #1343, .T. ) ;
#3079 = DIRECTION ( 'NONE',  ( -1.000000000000000000, 4.284756080633293834E-16, 0.000000000000000000 ) ) ;
#3080 = ORIENTED_EDGE ( 'NONE', *, *, #4522, .T. ) ;
#3081 = EDGE_CURVE ( 'NONE', #1153, #2872, #2349, .T. ) ;
#3082 = AXIS2_PLACEMENT_3D ( 'NONE', #337, #5230, #2022 ) ;
#3083 = CARTESIAN_POINT ( 'NONE',  ( 1.753037081243900230, 0.4360322556661242466, -0.1100000000000000699 ) ) ;
#3084 = VERTEX_POINT ( 'NONE', #4383 ) ;
#3085 = ORIENTED_EDGE ( 'NONE', *, *, #2054, .F. ) ;
#3086 = CARTESIAN_POINT ( 'NONE',  ( -2.218792541221743519, 0.3175103152147410457, -1.110000000000000098 ) ) ;
#3087 = FACE_OUTER_BOUND ( 'NONE', #4130, .T. ) ;
#3088 = COLOUR_RGB ( '',0.7921568627450980005, 0.8196078431372548767, 0.9333333333333333481 ) ;
#3089 = DIRECTION ( 'NONE',  ( 1.000000000000000000, 4.284756080633293341E-16, 0.000000000000000000 ) ) ;
#3090 = CARTESIAN_POINT ( 'NONE',  ( 1.415000000000000702, -4.242640687119283882, -1.415000000000000258 ) ) ;
#3091 = CARTESIAN_POINT ( 'NONE',  ( -1.753037081243900230, 0.4360322556661242466, -0.8900000000000000133 ) ) ;
#3092 = DIRECTION ( 'NONE',  ( -1.000000000000000000, 0.000000000000000000, 0.000000000000000000 ) ) ;
#3093 = ORIENTED_EDGE ( 'NONE', *, *, #4216, .T. ) ;
#3094 = ADVANCED_FACE ( 'NONE', ( #4001 ), #4148, .T. ) ;
#3095 = EDGE_CURVE ( 'NONE', #744, #2381, #4024, .T. ) ;
#3096 = PLANE ( 'NONE',  #2612 ) ;
#3097 = VECTOR ( 'NONE', #759, 1000.000000000000000 ) ;
#3098 = CARTESIAN_POINT ( 'NONE',  ( -1.753037081243900230, 0.4360322556661242466, -0.6100000000000000977 ) ) ;
#3099 = ORIENTED_EDGE ( 'NONE', *, *, #741, .F. ) ;
#3100 = DIRECTION ( 'NONE',  ( 0.9986295347545742773, 0.05233595624293843618, 0.000000000000000000 ) ) ;
#3101 = LINE ( 'NONE', #3879, #4378 ) ;
#3102 = EDGE_CURVE ( 'NONE', #3722, #3913, #5283, .T. ) ;
#3103 = AXIS2_PLACEMENT_3D ( 'NONE', #152, #3454, #4647 ) ;
#3104 = AXIS2_PLACEMENT_3D ( 'NONE', #2784, #1423, #328 ) ;
#3105 = CARTESIAN_POINT ( 'NONE',  ( -1.414999999999999591, 0.2030000000000000693, -1.415000000000000258 ) ) ;
#3106 = CARTESIAN_POINT ( 'NONE',  ( -1.499999999999999556, 0.5615000000000029967, 1.109999999999999876 ) ) ;
#3107 = LINE ( 'NONE', #2602, #4843 ) ;
#3108 = ORIENTED_EDGE ( 'NONE', *, *, #571, .F. ) ;
#3109 = CIRCLE ( 'NONE', #2171, 0.3054677443338708054 ) ;
#3110 = DIRECTION ( 'NONE',  ( 0.000000000000000000, 0.000000000000000000, 1.000000000000000000 ) ) ;
#3111 = AXIS2_PLACEMENT_3D ( 'NONE', #1676, #3647, #2917 ) ;
#3112 = AXIS2_PLACEMENT_3D ( 'NONE', #3588, #1591, #3138 ) ;
#3113 = CARTESIAN_POINT ( 'NONE',  ( -1.753037081243900230, 0.4360322556661242466, 0.3899999999999999578 ) ) ;
#3114 = ORIENTED_EDGE ( 'NONE', *, *, #3995, .F. ) ;
#3115 = EDGE_CURVE ( 'NONE', #2434, #1545, #2096, .T. ) ;
#3116 = ORIENTED_EDGE ( 'NONE', *, *, #4845, .T. ) ;
#3117 = CARTESIAN_POINT ( 'NONE',  ( 2.440579527876271637, -7.231105290834467174E-20, 0.1099999999999999589 ) ) ;
#3118 = AXIS2_PLACEMENT_3D ( 'NONE', #4242, #207, #1777 ) ;
#3119 = CARTESIAN_POINT ( 'NONE',  ( 1.499999999999999556, 0.7414999999999947189, -0.8900000000000000133 ) ) ;
#3120 = CARTESIAN_POINT ( 'NONE',  ( -2.096066568132076924, 0.2914241043471944015, -0.1100000000000000699 ) ) ;
#3121 = LINE ( 'NONE', #4720, #1955 ) ;
#3122 = DIRECTION ( 'NONE',  ( -0.000000000000000000, 0.000000000000000000, -1.000000000000000000 ) ) ;
#3123 = CARTESIAN_POINT ( 'NONE',  ( 1.753037081243900230, 0.5615000000000029967, -0.3900000000000000688 ) ) ;
#3124 = EDGE_LOOP ( 'NONE', ( #548, #647, #3985, #4655 ) ) ;
#3125 = AXIS2_PLACEMENT_3D ( 'NONE', #4788, #1616, #1564 ) ;
#3126 = DIRECTION ( 'NONE',  ( 0.000000000000000000, 1.000000000000000000, 0.000000000000000000 ) ) ;
#3127 = EDGE_CURVE ( 'NONE', #1615, #4668, #3362, .T. ) ;
#3128 = EDGE_CURVE ( 'NONE', #226, #5098, #1941, .T. ) ;
#3129 = FACE_OUTER_BOUND ( 'NONE', #2921, .T. ) ;
#3130 = VERTEX_POINT ( 'NONE', #4860 ) ;
#3131 = CARTESIAN_POINT ( 'NONE',  ( 2.218792541221743519, 0.3175103152147410457, 0.8899999999999999023 ) ) ;
#3132 = DIRECTION ( 'NONE',  ( -0.000000000000000000, -0.000000000000000000, -1.000000000000000000 ) ) ;
#3133 = EDGE_CURVE ( 'NONE', #193, #1580, #1203, .T. ) ;
#3134 = DIRECTION ( 'NONE',  ( 0.000000000000000000, 1.000000000000000000, 0.000000000000000000 ) ) ;
#3135 = DIRECTION ( 'NONE',  ( 0.2079116908177556233, 0.9781476007338063550, 0.000000000000000000 ) ) ;
#3136 = CARTESIAN_POINT ( 'NONE',  ( 1.753037081243900230, 0.5615000000000029967, 0.3899999999999999578 ) ) ;
#3137 = ORIENTED_EDGE ( 'NONE', *, *, #1445, .F. ) ;
#3138 = DIRECTION ( 'NONE',  ( -1.000000000000000000, 0.000000000000000000, 0.000000000000000000 ) ) ;
#3139 = FACE_OUTER_BOUND ( 'NONE', #5200, .T. ) ;
#3140 = VECTOR ( 'NONE', #3146, 1000.000000000000000 ) ;
#3141 = LINE ( 'NONE', #2283, #3779 ) ;
#3142 = ORIENTED_EDGE ( 'NONE', *, *, #2048, .T. ) ;
#3143 = VERTEX_POINT ( 'NONE', #4462 ) ;
#3144 = CARTESIAN_POINT ( 'NONE',  ( -1.499999999999999556, 0.5615000000000029967, 0.3899999999999999578 ) ) ;
#3145 = DIRECTION ( 'NONE',  ( -0.000000000000000000, -0.000000000000000000, -1.000000000000000000 ) ) ;
#3146 = DIRECTION ( 'NONE',  ( -0.000000000000000000, -0.000000000000000000, -1.000000000000000000 ) ) ;
#3147 = DIRECTION ( 'NONE',  ( 1.000000000000000000, 0.000000000000000000, -0.000000000000000000 ) ) ;
#3148 = CARTESIAN_POINT ( 'NONE',  ( -1.499999999999999556, 0.5615000000000029967, -1.415000000000000258 ) ) ;
#3149 = EDGE_LOOP ( 'NONE', ( #4713, #1222 ) ) ;
#3150 = EDGE_CURVE ( 'NONE', #4892, #898, #2017, .T. ) ;
#3151 = DIRECTION ( 'NONE',  ( 0.05233595624293843618, 0.9986295347545742773, -0.000000000000000000 ) ) ;
#3152 = FACE_OUTER_BOUND ( 'NONE', #2533, .T. ) ;
#3153 = DIRECTION ( 'NONE',  ( -0.000000000000000000, -0.000000000000000000, -1.000000000000000000 ) ) ;
#3154 = ORIENTED_EDGE ( 'NONE', *, *, #2024, .F. ) ;
#3155 = CARTESIAN_POINT ( 'NONE',  ( 1.753037081243900230, 0.7414999999999948299, -0.3900000000000000688 ) ) ;
#3156 = EDGE_CURVE ( 'NONE', #2406, #4201, #4596, .T. ) ;
#3157 = EDGE_CURVE ( 'NONE', #1047, #1059, #51, .T. ) ;
#3158 = LINE ( 'NONE', #3458, #3528 ) ;
#3159 = DIRECTION ( 'NONE',  ( 0.05233595624293843618, 0.9986295347545742773, -0.000000000000000000 ) ) ;
#3160 = SURFACE_STYLE_FILL_AREA ( #1883 ) ;
#3161 = DIRECTION ( 'NONE',  ( -0.000000000000000000, -1.000000000000000000, -0.000000000000000000 ) ) ;
#3162 = ORIENTED_EDGE ( 'NONE', *, *, #4773, .T. ) ;
#3163 = DIRECTION ( 'NONE',  ( -0.05233595624293843618, -0.9986295347545742773, 0.000000000000000000 ) ) ;
#3164 = ADVANCED_FACE ( 'NONE', ( #2511 ), #1644, .T. ) ;
#3165 = ADVANCED_FACE ( 'NONE', ( #4184 ), #4928, .T. ) ;
#3166 = EDGE_LOOP ( 'NONE', ( #1706, #458, #2833, #120, #1143, #661, #2110, #93, #2342, #4458, #2721, #4270 ) ) ;
#3167 = DIRECTION ( 'NONE',  ( -1.000000000000000000, 0.000000000000000000, 0.000000000000000000 ) ) ;
#3168 = VERTEX_POINT ( 'NONE', #3724 ) ;
#3169 = VERTEX_POINT ( 'NONE', #4131 ) ;
#3170 = DIRECTION ( 'NONE',  ( -0.2079116908177527367, -0.9781476007338070211, 0.000000000000000000 ) ) ;
#3171 = LINE ( 'NONE', #814, #5262 ) ;
#3172 = DIRECTION ( 'NONE',  ( 0.000000000000000000, 0.000000000000000000, 1.000000000000000000 ) ) ;
#3173 = ORIENTED_EDGE ( 'NONE', *, *, #1248, .F. ) ;
#3174 = FACE_OUTER_BOUND ( 'NONE', #2416, .T. ) ;
#3175 = VECTOR ( 'NONE', #3712, 1000.000000000000114 ) ;
#3176 = EDGE_LOOP ( 'NONE', ( #2488, #3249, #2052, #1225 ) ) ;
#3177 = LINE ( 'NONE', #323, #3441 ) ;
#3178 = ADVANCED_FACE ( 'NONE', ( #2100 ), #2124, .F. ) ;
#3179 = VERTEX_POINT ( 'NONE', #106 ) ;
#3180 = VECTOR ( 'NONE', #287, 1000.000000000000000 ) ;
#3181 = DIRECTION ( 'NONE',  ( 0.000000000000000000, 0.000000000000000000, -1.000000000000000000 ) ) ;
#3182 = CARTESIAN_POINT ( 'NONE',  ( 1.499999999999999556, 0.5615000000000029967, -1.110000000000000098 ) ) ;
#3183 = DIRECTION ( 'NONE',  ( 0.000000000000000000, 0.000000000000000000, -1.000000000000000000 ) ) ;
#3184 = CARTESIAN_POINT ( 'NONE',  ( 1.415000000000000702, 0.5615000000000029967, 1.414999999999999813 ) ) ;
#3185 = ORIENTED_EDGE ( 'NONE', *, *, #2665, .T. ) ;
#3186 = DIRECTION ( 'NONE',  ( 0.000000000000000000, 0.000000000000000000, 1.000000000000000000 ) ) ;
#3187 = PRESENTATION_LAYER_ASSIGNMENT (  '', '', ( #312 ) ) ;
#3188 = PLANE ( 'NONE',  #2172 ) ;
#3189 = VECTOR ( 'NONE', #4686, 1000.000000000000114 ) ;
#3190 = ORIENTED_EDGE ( 'NONE', *, *, #1123, .T. ) ;
#3191 = CARTESIAN_POINT ( 'NONE',  ( -2.051829622465644043, 0.4995425708808653442, 0.8899999999999999023 ) ) ;
#3192 = AXIS2_PLACEMENT_3D ( 'NONE', #3523, #5185, #3306 ) ;
#3193 = VECTOR ( 'NONE', #1505, 1000.000000000000000 ) ;
#3194 = ORIENTED_EDGE ( 'NONE', *, *, #1288, .F. ) ;
#3195 = EDGE_CURVE ( 'NONE', #1713, #2057, #998, .T. ) ;
#3196 = ORIENTED_EDGE ( 'NONE', *, *, #182, .F. ) ;
#3197 = VECTOR ( 'NONE', #3545, 1000.000000000000000 ) ;
#3198 = DIRECTION ( 'NONE',  ( 0.000000000000000000, -0.000000000000000000, 1.000000000000000000 ) ) ;
#3199 = AXIS2_PLACEMENT_3D ( 'NONE', #4222, #871, #550 ) ;
#3200 = FACE_OUTER_BOUND ( 'NONE', #4865, .T. ) ;
#3201 = LINE ( 'NONE', #4900, #5130 ) ;
#3202 = ORIENTED_EDGE ( 'NONE', *, *, #70, .T. ) ;
#3203 = VECTOR ( 'NONE', #5121, 1000.000000000000000 ) ;
#3204 = EDGE_CURVE ( 'NONE', #1982, #589, #2538, .T. ) ;
#3205 = DIRECTION ( 'NONE',  ( -0.000000000000000000, -0.000000000000000000, -1.000000000000000000 ) ) ;
#3206 = VERTEX_POINT ( 'NONE', #2865 ) ;
#3207 = LINE ( 'NONE', #65, #4601 ) ;
#3208 = LINE ( 'NONE', #3638, #1645 ) ;
#3209 = ORIENTED_EDGE ( 'NONE', *, *, #3683, .F. ) ;
#3210 = CLOSED_SHELL ( 'NONE', ( #610, #4529, #3803, #1870, #4612, #1621, #473, #1236, #3915, #348, #2238, #2709, #1819, #2340 ) ) ;
#3211 = CARTESIAN_POINT ( 'NONE',  ( -1.920000000000000373, 0.2539999999999998925, 0.8899999999999999023 ) ) ;
#3212 = EDGE_CURVE ( 'NONE', #3906, #3168, #3246, .T. ) ;
#3213 = VERTEX_POINT ( 'NONE', #2047 ) ;
#3214 = DIRECTION ( 'NONE',  ( 0.000000000000000000, 0.000000000000000000, 1.000000000000000000 ) ) ;
#3215 = CARTESIAN_POINT ( 'NONE',  ( -1.753037081243900230, 0.5615000000000029967, 0.1099999999999999589 ) ) ;
#3216 = EDGE_LOOP ( 'NONE', ( #1300, #4701, #490, #706 ) ) ;
#3217 = CARTESIAN_POINT ( 'NONE',  ( -2.440579527876271637, -7.231105290834467174E-20, -0.3900000000000000688 ) ) ;
#3218 = DIRECTION ( 'NONE',  ( -0.000000000000000000, -1.000000000000000000, -0.000000000000000000 ) ) ;
#3219 = AXIS2_PLACEMENT_3D ( 'NONE', #1789, #4657, #3785 ) ;
#3220 = DIRECTION ( 'NONE',  ( 0.2079116908177527367, -0.9781476007338070211, 0.000000000000000000 ) ) ;
#3221 = AXIS2_PLACEMENT_3D ( 'NONE', #4445, #2383, #4033 ) ;
#3222 = ORIENTED_EDGE ( 'NONE', *, *, #4360, .F. ) ;
#3223 = VECTOR ( 'NONE', #775, 1000.000000000000000 ) ;
#3224 = ORIENTED_EDGE ( 'NONE', *, *, #3449, .F. ) ;
#3225 = ORIENTED_EDGE ( 'NONE', *, *, #4213, .F. ) ;
#3226 = UNCERTAINTY_MEASURE_WITH_UNIT (LENGTH_MEASURE( 1.000000000000000082E-05 ), #1672, 'distance_accuracy_value', 'NONE');
#3227 = CARTESIAN_POINT ( 'NONE',  ( 1.753037081243900230, 0.5615000000000029967, -0.3900000000000000688 ) ) ;
#3228 = VECTOR ( 'NONE', #4844, 1000.000000000000000 ) ;
#3229 = EDGE_CURVE ( 'NONE', #114, #5198, #1751, .T. ) ;
#3230 = EDGE_CURVE ( 'NONE', #4839, #4668, #4493, .T. ) ;
#3231 = DIRECTION ( 'NONE',  ( -1.000000000000000000, 0.000000000000000000, 0.000000000000000000 ) ) ;
#3232 = CARTESIAN_POINT ( 'NONE',  ( 1.875763054333566382, 0.4621184665336710018, 0.1099999999999999589 ) ) ;
#3233 = ORIENTED_EDGE ( 'NONE', *, *, #68, .F. ) ;
#3234 = LINE ( 'NONE', #4872, #2350 ) ;
#3235 = ORIENTED_EDGE ( 'NONE', *, *, #1634, .T. ) ;
#3236 = ADVANCED_FACE ( 'NONE', ( #858 ), #127, .F. ) ;
#3237 = LINE ( 'NONE', #2777, #3223 ) ;
#3238 = DIRECTION ( 'NONE',  ( -0.9986295347545742773, 0.05233595624293843618, 0.000000000000000000 ) ) ;
#3239 = ORIENTED_EDGE ( 'NONE', *, *, #5021, .T. ) ;
#3240 = CARTESIAN_POINT ( 'NONE',  ( -2.212226066844385386, 0.1922145200638937790, -0.8900000000000000133 ) ) ;
#3241 = EDGE_LOOP ( 'NONE', ( #3579, #3890, #151, #4765 ) ) ;
#3242 = FILL_AREA_STYLE_COLOUR ( '', #4227 ) ;
#3243 = CARTESIAN_POINT ( 'NONE',  ( 0.000000000000000000, 0.2030000000000000138, 0.000000000000000000 ) ) ;
#3244 = VERTEX_POINT ( 'NONE', #2428 ) ;
#3245 = FACE_OUTER_BOUND ( 'NONE', #30, .T. ) ;
#3246 = LINE ( 'NONE', #26, #2508 ) ;
#3247 = CARTESIAN_POINT ( 'NONE',  ( 2.202805594720656845, 0.01246120380807877286, 1.109999999999999876 ) ) ;
#3248 = ORIENTED_EDGE ( 'NONE', *, *, #5134, .T. ) ;
#3249 = ORIENTED_EDGE ( 'NONE', *, *, #2652, .F. ) ;
#3250 = ORIENTED_EDGE ( 'NONE', *, *, #5051, .T. ) ;
#3251 = CARTESIAN_POINT ( 'NONE',  ( 1.920000000000000373, 0.2539999999999984492, -0.6100000000000000977 ) ) ;
#3252 = LINE ( 'NONE', #444, #3862 ) ;
#3253 = CARTESIAN_POINT ( 'NONE',  ( -2.450000000000000178, 0.1797533162558151154, 0.6099999999999999867 ) ) ;
#3254 = VERTEX_POINT ( 'NONE', #4107 ) ;
#3255 = CARTESIAN_POINT ( 'NONE',  ( -2.212226066844385386, 0.1922145200638937790, -0.1100000000000000699 ) ) ;
#3256 = ORIENTED_EDGE ( 'NONE', *, *, #504, .F. ) ;
#3257 = VECTOR ( 'NONE', #4275, 1000.000000000000227 ) ;
#3258 = ORIENTED_EDGE ( 'NONE', *, *, #1784, .F. ) ;
#3259 = EDGE_CURVE ( 'NONE', #947, #3681, #3316, .T. ) ;
#3260 = EDGE_CURVE ( 'NONE', #4891, #4714, #459, .T. ) ;
#3261 = AXIS2_PLACEMENT_3D ( 'NONE', #3577, #530, #4968 ) ;
#3262 = DIRECTION ( 'NONE',  ( -0.000000000000000000, -0.000000000000000000, -1.000000000000000000 ) ) ;
#3263 = VERTEX_POINT ( 'NONE', #4549 ) ;
#3264 = PLANE ( 'NONE',  #76 ) ;
#3265 = EDGE_LOOP ( 'NONE', ( #936, #2242, #2514, #4036 ) ) ;
#3266 = DIRECTION ( 'NONE',  ( 0.000000000000000000, 0.000000000000000000, 1.000000000000000000 ) ) ;
#3267 = EDGE_CURVE ( 'NONE', #952, #4164, #2890, .T. ) ;
#3268 = CIRCLE ( 'NONE', #4398, 0.1254677443338788057 ) ;
#3269 = LINE ( 'NONE', #3023, #4000 ) ;
#3270 = ORIENTED_EDGE ( 'NONE', *, *, #4252, .T. ) ;
#3271 = ORIENTED_EDGE ( 'NONE', *, *, #526, .T. ) ;
#3272 = ORIENTED_EDGE ( 'NONE', *, *, #478, .F. ) ;
#3273 = CIRCLE ( 'NONE', #3617, 0.1254677443338788057 ) ;
#3274 = COLOUR_RGB ( '',0.7921568627450980005, 0.8196078431372548767, 0.9333333333333333481 ) ;
#3275 = AXIS2_PLACEMENT_3D ( 'NONE', #1552, #3172, #764 ) ;
#3276 = EDGE_CURVE ( 'NONE', #3068, #1424, #1280, .T. ) ;
#3277 = DIRECTION ( 'NONE',  ( -0.000000000000000000, -0.000000000000000000, -1.000000000000000000 ) ) ;
#3278 = DIRECTION ( 'NONE',  ( 0.9781476007338062439, -0.2079116908177569278, 0.000000000000000000 ) ) ;
#3279 = AXIS2_PLACEMENT_3D ( 'NONE', #4026, #1885, #3110 ) ;
#3280 = ORIENTED_EDGE ( 'NONE', *, *, #3718, .F. ) ;
#3281 = LINE ( 'NONE', #4582, #4385 ) ;
#3282 = CARTESIAN_POINT ( 'NONE',  ( -2.218792541221743519, 0.3175103152147410457, 1.109999999999999876 ) ) ;
#3283 = CARTESIAN_POINT ( 'NONE',  ( -1.499999999999999556, 0.7414999999999947189, -0.3900000000000000688 ) ) ;
#3284 = DIRECTION ( 'NONE',  ( -0.000000000000000000, -0.000000000000000000, -1.000000000000000000 ) ) ;
#3285 = ORIENTED_EDGE ( 'NONE', *, *, #889, .F. ) ;
#3286 = VECTOR ( 'NONE', #1411, 1000.000000000000000 ) ;
#3287 = CYLINDRICAL_SURFACE ( 'NONE', #977, 0.08499999999999978406 ) ;
#3288 = EDGE_LOOP ( 'NONE', ( #2861, #3570, #4615, #4086 ) ) ;
#3289 = CARTESIAN_POINT ( 'NONE',  ( 1.499999999999999556, 0.7414999999999947189, 0.1099999999999999589 ) ) ;
#3290 = EDGE_CURVE ( 'NONE', #4061, #766, #2915, .T. ) ;
#3291 = EDGE_CURVE ( 'NONE', #1787, #1658, #1583, .T. ) ;
#3292 = DIRECTION ( 'NONE',  ( 0.05233595624293843618, 0.9986295347545742773, -0.000000000000000000 ) ) ;
#3293 = ORIENTED_EDGE ( 'NONE', *, *, #1152, .F. ) ;
#3294 = DIRECTION ( 'NONE',  ( 0.000000000000000000, 0.000000000000000000, 1.000000000000000000 ) ) ;
#3295 = VECTOR ( 'NONE', #3644, 1000.000000000000227 ) ;
#3296 = EDGE_CURVE ( 'NONE', #441, #2144, #5079, .T. ) ;
#3297 = CARTESIAN_POINT ( 'NONE',  ( -2.440579527876271637, -7.231105290834467174E-20, 0.1099999999999999589 ) ) ;
#3298 = ORIENTED_EDGE ( 'NONE', *, *, #3029, .F. ) ;
#3299 = ORIENTED_EDGE ( 'NONE', *, *, #1093, .T. ) ;
#3300 = ORIENTED_EDGE ( 'NONE', *, *, #1540, .T. ) ;
#3301 = COLOUR_RGB ( '',0.7921568627450980005, 0.8196078431372548767, 0.9333333333333333481 ) ;
#3302 = CARTESIAN_POINT ( 'NONE',  ( 1.499999999999999556, 0.5615000000000029967, 0.1099999999999999589 ) ) ;
#3303 = FACE_OUTER_BOUND ( 'NONE', #2128, .T. ) ;
#3304 = ORIENTED_EDGE ( 'NONE', *, *, #2157, .F. ) ;
#3305 = DIRECTION ( 'NONE',  ( -0.000000000000000000, -0.000000000000000000, -1.000000000000000000 ) ) ;
#3306 = DIRECTION ( 'NONE',  ( -1.000000000000000000, 0.000000000000000000, 0.000000000000000000 ) ) ;
#3307 = DIRECTION ( 'NONE',  ( -4.284756080633293341E-16, -1.000000000000000000, 0.000000000000000000 ) ) ;
#3308 = ORIENTED_EDGE ( 'NONE', *, *, #3688, .F. ) ;
#3309 =( GEOMETRIC_REPRESENTATION_CONTEXT ( 3 ) GLOBAL_UNCERTAINTY_ASSIGNED_CONTEXT ( ( #5153 ) ) GLOBAL_UNIT_ASSIGNED_CONTEXT ( ( #3399, #1043, #4243 ) ) REPRESENTATION_CONTEXT ( 'NONE', 'WORKASPACE' ) );
#3310 = VECTOR ( 'NONE', #1137, 1000.000000000000000 ) ;
#3311 = CARTESIAN_POINT ( 'NONE',  ( -2.450000000000000178, 0.1797533162558151154, 0.8899999999999999023 ) ) ;
#3312 = ORIENTED_EDGE ( 'NONE', *, *, #4997, .F. ) ;
#3313 = EDGE_LOOP ( 'NONE', ( #2285, #153, #3615, #3977 ) ) ;
#3314 =( NAMED_UNIT ( * ) PLANE_ANGLE_UNIT ( ) SI_UNIT ( $, .RADIAN. ) );
#3315 = ORIENTED_EDGE ( 'NONE', *, *, #690, .T. ) ;
#3316 = LINE ( 'NONE', #1721, #916 ) ;
#3317 = EDGE_CURVE ( 'NONE', #2021, #4590, #4642, .T. ) ;
#3318 = EDGE_CURVE ( 'NONE', #693, #1648, #4729, .T. ) ;
#3319 = CARTESIAN_POINT ( 'NONE',  ( 1.753037081243900230, 0.5615000000000029967, 1.109999999999999876 ) ) ;
#3320 = EDGE_LOOP ( 'NONE', ( #4287, #1394, #2864, #4585 ) ) ;
#3321 = EDGE_LOOP ( 'NONE', ( #2127, #4648, #5000, #2235 ) ) ;
#3322 = VERTEX_POINT ( 'NONE', #5137 ) ;
#3323 = EDGE_CURVE ( 'NONE', #4913, #3322, #620, .T. ) ;
#3324 = EDGE_CURVE ( 'NONE', #443, #2339, #747, .T. ) ;
#3325 = DIRECTION ( 'NONE',  ( -0.000000000000000000, -0.000000000000000000, -1.000000000000000000 ) ) ;
#3326 = DIRECTION ( 'NONE',  ( -1.000000000000000000, 0.000000000000000000, 0.000000000000000000 ) ) ;
#3327 = ORIENTED_EDGE ( 'NONE', *, *, #4315, .T. ) ;
#3328 = DIRECTION ( 'NONE',  ( -1.000000000000000000, 0.000000000000000000, 0.000000000000000000 ) ) ;
#3329 = CARTESIAN_POINT ( 'NONE',  ( 2.212226066844385386, 0.1922145200638937790, -0.8900000000000000133 ) ) ;
#3330 = FACE_OUTER_BOUND ( 'NONE', #847, .T. ) ;
#3331 = ORIENTED_EDGE ( 'NONE', *, *, #101, .T. ) ;
#3332 = CARTESIAN_POINT ( 'NONE',  ( -2.218792541221743519, 0.3175103152147410457, -0.8900000000000000133 ) ) ;
#3333 = CARTESIAN_POINT ( 'NONE',  ( -1.149999999999999467, 1.050000000000000044, -1.150000000000000133 ) ) ;
#3334 = ORIENTED_EDGE ( 'NONE', *, *, #2702, .T. ) ;
#3335 = AXIS2_PLACEMENT_3D ( 'NONE', #2474, #2528, #4144 ) ;
#3336 = EDGE_CURVE ( 'NONE', #5194, #193, #1746, .T. ) ;
#3337 = ORIENTED_EDGE ( 'NONE', *, *, #1005, .F. ) ;
#3338 = ORIENTED_EDGE ( 'NONE', *, *, #1670, .T. ) ;
#3339 = DIRECTION ( 'NONE',  ( -0.2079116908177527367, 0.9781476007338070211, -0.000000000000000000 ) ) ;
#3340 = LINE ( 'NONE', #77, #3017 ) ;
#3341 = CIRCLE ( 'NONE', #1063, 0.3054677443338708054 ) ;
#3342 = SURFACE_SIDE_STYLE ('',( #539 ) ) ;
#3343 = ORIENTED_EDGE ( 'NONE', *, *, #2541, .F. ) ;
#3344 = ORIENTED_EDGE ( 'NONE', *, *, #2672, .F. ) ;
#3345 = VERTEX_POINT ( 'NONE', #4617 ) ;
#3346 = VECTOR ( 'NONE', #3865, 1000.000000000000114 ) ;
#3347 = PLANE ( 'NONE',  #4577 ) ;
#3348 = EDGE_CURVE ( 'NONE', #679, #4917, #3848, .T. ) ;
#3349 = CARTESIAN_POINT ( 'NONE',  ( -1.753037081243900230, 0.5615000000000029967, -1.110000000000000098 ) ) ;
#3350 = ADVANCED_FACE ( 'NONE', ( #1067 ), #253, .F. ) ;
#3351 = ORIENTED_EDGE ( 'NONE', *, *, #2500, .F. ) ;
#3352 = LINE ( 'NONE', #2576, #2831 ) ;
#3353 = CARTESIAN_POINT ( 'NONE',  ( 1.753037081243900230, 0.5615000000000029967, -0.3900000000000000688 ) ) ;
#3354 = CARTESIAN_POINT ( 'NONE',  ( 2.440579527876271637, -7.231105290834467174E-20, 0.8899999999999999023 ) ) ;
#3355 = MECHANICAL_DESIGN_GEOMETRIC_PRESENTATION_REPRESENTATION (  '', ( #3699 ), #4494 ) ;
#3356 = VECTOR ( 'NONE', #2660, 1000.000000000000000 ) ;
#3357 = CARTESIAN_POINT ( 'NONE',  ( 2.212226066844385386, 0.1922145200638937790, 0.6099999999999999867 ) ) ;
#3358 = EDGE_CURVE ( 'NONE', #4030, #2005, #1826, .T. ) ;
#3359 = ORIENTED_EDGE ( 'NONE', *, *, #2214, .T. ) ;
#3360 = VECTOR ( 'NONE', #1592, 1000.000000000000114 ) ;
#3361 = FACE_OUTER_BOUND ( 'NONE', #617, .T. ) ;
#3362 = CIRCLE ( 'NONE', #4759, 0.3054677443338708054 ) ;
#3363 = VERTEX_POINT ( 'NONE', #3048 ) ;
#3364 = CARTESIAN_POINT ( 'NONE',  ( 1.500000000000000444, 0.7414999999999947189, 1.414999999999999813 ) ) ;
#3365 = VERTEX_POINT ( 'NONE', #3448 ) ;
#3366 = CARTESIAN_POINT ( 'NONE',  ( -2.440579527876271637, -7.231105290834467174E-20, 1.109999999999999876 ) ) ;
#3367 = VECTOR ( 'NONE', #3126, 1000.000000000000000 ) ;
#3368 = DIRECTION ( 'NONE',  ( -1.000000000000000000, 0.000000000000000000, 0.000000000000000000 ) ) ;
#3369 = EDGE_CURVE ( 'NONE', #44, #1514, #4933, .T. ) ;
#3370 = EDGE_LOOP ( 'NONE', ( #3745, #3099, #2645, #1625 ) ) ;
#3371 = CARTESIAN_POINT ( 'NONE',  ( -1.149999999999999467, 1.100000000000000089, -1.275000000000000577 ) ) ;
#3372 = EDGE_LOOP ( 'NONE', ( #972, #3235, #2043, #492, #1799, #567, #1190, #2138, #5209, #605, #5249, #2051 ) ) ;
#3373 = VERTEX_POINT ( 'NONE', #3770 ) ;
#3374 = VECTOR ( 'NONE', #3912, 1000.000000000000000 ) ;
#3375 = EDGE_CURVE ( 'NONE', #807, #1277, #2646, .T. ) ;
#3376 = FACE_OUTER_BOUND ( 'NONE', #222, .T. ) ;
#3377 = CIRCLE ( 'NONE', #3038, 0.3054677443338705833 ) ;
#3378 = PLANE ( 'NONE',  #4750 ) ;
#3379 = ORIENTED_EDGE ( 'NONE', *, *, #1727, .T. ) ;
#3380 = DIRECTION ( 'NONE',  ( -0.000000000000000000, -0.000000000000000000, -1.000000000000000000 ) ) ;
#3381 = LINE ( 'NONE', #2058, #2938 ) ;
#3382 = CARTESIAN_POINT ( 'NONE',  ( -1.753037081243900230, 0.4360322556661242466, -0.3900000000000000688 ) ) ;
#3383 = CARTESIAN_POINT ( 'NONE',  ( -2.450000000000000178, 0.1797533162558151154, -0.8900000000000000133 ) ) ;
#3384 = ADVANCED_FACE ( 'NONE', ( #2596 ), #641, .F. ) ;
#3385 = VECTOR ( 'NONE', #2982, 1000.000000000000000 ) ;
#3386 = ADVANCED_FACE ( 'NONE', ( #1385 ), #2143, .F. ) ;
#3387 = DIRECTION ( 'NONE',  ( -0.9986295347545741663, -0.05233595624293842924, 0.000000000000000000 ) ) ;
#3388 = CARTESIAN_POINT ( 'NONE',  ( 1.753037081243900230, 0.4360322556661242466, -0.3900000000000000688 ) ) ;
#3389 = LINE ( 'NONE', #2985, #2745 ) ;
#3390 = DIRECTION ( 'NONE',  ( -0.000000000000000000, 0.000000000000000000, -1.000000000000000000 ) ) ;
#3391 = VERTEX_POINT ( 'NONE', #1855 ) ;
#3392 = ADVANCED_FACE ( 'NONE', ( #595 ), #149, .F. ) ;
#3393 = AXIS2_PLACEMENT_3D ( 'NONE', #4230, #121, #141 ) ;
#3394 = LINE ( 'NONE', #3744, #662 ) ;
#3395 = VERTEX_POINT ( 'NONE', #2969 ) ;
#3396 = DIRECTION ( 'NONE',  ( 0.000000000000000000, 1.000000000000000000, -0.000000000000000000 ) ) ;
#3397 = EDGE_LOOP ( 'NONE', ( #3671, #2712, #1014, #3651 ) ) ;
#3398 = DIRECTION ( 'NONE',  ( 0.2079116908177556233, 0.9781476007338063550, 0.000000000000000000 ) ) ;
#3399 =( LENGTH_UNIT ( ) NAMED_UNIT ( * ) SI_UNIT ( .MILLI., .METRE. ) );
#3400 = ORIENTED_EDGE ( 'NONE', *, *, #5254, .F. ) ;
#3401 = CARTESIAN_POINT ( 'NONE',  ( -2.212226066844385386, 0.1922145200638938900, 0.8899999999999999023 ) ) ;
#3402 = ORIENTED_EDGE ( 'NONE', *, *, #3157, .F. ) ;
#3403 =( NAMED_UNIT ( * ) SI_UNIT ( $, .STERADIAN. ) SOLID_ANGLE_UNIT ( ) );
#3404 = DIRECTION ( 'NONE',  ( 0.000000000000000000, 0.000000000000000000, 1.000000000000000000 ) ) ;
#3405 = ORIENTED_EDGE ( 'NONE', *, *, #4314, .T. ) ;
#3406 = EDGE_CURVE ( 'NONE', #2173, #2356, #2562, .T. ) ;
#3407 = ORIENTED_EDGE ( 'NONE', *, *, #635, .T. ) ;
#3408 = CARTESIAN_POINT ( 'NONE',  ( 1.753037081243900230, 0.7414999999999948299, 0.6099999999999999867 ) ) ;
#3409 = DIRECTION ( 'NONE',  ( 0.000000000000000000, 1.000000000000000000, 0.000000000000000000 ) ) ;
#3410 =( NAMED_UNIT ( * ) PLANE_ANGLE_UNIT ( ) SI_UNIT ( $, .RADIAN. ) );
#3411 = DIRECTION ( 'NONE',  ( -1.000000000000000000, 0.000000000000000000, 0.000000000000000000 ) ) ;
#3412 = DIRECTION ( 'NONE',  ( -0.000000000000000000, -0.000000000000000000, -1.000000000000000000 ) ) ;
#3413 = PLANE ( 'NONE',  #3335 ) ;
#3414 = ORIENTED_EDGE ( 'NONE', *, *, #3754, .T. ) ;
#3415 = DIRECTION ( 'NONE',  ( 0.000000000000000000, 1.000000000000000000, 0.000000000000000000 ) ) ;
#3416 = CARTESIAN_POINT ( 'NONE',  ( 1.920000000000000373, 0.2539999999999984492, -0.8900000000000000133 ) ) ;
#3417 = VERTEX_POINT ( 'NONE', #3802 ) ;
#3418 = EDGE_CURVE ( 'NONE', #4917, #4187, #2773, .T. ) ;
#3419 = ADVANCED_FACE ( 'NONE', ( #2453 ), #3723, .T. ) ;
#3420 = CARTESIAN_POINT ( 'NONE',  ( -1.920000000000000373, 0.2539999999999998925, 0.1099999999999999589 ) ) ;
#3421 = ORIENTED_EDGE ( 'NONE', *, *, #852, .F. ) ;
#3422 = CARTESIAN_POINT ( 'NONE',  ( 1.499999999999999556, 0.5615000000000029967, 1.109999999999999876 ) ) ;
#3423 = DIRECTION ( 'NONE',  ( -1.000000000000000000, 0.000000000000000000, 0.000000000000000000 ) ) ;
#3424 = VECTOR ( 'NONE', #2752, 1000.000000000000000 ) ;
#3425 = CARTESIAN_POINT ( 'NONE',  ( -1.753037081243900230, 0.5615000000000029967, -0.8900000000000000133 ) ) ;
#3426 = ADVANCED_FACE ( 'NONE', ( #3245 ), #2943, .F. ) ;
#3427 = DIRECTION ( 'NONE',  ( -1.000000000000000000, -4.284756080633293834E-16, -0.000000000000000000 ) ) ;
#3428 = CIRCLE ( 'NONE', #5072, 0.1254677443338790277 ) ;
#3429 = EDGE_LOOP ( 'NONE', ( #2746, #2571, #5031, #1613 ) ) ;
#3430 = CARTESIAN_POINT ( 'NONE',  ( 1.753037081243900230, 0.4360322556661242466, 0.6099999999999999867 ) ) ;
#3431 = LINE ( 'NONE', #2321, #2328 ) ;
#3432 = VERTEX_POINT ( 'NONE', #4947 ) ;
#3433 = CARTESIAN_POINT ( 'NONE',  ( -1.753037081243900230, 0.4360322556661242466, -0.8900000000000000133 ) ) ;
#3434 = CARTESIAN_POINT ( 'NONE',  ( -1.753037081243900230, 0.4360322556661242466, -0.6100000000000000977 ) ) ;
#3435 = EDGE_CURVE ( 'NONE', #718, #3084, #1303, .T. ) ;
#3436 = VECTOR ( 'NONE', #1780, 1000.000000000000000 ) ;
#3437 = CARTESIAN_POINT ( 'NONE',  ( -2.096066568132076924, 0.2914241043471944015, -0.3900000000000000688 ) ) ;
#3438 = CYLINDRICAL_SURFACE ( 'NONE', #2883, 0.3054677443338708054 ) ;
#3439 = ORIENTED_EDGE ( 'NONE', *, *, #4473, .T. ) ;
#3440 = VECTOR ( 'NONE', #724, 1000.000000000000000 ) ;
#3441 = VECTOR ( 'NONE', #2779, 1000.000000000000000 ) ;
#3442 = LINE ( 'NONE', #616, #2692 ) ;
#3443 = AXIS2_PLACEMENT_3D ( 'NONE', #2768, #5236, #3231 ) ;
#3444 = VERTEX_POINT ( 'NONE', #4081 ) ;
#3445 = CYLINDRICAL_SURFACE ( 'NONE', #1246, 0.1254677443338788057 ) ;
#3446 = ORIENTED_EDGE ( 'NONE', *, *, #5221, .T. ) ;
#3447 = LINE ( 'NONE', #1358, #2944 ) ;
#3448 = CARTESIAN_POINT ( 'NONE',  ( 1.415000000000000702, 0.7414999999999947189, 1.499999999999999778 ) ) ;
#3449 = EDGE_CURVE ( 'NONE', #2457, #4839, #838, .T. ) ;
#3450 = EDGE_CURVE ( 'NONE', #4298, #113, #2889, .T. ) ;
#3451 = SURFACE_STYLE_USAGE ( .BOTH. , #566 ) ;
#3452 = VECTOR ( 'NONE', #5078, 1000.000000000000000 ) ;
#3453 = PLANE ( 'NONE',  #4167 ) ;
#3454 = DIRECTION ( 'NONE',  ( -0.000000000000000000, -1.000000000000000000, -0.000000000000000000 ) ) ;
#3455 = ORIENTED_EDGE ( 'NONE', *, *, #1546, .F. ) ;
#3456 = EDGE_CURVE ( 'NONE', #113, #4498, #1776, .T. ) ;
#3457 = CARTESIAN_POINT ( 'NONE',  ( 2.051829622465644043, 0.4995425708808653442, 0.1099999999999999589 ) ) ;
#3458 = CARTESIAN_POINT ( 'NONE',  ( -2.440579527876271637, -7.231105290834467174E-20, -0.8900000000000000133 ) ) ;
#3459 = ORIENTED_EDGE ( 'NONE', *, *, #870, .T. ) ;
#3460 = LINE ( 'NONE', #4656, #3505 ) ;
#3461 = DIRECTION ( 'NONE',  ( -1.000000000000000000, 0.000000000000000000, -0.000000000000000000 ) ) ;
#3462 = FACE_OUTER_BOUND ( 'NONE', #943, .T. ) ;
#3463 = CARTESIAN_POINT ( 'NONE',  ( -1.499999999999999556, 0.5615000000000029967, -0.8900000000000000133 ) ) ;
#3464 = CYLINDRICAL_SURFACE ( 'NONE', #436, 0.1254677443338788057 ) ;
#3465 = DIRECTION ( 'NONE',  ( 0.9986295347545741663, -0.05233595624293842924, -0.000000000000000000 ) ) ;
#3466 = DIRECTION ( 'NONE',  ( 1.000000000000000000, 0.000000000000000000, 0.000000000000000000 ) ) ;
#3467 = VERTEX_POINT ( 'NONE', #2561 ) ;
#3468 = STYLED_ITEM ( 'NONE', ( #1749 ), #791 ) ;
#3469 = AXIS2_PLACEMENT_3D ( 'NONE', #341, #2766, #3980 ) ;
#3470 = PRESENTATION_LAYER_ASSIGNMENT (  '', '', ( #2623 ) ) ;
#3471 = CARTESIAN_POINT ( 'NONE',  ( 1.753037081243900230, 0.5615000000000029967, -0.8900000000000000133 ) ) ;
#3472 = DIRECTION ( 'NONE',  ( -0.000000000000000000, -0.000000000000000000, -1.000000000000000000 ) ) ;
#3473 = ORIENTED_EDGE ( 'NONE', *, *, #1949, .T. ) ;
#3474 = LINE ( 'NONE', #3074, #2860 ) ;
#3475 = DIRECTION ( 'NONE',  ( 0.2079116908177527367, -0.9781476007338070211, 0.000000000000000000 ) ) ;
#3476 = CARTESIAN_POINT ( 'NONE',  ( -1.499999999999999556, 0.7414999999999947189, 0.3899999999999999578 ) ) ;
#3477 = VECTOR ( 'NONE', #3599, 1000.000000000000000 ) ;
#3478 = LINE ( 'NONE', #4707, #4853 ) ;
#3479 = LINE ( 'NONE', #1465, #2410 ) ;
#3480 = LINE ( 'NONE', #4328, #929 ) ;
#3481 = ORIENTED_EDGE ( 'NONE', *, *, #2092, .F. ) ;
#3482 = DIRECTION ( 'NONE',  ( 1.000000000000000000, 0.000000000000000000, 0.000000000000000000 ) ) ;
#3483 = ORIENTED_EDGE ( 'NONE', *, *, #3818, .T. ) ;
#3484 = EDGE_CURVE ( 'NONE', #39, #2540, #2670, .T. ) ;
#3485 = ORIENTED_EDGE ( 'NONE', *, *, #732, .F. ) ;
#3486 = DIRECTION ( 'NONE',  ( 1.000000000000000000, 0.000000000000000000, 0.000000000000000000 ) ) ;
#3487 = EDGE_CURVE ( 'NONE', #4382, #3055, #2424, .T. ) ;
#3488 = DIRECTION ( 'NONE',  ( -0.9986295347545741663, 0.05233595624293888721, 0.000000000000000000 ) ) ;
#3489 = CARTESIAN_POINT ( 'NONE',  ( -2.218792541221743519, 0.3175103152147410457, -0.1100000000000000699 ) ) ;
#3490 = FACE_OUTER_BOUND ( 'NONE', #3216, .T. ) ;
#3491 = ORIENTED_EDGE ( 'NONE', *, *, #3952, .F. ) ;
#3492 = EDGE_CURVE ( 'NONE', #4838, #4050, #180, .T. ) ;
#3493 = PLANE ( 'NONE',  #2949 ) ;
#3494 = VERTEX_POINT ( 'NONE', #5025 ) ;
#3495 = CARTESIAN_POINT ( 'NONE',  ( -2.218792541221743519, 0.3175103152147410457, 0.6099999999999999867 ) ) ;
#3496 = CARTESIAN_POINT ( 'NONE',  ( -2.218792541221743519, 0.3175103152147410457, -0.6100000000000000977 ) ) ;
#3497 = ORIENTED_EDGE ( 'NONE', *, *, #1849, .F. ) ;
#3498 = DIRECTION ( 'NONE',  ( 0.05233595624293843618, 0.9986295347545742773, -0.000000000000000000 ) ) ;
#3499 = LINE ( 'NONE', #2701, #1893 ) ;
#3500 = CARTESIAN_POINT ( 'NONE',  ( 1.753037081243900230, 0.7414999999999948299, 1.109999999999999876 ) ) ;
#3501 = PRESENTATION_STYLE_ASSIGNMENT (( #300 ) ) ;
#3502 = DIRECTION ( 'NONE',  ( 0.000000000000000000, 1.000000000000000000, 0.000000000000000000 ) ) ;
#3503 = ORIENTED_EDGE ( 'NONE', *, *, #3605, .F. ) ;
#3504 = CYLINDRICAL_SURFACE ( 'NONE', #3874, 0.1254677443338788057 ) ;
#3505 = VECTOR ( 'NONE', #3892, 1000.000000000000000 ) ;
#3506 = PLANE ( 'NONE',  #5172 ) ;
#3507 = ORIENTED_EDGE ( 'NONE', *, *, #2500, .T. ) ;
#3508 = EDGE_LOOP ( 'NONE', ( #4820, #2931, #1650, #1035 ) ) ;
#3509 = DIRECTION ( 'NONE',  ( -0.000000000000000000, -0.000000000000000000, -1.000000000000000000 ) ) ;
#3510 = STYLED_ITEM ( 'NONE', ( #4214 ), #4322 ) ;
#3511 = CARTESIAN_POINT ( 'NONE',  ( 1.920000000000000373, 0.2539999999999985048, 0.1099999999999999589 ) ) ;
#3512 = EDGE_CURVE ( 'NONE', #689, #2872, #4704, .T. ) ;
#3513 = EDGE_CURVE ( 'NONE', #4262, #4553, #3447, .T. ) ;
#3514 = DIRECTION ( 'NONE',  ( -1.000000000000000000, 0.000000000000000000, 0.000000000000000000 ) ) ;
#3515 = DIRECTION ( 'NONE',  ( -0.000000000000000000, -0.000000000000000000, -1.000000000000000000 ) ) ;
#3516 = VERTEX_POINT ( 'NONE', #1854 ) ;
#3517 = CARTESIAN_POINT ( 'NONE',  ( -1.753037081243900230, 0.4360322556661242466, -0.3900000000000000688 ) ) ;
#3518 = ORIENTED_EDGE ( 'NONE', *, *, #3267, .F. ) ;
#3519 = LINE ( 'NONE', #5178, #1646 ) ;
#3520 = EDGE_CURVE ( 'NONE', #3179, #2040, #4288, .T. ) ;
#3521 = CARTESIAN_POINT ( 'NONE',  ( 1.920000000000000373, 0.2539999999999984492, -0.3900000000000000688 ) ) ;
#3522 = VECTOR ( 'NONE', #3079, 1000.000000000000000 ) ;
#3523 = CARTESIAN_POINT ( 'NONE',  ( 2.218792541221743519, 0.3175103152147410457, -0.1100000000000000699 ) ) ;
#3524 = ORIENTED_EDGE ( 'NONE', *, *, #537, .T. ) ;
#3525 = CARTESIAN_POINT ( 'NONE',  ( 1.753037081243900230, 0.4360322556661242466, 0.6099999999999999867 ) ) ;
#3526 = DIRECTION ( 'NONE',  ( 0.05233595624293888027, -0.9986295347545741663, 0.000000000000000000 ) ) ;
#3527 =( GEOMETRIC_REPRESENTATION_CONTEXT ( 3 ) GLOBAL_UNCERTAINTY_ASSIGNED_CONTEXT ( ( #6 ) ) GLOBAL_UNIT_ASSIGNED_CONTEXT ( ( #2375, #1563, #2678 ) ) REPRESENTATION_CONTEXT ( 'NONE', 'WORKASPACE' ) );
#3528 = VECTOR ( 'NONE', #1986, 1000.000000000000114 ) ;
#3529 = CARTESIAN_POINT ( 'NONE',  ( 1.499999999999999556, 0.7414999999999947189, 1.109999999999999876 ) ) ;
#3530 = DIRECTION ( 'NONE',  ( 0.000000000000000000, 0.000000000000000000, 1.000000000000000000 ) ) ;
#3531 = CARTESIAN_POINT ( 'NONE',  ( 2.212226066844385386, 0.1922145200638938900, 1.109999999999999876 ) ) ;
#3532 = ORIENTED_EDGE ( 'NONE', *, *, #4724, .F. ) ;
#3533 = AXIS2_PLACEMENT_3D ( 'NONE', #1774, #3396, #2993 ) ;
#3534 = CARTESIAN_POINT ( 'NONE',  ( -1.414999999999999591, 0.2030000000000000138, -1.415000000000000258 ) ) ;
#3535 = VECTOR ( 'NONE', #1102, 1000.000000000000000 ) ;
#3536 = CARTESIAN_POINT ( 'NONE',  ( -1.753037081243900230, 0.5615000000000029967, 0.6099999999999999867 ) ) ;
#3537 = VERTEX_POINT ( 'NONE', #3877 ) ;
#3538 = ORIENTED_EDGE ( 'NONE', *, *, #3547, .F. ) ;
#3539 = VECTOR ( 'NONE', #1800, 1000.000000000000114 ) ;
#3540 = DIRECTION ( 'NONE',  ( 0.000000000000000000, -0.000000000000000000, 1.000000000000000000 ) ) ;
#3541 = FACE_OUTER_BOUND ( 'NONE', #2994, .T. ) ;
#3542 = DIRECTION ( 'NONE',  ( 0.000000000000000000, 1.000000000000000000, 0.000000000000000000 ) ) ;
#3543 = CARTESIAN_POINT ( 'NONE',  ( -1.499999999999999556, 0.7414999999999947189, 0.8899999999999999023 ) ) ;
#3544 = DIRECTION ( 'NONE',  ( 0.000000000000000000, -0.000000000000000000, 1.000000000000000000 ) ) ;
#3545 = DIRECTION ( 'NONE',  ( 1.000000000000000000, -0.000000000000000000, -0.000000000000000000 ) ) ;
#3546 = ORIENTED_EDGE ( 'NONE', *, *, #1707, .T. ) ;
#3547 = EDGE_CURVE ( 'NONE', #2776, #1449, #4616, .T. ) ;
#3548 = EDGE_CURVE ( 'NONE', #918, #4246, #2178, .T. ) ;
#3549 = CLOSED_SHELL ( 'NONE', ( #1663, #75, #1888, #672, #2403, #5015, #2281, #2564, #4455, #5080, #2636, #2740, #3067, #1914 ) ) ;
#3550 = DIRECTION ( 'NONE',  ( -0.000000000000000000, -0.000000000000000000, -1.000000000000000000 ) ) ;
#3551 = LINE ( 'NONE', #1064, #2089 ) ;
#3552 = ORIENTED_EDGE ( 'NONE', *, *, #223, .F. ) ;
#3553 = EDGE_CURVE ( 'NONE', #3467, #5136, #3474, .T. ) ;
#3554 = DIRECTION ( 'NONE',  ( -1.000000000000000000, 0.000000000000000000, 0.000000000000000000 ) ) ;
#3555 = ADVANCED_FACE ( 'NONE', ( #1066 ), #2930, .F. ) ;
#3556 = AXIS2_PLACEMENT_3D ( 'NONE', #5171, #3949, #2288 ) ;
#3557 = DIRECTION ( 'NONE',  ( 0.000000000000000000, 1.000000000000000000, -0.000000000000000000 ) ) ;
#3558 = PRESENTATION_LAYER_ASSIGNMENT (  '', '', ( #3468 ) ) ;
#3559 = DIRECTION ( 'NONE',  ( -0.000000000000000000, 0.000000000000000000, -1.000000000000000000 ) ) ;
#3560 = FACE_OUTER_BOUND ( 'NONE', #4547, .T. ) ;
#3561 = CARTESIAN_POINT ( 'NONE',  ( 2.051829622465644043, 0.4995425708808653442, 1.109999999999999876 ) ) ;
#3562 = ORIENTED_EDGE ( 'NONE', *, *, #800, .T. ) ;
#3563 = DIRECTION ( 'NONE',  ( -0.000000000000000000, -0.000000000000000000, -1.000000000000000000 ) ) ;
#3564 = DIRECTION ( 'NONE',  ( -0.9781476007338070211, -0.2079116908177527367, 0.000000000000000000 ) ) ;
#3565 = CIRCLE ( 'NONE', #608, 0.3054677443338708054 ) ;
#3566 = ORIENTED_EDGE ( 'NONE', *, *, #1567, .T. ) ;
#3567 = CARTESIAN_POINT ( 'NONE',  ( -2.202805594720656845, 0.01246120380807877286, 1.109999999999999876 ) ) ;
#3568 = VERTEX_POINT ( 'NONE', #4224 ) ;
#3569 = VECTOR ( 'NONE', #1502, 1000.000000000000000 ) ;
#3570 = ORIENTED_EDGE ( 'NONE', *, *, #2624, .F. ) ;
#3571 = CARTESIAN_POINT ( 'NONE',  ( -1.753037081243900230, 0.4360322556661242466, 0.1099999999999999589 ) ) ;
#3572 = EDGE_CURVE ( 'NONE', #2909, #2162, #3707, .T. ) ;
#3573 = DIRECTION ( 'NONE',  ( -1.000000000000000000, -4.284756080633293834E-16, -0.000000000000000000 ) ) ;
#3574 = DIRECTION ( 'NONE',  ( -0.000000000000000000, -0.000000000000000000, -1.000000000000000000 ) ) ;
#3575 = DIRECTION ( 'NONE',  ( -1.000000000000000000, 0.000000000000000000, 0.000000000000000000 ) ) ;
#3576 = ORIENTED_EDGE ( 'NONE', *, *, #2463, .T. ) ;
#3577 = CARTESIAN_POINT ( 'NONE',  ( -2.051829622465644043, 0.4995425708808653442, -0.8900000000000000133 ) ) ;
#3578 = DIRECTION ( 'NONE',  ( 0.9986295347545741663, 0.05233595624293888721, -0.000000000000000000 ) ) ;
#3579 = ORIENTED_EDGE ( 'NONE', *, *, #1635, .F. ) ;
#3580 = DIRECTION ( 'NONE',  ( -1.000000000000000000, 0.000000000000000000, 0.000000000000000000 ) ) ;
#3581 = DIRECTION ( 'NONE',  ( 1.000000000000000000, 0.000000000000000000, 0.000000000000000000 ) ) ;
#3582 = EDGE_CURVE ( 'NONE', #1535, #2269, #4631, .T. ) ;
#3583 = ADVANCED_FACE ( 'NONE', ( #5042 ), #976, .F. ) ;
#3584 = CARTESIAN_POINT ( 'NONE',  ( -2.450000000000000178, 0.1797533162558151154, 0.1099999999999999589 ) ) ;
#3585 = DIRECTION ( 'NONE',  ( 1.000000000000000000, 0.000000000000000000, 0.000000000000000000 ) ) ;
#3586 = DIRECTION ( 'NONE',  ( 0.2079116908177541800, -0.9781476007338066880, -0.000000000000000000 ) ) ;
#3587 = EDGE_LOOP ( 'NONE', ( #531, #174, #2142, #289 ) ) ;
#3588 = CARTESIAN_POINT ( 'NONE',  ( -1.753037081243900230, 0.4360322556661242466, -0.1100000000000000699 ) ) ;
#3589 = DIRECTION ( 'NONE',  ( -1.000000000000000000, 0.000000000000000000, 0.000000000000000000 ) ) ;
#3590 = ADVANCED_FACE ( 'NONE', ( #2468 ), #2579, .F. ) ;
#3591 = EDGE_LOOP ( 'NONE', ( #4999, #371, #4671, #5259 ) ) ;
#3592 = CARTESIAN_POINT ( 'NONE',  ( -1.753037081243900230, 0.4360322556661242466, 0.6099999999999999867 ) ) ;
#3593 = ORIENTED_EDGE ( 'NONE', *, *, #2107, .T. ) ;
#3594 = VERTEX_POINT ( 'NONE', #4561 ) ;
#3595 = UNCERTAINTY_MEASURE_WITH_UNIT (LENGTH_MEASURE( 1.000000000000000082E-05 ), #4885, 'distance_accuracy_value', 'NONE');
#3596 = PLANE ( 'NONE',  #1858 ) ;
#3597 = AXIS2_PLACEMENT_3D ( 'NONE', #5101, #5133, #4725 ) ;
#3598 = PLANE ( 'NONE',  #4139 ) ;
#3599 = DIRECTION ( 'NONE',  ( -0.000000000000000000, -0.000000000000000000, -1.000000000000000000 ) ) ;
#3600 = ORIENTED_EDGE ( 'NONE', *, *, #2963, .F. ) ;
#3601 = DIRECTION ( 'NONE',  ( -0.000000000000000000, -1.000000000000000000, -0.000000000000000000 ) ) ;
#3602 = AXIS2_PLACEMENT_3D ( 'NONE', #3063, #2634, #629 ) ;
#3603 = ORIENTED_EDGE ( 'NONE', *, *, #1784, .T. ) ;
#3604 = CARTESIAN_POINT ( 'NONE',  ( -1.149999999999999467, 1.050000000000000044, -1.275000000000000577 ) ) ;
#3605 = EDGE_CURVE ( 'NONE', #1200, #705, #5012, .T. ) ;
#3606 = AXIS2_PLACEMENT_3D ( 'NONE', #3529, #2275, #1071 ) ;
#3607 = CARTESIAN_POINT ( 'NONE',  ( 1.753037081243900230, 0.4360322556661242466, 1.109999999999999876 ) ) ;
#3608 = LINE ( 'NONE', #821, #721 ) ;
#3609 = ORIENTED_EDGE ( 'NONE', *, *, #2819, .T. ) ;
#3610 = CARTESIAN_POINT ( 'NONE',  ( -2.450000000000000178, 0.1797533162558151154, 0.8899999999999999023 ) ) ;
#3611 = VECTOR ( 'NONE', #1422, 1000.000000000000114 ) ;
#3612 = CARTESIAN_POINT ( 'NONE',  ( -1.149999999999999467, 1.050000000000000044, -1.024999999999999911 ) ) ;
#3613 = FILL_AREA_STYLE ('',( #1173 ) ) ;
#3614 = DIRECTION ( 'NONE',  ( 0.000000000000000000, -0.000000000000000000, 1.000000000000000000 ) ) ;
#3615 = ORIENTED_EDGE ( 'NONE', *, *, #1863, .F. ) ;
#3616 = CARTESIAN_POINT ( 'NONE',  ( 1.499999999999999556, 0.5615000000000029967, 0.8899999999999999023 ) ) ;
#3617 = AXIS2_PLACEMENT_3D ( 'NONE', #992, #4188, #541 ) ;
#3618 = EDGE_CURVE ( 'NONE', #698, #464, #1737, .T. ) ;
#3619 = CARTESIAN_POINT ( 'NONE',  ( -2.440579527876271637, -7.231105290834467174E-20, -0.6100000000000000977 ) ) ;
#3620 = VECTOR ( 'NONE', #1683, 1000.000000000000000 ) ;
#3621 = DIRECTION ( 'NONE',  ( -1.000000000000000000, 0.000000000000000000, 0.000000000000000000 ) ) ;
#3622 = ORIENTED_EDGE ( 'NONE', *, *, #801, .F. ) ;
#3623 = CARTESIAN_POINT ( 'NONE',  ( 2.096066568132076924, 0.2914241043471944015, -0.1100000000000000699 ) ) ;
#3624 = CIRCLE ( 'NONE', #3013, 0.1254677443338790277 ) ;
#3625 = VECTOR ( 'NONE', #4899, 1000.000000000000000 ) ;
#3626 = ORIENTED_EDGE ( 'NONE', *, *, #255, .T. ) ;
#3627 = EDGE_LOOP ( 'NONE', ( #2103, #3481, #3636, #1957 ) ) ;
#3628 = EDGE_CURVE ( 'NONE', #898, #3244, #413, .T. ) ;
#3629 = CARTESIAN_POINT ( 'NONE',  ( 1.500000000000000444, 0.5615000000000029967, 1.414999999999999813 ) ) ;
#3630 = AXIS2_PLACEMENT_3D ( 'NONE', #4766, #3186, #699 ) ;
#3631 = CARTESIAN_POINT ( 'NONE',  ( -2.440579527876271637, -7.231105290834467174E-20, -1.110000000000000098 ) ) ;
#3632 = CARTESIAN_POINT ( 'NONE',  ( -2.096066568132076924, 0.2914241043471944015, 1.109999999999999876 ) ) ;
#3633 = ORIENTED_EDGE ( 'NONE', *, *, #1541, .T. ) ;
#3634 = AXIS2_PLACEMENT_3D ( 'NONE', #1036, #3957, #1512 ) ;
#3635 = LINE ( 'NONE', #1265, #4942 ) ;
#3636 = ORIENTED_EDGE ( 'NONE', *, *, #1829, .F. ) ;
#3637 = LINE ( 'NONE', #1608, #2036 ) ;
#3638 = CARTESIAN_POINT ( 'NONE',  ( 1.499999999999999556, 0.7414999999999947189, 0.3899999999999999578 ) ) ;
#3639 = EDGE_LOOP ( 'NONE', ( #2948, #2207, #2192, #5175 ) ) ;
#3640 = LINE ( 'NONE', #4854, #3049 ) ;
#3641 = VECTOR ( 'NONE', #2291, 1000.000000000000114 ) ;
#3642 = ADVANCED_FACE ( 'NONE', ( #2308 ), #3947, .T. ) ;
#3643 = PLANE ( 'NONE',  #5270 ) ;
#3644 = DIRECTION ( 'NONE',  ( 0.2079116908177569001, -0.9781476007338061329, 0.000000000000000000 ) ) ;
#3645 = ORIENTED_EDGE ( 'NONE', *, *, #2229, .F. ) ;
#3646 = DIRECTION ( 'NONE',  ( 0.9986295347545741663, -0.05233595624293842924, -0.000000000000000000 ) ) ;
#3647 = DIRECTION ( 'NONE',  ( 0.9986295347545741663, 0.05233595624293888721, -0.000000000000000000 ) ) ;
#3648 = EDGE_LOOP ( 'NONE', ( #1129, #2906, #451, #3080 ) ) ;
#3649 = VECTOR ( 'NONE', #4480, 1000.000000000000000 ) ;
#3650 = ORIENTED_EDGE ( 'NONE', *, *, #3520, .T. ) ;
#3651 = ORIENTED_EDGE ( 'NONE', *, *, #2963, .T. ) ;
#3652 = UNCERTAINTY_MEASURE_WITH_UNIT (LENGTH_MEASURE( 1.000000000000000082E-05 ), #5004, 'distance_accuracy_value', 'NONE');
#3653 = CARTESIAN_POINT ( 'NONE',  ( -2.051829622465644043, 0.4995425708808653442, 0.3899999999999999578 ) ) ;
#3654 = VECTOR ( 'NONE', #38, 1000.000000000000114 ) ;
#3655 = CARTESIAN_POINT ( 'NONE',  ( 1.499999999999999556, 0.5615000000000029967, 0.6099999999999999867 ) ) ;
#3656 = EDGE_CURVE ( 'NONE', #4574, #2184, #2687, .T. ) ;
#3657 = DIRECTION ( 'NONE',  ( 0.2079116908177569001, 0.9781476007338061329, 0.000000000000000000 ) ) ;
#3658 = ADVANCED_FACE ( 'NONE', ( #1892 ), #1674, .T. ) ;
#3659 = ORIENTED_EDGE ( 'NONE', *, *, #2652, .T. ) ;
#3660 = DIRECTION ( 'NONE',  ( 0.9986295347545741663, -0.05233595624293842924, -0.000000000000000000 ) ) ;
#3661 = ORIENTED_EDGE ( 'NONE', *, *, #3819, .F. ) ;
#3662 = ADVANCED_FACE ( 'NONE', ( #3087 ), #2287, .F. ) ;
#3663 = CARTESIAN_POINT ( 'NONE',  ( 1.753037081243900230, 0.4360322556661242466, -0.8900000000000000133 ) ) ;
#3664 = VERTEX_POINT ( 'NONE', #4127 ) ;
#3665 = CARTESIAN_POINT ( 'NONE',  ( -1.499999999999999556, 0.5615000000000029967, -0.6100000000000000977 ) ) ;
#3666 = ORIENTED_EDGE ( 'NONE', *, *, #3036, .F. ) ;
#3667 = FACE_OUTER_BOUND ( 'NONE', #4397, .T. ) ;
#3668 = VERTEX_POINT ( 'NONE', #5022 ) ;
#3669 = CARTESIAN_POINT ( 'NONE',  ( 1.499999999999999556, 0.5615000000000029967, -0.8900000000000000133 ) ) ;
#3670 = FILL_AREA_STYLE_COLOUR ( '', #3996 ) ;
#3671 = ORIENTED_EDGE ( 'NONE', *, *, #899, .T. ) ;
#3672 = ORIENTED_EDGE ( 'NONE', *, *, #933, .F. ) ;
#3673 = ORIENTED_EDGE ( 'NONE', *, *, #1247, .T. ) ;
#3674 = DIRECTION ( 'NONE',  ( -0.000000000000000000, -0.000000000000000000, -1.000000000000000000 ) ) ;
#3675 = CARTESIAN_POINT ( 'NONE',  ( 1.423798472641297774, 0.2030000000000000138, -1.415000000000000258 ) ) ;
#3676 = ORIENTED_EDGE ( 'NONE', *, *, #145, .F. ) ;
#3677 = AXIS2_PLACEMENT_3D ( 'NONE', #4375, #297, #669 ) ;
#3678 = CARTESIAN_POINT ( 'NONE',  ( -2.218792541221743519, 0.3175103152147410457, -0.6100000000000000977 ) ) ;
#3679 = CARTESIAN_POINT ( 'NONE',  ( -1.753037081243900230, 0.4360322556661242466, 0.1099999999999999589 ) ) ;
#3680 = CARTESIAN_POINT ( 'NONE',  ( -1.499999999999999556, 0.7414999999999947189, 0.1099999999999999589 ) ) ;
#3681 = VERTEX_POINT ( 'NONE', #2558 ) ;
#3682 = EDGE_CURVE ( 'NONE', #1588, #1089, #480, .T. ) ;
#3683 = EDGE_CURVE ( 'NONE', #1009, #3143, #175, .T. ) ;
#3684 = VECTOR ( 'NONE', #3550, 1000.000000000000000 ) ;
#3685 = ORIENTED_EDGE ( 'NONE', *, *, #1725, .F. ) ;
#3686 = AXIS2_PLACEMENT_3D ( 'NONE', #926, #3784, #4096 ) ;
#3687 = DIRECTION ( 'NONE',  ( 0.05233595624293843618, 0.9986295347545742773, -0.000000000000000000 ) ) ;
#3688 = EDGE_CURVE ( 'NONE', #3019, #3244, #3394, .T. ) ;
#3689 = FILL_AREA_STYLE ('',( #3242 ) ) ;
#3690 = LINE ( 'NONE', #3792, #3893 ) ;
#3691 = ORIENTED_EDGE ( 'NONE', *, *, #2811, .T. ) ;
#3692 = DIRECTION ( 'NONE',  ( 0.000000000000000000, 0.000000000000000000, 1.000000000000000000 ) ) ;
#3693 = CARTESIAN_POINT ( 'NONE',  ( -2.212226066844385386, 0.1922145200638938900, -1.110000000000000098 ) ) ;
#3694 = VECTOR ( 'NONE', #2179, 1000.000000000000114 ) ;
#3695 = CARTESIAN_POINT ( 'NONE',  ( 1.499999999999999556, 0.5615000000000029967, 1.109999999999999876 ) ) ;
#3696 = ORIENTED_EDGE ( 'NONE', *, *, #4277, .F. ) ;
#3697 = ADVANCED_FACE ( 'NONE', ( #124 ), #1275, .F. ) ;
#3698 = ORIENTED_EDGE ( 'NONE', *, *, #380, .T. ) ;
#3699 = STYLED_ITEM ( 'NONE', ( #3501 ), #2542 ) ;
#3700 = VECTOR ( 'NONE', #4371, 1000.000000000000000 ) ;
#3701 = DIRECTION ( 'NONE',  ( -0.000000000000000000, -0.000000000000000000, -1.000000000000000000 ) ) ;
#3702 = DIRECTION ( 'NONE',  ( 0.2079116908177556233, 0.9781476007338063550, 0.000000000000000000 ) ) ;
#3703 = VECTOR ( 'NONE', #2060, 1000.000000000000114 ) ;
#3704 = ORIENTED_EDGE ( 'NONE', *, *, #5134, .F. ) ;
#3705 = CARTESIAN_POINT ( 'NONE',  ( 1.920000000000000373, 0.2539999999999984492, -0.3900000000000000688 ) ) ;
#3706 = LINE ( 'NONE', #2466, #3790 ) ;
#3707 = LINE ( 'NONE', #3383, #248 ) ;
#3708 = ORIENTED_EDGE ( 'NONE', *, *, #4360, .T. ) ;
#3709 = DIRECTION ( 'NONE',  ( 0.000000000000000000, 0.000000000000000000, 1.000000000000000000 ) ) ;
#3710 = VECTOR ( 'NONE', #715, 1000.000000000000000 ) ;
#3711 = LINE ( 'NONE', #1692, #4263 ) ;
#3712 = DIRECTION ( 'NONE',  ( 0.2079116908177541800, -0.9781476007338066880, -0.000000000000000000 ) ) ;
#3713 = ADVANCED_FACE ( 'NONE', ( #4639 ), #2097, .F. ) ;
#3714 = ORIENTED_EDGE ( 'NONE', *, *, #4544, .T. ) ;
#3715 = DIRECTION ( 'NONE',  ( 0.2079116908177541800, -0.9781476007338066880, -0.000000000000000000 ) ) ;
#3716 = DIRECTION ( 'NONE',  ( 0.9781476007338067991, 0.2079116908177542078, -0.000000000000000000 ) ) ;
#3717 = ORIENTED_EDGE ( 'NONE', *, *, #182, .T. ) ;
#3718 = EDGE_CURVE ( 'NONE', #1150, #1001, #2532, .T. ) ;
#3719 = AXIS2_PLACEMENT_3D ( 'NONE', #712, #2694, #3147 ) ;
#3720 = EDGE_CURVE ( 'NONE', #3143, #292, #4588, .T. ) ;
#3721 = SURFACE_STYLE_FILL_AREA ( #3689 ) ;
#3722 = VERTEX_POINT ( 'NONE', #663 ) ;
#3723 = PLANE ( 'NONE',  #1755 ) ;
#3724 = CARTESIAN_POINT ( 'NONE',  ( 1.499999999999999556, 0.7414999999999947189, -0.6100000000000000977 ) ) ;
#3725 = LINE ( 'NONE', #3319, #600 ) ;
#3726 = ORIENTED_EDGE ( 'NONE', *, *, #1452, .F. ) ;
#3727 = ORIENTED_EDGE ( 'NONE', *, *, #1567, .F. ) ;
#3728 = ORIENTED_EDGE ( 'NONE', *, *, #4815, .F. ) ;
#3729 = VECTOR ( 'NONE', #809, 1000.000000000000000 ) ;
#3730 = DIRECTION ( 'NONE',  ( -1.000000000000000000, 0.000000000000000000, 0.000000000000000000 ) ) ;
#3731 = LINE ( 'NONE', #4960, #155 ) ;
#3732 = AXIS2_PLACEMENT_3D ( 'NONE', #2029, #5234, #2001 ) ;
#3733 = ORIENTED_EDGE ( 'NONE', *, *, #3102, .F. ) ;
#3734 = CARTESIAN_POINT ( 'NONE',  ( -1.753037081243900230, 0.7414999999999948299, 0.6099999999999999867 ) ) ;
#3735 = DIRECTION ( 'NONE',  ( 0.9781476007338070211, -0.2079116908177527367, 0.000000000000000000 ) ) ;
#3736 = CYLINDRICAL_SURFACE ( 'NONE', #1105, 0.3054677443338708054 ) ;
#3737 = ORIENTED_EDGE ( 'NONE', *, *, #3058, .T. ) ;
#3738 = VECTOR ( 'NONE', #2884, 1000.000000000000000 ) ;
#3739 = ADVANCED_FACE ( 'NONE', ( #3928 ), #5156, .F. ) ;
#3740 = CARTESIAN_POINT ( 'NONE',  ( -2.096066568132076924, 0.2914241043471944015, -1.110000000000000098 ) ) ;
#3741 = DIRECTION ( 'NONE',  ( -1.000000000000000000, 0.000000000000000000, 0.000000000000000000 ) ) ;
#3742 = ORIENTED_EDGE ( 'NONE', *, *, #2837, .T. ) ;
#3743 = EDGE_CURVE ( 'NONE', #2421, #4574, #2293, .T. ) ;
#3744 = CARTESIAN_POINT ( 'NONE',  ( -1.414999999999999591, 0.7414999999999947189, 1.499999999999999778 ) ) ;
#3745 = ORIENTED_EDGE ( 'NONE', *, *, #5050, .T. ) ;
#3746 = VERTEX_POINT ( 'NONE', #1091 ) ;
#3747 = CARTESIAN_POINT ( 'NONE',  ( 2.218792541221743519, 0.3175103152147410457, 0.3899999999999999578 ) ) ;
#3748 = ADVANCED_FACE ( 'NONE', ( #4264 ), #5183, .F. ) ;
#3749 = EDGE_CURVE ( 'NONE', #4356, #2025, #1062, .T. ) ;
#3750 = AXIS2_PLACEMENT_3D ( 'NONE', #2476, #3262, #20 ) ;
#3751 = ORIENTED_EDGE ( 'NONE', *, *, #3115, .T. ) ;
#3752 = ORIENTED_EDGE ( 'NONE', *, *, #2429, .T. ) ;
#3753 = VERTEX_POINT ( 'NONE', #2643 ) ;
#3754 = EDGE_CURVE ( 'NONE', #2085, #4935, #2723, .T. ) ;
#3755 = LINE ( 'NONE', #2055, #2253 ) ;
#3756 = DIRECTION ( 'NONE',  ( -0.2079116908177556233, -0.9781476007338063550, 0.000000000000000000 ) ) ;
#3757 = EDGE_LOOP ( 'NONE', ( #2486, #2, #535, #2705, #1688, #4507, #4518, #3491, #2433, #958, #3953, #818 ) ) ;
#3758 = CARTESIAN_POINT ( 'NONE',  ( -2.440579527876271637, -7.231105290834467174E-20, 0.1099999999999999589 ) ) ;
#3759 = LINE ( 'NONE', #2578, #3385 ) ;
#3760 = DIRECTION ( 'NONE',  ( 0.9986295347545741663, 0.05233595624293888721, -0.000000000000000000 ) ) ;
#3761 = SURFACE_STYLE_USAGE ( .BOTH. , #4149 ) ;
#3762 = CARTESIAN_POINT ( 'NONE',  ( -2.212226066844385386, 0.1922145200638938900, -0.3900000000000000688 ) ) ;
#3763 = DIRECTION ( 'NONE',  ( 0.000000000000000000, 1.000000000000000000, 0.000000000000000000 ) ) ;
#3764 = ADVANCED_FACE ( 'NONE', ( #4345 ), #293, .F. ) ;
#3765 = ORIENTED_EDGE ( 'NONE', *, *, #3204, .T. ) ;
#3766 = VECTOR ( 'NONE', #1497, 1000.000000000000000 ) ;
#3767 = ORIENTED_EDGE ( 'NONE', *, *, #3369, .T. ) ;
#3768 = LINE ( 'NONE', #4594, #4499 ) ;
#3769 = ORIENTED_EDGE ( 'NONE', *, *, #509, .T. ) ;
#3770 = CARTESIAN_POINT ( 'NONE',  ( 1.875763054333566382, 0.4621184665336710018, -1.110000000000000098 ) ) ;
#3771 = PRESENTATION_STYLE_ASSIGNMENT (( #3451 ) ) ;
#3772 = ORIENTED_EDGE ( 'NONE', *, *, #771, .F. ) ;
#3773 = DIRECTION ( 'NONE',  ( -1.000000000000000000, 0.000000000000000000, 0.000000000000000000 ) ) ;
#3774 = ORIENTED_EDGE ( 'NONE', *, *, #5244, .T. ) ;
#3775 = ORIENTED_EDGE ( 'NONE', *, *, #3456, .F. ) ;
#3776 = EDGE_CURVE ( 'NONE', #876, #1153, #3844, .T. ) ;
#3777 = AXIS2_PLACEMENT_3D ( 'NONE', #4633, #4279, #684 ) ;
#3778 = LINE ( 'NONE', #4684, #2845 ) ;
#3779 = VECTOR ( 'NONE', #280, 1000.000000000000000 ) ;
#3780 = CARTESIAN_POINT ( 'NONE',  ( -1.753037081243900230, 0.7414999999999948299, -0.3900000000000000688 ) ) ;
#3781 = ORIENTED_EDGE ( 'NONE', *, *, #1690, .F. ) ;
#3782 = EDGE_CURVE ( 'NONE', #2458, #4061, #2862, .T. ) ;
#3783 = FACE_OUTER_BOUND ( 'NONE', #3166, .T. ) ;
#3784 = DIRECTION ( 'NONE',  ( -0.000000000000000000, -0.000000000000000000, -1.000000000000000000 ) ) ;
#3785 = DIRECTION ( 'NONE',  ( 1.000000000000000000, 0.000000000000000000, 0.000000000000000000 ) ) ;
#3786 = VECTOR ( 'NONE', #1752, 1000.000000000000000 ) ;
#3787 = VECTOR ( 'NONE', #5007, 1000.000000000000000 ) ;
#3788 = CARTESIAN_POINT ( 'NONE',  ( -2.212226066844385386, 0.1922145200638937790, -1.110000000000000098 ) ) ;
#3789 = LINE ( 'NONE', #4199, #2916 ) ;
#3790 = VECTOR ( 'NONE', #1761, 1000.000000000000000 ) ;
#3791 = LINE ( 'NONE', #1034, #4040 ) ;
#3792 = CARTESIAN_POINT ( 'NONE',  ( -1.753037081243900230, 0.5615000000000029967, -0.1100000000000000699 ) ) ;
#3793 = ORIENTED_EDGE ( 'NONE', *, *, #4160, .T. ) ;
#3794 = CIRCLE ( 'NONE', #1504, 0.3054677443338708054 ) ;
#3795 = FACE_OUTER_BOUND ( 'NONE', #5001, .T. ) ;
#3796 = AXIS2_PLACEMENT_3D ( 'NONE', #4521, #1700, #2454 ) ;
#3797 = CARTESIAN_POINT ( 'NONE',  ( 1.753037081243900230, 0.7414999999999948299, -0.8900000000000000133 ) ) ;
#3798 = ORIENTED_EDGE ( 'NONE', *, *, #870, .F. ) ;
#3799 = LINE ( 'NONE', #2194, #2252 ) ;
#3800 = ORIENTED_EDGE ( 'NONE', *, *, #1255, .F. ) ;
#3801 = AXIS2_PLACEMENT_3D ( 'NONE', #4918, #1720, #1332 ) ;
#3802 = CARTESIAN_POINT ( 'NONE',  ( 1.499999999999999556, 0.7414999999999947189, 1.109999999999999876 ) ) ;
#3803 = ADVANCED_FACE ( 'NONE', ( #221 ), #4370, .F. ) ;
#3804 = FILL_AREA_STYLE ('',( #4998 ) ) ;
#3805 = EDGE_LOOP ( 'NONE', ( #4710, #3532, #4542, #3421 ) ) ;
#3806 = DIRECTION ( 'NONE',  ( -0.9986295347545741663, -0.05233595624293842924, 0.000000000000000000 ) ) ;
#3807 = ORIENTED_EDGE ( 'NONE', *, *, #1829, .T. ) ;
#3808 = ORIENTED_EDGE ( 'NONE', *, *, #1541, .F. ) ;
#3809 = AXIS2_PLACEMENT_3D ( 'NONE', #1138, #3954, #3544 ) ;
#3810 = CARTESIAN_POINT ( 'NONE',  ( -2.440579527876271637, -7.231105290834467174E-20, -0.8900000000000000133 ) ) ;
#3811 = LINE ( 'NONE', #191, #3620 ) ;
#3812 = ORIENTED_EDGE ( 'NONE', *, *, #2837, .F. ) ;
#3813 = ORIENTED_EDGE ( 'NONE', *, *, #526, .F. ) ;
#3814 = DIRECTION ( 'NONE',  ( 0.9781476007338070211, -0.2079116908177527367, 0.000000000000000000 ) ) ;
#3815 =( GEOMETRIC_REPRESENTATION_CONTEXT ( 3 ) GLOBAL_UNCERTAINTY_ASSIGNED_CONTEXT ( ( #4721 ) ) GLOBAL_UNIT_ASSIGNED_CONTEXT ( ( #2086, #3410, #4966 ) ) REPRESENTATION_CONTEXT ( 'NONE', 'WORKASPACE' ) );
#3816 = DIRECTION ( 'NONE',  ( -0.000000000000000000, -0.000000000000000000, -1.000000000000000000 ) ) ;
#3817 = CIRCLE ( 'NONE', #3219, 0.1254677443338788057 ) ;
#3818 = EDGE_CURVE ( 'NONE', #1658, #1301, #3442, .T. ) ;
#3819 = EDGE_CURVE ( 'NONE', #4246, #3867, #1010, .T. ) ;
#3820 = AXIS2_PLACEMENT_3D ( 'NONE', #4303, #266, #1235 ) ;
#3821 = CARTESIAN_POINT ( 'NONE',  ( -1.753037081243900230, 0.4360322556661242466, 0.6099999999999999867 ) ) ;
#3822 = DIRECTION ( 'NONE',  ( -0.000000000000000000, -0.000000000000000000, -1.000000000000000000 ) ) ;
#3823 = EDGE_LOOP ( 'NONE', ( #2364, #1862, #2888, #2315 ) ) ;
#3824 = CARTESIAN_POINT ( 'NONE',  ( -1.920000000000000373, 0.2539999999999998925, -0.8900000000000000133 ) ) ;
#3825 = AXIS2_PLACEMENT_3D ( 'NONE', #3333, #1298, #1324 ) ;
#3826 = PLANE ( 'NONE',  #2936 ) ;
#3827 = ORIENTED_EDGE ( 'NONE', *, *, #1830, .F. ) ;
#3828 = DIRECTION ( 'NONE',  ( -0.000000000000000000, -0.000000000000000000, -1.000000000000000000 ) ) ;
#3829 = CARTESIAN_POINT ( 'NONE',  ( 2.218792541221743519, 0.3175103152147410457, 0.1099999999999999589 ) ) ;
#3830 = CARTESIAN_POINT ( 'NONE',  ( 1.753037081243900230, 0.4360322556661242466, 0.6099999999999999867 ) ) ;
#3831 = CARTESIAN_POINT ( 'NONE',  ( 1.875763054333566382, 0.4621184665336710018, -0.3900000000000000688 ) ) ;
#3832 = VERTEX_POINT ( 'NONE', #3872 ) ;
#3833 = FILL_AREA_STYLE ('',( #969 ) ) ;
#3834 = CARTESIAN_POINT ( 'NONE',  ( -1.920000000000000373, 0.2540000000000000036, 0.6099999999999999867 ) ) ;
#3835 = DIRECTION ( 'NONE',  ( -0.000000000000000000, -0.000000000000000000, -1.000000000000000000 ) ) ;
#3836 = ORIENTED_EDGE ( 'NONE', *, *, #3324, .T. ) ;
#3837 = DIRECTION ( 'NONE',  ( -1.000000000000000000, 0.000000000000000000, 0.000000000000000000 ) ) ;
#3838 = CARTESIAN_POINT ( 'NONE',  ( 2.450000000000000178, 0.1797533162558151154, 0.1099999999999999589 ) ) ;
#3839 = FACE_OUTER_BOUND ( 'NONE', #3983, .T. ) ;
#3840 = DIRECTION ( 'NONE',  ( 4.284756080633293341E-16, -1.000000000000000000, 0.000000000000000000 ) ) ;
#3841 = ORIENTED_EDGE ( 'NONE', *, *, #36, .F. ) ;
#3842 = ADVANCED_FACE ( 'NONE', ( #249 ), #3096, .F. ) ;
#3843 = ADVANCED_FACE ( 'NONE', ( #1405 ), #2618, .F. ) ;
#3844 = LINE ( 'NONE', #2267, #4512 ) ;
#3845 = ORIENTED_EDGE ( 'NONE', *, *, #919, .T. ) ;
#3846 = DIRECTION ( 'NONE',  ( -0.000000000000000000, -0.000000000000000000, -1.000000000000000000 ) ) ;
#3847 = ORIENTED_EDGE ( 'NONE', *, *, #2210, .F. ) ;
#3848 = LINE ( 'NONE', #1041, #3539 ) ;
#3849 = ADVANCED_FACE ( 'NONE', ( #1877 ), #2217, .T. ) ;
#3850 = SURFACE_STYLE_USAGE ( .BOTH. , #3342 ) ;
#3851 = FACE_OUTER_BOUND ( 'NONE', #628, .T. ) ;
#3852 = FACE_OUTER_BOUND ( 'NONE', #2641, .T. ) ;
#3853 = VECTOR ( 'NONE', #924, 1000.000000000000000 ) ;
#3854 = DIRECTION ( 'NONE',  ( 1.000000000000000000, 4.284756080633293341E-16, 0.000000000000000000 ) ) ;
#3855 = EDGE_LOOP ( 'NONE', ( #4488, #424, #3312, #1775 ) ) ;
#3856 =( LENGTH_UNIT ( ) NAMED_UNIT ( * ) SI_UNIT ( .MILLI., .METRE. ) );
#3857 = AXIS2_PLACEMENT_3D ( 'NONE', #4879, #5271, #4514 ) ;
#3858 = CARTESIAN_POINT ( 'NONE',  ( 1.500000000000000444, 0.7414999999999947189, 1.414999999999999813 ) ) ;
#3859 = PLANE ( 'NONE',  #2164 ) ;
#3860 = ORIENTED_EDGE ( 'NONE', *, *, #4271, .F. ) ;
#3861 = LINE ( 'NONE', #1810, #3257 ) ;
#3862 = VECTOR ( 'NONE', #3674, 1000.000000000000000 ) ;
#3863 = DIRECTION ( 'NONE',  ( -0.9986295347545741663, 0.05233595624293888721, 0.000000000000000000 ) ) ;
#3864 = AXIS2_PLACEMENT_3D ( 'NONE', #3830, #185, #1019 ) ;
#3865 = DIRECTION ( 'NONE',  ( 0.2079116908177541800, -0.9781476007338066880, -0.000000000000000000 ) ) ;
#3866 = LINE ( 'NONE', #288, #4957 ) ;
#3867 = VERTEX_POINT ( 'NONE', #4851 ) ;
#3868 = PRESENTATION_LAYER_ASSIGNMENT (  '', '', ( #3699 ) ) ;
#3869 = AXIS2_PLACEMENT_3D ( 'NONE', #1538, #2319, #1515 ) ;
#3870 = VECTOR ( 'NONE', #1484, 1000.000000000000114 ) ;
#3871 = ADVANCED_FACE ( 'NONE', ( #2778 ), #4428, .T. ) ;
#3872 = CARTESIAN_POINT ( 'NONE',  ( -2.096066568132076924, 0.2914241043471944015, 0.1099999999999999589 ) ) ;
#3873 = AXIS2_PLACEMENT_3D ( 'NONE', #710, #2031, #2518 ) ;
#3874 = AXIS2_PLACEMENT_3D ( 'NONE', #703, #1913, #2682 ) ;
#3875 = DIRECTION ( 'NONE',  ( 0.05233595624293843618, -0.9986295347545742773, 0.000000000000000000 ) ) ;
#3876 = VERTEX_POINT ( 'NONE', #3989 ) ;
#3877 = CARTESIAN_POINT ( 'NONE',  ( 1.415000000000000702, 0.2030000000000000138, -1.423798472641297552 ) ) ;
#3878 = CARTESIAN_POINT ( 'NONE',  ( -1.753037081243900230, 0.4360322556661242466, 0.6099999999999999867 ) ) ;
#3879 = CARTESIAN_POINT ( 'NONE',  ( 1.753037081243900230, 0.5615000000000029967, -0.8900000000000000133 ) ) ;
#3880 = VECTOR ( 'NONE', #1675, 1000.000000000000114 ) ;
#3881 = ADVANCED_FACE ( 'NONE', ( #4481 ), #1217, .T. ) ;
#3882 = ADVANCED_FACE ( 'NONE', ( #4073 ), #2747, .F. ) ;
#3883 = AXIS2_PLACEMENT_3D ( 'NONE', #963, #2244, #3475 ) ;
#3884 = FACE_OUTER_BOUND ( 'NONE', #3176, .T. ) ;
#3885 = CARTESIAN_POINT ( 'NONE',  ( 2.212226066844385386, 0.1922145200638938900, 0.1099999999999999589 ) ) ;
#3886 = DIRECTION ( 'NONE',  ( 0.9986295347545741663, -0.05233595624293842924, -0.000000000000000000 ) ) ;
#3887 = ORIENTED_EDGE ( 'NONE', *, *, #4808, .F. ) ;
#3888 = EDGE_CURVE ( 'NONE', #1386, #675, #3208, .T. ) ;
#3889 = LINE ( 'NONE', #2607, #4486 ) ;
#3890 = ORIENTED_EDGE ( 'NONE', *, *, #353, .T. ) ;
#3891 = VERTEX_POINT ( 'NONE', #1243 ) ;
#3892 = DIRECTION ( 'NONE',  ( 0.000000000000000000, 1.000000000000000000, 0.000000000000000000 ) ) ;
#3893 = VECTOR ( 'NONE', #5048, 1000.000000000000000 ) ;
#3894 = DIRECTION ( 'NONE',  ( 0.000000000000000000, 0.000000000000000000, -1.000000000000000000 ) ) ;
#3895 = FACE_OUTER_BOUND ( 'NONE', #4183, .T. ) ;
#3896 = DIRECTION ( 'NONE',  ( -0.000000000000000000, 0.000000000000000000, -1.000000000000000000 ) ) ;
#3897 = CARTESIAN_POINT ( 'NONE',  ( -1.875763054333566382, 0.4621184665336710018, -0.3900000000000000688 ) ) ;
#3898 = ORIENTED_EDGE ( 'NONE', *, *, #3060, .F. ) ;
#3899 = LINE ( 'NONE', #2719, #5204 ) ;
#3900 = ORIENTED_EDGE ( 'NONE', *, *, #4842, .F. ) ;
#3901 = ADVANCED_FACE ( 'NONE', ( #4014 ), #375, .F. ) ;
#3902 = AXIS2_PLACEMENT_3D ( 'NONE', #1439, #1464, #2704 ) ;
#3903 = CIRCLE ( 'NONE', #2278, 0.3054677443338708054 ) ;
#3904 = DIRECTION ( 'NONE',  ( 0.9781476007338067991, 0.2079116908177542078, -0.000000000000000000 ) ) ;
#3905 = DIRECTION ( 'NONE',  ( -1.000000000000000000, 0.000000000000000000, 0.000000000000000000 ) ) ;
#3906 = VERTEX_POINT ( 'NONE', #4878 ) ;
#3907 = PLANE ( 'NONE',  #650 ) ;
#3908 = DIRECTION ( 'NONE',  ( 1.000000000000000000, -0.000000000000000000, -0.000000000000000000 ) ) ;
#3909 = AXIS2_PLACEMENT_3D ( 'NONE', #2801, #4447, #2337 ) ;
#3910 = PRESENTATION_LAYER_ASSIGNMENT (  '', '', ( #1116 ) ) ;
#3911 = CARTESIAN_POINT ( 'NONE',  ( -1.499999999999999556, 0.5615000000000029967, -0.3900000000000000688 ) ) ;
#3912 = DIRECTION ( 'NONE',  ( 1.000000000000000000, 0.000000000000000000, 0.000000000000000000 ) ) ;
#3913 = VERTEX_POINT ( 'NONE', #1959 ) ;
#3914 = EDGE_CURVE ( 'NONE', #2021, #4331, #3608, .T. ) ;
#3915 = ADVANCED_FACE ( 'NONE', ( #5269 ), #850, .F. ) ;
#3916 = CARTESIAN_POINT ( 'NONE',  ( 1.499999999999999556, 0.7414999999999947189, 0.6099999999999999867 ) ) ;
#3917 = VERTEX_POINT ( 'NONE', #454 ) ;
#3918 = ORIENTED_EDGE ( 'NONE', *, *, #3605, .T. ) ;
#3919 = DIRECTION ( 'NONE',  ( -0.000000000000000000, -0.000000000000000000, -1.000000000000000000 ) ) ;
#3920 = EDGE_CURVE ( 'NONE', #5030, #251, #2808, .T. ) ;
#3921 = CARTESIAN_POINT ( 'NONE',  ( -1.753037081243900230, 0.7414999999999948299, 0.6099999999999999867 ) ) ;
#3922 = LINE ( 'NONE', #1953, #3180 ) ;
#3923 = DIRECTION ( 'NONE',  ( 0.000000000000000000, 0.000000000000000000, 1.000000000000000000 ) ) ;
#3924 = ORIENTED_EDGE ( 'NONE', *, *, #596, .F. ) ;
#3925 = CARTESIAN_POINT ( 'NONE',  ( -2.051829622465644043, 0.4995425708808653442, 0.3899999999999999578 ) ) ;
#3926 = DIRECTION ( 'NONE',  ( -0.2079116908177561784, -0.9781476007338062439, 0.000000000000000000 ) ) ;
#3927 = ORIENTED_EDGE ( 'NONE', *, *, #2210, .T. ) ;
#3928 = FACE_OUTER_BOUND ( 'NONE', #4401, .T. ) ;
#3929 = EDGE_CURVE ( 'NONE', #3244, #1470, #4042, .T. ) ;
#3930 = CARTESIAN_POINT ( 'NONE',  ( -1.920000000000000373, 0.2540000000000000036, -1.110000000000000098 ) ) ;
#3931 = ORIENTED_EDGE ( 'NONE', *, *, #64, .F. ) ;
#3932 = FACE_OUTER_BOUND ( 'NONE', #3320, .T. ) ;
#3933 = CARTESIAN_POINT ( 'NONE',  ( -2.440579527876271637, -7.231105290834467174E-20, 1.109999999999999876 ) ) ;
#3934 = DIRECTION ( 'NONE',  ( -1.000000000000000000, 0.000000000000000000, 0.000000000000000000 ) ) ;
#3935 = SURFACE_SIDE_STYLE ('',( #3160 ) ) ;
#3936 = CARTESIAN_POINT ( 'NONE',  ( -1.920000000000000373, 0.2540000000000000036, 0.8899999999999999023 ) ) ;
#3937 = ORIENTED_EDGE ( 'NONE', *, *, #1984, .F. ) ;
#3938 = DIRECTION ( 'NONE',  ( 0.000000000000000000, -1.000000000000000000, 0.000000000000000000 ) ) ;
#3939 = DIRECTION ( 'NONE',  ( 1.000000000000000000, 0.000000000000000000, 0.000000000000000000 ) ) ;
#3940 = CIRCLE ( 'NONE', #298, 0.3054677443338708054 ) ;
#3941 = DIRECTION ( 'NONE',  ( -1.000000000000000000, 0.000000000000000000, 0.000000000000000000 ) ) ;
#3942 = EDGE_CURVE ( 'NONE', #4977, #3891, #888, .T. ) ;
#3943 = EDGE_CURVE ( 'NONE', #4595, #73, #5161, .T. ) ;
#3944 = ORIENTED_EDGE ( 'NONE', *, *, #4154, .T. ) ;
#3945 = EDGE_LOOP ( 'NONE', ( #3272, #391, #2444, #4736 ) ) ;
#3946 =( NAMED_UNIT ( * ) PLANE_ANGLE_UNIT ( ) SI_UNIT ( $, .RADIAN. ) );
#3947 = PLANE ( 'NONE',  #2606 ) ;
#3948 = STYLED_ITEM ( 'NONE', ( #4364 ), #4307 ) ;
#3949 = DIRECTION ( 'NONE',  ( -0.000000000000000000, 0.000000000000000000, -1.000000000000000000 ) ) ;
#3950 = DIRECTION ( 'NONE',  ( 0.000000000000000000, 1.000000000000000000, -0.000000000000000000 ) ) ;
#3951 = CARTESIAN_POINT ( 'NONE',  ( 2.440579527876271637, -7.231105290834467174E-20, -0.1100000000000000699 ) ) ;
#3952 = EDGE_CURVE ( 'NONE', #1514, #3432, #2960, .T. ) ;
#3953 = ORIENTED_EDGE ( 'NONE', *, *, #1516, .F. ) ;
#3954 = DIRECTION ( 'NONE',  ( 0.000000000000000000, 1.000000000000000000, 0.000000000000000000 ) ) ;
#3955 = VERTEX_POINT ( 'NONE', #1351 ) ;
#3956 = VECTOR ( 'NONE', #3325, 1000.000000000000000 ) ;
#3957 = DIRECTION ( 'NONE',  ( -0.9781476007338064660, 0.2079116908177556511, 0.000000000000000000 ) ) ;
#3958 = VECTOR ( 'NONE', #3427, 1000.000000000000000 ) ;
#3959 = DIRECTION ( 'NONE',  ( 0.000000000000000000, 1.000000000000000000, 0.000000000000000000 ) ) ;
#3960 = ORIENTED_EDGE ( 'NONE', *, *, #2033, .F. ) ;
#3961 = LINE ( 'NONE', #4402, #823 ) ;
#3962 = DIRECTION ( 'NONE',  ( 1.000000000000000000, 0.000000000000000000, 0.000000000000000000 ) ) ;
#3963 = MECHANICAL_DESIGN_GEOMETRIC_PRESENTATION_REPRESENTATION (  '', ( #4920 ), #319 ) ;
#3964 = AXIS2_PLACEMENT_3D ( 'NONE', #4654, #2632, #5117 ) ;
#3965 = VECTOR ( 'NONE', #305, 1000.000000000000000 ) ;
#3966 = PLANE ( 'NONE',  #4495 ) ;
#3967 = DIRECTION ( 'NONE',  ( -0.2079116908177527367, -0.9781476007338070211, 0.000000000000000000 ) ) ;
#3968 = SURFACE_SIDE_STYLE ('',( #5247 ) ) ;
#3969 = DIRECTION ( 'NONE',  ( -0.000000000000000000, -0.000000000000000000, -1.000000000000000000 ) ) ;
#3970 = ORIENTED_EDGE ( 'NONE', *, *, #5199, .T. ) ;
#3971 = VECTOR ( 'NONE', #1990, 1000.000000000000000 ) ;
#3972 = DIRECTION ( 'NONE',  ( 0.000000000000000000, 0.000000000000000000, 1.000000000000000000 ) ) ;
#3973 = DIRECTION ( 'NONE',  ( 0.9986295347545742773, -0.05233595624293843618, 0.000000000000000000 ) ) ;
#3974 = EDGE_CURVE ( 'NONE', #59, #2356, #3389, .T. ) ;
#3975 = CARTESIAN_POINT ( 'NONE',  ( -2.218792541221743519, 0.3175103152147410457, -0.8900000000000000133 ) ) ;
#3976 = ORIENTED_EDGE ( 'NONE', *, *, #4299, .T. ) ;
#3977 = ORIENTED_EDGE ( 'NONE', *, *, #3296, .T. ) ;
#3978 = FILL_AREA_STYLE_COLOUR ( '', #555 ) ;
#3979 = AXIS2_PLACEMENT_3D ( 'NONE', #3075, #1437, #2996 ) ;
#3980 = DIRECTION ( 'NONE',  ( 0.000000000000000000, 0.000000000000000000, 1.000000000000000000 ) ) ;
#3981 = CARTESIAN_POINT ( 'NONE',  ( 0.000000000000000000, 0.2030000000000000138, 1.423798472641297108 ) ) ;
#3982 = LINE ( 'NONE', #3632, #2037 ) ;
#3983 = EDGE_LOOP ( 'NONE', ( #55, #2780, #1697, #2570, #861, #4109, #2524, #4926, #3473, #2225, #614, #3836 ) ) ;
#3984 = DIRECTION ( 'NONE',  ( -0.000000000000000000, -1.000000000000000000, -0.000000000000000000 ) ) ;
#3985 = ORIENTED_EDGE ( 'NONE', *, *, #3012, .F. ) ;
#3986 = ADVANCED_FACE ( 'NONE', ( #1299 ), #4937, .F. ) ;
#3987 = CLOSED_SHELL ( 'NONE', ( #3555, #260, #731, #4530, #611, #4908, #1555, #3901, #3697, #3881, #3748, #4523, #1993, #320 ) ) ;
#3988 = ADVANCED_FACE ( 'NONE', ( #982 ), #528, .F. ) ;
#3989 = CARTESIAN_POINT ( 'NONE',  ( -1.499999999999999556, 0.7414999999999947189, 1.414999999999999813 ) ) ;
#3990 = VECTOR ( 'NONE', #4963, 1000.000000000000000 ) ;
#3991 = PLANE ( 'NONE',  #3261 ) ;
#3992 = LINE ( 'NONE', #3072, #156 ) ;
#3993 = ORIENTED_EDGE ( 'NONE', *, *, #4882, .T. ) ;
#3994 = CARTESIAN_POINT ( 'NONE',  ( -1.753037081243900230, 0.5615000000000029967, -0.8900000000000000133 ) ) ;
#3995 = EDGE_CURVE ( 'NONE', #426, #718, #3789, .T. ) ;
#3996 = COLOUR_RGB ( '',0.7921568627450980005, 0.8196078431372548767, 0.9333333333333333481 ) ;
#3997 = DIRECTION ( 'NONE',  ( -0.9986295347545741663, 0.05233595624293842924, -0.000000000000000000 ) ) ;
#3998 = DIRECTION ( 'NONE',  ( 0.000000000000000000, -1.000000000000000000, 0.000000000000000000 ) ) ;
#3999 = ORIENTED_EDGE ( 'NONE', *, *, #2028, .F. ) ;
#4000 = VECTOR ( 'NONE', #1018, 1000.000000000000114 ) ;
#4001 = FACE_OUTER_BOUND ( 'NONE', #1095, .T. ) ;
#4002 = CARTESIAN_POINT ( 'NONE',  ( 2.051829622465644043, 0.4995425708808653442, 0.6099999999999999867 ) ) ;
#4003 = ORIENTED_EDGE ( 'NONE', *, *, #4261, .T. ) ;
#4004 = LINE ( 'NONE', #3567, #4046 ) ;
#4005 = ORIENTED_EDGE ( 'NONE', *, *, #419, .T. ) ;
#4006 = ORIENTED_EDGE ( 'NONE', *, *, #354, .F. ) ;
#4007 = CARTESIAN_POINT ( 'NONE',  ( -1.753037081243900230, 0.5615000000000029967, 0.6099999999999999867 ) ) ;
#4008 = CARTESIAN_POINT ( 'NONE',  ( 1.415000000000000702, 1.100000000000000089, -1.415000000000000258 ) ) ;
#4009 = DIRECTION ( 'NONE',  ( -0.2079116908177527367, -0.9781476007338070211, 0.000000000000000000 ) ) ;
#4010 = VERTEX_POINT ( 'NONE', #4610 ) ;
#4011 = LINE ( 'NONE', #3925, #1593 ) ;
#4012 = ORIENTED_EDGE ( 'NONE', *, *, #2604, .T. ) ;
#4013 = CARTESIAN_POINT ( 'NONE',  ( 1.753037081243900230, 0.4360322556661242466, 1.109999999999999876 ) ) ;
#4014 = FACE_OUTER_BOUND ( 'NONE', #1233, .T. ) ;
#4015 = ADVANCED_FACE ( 'NONE', ( #172 ), #3287, .T. ) ;
#4016 = FACE_OUTER_BOUND ( 'NONE', #4347, .T. ) ;
#4017 = VERTEX_POINT ( 'NONE', #2584 ) ;
#4018 = DIRECTION ( 'NONE',  ( 0.9986295347545741663, 0.05233595624293842924, 0.000000000000000000 ) ) ;
#4019 = DIRECTION ( 'NONE',  ( -0.000000000000000000, -1.000000000000000000, -0.000000000000000000 ) ) ;
#4020 = EDGE_CURVE ( 'NONE', #3213, #44, #2064, .T. ) ;
#4021 = SURFACE_STYLE_USAGE ( .BOTH. , #781 ) ;
#4022 = DIRECTION ( 'NONE',  ( 0.000000000000000000, 1.000000000000000000, 0.000000000000000000 ) ) ;
#4023 = ORIENTED_EDGE ( 'NONE', *, *, #380, .F. ) ;
#4024 = LINE ( 'NONE', #4833, #1338 ) ;
#4025 = FILL_AREA_STYLE ('',( #411 ) ) ;
#4026 = CARTESIAN_POINT ( 'NONE',  ( 1.423798472641297552, 1.100000000000000089, 1.414999999999999813 ) ) ;
#4027 = VERTEX_POINT ( 'NONE', #1377 ) ;
#4028 = LINE ( 'NONE', #1570, #4996 ) ;
#4029 = CARTESIAN_POINT ( 'NONE',  ( -1.753037081243900230, 0.5615000000000029967, 0.6099999999999999867 ) ) ;
#4030 = VERTEX_POINT ( 'NONE', #4636 ) ;
#4031 = VERTEX_POINT ( 'NONE', #4231 ) ;
#4032 = SURFACE_SIDE_STYLE ('',( #5233 ) ) ;
#4033 = DIRECTION ( 'NONE',  ( 1.000000000000000000, 0.000000000000000000, 0.000000000000000000 ) ) ;
#4034 = DIRECTION ( 'NONE',  ( 0.9986295347545741663, 0.05233595624293842924, 0.000000000000000000 ) ) ;
#4035 = DIRECTION ( 'NONE',  ( 0.000000000000000000, 0.000000000000000000, -1.000000000000000000 ) ) ;
#4036 = ORIENTED_EDGE ( 'NONE', *, *, #964, .T. ) ;
#4037 = DIRECTION ( 'NONE',  ( -1.000000000000000000, 0.000000000000000000, 0.000000000000000000 ) ) ;
#4038 = CARTESIAN_POINT ( 'NONE',  ( 1.753037081243900230, 0.7414999999999948299, -0.3900000000000000688 ) ) ;
#4039 = ORIENTED_EDGE ( 'NONE', *, *, #3230, .T. ) ;
#4040 = VECTOR ( 'NONE', #3465, 1000.000000000000114 ) ;
#4041 = FACE_OUTER_BOUND ( 'NONE', #4210, .T. ) ;
#4042 = LINE ( 'NONE', #403, #1058 ) ;
#4043 = ORIENTED_EDGE ( 'NONE', *, *, #4225, .T. ) ;
#4044 = CIRCLE ( 'NONE', #1836, 0.1250000000000003331 ) ;
#4045 = CARTESIAN_POINT ( 'NONE',  ( 2.096066568132076924, 0.2914241043471944015, 0.6099999999999999867 ) ) ;
#4046 = VECTOR ( 'NONE', #1178, 1000.000000000000000 ) ;
#4047 = ORIENTED_EDGE ( 'NONE', *, *, #741, .T. ) ;
#4048 = DIRECTION ( 'NONE',  ( 0.2079116908177527367, 0.9781476007338070211, 0.000000000000000000 ) ) ;
#4049 = CARTESIAN_POINT ( 'NONE',  ( -1.753037081243900230, 0.5615000000000029967, 0.1099999999999999589 ) ) ;
#4050 = VERTEX_POINT ( 'NONE', #66 ) ;
#4051 = CARTESIAN_POINT ( 'NONE',  ( -1.414999999999999591, 1.100000000000000311, 1.414999999999999813 ) ) ;
#4052 = CYLINDRICAL_SURFACE ( 'NONE', #2352, 0.1254677443338790277 ) ;
#4053 = FACE_OUTER_BOUND ( 'NONE', #1694, .T. ) ;
#4054 = VECTOR ( 'NONE', #4229, 1000.000000000000000 ) ;
#4055 = ADVANCED_FACE ( 'NONE', ( #4541 ), #2793, .T. ) ;
#4056 = EDGE_CURVE ( 'NONE', #112, #3016, #4442, .T. ) ;
#4057 = CARTESIAN_POINT ( 'NONE',  ( -2.212226066844385386, 0.1922145200638937790, 0.1099999999999999589 ) ) ;
#4058 = EDGE_LOOP ( 'NONE', ( #3248, #4558, #2251, #146 ) ) ;
#4059 = VECTOR ( 'NONE', #4203, 1000.000000000000000 ) ;
#4060 = ORIENTED_EDGE ( 'NONE', *, *, #837, .F. ) ;
#4061 = VERTEX_POINT ( 'NONE', #733 ) ;
#4062 = DIRECTION ( 'NONE',  ( 0.2079116908177527367, 0.9781476007338070211, 0.000000000000000000 ) ) ;
#4063 = AXIS2_PLACEMENT_3D ( 'NONE', #4051, #3938, #2706 ) ;
#4064 = EDGE_CURVE ( 'NONE', #2339, #4143, #1106, .T. ) ;
#4065 = DIRECTION ( 'NONE',  ( 0.000000000000000000, 0.000000000000000000, -1.000000000000000000 ) ) ;
#4066 = FACE_OUTER_BOUND ( 'NONE', #2587, .T. ) ;
#4067 = ORIENTED_EDGE ( 'NONE', *, *, #13, .F. ) ;
#4068 = AXIS2_PLACEMENT_3D ( 'NONE', #4569, #1278, #4973 ) ;
#4069 = DIRECTION ( 'NONE',  ( -0.2079116908177527367, -0.9781476007338070211, 0.000000000000000000 ) ) ;
#4070 = VERTEX_POINT ( 'NONE', #931 ) ;
#4071 = CARTESIAN_POINT ( 'NONE',  ( -1.149999999999999467, 1.100000000000000089, -1.150000000000000133 ) ) ;
#4072 = LINE ( 'NONE', #2063, #774 ) ;
#4073 = FACE_OUTER_BOUND ( 'NONE', #1206, .T. ) ;
#4074 = EDGE_CURVE ( 'NONE', #4789, #3019, #2986, .T. ) ;
#4075 = ORIENTED_EDGE ( 'NONE', *, *, #4121, .T. ) ;
#4076 = AXIS2_PLACEMENT_3D ( 'NONE', #3243, #4022, #3614 ) ;
#4077 = CARTESIAN_POINT ( 'NONE',  ( -2.212226066844385386, 0.1922145200638937790, -0.6100000000000000977 ) ) ;
#4078 = LINE ( 'NONE', #4915, #1075 ) ;
#4079 = DIRECTION ( 'NONE',  ( 0.9781476007338067991, 0.2079116908177542078, -0.000000000000000000 ) ) ;
#4080 = ORIENTED_EDGE ( 'NONE', *, *, #690, .F. ) ;
#4081 = CARTESIAN_POINT ( 'NONE',  ( 1.920000000000000373, 0.2539999999999985048, 0.1099999999999999589 ) ) ;
#4082 = CARTESIAN_POINT ( 'NONE',  ( 2.051829622465644043, 0.4995425708808653442, -0.6100000000000000977 ) ) ;
#4083 = VECTOR ( 'NONE', #4108, 1000.000000000000000 ) ;
#4084 = CARTESIAN_POINT ( 'NONE',  ( -2.450000000000000178, 0.1797533162558151154, 0.6099999999999999867 ) ) ;
#4085 = APPLICATION_CONTEXT ( 'automotive_design' ) ;
#4086 = ORIENTED_EDGE ( 'NONE', *, *, #2028, .T. ) ;
#4087 = VERTEX_POINT ( 'NONE', #4232 ) ;
#4088 = ADVANCED_FACE ( 'NONE', ( #587 ), #3413, .F. ) ;
#4089 = ORIENTED_EDGE ( 'NONE', *, *, #70, .F. ) ;
#4090 = EDGE_CURVE ( 'NONE', #2497, #12, #3281, .T. ) ;
#4091 = VECTOR ( 'NONE', #1896, 1000.000000000000114 ) ;
#4092 = CARTESIAN_POINT ( 'NONE',  ( 2.051829622465644043, 0.4995425708808653442, -1.110000000000000098 ) ) ;
#4093 = DIRECTION ( 'NONE',  ( -0.000000000000000000, -0.000000000000000000, -1.000000000000000000 ) ) ;
#4094 = VERTEX_POINT ( 'NONE', #4932 ) ;
#4095 = EDGE_CURVE ( 'NONE', #2684, #129, #5250, .T. ) ;
#4096 = DIRECTION ( 'NONE',  ( -1.000000000000000000, 0.000000000000000000, 0.000000000000000000 ) ) ;
#4097 = LINE ( 'NONE', #581, #2438 ) ;
#4098 = ORIENTED_EDGE ( 'NONE', *, *, #1184, .F. ) ;
#4099 = DIRECTION ( 'NONE',  ( 0.2079116908177527367, -0.9781476007338070211, 0.000000000000000000 ) ) ;
#4100 = DIRECTION ( 'NONE',  ( -0.05233595624293888721, 0.9986295347545741663, 0.000000000000000000 ) ) ;
#4101 = ORIENTED_EDGE ( 'NONE', *, *, #865, .F. ) ;
#4102 = FACE_OUTER_BOUND ( 'NONE', #3508, .T. ) ;
#4103 = EDGE_CURVE ( 'NONE', #1322, #5136, #3428, .T. ) ;
#4104 = ORIENTED_EDGE ( 'NONE', *, *, #4252, .F. ) ;
#4105 = SURFACE_STYLE_FILL_AREA ( #510 ) ;
#4106 = ORIENTED_EDGE ( 'NONE', *, *, #1033, .F. ) ;
#4107 = CARTESIAN_POINT ( 'NONE',  ( -1.499999999999999556, 0.5615000000000029967, -0.1100000000000000699 ) ) ;
#4108 = DIRECTION ( 'NONE',  ( -0.000000000000000000, -0.000000000000000000, -1.000000000000000000 ) ) ;
#4109 = ORIENTED_EDGE ( 'NONE', *, *, #3782, .T. ) ;
#4110 = ORIENTED_EDGE ( 'NONE', *, *, #400, .F. ) ;
#4111 = VERTEX_POINT ( 'NONE', #2521 ) ;
#4112 = ADVANCED_FACE ( 'NONE', ( #549 ), #4983, .T. ) ;
#4113 = EDGE_CURVE ( 'NONE', #542, #2733, #2132, .T. ) ;
#4114 = CARTESIAN_POINT ( 'NONE',  ( -2.202805594720656845, 0.01246120380807877286, 0.1099999999999999589 ) ) ;
#4115 = CARTESIAN_POINT ( 'NONE',  ( -1.920000000000000373, 0.2540000000000000036, -0.3900000000000000688 ) ) ;
#4116 = ORIENTED_EDGE ( 'NONE', *, *, #700, .F. ) ;
#4117 = DIRECTION ( 'NONE',  ( -0.000000000000000000, -0.2079116908177569278, -0.9781476007338062439 ) ) ;
#4118 = LINE ( 'NONE', #4629, #5282 ) ;
#4119 = ORIENTED_EDGE ( 'NONE', *, *, #447, .F. ) ;
#4120 = EDGE_CURVE ( 'NONE', #4887, #1047, #4291, .T. ) ;
#4121 = EDGE_CURVE ( 'NONE', #679, #3084, #2548, .T. ) ;
#4122 = DIRECTION ( 'NONE',  ( 0.000000000000000000, 0.000000000000000000, 1.000000000000000000 ) ) ;
#4123 = VECTOR ( 'NONE', #90, 1000.000000000000114 ) ;
#4124 = DIRECTION ( 'NONE',  ( 1.000000000000000000, 0.000000000000000000, 0.000000000000000000 ) ) ;
#4125 = VERTEX_POINT ( 'NONE', #1344 ) ;
#4126 = LINE ( 'NONE', #2041, #4624 ) ;
#4127 = CARTESIAN_POINT ( 'NONE',  ( 2.096066568132076924, 0.2914241043471944015, -1.110000000000000098 ) ) ;
#4128 = VERTEX_POINT ( 'NONE', #2980 ) ;
#4129 = VECTOR ( 'NONE', #2876, 1000.000000000000000 ) ;
#4130 = EDGE_LOOP ( 'NONE', ( #2953, #1732, #5239, #4954 ) ) ;
#4131 = CARTESIAN_POINT ( 'NONE',  ( -2.202805594720656845, 0.01246120380807877286, 0.6099999999999999867 ) ) ;
#4132 = VECTOR ( 'NONE', #3806, 1000.000000000000114 ) ;
#4133 = CARTESIAN_POINT ( 'NONE',  ( -2.450000000000000178, 0.1797533162558151154, -0.1100000000000000699 ) ) ;
#4134 = EDGE_LOOP ( 'NONE', ( #4866, #3250, #2400, #856 ) ) ;
#4135 = VERTEX_POINT ( 'NONE', #1733 ) ;
#4136 = VERTEX_POINT ( 'NONE', #4536 ) ;
#4137 = CIRCLE ( 'NONE', #822, 0.3054677443338705833 ) ;
#4138 = EDGE_CURVE ( 'NONE', #2733, #2457, #60, .T. ) ;
#4139 = AXIS2_PLACEMENT_3D ( 'NONE', #1600, #1185, #5261 ) ;
#4140 = DIRECTION ( 'NONE',  ( -1.000000000000000000, 0.000000000000000000, 0.000000000000000000 ) ) ;
#4141 = CARTESIAN_POINT ( 'NONE',  ( -1.499999999999999556, 0.5615000000000029967, -1.110000000000000098 ) ) ;
#4142 = STYLED_ITEM ( 'NONE', ( #2605 ), #357 ) ;
#4143 = VERTEX_POINT ( 'NONE', #894 ) ;
#4144 = DIRECTION ( 'NONE',  ( 0.9986295347545742773, -0.05233595624293843618, 0.000000000000000000 ) ) ;
#4145 = FACE_OUTER_BOUND ( 'NONE', #4342, .T. ) ;
#4146 = DIRECTION ( 'NONE',  ( -1.000000000000000000, 0.000000000000000000, 0.000000000000000000 ) ) ;
#4147 = VERTEX_POINT ( 'NONE', #1655 ) ;
#4148 = CONICAL_SURFACE ( 'NONE', #4063, 0.008798472641297159363, 0.2094395102393162011 ) ;
#4149 = SURFACE_SIDE_STYLE ('',( #197 ) ) ;
#4150 = AXIS2_PLACEMENT_3D ( 'NONE', #4888, #1226, #832 ) ;
#4151 = DIRECTION ( 'NONE',  ( 0.000000000000000000, 0.000000000000000000, -1.000000000000000000 ) ) ;
#4152 = DIRECTION ( 'NONE',  ( -0.000000000000000000, -0.000000000000000000, -1.000000000000000000 ) ) ;
#4153 = EDGE_LOOP ( 'NONE', ( #2362, #507, #415, #84 ) ) ;
#4154 = EDGE_CURVE ( 'NONE', #3891, #4581, #3352, .T. ) ;
#4155 = ADVANCED_FACE ( 'NONE', ( #579 ), #1264, .T. ) ;
#4156 = ORIENTED_EDGE ( 'NONE', *, *, #1325, .T. ) ;
#4157 = SURFACE_STYLE_USAGE ( .BOTH. , #1201 ) ;
#4158 = ORIENTED_EDGE ( 'NONE', *, *, #3435, .T. ) ;
#4159 = DIRECTION ( 'NONE',  ( 1.000000000000000000, 0.000000000000000000, -0.000000000000000000 ) ) ;
#4160 = EDGE_CURVE ( 'NONE', #73, #698, #2081, .T. ) ;
#4161 = DIRECTION ( 'NONE',  ( 1.000000000000000000, 0.000000000000000000, 0.000000000000000000 ) ) ;
#4162 = AXIS2_PLACEMENT_3D ( 'NONE', #3679, #471, #2851 ) ;
#4163 = CARTESIAN_POINT ( 'NONE',  ( 2.218792541221743519, 0.3175103152147410457, 0.6099999999999999867 ) ) ;
#4164 = VERTEX_POINT ( 'NONE', #498 ) ;
#4165 = ORIENTED_EDGE ( 'NONE', *, *, #3157, .T. ) ;
#4166 = VERTEX_POINT ( 'NONE', #2111 ) ;
#4167 = AXIS2_PLACEMENT_3D ( 'NONE', #4786, #696, #3934 ) ;
#4168 = AXIS2_PLACEMENT_3D ( 'NONE', #1195, #5240, #2367 ) ;
#4169 = PRODUCT_DEFINITION ( 'UNKNOWN', '', #5277, #4895 ) ;
#4170 = DIRECTION ( 'NONE',  ( -0.000000000000000000, -0.000000000000000000, -1.000000000000000000 ) ) ;
#4171 = CARTESIAN_POINT ( 'NONE',  ( 1.500000000000000444, -4.242640687119283882, 1.414999999999999813 ) ) ;
#4172 = EDGE_LOOP ( 'NONE', ( #1678, #2148, #734, #1284 ) ) ;
#4173 = CARTESIAN_POINT ( 'NONE',  ( -1.423798472641296664, 1.100000000000000089, 1.414999999999999813 ) ) ;
#4174 = DIRECTION ( 'NONE',  ( -1.000000000000000000, 0.000000000000000000, 0.000000000000000000 ) ) ;
#4175 = CARTESIAN_POINT ( 'NONE',  ( 2.450000000000000178, 0.1797533162558151154, -0.3900000000000000688 ) ) ;
#4176 = VECTOR ( 'NONE', #3412, 1000.000000000000000 ) ;
#4177 = CARTESIAN_POINT ( 'NONE',  ( 2.051829622465644043, 0.4995425708808653442, -0.3900000000000000688 ) ) ;
#4178 = CARTESIAN_POINT ( 'NONE',  ( 1.753037081243900230, 0.4360322556661242466, -0.3900000000000000688 ) ) ;
#4179 = VERTEX_POINT ( 'NONE', #3734 ) ;
#4180 = EDGE_CURVE ( 'NONE', #4789, #3516, #1080, .T. ) ;
#4181 = EDGE_CURVE ( 'NONE', #3391, #1386, #2611, .T. ) ;
#4182 = LINE ( 'NONE', #561, #4660 ) ;
#4183 = EDGE_LOOP ( 'NONE', ( #3027, #4798, #2123, #4552 ) ) ;
#4184 = FACE_OUTER_BOUND ( 'NONE', #3061, .T. ) ;
#4185 = EDGE_CURVE ( 'NONE', #4143, #2919, #3460, .T. ) ;
#4186 = SURFACE_STYLE_FILL_AREA ( #1831 ) ;
#4187 = VERTEX_POINT ( 'NONE', #4333 ) ;
#4188 = DIRECTION ( 'NONE',  ( -0.000000000000000000, -0.000000000000000000, -1.000000000000000000 ) ) ;
#4189 = EDGE_LOOP ( 'NONE', ( #862, #4373, #2617, #2844 ) ) ;
#4190 = ORIENTED_EDGE ( 'NONE', *, *, #1281, .T. ) ;
#4191 = LINE ( 'NONE', #157, #3694 ) ;
#4192 = DIRECTION ( 'NONE',  ( 0.000000000000000000, 1.000000000000000000, 0.000000000000000000 ) ) ;
#4193 = ORIENTED_EDGE ( 'NONE', *, *, #545, .T. ) ;
#4194 = CARTESIAN_POINT ( 'NONE',  ( -2.218792541221743519, 0.3175103152147410457, 0.8899999999999999023 ) ) ;
#4195 = DIRECTION ( 'NONE',  ( 1.000000000000000000, 0.000000000000000000, 0.000000000000000000 ) ) ;
#4196 = CARTESIAN_POINT ( 'NONE',  ( -2.202805594720656845, 0.01246120380807877286, 0.8899999999999999023 ) ) ;
#4197 = DIRECTION ( 'NONE',  ( -0.000000000000000000, -0.000000000000000000, -1.000000000000000000 ) ) ;
#4198 = DIRECTION ( 'NONE',  ( -0.2079116908177527367, 0.9781476007338070211, -0.000000000000000000 ) ) ;
#4199 = CARTESIAN_POINT ( 'NONE',  ( -2.212226066844385386, 0.1922145200638938900, -0.1100000000000000699 ) ) ;
#4200 = CARTESIAN_POINT ( 'NONE',  ( -1.414999999999999591, 0.2030000000000000138, 1.423798472641297108 ) ) ;
#4201 = VERTEX_POINT ( 'NONE', #1425 ) ;
#4202 = AXIS2_PLACEMENT_3D ( 'NONE', #3086, #707, #5119 ) ;
#4203 = DIRECTION ( 'NONE',  ( -0.000000000000000000, -0.000000000000000000, -1.000000000000000000 ) ) ;
#4204 = ORIENTED_EDGE ( 'NONE', *, *, #1078, .T. ) ;
#4205 = DIRECTION ( 'NONE',  ( 0.000000000000000000, 0.000000000000000000, 1.000000000000000000 ) ) ;
#4206 = CARTESIAN_POINT ( 'NONE',  ( 1.920000000000000373, 0.2539999999999984492, 0.8899999999999999023 ) ) ;
#4207 = AXIS2_PLACEMENT_3D ( 'NONE', #4071, #1659, #1627 ) ;
#4208 = ORIENTED_EDGE ( 'NONE', *, *, #677, .T. ) ;
#4209 = CARTESIAN_POINT ( 'NONE',  ( -1.753037081243900230, 0.4360322556661242466, 1.109999999999999876 ) ) ;
#4210 = EDGE_LOOP ( 'NONE', ( #347, #3338, #404, #3566, #878, #2791, #2329, #1782, #727, #399, #1698, #1234 ) ) ;
#4211 = ORIENTED_EDGE ( 'NONE', *, *, #1575, .F. ) ;
#4212 = CARTESIAN_POINT ( 'NONE',  ( 0.000000000000000000, 0.000000000000000000, 0.000000000000000000 ) ) ;
#4213 = EDGE_CURVE ( 'NONE', #1424, #2144, #4812, .T. ) ;
#4214 = PRESENTATION_STYLE_ASSIGNMENT (( #2821 ) ) ;
#4215 = CIRCLE ( 'NONE', #2491, 0.3054677443338705833 ) ;
#4216 = EDGE_CURVE ( 'NONE', #3263, #1535, #3000, .T. ) ;
#4217 = CARTESIAN_POINT ( 'NONE',  ( 2.051829622465644043, 0.4995425708808653442, -0.8900000000000000133 ) ) ;
#4218 = CIRCLE ( 'NONE', #737, 0.1254677443338788057 ) ;
#4219 = DIRECTION ( 'NONE',  ( -0.9986295347545741663, -0.05233595624293842924, 0.000000000000000000 ) ) ;
#4220 = ORIENTED_EDGE ( 'NONE', *, *, #557, .F. ) ;
#4221 = DIRECTION ( 'NONE',  ( -0.9781476007338063550, 0.2079116908177562062, 0.000000000000000000 ) ) ;
#4222 = CARTESIAN_POINT ( 'NONE',  ( 1.753037081243900230, 0.4360322556661242466, 0.8899999999999999023 ) ) ;
#4223 = CARTESIAN_POINT ( 'NONE',  ( 2.450000000000000178, 0.1797533162558151154, 0.6099999999999999867 ) ) ;
#4224 = CARTESIAN_POINT ( 'NONE',  ( 2.051829622465644043, 0.4995425708808653442, 0.3899999999999999578 ) ) ;
#4225 = EDGE_CURVE ( 'NONE', #3016, #569, #1308, .T. ) ;
#4226 = CARTESIAN_POINT ( 'NONE',  ( -1.149999999999999467, 1.100000000000000089, -1.024999999999999911 ) ) ;
#4227 = COLOUR_RGB ( '',0.7921568627450980005, 0.8196078431372548767, 0.9333333333333333481 ) ;
#4228 = AXIS2_PLACEMENT_3D ( 'NONE', #5187, #5217, #3100 ) ;
#4229 = DIRECTION ( 'NONE',  ( -0.000000000000000000, -0.000000000000000000, -1.000000000000000000 ) ) ;
#4230 = CARTESIAN_POINT ( 'NONE',  ( 2.218792541221743519, 0.3175103152147410457, -1.110000000000000098 ) ) ;
#4231 = CARTESIAN_POINT ( 'NONE',  ( 2.440579527876271637, -7.231105290834467174E-20, -0.8900000000000000133 ) ) ;
#4232 = CARTESIAN_POINT ( 'NONE',  ( 2.096066568132076924, 0.2914241043471944015, -0.3900000000000000688 ) ) ;
#4233 = VECTOR ( 'NONE', #4286, 1000.000000000000000 ) ;
#4234 = PLANE ( 'NONE',  #2106 ) ;
#4235 = EDGE_LOOP ( 'NONE', ( #619, #3860, #2515, #831 ) ) ;
#4236 = AXIS2_PLACEMENT_3D ( 'NONE', #4439, #336, #2757 ) ;
#4237 = AXIS2_PLACEMENT_3D ( 'NONE', #2482, #4948, #940 ) ;
#4238 = ADVANCED_FACE ( 'NONE', ( #1788 ), #4254, .F. ) ;
#4239 = FACE_OUTER_BOUND ( 'NONE', #4189, .T. ) ;
#4240 = ORIENTED_EDGE ( 'NONE', *, *, #313, .F. ) ;
#4241 = AXIS2_PLACEMENT_3D ( 'NONE', #1712, #3008, #4964 ) ;
#4242 = CARTESIAN_POINT ( 'NONE',  ( 2.212226066844385386, 0.1922145200638938900, 0.1099999999999999589 ) ) ;
#4243 =( NAMED_UNIT ( * ) SI_UNIT ( $, .STERADIAN. ) SOLID_ANGLE_UNIT ( ) );
#4244 = CARTESIAN_POINT ( 'NONE',  ( 1.753037081243900230, 0.5615000000000029967, 0.8899999999999999023 ) ) ;
#4245 = DIRECTION ( 'NONE',  ( -0.000000000000000000, -0.000000000000000000, -1.000000000000000000 ) ) ;
#4246 = VERTEX_POINT ( 'NONE', #284 ) ;
#4247 = CLOSED_SHELL ( 'NONE', ( #3871, #642, #4587, #1131 ) ) ;
#4248 = CARTESIAN_POINT ( 'NONE',  ( -2.051829622465644043, 0.4995425708808653442, 0.8899999999999999023 ) ) ;
#4249 = EDGE_CURVE ( 'NONE', #2839, #2497, #1451, .T. ) ;
#4250 = AXIS2_PLACEMENT_3D ( 'NONE', #4509, #4538, #2904 ) ;
#4251 = LINE ( 'NONE', #1145, #1329 ) ;
#4252 = EDGE_CURVE ( 'NONE', #2050, #4087, #4898, .T. ) ;
#4253 = ORIENTED_EDGE ( 'NONE', *, *, #1382, .F. ) ;
#4254 = PLANE ( 'NONE',  #4988 ) ;
#4255 = CARTESIAN_POINT ( 'NONE',  ( 1.753037081243900230, 0.5615000000000029967, 0.6099999999999999867 ) ) ;
#4256 = AXIS2_PLACEMENT_3D ( 'NONE', #3332, #4197, #978 ) ;
#4257 = DIRECTION ( 'NONE',  ( 0.000000000000000000, 1.000000000000000000, -0.000000000000000000 ) ) ;
#4258 = PLANE ( 'NONE',  #4944 ) ;
#4259 = DIRECTION ( 'NONE',  ( 0.000000000000000000, 0.000000000000000000, -1.000000000000000000 ) ) ;
#4260 = DIRECTION ( 'NONE',  ( 1.000000000000000000, 0.000000000000000000, -0.000000000000000000 ) ) ;
#4261 = EDGE_CURVE ( 'NONE', #1724, #1285, #5066, .T. ) ;
#4262 = VERTEX_POINT ( 'NONE', #1029 ) ;
#4263 = VECTOR ( 'NONE', #200, 1000.000000000000114 ) ;
#4264 = FACE_OUTER_BOUND ( 'NONE', #4235, .T. ) ;
#4265 = ORIENTED_EDGE ( 'NONE', *, *, #865, .T. ) ;
#4266 = CARTESIAN_POINT ( 'NONE',  ( 2.096066568132076924, 0.2914241043471944015, 1.109999999999999876 ) ) ;
#4267 = ORIENTED_EDGE ( 'NONE', *, *, #625, .T. ) ;
#4268 = CARTESIAN_POINT ( 'NONE',  ( -1.414999999999999591, -4.242640687119283882, -1.500000000000000222 ) ) ;
#4269 = CYLINDRICAL_SURFACE ( 'NONE', #1154, 0.08500000000000000611 ) ;
#4270 = ORIENTED_EDGE ( 'NONE', *, *, #3776, .F. ) ;
#4271 = EDGE_CURVE ( 'NONE', #2684, #2434, #1891, .T. ) ;
#4272 = LINE ( 'NONE', #4297, #2000 ) ;
#4273 = FACE_OUTER_BOUND ( 'NONE', #3587, .T. ) ;
#4274 = ORIENTED_EDGE ( 'NONE', *, *, #1927, .F. ) ;
#4275 = DIRECTION ( 'NONE',  ( 0.2079116908177561784, 0.9781476007338062439, 0.000000000000000000 ) ) ;
#4276 = LINE ( 'NONE', #3921, #3569 ) ;
#4277 = EDGE_CURVE ( 'NONE', #4978, #2147, #3940, .T. ) ;
#4278 = EDGE_CURVE ( 'NONE', #3876, #898, #3861, .T. ) ;
#4279 = DIRECTION ( 'NONE',  ( 0.000000000000000000, 0.000000000000000000, 1.000000000000000000 ) ) ;
#4280 = DIRECTION ( 'NONE',  ( 0.05233595624293888027, 0.9986295347545741663, -0.000000000000000000 ) ) ;
#4281 = ORIENTED_EDGE ( 'NONE', *, *, #3260, .F. ) ;
#4282 = EDGE_CURVE ( 'NONE', #4425, #2173, #2394, .T. ) ;
#4283 = EDGE_CURVE ( 'NONE', #4147, #807, #636, .T. ) ;
#4284 = CARTESIAN_POINT ( 'NONE',  ( -1.499999999999999556, 0.5615000000000029967, -0.3900000000000000688 ) ) ;
#4285 = ORIENTED_EDGE ( 'NONE', *, *, #4103, .T. ) ;
#4286 = DIRECTION ( 'NONE',  ( -0.000000000000000000, -0.000000000000000000, -1.000000000000000000 ) ) ;
#4287 = ORIENTED_EDGE ( 'NONE', *, *, #4277, .T. ) ;
#4288 = LINE ( 'NONE', #3020, #4508 ) ;
#4289 = CARTESIAN_POINT ( 'NONE',  ( -1.920000000000000373, 0.2540000000000000036, -0.3900000000000000688 ) ) ;
#4290 = DIRECTION ( 'NONE',  ( -0.000000000000000000, -0.000000000000000000, -1.000000000000000000 ) ) ;
#4291 = CIRCLE ( 'NONE', #2146, 0.1254677443338790277 ) ;
#4292 =( NAMED_UNIT ( * ) SI_UNIT ( $, .STERADIAN. ) SOLID_ANGLE_UNIT ( ) );
#4293 = FACE_OUTER_BOUND ( 'NONE', #295, .T. ) ;
#4294 = CARTESIAN_POINT ( 'NONE',  ( -2.051829622465644043, 0.4995425708808653442, 1.109999999999999876 ) ) ;
#4295 = VECTOR ( 'NONE', #194, 1000.000000000000000 ) ;
#4296 = VERTEX_POINT ( 'NONE', #4740 ) ;
#4297 = CARTESIAN_POINT ( 'NONE',  ( 1.875763054333566382, 0.4621184665336710018, -0.3900000000000000688 ) ) ;
#4298 = VERTEX_POINT ( 'NONE', #1395 ) ;
#4299 = EDGE_CURVE ( 'NONE', #1537, #3062, #2230, .T. ) ;
#4300 = ORIENTED_EDGE ( 'NONE', *, *, #2665, .F. ) ;
#4301 = SURFACE_STYLE_USAGE ( .BOTH. , #2714 ) ;
#4302 = CIRCLE ( 'NONE', #655, 0.1254677443338790277 ) ;
#4303 = CARTESIAN_POINT ( 'NONE',  ( -1.149999999999999467, 1.050000000000000044, -1.150000000000000133 ) ) ;
#4304 = AXIS2_PLACEMENT_3D ( 'NONE', #1651, #3277, #3730 ) ;
#4305 = DIRECTION ( 'NONE',  ( 0.2079116908177556233, 0.9781476007338063550, 0.000000000000000000 ) ) ;
#4306 = FACE_OUTER_BOUND ( 'NONE', #4526, .T. ) ;
#4307 = MANIFOLD_SOLID_BREP ( 'LPattern1[5]', #1936 ) ;
#4308 = LINE ( 'NONE', #660, #16 ) ;
#4309 = ORIENTED_EDGE ( 'NONE', *, *, #571, .T. ) ;
#4310 = COLOUR_RGB ( '',0.7921568627450980005, 0.8196078431372548767, 0.9333333333333333481 ) ;
#4311 = AXIS2_PLACEMENT_3D ( 'NONE', #3282, #1345, #4174 ) ;
#4312 = DIRECTION ( 'NONE',  ( -4.284756080633293341E-16, -1.000000000000000000, 0.000000000000000000 ) ) ;
#4313 = VECTOR ( 'NONE', #2950, 1000.000000000000000 ) ;
#4314 = EDGE_CURVE ( 'NONE', #918, #2380, #4715, .T. ) ;
#4315 = EDGE_CURVE ( 'NONE', #3867, #2380, #4904, .T. ) ;
#4316 = CONICAL_SURFACE ( 'NONE', #827, 0.008798472641296942523, 0.2094395102393165065 ) ;
#4317 = CARTESIAN_POINT ( 'NONE',  ( 1.753037081243900230, 0.7414999999999948299, 1.109999999999999876 ) ) ;
#4318 = VERTEX_POINT ( 'NONE', #4896 ) ;
#4319 = DIRECTION ( 'NONE',  ( -0.000000000000000000, -0.000000000000000000, -1.000000000000000000 ) ) ;
#4320 = CARTESIAN_POINT ( 'NONE',  ( 2.096066568132076924, 0.2914241043471944015, -0.8900000000000000133 ) ) ;
#4321 = VECTOR ( 'NONE', #3339, 1000.000000000000114 ) ;
#4322 = MANIFOLD_SOLID_BREP ( 'Cut-Extrude1', #2019 ) ;
#4323 = DIRECTION ( 'NONE',  ( -0.000000000000000000, -0.000000000000000000, -1.000000000000000000 ) ) ;
#4324 = VECTOR ( 'NONE', #2697, 1000.000000000000000 ) ;
#4325 = EDGE_CURVE ( 'NONE', #516, #3568, #304, .T. ) ;
#4326 = DIRECTION ( 'NONE',  ( 0.05233595624293888027, -0.9986295347545741663, 0.000000000000000000 ) ) ;
#4327 = FILL_AREA_STYLE_COLOUR ( '', #4912 ) ;
#4328 = CARTESIAN_POINT ( 'NONE',  ( -2.440579527876271637, -7.231105290834467174E-20, 0.3899999999999999578 ) ) ;
#4329 = ORIENTED_EDGE ( 'NONE', *, *, #2215, .T. ) ;
#4330 = DIRECTION ( 'NONE',  ( -0.2079116908177527367, -0.9781476007338070211, 0.000000000000000000 ) ) ;
#4331 = VERTEX_POINT ( 'NONE', #4390 ) ;
#4332 = ORIENTED_EDGE ( 'NONE', *, *, #852, .T. ) ;
#4333 = CARTESIAN_POINT ( 'NONE',  ( -1.920000000000000373, 0.2539999999999998925, 0.1099999999999999589 ) ) ;
#4334 = VECTOR ( 'NONE', #4245, 1000.000000000000000 ) ;
#4335 = DIRECTION ( 'NONE',  ( 0.000000000000000000, -1.000000000000000000, 0.000000000000000000 ) ) ;
#4336 = CARTESIAN_POINT ( 'NONE',  ( 1.415000000000000702, 0.2030000000000000693, -1.415000000000000258 ) ) ;
#4337 = EDGE_CURVE ( 'NONE', #3681, #4331, #438, .T. ) ;
#4338 = CARTESIAN_POINT ( 'NONE',  ( -2.218792541221743519, 0.3175103152147410457, -0.3900000000000000688 ) ) ;
#4339 = DIRECTION ( 'NONE',  ( 0.2079116908177541800, -0.9781476007338066880, -0.000000000000000000 ) ) ;
#4340 = MANIFOLD_SOLID_BREP ( 'Boss-Extrude3[1]', #256 ) ;
#4341 = CYLINDRICAL_SURFACE ( 'NONE', #592, 0.3054677443338708054 ) ;
#4342 = EDGE_LOOP ( 'NONE', ( #3359, #4101, #176, #201 ) ) ;
#4343 = CIRCLE ( 'NONE', #1444, 0.3054677443338705833 ) ;
#4344 = VECTOR ( 'NONE', #3822, 1000.000000000000000 ) ;
#4345 = FACE_OUTER_BOUND ( 'NONE', #1021, .T. ) ;
#4346 = DIRECTION ( 'NONE',  ( 0.000000000000000000, 1.000000000000000000, -0.000000000000000000 ) ) ;
#4347 = EDGE_LOOP ( 'NONE', ( #1134, #2972, #1890, #522 ) ) ;
#4348 = PLANE ( 'NONE',  #4228 ) ;
#4349 = CARTESIAN_POINT ( 'NONE',  ( 1.920000000000000373, 0.2539999999999985048, 0.6099999999999999867 ) ) ;
#4350 = VECTOR ( 'NONE', #740, 1000.000000000000114 ) ;
#4351 = MANIFOLD_SOLID_BREP ( 'LPattern1[7]', #3210 ) ;
#4352 = ADVANCED_FACE ( 'NONE', ( #2957 ), #4052, .F. ) ;
#4353 = DIRECTION ( 'NONE',  ( -0.000000000000000000, -0.000000000000000000, -1.000000000000000000 ) ) ;
#4354 = CARTESIAN_POINT ( 'NONE',  ( -1.753037081243900230, 0.5615000000000029967, 1.109999999999999876 ) ) ;
#4355 = DIRECTION ( 'NONE',  ( 0.05233595624293888027, -0.9986295347545741663, 0.000000000000000000 ) ) ;
#4356 = VERTEX_POINT ( 'NONE', #1714 ) ;
#4357 = CARTESIAN_POINT ( 'NONE',  ( -1.753037081243900230, 0.7414999999999948299, 0.1099999999999999589 ) ) ;
#4358 =( NAMED_UNIT ( * ) PLANE_ANGLE_UNIT ( ) SI_UNIT ( $, .RADIAN. ) );
#4359 = DIRECTION ( 'NONE',  ( 0.000000000000000000, 0.000000000000000000, -1.000000000000000000 ) ) ;
#4360 = EDGE_CURVE ( 'NONE', #1150, #4972, #104, .T. ) ;
#4361 = DIRECTION ( 'NONE',  ( -1.000000000000000000, 0.000000000000000000, 0.000000000000000000 ) ) ;
#4362 = ORIENTED_EDGE ( 'NONE', *, *, #1313, .T. ) ;
#4363 = EDGE_LOOP ( 'NONE', ( #4106, #4448 ) ) ;
#4364 = PRESENTATION_STYLE_ASSIGNMENT (( #4301 ) ) ;
#4365 = LINE ( 'NONE', #310, #1691 ) ;
#4366 = CARTESIAN_POINT ( 'NONE',  ( 2.202805594720656845, 0.01246120380807877286, 0.8899999999999999023 ) ) ;
#4367 = LINE ( 'NONE', #3897, #3140 ) ;
#4368 = LINE ( 'NONE', #1088, #3641 ) ;
#4369 = EDGE_LOOP ( 'NONE', ( #1963, #2228, #3222, #1286 ) ) ;
#4370 = PLANE ( 'NONE',  #7 ) ;
#4371 = DIRECTION ( 'NONE',  ( -0.000000000000000000, -0.000000000000000000, -1.000000000000000000 ) ) ;
#4372 = EDGE_CURVE ( 'NONE', #1580, #876, #4700, .T. ) ;
#4373 = ORIENTED_EDGE ( 'NONE', *, *, #4325, .F. ) ;
#4374 = FACE_OUTER_BOUND ( 'NONE', #796, .T. ) ;
#4375 = CARTESIAN_POINT ( 'NONE',  ( -1.423798472641296886, 0.2030000000000000138, 0.000000000000000000 ) ) ;
#4376 = CARTESIAN_POINT ( 'NONE',  ( -2.096066568132076924, 0.2914241043471944015, -0.3900000000000000688 ) ) ;
#4377 = CARTESIAN_POINT ( 'NONE',  ( -1.499999999999999556, -4.242640687119283882, -1.415000000000000258 ) ) ;
#4378 = VECTOR ( 'NONE', #3132, 1000.000000000000000 ) ;
#4379 = DIRECTION ( 'NONE',  ( -0.000000000000000000, -0.000000000000000000, -1.000000000000000000 ) ) ;
#4380 =( NAMED_UNIT ( * ) SI_UNIT ( $, .STERADIAN. ) SOLID_ANGLE_UNIT ( ) );
#4381 = ADVANCED_FACE ( 'NONE', ( #2581 ), #1399, .T. ) ;
#4382 = VERTEX_POINT ( 'NONE', #4226 ) ;
#4383 = CARTESIAN_POINT ( 'NONE',  ( -2.440579527876271637, -7.231105290834467174E-20, -0.1100000000000000699 ) ) ;
#4384 = DIRECTION ( 'NONE',  ( 0.000000000000000000, 0.000000000000000000, 1.000000000000000000 ) ) ;
#4385 = VECTOR ( 'NONE', #1685, 1000.000000000000000 ) ;
#4386 = ORIENTED_EDGE ( 'NONE', *, *, #4522, .F. ) ;
#4387 = ADVANCED_FACE ( 'NONE', ( #2187 ), #2309, .F. ) ;
#4388 = ORIENTED_EDGE ( 'NONE', *, *, #1092, .F. ) ;
#4389 = EDGE_CURVE ( 'NONE', #4179, #4714, #4276, .T. ) ;
#4390 = CARTESIAN_POINT ( 'NONE',  ( -1.414999999999999591, 0.2030000000000000138, -1.423798472641297552 ) ) ;
#4391 = CARTESIAN_POINT ( 'NONE',  ( -2.051829622465644043, 0.4995425708808653442, 0.6099999999999999867 ) ) ;
#4392 = CARTESIAN_POINT ( 'NONE',  ( -2.218792541221743519, 0.3175103152147410457, 0.3899999999999999578 ) ) ;
#4393 = PLANE ( 'NONE',  #356 ) ;
#4394 = ADVANCED_FACE ( 'NONE', ( #654 ), #2689, .F. ) ;
#4395 = CYLINDRICAL_SURFACE ( 'NONE', #3686, 0.3054677443338708054 ) ;
#4396 = CARTESIAN_POINT ( 'NONE',  ( 1.423798472641297774, 0.2030000000000000138, -1.415000000000000258 ) ) ;
#4397 = EDGE_LOOP ( 'NONE', ( #3717, #1998, #1207, #3673 ) ) ;
#4398 = AXIS2_PLACEMENT_3D ( 'NONE', #5037, #2226, #5115 ) ;
#4399 = MECHANICAL_DESIGN_GEOMETRIC_PRESENTATION_REPRESENTATION (  '', ( #1916 ), #2589 ) ;
#4400 = CARTESIAN_POINT ( 'NONE',  ( 2.051829622465644043, 0.4995425708808653442, 0.6099999999999999867 ) ) ;
#4401 = EDGE_LOOP ( 'NONE', ( #4811, #4535, #2852, #4265 ) ) ;
#4402 = CARTESIAN_POINT ( 'NONE',  ( 1.499999999999999556, 0.7414999999999947189, 1.109999999999999876 ) ) ;
#4403 = CARTESIAN_POINT ( 'NONE',  ( 2.218792541221743519, 0.3175103152147410457, -0.3900000000000000688 ) ) ;
#4404 = AXIS2_PLACEMENT_3D ( 'NONE', #2369, #717, #1878 ) ;
#4405 = FACE_OUTER_BOUND ( 'NONE', #1773, .T. ) ;
#4406 = DIRECTION ( 'NONE',  ( 0.000000000000000000, -0.000000000000000000, 1.000000000000000000 ) ) ;
#4407 = CARTESIAN_POINT ( 'NONE',  ( 1.415000000000000702, 0.2030000000000000138, -1.423798472641297552 ) ) ;
#4408 = ORIENTED_EDGE ( 'NONE', *, *, #3553, .F. ) ;
#4409 = CARTESIAN_POINT ( 'NONE',  ( 1.753037081243900230, 0.4360322556661242466, 0.6099999999999999867 ) ) ;
#4410 = CARTESIAN_POINT ( 'NONE',  ( 1.415000000000000702, 1.100000000000000311, -1.415000000000000258 ) ) ;
#4411 = EDGE_CURVE ( 'NONE', #1151, #3322, #1958, .T. ) ;
#4412 = AXIS2_PLACEMENT_3D ( 'NONE', #1821, #1118, #4752 ) ;
#4413 = VERTEX_POINT ( 'NONE', #1871 ) ;
#4414 = DIRECTION ( 'NONE',  ( -1.000000000000000000, 0.000000000000000000, 0.000000000000000000 ) ) ;
#4415 = ORIENTED_EDGE ( 'NONE', *, *, #2832, .F. ) ;
#4416 = ORIENTED_EDGE ( 'NONE', *, *, #2054, .T. ) ;
#4417 = FACE_OUTER_BOUND ( 'NONE', #5089, .T. ) ;
#4418 = ADVANCED_FACE ( 'NONE', ( #5148 ), #5123, .F. ) ;
#4419 = EDGE_CURVE ( 'NONE', #1537, #3753, #4716, .T. ) ;
#4420 = CARTESIAN_POINT ( 'NONE',  ( 1.753037081243900230, 0.4360322556661242466, 0.3899999999999999578 ) ) ;
#4421 = AXIS2_PLACEMENT_3D ( 'NONE', #2399, #4079, #1968 ) ;
#4422 = DIRECTION ( 'NONE',  ( -0.05233595624293888721, 0.9986295347545741663, 0.000000000000000000 ) ) ;
#4423 = EDGE_LOOP ( 'NONE', ( #352, #1362, #3308, #4698 ) ) ;
#4424 = DIRECTION ( 'NONE',  ( 0.000000000000000000, -0.000000000000000000, 1.000000000000000000 ) ) ;
#4425 = VERTEX_POINT ( 'NONE', #1110 ) ;
#4426 = EDGE_CURVE ( 'NONE', #3913, #4891, #1453, .T. ) ;
#4427 = FACE_OUTER_BOUND ( 'NONE', #1999, .T. ) ;
#4428 = CYLINDRICAL_SURFACE ( 'NONE', #2070, 0.1250000000000003331 ) ;
#4429 = VECTOR ( 'NONE', #29, 1000.000000000000000 ) ;
#4430 = CARTESIAN_POINT ( 'NONE',  ( 2.218792541221743519, 0.3175103152147410457, -0.8900000000000000133 ) ) ;
#4431 = ORIENTED_EDGE ( 'NONE', *, *, #4673, .F. ) ;
#4432 = CONICAL_SURFACE ( 'NONE', #5120, 0.008798472641297159363, 0.2094395102393173946 ) ;
#4433 = CARTESIAN_POINT ( 'NONE',  ( 1.920000000000000373, 0.2539999999999984492, 0.6099999999999999867 ) ) ;
#4434 = CARTESIAN_POINT ( 'NONE',  ( -2.212226066844385386, 0.1922145200638938900, 0.1099999999999999589 ) ) ;
#4435 = CARTESIAN_POINT ( 'NONE',  ( 2.218792541221743519, 0.3175103152147410457, 0.1099999999999999589 ) ) ;
#4436 = AXIS2_PLACEMENT_3D ( 'NONE', #4433, #4941, #2393 ) ;
#4437 = PLANE ( 'NONE',  #4076 ) ;
#4438 = VERTEX_POINT ( 'NONE', #630 ) ;
#4439 = CARTESIAN_POINT ( 'NONE',  ( -2.218792541221743519, 0.3175103152147410457, 0.1099999999999999589 ) ) ;
#4440 = ORIENTED_EDGE ( 'NONE', *, *, #2423, .F. ) ;
#4441 = DIRECTION ( 'NONE',  ( -0.000000000000000000, -0.000000000000000000, -1.000000000000000000 ) ) ;
#4442 = LINE ( 'NONE', #786, #3766 ) ;
#4443 = ORIENTED_EDGE ( 'NONE', *, *, #5112, .F. ) ;
#4444 = ORIENTED_EDGE ( 'NONE', *, *, #4056, .T. ) ;
#4445 = CARTESIAN_POINT ( 'NONE',  ( -1.414999999999999591, 1.100000000000000089, -1.423798472641297330 ) ) ;
#4446 = DIRECTION ( 'NONE',  ( 0.000000000000000000, 0.000000000000000000, 1.000000000000000000 ) ) ;
#4447 = DIRECTION ( 'NONE',  ( 0.000000000000000000, 1.000000000000000000, 0.000000000000000000 ) ) ;
#4448 = ORIENTED_EDGE ( 'NONE', *, *, #3548, .F. ) ;
#4449 = CARTESIAN_POINT ( 'NONE',  ( 1.499999999999999556, 0.5615000000000029967, 0.6099999999999999867 ) ) ;
#4450 = DIRECTION ( 'NONE',  ( -0.000000000000000000, -0.000000000000000000, -1.000000000000000000 ) ) ;
#4451 = ORIENTED_EDGE ( 'NONE', *, *, #4283, .T. ) ;
#4452 = VECTOR ( 'NONE', #2095, 1000.000000000000000 ) ;
#4453 = DIRECTION ( 'NONE',  ( 0.000000000000000000, 0.000000000000000000, 1.000000000000000000 ) ) ;
#4454 = ORIENTED_EDGE ( 'NONE', *, *, #1806, .F. ) ;
#4455 = ADVANCED_FACE ( 'NONE', ( #2716 ), #4258, .F. ) ;
#4456 = ADVANCED_FACE ( 'NONE', ( #4742 ), #4432, .T. ) ;
#4457 = FACE_OUTER_BOUND ( 'NONE', #2900, .T. ) ;
#4458 = ORIENTED_EDGE ( 'NONE', *, *, #2461, .F. ) ;
#4459 = SURFACE_SIDE_STYLE ('',( #4105 ) ) ;
#4460 = FACE_OUTER_BOUND ( 'NONE', #3241, .T. ) ;
#4461 = ORIENTED_EDGE ( 'NONE', *, *, #5213, .F. ) ;
#4462 = CARTESIAN_POINT ( 'NONE',  ( 1.753037081243900230, 0.5615000000000029967, 0.1099999999999999589 ) ) ;
#4463 = EDGE_CURVE ( 'NONE', #3444, #1140, #2658, .T. ) ;
#4464 = SURFACE_STYLE_FILL_AREA ( #4025 ) ;
#4465 = VECTOR ( 'NONE', #4290, 1000.000000000000000 ) ;
#4466 = LINE ( 'NONE', #4890, #506 ) ;
#4467 = ORIENTED_EDGE ( 'NONE', *, *, #1960, .T. ) ;
#4468 = ORIENTED_EDGE ( 'NONE', *, *, #2761, .F. ) ;
#4469 = ORIENTED_EDGE ( 'NONE', *, *, #5, .T. ) ;
#4470 = UNCERTAINTY_MEASURE_WITH_UNIT (LENGTH_MEASURE( 1.000000000000000082E-05 ), #1336, 'distance_accuracy_value', 'NONE');
#4471 = DIRECTION ( 'NONE',  ( 0.2079116908177541800, -0.9781476007338066880, -0.000000000000000000 ) ) ;
#4472 = AXIS2_PLACEMENT_3D ( 'NONE', #163, #3305, #1293 ) ;
#4473 = EDGE_CURVE ( 'NONE', #3664, #2025, #4365, .T. ) ;
#4474 = DIRECTION ( 'NONE',  ( 0.000000000000000000, 0.000000000000000000, 1.000000000000000000 ) ) ;
#4475 = PLANE ( 'NONE',  #2626 ) ;
#4476 = EDGE_LOOP ( 'NONE', ( #2961, #3576, #562, #1996, #2126, #3793, #2764, #2427, #769, #3691, #3270, #787 ) ) ;
#4477 = DIRECTION ( 'NONE',  ( 0.05233595624293843618, -0.9986295347545742773, 0.000000000000000000 ) ) ;
#4478 = VECTOR ( 'NONE', #2417, 1000.000000000000000 ) ;
#4479 = VERTEX_POINT ( 'NONE', #240 ) ;
#4480 = DIRECTION ( 'NONE',  ( -0.000000000000000000, -0.000000000000000000, -1.000000000000000000 ) ) ;
#4481 = FACE_OUTER_BOUND ( 'NONE', #3288, .T. ) ;
#4482 = ORIENTED_EDGE ( 'NONE', *, *, #3484, .T. ) ;
#4483 = AXIS2_PLACEMENT_3D ( 'NONE', #1814, #1477, #4259 ) ;
#4484 = CARTESIAN_POINT ( 'NONE',  ( 2.440579527876271637, -7.231105290834467174E-20, -0.8900000000000000133 ) ) ;
#4485 = ADVANCED_FACE ( 'NONE', ( #3895 ), #4794, .F. ) ;
#4486 = VECTOR ( 'NONE', #603, 1000.000000000000000 ) ;
#4487 = ADVANCED_FACE ( 'NONE', ( #5203 ), #1529, .T. ) ;
#4488 = ORIENTED_EDGE ( 'NONE', *, *, #2272, .T. ) ;
#4489 = LINE ( 'NONE', #1798, #4233 ) ;
#4490 = CARTESIAN_POINT ( 'NONE',  ( -1.920000000000000373, 0.2539999999999998925, -0.8900000000000000133 ) ) ;
#4491 = ORIENTED_EDGE ( 'NONE', *, *, #5114, .T. ) ;
#4492 = CARTESIAN_POINT ( 'NONE',  ( -1.414999999999999591, -4.242640687119283882, 1.499999999999999778 ) ) ;
#4493 = LINE ( 'NONE', #485, #246 ) ;
#4494 =( GEOMETRIC_REPRESENTATION_CONTEXT ( 3 ) GLOBAL_UNCERTAINTY_ASSIGNED_CONTEXT ( ( #2408 ) ) GLOBAL_UNIT_ASSIGNED_CONTEXT ( ( #4787, #2731, #4380 ) ) REPRESENTATION_CONTEXT ( 'NONE', 'WORKASPACE' ) );
#4495 = AXIS2_PLACEMENT_3D ( 'NONE', #1937, #3559, #276 ) ;
#4496 = EDGE_CURVE ( 'NONE', #2104, #4296, #1427, .T. ) ;
#4497 = CARTESIAN_POINT ( 'NONE',  ( -1.499999999999999556, 0.7414999999999947189, -0.3900000000000000688 ) ) ;
#4498 = VERTEX_POINT ( 'NONE', #4691 ) ;
#4499 = VECTOR ( 'NONE', #3846, 1000.000000000000000 ) ;
#4500 = VERTEX_POINT ( 'NONE', #1030 ) ;
#4501 = ORIENTED_EDGE ( 'NONE', *, *, #1864, .T. ) ;
#4502 = CIRCLE ( 'NONE', #1083, 0.08500000000000000611 ) ;
#4503 = FACE_OUTER_BOUND ( 'NONE', #2203, .T. ) ;
#4504 = VECTOR ( 'NONE', #5225, 1000.000000000000000 ) ;
#4505 = CARTESIAN_POINT ( 'NONE',  ( -1.499999999999999556, 0.7414999999999947189, 1.109999999999999876 ) ) ;
#4506 = LINE ( 'NONE', #2440, #4350 ) ;
#4507 = ORIENTED_EDGE ( 'NONE', *, *, #2313, .F. ) ;
#4508 = VECTOR ( 'NONE', #640, 1000.000000000000000 ) ;
#4509 = CARTESIAN_POINT ( 'NONE',  ( 2.218792541221743519, 0.3175103152147410457, 1.109999999999999876 ) ) ;
#4510 = ORIENTED_EDGE ( 'NONE', *, *, #3743, .F. ) ;
#4511 = ADVANCED_FACE ( 'NONE', ( #3462 ), #2635, .F. ) ;
#4512 = VECTOR ( 'NONE', #1433, 1000.000000000000000 ) ;
#4513 = DIRECTION ( 'NONE',  ( 0.000000000000000000, -0.9781476007338061329, 0.2079116908177569001 ) ) ;
#4514 = DIRECTION ( 'NONE',  ( 0.000000000000000000, 0.000000000000000000, 1.000000000000000000 ) ) ;
#4515 = ORIENTED_EDGE ( 'NONE', *, *, #1060, .F. ) ;
#4516 = VECTOR ( 'NONE', #3586, 1000.000000000000114 ) ;
#4517 = CARTESIAN_POINT ( 'NONE',  ( -2.202805594720656845, 0.01246120380807877286, 0.1099999999999999589 ) ) ;
#4518 = ORIENTED_EDGE ( 'NONE', *, *, #2215, .F. ) ;
#4519 = AXIS2_PLACEMENT_3D ( 'NONE', #3119, #4772, #3089 ) ;
#4520 = ORIENTED_EDGE ( 'NONE', *, *, #2902, .T. ) ;
#4521 = CARTESIAN_POINT ( 'NONE',  ( 1.920000000000000373, 0.2539999999999984492, 1.109999999999999876 ) ) ;
#4522 = EDGE_CURVE ( 'NONE', #3832, #1840, #4816, .T. ) ;
#4523 = ADVANCED_FACE ( 'NONE', ( #4503 ), #790, .F. ) ;
#4524 = PLANE ( 'NONE',  #5008 ) ;
#4525 = CARTESIAN_POINT ( 'NONE',  ( 1.499999999999999556, 0.7414999999999947189, 0.3899999999999999578 ) ) ;
#4526 = EDGE_LOOP ( 'NONE', ( #3327, #4491 ) ) ;
#4527 = ORIENTED_EDGE ( 'NONE', *, *, #4121, .F. ) ;
#4528 = EDGE_LOOP ( 'NONE', ( #1218, #1705, #634, #5186 ) ) ;
#4529 = ADVANCED_FACE ( 'NONE', ( #1550 ), #8, .F. ) ;
#4530 = ADVANCED_FACE ( 'NONE', ( #4417 ), #2741, .T. ) ;
#4531 = VECTOR ( 'NONE', #3515, 1000.000000000000000 ) ;
#4532 = STYLED_ITEM ( 'NONE', ( #1790 ), #4351 ) ;
#4533 = DIRECTION ( 'NONE',  ( -0.000000000000000000, 0.000000000000000000, -1.000000000000000000 ) ) ;
#4534 = CARTESIAN_POINT ( 'NONE',  ( 1.753037081243900230, 0.7414999999999948299, 0.3899999999999999578 ) ) ;
#4535 = ORIENTED_EDGE ( 'NONE', *, *, #4936, .F. ) ;
#4536 = CARTESIAN_POINT ( 'NONE',  ( 1.499999999999999556, 0.5615000000000029967, -0.1100000000000000699 ) ) ;
#4537 = DIRECTION ( 'NONE',  ( -0.000000000000000000, -0.000000000000000000, -1.000000000000000000 ) ) ;
#4538 = DIRECTION ( 'NONE',  ( 0.000000000000000000, 0.000000000000000000, 1.000000000000000000 ) ) ;
#4539 = ORIENTED_EDGE ( 'NONE', *, *, #5051, .F. ) ;
#4540 = CARTESIAN_POINT ( 'NONE',  ( 2.212226066844385386, 0.1922145200638937790, -0.8900000000000000133 ) ) ;
#4541 = FACE_OUTER_BOUND ( 'NONE', #3265, .T. ) ;
#4542 = ORIENTED_EDGE ( 'NONE', *, *, #1287, .F. ) ;
#4543 = LINE ( 'NONE', #1273, #959 ) ;
#4544 = EDGE_CURVE ( 'NONE', #4111, #464, #2846, .T. ) ;
#4545 = VECTOR ( 'NONE', #1586, 1000.000000000000000 ) ;
#4546 = DIRECTION ( 'NONE',  ( 0.000000000000000000, 0.000000000000000000, 1.000000000000000000 ) ) ;
#4547 = EDGE_LOOP ( 'NONE', ( #4619, #3781, #4067, #812, #4755, #570, #1120, #2218, #5232, #3696, #1740, #54 ) ) ;
#4548 = CARTESIAN_POINT ( 'NONE',  ( 2.440579527876271637, -7.231105290834467174E-20, 1.109999999999999876 ) ) ;
#4549 = CARTESIAN_POINT ( 'NONE',  ( 2.212226066844385386, 0.1922145200638937790, 0.1099999999999999589 ) ) ;
#4550 = CARTESIAN_POINT ( 'NONE',  ( 2.202805594720656845, 0.01246120380807877286, -0.3900000000000000688 ) ) ;
#4551 = ORIENTED_EDGE ( 'NONE', *, *, #2939, .T. ) ;
#4552 = ORIENTED_EDGE ( 'NONE', *, *, #3375, .T. ) ;
#4553 = VERTEX_POINT ( 'NONE', #3653 ) ;
#4554 = CARTESIAN_POINT ( 'NONE',  ( 2.202805594720656845, 0.01246120380807877286, -1.110000000000000098 ) ) ;
#4555 = EDGE_CURVE ( 'NONE', #4262, #2458, #4897, .T. ) ;
#4556 = CARTESIAN_POINT ( 'NONE',  ( 2.450000000000000178, 0.1797533162558151154, 0.1099999999999999589 ) ) ;
#4557 = EDGE_CURVE ( 'NONE', #4296, #3594, #34, .T. ) ;
#4558 = ORIENTED_EDGE ( 'NONE', *, *, #3513, .F. ) ;
#4559 = DIRECTION ( 'NONE',  ( 0.000000000000000000, 0.000000000000000000, 1.000000000000000000 ) ) ;
#4560 = FACE_OUTER_BOUND ( 'NONE', #1726, .T. ) ;
#4561 = CARTESIAN_POINT ( 'NONE',  ( -1.499999999999999556, 0.5615000000000029967, 0.8899999999999999023 ) ) ;
#4562 = ORIENTED_EDGE ( 'NONE', *, *, #64, .T. ) ;
#4563 = CARTESIAN_POINT ( 'NONE',  ( 2.096066568132076924, 0.2914241043471944015, -0.6100000000000000977 ) ) ;
#4564 = EDGE_CURVE ( 'NONE', #263, #2269, #2441, .T. ) ;
#4565 = ORIENTED_EDGE ( 'NONE', *, *, #4914, .F. ) ;
#4566 = DIRECTION ( 'NONE',  ( 0.000000000000000000, 0.000000000000000000, 1.000000000000000000 ) ) ;
#4567 = ORIENTED_EDGE ( 'NONE', *, *, #2165, .T. ) ;
#4568 = ORIENTED_EDGE ( 'NONE', *, *, #1005, .T. ) ;
#4569 = CARTESIAN_POINT ( 'NONE',  ( -1.753037081243900230, 0.4360322556661242466, -0.8900000000000000133 ) ) ;
#4570 = CARTESIAN_POINT ( 'NONE',  ( -2.212226066844385386, 0.1922145200638938900, 0.6099999999999999867 ) ) ;
#4571 = EDGE_CURVE ( 'NONE', #2339, #3722, #2332, .T. ) ;
#4572 = DIRECTION ( 'NONE',  ( -0.000000000000000000, -0.000000000000000000, -1.000000000000000000 ) ) ;
#4573 = ORIENTED_EDGE ( 'NONE', *, *, #110, .F. ) ;
#4574 = VERTEX_POINT ( 'NONE', #3629 ) ;
#4575 = ORIENTED_EDGE ( 'NONE', *, *, #4020, .T. ) ;
#4576 = VECTOR ( 'NONE', #2206, 1000.000000000000000 ) ;
#4577 = AXIS2_PLACEMENT_3D ( 'NONE', #2490, #4533, #4929 ) ;
#4578 = LINE ( 'NONE', #37, #228 ) ;
#4579 = LINE ( 'NONE', #922, #5093 ) ;
#4580 = CIRCLE ( 'NONE', #4236, 0.1254677443338790277 ) ;
#4581 = VERTEX_POINT ( 'NONE', #1975 ) ;
#4582 = CARTESIAN_POINT ( 'NONE',  ( -2.450000000000000178, 0.1797533162558151154, 0.3899999999999999578 ) ) ;
#4583 = CARTESIAN_POINT ( 'NONE',  ( -2.202805594720656845, 0.01246120380807877286, -1.110000000000000098 ) ) ;
#4584 = LINE ( 'NONE', #2186, #5116 ) ;
#4585 = ORIENTED_EDGE ( 'NONE', *, *, #68, .T. ) ;
#4586 = AXIS2_PLACEMENT_3D ( 'NONE', #4919, #1253, #536 ) ;
#4587 = ADVANCED_FACE ( 'NONE', ( #392 ), #3596, .F. ) ;
#4588 = CIRCLE ( 'NONE', #1426, 0.1254677443338788057 ) ;
#4589 = DIRECTION ( 'NONE',  ( 0.000000000000000000, 0.000000000000000000, 1.000000000000000000 ) ) ;
#4590 = VERTEX_POINT ( 'NONE', #1182 ) ;
#4591 = ADVANCED_FACE ( 'NONE', ( #2798 ), #1599, .T. ) ;
#4592 = ORIENTED_EDGE ( 'NONE', *, *, #997, .T. ) ;
#4593 = VECTOR ( 'NONE', #830, 1000.000000000000000 ) ;
#4594 = CARTESIAN_POINT ( 'NONE',  ( -2.096066568132076924, 0.2914241043471944015, 0.6099999999999999867 ) ) ;
#4595 = VERTEX_POINT ( 'NONE', #3227 ) ;
#4596 = LINE ( 'NONE', #3669, #1421 ) ;
#4597 = AXIS2_PLACEMENT_3D ( 'NONE', #2662, #4776, #767 ) ;
#4598 = ORIENTED_EDGE ( 'NONE', *, *, #3318, .T. ) ;
#4599 = FACE_OUTER_BOUND ( 'NONE', #3149, .T. ) ;
#4600 = ORIENTED_EDGE ( 'NONE', *, *, #716, .F. ) ;
#4601 = VECTOR ( 'NONE', #1661, 1000.000000000000000 ) ;
#4602 = DIRECTION ( 'NONE',  ( -0.000000000000000000, -0.000000000000000000, -1.000000000000000000 ) ) ;
#4603 = CARTESIAN_POINT ( 'NONE',  ( 2.051829622465644043, 0.4995425708808653442, -0.1100000000000000699 ) ) ;
#4604 = ORIENTED_EDGE ( 'NONE', *, *, #3358, .F. ) ;
#4605 = ORIENTED_EDGE ( 'NONE', *, *, #2805, .F. ) ;
#4606 = LINE ( 'NONE', #895, #2681 ) ;
#4607 = DIRECTION ( 'NONE',  ( 0.000000000000000000, 0.000000000000000000, 1.000000000000000000 ) ) ;
#4608 = DIRECTION ( 'NONE',  ( 0.05233595624293888027, -0.9986295347545741663, 0.000000000000000000 ) ) ;
#4609 = CARTESIAN_POINT ( 'NONE',  ( 2.051829622465644043, 0.4995425708808653442, -0.3900000000000000688 ) ) ;
#4610 = CARTESIAN_POINT ( 'NONE',  ( 2.450000000000000178, 0.1797533162558151154, -0.6100000000000000977 ) ) ;
#4611 = ORIENTED_EDGE ( 'NONE', *, *, #353, .F. ) ;
#4612 = ADVANCED_FACE ( 'NONE', ( #813 ), #4867, .F. ) ;
#4613 = EDGE_CURVE ( 'NONE', #4668, #1001, #1519, .T. ) ;
#4614 = LINE ( 'NONE', #638, #1503 ) ;
#4615 = ORIENTED_EDGE ( 'NONE', *, *, #3418, .F. ) ;
#4616 = LINE ( 'NONE', #2243, #5016 ) ;
#4617 = CARTESIAN_POINT ( 'NONE',  ( 2.450000000000000178, 0.1797533162558151154, -0.1100000000000000699 ) ) ;
#4618 = DIRECTION ( 'NONE',  ( -0.000000000000000000, -0.000000000000000000, -1.000000000000000000 ) ) ;
#4619 = ORIENTED_EDGE ( 'NONE', *, *, #4557, .F. ) ;
#4620 = EDGE_CURVE ( 'NONE', #1623, #679, #278, .T. ) ;
#4621 = DIRECTION ( 'NONE',  ( -0.000000000000000000, -0.000000000000000000, -1.000000000000000000 ) ) ;
#4622 = EDGE_LOOP ( 'NONE', ( #5104, #4600, #2794, #853 ) ) ;
#4623 = ORIENTED_EDGE ( 'NONE', *, *, #188, .F. ) ;
#4624 = VECTOR ( 'NONE', #3715, 1000.000000000000114 ) ;
#4625 = CARTESIAN_POINT ( 'NONE',  ( 2.212226066844385386, 0.1922145200638938900, -0.6100000000000000977 ) ) ;
#4626 = DIRECTION ( 'NONE',  ( 1.000000000000000000, -0.000000000000000000, 0.000000000000000000 ) ) ;
#4627 = VERTEX_POINT ( 'NONE', #3500 ) ;
#4628 = CARTESIAN_POINT ( 'NONE',  ( -1.499999999999999556, 0.7414999999999947189, -0.8900000000000000133 ) ) ;
#4629 = CARTESIAN_POINT ( 'NONE',  ( -2.450000000000000178, 0.1797533162558151154, 0.6099999999999999867 ) ) ;
#4630 = CARTESIAN_POINT ( 'NONE',  ( -1.753037081243900230, 0.5615000000000029967, 0.6099999999999999867 ) ) ;
#4631 = LINE ( 'NONE', #956, #1843 ) ;
#4632 = ADVANCED_FACE ( 'NONE', ( #1542 ), #2796, .T. ) ;
#4633 = CARTESIAN_POINT ( 'NONE',  ( 1.753037081243900230, 0.4360322556661242466, -1.110000000000000098 ) ) ;
#4634 = CARTESIAN_POINT ( 'NONE',  ( 1.499999999999999556, 0.7414999999999947189, 0.1099999999999999589 ) ) ;
#4635 = VECTOR ( 'NONE', #3962, 1000.000000000000000 ) ;
#4636 = CARTESIAN_POINT ( 'NONE',  ( -1.920000000000000373, 0.2539999999999998925, 0.3899999999999999578 ) ) ;
#4637 = ORIENTED_EDGE ( 'NONE', *, *, #4095, .F. ) ;
#4638 = AXIS2_PLACEMENT_3D ( 'NONE', #4173, #4221, #2954 ) ;
#4639 = FACE_OUTER_BOUND ( 'NONE', #50, .T. ) ;
#4640 = DIRECTION ( 'NONE',  ( -1.000000000000000000, -4.284756080633293834E-16, -0.000000000000000000 ) ) ;
#4641 = ORIENTED_EDGE ( 'NONE', *, *, #5235, .F. ) ;
#4642 = LINE ( 'NONE', #4268, #2333 ) ;
#4643 = EDGE_CURVE ( 'NONE', #475, #2434, #5162, .T. ) ;
#4644 = ADVANCED_FACE ( 'NONE', ( #3884 ), #1126, .F. ) ;
#4645 = CYLINDRICAL_SURFACE ( 'NONE', #1023, 0.1254677443338790277 ) ;
#4646 = ORIENTED_EDGE ( 'NONE', *, *, #2541, .T. ) ;
#4647 = DIRECTION ( 'NONE',  ( 0.000000000000000000, 0.000000000000000000, 1.000000000000000000 ) ) ;
#4648 = ORIENTED_EDGE ( 'NONE', *, *, #3548, .T. ) ;
#4649 = ORIENTED_EDGE ( 'NONE', *, *, #4809, .T. ) ;
#4650 = DIRECTION ( 'NONE',  ( 1.000000000000000000, 0.000000000000000000, 0.000000000000000000 ) ) ;
#4651 = EDGE_CURVE ( 'NONE', #1390, #2966, #1859, .T. ) ;
#4652 = CARTESIAN_POINT ( 'NONE',  ( -1.875763054333566382, 0.4621184665336710018, -1.110000000000000098 ) ) ;
#4653 = COLOUR_RGB ( '',0.7921568627450980005, 0.8196078431372548767, 0.9333333333333333481 ) ;
#4654 = CARTESIAN_POINT ( 'NONE',  ( -1.753037081243900230, 0.4360322556661242466, 1.109999999999999876 ) ) ;
#4655 = ORIENTED_EDGE ( 'NONE', *, *, #3028, .T. ) ;
#4656 = CARTESIAN_POINT ( 'NONE',  ( -1.499999999999999556, 0.5615000000000029967, 0.6099999999999999867 ) ) ;
#4657 = DIRECTION ( 'NONE',  ( -0.000000000000000000, -0.000000000000000000, -1.000000000000000000 ) ) ;
#4658 = DIRECTION ( 'NONE',  ( 0.000000000000000000, -0.000000000000000000, 1.000000000000000000 ) ) ;
#4659 = DIRECTION ( 'NONE',  ( -1.000000000000000000, 0.000000000000000000, 0.000000000000000000 ) ) ;
#4660 = VECTOR ( 'NONE', #1013, 1000.000000000000114 ) ;
#4661 = VECTOR ( 'NONE', #1602, 1000.000000000000227 ) ;
#4662 = AXIS2_PLACEMENT_3D ( 'NONE', #1568, #3163, #3973 ) ;
#4663 = DIRECTION ( 'NONE',  ( 1.000000000000000000, 0.000000000000000000, 0.000000000000000000 ) ) ;
#4664 = DIRECTION ( 'NONE',  ( -0.000000000000000000, -0.000000000000000000, -1.000000000000000000 ) ) ;
#4665 = PRODUCT_DEFINITION_SHAPE ( 'NONE', 'NONE',  #4169 ) ;
#4666 = VECTOR ( 'NONE', #3563, 1000.000000000000000 ) ;
#4667 = ADVANCED_FACE ( 'NONE', ( #3560 ), #3453, .T. ) ;
#4668 = VERTEX_POINT ( 'NONE', #4762 ) ;
#4669 = AXIS2_PLACEMENT_3D ( 'NONE', #1811, #4335, #3894 ) ;
#4670 = CARTESIAN_POINT ( 'NONE',  ( 1.423798472641297774, 0.2030000000000000138, 1.414999999999999813 ) ) ;
#4671 = ORIENTED_EDGE ( 'NONE', *, *, #2970, .F. ) ;
#4672 = LINE ( 'NONE', #4266, #4059 ) ;
#4673 = EDGE_CURVE ( 'NONE', #3062, #3345, #3478, .T. ) ;
#4674 = ORIENTED_EDGE ( 'NONE', *, *, #4984, .F. ) ;
#4675 = DIRECTION ( 'NONE',  ( -1.000000000000000000, 0.000000000000000000, 0.000000000000000000 ) ) ;
#4676 = DIRECTION ( 'NONE',  ( 0.000000000000000000, 1.000000000000000000, 0.000000000000000000 ) ) ;
#4677 = AXIS2_PLACEMENT_3D ( 'NONE', #3471, #273, #3014 ) ;
#4678 = CARTESIAN_POINT ( 'NONE',  ( -1.414999999999999591, -4.242640687119283882, -1.415000000000000258 ) ) ;
#4679 = DIRECTION ( 'NONE',  ( -0.000000000000000000, -0.000000000000000000, -1.000000000000000000 ) ) ;
#4680 = ADVANCED_FACE ( 'NONE', ( #4293 ), #5139, .F. ) ;
#4681 = ORIENTED_EDGE ( 'NONE', *, *, #3127, .T. ) ;
#4682 = EDGE_CURVE ( 'NONE', #292, #3444, #330, .T. ) ;
#4683 = AXIS2_PLACEMENT_3D ( 'NONE', #3184, #1174, #332 ) ;
#4684 = CARTESIAN_POINT ( 'NONE',  ( -2.450000000000000178, 0.1797533162558151154, -0.3900000000000000688 ) ) ;
#4685 = VECTOR ( 'NONE', #1605, 1000.000000000000114 ) ;
#4686 = DIRECTION ( 'NONE',  ( -0.9986295347545741663, -0.05233595624293842924, 0.000000000000000000 ) ) ;
#4687 = ORIENTED_EDGE ( 'NONE', *, *, #1027, .T. ) ;
#4688 = ADVANCED_FACE ( 'NONE', ( #3078 ), #299, .F. ) ;
#4689 = DIRECTION ( 'NONE',  ( -0.000000000000000000, -0.000000000000000000, -1.000000000000000000 ) ) ;
#4690 = ADVANCED_FACE ( 'NONE', ( #2730 ), #1908, .F. ) ;
#4691 = CARTESIAN_POINT ( 'NONE',  ( 2.450000000000000178, 0.1797533162558151154, 1.109999999999999876 ) ) ;
#4692 = AXIS2_PLACEMENT_3D ( 'NONE', #4255, #1319, #2929 ) ;
#4693 = AXIS2_PLACEMENT_3D ( 'NONE', #1135, #215, #1844 ) ;
#4694 = CARTESIAN_POINT ( 'NONE',  ( 1.920000000000000373, 0.2539999999999984492, 0.6099999999999999867 ) ) ;
#4695 = DIRECTION ( 'NONE',  ( 0.9986295347545741663, 0.05233595624293842924, 0.000000000000000000 ) ) ;
#4696 = AXIS2_PLACEMENT_3D ( 'NONE', #2274, #2856, #43 ) ;
#4697 = PLANE ( 'NONE',  #1850 ) ;
#4698 = ORIENTED_EDGE ( 'NONE', *, *, #2874, .F. ) ;
#4699 = CARTESIAN_POINT ( 'NONE',  ( 2.051829622465644043, 0.4995425708808653442, -0.8900000000000000133 ) ) ;
#4700 = CIRCLE ( 'NONE', #1117, 0.3054677443338708054 ) ;
#4701 = ORIENTED_EDGE ( 'NONE', *, *, #2062, .F. ) ;
#4702 = DIRECTION ( 'NONE',  ( -0.000000000000000000, -0.000000000000000000, -1.000000000000000000 ) ) ;
#4703 = ORIENTED_EDGE ( 'NONE', *, *, #1510, .F. ) ;
#4704 = LINE ( 'NONE', #3422, #1007 ) ;
#4705 = DIRECTION ( 'NONE',  ( -0.05233595624293888721, -0.9986295347545741663, 0.000000000000000000 ) ) ;
#4706 = ADVANCED_FACE ( 'NONE', ( #2322 ), #5192, .F. ) ;
#4707 = CARTESIAN_POINT ( 'NONE',  ( 2.450000000000000178, 0.1797533162558151154, -0.1100000000000000699 ) ) ;
#4708 = LINE ( 'NONE', #2249, #906 ) ;
#4709 = DIRECTION ( 'NONE',  ( -0.2079116908177527367, -0.9781476007338070211, 0.000000000000000000 ) ) ;
#4710 = ORIENTED_EDGE ( 'NONE', *, *, #132, .T. ) ;
#4711 = CARTESIAN_POINT ( 'NONE',  ( 1.875763054333566382, 0.4621184665336710018, 0.8899999999999999023 ) ) ;
#4712 = CARTESIAN_POINT ( 'NONE',  ( -2.218792541221743519, 0.3175103152147410457, 0.6099999999999999867 ) ) ;
#4713 = ORIENTED_EDGE ( 'NONE', *, *, #1928, .T. ) ;
#4714 = VERTEX_POINT ( 'NONE', #2754 ) ;
#4715 = LINE ( 'NONE', #3604, #4478 ) ;
#4716 = LINE ( 'NONE', #3838, #2630 ) ;
#4717 = ADVANCED_FACE ( 'NONE', ( #2222 ), #674, .F. ) ;
#4718 = ADVANCED_FACE ( 'NONE', ( #3851 ), #1044, .F. ) ;
#4719 = DIRECTION ( 'NONE',  ( 0.000000000000000000, 1.000000000000000000, 0.000000000000000000 ) ) ;
#4720 = CARTESIAN_POINT ( 'NONE',  ( 2.450000000000000178, 0.1797533162558151154, 0.6099999999999999867 ) ) ;
#4721 = UNCERTAINTY_MEASURE_WITH_UNIT (LENGTH_MEASURE( 1.000000000000000082E-05 ), #2086, 'distance_accuracy_value', 'NONE');
#4722 = CARTESIAN_POINT ( 'NONE',  ( 2.450000000000000178, 0.1797533162558151154, 1.109999999999999876 ) ) ;
#4723 = ORIENTED_EDGE ( 'NONE', *, *, #35, .T. ) ;
#4724 = EDGE_CURVE ( 'NONE', #1200, #3179, #1985, .T. ) ;
#4725 = DIRECTION ( 'NONE',  ( -1.000000000000000000, 0.000000000000000000, 0.000000000000000000 ) ) ;
#4726 = DIRECTION ( 'NONE',  ( 0.000000000000000000, 0.000000000000000000, 1.000000000000000000 ) ) ;
#4727 = EDGE_LOOP ( 'NONE', ( #4520, #519, #3351, #2911 ) ) ;
#4728 = DIRECTION ( 'NONE',  ( -0.000000000000000000, -0.000000000000000000, -1.000000000000000000 ) ) ;
#4729 = LINE ( 'NONE', #4289, #82 ) ;
#4730 = CARTESIAN_POINT ( 'NONE',  ( 1.753037081243900230, 0.5615000000000029967, 0.1099999999999999589 ) ) ;
#4731 = AXIS2_PLACEMENT_3D ( 'NONE', #350, #798, #1636 ) ;
#4732 = CARTESIAN_POINT ( 'NONE',  ( -1.499999999999999556, 0.7414999999999947189, -1.415000000000000258 ) ) ;
#4733 = DIRECTION ( 'NONE',  ( -1.000000000000000000, 0.000000000000000000, 0.000000000000000000 ) ) ;
#4734 = LINE ( 'NONE', #3401, #4132 ) ;
#4735 = DIRECTION ( 'NONE',  ( 0.000000000000000000, -0.000000000000000000, 1.000000000000000000 ) ) ;
#4736 = ORIENTED_EDGE ( 'NONE', *, *, #2053, .T. ) ;
#4737 = CARTESIAN_POINT ( 'NONE',  ( -1.499999999999999556, 0.7414999999999947189, 0.8899999999999999023 ) ) ;
#4738 = ORIENTED_EDGE ( 'NONE', *, *, #3952, .T. ) ;
#4739 = VERTEX_POINT ( 'NONE', #851 ) ;
#4740 = CARTESIAN_POINT ( 'NONE',  ( -1.753037081243900230, 0.5615000000000029967, 0.8899999999999999023 ) ) ;
#4741 = VECTOR ( 'NONE', #656, 1000.000000000000114 ) ;
#4742 = FACE_OUTER_BOUND ( 'NONE', #3805, .T. ) ;
#4743 = VECTOR ( 'NONE', #2545, 1000.000000000000000 ) ;
#4744 = PLANE ( 'NONE',  #394 ) ;
#4745 = DIRECTION ( 'NONE',  ( 0.9986295347545741663, -0.05233595624293842924, -0.000000000000000000 ) ) ;
#4746 = FACE_OUTER_BOUND ( 'NONE', #388, .T. ) ;
#4747 = EDGE_LOOP ( 'NONE', ( #4780, #5255, #4871, #777 ) ) ;
#4748 = ADVANCED_FACE ( 'NONE', ( #3152 ), #3991, .F. ) ;
#4749 = EDGE_CURVE ( 'NONE', #1918, #893, #2585, .T. ) ;
#4750 = AXIS2_PLACEMENT_3D ( 'NONE', #1392, #5038, #867 ) ;
#4751 = VECTOR ( 'NONE', #3959, 1000.000000000000000 ) ;
#4752 = DIRECTION ( 'NONE',  ( -0.2079116908177556233, -0.9781476007338063550, 0.000000000000000000 ) ) ;
#4753 = VECTOR ( 'NONE', #3939, 1000.000000000000000 ) ;
#4754 = CARTESIAN_POINT ( 'NONE',  ( -1.414999999999999591, 0.7414999999999947189, 1.499999999999999778 ) ) ;
#4755 = ORIENTED_EDGE ( 'NONE', *, *, #2372, .F. ) ;
#4756 = CARTESIAN_POINT ( 'NONE',  ( -2.212226066844385386, 0.1922145200638937790, -0.3900000000000000688 ) ) ;
#4757 = EDGE_CURVE ( 'NONE', #516, #3391, #3341, .T. ) ;
#4758 = CARTESIAN_POINT ( 'NONE',  ( 2.450000000000000178, 0.1797533162558151154, -0.8900000000000000133 ) ) ;
#4759 = AXIS2_PLACEMENT_3D ( 'NONE', #362, #3972, #2401 ) ;
#4760 = CARTESIAN_POINT ( 'NONE',  ( 2.218792541221743519, 0.3175103152147410457, 1.109999999999999876 ) ) ;
#4761 = VECTOR ( 'NONE', #2481, 1000.000000000000114 ) ;
#4762 = CARTESIAN_POINT ( 'NONE',  ( -2.051829622465644043, 0.4995425708808653442, -1.110000000000000098 ) ) ;
#4763 = DIRECTION ( 'NONE',  ( -1.000000000000000000, 0.000000000000000000, 0.000000000000000000 ) ) ;
#4764 = FACE_OUTER_BOUND ( 'NONE', #1159, .T. ) ;
#4765 = ORIENTED_EDGE ( 'NONE', *, *, #596, .T. ) ;
#4766 = CARTESIAN_POINT ( 'NONE',  ( -2.218792541221743519, 0.3175103152147410457, -0.1100000000000000699 ) ) ;
#4767 =( NAMED_UNIT ( * ) PLANE_ANGLE_UNIT ( ) SI_UNIT ( $, .RADIAN. ) );
#4768 = ORIENTED_EDGE ( 'NONE', *, *, #4837, .T. ) ;
#4769 = EDGE_LOOP ( 'NONE', ( #2680, #186, #2765, #665 ) ) ;
#4770 = FILL_AREA_STYLE ('',( #239 ) ) ;
#4771 = VECTOR ( 'NONE', #1816, 1000.000000000000114 ) ;
#4772 = DIRECTION ( 'NONE',  ( 4.284756080633293341E-16, -1.000000000000000000, 0.000000000000000000 ) ) ;
#4773 = EDGE_CURVE ( 'NONE', #2057, #1665, #3791, .T. ) ;
#4774 = CARTESIAN_POINT ( 'NONE',  ( 1.499999999999999556, 0.7414999999999947189, 0.1099999999999999589 ) ) ;
#4775 = CARTESIAN_POINT ( 'NONE',  ( 1.499999999999999556, 0.7414999999999947189, 0.8899999999999999023 ) ) ;
#4776 = DIRECTION ( 'NONE',  ( 0.000000000000000000, 1.000000000000000000, 0.000000000000000000 ) ) ;
#4777 = VERTEX_POINT ( 'NONE', #3543 ) ;
#4778 = DIRECTION ( 'NONE',  ( -0.000000000000000000, -0.000000000000000000, -1.000000000000000000 ) ) ;
#4779 = DIRECTION ( 'NONE',  ( 0.2079116908177527367, -0.9781476007338070211, 0.000000000000000000 ) ) ;
#4780 = ORIENTED_EDGE ( 'NONE', *, *, #4074, .F. ) ;
#4781 = CARTESIAN_POINT ( 'NONE',  ( 1.423798472641297552, 1.100000000000000089, -1.415000000000000258 ) ) ;
#4782 = LINE ( 'NONE', #3155, #2826 ) ;
#4783 = AXIS2_PLACEMENT_3D ( 'NONE', #2290, #3923, #2234 ) ;
#4784 = ADVANCED_FACE ( 'NONE', ( #5207 ), #4395, .T. ) ;
#4785 = EDGE_CURVE ( 'NONE', #4070, #1889, #3519, .T. ) ;
#4786 = CARTESIAN_POINT ( 'NONE',  ( -1.753037081243900230, 0.4360322556661242466, 0.8899999999999999023 ) ) ;
#4787 =( LENGTH_UNIT ( ) NAMED_UNIT ( * ) SI_UNIT ( .MILLI., .METRE. ) );
#4788 = CARTESIAN_POINT ( 'NONE',  ( -1.499999999999999556, -4.242640687119283882, 1.414999999999999813 ) ) ;
#4789 = VERTEX_POINT ( 'NONE', #1934 ) ;
#4790 = EDGE_CURVE ( 'NONE', #1417, #5098, #2344, .T. ) ;
#4791 = DIRECTION ( 'NONE',  ( -0.000000000000000000, -1.000000000000000000, -0.000000000000000000 ) ) ;
#4792 = ORIENTED_EDGE ( 'NONE', *, *, #820, .T. ) ;
#4793 = ORIENTED_EDGE ( 'NONE', *, *, #580, .T. ) ;
#4794 = PLANE ( 'NONE',  #5035 ) ;
#4795 = DIRECTION ( 'NONE',  ( 0.9986295347545741663, 0.05233595624293842924, 0.000000000000000000 ) ) ;
#4796 = DIRECTION ( 'NONE',  ( -1.000000000000000000, 0.000000000000000000, 0.000000000000000000 ) ) ;
#4797 = CYLINDRICAL_SURFACE ( 'NONE', #1764, 0.3054677443338703613 ) ;
#4798 = ORIENTED_EDGE ( 'NONE', *, *, #1727, .F. ) ;
#4799 = EDGE_CURVE ( 'NONE', #807, #542, #5188, .T. ) ;
#4800 = DIRECTION ( 'NONE',  ( -0.9986295347545742773, -0.05233595624293843618, 0.000000000000000000 ) ) ;
#4801 = CARTESIAN_POINT ( 'NONE',  ( 1.499999999999999556, 0.5615000000000029967, 0.8899999999999999023 ) ) ;
#4802 = VERTEX_POINT ( 'NONE', #2271 ) ;
#4803 = DIRECTION ( 'NONE',  ( -0.000000000000000000, -0.000000000000000000, -1.000000000000000000 ) ) ;
#4804 = CARTESIAN_POINT ( 'NONE',  ( -1.753037081243900230, 0.5615000000000029967, -0.1100000000000000699 ) ) ;
#4805 = CARTESIAN_POINT ( 'NONE',  ( -1.920000000000000373, 0.2540000000000000036, -0.1100000000000000699 ) ) ;
#4806 = PLANE ( 'NONE',  #94 ) ;
#4807 = ORIENTED_EDGE ( 'NONE', *, *, #4337, .T. ) ;
#4808 = EDGE_CURVE ( 'NONE', #429, #4125, #1722, .T. ) ;
#4809 = EDGE_CURVE ( 'NONE', #4166, #4030, #1305, .T. ) ;
#4810 = CARTESIAN_POINT ( 'NONE',  ( -1.753037081243900230, 0.5615000000000029967, 0.1099999999999999589 ) ) ;
#4811 = ORIENTED_EDGE ( 'NONE', *, *, #13, .T. ) ;
#4812 = CIRCLE ( 'NONE', #1229, 0.3054677443338708054 ) ;
#4813 = ORIENTED_EDGE ( 'NONE', *, *, #2384, .T. ) ;
#4814 = ORIENTED_EDGE ( 'NONE', *, *, #1060, .T. ) ;
#4815 = EDGE_CURVE ( 'NONE', #3143, #3917, #3076, .T. ) ;
#4816 = LINE ( 'NONE', #4840, #772 ) ;
#4817 = LINE ( 'NONE', #3631, #1582 ) ;
#4818 = AXIS2_PLACEMENT_3D ( 'NONE', #1237, #921, #4065 ) ;
#4819 = LINE ( 'NONE', #11, #4661 ) ;
#4820 = ORIENTED_EDGE ( 'NONE', *, *, #4564, .T. ) ;
#4821 = CARTESIAN_POINT ( 'NONE',  ( 1.415000000000000702, 0.2030000000000000138, 1.414999999999999813 ) ) ;
#4822 = ORIENTED_EDGE ( 'NONE', *, *, #3358, .T. ) ;
#4823 = AXIS2_PLACEMENT_3D ( 'NONE', #3131, #1121, #2727 ) ;
#4824 = DIRECTION ( 'NONE',  ( 1.000000000000000000, 0.000000000000000000, 0.000000000000000000 ) ) ;
#4825 = EDGE_LOOP ( 'NONE', ( #2629, #1637, #2894, #3769 ) ) ;
#4826 = DIRECTION ( 'NONE',  ( 0.05233595624293888027, -0.9986295347545741663, 0.000000000000000000 ) ) ;
#4827 = AXIS2_PLACEMENT_3D ( 'NONE', #4400, #449, #4779 ) ;
#4828 = CARTESIAN_POINT ( 'NONE',  ( -1.499999999999999556, 0.5615000000000029967, 0.1099999999999999589 ) ) ;
#4829 = CARTESIAN_POINT ( 'NONE',  ( 1.753037081243900230, 0.4360322556661242466, -0.3900000000000000688 ) ) ;
#4830 = CARTESIAN_POINT ( 'NONE',  ( -2.051829622465644043, 0.4995425708808653442, 1.109999999999999876 ) ) ;
#4831 = ORIENTED_EDGE ( 'NONE', *, *, #4283, .F. ) ;
#4832 = AXIS2_PLACEMENT_3D ( 'NONE', #1227, #3294, #4159 ) ;
#4833 = CARTESIAN_POINT ( 'NONE',  ( 2.440579527876271637, -7.231105290834467174E-20, -0.3900000000000000688 ) ) ;
#4834 = PLANE ( 'NONE',  #3279 ) ;
#4835 = AXIS2_PLACEMENT_3D ( 'NONE', #5202, #4257, #2715 ) ;
#4836 = ORIENTED_EDGE ( 'NONE', *, *, #4882, .F. ) ;
#4837 = EDGE_CURVE ( 'NONE', #1974, #3664, #1856, .T. ) ;
#4838 = VERTEX_POINT ( 'NONE', #3933 ) ;
#4839 = VERTEX_POINT ( 'NONE', #2728 ) ;
#4840 = CARTESIAN_POINT ( 'NONE',  ( -2.096066568132076924, 0.2914241043471944015, 0.1099999999999999589 ) ) ;
#4841 = LINE ( 'NONE', #1531, #1738 ) ;
#4842 = EDGE_CURVE ( 'NONE', #2406, #4977, #3499, .T. ) ;
#4843 = VECTOR ( 'NONE', #3886, 1000.000000000000114 ) ;
#4844 = DIRECTION ( 'NONE',  ( -0.000000000000000000, -0.000000000000000000, -1.000000000000000000 ) ) ;
#4845 = EDGE_CURVE ( 'NONE', #2919, #4891, #5160, .T. ) ;
#4846 = ORIENTED_EDGE ( 'NONE', *, *, #4749, .T. ) ;
#4847 = LINE ( 'NONE', #1189, #4685 ) ;
#4848 = LINE ( 'NONE', #2828, #746 ) ;
#4849 = ORIENTED_EDGE ( 'NONE', *, *, #716, .T. ) ;
#4850 = LINE ( 'NONE', #4540, #3738 ) ;
#4851 = CARTESIAN_POINT ( 'NONE',  ( -1.149999999999999467, 1.100000000000000089, -1.024999999999999911 ) ) ;
#4852 = ORIENTED_EDGE ( 'NONE', *, *, #3628, .T. ) ;
#4853 = VECTOR ( 'NONE', #725, 1000.000000000000000 ) ;
#4854 = CARTESIAN_POINT ( 'NONE',  ( 2.440579527876271637, -7.231105290834467174E-20, 0.6099999999999999867 ) ) ;
#4855 = ORIENTED_EDGE ( 'NONE', *, *, #1387, .F. ) ;
#4856 = SURFACE_STYLE_USAGE ( .BOTH. , #3968 ) ;
#4857 = CARTESIAN_POINT ( 'NONE',  ( 1.920000000000000373, 0.2539999999999985048, 0.6099999999999999867 ) ) ;
#4858 = ORIENTED_EDGE ( 'NONE', *, *, #1288, .T. ) ;
#4859 = AXIS2_PLACEMENT_3D ( 'NONE', #2502, #2115, #4589 ) ;
#4860 = CARTESIAN_POINT ( 'NONE',  ( -1.753037081243900230, 0.7414999999999948299, -0.1100000000000000699 ) ) ;
#4861 = FACE_OUTER_BOUND ( 'NONE', #1317, .T. ) ;
#4862 = EDGE_CURVE ( 'NONE', #1470, #880, #2471, .T. ) ;
#4863 = CARTESIAN_POINT ( 'NONE',  ( -2.212226066844385386, 0.1922145200638937790, 0.6099999999999999867 ) ) ;
#4864 = ORIENTED_EDGE ( 'NONE', *, *, #4496, .F. ) ;
#4865 = EDGE_LOOP ( 'NONE', ( #472, #2878, #1499, #493 ) ) ;
#4866 = ORIENTED_EDGE ( 'NONE', *, *, #2307, .F. ) ;
#4867 = PLANE ( 'NONE',  #2195 ) ;
#4868 = EDGE_CURVE ( 'NONE', #117, #3432, #1042, .T. ) ;
#4869 = DIRECTION ( 'NONE',  ( 0.000000000000000000, -0.9781476007338061329, -0.2079116908177569001 ) ) ;
#4870 = LINE ( 'NONE', #2361, #1194 ) ;
#4871 = ORIENTED_EDGE ( 'NONE', *, *, #478, .T. ) ;
#4872 = CARTESIAN_POINT ( 'NONE',  ( -2.051829622465644043, 0.4995425708808653442, -0.1100000000000000699 ) ) ;
#4873 = CARTESIAN_POINT ( 'NONE',  ( 1.753037081243900230, 0.5615000000000029967, 0.3899999999999999578 ) ) ;
#4874 = ORIENTED_EDGE ( 'NONE', *, *, #3628, .F. ) ;
#4875 = ADVANCED_FACE ( 'NONE', ( #2245 ), #277, .T. ) ;
#4876 = EDGE_CURVE ( 'NONE', #5243, #3906, #4782, .T. ) ;
#4877 = PLANE ( 'NONE',  #513 ) ;
#4878 = CARTESIAN_POINT ( 'NONE',  ( 1.753037081243900230, 0.7414999999999948299, -0.6100000000000000977 ) ) ;
#4879 = CARTESIAN_POINT ( 'NONE',  ( 1.415000000000000702, 0.5615000000000029967, -1.415000000000000258 ) ) ;
#4880 = ORIENTED_EDGE ( 'NONE', *, *, #139, .F. ) ;
#4881 = CARTESIAN_POINT ( 'NONE',  ( -1.149999999999999467, 1.050000000000000044, -1.150000000000000133 ) ) ;
#4882 = EDGE_CURVE ( 'NONE', #4977, #5075, #3101, .T. ) ;
#4883 = VECTOR ( 'NONE', #778, 1000.000000000000000 ) ;
#4884 = ORIENTED_EDGE ( 'NONE', *, *, #42, .F. ) ;
#4885 =( LENGTH_UNIT ( ) NAMED_UNIT ( * ) SI_UNIT ( .MILLI., .METRE. ) );
#4886 = DIRECTION ( 'NONE',  ( 0.000000000000000000, 1.000000000000000000, -0.000000000000000000 ) ) ;
#4887 = VERTEX_POINT ( 'NONE', #2297 ) ;
#4888 = CARTESIAN_POINT ( 'NONE',  ( -1.753037081243900230, 0.4360322556661242466, -0.8900000000000000133 ) ) ;
#4889 = DIRECTION ( 'NONE',  ( 0.000000000000000000, 0.000000000000000000, -1.000000000000000000 ) ) ;
#4890 = CARTESIAN_POINT ( 'NONE',  ( 2.212226066844385386, 0.1922145200638937790, 1.109999999999999876 ) ) ;
#4891 = VERTEX_POINT ( 'NONE', #3476 ) ;
#4892 = VERTEX_POINT ( 'NONE', #5138 ) ;
#4893 = ADVANCED_FACE ( 'NONE', ( #1487 ), #720, .F. ) ;
#4894 = ORIENTED_EDGE ( 'NONE', *, *, #1966, .F. ) ;
#4895 = PRODUCT_DEFINITION_CONTEXT ( 'detailed design', #4085, 'design' ) ;
#4896 = CARTESIAN_POINT ( 'NONE',  ( 2.096066568132076924, 0.2914241043471944015, 0.8899999999999999023 ) ) ;
#4897 = LINE ( 'NONE', #4391, #2358 ) ;
#4898 = CIRCLE ( 'NONE', #2653, 0.1254677443338790277 ) ;
#4899 = DIRECTION ( 'NONE',  ( -0.000000000000000000, -1.000000000000000000, -0.000000000000000000 ) ) ;
#4900 = CARTESIAN_POINT ( 'NONE',  ( 1.415000000000000702, 0.2030000000000000138, -1.423798472641297552 ) ) ;
#4901 = AXIS2_PLACEMENT_3D ( 'NONE', #3911, #5108, #3052 ) ;
#4902 = VERTEX_POINT ( 'NONE', #1122 ) ;
#4903 = CARTESIAN_POINT ( 'NONE',  ( -1.499999999999999556, 0.5615000000000029967, -0.8900000000000000133 ) ) ;
#4904 = CIRCLE ( 'NONE', #4207, 0.1250000000000003331 ) ;
#4905 = ORIENTED_EDGE ( 'NONE', *, *, #883, .F. ) ;
#4906 = CARTESIAN_POINT ( 'NONE',  ( 2.440579527876271637, -7.231105290834467174E-20, 0.1099999999999999589 ) ) ;
#4907 = ADVANCED_FACE ( 'NONE', ( #326 ), #1539, .T. ) ;
#4908 = ADVANCED_FACE ( 'NONE', ( #750 ), #45, .F. ) ;
#4909 = ORIENTED_EDGE ( 'NONE', *, *, #2613, .T. ) ;
#4910 = AXIS2_PLACEMENT_3D ( 'NONE', #4209, #2627, #3773 ) ;
#4911 = DIRECTION ( 'NONE',  ( -0.9986295347545742773, 0.05233595624293843618, 0.000000000000000000 ) ) ;
#4912 = COLOUR_RGB ( '',0.7921568627450980005, 0.8196078431372548767, 0.9333333333333333481 ) ;
#4913 = VERTEX_POINT ( 'NONE', #1983 ) ;
#4914 = EDGE_CURVE ( 'NONE', #1326, #1115, #2887, .T. ) ;
#4915 = CARTESIAN_POINT ( 'NONE',  ( -1.920000000000000373, 0.2539999999999998925, -0.3900000000000000688 ) ) ;
#4916 = FACE_BOUND ( 'NONE', #1208, .T. ) ;
#4917 = VERTEX_POINT ( 'NONE', #4517 ) ;
#4918 = CARTESIAN_POINT ( 'NONE',  ( -2.218792541221743519, 0.3175103152147410457, 0.1099999999999999589 ) ) ;
#4919 = CARTESIAN_POINT ( 'NONE',  ( 2.218792541221743519, 0.3175103152147410457, -1.110000000000000098 ) ) ;
#4920 = STYLED_ITEM ( 'NONE', ( #2479 ), #2580 ) ;
#4921 = VECTOR ( 'NONE', #3702, 1000.000000000000114 ) ;
#4922 =( GEOMETRIC_REPRESENTATION_CONTEXT ( 3 ) GLOBAL_UNCERTAINTY_ASSIGNED_CONTEXT ( ( #1626 ) ) GLOBAL_UNIT_ASSIGNED_CONTEXT ( ( #3856, #2976, #1783 ) ) REPRESENTATION_CONTEXT ( 'NONE', 'WORKASPACE' ) );
#4923 = SURFACE_STYLE_USAGE ( .BOTH. , #2404 ) ;
#4924 = ORIENTED_EDGE ( 'NONE', *, *, #379, .F. ) ;
#4925 = CIRCLE ( 'NONE', #3192, 0.3054677443338705833 ) ;
#4926 = ORIENTED_EDGE ( 'NONE', *, *, #2990, .T. ) ;
#4927 = ORIENTED_EDGE ( 'NONE', *, *, #3888, .T. ) ;
#4928 = CONICAL_SURFACE ( 'NONE', #2683, 0.008798472641297376204, 0.2094395102393170893 ) ;
#4929 = DIRECTION ( 'NONE',  ( -1.000000000000000000, 0.000000000000000000, 0.000000000000000000 ) ) ;
#4930 = CARTESIAN_POINT ( 'NONE',  ( -2.450000000000000178, 0.1797533162558151154, 1.109999999999999876 ) ) ;
#4931 = ORIENTED_EDGE ( 'NONE', *, *, #1313, .F. ) ;
#4932 = CARTESIAN_POINT ( 'NONE',  ( 1.499999999999999556, 0.7414999999999947189, -0.8900000000000000133 ) ) ;
#4933 = CIRCLE ( 'NONE', #3979, 0.1254677443338788057 ) ;
#4934 = CARTESIAN_POINT ( 'NONE',  ( 1.753037081243900230, 0.5615000000000029967, 1.109999999999999876 ) ) ;
#4935 = VERTEX_POINT ( 'NONE', #1199 ) ;
#4936 = EDGE_CURVE ( 'NONE', #1889, #3746, #477, .T. ) ;
#4937 = PLANE ( 'NONE',  #808 ) ;
#4938 = CARTESIAN_POINT ( 'NONE',  ( 1.753037081243900230, 0.4360322556661242466, 0.6099999999999999867 ) ) ;
#4939 = ORIENTED_EDGE ( 'NONE', *, *, #3115, .F. ) ;
#4940 = AXIS2_PLACEMENT_3D ( 'NONE', #2628, #598, #3854 ) ;
#4941 = DIRECTION ( 'NONE',  ( 0.9781476007338067991, 0.2079116908177542078, -0.000000000000000000 ) ) ;
#4942 = VECTOR ( 'NONE', #2880, 1000.000000000000000 ) ;
#4943 = ORIENTED_EDGE ( 'NONE', *, *, #1806, .T. ) ;
#4944 = AXIS2_PLACEMENT_3D ( 'NONE', #1053, #3488, #1894 ) ;
#4945 = CARTESIAN_POINT ( 'NONE',  ( -1.753037081243900230, 0.4360322556661242466, -0.6100000000000000977 ) ) ;
#4946 = VERTEX_POINT ( 'NONE', #4045 ) ;
#4947 = CARTESIAN_POINT ( 'NONE',  ( 1.920000000000000373, 0.2539999999999985048, 0.3899999999999999578 ) ) ;
#4948 = DIRECTION ( 'NONE',  ( -0.000000000000000000, -0.000000000000000000, -1.000000000000000000 ) ) ;
#4949 = MECHANICAL_DESIGN_GEOMETRIC_PRESENTATION_REPRESENTATION (  '', ( #3468 ), #1022 ) ;
#4950 = EDGE_CURVE ( 'NONE', #5098, #3363, #4543, .T. ) ;
#4951 = ADVANCED_FACE ( 'NONE', ( #1638 ), #2373, .F. ) ;
#4952 = VECTOR ( 'NONE', #4379, 1000.000000000000000 ) ;
#4953 = CARTESIAN_POINT ( 'NONE',  ( 1.920000000000000373, 0.2539999999999985048, -0.3900000000000000688 ) ) ;
#4954 = ORIENTED_EDGE ( 'NONE', *, *, #4815, .T. ) ;
#4955 = EDGE_LOOP ( 'NONE', ( #4043, #3676, #1161, #4444 ) ) ;
#4956 = VERTEX_POINT ( 'NONE', #4077 ) ;
#4957 = VECTOR ( 'NONE', #4695, 1000.000000000000114 ) ;
#4958 = AXIS2_PLACEMENT_3D ( 'NONE', #3434, #709, #2209 ) ;
#4959 = CARTESIAN_POINT ( 'NONE',  ( 2.212226066844385386, 0.1922145200638937790, -0.3900000000000000688 ) ) ;
#4960 = CARTESIAN_POINT ( 'NONE',  ( -2.212226066844385386, 0.1922145200638938900, 0.1099999999999999589 ) ) ;
#4961 = VERTEX_POINT ( 'NONE', #71 ) ;
#4962 = PLANE ( 'NONE',  #3199 ) ;
#4963 = DIRECTION ( 'NONE',  ( -0.000000000000000000, -0.000000000000000000, -1.000000000000000000 ) ) ;
#4964 = DIRECTION ( 'NONE',  ( -0.05233595624293888721, -0.9986295347545741663, 0.000000000000000000 ) ) ;
#4965 = ORIENTED_EDGE ( 'NONE', *, *, #3156, .F. ) ;
#4966 =( NAMED_UNIT ( * ) SI_UNIT ( $, .STERADIAN. ) SOLID_ANGLE_UNIT ( ) );
#4967 = PLANE ( 'NONE',  #25 ) ;
#4968 = DIRECTION ( 'NONE',  ( 0.2079116908177527367, 0.9781476007338070211, 0.000000000000000000 ) ) ;
#4969 = VERTEX_POINT ( 'NONE', #3211 ) ;
#4970 = CARTESIAN_POINT ( 'NONE',  ( -2.096066568132076924, 0.2914241043471944015, -0.8900000000000000133 ) ) ;
#4971 = EDGE_LOOP ( 'NONE', ( #3698, #2292, #2640, #599 ) ) ;
#4972 = VERTEX_POINT ( 'NONE', #3240 ) ;
#4973 = DIRECTION ( 'NONE',  ( -1.000000000000000000, 0.000000000000000000, 0.000000000000000000 ) ) ;
#4974 = DIRECTION ( 'NONE',  ( -0.9986295347545741663, -0.05233595624293842924, 0.000000000000000000 ) ) ;
#4975 = CARTESIAN_POINT ( 'NONE',  ( 1.499999999999999556, 0.5615000000000029967, -0.3900000000000000688 ) ) ;
#4976 = ORIENTED_EDGE ( 'NONE', *, *, #4997, .T. ) ;
#4977 = VERTEX_POINT ( 'NONE', #1245 ) ;
#4978 = VERTEX_POINT ( 'NONE', #2859 ) ;
#4979 = ADVANCED_FACE ( 'NONE', ( #4457 ), #1614, .F. ) ;
#4980 = CARTESIAN_POINT ( 'NONE',  ( 2.218792541221743519, 0.3175103152147410457, 0.8899999999999999023 ) ) ;
#4981 = LINE ( 'NONE', #2926, #3787 ) ;
#4982 = ORIENTED_EDGE ( 'NONE', *, *, #4643, .F. ) ;
#4983 = PLANE ( 'NONE',  #4638 ) ;
#4984 = EDGE_CURVE ( 'NONE', #1202, #4902, #3640, .T. ) ;
#4985 = DIRECTION ( 'NONE',  ( -0.05233595624293843618, 0.9986295347545742773, 0.000000000000000000 ) ) ;
#4986 = PLANE ( 'NONE',  #4692 ) ;
#4987 = ORIENTED_EDGE ( 'NONE', *, *, #3276, .F. ) ;
#4988 = AXIS2_PLACEMENT_3D ( 'NONE', #5147, #681, #2258 ) ;
#4989 = CARTESIAN_POINT ( 'NONE',  ( 1.753037081243900230, 0.4360322556661242466, 0.8899999999999999023 ) ) ;
#4990 = CARTESIAN_POINT ( 'NONE',  ( -1.423798472641296886, 0.2030000000000000138, 1.414999999999999813 ) ) ;
#4991 = VERTEX_POINT ( 'NONE', #3289 ) ;
#4992 = AXIS2_PLACEMENT_3D ( 'NONE', #4420, #4446, #1212 ) ;
#4993 = DIRECTION ( 'NONE',  ( -0.000000000000000000, -0.000000000000000000, -1.000000000000000000 ) ) ;
#4994 = EDGE_LOOP ( 'NONE', ( #1065, #2946, #3400, #3298, #2324, #2442, #4211, #4468, #3070, #887, #4894, #4565 ) ) ;
#4995 = DIRECTION ( 'NONE',  ( -0.000000000000000000, -0.000000000000000000, -1.000000000000000000 ) ) ;
#4996 = VECTOR ( 'NONE', #389, 1000.000000000000114 ) ;
#4997 = EDGE_CURVE ( 'NONE', #125, #2016, #825, .T. ) ;
#4998 = FILL_AREA_STYLE_COLOUR ( '', #2792 ) ;
#4999 = ORIENTED_EDGE ( 'NONE', *, *, #557, .T. ) ;
#5000 = ORIENTED_EDGE ( 'NONE', *, *, #3819, .T. ) ;
#5001 = EDGE_LOOP ( 'NONE', ( #3562, #2726, #3931, #2387 ) ) ;
#5002 = VECTOR ( 'NONE', #5029, 1000.000000000000114 ) ;
#5003 = AXIS2_PLACEMENT_3D ( 'NONE', #1709, #1786, #3326 ) ;
#5004 =( LENGTH_UNIT ( ) NAMED_UNIT ( * ) SI_UNIT ( .MILLI., .METRE. ) );
#5005 = AXIS2_PLACEMENT_3D ( 'NONE', #2536, #1852, #593 ) ;
#5006 = LINE ( 'NONE', #4114, #2076 ) ;
#5007 = DIRECTION ( 'NONE',  ( -1.000000000000000000, 4.284756080633293834E-16, 0.000000000000000000 ) ) ;
#5008 = AXIS2_PLACEMENT_3D ( 'NONE', #2512, #859, #2430 ) ;
#5009 = ORIENTED_EDGE ( 'NONE', *, *, #2769, .T. ) ;
#5010 = CARTESIAN_POINT ( 'NONE',  ( 1.753037081243900230, 0.4360322556661242466, 0.3899999999999999578 ) ) ;
#5011 = LINE ( 'NONE', #4175, #2030 ) ;
#5012 = LINE ( 'NONE', #1320, #1170 ) ;
#5013 = AXIS2_PLACEMENT_3D ( 'NONE', #1359, #181, #3423 ) ;
#5014 = ADVANCED_FACE ( 'NONE', ( #4102 ), #456, .F. ) ;
#5015 = ADVANCED_FACE ( 'NONE', ( #377 ), #2066, .F. ) ;
#5016 = VECTOR ( 'NONE', #4675, 1000.000000000000000 ) ;
#5017 = CARTESIAN_POINT ( 'NONE',  ( -2.096066568132076924, 0.2914241043471944015, -0.6100000000000000977 ) ) ;
#5018 = DIRECTION ( 'NONE',  ( -0.05233595624293843618, -0.9986295347545742773, 0.000000000000000000 ) ) ;
#5019 = ORIENTED_EDGE ( 'NONE', *, *, #1960, .F. ) ;
#5020 = CARTESIAN_POINT ( 'NONE',  ( 1.415000000000000702, 0.2030000000000000693, 1.414999999999999813 ) ) ;
#5021 = EDGE_CURVE ( 'NONE', #3373, #1713, #4126, .T. ) ;
#5022 = CARTESIAN_POINT ( 'NONE',  ( -1.499999999999999556, 0.5615000000000029967, -1.110000000000000098 ) ) ;
#5023 = DIRECTION ( 'NONE',  ( -0.000000000000000000, -0.000000000000000000, -1.000000000000000000 ) ) ;
#5024 = ORIENTED_EDGE ( 'NONE', *, *, #1193, .F. ) ;
#5025 = CARTESIAN_POINT ( 'NONE',  ( -1.499999999999999556, 0.5615000000000029967, -1.415000000000000258 ) ) ;
#5026 = DIRECTION ( 'NONE',  ( -0.000000000000000000, -0.000000000000000000, -1.000000000000000000 ) ) ;
#5027 = VECTOR ( 'NONE', #2314, 1000.000000000000000 ) ;
#5028 = ORIENTED_EDGE ( 'NONE', *, *, #2119, .T. ) ;
#5029 = DIRECTION ( 'NONE',  ( -0.9986295347545741663, 0.05233595624293842924, -0.000000000000000000 ) ) ;
#5030 = VERTEX_POINT ( 'NONE', #98 ) ;
#5031 = ORIENTED_EDGE ( 'NONE', *, *, #4555, .F. ) ;
#5032 = VECTOR ( 'NONE', #414, 1000.000000000000000 ) ;
#5033 =( NAMED_UNIT ( * ) SI_UNIT ( $, .STERADIAN. ) SOLID_ANGLE_UNIT ( ) );
#5034 = EDGE_CURVE ( 'NONE', #988, #4050, #803, .T. ) ;
#5035 = AXIS2_PLACEMENT_3D ( 'NONE', #1919, #682, #3540 ) ;
#5036 = CONICAL_SURFACE ( 'NONE', #431, 0.008798472641296942523, 0.2094395102393165065 ) ;
#5037 = CARTESIAN_POINT ( 'NONE',  ( -1.753037081243900230, 0.4360322556661242466, -1.110000000000000098 ) ) ;
#5038 = DIRECTION ( 'NONE',  ( 0.000000000000000000, 1.000000000000000000, -0.000000000000000000 ) ) ;
#5039 = ORIENTED_EDGE ( 'NONE', *, *, #4249, .F. ) ;
#5040 = DIRECTION ( 'NONE',  ( 0.000000000000000000, 0.000000000000000000, 1.000000000000000000 ) ) ;
#5041 = CARTESIAN_POINT ( 'NONE',  ( -1.149999999999999467, 1.050000000000000044, -1.150000000000000133 ) ) ;
#5042 = FACE_OUTER_BOUND ( 'NONE', #5146, .T. ) ;
#5043 = VECTOR ( 'NONE', #1653, 1000.000000000000000 ) ;
#5044 = COLOUR_RGB ( '',0.7921568627450980005, 0.8196078431372548767, 0.9333333333333333481 ) ;
#5045 = CARTESIAN_POINT ( 'NONE',  ( -2.212226066844385386, 0.1922145200638938900, -0.8900000000000000133 ) ) ;
#5046 = LINE ( 'NONE', #1376, #21 ) ;
#5047 = DIRECTION ( 'NONE',  ( -0.000000000000000000, -0.000000000000000000, -1.000000000000000000 ) ) ;
#5048 = DIRECTION ( 'NONE',  ( 1.000000000000000000, 0.000000000000000000, 0.000000000000000000 ) ) ;
#5049 = EDGE_LOOP ( 'NONE', ( #2487, #3924, #1571, #455 ) ) ;
#5050 = EDGE_CURVE ( 'NONE', #1089, #1604, #1169, .T. ) ;
#5051 = EDGE_CURVE ( 'NONE', #885, #4789, #46, .T. ) ;
#5052 = DIRECTION ( 'NONE',  ( -0.05233595624293843618, 0.9986295347545742773, 0.000000000000000000 ) ) ;
#5053 = EDGE_LOOP ( 'NONE', ( #3546, #2131, #4573, #1547 ) ) ;
#5054 = CARTESIAN_POINT ( 'NONE',  ( -2.202805594720656845, 0.01246120380807877286, -0.1100000000000000699 ) ) ;
#5055 = ORIENTED_EDGE ( 'NONE', *, *, #2737, .F. ) ;
#5056 = DIRECTION ( 'NONE',  ( -0.2079116908177527367, 0.9781476007338070211, -0.000000000000000000 ) ) ;
#5057 = ADVANCED_FACE ( 'NONE', ( #2834 ), #2139, .F. ) ;
#5058 = EDGE_LOOP ( 'NONE', ( #3774, #123, #2818, #4611 ) ) ;
#5059 = CYLINDRICAL_SURFACE ( 'NONE', #3864, 0.1254677443338788057 ) ;
#5060 = ORIENTED_EDGE ( 'NONE', *, *, #4426, .T. ) ;
#5061 = ORIENTED_EDGE ( 'NONE', *, *, #282, .F. ) ;
#5062 = DIRECTION ( 'NONE',  ( 0.000000000000000000, 0.000000000000000000, 1.000000000000000000 ) ) ;
#5063 = PLANE ( 'NONE',  #2078 ) ;
#5064 = FACE_OUTER_BOUND ( 'NONE', #1753, .T. ) ;
#5065 = VERTEX_POINT ( 'NONE', #3824 ) ;
#5066 = LINE ( 'NONE', #1841, #2569 ) ;
#5067 = DIRECTION ( 'NONE',  ( 0.2079116908177527367, 0.9781476007338070211, 0.000000000000000000 ) ) ;
#5068 = DIRECTION ( 'NONE',  ( -0.000000000000000000, -0.000000000000000000, -1.000000000000000000 ) ) ;
#5069 = CARTESIAN_POINT ( 'NONE',  ( 1.415000000000000702, 1.100000000000000311, 1.414999999999999813 ) ) ;
#5070 = VERTEX_POINT ( 'NONE', #1742 ) ;
#5071 = PLANE ( 'NONE',  #4662 ) ;
#5072 = AXIS2_PLACEMENT_3D ( 'NONE', #4194, #1372, #3328 ) ;
#5073 = ADVANCED_FACE ( 'NONE', ( #3361 ), #1666, .T. ) ;
#5074 = DIRECTION ( 'NONE',  ( 0.000000000000000000, 1.000000000000000000, 0.000000000000000000 ) ) ;
#5075 = VERTEX_POINT ( 'NONE', #1797 ) ;
#5076 = CARTESIAN_POINT ( 'NONE',  ( -1.499999999999999556, 0.5615000000000029967, 1.109999999999999876 ) ) ;
#5077 = ORIENTED_EDGE ( 'NONE', *, *, #3776, .T. ) ;
#5078 = DIRECTION ( 'NONE',  ( 0.05233595624293888027, 0.9986295347545741663, -0.000000000000000000 ) ) ;
#5079 = LINE ( 'NONE', #989, #3286 ) ;
#5080 = ADVANCED_FACE ( 'NONE', ( #3795 ), #5071, .F. ) ;
#5081 = VECTOR ( 'NONE', #520, 1000.000000000000000 ) ;
#5082 = EDGE_CURVE ( 'NONE', #4838, #2114, #2707, .T. ) ;
#5083 = DIRECTION ( 'NONE',  ( -0.2079116908177561784, 0.9781476007338062439, 0.000000000000000000 ) ) ;
#5084 = CARTESIAN_POINT ( 'NONE',  ( -1.499999999999999556, 0.7414999999999947189, -0.8900000000000000133 ) ) ;
#5085 = EDGE_LOOP ( 'NONE', ( #1393, #131, #991, #4416 ) ) ;
#5086 = DIRECTION ( 'NONE',  ( -0.2079116908177527367, 0.9781476007338070211, -0.000000000000000000 ) ) ;
#5087 = AXIS2_PLACEMENT_3D ( 'NONE', #1490, #3998, #3183 ) ;
#5088 = PLANE ( 'NONE',  #3104 ) ;
#5089 = EDGE_LOOP ( 'NONE', ( #4814, #2023, #2073, #3737 ) ) ;
#5090 = CARTESIAN_POINT ( 'NONE',  ( -1.753037081243900230, 0.4360322556661242466, 0.8899999999999999023 ) ) ;
#5091 = DIRECTION ( 'NONE',  ( -0.000000000000000000, -0.000000000000000000, -1.000000000000000000 ) ) ;
#5092 = VECTOR ( 'NONE', #5215, 1000.000000000000000 ) ;
#5093 = VECTOR ( 'NONE', #2519, 1000.000000000000114 ) ;
#5094 = LINE ( 'NONE', #2691, #5170 ) ;
#5095 = LINE ( 'NONE', #3066, #517 ) ;
#5096 = AXIS2_PLACEMENT_3D ( 'NONE', #5010, #5040, #91 ) ;
#5097 = CARTESIAN_POINT ( 'NONE',  ( -2.051829622465644043, 0.4995425708808653442, 0.1099999999999999589 ) ) ;
#5098 = VERTEX_POINT ( 'NONE', #3619 ) ;
#5099 = EDGE_CURVE ( 'NONE', #3832, #761, #4580, .T. ) ;
#5100 = AXIS2_PLACEMENT_3D ( 'NONE', #2940, #5052, #1379 ) ;
#5101 = CARTESIAN_POINT ( 'NONE',  ( 2.218792541221743519, 0.3175103152147410457, 1.109999999999999876 ) ) ;
#5102 = ORIENTED_EDGE ( 'NONE', *, *, #4984, .T. ) ;
#5103 = LINE ( 'NONE', #1435, #2327 ) ;
#5104 = ORIENTED_EDGE ( 'NONE', *, *, #2011, .T. ) ;
#5105 = CARTESIAN_POINT ( 'NONE',  ( -1.920000000000000373, 0.2540000000000000036, 0.3899999999999999578 ) ) ;
#5106 = CIRCLE ( 'NONE', #4683, 0.08499999999999978406 ) ;
#5107 = CARTESIAN_POINT ( 'NONE',  ( -1.920000000000000373, 0.2539999999999998925, 0.6099999999999999867 ) ) ;
#5108 = DIRECTION ( 'NONE',  ( -1.000000000000000000, 0.000000000000000000, 0.000000000000000000 ) ) ;
#5109 = CARTESIAN_POINT ( 'NONE',  ( -1.753037081243900230, 0.7414999999999948299, -0.8900000000000000133 ) ) ;
#5110 = LINE ( 'NONE', #3936, #845 ) ;
#5111 = ORIENTED_EDGE ( 'NONE', *, *, #5199, .F. ) ;
#5112 = EDGE_CURVE ( 'NONE', #5070, #3130, #2280, .T. ) ;
#5113 = CIRCLE ( 'NONE', #2873, 0.3054677443338708054 ) ;
#5114 = EDGE_CURVE ( 'NONE', #2380, #3867, #161, .T. ) ;
#5115 = DIRECTION ( 'NONE',  ( -1.000000000000000000, 0.000000000000000000, 0.000000000000000000 ) ) ;
#5116 = VECTOR ( 'NONE', #3007, 1000.000000000000000 ) ;
#5117 = DIRECTION ( 'NONE',  ( -1.000000000000000000, 0.000000000000000000, 0.000000000000000000 ) ) ;
#5118 = ORIENTED_EDGE ( 'NONE', *, *, #3487, .F. ) ;
#5119 = DIRECTION ( 'NONE',  ( 1.000000000000000000, 0.000000000000000000, 0.000000000000000000 ) ) ;
#5120 = AXIS2_PLACEMENT_3D ( 'NONE', #4336, #2232, #3037 ) ;
#5121 = DIRECTION ( 'NONE',  ( 0.000000000000000000, 1.000000000000000000, 0.000000000000000000 ) ) ;
#5122 = ADVANCED_FACE ( 'NONE', ( #3139 ), #4316, .T. ) ;
#5123 = PLANE ( 'NONE',  #765 ) ;
#5124 = AXIS2_PLACEMENT_3D ( 'NONE', #2830, #2446, #4099 ) ;
#5125 = VECTOR ( 'NONE', #3967, 1000.000000000000114 ) ;
#5126 = PLANE ( 'NONE',  #4483 ) ;
#5127 = CARTESIAN_POINT ( 'NONE',  ( 2.440579527876271637, -7.231105290834467174E-20, -0.8900000000000000133 ) ) ;
#5128 = AXIS2_PLACEMENT_3D ( 'NONE', #1695, #430, #877 ) ;
#5129 = EDGE_LOOP ( 'NONE', ( #1853, #886, #3800, #2817 ) ) ;
#5130 = VECTOR ( 'NONE', #1579, 1000.000000000000000 ) ;
#5131 = FACE_OUTER_BOUND ( 'NONE', #432, .T. ) ;
#5132 = ORIENTED_EDGE ( 'NONE', *, *, #1540, .F. ) ;
#5133 = DIRECTION ( 'NONE',  ( -0.000000000000000000, -0.000000000000000000, -1.000000000000000000 ) ) ;
#5134 = EDGE_CURVE ( 'NONE', #4714, #4553, #3794, .T. ) ;
#5135 = CARTESIAN_POINT ( 'NONE',  ( -2.450000000000000178, 0.1797533162558151154, -0.8900000000000000133 ) ) ;
#5136 = VERTEX_POINT ( 'NONE', #730 ) ;
#5137 = CARTESIAN_POINT ( 'NONE',  ( -1.753037081243900230, 0.5615000000000029967, -0.6100000000000000977 ) ) ;
#5138 = CARTESIAN_POINT ( 'NONE',  ( -1.423798472641296664, 1.100000000000000089, -1.415000000000000258 ) ) ;
#5139 = PLANE ( 'NONE',  #3902 ) ;
#5140 = DIRECTION ( 'NONE',  ( 0.000000000000000000, 1.000000000000000000, 0.000000000000000000 ) ) ;
#5141 = ORIENTED_EDGE ( 'NONE', *, *, #1546, .T. ) ;
#5142 = CARTESIAN_POINT ( 'NONE',  ( 1.753037081243900230, 0.7414999999999948299, -0.1100000000000000699 ) ) ;
#5143 = EDGE_CURVE ( 'NONE', #129, #1606, #1992, .T. ) ;
#5144 = ADVANCED_FACE ( 'NONE', ( #676 ), #3188, .F. ) ;
#5145 = ORIENTED_EDGE ( 'NONE', *, *, #145, .T. ) ;
#5146 = EDGE_LOOP ( 'NONE', ( #2368, #4240, #3775, #4193 ) ) ;
#5147 = CARTESIAN_POINT ( 'NONE',  ( -1.499999999999999556, 0.7414999999999947189, 1.109999999999999876 ) ) ;
#5148 = FACE_OUTER_BOUND ( 'NONE', #2265, .T. ) ;
#5149 = FACE_OUTER_BOUND ( 'NONE', #1926, .T. ) ;
#5150 = CARTESIAN_POINT ( 'NONE',  ( 1.499999999999999556, 0.7414999999999947189, -0.3900000000000000688 ) ) ;
#5151 = ADVANCED_FACE ( 'NONE', ( #2326 ), #363, .T. ) ;
#5152 = VERTEX_POINT ( 'NONE', #3916 ) ;
#5153 = UNCERTAINTY_MEASURE_WITH_UNIT (LENGTH_MEASURE( 1.000000000000000082E-05 ), #3399, 'distance_accuracy_value', 'NONE');
#5154 = CARTESIAN_POINT ( 'NONE',  ( -1.499999999999999556, 0.5615000000000029967, 0.1099999999999999589 ) ) ;
#5155 = ORIENTED_EDGE ( 'NONE', *, *, #2690, .T. ) ;
#5156 = PLANE ( 'NONE',  #4412 ) ;
#5157 = CARTESIAN_POINT ( 'NONE',  ( -2.450000000000000178, 0.1797533162558151154, 0.1099999999999999589 ) ) ;
#5158 = ORIENTED_EDGE ( 'NONE', *, *, #3317, .F. ) ;
#5159 = CARTESIAN_POINT ( 'NONE',  ( -1.753037081243900230, 0.4360322556661242466, 0.8899999999999999023 ) ) ;
#5160 = LINE ( 'NONE', #1068, #1473 ) ;
#5161 = CIRCLE ( 'NONE', #633, 0.1254677443338788057 ) ;
#5162 = LINE ( 'NONE', #4805, #1187 ) ;
#5163 = LINE ( 'NONE', #2679, #3374 ) ;
#5164 = ORIENTED_EDGE ( 'NONE', *, *, #4282, .T. ) ;
#5165 = CARTESIAN_POINT ( 'NONE',  ( -1.423798472641296664, 1.100000000000000089, 1.414999999999999813 ) ) ;
#5166 = FACE_OUTER_BOUND ( 'NONE', #2284, .T. ) ;
#5167 = ORIENTED_EDGE ( 'NONE', *, *, #2092, .T. ) ;
#5168 = ORIENTED_EDGE ( 'NONE', *, *, #2962, .T. ) ;
#5169 = DIRECTION ( 'NONE',  ( -0.000000000000000000, -0.000000000000000000, -1.000000000000000000 ) ) ;
#5170 = VECTOR ( 'NONE', #2233, 1000.000000000000000 ) ;
#5171 = CARTESIAN_POINT ( 'NONE',  ( -1.753037081243900230, 0.4360322556661242466, 1.109999999999999876 ) ) ;
#5172 = AXIS2_PLACEMENT_3D ( 'NONE', #3113, #2303, #3941 ) ;
#5173 = CARTESIAN_POINT ( 'NONE',  ( -1.499999999999999556, 0.7414999999999947189, -0.6100000000000000977 ) ) ;
#5174 = DIRECTION ( 'NONE',  ( 0.05233595624293888027, -0.9986295347545741663, 0.000000000000000000 ) ) ;
#5175 = ORIENTED_EDGE ( 'NONE', *, *, #3276, .T. ) ;
#5176 = DIRECTION ( 'NONE',  ( 0.000000000000000000, 0.000000000000000000, 1.000000000000000000 ) ) ;
#5177 = ORIENTED_EDGE ( 'NONE', *, *, #2997, .T. ) ;
#5178 = CARTESIAN_POINT ( 'NONE',  ( -1.920000000000000373, 0.2540000000000000036, 1.109999999999999876 ) ) ;
#5179 = VECTOR ( 'NONE', #1757, 1000.000000000000000 ) ;
#5180 = ADVANCED_FACE ( 'NONE', ( #1103 ), #4834, .T. ) ;
#5181 = ADVANCED_FACE ( 'NONE', ( #4861 ), #3504, .F. ) ;
#5182 = AXIS2_PLACEMENT_3D ( 'NONE', #3098, #4726, #664 ) ;
#5183 = PLANE ( 'NONE',  #3634 ) ;
#5184 = MECHANICAL_DESIGN_GEOMETRIC_PRESENTATION_REPRESENTATION (  '', ( #4142 ), #4922 ) ;
#5185 = DIRECTION ( 'NONE',  ( 0.000000000000000000, 0.000000000000000000, 1.000000000000000000 ) ) ;
#5186 = ORIENTED_EDGE ( 'NONE', *, *, #985, .T. ) ;
#5187 = CARTESIAN_POINT ( 'NONE',  ( -2.212226066844385386, 0.1922145200638938900, -0.8900000000000000133 ) ) ;
#5188 = LINE ( 'NONE', #3994, #4635 ) ;
#5189 = CIRCLE ( 'NONE', #3630, 0.3054677443338703613 ) ;
#5190 = ADVANCED_FACE ( 'NONE', ( #1282 ), #4524, .F. ) ;
#5191 = AXIS2_PLACEMENT_3D ( 'NONE', #252, #1015, #563 ) ;
#5192 = PLANE ( 'NONE',  #723 ) ;
#5193 = LINE ( 'NONE', #5084, #1261 ) ;
#5194 = VERTEX_POINT ( 'NONE', #487 ) ;
#5195 = CARTESIAN_POINT ( 'NONE',  ( -1.753037081243900230, 0.5615000000000029967, 0.3899999999999999578 ) ) ;
#5196 = DIRECTION ( 'NONE',  ( 0.000000000000000000, 1.000000000000000000, 0.000000000000000000 ) ) ;
#5197 = LINE ( 'NONE', #1525, #565 ) ;
#5198 = VERTEX_POINT ( 'NONE', #2455 ) ;
#5199 = EDGE_CURVE ( 'NONE', #4913, #2085, #3340, .T. ) ;
#5200 = EDGE_LOOP ( 'NONE', ( #3845, #4300, #4253, #4274 ) ) ;
#5201 = VECTOR ( 'NONE', #3969, 1000.000000000000000 ) ;
#5202 = CARTESIAN_POINT ( 'NONE',  ( -1.414999999999999591, 1.100000000000000089, 1.414999999999999813 ) ) ;
#5203 = FACE_OUTER_BOUND ( 'NONE', #2530, .T. ) ;
#5204 = VECTOR ( 'NONE', #271, 1000.000000000000000 ) ;
#5205 = LINE ( 'NONE', #2718, #4531 ) ;
#5206 = MECHANICAL_DESIGN_GEOMETRIC_PRESENTATION_REPRESENTATION (  '', ( #4532 ), #3815 ) ;
#5207 = FACE_OUTER_BOUND ( 'NONE', #3639, .T. ) ;
#5208 = DIRECTION ( 'NONE',  ( 0.000000000000000000, 0.000000000000000000, 1.000000000000000000 ) ) ;
#5209 = ORIENTED_EDGE ( 'NONE', *, *, #3348, .T. ) ;
#5210 = VECTOR ( 'NONE', #1283, 1000.000000000000000 ) ;
#5211 = VECTOR ( 'NONE', #4326, 1000.000000000000000 ) ;
#5212 = AXIS2_PLACEMENT_3D ( 'NONE', #2625, #621, #2221 ) ;
#5213 = EDGE_CURVE ( 'NONE', #3019, #3876, #4502, .T. ) ;
#5214 = ADVANCED_FACE ( 'NONE', ( #4053 ), #2018, .F. ) ;
#5215 = DIRECTION ( 'NONE',  ( -0.000000000000000000, -0.000000000000000000, -1.000000000000000000 ) ) ;
#5216 = EDGE_LOOP ( 'NONE', ( #4738, #652, #3258, #2886 ) ) ;
#5217 = DIRECTION ( 'NONE',  ( 0.05233595624293843618, -0.9986295347545742773, 0.000000000000000000 ) ) ;
#5218 = DIRECTION ( 'NONE',  ( -0.9986295347545741663, 0.05233595624293888721, 0.000000000000000000 ) ) ;
#5219 = VECTOR ( 'NONE', #4339, 1000.000000000000114 ) ;
#5220 = DIRECTION ( 'NONE',  ( 1.000000000000000000, -0.000000000000000000, -0.000000000000000000 ) ) ;
#5221 = EDGE_CURVE ( 'NONE', #4500, #44, #27, .T. ) ;
#5222 = CARTESIAN_POINT ( 'NONE',  ( 1.920000000000000373, 0.2539999999999984492, 0.1099999999999999589 ) ) ;
#5223 = CARTESIAN_POINT ( 'NONE',  ( -2.218792541221743519, 0.3175103152147410457, -1.110000000000000098 ) ) ;
#5224 = ORIENTED_EDGE ( 'NONE', *, *, #2748, .F. ) ;
#5225 = DIRECTION ( 'NONE',  ( -0.000000000000000000, -0.000000000000000000, -1.000000000000000000 ) ) ;
#5226 = FILL_AREA_STYLE ('',( #1942 ) ) ;
#5227 = CARTESIAN_POINT ( 'NONE',  ( -1.499999999999999556, 0.7414999999999947189, -0.1100000000000000699 ) ) ;
#5228 = ORIENTED_EDGE ( 'NONE', *, *, #1061, .F. ) ;
#5229 = CYLINDRICAL_SURFACE ( 'NONE', #150, 0.3054677443338705833 ) ;
#5230 = DIRECTION ( 'NONE',  ( -0.000000000000000000, -0.000000000000000000, -1.000000000000000000 ) ) ;
#5231 = ORIENTED_EDGE ( 'NONE', *, *, #2062, .T. ) ;
#5232 = ORIENTED_EDGE ( 'NONE', *, *, #2272, .F. ) ;
#5233 = SURFACE_STYLE_FILL_AREA ( #2797 ) ;
#5234 = DIRECTION ( 'NONE',  ( -0.000000000000000000, -0.000000000000000000, -1.000000000000000000 ) ) ;
#5235 = EDGE_CURVE ( 'NONE', #4143, #3913, #4848, .T. ) ;
#5236 = DIRECTION ( 'NONE',  ( -0.000000000000000000, -0.000000000000000000, -1.000000000000000000 ) ) ;
#5237 = FACE_OUTER_BOUND ( 'NONE', #2516, .T. ) ;
#5238 = DIRECTION ( 'NONE',  ( -1.000000000000000000, 0.000000000000000000, 0.000000000000000000 ) ) ;
#5239 = ORIENTED_EDGE ( 'NONE', *, *, #3720, .F. ) ;
#5240 = DIRECTION ( 'NONE',  ( -0.000000000000000000, -0.000000000000000000, -1.000000000000000000 ) ) ;
#5241 = CARTESIAN_POINT ( 'NONE',  ( -1.149999999999999467, 1.050000000000000044, -1.150000000000000133 ) ) ;
#5242 = PLANE ( 'NONE',  #1920 ) ;
#5243 = VERTEX_POINT ( 'NONE', #4038 ) ;
#5244 = EDGE_CURVE ( 'NONE', #3494, #3681, #2775, .T. ) ;
#5245 = EDGE_CURVE ( 'NONE', #4892, #842, #768, .T. ) ;
#5246 = LINE ( 'NONE', #2346, #3189 ) ;
#5247 = SURFACE_STYLE_FILL_AREA ( #1987 ) ;
#5248 = CARTESIAN_POINT ( 'NONE',  ( 2.212226066844385386, 0.1922145200638937790, 0.3899999999999999578 ) ) ;
#5249 = ORIENTED_EDGE ( 'NONE', *, *, #1420, .T. ) ;
#5250 = CIRCLE ( 'NONE', #4472, 0.1254677443338788057 ) ;
#5251 =( LENGTH_UNIT ( ) NAMED_UNIT ( * ) SI_UNIT ( .MILLI., .METRE. ) );
#5252 = DIRECTION ( 'NONE',  ( 0.000000000000000000, 0.2079116908177562062, 0.9781476007338063550 ) ) ;
#5253 = EDGE_CURVE ( 'NONE', #5030, #4595, #1900, .T. ) ;
#5254 = EDGE_CURVE ( 'NONE', #4438, #1151, #2496, .T. ) ;
#5255 = ORIENTED_EDGE ( 'NONE', *, *, #4180, .T. ) ;
#5256 = AXIS2_PLACEMENT_3D ( 'NONE', #3663, #4152, #122 ) ;
#5257 = CARTESIAN_POINT ( 'NONE',  ( -1.499999999999999556, -4.242640687119283882, 1.414999999999999813 ) ) ;
#5258 = ORIENTED_EDGE ( 'NONE', *, *, #3974, .F. ) ;
#5259 = ORIENTED_EDGE ( 'NONE', *, *, #1092, .T. ) ;
#5260 = CARTESIAN_POINT ( 'NONE',  ( -1.149999999999999467, 1.050000000000000044, -1.150000000000000133 ) ) ;
#5261 = DIRECTION ( 'NONE',  ( 0.000000000000000000, 0.000000000000000000, -1.000000000000000000 ) ) ;
#5262 = VECTOR ( 'NONE', #4869, 1000.000000000000227 ) ;
#5263 = LINE ( 'NONE', #1186, #3654 ) ;
#5264 = ORIENTED_EDGE ( 'NONE', *, *, #5034, .T. ) ;
#5265 = CARTESIAN_POINT ( 'NONE',  ( 1.875763054333566382, 0.4621184665336710018, 0.6099999999999999867 ) ) ;
#5266 = ORIENTED_EDGE ( 'NONE', *, *, #889, .T. ) ;
#5267 = AXIS2_PLACEMENT_3D ( 'NONE', #190, #3404, #1447 ) ;
#5268 = CARTESIAN_POINT ( 'NONE',  ( 1.423798472641297552, 1.100000000000000089, 1.414999999999999813 ) ) ;
#5269 = FACE_OUTER_BOUND ( 'NONE', #206, .T. ) ;
#5270 = AXIS2_PLACEMENT_3D ( 'NONE', #1718, #3292, #2425 ) ;
#5272 = AXIS2_PLACEMENT_3D ( 'NONE', #467, #576, #2153 ) ;
#5271 = DIRECTION ( 'NONE',  ( 0.000000000000000000, 1.000000000000000000, 0.000000000000000000 ) ) ;
#5273 = EDGE_CURVE ( 'NONE', #2566, #5070, #1321, .T. ) ;
#5274 = ORIENTED_EDGE ( 'NONE', *, *, #460, .F. ) ;
#5275 = DIRECTION ( 'NONE',  ( 0.000000000000000000, 0.000000000000000000, 1.000000000000000000 ) ) ;
#5276 = VECTOR ( 'NONE', #961, 1000.000000000000114 ) ;
#5277 = PRODUCT_DEFINITION_FORMATION_WITH_SPECIFIED_SOURCE ( 'ANY', '', #1289, .NOT_KNOWN. ) ;
#5278 = CARTESIAN_POINT ( 'NONE',  ( 1.753037081243900230, 0.5615000000000029967, 1.109999999999999876 ) ) ;
#5279 = PRESENTATION_STYLE_ASSIGNMENT (( #4021 ) ) ;
#5280 = PLANE ( 'NONE',  #3125 ) ;
#5281 = ORIENTED_EDGE ( 'NONE', *, *, #1347, .T. ) ;
#5282 = VECTOR ( 'NONE', #2577, 1000.000000000000000 ) ;
#5283 = LINE ( 'NONE', #5195, #3971 ) ;
#5284 = DIRECTION ( 'NONE',  ( 0.000000000000000000, 0.000000000000000000, 1.000000000000000000 ) ) ;
#5285 = AXIS2_PLACEMENT_3D ( 'NONE', #2197, #3828, #3368 ) ;
#5286 = FILL_AREA_STYLE ('',( #3670 ) ) ;
#5287 = ORIENTED_EDGE ( 'NONE', *, *, #2703, .F. ) ;
ENDSEC;
END-ISO-10303-21;
