ISO-10303-21;
HEADER;
FILE_DESCRIPTION (( 'STEP AP214' ),
    '1' );
FILE_NAME ('LJ_CRBP_01_20210812_geometry.STEP',
    '2024-04-22T05:51:00',
    ( '' ),
    ( '' ),
    'SwSTEP 2.0',
    'SolidWorks 2020',
    '' );
FILE_SCHEMA (( 'AUTOMOTIVE_DESIGN' ));
ENDSEC;

DATA;
#1 = EDGE_LOOP ( 'NONE', ( #329, #344, #94 ) ) ;
#2 =( NAMED_UNIT ( * ) PLANE_ANGLE_UNIT ( ) SI_UNIT ( $, .RADIAN. ) );
#3 = SURFACE_SIDE_STYLE ('',( #1736 ) ) ;
#4 = VERTEX_POINT ( 'NONE', #898 ) ;
#5 =( NAMED_UNIT ( * ) PLANE_ANGLE_UNIT ( ) SI_UNIT ( $, .RADIAN. ) );
#6 = AXIS2_PLACEMENT_3D ( 'NONE', #759, #622, #1419 ) ;
#7 = CARTESIAN_POINT ( 'NONE',  ( -0.03999999999999997308, -0.1349999999999999534, -0.07000000000000000666 ) ) ;
#8 = MECHANICAL_DESIGN_GEOMETRIC_PRESENTATION_REPRESENTATION (  '', ( #1763 ), #1106 ) ;
#9 =( GEOMETRIC_REPRESENTATION_CONTEXT ( 3 ) GLOBAL_UNCERTAINTY_ASSIGNED_CONTEXT ( ( #666 ) ) GLOBAL_UNIT_ASSIGNED_CONTEXT ( ( #1949, #920, #1957 ) ) REPRESENTATION_CONTEXT ( 'NONE', 'WORKASPACE' ) );
#10 =( GEOMETRIC_REPRESENTATION_CONTEXT ( 3 ) GLOBAL_UNCERTAINTY_ASSIGNED_CONTEXT ( ( #2227 ) ) GLOBAL_UNIT_ASSIGNED_CONTEXT ( ( #247, #1958, #255 ) ) REPRESENTATION_CONTEXT ( 'NONE', 'WORKASPACE' ) );
#11 = ORIENTED_EDGE ( 'NONE', *, *, #731, .T. ) ;
#12 = SURFACE_STYLE_FILL_AREA ( #188 ) ;
#13 =( LENGTH_UNIT ( ) NAMED_UNIT ( * ) SI_UNIT ( .CENTI., .METRE. ) );
#14 = VERTEX_POINT ( 'NONE', #351 ) ;
#15 = STYLED_ITEM ( 'NONE', ( #1594 ), #954 ) ;
#16 = DIRECTION ( 'NONE',  ( 0.000000000000000000, 0.000000000000000000, 1.000000000000000000 ) ) ;
#17 = DIRECTION ( 'NONE',  ( 1.000000000000000000, 0.000000000000000000, 0.000000000000000000 ) ) ;
#18 = SURFACE_STYLE_FILL_AREA ( #858 ) ;
#19 = UNCERTAINTY_MEASURE_WITH_UNIT (LENGTH_MEASURE( 1.000000000000000082E-05 ), #977, 'distance_accuracy_value', 'NONE');
#20 = SURFACE_STYLE_FILL_AREA ( #1026 ) ;
#21 = ADVANCED_FACE ( 'Defeatured_0_20', ( #1727 ), #379, .F. ) ;
#22 = CARTESIAN_POINT ( 'NONE',  ( 0.08499999999999997835, -0.1249999999999999861, -0.07000000000000000666 ) ) ;
#23 = AXIS2_PLACEMENT_3D ( 'NONE', #314, #698, #324 ) ;
#24 = DIRECTION ( 'NONE',  ( 1.000000000000000000, 0.000000000000000000, 0.000000000000000000 ) ) ;
#25 = SURFACE_SIDE_STYLE ('',( #1201 ) ) ;
#26 = PRESENTATION_LAYER_ASSIGNMENT (  '', '', ( #985 ) ) ;
#27 = ORIENTED_EDGE ( 'NONE', *, *, #276, .F. ) ;
#28 = CARTESIAN_POINT ( 'NONE',  ( 0.1249999999999999861, -0.1349999999999999534, -0.06400000000000000133 ) ) ;
#29 = FILL_AREA_STYLE ('',( #1031 ) ) ;
#30 = ORIENTED_EDGE ( 'NONE', *, *, #1197, .F. ) ;
#31 =( NAMED_UNIT ( * ) PLANE_ANGLE_UNIT ( ) SI_UNIT ( $, .RADIAN. ) );
#32 = CARTESIAN_POINT ( 'NONE',  ( -9.836507854976522190E-18, 0.1397206509545874109, 0.02448461127798662318 ) ) ;
#33 = FACE_OUTER_BOUND ( 'NONE', #2110, .T. ) ;
#34 = ORIENTED_EDGE ( 'NONE', *, *, #1254, .F. ) ;
#35 = SURFACE_SIDE_STYLE ('',( #1368 ) ) ;
#36 = EDGE_CURVE ( 'NONE', #265, #595, #716, .T. ) ;
#37 = DIRECTION ( 'NONE',  ( 1.000000000000000000, 0.000000000000000000, 0.000000000000000000 ) ) ;
#38 = DIRECTION ( 'NONE',  ( 0.000000000000000000, 0.000000000000000000, -1.000000000000000000 ) ) ;
#39 = UNCERTAINTY_MEASURE_WITH_UNIT (LENGTH_MEASURE( 1.000000000000000082E-05 ), #1352, 'distance_accuracy_value', 'NONE');
#40 = VERTEX_POINT ( 'NONE', #447 ) ;
#41 = SURFACE_STYLE_FILL_AREA ( #541 ) ;
#42 = LINE ( 'NONE', #919, #1593 ) ;
#43 = SURFACE_STYLE_FILL_AREA ( #420 ) ;
#44 = UNCERTAINTY_MEASURE_WITH_UNIT (LENGTH_MEASURE( 1.000000000000000082E-05 ), #450, 'distance_accuracy_value', 'NONE');
#45 = ORIENTED_EDGE ( 'NONE', *, *, #453, .T. ) ;
#46 = DIRECTION ( 'NONE',  ( 1.000000000000000000, 0.000000000000000000, 0.000000000000000000 ) ) ;
#47 = VECTOR ( 'NONE', #1899, 100.0000000000000000 ) ;
#48 = EDGE_CURVE ( 'NONE', #1120, #1816, #2170, .T. ) ;
#49 = ORIENTED_EDGE ( 'NONE', *, *, #151, .F. ) ;
#50 = PRESENTATION_STYLE_ASSIGNMENT (( #1567 ) ) ;
#51 = MECHANICAL_DESIGN_GEOMETRIC_PRESENTATION_REPRESENTATION (  '', ( #1546 ), #583 ) ;
#52 = COLOUR_RGB ( '',1.000000000000000000, 1.000000000000000000, 1.000000000000000000 ) ;
#53 = MECHANICAL_DESIGN_GEOMETRIC_PRESENTATION_REPRESENTATION (  '', ( #15 ), #1507 ) ;
#54 =( LENGTH_UNIT ( ) NAMED_UNIT ( * ) SI_UNIT ( .CENTI., .METRE. ) );
#55 = DIRECTION ( 'NONE',  ( 0.000000000000000000, -0.000000000000000000, -1.000000000000000000 ) ) ;
#56 = FACE_OUTER_BOUND ( 'NONE', #1617, .T. ) ;
#57 =( GEOMETRIC_REPRESENTATION_CONTEXT ( 3 ) GLOBAL_UNCERTAINTY_ASSIGNED_CONTEXT ( ( #1920 ) ) GLOBAL_UNIT_ASSIGNED_CONTEXT ( ( #560, #411, #1947 ) ) REPRESENTATION_CONTEXT ( 'NONE', 'WORKASPACE' ) );
#58 = ORIENTED_EDGE ( 'NONE', *, *, #1909, .T. ) ;
#59 = CARTESIAN_POINT ( 'NONE',  ( 0.1249999999999999861, 0.1250000000000000278, -0.06400000000000000133 ) ) ;
#60 = DIRECTION ( 'NONE',  ( 0.000000000000000000, 0.000000000000000000, 1.000000000000000000 ) ) ;
#61 = CARTESIAN_POINT ( 'NONE',  ( 0.04521130266449980423, -0.1370991718492516331, 0.007187551897838295387 ) ) ;
#62 = EDGE_CURVE ( 'NONE', #1921, #1169, #1279, .T. ) ;
#63 = CARTESIAN_POINT ( 'NONE',  ( 0.08500000000000004774, 0.1250000000000000555, -0.06400000000000000133 ) ) ;
#64 = FILL_AREA_STYLE_COLOUR ( '', #723 ) ;
#65 = ORIENTED_EDGE ( 'NONE', *, *, #1646, .F. ) ;
#66 = FILL_AREA_STYLE_COLOUR ( '', #144 ) ;
#67 = DIRECTION ( 'NONE',  ( 0.000000000000000000, 0.000000000000000000, 1.000000000000000000 ) ) ;
#68 = EDGE_CURVE ( 'NONE', #644, #248, #615, .T. ) ;
#69 = CARTESIAN_POINT ( 'NONE',  ( -0.1249999999999999861, -0.1250000000000000000, -0.07000000000000000666 ) ) ;
#70 = SURFACE_STYLE_FILL_AREA ( #1084 ) ;
#71 = CARTESIAN_POINT ( 'NONE',  ( 0.01660922594545773123, 0.1500000000000504263, -0.003692051692807650238 ) ) ;
#72 =( GEOMETRIC_REPRESENTATION_CONTEXT ( 3 ) GLOBAL_UNCERTAINTY_ASSIGNED_CONTEXT ( ( #19 ) ) GLOBAL_UNIT_ASSIGNED_CONTEXT ( ( #977, #125, #459 ) ) REPRESENTATION_CONTEXT ( 'NONE', 'WORKASPACE' ) );
#73 = COLOUR_RGB ( '',1.000000000000000000, 1.000000000000000000, 1.000000000000000000 ) ;
#74 = ORIENTED_EDGE ( 'NONE', *, *, #1699, .T. ) ;
#75 =( NAMED_UNIT ( * ) SI_UNIT ( $, .STERADIAN. ) SOLID_ANGLE_UNIT ( ) );
#76 = MECHANICAL_DESIGN_GEOMETRIC_PRESENTATION_REPRESENTATION (  '', ( #224 ), #472 ) ;
#77 = STYLED_ITEM ( 'NONE', ( #1239 ), #1531 ) ;
#78 = CIRCLE ( 'NONE', #1213, 0.005000000000000029594 ) ;
#79 = LINE ( 'NONE', #778, #1648 ) ;
#80 = CARTESIAN_POINT ( 'NONE',  ( -0.2085288829300810387, 0.1431668013182811894, 0.004672450700374722495 ) ) ;
#81 = AXIS2_PLACEMENT_3D ( 'NONE', #987, #1660, #832 ) ;
#82 = AXIS2_PLACEMENT_3D ( 'NONE', #2128, #1814, #2139 ) ;
#83 = ORIENTED_EDGE ( 'NONE', *, *, #336, .F. ) ;
#84 = SURFACE_STYLE_USAGE ( .BOTH. , #1663 ) ;
#85 =( LENGTH_UNIT ( ) NAMED_UNIT ( * ) SI_UNIT ( .CENTI., .METRE. ) );
#86 = DIRECTION ( 'NONE',  ( 0.000000000000000000, 1.000000000000000000, -0.000000000000000000 ) ) ;
#87 = EDGE_CURVE ( 'NONE', #1030, #1898, #2200, .T. ) ;
#88 = CIRCLE ( 'NONE', #2023, 0.009999999999999982861 ) ;
#89 = ORIENTED_EDGE ( 'NONE', *, *, #1935, .F. ) ;
#90 = SURFACE_STYLE_FILL_AREA ( #2138 ) ;
#91 = VECTOR ( 'NONE', #1125, 100.0000000000000000 ) ;
#92 = DIRECTION ( 'NONE',  ( 1.000000000000000000, 0.000000000000000000, 0.000000000000000000 ) ) ;
#93 = FILL_AREA_STYLE_COLOUR ( '', #189 ) ;
#94 = ORIENTED_EDGE ( 'NONE', *, *, #276, .T. ) ;
#95 = CARTESIAN_POINT ( 'NONE',  ( -0.08500000000000000611, -0.1250000000000000000, -0.06400000000000000133 ) ) ;
#96 = SURFACE_STYLE_USAGE ( .BOTH. , #1128 ) ;
#97 = VERTEX_POINT ( 'NONE', #1079 ) ;
#98 = DIRECTION ( 'NONE',  ( 0.000000000000000000, 0.000000000000000000, 1.000000000000000000 ) ) ;
#99 = LINE ( 'NONE', #748, #2091 ) ;
#100 = CARTESIAN_POINT ( 'NONE',  ( 0.1499999999999999944, -0.1499999999999999944, -0.02600000000000000228 ) ) ;
#101 = ORIENTED_EDGE ( 'NONE', *, *, #701, .F. ) ;
#102 = FILL_AREA_STYLE_COLOUR ( '', #1774 ) ;
#103 = CARTESIAN_POINT ( 'NONE',  ( -0.1499999999999999944, 0.04964432275008255624, -0.005999999999999995788 ) ) ;
#104 = LINE ( 'NONE', #130, #1143 ) ;
#105 = ORIENTED_EDGE ( 'NONE', *, *, #928, .T. ) ;
#106 = CARTESIAN_POINT ( 'NONE',  ( 0.09499999999999991784, -0.1349999999999999534, -0.07000000000000000666 ) ) ;
#107 = CARTESIAN_POINT ( 'NONE',  ( -0.03999999999999993144, 0.1350000000000000089, -0.07000000000000000666 ) ) ;
#108 = EDGE_CURVE ( 'NONE', #492, #2116, #1114, .T. ) ;
#109 = EDGE_CURVE ( 'NONE', #1761, #14, #1350, .T. ) ;
#110 =( NAMED_UNIT ( * ) PLANE_ANGLE_UNIT ( ) SI_UNIT ( $, .RADIAN. ) );
#111 = PLANE ( 'NONE',  #1876 ) ;
#112 = VECTOR ( 'NONE', #283, 100.0000000000000000 ) ;
#113 = CIRCLE ( 'NONE', #1653, 0.009999999999999982861 ) ;
#114 = ORIENTED_EDGE ( 'NONE', *, *, #1224, .F. ) ;
#115 =( NAMED_UNIT ( * ) PLANE_ANGLE_UNIT ( ) SI_UNIT ( $, .RADIAN. ) );
#116 = DIRECTION ( 'NONE',  ( -7.228014483236694583E-17, 1.000000000000000000, 0.000000000000000000 ) ) ;
#117 = CIRCLE ( 'NONE', #2058, 0.009999999999999982861 ) ;
#118 = AXIS2_PLACEMENT_3D ( 'NONE', #201, #2221, #24 ) ;
#119 = STYLED_ITEM ( 'NONE', ( #633 ), #1861 ) ;
#120 = AXIS2_PLACEMENT_3D ( 'NONE', #959, #1313, #311 ) ;
#121 =( NAMED_UNIT ( * ) SI_UNIT ( $, .STERADIAN. ) SOLID_ANGLE_UNIT ( ) );
#122 = ORIENTED_EDGE ( 'NONE', *, *, #530, .F. ) ;
#123 =( NAMED_UNIT ( * ) PLANE_ANGLE_UNIT ( ) SI_UNIT ( $, .RADIAN. ) );
#124 = FILL_AREA_STYLE ('',( #287 ) ) ;
#125 =( NAMED_UNIT ( * ) PLANE_ANGLE_UNIT ( ) SI_UNIT ( $, .RADIAN. ) );
#126 = ORIENTED_EDGE ( 'NONE', *, *, #1197, .T. ) ;
#127 = EDGE_CURVE ( 'NONE', #1010, #1761, #242, .T. ) ;
#128 = EDGE_CURVE ( 'NONE', #2116, #1806, #918, .T. ) ;
#129 = CARTESIAN_POINT ( 'NONE',  ( 0.1499999999999999944, 0.1350000000000000089, -0.06400000000000000133 ) ) ;
#130 = CARTESIAN_POINT ( 'NONE',  ( -0.1349999999999999534, 0.1250000000000000278, -0.07000000000000000666 ) ) ;
#131 = PRODUCT_DEFINITION_SHAPE ( 'NONE', 'NONE',  #877 ) ;
#132 = ORIENTED_EDGE ( 'NONE', *, *, #1502, .F. ) ;
#133 = CARTESIAN_POINT ( 'NONE',  ( 0.1446934038039365544, 1.771983138262263367E-17, -0.001215288032368751041 ) ) ;
#134 = CARTESIAN_POINT ( 'NONE',  ( -0.04964432275008254236, -0.1500000000000000222, -0.006000000000005725580 ) ) ;
#135 = FILL_AREA_STYLE_COLOUR ( '', #442 ) ;
#136 = PLANE ( 'NONE',  #1495 ) ;
#137 = SURFACE_SIDE_STYLE ('',( #1669 ) ) ;
#138 = VERTEX_POINT ( 'NONE', #1630 ) ;
#139 = EDGE_CURVE ( 'NONE', #190, #1347, #2135, .T. ) ;
#140 = CARTESIAN_POINT ( 'NONE',  ( -1.084202172485504434E-17, 0.000000000000000000, 0.006163428940908503330 ) ) ;
#141 = ORIENTED_EDGE ( 'NONE', *, *, #806, .F. ) ;
#142 = LINE ( 'NONE', #1469, #1138 ) ;
#143 = UNCERTAINTY_MEASURE_WITH_UNIT (LENGTH_MEASURE( 1.000000000000000082E-05 ), #545, 'distance_accuracy_value', 'NONE');
#144 = COLOUR_RGB ( '',1.000000000000000000, 1.000000000000000000, 1.000000000000000000 ) ;
#145 = VERTEX_POINT ( 'NONE', #1962 ) ;
#146 = CARTESIAN_POINT ( 'NONE',  ( -0.09499999999999995948, 0.1350000000000000089, -0.07000000000000000666 ) ) ;
#147 = CIRCLE ( 'NONE', #1581, 0.1392597187529109881 ) ;
#149 = CARTESIAN_POINT ( 'NONE',  ( 0.09499999999999998723, 0.1250000000000000555, -0.06400000000000000133 ) ) ;
#148 = MECHANICAL_DESIGN_GEOMETRIC_PRESENTATION_REPRESENTATION (  '', ( #334 ), #1980 ) ;
#150 = EDGE_CURVE ( 'NONE', #1649, #1290, #965, .T. ) ;
#151 = EDGE_CURVE ( 'NONE', #1169, #1161, #418, .T. ) ;
#152 = AXIS2_PLACEMENT_3D ( 'NONE', #1535, #876, #697 ) ;
#153 = VECTOR ( 'NONE', #1969, 100.0000000000000000 ) ;
#154 = ORIENTED_EDGE ( 'NONE', *, *, #491, .T. ) ;
#155 = SURFACE_SIDE_STYLE ('',( #1680 ) ) ;
#156 = EDGE_CURVE ( 'NONE', #394, #97, #1353, .T. ) ;
#157 = FILL_AREA_STYLE ('',( #2034 ) ) ;
#158 = COLOUR_RGB ( '',1.000000000000000000, 1.000000000000000000, 1.000000000000000000 ) ;
#159 = EDGE_LOOP ( 'NONE', ( #126, #58, #2178, #1002 ) ) ;
#160 =( NAMED_UNIT ( * ) SI_UNIT ( $, .STERADIAN. ) SOLID_ANGLE_UNIT ( ) );
#161 =( GEOMETRIC_REPRESENTATION_CONTEXT ( 3 ) GLOBAL_UNCERTAINTY_ASSIGNED_CONTEXT ( ( #642 ) ) GLOBAL_UNIT_ASSIGNED_CONTEXT ( ( #1523, #1859, #1673 ) ) REPRESENTATION_CONTEXT ( 'NONE', 'WORKASPACE' ) );
#162 = FILL_AREA_STYLE_COLOUR ( '', #1690 ) ;
#163 = ORIENTED_EDGE ( 'NONE', *, *, #68, .T. ) ;
#164 = EDGE_CURVE ( 'NONE', #2211, #392, #1604, .T. ) ;
#165 = DIRECTION ( 'NONE',  ( 1.000000000000000000, -6.472520169055026358E-16, 0.000000000000000000 ) ) ;
#166 = UNCERTAINTY_MEASURE_WITH_UNIT (LENGTH_MEASURE( 1.000000000000000082E-05 ), #1491, 'distance_accuracy_value', 'NONE');
#167 = ORIENTED_EDGE ( 'NONE', *, *, #227, .F. ) ;
#168 = CARTESIAN_POINT ( 'NONE',  ( -0.03999999999999993144, 0.1350000000000000089, -0.07000000000000000666 ) ) ;
#169 = CARTESIAN_POINT ( 'NONE',  ( -0.1349999999999999534, 0.1250000000000000278, -0.07000000000000000666 ) ) ;
#170 = DIRECTION ( 'NONE',  ( 1.000000000000000000, 1.224646799147353454E-16, 0.000000000000000000 ) ) ;
#171 = ORIENTED_EDGE ( 'NONE', *, *, #1784, .T. ) ;
#172 = SURFACE_SIDE_STYLE ('',( #1219 ) ) ;
#173 = DIRECTION ( 'NONE',  ( 0.000000000000000000, 0.000000000000000000, 1.000000000000000000 ) ) ;
#174 = LINE ( 'NONE', #1545, #510 ) ;
#175 = PLANE ( 'NONE',  #1405 ) ;
#176 = EDGE_CURVE ( 'NONE', #1574, #1030, #99, .T. ) ;
#177 = EDGE_CURVE ( 'NONE', #1340, #1014, #401, .T. ) ;
#178 = ORIENTED_EDGE ( 'NONE', *, *, #1168, .T. ) ;
#179 = AXIS2_PLACEMENT_3D ( 'NONE', #653, #1337, #2199 ) ;
#180 = SURFACE_SIDE_STYLE ('',( #41 ) ) ;
#181 = VECTOR ( 'NONE', #787, 100.0000000000000000 ) ;
#182 = DIRECTION ( 'NONE',  ( 0.000000000000000000, 0.000000000000000000, 1.000000000000000000 ) ) ;
#183 = COLOUR_RGB ( '',1.000000000000000000, 1.000000000000000000, 1.000000000000000000 ) ;
#184 = STYLED_ITEM ( 'NONE', ( #506 ), #514 ) ;
#185 = VECTOR ( 'NONE', #2187, 100.0000000000000000 ) ;
#186 =( GEOMETRIC_REPRESENTATION_CONTEXT ( 3 ) GLOBAL_UNCERTAINTY_ASSIGNED_CONTEXT ( ( #1849 ) ) GLOBAL_UNIT_ASSIGNED_CONTEXT ( ( #1273, #1053, #1263 ) ) REPRESENTATION_CONTEXT ( 'NONE', 'WORKASPACE' ) );
#187 = VERTEX_POINT ( 'NONE', #1458 ) ;
#188 = FILL_AREA_STYLE ('',( #1015 ) ) ;
#189 = COLOUR_RGB ( '',1.000000000000000000, 1.000000000000000000, 1.000000000000000000 ) ;
#190 = VERTEX_POINT ( 'NONE', #740 ) ;
#191 = CIRCLE ( 'NONE', #1440, 0.1432724144478925155 ) ;
#192 = CARTESIAN_POINT ( 'NONE',  ( -0.04999999999999996114, -0.1249999999999999861, -0.07000000000000000666 ) ) ;
#193 = SURFACE_STYLE_USAGE ( .BOTH. , #2099 ) ;
#194 = UNCERTAINTY_MEASURE_WITH_UNIT (LENGTH_MEASURE( 1.000000000000000082E-05 ), #816, 'distance_accuracy_value', 'NONE');
#195 = PRESENTATION_STYLE_ASSIGNMENT (( #696 ) ) ;
#196 = CARTESIAN_POINT ( 'NONE',  ( -1.198931017367518968E-17, 0.1397206509545873554, 0.02448461127798661624 ) ) ;
#197 = DIRECTION ( 'NONE',  ( -0.000000000000000000, 0.000000000000000000, 1.000000000000000000 ) ) ;
#198 = EDGE_CURVE ( 'NONE', #1129, #313, #79, .T. ) ;
#199 = EDGE_CURVE ( 'NONE', #2211, #1873, #1003, .T. ) ;
#200 = CARTESIAN_POINT ( 'NONE',  ( 0.1499999999999999944, -0.1499999999999999944, -0.005999999999999996655 ) ) ;
#201 = CARTESIAN_POINT ( 'NONE',  ( -0.09499999999999995948, 0.1250000000000000000, -0.06400000000000000133 ) ) ;
#202 = AXIS2_PLACEMENT_3D ( 'NONE', #600, #1298, #431 ) ;
#203 = ORIENTED_EDGE ( 'NONE', *, *, #1646, .T. ) ;
#204 = SURFACE_STYLE_USAGE ( .BOTH. , #172 ) ;
#205 = FILL_AREA_STYLE_COLOUR ( '', #542 ) ;
#206 = CARTESIAN_POINT ( 'NONE',  ( -0.04999999999999996114, 0.02449489742783187568, -0.06400000000000000133 ) ) ;
#207 = ORIENTED_EDGE ( 'NONE', *, *, #878, .T. ) ;
#208 = CARTESIAN_POINT ( 'NONE',  ( 0.04999999999999998196, 0.1250000000000000278, -0.06400000000000000133 ) ) ;
#209 = DIRECTION ( 'NONE',  ( 1.445602896647335958E-15, 1.000000000000000000, -0.000000000000000000 ) ) ;
#210 = EDGE_CURVE ( 'NONE', #1340, #922, #1442, .T. ) ;
#211 = ORIENTED_EDGE ( 'NONE', *, *, #128, .T. ) ;
#212 = DIRECTION ( 'NONE',  ( 0.000000000000000000, 0.000000000000000000, 1.000000000000000000 ) ) ;
#213 = DIRECTION ( 'NONE',  ( 0.000000000000000000, 0.000000000000000000, 1.000000000000000000 ) ) ;
#214 = DIRECTION ( 'NONE',  ( -1.000000000000000000, 0.000000000000000000, -0.000000000000000000 ) ) ;
#215 = VERTEX_POINT ( 'NONE', #1479 ) ;
#216 = FACE_OUTER_BOUND ( 'NONE', #2191, .T. ) ;
#217 = DIRECTION ( 'NONE',  ( 0.000000000000000000, 1.000000000000000000, -0.000000000000000000 ) ) ;
#218 =( NAMED_UNIT ( * ) PLANE_ANGLE_UNIT ( ) SI_UNIT ( $, .RADIAN. ) );
#219 = CARTESIAN_POINT ( 'NONE',  ( -0.1499999999999999944, 0.1499999999999999944, -0.005999999999999994053 ) ) ;
#220 = MECHANICAL_DESIGN_GEOMETRIC_PRESENTATION_REPRESENTATION (  '', ( #363 ), #1789 ) ;
#221 = EDGE_CURVE ( 'NONE', #215, #1649, #1824, .T. ) ;
#222 = PRESENTATION_STYLE_ASSIGNMENT (( #1758 ) ) ;
#223 =( NAMED_UNIT ( * ) PLANE_ANGLE_UNIT ( ) SI_UNIT ( $, .RADIAN. ) );
#224 = STYLED_ITEM ( 'NONE', ( #1188 ), #1296 ) ;
#225 = AXIS2_PLACEMENT_3D ( 'NONE', #992, #454, #1287 ) ;
#226 = ORIENTED_EDGE ( 'NONE', *, *, #1759, .F. ) ;
#227 = EDGE_CURVE ( 'NONE', #187, #955, #326, .T. ) ;
#228 = EDGE_CURVE ( 'NONE', #1694, #145, #843, .T. ) ;
#229 =( NAMED_UNIT ( * ) SI_UNIT ( $, .STERADIAN. ) SOLID_ANGLE_UNIT ( ) );
#230 = AXIS2_PLACEMENT_3D ( 'NONE', #2204, #116, #989 ) ;
#231 = VERTEX_POINT ( 'NONE', #306 ) ;
#232 = CARTESIAN_POINT ( 'NONE',  ( -0.1636515643517103547, -0.1036731183986310534, 0.2185295201394878428 ) ) ;
#233 = SURFACE_SIDE_STYLE ('',( #1396 ) ) ;
#234 = FACE_OUTER_BOUND ( 'NONE', #729, .T. ) ;
#235 = CYLINDRICAL_SURFACE ( 'NONE', #1464, 0.009999999999999960310 ) ;
#236 = VECTOR ( 'NONE', #719, 100.0000000000000000 ) ;
#237 = SURFACE_SIDE_STYLE ('',( #581 ) ) ;
#238 = ORIENTED_EDGE ( 'NONE', *, *, #1595, .F. ) ;
#239 = FILL_AREA_STYLE_COLOUR ( '', #652 ) ;
#240 = CARTESIAN_POINT ( 'NONE',  ( 0.09499999999999998723, 0.1350000000000000644, -0.06400000000000000133 ) ) ;
#241 = EDGE_CURVE ( 'NONE', #1898, #496, #1520, .T. ) ;
#242 = LINE ( 'NONE', #597, #508 ) ;
#243 = DIRECTION ( 'NONE',  ( 1.000000000000000000, 0.000000000000000000, 0.000000000000000000 ) ) ;
#244 = PRESENTATION_STYLE_ASSIGNMENT (( #1250 ) ) ;
#245 = FILL_AREA_STYLE_COLOUR ( '', #1075 ) ;
#246 = UNCERTAINTY_MEASURE_WITH_UNIT (LENGTH_MEASURE( 1.000000000000000082E-05 ), #1027, 'distance_accuracy_value', 'NONE');
#247 =( LENGTH_UNIT ( ) NAMED_UNIT ( * ) SI_UNIT ( .CENTI., .METRE. ) );
#248 = VERTEX_POINT ( 'NONE', #632 ) ;
#249 = CARTESIAN_POINT ( 'NONE',  ( 0.1499999999999999944, -0.03305236431369329431, -0.005999999999999798030 ) ) ;
#250 = CARTESIAN_POINT ( 'NONE',  ( 0.04000000000000002165, 0.1250000000000000278, -0.06400000000000000133 ) ) ;
#251 = ADVANCED_FACE ( 'Defeatured_0_22', ( #986 ), #136, .F. ) ;
#252 = CARTESIAN_POINT ( 'NONE',  ( -0.1401848849814890940, 0.1055344204029142474, 0.2210236527454154110 ) ) ;
#253 = VERTEX_POINT ( 'NONE', #1305 ) ;
#254 =( NAMED_UNIT ( * ) PLANE_ANGLE_UNIT ( ) SI_UNIT ( $, .RADIAN. ) );
#255 =( NAMED_UNIT ( * ) SI_UNIT ( $, .STERADIAN. ) SOLID_ANGLE_UNIT ( ) );
#256 = VECTOR ( 'NONE', #272, 100.0000000000000000 ) ;
#257 = VECTOR ( 'NONE', #1708, 100.0000000000000000 ) ;
#258 = ORIENTED_EDGE ( 'NONE', *, *, #1448, .T. ) ;
#259 = SURFACE_SIDE_STYLE ('',( #1095 ) ) ;
#260 = LINE ( 'NONE', #747, #1113 ) ;
#261 = STYLED_ITEM ( 'NONE', ( #839 ), #777 ) ;
#262 = CARTESIAN_POINT ( 'NONE',  ( 0.1349999999999999534, 0.1499999999999999944, -0.06400000000000000133 ) ) ;
#263 = CARTESIAN_POINT ( 'NONE',  ( -0.2434362157412951477, -0.05974114949989801221, -0.03403845584964333704 ) ) ;
#264 = VECTOR ( 'NONE', #460, 100.0000000000000000 ) ;
#265 = VERTEX_POINT ( 'NONE', #1681 ) ;
#266 = FILL_AREA_STYLE_COLOUR ( '', #1470 ) ;
#267 = FILL_AREA_STYLE ('',( #245 ) ) ;
#268 = CARTESIAN_POINT ( 'NONE',  ( -0.04964432275008005130, 0.1500000000000001332, -0.005999999999999995788 ) ) ;
#269 = ORIENTED_EDGE ( 'NONE', *, *, #687, .T. ) ;
#270 = COLOUR_RGB ( '',1.000000000000000000, 1.000000000000000000, 1.000000000000000000 ) ;
#271 = CARTESIAN_POINT ( 'NONE',  ( 0.09499999999999998723, 0.1350000000000000644, -0.07000000000000000666 ) ) ;
#272 = DIRECTION ( 'NONE',  ( 0.000000000000000000, 1.000000000000000000, 0.000000000000000000 ) ) ;
#273 = VERTEX_POINT ( 'NONE', #1659 ) ;
#274 =( LENGTH_UNIT ( ) NAMED_UNIT ( * ) SI_UNIT ( .CENTI., .METRE. ) );
#275 = CARTESIAN_POINT ( 'NONE',  ( -0.07334651740295468347, 0.1421554706584497174, -0.005999999999999994053 ) ) ;
#276 = EDGE_CURVE ( 'NONE', #14, #1010, #2190, .T. ) ;
#277 = ORIENTED_EDGE ( 'NONE', *, *, #198, .T. ) ;
#278 = PLANE ( 'NONE',  #1137 ) ;
#279 = CARTESIAN_POINT ( 'NONE',  ( 0.1500000000000000222, -0.1500000000000000222, -0.006000000000011313124 ) ) ;
#280 = DIRECTION ( 'NONE',  ( -0.000000000000000000, -0.000000000000000000, -1.000000000000000000 ) ) ;
#281 =( NAMED_UNIT ( * ) SI_UNIT ( $, .STERADIAN. ) SOLID_ANGLE_UNIT ( ) );
#282 = ORIENTED_EDGE ( 'NONE', *, *, #878, .F. ) ;
#283 = DIRECTION ( 'NONE',  ( 1.000000000000000000, 0.000000000000000000, 0.000000000000000000 ) ) ;
#284 = CYLINDRICAL_SURFACE ( 'NONE', #976, 0.005000000000000018319 ) ;
#285 = ORIENTED_EDGE ( 'NONE', *, *, #2002, .T. ) ;
#286 =( LENGTH_UNIT ( ) NAMED_UNIT ( * ) SI_UNIT ( .CENTI., .METRE. ) );
#287 = FILL_AREA_STYLE_COLOUR ( '', #752 ) ;
#288 = AXIS2_PLACEMENT_3D ( 'NONE', #409, #2153, #945 ) ;
#289 = ADVANCED_FACE ( 'Defeatured_0_27', ( #1165 ), #1839, .T. ) ;
#290 = DIRECTION ( 'NONE',  ( 3.469446951953613696E-16, 1.000000000000000000, 0.000000000000000000 ) ) ;
#291 = MECHANICAL_DESIGN_GEOMETRIC_PRESENTATION_REPRESENTATION (  '', ( #1497 ), #935 ) ;
#292 = MECHANICAL_DESIGN_GEOMETRIC_PRESENTATION_REPRESENTATION (  '', ( #1831 ), #1496 ) ;
#293 = LINE ( 'NONE', #2005, #763 ) ;
#294 = AXIS2_PLACEMENT_3D ( 'NONE', #1526, #537, #893 ) ;
#295 = EDGE_LOOP ( 'NONE', ( #958, #258, #998, #1928, #449, #1687, #2003, #1840 ) ) ;
#296 = FACE_OUTER_BOUND ( 'NONE', #1466, .T. ) ;
#297 = SURFACE_STYLE_USAGE ( .BOTH. , #1117 ) ;
#298 =( GEOMETRIC_REPRESENTATION_CONTEXT ( 3 ) GLOBAL_UNCERTAINTY_ASSIGNED_CONTEXT ( ( #509 ) ) GLOBAL_UNIT_ASSIGNED_CONTEXT ( ( #2039, #660, #463 ) ) REPRESENTATION_CONTEXT ( 'NONE', 'WORKASPACE' ) );
#299 = CARTESIAN_POINT ( 'NONE',  ( -0.04999999999999996114, 0.1250000000000000278, -0.07000000000000000666 ) ) ;
#300 = COLOUR_RGB ( '',1.000000000000000000, 1.000000000000000000, 1.000000000000000000 ) ;
#301 = AXIS2_PLACEMENT_3D ( 'NONE', #59, #1851, #1568 ) ;
#302 = CARTESIAN_POINT ( 'NONE',  ( 0.1249999999999999861, 0.1350000000000000644, -0.07000000000000000666 ) ) ;
#303 = EDGE_LOOP ( 'NONE', ( #807, #2103, #1441, #1813 ) ) ;
#304 = CARTESIAN_POINT ( 'NONE',  ( 0.1432724144448691284, -0.2865448288897382012, 0.006163428929083286309 ) ) ;
#305 =( LENGTH_UNIT ( ) NAMED_UNIT ( * ) SI_UNIT ( .CENTI., .METRE. ) );
#306 = CARTESIAN_POINT ( 'NONE',  ( -0.09499999999999994560, 0.1350000000000000089, -0.06400000000000000133 ) ) ;
#307 = ADVANCED_FACE ( 'Defeatured_0_11', ( #1918 ), #1739, .F. ) ;
#308 = COLOUR_RGB ( '',1.000000000000000000, 1.000000000000000000, 1.000000000000000000 ) ;
#309 = ORIENTED_EDGE ( 'NONE', *, *, #1743, .F. ) ;
#310 =( NAMED_UNIT ( * ) SI_UNIT ( $, .STERADIAN. ) SOLID_ANGLE_UNIT ( ) );
#311 = DIRECTION ( 'NONE',  ( -1.000000000000000000, 0.000000000000000000, -0.000000000000000000 ) ) ;
#312 = DIRECTION ( 'NONE',  ( 0.000000000000000000, 0.000000000000000000, 1.000000000000000000 ) ) ;
#313 = VERTEX_POINT ( 'NONE', #714 ) ;
#314 = CARTESIAN_POINT ( 'NONE',  ( 0.05000000000000000278, -0.1249999999999999861, -0.07000000000000000666 ) ) ;
#315 = DIRECTION ( 'NONE',  ( 1.000000000000000000, 0.000000000000000000, 0.000000000000000000 ) ) ;
#316 = FACE_OUTER_BOUND ( 'NONE', #525, .T. ) ;
#317 = ADVANCED_FACE ( 'Defeatured_0_35', ( #1579 ), #1205, .F. ) ;
#318 = ORIENTED_EDGE ( 'NONE', *, *, #388, .T. ) ;
#319 = LINE ( 'NONE', #1494, #2141 ) ;
#320 = EDGE_CURVE ( 'NONE', #394, #1064, #1721, .T. ) ;
#321 = EDGE_CURVE ( 'NONE', #1019, #1698, #174, .T. ) ;
#322 = DIRECTION ( 'NONE',  ( -1.000000000000000000, 0.000000000000000000, -1.040519902552023170E-16 ) ) ;
#323 = EDGE_LOOP ( 'NONE', ( #853, #171, #983, #775 ) ) ;
#324 = DIRECTION ( 'NONE',  ( 1.734723475976807094E-16, -1.000000000000000000, 0.000000000000000000 ) ) ;
#325 = PRESENTATION_STYLE_ASSIGNMENT (( #2033 ) ) ;
#326 = CIRCLE ( 'NONE', #179, 0.01000000000000000541 ) ;
#327 = UNCERTAINTY_MEASURE_WITH_UNIT (LENGTH_MEASURE( 1.000000000000000082E-05 ), #1046, 'distance_accuracy_value', 'NONE');
#328 =( GEOMETRIC_REPRESENTATION_CONTEXT ( 3 ) GLOBAL_UNCERTAINTY_ASSIGNED_CONTEXT ( ( #1057 ) ) GLOBAL_UNIT_ASSIGNED_CONTEXT ( ( #586, #1087, #75 ) ) REPRESENTATION_CONTEXT ( 'NONE', 'WORKASPACE' ) );
#329 = ORIENTED_EDGE ( 'NONE', *, *, #127, .T. ) ;
#330 = LINE ( 'NONE', #1475, #112 ) ;
#331 =( GEOMETRIC_REPRESENTATION_CONTEXT ( 3 ) GLOBAL_UNCERTAINTY_ASSIGNED_CONTEXT ( ( #531 ) ) GLOBAL_UNIT_ASSIGNED_CONTEXT ( ( #1658, #1343, #1175 ) ) REPRESENTATION_CONTEXT ( 'NONE', 'WORKASPACE' ) );
#332 = STYLED_ITEM ( 'NONE', ( #445 ), #607 ) ;
#333 = COLOUR_RGB ( '',1.000000000000000000, 1.000000000000000000, 1.000000000000000000 ) ;
#335 = CARTESIAN_POINT ( 'NONE',  ( 0.1499999999999999944, 0.1499999999999999944, -0.06400000000000000133 ) ) ;
#334 = STYLED_ITEM ( 'NONE', ( #968 ), #907 ) ;
#336 = EDGE_CURVE ( 'NONE', #1569, #265, #1614, .T. ) ;
#337 = MECHANICAL_DESIGN_GEOMETRIC_PRESENTATION_REPRESENTATION (  '', ( #1725 ), #836 ) ;
#338 = VERTEX_POINT ( 'NONE', #1032 ) ;
#339 = FILL_AREA_STYLE_COLOUR ( '', #1903 ) ;
#340 = CARTESIAN_POINT ( 'NONE',  ( -0.09499999999999998723, -0.1349999999999999811, -0.07000000000000000666 ) ) ;
#341 = SURFACE_STYLE_USAGE ( .BOTH. , #1490 ) ;
#342 = CARTESIAN_POINT ( 'NONE',  ( -0.1349999999999999534, 0.1250000000000000278, -0.07000000000000000666 ) ) ;
#343 = AXIS2_PLACEMENT_3D ( 'NONE', #1249, #1072, #243 ) ;
#344 = ORIENTED_EDGE ( 'NONE', *, *, #109, .T. ) ;
#345 = LINE ( 'NONE', #168, #2152 ) ;
#346 = LINE ( 'NONE', #888, #1799 ) ;
#347 = VERTEX_POINT ( 'NONE', #192 ) ;
#348 = FILL_AREA_STYLE_COLOUR ( '', #183 ) ;
#349 = SURFACE_SIDE_STYLE ('',( #1701 ) ) ;
#350 = UNCERTAINTY_MEASURE_WITH_UNIT (LENGTH_MEASURE( 1.000000000000000082E-05 ), #1025, 'distance_accuracy_value', 'NONE');
#351 = CARTESIAN_POINT ( 'NONE',  ( 0.04964432275007826106, -0.1499999999999999667, -0.005999999999999995788 ) ) ;
#352 = DIRECTION ( 'NONE',  ( -0.000000000000000000, -0.000000000000000000, -1.000000000000000000 ) ) ;
#353 = FACE_OUTER_BOUND ( 'NONE', #658, .T. ) ;
#354 = DIRECTION ( 'NONE',  ( -1.000000000000000000, 1.445602896647335958E-15, 0.000000000000000000 ) ) ;
#355 = ORIENTED_EDGE ( 'NONE', *, *, #176, .T. ) ;
#356 =( NAMED_UNIT ( * ) PLANE_ANGLE_UNIT ( ) SI_UNIT ( $, .RADIAN. ) );
#357 = APPLICATION_CONTEXT ( 'automotive_design' ) ;
#358 = PRESENTATION_STYLE_ASSIGNMENT (( #874 ) ) ;
#359 = CYLINDRICAL_SURFACE ( 'NONE', #481, 0.009999999999999982861 ) ;
#360 = EDGE_CURVE ( 'NONE', #910, #1139, #448, .T. ) ;
#361 = ADVANCED_FACE ( 'Defeatured_0_12', ( #1383 ), #1110, .F. ) ;
#362 = ORIENTED_EDGE ( 'NONE', *, *, #1254, .T. ) ;
#363 = STYLED_ITEM ( 'NONE', ( #195 ), #21 ) ;
#364 = SURFACE_SIDE_STYLE ('',( #864 ) ) ;
#365 = VECTOR ( 'NONE', #2032, 100.0000000000000000 ) ;
#366 = LINE ( 'NONE', #1933, #628 ) ;
#367 =( NAMED_UNIT ( * ) PLANE_ANGLE_UNIT ( ) SI_UNIT ( $, .RADIAN. ) );
#368 = SURFACE_STYLE_FILL_AREA ( #902 ) ;
#369 = VECTOR ( 'NONE', #86, 100.0000000000000000 ) ;
#370 = PRESENTATION_LAYER_ASSIGNMENT (  '', '', ( #1546 ) ) ;
#371 = ORIENTED_EDGE ( 'NONE', *, *, #177, .F. ) ;
#372 = PRESENTATION_STYLE_ASSIGNMENT (( #1539 ) ) ;
#373 = FILL_AREA_STYLE ('',( #1901 ) ) ;
#374 = VECTOR ( 'NONE', #1611, 100.0000000000000000 ) ;
#375 =( GEOMETRIC_REPRESENTATION_CONTEXT ( 3 ) GLOBAL_UNCERTAINTY_ASSIGNED_CONTEXT ( ( #489 ) ) GLOBAL_UNIT_ASSIGNED_CONTEXT ( ( #305, #1489, #1501 ) ) REPRESENTATION_CONTEXT ( 'NONE', 'WORKASPACE' ) );
#376 = FILL_AREA_STYLE_COLOUR ( '', #73 ) ;
#377 = FILL_AREA_STYLE_COLOUR ( '', #2060 ) ;
#378 = UNCERTAINTY_MEASURE_WITH_UNIT (LENGTH_MEASURE( 1.000000000000000082E-05 ), #708, 'distance_accuracy_value', 'NONE');
#379 = PLANE ( 'NONE',  #469 ) ;
#380 = EDGE_CURVE ( 'NONE', #4, #273, #941, .T. ) ;
#381 = DIRECTION ( 'NONE',  ( -2.157506723018340805E-16, 1.000000000000000000, 0.000000000000000000 ) ) ;
#382 = DIRECTION ( 'NONE',  ( 0.000000000000000000, 0.000000000000000000, 1.000000000000000000 ) ) ;
#383 = ORIENTED_EDGE ( 'NONE', *, *, #36, .T. ) ;
#384 = CARTESIAN_POINT ( 'NONE',  ( 0.03999999999999997308, -0.1349999999999999534, -0.06400000000000000133 ) ) ;
#385 = FILL_AREA_STYLE_COLOUR ( '', #623 ) ;
#386 = EDGE_LOOP ( 'NONE', ( #1672, #282, #2038, #1717 ) ) ;
#387 = LINE ( 'NONE', #1375, #1468 ) ;
#388 = EDGE_CURVE ( 'NONE', #1569, #1019, #859, .T. ) ;
#389 = CARTESIAN_POINT ( 'NONE',  ( -0.1580017682854035488, -0.3160035365708071531, -0.005999999999999998390 ) ) ;
#390 = LINE ( 'NONE', #1061, #2100 ) ;
#391 = ADVANCED_FACE ( 'Defeatured_0_34', ( #2159 ), #1960, .T. ) ;
#392 = VERTEX_POINT ( 'NONE', #1516 ) ;
#393 = PLANE ( 'NONE',  #546 ) ;
#394 = VERTEX_POINT ( 'NONE', #650 ) ;
#395 = CARTESIAN_POINT ( 'NONE',  ( 0.09499999999999998723, 0.1250000000000000555, -0.07000000000000000666 ) ) ;
#396 = CARTESIAN_POINT ( 'NONE',  ( 0.1499999999999999944, 0.01658585034424682469, -0.003687462484938650725 ) ) ;
#397 = VERTEX_POINT ( 'NONE', #984 ) ;
#398 = DIRECTION ( 'NONE',  ( 0.000000000000000000, -1.000000000000000000, 0.000000000000000000 ) ) ;
#399 = CARTESIAN_POINT ( 'NONE',  ( -0.4800000000000000377, 0.1500000000000000500, -0.005999999999999994053 ) ) ;
#400 = FILL_AREA_STYLE ('',( #914 ) ) ;
#401 = CIRCLE ( 'NONE', #1136, 0.009999999999999960310 ) ;
#402 = CARTESIAN_POINT ( 'NONE',  ( 0.1432724144448690451, 0.2865448288897382012, 0.006163428929083286309 ) ) ;
#403 = PRESENTATION_LAYER_ASSIGNMENT (  '', '', ( #938 ) ) ;
#404 = EDGE_LOOP ( 'NONE', ( #1597, #2114, #1317, #1445 ) ) ;
#406 = CARTESIAN_POINT ( 'NONE',  ( 0.1499999999999999944, -0.04964432275007753248, -0.006000000000005725580 ) ) ;
#405 = AXIS2_PLACEMENT_3D ( 'NONE', #100, #1480, #1848 ) ;
#407 =( GEOMETRIC_REPRESENTATION_CONTEXT ( 3 ) GLOBAL_UNCERTAINTY_ASSIGNED_CONTEXT ( ( #378 ) ) GLOBAL_UNIT_ASSIGNED_CONTEXT ( ( #708, #1514, #1895 ) ) REPRESENTATION_CONTEXT ( 'NONE', 'WORKASPACE' ) );
#408 = MECHANICAL_DESIGN_GEOMETRIC_PRESENTATION_REPRESENTATION (  '', ( #757 ), #1398 ) ;
#409 = CARTESIAN_POINT ( 'NONE',  ( 0.1249999999999999861, 0.1250000000000000278, -0.07000000000000000666 ) ) ;
#410 = DIRECTION ( 'NONE',  ( 0.000000000000000000, -0.000000000000000000, -1.000000000000000000 ) ) ;
#411 =( NAMED_UNIT ( * ) PLANE_ANGLE_UNIT ( ) SI_UNIT ( $, .RADIAN. ) );
#412 = DIRECTION ( 'NONE',  ( 1.000000000000000000, 0.000000000000000000, 0.000000000000000000 ) ) ;
#413 = DIRECTION ( 'NONE',  ( 0.000000000000000000, 0.000000000000000000, 1.000000000000000000 ) ) ;
#414 = VECTOR ( 'NONE', #1179, 100.0000000000000000 ) ;
#415 =( NAMED_UNIT ( * ) SI_UNIT ( $, .STERADIAN. ) SOLID_ANGLE_UNIT ( ) );
#416 = EDGE_CURVE ( 'NONE', #496, #1078, #640, .T. ) ;
#417 = EDGE_LOOP ( 'NONE', ( #2158, #1556, #2164, #1382 ) ) ;
#418 = LINE ( 'NONE', #957, #1070 ) ;
#419 = FILL_AREA_STYLE_COLOUR ( '', #308 ) ;
#420 = FILL_AREA_STYLE ('',( #1956 ) ) ;
#421 = PRESENTATION_STYLE_ASSIGNMENT (( #1634 ) ) ;
#422 = CARTESIAN_POINT ( 'NONE',  ( -0.1580017682854035765, 0.3160035365708070421, -0.005999999999999998390 ) ) ;
#423 = VERTEX_POINT ( 'NONE', #2223 ) ;
#424 = DIRECTION ( 'NONE',  ( 1.000000000000000000, 0.000000000000000000, 0.000000000000000000 ) ) ;
#425 = LINE ( 'NONE', #1245, #1869 ) ;
#426 = DIRECTION ( 'NONE',  ( 0.000000000000000000, 0.000000000000000000, 1.000000000000000000 ) ) ;
#427 = PLANE ( 'NONE',  #81 ) ;
#428 = EDGE_CURVE ( 'NONE', #1964, #1340, #1838, .T. ) ;
#429 = ADVANCED_FACE ( 'Defeatured_0_24', ( #1822 ), #278, .F. ) ;
#430 = ORIENTED_EDGE ( 'NONE', *, *, #2174, .T. ) ;
#431 = DIRECTION ( 'NONE',  ( -2.157506723018340805E-16, 1.000000000000000000, 0.000000000000000000 ) ) ;
#432 = CARTESIAN_POINT ( 'NONE',  ( -0.1499999999999999944, 0.000000000000000000, -0.003687462484938627740 ) ) ;
#433 =( NAMED_UNIT ( * ) PLANE_ANGLE_UNIT ( ) SI_UNIT ( $, .RADIAN. ) );
#434 = CARTESIAN_POINT ( 'NONE',  ( 0.1504874702639112660, 0.3009749405278225876, -0.006000000000000484113 ) ) ;
#435 = PRODUCT ( 'LJ_CRBP_01_20210812_geometry', 'LJ_CRBP_01_20210812_geometry', '', ( #2203 ) ) ;
#436 =( GEOMETRIC_REPRESENTATION_CONTEXT ( 3 ) GLOBAL_UNCERTAINTY_ASSIGNED_CONTEXT ( ( #1208 ) ) GLOBAL_UNIT_ASSIGNED_CONTEXT ( ( #1024, #522, #1751 ) ) REPRESENTATION_CONTEXT ( 'NONE', 'WORKASPACE' ) );
#437 = ORIENTED_EDGE ( 'NONE', *, *, #416, .T. ) ;
#438 = CARTESIAN_POINT ( 'NONE',  ( -0.1499999999999999944, 0.000000000000000000, -0.003687462484938627740 ) ) ;
#439 = VECTOR ( 'NONE', #1016, 100.0000000000000000 ) ;
#440 = CARTESIAN_POINT ( 'NONE',  ( 0.09499999999999993172, -0.1249999999999999861, -0.06400000000000000133 ) ) ;
#441 = VECTOR ( 'NONE', #352, 100.0000000000000000 ) ;
#442 = COLOUR_RGB ( '',1.000000000000000000, 1.000000000000000000, 1.000000000000000000 ) ;
#443 = VERTEX_POINT ( 'NONE', #106 ) ;
#444 = SURFACE_STYLE_FILL_AREA ( #1978 ) ;
#445 = PRESENTATION_STYLE_ASSIGNMENT (( #96 ) ) ;
#446 = ORIENTED_EDGE ( 'NONE', *, *, #711, .T. ) ;
#447 = CARTESIAN_POINT ( 'NONE',  ( 0.1499999999999999944, 0.1499999999999999944, -0.06400000000000000133 ) ) ;
#448 = B_SPLINE_CURVE_WITH_KNOTS ( 'NONE', 3,
 ( #438, #1456, #618, #1773 ),
 .UNSPECIFIED., .F., .F.,
 ( 4, 4 ),
 ( 0.000000000000000000, 0.0004970004245870147897 ),
 .UNSPECIFIED. ) ;
#449 = ORIENTED_EDGE ( 'NONE', *, *, #579, .F. ) ;
#450 =( LENGTH_UNIT ( ) NAMED_UNIT ( * ) SI_UNIT ( .CENTI., .METRE. ) );
#451 =( NAMED_UNIT ( * ) PLANE_ANGLE_UNIT ( ) SI_UNIT ( $, .RADIAN. ) );
#452 = DIRECTION ( 'NONE',  ( 0.000000000000000000, -0.000000000000000000, -1.000000000000000000 ) ) ;
#453 = EDGE_CURVE ( 'NONE', #1243, #253, #1140, .T. ) ;
#454 = DIRECTION ( 'NONE',  ( -1.040519902541702651E-16, -0.000000000000000000, 1.000000000000000000 ) ) ;
#455 = EDGE_CURVE ( 'NONE', #1186, #14, #590, .T. ) ;
#456 = VERTEX_POINT ( 'NONE', #1303 ) ;
#457 = CARTESIAN_POINT ( 'NONE',  ( -0.1500000000000001887, -0.04964432275007950313, -0.005999999999999995788 ) ) ;
#458 = PRODUCT_DEFINITION_CONTEXT ( 'detailed design', #357, 'design' ) ;
#459 =( NAMED_UNIT ( * ) SI_UNIT ( $, .STERADIAN. ) SOLID_ANGLE_UNIT ( ) );
#460 = DIRECTION ( 'NONE',  ( -1.000000000000000000, 0.000000000000000000, -0.000000000000000000 ) ) ;
#461 = ORIENTED_EDGE ( 'NONE', *, *, #1518, .T. ) ;
#462 = CARTESIAN_POINT ( 'NONE',  ( -0.1294084598371939010, 0.09405139899834154271, -0.005999999999999994921 ) ) ;
#463 =( NAMED_UNIT ( * ) SI_UNIT ( $, .STERADIAN. ) SOLID_ANGLE_UNIT ( ) );
#464 = PRESENTATION_STYLE_ASSIGNMENT (( #1160 ) ) ;
#465 = ORIENTED_EDGE ( 'NONE', *, *, #751, .T. ) ;
#466 = FILL_AREA_STYLE_COLOUR ( '', #1696 ) ;
#467 = EDGE_CURVE ( 'NONE', #1161, #145, #113, .T. ) ;
#469 = AXIS2_PLACEMENT_3D ( 'NONE', #1049, #1741, #1583 ) ;
#468 = CARTESIAN_POINT ( 'NONE',  ( 0.08499999999999996447, -0.1249999999999999861, -0.07000000000000000666 ) ) ;
#470 = LINE ( 'NONE', #841, #1393 ) ;
#471 = CARTESIAN_POINT ( 'NONE',  ( 0.08499999999999996447, -0.1249999999999999861, -0.07000000000000000666 ) ) ;
#472 =( GEOMETRIC_REPRESENTATION_CONTEXT ( 3 ) GLOBAL_UNCERTAINTY_ASSIGNED_CONTEXT ( ( #327 ) ) GLOBAL_UNIT_ASSIGNED_CONTEXT ( ( #1046, #1388, #1881 ) ) REPRESENTATION_CONTEXT ( 'NONE', 'WORKASPACE' ) );
#473 = MECHANICAL_DESIGN_GEOMETRIC_PRESENTATION_REPRESENTATION (  '', ( #184 ), #2012 ) ;
#474 = DIRECTION ( 'NONE',  ( -1.000000000000000000, 0.000000000000000000, 0.000000000000000000 ) ) ;
#475 = CIRCLE ( 'NONE', #1722, 0.01000000000000000541 ) ;
#476 = AXIS2_PLACEMENT_3D ( 'NONE', #601, #1786, #762 ) ;
#477 = VERTEX_POINT ( 'NONE', #1163 ) ;
#478 = FILL_AREA_STYLE ('',( #612 ) ) ;
#479 = VECTOR ( 'NONE', #1674, 100.0000000000000000 ) ;
#480 = LINE ( 'NONE', #2011, #479 ) ;
#481 = AXIS2_PLACEMENT_3D ( 'NONE', #1580, #1033, #17 ) ;
#482 = CIRCLE ( 'NONE', #82, 0.009999999999999982861 ) ;
#483 = LINE ( 'NONE', #1993, #1006 ) ;
#484 = ORIENTED_EDGE ( 'NONE', *, *, #1595, .T. ) ;
#485 = CARTESIAN_POINT ( 'NONE',  ( 0.1504874702639112660, 1.842939987704814388E-17, -0.006000000000000503195 ) ) ;
#486 = CARTESIAN_POINT ( 'NONE',  ( 0.09499999999999998723, 0.1250000000000000555, -0.07000000000000000666 ) ) ;
#487 = MECHANICAL_DESIGN_GEOMETRIC_PRESENTATION_REPRESENTATION (  '', ( #2217 ), #949 ) ;
#488 = SURFACE_STYLE_FILL_AREA ( #2216 ) ;
#489 = UNCERTAINTY_MEASURE_WITH_UNIT (LENGTH_MEASURE( 1.000000000000000082E-05 ), #305, 'distance_accuracy_value', 'NONE');
#490 =( GEOMETRIC_REPRESENTATION_CONTEXT ( 3 ) GLOBAL_UNCERTAINTY_ASSIGNED_CONTEXT ( ( #2123 ) ) GLOBAL_UNIT_ASSIGNED_CONTEXT ( ( #2165, #1828, #2000 ) ) REPRESENTATION_CONTEXT ( 'NONE', 'WORKASPACE' ) );
#491 = EDGE_CURVE ( 'NONE', #1472, #910, #2066, .T. ) ;
#492 = VERTEX_POINT ( 'NONE', #1996 ) ;
#493 = FACE_OUTER_BOUND ( 'NONE', #2202, .T. ) ;
#494 = LINE ( 'NONE', #299, #185 ) ;
#495 = DIRECTION ( 'NONE',  ( 1.040519902552023170E-16, 0.000000000000000000, -1.000000000000000000 ) ) ;
#496 = VERTEX_POINT ( 'NONE', #28 ) ;
#497 = FILL_AREA_STYLE ('',( #1845 ) ) ;
#498 = LINE ( 'NONE', #1304, #1216 ) ;
#499 = CARTESIAN_POINT ( 'NONE',  ( -0.1500000000000001887, -0.04964432275007950313, -0.005999999999999995788 ) ) ;
#500 = ORIENTED_EDGE ( 'NONE', *, *, #1103, .T. ) ;
#501 = EDGE_CURVE ( 'NONE', #2073, #273, #1178, .T. ) ;
#502 = DIRECTION ( 'NONE',  ( 0.000000000000000000, 0.000000000000000000, 1.000000000000000000 ) ) ;
#503 = FACE_BOUND ( 'NONE', #555, .T. ) ;
#504 = EDGE_LOOP ( 'NONE', ( #1967, #1990, #2137, #446 ) ) ;
#505 = B_SPLINE_CURVE_WITH_KNOTS ( 'NONE', 3,
 ( #1166, #1017, #844, #1190, #2062, #499 ),
 .UNSPECIFIED., .F., .F.,
 ( 4, 2, 4 ),
 ( 0.000000000000000000, 0.5000000000000000000, 1.000000000000000000 ),
 .UNSPECIFIED. ) ;
#506 = PRESENTATION_STYLE_ASSIGNMENT (( #204 ) ) ;
#507 = DIRECTION ( 'NONE',  ( -0.000000000000000000, -0.000000000000000000, -1.000000000000000000 ) ) ;
#508 = VECTOR ( 'NONE', #575, 100.0000000000000000 ) ;
#509 = UNCERTAINTY_MEASURE_WITH_UNIT (LENGTH_MEASURE( 1.000000000000000082E-05 ), #2039, 'distance_accuracy_value', 'NONE');
#510 = VECTOR ( 'NONE', #16, 100.0000000000000000 ) ;
#511 = ORIENTED_EDGE ( 'NONE', *, *, #557, .F. ) ;
#512 = CYLINDRICAL_SURFACE ( 'NONE', #152, 0.01000000000000000541 ) ;
#513 = STYLED_ITEM ( 'NONE', ( #1023 ), #1309 ) ;
#514 = ADVANCED_FACE ( 'Defeatured_0_30', ( #1566 ), #1749, .T. ) ;
#515 =( LENGTH_UNIT ( ) NAMED_UNIT ( * ) SI_UNIT ( .CENTI., .METRE. ) );
#516 = AXIS2_PLACEMENT_3D ( 'NONE', #1377, #1054, #170 ) ;
#517 = VECTOR ( 'NONE', #2233, 100.0000000000000000 ) ;
#518 = CARTESIAN_POINT ( 'NONE',  ( -0.09499999999999995948, 0.1350000000000000089, -0.07000000000000000666 ) ) ;
#519 = PRESENTATION_LAYER_ASSIGNMENT (  '', '', ( #757 ) ) ;
#520 = ORIENTED_EDGE ( 'NONE', *, *, #428, .T. ) ;
#521 = FACE_OUTER_BOUND ( 'NONE', #1283, .T. ) ;
#522 =( NAMED_UNIT ( * ) PLANE_ANGLE_UNIT ( ) SI_UNIT ( $, .RADIAN. ) );
#523 = FACE_OUTER_BOUND ( 'NONE', #845, .T. ) ;
#524 = VECTOR ( 'NONE', #1769, 100.0000000000000000 ) ;
#525 = EDGE_LOOP ( 'NONE', ( #2148, #154, #2008, #1633, #211, #1408, #45 ) ) ;
#526 = DIRECTION ( 'NONE',  ( 1.000000000000000000, 0.000000000000000000, 0.000000000000000000 ) ) ;
#527 = PRESENTATION_STYLE_ASSIGNMENT (( #1746 ) ) ;
#528 = VERTEX_POINT ( 'NONE', #384 ) ;
#529 = FACE_OUTER_BOUND ( 'NONE', #295, .T. ) ;
#530 = EDGE_CURVE ( 'NONE', #190, #1795, #2082, .T. ) ;
#531 = UNCERTAINTY_MEASURE_WITH_UNIT (LENGTH_MEASURE( 1.000000000000000082E-05 ), #1658, 'distance_accuracy_value', 'NONE');
#532 = ORIENTED_EDGE ( 'NONE', *, *, #1519, .F. ) ;
#533 =( NAMED_UNIT ( * ) SI_UNIT ( $, .STERADIAN. ) SOLID_ANGLE_UNIT ( ) );
#534 = SURFACE_STYLE_FILL_AREA ( #1171 ) ;
#535 = LINE ( 'NONE', #1896, #724 ) ;
#536 = ORIENTED_EDGE ( 'NONE', *, *, #1622, .T. ) ;
#537 = DIRECTION ( 'NONE',  ( 0.000000000000000000, 0.000000000000000000, 1.000000000000000000 ) ) ;
#538 = CARTESIAN_POINT ( 'NONE',  ( 0.1349999999999999534, 0.1250000000000000278, -0.06400000000000000133 ) ) ;
#539 = ADVANCED_FACE ( 'Defeatured_0_28', ( #1342 ), #1173, .F. ) ;
#540 = ORIENTED_EDGE ( 'NONE', *, *, #1280, .T. ) ;
#541 = FILL_AREA_STYLE ('',( #2087 ) ) ;
#542 = COLOUR_RGB ( '',1.000000000000000000, 1.000000000000000000, 1.000000000000000000 ) ;
#543 = LINE ( 'NONE', #1214, #1189 ) ;
#544 = CIRCLE ( 'NONE', #516, 0.01499999999999999598 ) ;
#545 =( LENGTH_UNIT ( ) NAMED_UNIT ( * ) SI_UNIT ( .CENTI., .METRE. ) );
#546 = AXIS2_PLACEMENT_3D ( 'NONE', #1153, #2177, #627 ) ;
#547 = MECHANICAL_DESIGN_GEOMETRIC_PRESENTATION_REPRESENTATION (  '', ( #77 ), #1008 ) ;
#548 = ORIENTED_EDGE ( 'NONE', *, *, #68, .F. ) ;
#549 = CARTESIAN_POINT ( 'NONE',  ( -0.04499999999999996364, 0.02449489742783187568, -0.07000000000000000666 ) ) ;
#550 = CIRCLE ( 'NONE', #587, 0.01000000000000000541 ) ;
#551 = DIRECTION ( 'NONE',  ( -1.000000000000000000, 0.000000000000000000, -0.000000000000000000 ) ) ;
#552 = EDGE_CURVE ( 'NONE', #313, #477, #1367, .T. ) ;
#553 = ADVANCED_FACE ( 'Defeatured_0_5', ( #529 ), #1274, .F. ) ;
#554 = UNCERTAINTY_MEASURE_WITH_UNIT (LENGTH_MEASURE( 1.000000000000000082E-05 ), #1400, 'distance_accuracy_value', 'NONE');
#555 = EDGE_LOOP ( 'NONE', ( #74, #2064, #840, #1707, #207, #465, #909, #1538 ) ) ;
#556 = LINE ( 'NONE', #1225, #795 ) ;
#557 = EDGE_CURVE ( 'NONE', #1078, #215, #1686, .T. ) ;
#558 =( GEOMETRIC_REPRESENTATION_CONTEXT ( 3 ) GLOBAL_UNCERTAINTY_ASSIGNED_CONTEXT ( ( #350 ) ) GLOBAL_UNIT_ASSIGNED_CONTEXT ( ( #1025, #223, #572 ) ) REPRESENTATION_CONTEXT ( 'NONE', 'WORKASPACE' ) );
#559 = CARTESIAN_POINT ( 'NONE',  ( 0.03999999999999997308, -0.1349999999999999811, -0.07000000000000000666 ) ) ;
#560 =( LENGTH_UNIT ( ) NAMED_UNIT ( * ) SI_UNIT ( .CENTI., .METRE. ) );
#561 = CARTESIAN_POINT ( 'NONE',  ( -0.04499999999999996364, 0.02449489742783187568, -0.07000000000000000666 ) ) ;
#562 = ORIENTED_EDGE ( 'NONE', *, *, #228, .T. ) ;
#563 = CARTESIAN_POINT ( 'NONE',  ( -0.1504874702639113215, 0.000000000000000000, -0.006000000000000483245 ) ) ;
#564 = EDGE_LOOP ( 'NONE', ( #834, #238, #1702, #683 ) ) ;
#565 = FILL_AREA_STYLE ('',( #376 ) ) ;
#566 =( LENGTH_UNIT ( ) NAMED_UNIT ( * ) SI_UNIT ( .CENTI., .METRE. ) );
#567 = CARTESIAN_POINT ( 'NONE',  ( -0.2574141638268864218, -0.08458021368978758947, 0.1087630694442855983 ) ) ;
#568 = EDGE_CURVE ( 'NONE', #253, #1472, #1625, .T. ) ;
#569 = DIRECTION ( 'NONE',  ( 0.000000000000000000, 0.000000000000000000, 1.000000000000000000 ) ) ;
#570 = SURFACE_SIDE_STYLE ('',( #734 ) ) ;
#571 = CARTESIAN_POINT ( 'NONE',  ( -0.1446934038039365822, 0.000000000000000000, -0.001215288032368734561 ) ) ;
#572 =( NAMED_UNIT ( * ) SI_UNIT ( $, .STERADIAN. ) SOLID_ANGLE_UNIT ( ) );
#573 = ORIENTED_EDGE ( 'NONE', *, *, #2021, .F. ) ;
#574 = LINE ( 'NONE', #1629, #374 ) ;
#575 = DIRECTION ( 'NONE',  ( 0.000000000000000000, 1.000000000000000000, -0.000000000000000000 ) ) ;
#576 = FILL_AREA_STYLE ('',( #93 ) ) ;
#577 = LINE ( 'NONE', #2089, #1558 ) ;
#578 = DIRECTION ( 'NONE',  ( -0.000000000000000000, -1.000000000000000000, -0.000000000000000000 ) ) ;
#579 = EDGE_CURVE ( 'NONE', #492, #710, #767, .T. ) ;
#580 = AXIS2_PLACEMENT_3D ( 'NONE', #440, #2162, #1776 ) ;
#582 = PRESENTATION_LAYER_ASSIGNMENT (  '', '', ( #1831 ) ) ;
#581 = SURFACE_STYLE_FILL_AREA ( #1557 ) ;
#583 =( GEOMETRIC_REPRESENTATION_CONTEXT ( 3 ) GLOBAL_UNCERTAINTY_ASSIGNED_CONTEXT ( ( #1167 ) ) GLOBAL_UNIT_ASSIGNED_CONTEXT ( ( #85, #433, #969 ) ) REPRESENTATION_CONTEXT ( 'NONE', 'WORKASPACE' ) );
#584 = AXIS2_PLACEMENT_3D ( 'NONE', #549, #212, #46 ) ;
#585 = EDGE_LOOP ( 'NONE', ( #966, #2031, #2017, #796 ) ) ;
#586 =( LENGTH_UNIT ( ) NAMED_UNIT ( * ) SI_UNIT ( .CENTI., .METRE. ) );
#587 = AXIS2_PLACEMENT_3D ( 'NONE', #1152, #821, #1330 ) ;
#588 = CARTESIAN_POINT ( 'NONE',  ( 0.07334651740295271283, -0.1421554706584493843, -0.005999999999999994053 ) ) ;
#589 = SURFACE_SIDE_STYLE ('',( #741 ) ) ;
#590 = B_SPLINE_CURVE_WITH_KNOTS ( 'NONE', 3,
 ( #134, #2198, #1500, #1467, #630, #2018 ),
 .UNSPECIFIED., .F., .F.,
 ( 4, 2, 4 ),
 ( 0.000000000000000000, 0.0004980527256581559819, 0.0009961054513163119638 ),
 .UNSPECIFIED. ) ;
#591 = CYLINDRICAL_SURFACE ( 'NONE', #1050, 0.02000000000000002123 ) ;
#592 = PRESENTATION_STYLE_ASSIGNMENT (( #933 ) ) ;
#593 = MECHANICAL_DESIGN_GEOMETRIC_PRESENTATION_REPRESENTATION (  '', ( #1953 ), #57 ) ;
#594 = STYLED_ITEM ( 'NONE', ( #1977 ), #2212 ) ;
#595 = VERTEX_POINT ( 'NONE', #2111 ) ;
#596 = ADVANCED_FACE ( 'Defeatured_0_3', ( #1635 ), #393, .F. ) ;
#597 = CARTESIAN_POINT ( 'NONE',  ( 0.1499999999999999944, -0.1499999999999999944, -0.006000000000025458927 ) ) ;
#598 = CARTESIAN_POINT ( 'NONE',  ( -1.204904367469242232E-17, 0.1397206509545874109, 0.02448461127798662318 ) ) ;
#599 = ORIENTED_EDGE ( 'NONE', *, *, #501, .F. ) ;
#600 = CARTESIAN_POINT ( 'NONE',  ( -0.04999999999999998196, -0.02449489742783176119, -0.07000000000000000666 ) ) ;
#601 = CARTESIAN_POINT ( 'NONE',  ( -0.1349999999999999534, 0.1250000000000000278, -0.07000000000000000666 ) ) ;
#602 = CYLINDRICAL_SURFACE ( 'NONE', #1689, 0.01000000000000000541 ) ;
#603 = CARTESIAN_POINT ( 'NONE',  ( 0.1446934038039365822, 1.771983138262263675E-17, -0.001215288032368734561 ) ) ;
#604 = ORIENTED_EDGE ( 'NONE', *, *, #1961, .F. ) ;
#605 = PRESENTATION_STYLE_ASSIGNMENT (( #1628 ) ) ;
#606 = CARTESIAN_POINT ( 'NONE',  ( 0.08500000000000001998, -0.1249999999999999861, -0.06400000000000000133 ) ) ;
#607 = ADVANCED_FACE ( 'Defeatured_0_1', ( #811 ), #2140, .T. ) ;
#608 = CARTESIAN_POINT ( 'NONE',  ( -0.1499999999999999944, 0.1500000000000000222, 0.1420000000000000151 ) ) ;
#609 = PRESENTATION_STYLE_ASSIGNMENT (( #1420 ) ) ;
#610 = ORIENTED_EDGE ( 'NONE', *, *, #1642, .F. ) ;
#611 = SURFACE_STYLE_FILL_AREA ( #772 ) ;
#612 = FILL_AREA_STYLE_COLOUR ( '', #1294 ) ;
#613 = SURFACE_STYLE_USAGE ( .BOTH. , #2157 ) ;
#614 = FACE_OUTER_BOUND ( 'NONE', #972, .T. ) ;
#615 = CIRCLE ( 'NONE', #899, 0.02000000000000002123 ) ;
#616 = STYLED_ITEM ( 'NONE', ( #671 ), #429 ) ;
#617 = ORIENTED_EDGE ( 'NONE', *, *, #1063, .T. ) ;
#618 = CARTESIAN_POINT ( 'NONE',  ( -0.1499999999999999944, 0.03306295920304469504, -0.006000000000000334927 ) ) ;
#619 = DIRECTION ( 'NONE',  ( 0.000000000000000000, 0.000000000000000000, 1.000000000000000000 ) ) ;
#620 = AXIS2_PLACEMENT_3D ( 'NONE', #1665, #1001, #2193 ) ;
#621 = CIRCLE ( 'NONE', #1289, 0.02000000000000002123 ) ;
#622 = DIRECTION ( 'NONE',  ( -1.040519902552023170E-16, -0.000000000000000000, 1.000000000000000000 ) ) ;
#623 = COLOUR_RGB ( '',1.000000000000000000, 1.000000000000000000, 1.000000000000000000 ) ;
#624 = EDGE_LOOP ( 'NONE', ( #1880, #362, #1066, #993 ) ) ;
#625 = EDGE_CURVE ( 'NONE', #1816, #1921, #774, .T. ) ;
#626 = DIRECTION ( 'NONE',  ( 1.000000000000000000, 0.000000000000000000, 0.000000000000000000 ) ) ;
#627 = DIRECTION ( 'NONE',  ( -1.000000000000000000, 0.000000000000000000, -0.000000000000000000 ) ) ;
#628 = VECTOR ( 'NONE', #1039, 100.0000000000000000 ) ;
#629 = ORIENTED_EDGE ( 'NONE', *, *, #1484, .T. ) ;
#630 = CARTESIAN_POINT ( 'NONE',  ( 0.03309913429769849313, -0.1500000000000000222, -0.005999999999999881296 ) ) ;
#631 = FACE_OUTER_BOUND ( 'NONE', #159, .T. ) ;
#632 = CARTESIAN_POINT ( 'NONE',  ( -0.04599999999999997147, -0.01959591794226538813, -0.06400000000000000133 ) ) ;
#633 = PRESENTATION_STYLE_ASSIGNMENT (( #1338 ) ) ;
#634 = ORIENTED_EDGE ( 'NONE', *, *, #221, .T. ) ;
#635 = FACE_OUTER_BOUND ( 'NONE', #855, .T. ) ;
#636 = CARTESIAN_POINT ( 'NONE',  ( -0.03999999999999993144, 0.1250000000000000278, -0.07000000000000000666 ) ) ;
#637 = EDGE_CURVE ( 'NONE', #847, #703, #104, .T. ) ;
#638 =( NAMED_UNIT ( * ) SI_UNIT ( $, .STERADIAN. ) SOLID_ANGLE_UNIT ( ) );
#639 = ORIENTED_EDGE ( 'NONE', *, *, #150, .T. ) ;
#640 = LINE ( 'NONE', #994, #1900 ) ;
#641 = FILL_AREA_STYLE ('',( #135 ) ) ;
#642 = UNCERTAINTY_MEASURE_WITH_UNIT (LENGTH_MEASURE( 1.000000000000000082E-05 ), #1523, 'distance_accuracy_value', 'NONE');
#643 = CARTESIAN_POINT ( 'NONE',  ( -0.1499999999999999944, -0.1500000000000000222, -0.005999999999999996655 ) ) ;
#644 = VERTEX_POINT ( 'NONE', #2030 ) ;
#645 = PRESENTATION_STYLE_ASSIGNMENT (( #1473 ) ) ;
#646 = CARTESIAN_POINT ( 'NONE',  ( -0.04999999999999998890, -0.02449489742783176119, -0.06400000000000000133 ) ) ;
#647 = SURFACE_SIDE_STYLE ('',( #2209 ) ) ;
#648 = ORIENTED_EDGE ( 'NONE', *, *, #127, .F. ) ;
#649 = CARTESIAN_POINT ( 'NONE',  ( -0.1432724144448690728, -0.2865448288897382012, 0.006163428929083286309 ) ) ;
#651 = VECTOR ( 'NONE', #1147, 100.0000000000000000 ) ;
#650 = CARTESIAN_POINT ( 'NONE',  ( -0.03999999999999993144, 0.1350000000000000089, -0.06400000000000000133 ) ) ;
#652 = COLOUR_RGB ( '',1.000000000000000000, 1.000000000000000000, 1.000000000000000000 ) ;
#653 = CARTESIAN_POINT ( 'NONE',  ( 0.03999999999999997308, -0.1249999999999999861, -0.07000000000000000666 ) ) ;
#654 = PRESENTATION_LAYER_ASSIGNMENT (  '', '', ( #1616 ) ) ;
#655 =( NAMED_UNIT ( * ) PLANE_ANGLE_UNIT ( ) SI_UNIT ( $, .RADIAN. ) );
#656 = AXIS2_PLACEMENT_3D ( 'NONE', #1021, #700, #1573 ) ;
#657 = STYLED_ITEM ( 'NONE', ( #464 ), #713 ) ;
#658 = EDGE_LOOP ( 'NONE', ( #1172, #1602, #1181, #1951 ) ) ;
#659 = APPLICATION_PROTOCOL_DEFINITION ( 'draft international standard', 'automotive_design', 1998, #357 ) ;
#660 =( NAMED_UNIT ( * ) PLANE_ANGLE_UNIT ( ) SI_UNIT ( $, .RADIAN. ) );
#661 = ORIENTED_EDGE ( 'NONE', *, *, #2174, .F. ) ;
#662 = DIRECTION ( 'NONE',  ( 1.000000000000000000, 0.000000000000000000, 0.000000000000000000 ) ) ;
#663 = CARTESIAN_POINT ( 'NONE',  ( -0.1499999999999999944, -0.1499999999999999944, -0.06400000000000000133 ) ) ;
#664 = MECHANICAL_DESIGN_GEOMETRIC_PRESENTATION_REPRESENTATION (  '', ( #688 ), #982 ) ;
#665 = SURFACE_SIDE_STYLE ('',( #488 ) ) ;
#666 = UNCERTAINTY_MEASURE_WITH_UNIT (LENGTH_MEASURE( 1.000000000000000082E-05 ), #1949, 'distance_accuracy_value', 'NONE');
#667 = EDGE_LOOP ( 'NONE', ( #738, #1461, #1044, #648, #461, #226, #1374 ) ) ;
#668 = DIRECTION ( 'NONE',  ( 1.000000000000000000, 0.000000000000000000, 0.000000000000000000 ) ) ;
#669 = DIRECTION ( 'NONE',  ( -0.000000000000000000, -0.000000000000000000, -1.000000000000000000 ) ) ;
#670 = ORIENTED_EDGE ( 'NONE', *, *, #1089, .T. ) ;
#671 = PRESENTATION_STYLE_ASSIGNMENT (( #1985 ) ) ;
#672 = CARTESIAN_POINT ( 'NONE',  ( 0.1421554706584392258, 0.07334651740298238354, -0.005999999999999994053 ) ) ;
#673 = ORIENTED_EDGE ( 'NONE', *, *, #2161, .F. ) ;
#674 = FACE_OUTER_BOUND ( 'NONE', #1959, .T. ) ;
#675 = PLANE ( 'NONE',  #1798 ) ;
#676 = EDGE_LOOP ( 'NONE', ( #1228, #1378, #1757, #2167 ) ) ;
#677 = DIRECTION ( 'NONE',  ( 1.000000000000000000, 0.000000000000000000, 0.000000000000000000 ) ) ;
#678 = DIRECTION ( 'NONE',  ( 0.000000000000000000, 1.000000000000000000, 0.000000000000000000 ) ) ;
#679 = VECTOR ( 'NONE', #2225, 100.0000000000000000 ) ;
#680 = UNCERTAINTY_MEASURE_WITH_UNIT (LENGTH_MEASURE( 1.000000000000000082E-05 ), #1817, 'distance_accuracy_value', 'NONE');
#681 = PRESENTATION_LAYER_ASSIGNMENT (  '', '', ( #1497 ) ) ;
#682 = AXIS2_PLACEMENT_3D ( 'NONE', #395, #1637, #2168 ) ;
#683 = ORIENTED_EDGE ( 'NONE', *, *, #1623, .F. ) ;
#684 = SURFACE_STYLE_FILL_AREA ( #1534 ) ;
#685 = STYLED_ITEM ( 'NONE', ( #421 ), #1564 ) ;
#686 = LINE ( 'NONE', #559, #2020 ) ;
#687 = EDGE_CURVE ( 'NONE', #187, #755, #483, .T. ) ;
#688 = STYLED_ITEM ( 'NONE', ( #2173 ), #1891 ) ;
#690 = FACE_BOUND ( 'NONE', #1827, .T. ) ;
#689 = STYLED_ITEM ( 'NONE', ( #2122 ), #849 ) ;
#691 =( NAMED_UNIT ( * ) PLANE_ANGLE_UNIT ( ) SI_UNIT ( $, .RADIAN. ) );
#692 = MECHANICAL_DESIGN_GEOMETRIC_PRESENTATION_REPRESENTATION (  '', ( #1587 ), #1040 ) ;
#693 = ORIENTED_EDGE ( 'NONE', *, *, #1952, .F. ) ;
#694 = DIRECTION ( 'NONE',  ( 0.000000000000000000, 0.000000000000000000, 1.000000000000000000 ) ) ;
#695 = ORIENTED_EDGE ( 'NONE', *, *, #2045, .F. ) ;
#696 = SURFACE_STYLE_USAGE ( .BOTH. , #887 ) ;
#697 = DIRECTION ( 'NONE',  ( 1.000000000000000000, 0.000000000000000000, 0.000000000000000000 ) ) ;
#698 = DIRECTION ( 'NONE',  ( -1.000000000000000000, -1.734723475976807094E-16, 0.000000000000000000 ) ) ;
#699 = CARTESIAN_POINT ( 'NONE',  ( -0.04499999999999996364, -0.02449489742783176119, -0.07000000000000000666 ) ) ;
#700 = DIRECTION ( 'NONE',  ( 0.000000000000000000, 0.000000000000000000, 1.000000000000000000 ) ) ;
#701 = EDGE_CURVE ( 'NONE', #338, #2196, #1074, .T. ) ;
#702 = ORIENTED_EDGE ( 'NONE', *, *, #1224, .T. ) ;
#703 = VERTEX_POINT ( 'NONE', #1819 ) ;
#704 = SURFACE_SIDE_STYLE ('',( #1929 ) ) ;
#705 = UNCERTAINTY_MEASURE_WITH_UNIT (LENGTH_MEASURE( 1.000000000000000082E-05 ), #286, 'distance_accuracy_value', 'NONE');
#706 = EDGE_LOOP ( 'NONE', ( #1150, #1341, #1218, #2222 ) ) ;
#707 = DIRECTION ( 'NONE',  ( -0.000000000000000000, -0.000000000000000000, -1.000000000000000000 ) ) ;
#708 =( LENGTH_UNIT ( ) NAMED_UNIT ( * ) SI_UNIT ( .CENTI., .METRE. ) );
#709 = DIRECTION ( 'NONE',  ( 0.000000000000000000, 0.000000000000000000, 1.000000000000000000 ) ) ;
#710 = VERTEX_POINT ( 'NONE', #823 ) ;
#711 = EDGE_CURVE ( 'NONE', #138, #392, #975, .T. ) ;
#712 = FACE_OUTER_BOUND ( 'NONE', #988, .T. ) ;
#713 = ADVANCED_FACE ( 'Defeatured_0_32', ( #614 ), #284, .T. ) ;
#714 = CARTESIAN_POINT ( 'NONE',  ( -0.1249999999999999445, 0.1350000000000000089, -0.07000000000000000666 ) ) ;
#715 = FILL_AREA_STYLE ('',( #377 ) ) ;
#716 = CIRCLE ( 'NONE', #1716, 0.02000000000000002123 ) ;
#717 =( NAMED_UNIT ( * ) SI_UNIT ( $, .STERADIAN. ) SOLID_ANGLE_UNIT ( ) );
#718 = STYLED_ITEM ( 'NONE', ( #50 ), #317 ) ;
#719 = DIRECTION ( 'NONE',  ( 1.000000000000000000, -0.000000000000000000, 0.000000000000000000 ) ) ;
#720 = LINE ( 'NONE', #1399, #833 ) ;
#721 = AXIS2_PLACEMENT_3D ( 'NONE', #857, #1379, #1220 ) ;
#722 = DIRECTION ( 'NONE',  ( 1.000000000000000000, 0.000000000000000000, 0.000000000000000000 ) ) ;
#723 = COLOUR_RGB ( '',1.000000000000000000, 1.000000000000000000, 1.000000000000000000 ) ;
#724 = VECTOR ( 'NONE', #1042, 100.0000000000000000 ) ;
#725 = ORIENTED_EDGE ( 'NONE', *, *, #1209, .T. ) ;
#726 = FACE_OUTER_BOUND ( 'NONE', #564, .T. ) ;
#727 = COLOUR_RGB ( '',1.000000000000000000, 1.000000000000000000, 1.000000000000000000 ) ;
#728 = STYLED_ITEM ( 'NONE', ( #325 ), #1236 ) ;
#729 = EDGE_LOOP ( 'NONE', ( #27, #850, #573, #1297, #1820, #1511 ) ) ;
#730 = DIRECTION ( 'NONE',  ( 0.000000000000000000, 0.000000000000000000, -1.000000000000000000 ) ) ;
#731 = EDGE_CURVE ( 'NONE', #1169, #1574, #1724, .T. ) ;
#732 = ORIENTED_EDGE ( 'NONE', *, *, #557, .T. ) ;
#733 = CARTESIAN_POINT ( 'NONE',  ( -0.04926958009482401701, -0.1358743451122485235, 0.0001459369268521401152 ) ) ;
#734 = SURFACE_STYLE_FILL_AREA ( #400 ) ;
#735 = FILL_AREA_STYLE ('',( #1934 ) ) ;
#736 =( LENGTH_UNIT ( ) NAMED_UNIT ( * ) SI_UNIT ( .CENTI., .METRE. ) );
#737 =( LENGTH_UNIT ( ) NAMED_UNIT ( * ) SI_UNIT ( .CENTI., .METRE. ) );
#738 = ORIENTED_EDGE ( 'NONE', *, *, #2118, .F. ) ;
#739 = SURFACE_STYLE_FILL_AREA ( #875 ) ;
#740 = CARTESIAN_POINT ( 'NONE',  ( -0.1349999999999999534, -0.1249999999999999861, -0.06400000000000000133 ) ) ;
#741 = SURFACE_STYLE_FILL_AREA ( #576 ) ;
#742 = DIRECTION ( 'NONE',  ( -0.000000000000000000, -0.000000000000000000, -1.000000000000000000 ) ) ;
#743 = PLANE ( 'NONE',  #476 ) ;
#744 = PLANE ( 'NONE',  #1832 ) ;
#745 =( NAMED_UNIT ( * ) PLANE_ANGLE_UNIT ( ) SI_UNIT ( $, .RADIAN. ) );
#746 = EDGE_LOOP ( 'NONE', ( #122, #2219, #1765, #693 ) ) ;
#747 = CARTESIAN_POINT ( 'NONE',  ( -0.04599999999999997147, 0.01959591794226550956, -0.07000000000000000666 ) ) ;
#748 = CARTESIAN_POINT ( 'NONE',  ( 0.08500000000000006162, 0.1499999999999999944, -0.06400000000000000133 ) ) ;
#749 = CLOSED_SHELL ( 'NONE', ( #553, #1309, #2212, #1810, #607, #2036, #908, #863, #2184, #596, #951, #777, #1979, #1410, #317, #391, #2194, #713, #1296, #514, #1972, #1676, #1811, #1564, #1281, #429, #824, #251, #1531, #539, #289, #1457, #1236, #849, #2051, #1575, #1747, #21, #954, #1852, #1891, #907, #1861, #1000, #361, #307 ) ) ;
#750 = MECHANICAL_DESIGN_GEOMETRIC_PRESENTATION_REPRESENTATION (  '', ( #1207 ), #436 ) ;
#751 = EDGE_CURVE ( 'NONE', #1522, #231, #1180, .T. ) ;
#752 = COLOUR_RGB ( '',1.000000000000000000, 1.000000000000000000, 1.000000000000000000 ) ;
#753 = VECTOR ( 'NONE', #872, 100.0000000000000000 ) ;
#754 = CIRCLE ( 'NONE', #656, 0.005000000000000018319 ) ;
#755 = VERTEX_POINT ( 'NONE', #7 ) ;
#756 = PRESENTATION_LAYER_ASSIGNMENT (  '', '', ( #1981 ) ) ;
#757 = STYLED_ITEM ( 'NONE', ( #645 ), #908 ) ;
#758 = MECHANICAL_DESIGN_GEOMETRIC_PRESENTATION_REPRESENTATION (  '', ( #513 ), #1036 ) ;
#759 = CARTESIAN_POINT ( 'NONE',  ( -1.301010841365200282E-17, 0.000000000000000000, 0.02700000000004363840 ) ) ;
#760 = EDGE_LOOP ( 'NONE', ( #1662, #1499, #1310 ) ) ;
#761 = DIRECTION ( 'NONE',  ( -1.000000000000000000, 0.000000000000000000, -0.000000000000000000 ) ) ;
#762 = DIRECTION ( 'NONE',  ( 8.673617379884034239E-17, 1.000000000000000000, 0.000000000000000000 ) ) ;
#763 = VECTOR ( 'NONE', #2125, 100.0000000000000000 ) ;
#764 = DIRECTION ( 'NONE',  ( 1.000000000000000000, 0.000000000000000000, 0.000000000000000000 ) ) ;
#765 = STYLED_ITEM ( 'NONE', ( #1679 ), #2036 ) ;
#766 = ORIENTED_EDGE ( 'NONE', *, *, #895, .T. ) ;
#767 = B_SPLINE_CURVE_WITH_KNOTS ( 'NONE', 3,
 ( #268, #1950, #1076, #71, #1601, #1242 ),
 .UNSPECIFIED., .F., .F.,
 ( 4, 2, 4 ),
 ( 4.341570635890621890E-19, 0.0004980527256581599935, 0.0009961054513163195533 ),
 .UNSPECIFIED. ) ;
#768 = DIRECTION ( 'NONE',  ( 0.000000000000000000, 0.000000000000000000, 1.000000000000000000 ) ) ;
#769 = CARTESIAN_POINT ( 'NONE',  ( -0.04999999999999998196, 6.505213034913026604E-17, -0.07000000000000000666 ) ) ;
#770 = CARTESIAN_POINT ( 'NONE',  ( 0.04673987990810322957, -0.1323300586187908523, -0.02023041515610805169 ) ) ;
#771 = ORIENTED_EDGE ( 'NONE', *, *, #2161, .T. ) ;
#772 = FILL_AREA_STYLE ('',( #1101 ) ) ;
#773 =( NAMED_UNIT ( * ) SI_UNIT ( $, .STERADIAN. ) SOLID_ANGLE_UNIT ( ) );
#774 = LINE ( 'NONE', #302, #1975 ) ;
#775 = ORIENTED_EDGE ( 'NONE', *, *, #320, .T. ) ;
#776 = CARTESIAN_POINT ( 'NONE',  ( 0.09499999999999993172, -0.1249999999999999861, -0.07000000000000000666 ) ) ;
#777 = ADVANCED_FACE ( 'Defeatured_0_42', ( #690, #2090, #503, #1536 ), #675, .T. ) ;
#778 = CARTESIAN_POINT ( 'NONE',  ( -0.1249999999999999445, 0.1350000000000000089, -0.07000000000000000666 ) ) ;
#779 = LINE ( 'NONE', #1459, #264 ) ;
#780 = ORIENTED_EDGE ( 'NONE', *, *, #164, .T. ) ;
#781 = CARTESIAN_POINT ( 'NONE',  ( -0.4800000000000000377, -0.4799999999999999822, -0.005999999999999994053 ) ) ;
#782 = PRESENTATION_STYLE_ASSIGNMENT (( #297 ) ) ;
#783 = CYLINDRICAL_SURFACE ( 'NONE', #1624, 0.01000000000000000541 ) ;
#784 = DIRECTION ( 'NONE',  ( -0.000000000000000000, 0.000000000000000000, 1.000000000000000000 ) ) ;
#785 = AXIS2_PLACEMENT_3D ( 'NONE', #1815, #1246, #1782 ) ;
#786 = ORIENTED_EDGE ( 'NONE', *, *, #62, .F. ) ;
#787 = DIRECTION ( 'NONE',  ( 0.000000000000000000, 0.000000000000000000, 1.000000000000000000 ) ) ;
#788 = DIRECTION ( 'NONE',  ( -1.040519902552023170E-16, -0.000000000000000000, 1.000000000000000000 ) ) ;
#789 = VECTOR ( 'NONE', #197, 100.0000000000000000 ) ;
#790 = AXIS2_PLACEMENT_3D ( 'NONE', #140, #495, #322 ) ;
#791 = COLOUR_RGB ( '',1.000000000000000000, 1.000000000000000000, 1.000000000000000000 ) ;
#792 = PRESENTATION_LAYER_ASSIGNMENT (  '', '', ( #2014 ) ) ;
#793 =( NAMED_UNIT ( * ) SI_UNIT ( $, .STERADIAN. ) SOLID_ANGLE_UNIT ( ) );
#794 = DIRECTION ( 'NONE',  ( 0.000000000000000000, 0.000000000000000000, 1.000000000000000000 ) ) ;
#795 = VECTOR ( 'NONE', #1922, 100.0000000000000000 ) ;
#796 = ORIENTED_EDGE ( 'NONE', *, *, #552, .F. ) ;
#797 = FACE_OUTER_BOUND ( 'NONE', #404, .T. ) ;
#798 = SURFACE_STYLE_FILL_AREA ( #478 ) ;
#799 = CARTESIAN_POINT ( 'NONE',  ( -0.04999999999999996114, -0.1249999999999999861, -0.07000000000000000666 ) ) ;
#800 = STYLED_ITEM ( 'NONE', ( #1650 ), #2184 ) ;
#801 = ORIENTED_EDGE ( 'NONE', *, *, #2070, .F. ) ;
#802 =( NAMED_UNIT ( * ) SI_UNIT ( $, .STERADIAN. ) SOLID_ANGLE_UNIT ( ) );
#803 = DIRECTION ( 'NONE',  ( -0.000000000000000000, -0.000000000000000000, -1.000000000000000000 ) ) ;
#804 = SURFACE_SIDE_STYLE ('',( #814 ) ) ;
#805 = PLANE ( 'NONE',  #405 ) ;
#806 = EDGE_CURVE ( 'NONE', #1120, #215, #880, .T. ) ;
#807 = ORIENTED_EDGE ( 'NONE', *, *, #1348, .F. ) ;
#808 = LINE ( 'NONE', #1482, #91 ) ;
#809 =( NAMED_UNIT ( * ) PLANE_ANGLE_UNIT ( ) SI_UNIT ( $, .RADIAN. ) );
#810 = SURFACE_STYLE_FILL_AREA ( #999 ) ;
#811 = FACE_OUTER_BOUND ( 'NONE', #504, .T. ) ;
#812 = ORIENTED_EDGE ( 'NONE', *, *, #806, .T. ) ;
#813 = CARTESIAN_POINT ( 'NONE',  ( 0.1446934038039366099, -0.2893868076078730533, -0.001215288032368751258 ) ) ;
#814 = SURFACE_STYLE_FILL_AREA ( #124 ) ;
#815 = CARTESIAN_POINT ( 'NONE',  ( 0.1249999999999999861, 0.1350000000000000644, -0.07000000000000000666 ) ) ;
#816 =( LENGTH_UNIT ( ) NAMED_UNIT ( * ) SI_UNIT ( .CENTI., .METRE. ) );
#817 = UNCERTAINTY_MEASURE_WITH_UNIT (LENGTH_MEASURE( 1.000000000000000082E-05 ), #736, 'distance_accuracy_value', 'NONE');
#818 = ORIENTED_EDGE ( 'NONE', *, *, #241, .T. ) ;
#819 = CARTESIAN_POINT ( 'NONE',  ( 0.000000000000000000, 0.000000000000000000, 0.000000000000000000 ) ) ;
#820 = CARTESIAN_POINT ( 'NONE',  ( 0.04999999999999996114, 0.1250000000000000278, -0.07000000000000000666 ) ) ;
#821 = DIRECTION ( 'NONE',  ( 0.000000000000000000, 0.000000000000000000, 1.000000000000000000 ) ) ;
#822 = PRESENTATION_STYLE_ASSIGNMENT (( #2232 ) ) ;
#823 = CARTESIAN_POINT ( 'NONE',  ( 0.04964432275008088397, 0.1499999999999999944, -0.006000000000002860684 ) ) ;
#824 = ADVANCED_FACE ( 'Defeatured_0_23', ( #353 ), #1877, .T. ) ;
#825 = ORIENTED_EDGE ( 'NONE', *, *, #1794, .F. ) ;
#826 = CARTESIAN_POINT ( 'NONE',  ( 0.1499999999999999944, -0.1499999999999999944, -0.06400000000000000133 ) ) ;
#828 = AXIS2_PLACEMENT_3D ( 'NONE', #1269, #67, #1090 ) ;
#827 = CARTESIAN_POINT ( 'NONE',  ( -0.1499999999999999944, -0.1499999999999999944, 0.1420000000000000151 ) ) ;
#829 = SURFACE_STYLE_USAGE ( .BOTH. , #804 ) ;
#830 = SURFACE_STYLE_FILL_AREA ( #157 ) ;
#831 = VECTOR ( 'NONE', #2105, 100.0000000000000000 ) ;
#832 = DIRECTION ( 'NONE',  ( 0.000000000000000000, -0.000000000000000000, 1.000000000000000000 ) ) ;
#833 = VECTOR ( 'NONE', #2107, 100.0000000000000000 ) ;
#834 = ORIENTED_EDGE ( 'NONE', *, *, #2050, .F. ) ;
#835 = DIRECTION ( 'NONE',  ( 0.000000000000000000, 0.000000000000000000, 1.000000000000000000 ) ) ;
#836 =( GEOMETRIC_REPRESENTATION_CONTEXT ( 3 ) GLOBAL_UNCERTAINTY_ASSIGNED_CONTEXT ( ( #1872 ) ) GLOBAL_UNIT_ASSIGNED_CONTEXT ( ( #2104, #1211, #717 ) ) REPRESENTATION_CONTEXT ( 'NONE', 'WORKASPACE' ) );
#837 = CARTESIAN_POINT ( 'NONE',  ( -0.1249999999999999861, -0.1349999999999999811, -0.07000000000000000666 ) ) ;
#838 = PRESENTATION_LAYER_ASSIGNMENT (  '', '', ( #15 ) ) ;
#839 = PRESENTATION_STYLE_ASSIGNMENT (( #846 ) ) ;
#840 = ORIENTED_EDGE ( 'NONE', *, *, #2134, .T. ) ;
#841 = CARTESIAN_POINT ( 'NONE',  ( 0.05000000000000000278, -0.1249999999999999861, -0.07000000000000000666 ) ) ;
#842 = PRESENTATION_LAYER_ASSIGNMENT (  '', '', ( #1913 ) ) ;
#843 = LINE ( 'NONE', #471, #1577 ) ;
#844 = CARTESIAN_POINT ( 'NONE',  ( -0.09405139899834694117, -0.1294084598371779415, -0.005999999999999994921 ) ) ;
#845 = EDGE_LOOP ( 'NONE', ( #2229, #1937, #34, #114 ) ) ;
#846 = SURFACE_STYLE_USAGE ( .BOTH. , #1376 ) ;
#847 = VERTEX_POINT ( 'NONE', #169 ) ;
#848 =( NAMED_UNIT ( * ) PLANE_ANGLE_UNIT ( ) SI_UNIT ( $, .RADIAN. ) );
#849 = ADVANCED_FACE ( 'Defeatured_0_16', ( #854 ), #743, .F. ) ;
#850 = ORIENTED_EDGE ( 'NONE', *, *, #455, .F. ) ;
#851 = FILL_AREA_STYLE_COLOUR ( '', #1331 ) ;
#852 = EDGE_CURVE ( 'NONE', #1698, #423, #2131, .T. ) ;
#853 = ORIENTED_EDGE ( 'NONE', *, *, #1711, .T. ) ;
#854 = FACE_OUTER_BOUND ( 'NONE', #746, .T. ) ;
#855 = EDGE_LOOP ( 'NONE', ( #1559, #771, #2188, #1455 ) ) ;
#856 = DIRECTION ( 'NONE',  ( -1.000000000000000000, 0.000000000000000000, 0.000000000000000000 ) ) ;
#857 = CARTESIAN_POINT ( 'NONE',  ( -1.084202172485504434E-17, 0.000000000000000000, 0.006163428940908503330 ) ) ;
#858 = FILL_AREA_STYLE ('',( #1521 ) ) ;
#859 = CIRCLE ( 'NONE', #1940, 0.005000000000000018319 ) ;
#860 = UNCERTAINTY_MEASURE_WITH_UNIT (LENGTH_MEASURE( 1.000000000000000082E-05 ), #946, 'distance_accuracy_value', 'NONE');
#861 = MECHANICAL_DESIGN_GEOMETRIC_PRESENTATION_REPRESENTATION (  '', ( #2096 ), #375 ) ;
#862 = ORIENTED_EDGE ( 'NONE', *, *, #1051, .T. ) ;
#863 = ADVANCED_FACE ( 'Defeatured_0_7', ( #1619 ), #1948, .F. ) ;
#864 = SURFACE_STYLE_FILL_AREA ( #1553 ) ;
#865 = MECHANICAL_DESIGN_GEOMETRIC_PRESENTATION_REPRESENTATION (  '', ( #685 ), #9 ) ;
#866 = CARTESIAN_POINT ( 'NONE',  ( 0.1500000000000000222, 0.1500000000000000222, -0.005999999999999995788 ) ) ;
#867 =( NAMED_UNIT ( * ) SI_UNIT ( $, .STERADIAN. ) SOLID_ANGLE_UNIT ( ) );
#868 =( GEOMETRIC_REPRESENTATION_CONTEXT ( 3 ) GLOBAL_UNCERTAINTY_ASSIGNED_CONTEXT ( ( #1346 ) ) GLOBAL_UNIT_ASSIGNED_CONTEXT ( ( #2052, #367, #1041 ) ) REPRESENTATION_CONTEXT ( 'NONE', 'WORKASPACE' ) );
#869 = PRESENTATION_STYLE_ASSIGNMENT (( #1029 ) ) ;
#870 =( GEOMETRIC_REPRESENTATION_CONTEXT ( 3 ) GLOBAL_UNCERTAINTY_ASSIGNED_CONTEXT ( ( #1710 ) ) GLOBAL_UNIT_ASSIGNED_CONTEXT ( ( #1158, #2085, #1206 ) ) REPRESENTATION_CONTEXT ( 'NONE', 'WORKASPACE' ) );
#871 = ORIENTED_EDGE ( 'NONE', *, *, #2046, .T. ) ;
#872 = DIRECTION ( 'NONE',  ( 1.000000000000000000, 0.000000000000000000, 0.000000000000000000 ) ) ;
#873 = SURFACE_STYLE_USAGE ( .BOTH. , #35 ) ;
#874 = SURFACE_STYLE_USAGE ( .BOTH. , #1892 ) ;
#875 = FILL_AREA_STYLE ('',( #385 ) ) ;
#876 = DIRECTION ( 'NONE',  ( 0.000000000000000000, 0.000000000000000000, 1.000000000000000000 ) ) ;
#877 = PRODUCT_DEFINITION ( 'UNKNOWN', '', #1738, #458 ) ;
#878 = EDGE_CURVE ( 'NONE', #2196, #1522, #720, .T. ) ;
#879 = FACE_OUTER_BOUND ( 'NONE', #624, .T. ) ;
#880 = LINE ( 'NONE', #1364, #517 ) ;
#881 = FILL_AREA_STYLE_COLOUR ( '', #333 ) ;
#882 = EDGE_CURVE ( 'NONE', #456, #595, #78, .T. ) ;
#883 = ORIENTED_EDGE ( 'NONE', *, *, #2118, .T. ) ;
#884 = SURFACE_SIDE_STYLE ('',( #12 ) ) ;
#885 = CARTESIAN_POINT ( 'NONE',  ( -0.04999999999999998196, 6.505213034913026604E-17, -0.07000000000000000666 ) ) ;
#886 = UNCERTAINTY_MEASURE_WITH_UNIT (LENGTH_MEASURE( 1.000000000000000082E-05 ), #2132, 'distance_accuracy_value', 'NONE');
#887 = SURFACE_SIDE_STYLE ('',( #20 ) ) ;
#888 = CARTESIAN_POINT ( 'NONE',  ( -0.04999999999999996114, 0.1250000000000000278, -0.07000000000000000666 ) ) ;
#889 = LINE ( 'NONE', #22, #831 ) ;
#890 = DIRECTION ( 'NONE',  ( 0.000000000000000000, 0.000000000000000000, 1.000000000000000000 ) ) ;
#891 = CARTESIAN_POINT ( 'NONE',  ( -0.1500000000000001887, -0.04964432275007950313, -0.005999999999999995788 ) ) ;
#892 = ORIENTED_EDGE ( 'NONE', *, *, #852, .T. ) ;
#893 = DIRECTION ( 'NONE',  ( 1.000000000000000000, 0.000000000000000000, 0.000000000000000000 ) ) ;
#894 = CYLINDRICAL_SURFACE ( 'NONE', #1902, 0.02000000000000002123 ) ;
#895 = EDGE_CURVE ( 'NONE', #248, #1569, #390, .T. ) ;
#896 = FILL_AREA_STYLE ('',( #205 ) ) ;
#897 = CARTESIAN_POINT ( 'NONE',  ( -0.4800000000000000377, -0.4799999999999999822, -0.005999999999999994053 ) ) ;
#898 = CARTESIAN_POINT ( 'NONE',  ( -0.08499999999999995060, 0.1250000000000000000, -0.07000000000000000666 ) ) ;
#899 = AXIS2_PLACEMENT_3D ( 'NONE', #1971, #280, #2129 ) ;
#900 = PRESENTATION_LAYER_ASSIGNMENT (  '', '', ( #929 ) ) ;
#901 = CARTESIAN_POINT ( 'NONE',  ( -0.02999999999999996073, 6.505213034913026604E-17, -0.07000000000000000666 ) ) ;
#902 = FILL_AREA_STYLE ('',( #881 ) ) ;
#903 = VECTOR ( 'NONE', #1555, 100.0000000000000000 ) ;
#904 = PRESENTATION_STYLE_ASSIGNMENT (( #1608 ) ) ;
#905 = PRESENTATION_LAYER_ASSIGNMENT (  '', '', ( #2015 ) ) ;
#906 = AXIS2_PLACEMENT_3D ( 'NONE', #1938, #98, #1603 ) ;
#907 = ADVANCED_FACE ( 'Defeatured_0_9', ( #234 ), #1778, .F. ) ;
#908 = ADVANCED_FACE ( 'Defeatured_0_4', ( #1651 ), #1991, .F. ) ;
#909 = ORIENTED_EDGE ( 'NONE', *, *, #1339, .T. ) ;
#910 = VERTEX_POINT ( 'NONE', #432 ) ;
#911 = CARTESIAN_POINT ( 'NONE',  ( 0.1267549114517358411, -0.1074378759429583940, 0.2401733757848466821 ) ) ;
#912 = CIRCLE ( 'NONE', #1804, 0.009999999999999982861 ) ;
#913 = CARTESIAN_POINT ( 'NONE',  ( 0.1580017682854035765, 1.934963597903413096E-17, -0.005999999999999998390 ) ) ;
#914 = FILL_AREA_STYLE_COLOUR ( '', #1146 ) ;
#915 = SURFACE_STYLE_FILL_AREA ( #735 ) ;
#916 = ORIENTED_EDGE ( 'NONE', *, *, #199, .T. ) ;
#917 = CARTESIAN_POINT ( 'NONE',  ( 0.1293968445897974440, 0.09403978375098109854, -0.005999999999999994053 ) ) ;
#918 = LINE ( 'NONE', #608, #1537 ) ;
#919 = CARTESIAN_POINT ( 'NONE',  ( -0.09499999999999997335, -0.1349999999999999811, -0.07000000000000000666 ) ) ;
#920 =( NAMED_UNIT ( * ) PLANE_ANGLE_UNIT ( ) SI_UNIT ( $, .RADIAN. ) );
#921 = CARTESIAN_POINT ( 'NONE',  ( 0.1432724144448691006, 1.754581037560219710E-17, 0.006163428929083286309 ) ) ;
#922 = VERTEX_POINT ( 'NONE', #820 ) ;
#923 = SURFACE_SIDE_STYLE ('',( #90 ) ) ;
#924 = CARTESIAN_POINT ( 'NONE',  ( 0.04000000000000002165, 0.1350000000000000089, -0.06400000000000000133 ) ) ;
#925 = CARTESIAN_POINT ( 'NONE',  ( 0.1294084598371949557, -0.09405139899833785122, -0.005999999999999994921 ) ) ;
#926 = CARTESIAN_POINT ( 'NONE',  ( -0.03999999999999993144, 0.1350000000000000089, -0.07000000000000000666 ) ) ;
#927 = EDGE_CURVE ( 'NONE', #1139, #492, #1380, .T. ) ;
#928 = EDGE_CURVE ( 'NONE', #392, #138, #191, .T. ) ;
#929 = STYLED_ITEM ( 'NONE', ( #1323 ), #289 ) ;
#930 = ORIENTED_EDGE ( 'NONE', *, *, #2050, .T. ) ;
#931 = SURFACE_STYLE_FILL_AREA ( #980 ) ;
#932 = SURFACE_STYLE_USAGE ( .BOTH. , #1745 ) ;
#933 = SURFACE_STYLE_USAGE ( .BOTH. , #2146 ) ;
#934 =( GEOMETRIC_REPRESENTATION_CONTEXT ( 3 ) GLOBAL_UNCERTAINTY_ASSIGNED_CONTEXT ( ( #1532 ) ) GLOBAL_UNIT_ASSIGNED_CONTEXT ( ( #1231, #1221, #1883 ) ) REPRESENTATION_CONTEXT ( 'NONE', 'WORKASPACE' ) );
#935 =( GEOMETRIC_REPRESENTATION_CONTEXT ( 3 ) GLOBAL_UNCERTAINTY_ASSIGNED_CONTEXT ( ( #143 ) ) GLOBAL_UNIT_ASSIGNED_CONTEXT ( ( #545, #1062, #1217 ) ) REPRESENTATION_CONTEXT ( 'NONE', 'WORKASPACE' ) );
#937 = CARTESIAN_POINT ( 'NONE',  ( 0.1249999999999999861, -0.1250000000000000000, -0.07000000000000000666 ) ) ;
#936 = MECHANICAL_DESIGN_GEOMETRIC_PRESENTATION_REPRESENTATION (  '', ( #1616 ), #1548 ) ;
#938 = STYLED_ITEM ( 'NONE', ( #527 ), #1457 ) ;
#939 = PRESENTATION_LAYER_ASSIGNMENT (  '', '', ( #1395 ) ) ;
#940 = ORIENTED_EDGE ( 'NONE', *, *, #1519, .T. ) ;
#941 = LINE ( 'NONE', #1291, #1286 ) ;
#943 = CARTESIAN_POINT ( 'NONE',  ( 0.1249999999999999861, -0.1350000000000000089, -0.07000000000000000666 ) ) ;
#942 = AXIS2_PLACEMENT_3D ( 'NONE', #1713, #1887, #1562 ) ;
#944 = CIRCLE ( 'NONE', #1729, 0.009999999999999972453 ) ;
#945 = DIRECTION ( 'NONE',  ( 1.000000000000000000, 0.000000000000000000, 0.000000000000000000 ) ) ;
#946 =( LENGTH_UNIT ( ) NAMED_UNIT ( * ) SI_UNIT ( .CENTI., .METRE. ) );
#947 = ORIENTED_EDGE ( 'NONE', *, *, #1596, .T. ) ;
#948 =( LENGTH_UNIT ( ) NAMED_UNIT ( * ) SI_UNIT ( .CENTI., .METRE. ) );
#949 =( GEOMETRIC_REPRESENTATION_CONTEXT ( 3 ) GLOBAL_UNCERTAINTY_ASSIGNED_CONTEXT ( ( #1561 ) ) GLOBAL_UNIT_ASSIGNED_CONTEXT ( ( #737, #1345, #867 ) ) REPRESENTATION_CONTEXT ( 'NONE', 'WORKASPACE' ) );
#950 = SURFACE_STYLE_FILL_AREA ( #267 ) ;
#951 = ADVANCED_FACE ( 'Defeatured_0_6', ( #2010 ), #1796, .F. ) ;
#952 = MECHANICAL_DESIGN_GEOMETRIC_PRESENTATION_REPRESENTATION (  '', ( #1301 ), #1632 ) ;
#953 = CARTESIAN_POINT ( 'NONE',  ( 0.1580017682854034933, 0.3160035365708070421, -0.005999999999999998390 ) ) ;
#954 = ADVANCED_FACE ( 'Defeatured_0_19', ( #493 ), #359, .T. ) ;
#955 = VERTEX_POINT ( 'NONE', #1723 ) ;
#956 = DIRECTION ( 'NONE',  ( 0.000000000000000000, 1.000000000000000000, 0.000000000000000000 ) ) ;
#957 = CARTESIAN_POINT ( 'NONE',  ( 0.09499999999999998723, 0.1350000000000000366, -0.07000000000000000666 ) ) ;
#958 = ORIENTED_EDGE ( 'NONE', *, *, #928, .F. ) ;
#959 = CARTESIAN_POINT ( 'NONE',  ( -0.4800000000000000377, -0.4799999999999999822, -0.005999999999999994053 ) ) ;
#960 = FILL_AREA_STYLE ('',( #1332 ) ) ;
#961 = VERTEX_POINT ( 'NONE', #206 ) ;
#962 = DIRECTION ( 'NONE',  ( 1.000000000000000000, 0.000000000000000000, 0.000000000000000000 ) ) ;
#963 = EDGE_CURVE ( 'NONE', #397, #1256, #1433, .T. ) ;
#964 = CARTESIAN_POINT ( 'NONE',  ( 0.1499999999999999944, 1.836970198721030057E-17, -0.003687462484938649424 ) ) ;
#965 = LINE ( 'NONE', #262, #256 ) ;
#966 = ORIENTED_EDGE ( 'NONE', *, *, #198, .F. ) ;
#967 = SURFACE_STYLE_USAGE ( .BOTH. , #1272 ) ;
#968 = PRESENTATION_STYLE_ASSIGNMENT (( #1422 ) ) ;
#969 =( NAMED_UNIT ( * ) SI_UNIT ( $, .STERADIAN. ) SOLID_ANGLE_UNIT ( ) );
#970 = COLOUR_RGB ( '',1.000000000000000000, 1.000000000000000000, 1.000000000000000000 ) ;
#971 = AXIS2_PLACEMENT_3D ( 'NONE', #2149, #2127, #424 ) ;
#972 = EDGE_LOOP ( 'NONE', ( #318, #1094, #1850, #766 ) ) ;
#973 = SURFACE_STYLE_USAGE ( .BOTH. , #2078 ) ;
#974 = MECHANICAL_DESIGN_GEOMETRIC_PRESENTATION_REPRESENTATION (  '', ( #938 ), #1867 ) ;
#975 = CIRCLE ( 'NONE', #225, 0.1432724144478925155 ) ;
#976 = AXIS2_PLACEMENT_3D ( 'NONE', #699, #1684, #526 ) ;
#977 =( LENGTH_UNIT ( ) NAMED_UNIT ( * ) SI_UNIT ( .CENTI., .METRE. ) );
#978 = AXIS2_PLACEMENT_3D ( 'NONE', #897, #730, #214 ) ;
#979 = ORIENTED_EDGE ( 'NONE', *, *, #711, .F. ) ;
#980 = FILL_AREA_STYLE ('',( #102 ) ) ;
#981 = DIRECTION ( 'NONE',  ( -0.000000000000000000, -1.000000000000000000, -0.000000000000000000 ) ) ;
#982 =( GEOMETRIC_REPRESENTATION_CONTEXT ( 3 ) GLOBAL_UNCERTAINTY_ASSIGNED_CONTEXT ( ( #194 ) ) GLOBAL_UNIT_ASSIGNED_CONTEXT ( ( #816, #1989, #281 ) ) REPRESENTATION_CONTEXT ( 'NONE', 'WORKASPACE' ) );
#983 = ORIENTED_EDGE ( 'NONE', *, *, #156, .F. ) ;
#984 = CARTESIAN_POINT ( 'NONE',  ( 0.1499999999999999944, 1.836970198721030057E-17, -0.003687462484938649424 ) ) ;
#985 = STYLED_ITEM ( 'NONE', ( #1965 ), #2194 ) ;
#986 = FACE_OUTER_BOUND ( 'NONE', #1069, .T. ) ;
#987 = CARTESIAN_POINT ( 'NONE',  ( -0.09499999999999997335, -0.1349999999999999811, -0.07000000000000000666 ) ) ;
#988 = EDGE_LOOP ( 'NONE', ( #1780, #780, #105, #1233 ) ) ;
#989 = DIRECTION ( 'NONE',  ( -1.000000000000000000, -7.228014483236694583E-17, 0.000000000000000000 ) ) ;
#990 = EDGE_CURVE ( 'NONE', #1290, #1921, #1255, .T. ) ;
#991 = CARTESIAN_POINT ( 'NONE',  ( 0.1349999999999999534, -0.1250000000000000000, -0.06400000000000000133 ) ) ;
#992 = CARTESIAN_POINT ( 'NONE',  ( -1.084202172426359125E-17, 0.000000000000000000, 0.006163428929539804813 ) ) ;
#993 = ORIENTED_EDGE ( 'NONE', *, *, #1348, .T. ) ;
#994 = CARTESIAN_POINT ( 'NONE',  ( 0.1249999999999999861, -0.1349999999999999811, -0.07000000000000000666 ) ) ;
#995 = DIRECTION ( 'NONE',  ( -1.000000000000000000, 0.000000000000000000, -1.167820295267012809E-16 ) ) ;
#996 = CARTESIAN_POINT ( 'NONE',  ( -0.1499999999999999944, 0.1499999999999999944, 0.1420000000000000151 ) ) ;
#997 = UNCERTAINTY_MEASURE_WITH_UNIT (LENGTH_MEASURE( 1.000000000000000082E-05 ), #13, 'distance_accuracy_value', 'NONE');
#998 = ORIENTED_EDGE ( 'NONE', *, *, #963, .T. ) ;
#999 = FILL_AREA_STYLE ('',( #2028 ) ) ;
#1000 = ADVANCED_FACE ( 'Defeatured_0_13', ( #1406 ), #1905, .T. ) ;
#1001 = DIRECTION ( 'NONE',  ( 0.000000000000000000, 0.000000000000000000, 1.000000000000000000 ) ) ;
#1002 = ORIENTED_EDGE ( 'NONE', *, *, #1389, .T. ) ;
#1003 = CIRCLE ( 'NONE', #6, 0.1392597187529109881 ) ;
#1004 = DIRECTION ( 'NONE',  ( 0.000000000000000000, 0.000000000000000000, 1.000000000000000000 ) ) ;
#1005 = PRESENTATION_LAYER_ASSIGNMENT (  '', '', ( #224 ) ) ;
#1006 = VECTOR ( 'NONE', #1486, 100.0000000000000000 ) ;
#1007 = DIRECTION ( 'NONE',  ( 0.000000000000000000, 0.000000000000000000, 1.000000000000000000 ) ) ;
#1008 =( GEOMETRIC_REPRESENTATION_CONTEXT ( 3 ) GLOBAL_UNCERTAINTY_ASSIGNED_CONTEXT ( ( #886 ) ) GLOBAL_UNIT_ASSIGNED_CONTEXT ( ( #2132, #254, #773 ) ) REPRESENTATION_CONTEXT ( 'NONE', 'WORKASPACE' ) );
#1009 = MECHANICAL_DESIGN_GEOMETRIC_PRESENTATION_REPRESENTATION (  '', ( #2014 ), #868 ) ;
#1010 = VERTEX_POINT ( 'NONE', #279 ) ;
#1011 = MECHANICAL_DESIGN_GEOMETRIC_PRESENTATION_REPRESENTATION (  '', ( #728 ), #331 ) ;
#1012 = FILL_AREA_STYLE ('',( #2069 ) ) ;
#1013 = EDGE_CURVE ( 'NONE', #1761, #397, #1787, .T. ) ;
#1014 = VERTEX_POINT ( 'NONE', #924 ) ;
#1015 = FILL_AREA_STYLE_COLOUR ( '', #1582 ) ;
#1016 = DIRECTION ( 'NONE',  ( -0.000000000000000000, -0.000000000000000000, -1.000000000000000000 ) ) ;
#1017 = CARTESIAN_POINT ( 'NONE',  ( -0.07338121696868235566, -0.1421439864155147614, -0.005999999999999994053 ) ) ;
#1018 = UNCERTAINTY_MEASURE_WITH_UNIT (LENGTH_MEASURE( 1.000000000000000082E-05 ), #1703, 'distance_accuracy_value', 'NONE');
#1019 = VERTEX_POINT ( 'NONE', #1258 ) ;
#1020 = CARTESIAN_POINT ( 'NONE',  ( 0.09499999999999998723, 0.1250000000000000555, -0.07000000000000000666 ) ) ;
#1021 = CARTESIAN_POINT ( 'NONE',  ( -0.04499999999999996364, -0.02449489742783176119, -0.06400000000000000133 ) ) ;
#1022 = ORIENTED_EDGE ( 'NONE', *, *, #927, .T. ) ;
#1023 = PRESENTATION_STYLE_ASSIGNMENT (( #873 ) ) ;
#1024 =( LENGTH_UNIT ( ) NAMED_UNIT ( * ) SI_UNIT ( .CENTI., .METRE. ) );
#1025 =( LENGTH_UNIT ( ) NAMED_UNIT ( * ) SI_UNIT ( .CENTI., .METRE. ) );
#1026 = FILL_AREA_STYLE ('',( #1885 ) ) ;
#1027 =( LENGTH_UNIT ( ) NAMED_UNIT ( * ) SI_UNIT ( .CENTI., .METRE. ) );
#1028 = DIRECTION ( 'NONE',  ( 1.000000000000000000, 0.000000000000000000, 0.000000000000000000 ) ) ;
#1029 = SURFACE_STYLE_USAGE ( .BOTH. , #25 ) ;
#1030 = VERTEX_POINT ( 'NONE', #606 ) ;
#1031 = FILL_AREA_STYLE_COLOUR ( '', #970 ) ;
#1032 = CARTESIAN_POINT ( 'NONE',  ( -0.09499999999999998723, -0.1349999999999999811, -0.06400000000000000133 ) ) ;
#1033 = DIRECTION ( 'NONE',  ( 0.000000000000000000, 0.000000000000000000, 1.000000000000000000 ) ) ;
#1034 = MECHANICAL_DESIGN_GEOMETRIC_PRESENTATION_REPRESENTATION (  '', ( #718 ), #934 ) ;
#1035 = UNCERTAINTY_MEASURE_WITH_UNIT (LENGTH_MEASURE( 1.000000000000000082E-05 ), #1260, 'distance_accuracy_value', 'NONE');
#1036 =( GEOMETRIC_REPRESENTATION_CONTEXT ( 3 ) GLOBAL_UNCERTAINTY_ASSIGNED_CONTEXT ( ( #997 ) ) GLOBAL_UNIT_ASSIGNED_CONTEXT ( ( #13, #356, #1890 ) ) REPRESENTATION_CONTEXT ( 'NONE', 'WORKASPACE' ) );
#1037 = ORIENTED_EDGE ( 'NONE', *, *, #1168, .F. ) ;
#1038 = STYLED_ITEM ( 'NONE', ( #1818 ), #1676 ) ;
#1039 = DIRECTION ( 'NONE',  ( 0.000000000000000000, 0.000000000000000000, 1.000000000000000000 ) ) ;
#1041 =( NAMED_UNIT ( * ) SI_UNIT ( $, .STERADIAN. ) SOLID_ANGLE_UNIT ( ) );
#1040 =( GEOMETRIC_REPRESENTATION_CONTEXT ( 3 ) GLOBAL_UNCERTAINTY_ASSIGNED_CONTEXT ( ( #680 ) ) GLOBAL_UNIT_ASSIGNED_CONTEXT ( ( #1817, #809, #1930 ) ) REPRESENTATION_CONTEXT ( 'NONE', 'WORKASPACE' ) );
#1042 = DIRECTION ( 'NONE',  ( -0.000000000000000000, -0.000000000000000000, -1.000000000000000000 ) ) ;
#1043 = COLOUR_RGB ( '',1.000000000000000000, 1.000000000000000000, 1.000000000000000000 ) ;
#1044 = ORIENTED_EDGE ( 'NONE', *, *, #1013, .F. ) ;
#1045 = CARTESIAN_POINT ( 'NONE',  ( -0.1499999999999999944, 0.000000000000000000, -0.003687462484938627740 ) ) ;
#1046 =( LENGTH_UNIT ( ) NAMED_UNIT ( * ) SI_UNIT ( .CENTI., .METRE. ) );
#1047 = MECHANICAL_DESIGN_GEOMETRIC_PRESENTATION_REPRESENTATION (  '', ( #765 ), #1513 ) ;
#1048 =( GEOMETRIC_REPRESENTATION_CONTEXT ( 3 ) GLOBAL_UNCERTAINTY_ASSIGNED_CONTEXT ( ( #1240 ) ) GLOBAL_UNIT_ASSIGNED_CONTEXT ( ( #274, #2230, #310 ) ) REPRESENTATION_CONTEXT ( 'NONE', 'WORKASPACE' ) );
#1049 = CARTESIAN_POINT ( 'NONE',  ( -0.08499999999999995060, 0.1250000000000000000, -0.07000000000000000666 ) ) ;
#1050 = AXIS2_PLACEMENT_3D ( 'NONE', #1329, #1193, #2065 ) ;
#1051 = EDGE_CURVE ( 'NONE', #423, #2071, #482, .T. ) ;
#1052 = PRESENTATION_STYLE_ASSIGNMENT (( #1744 ) ) ;
#1053 =( NAMED_UNIT ( * ) PLANE_ANGLE_UNIT ( ) SI_UNIT ( $, .RADIAN. ) );
#1054 = DIRECTION ( 'NONE',  ( 1.224646799147353207E-16, -1.000000000000000000, 0.000000000000000000 ) ) ;
#1055 = ORIENTED_EDGE ( 'NONE', *, *, #751, .F. ) ;
#1056 = CARTESIAN_POINT ( 'NONE',  ( 0.1500000000000003830, 0.04964432275007458345, -0.005999999999999995788 ) ) ;
#1057 = UNCERTAINTY_MEASURE_WITH_UNIT (LENGTH_MEASURE( 1.000000000000000082E-05 ), #586, 'distance_accuracy_value', 'NONE');
#1058 = ORIENTED_EDGE ( 'NONE', *, *, #990, .T. ) ;
#1059 =( NAMED_UNIT ( * ) SI_UNIT ( $, .STERADIAN. ) SOLID_ANGLE_UNIT ( ) );
#1060 = CARTESIAN_POINT ( 'NONE',  ( -0.1500000000000000222, 0.1500000000000000222, -0.005999999999999994921 ) ) ;
#1061 = CARTESIAN_POINT ( 'NONE',  ( -0.04599999999999997147, -0.01959591794226538813, -0.07000000000000000666 ) ) ;
#1062 =( NAMED_UNIT ( * ) PLANE_ANGLE_UNIT ( ) SI_UNIT ( $, .RADIAN. ) );
#1063 = EDGE_CURVE ( 'NONE', #2071, #528, #1645, .T. ) ;
#1064 = VERTEX_POINT ( 'NONE', #107 ) ;
#1065 = FILL_AREA_STYLE ('',( #64 ) ) ;
#1066 = ORIENTED_EDGE ( 'NONE', *, *, #1671, .F. ) ;
#1067 =( NAMED_UNIT ( * ) SI_UNIT ( $, .STERADIAN. ) SOLID_ANGLE_UNIT ( ) );
#1068 = SURFACE_SIDE_STYLE ('',( #739 ) ) ;
#1069 = EDGE_LOOP ( 'NONE', ( #49, #786, #1636, #610 ) ) ;
#1070 = VECTOR ( 'NONE', #1638, 100.0000000000000000 ) ;
#1071 = SURFACE_STYLE_FILL_AREA ( #1955 ) ;
#1072 = DIRECTION ( 'NONE',  ( 0.000000000000000000, 0.000000000000000000, 1.000000000000000000 ) ) ;
#1073 = SURFACE_SIDE_STYLE ('',( #1238 ) ) ;
#1074 = CIRCLE ( 'NONE', #620, 0.009999999999999982861 ) ;
#1075 = COLOUR_RGB ( '',1.000000000000000000, 1.000000000000000000, 1.000000000000000000 ) ;
#1076 = CARTESIAN_POINT ( 'NONE',  ( -0.01647753338304826579, 0.1500000000000504263, -0.003682891506910879794 ) ) ;
#1077 = VECTOR ( 'NONE', #1088, 100.0000000000000000 ) ;
#1078 = VERTEX_POINT ( 'NONE', #943 ) ;
#1079 = CARTESIAN_POINT ( 'NONE',  ( -0.04999999999999993339, 0.1250000000000000278, -0.06400000000000000133 ) ) ;
#1080 = CARTESIAN_POINT ( 'NONE',  ( -1.301651382669393761E-17, 0.1397206509545874664, 0.02448461127798664053 ) ) ;
#1081 = PRESENTATION_LAYER_ASSIGNMENT (  '', '', ( #800 ) ) ;
#1082 = CYLINDRICAL_SURFACE ( 'NONE', #343, 0.009999999999999982861 ) ;
#1083 = CARTESIAN_POINT ( 'NONE',  ( -0.1499999999999999944, 0.1499999999999999944, -0.02600000000000000228 ) ) ;
#1084 = FILL_AREA_STYLE ('',( #1423 ) ) ;
#1085 = B_SPLINE_CURVE_WITH_KNOTS ( 'NONE', 3,
 ( #1293, #1986, #1122, #917, #672, #1688 ),
 .UNSPECIFIED., .F., .F.,
 ( 4, 2, 4 ),
 ( 0.000000000000000000, 0.5000000000000001110, 1.000000000000000000 ),
 .UNSPECIFIED. ) ;
#1086 = ORIENTED_EDGE ( 'NONE', *, *, #109, .F. ) ;
#1087 =( NAMED_UNIT ( * ) PLANE_ANGLE_UNIT ( ) SI_UNIT ( $, .RADIAN. ) );
#1088 = DIRECTION ( 'NONE',  ( 1.000000000000000000, -0.000000000000000000, 0.000000000000000000 ) ) ;
#1089 = EDGE_CURVE ( 'NONE', #138, #910, #1800, .T. ) ;
#1090 = DIRECTION ( 'NONE',  ( 1.000000000000000000, 0.000000000000000000, 0.000000000000000000 ) ) ;
#1091 = SURFACE_SIDE_STYLE ('',( #1071 ) ) ;
#1092 =( NAMED_UNIT ( * ) SI_UNIT ( $, .STERADIAN. ) SOLID_ANGLE_UNIT ( ) );
#1093 =( NAMED_UNIT ( * ) SI_UNIT ( $, .STERADIAN. ) SOLID_ANGLE_UNIT ( ) );
#1094 = ORIENTED_EDGE ( 'NONE', *, *, #321, .T. ) ;
#1095 = SURFACE_STYLE_FILL_AREA ( #1277 ) ;
#1096 = CARTESIAN_POINT ( 'NONE',  ( 0.1499999999999999944, -0.01657450963623519069, -0.003687462484938648123 ) ) ;
#1097 = DIRECTION ( 'NONE',  ( -1.000000000000000000, 0.000000000000000000, -0.000000000000000000 ) ) ;
#1098 = CARTESIAN_POINT ( 'NONE',  ( 0.1085789968039173325, 0.1023095071219114055, 0.2395639057898640567 ) ) ;
#1099 = VECTOR ( 'NONE', #1344, 100.0000000000000000 ) ;
#1100 = ORIENTED_EDGE ( 'NONE', *, *, #1623, .T. ) ;
#1101 = FILL_AREA_STYLE_COLOUR ( '', #270 ) ;
#1102 = CARTESIAN_POINT ( 'NONE',  ( -0.1421439864155095711, 0.07338121696869798205, -0.005999999999999994053 ) ) ;
#1103 = EDGE_CURVE ( 'NONE', #595, #1230, #260, .T. ) ;
#1104 = FACE_OUTER_BOUND ( 'NONE', #585, .T. ) ;
#1105 = PRESENTATION_LAYER_ASSIGNMENT (  '', '', ( #1543 ) ) ;
#1106 =( GEOMETRIC_REPRESENTATION_CONTEXT ( 3 ) GLOBAL_UNCERTAINTY_ASSIGNED_CONTEXT ( ( #1191 ) ) GLOBAL_UNIT_ASSIGNED_CONTEXT ( ( #515, #2206, #1683 ) ) REPRESENTATION_CONTEXT ( 'NONE', 'WORKASPACE' ) );
#1107 = DIRECTION ( 'NONE',  ( 0.000000000000000000, 0.000000000000000000, 1.000000000000000000 ) ) ;
#1108 = PRESENTATION_LAYER_ASSIGNMENT (  '', '', ( #334 ) ) ;
#1109 = EDGE_LOOP ( 'NONE', ( #702, #167, #269, #1202, #1565, #1772, #1837, #383, #2081, #1100, #1544, #1124, #1999 ) ) ;
#1110 = PLANE ( 'NONE',  #682 ) ;
#1112 = CARTESIAN_POINT ( 'NONE',  ( 0.1499999999999999944, -0.1349999999999999534, -0.06400000000000000133 ) ) ;
#1111 = PRESENTATION_LAYER_ASSIGNMENT (  '', '', ( #688 ) ) ;
#1113 = VECTOR ( 'NONE', #768, 100.0000000000000000 ) ;
#1114 = LINE ( 'NONE', #1428, #1612 ) ;
#1115 =( NAMED_UNIT ( * ) SI_UNIT ( $, .STERADIAN. ) SOLID_ANGLE_UNIT ( ) );
#1116 = ORIENTED_EDGE ( 'NONE', *, *, #1336, .F. ) ;
#1117 = SURFACE_SIDE_STYLE ('',( #444 ) ) ;
#1118 = PRESENTATION_LAYER_ASSIGNMENT (  '', '', ( #1953 ) ) ;
#1119 = EDGE_CURVE ( 'NONE', #755, #2071, #574, .T. ) ;
#1120 = VERTEX_POINT ( 'NONE', #1278 ) ;
#1121 =( NAMED_UNIT ( * ) SI_UNIT ( $, .STERADIAN. ) SOLID_ANGLE_UNIT ( ) );
#1122 = CARTESIAN_POINT ( 'NONE',  ( 0.09405139899835172901, 0.1294084598371601502, -0.005999999999999995788 ) ) ;
#1123 = CARTESIAN_POINT ( 'NONE',  ( 0.1499999999999999944, 0.1350000000000000644, -0.06400000000000000133 ) ) ;
#1124 = ORIENTED_EDGE ( 'NONE', *, *, #2228, .T. ) ;
#1125 = DIRECTION ( 'NONE',  ( -1.000000000000000000, 1.445602896647335958E-15, 0.000000000000000000 ) ) ;
#1126 = CARTESIAN_POINT ( 'NONE',  ( -1.084202172426359125E-17, 0.000000000000000000, 0.006163428929539804813 ) ) ;
#1127 = DIRECTION ( 'NONE',  ( 1.000000000000000000, 0.000000000000000000, 0.000000000000000000 ) ) ;
#1128 = SURFACE_SIDE_STYLE ('',( #1834 ) ) ;
#1129 = VERTEX_POINT ( 'NONE', #1426 ) ;
#1130 = FACE_OUTER_BOUND ( 'NONE', #1855, .T. ) ;
#1131 = CYLINDRICAL_SURFACE ( 'NONE', #1542, 0.009999999999999972453 ) ;
#1132 = DIRECTION ( 'NONE',  ( 0.000000000000000000, 0.000000000000000000, 1.000000000000000000 ) ) ;
#1133 = ORIENTED_EDGE ( 'NONE', *, *, #1794, .T. ) ;
#1134 = DIRECTION ( 'NONE',  ( -1.040519902541702651E-16, -0.000000000000000000, 1.000000000000000000 ) ) ;
#1135 = SURFACE_SIDE_STYLE ('',( #810 ) ) ;
#1136 = AXIS2_PLACEMENT_3D ( 'NONE', #250, #426, #92 ) ;
#1137 = AXIS2_PLACEMENT_3D ( 'NONE', #468, #1644, #1319 ) ;
#1138 = VECTOR ( 'NONE', #1141, 100.0000000000000000 ) ;
#1139 = VERTEX_POINT ( 'NONE', #2151 ) ;
#1140 = LINE ( 'NONE', #827, #181 ) ;
#1141 = DIRECTION ( 'NONE',  ( 0.000000000000000000, 0.000000000000000000, 1.000000000000000000 ) ) ;
#1142 = AXIS2_PLACEMENT_3D ( 'NONE', #1589, #209, #354 ) ;
#1143 = VECTOR ( 'NONE', #1314, 100.0000000000000000 ) ;
#1144 = EDGE_CURVE ( 'NONE', #1873, #138, #425, .T. ) ;
#1145 =( GEOMETRIC_REPRESENTATION_CONTEXT ( 3 ) GLOBAL_UNCERTAINTY_ASSIGNED_CONTEXT ( ( #860 ) ) GLOBAL_UNIT_ASSIGNED_CONTEXT ( ( #946, #1234, #1059 ) ) REPRESENTATION_CONTEXT ( 'NONE', 'WORKASPACE' ) );
#1146 = COLOUR_RGB ( '',1.000000000000000000, 1.000000000000000000, 1.000000000000000000 ) ;
#1147 = DIRECTION ( 'NONE',  ( 1.000000000000000000, 7.228014483236694583E-17, -0.000000000000000000 ) ) ;
#1148 = FILL_AREA_STYLE ('',( #1325 ) ) ;
#1149 = CIRCLE ( 'NONE', #906, 0.009999999999999982861 ) ;
#1150 = ORIENTED_EDGE ( 'NONE', *, *, #1771, .T. ) ;
#1151 =( NAMED_UNIT ( * ) SI_UNIT ( $, .STERADIAN. ) SOLID_ANGLE_UNIT ( ) );
#1152 = CARTESIAN_POINT ( 'NONE',  ( -0.03999999999999993144, 0.1250000000000000278, -0.07000000000000000666 ) ) ;
#1153 = CARTESIAN_POINT ( 'NONE',  ( -0.4800000000000000377, -0.4799999999999999822, -0.005999999999999994053 ) ) ;
#1154 = MECHANICAL_DESIGN_GEOMETRIC_PRESENTATION_REPRESENTATION (  '', ( #1913 ), #558 ) ;
#1155 = ORIENTED_EDGE ( 'NONE', *, *, #1389, .F. ) ;
#1156 = EDGE_CURVE ( 'NONE', #1806, #40, #1803, .T. ) ;
#1157 = ORIENTED_EDGE ( 'NONE', *, *, #2195, .F. ) ;
#1158 =( LENGTH_UNIT ( ) NAMED_UNIT ( * ) SI_UNIT ( .CENTI., .METRE. ) );
#1159 = LINE ( 'NONE', #129, #1797 ) ;
#1160 = SURFACE_STYLE_USAGE ( .BOTH. , #647 ) ;
#1161 = VERTEX_POINT ( 'NONE', #271 ) ;
#1162 =( NAMED_UNIT ( * ) PLANE_ANGLE_UNIT ( ) SI_UNIT ( $, .RADIAN. ) );
#1163 = CARTESIAN_POINT ( 'NONE',  ( -0.09499999999999995948, 0.1350000000000000089, -0.07000000000000000666 ) ) ;
#1164 = CARTESIAN_POINT ( 'NONE',  ( -1.301010841365200282E-17, 0.000000000000000000, 0.02700000000004363840 ) ) ;
#1165 = FACE_OUTER_BOUND ( 'NONE', #1515, .T. ) ;
#1166 = CARTESIAN_POINT ( 'NONE',  ( -0.04964432275008254236, -0.1500000000000000222, -0.006000000000005725580 ) ) ;
#1167 = UNCERTAINTY_MEASURE_WITH_UNIT (LENGTH_MEASURE( 1.000000000000000082E-05 ), #85, 'distance_accuracy_value', 'NONE');
#1168 = EDGE_CURVE ( 'NONE', #313, #847, #1149, .T. ) ;
#1169 = VERTEX_POINT ( 'NONE', #240 ) ;
#1170 = DIRECTION ( 'NONE',  ( 1.000000000000000000, 0.000000000000000000, 0.000000000000000000 ) ) ;
#1171 = FILL_AREA_STYLE ('',( #162 ) ) ;
#1172 = ORIENTED_EDGE ( 'NONE', *, *, #467, .T. ) ;
#1174 = COLOUR_RGB ( '',1.000000000000000000, 1.000000000000000000, 1.000000000000000000 ) ;
#1173 = PLANE ( 'NONE',  #1764 ) ;
#1175 =( NAMED_UNIT ( * ) SI_UNIT ( $, .STERADIAN. ) SOLID_ANGLE_UNIT ( ) );
#1176 = MECHANICAL_DESIGN_GEOMETRIC_PRESENTATION_REPRESENTATION (  '', ( #616 ), #1826 ) ;
#1177 = DIRECTION ( 'NONE',  ( 0.000000000000000000, -0.000000000000000000, -1.000000000000000000 ) ) ;
#1178 = CIRCLE ( 'NONE', #294, 0.009999999999999982861 ) ;
#1179 = DIRECTION ( 'NONE',  ( 8.673617379884034239E-17, 1.000000000000000000, 0.000000000000000000 ) ) ;
#1180 = CIRCLE ( 'NONE', #118, 0.01000000000000000541 ) ;
#1181 = ORIENTED_EDGE ( 'NONE', *, *, #731, .F. ) ;
#1182 = FILL_AREA_STYLE_COLOUR ( '', #1407 ) ;
#1183 =( GEOMETRIC_REPRESENTATION_CONTEXT ( 3 ) GLOBAL_UNCERTAINTY_ASSIGNED_CONTEXT ( ( #1035 ) ) GLOBAL_UNIT_ASSIGNED_CONTEXT ( ( #1260, #1306, #1998 ) ) REPRESENTATION_CONTEXT ( 'NONE', 'WORKASPACE' ) );
#1184 = PRESENTATION_STYLE_ASSIGNMENT (( #1875 ) ) ;
#1185 = SURFACE_SIDE_STYLE ('',( #368 ) ) ;
#1186 = VERTEX_POINT ( 'NONE', #2169 ) ;
#1187 = ADVANCED_BREP_SHAPE_REPRESENTATION ( 'LJ_CRBP_01_20210812_geometry', ( #1324, #1371 ), #161 ) ;
#1188 = PRESENTATION_STYLE_ASSIGNMENT (( #1916 ) ) ;
#1189 = VECTOR ( 'NONE', #381, 100.0000000000000000 ) ;
#1190 = CARTESIAN_POINT ( 'NONE',  ( -0.1293968445898029118, -0.09403978375096792852, -0.005999999999999994053 ) ) ;
#1191 = UNCERTAINTY_MEASURE_WITH_UNIT (LENGTH_MEASURE( 1.000000000000000082E-05 ), #515, 'distance_accuracy_value', 'NONE');
#1192 = ORIENTED_EDGE ( 'NONE', *, *, #1156, .F. ) ;
#1193 = DIRECTION ( 'NONE',  ( 0.000000000000000000, 0.000000000000000000, 1.000000000000000000 ) ) ;
#1194 = CARTESIAN_POINT ( 'NONE',  ( 0.1349999999999999811, 0.1250000000000000278, -0.07000000000000000666 ) ) ;
#1195 = DIRECTION ( 'NONE',  ( -1.000000000000000000, 0.000000000000000000, -0.000000000000000000 ) ) ;
#1196 = ORIENTED_EDGE ( 'NONE', *, *, #2070, .T. ) ;
#1197 = EDGE_CURVE ( 'NONE', #1694, #443, #944, .T. ) ;
#1198 = CARTESIAN_POINT ( 'NONE',  ( -0.03999999999999997308, -0.1349999999999999534, -0.07000000000000000666 ) ) ;
#1199 = ORIENTED_EDGE ( 'NONE', *, *, #1671, .T. ) ;
#1200 = CARTESIAN_POINT ( 'NONE',  ( -0.09499999999999998723, -0.1349999999999999811, -0.07000000000000000666 ) ) ;
#1201 = SURFACE_STYLE_FILL_AREA ( #2088 ) ;
#1202 = ORIENTED_EDGE ( 'NONE', *, *, #1596, .F. ) ;
#1203 = CARTESIAN_POINT ( 'NONE',  ( -0.04499999999999996364, 0.02449489742783187568, -0.06400000000000000133 ) ) ;
#1204 = MECHANICAL_DESIGN_GEOMETRIC_PRESENTATION_REPRESENTATION (  '', ( #1390 ), #72 ) ;
#1205 = PLANE ( 'NONE',  #1315 ) ;
#1206 =( NAMED_UNIT ( * ) SI_UNIT ( $, .STERADIAN. ) SOLID_ANGLE_UNIT ( ) );
#1207 = STYLED_ITEM ( 'NONE', ( #358 ), #307 ) ;
#1208 = UNCERTAINTY_MEASURE_WITH_UNIT (LENGTH_MEASURE( 1.000000000000000082E-05 ), #1024, 'distance_accuracy_value', 'NONE');
#1209 = EDGE_CURVE ( 'NONE', #710, #1256, #1085, .T. ) ;
#1210 = STYLED_ITEM ( 'NONE', ( #372 ), #539 ) ;
#1211 =( NAMED_UNIT ( * ) PLANE_ANGLE_UNIT ( ) SI_UNIT ( $, .RADIAN. ) );
#1212 = COLOUR_RGB ( '',1.000000000000000000, 1.000000000000000000, 1.000000000000000000 ) ;
#1213 = AXIS2_PLACEMENT_3D ( 'NONE', #561, #1227, #412 ) ;
#1214 = CARTESIAN_POINT ( 'NONE',  ( -0.04999999999999998196, -0.02449489742783176119, -0.07000000000000000666 ) ) ;
#1215 = VECTOR ( 'NONE', #1766, 100.0000000000000000 ) ;
#1216 = VECTOR ( 'NONE', #507, 100.0000000000000000 ) ;
#1217 =( NAMED_UNIT ( * ) SI_UNIT ( $, .STERADIAN. ) SOLID_ANGLE_UNIT ( ) );
#1218 = ORIENTED_EDGE ( 'NONE', *, *, #1759, .T. ) ;
#1219 = SURFACE_STYLE_FILL_AREA ( #2042 ) ;
#1220 = DIRECTION ( 'NONE',  ( -1.000000000000000000, 0.000000000000000000, -1.040519902552023170E-16 ) ) ;
#1221 =( NAMED_UNIT ( * ) PLANE_ANGLE_UNIT ( ) SI_UNIT ( $, .RADIAN. ) );
#1222 = PRESENTATION_LAYER_ASSIGNMENT (  '', '', ( #765 ) ) ;
#1223 = ORIENTED_EDGE ( 'NONE', *, *, #1952, .T. ) ;
#1224 = EDGE_CURVE ( 'NONE', #922, #955, #1517, .T. ) ;
#1225 = CARTESIAN_POINT ( 'NONE',  ( 0.1499999999999999944, 0.1499999999999999944, -0.06400000000000000133 ) ) ;
#1226 = CARTESIAN_POINT ( 'NONE',  ( 0.1580017682854036321, -0.3160035365708070976, -0.005999999999999998390 ) ) ;
#1227 = DIRECTION ( 'NONE',  ( 0.000000000000000000, 0.000000000000000000, 1.000000000000000000 ) ) ;
#1228 = ORIENTED_EDGE ( 'NONE', *, *, #2045, .T. ) ;
#1229 = CARTESIAN_POINT ( 'NONE',  ( -0.1432724144448691284, 0.000000000000000000, 0.006163428929083286309 ) ) ;
#1230 = VERTEX_POINT ( 'NONE', #2189 ) ;
#1231 =( LENGTH_UNIT ( ) NAMED_UNIT ( * ) SI_UNIT ( .CENTI., .METRE. ) );
#1232 = CARTESIAN_POINT ( 'NONE',  ( 0.1499999999999999944, 1.836970198721030057E-17, -0.003687462484938649424 ) ) ;
#1233 = ORIENTED_EDGE ( 'NONE', *, *, #1144, .F. ) ;
#1234 =( NAMED_UNIT ( * ) PLANE_ANGLE_UNIT ( ) SI_UNIT ( $, .RADIAN. ) );
#1235 = EDGE_CURVE ( 'NONE', #1351, #40, #498, .T. ) ;
#1236 = ADVANCED_FACE ( 'Defeatured_0_17', ( #1866 ), #1846, .T. ) ;
#1237 = LINE ( 'NONE', #399, #524 ) ;
#1238 = SURFACE_STYLE_FILL_AREA ( #1413 ) ;
#1239 = PRESENTATION_STYLE_ASSIGNMENT (( #613 ) ) ;
#1240 = UNCERTAINTY_MEASURE_WITH_UNIT (LENGTH_MEASURE( 1.000000000000000082E-05 ), #274, 'distance_accuracy_value', 'NONE');
#1241 = EDGE_CURVE ( 'NONE', #1873, #2211, #147, .T. ) ;
#1242 = CARTESIAN_POINT ( 'NONE',  ( 0.04964432275008088397, 0.1499999999999999944, -0.006000000000002860684 ) ) ;
#1243 = VERTEX_POINT ( 'NONE', #663 ) ;
#1244 = PRESENTATION_STYLE_ASSIGNMENT (( #1610 ) ) ;
#1245 = CARTESIAN_POINT ( 'NONE',  ( -0.1432724144450503445, 0.000000000000000000, 0.006163428940908488585 ) ) ;
#1246 = DIRECTION ( 'NONE',  ( 0.000000000000000000, 0.000000000000000000, 1.000000000000000000 ) ) ;
#1247 = SURFACE_STYLE_USAGE ( .BOTH. , #589 ) ;
#1248 = CIRCLE ( 'NONE', #1463, 0.005000000000000029594 ) ;
#1249 = CARTESIAN_POINT ( 'NONE',  ( -0.1249999999999999445, 0.1250000000000000278, -0.07000000000000000666 ) ) ;
#1250 = SURFACE_STYLE_USAGE ( .BOTH. , #570 ) ;
#1251 = COLOUR_RGB ( '',1.000000000000000000, 1.000000000000000000, 1.000000000000000000 ) ;
#1252 = MECHANICAL_DESIGN_GEOMETRIC_PRESENTATION_REPRESENTATION (  '', ( #261 ), #407 ) ;
#1253 = CARTESIAN_POINT ( 'NONE',  ( -0.1432724144448691284, 0.2865448288897382012, 0.006163428929083286309 ) ) ;
#1254 = EDGE_CURVE ( 'NONE', #955, #1964, #470, .T. ) ;
#1255 = CIRCLE ( 'NONE', #301, 0.01000000000000000541 ) ;
#1256 = VERTEX_POINT ( 'NONE', #2043 ) ;
#1257 =( NAMED_UNIT ( * ) PLANE_ANGLE_UNIT ( ) SI_UNIT ( $, .RADIAN. ) );
#1258 = CARTESIAN_POINT ( 'NONE',  ( -0.04999999999999998196, -0.02449489742783176119, -0.07000000000000000666 ) ) ;
#1259 = DIRECTION ( 'NONE',  ( -0.000000000000000000, -1.000000000000000000, -0.000000000000000000 ) ) ;
#1260 =( LENGTH_UNIT ( ) NAMED_UNIT ( * ) SI_UNIT ( .CENTI., .METRE. ) );
#1261 = FILL_AREA_STYLE ('',( #419 ) ) ;
#1262 = MECHANICAL_DESIGN_GEOMETRIC_PRESENTATION_REPRESENTATION (  '', ( #985 ), #490 ) ;
#1263 =( NAMED_UNIT ( * ) SI_UNIT ( $, .STERADIAN. ) SOLID_ANGLE_UNIT ( ) );
#1264 = CARTESIAN_POINT ( 'NONE',  ( 0.04000000000000002165, 0.1250000000000000278, -0.07000000000000000666 ) ) ;
#1265 = SURFACE_STYLE_FILL_AREA ( #1065 ) ;
#1266 = EDGE_CURVE ( 'NONE', #338, #2073, #2224, .T. ) ;
#1267 = ORIENTED_EDGE ( 'NONE', *, *, #320, .F. ) ;
#1268 = DIRECTION ( 'NONE',  ( 1.000000000000000000, 0.000000000000000000, 0.000000000000000000 ) ) ;
#1269 = CARTESIAN_POINT ( 'NONE',  ( -0.03999999999999993144, 0.1250000000000000278, -0.06400000000000000133 ) ) ;
#1270 = CARTESIAN_POINT ( 'NONE',  ( 0.2441974760239016828, -0.06606271176830887104, 0.002304649803147629759 ) ) ;
#1271 = EDGE_LOOP ( 'NONE', ( #1627, #1387, #1366, #801 ) ) ;
#1272 = SURFACE_SIDE_STYLE ('',( #931 ) ) ;
#1273 =( LENGTH_UNIT ( ) NAMED_UNIT ( * ) SI_UNIT ( .CENTI., .METRE. ) );
#1274 =( BOUNDED_SURFACE ( )  B_SPLINE_SURFACE ( 3, 3, ( 
 ( #1229, #1253, #402, #921 ),
 ( #571, #2124, #1966, #603 ),
 ( #563, #1402, #434, #1275 ),
 ( #1439, #422, #953, #1926 ) ),
 .UNSPECIFIED., .F., .F., .F. ) 
 B_SPLINE_SURFACE_WITH_KNOTS ( ( 4, 4 ),
 ( 4, 4 ),
 ( 0.000000000000000000, 1.000000000000000000 ),
 ( 0.000000000000000000, 1.000000000000000000 ),
 .UNSPECIFIED. ) 
 GEOMETRIC_REPRESENTATION_ITEM ( )  RATIONAL_B_SPLINE_SURFACE ( (
 ( 1.000000000000000000, 0.3333333333333334259, 0.3333333333333334259, 1.000000000000000000),
 ( 0.8473814802484838093, 0.2824604934161613623, 0.2824604934161613623, 0.8473814802484838093),
 ( 0.8473814802484838093, 0.2824604934161613623, 0.2824604934161613623, 0.8473814802484838093),
 ( 1.000000000000000000, 0.3333333333333334259, 0.3333333333333334259, 1.000000000000000000) ) ) 
 REPRESENTATION_ITEM ( '' )  SURFACE ( )  );
#1275 = CARTESIAN_POINT ( 'NONE',  ( 0.1504874702639112383, 1.842939987704815004E-17, -0.006000000000000483245 ) ) ;
#1276 = EDGE_LOOP ( 'NONE', ( #1533, #1370, #430, #2175, #1192, #1452 ) ) ;
#1277 = FILL_AREA_STYLE ('',( #66 ) ) ;
#1278 = CARTESIAN_POINT ( 'NONE',  ( 0.1349999999999999534, 0.1250000000000000278, -0.07000000000000000666 ) ) ;
#1279 = LINE ( 'NONE', #1123, #1540 ) ;
#1280 = EDGE_CURVE ( 'NONE', #273, #2196, #142, .T. ) ;
#1281 = ADVANCED_FACE ( 'Defeatured_0_25', ( #631 ), #1131, .T. ) ;
#1282 = VECTOR ( 'NONE', #1132, 100.0000000000000000 ) ;
#1283 = EDGE_LOOP ( 'NONE', ( #673, #83, #1476, #548 ) ) ;
#1284 = SURFACE_SIDE_STYLE ('',( #611 ) ) ;
#1285 = DIRECTION ( 'NONE',  ( -1.000000000000000000, 0.000000000000000000, 0.000000000000000000 ) ) ;
#1286 = VECTOR ( 'NONE', #1417, 100.0000000000000000 ) ;
#1288 = PRESENTATION_LAYER_ASSIGNMENT (  '', '', ( #1942 ) ) ;
#1287 = DIRECTION ( 'NONE',  ( -1.000000000000000000, 0.000000000000000000, 0.000000000000000000 ) ) ;
#1289 = AXIS2_PLACEMENT_3D ( 'NONE', #1512, #1860, #626 ) ;
#1290 = VERTEX_POINT ( 'NONE', #538 ) ;
#1291 = CARTESIAN_POINT ( 'NONE',  ( -0.08499999999999995060, 0.1250000000000000000, -0.07000000000000000666 ) ) ;
#1293 = CARTESIAN_POINT ( 'NONE',  ( 0.04964432275008088397, 0.1499999999999999944, -0.006000000000002860684 ) ) ;
#1292 = MECHANICAL_DESIGN_GEOMETRIC_PRESENTATION_REPRESENTATION (  '', ( #2015 ), #1183 ) ;
#1294 = COLOUR_RGB ( '',1.000000000000000000, 1.000000000000000000, 1.000000000000000000 ) ;
#1295 = CARTESIAN_POINT ( 'NONE',  ( 0.04964432275007826106, -0.1499999999999999667, -0.005999999999999995788 ) ) ;
#1296 = ADVANCED_FACE ( 'Defeatured_0_31', ( #521 ), #894, .F. ) ;
#1297 = ORIENTED_EDGE ( 'NONE', *, *, #453, .F. ) ;
#1298 = DIRECTION ( 'NONE',  ( 1.000000000000000000, 2.157506723018340805E-16, -0.000000000000000000 ) ) ;
#1299 =( LENGTH_UNIT ( ) NAMED_UNIT ( * ) SI_UNIT ( .CENTI., .METRE. ) );
#1300 = DIRECTION ( 'NONE',  ( -1.000000000000000000, 0.000000000000000000, -0.000000000000000000 ) ) ;
#1301 = STYLED_ITEM ( 'NONE', ( #1886 ), #1187 ) ;
#1302 = ORIENTED_EDGE ( 'NONE', *, *, #1642, .T. ) ;
#1303 = CARTESIAN_POINT ( 'NONE',  ( -0.05000000000000000971, 0.02449489742783187568, -0.07000000000000000666 ) ) ;
#1304 = CARTESIAN_POINT ( 'NONE',  ( 0.1499999999999999944, 0.1499999999999999944, -0.02600000000000000228 ) ) ;
#1305 = CARTESIAN_POINT ( 'NONE',  ( -0.1500000000000000222, -0.1500000000000000222, -0.006000000000024749425 ) ) ;
#1306 =( NAMED_UNIT ( * ) PLANE_ANGLE_UNIT ( ) SI_UNIT ( $, .RADIAN. ) );
#1307 = ORIENTED_EDGE ( 'NONE', *, *, #221, .F. ) ;
#1308 = DIRECTION ( 'NONE',  ( 0.000000000000000000, 0.000000000000000000, 1.000000000000000000 ) ) ;
#1309 = ADVANCED_FACE ( 'Defeatured_0_1', ( #712 ), #1863, .T. ) ;
#1310 = ORIENTED_EDGE ( 'NONE', *, *, #1961, .T. ) ;
#1311 = CARTESIAN_POINT ( 'NONE',  ( 0.1432724144448691006, 1.754581037560219710E-17, 0.006163428929083286309 ) ) ;
#1312 = ORIENTED_EDGE ( 'NONE', *, *, #467, .F. ) ;
#1313 = DIRECTION ( 'NONE',  ( 0.000000000000000000, 0.000000000000000000, -1.000000000000000000 ) ) ;
#1314 = DIRECTION ( 'NONE',  ( -0.000000000000000000, 0.000000000000000000, 1.000000000000000000 ) ) ;
#1315 = AXIS2_PLACEMENT_3D ( 'NONE', #1198, #678, #1355 ) ;
#1316 = AXIS2_PLACEMENT_3D ( 'NONE', #937, #1107, #1801 ) ;
#1317 = ORIENTED_EDGE ( 'NONE', *, *, #321, .F. ) ;
#1318 = CARTESIAN_POINT ( 'NONE',  ( -0.1446934038039365822, -3.543966276524526734E-17, -0.001215288032368751041 ) ) ;
#1319 = DIRECTION ( 'NONE',  ( 3.469446951953613696E-16, 1.000000000000000000, 0.000000000000000000 ) ) ;
#1320 = PRESENTATION_LAYER_ASSIGNMENT (  '', '', ( #1038 ) ) ;
#1321 = CIRCLE ( 'NONE', #942, 0.01000000000000000541 ) ;
#1322 = AXIS2_PLACEMENT_3D ( 'NONE', #1781, #956, #1418 ) ;
#1323 = PRESENTATION_STYLE_ASSIGNMENT (( #341 ) ) ;
#1324 = MANIFOLD_SOLID_BREP ( 'Defeatured_0_5', #749 ) ;
#1325 = FILL_AREA_STYLE_COLOUR ( '', #1654 ) ;
#1326 = UNCERTAINTY_MEASURE_WITH_UNIT (LENGTH_MEASURE( 1.000000000000000082E-05 ), #1599, 'distance_accuracy_value', 'NONE');
#1327 = COLOUR_RGB ( '',0.7921568627450980005, 0.8196078431372548767, 0.9333333333333333481 ) ;
#1328 = ORIENTED_EDGE ( 'NONE', *, *, #176, .F. ) ;
#1329 = CARTESIAN_POINT ( 'NONE',  ( -0.04999999999999998196, 6.505213034913026604E-17, -0.07000000000000000666 ) ) ;
#1330 = DIRECTION ( 'NONE',  ( 1.000000000000000000, 0.000000000000000000, 0.000000000000000000 ) ) ;
#1331 = COLOUR_RGB ( '',1.000000000000000000, 1.000000000000000000, 1.000000000000000000 ) ;
#1332 = FILL_AREA_STYLE_COLOUR ( '', #1251 ) ;
#1333 = EDGE_LOOP ( 'NONE', ( #285, #1788, #371, #1925 ) ) ;
#1334 = DIRECTION ( 'NONE',  ( 1.000000000000000000, 7.228014483236694583E-17, -0.000000000000000000 ) ) ;
#1335 = DIRECTION ( 'NONE',  ( 1.734723475976807094E-16, -1.000000000000000000, 0.000000000000000000 ) ) ;
#1336 = EDGE_CURVE ( 'NONE', #961, #1230, #1248, .T. ) ;
#1337 = DIRECTION ( 'NONE',  ( 0.000000000000000000, 0.000000000000000000, 1.000000000000000000 ) ) ;
#1338 = SURFACE_STYLE_USAGE ( .BOTH. , #665 ) ;
#1339 = EDGE_CURVE ( 'NONE', #231, #1129, #1411, .T. ) ;
#1340 = VERTEX_POINT ( 'NONE', #208 ) ;
#1341 = ORIENTED_EDGE ( 'NONE', *, *, #1156, .T. ) ;
#1342 = FACE_OUTER_BOUND ( 'NONE', #1640, .T. ) ;
#1343 =( NAMED_UNIT ( * ) PLANE_ANGLE_UNIT ( ) SI_UNIT ( $, .RADIAN. ) );
#1344 = DIRECTION ( 'NONE',  ( -0.000000000000000000, -0.000000000000000000, -1.000000000000000000 ) ) ;
#1345 =( NAMED_UNIT ( * ) PLANE_ANGLE_UNIT ( ) SI_UNIT ( $, .RADIAN. ) );
#1346 = UNCERTAINTY_MEASURE_WITH_UNIT (LENGTH_MEASURE( 1.000000000000000082E-05 ), #2052, 'distance_accuracy_value', 'NONE');
#1347 = VERTEX_POINT ( 'NONE', #2120 ) ;
#1348 = EDGE_CURVE ( 'NONE', #528, #187, #686, .T. ) ;
#1349 = SURFACE_SIDE_STYLE ('',( #2079 ) ) ;
#1350 = B_SPLINE_CURVE_WITH_KNOTS ( 'NONE', 3,
 ( #1954, #1790, #925, #2142, #588, #1295 ),
 .UNSPECIFIED., .F., .F.,
 ( 4, 2, 4 ),
 ( 0.000000000000000000, 0.5000000000000000000, 1.000000000000000000 ),
 .UNSPECIFIED. ) ;
#1351 = VERTEX_POINT ( 'NONE', #866 ) ;
#1353 = CIRCLE ( 'NONE', #828, 0.01000000000000000541 ) ;
#1352 =( LENGTH_UNIT ( ) NAMED_UNIT ( * ) SI_UNIT ( .CENTI., .METRE. ) );
#1354 = COLOUR_RGB ( '',1.000000000000000000, 1.000000000000000000, 1.000000000000000000 ) ;
#1355 = DIRECTION ( 'NONE',  ( 0.000000000000000000, -0.000000000000000000, 1.000000000000000000 ) ) ;
#1356 = COLOUR_RGB ( '',1.000000000000000000, 1.000000000000000000, 1.000000000000000000 ) ;
#1357 = DIRECTION ( 'NONE',  ( 6.472520169055026358E-16, 1.000000000000000000, 0.000000000000000000 ) ) ;
#1358 =( GEOMETRIC_REPRESENTATION_CONTEXT ( 3 ) GLOBAL_UNCERTAINTY_ASSIGNED_CONTEXT ( ( #166 ) ) GLOBAL_UNIT_ASSIGNED_CONTEXT ( ( #1491, #655, #1115 ) ) REPRESENTATION_CONTEXT ( 'NONE', 'WORKASPACE' ) );
#1359 = PRESENTATION_LAYER_ASSIGNMENT (  '', '', ( #657 ) ) ;
#1360 = EDGE_LOOP ( 'NONE', ( #355, #1802, #818, #940, #639, #1058, #1734, #11 ) ) ;
#1361 = SURFACE_SIDE_STYLE ('',( #684 ) ) ;
#1362 = LINE ( 'NONE', #1194, #441 ) ;
#1363 = DIRECTION ( 'NONE',  ( -0.000000000000000000, -0.000000000000000000, -1.000000000000000000 ) ) ;
#1364 = CARTESIAN_POINT ( 'NONE',  ( 0.1349999999999999534, -0.1250000000000000278, -0.07000000000000000666 ) ) ;
#1365 = CYLINDRICAL_SURFACE ( 'NONE', #1792, 0.01000000000000000541 ) ;
#1366 = ORIENTED_EDGE ( 'NONE', *, *, #2117, .F. ) ;
#1367 = LINE ( 'NONE', #2072, #753 ) ;
#1368 = SURFACE_STYLE_FILL_AREA ( #2095 ) ;
#1369 = MECHANICAL_DESIGN_GEOMETRIC_PRESENTATION_REPRESENTATION (  '', ( #800 ), #1843 ) ;
#1370 = ORIENTED_EDGE ( 'NONE', *, *, #579, .T. ) ;
#1371 = AXIS2_PLACEMENT_3D ( 'NONE', #819, #835, #668 ) ;
#1372 = DIRECTION ( 'NONE',  ( 0.000000000000000000, 0.000000000000000000, 1.000000000000000000 ) ) ;
#1373 = UNCERTAINTY_MEASURE_WITH_UNIT (LENGTH_MEASURE( 1.000000000000000082E-05 ), #54, 'distance_accuracy_value', 'NONE');
#1374 = ORIENTED_EDGE ( 'NONE', *, *, #1235, .F. ) ;
#1375 = CARTESIAN_POINT ( 'NONE',  ( -0.1499999999999999944, 0.1499999999999999944, -0.06400000000000000133 ) ) ;
#1376 = SURFACE_SIDE_STYLE ('',( #534 ) ) ;
#1377 = CARTESIAN_POINT ( 'NONE',  ( 0.1580017682854025773, 1.934963597903400770E-17, 0.009000000000000006259 ) ) ;
#1378 = ORIENTED_EDGE ( 'NONE', *, *, #2117, .T. ) ;
#1379 = DIRECTION ( 'NONE',  ( 1.040519902552023170E-16, 0.000000000000000000, -1.000000000000000000 ) ) ;
#1380 = B_SPLINE_CURVE_WITH_KNOTS ( 'NONE', 3,
 ( #103, #1102, #462, #2166, #275, #1829 ),
 .UNSPECIFIED., .F., .F.,
 ( 4, 2, 4 ),
 ( 0.000000000000000000, 0.5000000000000000000, 1.000000000000000000 ),
 .UNSPECIFIED. ) ;
#1381 = EDGE_CURVE ( 'NONE', #2092, #1014, #1554, .T. ) ;
#1382 = ORIENTED_EDGE ( 'NONE', *, *, #1743, .T. ) ;
#1383 = FACE_OUTER_BOUND ( 'NONE', #1865, .T. ) ;
#1384 = FILL_AREA_STYLE_COLOUR ( '', #1043 ) ;
#1385 = LINE ( 'NONE', #1923, #2181 ) ;
#1386 = DIRECTION ( 'NONE',  ( 0.000000000000000000, 0.000000000000000000, 1.000000000000000000 ) ) ;
#1387 = ORIENTED_EDGE ( 'NONE', *, *, #2134, .F. ) ;
#1388 =( NAMED_UNIT ( * ) PLANE_ANGLE_UNIT ( ) SI_UNIT ( $, .RADIAN. ) );
#1389 = EDGE_CURVE ( 'NONE', #1030, #1694, #889, .T. ) ;
#1390 = STYLED_ITEM ( 'NONE', ( #2215 ), #251 ) ;
#1391 = DIRECTION ( 'NONE',  ( 0.000000000000000000, 0.000000000000000000, 1.000000000000000000 ) ) ;
#1392 = UNCERTAINTY_MEASURE_WITH_UNIT (LENGTH_MEASURE( 1.000000000000000082E-05 ), #948, 'distance_accuracy_value', 'NONE');
#1393 = VECTOR ( 'NONE', #1004, 100.0000000000000000 ) ;
#1394 = CARTESIAN_POINT ( 'NONE',  ( -0.1349999999999999534, -0.1249999999999999861, -0.07000000000000000666 ) ) ;
#1395 = STYLED_ITEM ( 'NONE', ( #244 ), #863 ) ;
#1396 = SURFACE_STYLE_FILL_AREA ( #1598 ) ;
#1397 = MECHANICAL_DESIGN_GEOMETRIC_PRESENTATION_REPRESENTATION (  '', ( #1506 ), #1945 ) ;
#1399 = CARTESIAN_POINT ( 'NONE',  ( -0.08500000000000000611, 0.1499999999999999944, -0.06400000000000000133 ) ) ;
#1398 =( GEOMETRIC_REPRESENTATION_CONTEXT ( 3 ) GLOBAL_UNCERTAINTY_ASSIGNED_CONTEXT ( ( #2086 ) ) GLOBAL_UNIT_ASSIGNED_CONTEXT ( ( #1299, #1841, #1151 ) ) REPRESENTATION_CONTEXT ( 'NONE', 'WORKASPACE' ) );
#1400 =( LENGTH_UNIT ( ) NAMED_UNIT ( * ) SI_UNIT ( .CENTI., .METRE. ) );
#1401 = ORIENTED_EDGE ( 'NONE', *, *, #1013, .T. ) ;
#1402 = CARTESIAN_POINT ( 'NONE',  ( -0.1504874702639112938, 0.3009749405278225876, -0.006000000000000484113 ) ) ;
#1403 = ORIENTED_EDGE ( 'NONE', *, *, #1812, .F. ) ;
#1404 = CARTESIAN_POINT ( 'NONE',  ( -0.1249999999999999445, 0.1250000000000000278, -0.07000000000000000666 ) ) ;
#1405 = AXIS2_PLACEMENT_3D ( 'NONE', #2035, #165, #1357 ) ;
#1406 = FACE_OUTER_BOUND ( 'NONE', #1109, .T. ) ;
#1407 = COLOUR_RGB ( '',0.7921568627450980005, 0.8196078431372548767, 0.9333333333333333481 ) ;
#1408 = ORIENTED_EDGE ( 'NONE', *, *, #1771, .F. ) ;
#1409 = CARTESIAN_POINT ( 'NONE',  ( -0.003531046171392425350, -0.1398890558574355236, 0.02322679108640542806 ) ) ;
#1410 = ADVANCED_FACE ( 'Defeatured_0_36', ( #879 ), #1365, .T. ) ;
#1411 = LINE ( 'NONE', #1730, #1626 ) ;
#1412 = CARTESIAN_POINT ( 'NONE',  ( 0.1499999999999999944, -0.1349999999999999811, -0.06400000000000000133 ) ) ;
#1413 = FILL_AREA_STYLE ('',( #1588 ) ) ;
#1414 = SURFACE_SIDE_STYLE ('',( #915 ) ) ;
#1415 = SURFACE_SIDE_STYLE ('',( #1265 ) ) ;
#1416 = ORIENTED_EDGE ( 'NONE', *, *, #501, .T. ) ;
#1417 = DIRECTION ( 'NONE',  ( -2.168404344971008868E-16, -1.000000000000000000, 0.000000000000000000 ) ) ;
#1418 = DIRECTION ( 'NONE',  ( -1.000000000000000000, 0.000000000000000000, 0.000000000000000000 ) ) ;
#1419 = DIRECTION ( 'NONE',  ( -1.000000000000000000, 0.000000000000000000, -1.167820295267012809E-16 ) ) ;
#1420 = SURFACE_STYLE_USAGE ( .BOTH. , #1091 ) ;
#1421 = CARTESIAN_POINT ( 'NONE',  ( -0.1580017682854036321, -3.869927195806825576E-17, -0.005999999999999998390 ) ) ;
#1422 = SURFACE_STYLE_USAGE ( .BOTH. , #1073 ) ;
#1423 = FILL_AREA_STYLE_COLOUR ( '', #791 ) ;
#1424 = ORIENTED_EDGE ( 'NONE', *, *, #150, .F. ) ;
#1425 = CARTESIAN_POINT ( 'NONE',  ( -0.04499999999999996364, -0.02449489742783176119, -0.07000000000000000666 ) ) ;
#1426 = CARTESIAN_POINT ( 'NONE',  ( -0.1249999999999999445, 0.1350000000000000089, -0.06400000000000000133 ) ) ;
#1427 = COLOUR_RGB ( '',1.000000000000000000, 1.000000000000000000, 1.000000000000000000 ) ;
#1428 = CARTESIAN_POINT ( 'NONE',  ( -0.1499999999999999944, 0.1499999999999999944, -0.005999999999999996655 ) ) ;
#1429 = AXIS2_PLACEMENT_3D ( 'NONE', #2084, #1391, #37 ) ;
#1430 = PLANE ( 'NONE',  #1835 ) ;
#1431 = PRESENTATION_LAYER_ASSIGNMENT (  '', '', ( #513 ) ) ;
#1432 = MECHANICAL_DESIGN_GEOMETRIC_PRESENTATION_REPRESENTATION (  '', ( #1942 ), #10 ) ;
#1433 = B_SPLINE_CURVE_WITH_KNOTS ( 'NONE', 3,
 ( #1232, #396, #1919, #1056 ),
 .UNSPECIFIED., .F., .F.,
 ( 4, 4 ),
 ( 0.000000000000000000, 0.0004970004245869347756 ),
 .UNSPECIFIED. ) ;
#1434 = VECTOR ( 'NONE', #669, 100.0000000000000000 ) ;
#1435 = PRESENTATION_LAYER_ASSIGNMENT (  '', '', ( #689 ) ) ;
#1436 = PRODUCT_RELATED_PRODUCT_CATEGORY ( 'part', '', ( #435 ) ) ;
#1437 = COLOUR_RGB ( '',1.000000000000000000, 1.000000000000000000, 1.000000000000000000 ) ;
#1438 = MECHANICAL_DESIGN_GEOMETRIC_PRESENTATION_REPRESENTATION (  '', ( #657 ), #1868 ) ;
#1439 = CARTESIAN_POINT ( 'NONE',  ( -0.1580017682854035765, 0.000000000000000000, -0.005999999999999998390 ) ) ;
#1440 = AXIS2_PLACEMENT_3D ( 'NONE', #1126, #1134, #1285 ) ;
#1441 = ORIENTED_EDGE ( 'NONE', *, *, #1119, .F. ) ;
#1442 = LINE ( 'NONE', #1471, #1099 ) ;
#1443 = FACE_OUTER_BOUND ( 'NONE', #1271, .T. ) ;
#1444 = PRESENTATION_LAYER_ASSIGNMENT (  '', '', ( #2217 ) ) ;
#1445 = ORIENTED_EDGE ( 'NONE', *, *, #2133, .F. ) ;
#1446 = DIRECTION ( 'NONE',  ( 1.000000000000000000, 0.000000000000000000, 0.000000000000000000 ) ) ;
#1447 = VERTEX_POINT ( 'NONE', #1756 ) ;
#1448 = EDGE_CURVE ( 'NONE', #392, #397, #544, .T. ) ;
#1449 = DIRECTION ( 'NONE',  ( -0.1891047381242410841, 0.000000000000000000, -0.9819569226900750625 ) ) ;
#1450 = DIRECTION ( 'NONE',  ( -1.000000000000000000, -0.000000000000000000, -0.000000000000000000 ) ) ;
#1451 = CARTESIAN_POINT ( 'NONE',  ( -0.01580294408878591197, 0.1039219637624128195, 0.2302937792676398032 ) ) ;
#1452 = ORIENTED_EDGE ( 'NONE', *, *, #128, .F. ) ;
#1453 = SURFACE_SIDE_STYLE ('',( #798 ) ) ;
#1454 =( LENGTH_UNIT ( ) NAMED_UNIT ( * ) SI_UNIT ( .CENTI., .METRE. ) );
#1455 = ORIENTED_EDGE ( 'NONE', *, *, #1103, .F. ) ;
#1456 = CARTESIAN_POINT ( 'NONE',  ( -0.1499999999999999944, 0.01658585034424947535, -0.003687462484938627740 ) ) ;
#1457 = ADVANCED_FACE ( 'Defeatured_0_26', ( #56 ), #1888, .F. ) ;
#1458 = CARTESIAN_POINT ( 'NONE',  ( 0.03999999999999997308, -0.1349999999999999534, -0.07000000000000000666 ) ) ;
#1459 = CARTESIAN_POINT ( 'NONE',  ( 0.1499999999999999944, -0.1500000000000000222, -0.06400000000000000133 ) ) ;
#1460 = PRESENTATION_LAYER_ASSIGNMENT (  '', '', ( #363 ) ) ;
#1461 = ORIENTED_EDGE ( 'NONE', *, *, #963, .F. ) ;
#1462 = SURFACE_STYLE_FILL_AREA ( #1261 ) ;
#1463 = AXIS2_PLACEMENT_3D ( 'NONE', #1203, #1485, #2029 ) ;
#1464 = AXIS2_PLACEMENT_3D ( 'NONE', #1264, #413, #1446 ) ;
#1465 = PRESENTATION_LAYER_ASSIGNMENT (  '', '', ( #261 ) ) ;
#1466 = EDGE_LOOP ( 'NONE', ( #1705, #132, #1022 ) ) ;
#1467 = CARTESIAN_POINT ( 'NONE',  ( 0.01660922594545489323, -0.1500000000000504263, -0.003692051692807465924 ) ) ;
#1469 = CARTESIAN_POINT ( 'NONE',  ( -0.08500000000000000611, -0.1250000000000000000, -0.07000000000000000666 ) ) ;
#1468 = VECTOR ( 'NONE', #2077, 100.0000000000000000 ) ;
#1470 = COLOUR_RGB ( '',1.000000000000000000, 1.000000000000000000, 1.000000000000000000 ) ;
#1471 = CARTESIAN_POINT ( 'NONE',  ( 0.04999999999999996114, 0.1250000000000000278, -0.07000000000000000666 ) ) ;
#1472 = VERTEX_POINT ( 'NONE', #891 ) ;
#1473 = SURFACE_STYLE_USAGE ( .BOTH. , #1453 ) ;
#1474 = VECTOR ( 'NONE', #569, 100.0000000000000000 ) ;
#1475 = CARTESIAN_POINT ( 'NONE',  ( 0.1249999999999999861, 0.1350000000000000644, -0.07000000000000000666 ) ) ;
#1476 = ORIENTED_EDGE ( 'NONE', *, *, #895, .F. ) ;
#1477 = CARTESIAN_POINT ( 'NONE',  ( 0.05000000000000000278, 0.1499999999999999944, -0.06400000000000000133 ) ) ;
#1478 = PRESENTATION_STYLE_ASSIGNMENT (( #829 ) ) ;
#1479 = CARTESIAN_POINT ( 'NONE',  ( 0.1349999999999999534, -0.1250000000000000000, -0.07000000000000000666 ) ) ;
#1480 = DIRECTION ( 'NONE',  ( -1.000000000000000000, 0.000000000000000000, 0.000000000000000000 ) ) ;
#1481 = ORIENTED_EDGE ( 'NONE', *, *, #2195, .T. ) ;
#1482 = CARTESIAN_POINT ( 'NONE',  ( 0.1249999999999999861, -0.1350000000000000089, -0.07000000000000000666 ) ) ;
#1483 = SURFACE_STYLE_USAGE ( .BOTH. , #1135 ) ;
#1484 = EDGE_CURVE ( 'NONE', #248, #1698, #754, .T. ) ;
#1485 = DIRECTION ( 'NONE',  ( 0.000000000000000000, 0.000000000000000000, 1.000000000000000000 ) ) ;
#1486 = DIRECTION ( 'NONE',  ( -1.000000000000000000, -0.000000000000000000, 0.000000000000000000 ) ) ;
#1487 = EDGE_LOOP ( 'NONE', ( #1155, #1328, #1403, #1525 ) ) ;
#1488 = CARTESIAN_POINT ( 'NONE',  ( 0.04000000000000002165, 0.1250000000000000278, -0.07000000000000000666 ) ) ;
#1489 =( NAMED_UNIT ( * ) PLANE_ANGLE_UNIT ( ) SI_UNIT ( $, .RADIAN. ) );
#1490 = SURFACE_SIDE_STYLE ('',( #2004 ) ) ;
#1491 =( LENGTH_UNIT ( ) NAMED_UNIT ( * ) SI_UNIT ( .CENTI., .METRE. ) );
#1492 = EDGE_LOOP ( 'NONE', ( #1712, #500, #1116, #930 ) ) ;
#1493 = APPLICATION_PROTOCOL_DEFINITION ( 'draft international standard', 'automotive_design', 1998, #1590 ) ;
#1494 = CARTESIAN_POINT ( 'NONE',  ( -0.04999999999999991257, 0.1499999999999999944, -0.06400000000000000133 ) ) ;
#1495 = AXIS2_PLACEMENT_3D ( 'NONE', #815, #1856, #1177 ) ;
#1496 =( GEOMETRIC_REPRESENTATION_CONTEXT ( 3 ) GLOBAL_UNCERTAINTY_ASSIGNED_CONTEXT ( ( #2006 ) ) GLOBAL_UNIT_ASSIGNED_CONTEXT ( ( #1968, #1257, #1067 ) ) REPRESENTATION_CONTEXT ( 'NONE', 'WORKASPACE' ) );
#1497 = STYLED_ITEM ( 'NONE', ( #869 ), #1410 ) ;
#1498 =( GEOMETRIC_REPRESENTATION_CONTEXT ( 3 ) GLOBAL_UNCERTAINTY_ASSIGNED_CONTEXT ( ( #2063 ) ) GLOBAL_UNIT_ASSIGNED_CONTEXT ( ( #1700, #2, #2057 ) ) REPRESENTATION_CONTEXT ( 'NONE', 'WORKASPACE' ) );
#1499 = ORIENTED_EDGE ( 'NONE', *, *, #2021, .T. ) ;
#1500 = CARTESIAN_POINT ( 'NONE',  ( -0.01647753338305106216, -0.1500000000000504818, -0.003682891506911091430 ) ) ;
#1501 =( NAMED_UNIT ( * ) SI_UNIT ( $, .STERADIAN. ) SOLID_ANGLE_UNIT ( ) );
#1502 = EDGE_CURVE ( 'NONE', #1139, #2116, #2080, .T. ) ;
#1503 = AXIS2_PLACEMENT_3D ( 'NONE', #1733, #709, #722 ) ;
#1504 = AXIS2_PLACEMENT_3D ( 'NONE', #149, #1386, #1732 ) ;
#1505 =( BOUNDED_SURFACE ( )  B_SPLINE_SURFACE ( 3, 3, ( 
 ( #1728, #196, #32, #598, #1584, #1080, #1783 ),
 ( #80, #1753, #252, #1451, #1098, #2163, #1973 ),
 ( #263, #567, #232, #2154, #911, #2119, #1270 ),
 ( #1963, #733, #2130, #1409, #1932, #61, #770 ) ),
 .UNSPECIFIED., .F., .F., .F. ) 
 B_SPLINE_SURFACE_WITH_KNOTS ( ( 4, 4 ),
 ( 4, 3, 4 ),
 ( 0.000000000000000000, 1.000000000000000000 ),
 ( 0.000000000000000000, 0.5000000000000000000, 1.000000000000000000 ),
 .UNSPECIFIED. ) 
 GEOMETRIC_REPRESENTATION_ITEM ( )  RATIONAL_B_SPLINE_SURFACE ( (
 ( 1.000000000000000000, 0.7998494444147524751, 0.7998494444147524751, 1.000000000000000000, 0.7998494444147524751, 0.7998494444147524751, 1.000000000000000000),
 ( 0.4449320475281382525, 0.3558786510176996098, 0.3558786510176996098, 0.4449320475281382525, 0.3558786510176996098, 0.3558786510176996098, 0.4449320475281382525),
 ( 0.4449320475281382525, 0.3558786510176996098, 0.3558786510176996098, 0.4449320475281382525, 0.3558786510176996098, 0.3558786510176996098, 0.4449320475281382525),
 ( 1.000000000000000000, 0.7998494444147524751, 0.7998494444147524751, 1.000000000000000000, 0.7998494444147524751, 0.7998494444147524751, 1.000000000000000000) ) ) 
 REPRESENTATION_ITEM ( '' )  SURFACE ( )  );
#1506 = STYLED_ITEM ( 'NONE', ( #1184 ), #1810 ) ;
#1507 =( GEOMETRIC_REPRESENTATION_CONTEXT ( 3 ) GLOBAL_UNCERTAINTY_ASSIGNED_CONTEXT ( ( #2037 ) ) GLOBAL_UNIT_ASSIGNED_CONTEXT ( ( #566, #1547, #229 ) ) REPRESENTATION_CONTEXT ( 'NONE', 'WORKASPACE' ) );
#1508 = SURFACE_STYLE_USAGE ( .BOTH. , #2182 ) ;
#1509 = FILL_AREA_STYLE_COLOUR ( '', #1437 ) ;
#1510 = UNCERTAINTY_MEASURE_WITH_UNIT (LENGTH_MEASURE( 1.000000000000000082E-05 ), #1854, 'distance_accuracy_value', 'NONE');
#1511 = ORIENTED_EDGE ( 'NONE', *, *, #1518, .F. ) ;
#1512 = CARTESIAN_POINT ( 'NONE',  ( -0.04999999999999998196, 6.505213034913026604E-17, -0.06400000000000000133 ) ) ;
#1513 =( GEOMETRIC_REPRESENTATION_CONTEXT ( 3 ) GLOBAL_UNCERTAINTY_ASSIGNED_CONTEXT ( ( #705 ) ) GLOBAL_UNIT_ASSIGNED_CONTEXT ( ( #286, #1162, #802 ) ) REPRESENTATION_CONTEXT ( 'NONE', 'WORKASPACE' ) );
#1514 =( NAMED_UNIT ( * ) PLANE_ANGLE_UNIT ( ) SI_UNIT ( $, .RADIAN. ) );
#1515 = EDGE_LOOP ( 'NONE', ( #732, #634, #532, #437 ) ) ;
#1516 = CARTESIAN_POINT ( 'NONE',  ( 0.1432724144472397043, 1.754581037589251332E-17, 0.006163428929539819558 ) ) ;
#1517 = LINE ( 'NONE', #2214, #2210 ) ;
#1518 = EDGE_CURVE ( 'NONE', #1010, #1994, #535, .T. ) ;
#1519 = EDGE_CURVE ( 'NONE', #496, #1649, #1941, .T. ) ;
#1520 = LINE ( 'NONE', #2044, #679 ) ;
#1521 = FILL_AREA_STYLE_COLOUR ( '', #158 ) ;
#1522 = VERTEX_POINT ( 'NONE', #2053 ) ;
#1523 =( LENGTH_UNIT ( ) NAMED_UNIT ( * ) SI_UNIT ( .CENTI., .METRE. ) );
#1524 = CARTESIAN_POINT ( 'NONE',  ( 0.1499999999999999944, -0.04964432275007753248, -0.006000000000005725580 ) ) ;
#1525 = ORIENTED_EDGE ( 'NONE', *, *, #228, .F. ) ;
#1526 = CARTESIAN_POINT ( 'NONE',  ( -0.09499999999999998723, -0.1250000000000000000, -0.07000000000000000666 ) ) ;
#1527 = CARTESIAN_POINT ( 'NONE',  ( -0.04999999999999998196, 6.505213034913026604E-17, -0.07000000000000000666 ) ) ;
#1528 = SURFACE_STYLE_FILL_AREA ( #896 ) ;
#1529 = PRESENTATION_STYLE_ASSIGNMENT (( #1549 ) ) ;
#1530 = EDGE_CURVE ( 'NONE', #477, #231, #2108, .T. ) ;
#1531 = ADVANCED_FACE ( 'Defeatured_0_29', ( #1809 ), #602, .T. ) ;
#1532 = UNCERTAINTY_MEASURE_WITH_UNIT (LENGTH_MEASURE( 1.000000000000000082E-05 ), #1231, 'distance_accuracy_value', 'NONE');
#1533 = ORIENTED_EDGE ( 'NONE', *, *, #108, .F. ) ;
#1534 = FILL_AREA_STYLE ('',( #1182 ) ) ;
#1535 = CARTESIAN_POINT ( 'NONE',  ( -0.09499999999999995948, 0.1250000000000000000, -0.07000000000000000666 ) ) ;
#1536 = FACE_OUTER_BOUND ( 'NONE', #706, .T. ) ;
#1537 = VECTOR ( 'NONE', #1805, 100.0000000000000000 ) ;
#1538 = ORIENTED_EDGE ( 'NONE', *, *, #1935, .T. ) ;
#1540 = VECTOR ( 'NONE', #1097, 100.0000000000000000 ) ;
#1539 = SURFACE_STYLE_USAGE ( .BOTH. , #884 ) ;
#1541 = DIRECTION ( 'NONE',  ( 1.000000000000000000, 0.000000000000000000, 0.000000000000000000 ) ) ;
#1542 = AXIS2_PLACEMENT_3D ( 'NONE', #2083, #1750, #1541 ) ;
#1543 = STYLED_ITEM ( 'NONE', ( #1244 ), #391 ) ;
#1544 = ORIENTED_EDGE ( 'NONE', *, *, #1711, .F. ) ;
#1545 = CARTESIAN_POINT ( 'NONE',  ( -0.04999999999999998196, -0.02449489742783176119, -0.07000000000000000666 ) ) ;
#1547 =( NAMED_UNIT ( * ) PLANE_ANGLE_UNIT ( ) SI_UNIT ( $, .RADIAN. ) );
#1546 = STYLED_ITEM ( 'NONE', ( #592 ), #1575 ) ;
#1548 =( GEOMETRIC_REPRESENTATION_CONTEXT ( 3 ) GLOBAL_UNCERTAINTY_ASSIGNED_CONTEXT ( ( #817 ) ) GLOBAL_UNIT_ASSIGNED_CONTEXT ( ( #736, #745, #415 ) ) REPRESENTATION_CONTEXT ( 'NONE', 'WORKASPACE' ) );
#1549 = SURFACE_STYLE_USAGE ( .BOTH. , #349 ) ;
#1550 = PRESENTATION_LAYER_ASSIGNMENT (  '', '', ( #1506 ) ) ;
#1551 = MECHANICAL_DESIGN_GEOMETRIC_PRESENTATION_REPRESENTATION (  '', ( #689 ), #1836 ) ;
#1552 = ORIENTED_EDGE ( 'NONE', *, *, #1661, .T. ) ;
#1553 = FILL_AREA_STYLE ('',( #2049 ) ) ;
#1554 = LINE ( 'NONE', #1910, #789 ) ;
#1555 = DIRECTION ( 'NONE',  ( 0.000000000000000000, 1.000000000000000000, -0.000000000000000000 ) ) ;
#1556 = ORIENTED_EDGE ( 'NONE', *, *, #625, .T. ) ;
#1557 = FILL_AREA_STYLE ('',( #1718 ) ) ;
#1558 = VECTOR ( 'NONE', #742, 100.0000000000000000 ) ;
#1559 = ORIENTED_EDGE ( 'NONE', *, *, #36, .F. ) ;
#1560 = SURFACE_STYLE_USAGE ( .BOTH. , #1068 ) ;
#1561 = UNCERTAINTY_MEASURE_WITH_UNIT (LENGTH_MEASURE( 1.000000000000000082E-05 ), #737, 'distance_accuracy_value', 'NONE');
#1562 = DIRECTION ( 'NONE',  ( 1.000000000000000000, 0.000000000000000000, 0.000000000000000000 ) ) ;
#1563 =( NAMED_UNIT ( * ) SI_UNIT ( $, .STERADIAN. ) SOLID_ANGLE_UNIT ( ) );
#1564 = ADVANCED_FACE ( 'Defeatured_0_38', ( #1779 ), #235, .T. ) ;
#1565 = ORIENTED_EDGE ( 'NONE', *, *, #2133, .T. ) ;
#1566 = FACE_OUTER_BOUND ( 'NONE', #1492, .T. ) ;
#1567 = SURFACE_STYLE_USAGE ( .BOTH. , #704 ) ;
#1568 = DIRECTION ( 'NONE',  ( 1.000000000000000000, 0.000000000000000000, 0.000000000000000000 ) ) ;
#1569 = VERTEX_POINT ( 'NONE', #1600 ) ;
#1570 = PRESENTATION_STYLE_ASSIGNMENT (( #1742 ) ) ;
#1571 = LINE ( 'NONE', #1412, #236 ) ;
#1572 = DIRECTION ( 'NONE',  ( 0.000000000000000000, -1.000000000000000000, 0.000000000000000000 ) ) ;
#1573 = DIRECTION ( 'NONE',  ( 1.000000000000000000, 0.000000000000000000, 0.000000000000000000 ) ) ;
#1574 = VERTEX_POINT ( 'NONE', #63 ) ;
#1575 = ADVANCED_FACE ( 'Defeatured_0_14', ( #1104 ), #744, .F. ) ;
#1576 = CARTESIAN_POINT ( 'NONE',  ( -0.1349999999999999534, -0.1249999999999999861, -0.07000000000000000666 ) ) ;
#1577 = VECTOR ( 'NONE', #290, 100.0000000000000000 ) ;
#1578 = ORIENTED_EDGE ( 'NONE', *, *, #1266, .T. ) ;
#1579 = FACE_OUTER_BOUND ( 'NONE', #303, .T. ) ;
#1580 = CARTESIAN_POINT ( 'NONE',  ( -0.09499999999999998723, -0.1250000000000000000, -0.07000000000000000666 ) ) ;
#1581 = AXIS2_PLACEMENT_3D ( 'NONE', #1164, #788, #995 ) ;
#1582 = COLOUR_RGB ( '',1.000000000000000000, 1.000000000000000000, 1.000000000000000000 ) ;
#1583 = DIRECTION ( 'NONE',  ( -2.168404344971008868E-16, -1.000000000000000000, 0.000000000000000000 ) ) ;
#1584 = CARTESIAN_POINT ( 'NONE',  ( -1.301651382669393761E-17, 0.1397206509545874109, 0.02448461127798662318 ) ) ;
#1585 = LINE ( 'NONE', #901, #1474 ) ;
#1586 = PRESENTATION_LAYER_ASSIGNMENT (  '', '', ( #1725 ) ) ;
#1588 = FILL_AREA_STYLE_COLOUR ( '', #52 ) ;
#1587 = STYLED_ITEM ( 'NONE', ( #782 ), #951 ) ;
#1589 = CARTESIAN_POINT ( 'NONE',  ( 0.1249999999999999861, -0.1350000000000000089, -0.07000000000000000666 ) ) ;
#1590 = APPLICATION_CONTEXT ( 'automotive_design' ) ;
#1591 = CARTESIAN_POINT ( 'NONE',  ( 0.1249999999999999861, 0.1350000000000000644, -0.06400000000000000133 ) ) ;
#1592 = VERTEX_POINT ( 'NONE', #837 ) ;
#1593 = VECTOR ( 'NONE', #2121, 100.0000000000000000 ) ;
#1594 = PRESENTATION_STYLE_ASSIGNMENT (( #193 ) ) ;
#1595 = EDGE_CURVE ( 'NONE', #97, #961, #319, .T. ) ;
#1596 = EDGE_CURVE ( 'NONE', #347, #755, #117, .T. ) ;
#1597 = ORIENTED_EDGE ( 'NONE', *, *, #1661, .F. ) ;
#1598 = FILL_AREA_STYLE ('',( #2106 ) ) ;
#1599 =( LENGTH_UNIT ( ) NAMED_UNIT ( * ) SI_UNIT ( .CENTI., .METRE. ) );
#1600 = CARTESIAN_POINT ( 'NONE',  ( -0.04599999999999997147, -0.01959591794226538813, -0.07000000000000000666 ) ) ;
#1601 = CARTESIAN_POINT ( 'NONE',  ( 0.03309913429770152543, 0.1499999999999999944, -0.006000000000000154515 ) ) ;
#1602 = ORIENTED_EDGE ( 'NONE', *, *, #1812, .T. ) ;
#1603 = DIRECTION ( 'NONE',  ( 1.000000000000000000, 0.000000000000000000, 0.000000000000000000 ) ) ;
#1604 = LINE ( 'NONE', #1988, #1970 ) ;
#1605 = FILL_AREA_STYLE_COLOUR ( '', #727 ) ;
#1606 = CARTESIAN_POINT ( 'NONE',  ( -0.1504874702639112660, -0.3009749405278225320, -0.006000000000000503195 ) ) ;
#1607 = CARTESIAN_POINT ( 'NONE',  ( 0.1249999999999999861, 0.1250000000000000278, -0.07000000000000000666 ) ) ;
#1608 = SURFACE_STYLE_USAGE ( .BOTH. , #237 ) ;
#1609 = EDGE_LOOP ( 'NONE', ( #883, #661, #725 ) ) ;
#1610 = SURFACE_STYLE_USAGE ( .BOTH. , #923 ) ;
#1611 = DIRECTION ( 'NONE',  ( 0.000000000000000000, -0.000000000000000000, 1.000000000000000000 ) ) ;
#1612 = VECTOR ( 'NONE', #1450, 100.0000000000000000 ) ;
#1613 = DIRECTION ( 'NONE',  ( 1.000000000000000000, 0.000000000000000000, 0.000000000000000000 ) ) ;
#1614 = CIRCLE ( 'NONE', #2007, 0.02000000000000002123 ) ;
#1615 = CARTESIAN_POINT ( 'NONE',  ( 0.08500000000000004774, 0.1250000000000000555, -0.07000000000000000666 ) ) ;
#1616 = STYLED_ITEM ( 'NONE', ( #222 ), #596 ) ;
#1617 = EDGE_LOOP ( 'NONE', ( #2024, #1748, #1666, #1157 ) ) ;
#1618 = PLANE ( 'NONE',  #1879 ) ;
#1619 = FACE_OUTER_BOUND ( 'NONE', #1276, .T. ) ;
#1620 = MECHANICAL_DESIGN_GEOMETRIC_PRESENTATION_REPRESENTATION (  '', ( #1038 ), #298 ) ;
#1621 = DIRECTION ( 'NONE',  ( 0.000000000000000000, 0.000000000000000000, 1.000000000000000000 ) ) ;
#1622 = EDGE_CURVE ( 'NONE', #1230, #644, #621, .T. ) ;
#1623 = EDGE_CURVE ( 'NONE', #456, #1447, #494, .T. ) ;
#1624 = AXIS2_PLACEMENT_3D ( 'NONE', #636, #1308, #2001 ) ;
#1625 = LINE ( 'NONE', #2147, #369 ) ;
#1626 = VECTOR ( 'NONE', #2068, 100.0000000000000000 ) ;
#1627 = ORIENTED_EDGE ( 'NONE', *, *, #1266, .F. ) ;
#1628 = SURFACE_STYLE_USAGE ( .BOTH. , #259 ) ;
#1629 = CARTESIAN_POINT ( 'NONE',  ( -0.03999999999999997308, -0.1349999999999999534, -0.07000000000000000666 ) ) ;
#1630 = CARTESIAN_POINT ( 'NONE',  ( -0.1432724144472397043, 0.000000000000000000, 0.006163428929539790067 ) ) ;
#1631 = CARTESIAN_POINT ( 'NONE',  ( 0.1249999999999999861, 0.1350000000000000644, -0.07000000000000000666 ) ) ;
#1632 =( GEOMETRIC_REPRESENTATION_CONTEXT ( 3 ) GLOBAL_UNCERTAINTY_ASSIGNED_CONTEXT ( ( #246 ) ) GLOBAL_UNIT_ASSIGNED_CONTEXT ( ( #1027, #2048, #160 ) ) REPRESENTATION_CONTEXT ( 'NONE', 'WORKASPACE' ) );
#1633 = ORIENTED_EDGE ( 'NONE', *, *, #1502, .T. ) ;
#1634 = SURFACE_STYLE_USAGE ( .BOTH. , #1414 ) ;
#1635 = FACE_OUTER_BOUND ( 'NONE', #760, .T. ) ;
#1636 = ORIENTED_EDGE ( 'NONE', *, *, #625, .F. ) ;
#1637 = DIRECTION ( 'NONE',  ( 0.000000000000000000, 0.000000000000000000, 1.000000000000000000 ) ) ;
#1638 = DIRECTION ( 'NONE',  ( -0.000000000000000000, -0.000000000000000000, -1.000000000000000000 ) ) ;
#1639 = FACE_OUTER_BOUND ( 'NONE', #667, .T. ) ;
#1640 = EDGE_LOOP ( 'NONE', ( #309, #1424, #1307, #141 ) ) ;
#1641 =( NAMED_UNIT ( * ) PLANE_ANGLE_UNIT ( ) SI_UNIT ( $, .RADIAN. ) );
#1642 = EDGE_CURVE ( 'NONE', #1161, #1816, #330, .T. ) ;
#1643 = ORIENTED_EDGE ( 'NONE', *, *, #1381, .F. ) ;
#1644 = DIRECTION ( 'NONE',  ( 1.000000000000000000, -3.469446951953613696E-16, 0.000000000000000000 ) ) ;
#1645 = LINE ( 'NONE', #1112, #1077 ) ;
#1646 = EDGE_CURVE ( 'NONE', #1014, #394, #1159, .T. ) ;
#1647 =( LENGTH_UNIT ( ) NAMED_UNIT ( * ) SI_UNIT ( .CENTI., .METRE. ) );
#1648 = VECTOR ( 'NONE', #2171, 100.0000000000000000 ) ;
#1649 = VERTEX_POINT ( 'NONE', #991 ) ;
#1650 = PRESENTATION_STYLE_ASSIGNMENT (( #967 ) ) ;
#1651 = FACE_OUTER_BOUND ( 'NONE', #1609, .T. ) ;
#1653 = AXIS2_PLACEMENT_3D ( 'NONE', #486, #2213, #662 ) ;
#1652 = FILL_AREA_STYLE_COLOUR ( '', #1356 ) ;
#1654 = COLOUR_RGB ( '',1.000000000000000000, 1.000000000000000000, 1.000000000000000000 ) ;
#1655 = ORIENTED_EDGE ( 'NONE', *, *, #1448, .F. ) ;
#1656 = SURFACE_STYLE_FILL_AREA ( #1821 ) ;
#1657 =( LENGTH_UNIT ( ) NAMED_UNIT ( * ) SI_UNIT ( .CENTI., .METRE. ) );
#1658 =( LENGTH_UNIT ( ) NAMED_UNIT ( * ) SI_UNIT ( .CENTI., .METRE. ) );
#1659 = CARTESIAN_POINT ( 'NONE',  ( -0.08500000000000000611, -0.1250000000000000000, -0.07000000000000000666 ) ) ;
#1660 = DIRECTION ( 'NONE',  ( 0.000000000000000000, 1.000000000000000000, 0.000000000000000000 ) ) ;
#1661 = EDGE_CURVE ( 'NONE', #423, #347, #2220, .T. ) ;
#1662 = ORIENTED_EDGE ( 'NONE', *, *, #568, .F. ) ;
#1663 = SURFACE_SIDE_STYLE ('',( #1462 ) ) ;
#1664 = MECHANICAL_DESIGN_GEOMETRIC_PRESENTATION_REPRESENTATION (  '', ( #594 ), #1048 ) ;
#1665 = CARTESIAN_POINT ( 'NONE',  ( -0.09499999999999998723, -0.1250000000000000000, -0.06400000000000000133 ) ) ;
#1666 = ORIENTED_EDGE ( 'NONE', *, *, #1909, .F. ) ;
#1667 = CARTESIAN_POINT ( 'NONE',  ( -0.1432724144448691284, -3.509162075120438803E-17, 0.006163428929083286309 ) ) ;
#1668 = CARTESIAN_POINT ( 'NONE',  ( 0.1349999999999999534, -0.1250000000000000000, -0.07000000000000000666 ) ) ;
#1669 = SURFACE_STYLE_FILL_AREA ( #1148 ) ;
#1670 = UNCERTAINTY_MEASURE_WITH_UNIT (LENGTH_MEASURE( 1.000000000000000082E-05 ), #1657, 'distance_accuracy_value', 'NONE');
#1671 = EDGE_CURVE ( 'NONE', #528, #1964, #475, .T. ) ;
#1672 = ORIENTED_EDGE ( 'NONE', *, *, #2046, .F. ) ;
#1673 =( NAMED_UNIT ( * ) SI_UNIT ( $, .STERADIAN. ) SOLID_ANGLE_UNIT ( ) );
#1674 = DIRECTION ( 'NONE',  ( -0.000000000000000000, -1.000000000000000000, -0.000000000000000000 ) ) ;
#1675 = SURFACE_SIDE_STYLE ('',( #1862 ) ) ;
#1676 = ADVANCED_FACE ( 'Defeatured_0_40', ( #1992 ), #783, .T. ) ;
#1677 =( NAMED_UNIT ( * ) PLANE_ANGLE_UNIT ( ) SI_UNIT ( $, .RADIAN. ) );
#1678 = ORIENTED_EDGE ( 'NONE', *, *, #2228, .F. ) ;
#1679 = PRESENTATION_STYLE_ASSIGNMENT (( #973 ) ) ;
#1680 = SURFACE_STYLE_FILL_AREA ( #497 ) ;
#1681 = CARTESIAN_POINT ( 'NONE',  ( -0.02999999999999996073, 6.505213034913026604E-17, -0.07000000000000000666 ) ) ;
#1682 = ORIENTED_EDGE ( 'NONE', *, *, #1530, .T. ) ;
#1683 =( NAMED_UNIT ( * ) SI_UNIT ( $, .STERADIAN. ) SOLID_ANGLE_UNIT ( ) );
#1684 = DIRECTION ( 'NONE',  ( 0.000000000000000000, 0.000000000000000000, 1.000000000000000000 ) ) ;
#1685 =( GEOMETRIC_REPRESENTATION_CONTEXT ( 3 ) GLOBAL_UNCERTAINTY_ASSIGNED_CONTEXT ( ( #1740 ) ) GLOBAL_UNIT_ASSIGNED_CONTEXT ( ( #1647, #110, #793 ) ) REPRESENTATION_CONTEXT ( 'NONE', 'WORKASPACE' ) );
#1686 = CIRCLE ( 'NONE', #1316, 0.009999999999999982861 ) ;
#1687 = ORIENTED_EDGE ( 'NONE', *, *, #927, .F. ) ;
#1688 = CARTESIAN_POINT ( 'NONE',  ( 0.1500000000000003830, 0.04964432275007458345, -0.005999999999999995788 ) ) ;
#1689 = AXIS2_PLACEMENT_3D ( 'NONE', #1607, #1621, #764 ) ;
#1690 = COLOUR_RGB ( '',1.000000000000000000, 1.000000000000000000, 1.000000000000000000 ) ;
#1691 = COLOUR_RGB ( '',1.000000000000000000, 1.000000000000000000, 1.000000000000000000 ) ;
#1692 = MECHANICAL_DESIGN_GEOMETRIC_PRESENTATION_REPRESENTATION (  '', ( #2102 ), #870 ) ;
#1693 = SURFACE_STYLE_USAGE ( .BOTH. , #1927 ) ;
#1694 = VERTEX_POINT ( 'NONE', #2192 ) ;
#1695 = CARTESIAN_POINT ( 'NONE',  ( -0.1499999999999999944, 0.1499999999999999944, -0.06400000000000000133 ) ) ;
#1696 = COLOUR_RGB ( '',1.000000000000000000, 1.000000000000000000, 1.000000000000000000 ) ;
#1697 = PRESENTATION_STYLE_ASSIGNMENT (( #1714 ) ) ;
#1698 = VERTEX_POINT ( 'NONE', #646 ) ;
#1699 = EDGE_CURVE ( 'NONE', #703, #190, #480, .T. ) ;
#1700 =( LENGTH_UNIT ( ) NAMED_UNIT ( * ) SI_UNIT ( .CENTI., .METRE. ) );
#1701 = SURFACE_STYLE_FILL_AREA ( #1871 ) ;
#1702 = ORIENTED_EDGE ( 'NONE', *, *, #1784, .F. ) ;
#1703 =( LENGTH_UNIT ( ) NAMED_UNIT ( * ) SI_UNIT ( .CENTI., .METRE. ) );
#1704 = DIRECTION ( 'NONE',  ( 0.000000000000000000, 0.000000000000000000, 1.000000000000000000 ) ) ;
#1705 = ORIENTED_EDGE ( 'NONE', *, *, #108, .T. ) ;
#1706 = CARTESIAN_POINT ( 'NONE',  ( 0.1349999999999999534, -0.1250000000000000278, -0.07000000000000000666 ) ) ;
#1707 = ORIENTED_EDGE ( 'NONE', *, *, #701, .T. ) ;
#1708 = DIRECTION ( 'NONE',  ( -0.000000000000000000, -0.000000000000000000, -1.000000000000000000 ) ) ;
#1709 = LINE ( 'NONE', #342, #414 ) ;
#1710 = UNCERTAINTY_MEASURE_WITH_UNIT (LENGTH_MEASURE( 1.000000000000000082E-05 ), #1158, 'distance_accuracy_value', 'NONE');
#1711 = EDGE_CURVE ( 'NONE', #1064, #1447, #550, .T. ) ;
#1712 = ORIENTED_EDGE ( 'NONE', *, *, #882, .T. ) ;
#1713 = CARTESIAN_POINT ( 'NONE',  ( -0.09499999999999995948, 0.1250000000000000000, -0.07000000000000000666 ) ) ;
#1714 = SURFACE_STYLE_USAGE ( .BOTH. , #1349 ) ;
#1715 = CARTESIAN_POINT ( 'NONE',  ( 0.03999999999999997308, -0.1249999999999999861, -0.07000000000000000666 ) ) ;
#1716 = AXIS2_PLACEMENT_3D ( 'NONE', #769, #60, #1613 ) ;
#1717 = ORIENTED_EDGE ( 'NONE', *, *, #380, .F. ) ;
#1719 = MECHANICAL_DESIGN_GEOMETRIC_PRESENTATION_REPRESENTATION (  '', ( #1543 ), #328 ) ;
#1718 = FILL_AREA_STYLE_COLOUR ( '', #1720 ) ;
#1720 = COLOUR_RGB ( '',1.000000000000000000, 1.000000000000000000, 1.000000000000000000 ) ;
#1721 = LINE ( 'NONE', #2061, #257 ) ;
#1723 = CARTESIAN_POINT ( 'NONE',  ( 0.05000000000000000278, -0.1249999999999999861, -0.07000000000000000666 ) ) ;
#1722 = AXIS2_PLACEMENT_3D ( 'NONE', #1853, #502, #1170 ) ;
#1724 = CIRCLE ( 'NONE', #1504, 0.009999999999999982861 ) ;
#1725 = STYLED_ITEM ( 'NONE', ( #1570 ), #1747 ) ;
#1726 = AXIS2_PLACEMENT_3D ( 'NONE', #885, #38, #551 ) ;
#1727 = FACE_OUTER_BOUND ( 'NONE', #386, .T. ) ;
#1728 = CARTESIAN_POINT ( 'NONE',  ( -1.102184002167367747E-17, 0.1397206509545873554, 0.02448461127798661971 ) ) ;
#1729 = AXIS2_PLACEMENT_3D ( 'NONE', #776, #619, #1775 ) ;
#1730 = CARTESIAN_POINT ( 'NONE',  ( 0.1499999999999999944, 0.1350000000000000089, -0.06400000000000000133 ) ) ;
#1731 = LINE ( 'NONE', #200, #2150 ) ;
#1732 = DIRECTION ( 'NONE',  ( 1.000000000000000000, 0.000000000000000000, 0.000000000000000000 ) ) ;
#1733 = CARTESIAN_POINT ( 'NONE',  ( 0.1249999999999999861, -0.1250000000000000000, -0.06400000000000000133 ) ) ;
#1734 = ORIENTED_EDGE ( 'NONE', *, *, #62, .T. ) ;
#1735 = CARTESIAN_POINT ( 'NONE',  ( -0.1499999999999999944, -0.03305236431369460576, -0.006000000000000001860 ) ) ;
#1736 = SURFACE_STYLE_FILL_AREA ( #29 ) ;
#1737 = CIRCLE ( 'NONE', #2027, 0.009999999999999960310 ) ;
#1738 = PRODUCT_DEFINITION_FORMATION_WITH_SPECIFIED_SOURCE ( 'ANY', '', #435, .NOT_KNOWN. ) ;
#1739 = PLANE ( 'NONE',  #2054 ) ;
#1740 = UNCERTAINTY_MEASURE_WITH_UNIT (LENGTH_MEASURE( 1.000000000000000082E-05 ), #1647, 'distance_accuracy_value', 'NONE');
#1741 = DIRECTION ( 'NONE',  ( -1.000000000000000000, 2.168404344971008868E-16, 0.000000000000000000 ) ) ;
#1742 = SURFACE_STYLE_USAGE ( .BOTH. , #180 ) ;
#1743 = EDGE_CURVE ( 'NONE', #1290, #1120, #1362, .T. ) ;
#1744 = SURFACE_STYLE_USAGE ( .BOTH. , #233 ) ;
#1745 = SURFACE_SIDE_STYLE ('',( #43 ) ) ;
#1746 = SURFACE_STYLE_USAGE ( .BOTH. , #1185 ) ;
#1747 = ADVANCED_FACE ( 'Defeatured_0_21', ( #2067 ), #512, .T. ) ;
#1748 = ORIENTED_EDGE ( 'NONE', *, *, #241, .F. ) ;
#1749 = CYLINDRICAL_SURFACE ( 'NONE', #584, 0.005000000000000029594 ) ;
#1750 = DIRECTION ( 'NONE',  ( 0.000000000000000000, 0.000000000000000000, 1.000000000000000000 ) ) ;
#1751 =( NAMED_UNIT ( * ) SI_UNIT ( $, .STERADIAN. ) SOLID_ANGLE_UNIT ( ) );
#1752 = ORIENTED_EDGE ( 'NONE', *, *, #156, .T. ) ;
#1753 = CARTESIAN_POINT ( 'NONE',  ( -0.2205024748258762046, 0.1218895139895510848, 0.1269970705585009019 ) ) ;
#1754 = CARTESIAN_POINT ( 'NONE',  ( 0.04000000000000002165, 0.1350000000000000089, -0.07000000000000000666 ) ) ;
#1755 = DIRECTION ( 'NONE',  ( -0.000000000000000000, -0.000000000000000000, -1.000000000000000000 ) ) ;
#1756 = CARTESIAN_POINT ( 'NONE',  ( -0.04999999999999996114, 0.1250000000000000278, -0.07000000000000000666 ) ) ;
#1757 = ORIENTED_EDGE ( 'NONE', *, *, #139, .F. ) ;
#1758 = SURFACE_STYLE_USAGE ( .BOTH. , #1415 ) ;
#1759 = EDGE_CURVE ( 'NONE', #40, #1994, #556, .T. ) ;
#1760 = CARTESIAN_POINT ( 'NONE',  ( 0.05000000000000000278, -0.1249999999999999861, -0.06400000000000000133 ) ) ;
#1761 = VERTEX_POINT ( 'NONE', #1524 ) ;
#1762 = DIRECTION ( 'NONE',  ( 0.000000000000000000, 0.000000000000000000, 1.000000000000000000 ) ) ;
#1763 = STYLED_ITEM ( 'NONE', ( #822 ), #1324 ) ;
#1764 = AXIS2_PLACEMENT_3D ( 'NONE', #1706, #856, #694 ) ;
#1765 = ORIENTED_EDGE ( 'NONE', *, *, #637, .F. ) ;
#1766 = DIRECTION ( 'NONE',  ( -0.000000000000000000, 0.000000000000000000, 1.000000000000000000 ) ) ;
#1767 = PRESENTATION_LAYER_ASSIGNMENT (  '', '', ( #685 ) ) ;
#1768 = MECHANICAL_DESIGN_GEOMETRIC_PRESENTATION_REPRESENTATION (  '', ( #1395 ), #186 ) ;
#1769 = DIRECTION ( 'NONE',  ( 1.000000000000000000, -0.000000000000000000, 0.000000000000000000 ) ) ;
#1770 = COLOUR_RGB ( '',1.000000000000000000, 1.000000000000000000, 1.000000000000000000 ) ;
#1771 = EDGE_CURVE ( 'NONE', #1243, #1806, #387, .T. ) ;
#1772 = ORIENTED_EDGE ( 'NONE', *, *, #388, .F. ) ;
#1773 = CARTESIAN_POINT ( 'NONE',  ( -0.1499999999999999944, 0.04964432275008255624, -0.005999999999999995788 ) ) ;
#1774 = COLOUR_RGB ( '',1.000000000000000000, 1.000000000000000000, 1.000000000000000000 ) ;
#1775 = DIRECTION ( 'NONE',  ( 1.000000000000000000, 0.000000000000000000, 0.000000000000000000 ) ) ;
#1776 = DIRECTION ( 'NONE',  ( 1.000000000000000000, 0.000000000000000000, 0.000000000000000000 ) ) ;
#1777 = DIRECTION ( 'NONE',  ( 1.000000000000000000, 0.000000000000000000, 0.000000000000000000 ) ) ;
#1778 = PLANE ( 'NONE',  #230 ) ;
#1779 = FACE_OUTER_BOUND ( 'NONE', #1333, .T. ) ;
#1780 = ORIENTED_EDGE ( 'NONE', *, *, #199, .F. ) ;
#1781 = CARTESIAN_POINT ( 'NONE',  ( -0.1580017682854026051, 0.000000000000000000, 0.009000000000000006259 ) ) ;
#1782 = DIRECTION ( 'NONE',  ( 1.000000000000000000, 0.000000000000000000, 0.000000000000000000 ) ) ;
#1783 = CARTESIAN_POINT ( 'NONE',  ( -1.204904367469242232E-17, 0.1397206509545874387, 0.02448461127798663359 ) ) ;
#1784 = EDGE_CURVE ( 'NONE', #1447, #97, #346, .T. ) ;
#1785 = DIRECTION ( 'NONE',  ( 0.000000000000000000, 0.000000000000000000, -1.000000000000000000 ) ) ;
#1786 = DIRECTION ( 'NONE',  ( 1.000000000000000000, -8.673617379884034239E-17, 0.000000000000000000 ) ) ;
#1787 = B_SPLINE_CURVE_WITH_KNOTS ( 'NONE', 3,
 ( #406, #249, #1096, #964 ),
 .UNSPECIFIED., .F., .F.,
 ( 4, 4 ),
 ( -0.0004966605965660678178, 0.000000000000000000 ),
 .UNSPECIFIED. ) ;
#1788 = ORIENTED_EDGE ( 'NONE', *, *, #1381, .T. ) ;
#1789 =( GEOMETRIC_REPRESENTATION_CONTEXT ( 3 ) GLOBAL_UNCERTAINTY_ASSIGNED_CONTEXT ( ( #1373 ) ) GLOBAL_UNIT_ASSIGNED_CONTEXT ( ( #54, #31, #1931 ) ) REPRESENTATION_CONTEXT ( 'NONE', 'WORKASPACE' ) );
#1790 = CARTESIAN_POINT ( 'NONE',  ( 0.1421439864155094324, -0.07338121696869466526, -0.005999999999999994053 ) ) ;
#1791 = PRESENTATION_LAYER_ASSIGNMENT (  '', '', ( #1207 ) ) ;
#1792 = AXIS2_PLACEMENT_3D ( 'NONE', #1715, #382, #1912 ) ;
#1793 = MECHANICAL_DESIGN_GEOMETRIC_PRESENTATION_REPRESENTATION (  '', ( #1210 ), #1498 ) ;
#1794 = EDGE_CURVE ( 'NONE', #4, #477, #1321, .T. ) ;
#1795 = VERTEX_POINT ( 'NONE', #1394 ) ;
#1796 = PLANE ( 'NONE',  #978 ) ;
#1797 = VECTOR ( 'NONE', #1300, 100.0000000000000000 ) ;
#1798 = AXIS2_PLACEMENT_3D ( 'NONE', #335, #2040, #1195 ) ;
#1799 = VECTOR ( 'NONE', #2231, 100.0000000000000000 ) ;
#1800 = CIRCLE ( 'NONE', #1322, 0.01499999999999999598 ) ;
#1801 = DIRECTION ( 'NONE',  ( 1.000000000000000000, 0.000000000000000000, 0.000000000000000000 ) ) ;
#1802 = ORIENTED_EDGE ( 'NONE', *, *, #87, .T. ) ;
#1803 = LINE ( 'NONE', #2160, #153 ) ;
#1804 = AXIS2_PLACEMENT_3D ( 'NONE', #69, #890, #1777 ) ;
#1805 = DIRECTION ( 'NONE',  ( -0.000000000000000000, -0.000000000000000000, -1.000000000000000000 ) ) ;
#1806 = VERTEX_POINT ( 'NONE', #1695 ) ;
#1807 = SURFACE_STYLE_USAGE ( .BOTH. , #1284 ) ;
#1808 =( NAMED_UNIT ( * ) SI_UNIT ( $, .STERADIAN. ) SOLID_ANGLE_UNIT ( ) );
#1809 = FACE_OUTER_BOUND ( 'NONE', #417, .T. ) ;
#1810 = ADVANCED_FACE ( 'Defeatured_0_0', ( #674 ), #1505, .T. ) ;
#1811 = ADVANCED_FACE ( 'Defeatured_0_39', ( #216 ), #1430, .F. ) ;
#1812 = EDGE_CURVE ( 'NONE', #145, #1574, #2143, .T. ) ;
#1813 = ORIENTED_EDGE ( 'NONE', *, *, #687, .F. ) ;
#1814 = DIRECTION ( 'NONE',  ( 0.000000000000000000, 0.000000000000000000, 1.000000000000000000 ) ) ;
#1815 = CARTESIAN_POINT ( 'NONE',  ( -0.1249999999999999861, -0.1250000000000000000, -0.06400000000000000133 ) ) ;
#1816 = VERTEX_POINT ( 'NONE', #1631 ) ;
#1817 =( LENGTH_UNIT ( ) NAMED_UNIT ( * ) SI_UNIT ( .CENTI., .METRE. ) );
#1818 = PRESENTATION_STYLE_ASSIGNMENT (( #1483 ) ) ;
#1819 = CARTESIAN_POINT ( 'NONE',  ( -0.1349999999999999256, 0.1250000000000000278, -0.06400000000000000133 ) ) ;
#1820 = ORIENTED_EDGE ( 'NONE', *, *, #1882, .F. ) ;
#1821 = FILL_AREA_STYLE ('',( #466 ) ) ;
#1822 = FACE_OUTER_BOUND ( 'NONE', #1487, .T. ) ;
#1823 = SURFACE_SIDE_STYLE ('',( #1997 ) ) ;
#1824 = LINE ( 'NONE', #1668, #1282 ) ;
#1825 = CARTESIAN_POINT ( 'NONE',  ( 0.09499999999999993172, -0.1349999999999999534, -0.06400000000000000133 ) ) ;
#1826 =( GEOMETRIC_REPRESENTATION_CONTEXT ( 3 ) GLOBAL_UNCERTAINTY_ASSIGNED_CONTEXT ( ( #1670 ) ) GLOBAL_UNIT_ASSIGNED_CONTEXT ( ( #1657, #123, #1121 ) ) REPRESENTATION_CONTEXT ( 'NONE', 'WORKASPACE' ) );
#1827 = EDGE_LOOP ( 'NONE', ( #1199, #520, #1976, #203, #1752, #484, #1984, #536, #163, #629, #892, #862, #617 ) ) ;
#1828 =( NAMED_UNIT ( * ) PLANE_ANGLE_UNIT ( ) SI_UNIT ( $, .RADIAN. ) );
#1829 = CARTESIAN_POINT ( 'NONE',  ( -0.04964432275008005130, 0.1500000000000001332, -0.005999999999999995788 ) ) ;
#1830 = PRESENTATION_LAYER_ASSIGNMENT (  '', '', ( #2096 ) ) ;
#1831 = STYLED_ITEM ( 'NONE', ( #605 ), #361 ) ;
#1832 = AXIS2_PLACEMENT_3D ( 'NONE', #146, #1842, #452 ) ;
#1834 = SURFACE_STYLE_FILL_AREA ( #1983 ) ;
#1833 = MECHANICAL_DESIGN_GEOMETRIC_PRESENTATION_REPRESENTATION (  '', ( #332 ), #2055 ) ;
#1835 = AXIS2_PLACEMENT_3D ( 'NONE', #926, #398, #410 ) ;
#1836 =( GEOMETRIC_REPRESENTATION_CONTEXT ( 3 ) GLOBAL_UNCERTAINTY_ASSIGNED_CONTEXT ( ( #1326 ) ) GLOBAL_UNIT_ASSIGNED_CONTEXT ( ( #1599, #218, #1093 ) ) REPRESENTATION_CONTEXT ( 'NONE', 'WORKASPACE' ) );
#1837 = ORIENTED_EDGE ( 'NONE', *, *, #336, .T. ) ;
#1838 = LINE ( 'NONE', #1477, #365 ) ;
#1839 = CYLINDRICAL_SURFACE ( 'NONE', #1429, 0.009999999999999982861 ) ;
#1840 = ORIENTED_EDGE ( 'NONE', *, *, #1089, .F. ) ;
#1841 =( NAMED_UNIT ( * ) PLANE_ANGLE_UNIT ( ) SI_UNIT ( $, .RADIAN. ) );
#1842 = DIRECTION ( 'NONE',  ( 0.000000000000000000, -1.000000000000000000, 0.000000000000000000 ) ) ;
#1843 =( GEOMETRIC_REPRESENTATION_CONTEXT ( 3 ) GLOBAL_UNCERTAINTY_ASSIGNED_CONTEXT ( ( #44 ) ) GLOBAL_UNIT_ASSIGNED_CONTEXT ( ( #450, #115, #1092 ) ) REPRESENTATION_CONTEXT ( 'NONE', 'WORKASPACE' ) );
#1844 = EDGE_LOOP ( 'NONE', ( #947, #2155, #1858, #1552 ) ) ;
#1845 = FILL_AREA_STYLE_COLOUR ( '', #1354 ) ;
#1846 = CYLINDRICAL_SURFACE ( 'NONE', #1939, 0.009999999999999982861 ) ;
#1847 = FILL_AREA_STYLE_COLOUR ( '', #1897 ) ;
#1848 = DIRECTION ( 'NONE',  ( 0.000000000000000000, 0.000000000000000000, 1.000000000000000000 ) ) ;
#1849 = UNCERTAINTY_MEASURE_WITH_UNIT (LENGTH_MEASURE( 1.000000000000000082E-05 ), #1273, 'distance_accuracy_value', 'NONE');
#1850 = ORIENTED_EDGE ( 'NONE', *, *, #1484, .F. ) ;
#1851 = DIRECTION ( 'NONE',  ( 0.000000000000000000, 0.000000000000000000, 1.000000000000000000 ) ) ;
#1852 = ADVANCED_FACE ( 'Defeatured_0_18', ( #1443 ), #427, .F. ) ;
#1853 = CARTESIAN_POINT ( 'NONE',  ( 0.03999999999999997308, -0.1249999999999999861, -0.06400000000000000133 ) ) ;
#1854 =( LENGTH_UNIT ( ) NAMED_UNIT ( * ) SI_UNIT ( .CENTI., .METRE. ) );
#1855 = EDGE_LOOP ( 'NONE', ( #1655, #979, #670, #2076, #604, #2047, #1086, #1401 ) ) ;
#1856 = DIRECTION ( 'NONE',  ( 0.000000000000000000, -1.000000000000000000, 0.000000000000000000 ) ) ;
#1857 = PRESENTATION_STYLE_ASSIGNMENT (( #1693 ) ) ;
#1858 = ORIENTED_EDGE ( 'NONE', *, *, #1051, .F. ) ;
#1859 =( NAMED_UNIT ( * ) PLANE_ANGLE_UNIT ( ) SI_UNIT ( $, .RADIAN. ) );
#1860 = DIRECTION ( 'NONE',  ( -0.000000000000000000, -0.000000000000000000, -1.000000000000000000 ) ) ;
#1861 = ADVANCED_FACE ( 'Defeatured_0_10', ( #1639 ), #805, .F. ) ;
#1862 = SURFACE_STYLE_FILL_AREA ( #373 ) ;
#1863 = CONICAL_SURFACE ( 'NONE', #721, 0.1432724144450503445, 0.1902503543875898318 ) ;
#1864 = PRESENTATION_LAYER_ASSIGNMENT (  '', '', ( #184 ) ) ;
#1865 = EDGE_LOOP ( 'NONE', ( #812, #511, #1481, #30, #562, #1312, #1302, #2126 ) ) ;
#1866 = FACE_OUTER_BOUND ( 'NONE', #676, .T. ) ;
#1867 =( GEOMETRIC_REPRESENTATION_CONTEXT ( 3 ) GLOBAL_UNCERTAINTY_ASSIGNED_CONTEXT ( ( #554 ) ) GLOBAL_UNIT_ASSIGNED_CONTEXT ( ( #1400, #691, #1563 ) ) REPRESENTATION_CONTEXT ( 'NONE', 'WORKASPACE' ) );
#1868 =( GEOMETRIC_REPRESENTATION_CONTEXT ( 3 ) GLOBAL_UNCERTAINTY_ASSIGNED_CONTEXT ( ( #1510 ) ) GLOBAL_UNIT_ASSIGNED_CONTEXT ( ( #1854, #1641, #121 ) ) REPRESENTATION_CONTEXT ( 'NONE', 'WORKASPACE' ) );
#1869 = VECTOR ( 'NONE', #1449, 100.0000000000000142 ) ;
#1870 = FILL_AREA_STYLE ('',( #1847 ) ) ;
#1871 = FILL_AREA_STYLE ('',( #851 ) ) ;
#1872 = UNCERTAINTY_MEASURE_WITH_UNIT (LENGTH_MEASURE( 1.000000000000000082E-05 ), #2104, 'distance_accuracy_value', 'NONE');
#1873 = VERTEX_POINT ( 'NONE', #2183 ) ;
#1874 = DIRECTION ( 'NONE',  ( 1.000000000000000000, 0.000000000000000000, 0.000000000000000000 ) ) ;
#1875 = SURFACE_STYLE_USAGE ( .BOTH. , #364 ) ;
#1876 = AXIS2_PLACEMENT_3D ( 'NONE', #996, #474, #794 ) ;
#1877 = CYLINDRICAL_SURFACE ( 'NONE', #1906, 0.009999999999999982861 ) ;
#1878 = DIRECTION ( 'NONE',  ( -0.000000000000000000, 0.000000000000000000, 1.000000000000000000 ) ) ;
#1879 = AXIS2_PLACEMENT_3D ( 'NONE', #781, #1785, #761 ) ;
#1880 = ORIENTED_EDGE ( 'NONE', *, *, #227, .T. ) ;
#1881 =( NAMED_UNIT ( * ) SI_UNIT ( $, .STERADIAN. ) SOLID_ANGLE_UNIT ( ) );
#1882 = EDGE_CURVE ( 'NONE', #1994, #1243, #779, .T. ) ;
#1883 =( NAMED_UNIT ( * ) SI_UNIT ( $, .STERADIAN. ) SOLID_ANGLE_UNIT ( ) );
#1884 = CARTESIAN_POINT ( 'NONE',  ( -0.1249999999999999445, 0.1250000000000000278, -0.06400000000000000133 ) ) ;
#1885 = FILL_AREA_STYLE_COLOUR ( '', #1174 ) ;
#1886 = PRESENTATION_STYLE_ASSIGNMENT (( #2009 ) ) ;
#1887 = DIRECTION ( 'NONE',  ( 0.000000000000000000, 0.000000000000000000, 1.000000000000000000 ) ) ;
#1888 = PLANE ( 'NONE',  #1142 ) ;
#1889 = EDGE_LOOP ( 'NONE', ( #1133, #1682, #1055, #871 ) ) ;
#1890 =( NAMED_UNIT ( * ) SI_UNIT ( $, .STERADIAN. ) SOLID_ANGLE_UNIT ( ) );
#1891 = ADVANCED_FACE ( 'Defeatured_0_44', ( #316 ), #111, .T. ) ;
#1892 = SURFACE_SIDE_STYLE ('',( #1528 ) ) ;
#1893 = EDGE_LOOP ( 'NONE', ( #2185, #599, #1196, #695, #1223, #1037, #2041, #825 ) ) ;
#1894 = CARTESIAN_POINT ( 'NONE',  ( 0.1504874702639113493, -0.3009749405278225320, -0.006000000000000503195 ) ) ;
#1895 =( NAMED_UNIT ( * ) SI_UNIT ( $, .STERADIAN. ) SOLID_ANGLE_UNIT ( ) );
#1896 = CARTESIAN_POINT ( 'NONE',  ( 0.1499999999999999944, -0.1499999999999999944, -0.02600000000000000228 ) ) ;
#1897 = COLOUR_RGB ( '',1.000000000000000000, 1.000000000000000000, 1.000000000000000000 ) ;
#1898 = VERTEX_POINT ( 'NONE', #1825 ) ;
#1900 = VECTOR ( 'NONE', #803, 100.0000000000000000 ) ;
#1899 = DIRECTION ( 'NONE',  ( -0.000000000000000000, -0.000000000000000000, -1.000000000000000000 ) ) ;
#1901 = FILL_AREA_STYLE_COLOUR ( '', #1327 ) ;
#1902 = AXIS2_PLACEMENT_3D ( 'NONE', #1527, #173, #677 ) ;
#1903 = COLOUR_RGB ( '',1.000000000000000000, 1.000000000000000000, 1.000000000000000000 ) ;
#1905 = PLANE ( 'NONE',  #1726 ) ;
#1904 = PRESENTATION_LAYER_ASSIGNMENT (  '', '', ( #77 ) ) ;
#1906 = AXIS2_PLACEMENT_3D ( 'NONE', #1020, #1704, #1028 ) ;
#1907 = MECHANICAL_DESIGN_GEOMETRIC_PRESENTATION_REPRESENTATION (  '', ( #1981 ), #1145 ) ;
#1908 = PRESENTATION_LAYER_ASSIGNMENT (  '', '', ( #2102 ) ) ;
#1909 = EDGE_CURVE ( 'NONE', #443, #1898, #293, .T. ) ;
#1910 = CARTESIAN_POINT ( 'NONE',  ( 0.04000000000000002165, 0.1350000000000000089, -0.07000000000000000666 ) ) ;
#1911 = CARTESIAN_POINT ( 'NONE',  ( -0.1504874702639113215, -3.685879975409628775E-17, -0.006000000000000503195 ) ) ;
#1912 = DIRECTION ( 'NONE',  ( 1.000000000000000000, 0.000000000000000000, 0.000000000000000000 ) ) ;
#1913 = STYLED_ITEM ( 'NONE', ( #1529 ), #1972 ) ;
#1914 = ORIENTED_EDGE ( 'NONE', *, *, #1241, .T. ) ;
#1915 = CARTESIAN_POINT ( 'NONE',  ( -0.1499999999999999944, -0.01657450963623586029, -0.003687462484938627740 ) ) ;
#1916 = SURFACE_STYLE_USAGE ( .BOTH. , #3 ) ;
#1917 = PRESENTATION_LAYER_ASSIGNMENT (  '', '', ( #1301 ) ) ;
#1918 = FACE_OUTER_BOUND ( 'NONE', #1893, .T. ) ;
#1919 = CARTESIAN_POINT ( 'NONE',  ( 0.1500000000000000500, 0.03306295920303942842, -0.005999999999999492718 ) ) ;
#1920 = UNCERTAINTY_MEASURE_WITH_UNIT (LENGTH_MEASURE( 1.000000000000000082E-05 ), #560, 'distance_accuracy_value', 'NONE');
#1921 = VERTEX_POINT ( 'NONE', #1591 ) ;
#1922 = DIRECTION ( 'NONE',  ( -0.000000000000000000, -1.000000000000000000, -0.000000000000000000 ) ) ;
#1923 = CARTESIAN_POINT ( 'NONE',  ( -0.08499999999999995060, 0.1250000000000000000, -0.07000000000000000666 ) ) ;
#1924 = CARTESIAN_POINT ( 'NONE',  ( -0.05000000000000000278, 0.1499999999999999944, -0.06400000000000000133 ) ) ;
#1925 = ORIENTED_EDGE ( 'NONE', *, *, #210, .T. ) ;
#1926 = CARTESIAN_POINT ( 'NONE',  ( 0.1580017682854035488, 1.934963597903412480E-17, -0.005999999999999998390 ) ) ;
#1927 = SURFACE_SIDE_STYLE ('',( #18 ) ) ;
#1928 = ORIENTED_EDGE ( 'NONE', *, *, #1209, .F. ) ;
#1929 = SURFACE_STYLE_FILL_AREA ( #565 ) ;
#1930 =( NAMED_UNIT ( * ) SI_UNIT ( $, .STERADIAN. ) SOLID_ANGLE_UNIT ( ) );
#1931 =( NAMED_UNIT ( * ) SI_UNIT ( $, .STERADIAN. ) SOLID_ANGLE_UNIT ( ) );
#1932 = CARTESIAN_POINT ( 'NONE',  ( 0.02426114075985170981, -0.1402493468775764529, 0.02529812947631036868 ) ) ;
#1933 = CARTESIAN_POINT ( 'NONE',  ( -0.1249999999999999861, -0.1349999999999999811, -0.07000000000000000666 ) ) ;
#1934 = FILL_AREA_STYLE_COLOUR ( '', #1212 ) ;
#1935 = EDGE_CURVE ( 'NONE', #1129, #703, #88, .T. ) ;
#1936 = PRESENTATION_LAYER_ASSIGNMENT (  '', '', ( #1390 ) ) ;
#1937 = ORIENTED_EDGE ( 'NONE', *, *, #428, .F. ) ;
#1938 = CARTESIAN_POINT ( 'NONE',  ( -0.1249999999999999445, 0.1250000000000000278, -0.07000000000000000666 ) ) ;
#1939 = AXIS2_PLACEMENT_3D ( 'NONE', #2019, #2180, #315 ) ;
#1940 = AXIS2_PLACEMENT_3D ( 'NONE', #1425, #1762, #1268 ) ;
#1941 = CIRCLE ( 'NONE', #1503, 0.009999999999999982861 ) ;
#1942 = STYLED_ITEM ( 'NONE', ( #904 ), #553 ) ;
#1943 = DIRECTION ( 'NONE',  ( 0.1891047381242413061, 2.315865122474503970E-17, -0.9819569226900750625 ) ) ;
#1944 = PRESENTATION_STYLE_ASSIGNMENT (( #1247 ) ) ;
#1945 =( GEOMETRIC_REPRESENTATION_CONTEXT ( 3 ) GLOBAL_UNCERTAINTY_ASSIGNED_CONTEXT ( ( #1018 ) ) GLOBAL_UNIT_ASSIGNED_CONTEXT ( ( #1703, #5, #533 ) ) REPRESENTATION_CONTEXT ( 'NONE', 'WORKASPACE' ) );
#1946 = COLOUR_RGB ( '',1.000000000000000000, 1.000000000000000000, 1.000000000000000000 ) ;
#1947 =( NAMED_UNIT ( * ) SI_UNIT ( $, .STERADIAN. ) SOLID_ANGLE_UNIT ( ) );
#1948 = PLANE ( 'NONE',  #2208 ) ;
#1949 =( LENGTH_UNIT ( ) NAMED_UNIT ( * ) SI_UNIT ( .CENTI., .METRE. ) );
#1950 = CARTESIAN_POINT ( 'NONE',  ( -0.03301926586143168890, 0.1499999999999999944, -0.006000000000000060840 ) ) ;
#1951 = ORIENTED_EDGE ( 'NONE', *, *, #151, .T. ) ;
#1952 = EDGE_CURVE ( 'NONE', #1795, #847, #1709, .T. ) ;
#1953 = STYLED_ITEM ( 'NONE', ( #1052 ), #2051 ) ;
#1954 = CARTESIAN_POINT ( 'NONE',  ( 0.1499999999999999944, -0.04964432275007753248, -0.006000000000005725580 ) ) ;
#1955 = FILL_AREA_STYLE ('',( #1605 ) ) ;
#1956 = FILL_AREA_STYLE_COLOUR ( '', #300 ) ;
#1957 =( NAMED_UNIT ( * ) SI_UNIT ( $, .STERADIAN. ) SOLID_ANGLE_UNIT ( ) );
#1958 =( NAMED_UNIT ( * ) PLANE_ANGLE_UNIT ( ) SI_UNIT ( $, .RADIAN. ) );
#1959 = EDGE_LOOP ( 'NONE', ( #1914, #916 ) ) ;
#1960 = CYLINDRICAL_SURFACE ( 'NONE', #971, 0.009999999999999982861 ) ;
#1961 = EDGE_CURVE ( 'NONE', #1186, #1472, #505, .T. ) ;
#1962 = CARTESIAN_POINT ( 'NONE',  ( 0.08500000000000004774, 0.1250000000000000555, -0.07000000000000000666 ) ) ;
#1963 = CARTESIAN_POINT ( 'NONE',  ( -0.04659417318431895161, -0.1311200990972263558, -0.02718655746092324063 ) ) ;
#1964 = VERTEX_POINT ( 'NONE', #1760 ) ;
#1965 = PRESENTATION_STYLE_ASSIGNMENT (( #84 ) ) ;
#1966 = CARTESIAN_POINT ( 'NONE',  ( 0.1446934038039364989, 0.2893868076078731644, -0.001215288032368734778 ) ) ;
#1967 = ORIENTED_EDGE ( 'NONE', *, *, #164, .F. ) ;
#1968 =( LENGTH_UNIT ( ) NAMED_UNIT ( * ) SI_UNIT ( .CENTI., .METRE. ) );
#1969 = DIRECTION ( 'NONE',  ( 1.000000000000000000, 0.000000000000000000, 0.000000000000000000 ) ) ;
#1970 = VECTOR ( 'NONE', #1943, 100.0000000000000000 ) ;
#1971 = CARTESIAN_POINT ( 'NONE',  ( -0.04999999999999998196, 6.505213034913026604E-17, -0.06400000000000000133 ) ) ;
#1972 = ADVANCED_FACE ( 'Defeatured_0_41', ( #726 ), #175, .F. ) ;
#1973 = CARTESIAN_POINT ( 'NONE',  ( 0.2091809829303524493, 0.1377517141908771170, 0.03580416707588864739 ) ) ;
#1974 = PRESENTATION_LAYER_ASSIGNMENT (  '', '', ( #1763 ) ) ;
#1975 = VECTOR ( 'NONE', #784, 100.0000000000000000 ) ;
#1976 = ORIENTED_EDGE ( 'NONE', *, *, #177, .T. ) ;
#1977 = PRESENTATION_STYLE_ASSIGNMENT (( #1807 ) ) ;
#1978 = FILL_AREA_STYLE ('',( #266 ) ) ;
#1979 = ADVANCED_FACE ( 'Defeatured_0_37', ( #523 ), #2226, .F. ) ;
#1980 =( GEOMETRIC_REPRESENTATION_CONTEXT ( 3 ) GLOBAL_UNCERTAINTY_ASSIGNED_CONTEXT ( ( #1392 ) ) GLOBAL_UNIT_ASSIGNED_CONTEXT ( ( #948, #451, #1808 ) ) REPRESENTATION_CONTEXT ( 'NONE', 'WORKASPACE' ) );
#1981 = STYLED_ITEM ( 'NONE', ( #609 ), #1811 ) ;
#1982 = PRESENTATION_LAYER_ASSIGNMENT (  '', '', ( #728 ) ) ;
#1983 = FILL_AREA_STYLE ('',( #1652 ) ) ;
#1984 = ORIENTED_EDGE ( 'NONE', *, *, #1336, .T. ) ;
#1985 = SURFACE_STYLE_USAGE ( .BOTH. , #155 ) ;
#1986 = CARTESIAN_POINT ( 'NONE',  ( 0.07338121696866468924, 0.1421439864155196742, -0.005999999999999994921 ) ) ;
#1987 = VECTOR ( 'NONE', #1334, 100.0000000000000000 ) ;
#1988 = CARTESIAN_POINT ( 'NONE',  ( 0.1432724144450503445, 1.754581037562439305E-17, 0.006163428940908518075 ) ) ;
#1989 =( NAMED_UNIT ( * ) PLANE_ANGLE_UNIT ( ) SI_UNIT ( $, .RADIAN. ) );
#1990 = ORIENTED_EDGE ( 'NONE', *, *, #1241, .F. ) ;
#1991 = PLANE ( 'NONE',  #120 ) ;
#1992 = FACE_OUTER_BOUND ( 'NONE', #323, .T. ) ;
#1993 = CARTESIAN_POINT ( 'NONE',  ( -0.03999999999999997308, -0.1349999999999999534, -0.07000000000000000666 ) ) ;
#1994 = VERTEX_POINT ( 'NONE', #826 ) ;
#1995 = CARTESIAN_POINT ( 'NONE',  ( -0.1499999999999999944, -0.1500000000000000222, -0.006000000000029701193 ) ) ;
#1996 = CARTESIAN_POINT ( 'NONE',  ( -0.04964432275008005130, 0.1500000000000001332, -0.005999999999999995788 ) ) ;
#1997 = SURFACE_STYLE_FILL_AREA ( #641 ) ;
#1998 =( NAMED_UNIT ( * ) SI_UNIT ( $, .STERADIAN. ) SOLID_ANGLE_UNIT ( ) );
#1999 = ORIENTED_EDGE ( 'NONE', *, *, #2002, .F. ) ;
#2000 =( NAMED_UNIT ( * ) SI_UNIT ( $, .STERADIAN. ) SOLID_ANGLE_UNIT ( ) );
#2001 = DIRECTION ( 'NONE',  ( 1.000000000000000000, 0.000000000000000000, 0.000000000000000000 ) ) ;
#2002 = EDGE_CURVE ( 'NONE', #922, #2092, #1737, .T. ) ;
#2003 = ORIENTED_EDGE ( 'NONE', *, *, #360, .F. ) ;
#2004 = SURFACE_STYLE_FILL_AREA ( #1870 ) ;
#2005 = CARTESIAN_POINT ( 'NONE',  ( 0.09499999999999993172, -0.1349999999999999534, -0.07000000000000000666 ) ) ;
#2006 = UNCERTAINTY_MEASURE_WITH_UNIT (LENGTH_MEASURE( 1.000000000000000082E-05 ), #1968, 'distance_accuracy_value', 'NONE');
#2007 = AXIS2_PLACEMENT_3D ( 'NONE', #2098, #1372, #2074 ) ;
#2008 = ORIENTED_EDGE ( 'NONE', *, *, #360, .T. ) ;
#2009 = SURFACE_STYLE_USAGE ( .BOTH. , #1361 ) ;
#2010 = FACE_OUTER_BOUND ( 'NONE', #1, .T. ) ;
#2011 = CARTESIAN_POINT ( 'NONE',  ( -0.1349999999999999256, 0.1499999999999999944, -0.06400000000000000133 ) ) ;
#2012 =( GEOMETRIC_REPRESENTATION_CONTEXT ( 3 ) GLOBAL_UNCERTAINTY_ASSIGNED_CONTEXT ( ( #39 ) ) GLOBAL_UNIT_ASSIGNED_CONTEXT ( ( #1352, #848, #2093 ) ) REPRESENTATION_CONTEXT ( 'NONE', 'WORKASPACE' ) );
#2013 = COLOUR_RGB ( '',1.000000000000000000, 1.000000000000000000, 1.000000000000000000 ) ;
#2014 = STYLED_ITEM ( 'NONE', ( #1697 ), #824 ) ;
#2015 = STYLED_ITEM ( 'NONE', ( #1944 ), #1852 ) ;
#2016 = PRESENTATION_LAYER_ASSIGNMENT (  '', '', ( #1587 ) ) ;
#2017 = ORIENTED_EDGE ( 'NONE', *, *, #1530, .F. ) ;
#2018 = CARTESIAN_POINT ( 'NONE',  ( 0.04964432275007826106, -0.1499999999999999667, -0.005999999999999995788 ) ) ;
#2019 = CARTESIAN_POINT ( 'NONE',  ( -0.1249999999999999861, -0.1250000000000000000, -0.07000000000000000666 ) ) ;
#2020 = VECTOR ( 'NONE', #1363, 100.0000000000000000 ) ;
#2021 = EDGE_CURVE ( 'NONE', #253, #1186, #2179, .T. ) ;
#2022 = SURFACE_STYLE_USAGE ( .BOTH. , #137 ) ;
#2023 = AXIS2_PLACEMENT_3D ( 'NONE', #1884, #1007, #2113 ) ;
#2024 = ORIENTED_EDGE ( 'NONE', *, *, #416, .F. ) ;
#2025 = SHAPE_DEFINITION_REPRESENTATION ( #131, #1187 ) ;
#2026 = PRESENTATION_STYLE_ASSIGNMENT (( #1560 ) ) ;
#2027 = AXIS2_PLACEMENT_3D ( 'NONE', #1488, #182, #962 ) ;
#2028 = FILL_AREA_STYLE_COLOUR ( '', #2013 ) ;
#2029 = DIRECTION ( 'NONE',  ( 1.000000000000000000, 0.000000000000000000, 0.000000000000000000 ) ) ;
#2030 = CARTESIAN_POINT ( 'NONE',  ( -0.02999999999999996073, 6.505213034913026604E-17, -0.06400000000000000133 ) ) ;
#2031 = ORIENTED_EDGE ( 'NONE', *, *, #1339, .F. ) ;
#2032 = DIRECTION ( 'NONE',  ( 0.000000000000000000, 1.000000000000000000, 0.000000000000000000 ) ) ;
#2033 = SURFACE_STYLE_USAGE ( .BOTH. , #1823 ) ;
#2034 = FILL_AREA_STYLE_COLOUR ( '', #1427 ) ;
#2035 = CARTESIAN_POINT ( 'NONE',  ( -0.04999999999999996114, 0.1250000000000000278, -0.07000000000000000666 ) ) ;
#2036 = ADVANCED_FACE ( 'Defeatured_0_5', ( #1130 ), #2218, .F. ) ;
#2037 = UNCERTAINTY_MEASURE_WITH_UNIT (LENGTH_MEASURE( 1.000000000000000082E-05 ), #566, 'distance_accuracy_value', 'NONE');
#2038 = ORIENTED_EDGE ( 'NONE', *, *, #1280, .F. ) ;
#2039 =( LENGTH_UNIT ( ) NAMED_UNIT ( * ) SI_UNIT ( .CENTI., .METRE. ) );
#2040 = DIRECTION ( 'NONE',  ( 0.000000000000000000, 0.000000000000000000, -1.000000000000000000 ) ) ;
#2041 = ORIENTED_EDGE ( 'NONE', *, *, #552, .T. ) ;
#2042 = FILL_AREA_STYLE ('',( #339 ) ) ;
#2043 = CARTESIAN_POINT ( 'NONE',  ( 0.1500000000000003830, 0.04964432275007458345, -0.005999999999999995788 ) ) ;
#2044 = CARTESIAN_POINT ( 'NONE',  ( 0.1499999999999999944, -0.1349999999999999534, -0.06400000000000000133 ) ) ;
#2045 = EDGE_CURVE ( 'NONE', #1795, #1592, #912, .T. ) ;
#2046 = EDGE_CURVE ( 'NONE', #1522, #4, #1385, .T. ) ;
#2047 = ORIENTED_EDGE ( 'NONE', *, *, #455, .T. ) ;
#2048 =( NAMED_UNIT ( * ) PLANE_ANGLE_UNIT ( ) SI_UNIT ( $, .RADIAN. ) );
#2049 = FILL_AREA_STYLE_COLOUR ( '', #1691 ) ;
#2050 = EDGE_CURVE ( 'NONE', #961, #456, #577, .T. ) ;
#2051 = ADVANCED_FACE ( 'Defeatured_0_15', ( #33 ), #1082, .T. ) ;
#2052 =( LENGTH_UNIT ( ) NAMED_UNIT ( * ) SI_UNIT ( .CENTI., .METRE. ) );
#2053 = CARTESIAN_POINT ( 'NONE',  ( -0.08499999999999997835, 0.1250000000000000000, -0.06400000000000000133 ) ) ;
#2054 = AXIS2_PLACEMENT_3D ( 'NONE', #1404, #213, #2115 ) ;
#2055 =( GEOMETRIC_REPRESENTATION_CONTEXT ( 3 ) GLOBAL_UNCERTAINTY_ASSIGNED_CONTEXT ( ( #2201 ) ) GLOBAL_UNIT_ASSIGNED_CONTEXT ( ( #1454, #1677, #638 ) ) REPRESENTATION_CONTEXT ( 'NONE', 'WORKASPACE' ) );
#2056 = ORIENTED_EDGE ( 'NONE', *, *, #637, .T. ) ;
#2057 =( NAMED_UNIT ( * ) SI_UNIT ( $, .STERADIAN. ) SOLID_ANGLE_UNIT ( ) );
#2058 = AXIS2_PLACEMENT_3D ( 'NONE', #2176, #312, #1127 ) ;
#2059 = MECHANICAL_DESIGN_GEOMETRIC_PRESENTATION_REPRESENTATION (  '', ( #119 ), #1358 ) ;
#2060 = COLOUR_RGB ( '',1.000000000000000000, 1.000000000000000000, 1.000000000000000000 ) ;
#2061 = CARTESIAN_POINT ( 'NONE',  ( -0.03999999999999993144, 0.1350000000000000366, -0.07000000000000000666 ) ) ;
#2062 = CARTESIAN_POINT ( 'NONE',  ( -0.1421554706584446381, -0.07334651740297008782, -0.005999999999999994053 ) ) ;
#2063 = UNCERTAINTY_MEASURE_WITH_UNIT (LENGTH_MEASURE( 1.000000000000000082E-05 ), #1700, 'distance_accuracy_value', 'NONE');
#2064 = ORIENTED_EDGE ( 'NONE', *, *, #139, .T. ) ;
#2065 = DIRECTION ( 'NONE',  ( 1.000000000000000000, 0.000000000000000000, 0.000000000000000000 ) ) ;
#2066 = B_SPLINE_CURVE_WITH_KNOTS ( 'NONE', 3,
 ( #457, #1735, #1915, #1045 ),
 .UNSPECIFIED., .F., .F.,
 ( 4, 4 ),
 ( -0.0004966605965660873334, 0.000000000000000000 ),
 .UNSPECIFIED. ) ;
#2067 = FACE_OUTER_BOUND ( 'NONE', #1889, .T. ) ;
#2068 = DIRECTION ( 'NONE',  ( -1.000000000000000000, 0.000000000000000000, -0.000000000000000000 ) ) ;
#2069 = FILL_AREA_STYLE_COLOUR ( '', #1946 ) ;
#2070 = EDGE_CURVE ( 'NONE', #2073, #1592, #42, .T. ) ;
#2071 = VERTEX_POINT ( 'NONE', #2145 ) ;
#2072 = CARTESIAN_POINT ( 'NONE',  ( -0.09499999999999995948, 0.1350000000000000089, -0.07000000000000000666 ) ) ;
#2073 = VERTEX_POINT ( 'NONE', #1200 ) ;
#2074 = DIRECTION ( 'NONE',  ( 1.000000000000000000, 0.000000000000000000, 0.000000000000000000 ) ) ;
#2075 = SURFACE_STYLE_FILL_AREA ( #715 ) ;
#2076 = ORIENTED_EDGE ( 'NONE', *, *, #491, .F. ) ;
#2077 = DIRECTION ( 'NONE',  ( 0.000000000000000000, 1.000000000000000000, 0.000000000000000000 ) ) ;
#2078 = SURFACE_SIDE_STYLE ('',( #1656 ) ) ;
#2079 = SURFACE_STYLE_FILL_AREA ( #1012 ) ;
#2080 = LINE ( 'NONE', #219, #903 ) ;
#2081 = ORIENTED_EDGE ( 'NONE', *, *, #882, .F. ) ;
#2082 = LINE ( 'NONE', #1576, #47 ) ;
#2083 = CARTESIAN_POINT ( 'NONE',  ( 0.09499999999999993172, -0.1249999999999999861, -0.07000000000000000666 ) ) ;
#2084 = CARTESIAN_POINT ( 'NONE',  ( 0.1249999999999999861, -0.1250000000000000000, -0.07000000000000000666 ) ) ;
#2085 =( NAMED_UNIT ( * ) PLANE_ANGLE_UNIT ( ) SI_UNIT ( $, .RADIAN. ) );
#2086 = UNCERTAINTY_MEASURE_WITH_UNIT (LENGTH_MEASURE( 1.000000000000000082E-05 ), #1299, 'distance_accuracy_value', 'NONE');
#2087 = FILL_AREA_STYLE_COLOUR ( '', #1770 ) ;
#2088 = FILL_AREA_STYLE ('',( #1384 ) ) ;
#2089 = CARTESIAN_POINT ( 'NONE',  ( -0.05000000000000000278, 0.02449489742783187568, -0.07000000000000000666 ) ) ;
#2090 = FACE_BOUND ( 'NONE', #1360, .T. ) ;
#2091 = VECTOR ( 'NONE', #1259, 100.0000000000000000 ) ;
#2092 = VERTEX_POINT ( 'NONE', #1754 ) ;
#2094 = MECHANICAL_DESIGN_GEOMETRIC_PRESENTATION_REPRESENTATION (  '', ( #929 ), #1685 ) ;
#2093 =( NAMED_UNIT ( * ) SI_UNIT ( $, .STERADIAN. ) SOLID_ANGLE_UNIT ( ) );
#2095 = FILL_AREA_STYLE ('',( #348 ) ) ;
#2096 = STYLED_ITEM ( 'NONE', ( #1478 ), #1281 ) ;
#2097 = PRESENTATION_LAYER_ASSIGNMENT (  '', '', ( #332 ) ) ;
#2098 = CARTESIAN_POINT ( 'NONE',  ( -0.04999999999999998196, 6.505213034913026604E-17, -0.07000000000000000666 ) ) ;
#2099 = SURFACE_SIDE_STYLE ('',( #2075 ) ) ;
#2100 = VECTOR ( 'NONE', #1755, 100.0000000000000000 ) ;
#2101 = PRESENTATION_LAYER_ASSIGNMENT (  '', '', ( #119 ) ) ;
#2102 = STYLED_ITEM ( 'NONE', ( #2026 ), #1000 ) ;
#2103 = ORIENTED_EDGE ( 'NONE', *, *, #1063, .F. ) ;
#2104 =( LENGTH_UNIT ( ) NAMED_UNIT ( * ) SI_UNIT ( .CENTI., .METRE. ) );
#2105 = DIRECTION ( 'NONE',  ( -0.000000000000000000, -0.000000000000000000, -1.000000000000000000 ) ) ;
#2106 = FILL_AREA_STYLE_COLOUR ( '', #2109 ) ;
#2107 = DIRECTION ( 'NONE',  ( 0.000000000000000000, 1.000000000000000000, 0.000000000000000000 ) ) ;
#2108 = LINE ( 'NONE', #518, #2207 ) ;
#2109 = COLOUR_RGB ( '',1.000000000000000000, 1.000000000000000000, 1.000000000000000000 ) ;
#2110 = EDGE_LOOP ( 'NONE', ( #178, #2056, #89, #277 ) ) ;
#2111 = CARTESIAN_POINT ( 'NONE',  ( -0.04599999999999997147, 0.01959591794226549916, -0.07000000000000000666 ) ) ;
#2112 = PRESENTATION_LAYER_ASSIGNMENT (  '', '', ( #594 ) ) ;
#2113 = DIRECTION ( 'NONE',  ( 1.000000000000000000, 0.000000000000000000, 0.000000000000000000 ) ) ;
#2114 = ORIENTED_EDGE ( 'NONE', *, *, #852, .F. ) ;
#2115 = DIRECTION ( 'NONE',  ( 1.000000000000000000, 0.000000000000000000, -0.000000000000000000 ) ) ;
#2116 = VERTEX_POINT ( 'NONE', #1060 ) ;
#2117 = EDGE_CURVE ( 'NONE', #1592, #1347, #366, .T. ) ;
#2118 = EDGE_CURVE ( 'NONE', #1256, #1351, #1731, .T. ) ;
#2119 = CARTESIAN_POINT ( 'NONE',  ( 0.2362112615635855173, -0.09097945130723104901, 0.1455527361363650463 ) ) ;
#2120 = CARTESIAN_POINT ( 'NONE',  ( -0.1249999999999999861, -0.1349999999999999811, -0.06400000000000000133 ) ) ;
#2121 = DIRECTION ( 'NONE',  ( -1.000000000000000000, -0.000000000000000000, 0.000000000000000000 ) ) ;
#2122 = PRESENTATION_STYLE_ASSIGNMENT (( #932 ) ) ;
#2123 = UNCERTAINTY_MEASURE_WITH_UNIT (LENGTH_MEASURE( 1.000000000000000082E-05 ), #2165, 'distance_accuracy_value', 'NONE');
#2124 = CARTESIAN_POINT ( 'NONE',  ( -0.1446934038039365822, 0.2893868076078731644, -0.001215288032368734778 ) ) ;
#2125 = DIRECTION ( 'NONE',  ( 0.000000000000000000, 0.000000000000000000, 1.000000000000000000 ) ) ;
#2126 = ORIENTED_EDGE ( 'NONE', *, *, #48, .F. ) ;
#2127 = DIRECTION ( 'NONE',  ( 0.000000000000000000, 0.000000000000000000, 1.000000000000000000 ) ) ;
#2128 = CARTESIAN_POINT ( 'NONE',  ( -0.03999999999999997308, -0.1249999999999999861, -0.06400000000000000133 ) ) ;
#2129 = DIRECTION ( 'NONE',  ( 1.000000000000000000, 0.000000000000000000, 0.000000000000000000 ) ) ;
#2130 = CARTESIAN_POINT ( 'NONE',  ( -0.03132323310263655097, -0.1395287648372945666, 0.02115545269650049090 ) ) ;
#2131 = LINE ( 'NONE', #1924, #2144 ) ;
#2132 =( LENGTH_UNIT ( ) NAMED_UNIT ( * ) SI_UNIT ( .CENTI., .METRE. ) );
#2133 = EDGE_CURVE ( 'NONE', #347, #1019, #543, .T. ) ;
#2134 = EDGE_CURVE ( 'NONE', #1347, #338, #1571, .T. ) ;
#2135 = CIRCLE ( 'NONE', #785, 0.009999999999999982861 ) ;
#2136 = PRESENTATION_LAYER_ASSIGNMENT (  '', '', ( #718 ) ) ;
#2137 = ORIENTED_EDGE ( 'NONE', *, *, #1144, .T. ) ;
#2138 = FILL_AREA_STYLE ('',( #239 ) ) ;
#2139 = DIRECTION ( 'NONE',  ( 1.000000000000000000, 0.000000000000000000, 0.000000000000000000 ) ) ;
#2140 = CONICAL_SURFACE ( 'NONE', #790, 0.1432724144450503445, 0.1902503543875898318 ) ;
#2141 = VECTOR ( 'NONE', #981, 100.0000000000000000 ) ;
#2142 = CARTESIAN_POINT ( 'NONE',  ( 0.09403978375095091435, -0.1293968445898067976, -0.005999999999999994053 ) ) ;
#2143 = LINE ( 'NONE', #1615, #1215 ) ;
#2144 = VECTOR ( 'NONE', #578, 100.0000000000000000 ) ;
#2145 = CARTESIAN_POINT ( 'NONE',  ( -0.03999999999999997308, -0.1349999999999999534, -0.06400000000000000133 ) ) ;
#2146 = SURFACE_SIDE_STYLE ('',( #70 ) ) ;
#2147 = CARTESIAN_POINT ( 'NONE',  ( -0.1499999999999999944, 0.1499999999999999944, -0.006000000000029701193 ) ) ;
#2148 = ORIENTED_EDGE ( 'NONE', *, *, #568, .T. ) ;
#2149 = CARTESIAN_POINT ( 'NONE',  ( -0.03999999999999997308, -0.1249999999999999861, -0.07000000000000000666 ) ) ;
#2150 = VECTOR ( 'NONE', #217, 100.0000000000000000 ) ;
#2151 = CARTESIAN_POINT ( 'NONE',  ( -0.1499999999999999944, 0.04964432275008255624, -0.005999999999999995788 ) ) ;
#2152 = VECTOR ( 'NONE', #1874, 100.0000000000000000 ) ;
#2153 = DIRECTION ( 'NONE',  ( 0.000000000000000000, 0.000000000000000000, 1.000000000000000000 ) ) ;
#2154 = CARTESIAN_POINT ( 'NONE',  ( -0.01844832644998725679, -0.1055554971707947098, 0.2293514479621672764 ) ) ;
#2155 = ORIENTED_EDGE ( 'NONE', *, *, #1119, .T. ) ;
#2156 = PLANE ( 'NONE',  #202 ) ;
#2157 = SURFACE_SIDE_STYLE ('',( #950 ) ) ;
#2158 = ORIENTED_EDGE ( 'NONE', *, *, #48, .T. ) ;
#2159 = FACE_OUTER_BOUND ( 'NONE', #1844, .T. ) ;
#2160 = CARTESIAN_POINT ( 'NONE',  ( -0.1499999999999999944, 0.1499999999999999944, -0.06400000000000000133 ) ) ;
#2161 = EDGE_CURVE ( 'NONE', #265, #644, #1585, .T. ) ;
#2162 = DIRECTION ( 'NONE',  ( 0.000000000000000000, 0.000000000000000000, 1.000000000000000000 ) ) ;
#2163 = CARTESIAN_POINT ( 'NONE',  ( 0.2023399450215985773, 0.1164078897049059119, 0.1585113137260919791 ) ) ;
#2164 = ORIENTED_EDGE ( 'NONE', *, *, #990, .F. ) ;
#2165 =( LENGTH_UNIT ( ) NAMED_UNIT ( * ) SI_UNIT ( .CENTI., .METRE. ) );
#2166 = CARTESIAN_POINT ( 'NONE',  ( -0.09403978375095238540, 0.1293968445898079356, -0.005999999999999994053 ) ) ;
#2167 = ORIENTED_EDGE ( 'NONE', *, *, #530, .T. ) ;
#2168 = DIRECTION ( 'NONE',  ( 1.000000000000000000, 0.000000000000000000, -0.000000000000000000 ) ) ;
#2169 = CARTESIAN_POINT ( 'NONE',  ( -0.04964432275008254236, -0.1500000000000000222, -0.006000000000005725580 ) ) ;
#2170 = CIRCLE ( 'NONE', #288, 0.01000000000000000541 ) ;
#2171 = DIRECTION ( 'NONE',  ( -0.000000000000000000, -0.000000000000000000, -1.000000000000000000 ) ) ;
#2172 = PRESENTATION_LAYER_ASSIGNMENT (  '', '', ( #616 ) ) ;
#2173 = PRESENTATION_STYLE_ASSIGNMENT (( #2022 ) ) ;
#2174 = EDGE_CURVE ( 'NONE', #710, #1351, #1237, .T. ) ;
#2175 = ORIENTED_EDGE ( 'NONE', *, *, #1235, .T. ) ;
#2176 = CARTESIAN_POINT ( 'NONE',  ( -0.03999999999999997308, -0.1249999999999999861, -0.07000000000000000666 ) ) ;
#2177 = DIRECTION ( 'NONE',  ( 0.000000000000000000, 0.000000000000000000, -1.000000000000000000 ) ) ;
#2178 = ORIENTED_EDGE ( 'NONE', *, *, #87, .F. ) ;
#2179 = LINE ( 'NONE', #1995, #1987 ) ;
#2180 = DIRECTION ( 'NONE',  ( 0.000000000000000000, 0.000000000000000000, 1.000000000000000000 ) ) ;
#2181 = VECTOR ( 'NONE', #707, 100.0000000000000000 ) ;
#2182 = SURFACE_SIDE_STYLE ('',( #830 ) ) ;
#2183 = CARTESIAN_POINT ( 'NONE',  ( -0.1392597187529110159, 0.000000000000000000, 0.02700000000004362452 ) ) ;
#2184 = ADVANCED_FACE ( 'Defeatured_0_2', ( #296 ), #1618, .F. ) ;
#2185 = ORIENTED_EDGE ( 'NONE', *, *, #380, .T. ) ;
#2186 = CARTESIAN_POINT ( 'NONE',  ( 0.1392597187529109604, 1.730010362899190973E-17, 0.02700000000004365575 ) ) ;
#2187 = DIRECTION ( 'NONE',  ( 6.472520169055026358E-16, 1.000000000000000000, 0.000000000000000000 ) ) ;
#2188 = ORIENTED_EDGE ( 'NONE', *, *, #1622, .F. ) ;
#2189 = CARTESIAN_POINT ( 'NONE',  ( -0.04599999999999997147, 0.01959591794226549916, -0.06400000000000000133 ) ) ;
#2190 = LINE ( 'NONE', #643, #651 ) ;
#2191 = EDGE_LOOP ( 'NONE', ( #1267, #65, #1643, #1678 ) ) ;
#2192 = CARTESIAN_POINT ( 'NONE',  ( 0.08499999999999996447, -0.1249999999999999861, -0.07000000000000000666 ) ) ;
#2193 = DIRECTION ( 'NONE',  ( 1.000000000000000000, 0.000000000000000000, 0.000000000000000000 ) ) ;
#2194 = ADVANCED_FACE ( 'Defeatured_0_33', ( #797 ), #2156, .F. ) ;
#2195 = EDGE_CURVE ( 'NONE', #1078, #443, #808, .T. ) ;
#2196 = VERTEX_POINT ( 'NONE', #95 ) ;
#2197 = CARTESIAN_POINT ( 'NONE',  ( -0.1446934038039365267, -0.2893868076078730533, -0.001215288032368751258 ) ) ;
#2198 = CARTESIAN_POINT ( 'NONE',  ( -0.03301926586143434650, -0.1500000000000000222, -0.006000000000000344468 ) ) ;
#2199 = DIRECTION ( 'NONE',  ( 1.000000000000000000, 0.000000000000000000, 0.000000000000000000 ) ) ;
#2200 = CIRCLE ( 'NONE', #580, 0.009999999999999972453 ) ;
#2201 = UNCERTAINTY_MEASURE_WITH_UNIT (LENGTH_MEASURE( 1.000000000000000082E-05 ), #1454, 'distance_accuracy_value', 'NONE');
#2202 = EDGE_LOOP ( 'NONE', ( #1416, #540, #101, #1578 ) ) ;
#2203 = PRODUCT_CONTEXT ( 'NONE', #1590, 'mechanical' ) ;
#2204 = CARTESIAN_POINT ( 'NONE',  ( -0.1499999999999999944, -0.1500000000000000222, -0.02600000000000000228 ) ) ;
#2205 = PRESENTATION_LAYER_ASSIGNMENT (  '', '', ( #1210 ) ) ;
#2206 =( NAMED_UNIT ( * ) PLANE_ANGLE_UNIT ( ) SI_UNIT ( $, .RADIAN. ) );
#2207 = VECTOR ( 'NONE', #1878, 100.0000000000000000 ) ;
#2209 = SURFACE_STYLE_FILL_AREA ( #960 ) ;
#2208 = AXIS2_PLACEMENT_3D ( 'NONE', #1083, #1572, #55 ) ;
#2210 = VECTOR ( 'NONE', #1335, 100.0000000000000000 ) ;
#2211 = VERTEX_POINT ( 'NONE', #2186 ) ;
#2212 = ADVANCED_FACE ( 'Defeatured_0_31', ( #635 ), #591, .F. ) ;
#2213 = DIRECTION ( 'NONE',  ( 0.000000000000000000, 0.000000000000000000, 1.000000000000000000 ) ) ;
#2214 = CARTESIAN_POINT ( 'NONE',  ( 0.05000000000000000278, -0.1249999999999999861, -0.07000000000000000666 ) ) ;
#2215 = PRESENTATION_STYLE_ASSIGNMENT (( #1508 ) ) ;
#2216 = FILL_AREA_STYLE ('',( #1509 ) ) ;
#2217 = STYLED_ITEM ( 'NONE', ( #1857 ), #1979 ) ;
#2218 =( BOUNDED_SURFACE ( )  B_SPLINE_SURFACE ( 3, 3, ( 
 ( #1311, #304, #649, #1667 ),
 ( #133, #813, #2197, #1318 ),
 ( #485, #1894, #1606, #1911 ),
 ( #913, #1226, #389, #1421 ) ),
 .UNSPECIFIED., .F., .F., .F. ) 
 B_SPLINE_SURFACE_WITH_KNOTS ( ( 4, 4 ),
 ( 4, 4 ),
 ( 0.000000000000000000, 1.000000000000000000 ),
 ( 0.000000000000000000, 1.000000000000000000 ),
 .UNSPECIFIED. ) 
 GEOMETRIC_REPRESENTATION_ITEM ( )  RATIONAL_B_SPLINE_SURFACE ( (
 ( 1.000000000000000000, 0.3333333333333334259, 0.3333333333333334259, 1.000000000000000000),
 ( 0.8473814802484833653, 0.2824604934161611958, 0.2824604934161611958, 0.8473814802484833653),
 ( 0.8473814802484833653, 0.2824604934161611958, 0.2824604934161611958, 0.8473814802484833653),
 ( 1.000000000000000000, 0.3333333333333334259, 0.3333333333333334259, 1.000000000000000000) ) ) 
 REPRESENTATION_ITEM ( '' )  SURFACE ( )  );
#2219 = ORIENTED_EDGE ( 'NONE', *, *, #1699, .F. ) ;
#2220 = LINE ( 'NONE', #799, #1434 ) ;
#2221 = DIRECTION ( 'NONE',  ( 0.000000000000000000, 0.000000000000000000, 1.000000000000000000 ) ) ;
#2222 = ORIENTED_EDGE ( 'NONE', *, *, #1882, .T. ) ;
#2223 = CARTESIAN_POINT ( 'NONE',  ( -0.04999999999999998196, -0.1249999999999999861, -0.06400000000000000133 ) ) ;
#2224 = LINE ( 'NONE', #340, #439 ) ;
#2225 = DIRECTION ( 'NONE',  ( 1.000000000000000000, -0.000000000000000000, 0.000000000000000000 ) ) ;
#2226 = PLANE ( 'NONE',  #23 ) ;
#2227 = UNCERTAINTY_MEASURE_WITH_UNIT (LENGTH_MEASURE( 1.000000000000000082E-05 ), #247, 'distance_accuracy_value', 'NONE');
#2228 = EDGE_CURVE ( 'NONE', #1064, #2092, #345, .T. ) ;
#2229 = ORIENTED_EDGE ( 'NONE', *, *, #210, .F. ) ;
#2230 =( NAMED_UNIT ( * ) PLANE_ANGLE_UNIT ( ) SI_UNIT ( $, .RADIAN. ) );
#2231 = DIRECTION ( 'NONE',  ( -0.000000000000000000, 0.000000000000000000, 1.000000000000000000 ) ) ;
#2232 = SURFACE_STYLE_USAGE ( .BOTH. , #1675 ) ;
#2233 = DIRECTION ( 'NONE',  ( -0.000000000000000000, -1.000000000000000000, 0.000000000000000000 ) ) ;
ENDSEC;
END-ISO-10303-21;
