ISO-10303-21;
HEADER;
FILE_DESCRIPTION (( 'STEP AP214' ),
    '1' );
FILE_NAME ('CFR_RB3_7.2X10X5_L7.5H10.1T5.1S5H019F0.55.STEP',
    '2020-05-21T17:16:34',
    ( '' ),
    ( '' ),
    'SwSTEP 2.0',
    'SolidWorks 2014',
    '' );
FILE_SCHEMA (( 'AUTOMOTIVE_DESIGN' ));
ENDSEC;

DATA;
#1 = COLOUR_RGB ( '',0.4980392156862745200, 0.4980392156862745200, 0.4980392156862745200 ) ;
#2 = CARTESIAN_POINT ( 'NONE',  ( 4.693556602321803200, 4.869912062582796100, 5.104999999999999500 ) ) ;
#3 = DIRECTION ( 'NONE',  ( -0.9615323037684288000, 0.2746918797667271000, 0.0000000000000000000 ) ) ;
#4 = DIRECTION ( 'NONE',  ( 1.000000000000000000, 0.0000000000000000000, 0.0000000000000000000 ) ) ;
#5 = VERTEX_POINT ( 'NONE', #2112 ) ;
#6 = UNCERTAINTY_MEASURE_WITH_UNIT (LENGTH_MEASURE( 1.000000000000000100E-005 ), #1209, 'distance_accuracy_value', 'NONE');
#7 = DIRECTION ( 'NONE',  ( 0.0000000000000000000, -1.000000000000000000, 0.0000000000000000000 ) ) ;
#8 = ORIENTED_EDGE ( 'NONE', *, *, #1709, .F. ) ;
#9 = CARTESIAN_POINT ( 'NONE',  ( 7.250000024999999400, 0.7500000000000000000, 4.850000025000000800 ) ) ;
#10 = CARTESIAN_POINT ( 'NONE',  ( -0.09118294889182533600, 1.627016963945832300, 5.099999999999997900 ) ) ;
#11 = ORIENTED_EDGE ( 'NONE', *, *, #361, .T. ) ;
#12 = CARTESIAN_POINT ( 'NONE',  ( 1.249999999999999800, -19.00000000000000000, 2.274999999999999900 ) ) ;
#13 =( NAMED_UNIT ( * ) PLANE_ANGLE_UNIT ( ) SI_UNIT ( $, .RADIAN. ) );
#14 = VECTOR ( 'NONE', #2375, 1000.000000000000100 ) ;
#15 = EDGE_CURVE ( 'NONE', #2716, #2454, #21, .T. ) ;
#16 = LINE ( 'NONE', #1301, #888 ) ;
#17 = MECHANICAL_DESIGN_GEOMETRIC_PRESENTATION_REPRESENTATION (  '', ( #2759 ), #955 ) ;
#18 =( NAMED_UNIT ( * ) SI_UNIT ( $, .STERADIAN. ) SOLID_ANGLE_UNIT ( ) );
#19 = PLANE ( 'NONE',  #956 ) ;
#20 = VECTOR ( 'NONE', #591, 1000.000000000000000 ) ;
#21 = LINE ( 'NONE', #873, #858 ) ;
#22 = SURFACE_SIDE_STYLE ('',( #2573 ) ) ;
#23 = STYLED_ITEM ( 'NONE', ( #400 ), #1614 ) ;
#24 = CARTESIAN_POINT ( 'NONE',  ( 1.975362488086775900, 4.802161778192806100, 5.104999999999999500 ) ) ;
#25 = PRODUCT ( 'CFR_RB3_7.2X10X5_L7.5H10.1T5.1S5H019F0.55', 'CFR_RB3_7.2X10X5_L7.5H10.1T5.1S5H019F0.55', '', ( #1539 ) ) ;
#26 = CARTESIAN_POINT ( 'NONE',  ( 4.206272566987165900, 5.097518177467639700, 5.104999999999999500 ) ) ;
#27 = ORIENTED_EDGE ( 'NONE', *, *, #34, .F. ) ;
#28 = LINE ( 'NONE', #921, #1089 ) ;
#29 = ORIENTED_EDGE ( 'NONE', *, *, #1969, .F. ) ;
#30 = DIRECTION ( 'NONE',  ( 1.000000000000000000, -1.104435275910379500E-013, 0.0000000000000000000 ) ) ;
#31 = PLANE ( 'NONE',  #2709 ) ;
#32 = LINE ( 'NONE', #2697, #3017 ) ;
#33 = ORIENTED_EDGE ( 'NONE', *, *, #2029, .T. ) ;
#34 = EDGE_CURVE ( 'NONE', #2994, #2107, #486, .T. ) ;
#35 = CARTESIAN_POINT ( 'NONE',  ( 3.370127186319229900, 5.186093679346321000, 5.099999999999999600 ) ) ;
#36 = ORIENTED_EDGE ( 'NONE', *, *, #1095, .T. ) ;
#37 = ORIENTED_EDGE ( 'NONE', *, *, #1773, .F. ) ;
#38 = EDGE_CURVE ( 'NONE', #2693, #1985, #100, .T. ) ;
#39 = LINE ( 'NONE', #1330, #2764 ) ;
#40 = EDGE_LOOP ( 'NONE', ( #320, #407, #619, #765, #531, #802, #2728, #2345 ) ) ;
#41 = CARTESIAN_POINT ( 'NONE',  ( 5.054065561692001800, 4.869912062582796100, 5.104999999999999500 ) ) ;
#42 = EDGE_LOOP ( 'NONE', ( #8, #1032, #1492, #1007 ) ) ;
#43 =( NAMED_UNIT ( * ) PLANE_ANGLE_UNIT ( ) SI_UNIT ( $, .RADIAN. ) );
#44 = ORIENTED_EDGE ( 'NONE', *, *, #341, .F. ) ;
#45 = UNCERTAINTY_MEASURE_WITH_UNIT (LENGTH_MEASURE( 1.000000000000000100E-005 ), #2620, 'distance_accuracy_value', 'NONE');
#46 = ORIENTED_EDGE ( 'NONE', *, *, #1405, .F. ) ;
#47 = CARTESIAN_POINT ( 'NONE',  ( 2.224986679108016800, 4.802161778192812300, 5.099999999999999600 ) ) ;
#48 = VERTEX_POINT ( 'NONE', #2314 ) ;
#49 = PRESENTATION_STYLE_ASSIGNMENT (( #270 ) ) ;
#50 = CARTESIAN_POINT ( 'NONE',  ( 0.0000000000000000000, 0.0000000000000000000, 5.099999999999999600 ) ) ;
#51 = PLANE ( 'NONE',  #1453 ) ;
#52 = EDGE_CURVE ( 'NONE', #2633, #1221, #63, .T. ) ;
#53 = FACE_OUTER_BOUND ( 'NONE', #2934, .T. ) ;
#54 = DIRECTION ( 'NONE',  ( -1.000000000000000000, -1.369417629209010900E-016, 0.0000000000000000000 ) ) ;
#55 = ADVANCED_FACE ( 'NONE', ( #2510 ), #2791, .F. ) ;
#56 = EDGE_CURVE ( 'NONE', #2884, #1248, #2609, .T. ) ;
#57 = LINE ( 'NONE', #2939, #20 ) ;
#58 = CARTESIAN_POINT ( 'NONE',  ( 2.958275000000000000, 0.3482480000000001100, 0.2499999749999998700 ) ) ;
#59 = PLANE ( 'NONE',  #2087 ) ;
#60 = AXIS2_PLACEMENT_3D ( 'NONE', #2576, #435, #875 ) ;
#61 = CARTESIAN_POINT ( 'NONE',  ( 2.158452242077110400, 4.346029999999974100, 5.104999999999999500 ) ) ;
#62 = PLANE ( 'NONE',  #3021 ) ;
#63 = LINE ( 'NONE', #3032, #1271 ) ;
#64 = VECTOR ( 'NONE', #1432, 1000.000000000000000 ) ;
#65 = LINE ( 'NONE', #263, #2831 ) ;
#66 =( BOUNDED_CURVE ( )  B_SPLINE_CURVE ( 3, ( #2296, #640, #1608, #2340 ),
 .UNSPECIFIED., .F., .T. ) 
 B_SPLINE_CURVE_WITH_KNOTS ( ( 4, 4 ),
 ( 3.141592653589793100, 4.712388980384689700 ),
 .UNSPECIFIED. ) 
 CURVE ( )  GEOMETRIC_REPRESENTATION_ITEM ( )  RATIONAL_B_SPLINE_CURVE ( ( 1.000000000000000000, 0.8047378541243649400, 0.8047378541243649400, 1.000000000000000000 ) ) 
 REPRESENTATION_ITEM ( '' )  );
#67 = ORIENTED_EDGE ( 'NONE', *, *, #2437, .T. ) ;
#68 = ORIENTED_EDGE ( 'NONE', *, *, #550, .T. ) ;
#69 = DIRECTION ( 'NONE',  ( -0.9601763114346034700, 0.2793947940814924300, 0.0000000000000000000 ) ) ;
#70 = ORIENTED_EDGE ( 'NONE', *, *, #2570, .F. ) ;
#71 = CARTESIAN_POINT ( 'NONE',  ( 2.617153647927336700, 5.186093679346321000, 5.099999999999999600 ) ) ;
#72 = DIRECTION ( 'NONE',  ( -1.000000000000000000, 0.0000000000000000000, 0.0000000000000000000 ) ) ;
#73 = FACE_OUTER_BOUND ( 'NONE', #2330, .T. ) ;
#74 = PRODUCT_RELATED_PRODUCT_CATEGORY ( 'part', '', ( #25 ) ) ;
#75 = ORIENTED_EDGE ( 'NONE', *, *, #778, .F. ) ;
#76 =( GEOMETRIC_REPRESENTATION_CONTEXT ( 3 ) GLOBAL_UNCERTAINTY_ASSIGNED_CONTEXT ( ( #45 ) ) GLOBAL_UNIT_ASSIGNED_CONTEXT ( ( #2620, #2170, #18 ) ) REPRESENTATION_CONTEXT ( 'NONE', 'WORKASPACE' ) );
#77 = EDGE_CURVE ( 'NONE', #2420, #1893, #1355, .T. ) ;
#78 = SURFACE_STYLE_USAGE ( .BOTH. , #1984 ) ;
#79 = ORIENTED_EDGE ( 'NONE', *, *, #1303, .T. ) ;
#80 = AXIS2_PLACEMENT_3D ( 'NONE', #1142, #2336, #2818 ) ;
#81 = DIRECTION ( 'NONE',  ( 0.0000000000000000000, 1.000000000000000000, 0.0000000000000000000 ) ) ;
#82 = CARTESIAN_POINT ( 'NONE',  ( 2.086364754964133500, 5.186093679346321000, 5.104999999999999500 ) ) ;
#83 = CIRCLE ( 'NONE', #799, 0.2750000000000000800 ) ;
#84 =( LENGTH_UNIT ( ) NAMED_UNIT ( * ) SI_UNIT ( .MILLI., .METRE. ) );
#85 = CARTESIAN_POINT ( 'NONE',  ( 6.999999999999999100, 10.10000000000000000, 4.599999999999999600 ) ) ;
#86 = FILL_AREA_STYLE_COLOUR ( '', #1338 ) ;
#87 = ORIENTED_EDGE ( 'NONE', *, *, #2687, .T. ) ;
#88 = PRESENTATION_LAYER_ASSIGNMENT (  '', '', ( #2954 ) ) ;
#89 = VECTOR ( 'NONE', #703, 1000.000000000000000 ) ;
#90 = ADVANCED_FACE ( 'NONE', ( #1200 ), #1357, .F. ) ;
#91 = VECTOR ( 'NONE', #1705, 1000.000000000000000 ) ;
#92 = DIRECTION ( 'NONE',  ( -0.8582246375305168100, -0.5132742654133490800, 0.0000000000000000000 ) ) ;
#93 = VECTOR ( 'NONE', #2582, 1000.000000000000000 ) ;
#94 = DIRECTION ( 'NONE',  ( -0.2760118818968579900, -0.9611542233438683500, 0.0000000000000000000 ) ) ;
#95 = EDGE_CURVE ( 'NONE', #2792, #1805, #560, .T. ) ;
#96 = DIRECTION ( 'NONE',  ( -0.2765379750249963300, -0.9610029908221277000, 0.0000000000000000000 ) ) ;
#97 = CARTESIAN_POINT ( 'NONE',  ( 4.589652739086718100, 4.505883276192119700, 5.099999999999999600 ) ) ;
#98 = PRESENTATION_LAYER_ASSIGNMENT (  '', '', ( #2534 ) ) ;
#99 = EDGE_CURVE ( 'NONE', #1850, #288, #445, .T. ) ;
#100 = LINE ( 'NONE', #2344, #2034 ) ;
#101 = SURFACE_STYLE_FILL_AREA ( #1115 ) ;
#102 = PLANE ( 'NONE',  #1238 ) ;
#103 = DIRECTION ( 'NONE',  ( -0.0000000000000000000, -0.0000000000000000000, -1.000000000000000000 ) ) ;
#104 = AXIS2_PLACEMENT_3D ( 'NONE', #1232, #1476, #2430 ) ;
#105 = ADVANCED_FACE ( 'NONE', ( #523 ), #19, .F. ) ;
#106 = CARTESIAN_POINT ( 'NONE',  ( 5.848623999089540800, 5.023874740887651000, 5.104999999999999500 ) ) ;
#107 = UNCERTAINTY_MEASURE_WITH_UNIT (LENGTH_MEASURE( 1.000000000000000100E-005 ), #2098, 'distance_accuracy_value', 'NONE');
#108 = ORIENTED_EDGE ( 'NONE', *, *, #649, .F. ) ;
#109 = LINE ( 'NONE', #2076, #3051 ) ;
#110 = DIRECTION ( 'NONE',  ( 0.2745159998572630500, 0.9615825319869153500, 0.0000000000000000000 ) ) ;
#111 = LINE ( 'NONE', #1740, #457 ) ;
#112 = ORIENTED_EDGE ( 'NONE', *, *, #2704, .F. ) ;
#113 =( NAMED_UNIT ( * ) PLANE_ANGLE_UNIT ( ) SI_UNIT ( $, .RADIAN. ) );
#114 = DIRECTION ( 'NONE',  ( 0.3829140317376762400, -0.9237839814038765200, 0.0000000000000000000 ) ) ;
#115 = ORIENTED_EDGE ( 'NONE', *, *, #1405, .T. ) ;
#116 = CARTESIAN_POINT ( 'NONE',  ( 4.589652739086718100, 4.505883276192119700, 5.099999999999999600 ) ) ;
#117 = SURFACE_STYLE_FILL_AREA ( #829 ) ;
#118 = AXIS2_PLACEMENT_3D ( 'NONE', #889, #1100, #1841 ) ;
#119 = EDGE_CURVE ( 'NONE', #2483, #2255, #1435, .T. ) ;
#120 = ORIENTED_EDGE ( 'NONE', *, *, #2820, .T. ) ;
#121 = PRESENTATION_STYLE_ASSIGNMENT (( #1803 ) ) ;
#122 = ADVANCED_FACE ( 'NONE', ( #305 ), #1659, .F. ) ;
#123 = EDGE_LOOP ( 'NONE', ( #2328, #1207, #1594, #1643, #1065, #2826, #1745, #314 ) ) ;
#124 = STYLED_ITEM ( 'NONE', ( #943 ), #296 ) ;
#125 = DIRECTION ( 'NONE',  ( -0.0000000000000000000, -0.0000000000000000000, -1.000000000000000000 ) ) ;
#126 = DIRECTION ( 'NONE',  ( -1.000000000000000000, 0.0000000000000000000, 0.0000000000000000000 ) ) ;
#127 = ORIENTED_EDGE ( 'NONE', *, *, #38, .T. ) ;
#128 = LINE ( 'NONE', #1791, #2775 ) ;
#129 = CARTESIAN_POINT ( 'NONE',  ( 2.421752279865791100, -0.5488494156346099800, 0.2499999749999998700 ) ) ;
#130 = EDGE_LOOP ( 'NONE', ( #1576, #2004, #870, #2914 ) ) ;
#131 = VECTOR ( 'NONE', #892, 1000.000000000000000 ) ;
#132 = DIRECTION ( 'NONE',  ( -0.5132742654133490800, -0.8582246375305168100, -1.271984159239094900E-016 ) ) ;
#133 =( NAMED_UNIT ( * ) SI_UNIT ( $, .STERADIAN. ) SOLID_ANGLE_UNIT ( ) );
#134 = SURFACE_STYLE_USAGE ( .BOTH. , #2726 ) ;
#135 = ADVANCED_FACE ( 'NONE', ( #1983 ), #31, .T. ) ;
#136 = DIRECTION ( 'NONE',  ( 0.2763173343569615400, 0.9610664548999008300, 0.0000000000000000000 ) ) ;
#137 = DIRECTION ( 'NONE',  ( -1.000000000000000000, 0.0000000000000000000, 0.0000000000000000000 ) ) ;
#138 = EDGE_CURVE ( 'NONE', #1829, #5, #766, .T. ) ;
#139 = ORIENTED_EDGE ( 'NONE', *, *, #1034, .T. ) ;
#140 = CARTESIAN_POINT ( 'NONE',  ( 1.847169775644161400, 5.186093679346321000, 5.104999999999999500 ) ) ;
#141 = FACE_OUTER_BOUND ( 'NONE', #1899, .T. ) ;
#142 = EDGE_CURVE ( 'NONE', #503, #1248, #2527, .T. ) ;
#143 = ORIENTED_EDGE ( 'NONE', *, *, #816, .F. ) ;
#144 =( NAMED_UNIT ( * ) SI_UNIT ( $, .STERADIAN. ) SOLID_ANGLE_UNIT ( ) );
#145 = CARTESIAN_POINT ( 'NONE',  ( 7.500000000000000000, 0.0000000000000000000, 5.099999999999999600 ) ) ;
#146 = FACE_OUTER_BOUND ( 'NONE', #977, .T. ) ;
#147 = EDGE_LOOP ( 'NONE', ( #458, #1372, #1534, #769, #1243, #2985, #115, #1633, #127, #2514, #2774 ) ) ;
#148 = AXIS2_PLACEMENT_3D ( 'NONE', #2056, #2313, #864 ) ;
#149 = CARTESIAN_POINT ( 'NONE',  ( 1.605750000000000000, 4.346029999999999800, 5.099999999999999600 ) ) ;
#150 = VERTEX_POINT ( 'NONE', #935 ) ;
#151 = VERTEX_POINT ( 'NONE', #2386 ) ;
#152 = ADVANCED_FACE ( 'NONE', ( #2660 ), #2621, .F. ) ;
#153 = DIRECTION ( 'NONE',  ( -0.0000000000000000000, -0.0000000000000000000, -1.000000000000000000 ) ) ;
#154 = ORIENTED_EDGE ( 'NONE', *, *, #1343, .T. ) ;
#155 = DIRECTION ( 'NONE',  ( -1.000000000000000000, -0.0000000000000000000, -0.0000000000000000000 ) ) ;
#156 = VERTEX_POINT ( 'NONE', #2593 ) ;
#157 = EDGE_CURVE ( 'NONE', #3050, #1861, #1644, .T. ) ;
#158 = ORIENTED_EDGE ( 'NONE', *, *, #2384, .F. ) ;
#159 = VECTOR ( 'NONE', #2201, 1000.000000000000100 ) ;
#160 = EDGE_CURVE ( 'NONE', #652, #707, #2734, .T. ) ;
#161 = EDGE_LOOP ( 'NONE', ( #1722, #143, #1448, #985 ) ) ;
#162 = VECTOR ( 'NONE', #416, 1000.000000000000100 ) ;
#163 = AXIS2_PLACEMENT_3D ( 'NONE', #2515, #189, #1080 ) ;
#164 = VECTOR ( 'NONE', #2691, 999.9999999999998900 ) ;
#165 = CARTESIAN_POINT ( 'NONE',  ( 0.0000000000000000000, 9.599999999999999600, 0.0000000000000000000 ) ) ;
#166 = ADVANCED_FACE ( 'NONE', ( #2986 ), #1436, .F. ) ;
#167 = VECTOR ( 'NONE', #1411, 1000.000000000000000 ) ;
#168 = DIRECTION ( 'NONE',  ( 0.0000000000000000000, 0.0000000000000000000, -1.000000000000000000 ) ) ;
#169 = VECTOR ( 'NONE', #96, 1000.000000000000100 ) ;
#170 = DIRECTION ( 'NONE',  ( -0.9985542843760946100, 0.05375259206908576700, 0.0000000000000000000 ) ) ;
#171 = PLANE ( 'NONE',  #2539 ) ;
#172 = VERTEX_POINT ( 'NONE', #706 ) ;
#173 = CYLINDRICAL_SURFACE ( 'NONE', #1856, 0.5000000000000000000 ) ;
#174 = EDGE_CURVE ( 'NONE', #246, #576, #1133, .T. ) ;
#175 = SURFACE_STYLE_USAGE ( .BOTH. , #2536 ) ;
#176 = CARTESIAN_POINT ( 'NONE',  ( 3.453918482094853600, 5.186093679346321000, 5.099999999999999600 ) ) ;
#177 = ORIENTED_EDGE ( 'NONE', *, *, #99, .T. ) ;
#178 =( GEOMETRIC_REPRESENTATION_CONTEXT ( 3 ) GLOBAL_UNCERTAINTY_ASSIGNED_CONTEXT ( ( #107 ) ) GLOBAL_UNIT_ASSIGNED_CONTEXT ( ( #2098, #226, #661 ) ) REPRESENTATION_CONTEXT ( 'NONE', 'WORKASPACE' ) );
#179 = MECHANICAL_DESIGN_GEOMETRIC_PRESENTATION_REPRESENTATION (  '', ( #2667 ), #476 ) ;
#180 =( NAMED_UNIT ( * ) PLANE_ANGLE_UNIT ( ) SI_UNIT ( $, .RADIAN. ) );
#181 =( NAMED_UNIT ( * ) PLANE_ANGLE_UNIT ( ) SI_UNIT ( $, .RADIAN. ) );
#182 = AXIS2_PLACEMENT_3D ( 'NONE', #2782, #3005, #1112 ) ;
#183 = VERTEX_POINT ( 'NONE', #2171 ) ;
#184 = VERTEX_POINT ( 'NONE', #685 ) ;
#185 = DIRECTION ( 'NONE',  ( -1.000000000000000000, 0.0000000000000000000, -0.0000000000000000000 ) ) ;
#186 = CARTESIAN_POINT ( 'NONE',  ( 3.324711711409868100, 5.026191871431327800, 5.104999999999999500 ) ) ;
#187 = VECTOR ( 'NONE', #554, 1000.000000000000000 ) ;
#188 = PLANE ( 'NONE',  #1575 ) ;
#189 = DIRECTION ( 'NONE',  ( 0.0000000000000000000, -1.000000000000000000, 0.0000000000000000000 ) ) ;
#190 =( LENGTH_UNIT ( ) NAMED_UNIT ( * ) SI_UNIT ( .MILLI., .METRE. ) );
#191 = ORIENTED_EDGE ( 'NONE', *, *, #77, .T. ) ;
#192 = FACE_OUTER_BOUND ( 'NONE', #2961, .T. ) ;
#193 = ORIENTED_EDGE ( 'NONE', *, *, #99, .F. ) ;
#194 =( GEOMETRIC_REPRESENTATION_CONTEXT ( 3 ) GLOBAL_UNCERTAINTY_ASSIGNED_CONTEXT ( ( #777 ) ) GLOBAL_UNIT_ASSIGNED_CONTEXT ( ( #190, #461, #1442 ) ) REPRESENTATION_CONTEXT ( 'NONE', 'WORKASPACE' ) );
#195 = EDGE_CURVE ( 'NONE', #675, #713, #2554, .T. ) ;
#196 = CARTESIAN_POINT ( 'NONE',  ( 3.779365435797723500, 4.585941393327298800, 5.099999999999999600 ) ) ;
#197 = CARTESIAN_POINT ( 'NONE',  ( 4.649249694123856400, 4.714641202699570300, 5.104999999999999500 ) ) ;
#198 = ORIENTED_EDGE ( 'NONE', *, *, #302, .F. ) ;
#199 = VECTOR ( 'NONE', #2456, 1000.000000000000000 ) ;
#200 = DIRECTION ( 'NONE',  ( 0.2729786930694848600, 0.9620200793798828800, 0.0000000000000000000 ) ) ;
#201 = SURFACE_STYLE_USAGE ( .BOTH. , #1127 ) ;
#202 = DIRECTION ( 'NONE',  ( 0.0000000000000000000, 0.0000000000000000000, 1.000000000000000000 ) ) ;
#203 = SURFACE_STYLE_USAGE ( .BOTH. , #1902 ) ;
#204 = EDGE_CURVE ( 'NONE', #1291, #546, #253, .T. ) ;
#205 = FACE_OUTER_BOUND ( 'NONE', #760, .T. ) ;
#206 = CARTESIAN_POINT ( 'NONE',  ( 0.5000000000000000000, 10.10000000000000000, 0.4999999999999995600 ) ) ;
#207 = DIRECTION ( 'NONE',  ( -0.0000000000000000000, -1.000000000000000000, -0.0000000000000000000 ) ) ;
#208 = CARTESIAN_POINT ( 'NONE',  ( 3.258391835674214300, 4.505852624580094300, 5.104999999999999500 ) ) ;
#209 = SURFACE_STYLE_FILL_AREA ( #1626 ) ;
#210 = ORIENTED_EDGE ( 'NONE', *, *, #2341, .T. ) ;
#211 = CARTESIAN_POINT ( 'NONE',  ( 2.340696523052773000, 5.186093679346321000, 5.104999999999999500 ) ) ;
#212 = EDGE_CURVE ( 'NONE', #1850, #1795, #248, .T. ) ;
#213 = FACE_OUTER_BOUND ( 'NONE', #2854, .T. ) ;
#214 = ORIENTED_EDGE ( 'NONE', *, *, #913, .F. ) ;
#215 = DIRECTION ( 'NONE',  ( -0.0000000000000000000, -1.000000000000000000, -0.0000000000000000000 ) ) ;
#216 = ORIENTED_EDGE ( 'NONE', *, *, #160, .F. ) ;
#217 = PRESENTATION_STYLE_ASSIGNMENT (( #1231 ) ) ;
#218 = CARTESIAN_POINT ( 'NONE',  ( 4.077021330051222100, 5.186093679346321000, 5.104999999999999500 ) ) ;
#219 = EDGE_LOOP ( 'NONE', ( #2461, #2071, #1024, #2036 ) ) ;
#220 = DIRECTION ( 'NONE',  ( 0.2759782365590697200, 0.9611638845408965200, 0.0000000000000000000 ) ) ;
#221 = CARTESIAN_POINT ( 'NONE',  ( 3.453918482094853600, 5.186093679346321000, 5.104999999999999500 ) ) ;
#222 = ORIENTED_EDGE ( 'NONE', *, *, #2517, .F. ) ;
#223 = CARTESIAN_POINT ( 'NONE',  ( 4.445467546307046500, 5.186093679346321000, 5.099999999999999600 ) ) ;
#224 = VERTEX_POINT ( 'NONE', #2858 ) ;
#225 = ORIENTED_EDGE ( 'NONE', *, *, #1512, .F. ) ;
#226 =( NAMED_UNIT ( * ) PLANE_ANGLE_UNIT ( ) SI_UNIT ( $, .RADIAN. ) );
#227 = FILL_AREA_STYLE_COLOUR ( '', #2421 ) ;
#228 = EDGE_CURVE ( 'NONE', #1910, #692, #1638, .T. ) ;
#229 = ORIENTED_EDGE ( 'NONE', *, *, #1755, .T. ) ;
#230 = COLOUR_RGB ( '',0.7921568627450980000, 0.8196078431372548800, 0.9333333333333333500 ) ;
#231 = PRESENTATION_LAYER_ASSIGNMENT (  '', '', ( #1738 ) ) ;
#232 = PRESENTATION_LAYER_ASSIGNMENT (  '', '', ( #269 ) ) ;
#233 = CARTESIAN_POINT ( 'NONE',  ( 3.453918482094853600, 5.186093679346321000, 5.104999999999999500 ) ) ;
#234 = CARTESIAN_POINT ( 'NONE',  ( 5.848623999089540800, 5.023874740887651000, 5.099999999999999600 ) ) ;
#235 = DIRECTION ( 'NONE',  ( -0.0000000000000000000, -0.0000000000000000000, -1.000000000000000000 ) ) ;
#236 =( NAMED_UNIT ( * ) PLANE_ANGLE_UNIT ( ) SI_UNIT ( $, .RADIAN. ) );
#237 = COLOUR_RGB ( '',0.8980392156862745400, 0.9215686274509803400, 0.9294117647058823800 ) ;
#238 = ORIENTED_EDGE ( 'NONE', *, *, #2100, .T. ) ;
#239 = VECTOR ( 'NONE', #1150, 1000.000000000000100 ) ;
#240 = VECTOR ( 'NONE', #959, 1000.000000000000000 ) ;
#241 = DIRECTION ( 'NONE',  ( -0.0000000000000000000, -0.0000000000000000000, 1.000000000000000000 ) ) ;
#242 = EDGE_LOOP ( 'NONE', ( #2203, #250, #2702, #2695 ) ) ;
#243 = EDGE_CURVE ( 'NONE', #2478, #896, #2195, .T. ) ;
#244 = CARTESIAN_POINT ( 'NONE',  ( 1.605750000000000000, 4.346029999999999800, 5.104999999999999500 ) ) ;
#245 = CARTESIAN_POINT ( 'NONE',  ( 3.258391835674214300, 4.505852624580094300, 5.104999999999999500 ) ) ;
#246 = VERTEX_POINT ( 'NONE', #271 ) ;
#247 = MECHANICAL_DESIGN_GEOMETRIC_PRESENTATION_REPRESENTATION (  '', ( #1199 ), #871 ) ;
#248 = LINE ( 'NONE', #1423, #797 ) ;
#249 = UNCERTAINTY_MEASURE_WITH_UNIT (LENGTH_MEASURE( 1.000000000000000100E-005 ), #289, 'distance_accuracy_value', 'NONE');
#250 = ORIENTED_EDGE ( 'NONE', *, *, #2012, .T. ) ;
#251 = CARTESIAN_POINT ( 'NONE',  ( 4.546674068174846500, 5.186093679346321000, 5.104999999999999500 ) ) ;
#252 = DIRECTION ( 'NONE',  ( 0.2759782365590697200, 0.9611638845408965200, 0.0000000000000000000 ) ) ;
#253 = LINE ( 'NONE', #1412, #2075 ) ;
#254 = MECHANICAL_DESIGN_GEOMETRIC_PRESENTATION_REPRESENTATION (  '', ( #1660 ), #1159 ) ;
#255 = VERTEX_POINT ( 'NONE', #2214 ) ;
#256 = LINE ( 'NONE', #586, #2339 ) ;
#257 = CARTESIAN_POINT ( 'NONE',  ( 0.2499999749999999900, 0.0000000000000000000, 4.850000024999999000 ) ) ;
#258 = ORIENTED_EDGE ( 'NONE', *, *, #1369, .F. ) ;
#259 = ORIENTED_EDGE ( 'NONE', *, *, #2358, .F. ) ;
#260 = DIRECTION ( 'NONE',  ( 0.0000000000000000000, 0.0000000000000000000, -1.000000000000000000 ) ) ;
#261 = DIRECTION ( 'NONE',  ( 0.0000000000000000000, 0.0000000000000000000, -1.000000000000000000 ) ) ;
#262 =( LENGTH_UNIT ( ) NAMED_UNIT ( * ) SI_UNIT ( .MILLI., .METRE. ) );
#263 = CARTESIAN_POINT ( 'NONE',  ( 3.627526669445907600, 5.093916612811269400, 5.099999999999999600 ) ) ;
#264 = MECHANICAL_DESIGN_GEOMETRIC_PRESENTATION_REPRESENTATION (  '', ( #1273 ), #2552 ) ;
#265 = EDGE_CURVE ( 'NONE', #739, #503, #1020, .T. ) ;
#266 = CARTESIAN_POINT ( 'NONE',  ( 2.749516292503984400, 5.186093679346321000, 5.104999999999999500 ) ) ;
#267 = LINE ( 'NONE', #805, #1111 ) ;
#268 = AXIS2_PLACEMENT_3D ( 'NONE', #218, #1882, #2356 ) ;
#269 = STYLED_ITEM ( 'NONE', ( #1327 ), #335 ) ;
#270 = SURFACE_STYLE_USAGE ( .BOTH. , #1951 ) ;
#271 = CARTESIAN_POINT ( 'NONE',  ( 3.809558942749218700, 4.346029999999974100, 5.104999999999999500 ) ) ;
#272 = FACE_OUTER_BOUND ( 'NONE', #130, .T. ) ;
#273 = LINE ( 'NONE', #244, #1513 ) ;
#274 = ORIENTED_EDGE ( 'NONE', *, *, #1491, .F. ) ;
#275 = VECTOR ( 'NONE', #132, 1000.000000000000000 ) ;
#276 = DIRECTION ( 'NONE',  ( -0.3829140317376763500, 0.9237839814038766300, 0.0000000000000000000 ) ) ;
#277 = ADVANCED_FACE ( 'NONE', ( #73 ), #279, .T. ) ;
#278 = FILL_AREA_STYLE ('',( #1696 ) ) ;
#279 = PLANE ( 'NONE',  #1779 ) ;
#280 = VECTOR ( 'NONE', #919, 1000.000000000000000 ) ;
#281 = ORIENTED_EDGE ( 'NONE', *, *, #2045, .T. ) ;
#282 = UNCERTAINTY_MEASURE_WITH_UNIT (LENGTH_MEASURE( 1.000000000000000100E-005 ), #2958, 'distance_accuracy_value', 'NONE');
#283 = EDGE_CURVE ( 'NONE', #772, #1893, #1249, .T. ) ;
#284 = DIRECTION ( 'NONE',  ( -0.2793947940878294100, -0.9601763114327593900, 0.0000000000000000000 ) ) ;
#285 = EDGE_LOOP ( 'NONE', ( #732, #2081, #947, #1489 ) ) ;
#286 = ORIENTED_EDGE ( 'NONE', *, *, #1298, .T. ) ;
#287 = EDGE_CURVE ( 'NONE', #1668, #1758, #607, .T. ) ;
#288 = VERTEX_POINT ( 'NONE', #2902 ) ;
#289 =( LENGTH_UNIT ( ) NAMED_UNIT ( * ) SI_UNIT ( .MILLI., .METRE. ) );
#290 = DIRECTION ( 'NONE',  ( 0.0000000000000000000, 0.0000000000000000000, -1.000000000000000000 ) ) ;
#291 = ORIENTED_EDGE ( 'NONE', *, *, #1973, .T. ) ;
#292 = SURFACE_STYLE_FILL_AREA ( #1517 ) ;
#293 = DIRECTION ( 'NONE',  ( 0.2746459304916892800, 0.9615454294334481200, 0.0000000000000000000 ) ) ;
#294 = ORIENTED_EDGE ( 'NONE', *, *, #1773, .T. ) ;
#295 = SURFACE_STYLE_FILL_AREA ( #438 ) ;
#296 = ADVANCED_FACE ( 'NONE', ( #1825 ), #51, .F. ) ;
#297 = VERTEX_POINT ( 'NONE', #966 ) ;
#298 = PLANE ( 'NONE',  #1933 ) ;
#299 = ORIENTED_EDGE ( 'NONE', *, *, #2623, .F. ) ;
#300 =( NAMED_UNIT ( * ) PLANE_ANGLE_UNIT ( ) SI_UNIT ( $, .RADIAN. ) );
#301 = DIRECTION ( 'NONE',  ( 0.0000000000000000000, -1.000000000000000000, 0.0000000000000000000 ) ) ;
#302 = EDGE_CURVE ( 'NONE', #1105, #2255, #680, .T. ) ;
#303 = VECTOR ( 'NONE', #2545, 1000.000000000000000 ) ;
#304 = CARTESIAN_POINT ( 'NONE',  ( 2.750000000000000400, 1.683889348827610800E-016, 5.099999999999999600 ) ) ;
#305 = FACE_OUTER_BOUND ( 'NONE', #806, .T. ) ;
#306 = DIRECTION ( 'NONE',  ( 1.000000000000000000, 0.0000000000000000000, 0.0000000000000000000 ) ) ;
#307 = DIRECTION ( 'NONE',  ( 1.000000000000000000, 0.0000000000000000000, 0.0000000000000000000 ) ) ;
#308 = CIRCLE ( 'NONE', #1015, 0.2750000000000000800 ) ;
#309 = ADVANCED_FACE ( 'NONE', ( #1483 ), #62, .F. ) ;
#310 = DIRECTION ( 'NONE',  ( 0.2740217765954066100, 0.9617234872620595800, 0.0000000000000000000 ) ) ;
#311 = DIRECTION ( 'NONE',  ( -1.000000000000000000, 0.0000000000000000000, -0.0000000000000000000 ) ) ;
#312 = ORIENTED_EDGE ( 'NONE', *, *, #593, .F. ) ;
#313 = CARTESIAN_POINT ( 'NONE',  ( 1.249999999999999800, 0.7500000000000000000, 2.550000000000000300 ) ) ;
#314 = ORIENTED_EDGE ( 'NONE', *, *, #2607, .T. ) ;
#315 = CARTESIAN_POINT ( 'NONE',  ( 5.184483071133123600, 4.346029999999974100, 5.099999999999999600 ) ) ;
#316 = ORIENTED_EDGE ( 'NONE', *, *, #2999, .F. ) ;
#317 = DIRECTION ( 'NONE',  ( 0.9999960426590096500, -0.002813301676021315100, 0.0000000000000000000 ) ) ;
#318 = UNCERTAINTY_MEASURE_WITH_UNIT (LENGTH_MEASURE( 1.000000000000000100E-005 ), #2578, 'distance_accuracy_value', 'NONE');
#319 = VECTOR ( 'NONE', #1670, 1000.000000000000000 ) ;
#320 = ORIENTED_EDGE ( 'NONE', *, *, #1905, .T. ) ;
#321 = STYLED_ITEM ( 'NONE', ( #1505 ), #2181 ) ;
#322 = EDGE_CURVE ( 'NONE', #2651, #652, #1892, .T. ) ;
#323 = ORIENTED_EDGE ( 'NONE', *, *, #1973, .F. ) ;
#324 = ADVANCED_FACE ( 'NONE', ( #2332 ), #1732, .F. ) ;
#325 = LINE ( 'NONE', #2266, #1683 ) ;
#326 = MECHANICAL_DESIGN_GEOMETRIC_PRESENTATION_REPRESENTATION (  '', ( #2821 ), #178 ) ;
#327 = PLANE ( 'NONE',  #2122 ) ;
#328 = ORIENTED_EDGE ( 'NONE', *, *, #2281, .F. ) ;
#329 = DIRECTION ( 'NONE',  ( -0.0000000000000000000, -0.0000000000000000000, -1.000000000000000000 ) ) ;
#330 = VERTEX_POINT ( 'NONE', #85 ) ;
#331 = LINE ( 'NONE', #1297, #2998 ) ;
#332 = ORIENTED_EDGE ( 'NONE', *, *, #1815, .F. ) ;
#333 = LINE ( 'NONE', #50, #587 ) ;
#334 =( NAMED_UNIT ( * ) PLANE_ANGLE_UNIT ( ) SI_UNIT ( $, .RADIAN. ) );
#335 = ADVANCED_FACE ( 'NONE', ( #1971 ), #1255, .F. ) ;
#336 = CARTESIAN_POINT ( 'NONE',  ( 5.379376250857569100, 5.023893000371751700, 5.099999999999999600 ) ) ;
#337 = PRESENTATION_STYLE_ASSIGNMENT (( #1121 ) ) ;
#338 = EDGE_CURVE ( 'NONE', #2495, #989, #759, .T. ) ;
#339 = SURFACE_STYLE_FILL_AREA ( #563 ) ;
#340 = DIRECTION ( 'NONE',  ( -1.000000000000000000, 0.0000000000000000000, 0.0000000000000000000 ) ) ;
#341 = EDGE_CURVE ( 'NONE', #184, #562, #2443, .T. ) ;
#342 = VECTOR ( 'NONE', #702, 1000.000000000000000 ) ;
#343 = VECTOR ( 'NONE', #2368, 1000.000000000000000 ) ;
#344 = CARTESIAN_POINT ( 'NONE',  ( 7.500000000000000000, 9.599999999999999600, 0.0000000000000000000 ) ) ;
#345 = ORIENTED_EDGE ( 'NONE', *, *, #355, .F. ) ;
#346 = PRESENTATION_LAYER_ASSIGNMENT (  '', '', ( #1309 ) ) ;
#347 = SURFACE_STYLE_USAGE ( .BOTH. , #2027 ) ;
#348 = LINE ( 'NONE', #97, #2912 ) ;
#349 = ORIENTED_EDGE ( 'NONE', *, *, #2591, .T. ) ;
#350 = LINE ( 'NONE', #2268, #2650 ) ;
#351 = VERTEX_POINT ( 'NONE', #2835 ) ;
#352 = ADVANCED_FACE ( 'NONE', ( #353 ), #2601, .F. ) ;
#353 = FACE_OUTER_BOUND ( 'NONE', #1606, .T. ) ;
#354 = VERTEX_POINT ( 'NONE', #1900 ) ;
#355 = EDGE_CURVE ( 'NONE', #808, #1101, #723, .T. ) ;
#356 = ORIENTED_EDGE ( 'NONE', *, *, #142, .F. ) ;
#357 = DIRECTION ( 'NONE',  ( 0.2793947940878294700, 0.9601763114327593900, 0.0000000000000000000 ) ) ;
#358 = DIRECTION ( 'NONE',  ( 0.0000000000000000000, 0.0000000000000000000, 1.000000000000000000 ) ) ;
#359 = COLOUR_RGB ( '',0.4980392156862745200, 0.4980392156862745200, 0.4980392156862745200 ) ;
#360 = ORIENTED_EDGE ( 'NONE', *, *, #265, .F. ) ;
#361 = EDGE_CURVE ( 'NONE', #1833, #2590, #2796, .T. ) ;
#362 = CARTESIAN_POINT ( 'NONE',  ( 2.224986679108016800, 4.802161778192812300, 5.104999999999999500 ) ) ;
#363 = ORIENTED_EDGE ( 'NONE', *, *, #925, .F. ) ;
#364 = EDGE_LOOP ( 'NONE', ( #2853, #2065, #1702, #2114 ) ) ;
#365 = AXIS2_PLACEMENT_3D ( 'NONE', #2302, #3033, #290 ) ;
#366 = DIRECTION ( 'NONE',  ( 0.0000000000000000000, 0.0000000000000000000, 1.000000000000000000 ) ) ;
#367 = ORIENTED_EDGE ( 'NONE', *, *, #2317, .F. ) ;
#368 = ADVANCED_FACE ( 'NONE', ( #1752 ), #2913, .F. ) ;
#369 =( LENGTH_UNIT ( ) NAMED_UNIT ( * ) SI_UNIT ( .MILLI., .METRE. ) );
#370 = ORIENTED_EDGE ( 'NONE', *, *, #2231, .F. ) ;
#371 = SURFACE_SIDE_STYLE ('',( #375 ) ) ;
#372 = VECTOR ( 'NONE', #241, 1000.000000000000000 ) ;
#373 = CARTESIAN_POINT ( 'NONE',  ( 1.249999999999999800, -19.00000000000000000, 2.550000000000000300 ) ) ;
#374 = CARTESIAN_POINT ( 'NONE',  ( 5.848623999089540800, 5.023874740887651000, 5.099999999999999600 ) ) ;
#375 = SURFACE_STYLE_FILL_AREA ( #2556 ) ;
#376 = PLANE ( 'NONE',  #951 ) ;
#377 = EDGE_CURVE ( 'NONE', #639, #1149, #111, .T. ) ;
#378 =( LENGTH_UNIT ( ) NAMED_UNIT ( * ) SI_UNIT ( .MILLI., .METRE. ) );
#379 = LINE ( 'NONE', #906, #859 ) ;
#380 = MECHANICAL_DESIGN_GEOMETRIC_PRESENTATION_REPRESENTATION (  '', ( #1738 ), #1278 ) ;
#381 = ORIENTED_EDGE ( 'NONE', *, *, #2207, .T. ) ;
#382 = DIRECTION ( 'NONE',  ( 0.0000000000000000000, 0.0000000000000000000, -1.000000000000000000 ) ) ;
#383 = VECTOR ( 'NONE', #1107, 1000.000000000000000 ) ;
#384 = ORIENTED_EDGE ( 'NONE', *, *, #2264, .T. ) ;
#385 = ORIENTED_EDGE ( 'NONE', *, *, #38, .F. ) ;
#386 = SURFACE_SIDE_STYLE ('',( #117 ) ) ;
#387 = ORIENTED_EDGE ( 'NONE', *, *, #2962, .F. ) ;
#388 = EDGE_CURVE ( 'NONE', #288, #1374, #643, .T. ) ;
#389 = LINE ( 'NONE', #2052, #1179 ) ;
#390 =( LENGTH_UNIT ( ) NAMED_UNIT ( * ) SI_UNIT ( .MILLI., .METRE. ) );
#391 = ORIENTED_EDGE ( 'NONE', *, *, #472, .F. ) ;
#392 = LINE ( 'NONE', #1674, #1029 ) ;
#393 = EDGE_CURVE ( 'NONE', #417, #780, #1093, .T. ) ;
#394 = ORIENTED_EDGE ( 'NONE', *, *, #3057, .T. ) ;
#395 = LINE ( 'NONE', #404, #2021 ) ;
#396 = PRESENTATION_LAYER_ASSIGNMENT (  '', '', ( #2031 ) ) ;
#397 = SURFACE_SIDE_STYLE ('',( #292 ) ) ;
#398 = FACE_OUTER_BOUND ( 'NONE', #721, .T. ) ;
#399 =( NAMED_UNIT ( * ) SI_UNIT ( $, .STERADIAN. ) SOLID_ANGLE_UNIT ( ) );
#400 = PRESENTATION_STYLE_ASSIGNMENT (( #1560 ) ) ;
#401 = CARTESIAN_POINT ( 'NONE',  ( 2.941970114604301600, 5.026191871431327800, 5.104999999999999500 ) ) ;
#402 =( NAMED_UNIT ( * ) SI_UNIT ( $, .STERADIAN. ) SOLID_ANGLE_UNIT ( ) );
#403 = FACE_OUTER_BOUND ( 'NONE', #161, .T. ) ;
#404 = CARTESIAN_POINT ( 'NONE',  ( 3.811671882742534700, 5.186093679346321000, 5.099999999999999600 ) ) ;
#405 = PRESENTATION_LAYER_ASSIGNMENT (  '', '', ( #321 ) ) ;
#406 = EDGE_CURVE ( 'NONE', #2543, #1291, #1211, .T. ) ;
#407 = ORIENTED_EDGE ( 'NONE', *, *, #195, .T. ) ;
#408 = LINE ( 'NONE', #1579, #2145 ) ;
#409 = DIRECTION ( 'NONE',  ( 1.000000000000000000, 0.0000000000000000000, 0.0000000000000000000 ) ) ;
#410 =( NAMED_UNIT ( * ) SI_UNIT ( $, .STERADIAN. ) SOLID_ANGLE_UNIT ( ) );
#411 = EDGE_LOOP ( 'NONE', ( #1686, #27, #46, #2042 ) ) ;
#412 = LINE ( 'NONE', #1526, #1632 ) ;
#413 = CARTESIAN_POINT ( 'NONE',  ( 4.939735041056652100, 4.346029999999974100, 5.104999999999999500 ) ) ;
#414 = FACE_OUTER_BOUND ( 'NONE', #717, .T. ) ;
#415 = ORIENTED_EDGE ( 'NONE', *, *, #1969, .T. ) ;
#416 = DIRECTION ( 'NONE',  ( 0.2755520632520602200, 0.9612861490927312500, 0.0000000000000000000 ) ) ;
#417 = VERTEX_POINT ( 'NONE', #1508 ) ;
#418 = CARTESIAN_POINT ( 'NONE',  ( 2.958275000000000000, 0.3482480000000001100, 0.0000000000000000000 ) ) ;
#419 = DIRECTION ( 'NONE',  ( -0.0000000000000000000, -1.000000000000000000, -0.0000000000000000000 ) ) ;
#420 = FACE_OUTER_BOUND ( 'NONE', #2374, .T. ) ;
#421 = UNCERTAINTY_MEASURE_WITH_UNIT (LENGTH_MEASURE( 1.000000000000000100E-005 ), #939, 'distance_accuracy_value', 'NONE');
#422 = ORIENTED_EDGE ( 'NONE', *, *, #1569, .F. ) ;
#423 = CLOSED_SHELL ( 'NONE', ( #2282, #1509, #2192, #1762, #277, #55, #815, #2652, #2005, #1775, #564, #296, #335, #2422, #1523, #2451, #2908, #1549, #2891, #741, #2538, #2686, #2941, #1730, #624, #1310, #1614, #1066 ) ) ;
#424 = VECTOR ( 'NONE', #2376, 1000.000000000000000 ) ;
#425 = SURFACE_SIDE_STYLE ('',( #491 ) ) ;
#426 = EDGE_CURVE ( 'NONE', #713, #671, #1859, .T. ) ;
#427 = ORIENTED_EDGE ( 'NONE', *, *, #2100, .F. ) ;
#428 = CARTESIAN_POINT ( 'NONE',  ( 3.412786569584181700, 4.346029999999974100, 5.099999999999999600 ) ) ;
#429 = VERTEX_POINT ( 'NONE', #1986 ) ;
#430 = PRESENTATION_STYLE_ASSIGNMENT (( #347 ) ) ;
#431 = EDGE_CURVE ( 'NONE', #183, #1043, #2108, .T. ) ;
#432 = CARTESIAN_POINT ( 'NONE',  ( 3.324711711409868100, 5.026191871431327800, 5.104999999999999500 ) ) ;
#433 = ORIENTED_EDGE ( 'NONE', *, *, #446, .F. ) ;
#434 = LINE ( 'NONE', #1266, #2501 ) ;
#435 = DIRECTION ( 'NONE',  ( -1.002616505299178800E-015, 1.000000000000000000, 0.0000000000000000000 ) ) ;
#436 = CARTESIAN_POINT ( 'NONE',  ( 4.206272566987165900, 5.097518177467639700, 5.099999999999999600 ) ) ;
#437 = CARTESIAN_POINT ( 'NONE',  ( 5.009707567470528900, 4.714641202699571200, 5.099999999999999600 ) ) ;
#438 = FILL_AREA_STYLE ('',( #227 ) ) ;
#439 = PRESENTATION_STYLE_ASSIGNMENT (( #1664 ) ) ;
#440 = CARTESIAN_POINT ( 'NONE',  ( 4.749999999999999100, 1.683889348827610800E-016, 4.850000024999999900 ) ) ;
#441 = LINE ( 'NONE', #1529, #2903 ) ;
#442 = CARTESIAN_POINT ( 'NONE',  ( 4.985094321338968000, 4.505883276192119700, 5.104999999999999500 ) ) ;
#443 = CARTESIAN_POINT ( 'NONE',  ( 1.975362488086775900, 4.802161778192806100, 5.104999999999999500 ) ) ;
#444 = LINE ( 'NONE', #2152, #521 ) ;
#445 = LINE ( 'NONE', #186, #2910 ) ;
#446 = EDGE_CURVE ( 'NONE', #972, #865, #1131, .T. ) ;
#447 = COLOUR_RGB ( '',0.8980392156862745400, 0.9215686274509803400, 0.9294117647058823800 ) ;
#448 = DIRECTION ( 'NONE',  ( -1.000000000000000000, 0.0000000000000000000, 0.0000000000000000000 ) ) ;
#449 = LINE ( 'NONE', #1766, #1518 ) ;
#450 = ORIENTED_EDGE ( 'NONE', *, *, #2946, .F. ) ;
#451 = DIRECTION ( 'NONE',  ( -0.0000000000000000000, -0.0000000000000000000, -1.000000000000000000 ) ) ;
#452 = EDGE_CURVE ( 'NONE', #1786, #5, #2407, .T. ) ;
#453 = CARTESIAN_POINT ( 'NONE',  ( 4.749999999999999100, 1.683889348827610800E-016, 0.0000000000000000000 ) ) ;
#454 = ORIENTED_EDGE ( 'NONE', *, *, #2661, .F. ) ;
#455 = CARTESIAN_POINT ( 'NONE',  ( 0.0000000000000000000, 0.0000000000000000000, 0.0000000000000000000 ) ) ;
#456 = DIRECTION ( 'NONE',  ( 0.0000000000000000000, 0.0000000000000000000, 1.000000000000000000 ) ) ;
#457 = VECTOR ( 'NONE', #2888, 1000.000000000000000 ) ;
#458 = ORIENTED_EDGE ( 'NONE', *, *, #1465, .T. ) ;
#459 = AXIS2_PLACEMENT_3D ( 'NONE', #1143, #2371, #2794 ) ;
#460 = EDGE_LOOP ( 'NONE', ( #1930, #2305, #1216, #752 ) ) ;
#461 =( NAMED_UNIT ( * ) PLANE_ANGLE_UNIT ( ) SI_UNIT ( $, .RADIAN. ) );
#462 = EDGE_LOOP ( 'NONE', ( #608, #3027, #788, #899 ) ) ;
#463 = CARTESIAN_POINT ( 'NONE',  ( 5.895242917025603500, 5.186093679346321000, 5.104999999999999500 ) ) ;
#464 = EDGE_LOOP ( 'NONE', ( #210, #536, #391, #1889 ) ) ;
#465 = FACE_OUTER_BOUND ( 'NONE', #1940, .T. ) ;
#466 = SURFACE_STYLE_USAGE ( .BOTH. , #22 ) ;
#467 = ORIENTED_EDGE ( 'NONE', *, *, #1656, .T. ) ;
#468 = CARTESIAN_POINT ( 'NONE',  ( 1.249999999999999800, -19.00000000000000000, 2.550000000000000300 ) ) ;
#469 = VECTOR ( 'NONE', #1282, 1000.000000000000000 ) ;
#470 = CARTESIAN_POINT ( 'NONE',  ( 2.941970114604301600, 5.026191871431327800, 5.104999999999999500 ) ) ;
#471 = MECHANICAL_DESIGN_GEOMETRIC_PRESENTATION_REPRESENTATION (  '', ( #670 ), #995 ) ;
#472 = EDGE_CURVE ( 'NONE', #354, #184, #2955, .T. ) ;
#473 = VERTEX_POINT ( 'NONE', #2427 ) ;
#474 = FACE_OUTER_BOUND ( 'NONE', #1939, .T. ) ;
#475 = AXIS2_PLACEMENT_3D ( 'NONE', #266, #2638, #1222 ) ;
#476 =( GEOMETRIC_REPRESENTATION_CONTEXT ( 3 ) GLOBAL_UNCERTAINTY_ASSIGNED_CONTEXT ( ( #507 ) ) GLOBAL_UNIT_ASSIGNED_CONTEXT ( ( #1780, #334, #1789 ) ) REPRESENTATION_CONTEXT ( 'NONE', 'WORKASPACE' ) );
#477 = VECTOR ( 'NONE', #2823, 1000.000000000000100 ) ;
#478 = DIRECTION ( 'NONE',  ( -0.0000000000000000000, 1.000000000000000000, -0.0000000000000000000 ) ) ;
#479 = DIRECTION ( 'NONE',  ( 0.0000000000000000000, 1.000000000000000000, 0.0000000000000000000 ) ) ;
#480 = VECTOR ( 'NONE', #2288, 1000.000000000000100 ) ;
#481 = DIRECTION ( 'NONE',  ( 0.0000000000000000000, 0.0000000000000000000, 1.000000000000000000 ) ) ;
#482 = APPLICATION_CONTEXT ( 'automotive_design' ) ;
#483 = CARTESIAN_POINT ( 'NONE',  ( 3.990469877836536000, 4.346029999999974100, 5.104999999999999500 ) ) ;
#484 = VECTOR ( 'NONE', #2009, 1000.000000000000000 ) ;
#485 = UNCERTAINTY_MEASURE_WITH_UNIT (LENGTH_MEASURE( 1.000000000000000100E-005 ), #84, 'distance_accuracy_value', 'NONE');
#486 = LINE ( 'NONE', #1873, #2064 ) ;
#487 = CARTESIAN_POINT ( 'NONE',  ( 4.206272566987165900, 5.097518177467639700, 5.104999999999999500 ) ) ;
#488 = CARTESIAN_POINT ( 'NONE',  ( 3.453918482094853600, 5.186093679346321000, 5.104999999999999500 ) ) ;
#489 = ORIENTED_EDGE ( 'NONE', *, *, #629, .F. ) ;
#490 = CARTESIAN_POINT ( 'NONE',  ( 7.250000024999999400, 0.7500000000000000000, 4.850000025000000800 ) ) ;
#491 = SURFACE_STYLE_FILL_AREA ( #2091 ) ;
#492 = EDGE_CURVE ( 'NONE', #840, #1910, #2259, .T. ) ;
#493 = ORIENTED_EDGE ( 'NONE', *, *, #15, .F. ) ;
#494 = VECTOR ( 'NONE', #1554, 1000.000000000000000 ) ;
#495 = VERTEX_POINT ( 'NONE', #2221 ) ;
#496 = AXIS2_PLACEMENT_3D ( 'NONE', #1852, #2321, #2769 ) ;
#497 = CARTESIAN_POINT ( 'NONE',  ( 3.585605478546084700, 4.346029999999974100, 5.104999999999999500 ) ) ;
#498 = VECTOR ( 'NONE', #276, 999.9999999999998900 ) ;
#499 = ORIENTED_EDGE ( 'NONE', *, *, #56, .T. ) ;
#500 = DIRECTION ( 'NONE',  ( -0.0000000000000000000, -0.0000000000000000000, -1.000000000000000000 ) ) ;
#501 = ORIENTED_EDGE ( 'NONE', *, *, #734, .F. ) ;
#502 = CARTESIAN_POINT ( 'NONE',  ( 3.412786569584181700, 4.346029999999974100, 5.104999999999999500 ) ) ;
#503 = VERTEX_POINT ( 'NONE', #1519 ) ;
#504 = ADVANCED_FACE ( 'NONE', ( #414 ), #298, .F. ) ;
#505 = ORIENTED_EDGE ( 'NONE', *, *, #2962, .T. ) ;
#506 = VECTOR ( 'NONE', #125, 1000.000000000000000 ) ;
#507 = UNCERTAINTY_MEASURE_WITH_UNIT (LENGTH_MEASURE( 1.000000000000000100E-005 ), #1780, 'distance_accuracy_value', 'NONE');
#508 = CARTESIAN_POINT ( 'NONE',  ( 4.749999999999999100, 1.683889348827610800E-016, 5.099999999999999600 ) ) ;
#509 = DIRECTION ( 'NONE',  ( -0.5132742654133490800, -0.8582246375305168100, -0.0000000000000000000 ) ) ;
#510 = ORIENTED_EDGE ( 'NONE', *, *, #2286, .T. ) ;
#511 = CARTESIAN_POINT ( 'NONE',  ( 5.054065561692001800, 4.869912062582796100, 5.104999999999999500 ) ) ;
#512 = CARTESIAN_POINT ( 'NONE',  ( 0.0000000000000000000, 0.0000000000000000000, 0.0000000000000000000 ) ) ;
#513 = EDGE_CURVE ( 'NONE', #224, #1218, #2723, .T. ) ;
#514 = ORIENTED_EDGE ( 'NONE', *, *, #2799, .T. ) ;
#515 =( NAMED_UNIT ( * ) PLANE_ANGLE_UNIT ( ) SI_UNIT ( $, .RADIAN. ) );
#516 = MECHANICAL_DESIGN_GEOMETRIC_PRESENTATION_REPRESENTATION (  '', ( #321 ), #1655 ) ;
#517 = AXIS2_PLACEMENT_3D ( 'NONE', #2357, #1416, #887 ) ;
#518 = ADVANCED_FACE ( 'NONE', ( #2482 ), #59, .F. ) ;
#519 = DIRECTION ( 'NONE',  ( 0.0000000000000000000, 0.0000000000000000000, -1.000000000000000000 ) ) ;
#520 = CARTESIAN_POINT ( 'NONE',  ( 2.749516292503984400, 5.186093679346321000, 5.104999999999999500 ) ) ;
#521 = VECTOR ( 'NONE', #700, 1000.000000000000000 ) ;
#522 = FILL_AREA_STYLE ('',( #1247 ) ) ;
#523 = FACE_OUTER_BOUND ( 'NONE', #2050, .T. ) ;
#524 = LINE ( 'NONE', #2351, #825 ) ;
#525 = DIRECTION ( 'NONE',  ( -0.0000000000000000000, -0.0000000000000000000, -1.000000000000000000 ) ) ;
#526 = DIRECTION ( 'NONE',  ( -0.2793947940814923700, -0.9601763114346033600, 0.0000000000000000000 ) ) ;
#527 = CARTESIAN_POINT ( 'NONE',  ( 5.184483071133123600, 4.346029999999974100, 5.104999999999999500 ) ) ;
#528 = PRESENTATION_STYLE_ASSIGNMENT (( #2053 ) ) ;
#529 = ORIENTED_EDGE ( 'NONE', *, *, #2425, .F. ) ;
#530 = VECTOR ( 'NONE', #744, 1000.000000000000200 ) ;
#531 = ORIENTED_EDGE ( 'NONE', *, *, #2719, .F. ) ;
#532 = ADVANCED_FACE ( 'NONE', ( #2839 ), #771, .F. ) ;
#533 = VERTEX_POINT ( 'NONE', #1242 ) ;
#534 = MECHANICAL_DESIGN_GEOMETRIC_PRESENTATION_REPRESENTATION (  '', ( #1409 ), #1890 ) ;
#535 = CARTESIAN_POINT ( 'NONE',  ( 2.896503553671502900, 4.869940159897062400, 5.099999999999999600 ) ) ;
#536 = ORIENTED_EDGE ( 'NONE', *, *, #3053, .F. ) ;
#537 = CARTESIAN_POINT ( 'NONE',  ( 4.739023163253611900, 5.026163774117507400, 5.104999999999999500 ) ) ;
#538 = PRESENTATION_STYLE_ASSIGNMENT (( #2066 ) ) ;
#539 = MECHANICAL_DESIGN_GEOMETRIC_PRESENTATION_REPRESENTATION (  '', ( #1309 ), #1744 ) ;
#540 = CARTESIAN_POINT ( 'NONE',  ( 3.750000000000000000, 0.3482480000000002200, 0.0000000000000000000 ) ) ;
#541 = ORIENTED_EDGE ( 'NONE', *, *, #426, .F. ) ;
#542 = CARTESIAN_POINT ( 'NONE',  ( 2.507779782839484600, 4.346029999999973200, 5.099999999999999600 ) ) ;
#543 = VERTEX_POINT ( 'NONE', #1270 ) ;
#544 = DIRECTION ( 'NONE',  ( 0.0000000000000000000, 0.0000000000000000000, 1.000000000000000000 ) ) ;
#545 = FILL_AREA_STYLE_COLOUR ( '', #755 ) ;
#546 = VERTEX_POINT ( 'NONE', #2655 ) ;
#547 = ADVANCED_FACE ( 'NONE', ( #213 ), #2464, .F. ) ;
#548 = VECTOR ( 'NONE', #357, 1000.000000000000100 ) ;
#549 = CARTESIAN_POINT ( 'NONE',  ( 3.370127186319229900, 5.186093679346321000, 5.099999999999999600 ) ) ;
#550 = EDGE_CURVE ( 'NONE', #581, #675, #1124, .T. ) ;
#551 = VECTOR ( 'NONE', #1658, 1000.000000000000100 ) ;
#552 = PLANE ( 'NONE',  #2616 ) ;
#553 = EDGE_CURVE ( 'NONE', #2243, #1043, #2106, .T. ) ;
#554 = DIRECTION ( 'NONE',  ( 1.000000000000000000, 0.0000000000000000000, 0.0000000000000000000 ) ) ;
#555 = SURFACE_STYLE_FILL_AREA ( #2626 ) ;
#556 = LINE ( 'NONE', #1325, #1844 ) ;
#557 = PRODUCT_DEFINITION ( 'UNKNOWN', '', #2417, #1091 ) ;
#558 = MECHANICAL_DESIGN_GEOMETRIC_PRESENTATION_REPRESENTATION (  '', ( #2031 ), #722 ) ;
#559 = DIRECTION ( 'NONE',  ( -0.9999960426590096500, 0.002813301676021314700, 0.0000000000000000000 ) ) ;
#560 = LINE ( 'NONE', #197, #3004 ) ;
#561 = LINE ( 'NONE', #2579, #1201 ) ;
#562 = VERTEX_POINT ( 'NONE', #1042 ) ;
#563 = FILL_AREA_STYLE ('',( #838 ) ) ;
#564 = ADVANCED_FACE ( 'NONE', ( #146 ), #1295, .F. ) ;
#565 = LINE ( 'NONE', #437, #2402 ) ;
#566 = FILL_AREA_STYLE_COLOUR ( '', #1 ) ;
#567 = FACE_OUTER_BOUND ( 'NONE', #2401, .T. ) ;
#568 = ORIENTED_EDGE ( 'NONE', *, *, #1010, .F. ) ;
#569 = VECTOR ( 'NONE', #737, 1000.000000000000200 ) ;
#570 = EDGE_CURVE ( 'NONE', #2619, #2659, #350, .T. ) ;
#571 = CARTESIAN_POINT ( 'NONE',  ( 2.941970114604301600, 5.026191871431327800, 5.104999999999999500 ) ) ;
#572 = DIRECTION ( 'NONE',  ( 0.2745159998572630500, 0.9615825319869153500, 0.0000000000000000000 ) ) ;
#573 = ORIENTED_EDGE ( 'NONE', *, *, #1369, .T. ) ;
#574 = STYLED_ITEM ( 'NONE', ( #538 ), #2891 ) ;
#575 = FILL_AREA_STYLE_COLOUR ( '', #2270 ) ;
#576 = VERTEX_POINT ( 'NONE', #1070 ) ;
#577 = DIRECTION ( 'NONE',  ( -0.0000000000000000000, -0.0000000000000000000, -1.000000000000000000 ) ) ;
#578 = UNCERTAINTY_MEASURE_WITH_UNIT (LENGTH_MEASURE( 1.000000000000000100E-005 ), #824, 'distance_accuracy_value', 'NONE');
#579 = ORIENTED_EDGE ( 'NONE', *, *, #2425, .T. ) ;
#580 = DIRECTION ( 'NONE',  ( -0.05596501978069369500, -0.9984327301130239100, 0.0000000000000000000 ) ) ;
#581 = VERTEX_POINT ( 'NONE', #344 ) ;
#582 = VECTOR ( 'NONE', #1449, 1000.000000000000000 ) ;
#583 = EDGE_LOOP ( 'NONE', ( #1381, #828, #2198, #614 ) ) ;
#584 = ORIENTED_EDGE ( 'NONE', *, *, #2820, .F. ) ;
#585 = CARTESIAN_POINT ( 'NONE',  ( 0.5000000000000000000, 9.599999999999999600, 5.099999999999999600 ) ) ;
#586 = CARTESIAN_POINT ( 'NONE',  ( 5.009707567470528900, 4.714641202699571200, 5.104999999999999500 ) ) ;
#587 = VECTOR ( 'NONE', #1914, 1000.000000000000000 ) ;
#588 = PRODUCT_DEFINITION_SHAPE ( 'NONE', 'NONE',  #557 ) ;
#589 = DIRECTION ( 'NONE',  ( 0.0000000000000000000, 0.0000000000000000000, 1.000000000000000000 ) ) ;
#590 = EDGE_CURVE ( 'NONE', #1795, #1833, #941, .T. ) ;
#591 = DIRECTION ( 'NONE',  ( -0.0000000000000000000, -0.0000000000000000000, 1.000000000000000000 ) ) ;
#592 = ADVANCED_FACE ( 'NONE', ( #1402 ), #2953, .T. ) ;
#593 = EDGE_CURVE ( 'NONE', #1981, #2550, #412, .T. ) ;
#594 = CARTESIAN_POINT ( 'NONE',  ( 0.0000000000000000000, 0.0000000000000000000, 0.0000000000000000000 ) ) ;
#595 = AXIS2_PLACEMENT_3D ( 'NONE', #883, #3019, #1621 ) ;
#596 = DIRECTION ( 'NONE',  ( 0.2755265765475025700, 0.9612934544747576700, 0.0000000000000000000 ) ) ;
#597 = FACE_OUTER_BOUND ( 'NONE', #2555, .T. ) ;
#598 = VERTEX_POINT ( 'NONE', #2256 ) ;
#599 = LINE ( 'NONE', #1373, #280 ) ;
#600 = FACE_OUTER_BOUND ( 'NONE', #2385, .T. ) ;
#601 = ORIENTED_EDGE ( 'NONE', *, *, #452, .T. ) ;
#602 = CARTESIAN_POINT ( 'NONE',  ( 2.750000000000000400, 1.683889348827610800E-016, 4.850000024999999900 ) ) ;
#603 = VERTEX_POINT ( 'NONE', #1810 ) ;
#604 =( LENGTH_UNIT ( ) NAMED_UNIT ( * ) SI_UNIT ( .MILLI., .METRE. ) );
#605 = CARTESIAN_POINT ( 'NONE',  ( 3.779365435797723500, 4.585941393327298800, 5.104999999999999500 ) ) ;
#606 = EDGE_CURVE ( 'NONE', #963, #2568, #901, .T. ) ;
#607 = LINE ( 'NONE', #1966, #2447 ) ;
#608 = ORIENTED_EDGE ( 'NONE', *, *, #1735, .T. ) ;
#609 = CARTESIAN_POINT ( 'NONE',  ( 2.852196645472536500, 4.714641202701255200, 5.099999999999999600 ) ) ;
#610 = ORIENTED_EDGE ( 'NONE', *, *, #1870, .F. ) ;
#611 = EDGE_CURVE ( 'NONE', #692, #503, #1555, .T. ) ;
#612 =( NAMED_UNIT ( * ) PLANE_ANGLE_UNIT ( ) SI_UNIT ( $, .RADIAN. ) );
#613 = UNCERTAINTY_MEASURE_WITH_UNIT (LENGTH_MEASURE( 1.000000000000000100E-005 ), #2006, 'distance_accuracy_value', 'NONE');
#614 = ORIENTED_EDGE ( 'NONE', *, *, #1049, .F. ) ;
#615 = VECTOR ( 'NONE', #2176, 1000.000000000000000 ) ;
#616 = STYLED_ITEM ( 'NONE', ( #2217 ), #1359 ) ;
#617 = DIRECTION ( 'NONE',  ( -0.0000000000000000000, -0.0000000000000000000, -1.000000000000000000 ) ) ;
#618 = CARTESIAN_POINT ( 'NONE',  ( 4.203943044314760500, 4.346029999999974100, 5.099999999999999600 ) ) ;
#619 = ORIENTED_EDGE ( 'NONE', *, *, #1709, .T. ) ;
#620 = LINE ( 'NONE', #2632, #469 ) ;
#621 = CARTESIAN_POINT ( 'NONE',  ( 2.414056052151339700, 4.346029999999974100, 5.099999999999999600 ) ) ;
#622 =( LENGTH_UNIT ( ) NAMED_UNIT ( * ) SI_UNIT ( .MILLI., .METRE. ) );
#623 = ORIENTED_EDGE ( 'NONE', *, *, #1815, .T. ) ;
#624 = ADVANCED_FACE ( 'NONE', ( #567 ), #1284, .T. ) ;
#625 = DIRECTION ( 'NONE',  ( 1.000000000000000000, 0.0000000000000000000, 0.0000000000000000000 ) ) ;
#626 = CARTESIAN_POINT ( 'NONE',  ( 4.541724999999999600, 0.3482480000000001100, 0.0000000000000000000 ) ) ;
#627 = LINE ( 'NONE', #2236, #817 ) ;
#628 = AXIS2_PLACEMENT_3D ( 'NONE', #822, #2717, #589 ) ;
#629 = EDGE_CURVE ( 'NONE', #1218, #2633, #1367, .T. ) ;
#630 = UNCERTAINTY_MEASURE_WITH_UNIT (LENGTH_MEASURE( 1.000000000000000100E-005 ), #622, 'distance_accuracy_value', 'NONE');
#631 =( NAMED_UNIT ( * ) SI_UNIT ( $, .STERADIAN. ) SOLID_ANGLE_UNIT ( ) );
#632 = FACE_OUTER_BOUND ( 'NONE', #2663, .T. ) ;
#633 = AXIS2_PLACEMENT_3D ( 'NONE', #801, #1770, #126 ) ;
#634 = ORIENTED_EDGE ( 'NONE', *, *, #2570, .T. ) ;
#635 = PLANE ( 'NONE',  #60 ) ;
#636 = DIRECTION ( 'NONE',  ( -0.8582246375305168100, 0.5132742654133490800, 0.0000000000000000000 ) ) ;
#637 = FILL_AREA_STYLE ('',( #2059 ) ) ;
#638 = LINE ( 'NONE', #1375, #791 ) ;
#639 = VERTEX_POINT ( 'NONE', #605 ) ;
#640 = CARTESIAN_POINT ( 'NONE',  ( 7.499999999999999100, 9.892893218813448200, 5.099999999999999600 ) ) ;
#641 = VECTOR ( 'NONE', #3023, 1000.000000000000000 ) ;
#642 = ORIENTED_EDGE ( 'NONE', *, *, #2164, .T. ) ;
#643 = LINE ( 'NONE', #1977, #569 ) ;
#644 = ORIENTED_EDGE ( 'NONE', *, *, #690, .F. ) ;
#645 = CARTESIAN_POINT ( 'NONE',  ( 7.250000024999999400, 0.0000000000000000000, 4.850000025000000800 ) ) ;
#646 = CARTESIAN_POINT ( 'NONE',  ( 5.895242917025603500, 5.186093679346321000, 5.104999999999999500 ) ) ;
#647 = ORIENTED_EDGE ( 'NONE', *, *, #287, .F. ) ;
#648 = SURFACE_STYLE_USAGE ( .BOTH. , #425 ) ;
#649 = EDGE_CURVE ( 'NONE', #2994, #2693, #32, .T. ) ;
#650 = LINE ( 'NONE', #2540, #2301 ) ;
#651 = CARTESIAN_POINT ( 'NONE',  ( 2.086364754964133500, 5.186093679346321000, 5.104999999999999500 ) ) ;
#652 = VERTEX_POINT ( 'NONE', #374 ) ;
#653 = PRESENTATION_LAYER_ASSIGNMENT (  '', '', ( #2628 ) ) ;
#654 = EDGE_CURVE ( 'NONE', #2706, #2243, #2327, .T. ) ;
#655 = DIRECTION ( 'NONE',  ( -0.0000000000000000000, -0.0000000000000000000, -1.000000000000000000 ) ) ;
#656 = VERTEX_POINT ( 'NONE', #2067 ) ;
#657 = DIRECTION ( 'NONE',  ( -1.000000000000000000, 1.104435275910379600E-013, 0.0000000000000000000 ) ) ;
#658 = ORIENTED_EDGE ( 'NONE', *, *, #2264, .F. ) ;
#659 = MECHANICAL_DESIGN_GEOMETRIC_PRESENTATION_REPRESENTATION (  '', ( #1352 ), #2153 ) ;
#660 = FILL_AREA_STYLE_COLOUR ( '', #1478 ) ;
#661 =( NAMED_UNIT ( * ) SI_UNIT ( $, .STERADIAN. ) SOLID_ANGLE_UNIT ( ) );
#662 = FACE_OUTER_BOUND ( 'NONE', #2457, .T. ) ;
#663 = ORIENTED_EDGE ( 'NONE', *, *, #1044, .F. ) ;
#664 = FACE_OUTER_BOUND ( 'NONE', #1797, .T. ) ;
#665 = CARTESIAN_POINT ( 'NONE',  ( 2.750000000000000400, 1.683889348827610800E-016, 0.2499999749999998700 ) ) ;
#666 = VECTOR ( 'NONE', #1816, 1000.000000000000000 ) ;
#667 = EDGE_CURVE ( 'NONE', #1172, #2243, #408, .T. ) ;
#668 = DIRECTION ( 'NONE',  ( -0.2732148821746285800, -0.9619530280415482500, 0.0000000000000000000 ) ) ;
#669 = CARTESIAN_POINT ( 'NONE',  ( 2.792706971083416300, 4.505852624580094300, 5.099999999999999600 ) ) ;
#670 = STYLED_ITEM ( 'NONE', ( #3038 ), #2192 ) ;
#671 = VERTEX_POINT ( 'NONE', #165 ) ;
#672 = VECTOR ( 'NONE', #2039, 1000.000000000000000 ) ;
#673 = VECTOR ( 'NONE', #1726, 1000.000000000000000 ) ;
#674 = CARTESIAN_POINT ( 'NONE',  ( 7.500000000000000000, 0.0000000000000000000, 5.099999999999999600 ) ) ;
#675 = VERTEX_POINT ( 'NONE', #2992 ) ;
#676 = AXIS2_PLACEMENT_3D ( 'NONE', #1305, #1552, #1802 ) ;
#677 = FACE_OUTER_BOUND ( 'NONE', #1936, .T. ) ;
#678 = EDGE_LOOP ( 'NONE', ( #1139, #415, #87, #294 ) ) ;
#679 = DIRECTION ( 'NONE',  ( 0.2746918797667269900, 0.9615323037684286900, 0.0000000000000000000 ) ) ;
#680 = LINE ( 'NONE', #2672, #530 ) ;
#681 = VERTEX_POINT ( 'NONE', #2308 ) ;
#682 = CARTESIAN_POINT ( 'NONE',  ( 7.500000000000000000, 0.0000000000000000000, 5.099999999999999600 ) ) ;
#683 = ORIENTED_EDGE ( 'NONE', *, *, #629, .T. ) ;
#684 = CARTESIAN_POINT ( 'NONE',  ( 6.999999999999999100, 10.10000000000000000, 0.4999999999999995600 ) ) ;
#685 = CARTESIAN_POINT ( 'NONE',  ( 2.414056052151339700, 4.346029999999974100, 5.104999999999999500 ) ) ;
#686 = ORIENTED_EDGE ( 'NONE', *, *, #2494, .T. ) ;
#687 = DIRECTION ( 'NONE',  ( -0.4668459304955080400, -0.8843386665637680300, 0.0000000000000000000 ) ) ;
#688 = CARTESIAN_POINT ( 'NONE',  ( 5.423785331102479300, 4.346029999999974100, 5.104999999999999500 ) ) ;
#689 = DIRECTION ( 'NONE',  ( 0.0000000000000000000, 0.0000000000000000000, -1.000000000000000000 ) ) ;
#690 = EDGE_CURVE ( 'NONE', #2450, #495, #2544, .T. ) ;
#691 = PLANE ( 'NONE',  #1037 ) ;
#692 = VERTEX_POINT ( 'NONE', #1350 ) ;
#693 =( GEOMETRIC_REPRESENTATION_CONTEXT ( 3 ) GLOBAL_UNCERTAINTY_ASSIGNED_CONTEXT ( ( #630 ) ) GLOBAL_UNIT_ASSIGNED_CONTEXT ( ( #622, #2299, #2500 ) ) REPRESENTATION_CONTEXT ( 'NONE', 'WORKASPACE' ) );
#694 = LINE ( 'NONE', #245, #89 ) ;
#695 =( GEOMETRIC_REPRESENTATION_CONTEXT ( 3 ) GLOBAL_UNCERTAINTY_ASSIGNED_CONTEXT ( ( #2808 ) ) GLOBAL_UNIT_ASSIGNED_CONTEXT ( ( #2964, #1558, #1763 ) ) REPRESENTATION_CONTEXT ( 'NONE', 'WORKASPACE' ) );
#696 = DIRECTION ( 'NONE',  ( -0.0000000000000000000, -0.0000000000000000000, -1.000000000000000000 ) ) ;
#697 = CARTESIAN_POINT ( 'NONE',  ( 3.263257778744498500, 4.346029999999974100, 5.104999999999999500 ) ) ;
#698 = ORIENTED_EDGE ( 'NONE', *, *, #2586, .F. ) ;
#699 = VECTOR ( 'NONE', #2149, 1000.000000000000000 ) ;
#700 = DIRECTION ( 'NONE',  ( -0.0000000000000000000, -0.0000000000000000000, -1.000000000000000000 ) ) ;
#701 = STYLED_ITEM ( 'NONE', ( #337 ), #1730 ) ;
#702 = DIRECTION ( 'NONE',  ( -0.0000000000000000000, 1.000000000000000000, -0.0000000000000000000 ) ) ;
#703 = DIRECTION ( 'NONE',  ( -1.000000000000000000, 0.0000000000000000000, 0.0000000000000000000 ) ) ;
#704 = VECTOR ( 'NONE', #215, 1000.000000000000000 ) ;
#705 = CARTESIAN_POINT ( 'NONE',  ( 4.985094321338968000, 4.505883276192119700, 5.104999999999999500 ) ) ;
#706 = CARTESIAN_POINT ( 'NONE',  ( 1.983676739086863500, 4.827858048026307400, 5.099999999999999600 ) ) ;
#707 = VERTEX_POINT ( 'NONE', #868 ) ;
#708 = EDGE_CURVE ( 'NONE', #2495, #533, #2834, .T. ) ;
#709 = LINE ( 'NONE', #1467, #2361 ) ;
#710 = DIRECTION ( 'NONE',  ( -0.8843386665637680300, 0.4668459304955080400, 0.0000000000000000000 ) ) ;
#711 = DIRECTION ( 'NONE',  ( 0.0000000000000000000, 0.0000000000000000000, -1.000000000000000000 ) ) ;
#712 = DIRECTION ( 'NONE',  ( -0.5132742654133490800, -0.8582246375305168100, 0.0000000000000000000 ) ) ;
#713 = VERTEX_POINT ( 'NONE', #1363 ) ;
#714 = MECHANICAL_DESIGN_GEOMETRIC_PRESENTATION_REPRESENTATION (  '', ( #2534 ), #693 ) ;
#715 = EDGE_CURVE ( 'NONE', #896, #756, #638, .T. ) ;
#716 = VECTOR ( 'NONE', #679, 1000.000000000000100 ) ;
#717 = EDGE_LOOP ( 'NONE', ( #2490, #2237, #2043, #2165 ) ) ;
#718 = DIRECTION ( 'NONE',  ( 0.0000000000000000000, 1.000000000000000000, 0.0000000000000000000 ) ) ;
#719 = DIRECTION ( 'NONE',  ( 0.2762517575166415500, 0.9610853065513833600, 0.0000000000000000000 ) ) ;
#720 = LINE ( 'NONE', #2117, #641 ) ;
#721 = EDGE_LOOP ( 'NONE', ( #214, #2732, #2684, #2377, #489, #1808, #1866, #1132 ) ) ;
#722 =( GEOMETRIC_REPRESENTATION_CONTEXT ( 3 ) GLOBAL_UNCERTAINTY_ASSIGNED_CONTEXT ( ( #1733 ) ) GLOBAL_UNIT_ASSIGNED_CONTEXT ( ( #856, #1596, #2097 ) ) REPRESENTATION_CONTEXT ( 'NONE', 'WORKASPACE' ) );
#723 = LINE ( 'NONE', #2610, #2981 ) ;
#724 = FILL_AREA_STYLE_COLOUR ( '', #2433 ) ;
#725 = ORIENTED_EDGE ( 'NONE', *, *, #2418, .F. ) ;
#726 = ORIENTED_EDGE ( 'NONE', *, *, #1324, .F. ) ;
#727 = DIRECTION ( 'NONE',  ( 0.3725077383643967700, -0.9280290862137037200, 0.0000000000000000000 ) ) ;
#728 = ORIENTED_EDGE ( 'NONE', *, *, #446, .T. ) ;
#729 = EDGE_CURVE ( 'NONE', #1520, #297, #2867, .T. ) ;
#730 = UNCERTAINTY_MEASURE_WITH_UNIT (LENGTH_MEASURE( 1.000000000000000100E-005 ), #604, 'distance_accuracy_value', 'NONE');
#731 = CARTESIAN_POINT ( 'NONE',  ( 4.546674068174846500, 5.186093679346321000, 5.099999999999999600 ) ) ;
#732 = ORIENTED_EDGE ( 'NONE', *, *, #160, .T. ) ;
#733 = CARTESIAN_POINT ( 'NONE',  ( 0.0000000000000000000, 0.0000000000000000000, 0.0000000000000000000 ) ) ;
#734 = EDGE_CURVE ( 'NONE', #2884, #639, #1967, .T. ) ;
#735 = ORIENTED_EDGE ( 'NONE', *, *, #2642, .F. ) ;
#736 = VECTOR ( 'NONE', #2283, 1000.000000000000000 ) ;
#737 = DIRECTION ( 'NONE',  ( 0.2732148821746286400, 0.9619530280415482500, 0.0000000000000000000 ) ) ;
#738 = AXIS2_PLACEMENT_3D ( 'NONE', #2315, #876, #202 ) ;
#739 = VERTEX_POINT ( 'NONE', #618 ) ;
#740 = MECHANICAL_DESIGN_GEOMETRIC_PRESENTATION_REPRESENTATION (  '', ( #854 ), #1410 ) ;
#741 = ADVANCED_FACE ( 'NONE', ( #2917 ), #2316, .T. ) ;
#742 = VECTOR ( 'NONE', #2657, 1000.000000000000000 ) ;
#743 = DIRECTION ( 'NONE',  ( 0.9984327301130240300, -0.05596501978069370200, 0.0000000000000000000 ) ) ;
#744 = DIRECTION ( 'NONE',  ( -0.2762033010252004700, -0.9610992334315861000, -0.0000000000000000000 ) ) ;
#745 = DIRECTION ( 'NONE',  ( -0.9610674221107073900, 0.2763139702539113600, 0.0000000000000000000 ) ) ;
#746 = DIRECTION ( 'NONE',  ( -0.7059037656364501900, -0.7083077534943971200, -0.0000000000000000000 ) ) ;
#747 = CARTESIAN_POINT ( 'NONE',  ( 7.250000024999999400, 0.0000000000000000000, 0.2499999749999997900 ) ) ;
#748 = DIRECTION ( 'NONE',  ( 1.000000000000000000, 4.783739767952859000E-016, 0.0000000000000000000 ) ) ;
#749 = CARTESIAN_POINT ( 'NONE',  ( 3.627526669445907600, 5.093916612811269400, 5.104999999999999500 ) ) ;
#750 = VECTOR ( 'NONE', #1400, 1000.000000000000100 ) ;
#751 = VECTOR ( 'NONE', #2561, 1000.000000000000000 ) ;
#752 = ORIENTED_EDGE ( 'NONE', *, *, #3043, .F. ) ;
#753 = UNCERTAINTY_MEASURE_WITH_UNIT (LENGTH_MEASURE( 1.000000000000000100E-005 ), #2419, 'distance_accuracy_value', 'NONE');
#754 = ADVANCED_FACE ( 'NONE', ( #2614 ), #2294, .F. ) ;
#755 = COLOUR_RGB ( '',0.4980392156862745200, 0.4980392156862745200, 0.4980392156862745200 ) ;
#756 = VERTEX_POINT ( 'NONE', #1331 ) ;
#757 = EDGE_CURVE ( 'NONE', #2394, #739, #1888, .T. ) ;
#758 = CARTESIAN_POINT ( 'NONE',  ( 1.605750000000000000, 4.346029999999999800, 5.104999999999999500 ) ) ;
#759 = LINE ( 'NONE', #453, #1822 ) ;
#760 = EDGE_LOOP ( 'NONE', ( #1487, #332, #2648, #177 ) ) ;
#761 = DIRECTION ( 'NONE',  ( -1.000000000000000000, 0.0000000000000000000, 0.0000000000000000000 ) ) ;
#762 =( NAMED_UNIT ( * ) SI_UNIT ( $, .STERADIAN. ) SOLID_ANGLE_UNIT ( ) );
#763 = VECTOR ( 'NONE', #1952, 1000.000000000000000 ) ;
#764 = PRESENTATION_LAYER_ASSIGNMENT (  '', '', ( #1895 ) ) ;
#765 = ORIENTED_EDGE ( 'NONE', *, *, #1990, .T. ) ;
#766 = LINE ( 'NONE', #2604, #1827 ) ;
#767 = CARTESIAN_POINT ( 'NONE',  ( 1.844625690998455700, 4.346029999999974100, 5.104999999999999500 ) ) ;
#768 = ORIENTED_EDGE ( 'NONE', *, *, #2045, .F. ) ;
#769 = ORIENTED_EDGE ( 'NONE', *, *, #2007, .T. ) ;
#770 = PRESENTATION_STYLE_ASSIGNMENT (( #867 ) ) ;
#771 = PLANE ( 'NONE',  #1180 ) ;
#772 = VERTEX_POINT ( 'NONE', #208 ) ;
#773 = VECTOR ( 'NONE', #2887, 1000.000000000000000 ) ;
#774 = ADVANCED_FACE ( 'NONE', ( #677 ), #171, .F. ) ;
#775 = CARTESIAN_POINT ( 'NONE',  ( 4.749999999999999100, 1.683889348827610800E-016, 5.099999999999999600 ) ) ;
#776 = CARTESIAN_POINT ( 'NONE',  ( 4.985094321338968000, 4.505883276192119700, 5.104999999999999500 ) ) ;
#777 = UNCERTAINTY_MEASURE_WITH_UNIT (LENGTH_MEASURE( 1.000000000000000100E-005 ), #190, 'distance_accuracy_value', 'NONE');
#778 = EDGE_CURVE ( 'NONE', #1165, #2105, #28, .T. ) ;
#779 = DIRECTION ( 'NONE',  ( 0.0000000000000000000, 0.0000000000000000000, -1.000000000000000000 ) ) ;
#780 = VERTEX_POINT ( 'NONE', #1429 ) ;
#781 = SURFACE_STYLE_FILL_AREA ( #278 ) ;
#782 = VECTOR ( 'NONE', #168, 1000.000000000000000 ) ;
#783 = CARTESIAN_POINT ( 'NONE',  ( 2.617153647927336700, 5.186093679346321000, 5.104999999999999500 ) ) ;
#784 = LINE ( 'NONE', #2705, #1917 ) ;
#785 = DIRECTION ( 'NONE',  ( -0.0000000000000000000, 1.000000000000000000, -0.0000000000000000000 ) ) ;
#786 = CIRCLE ( 'NONE', #2765, 0.2750000000000000800 ) ;
#787 = ADVANCED_FACE ( 'NONE', ( #600 ), #2131, .F. ) ;
#788 = ORIENTED_EDGE ( 'NONE', *, *, #1426, .F. ) ;
#789 = DIRECTION ( 'NONE',  ( 0.0000000000000000000, -0.0000000000000000000, -1.000000000000000000 ) ) ;
#790 = ORIENTED_EDGE ( 'NONE', *, *, #925, .T. ) ;
#791 = VECTOR ( 'NONE', #3011, 999.9999999999998900 ) ;
#792 = AXIS2_PLACEMENT_3D ( 'NONE', #2975, #2508, #1072 ) ;
#793 = EDGE_CURVE ( 'NONE', #2850, #603, #2473, .T. ) ;
#794 = DIRECTION ( 'NONE',  ( -0.2763173343569615400, -0.9610664548999008300, 0.0000000000000000000 ) ) ;
#795 = ORIENTED_EDGE ( 'NONE', *, *, #715, .T. ) ;
#796 = CARTESIAN_POINT ( 'NONE',  ( 4.749999999999999100, 1.683889348827610800E-016, 0.0000000000000000000 ) ) ;
#797 = VECTOR ( 'NONE', #2366, 1000.000000000000200 ) ;
#798 = ORIENTED_EDGE ( 'NONE', *, *, #513, .T. ) ;
#799 = AXIS2_PLACEMENT_3D ( 'NONE', #2871, #1470, #1961 ) ;
#800 = SURFACE_STYLE_USAGE ( .BOTH. , #2248 ) ;
#801 = CARTESIAN_POINT ( 'NONE',  ( 6.999999999999999100, 9.599999999999999600, 5.099999999999999600 ) ) ;
#802 = ORIENTED_EDGE ( 'NONE', *, *, #2755, .F. ) ;
#803 = ADVANCED_FACE ( 'NONE', ( #1013 ), #2819, .F. ) ;
#804 = VECTOR ( 'NONE', #625, 1000.000000000000000 ) ;
#805 = CARTESIAN_POINT ( 'NONE',  ( 4.589652739086718100, 4.505883276192119700, 5.104999999999999500 ) ) ;
#806 = EDGE_LOOP ( 'NONE', ( #191, #2001, #2491, #1753 ) ) ;
#807 = SURFACE_STYLE_FILL_AREA ( #1525 ) ;
#808 = VERTEX_POINT ( 'NONE', #3055 ) ;
#809 = PLANE ( 'NONE',  #1679 ) ;
#810 = FILL_AREA_STYLE_COLOUR ( '', #2869 ) ;
#811 = PLANE ( 'NONE',  #1928 ) ;
#812 = EDGE_CURVE ( 'NONE', #2342, #2550, #565, .T. ) ;
#813 = CLOSED_SHELL ( 'NONE', ( #1045, #2989, #2729, #90, #122, #2920, #990, #368, #2239, #1033, #1536, #2480, #1244, #352, #2640, #105, #1472, #1992, #2465, #1377, #1958, #2496, #1018, #2700, #2292 ) ) ;
#814 = SURFACE_SIDE_STYLE ('',( #2096 ) ) ;
#815 = ADVANCED_FACE ( 'NONE', ( #1120 ), #3025, .F. ) ;
#816 = EDGE_CURVE ( 'NONE', #576, #2918, #2750, .T. ) ;
#817 = VECTOR ( 'NONE', #794, 1000.000000000000000 ) ;
#818 = CARTESIAN_POINT ( 'NONE',  ( 4.265905593787606700, 2.534682949107417600, 4.850000024999999900 ) ) ;
#819 = FILL_AREA_STYLE ('',( #566 ) ) ;
#820 = FILL_AREA_STYLE ('',( #810 ) ) ;
#821 = COLOUR_RGB ( '',0.4980392156862745200, 0.4980392156862745200, 0.4980392156862745200 ) ;
#822 = CARTESIAN_POINT ( 'NONE',  ( 6.250000000000000000, -19.00000000000000000, 2.550000000000000300 ) ) ;
#823 = LINE ( 'NONE', #2, #2680 ) ;
#824 =( LENGTH_UNIT ( ) NAMED_UNIT ( * ) SI_UNIT ( .MILLI., .METRE. ) );
#825 = VECTOR ( 'NONE', #1407, 1000.000000000000000 ) ;
#826 = DIRECTION ( 'NONE',  ( 0.9999999968487352000, -7.938847109813994200E-005, 0.0000000000000000000 ) ) ;
#827 = FACE_OUTER_BOUND ( 'NONE', #1189, .T. ) ;
#828 = ORIENTED_EDGE ( 'NONE', *, *, #2719, .T. ) ;
#829 = FILL_AREA_STYLE ('',( #1098 ) ) ;
#830 = DIRECTION ( 'NONE',  ( -1.000000000000000000, -5.694109626320597900E-016, 0.0000000000000000000 ) ) ;
#831 = VECTOR ( 'NONE', #2033, 1000.000000000000000 ) ;
#832 = ORIENTED_EDGE ( 'NONE', *, *, #228, .T. ) ;
#833 = CARTESIAN_POINT ( 'NONE',  ( 7.250000024999999400, 0.3482480000000007200, 4.850000025000000800 ) ) ;
#834 = VECTOR ( 'NONE', #1963, 1000.000000000000000 ) ;
#835 = ORIENTED_EDGE ( 'NONE', *, *, #708, .F. ) ;
#836 = PRESENTATION_LAYER_ASSIGNMENT (  '', '', ( #670 ) ) ;
#837 = EDGE_CURVE ( 'NONE', #2105, #656, #65, .T. ) ;
#838 = FILL_AREA_STYLE_COLOUR ( '', #2319 ) ;
#839 = ORIENTED_EDGE ( 'NONE', *, *, #2286, .F. ) ;
#840 = VERTEX_POINT ( 'NONE', #483 ) ;
#841 = CARTESIAN_POINT ( 'NONE',  ( 3.990469877836536000, 4.346029999999974100, 5.099999999999999600 ) ) ;
#842 = ORIENTED_EDGE ( 'NONE', *, *, #452, .F. ) ;
#843 = CARTESIAN_POINT ( 'NONE',  ( 4.589652739086718100, 4.505883276192119700, 5.104999999999999500 ) ) ;
#844 = ORIENTED_EDGE ( 'NONE', *, *, #590, .F. ) ;
#845 = ORIENTED_EDGE ( 'NONE', *, *, #1542, .F. ) ;
#846 = FACE_OUTER_BOUND ( 'NONE', #2747, .T. ) ;
#847 = VERTEX_POINT ( 'NONE', #747 ) ;
#848 = VECTOR ( 'NONE', #30, 1000.000000000000000 ) ;
#849 = PLANE ( 'NONE',  #2738 ) ;
#850 = LINE ( 'NONE', #2802, #704 ) ;
#851 = EDGE_CURVE ( 'NONE', #2518, #1218, #861, .T. ) ;
#852 = COLOUR_RGB ( '',0.8980392156862745400, 0.9215686274509803400, 0.9294117647058823800 ) ;
#853 = CARTESIAN_POINT ( 'NONE',  ( 7.250000024999999400, 0.7500000000000000000, 0.2499999749999997900 ) ) ;
#854 = STYLED_ITEM ( 'NONE', ( #2476 ), #564 ) ;
#855 = LINE ( 'NONE', #1937, #1437 ) ;
#856 =( LENGTH_UNIT ( ) NAMED_UNIT ( * ) SI_UNIT ( .MILLI., .METRE. ) );
#857 = DIRECTION ( 'NONE',  ( -0.2745159998572630500, -0.9615825319869153500, 0.0000000000000000000 ) ) ;
#858 = VECTOR ( 'NONE', #419, 1000.000000000000000 ) ;
#859 = VECTOR ( 'NONE', #200, 999.9999999999998900 ) ;
#860 = PLANE ( 'NONE',  #2079 ) ;
#861 = LINE ( 'NONE', #2175, #976 ) ;
#862 = ORIENTED_EDGE ( 'NONE', *, *, #1274, .T. ) ;
#863 = VECTOR ( 'NONE', #1846, 999.9999999999998900 ) ;
#864 = DIRECTION ( 'NONE',  ( -0.0000000000000000000, 0.0000000000000000000, -1.000000000000000000 ) ) ;
#865 = VERTEX_POINT ( 'NONE', #2644 ) ;
#866 = ORIENTED_EDGE ( 'NONE', *, *, #2246, .F. ) ;
#867 = SURFACE_STYLE_USAGE ( .BOTH. , #397 ) ;
#868 = CARTESIAN_POINT ( 'NONE',  ( 5.895242917025603500, 5.186093679346321000, 5.099999999999999600 ) ) ;
#869 = SURFACE_STYLE_FILL_AREA ( #1000 ) ;
#870 = ORIENTED_EDGE ( 'NONE', *, *, #2755, .T. ) ;
#871 =( GEOMETRIC_REPRESENTATION_CONTEXT ( 3 ) GLOBAL_UNCERTAINTY_ASSIGNED_CONTEXT ( ( #1061 ) ) GLOBAL_UNIT_ASSIGNED_CONTEXT ( ( #1122, #1371, #410 ) ) REPRESENTATION_CONTEXT ( 'NONE', 'WORKASPACE' ) );
#872 = FILL_AREA_STYLE_COLOUR ( '', #1661 ) ;
#873 = CARTESIAN_POINT ( 'NONE',  ( 0.2499999749999999900, 0.7500000000000000000, 4.850000024999999000 ) ) ;
#874 = LINE ( 'NONE', #413, #2158 ) ;
#875 = DIRECTION ( 'NONE',  ( -1.000000000000000000, -1.002616505299178800E-015, 0.0000000000000000000 ) ) ;
#876 = DIRECTION ( 'NONE',  ( -0.0000000000000000000, 1.000000000000000000, -0.0000000000000000000 ) ) ;
#877 =( LENGTH_UNIT ( ) NAMED_UNIT ( * ) SI_UNIT ( .MILLI., .METRE. ) );
#878 = ORIENTED_EDGE ( 'NONE', *, *, #2966, .F. ) ;
#879 = CARTESIAN_POINT ( 'NONE',  ( 5.184483071133123600, 4.346029999999974100, 5.104999999999999500 ) ) ;
#880 = DIRECTION ( 'NONE',  ( 0.5132742654133490800, -0.8582246375305168100, 0.0000000000000000000 ) ) ;
#881 = ORIENTED_EDGE ( 'NONE', *, *, #1905, .F. ) ;
#882 = VECTOR ( 'NONE', #1118, 1000.000000000000100 ) ;
#883 = CARTESIAN_POINT ( 'NONE',  ( 5.618622316200645500, 5.023893000369663600, 5.104999999999999500 ) ) ;
#884 = CARTESIAN_POINT ( 'NONE',  ( 1.605750000000000000, 4.346029999999999800, 5.104999999999999500 ) ) ;
#885 = UNCERTAINTY_MEASURE_WITH_UNIT (LENGTH_MEASURE( 1.000000000000000100E-005 ), #1060, 'distance_accuracy_value', 'NONE');
#886 = FILL_AREA_STYLE_COLOUR ( '', #359 ) ;
#887 = DIRECTION ( 'NONE',  ( -1.000000000000000000, 0.0000000000000000000, 2.323290353016864100E-017 ) ) ;
#888 = VECTOR ( 'NONE', #1335, 1000.000000000000000 ) ;
#889 = CARTESIAN_POINT ( 'NONE',  ( 7.250000024999999400, 0.7500000000000000000, 0.2499999749999997900 ) ) ;
#890 = MECHANICAL_DESIGN_GEOMETRIC_PRESENTATION_REPRESENTATION (  '', ( #1545 ), #194 ) ;
#891 = EDGE_CURVE ( 'NONE', #2592, #2342, #2143, .T. ) ;
#892 = DIRECTION ( 'NONE',  ( 0.0000000000000000000, 1.000000000000000000, 0.0000000000000000000 ) ) ;
#893 = VECTOR ( 'NONE', #1906, 1000.000000000000100 ) ;
#894 = MECHANICAL_DESIGN_GEOMETRIC_PRESENTATION_REPRESENTATION (  '', ( #2929 ), #1452 ) ;
#895 = AXIS2_PLACEMENT_3D ( 'NONE', #488, #1891, #719 ) ;
#896 = VERTEX_POINT ( 'NONE', #2881 ) ;
#897 = CARTESIAN_POINT ( 'NONE',  ( 5.009707567470528900, 4.714641202699571200, 5.104999999999999500 ) ) ;
#898 = LINE ( 'NONE', #818, #275 ) ;
#899 = ORIENTED_EDGE ( 'NONE', *, *, #377, .T. ) ;
#900 = LINE ( 'NONE', #646, #2037 ) ;
#901 = LINE ( 'NONE', #1541, #1481 ) ;
#902 = CARTESIAN_POINT ( 'NONE',  ( 5.054065561692001800, 4.869912062582796100, 5.099999999999999600 ) ) ;
#903 = CARTESIAN_POINT ( 'NONE',  ( 4.077021330051222100, 5.186093679346321000, 5.104999999999999500 ) ) ;
#904 = VECTOR ( 'NONE', #1471, 1000.000000000000000 ) ;
#905 = ORIENTED_EDGE ( 'NONE', *, *, #2474, .F. ) ;
#906 = CARTESIAN_POINT ( 'NONE',  ( 4.939735041056652100, 4.346029999999974100, 5.104999999999999500 ) ) ;
#907 = EDGE_LOOP ( 'NONE', ( #1592, #1978, #2585, #2926 ) ) ;
#908 = AXIS2_PLACEMENT_3D ( 'NONE', #487, #2649, #1226 ) ;
#909 = EDGE_CURVE ( 'NONE', #1646, #1574, #449, .T. ) ;
#910 = CARTESIAN_POINT ( 'NONE',  ( 0.2071067811865475700, 10.10000000000000000, 4.892893218813452600 ) ) ;
#911 = ORIENTED_EDGE ( 'NONE', *, *, #2886, .T. ) ;
#912 = AXIS2_PLACEMENT_3D ( 'NONE', #1322, #1570, #880 ) ;
#913 = EDGE_CURVE ( 'NONE', #989, #1784, #1588, .T. ) ;
#914 = CARTESIAN_POINT ( 'NONE',  ( 1.975362488086775900, 4.802161778192806100, 5.099999999999999600 ) ) ;
#915 = EDGE_LOOP ( 'NONE', ( #1418, #2278, #931, #238 ) ) ;
#916 = LINE ( 'NONE', #2654, #1184 ) ;
#917 = VERTEX_POINT ( 'NONE', #542 ) ;
#918 = PRESENTATION_LAYER_ASSIGNMENT (  '', '', ( #23 ) ) ;
#919 = DIRECTION ( 'NONE',  ( 1.000000000000000000, 0.0000000000000000000, 0.0000000000000000000 ) ) ;
#920 = VECTOR ( 'NONE', #307, 1000.000000000000000 ) ;
#921 = CARTESIAN_POINT ( 'NONE',  ( 3.412786569584181700, 4.346029999999974100, 5.099999999999999600 ) ) ;
#922 = DIRECTION ( 'NONE',  ( -0.0000000000000000000, -0.0000000000000000000, -1.000000000000000000 ) ) ;
#923 = EDGE_LOOP ( 'NONE', ( #610, #2412, #1296, #70 ) ) ;
#924 = CARTESIAN_POINT ( 'NONE',  ( 0.2499999749999999900, 0.7500000000000000000, 0.2499999749999999300 ) ) ;
#925 = EDGE_CURVE ( 'NONE', #2543, #917, #1962, .T. ) ;
#926 = DIRECTION ( 'NONE',  ( -0.2764273280489765200, -0.9610348236706636200, 0.0000000000000000000 ) ) ;
#927 = DIRECTION ( 'NONE',  ( 0.2746918797667269900, 0.9615323037684286900, 0.0000000000000000000 ) ) ;
#928 = DIRECTION ( 'NONE',  ( 0.0000000000000000000, 1.000000000000000000, 0.0000000000000000000 ) ) ;
#929 = LINE ( 'NONE', #2389, #2972 ) ;
#930 = CARTESIAN_POINT ( 'NONE',  ( 1.844625690998455700, 4.346029999999974100, 5.104999999999999500 ) ) ;
#931 = ORIENTED_EDGE ( 'NONE', *, *, #793, .F. ) ;
#932 = LINE ( 'NONE', #1403, #239 ) ;
#933 = VECTOR ( 'NONE', #1946, 1000.000000000000000 ) ;
#934 = CARTESIAN_POINT ( 'NONE',  ( 5.009707567470528900, 4.714641202699571200, 5.104999999999999500 ) ) ;
#935 = CARTESIAN_POINT ( 'NONE',  ( 6.250000000000000000, -19.00000000000000000, 2.825000000000000200 ) ) ;
#936 = EDGE_LOOP ( 'NONE', ( #2047, #450, #1289, #2547 ) ) ;
#937 = AXIS2_PLACEMENT_3D ( 'NONE', #2355, #448, #481 ) ;
#938 = ORIENTED_EDGE ( 'NONE', *, *, #1811, .T. ) ;
#939 =( LENGTH_UNIT ( ) NAMED_UNIT ( * ) SI_UNIT ( .MILLI., .METRE. ) );
#940 = PLANE ( 'NONE',  #2479 ) ;
#941 = LINE ( 'NONE', #2015, #2038 ) ;
#942 = VERTEX_POINT ( 'NONE', #1747 ) ;
#943 = PRESENTATION_STYLE_ASSIGNMENT (( #1474 ) ) ;
#944 = ORIENTED_EDGE ( 'NONE', *, *, #1074, .F. ) ;
#945 = DIRECTION ( 'NONE',  ( -0.9620200793798827600, 0.2729786930694848000, 0.0000000000000000000 ) ) ;
#946 = DIRECTION ( 'NONE',  ( 1.000000000000000000, 0.0000000000000000000, 0.0000000000000000000 ) ) ;
#947 = ORIENTED_EDGE ( 'NONE', *, *, #2123, .F. ) ;
#948 = PRESENTATION_STYLE_ASSIGNMENT (( #3054 ) ) ;
#949 = DIRECTION ( 'NONE',  ( 0.0000000000000000000, 0.0000000000000000000, 1.000000000000000000 ) ) ;
#950 = DIRECTION ( 'NONE',  ( -0.05596501978069369500, -0.9984327301130239100, 0.0000000000000000000 ) ) ;
#951 = AXIS2_PLACEMENT_3D ( 'NONE', #2486, #1812, #2055 ) ;
#952 = ORIENTED_EDGE ( 'NONE', *, *, #431, .T. ) ;
#953 = LINE ( 'NONE', #2861, #773 ) ;
#954 = ORIENTED_EDGE ( 'NONE', *, *, #2481, .T. ) ;
#955 =( GEOMETRIC_REPRESENTATION_CONTEXT ( 3 ) GLOBAL_UNCERTAINTY_ASSIGNED_CONTEXT ( ( #6 ) ) GLOBAL_UNIT_ASSIGNED_CONTEXT ( ( #1209, #1701, #1938 ) ) REPRESENTATION_CONTEXT ( 'NONE', 'WORKASPACE' ) );
#956 = AXIS2_PLACEMENT_3D ( 'NONE', #697, #479, #456 ) ;
#957 = CARTESIAN_POINT ( 'NONE',  ( 2.896503553671502900, 4.869940159897062400, 5.104999999999999500 ) ) ;
#958 = DIRECTION ( 'NONE',  ( 0.4668459304955080400, 0.8843386665637680300, 0.0000000000000000000 ) ) ;
#959 = DIRECTION ( 'NONE',  ( 1.000000000000000000, 0.0000000000000000000, 0.0000000000000000000 ) ) ;
#960 = ORIENTED_EDGE ( 'NONE', *, *, #2846, .T. ) ;
#961 = VECTOR ( 'NONE', #596, 1000.000000000000100 ) ;
#962 = CARTESIAN_POINT ( 'NONE',  ( 5.379376250857569100, 5.023893000371751700, 5.104999999999999500 ) ) ;
#963 = VERTEX_POINT ( 'NONE', #602 ) ;
#964 = VECTOR ( 'NONE', #2857, 1000.000000000000000 ) ;
#965 = PLANE ( 'NONE',  #908 ) ;
#966 = CARTESIAN_POINT ( 'NONE',  ( 1.249999999999999800, 0.7500000000000000000, 2.825000000000000200 ) ) ;
#967 = STYLED_ITEM ( 'NONE', ( #49 ), #2005 ) ;
#968 = EDGE_CURVE ( 'NONE', #2240, #2592, #348, .T. ) ;
#969 = LINE ( 'NONE', #1428, #342 ) ;
#970 =( NAMED_UNIT ( * ) PLANE_ANGLE_UNIT ( ) SI_UNIT ( $, .RADIAN. ) );
#971 = CARTESIAN_POINT ( 'NONE',  ( 2.158452242077110400, 4.346029999999974100, 5.099999999999999600 ) ) ;
#972 = VERTEX_POINT ( 'NONE', #2675 ) ;
#973 = MECHANICAL_DESIGN_GEOMETRIC_PRESENTATION_REPRESENTATION (  '', ( #2628 ), #1469 ) ;
#974 = EDGE_CURVE ( 'NONE', #1758, #652, #2976, .T. ) ;
#975 = DIRECTION ( 'NONE',  ( 1.000000000000000000, 1.369417629209010900E-016, -2.323290353016864100E-017 ) ) ;
#976 = VECTOR ( 'NONE', #2868, 1000.000000000000000 ) ;
#977 = EDGE_LOOP ( 'NONE', ( #1144, #68, #881, #1947 ) ) ;
#978 = CARTESIAN_POINT ( 'NONE',  ( 2.158452242077110400, 4.346029999999974100, 5.104999999999999500 ) ) ;
#979 = CARTESIAN_POINT ( 'NONE',  ( 5.848623999089540800, 5.023874740887651000, 5.104999999999999500 ) ) ;
#980 = PRESENTATION_STYLE_ASSIGNMENT (( #1533 ) ) ;
#981 = EDGE_LOOP ( 'NONE', ( #1014, #1823, #2758, #2151 ) ) ;
#982 = COLOUR_RGB ( '',0.4980392156862745200, 0.4980392156862745200, 0.4980392156862745200 ) ;
#983 =( BOUNDED_CURVE ( )  B_SPLINE_CURVE ( 3, ( #1420, #1166, #910, #2121 ),
 .UNSPECIFIED., .F., .T. ) 
 B_SPLINE_CURVE_WITH_KNOTS ( ( 4, 4 ),
 ( 0.0000000000000000000, 1.570796326794896600 ),
 .UNSPECIFIED. ) 
 CURVE ( )  GEOMETRIC_REPRESENTATION_ITEM ( )  RATIONAL_B_SPLINE_CURVE ( ( 1.000000000000000000, 0.8047378541243649400, 0.8047378541243649400, 1.000000000000000000 ) ) 
 REPRESENTATION_ITEM ( '' )  );
#984 = DIRECTION ( 'NONE',  ( -0.9601763114327595000, 0.2793947940878294700, 0.0000000000000000000 ) ) ;
#985 = ORIENTED_EDGE ( 'NONE', *, *, #2683, .T. ) ;
#986 = ORIENTED_EDGE ( 'NONE', *, *, #1585, .F. ) ;
#987 = CARTESIAN_POINT ( 'NONE',  ( 2.749516292503984400, 5.186093679346321000, 5.104999999999999500 ) ) ;
#988 = FACE_OUTER_BOUND ( 'NONE', #583, .T. ) ;
#989 = VERTEX_POINT ( 'NONE', #2950 ) ;
#990 = ADVANCED_FACE ( 'NONE', ( #1241 ), #1313, .F. ) ;
#991 = DIRECTION ( 'NONE',  ( -0.2763139702539113600, -0.9610674221107073900, 0.0000000000000000000 ) ) ;
#992 = ORIENTED_EDGE ( 'NONE', *, *, #1426, .T. ) ;
#993 = DIRECTION ( 'NONE',  ( -0.0000000000000000000, -0.0000000000000000000, 1.000000000000000000 ) ) ;
#994 = EDGE_LOOP ( 'NONE', ( #2138, #2324, #1259, #2594 ) ) ;
#995 =( GEOMETRIC_REPRESENTATION_CONTEXT ( 3 ) GLOBAL_UNCERTAINTY_ASSIGNED_CONTEXT ( ( #485 ) ) GLOBAL_UNIT_ASSIGNED_CONTEXT ( ( #84, #1965, #1538 ) ) REPRESENTATION_CONTEXT ( 'NONE', 'WORKASPACE' ) );
#996 = EDGE_CURVE ( 'NONE', #543, #297, #3048, .T. ) ;
#997 = ORIENTED_EDGE ( 'NONE', *, *, #996, .F. ) ;
#998 = CARTESIAN_POINT ( 'NONE',  ( 7.250000024999999400, 0.0000000000000000000, 4.850000025000000800 ) ) ;
#999 = AXIS2_PLACEMENT_3D ( 'NONE', #1855, #2347, #668 ) ;
#1000 = FILL_AREA_STYLE ('',( #2658 ) ) ;
#1001 = LINE ( 'NONE', #2875, #372 ) ;
#1002 = DIRECTION ( 'NONE',  ( -0.0000000000000000000, -0.0000000000000000000, -1.000000000000000000 ) ) ;
#1003 = LINE ( 'NONE', #196, #2247 ) ;
#1004 = DIRECTION ( 'NONE',  ( -0.9237839814038766300, -0.3829140317376763000, 0.0000000000000000000 ) ) ;
#1005 = LINE ( 'NONE', #1918, #343 ) ;
#1006 = CARTESIAN_POINT ( 'NONE',  ( 4.693556602321803200, 4.869912062582796100, 5.104999999999999500 ) ) ;
#1007 = ORIENTED_EDGE ( 'NONE', *, *, #2607, .F. ) ;
#1008 = VECTOR ( 'NONE', #2635, 1000.000000000000000 ) ;
#1009 = AXIS2_PLACEMENT_3D ( 'NONE', #749, #743, #1934 ) ;
#1010 = EDGE_CURVE ( 'NONE', #1063, #417, #1628, .T. ) ;
#1011 = EDGE_LOOP ( 'NONE', ( #1285, #1051, #1334, #2161, #493, #2896, #1501, #798 ) ) ;
#1012 = DIRECTION ( 'NONE',  ( -0.9611638845408967400, 0.2759782365590697800, 0.0000000000000000000 ) ) ;
#1013 = FACE_OUTER_BOUND ( 'NONE', #915, .T. ) ;
#1014 = ORIENTED_EDGE ( 'NONE', *, *, #265, .T. ) ;
#1015 = AXIS2_PLACEMENT_3D ( 'NONE', #468, #2154, #711 ) ;
#1016 = AXIS2_PLACEMENT_3D ( 'NONE', #145, #1027, #366 ) ;
#1017 = ORIENTED_EDGE ( 'NONE', *, *, #2993, .T. ) ;
#1018 = ADVANCED_FACE ( 'NONE', ( #2513 ), #1865, .F. ) ;
#1019 = DIRECTION ( 'NONE',  ( -0.6995643972269592900, 0.7145695586382625500, 0.0000000000000000000 ) ) ;
#1020 = LINE ( 'NONE', #1706, #763 ) ;
#1021 = AXIS2_PLACEMENT_3D ( 'NONE', #1345, #2988, #185 ) ;
#1022 = ORIENTED_EDGE ( 'NONE', *, *, #913, .T. ) ;
#1023 =( NAMED_UNIT ( * ) SI_UNIT ( $, .STERADIAN. ) SOLID_ANGLE_UNIT ( ) );
#1024 = ORIENTED_EDGE ( 'NONE', *, *, #2185, .F. ) ;
#1025 = LINE ( 'NONE', #2530, #2624 ) ;
#1026 = SURFACE_SIDE_STYLE ('',( #807 ) ) ;
#1027 = DIRECTION ( 'NONE',  ( -1.000000000000000000, 0.0000000000000000000, 0.0000000000000000000 ) ) ;
#1028 = ORIENTED_EDGE ( 'NONE', *, *, #2683, .F. ) ;
#1029 = VECTOR ( 'NONE', #689, 1000.000000000000000 ) ;
#1030 = EDGE_CURVE ( 'NONE', #917, #1165, #2035, .T. ) ;
#1031 = CARTESIAN_POINT ( 'NONE',  ( 5.123987002082493800, 5.025080750418628600, 5.104999999999999500 ) ) ;
#1032 = ORIENTED_EDGE ( 'NONE', *, *, #426, .T. ) ;
#1033 = ADVANCED_FACE ( 'NONE', ( #597 ), #2877, .F. ) ;
#1034 = EDGE_CURVE ( 'NONE', #1520, #1406, #1550, .T. ) ;
#1035 = CARTESIAN_POINT ( 'NONE',  ( -0.09118294889182533600, 1.627016963945832300, 5.099999999999997900 ) ) ;
#1036 = UNCERTAINTY_MEASURE_WITH_UNIT (LENGTH_MEASURE( 1.000000000000000100E-005 ), #3000, 'distance_accuracy_value', 'NONE');
#1037 = AXIS2_PLACEMENT_3D ( 'NONE', #930, #1176, #657 ) ;
#1038 = FILL_AREA_STYLE_COLOUR ( '', #1651 ) ;
#1039 = CARTESIAN_POINT ( 'NONE',  ( 3.453918482094853600, 5.186093679346321000, 5.104999999999999500 ) ) ;
#1040 = VECTOR ( 'NONE', #235, 1000.000000000000000 ) ;
#1041 = DIRECTION ( 'NONE',  ( 0.0000000000000000000, 0.0000000000000000000, -1.000000000000000000 ) ) ;
#1042 = CARTESIAN_POINT ( 'NONE',  ( 2.224986679108016800, 4.802161778192812300, 5.104999999999999500 ) ) ;
#1043 = VERTEX_POINT ( 'NONE', #1954 ) ;
#1044 = EDGE_CURVE ( 'NONE', #1833, #2543, #1164, .T. ) ;
#1045 = ADVANCED_FACE ( 'NONE', ( #827 ), #1058, .F. ) ;
#1046 = DIRECTION ( 'NONE',  ( -0.9615454294334481200, 0.2746459304916892800, 0.0000000000000000000 ) ) ;
#1047 = COLOUR_RGB ( '',0.8980392156862745400, 0.9215686274509803400, 0.9294117647058823800 ) ;
#1048 = ORIENTED_EDGE ( 'NONE', *, *, #1256, .F. ) ;
#1049 = EDGE_CURVE ( 'NONE', #2260, #963, #898, .T. ) ;
#1050 =( NAMED_UNIT ( * ) SI_UNIT ( $, .STERADIAN. ) SOLID_ANGLE_UNIT ( ) );
#1051 = ORIENTED_EDGE ( 'NONE', *, *, #2298, .T. ) ;
#1052 = APPLICATION_CONTEXT ( 'automotive_design' ) ;
#1053 = UNCERTAINTY_MEASURE_WITH_UNIT (LENGTH_MEASURE( 1.000000000000000100E-005 ), #1857, 'distance_accuracy_value', 'NONE');
#1054 = LINE ( 'NONE', #897, #716 ) ;
#1055 = VERTEX_POINT ( 'NONE', #490 ) ;
#1056 = AXIS2_PLACEMENT_3D ( 'NONE', #1035, #544, #1306 ) ;
#1057 = PRESENTATION_LAYER_ASSIGNMENT (  '', '', ( #124 ) ) ;
#1058 = PLANE ( 'NONE',  #676 ) ;
#1059 = CARTESIAN_POINT ( 'NONE',  ( 4.749999999999999100, 1.683889348827610800E-016, 0.0000000000000000000 ) ) ;
#1060 =( LENGTH_UNIT ( ) NAMED_UNIT ( * ) SI_UNIT ( .MILLI., .METRE. ) );
#1061 = UNCERTAINTY_MEASURE_WITH_UNIT (LENGTH_MEASURE( 1.000000000000000100E-005 ), #1122, 'distance_accuracy_value', 'NONE');
#1062 = EDGE_LOOP ( 'NONE', ( #728, #986, #44, #3041 ) ) ;
#1063 = VERTEX_POINT ( 'NONE', #1315 ) ;
#1064 = CARTESIAN_POINT ( 'NONE',  ( 5.848623999089540800, 5.023874740887651000, 5.104999999999999500 ) ) ;
#1065 = ORIENTED_EDGE ( 'NONE', *, *, #1233, .F. ) ;
#1066 = ADVANCED_FACE ( 'NONE', ( #1884 ), #173, .T. ) ;
#1067 = ORIENTED_EDGE ( 'NONE', *, *, #2572, .F. ) ;
#1068 = VECTOR ( 'NONE', #525, 1000.000000000000000 ) ;
#1069 = PLANE ( 'NONE',  #1613 ) ;
#1070 = CARTESIAN_POINT ( 'NONE',  ( 4.206272566987165900, 5.097518177467639700, 5.104999999999999500 ) ) ;
#1071 = EDGE_LOOP ( 'NONE', ( #1104, #345, #2488, #1854 ) ) ;
#1072 = DIRECTION ( 'NONE',  ( -1.000000000000000000, 0.0000000000000000000, 0.0000000000000000000 ) ) ;
#1073 = MECHANICAL_DESIGN_GEOMETRIC_PRESENTATION_REPRESENTATION (  '', ( #967 ), #76 ) ;
#1074 = EDGE_CURVE ( 'NONE', #1910, #739, #1586, .T. ) ;
#1075 = ORIENTED_EDGE ( 'NONE', *, *, #1010, .T. ) ;
#1076 = FACE_OUTER_BOUND ( 'NONE', #2682, .T. ) ;
#1077 = DIRECTION ( 'NONE',  ( 0.0000000000000000000, 0.0000000000000000000, -1.000000000000000000 ) ) ;
#1078 = STYLED_ITEM ( 'NONE', ( #217 ), #277 ) ;
#1079 = LINE ( 'NONE', #2365, #2284 ) ;
#1080 = DIRECTION ( 'NONE',  ( 0.0000000000000000000, -0.0000000000000000000, -1.000000000000000000 ) ) ;
#1081 = MECHANICAL_DESIGN_GEOMETRIC_PRESENTATION_REPRESENTATION (  '', ( #1895 ), #1246 ) ;
#1082 = FILL_AREA_STYLE ('',( #2019 ) ) ;
#1083 = DIRECTION ( 'NONE',  ( -0.4443210308329519400, -0.8958676361826802800, 0.0000000000000000000 ) ) ;
#1084 = COLOUR_RGB ( '',0.4980392156862745200, 0.4980392156862745200, 0.4980392156862745200 ) ;
#1085 = VECTOR ( 'NONE', #2238, 1000.000000000000000 ) ;
#1086 = ORIENTED_EDGE ( 'NONE', *, *, #837, .F. ) ;
#1087 = DIRECTION ( 'NONE',  ( -1.000000000000000000, 0.0000000000000000000, 0.0000000000000000000 ) ) ;
#1088 = CARTESIAN_POINT ( 'NONE',  ( 1.249999999999999800, -19.00000000000000000, 2.825000000000000200 ) ) ;
#1089 = VECTOR ( 'NONE', #220, 1000.000000000000200 ) ;
#1090 = ORIENTED_EDGE ( 'NONE', *, *, #377, .F. ) ;
#1091 = PRODUCT_DEFINITION_CONTEXT ( 'detailed design', #1052, 'design' ) ;
#1092 = DIRECTION ( 'NONE',  ( -0.2746459304916892800, -0.9615454294334481200, 0.0000000000000000000 ) ) ;
#1093 = LINE ( 'NONE', #2413, #1288 ) ;
#1094 = ORIENTED_EDGE ( 'NONE', *, *, #968, .F. ) ;
#1095 = EDGE_CURVE ( 'NONE', #1574, #808, #1960, .T. ) ;
#1096 = ORIENTED_EDGE ( 'NONE', *, *, #1799, .F. ) ;
#1097 = ADVANCED_FACE ( 'NONE', ( #2362 ), #2824, .F. ) ;
#1098 = FILL_AREA_STYLE_COLOUR ( '', #2013 ) ;
#1099 = ORIENTED_EDGE ( 'NONE', *, *, #2334, .F. ) ;
#1100 = DIRECTION ( 'NONE',  ( 1.000000000000000000, 0.0000000000000000000, 0.0000000000000000000 ) ) ;
#1101 = VERTEX_POINT ( 'NONE', #1361 ) ;
#1102 = FACE_OUTER_BOUND ( 'NONE', #2077, .T. ) ;
#1103 = DIRECTION ( 'NONE',  ( 0.0000000000000000000, 0.0000000000000000000, 1.000000000000000000 ) ) ;
#1104 = ORIENTED_EDGE ( 'NONE', *, *, #1634, .T. ) ;
#1105 = VERTEX_POINT ( 'NONE', #2817 ) ;
#1106 = FACE_OUTER_BOUND ( 'NONE', #1458, .T. ) ;
#1107 = DIRECTION ( 'NONE',  ( -0.0000000000000000000, -0.0000000000000000000, -1.000000000000000000 ) ) ;
#1108 = FILL_AREA_STYLE ('',( #1831 ) ) ;
#1109 = VECTOR ( 'NONE', #1872, 1000.000000000000000 ) ;
#1110 = EDGE_CURVE ( 'NONE', #713, #156, #983, .T. ) ;
#1111 = VECTOR ( 'NONE', #110, 1000.000000000000100 ) ;
#1112 = DIRECTION ( 'NONE',  ( 0.0000000000000000000, 0.0000000000000000000, -1.000000000000000000 ) ) ;
#1113 = AXIS2_PLACEMENT_3D ( 'NONE', #1768, #1041, #2014 ) ;
#1114 = AXIS2_PLACEMENT_3D ( 'NONE', #1202, #2849, #1915 ) ;
#1115 = FILL_AREA_STYLE ('',( #2335 ) ) ;
#1116 = PLANE ( 'NONE',  #80 ) ;
#1117 = EDGE_LOOP ( 'NONE', ( #2109, #363, #663, #11 ) ) ;
#1118 = DIRECTION ( 'NONE',  ( 0.4668459304955080400, 0.8843386665637680300, 0.0000000000000000000 ) ) ;
#1119 = ORIENTED_EDGE ( 'NONE', *, *, #1130, .F. ) ;
#1120 = FACE_OUTER_BOUND ( 'NONE', #2653, .T. ) ;
#1121 = SURFACE_STYLE_USAGE ( .BOTH. , #371 ) ;
#1122 =( LENGTH_UNIT ( ) NAMED_UNIT ( * ) SI_UNIT ( .MILLI., .METRE. ) );
#1123 = VERTEX_POINT ( 'NONE', #2110 ) ;
#1124 = LINE ( 'NONE', #2970, #2186 ) ;
#1125 = EDGE_LOOP ( 'NONE', ( #2613, #1096, #1640, #1941 ) ) ;
#1126 = CARTESIAN_POINT ( 'NONE',  ( 4.546674068174846500, 5.186093679346321000, 5.104999999999999500 ) ) ;
#1127 = SURFACE_SIDE_STYLE ('',( #209 ) ) ;
#1128 = DIRECTION ( 'NONE',  ( -0.5132742654133490800, -0.8582246375305168100, 0.0000000000000000000 ) ) ;
#1129 = DIRECTION ( 'NONE',  ( 0.0000000000000000000, -1.000000000000000000, 0.0000000000000000000 ) ) ;
#1130 = EDGE_CURVE ( 'NONE', #2693, #2293, #1477, .T. ) ;
#1131 = LINE ( 'NONE', #47, #498 ) ;
#1132 = ORIENTED_EDGE ( 'NONE', *, *, #2535, .F. ) ;
#1133 = LINE ( 'NONE', #2393, #2522 ) ;
#1134 = ORIENTED_EDGE ( 'NONE', *, *, #812, .F. ) ;
#1135 = EDGE_CURVE ( 'NONE', #546, #2105, #1515, .T. ) ;
#1136 = CARTESIAN_POINT ( 'NONE',  ( 2.958275000000000000, 0.3482480000000001100, 0.0000000000000000000 ) ) ;
#1137 = FACE_OUTER_BOUND ( 'NONE', #462, .T. ) ;
#1138 = ORIENTED_EDGE ( 'NONE', *, *, #1656, .F. ) ;
#1139 = ORIENTED_EDGE ( 'NONE', *, *, #1648, .T. ) ;
#1140 = CARTESIAN_POINT ( 'NONE',  ( 0.0000000000000000000, 9.599999999999999600, 0.0000000000000000000 ) ) ;
#1141 = AXIS2_PLACEMENT_3D ( 'NONE', #1208, #2685, #2449 ) ;
#1142 = CARTESIAN_POINT ( 'NONE',  ( 3.258391835674214300, 4.505852624580094300, 5.104999999999999500 ) ) ;
#1143 = CARTESIAN_POINT ( 'NONE',  ( 5.423785331102479300, 4.346029999999974100, 5.104999999999999500 ) ) ;
#1144 = ORIENTED_EDGE ( 'NONE', *, *, #1450, .T. ) ;
#1145 = CARTESIAN_POINT ( 'NONE',  ( 6.999999999999999100, 10.10000000000000000, 0.4999999999999995600 ) ) ;
#1146 = ORIENTED_EDGE ( 'NONE', *, *, #2459, .T. ) ;
#1147 = DIRECTION ( 'NONE',  ( -0.0000000000000000000, -0.0000000000000000000, 1.000000000000000000 ) ) ;
#1148 = DIRECTION ( 'NONE',  ( -0.0000000000000000000, -0.0000000000000000000, -1.000000000000000000 ) ) ;
#1149 = VERTEX_POINT ( 'NONE', #1876 ) ;
#1150 = DIRECTION ( 'NONE',  ( 0.9999891854650020400, -0.004650693823678666100, 0.0000000000000000000 ) ) ;
#1151 = DIRECTION ( 'NONE',  ( 0.2755265765475025700, 0.9612934544747576700, 0.0000000000000000000 ) ) ;
#1152 = DIRECTION ( 'NONE',  ( -1.000000000000000000, 0.0000000000000000000, 0.0000000000000000000 ) ) ;
#1153 = AXIS2_PLACEMENT_3D ( 'NONE', #61, #2159, #2404 ) ;
#1154 = EDGE_CURVE ( 'NONE', #1893, #1172, #2575, .T. ) ;
#1155 = PRESENTATION_STYLE_ASSIGNMENT (( #1267 ) ) ;
#1156 = UNCERTAINTY_MEASURE_WITH_UNIT (LENGTH_MEASURE( 1.000000000000000100E-005 ), #877, 'distance_accuracy_value', 'NONE');
#1157 = CARTESIAN_POINT ( 'NONE',  ( 3.212710713445078500, 4.714641202701255200, 5.099999999999999600 ) ) ;
#1158 = CYLINDRICAL_SURFACE ( 'NONE', #2000, 0.2750000000000000800 ) ;
#1159 =( GEOMETRIC_REPRESENTATION_CONTEXT ( 3 ) GLOBAL_UNCERTAINTY_ASSIGNED_CONTEXT ( ( #1955 ) ) GLOBAL_UNIT_ASSIGNED_CONTEXT ( ( #1641, #236, #402 ) ) REPRESENTATION_CONTEXT ( 'NONE', 'WORKASPACE' ) );
#1160 = VECTOR ( 'NONE', #922, 1000.000000000000000 ) ;
#1161 = CARTESIAN_POINT ( 'NONE',  ( 4.077021330051222100, 5.186093679346321000, 5.099999999999999600 ) ) ;
#1162 = DIRECTION ( 'NONE',  ( -0.0000000000000000000, -0.0000000000000000000, -1.000000000000000000 ) ) ;
#1163 = DIRECTION ( 'NONE',  ( -0.8582246375305168100, 0.5132742654133490800, 0.0000000000000000000 ) ) ;
#1164 = LINE ( 'NONE', #520, #2103 ) ;
#1165 = VERTEX_POINT ( 'NONE', #428 ) ;
#1166 = CARTESIAN_POINT ( 'NONE',  ( 1.084202172485504400E-016, 9.892893218813448200, 5.099999999999999600 ) ) ;
#1167 = VECTOR ( 'NONE', #2763, 1000.000000000000000 ) ;
#1168 = ORIENTED_EDGE ( 'NONE', *, *, #2966, .T. ) ;
#1169 = CARTESIAN_POINT ( 'NONE',  ( 4.693556602321803200, 4.869912062582796100, 5.099999999999999600 ) ) ;
#1170 = VECTOR ( 'NONE', #2135, 999.9999999999998900 ) ;
#1171 = DIRECTION ( 'NONE',  ( 0.0000000000000000000, 1.000000000000000000, 0.0000000000000000000 ) ) ;
#1172 = VERTEX_POINT ( 'NONE', #669 ) ;
#1173 = FILL_AREA_STYLE_COLOUR ( '', #1364 ) ;
#1174 = CARTESIAN_POINT ( 'NONE',  ( 0.2499999749999999900, 0.7500000000000000000, 0.2499999749999999300 ) ) ;
#1175 = EDGE_CURVE ( 'NONE', #1291, #1165, #2749, .T. ) ;
#1176 = DIRECTION ( 'NONE',  ( 1.104435275910379600E-013, 1.000000000000000000, -0.0000000000000000000 ) ) ;
#1177 = ORIENTED_EDGE ( 'NONE', *, *, #204, .F. ) ;
#1178 = CARTESIAN_POINT ( 'NONE',  ( 3.370127186319229900, 5.186093679346321000, 5.104999999999999500 ) ) ;
#1179 = VECTOR ( 'NONE', #1087, 1000.000000000000000 ) ;
#1180 = AXIS2_PLACEMENT_3D ( 'NONE', #2442, #1004, #114 ) ;
#1181 = CARTESIAN_POINT ( 'NONE',  ( 5.054065561692001800, 4.869912062582796100, 5.104999999999999500 ) ) ;
#1182 = DIRECTION ( 'NONE',  ( 0.9610348236706636200, -0.2764273280489764600, 0.0000000000000000000 ) ) ;
#1183 = ORIENTED_EDGE ( 'NONE', *, *, #2060, .F. ) ;
#1184 = VECTOR ( 'NONE', #2668, 1000.000000000000000 ) ;
#1185 = ORIENTED_EDGE ( 'NONE', *, *, #1851, .T. ) ;
#1186 = MECHANICAL_DESIGN_GEOMETRIC_PRESENTATION_REPRESENTATION (  '', ( #2216 ), #2984 ) ;
#1187 = VECTOR ( 'NONE', #1685, 1000.000000000000000 ) ;
#1188 = CARTESIAN_POINT ( 'NONE',  ( 1.605750000000000000, 4.346029999999999800, 5.104999999999999500 ) ) ;
#1189 = EDGE_LOOP ( 'NONE', ( #1566, #2878, #1998, #1611 ) ) ;
#1190 = CYLINDRICAL_SURFACE ( 'NONE', #628, 0.2750000000000000800 ) ;
#1191 = DIRECTION ( 'NONE',  ( 0.5132742654133490800, -0.8582246375305168100, -0.0000000000000000000 ) ) ;
#1192 = DIRECTION ( 'NONE',  ( 0.2762033010290176300, 0.9610992334304892000, 0.0000000000000000000 ) ) ;
#1193 = AXIS2_PLACEMENT_3D ( 'NONE', #1645, #409, #2790 ) ;
#1194 = EDGE_CURVE ( 'NONE', #671, #581, #561, .T. ) ;
#1195 = CARTESIAN_POINT ( 'NONE',  ( 5.895242917025603500, 5.186093679346321000, 5.104999999999999500 ) ) ;
#1196 =( NAMED_UNIT ( * ) SI_UNIT ( $, .STERADIAN. ) SOLID_ANGLE_UNIT ( ) );
#1197 = CARTESIAN_POINT ( 'NONE',  ( 4.305042284858450000, 4.346029999999974100, 5.104999999999999500 ) ) ;
#1198 = LINE ( 'NONE', #362, #666 ) ;
#1199 = STYLED_ITEM ( 'NONE', ( #1236 ), #55 ) ;
#1200 = FACE_OUTER_BOUND ( 'NONE', #1323, .T. ) ;
#1201 = VECTOR ( 'NONE', #3040, 1000.000000000000000 ) ;
#1202 = CARTESIAN_POINT ( 'NONE',  ( 1.983676739086863500, 4.827858048026307400, 5.104999999999999500 ) ) ;
#1203 = ORIENTED_EDGE ( 'NONE', *, *, #1944, .T. ) ;
#1204 = DIRECTION ( 'NONE',  ( -0.2765379750249963300, -0.9610029908221277000, 0.0000000000000000000 ) ) ;
#1205 = VECTOR ( 'NONE', #2830, 1000.000000000000000 ) ;
#1206 = VECTOR ( 'NONE', #2974, 1000.000000000000000 ) ;
#1207 = ORIENTED_EDGE ( 'NONE', *, *, #1485, .T. ) ;
#1208 = CARTESIAN_POINT ( 'NONE',  ( 2.414056052151339700, 4.346029999999974100, 5.104999999999999500 ) ) ;
#1209 =( LENGTH_UNIT ( ) NAMED_UNIT ( * ) SI_UNIT ( .MILLI., .METRE. ) );
#1210 = ORIENTED_EDGE ( 'NONE', *, *, #212, .T. ) ;
#1211 = LINE ( 'NONE', #1729, #3020 ) ;
#1212 = ORIENTED_EDGE ( 'NONE', *, *, #2999, .T. ) ;
#1213 = CARTESIAN_POINT ( 'NONE',  ( 7.250000024999999400, 0.7500000000000000000, 0.2499999749999997900 ) ) ;
#1214 = FILL_AREA_STYLE ('',( #2916 ) ) ;
#1215 = EDGE_CURVE ( 'NONE', #1574, #2262, #524, .T. ) ;
#1216 = ORIENTED_EDGE ( 'NONE', *, *, #2629, .T. ) ;
#1217 = CARTESIAN_POINT ( 'NONE',  ( 3.811671882742534700, 5.186093679346321000, 5.104999999999999500 ) ) ;
#1218 = VERTEX_POINT ( 'NONE', #440 ) ;
#1219 = AXIS2_PLACEMENT_3D ( 'NONE', #879, #2589, #1662 ) ;
#1220 = EDGE_CURVE ( 'NONE', #1671, #2420, #3047, .T. ) ;
#1221 = VERTEX_POINT ( 'NONE', #682 ) ;
#1222 = DIRECTION ( 'NONE',  ( 0.2765379750249962700, 0.9610029908221277000, 0.0000000000000000000 ) ) ;
#1223 = CARTESIAN_POINT ( 'NONE',  ( 3.212710713445078500, 4.714641202701255200, 5.104999999999999500 ) ) ;
#1224 = ORIENTED_EDGE ( 'NONE', *, *, #2481, .F. ) ;
#1225 = LINE ( 'NONE', #1197, #582 ) ;
#1226 = DIRECTION ( 'NONE',  ( 0.2760118818968580500, 0.9611542233438683500, 0.0000000000000000000 ) ) ;
#1227 =( NAMED_UNIT ( * ) SI_UNIT ( $, .STERADIAN. ) SOLID_ANGLE_UNIT ( ) );
#1228 = ORIENTED_EDGE ( 'NONE', *, *, #2440, .T. ) ;
#1229 = ADVANCED_FACE ( 'NONE', ( #1237 ), #691, .F. ) ;
#1230 = CARTESIAN_POINT ( 'NONE',  ( 0.0000000000000000000, 0.0000000000000000000, 5.099999999999999600 ) ) ;
#1231 = SURFACE_STYLE_USAGE ( .BOTH. , #1742 ) ;
#1232 = CARTESIAN_POINT ( 'NONE',  ( 3.257068707667527500, 4.869940159897062400, 5.104999999999999500 ) ) ;
#1233 = EDGE_CURVE ( 'NONE', #963, #2454, #1778, .T. ) ;
#1234 = PRESENTATION_STYLE_ASSIGNMENT (( #78 ) ) ;
#1235 = DIRECTION ( 'NONE',  ( 0.9999999968487352000, -7.938847109813994200E-005, 0.0000000000000000000 ) ) ;
#1236 = PRESENTATION_STYLE_ASSIGNMENT (( #1622 ) ) ;
#1237 = FACE_OUTER_BOUND ( 'NONE', #1756, .T. ) ;
#1238 = AXIS2_PLACEMENT_3D ( 'NONE', #2932, #1532, #789 ) ;
#1239 = PRESENTATION_LAYER_ASSIGNMENT (  '', '', ( #854 ) ) ;
#1240 = CARTESIAN_POINT ( 'NONE',  ( 5.054065561692001800, 4.869912062582796100, 5.099999999999999600 ) ) ;
#1241 = FACE_OUTER_BOUND ( 'NONE', #219, .T. ) ;
#1242 = CARTESIAN_POINT ( 'NONE',  ( 4.541724999999999600, 0.3482480000000001100, 0.2499999749999998500 ) ) ;
#1243 = ORIENTED_EDGE ( 'NONE', *, *, #472, .T. ) ;
#1244 = ADVANCED_FACE ( 'NONE', ( #205 ), #2816, .F. ) ;
#1245 = PLANE ( 'NONE',  #1772 ) ;
#1246 =( GEOMETRIC_REPRESENTATION_CONTEXT ( 3 ) GLOBAL_UNCERTAINTY_ASSIGNED_CONTEXT ( ( #2694 ) ) GLOBAL_UNIT_ASSIGNED_CONTEXT ( ( #378, #612, #631 ) ) REPRESENTATION_CONTEXT ( 'NONE', 'WORKASPACE' ) );
#1247 = FILL_AREA_STYLE_COLOUR ( '', #821 ) ;
#1248 = VERTEX_POINT ( 'NONE', #1161 ) ;
#1249 = LINE ( 'NONE', #2405, #2842 ) ;
#1250 = ORIENTED_EDGE ( 'NONE', *, *, #1912, .T. ) ;
#1251 = CARTESIAN_POINT ( 'NONE',  ( 0.0000000000000000000, 9.599999999999999600, 5.099999999999999600 ) ) ;
#1252 = FILL_AREA_STYLE_COLOUR ( '', #2241 ) ;
#1253 = ORIENTED_EDGE ( 'NONE', *, *, #243, .F. ) ;
#1254 = CARTESIAN_POINT ( 'NONE',  ( 4.541724999999999600, 0.3482480000000001100, 0.0000000000000000000 ) ) ;
#1255 = PLANE ( 'NONE',  #2148 ) ;
#1256 = EDGE_CURVE ( 'NONE', #2441, #255, #379, .T. ) ;
#1257 = DIRECTION ( 'NONE',  ( 1.000000000000000000, 0.0000000000000000000, -2.323290353016864100E-017 ) ) ;
#1258 = CARTESIAN_POINT ( 'NONE',  ( 1.249999999999999800, -19.00000000000000000, 2.825000000000000200 ) ) ;
#1259 = ORIENTED_EDGE ( 'NONE', *, *, #1546, .F. ) ;
#1260 = LINE ( 'NONE', #497, #615 ) ;
#1261 = ADVANCED_FACE ( 'NONE', ( #141 ), #635, .F. ) ;
#1262 = EDGE_CURVE ( 'NONE', #756, #2262, #932, .T. ) ;
#1263 = EDGE_LOOP ( 'NONE', ( #2257, #735, #1366, #960 ) ) ;
#1264 =( LENGTH_UNIT ( ) NAMED_UNIT ( * ) SI_UNIT ( .MILLI., .METRE. ) );
#1265 = CLOSED_SHELL ( 'NONE', ( #2074, #2263, #2224, #2435, #803, #1748, #1567, #1714, #152, #547, #1979, #1097, #754, #1261, #774, #324, #518, #592, #2670 ) ) ;
#1266 = CARTESIAN_POINT ( 'NONE',  ( 4.206272566987165900, 5.097518177467639700, 5.104999999999999500 ) ) ;
#1267 = SURFACE_STYLE_USAGE ( .BOTH. , #1991 ) ;
#1268 = CYLINDRICAL_SURFACE ( 'NONE', #2431, 0.5000000000000000000 ) ;
#1269 = CARTESIAN_POINT ( 'NONE',  ( 4.649249694123856400, 4.714641202699570300, 5.104999999999999500 ) ) ;
#1270 = CARTESIAN_POINT ( 'NONE',  ( 1.249999999999999800, 0.7500000000000000000, 2.274999999999999900 ) ) ;
#1271 = VECTOR ( 'NONE', #2803, 1000.000000000000000 ) ;
#1272 = DIRECTION ( 'NONE',  ( -0.0000000000000000000, -0.0000000000000000000, -1.000000000000000000 ) ) ;
#1273 = STYLED_ITEM ( 'NONE', ( #2930 ), #2422 ) ;
#1274 = EDGE_CURVE ( 'NONE', #2010, #1838, #2468, .T. ) ;
#1275 = ORIENTED_EDGE ( 'NONE', *, *, #95, .T. ) ;
#1276 =( NAMED_UNIT ( * ) PLANE_ANGLE_UNIT ( ) SI_UNIT ( $, .RADIAN. ) );
#1277 = ORIENTED_EDGE ( 'NONE', *, *, #2860, .T. ) ;
#1278 =( GEOMETRIC_REPRESENTATION_CONTEXT ( 3 ) GLOBAL_UNCERTAINTY_ASSIGNED_CONTEXT ( ( #1053 ) ) GLOBAL_UNIT_ASSIGNED_CONTEXT ( ( #1857, #1639, #2786 ) ) REPRESENTATION_CONTEXT ( 'NONE', 'WORKASPACE' ) );
#1279 = MECHANICAL_DESIGN_GEOMETRIC_PRESENTATION_REPRESENTATION (  '', ( #124 ), #1347 ) ;
#1280 = CARTESIAN_POINT ( 'NONE',  ( 0.0000000000000000000, 10.10000000000000000, 4.599999999999999600 ) ) ;
#1281 = FILL_AREA_STYLE ('',( #545 ) ) ;
#1282 = DIRECTION ( 'NONE',  ( -0.5132742654133490800, 0.8582246375305168100, 1.192485149286651400E-017 ) ) ;
#1283 = VECTOR ( 'NONE', #1151, 1000.000000000000100 ) ;
#1284 = CYLINDRICAL_SURFACE ( 'NONE', #633, 0.5000000000000004400 ) ;
#1285 = ORIENTED_EDGE ( 'NONE', *, *, #851, .F. ) ;
#1286 = CARTESIAN_POINT ( 'NONE',  ( 5.423785331102479300, 4.346029999999974100, 5.104999999999999500 ) ) ;
#1287 = DIRECTION ( 'NONE',  ( 0.0000000000000000000, 0.0000000000000000000, -1.000000000000000000 ) ) ;
#1288 = VECTOR ( 'NONE', #2677, 999.9999999999998900 ) ;
#1289 = ORIENTED_EDGE ( 'NONE', *, *, #2502, .F. ) ;
#1290 = DIRECTION ( 'NONE',  ( -1.000000000000000000, 0.0000000000000000000, 0.0000000000000000000 ) ) ;
#1291 = VERTEX_POINT ( 'NONE', #1382 ) ;
#1292 = ADVANCED_FACE ( 'NONE', ( #1999 ), #1625, .F. ) ;
#1293 = CARTESIAN_POINT ( 'NONE',  ( 5.123987002082493800, 5.025080750418628600, 5.104999999999999500 ) ) ;
#1294 = ORIENTED_EDGE ( 'NONE', *, *, #812, .T. ) ;
#1295 = PLANE ( 'NONE',  #1016 ) ;
#1296 = ORIENTED_EDGE ( 'NONE', *, *, #708, .T. ) ;
#1297 = CARTESIAN_POINT ( 'NONE',  ( 3.627526669445907600, 5.093916612811269400, 5.104999999999999500 ) ) ;
#1298 = EDGE_CURVE ( 'NONE', #2269, #671, #2825, .T. ) ;
#1299 = VERTEX_POINT ( 'NONE', #3008 ) ;
#1300 = FACE_OUTER_BOUND ( 'NONE', #2762, .T. ) ;
#1301 = CARTESIAN_POINT ( 'NONE',  ( 4.546674068174846500, 5.186093679346321000, 5.104999999999999500 ) ) ;
#1302 = ORIENTED_EDGE ( 'NONE', *, *, #729, .T. ) ;
#1303 = EDGE_CURVE ( 'NONE', #780, #2240, #2512, .T. ) ;
#1304 = ORIENTED_EDGE ( 'NONE', *, *, #2378, .T. ) ;
#1305 = CARTESIAN_POINT ( 'NONE',  ( 4.445467546307046500, 5.186093679346321000, 5.104999999999999500 ) ) ;
#1306 = DIRECTION ( 'NONE',  ( 1.000000000000000000, 0.0000000000000000000, 0.0000000000000000000 ) ) ;
#1307 = VECTOR ( 'NONE', #2472, 1000.000000000000000 ) ;
#1308 = DIRECTION ( 'NONE',  ( 0.0000000000000000000, 0.0000000000000000000, 1.000000000000000000 ) ) ;
#1309 = STYLED_ITEM ( 'NONE', ( #2354 ), #1549 ) ;
#1310 = ADVANCED_FACE ( 'NONE', ( #1319 ), #2828, .T. ) ;
#1311 = PLANE ( 'NONE',  #792 ) ;
#1312 = SURFACE_STYLE_USAGE ( .BOTH. , #814 ) ;
#1313 = PLANE ( 'NONE',  #1438 ) ;
#1314 = LINE ( 'NONE', #731, #1623 ) ;
#1315 = CARTESIAN_POINT ( 'NONE',  ( 4.305042284858450000, 4.346029999999974100, 5.099999999999999600 ) ) ;
#1316 = DIRECTION ( 'NONE',  ( -1.000000000000000000, 0.0000000000000000000, 0.0000000000000000000 ) ) ;
#1317 = ORIENTED_EDGE ( 'NONE', *, *, #550, .F. ) ;
#1318 = EDGE_CURVE ( 'NONE', #1337, #2219, #1669, .T. ) ;
#1319 = FACE_OUTER_BOUND ( 'NONE', #907, .T. ) ;
#1320 = DIRECTION ( 'NONE',  ( -1.000000000000000000, -0.0000000000000000000, -0.0000000000000000000 ) ) ;
#1321 = VECTOR ( 'NONE', #826, 1000.000000000000200 ) ;
#1322 = CARTESIAN_POINT ( 'NONE',  ( 4.749999999999999100, 1.683889348827610800E-016, 0.0000000000000000000 ) ) ;
#1323 = EDGE_LOOP ( 'NONE', ( #2812, #1527, #1724, #1835 ) ) ;
#1324 = EDGE_CURVE ( 'NONE', #2113, #2478, #823, .T. ) ;
#1325 = CARTESIAN_POINT ( 'NONE',  ( 5.618622316200645500, 5.023893000369663600, 5.104999999999999500 ) ) ;
#1326 = EDGE_LOOP ( 'NONE', ( #2836, #2894, #387, #33 ) ) ;
#1327 = PRESENTATION_STYLE_ASSIGNMENT (( #1792 ) ) ;
#1328 = ORIENTED_EDGE ( 'NONE', *, *, #909, .F. ) ;
#1329 = STYLED_ITEM ( 'NONE', ( #1358 ), #1310 ) ;
#1330 = CARTESIAN_POINT ( 'NONE',  ( 4.739023163253611900, 5.026163774117507400, 5.104999999999999500 ) ) ;
#1331 = CARTESIAN_POINT ( 'NONE',  ( 5.123987002082493800, 5.025080750418628600, 5.099999999999999600 ) ) ;
#1332 = ORIENTED_EDGE ( 'NONE', *, *, #1811, .F. ) ;
#1333 = CARTESIAN_POINT ( 'NONE',  ( 2.958275000000000000, 0.3482480000000001100, 5.099999999999999600 ) ) ;
#1334 = ORIENTED_EDGE ( 'NONE', *, *, #1049, .T. ) ;
#1335 = DIRECTION ( 'NONE',  ( -0.0000000000000000000, -0.0000000000000000000, -1.000000000000000000 ) ) ;
#1336 = ORIENTED_EDGE ( 'NONE', *, *, #1175, .F. ) ;
#1337 = VERTEX_POINT ( 'NONE', #2129 ) ;
#1338 = COLOUR_RGB ( '',0.4980392156862745200, 0.4980392156862745200, 0.4980392156862745200 ) ;
#1339 = DIRECTION ( 'NONE',  ( -0.0000000000000000000, -0.0000000000000000000, -1.000000000000000000 ) ) ;
#1340 = CARTESIAN_POINT ( 'NONE',  ( 4.589652739086718100, 4.505883276192119700, 5.104999999999999500 ) ) ;
#1341 = FACE_OUTER_BOUND ( 'NONE', #1712, .T. ) ;
#1342 = CARTESIAN_POINT ( 'NONE',  ( 3.212710713445078500, 4.714641202701255200, 5.104999999999999500 ) ) ;
#1343 = EDGE_CURVE ( 'NONE', #840, #2394, #2359, .T. ) ;
#1344 = ORIENTED_EDGE ( 'NONE', *, *, #2502, .T. ) ;
#1345 = CARTESIAN_POINT ( 'NONE',  ( 0.0000000000000000000, 0.0000000000000000000, 5.099999999999999600 ) ) ;
#1346 = DIRECTION ( 'NONE',  ( -0.9617234872620597000, 0.2740217765954066600, 0.0000000000000000000 ) ) ;
#1347 =( GEOMETRIC_REPRESENTATION_CONTEXT ( 3 ) GLOBAL_UNCERTAINTY_ASSIGNED_CONTEXT ( ( #1397 ) ) GLOBAL_UNIT_ASSIGNED_CONTEXT ( ( #2892, #300, #762 ) ) REPRESENTATION_CONTEXT ( 'NONE', 'WORKASPACE' ) );
#1348 = FACE_OUTER_BOUND ( 'NONE', #42, .T. ) ;
#1349 = CARTESIAN_POINT ( 'NONE',  ( 7.250000024999999400, 0.7500000000000000000, 4.850000025000000800 ) ) ;
#1350 = CARTESIAN_POINT ( 'NONE',  ( 4.445467546307046500, 5.186093679346321000, 5.104999999999999500 ) ) ;
#1351 = SURFACE_STYLE_FILL_AREA ( #1824 ) ;
#1352 = STYLED_ITEM ( 'NONE', ( #1155 ), #1523 ) ;
#1353 = CARTESIAN_POINT ( 'NONE',  ( 3.257068707667527500, 4.869940159897062400, 5.099999999999999600 ) ) ;
#1354 = VECTOR ( 'NONE', #1235, 1000.000000000000200 ) ;
#1355 = LINE ( 'NONE', #176, #750 ) ;
#1356 = FILL_AREA_STYLE_COLOUR ( '', #2674 ) ;
#1357 = PLANE ( 'NONE',  #2304 ) ;
#1358 = PRESENTATION_STYLE_ASSIGNMENT (( #3022 ) ) ;
#1359 = MANIFOLD_SOLID_BREP ( 'Body-Move/Copy1[2]', #813 ) ;
#1360 = VERTEX_POINT ( 'NONE', #1693 ) ;
#1361 = CARTESIAN_POINT ( 'NONE',  ( 5.184483071133123600, 4.346029999999974100, 5.099999999999999600 ) ) ;
#1362 = CARTESIAN_POINT ( 'NONE',  ( 3.750000000000000000, 0.3482480000000002200, 5.099999999999999600 ) ) ;
#1363 = CARTESIAN_POINT ( 'NONE',  ( 0.0000000000000000000, 9.599999999999999600, 5.099999999999999600 ) ) ;
#1364 = COLOUR_RGB ( '',0.4980392156862745200, 0.4980392156862745200, 0.4980392156862745200 ) ;
#1365 = EDGE_CURVE ( 'NONE', #1530, #2267, #444, .T. ) ;
#1366 = ORIENTED_EDGE ( 'NONE', *, *, #1630, .F. ) ;
#1367 = LINE ( 'NONE', #1617, #2548 ) ;
#1368 = ORIENTED_EDGE ( 'NONE', *, *, #393, .F. ) ;
#1369 = EDGE_CURVE ( 'NONE', #473, #942, #2906, .T. ) ;
#1370 = PLANE ( 'NONE',  #182 ) ;
#1371 =( NAMED_UNIT ( * ) PLANE_ANGLE_UNIT ( ) SI_UNIT ( $, .RADIAN. ) );
#1372 = ORIENTED_EDGE ( 'NONE', *, *, #2586, .T. ) ;
#1373 = CARTESIAN_POINT ( 'NONE',  ( 2.941970114604301600, 5.026191871431327800, 5.099999999999999600 ) ) ;
#1374 = VERTEX_POINT ( 'NONE', #35 ) ;
#1375 = CARTESIAN_POINT ( 'NONE',  ( 4.739023163253611900, 5.026163774117507400, 5.099999999999999600 ) ) ;
#1376 = LINE ( 'NONE', #2058, #1718 ) ;
#1377 = ADVANCED_FACE ( 'NONE', ( #403 ), #1945, .F. ) ;
#1378 = ORIENTED_EDGE ( 'NONE', *, *, #909, .T. ) ;
#1379 = PLANE ( 'NONE',  #595 ) ;
#1380 = DIRECTION ( 'NONE',  ( -0.0000000000000000000, -0.0000000000000000000, -1.000000000000000000 ) ) ;
#1381 = ORIENTED_EDGE ( 'NONE', *, *, #1590, .T. ) ;
#1382 = CARTESIAN_POINT ( 'NONE',  ( 3.412786569584181700, 4.346029999999974100, 5.104999999999999500 ) ) ;
#1383 = ORIENTED_EDGE ( 'NONE', *, *, #1262, .T. ) ;
#1384 = FILL_AREA_STYLE ('',( #1875 ) ) ;
#1385 = SURFACE_STYLE_FILL_AREA ( #2936 ) ;
#1386 =( NAMED_UNIT ( * ) SI_UNIT ( $, .STERADIAN. ) SOLID_ANGLE_UNIT ( ) );
#1387 = PRESENTATION_LAYER_ASSIGNMENT (  '', '', ( #1545 ) ) ;
#1388 = FACE_OUTER_BOUND ( 'NONE', #1524, .T. ) ;
#1389 = EDGE_CURVE ( 'NONE', #2387, #1063, #1314, .T. ) ;
#1390 = CARTESIAN_POINT ( 'NONE',  ( 3.370127186319229900, 5.186093679346321000, 5.104999999999999500 ) ) ;
#1391 = AXIS2_PLACEMENT_3D ( 'NONE', #373, #1839, #2089 ) ;
#1392 = PRESENTATION_LAYER_ASSIGNMENT (  '', '', ( #2667 ) ) ;
#1393 = DIRECTION ( 'NONE',  ( -0.2764273280489765200, -0.9610348236706636200, 0.0000000000000000000 ) ) ;
#1394 = DIRECTION ( 'NONE',  ( 0.0000000000000000000, 0.0000000000000000000, -1.000000000000000000 ) ) ;
#1395 = UNCERTAINTY_MEASURE_WITH_UNIT (LENGTH_MEASURE( 1.000000000000000100E-005 ), #390, 'distance_accuracy_value', 'NONE');
#1396 = CARTESIAN_POINT ( 'NONE',  ( 4.546674068174846500, 5.186093679346321000, 5.099999999999999600 ) ) ;
#1397 = UNCERTAINTY_MEASURE_WITH_UNIT (LENGTH_MEASURE( 1.000000000000000100E-005 ), #2892, 'distance_accuracy_value', 'NONE');
#1398 = PRESENTATION_STYLE_ASSIGNMENT (( #201 ) ) ;
#1399 = CARTESIAN_POINT ( 'NONE',  ( 2.749516292503984400, 5.186093679346321000, 5.104999999999999500 ) ) ;
#1400 = DIRECTION ( 'NONE',  ( -0.2762517575166416100, -0.9610853065513833600, 0.0000000000000000000 ) ) ;
#1401 = ORIENTED_EDGE ( 'NONE', *, *, #1274, .F. ) ;
#1402 = FACE_OUTER_BOUND ( 'NONE', #1972, .T. ) ;
#1403 = CARTESIAN_POINT ( 'NONE',  ( 5.123987002082493800, 5.025080750418628600, 5.099999999999999600 ) ) ;
#1404 = CARTESIAN_POINT ( 'NONE',  ( 3.990469877836536000, 4.346029999999974100, 5.104999999999999500 ) ) ;
#1405 = EDGE_CURVE ( 'NONE', #562, #2994, #2251, .T. ) ;
#1406 = VERTEX_POINT ( 'NONE', #12 ) ;
#1407 = DIRECTION ( 'NONE',  ( -0.0000000000000000000, -0.0000000000000000000, -1.000000000000000000 ) ) ;
#1408 = VERTEX_POINT ( 'NONE', #2397 ) ;
#1409 = STYLED_ITEM ( 'NONE', ( #770 ), #2713 ) ;
#1410 =( GEOMETRIC_REPRESENTATION_CONTEXT ( 3 ) GLOBAL_UNCERTAINTY_ASSIGNED_CONTEXT ( ( #885 ) ) GLOBAL_UNIT_ASSIGNED_CONTEXT ( ( #1060, #1804, #2711 ) ) REPRESENTATION_CONTEXT ( 'NONE', 'WORKASPACE' ) );
#1411 = DIRECTION ( 'NONE',  ( -0.0000000000000000000, -0.0000000000000000000, -1.000000000000000000 ) ) ;
#1412 = CARTESIAN_POINT ( 'NONE',  ( 3.412786569584181700, 4.346029999999974100, 5.104999999999999500 ) ) ;
#1413 = VERTEX_POINT ( 'NONE', #1684 ) ;
#1414 = CARTESIAN_POINT ( 'NONE',  ( 1.442892915397364600E-016, 9.892893218813451700, -2.893915774544653900E-016 ) ) ;
#1415 = SURFACE_SIDE_STYLE ('',( #2804 ) ) ;
#1416 = DIRECTION ( 'NONE',  ( -2.323290353016864100E-017, 0.0000000000000000000, -1.000000000000000000 ) ) ;
#1417 = SURFACE_SIDE_STYLE ('',( #295 ) ) ;
#1418 = ORIENTED_EDGE ( 'NONE', *, *, #287, .T. ) ;
#1419 = LINE ( 'NONE', #535, #159 ) ;
#1420 = CARTESIAN_POINT ( 'NONE',  ( 0.0000000000000000000, 9.599999999999999600, 5.099999999999999600 ) ) ;
#1421 = ORIENTED_EDGE ( 'NONE', *, *, #974, .F. ) ;
#1422 = CARTESIAN_POINT ( 'NONE',  ( 2.158452242077110400, 4.346029999999974100, 5.104999999999999500 ) ) ;
#1423 = CARTESIAN_POINT ( 'NONE',  ( 3.324711711409868100, 5.026191871431327800, 5.104999999999999500 ) ) ;
#1424 = CLOSED_SHELL ( 'NONE', ( #504, #1229, #2323, #2022, #1490, #532, #2209, #2250, #166, #1292, #787, #309, #135 ) ) ;
#1425 = VECTOR ( 'NONE', #1741, 1000.000000000000000 ) ;
#1426 = EDGE_CURVE ( 'NONE', #639, #1337, #1005, .T. ) ;
#1427 = FILL_AREA_STYLE_COLOUR ( '', #2062 ) ;
#1428 = CARTESIAN_POINT ( 'NONE',  ( 6.250000000000000000, -19.00000000000000000, 2.825000000000000200 ) ) ;
#1429 = CARTESIAN_POINT ( 'NONE',  ( 4.985094321338968000, 4.505883276192119700, 5.099999999999999600 ) ) ;
#1430 = CARTESIAN_POINT ( 'NONE',  ( 2.941970114604301600, 5.026191871431327800, 5.104999999999999500 ) ) ;
#1431 = LINE ( 'NONE', #2331, #1657 ) ;
#1432 = DIRECTION ( 'NONE',  ( -0.0000000000000000000, -0.0000000000000000000, -1.000000000000000000 ) ) ;
#1433 = EDGE_CURVE ( 'NONE', #847, #224, #929, .T. ) ;
#1434 = VECTOR ( 'NONE', #2261, 1000.000000000000000 ) ;
#1435 = LINE ( 'NONE', #884, #2360 ) ;
#1436 = PLANE ( 'NONE',  #1114 ) ;
#1437 = VECTOR ( 'NONE', #1171, 1000.000000000000000 ) ;
#1438 = AXIS2_PLACEMENT_3D ( 'NONE', #1573, #1346, #1593 ) ;
#1439 = COLOUR_RGB ( '',0.4980392156862745200, 0.4980392156862745200, 0.4980392156862745200 ) ;
#1440 = VECTOR ( 'NONE', #1887, 1000.000000000000000 ) ;
#1441 =( NAMED_UNIT ( * ) SI_UNIT ( $, .STERADIAN. ) SOLID_ANGLE_UNIT ( ) );
#1442 =( NAMED_UNIT ( * ) SI_UNIT ( $, .STERADIAN. ) SOLID_ANGLE_UNIT ( ) );
#1443 = ORIENTED_EDGE ( 'NONE', *, *, #1135, .T. ) ;
#1444 = DIRECTION ( 'NONE',  ( 0.0000000000000000000, 0.0000000000000000000, -1.000000000000000000 ) ) ;
#1445 = ORIENTED_EDGE ( 'NONE', *, *, #1110, .T. ) ;
#1446 = CARTESIAN_POINT ( 'NONE',  ( 4.939735041056652100, 4.346029999999974100, 5.104999999999999500 ) ) ;
#1447 = ORIENTED_EDGE ( 'NONE', *, *, #2474, .T. ) ;
#1448 = ORIENTED_EDGE ( 'NONE', *, *, #174, .F. ) ;
#1449 = DIRECTION ( 'NONE',  ( 1.000000000000000000, 5.694109626320597000E-016, 0.0000000000000000000 ) ) ;
#1450 = EDGE_CURVE ( 'NONE', #598, #581, #855, .T. ) ;
#1451 = VERTEX_POINT ( 'NONE', #1195 ) ;
#1452 =( GEOMETRIC_REPRESENTATION_CONTEXT ( 3 ) GLOBAL_UNCERTAINTY_ASSIGNED_CONTEXT ( ( #2499 ) ) GLOBAL_UNIT_ASSIGNED_CONTEXT ( ( #1264, #113, #133 ) ) REPRESENTATION_CONTEXT ( 'NONE', 'WORKASPACE' ) );
#1453 = AXIS2_PLACEMENT_3D ( 'NONE', #2194, #2429, #2876 ) ;
#1454 = CARTESIAN_POINT ( 'NONE',  ( 1.844625690998455700, 4.346029999999974100, 5.099999999999999600 ) ) ;
#1455 = ORIENTED_EDGE ( 'NONE', *, *, #1030, .F. ) ;
#1456 = LINE ( 'NONE', #315, #187 ) ;
#1457 = CARTESIAN_POINT ( 'NONE',  ( 6.250000000000000000, 0.7500000000000006700, 2.550000000000000300 ) ) ;
#1458 = EDGE_LOOP ( 'NONE', ( #1787, #2959, #1504, #2373 ) ) ;
#1459 = SURFACE_SIDE_STYLE ('',( #555 ) ) ;
#1460 = LINE ( 'NONE', #2900, #920 ) ;
#1461 = ORIENTED_EDGE ( 'NONE', *, *, #1870, .T. ) ;
#1462 = PLANE ( 'NONE',  #475 ) ;
#1463 = LINE ( 'NONE', #2178, #2856 ) ;
#1464 = PLANE ( 'NONE',  #1009 ) ;
#1465 = EDGE_CURVE ( 'NONE', #1299, #2483, #273, .T. ) ;
#1466 = DIRECTION ( 'NONE',  ( 0.0000000000000000000, -1.000000000000000000, 0.0000000000000000000 ) ) ;
#1467 = CARTESIAN_POINT ( 'NONE',  ( 2.340696523052773000, 5.186093679346321000, 5.099999999999999600 ) ) ;
#1468 = COLOUR_RGB ( '',0.4980392156862745200, 0.4980392156862745200, 0.4980392156862745200 ) ;
#1469 =( GEOMETRIC_REPRESENTATION_CONTEXT ( 3 ) GLOBAL_UNCERTAINTY_ASSIGNED_CONTEXT ( ( #1728 ) ) GLOBAL_UNIT_ASSIGNED_CONTEXT ( ( #2380, #1909, #2118 ) ) REPRESENTATION_CONTEXT ( 'NONE', 'WORKASPACE' ) );
#1470 = DIRECTION ( 'NONE',  ( 0.0000000000000000000, -1.000000000000000000, 0.0000000000000000000 ) ) ;
#1471 = DIRECTION ( 'NONE',  ( -0.0000000000000000000, -0.0000000000000000000, -1.000000000000000000 ) ) ;
#1472 = ADVANCED_FACE ( 'NONE', ( #2746 ), #1757, .F. ) ;
#1473 = DIRECTION ( 'NONE',  ( 1.000000000000000000, 0.0000000000000000000, -2.323290353016864100E-017 ) ) ;
#1474 = SURFACE_STYLE_USAGE ( .BOTH. , #1988 ) ;
#1475 = EDGE_LOOP ( 'NONE', ( #2187, #2968, #1177, #2124 ) ) ;
#1476 = DIRECTION ( 'NONE',  ( 0.0000000000000000000, -1.000000000000000000, 0.0000000000000000000 ) ) ;
#1477 = LINE ( 'NONE', #211, #1440 ) ;
#1478 = COLOUR_RGB ( '',0.4980392156862745200, 0.4980392156862745200, 0.4980392156862745200 ) ;
#1479 = ORIENTED_EDGE ( 'NONE', *, *, #393, .T. ) ;
#1480 = APPLICATION_PROTOCOL_DEFINITION ( 'draft international standard', 'automotive_design', 1998, #1052 ) ;
#1481 = VECTOR ( 'NONE', #2234, 1000.000000000000000 ) ;
#1482 = ORIENTED_EDGE ( 'NONE', *, *, #406, .F. ) ;
#1483 = FACE_OUTER_BOUND ( 'NONE', #147, .T. ) ;
#1484 = DIRECTION ( 'NONE',  ( -0.0000000000000000000, -0.0000000000000000000, -1.000000000000000000 ) ) ;
#1485 = EDGE_CURVE ( 'NONE', #5, #1820, #1544, .T. ) ;
#1486 = COLOUR_RGB ( '',0.4980392156862745200, 0.4980392156862745200, 0.4980392156862745200 ) ;
#1487 = ORIENTED_EDGE ( 'NONE', *, *, #388, .T. ) ;
#1488 = LINE ( 'NONE', #594, #1864 ) ;
#1489 = ORIENTED_EDGE ( 'NONE', *, *, #322, .T. ) ;
#1490 = ADVANCED_FACE ( 'NONE', ( #1583 ), #2174, .F. ) ;
#1491 = EDGE_CURVE ( 'NONE', #2293, #172, #1666, .T. ) ;
#1492 = ORIENTED_EDGE ( 'NONE', *, *, #1885, .T. ) ;
#1493 = FACE_OUTER_BOUND ( 'NONE', #2155, .T. ) ;
#1494 = CARTESIAN_POINT ( 'NONE',  ( 1.844625690998455700, 4.346029999999974100, 5.104999999999999500 ) ) ;
#1495 = CARTESIAN_POINT ( 'NONE',  ( 4.693556602321803200, 4.869912062582796100, 5.104999999999999500 ) ) ;
#1496 = ORIENTED_EDGE ( 'NONE', *, *, #2494, .F. ) ;
#1497 = VECTOR ( 'NONE', #4, 1000.000000000000000 ) ;
#1498 = AXIS2_PLACEMENT_3D ( 'NONE', #1698, #2893, #260 ) ;
#1499 = CARTESIAN_POINT ( 'NONE',  ( 3.627526669445907600, 5.093916612811269400, 5.099999999999999600 ) ) ;
#1500 = DIRECTION ( 'NONE',  ( 0.2762437428917223800, 0.9610876102172850600, 0.0000000000000000000 ) ) ;
#1501 = ORIENTED_EDGE ( 'NONE', *, *, #2841, .T. ) ;
#1502 = VECTOR ( 'NONE', #1849, 1000.000000000000000 ) ;
#1503 = FILL_AREA_STYLE_COLOUR ( '', #1468 ) ;
#1504 = ORIENTED_EDGE ( 'NONE', *, *, #2977, .F. ) ;
#1505 = PRESENTATION_STYLE_ASSIGNMENT (( #2204 ) ) ;
#1506 = CARTESIAN_POINT ( 'NONE',  ( 4.305042284858450000, 4.346029999999974100, 5.104999999999999500 ) ) ;
#1507 = LINE ( 'NONE', #442, #167 ) ;
#1508 = CARTESIAN_POINT ( 'NONE',  ( 4.939735041056652100, 4.346029999999974100, 5.099999999999999600 ) ) ;
#1509 = ADVANCED_FACE ( 'NONE', ( #2137 ), #1158, .T. ) ;
#1510 = PLANE ( 'NONE',  #1609 ) ;
#1511 = CARTESIAN_POINT ( 'NONE',  ( -0.09118294889182533600, 1.627016963945832300, 5.104999999999997800 ) ) ;
#1512 = EDGE_CURVE ( 'NONE', #183, #2619, #2509, .T. ) ;
#1513 = VECTOR ( 'NONE', #2852, 1000.000000000000200 ) ;
#1514 = CARTESIAN_POINT ( 'NONE',  ( 1.983676739086863500, 4.827858048026307400, 5.099999999999999600 ) ) ;
#1515 = LINE ( 'NONE', #1667, #64 ) ;
#1516 = PRESENTATION_LAYER_ASSIGNMENT (  '', '', ( #2929 ) ) ;
#1517 = FILL_AREA_STYLE ('',( #575 ) ) ;
#1518 = VECTOR ( 'NONE', #2439, 1000.000000000000100 ) ;
#1519 = CARTESIAN_POINT ( 'NONE',  ( 4.445467546307046500, 5.186093679346321000, 5.099999999999999600 ) ) ;
#1520 = VERTEX_POINT ( 'NONE', #1258 ) ;
#1521 = PRESENTATION_LAYER_ASSIGNMENT (  '', '', ( #701 ) ) ;
#1522 = ORIENTED_EDGE ( 'NONE', *, *, #2946, .T. ) ;
#1523 = ADVANCED_FACE ( 'NONE', ( #2434 ), #2432, .F. ) ;
#1524 = EDGE_LOOP ( 'NONE', ( #1649, #2367, #866, #1443 ) ) ;
#1525 = FILL_AREA_STYLE ('',( #2493 ) ) ;
#1526 = CARTESIAN_POINT ( 'NONE',  ( 5.054065561692001800, 4.869912062582796100, 5.104999999999999500 ) ) ;
#1527 = ORIENTED_EDGE ( 'NONE', *, *, #1220, .F. ) ;
#1528 = DIRECTION ( 'NONE',  ( 0.0000000000000000000, -0.0000000000000000000, 1.000000000000000000 ) ) ;
#1529 = CARTESIAN_POINT ( 'NONE',  ( 0.0000000000000000000, 10.10000000000000000, 0.4999999999999995600 ) ) ;
#1530 = VERTEX_POINT ( 'NONE', #767 ) ;
#1531 = EDGE_CURVE ( 'NONE', #297, #543, #786, .T. ) ;
#1532 = DIRECTION ( 'NONE',  ( 0.0000000000000000000, -1.000000000000000000, 0.0000000000000000000 ) ) ;
#1533 = SURFACE_STYLE_USAGE ( .BOTH. , #2943 ) ;
#1534 = ORIENTED_EDGE ( 'NONE', *, *, #2977, .T. ) ;
#1535 = AXIS2_PLACEMENT_3D ( 'NONE', #2116, #2773, #3036 ) ;
#1536 = ADVANCED_FACE ( 'NONE', ( #1877 ), #1736, .F. ) ;
#1537 = VECTOR ( 'NONE', #2971, 1000.000000000000000 ) ;
#1538 =( NAMED_UNIT ( * ) SI_UNIT ( $, .STERADIAN. ) SOLID_ANGLE_UNIT ( ) );
#1539 = PRODUCT_CONTEXT ( 'NONE', #482, 'mechanical' ) ;
#1540 = LINE ( 'NONE', #571, #1434 ) ;
#1541 = CARTESIAN_POINT ( 'NONE',  ( 2.750000000000000400, 1.683889348827610800E-016, 0.0000000000000000000 ) ) ;
#1542 = EDGE_CURVE ( 'NONE', #2590, #917, #1737, .T. ) ;
#1543 =( NAMED_UNIT ( * ) SI_UNIT ( $, .STERADIAN. ) SOLID_ANGLE_UNIT ( ) );
#1544 = LINE ( 'NONE', #2184, #2715 ) ;
#1545 = STYLED_ITEM ( 'NONE', ( #2598 ), #2451 ) ;
#1546 = EDGE_CURVE ( 'NONE', #603, #2651, #1953, .T. ) ;
#1547 = ORIENTED_EDGE ( 'NONE', *, *, #1491, .T. ) ;
#1548 = CARTESIAN_POINT ( 'NONE',  ( 5.618622316200645500, 5.023893000369663600, 5.099999999999999600 ) ) ;
#1549 = ADVANCED_FACE ( 'NONE', ( #272 ), #2907, .F. ) ;
#1550 = CIRCLE ( 'NONE', #1498, 0.2750000000000000800 ) ;
#1551 = EDGE_LOOP ( 'NONE', ( #79, #1565, #1183, #938 ) ) ;
#1552 = DIRECTION ( 'NONE',  ( 0.0000000000000000000, -1.000000000000000000, 0.0000000000000000000 ) ) ;
#1553 = CARTESIAN_POINT ( 'NONE',  ( 2.852196645472536500, 4.714641202701255200, 5.104999999999999500 ) ) ;
#1554 = DIRECTION ( 'NONE',  ( 1.000000000000000000, 0.0000000000000000000, 0.0000000000000000000 ) ) ;
#1555 = LINE ( 'NONE', #2689, #831 ) ;
#1556 = ORIENTED_EDGE ( 'NONE', *, *, #34, .T. ) ;
#1557 = CARTESIAN_POINT ( 'NONE',  ( 2.896503553671502900, 4.869940159897062400, 5.104999999999999500 ) ) ;
#1558 =( NAMED_UNIT ( * ) PLANE_ANGLE_UNIT ( ) SI_UNIT ( $, .RADIAN. ) );
#1559 = ORIENTED_EDGE ( 'NONE', *, *, #734, .T. ) ;
#1560 = SURFACE_STYLE_USAGE ( .BOTH. , #1796 ) ;
#1561 = ORIENTED_EDGE ( 'NONE', *, *, #388, .F. ) ;
#1562 = DIRECTION ( 'NONE',  ( 1.000000000000000000, 0.0000000000000000000, 0.0000000000000000000 ) ) ;
#1563 = VECTOR ( 'NONE', #1584, 1000.000000000000000 ) ;
#1564 = DIRECTION ( 'NONE',  ( -0.0000000000000000000, -0.0000000000000000000, -1.000000000000000000 ) ) ;
#1565 = ORIENTED_EDGE ( 'NONE', *, *, #2846, .F. ) ;
#1566 = ORIENTED_EDGE ( 'NONE', *, *, #142, .T. ) ;
#1567 = ADVANCED_FACE ( 'NONE', ( #2608 ), #552, .F. ) ;
#1568 = CARTESIAN_POINT ( 'NONE',  ( 3.809558942749218700, 4.346029999999974100, 5.099999999999999600 ) ) ;
#1569 = EDGE_CURVE ( 'NONE', #1299, #1105, #1921, .T. ) ;
#1570 = DIRECTION ( 'NONE',  ( -0.8582246375305168100, -0.5132742654133490800, 0.0000000000000000000 ) ) ;
#1571 = VECTOR ( 'NONE', #2942, 1000.000000000000000 ) ;
#1572 =( NAMED_UNIT ( * ) SI_UNIT ( $, .STERADIAN. ) SOLID_ANGLE_UNIT ( ) );
#1573 = CARTESIAN_POINT ( 'NONE',  ( 2.792706971083416300, 4.505852624580094300, 5.104999999999999500 ) ) ;
#1574 = VERTEX_POINT ( 'NONE', #2276 ) ;
#1575 = AXIS2_PLACEMENT_3D ( 'NONE', #2562, #636, #1128 ) ;
#1576 = ORIENTED_EDGE ( 'NONE', *, *, #2298, .F. ) ;
#1577 = CARTESIAN_POINT ( 'NONE',  ( 3.779365435797723500, 4.585941393327298800, 5.104999999999999500 ) ) ;
#1578 = LINE ( 'NONE', #1213, #699 ) ;
#1579 = CARTESIAN_POINT ( 'NONE',  ( 2.792706971083416300, 4.505852624580094300, 5.099999999999999600 ) ) ;
#1580 = AXIS2_PLACEMENT_3D ( 'NONE', #2228, #984, #284 ) ;
#1581 = FACE_OUTER_BOUND ( 'NONE', #994, .T. ) ;
#1582 = CARTESIAN_POINT ( 'NONE',  ( 6.999999999999999100, 10.10000000000000000, 5.099999999999999600 ) ) ;
#1583 = FACE_OUTER_BOUND ( 'NONE', #464, .T. ) ;
#1584 = DIRECTION ( 'NONE',  ( -0.0000000000000000000, -1.000000000000000000, -0.0000000000000000000 ) ) ;
#1585 = EDGE_CURVE ( 'NONE', #562, #865, #1198, .T. ) ;
#1586 = LINE ( 'NONE', #2760, #2911 ) ;
#1587 = DIRECTION ( 'NONE',  ( -1.000000000000000000, 0.0000000000000000000, 0.0000000000000000000 ) ) ;
#1588 = LINE ( 'NONE', #796, #1085 ) ;
#1589 = ORIENTED_EDGE ( 'NONE', *, *, #1885, .F. ) ;
#1590 = EDGE_CURVE ( 'NONE', #2260, #2291, #57, .T. ) ;
#1591 = PLANE ( 'NONE',  #148 ) ;
#1592 = ORIENTED_EDGE ( 'NONE', *, *, #2358, .T. ) ;
#1593 = DIRECTION ( 'NONE',  ( -0.2740217765954066100, -0.9617234872620595800, 0.0000000000000000000 ) ) ;
#1594 = ORIENTED_EDGE ( 'NONE', *, *, #2459, .F. ) ;
#1595 = AXIS2_PLACEMENT_3D ( 'NONE', #776, #7, #1394 ) ;
#1596 =( NAMED_UNIT ( * ) PLANE_ANGLE_UNIT ( ) SI_UNIT ( $, .RADIAN. ) );
#1597 = CARTESIAN_POINT ( 'NONE',  ( 2.750000000000000400, 1.683889348827610800E-016, 5.099999999999999600 ) ) ;
#1598 = ORIENTED_EDGE ( 'NONE', *, *, #1324, .T. ) ;
#1599 = SURFACE_STYLE_USAGE ( .BOTH. , #2101 ) ;
#1600 = ORIENTED_EDGE ( 'NONE', *, *, #1630, .T. ) ;
#1601 = CARTESIAN_POINT ( 'NONE',  ( 4.077021330051222100, 5.186093679346321000, 5.099999999999999600 ) ) ;
#1602 = ORIENTED_EDGE ( 'NONE', *, *, #138, .F. ) ;
#1603 = LINE ( 'NONE', #2630, #1687 ) ;
#1604 = DIRECTION ( 'NONE',  ( -0.0000000000000000000, 1.000000000000000000, -0.0000000000000000000 ) ) ;
#1605 = CARTESIAN_POINT ( 'NONE',  ( 2.086364754964133500, 5.186093679346321000, 5.104999999999999500 ) ) ;
#1606 = EDGE_LOOP ( 'NONE', ( #2987, #2337, #844, #623 ) ) ;
#1607 = LINE ( 'NONE', #2571, #1689 ) ;
#1608 = CARTESIAN_POINT ( 'NONE',  ( 7.292893218813452100, 10.10000000000000000, 4.892893218813452600 ) ) ;
#1609 = AXIS2_PLACEMENT_3D ( 'NONE', #783, #1019, #2681 ) ;
#1610 = EDGE_CURVE ( 'NONE', #603, #1758, #556, .T. ) ;
#1611 = ORIENTED_EDGE ( 'NONE', *, *, #611, .T. ) ;
#1612 = CARTESIAN_POINT ( 'NONE',  ( 0.0000000000000000000, 0.0000000000000000000, 5.099999999999999600 ) ) ;
#1613 = AXIS2_PLACEMENT_3D ( 'NONE', #1577, #170, #2725 ) ;
#1614 = ADVANCED_FACE ( 'NONE', ( #1697 ), #1268, .T. ) ;
#1615 = AXIS2_PLACEMENT_3D ( 'NONE', #41, #2641, #2205 ) ;
#1616 = LINE ( 'NONE', #1454, #848 ) ;
#1617 = CARTESIAN_POINT ( 'NONE',  ( 4.749999999999999100, 1.683889348827610800E-016, 0.0000000000000000000 ) ) ;
#1618 = PRESENTATION_STYLE_ASSIGNMENT (( #175 ) ) ;
#1619 = CARTESIAN_POINT ( 'NONE',  ( 1.975362488086775900, 4.802161778192806100, 5.104999999999999500 ) ) ;
#1620 = SURFACE_STYLE_FILL_AREA ( #522 ) ;
#1621 = DIRECTION ( 'NONE',  ( -0.9999999968487352000, 7.938847109813992900E-005, 0.0000000000000000000 ) ) ;
#1622 = SURFACE_STYLE_USAGE ( .BOTH. , #2546 ) ;
#1623 = VECTOR ( 'NONE', #926, 1000.000000000000000 ) ;
#1624 = ORIENTED_EDGE ( 'NONE', *, *, #2185, .T. ) ;
#1625 = PLANE ( 'NONE',  #1535 ) ;
#1626 = FILL_AREA_STYLE ('',( #660 ) ) ;
#1627 = SURFACE_SIDE_STYLE ('',( #1880 ) ) ;
#1628 = LINE ( 'NONE', #2956, #2182 ) ;
#1629 = PRESENTATION_LAYER_ASSIGNMENT (  '', '', ( #967 ) ) ;
#1630 = EDGE_CURVE ( 'NONE', #2300, #2792, #267, .T. ) ;
#1631 = ORIENTED_EDGE ( 'NONE', *, *, #2012, .F. ) ;
#1632 = VECTOR ( 'NONE', #577, 1000.000000000000000 ) ;
#1633 = ORIENTED_EDGE ( 'NONE', *, *, #649, .T. ) ;
#1634 = EDGE_CURVE ( 'NONE', #2262, #1101, #627, .T. ) ;
#1635 = PLANE ( 'NONE',  #1193 ) ;
#1636 = VECTOR ( 'NONE', #306, 1000.000000000000000 ) ;
#1637 = VERTEX_POINT ( 'NONE', #2467 ) ;
#1638 = LINE ( 'NONE', #3059, #319 ) ;
#1639 =( NAMED_UNIT ( * ) PLANE_ANGLE_UNIT ( ) SI_UNIT ( $, .RADIAN. ) );
#1640 = ORIENTED_EDGE ( 'NONE', *, *, #2007, .F. ) ;
#1641 =( LENGTH_UNIT ( ) NAMED_UNIT ( * ) SI_UNIT ( .MILLI., .METRE. ) );
#1642 = CYLINDRICAL_SURFACE ( 'NONE', #1391, 0.2750000000000000800 ) ;
#1643 = ORIENTED_EDGE ( 'NONE', *, *, #3015, .F. ) ;
#1644 = LINE ( 'NONE', #443, #2200 ) ;
#1645 = CARTESIAN_POINT ( 'NONE',  ( 0.0000000000000000000, 0.0000000000000000000, 5.099999999999999600 ) ) ;
#1646 = VERTEX_POINT ( 'NONE', #1031 ) ;
#1647 = LINE ( 'NONE', #1898, #3035 ) ;
#1648 = EDGE_CURVE ( 'NONE', #1860, #2269, #441, .T. ) ;
#1649 = ORIENTED_EDGE ( 'NONE', *, *, #837, .T. ) ;
#1650 = FILL_AREA_STYLE ('',( #886 ) ) ;
#1651 = COLOUR_RGB ( '',0.4980392156862745200, 0.4980392156862745200, 0.4980392156862745200 ) ;
#1652 = SURFACE_STYLE_USAGE ( .BOTH. , #1417 ) ;
#1653 = CARTESIAN_POINT ( 'NONE',  ( 3.412786569584181700, 4.346029999999974100, 5.104999999999999500 ) ) ;
#1654 = ORIENTED_EDGE ( 'NONE', *, *, #95, .F. ) ;
#1655 =( GEOMETRIC_REPRESENTATION_CONTEXT ( 3 ) GLOBAL_UNCERTAINTY_ASSIGNED_CONTEXT ( ( #613 ) ) GLOBAL_UNIT_ASSIGNED_CONTEXT ( ( #2006, #2915, #2671 ) ) REPRESENTATION_CONTEXT ( 'NONE', 'WORKASPACE' ) );
#1656 = EDGE_CURVE ( 'NONE', #2619, #2040, #784, .T. ) ;
#1657 = VECTOR ( 'NONE', #696, 1000.000000000000000 ) ;
#1658 = DIRECTION ( 'NONE',  ( 0.2746459304916892800, 0.9615454294334481200, 0.0000000000000000000 ) ) ;
#1659 = PLANE ( 'NONE',  #895 ) ;
#1660 = STYLED_ITEM ( 'NONE', ( #2951 ), #815 ) ;
#1661 = COLOUR_RGB ( '',0.4980392156862745200, 0.4980392156862745200, 0.4980392156862745200 ) ;
#1662 = DIRECTION ( 'NONE',  ( 0.0000000000000000000, 0.0000000000000000000, 1.000000000000000000 ) ) ;
#1663 = DIRECTION ( 'NONE',  ( -0.0000000000000000000, -0.0000000000000000000, -1.000000000000000000 ) ) ;
#1664 = SURFACE_STYLE_USAGE ( .BOTH. , #1627 ) ;
#1665 = CARTESIAN_POINT ( 'NONE',  ( 2.750000000000000400, 1.683889348827610800E-016, 0.0000000000000000000 ) ) ;
#1666 = LINE ( 'NONE', #1514, #2947 ) ;
#1667 = CARTESIAN_POINT ( 'NONE',  ( 3.627526669445907600, 5.093916612811269400, 5.104999999999999500 ) ) ;
#1668 = VERTEX_POINT ( 'NONE', #2254 ) ;
#1669 = LINE ( 'NONE', #1217, #1008 ) ;
#1670 = DIRECTION ( 'NONE',  ( 0.2763139702539113000, 0.9610674221107073900, 0.0000000000000000000 ) ) ;
#1671 = VERTEX_POINT ( 'NONE', #1039 ) ;
#1672 = ORIENTED_EDGE ( 'NONE', *, *, #1154, .F. ) ;
#1673 =( LENGTH_UNIT ( ) NAMED_UNIT ( * ) SI_UNIT ( .MILLI., .METRE. ) );
#1674 = CARTESIAN_POINT ( 'NONE',  ( 0.2499999749999999900, 0.7500000000000000000, 4.850000024999999000 ) ) ;
#1675 = EDGE_CURVE ( 'NONE', #2928, #1123, #1540, .T. ) ;
#1676 = EDGE_LOOP ( 'NONE', ( #1445, #29, #286, #541 ) ) ;
#1677 = CARTESIAN_POINT ( 'NONE',  ( 2.224986679108016800, 4.802161778192812300, 5.104999999999999500 ) ) ;
#1678 = ORIENTED_EDGE ( 'NONE', *, *, #2591, .F. ) ;
#1679 = AXIS2_PLACEMENT_3D ( 'NONE', #1059, #92, #1995 ) ;
#1680 = MECHANICAL_DESIGN_GEOMETRIC_PRESENTATION_REPRESENTATION (  '', ( #2822 ), #1837 ) ;
#1681 = CARTESIAN_POINT ( 'NONE',  ( 3.258391835674214300, 4.505852624580094300, 5.099999999999999600 ) ) ;
#1682 = ORIENTED_EDGE ( 'NONE', *, *, #1634, .F. ) ;
#1683 = VECTOR ( 'NONE', #1564, 1000.000000000000000 ) ;
#1684 = CARTESIAN_POINT ( 'NONE',  ( 0.2499999749999999900, 0.0000000000000000000, 0.2499999749999998700 ) ) ;
#1685 = DIRECTION ( 'NONE',  ( 1.000000000000000000, 0.0000000000000000000, -2.323290353016864100E-017 ) ) ;
#1686 = ORIENTED_EDGE ( 'NONE', *, *, #1832, .T. ) ;
#1687 = VECTOR ( 'NONE', #975, 1000.000000000000000 ) ;
#1688 = ORIENTED_EDGE ( 'NONE', *, *, #570, .T. ) ;
#1689 = VECTOR ( 'NONE', #2551, 1000.000000000000000 ) ;
#1690 = CARTESIAN_POINT ( 'NONE',  ( 1.983676739086863500, 4.827858048026307400, 5.104999999999999500 ) ) ;
#1691 = ORIENTED_EDGE ( 'NONE', *, *, #2778, .F. ) ;
#1692 = EDGE_CURVE ( 'NONE', #2010, #2387, #16, .T. ) ;
#1693 = CARTESIAN_POINT ( 'NONE',  ( 3.585605478546084700, 4.346029999999974100, 5.104999999999999500 ) ) ;
#1694 = VECTOR ( 'NONE', #1147, 1000.000000000000000 ) ;
#1695 = EDGE_CURVE ( 'NONE', #1985, #172, #2605, .T. ) ;
#1696 = FILL_AREA_STYLE_COLOUR ( '', #2710 ) ;
#1697 = FACE_OUTER_BOUND ( 'NONE', #1907, .T. ) ;
#1698 = CARTESIAN_POINT ( 'NONE',  ( 1.249999999999999800, -19.00000000000000000, 2.550000000000000300 ) ) ;
#1699 = MECHANICAL_DESIGN_GEOMETRIC_PRESENTATION_REPRESENTATION (  '', ( #1329 ), #2346 ) ;
#1700 = CARTESIAN_POINT ( 'NONE',  ( 3.990469877836536000, 4.346029999999974100, 5.104999999999999500 ) ) ;
#1701 =( NAMED_UNIT ( * ) PLANE_ANGLE_UNIT ( ) SI_UNIT ( $, .RADIAN. ) );
#1702 = ORIENTED_EDGE ( 'NONE', *, *, #2440, .F. ) ;
#1703 = CARTESIAN_POINT ( 'NONE',  ( 3.257068707667527500, 4.869940159897062400, 5.104999999999999500 ) ) ;
#1704 = ORIENTED_EDGE ( 'NONE', *, *, #1194, .T. ) ;
#1705 = DIRECTION ( 'NONE',  ( -0.0000000000000000000, -0.0000000000000000000, -1.000000000000000000 ) ) ;
#1706 = CARTESIAN_POINT ( 'NONE',  ( 4.203943044314760500, 4.346029999999974100, 5.099999999999999600 ) ) ;
#1707 = SURFACE_STYLE_FILL_AREA ( #820 ) ;
#1708 = UNCERTAINTY_MEASURE_WITH_UNIT (LENGTH_MEASURE( 1.000000000000000100E-005 ), #2837, 'distance_accuracy_value', 'NONE');
#1709 = EDGE_CURVE ( 'NONE', #713, #48, #2287, .T. ) ;
#1710 = VECTOR ( 'NONE', #2639, 1000.000000000000000 ) ;
#1711 = FILL_AREA_STYLE ('',( #1427 ) ) ;
#1712 = EDGE_LOOP ( 'NONE', ( #2832, #1028, #299, #911 ) ) ;
#1713 = AXIS2_PLACEMENT_3D ( 'NONE', #1754, #2921, #1528 ) ;
#1714 = ADVANCED_FACE ( 'NONE', ( #2173 ), #1370, .F. ) ;
#1715 = EDGE_CURVE ( 'NONE', #429, #1055, #2093, .T. ) ;
#1716 = ORIENTED_EDGE ( 'NONE', *, *, #3039, .F. ) ;
#1717 = CARTESIAN_POINT ( 'NONE',  ( 3.990469877836536000, 4.346029999999974100, 5.104999999999999500 ) ) ;
#1718 = VECTOR ( 'NONE', #617, 1000.000000000000000 ) ;
#1719 = AXIS2_PLACEMENT_3D ( 'NONE', #2899, #81, #2872 ) ;
#1720 = ORIENTED_EDGE ( 'NONE', *, *, #3043, .T. ) ;
#1721 = DIRECTION ( 'NONE',  ( -0.2729786930694848000, -0.9620200793798827600, 0.0000000000000000000 ) ) ;
#1722 = ORIENTED_EDGE ( 'NONE', *, *, #2317, .T. ) ;
#1723 = DIRECTION ( 'NONE',  ( 0.0000000000000000000, 0.0000000000000000000, 1.000000000000000000 ) ) ;
#1724 = ORIENTED_EDGE ( 'NONE', *, *, #2645, .F. ) ;
#1725 = LINE ( 'NONE', #1506, #1068 ) ;
#1726 = DIRECTION ( 'NONE',  ( 1.000000000000000000, 1.002616505299178800E-015, 0.0000000000000000000 ) ) ;
#1727 = LINE ( 'NONE', #2225, #2855 ) ;
#1728 = UNCERTAINTY_MEASURE_WITH_UNIT (LENGTH_MEASURE( 1.000000000000000100E-005 ), #2380, 'distance_accuracy_value', 'NONE');
#1729 = CARTESIAN_POINT ( 'NONE',  ( 2.507779782839484600, 4.346029999999973200, 5.104999999999999500 ) ) ;
#1730 = ADVANCED_FACE ( 'NONE', ( #2859 ), #1591, .T. ) ;
#1731 = SURFACE_SIDE_STYLE ('',( #2780 ) ) ;
#1732 = PLANE ( 'NONE',  #1615 ) ;
#1733 = UNCERTAINTY_MEASURE_WITH_UNIT (LENGTH_MEASURE( 1.000000000000000100E-005 ), #856, 'distance_accuracy_value', 'NONE');
#1734 = LINE ( 'NONE', #3049, #14 ) ;
#1735 = EDGE_CURVE ( 'NONE', #1149, #2219, #1003, .T. ) ;
#1736 = PLANE ( 'NONE',  #1580 ) ;
#1737 = LINE ( 'NONE', #2460, #169 ) ;
#1738 = STYLED_ITEM ( 'NONE', ( #439 ), #2941 ) ;
#1739 = AXIS2_PLACEMENT_3D ( 'NONE', #2933, #1308, #2507 ) ;
#1740 = CARTESIAN_POINT ( 'NONE',  ( 3.779365435797723500, 4.585941393327298800, 5.104999999999999500 ) ) ;
#1741 = DIRECTION ( 'NONE',  ( -0.0000000000000000000, -0.0000000000000000000, 1.000000000000000000 ) ) ;
#1742 = SURFACE_SIDE_STYLE ('',( #869 ) ) ;
#1743 = EDGE_LOOP ( 'NONE', ( #2698, #2919, #1401, #2054 ) ) ;
#1744 =( GEOMETRIC_REPRESENTATION_CONTEXT ( 3 ) GLOBAL_UNCERTAINTY_ASSIGNED_CONTEXT ( ( #578 ) ) GLOBAL_UNIT_ASSIGNED_CONTEXT ( ( #824, #1276, #1572 ) ) REPRESENTATION_CONTEXT ( 'NONE', 'WORKASPACE' ) );
#1745 = ORIENTED_EDGE ( 'NONE', *, *, #1990, .F. ) ;
#1746 = FILL_AREA_STYLE ('',( #1503 ) ) ;
#1747 = CARTESIAN_POINT ( 'NONE',  ( 6.250000000000000000, 0.7500000000000006700, 2.274999999999999900 ) ) ;
#1748 = ADVANCED_FACE ( 'NONE', ( #1581 ), #1379, .F. ) ;
#1749 = VECTOR ( 'NONE', #2338, 1000.000000000000000 ) ;
#1750 = ORIENTED_EDGE ( 'NONE', *, *, #174, .T. ) ;
#1751 = DIRECTION ( 'NONE',  ( 0.2762033010252005800, 0.9610992334315862100, 0.0000000000000000000 ) ) ;
#1752 = FACE_OUTER_BOUND ( 'NONE', #364, .T. ) ;
#1753 = ORIENTED_EDGE ( 'NONE', *, *, #1220, .T. ) ;
#1754 = CARTESIAN_POINT ( 'NONE',  ( 0.0000000000000000000, 0.0000000000000000000, 5.099999999999999600 ) ) ;
#1755 = EDGE_CURVE ( 'NONE', #2918, #2394, #2215, .T. ) ;
#1756 = EDGE_LOOP ( 'NONE', ( #281, #2229, #698, #2965 ) ) ;
#1757 = PLANE ( 'NONE',  #2785 ) ;
#1758 = VERTEX_POINT ( 'NONE', #2741 ) ;
#1759 = EDGE_CURVE ( 'NONE', #1248, #1149, #2744, .T. ) ;
#1760 = PLANE ( 'NONE',  #1056 ) ;
#1761 = LINE ( 'NONE', #1494, #1801 ) ;
#1762 = ADVANCED_FACE ( 'NONE', ( #2676 ), #2748, .F. ) ;
#1763 =( NAMED_UNIT ( * ) SI_UNIT ( $, .STERADIAN. ) SOLID_ANGLE_UNIT ( ) );
#1764 = ORIENTED_EDGE ( 'NONE', *, *, #2164, .F. ) ;
#1765 = DIRECTION ( 'NONE',  ( -1.369417629209010900E-016, 1.000000000000000000, 0.0000000000000000000 ) ) ;
#1766 = CARTESIAN_POINT ( 'NONE',  ( 5.123987002082493800, 5.025080750418628600, 5.104999999999999500 ) ) ;
#1767 = EDGE_LOOP ( 'NONE', ( #2381, #3024, #1987, #2752 ) ) ;
#1768 = CARTESIAN_POINT ( 'NONE',  ( -0.09118294889182533600, 1.627016963945832300, 5.104999999999999500 ) ) ;
#1769 = LINE ( 'NONE', #1582, #782 ) ;
#1770 = DIRECTION ( 'NONE',  ( 0.0000000000000000000, 0.0000000000000000000, -1.000000000000000000 ) ) ;
#1771 = PLANE ( 'NONE',  #1713 ) ;
#1772 = AXIS2_PLACEMENT_3D ( 'NONE', #537, #2945, #559 ) ;
#1773 = EDGE_CURVE ( 'NONE', #330, #1860, #1769, .T. ) ;
#1774 = DIRECTION ( 'NONE',  ( 1.000000000000000000, 0.0000000000000000000, 0.0000000000000000000 ) ) ;
#1775 = ADVANCED_FACE ( 'NONE', ( #1348 ), #1635, .F. ) ;
#1776 = ORIENTED_EDGE ( 'NONE', *, *, #1944, .F. ) ;
#1777 = VECTOR ( 'NONE', #2130, 1000.000000000000000 ) ;
#1778 = LINE ( 'NONE', #645, #2140 ) ;
#1779 = AXIS2_PLACEMENT_3D ( 'NONE', #512, #1942, #311 ) ;
#1780 =( LENGTH_UNIT ( ) NAMED_UNIT ( * ) SI_UNIT ( .MILLI., .METRE. ) );
#1781 = ORIENTED_EDGE ( 'NONE', *, *, #1695, .F. ) ;
#1782 = CARTESIAN_POINT ( 'NONE',  ( 0.5000000000000000000, 10.10000000000000000, 0.4999999999999995600 ) ) ;
#1783 = VECTOR ( 'NONE', #2099, 1000.000000000000000 ) ;
#1784 = VERTEX_POINT ( 'NONE', #1834 ) ;
#1785 = DIRECTION ( 'NONE',  ( -0.2762033010290175800, -0.9610992334304890900, 0.0000000000000000000 ) ) ;
#1786 = VERTEX_POINT ( 'NONE', #418 ) ;
#1787 = ORIENTED_EDGE ( 'NONE', *, *, #2231, .T. ) ;
#1788 = CARTESIAN_POINT ( 'NONE',  ( 5.848623999089540800, 5.023874740887651000, 5.104999999999999500 ) ) ;
#1789 =( NAMED_UNIT ( * ) SI_UNIT ( $, .STERADIAN. ) SOLID_ANGLE_UNIT ( ) );
#1790 = ORIENTED_EDGE ( 'NONE', *, *, #1675, .T. ) ;
#1791 = CARTESIAN_POINT ( 'NONE',  ( 1.847169775644161400, 5.186093679346321000, 5.104999999999999500 ) ) ;
#1792 = SURFACE_STYLE_USAGE ( .BOTH. , #2865 ) ;
#1793 = EDGE_CURVE ( 'NONE', #1671, #772, #2133, .T. ) ;
#1794 = LINE ( 'NONE', #1362, #2487 ) ;
#1795 = VERTEX_POINT ( 'NONE', #1390 ) ;
#1796 = SURFACE_SIDE_STYLE ('',( #339 ) ) ;
#1797 = EDGE_LOOP ( 'NONE', ( #1479, #1332, #1048, #2111 ) ) ;
#1798 = LINE ( 'NONE', #1293, #506 ) ;
#1799 = EDGE_CURVE ( 'NONE', #354, #1408, #3001, .T. ) ;
#1800 = ORIENTED_EDGE ( 'NONE', *, *, #793, .T. ) ;
#1801 = VECTOR ( 'NONE', #1976, 1000.000000000000000 ) ;
#1802 = DIRECTION ( 'NONE',  ( 0.0000000000000000000, 0.0000000000000000000, -1.000000000000000000 ) ) ;
#1803 = SURFACE_STYLE_USAGE ( .BOTH. , #1026 ) ;
#1804 =( NAMED_UNIT ( * ) PLANE_ANGLE_UNIT ( ) SI_UNIT ( $, .RADIAN. ) );
#1805 = VERTEX_POINT ( 'NONE', #934 ) ;
#1806 = PRESENTATION_LAYER_ASSIGNMENT (  '', '', ( #1352 ) ) ;
#1807 = DIRECTION ( 'NONE',  ( 0.0000000000000000000, -1.000000000000000000, 0.0000000000000000000 ) ) ;
#1808 = ORIENTED_EDGE ( 'NONE', *, *, #513, .F. ) ;
#1809 = DIRECTION ( 'NONE',  ( -1.000000000000000000, -1.369417629209010900E-016, 0.0000000000000000000 ) ) ;
#1810 = CARTESIAN_POINT ( 'NONE',  ( 5.618622316200645500, 5.023893000369663600, 5.104999999999999500 ) ) ;
#1811 = EDGE_CURVE ( 'NONE', #255, #780, #1507, .T. ) ;
#1812 = DIRECTION ( 'NONE',  ( 0.004650693823678667000, 0.9999891854650021500, -0.0000000000000000000 ) ) ;
#1813 = PRESENTATION_STYLE_ASSIGNMENT (( #2390 ) ) ;
#1814 = VECTOR ( 'NONE', #293, 1000.000000000000100 ) ;
#1815 = EDGE_CURVE ( 'NONE', #1795, #1374, #1431, .T. ) ;
#1816 = DIRECTION ( 'NONE',  ( -0.0000000000000000000, -0.0000000000000000000, -1.000000000000000000 ) ) ;
#1817 = ORIENTED_EDGE ( 'NONE', *, *, #1949, .F. ) ;
#1818 = AXIS2_PLACEMENT_3D ( 'NONE', #1340, #1830, #857 ) ;
#1819 = DIRECTION ( 'NONE',  ( 0.2740217765954066100, 0.9617234872620595800, 0.0000000000000000000 ) ) ;
#1820 = VERTEX_POINT ( 'NONE', #665 ) ;
#1821 = CARTESIAN_POINT ( 'NONE',  ( 1.975362488086775900, 4.802161778192806100, 5.099999999999999600 ) ) ;
#1822 = VECTOR ( 'NONE', #1191, 1000.000000000000000 ) ;
#1823 = ORIENTED_EDGE ( 'NONE', *, *, #611, .F. ) ;
#1824 = FILL_AREA_STYLE ('',( #872 ) ) ;
#1825 = FACE_OUTER_BOUND ( 'NONE', #678, .T. ) ;
#1826 = ORIENTED_EDGE ( 'NONE', *, *, #1715, .T. ) ;
#1827 = VECTOR ( 'NONE', #946, 1000.000000000000000 ) ;
#1828 = CARTESIAN_POINT ( 'NONE',  ( 6.250000000000000000, -19.00000000000000000, 2.550000000000000300 ) ) ;
#1829 = VERTEX_POINT ( 'NONE', #455 ) ;
#1830 = DIRECTION ( 'NONE',  ( -0.9615825319869153500, 0.2745159998572630500, 0.0000000000000000000 ) ) ;
#1831 = FILL_AREA_STYLE_COLOUR ( '', #2492 ) ;
#1832 = EDGE_CURVE ( 'NONE', #865, #2107, #1734, .T. ) ;
#1833 = VERTEX_POINT ( 'NONE', #1399 ) ;
#1834 = CARTESIAN_POINT ( 'NONE',  ( 4.749999999999999100, 1.683889348827610800E-016, 0.2499999749999998500 ) ) ;
#1835 = ORIENTED_EDGE ( 'NONE', *, *, #1318, .T. ) ;
#1836 = MECHANICAL_DESIGN_GEOMETRIC_PRESENTATION_REPRESENTATION (  '', ( #2211 ), #2363 ) ;
#1837 =( GEOMETRIC_REPRESENTATION_CONTEXT ( 3 ) GLOBAL_UNCERTAINTY_ASSIGNED_CONTEXT ( ( #1156 ) ) GLOBAL_UNIT_ASSIGNED_CONTEXT ( ( #877, #181, #2743 ) ) REPRESENTATION_CONTEXT ( 'NONE', 'WORKASPACE' ) );
#1838 = VERTEX_POINT ( 'NONE', #2104 ) ;
#1839 = DIRECTION ( 'NONE',  ( -0.0000000000000000000, 1.000000000000000000, -0.0000000000000000000 ) ) ;
#1840 = LINE ( 'NONE', #1557, #548 ) ;
#1841 = DIRECTION ( 'NONE',  ( 0.0000000000000000000, 0.0000000000000000000, -1.000000000000000000 ) ) ;
#1842 = CARTESIAN_POINT ( 'NONE',  ( 1.983676739086863500, 4.827858048026307400, 5.104999999999999500 ) ) ;
#1843 = DIRECTION ( 'NONE',  ( 0.0000000000000000000, 0.0000000000000000000, -1.000000000000000000 ) ) ;
#1844 = VECTOR ( 'NONE', #329, 1000.000000000000000 ) ;
#1845 = DIRECTION ( 'NONE',  ( 0.2793947940814923100, 0.9601763114346033600, 0.0000000000000000000 ) ) ;
#1846 = DIRECTION ( 'NONE',  ( -0.4443210308329519400, -0.8958676361826802800, 0.0000000000000000000 ) ) ;
#1847 = VECTOR ( 'NONE', #1380, 1000.000000000000000 ) ;
#1848 = EDGE_CURVE ( 'NONE', #1981, #2113, #2353, .T. ) ;
#1849 = DIRECTION ( 'NONE',  ( -1.000000000000000000, 0.0000000000000000000, 0.0000000000000000000 ) ) ;
#1850 = VERTEX_POINT ( 'NONE', #432 ) ;
#1851 = EDGE_CURVE ( 'NONE', #1055, #2716, #2392, .T. ) ;
#1852 = CARTESIAN_POINT ( 'NONE',  ( 7.250000024999999400, 0.7500000000000000000, 4.850000025000000800 ) ) ;
#1853 = ORIENTED_EDGE ( 'NONE', *, *, #1389, .F. ) ;
#1854 = ORIENTED_EDGE ( 'NONE', *, *, #1215, .T. ) ;
#1855 = CARTESIAN_POINT ( 'NONE',  ( 3.324711711409868100, 5.026191871431327800, 5.104999999999999500 ) ) ;
#1856 = AXIS2_PLACEMENT_3D ( 'NONE', #585, #2969, #3009 ) ;
#1857 =( LENGTH_UNIT ( ) NAMED_UNIT ( * ) SI_UNIT ( .MILLI., .METRE. ) );
#1858 = SURFACE_SIDE_STYLE ('',( #3052 ) ) ;
#1859 = LINE ( 'NONE', #1251, #2873 ) ;
#1860 = VERTEX_POINT ( 'NONE', #684 ) ;
#1861 = VERTEX_POINT ( 'NONE', #914 ) ;
#1862 =( NAMED_UNIT ( * ) SI_UNIT ( $, .STERADIAN. ) SOLID_ANGLE_UNIT ( ) );
#1863 = DIRECTION ( 'NONE',  ( 1.000000000000000000, 1.002616505299178800E-015, 0.0000000000000000000 ) ) ;
#1864 = VECTOR ( 'NONE', #2991, 1000.000000000000000 ) ;
#1865 = PLANE ( 'NONE',  #2851 ) ;
#1866 = ORIENTED_EDGE ( 'NONE', *, *, #1433, .F. ) ;
#1867 = VERTEX_POINT ( 'NONE', #1878 ) ;
#1868 = FACE_OUTER_BOUND ( 'NONE', #2183, .T. ) ;
#1869 = DIRECTION ( 'NONE',  ( -0.9612934544747577800, 0.2755265765475026800, 0.0000000000000000000 ) ) ;
#1870 = EDGE_CURVE ( 'NONE', #1786, #2622, #2898, .T. ) ;
#1871 = ORIENTED_EDGE ( 'NONE', *, *, #2629, .F. ) ;
#1872 = DIRECTION ( 'NONE',  ( -1.000000000000000000, 0.0000000000000000000, -2.478176376551321900E-016 ) ) ;
#1873 = CARTESIAN_POINT ( 'NONE',  ( 2.617153647927336700, 5.186093679346321000, 5.104999999999999500 ) ) ;
#1874 = LINE ( 'NONE', #1254, #1425 ) ;
#1875 = FILL_AREA_STYLE_COLOUR ( '', #447 ) ;
#1876 = CARTESIAN_POINT ( 'NONE',  ( 3.779365435797723500, 4.585941393327298800, 5.099999999999999600 ) ) ;
#1877 = FACE_OUTER_BOUND ( 'NONE', #2414, .T. ) ;
#1878 = CARTESIAN_POINT ( 'NONE',  ( 2.896503553671502900, 4.869940159897062400, 5.099999999999999600 ) ) ;
#1879 = FILL_AREA_STYLE_COLOUR ( '', #1439 ) ;
#1880 = SURFACE_STYLE_FILL_AREA ( #1384 ) ;
#1881 = SURFACE_STYLE_FILL_AREA ( #2095 ) ;
#1882 = DIRECTION ( 'NONE',  ( 0.8958676361826801700, -0.4443210308329518800, 0.0000000000000000000 ) ) ;
#1883 = CARTESIAN_POINT ( 'NONE',  ( 4.541724999999999600, 0.3482480000000001100, 0.0000000000000000000 ) ) ;
#1884 = FACE_OUTER_BOUND ( 'NONE', #1676, .T. ) ;
#1885 = EDGE_CURVE ( 'NONE', #671, #1829, #850, .T. ) ;
#1886 = EDGE_LOOP ( 'NONE', ( #2016, #1090, #501, #499 ) ) ;
#1887 = DIRECTION ( 'NONE',  ( -0.0000000000000000000, -0.0000000000000000000, -1.000000000000000000 ) ) ;
#1888 = LINE ( 'NONE', #841, #1783 ) ;
#1889 = ORIENTED_EDGE ( 'NONE', *, *, #1799, .T. ) ;
#1890 =( GEOMETRIC_REPRESENTATION_CONTEXT ( 3 ) GLOBAL_UNCERTAINTY_ASSIGNED_CONTEXT ( ( #730 ) ) GLOBAL_UNIT_ASSIGNED_CONTEXT ( ( #604, #180, #144 ) ) REPRESENTATION_CONTEXT ( 'NONE', 'WORKASPACE' ) );
#1891 = DIRECTION ( 'NONE',  ( 0.9610853065513834700, -0.2762517575166416100, 0.0000000000000000000 ) ) ;
#1892 = LINE ( 'NONE', #979, #2618 ) ;
#1893 = VERTEX_POINT ( 'NONE', #1681 ) ;
#1894 = CARTESIAN_POINT ( 'NONE',  ( 4.985094321338968000, 4.505883276192119700, 5.099999999999999600 ) ) ;
#1895 = STYLED_ITEM ( 'NONE', ( #1618 ), #1762 ) ;
#1896 =( NAMED_UNIT ( * ) SI_UNIT ( $, .STERADIAN. ) SOLID_ANGLE_UNIT ( ) );
#1897 = EDGE_LOOP ( 'NONE', ( #2574, #222 ) ) ;
#1898 = CARTESIAN_POINT ( 'NONE',  ( 7.500000000000000000, 0.0000000000000000000, 5.099999999999999600 ) ) ;
#1899 = EDGE_LOOP ( 'NONE', ( #2191, #584, #1654, #2232 ) ) ;
#1900 = CARTESIAN_POINT ( 'NONE',  ( 2.158452242077110400, 4.346029999999974100, 5.104999999999999500 ) ) ;
#1901 = VECTOR ( 'NONE', #1192, 999.9999999999998900 ) ;
#1902 = SURFACE_SIDE_STYLE ('',( #2057 ) ) ;
#1903 = DIRECTION ( 'NONE',  ( 0.2793947940814923100, 0.9601763114346033600, 0.0000000000000000000 ) ) ;
#1904 = CIRCLE ( 'NONE', #2383, 0.2750000000000000800 ) ;
#1905 = EDGE_CURVE ( 'NONE', #1221, #675, #1913, .T. ) ;
#1906 = DIRECTION ( 'NONE',  ( 0.7145695586382624400, 0.6995643972269591800, 0.0000000000000000000 ) ) ;
#1907 = EDGE_LOOP ( 'NONE', ( #579, #2008, #2789, #3034 ) ) ;
#1908 = FACE_OUTER_BOUND ( 'NONE', #1767, .T. ) ;
#1909 =( NAMED_UNIT ( * ) PLANE_ANGLE_UNIT ( ) SI_UNIT ( $, .RADIAN. ) );
#1910 = VERTEX_POINT ( 'NONE', #2567 ) ;
#1911 = FACE_OUTER_BOUND ( 'NONE', #460, .T. ) ;
#1912 = EDGE_CURVE ( 'NONE', #2495, #1786, #1079, .T. ) ;
#1913 = LINE ( 'NONE', #674, #131 ) ;
#1914 = DIRECTION ( 'NONE',  ( 1.000000000000000000, 0.0000000000000000000, 0.0000000000000000000 ) ) ;
#1915 = DIRECTION ( 'NONE',  ( 0.7059037656364501900, 0.7083077534943971200, 0.0000000000000000000 ) ) ;
#1916 = AXIS2_PLACEMENT_3D ( 'NONE', #2625, #710, #687 ) ;
#1917 = VECTOR ( 'NONE', #1290, 1000.000000000000000 ) ;
#1918 = CARTESIAN_POINT ( 'NONE',  ( 3.779365435797723500, 4.585941393327298800, 5.104999999999999500 ) ) ;
#1919 = DIRECTION ( 'NONE',  ( 0.3725077383643967700, -0.9280290862137037200, 0.0000000000000000000 ) ) ;
#1920 = CARTESIAN_POINT ( 'NONE',  ( 4.693556602321803200, 4.869912062582796100, 5.099999999999999600 ) ) ;
#1921 = LINE ( 'NONE', #140, #484 ) ;
#1922 = DIRECTION ( 'NONE',  ( 0.0000000000000000000, -0.0000000000000000000, 1.000000000000000000 ) ) ;
#1923 = ORIENTED_EDGE ( 'NONE', *, *, #2115, .F. ) ;
#1924 = CARTESIAN_POINT ( 'NONE',  ( 3.263257778744498500, 4.346029999999974100, 5.099999999999999600 ) ) ;
#1925 = ORIENTED_EDGE ( 'NONE', *, *, #1450, .F. ) ;
#1926 = DIRECTION ( 'NONE',  ( -0.0000000000000000000, -0.0000000000000000000, -1.000000000000000000 ) ) ;
#1927 = DIRECTION ( 'NONE',  ( 0.0000000000000000000, 0.0000000000000000000, 1.000000000000000000 ) ) ;
#1928 = AXIS2_PLACEMENT_3D ( 'NONE', #1342, #1046, #1092 ) ;
#1929 = LINE ( 'NONE', #2349, #1283 ) ;
#1930 = ORIENTED_EDGE ( 'NONE', *, *, #2879, .T. ) ;
#1931 = EDGE_LOOP ( 'NONE', ( #139, #394 ) ) ;
#1932 = PRESENTATION_LAYER_ASSIGNMENT (  '', '', ( #1409 ) ) ;
#1933 = AXIS2_PLACEMENT_3D ( 'NONE', #758, #2177, #1751 ) ;
#1934 = DIRECTION ( 'NONE',  ( 0.05596501978069369500, 0.9984327301130239100, 0.0000000000000000000 ) ) ;
#1935 = CARTESIAN_POINT ( 'NONE',  ( 0.0000000000000000000, 9.599999999999999600, 5.099999999999999600 ) ) ;
#1936 = EDGE_LOOP ( 'NONE', ( #1294, #312, #2874, #120 ) ) ;
#1937 = CARTESIAN_POINT ( 'NONE',  ( 7.500000000000000000, 0.0000000000000000000, 0.0000000000000000000 ) ) ;
#1938 =( NAMED_UNIT ( * ) SI_UNIT ( $, .STERADIAN. ) SOLID_ANGLE_UNIT ( ) );
#1939 = EDGE_LOOP ( 'NONE', ( #1212, #1119, #108, #1556 ) ) ;
#1940 = EDGE_LOOP ( 'NONE', ( #2560, #944, #2800, #154 ) ) ;
#1941 = ORIENTED_EDGE ( 'NONE', *, *, #157, .T. ) ;
#1942 = DIRECTION ( 'NONE',  ( 0.0000000000000000000, 0.0000000000000000000, -1.000000000000000000 ) ) ;
#1943 = ORIENTED_EDGE ( 'NONE', *, *, #77, .F. ) ;
#1944 = EDGE_CURVE ( 'NONE', #2550, #2478, #2938, .T. ) ;
#1945 = PLANE ( 'NONE',  #1916 ) ;
#1946 = DIRECTION ( 'NONE',  ( -0.0000000000000000000, -0.0000000000000000000, -1.000000000000000000 ) ) ;
#1947 = ORIENTED_EDGE ( 'NONE', *, *, #2531, .T. ) ;
#1948 = LINE ( 'NONE', #549, #2352 ) ;
#1949 = EDGE_CURVE ( 'NONE', #1043, #2659, #1989, .T. ) ;
#1950 = CARTESIAN_POINT ( 'NONE',  ( 2.750000000000000400, 1.683889348827610800E-016, 0.0000000000000000000 ) ) ;
#1951 = SURFACE_SIDE_STYLE ('',( #781 ) ) ;
#1952 = DIRECTION ( 'NONE',  ( 0.2763139702539113000, 0.9610674221107073900, 0.0000000000000000000 ) ) ;
#1953 = LINE ( 'NONE', #2662, #1354 ) ;
#1954 = CARTESIAN_POINT ( 'NONE',  ( 3.212710713445078500, 4.714641202701255200, 5.099999999999999600 ) ) ;
#1955 = UNCERTAINTY_MEASURE_WITH_UNIT (LENGTH_MEASURE( 1.000000000000000100E-005 ), #1641, 'distance_accuracy_value', 'NONE');
#1956 = MECHANICAL_DESIGN_GEOMETRIC_PRESENTATION_REPRESENTATION (  '', ( #701 ), #2727 ) ;
#1957 = DIRECTION ( 'NONE',  ( -0.2759782365590697200, -0.9611638845408965200, 0.0000000000000000000 ) ) ;
#1958 = ADVANCED_FACE ( 'NONE', ( #53 ), #965, .F. ) ;
#1959 = ORIENTED_EDGE ( 'NONE', *, *, #2063, .F. ) ;
#1960 = LINE ( 'NONE', #962, #672 ) ;
#1961 = DIRECTION ( 'NONE',  ( 0.0000000000000000000, 0.0000000000000000000, -1.000000000000000000 ) ) ;
#1962 = LINE ( 'NONE', #2940, #2718 ) ;
#1963 = DIRECTION ( 'NONE',  ( -1.000000000000000000, 0.0000000000000000000, -2.478176376551321900E-016 ) ) ;
#1964 = ORIENTED_EDGE ( 'NONE', *, *, #283, .T. ) ;
#1965 =( NAMED_UNIT ( * ) PLANE_ANGLE_UNIT ( ) SI_UNIT ( $, .RADIAN. ) );
#1966 = CARTESIAN_POINT ( 'NONE',  ( 5.423785331102479300, 4.346029999999974100, 5.099999999999999600 ) ) ;
#1967 = LINE ( 'NONE', #2549, #863 ) ;
#1968 = CARTESIAN_POINT ( 'NONE',  ( 4.203943044314760500, 4.346029999999974100, 5.104999999999999500 ) ) ;
#1969 = EDGE_CURVE ( 'NONE', #2269, #156, #1001, .T. ) ;
#1970 = ORIENTED_EDGE ( 'NONE', *, *, #2341, .F. ) ;
#1971 = FACE_OUTER_BOUND ( 'NONE', #936, .T. ) ;
#1972 = EDGE_LOOP ( 'NONE', ( #381, #1378, #36, #2002, #1800, #2631, #2889, #505, #862, #954, #2957, #2756, #1600, #1275, #2524, #2157, #2227 ) ) ;
#1973 = EDGE_CURVE ( 'NONE', #2520, #429, #2213, .T. ) ;
#1974 = VECTOR ( 'NONE', #1903, 1000.000000000000200 ) ;
#1975 = EDGE_LOOP ( 'NONE', ( #356, #360, #3058, #2997, #367, #2559, #1086, #75, #1455, #845, #2646, #1561, #878, #1067, #2046, #1817, #2069, #3013, #1672, #1943, #725, #2295, #2978 ) ) ;
#1976 = DIRECTION ( 'NONE',  ( 1.000000000000000000, -1.104435275910379500E-013, 0.0000000000000000000 ) ) ;
#1977 = CARTESIAN_POINT ( 'NONE',  ( 3.324711711409868100, 5.026191871431327800, 5.099999999999999600 ) ) ;
#1978 = ORIENTED_EDGE ( 'NONE', *, *, #2687, .F. ) ;
#1979 = ADVANCED_FACE ( 'NONE', ( #664 ), #2864, .F. ) ;
#1980 = FILL_AREA_STYLE ('',( #2901 ) ) ;
#1981 = VERTEX_POINT ( 'NONE', #511 ) ;
#1982 = PLANE ( 'NONE',  #912 ) ;
#1983 = FACE_OUTER_BOUND ( 'NONE', #3056, .T. ) ;
#1984 = SURFACE_SIDE_STYLE ('',( #2322 ) ) ;
#1985 = VERTEX_POINT ( 'NONE', #1690 ) ;
#1986 = CARTESIAN_POINT ( 'NONE',  ( 7.250000024999999400, 0.7500000000000000000, 0.2499999749999997900 ) ) ;
#1987 = ORIENTED_EDGE ( 'NONE', *, *, #1715, .F. ) ;
#1988 = SURFACE_SIDE_STYLE ('',( #2983 ) ) ;
#1989 = LINE ( 'NONE', #1157, #551 ) ;
#1990 = EDGE_CURVE ( 'NONE', #48, #2568, #333, .T. ) ;
#1991 = SURFACE_SIDE_STYLE ('',( #1620 ) ) ;
#1992 = ADVANCED_FACE ( 'NONE', ( #1388 ), #1464, .F. ) ;
#1993 = VECTOR ( 'NONE', #2320, 1000.000000000000000 ) ;
#1994 = MECHANICAL_DESIGN_GEOMETRIC_PRESENTATION_REPRESENTATION (  '', ( #1078 ), #2611 ) ;
#1995 = DIRECTION ( 'NONE',  ( 0.5132742654133490800, -0.8582246375305168100, 0.0000000000000000000 ) ) ;
#1996 = CARTESIAN_POINT ( 'NONE',  ( 3.811671882742534700, 5.186093679346321000, 5.099999999999999600 ) ) ;
#1997 = CARTESIAN_POINT ( 'NONE',  ( 0.2499999749999999900, 0.7500000000000000000, 4.850000024999999000 ) ) ;
#1998 = ORIENTED_EDGE ( 'NONE', *, *, #2860, .F. ) ;
#1999 = FACE_OUTER_BOUND ( 'NONE', #2444, .T. ) ;
#2000 = AXIS2_PLACEMENT_3D ( 'NONE', #2596, #2895, #1723 ) ;
#2001 = ORIENTED_EDGE ( 'NONE', *, *, #283, .F. ) ;
#2002 = ORIENTED_EDGE ( 'NONE', *, *, #2063, .T. ) ;
#2003 = CARTESIAN_POINT ( 'NONE',  ( 2.852196645472536500, 4.714641202701255200, 5.099999999999999600 ) ) ;
#2004 = ORIENTED_EDGE ( 'NONE', *, *, #2115, .T. ) ;
#2005 = ADVANCED_FACE ( 'NONE', ( #2245 ), #2848, .F. ) ;
#2006 =( LENGTH_UNIT ( ) NAMED_UNIT ( * ) SI_UNIT ( .MILLI., .METRE. ) );
#2007 = EDGE_CURVE ( 'NONE', #3050, #354, #2739, .T. ) ;
#2008 = ORIENTED_EDGE ( 'NONE', *, *, #1194, .F. ) ;
#2009 = DIRECTION ( 'NONE',  ( -0.0000000000000000000, -0.0000000000000000000, -1.000000000000000000 ) ) ;
#2010 = VERTEX_POINT ( 'NONE', #251 ) ;
#2011 = AXIS2_PLACEMENT_3D ( 'NONE', #2372, #928, #2391 ) ;
#2012 = EDGE_CURVE ( 'NONE', #1406, #543, #1463, .T. ) ;
#2013 = COLOUR_RGB ( '',0.8980392156862745400, 0.9215686274509803400, 0.9294117647058823800 ) ;
#2014 = DIRECTION ( 'NONE',  ( -1.000000000000000000, 0.0000000000000000000, 0.0000000000000000000 ) ) ;
#2015 = CARTESIAN_POINT ( 'NONE',  ( 3.370127186319229900, 5.186093679346321000, 5.104999999999999500 ) ) ;
#2016 = ORIENTED_EDGE ( 'NONE', *, *, #1759, .T. ) ;
#2017 = FACE_OUTER_BOUND ( 'NONE', #2088, .T. ) ;
#2018 = AXIS2_PLACEMENT_3D ( 'NONE', #2599, #1129, #2787 ) ;
#2019 = FILL_AREA_STYLE_COLOUR ( '', #2090 ) ;
#2020 = ORIENTED_EDGE ( 'NONE', *, *, #2144, .F. ) ;
#2021 = VECTOR ( 'NONE', #1587, 1000.000000000000000 ) ;
#2022 = ADVANCED_FACE ( 'NONE', ( #2210 ), #2193, .F. ) ;
#2023 = LINE ( 'NONE', #1821, #961 ) ;
#2024 =( NAMED_UNIT ( * ) PLANE_ANGLE_UNIT ( ) SI_UNIT ( $, .RADIAN. ) );
#2025 = VECTOR ( 'NONE', #1473, 1000.000000000000000 ) ;
#2026 = EDGE_CURVE ( 'NONE', #429, #847, #1578, .T. ) ;
#2027 = SURFACE_SIDE_STYLE ('',( #2388 ) ) ;
#2028 = VECTOR ( 'NONE', #1103, 1000.000000000000000 ) ;
#2029 = EDGE_CURVE ( 'NONE', #1451, #707, #2897, .T. ) ;
#2030 = UNCERTAINTY_MEASURE_WITH_UNIT (LENGTH_MEASURE( 1.000000000000000100E-005 ), #2511, 'distance_accuracy_value', 'NONE');
#2031 = STYLED_ITEM ( 'NONE', ( #1398 ), #1066 ) ;
#2032 = DIRECTION ( 'NONE',  ( -0.0000000000000000000, -0.0000000000000000000, -1.000000000000000000 ) ) ;
#2033 = DIRECTION ( 'NONE',  ( -0.0000000000000000000, -0.0000000000000000000, -1.000000000000000000 ) ) ;
#2034 = VECTOR ( 'NONE', #2757, 1000.000000000000000 ) ;
#2035 = LINE ( 'NONE', #1924, #240 ) ;
#2036 = ORIENTED_EDGE ( 'NONE', *, *, #2793, .T. ) ;
#2037 = VECTOR ( 'NONE', #3037, 1000.000000000000000 ) ;
#2038 = VECTOR ( 'NONE', #1316, 1000.000000000000000 ) ;
#2039 = DIRECTION ( 'NONE',  ( -0.2763173343569615400, -0.9610664548999008300, 0.0000000000000000000 ) ) ;
#2040 = VERTEX_POINT ( 'NONE', #957 ) ;
#2041 = VECTOR ( 'NONE', #2453, 1000.000000000000000 ) ;
#2042 = ORIENTED_EDGE ( 'NONE', *, *, #1585, .T. ) ;
#2043 = ORIENTED_EDGE ( 'NONE', *, *, #1465, .F. ) ;
#2044 = DIRECTION ( 'NONE',  ( 0.9610664548999008300, -0.2763173343569615400, 0.0000000000000000000 ) ) ;
#2045 = EDGE_CURVE ( 'NONE', #2255, #2267, #1616, .T. ) ;
#2046 = ORIENTED_EDGE ( 'NONE', *, *, #2400, .F. ) ;
#2047 = ORIENTED_EDGE ( 'NONE', *, *, #3015, .T. ) ;
#2048 = SURFACE_STYLE_FILL_AREA ( #819 ) ;
#2049 = PRESENTATION_LAYER_ASSIGNMENT (  '', '', ( #2211 ) ) ;
#2050 = EDGE_LOOP ( 'NONE', ( #2721, #1336, #1482, #790 ) ) ;
#2051 = LINE ( 'NONE', #2673, #2529 ) ;
#2052 = CARTESIAN_POINT ( 'NONE',  ( 4.445467546307046500, 5.186093679346321000, 5.104999999999999500 ) ) ;
#2053 = SURFACE_STYLE_USAGE ( .BOTH. , #1858 ) ;
#2054 = ORIENTED_EDGE ( 'NONE', *, *, #1692, .T. ) ;
#2055 = DIRECTION ( 'NONE',  ( -0.9999891854650020400, 0.004650693823678666100, 0.0000000000000000000 ) ) ;
#2056 = CARTESIAN_POINT ( 'NONE',  ( 6.250000000000000000, -19.00000000000000000, 2.550000000000000300 ) ) ;
#2057 = SURFACE_STYLE_FILL_AREA ( #2603 ) ;
#2058 = CARTESIAN_POINT ( 'NONE',  ( 2.792706971083416300, 4.505852624580094300, 5.104999999999999500 ) ) ;
#2059 = FILL_AREA_STYLE_COLOUR ( '', #1047 ) ;
#2060 = EDGE_CURVE ( 'NONE', #255, #2300, #2128, .T. ) ;
#2061 = SURFACE_STYLE_USAGE ( .BOTH. , #2273 ) ;
#2062 = COLOUR_RGB ( '',0.7921568627450980000, 0.8196078431372548800, 0.9333333333333333500 ) ;
#2063 = EDGE_CURVE ( 'NONE', #808, #2850, #2637, .T. ) ;
#2064 = VECTOR ( 'NONE', #1148, 1000.000000000000000 ) ;
#2065 = ORIENTED_EDGE ( 'NONE', *, *, #431, .F. ) ;
#2066 = SURFACE_STYLE_USAGE ( .BOTH. , #386 ) ;
#2067 = CARTESIAN_POINT ( 'NONE',  ( 3.585605478546084700, 4.346029999999974100, 5.099999999999999600 ) ) ;
#2068 = FACE_OUTER_BOUND ( 'NONE', #2806, .T. ) ;
#2069 = ORIENTED_EDGE ( 'NONE', *, *, #553, .F. ) ;
#2070 = CARTESIAN_POINT ( 'NONE',  ( 7.499999999999999100, 9.892893218813448200, -3.252606517456513300E-016 ) ) ;
#2071 = ORIENTED_EDGE ( 'NONE', *, *, #654, .F. ) ;
#2072 = CARTESIAN_POINT ( 'NONE',  ( 4.206272566987165900, 5.097518177467639700, 5.099999999999999600 ) ) ;
#2073 = ORIENTED_EDGE ( 'NONE', *, *, #204, .T. ) ;
#2074 = ADVANCED_FACE ( 'NONE', ( #1076 ), #1245, .F. ) ;
#2075 = VECTOR ( 'NONE', #252, 1000.000000000000200 ) ;
#2076 = CARTESIAN_POINT ( 'NONE',  ( 0.2499999749999999900, 0.7500000000000000000, 0.2499999749999999300 ) ) ;
#2077 = EDGE_LOOP ( 'NONE', ( #1344, #291, #1826, #1185 ) ) ;
#2078 = DIRECTION ( 'NONE',  ( -0.0000000000000000000, -0.0000000000000000000, 1.000000000000000000 ) ) ;
#2079 = AXIS2_PLACEMENT_3D ( 'NONE', #1619, #1869, #2532 ) ;
#2080 = EDGE_CURVE ( 'NONE', #1374, #2590, #1948, .T. ) ;
#2081 = ORIENTED_EDGE ( 'NONE', *, *, #2029, .F. ) ;
#2082 = LINE ( 'NONE', #2952, #2699 ) ;
#2083 =( NAMED_UNIT ( * ) PLANE_ANGLE_UNIT ( ) SI_UNIT ( $, .RADIAN. ) );
#2084 = EDGE_LOOP ( 'NONE', ( #1203, #726, #2485, #2423 ) ) ;
#2085 =( GEOMETRIC_REPRESENTATION_CONTEXT ( 3 ) GLOBAL_UNCERTAINTY_ASSIGNED_CONTEXT ( ( #2905 ) ) GLOBAL_UNIT_ASSIGNED_CONTEXT ( ( #262, #13, #1196 ) ) REPRESENTATION_CONTEXT ( 'NONE', 'WORKASPACE' ) );
#2086 = LINE ( 'NONE', #651, #2167 ) ;
#2087 = AXIS2_PLACEMENT_3D ( 'NONE', #1495, #69, #526 ) ;
#2088 = EDGE_LOOP ( 'NONE', ( #2199, #1253, #1776, #1134, #3007, #1094, #2206, #1368, #568, #1853, #158, #216, #1421, #647, #454, #1682, #3028 ) ) ;
#2089 = DIRECTION ( 'NONE',  ( 0.0000000000000000000, 0.0000000000000000000, 1.000000000000000000 ) ) ;
#2090 = COLOUR_RGB ( '',0.8980392156862745400, 0.9215686274509803400, 0.9294117647058823800 ) ;
#2091 = FILL_AREA_STYLE ('',( #1173 ) ) ;
#2092 = CARTESIAN_POINT ( 'NONE',  ( 3.453918482094853600, 5.186093679346321000, 5.099999999999999600 ) ) ;
#2093 = LINE ( 'NONE', #853, #2028 ) ;
#2094 = DIRECTION ( 'NONE',  ( -0.0000000000000000000, -0.0000000000000000000, -1.000000000000000000 ) ) ;
#2095 = FILL_AREA_STYLE ('',( #1879 ) ) ;
#2096 = SURFACE_STYLE_FILL_AREA ( #1746 ) ;
#2097 =( NAMED_UNIT ( * ) SI_UNIT ( $, .STERADIAN. ) SOLID_ANGLE_UNIT ( ) );
#2098 =( LENGTH_UNIT ( ) NAMED_UNIT ( * ) SI_UNIT ( .MILLI., .METRE. ) );
#2099 = DIRECTION ( 'NONE',  ( 1.000000000000000000, 0.0000000000000000000, 0.0000000000000000000 ) ) ;
#2100 = EDGE_CURVE ( 'NONE', #2850, #1668, #2569, .T. ) ;
#2101 = SURFACE_SIDE_STYLE ('',( #2666 ) ) ;
#2102 = EDGE_LOOP ( 'NONE', ( #1547, #1781, #385, #2733 ) ) ;
#2103 = VECTOR ( 'NONE', #1204, 1000.000000000000100 ) ;
#2104 = CARTESIAN_POINT ( 'NONE',  ( 4.305042284858450000, 4.346029999999974100, 5.104999999999999500 ) ) ;
#2105 = VERTEX_POINT ( 'NONE', #1499 ) ;
#2106 = LINE ( 'NONE', #2003, #494 ) ;
#2107 = VERTEX_POINT ( 'NONE', #71 ) ;
#2108 = LINE ( 'NONE', #1223, #904 ) ;
#2109 = ORIENTED_EDGE ( 'NONE', *, *, #1542, .T. ) ;
#2110 = CARTESIAN_POINT ( 'NONE',  ( 2.941970114604301600, 5.026191871431327800, 5.099999999999999600 ) ) ;
#2111 = ORIENTED_EDGE ( 'NONE', *, *, #2904, .T. ) ;
#2112 = CARTESIAN_POINT ( 'NONE',  ( 2.750000000000000400, 1.683889348827610800E-016, 0.0000000000000000000 ) ) ;
#2113 = VERTEX_POINT ( 'NONE', #1006 ) ;
#2114 = ORIENTED_EDGE ( 'NONE', *, *, #654, .T. ) ;
#2115 = EDGE_CURVE ( 'NONE', #2518, #681, #1874, .T. ) ;
#2116 = CARTESIAN_POINT ( 'NONE',  ( 2.086364754964133500, 5.186093679346321000, 5.104999999999999500 ) ) ;
#2117 = CARTESIAN_POINT ( 'NONE',  ( 6.250000000000000000, -19.00000000000000000, 2.274999999999999900 ) ) ;
#2118 =( NAMED_UNIT ( * ) SI_UNIT ( $, .STERADIAN. ) SOLID_ANGLE_UNIT ( ) );
#2119 = ORIENTED_EDGE ( 'NONE', *, *, #2704, .T. ) ;
#2120 = FACE_OUTER_BOUND ( 'NONE', #2428, .T. ) ;
#2121 = CARTESIAN_POINT ( 'NONE',  ( 0.5000000000000000000, 10.10000000000000000, 4.599999999999999600 ) ) ;
#2122 = AXIS2_PLACEMENT_3D ( 'NONE', #2745, #2044, #136 ) ;
#2123 = EDGE_CURVE ( 'NONE', #2651, #1451, #3042, .T. ) ;
#2124 = ORIENTED_EDGE ( 'NONE', *, *, #1175, .T. ) ;
#2125 = LINE ( 'NONE', #1353, #1502 ) ;
#2126 = DIRECTION ( 'NONE',  ( -1.000000000000000000, 0.0000000000000000000, 0.0000000000000000000 ) ) ;
#2127 = PRESENTATION_LAYER_ASSIGNMENT (  '', '', ( #1329 ) ) ;
#2128 = LINE ( 'NONE', #705, #964 ) ;
#2129 = CARTESIAN_POINT ( 'NONE',  ( 3.811671882742534700, 5.186093679346321000, 5.104999999999999500 ) ) ;
#2130 = DIRECTION ( 'NONE',  ( 0.0000000000000000000, 0.0000000000000000000, -1.000000000000000000 ) ) ;
#2131 = PLANE ( 'NONE',  #2018 ) ;
#2132 = CARTESIAN_POINT ( 'NONE',  ( 4.541724999999999600, 0.3482480000000001100, 4.850000024999999900 ) ) ;
#2133 = LINE ( 'NONE', #233, #477 ) ;
#2134 = VECTOR ( 'NONE', #1083, 999.9999999999998900 ) ;
#2135 = DIRECTION ( 'NONE',  ( -0.3829140317376763500, 0.9237839814038766300, 0.0000000000000000000 ) ) ;
#2136 = DIRECTION ( 'NONE',  ( -1.000000000000000000, 0.0000000000000000000, 0.0000000000000000000 ) ) ;
#2137 = FACE_OUTER_BOUND ( 'NONE', #242, .T. ) ;
#2138 = ORIENTED_EDGE ( 'NONE', *, *, #974, .T. ) ;
#2139 = LINE ( 'NONE', #971, #2395 ) ;
#2140 = VECTOR ( 'NONE', #3044, 1000.000000000000000 ) ;
#2141 = DIRECTION ( 'NONE',  ( -0.0000000000000000000, -0.0000000000000000000, -1.000000000000000000 ) ) ;
#2142 = CARTESIAN_POINT ( 'NONE',  ( 1.847169775644161400, 5.186093679346321000, 5.099999999999999600 ) ) ;
#2143 = LINE ( 'NONE', #2326, #673 ) ;
#2144 = EDGE_CURVE ( 'NONE', #681, #2633, #2600, .T. ) ;
#2145 = VECTOR ( 'NONE', #1819, 1000.000000000000200 ) ;
#2146 = ORIENTED_EDGE ( 'NONE', *, *, #2378, .F. ) ;
#2147 = PRESENTATION_LAYER_ASSIGNMENT (  '', '', ( #574 ) ) ;
#2148 = AXIS2_PLACEMENT_3D ( 'NONE', #1997, #137, #358 ) ;
#2149 = DIRECTION ( 'NONE',  ( -0.0000000000000000000, -1.000000000000000000, -0.0000000000000000000 ) ) ;
#2150 = DIRECTION ( 'NONE',  ( -1.000000000000000000, 0.0000000000000000000, 0.0000000000000000000 ) ) ;
#2151 = ORIENTED_EDGE ( 'NONE', *, *, #1074, .T. ) ;
#2152 = CARTESIAN_POINT ( 'NONE',  ( 1.844625690998455700, 4.346029999999974100, 5.104999999999999500 ) ) ;
#2153 =( GEOMETRIC_REPRESENTATION_CONTEXT ( 3 ) GLOBAL_UNCERTAINTY_ASSIGNED_CONTEXT ( ( #2253 ) ) GLOBAL_UNIT_ASSIGNED_CONTEXT ( ( #2643, #515, #2925 ) ) REPRESENTATION_CONTEXT ( 'NONE', 'WORKASPACE' ) );
#2154 = DIRECTION ( 'NONE',  ( 0.0000000000000000000, -1.000000000000000000, 0.0000000000000000000 ) ) ;
#2155 = EDGE_LOOP ( 'NONE', ( #67, #835, #2656, #1022 ) ) ;
#2156 = DIRECTION ( 'NONE',  ( 0.0000000000000000000, 1.000000000000000000, 0.0000000000000000000 ) ) ;
#2157 = ORIENTED_EDGE ( 'NONE', *, *, #1848, .T. ) ;
#2158 = VECTOR ( 'NONE', #1162, 1000.000000000000000 ) ;
#2159 = DIRECTION ( 'NONE',  ( 0.9280290862137038400, 0.3725077383643968200, -0.0000000000000000000 ) ) ;
#2160 = DIRECTION ( 'NONE',  ( -0.0000000000000000000, -0.0000000000000000000, -1.000000000000000000 ) ) ;
#2161 = ORIENTED_EDGE ( 'NONE', *, *, #1233, .T. ) ;
#2162 = VECTOR ( 'NONE', #2233, 1000.000000000000000 ) ;
#2163 = AXIS2_PLACEMENT_3D ( 'NONE', #1446, #945, #1721 ) ;
#2164 = EDGE_CURVE ( 'NONE', #576, #840, #434, .T. ) ;
#2165 = ORIENTED_EDGE ( 'NONE', *, *, #1569, .T. ) ;
#2166 = APPLICATION_PROTOCOL_DEFINITION ( 'draft international standard', 'automotive_design', 1998, #482 ) ;
#2167 = VECTOR ( 'NONE', #3003, 1000.000000000000100 ) ;
#2168 = ORIENTED_EDGE ( 'NONE', *, *, #851, .T. ) ;
#2169 = FACE_OUTER_BOUND ( 'NONE', #1975, .T. ) ;
#2170 =( NAMED_UNIT ( * ) PLANE_ANGLE_UNIT ( ) SI_UNIT ( $, .RADIAN. ) );
#2171 = CARTESIAN_POINT ( 'NONE',  ( 3.212710713445078500, 4.714641202701255200, 5.104999999999999500 ) ) ;
#2172 = AXIS2_PLACEMENT_3D ( 'NONE', #1457, #1466, #261 ) ;
#2173 = FACE_OUTER_BOUND ( 'NONE', #1326, .T. ) ;
#2174 = PLANE ( 'NONE',  #1141 ) ;
#2175 = CARTESIAN_POINT ( 'NONE',  ( 5.078247720134208400, -0.5488494156346102000, 4.850000024999999900 ) ) ;
#2176 = DIRECTION ( 'NONE',  ( 1.000000000000000000, 0.0000000000000000000, 0.0000000000000000000 ) ) ;
#2177 = DIRECTION ( 'NONE',  ( 0.9610992334315862100, -0.2762033010252005800, 0.0000000000000000000 ) ) ;
#2178 = CARTESIAN_POINT ( 'NONE',  ( 1.249999999999999800, -19.00000000000000000, 2.274999999999999900 ) ) ;
#2179 = FILL_AREA_STYLE_COLOUR ( '', #2692 ) ;
#2180 = ORIENTED_EDGE ( 'NONE', *, *, #355, .T. ) ;
#2181 = MANIFOLD_SOLID_BREP ( 'Body-Move/Copy1[1]', #1424 ) ;
#2182 = VECTOR ( 'NONE', #2770, 1000.000000000000000 ) ;
#2183 = EDGE_LOOP ( 'NONE', ( #1277, #1559, #992, #2403, #2274, #1447, #1624, #1228, #2448, #467, #510, #686, #1210, #2766, #2470, #2771, #2073, #2779, #2223, #1750, #642, #2615, #832 ) ) ;
#2184 = CARTESIAN_POINT ( 'NONE',  ( 2.750000000000000400, 1.683889348827610800E-016, 0.0000000000000000000 ) ) ;
#2185 = EDGE_CURVE ( 'NONE', #151, #2706, #2935, .T. ) ;
#2186 = VECTOR ( 'NONE', #2960, 1000.000000000000000 ) ;
#2187 = ORIENTED_EDGE ( 'NONE', *, *, #778, .T. ) ;
#2188 = CARTESIAN_POINT ( 'NONE',  ( 4.649249694123856400, 4.714641202699570300, 5.099999999999999600 ) ) ;
#2189 = DIRECTION ( 'NONE',  ( -0.0000000000000000000, -0.0000000000000000000, -1.000000000000000000 ) ) ;
#2190 = VECTOR ( 'NONE', #509, 1000.000000000000000 ) ;
#2191 = ORIENTED_EDGE ( 'NONE', *, *, #891, .T. ) ;
#2192 = ADVANCED_FACE ( 'NONE', ( #398 ), #1771, .F. ) ;
#2193 = PLANE ( 'NONE',  #1153 ) ;
#2194 = CARTESIAN_POINT ( 'NONE',  ( 0.0000000000000000000, 10.10000000000000000, 5.099999999999999600 ) ) ;
#2195 = LINE ( 'NONE', #1169, #1974 ) ;
#2196 = ORIENTED_EDGE ( 'NONE', *, *, #1343, .F. ) ;
#2197 =( NAMED_UNIT ( * ) PLANE_ANGLE_UNIT ( ) SI_UNIT ( $, .RADIAN. ) );
#2198 = ORIENTED_EDGE ( 'NONE', *, *, #606, .F. ) ;
#2199 = ORIENTED_EDGE ( 'NONE', *, *, #715, .F. ) ;
#2200 = VECTOR ( 'NONE', #2838, 1000.000000000000000 ) ;
#2201 = DIRECTION ( 'NONE',  ( 0.2793947940878294700, 0.9601763114327593900, 0.0000000000000000000 ) ) ;
#2202 = CARTESIAN_POINT ( 'NONE',  ( 2.414056052151339700, 4.346029999999974100, 5.104999999999999500 ) ) ;
#2203 = ORIENTED_EDGE ( 'NONE', *, *, #3057, .F. ) ;
#2204 = SURFACE_STYLE_USAGE ( .BOTH. , #1731 ) ;
#2205 = DIRECTION ( 'NONE',  ( 0.0000000000000000000, 0.0000000000000000000, -1.000000000000000000 ) ) ;
#2206 = ORIENTED_EDGE ( 'NONE', *, *, #1303, .F. ) ;
#2207 = EDGE_CURVE ( 'NONE', #2309, #1646, #1727, .T. ) ;
#2208 = FILL_AREA_STYLE_COLOUR ( '', #237 ) ;
#2209 = ADVANCED_FACE ( 'NONE', ( #2497 ), #1510, .F. ) ;
#2210 = FACE_OUTER_BOUND ( 'NONE', #1125, .T. ) ;
#2211 = STYLED_ITEM ( 'NONE', ( #121 ), #2652 ) ;
#2212 = CARTESIAN_POINT ( 'NONE',  ( 3.811671882742534700, 5.186093679346321000, 5.104999999999999500 ) ) ;
#2213 = LINE ( 'NONE', #924, #2025 ) ;
#2214 = CARTESIAN_POINT ( 'NONE',  ( 4.985094321338968000, 4.505883276192119700, 5.104999999999999500 ) ) ;
#2215 = LINE ( 'NONE', #2072, #480 ) ;
#2216 = STYLED_ITEM ( 'NONE', ( #2504 ), #1775 ) ;
#2217 = PRESENTATION_STYLE_ASSIGNMENT (( #466 ) ) ;
#2218 = FILL_AREA_STYLE ('',( #2208 ) ) ;
#2219 = VERTEX_POINT ( 'NONE', #1996 ) ;
#2220 = VECTOR ( 'NONE', #1926, 1000.000000000000000 ) ;
#2221 = CARTESIAN_POINT ( 'NONE',  ( 2.086364754964133500, 5.186093679346321000, 5.099999999999999600 ) ) ;
#2222 = CARTESIAN_POINT ( 'NONE',  ( 0.2499999749999999900, 0.0000000000000000000, 0.2499999749999999300 ) ) ;
#2223 = ORIENTED_EDGE ( 'NONE', *, *, #2623, .T. ) ;
#2224 = ADVANCED_FACE ( 'NONE', ( #2277 ), #327, .F. ) ;
#2225 = CARTESIAN_POINT ( 'NONE',  ( 4.739023163253611900, 5.026163774117507400, 5.104999999999999500 ) ) ;
#2226 = CARTESIAN_POINT ( 'NONE',  ( 6.250000000000000000, -19.00000000000000000, 2.550000000000000300 ) ) ;
#2227 = ORIENTED_EDGE ( 'NONE', *, *, #2778, .T. ) ;
#2228 = CARTESIAN_POINT ( 'NONE',  ( 2.896503553671502900, 4.869940159897062400, 5.104999999999999500 ) ) ;
#2229 = ORIENTED_EDGE ( 'NONE', *, *, #1365, .F. ) ;
#2230 = AXIS2_PLACEMENT_3D ( 'NONE', #1404, #2588, #3046 ) ;
#2231 = EDGE_CURVE ( 'NONE', #2267, #1861, #2023, .T. ) ;
#2232 = ORIENTED_EDGE ( 'NONE', *, *, #2642, .T. ) ;
#2233 = DIRECTION ( 'NONE',  ( -1.000000000000000000, 0.0000000000000000000, 0.0000000000000000000 ) ) ;
#2234 = DIRECTION ( 'NONE',  ( -0.0000000000000000000, -0.0000000000000000000, 1.000000000000000000 ) ) ;
#2235 = ORIENTED_EDGE ( 'NONE', *, *, #2661, .T. ) ;
#2236 = CARTESIAN_POINT ( 'NONE',  ( 5.379376250857569100, 5.023893000371751700, 5.099999999999999600 ) ) ;
#2237 = ORIENTED_EDGE ( 'NONE', *, *, #119, .F. ) ;
#2238 = DIRECTION ( 'NONE',  ( -0.0000000000000000000, -0.0000000000000000000, 1.000000000000000000 ) ) ;
#2239 = ADVANCED_FACE ( 'NONE', ( #662 ), #811, .F. ) ;
#2240 = VERTEX_POINT ( 'NONE', #116 ) ;
#2241 = COLOUR_RGB ( '',0.4980392156862745200, 0.4980392156862745200, 0.4980392156862745200 ) ;
#2242 = PLANE ( 'NONE',  #1113 ) ;
#2243 = VERTEX_POINT ( 'NONE', #609 ) ;
#2244 = SURFACE_STYLE_USAGE ( .BOTH. , #2701 ) ;
#2245 = FACE_OUTER_BOUND ( 'NONE', #123, .T. ) ;
#2246 = EDGE_CURVE ( 'NONE', #546, #1360, #331, .T. ) ;
#2247 = VECTOR ( 'NONE', #2519, 1000.000000000000000 ) ;
#2248 = SURFACE_SIDE_STYLE ('',( #2048 ) ) ;
#2249 = CARTESIAN_POINT ( 'NONE',  ( 4.305042284858450000, 4.346029999999974100, 5.104999999999999500 ) ) ;
#2250 = ADVANCED_FACE ( 'NONE', ( #474 ), #849, .F. ) ;
#2251 = LINE ( 'NONE', #2843, #893 ) ;
#2252 = ORIENTED_EDGE ( 'NONE', *, *, #2517, .T. ) ;
#2253 = UNCERTAINTY_MEASURE_WITH_UNIT (LENGTH_MEASURE( 1.000000000000000100E-005 ), #2643, 'distance_accuracy_value', 'NONE');
#2254 = CARTESIAN_POINT ( 'NONE',  ( 5.423785331102479300, 4.346029999999974100, 5.099999999999999600 ) ) ;
#2255 = VERTEX_POINT ( 'NONE', #149 ) ;
#2256 = CARTESIAN_POINT ( 'NONE',  ( 7.500000000000000000, 0.0000000000000000000, 0.0000000000000000000 ) ) ;
#2257 = ORIENTED_EDGE ( 'NONE', *, *, #968, .T. ) ;
#2258 = FILL_AREA_STYLE ('',( #86 ) ) ;
#2259 = LINE ( 'NONE', #1717, #1636 ) ;
#2260 = VERTEX_POINT ( 'NONE', #2730 ) ;
#2261 = DIRECTION ( 'NONE',  ( -0.0000000000000000000, -0.0000000000000000000, -1.000000000000000000 ) ) ;
#2262 = VERTEX_POINT ( 'NONE', #336 ) ;
#2263 = ADVANCED_FACE ( 'NONE', ( #2424 ), #376, .F. ) ;
#2264 = EDGE_CURVE ( 'NONE', #1820, #2622, #2707, .T. ) ;
#2265 = LINE ( 'NONE', #1349, #1563 ) ;
#2266 = CARTESIAN_POINT ( 'NONE',  ( 4.589652739086718100, 4.505883276192119700, 5.104999999999999500 ) ) ;
#2267 = VERTEX_POINT ( 'NONE', #2498 ) ;
#2268 = CARTESIAN_POINT ( 'NONE',  ( 3.257068707667527500, 4.869940159897062400, 5.104999999999999500 ) ) ;
#2269 = VERTEX_POINT ( 'NONE', #1782 ) ;
#2270 = COLOUR_RGB ( '',0.7921568627450980000, 0.8196078431372548800, 0.9333333333333333500 ) ;
#2271 = MECHANICAL_DESIGN_GEOMETRIC_PRESENTATION_REPRESENTATION (  '', ( #23 ), #2369 ) ;
#2272 = CARTESIAN_POINT ( 'NONE',  ( 2.340696523052773000, 5.186093679346321000, 5.099999999999999600 ) ) ;
#2273 = SURFACE_SIDE_STYLE ('',( #2455 ) ) ;
#2274 = ORIENTED_EDGE ( 'NONE', *, *, #1793, .T. ) ;
#2275 = LINE ( 'NONE', #1430, #1497 ) ;
#2276 = CARTESIAN_POINT ( 'NONE',  ( 5.379376250857569100, 5.023893000371751700, 5.104999999999999500 ) ) ;
#2277 = FACE_OUTER_BOUND ( 'NONE', #1071, .T. ) ;
#2278 = ORIENTED_EDGE ( 'NONE', *, *, #1610, .F. ) ;
#2279 = CARTESIAN_POINT ( 'NONE',  ( 4.649249694123856400, 4.714641202699570300, 5.104999999999999500 ) ) ;
#2280 = CARTESIAN_POINT ( 'NONE',  ( 2.852196645472536500, 4.714641202701255200, 5.104999999999999500 ) ) ;
#2281 = EDGE_CURVE ( 'NONE', #2450, #1299, #128, .T. ) ;
#2282 = ADVANCED_FACE ( 'NONE', ( #1911 ), #1190, .T. ) ;
#2283 = DIRECTION ( 'NONE',  ( 0.5132742654133490800, 0.8582246375305168100, -1.192485149286651400E-017 ) ) ;
#2284 = VECTOR ( 'NONE', #2813, 1000.000000000000000 ) ;
#2285 = PRESENTATION_LAYER_ASSIGNMENT (  '', '', ( #2458 ) ) ;
#2286 = EDGE_CURVE ( 'NONE', #2040, #2928, #1840, .T. ) ;
#2287 = LINE ( 'NONE', #1612, #303 ) ;
#2288 = DIRECTION ( 'NONE',  ( -0.2760118818968579900, -0.9611542233438683500, 0.0000000000000000000 ) ) ;
#2289 = CARTESIAN_POINT ( 'NONE',  ( 3.585605478546084700, 4.346029999999974100, 5.099999999999999600 ) ) ;
#2290 = UNCERTAINTY_MEASURE_WITH_UNIT (LENGTH_MEASURE( 1.000000000000000100E-005 ), #1673, 'distance_accuracy_value', 'NONE');
#2291 = VERTEX_POINT ( 'NONE', #1333 ) ;
#2292 = ADVANCED_FACE ( 'NONE', ( #2169 ), #1311, .T. ) ;
#2293 = VERTEX_POINT ( 'NONE', #2272 ) ;
#2294 = PLANE ( 'NONE',  #1818 ) ;
#2295 = ORIENTED_EDGE ( 'NONE', *, *, #1735, .F. ) ;
#2296 = CARTESIAN_POINT ( 'NONE',  ( 7.500000000000000000, 9.599999999999999600, 5.099999999999999600 ) ) ;
#2297 = AXIS2_PLACEMENT_3D ( 'NONE', #1230, #718, #1922 ) ;
#2298 = EDGE_CURVE ( 'NONE', #2518, #2260, #2312, .T. ) ;
#2299 =( NAMED_UNIT ( * ) PLANE_ANGLE_UNIT ( ) SI_UNIT ( $, .RADIAN. ) );
#2300 = VERTEX_POINT ( 'NONE', #843 ) ;
#2301 = VECTOR ( 'NONE', #1339, 1000.000000000000000 ) ;
#2302 = CARTESIAN_POINT ( 'NONE',  ( 1.249999999999999800, 0.7500000000000000000, 2.550000000000000300 ) ) ;
#2303 = PRESENTATION_LAYER_ASSIGNMENT (  '', '', ( #2821 ) ) ;
#2304 = AXIS2_PLACEMENT_3D ( 'NONE', #2783, #2537, #1843 ) ;
#2305 = ORIENTED_EDGE ( 'NONE', *, *, #2909, .T. ) ;
#2306 = COLOUR_RGB ( '',0.4980392156862745200, 0.4980392156862745200, 0.4980392156862745200 ) ;
#2307 = DIRECTION ( 'NONE',  ( -0.0000000000000000000, -0.0000000000000000000, -1.000000000000000000 ) ) ;
#2308 = CARTESIAN_POINT ( 'NONE',  ( 4.541724999999999600, 0.3482480000000001100, 5.099999999999999600 ) ) ;
#2309 = VERTEX_POINT ( 'NONE', #2565 ) ;
#2310 = MECHANICAL_DESIGN_GEOMETRIC_PRESENTATION_REPRESENTATION (  '', ( #2954 ), #2526 ) ;
#2311 = VECTOR ( 'NONE', #2329, 1000.000000000000000 ) ;
#2312 = LINE ( 'NONE', #833, #1537 ) ;
#2313 = DIRECTION ( 'NONE',  ( 0.0000000000000000000, -1.000000000000000000, -0.0000000000000000000 ) ) ;
#2314 = CARTESIAN_POINT ( 'NONE',  ( 0.0000000000000000000, 0.0000000000000000000, 5.099999999999999600 ) ) ;
#2315 = CARTESIAN_POINT ( 'NONE',  ( 6.250000000000000000, -19.00000000000000000, 2.550000000000000300 ) ) ;
#2316 = PLANE ( 'NONE',  #163 ) ;
#2317 = EDGE_CURVE ( 'NONE', #1637, #2918, #2462, .T. ) ;
#2318 = CARTESIAN_POINT ( 'NONE',  ( 3.990469877836536000, 4.346029999999974100, 5.099999999999999600 ) ) ;
#2319 = COLOUR_RGB ( '',0.4980392156862745200, 0.4980392156862745200, 0.4980392156862745200 ) ;
#2320 = DIRECTION ( 'NONE',  ( -0.0000000000000000000, -0.0000000000000000000, -1.000000000000000000 ) ) ;
#2321 = DIRECTION ( 'NONE',  ( -2.478176376551321900E-016, 0.0000000000000000000, 1.000000000000000000 ) ) ;
#2322 = SURFACE_STYLE_FILL_AREA ( #2218 ) ;
#2323 = ADVANCED_FACE ( 'NONE', ( #1106 ), #860, .F. ) ;
#2324 = ORIENTED_EDGE ( 'NONE', *, *, #322, .F. ) ;
#2325 = PRESENTATION_LAYER_ASSIGNMENT (  '', '', ( #616 ) ) ;
#2326 = CARTESIAN_POINT ( 'NONE',  ( 4.649249694123856400, 4.714641202699570300, 5.099999999999999600 ) ) ;
#2327 = LINE ( 'NONE', #2280, #1206 ) ;
#2328 = ORIENTED_EDGE ( 'NONE', *, *, #138, .T. ) ;
#2329 = DIRECTION ( 'NONE',  ( 1.000000000000000000, 0.0000000000000000000, 0.0000000000000000000 ) ) ;
#2330 = EDGE_LOOP ( 'NONE', ( #1589, #1704, #1925, #2982, #2587, #1250, #601, #1602 ) ) ;
#2331 = CARTESIAN_POINT ( 'NONE',  ( 3.370127186319229900, 5.186093679346321000, 5.104999999999999500 ) ) ;
#2332 = FACE_OUTER_BOUND ( 'NONE', #2084, .T. ) ;
#2333 = ORIENTED_EDGE ( 'NONE', *, *, #570, .F. ) ;
#2334 = EDGE_CURVE ( 'NONE', #1985, #2450, #2086, .T. ) ;
#2335 = FILL_AREA_STYLE_COLOUR ( '', #1084 ) ;
#2336 = DIRECTION ( 'NONE',  ( 0.0000000000000000000, -1.000000000000000000, 0.0000000000000000000 ) ) ;
#2337 = ORIENTED_EDGE ( 'NONE', *, *, #361, .F. ) ;
#2338 = DIRECTION ( 'NONE',  ( 0.2762437428917223800, 0.9610876102172850600, 0.0000000000000000000 ) ) ;
#2339 = VECTOR ( 'NONE', #2307, 1000.000000000000000 ) ;
#2340 = CARTESIAN_POINT ( 'NONE',  ( 6.999999999999999100, 10.10000000000000000, 4.599999999999999600 ) ) ;
#2341 = EDGE_CURVE ( 'NONE', #1408, #972, #2772, .T. ) ;
#2342 = VERTEX_POINT ( 'NONE', #2798 ) ;
#2343 = VECTOR ( 'NONE', #2484, 1000.000000000000000 ) ;
#2344 = CARTESIAN_POINT ( 'NONE',  ( 1.983676739086863500, 4.827858048026307400, 5.104999999999999500 ) ) ;
#2345 = ORIENTED_EDGE ( 'NONE', *, *, #52, .T. ) ;
#2346 =( GEOMETRIC_REPRESENTATION_CONTEXT ( 3 ) GLOBAL_UNCERTAINTY_ASSIGNED_CONTEXT ( ( #421 ) ) GLOBAL_UNIT_ASSIGNED_CONTEXT ( ( #939, #43, #2408 ) ) REPRESENTATION_CONTEXT ( 'NONE', 'WORKASPACE' ) );
#2347 = DIRECTION ( 'NONE',  ( -0.9619530280415483600, 0.2732148821746286400, 0.0000000000000000000 ) ) ;
#2348 = ORIENTED_EDGE ( 'NONE', *, *, #1154, .T. ) ;
#2349 = CARTESIAN_POINT ( 'NONE',  ( 1.975362488086775900, 4.802161778192806100, 5.104999999999999500 ) ) ;
#2350 = DIRECTION ( 'NONE',  ( -0.2746918797667270400, -0.9615323037684286900, 0.0000000000000000000 ) ) ;
#2351 = CARTESIAN_POINT ( 'NONE',  ( 5.379376250857569100, 5.023893000371751700, 5.104999999999999500 ) ) ;
#2352 = VECTOR ( 'NONE', #761, 1000.000000000000000 ) ;
#2353 = LINE ( 'NONE', #1181, #2602 ) ;
#2354 = PRESENTATION_STYLE_ASSIGNMENT (( #1312 ) ) ;
#2355 = CARTESIAN_POINT ( 'NONE',  ( 0.0000000000000000000, 9.599999999999999600, 4.599999999999999600 ) ) ;
#2356 = DIRECTION ( 'NONE',  ( 0.4443210308329518800, 0.8958676361826801700, 0.0000000000000000000 ) ) ;
#2357 = CARTESIAN_POINT ( 'NONE',  ( 0.2499999749999999900, 0.7500000000000000000, 0.2499999749999999300 ) ) ;
#2358 = EDGE_CURVE ( 'NONE', #675, #330, #66, .T. ) ;
#2359 = LINE ( 'NONE', #1700, #1040 ) ;
#2360 = VECTOR ( 'NONE', #2160, 1000.000000000000000 ) ;
#2361 = VECTOR ( 'NONE', #2370, 1000.000000000000000 ) ;
#2362 = FACE_OUTER_BOUND ( 'NONE', #1551, .T. ) ;
#2363 =( GEOMETRIC_REPRESENTATION_CONTEXT ( 3 ) GLOBAL_UNCERTAINTY_ASSIGNED_CONTEXT ( ( #282 ) ) GLOBAL_UNIT_ASSIGNED_CONTEXT ( ( #2958, #2024, #2452 ) ) REPRESENTATION_CONTEXT ( 'NONE', 'WORKASPACE' ) );
#2364 = MECHANICAL_DESIGN_GEOMETRIC_PRESENTATION_REPRESENTATION (  '', ( #269 ), #695 ) ;
#2365 = CARTESIAN_POINT ( 'NONE',  ( 3.750000000000000000, 0.3482480000000002200, 0.0000000000000000000 ) ) ;
#2366 = DIRECTION ( 'NONE',  ( 0.2732148821746286400, 0.9619530280415482500, 0.0000000000000000000 ) ) ;
#2367 = ORIENTED_EDGE ( 'NONE', *, *, #2886, .F. ) ;
#2368 = DIRECTION ( 'NONE',  ( 0.05375259206908577400, 0.9985542843760946100, 0.0000000000000000000 ) ) ;
#2369 =( GEOMETRIC_REPRESENTATION_CONTEXT ( 3 ) GLOBAL_UNCERTAINTY_ASSIGNED_CONTEXT ( ( #2030 ) ) GLOBAL_UNIT_ASSIGNED_CONTEXT ( ( #2511, #2949, #1050 ) ) REPRESENTATION_CONTEXT ( 'NONE', 'WORKASPACE' ) );
#2370 = DIRECTION ( 'NONE',  ( -1.000000000000000000, -0.0000000000000000000, -0.0000000000000000000 ) ) ;
#2371 = DIRECTION ( 'NONE',  ( -0.9610876102172850600, 0.2762437428917223800, 0.0000000000000000000 ) ) ;
#2372 = CARTESIAN_POINT ( 'NONE',  ( 3.585605478546084700, 4.346029999999974100, 5.104999999999999500 ) ) ;
#2373 = ORIENTED_EDGE ( 'NONE', *, *, #1365, .T. ) ;
#2374 = EDGE_LOOP ( 'NONE', ( #1631, #2840, #1302, #3018 ) ) ;
#2375 = DIRECTION ( 'NONE',  ( 0.7145695586382624400, 0.6995643972269591800, 0.0000000000000000000 ) ) ;
#2376 = DIRECTION ( 'NONE',  ( -1.000000000000000000, 0.0000000000000000000, 0.0000000000000000000 ) ) ;
#2377 = ORIENTED_EDGE ( 'NONE', *, *, #52, .F. ) ;
#2378 = EDGE_CURVE ( 'NONE', #172, #495, #2995, .T. ) ;
#2379 = DIRECTION ( 'NONE',  ( 0.0000000000000000000, 0.0000000000000000000, 1.000000000000000000 ) ) ;
#2380 =( LENGTH_UNIT ( ) NAMED_UNIT ( * ) SI_UNIT ( .MILLI., .METRE. ) );
#2381 = ORIENTED_EDGE ( 'NONE', *, *, #1433, .T. ) ;
#2382 = PRESENTATION_STYLE_ASSIGNMENT (( #2061 ) ) ;
#2383 = AXIS2_PLACEMENT_3D ( 'NONE', #2226, #785, #1287 ) ;
#2384 = EDGE_CURVE ( 'NONE', #707, #2387, #1607, .T. ) ;
#2385 = EDGE_LOOP ( 'NONE', ( #1017, #422, #328, #2581 ) ) ;
#2386 = CARTESIAN_POINT ( 'NONE',  ( 2.792706971083416300, 4.505852624580094300, 5.104999999999999500 ) ) ;
#2387 = VERTEX_POINT ( 'NONE', #1396 ) ;
#2388 = SURFACE_STYLE_FILL_AREA ( #1082 ) ;
#2389 = CARTESIAN_POINT ( 'NONE',  ( 7.250000024999999400, 0.0000000000000000000, 0.2499999749999997900 ) ) ;
#2390 = SURFACE_STYLE_USAGE ( .BOTH. , #1459 ) ;
#2391 = DIRECTION ( 'NONE',  ( 0.0000000000000000000, 0.0000000000000000000, 1.000000000000000000 ) ) ;
#2392 = LINE ( 'NONE', #9, #1109 ) ;
#2393 = CARTESIAN_POINT ( 'NONE',  ( 3.809558942749218700, 4.346029999999974100, 5.104999999999999500 ) ) ;
#2394 = VERTEX_POINT ( 'NONE', #2318 ) ;
#2395 = VECTOR ( 'NONE', #1919, 1000.000000000000200 ) ;
#2396 = VECTOR ( 'NONE', #1393, 1000.000000000000000 ) ;
#2397 = CARTESIAN_POINT ( 'NONE',  ( 2.158452242077110400, 4.346029999999974100, 5.099999999999999600 ) ) ;
#2398 = CARTESIAN_POINT ( 'NONE',  ( 0.2499999749999999900, 0.0000000000000000000, 4.850000024999999000 ) ) ;
#2399 = PRESENTATION_LAYER_ASSIGNMENT (  '', '', ( #1273 ) ) ;
#2400 = EDGE_CURVE ( 'NONE', #2659, #1867, #2125, .T. ) ;
#2401 = EDGE_LOOP ( 'NONE', ( #529, #37, #259, #1317 ) ) ;
#2402 = VECTOR ( 'NONE', #927, 1000.000000000000100 ) ;
#2403 = ORIENTED_EDGE ( 'NONE', *, *, #2645, .T. ) ;
#2404 = DIRECTION ( 'NONE',  ( -0.3725077383643967700, 0.9280290862137037200, 0.0000000000000000000 ) ) ;
#2405 = CARTESIAN_POINT ( 'NONE',  ( 3.258391835674214300, 4.505852624580094300, 5.104999999999999500 ) ) ;
#2406 = ORIENTED_EDGE ( 'NONE', *, *, #1485, .F. ) ;
#2407 = LINE ( 'NONE', #1950, #2190 ) ;
#2408 =( NAMED_UNIT ( * ) SI_UNIT ( $, .STERADIAN. ) SOLID_ANGLE_UNIT ( ) );
#2409 = CARTESIAN_POINT ( 'NONE',  ( 2.617153647927336700, 5.186093679346321000, 5.104999999999999500 ) ) ;
#2410 = ORIENTED_EDGE ( 'NONE', *, *, #2904, .F. ) ;
#2411 = VECTOR ( 'NONE', #2150, 1000.000000000000000 ) ;
#2412 = ORIENTED_EDGE ( 'NONE', *, *, #1912, .F. ) ;
#2413 = CARTESIAN_POINT ( 'NONE',  ( 4.939735041056652100, 4.346029999999974100, 5.099999999999999600 ) ) ;
#2414 = EDGE_LOOP ( 'NONE', ( #2948, #2541, #839, #349 ) ) ;
#2415 = ORIENTED_EDGE ( 'NONE', *, *, #2207, .F. ) ;
#2416 = LINE ( 'NONE', #1280, #2343 ) ;
#2417 = PRODUCT_DEFINITION_FORMATION_WITH_SPECIFIED_SOURCE ( 'ANY', '', #25, .NOT_KNOWN. ) ;
#2418 = EDGE_CURVE ( 'NONE', #2219, #2420, #395, .T. ) ;
#2419 =( LENGTH_UNIT ( ) NAMED_UNIT ( * ) SI_UNIT ( .MILLI., .METRE. ) );
#2420 = VERTEX_POINT ( 'NONE', #2092 ) ;
#2421 = COLOUR_RGB ( '',0.7921568627450980000, 0.8196078431372548800, 0.9333333333333333500 ) ;
#2422 = ADVANCED_FACE ( 'NONE', ( #1908 ), #3026, .F. ) ;
#2423 = ORIENTED_EDGE ( 'NONE', *, *, #593, .T. ) ;
#2424 = FACE_OUTER_BOUND ( 'NONE', #2617, .T. ) ;
#2425 = EDGE_CURVE ( 'NONE', #1860, #581, #2801, .T. ) ;
#2426 = CARTESIAN_POINT ( 'NONE',  ( 2.749516292503984400, 5.186093679346321000, 5.099999999999999600 ) ) ;
#2427 = CARTESIAN_POINT ( 'NONE',  ( 6.250000000000000000, 0.7500000000000006700, 2.825000000000000200 ) ) ;
#2428 = EDGE_LOOP ( 'NONE', ( #2168, #683, #2020, #1923 ) ) ;
#2429 = DIRECTION ( 'NONE',  ( 0.0000000000000000000, -1.000000000000000000, 0.0000000000000000000 ) ) ;
#2430 = DIRECTION ( 'NONE',  ( 0.0000000000000000000, 0.0000000000000000000, -1.000000000000000000 ) ) ;
#2431 = AXIS2_PLACEMENT_3D ( 'NONE', #2477, #1774, #1077 ) ;
#2432 = PLANE ( 'NONE',  #2466 ) ;
#2433 = COLOUR_RGB ( '',0.7921568627450980000, 0.8196078431372548800, 0.9333333333333333500 ) ;
#2434 = FACE_OUTER_BOUND ( 'NONE', #923, .T. ) ;
#2435 = ADVANCED_FACE ( 'NONE', ( #1300 ), #3014, .F. ) ;
#2436 =( NAMED_UNIT ( * ) PLANE_ANGLE_UNIT ( ) SI_UNIT ( $, .RADIAN. ) );
#2437 = EDGE_CURVE ( 'NONE', #1784, #533, #620, .T. ) ;
#2438 = CARTESIAN_POINT ( 'NONE',  ( 3.212710713445078500, 4.714641202701255200, 5.104999999999999500 ) ) ;
#2439 = DIRECTION ( 'NONE',  ( 0.9999891854650020400, -0.004650693823678666100, 0.0000000000000000000 ) ) ;
#2440 = EDGE_CURVE ( 'NONE', #2706, #183, #1460, .T. ) ;
#2441 = VERTEX_POINT ( 'NONE', #2944 ) ;
#2442 = CARTESIAN_POINT ( 'NONE',  ( 2.224986679108016800, 4.802161778192812300, 5.104999999999999500 ) ) ;
#2443 = LINE ( 'NONE', #1677, #1170 ) ;
#2444 = EDGE_LOOP ( 'NONE', ( #1304, #644, #1099, #2566 ) ) ;
#2445 = CARTESIAN_POINT ( 'NONE',  ( 2.792706971083416300, 4.505852624580094300, 5.104999999999999500 ) ) ;
#2446 = FILL_AREA_STYLE ('',( #2179 ) ) ;
#2447 = VECTOR ( 'NONE', #1500, 1000.000000000000000 ) ;
#2448 = ORIENTED_EDGE ( 'NONE', *, *, #1512, .T. ) ;
#2449 = DIRECTION ( 'NONE',  ( 0.0000000000000000000, 0.0000000000000000000, 1.000000000000000000 ) ) ;
#2450 = VERTEX_POINT ( 'NONE', #82 ) ;
#2451 = ADVANCED_FACE ( 'NONE', ( #192 ), #2678, .F. ) ;
#2452 =( NAMED_UNIT ( * ) SI_UNIT ( $, .STERADIAN. ) SOLID_ANGLE_UNIT ( ) );
#2453 = DIRECTION ( 'NONE',  ( -0.0000000000000000000, -0.0000000000000000000, -1.000000000000000000 ) ) ;
#2454 = VERTEX_POINT ( 'NONE', #257 ) ;
#2455 = SURFACE_STYLE_FILL_AREA ( #2258 ) ;
#2456 = DIRECTION ( 'NONE',  ( 0.5132742654133490800, -0.8582246375305168100, -0.0000000000000000000 ) ) ;
#2457 = EDGE_LOOP ( 'NONE', ( #3060, #2333, #225, #952 ) ) ;
#2458 = STYLED_ITEM ( 'NONE', ( #430 ), #2282 ) ;
#2459 = EDGE_CURVE ( 'NONE', #1413, #1820, #2737, .T. ) ;
#2460 = CARTESIAN_POINT ( 'NONE',  ( 2.749516292503984400, 5.186093679346321000, 5.099999999999999600 ) ) ;
#2461 = ORIENTED_EDGE ( 'NONE', *, *, #667, .T. ) ;
#2462 = LINE ( 'NONE', #1568, #882 ) ;
#2463 = CARTESIAN_POINT ( 'NONE',  ( 3.257068707667527500, 4.869940159897062400, 5.099999999999999600 ) ) ;
#2464 = PLANE ( 'NONE',  #2931 ) ;
#2465 = ADVANCED_FACE ( 'NONE', ( #1341 ), #2606, .F. ) ;
#2466 = AXIS2_PLACEMENT_3D ( 'NONE', #540, #1765, #54 ) ;
#2467 = CARTESIAN_POINT ( 'NONE',  ( 3.809558942749218700, 4.346029999999974100, 5.099999999999999600 ) ) ;
#2468 = LINE ( 'NONE', #1126, #2396 ) ;
#2469 = DIRECTION ( 'NONE',  ( -5.694109626320597900E-016, 1.000000000000000000, 0.0000000000000000000 ) ) ;
#2470 = ORIENTED_EDGE ( 'NONE', *, *, #1044, .T. ) ;
#2471 = LINE ( 'NONE', #2142, #1205 ) ;
#2472 = DIRECTION ( 'NONE',  ( -0.0000000000000000000, -0.0000000000000000000, -1.000000000000000000 ) ) ;
#2473 = LINE ( 'NONE', #688, #1749 ) ;
#2474 = EDGE_CURVE ( 'NONE', #772, #151, #694, .T. ) ;
#2475 = FACE_OUTER_BOUND ( 'NONE', #1886, .T. ) ;
#2476 = PRESENTATION_STYLE_ASSIGNMENT (( #134 ) ) ;
#2477 = CARTESIAN_POINT ( 'NONE',  ( 0.0000000000000000000, 9.599999999999999600, 0.4999999999999995600 ) ) ;
#2478 = VERTEX_POINT ( 'NONE', #1920 ) ;
#2479 = AXIS2_PLACEMENT_3D ( 'NONE', #470, #2156, #1927 ) ;
#2480 = ADVANCED_FACE ( 'NONE', ( #846 ), #940, .F. ) ;
#2481 = EDGE_CURVE ( 'NONE', #1838, #2441, #1225, .T. ) ;
#2482 = FACE_OUTER_BOUND ( 'NONE', #2735, .T. ) ;
#2483 = VERTEX_POINT ( 'NONE', #1188 ) ;
#2484 = DIRECTION ( 'NONE',  ( 1.000000000000000000, -0.0000000000000000000, -0.0000000000000000000 ) ) ;
#2485 = ORIENTED_EDGE ( 'NONE', *, *, #1848, .F. ) ;
#2486 = CARTESIAN_POINT ( 'NONE',  ( 5.123987002082493800, 5.025080750418628600, 5.104999999999999500 ) ) ;
#2487 = VECTOR ( 'NONE', #2973, 1000.000000000000000 ) ;
#2488 = ORIENTED_EDGE ( 'NONE', *, *, #1095, .F. ) ;
#2489 = CARTESIAN_POINT ( 'NONE',  ( 3.750000000000000000, 0.3482480000000002200, 0.0000000000000000000 ) ) ;
#2490 = ORIENTED_EDGE ( 'NONE', *, *, #302, .T. ) ;
#2491 = ORIENTED_EDGE ( 'NONE', *, *, #1793, .F. ) ;
#2492 = COLOUR_RGB ( '',0.4980392156862745200, 0.4980392156862745200, 0.4980392156862745200 ) ;
#2493 = FILL_AREA_STYLE_COLOUR ( '', #2306 ) ;
#2494 = EDGE_CURVE ( 'NONE', #2928, #1850, #2275, .T. ) ;
#2495 = VERTEX_POINT ( 'NONE', #1883 ) ;
#2496 = ADVANCED_FACE ( 'NONE', ( #465 ), #2811, .F. ) ;
#2497 = FACE_OUTER_BOUND ( 'NONE', #411, .T. ) ;
#2498 = CARTESIAN_POINT ( 'NONE',  ( 1.844625690998455700, 4.346029999999974100, 5.099999999999999600 ) ) ;
#2499 = UNCERTAINTY_MEASURE_WITH_UNIT (LENGTH_MEASURE( 1.000000000000000100E-005 ), #1264, 'distance_accuracy_value', 'NONE');
#2500 =( NAMED_UNIT ( * ) SI_UNIT ( $, .STERADIAN. ) SOLID_ANGLE_UNIT ( ) );
#2501 = VECTOR ( 'NONE', #94, 1000.000000000000100 ) ;
#2502 = EDGE_CURVE ( 'NONE', #2716, #2520, #392, .T. ) ;
#2503 = MANIFOLD_SOLID_BREP ( 'Body-Move/Copy1[3]', #1265 ) ;
#2504 = PRESENTATION_STYLE_ASSIGNMENT (( #203 ) ) ;
#2505 = MECHANICAL_DESIGN_GEOMETRIC_PRESENTATION_REPRESENTATION (  '', ( #616 ), #2805 ) ;
#2506 = CARTESIAN_POINT ( 'NONE',  ( 0.2499999749999999900, 0.7500000000000000000, 4.850000024999999000 ) ) ;
#2507 = DIRECTION ( 'NONE',  ( 1.000000000000000000, 0.0000000000000000000, 0.0000000000000000000 ) ) ;
#2508 = DIRECTION ( 'NONE',  ( 0.0000000000000000000, 0.0000000000000000000, -1.000000000000000000 ) ) ;
#2509 = LINE ( 'NONE', #2438, #1814 ) ;
#2510 = FACE_OUTER_BOUND ( 'NONE', #1011, .T. ) ;
#2511 =( LENGTH_UNIT ( ) NAMED_UNIT ( * ) SI_UNIT ( .MILLI., .METRE. ) );
#2512 = LINE ( 'NONE', #1894, #751 ) ;
#2513 = FACE_OUTER_BOUND ( 'NONE', #981, .T. ) ;
#2514 = ORIENTED_EDGE ( 'NONE', *, *, #2334, .T. ) ;
#2515 = CARTESIAN_POINT ( 'NONE',  ( 1.249999999999999800, -19.00000000000000000, 2.550000000000000300 ) ) ;
#2516 =( NAMED_UNIT ( * ) PLANE_ANGLE_UNIT ( ) SI_UNIT ( $, .RADIAN. ) );
#2517 = EDGE_CURVE ( 'NONE', #351, #150, #1904, .T. ) ;
#2518 = VERTEX_POINT ( 'NONE', #2132 ) ;
#2519 = DIRECTION ( 'NONE',  ( 0.05375259206908577400, 0.9985542843760946100, 0.0000000000000000000 ) ) ;
#2520 = VERTEX_POINT ( 'NONE', #1174 ) ;
#2521 = AXIS2_PLACEMENT_3D ( 'NONE', #1178, #2847, #1444 ) ;
#2522 = VECTOR ( 'NONE', #958, 1000.000000000000100 ) ;
#2523 = CARTESIAN_POINT ( 'NONE',  ( 5.423785331102479300, 4.346029999999974100, 5.104999999999999500 ) ) ;
#2524 = ORIENTED_EDGE ( 'NONE', *, *, #2924, .T. ) ;
#2525 = FACE_BOUND ( 'NONE', #2845, .T. ) ;
#2526 =( GEOMETRIC_REPRESENTATION_CONTEXT ( 3 ) GLOBAL_UNCERTAINTY_ASSIGNED_CONTEXT ( ( #753 ) ) GLOBAL_UNIT_ASSIGNED_CONTEXT ( ( #2419, #2197, #1023 ) ) REPRESENTATION_CONTEXT ( 'NONE', 'WORKASPACE' ) );
#2527 = LINE ( 'NONE', #223, #424 ) ;
#2528 = DIRECTION ( 'NONE',  ( 0.0000000000000000000, 0.0000000000000000000, -1.000000000000000000 ) ) ;
#2529 = VECTOR ( 'NONE', #1257, 1000.000000000000000 ) ;
#2530 = CARTESIAN_POINT ( 'NONE',  ( 4.693556602321803200, 4.869912062582796100, 5.104999999999999500 ) ) ;
#2531 = EDGE_CURVE ( 'NONE', #1221, #598, #1647, .T. ) ;
#2532 = DIRECTION ( 'NONE',  ( -0.2755265765475026200, -0.9612934544747576700, 0.0000000000000000000 ) ) ;
#2533 = VECTOR ( 'NONE', #2094, 1000.000000000000000 ) ;
#2534 = STYLED_ITEM ( 'NONE', ( #2382 ), #2538 ) ;
#2535 = EDGE_CURVE ( 'NONE', #1784, #847, #2051, .T. ) ;
#2536 = SURFACE_SIDE_STYLE ('',( #1351 ) ) ;
#2537 = DIRECTION ( 'NONE',  ( 0.0000000000000000000, -1.000000000000000000, 0.0000000000000000000 ) ) ;
#2538 = ADVANCED_FACE ( 'NONE', ( #2120 ), #1982, .T. ) ;
#2539 = AXIS2_PLACEMENT_3D ( 'NONE', #3045, #3, #2350 ) ;
#2540 = CARTESIAN_POINT ( 'NONE',  ( 3.585605478546084700, 4.346029999999974100, 5.104999999999999500 ) ) ;
#2541 = ORIENTED_EDGE ( 'NONE', *, *, #1675, .F. ) ;
#2542 = CARTESIAN_POINT ( 'NONE',  ( 7.500000000000000000, 9.599999999999999600, 0.0000000000000000000 ) ) ;
#2543 = VERTEX_POINT ( 'NONE', #2937 ) ;
#2544 = LINE ( 'NONE', #1605, #383 ) ;
#2545 = DIRECTION ( 'NONE',  ( -0.0000000000000000000, -1.000000000000000000, -0.0000000000000000000 ) ) ;
#2546 = SURFACE_SIDE_STYLE ('',( #1881 ) ) ;
#2547 = ORIENTED_EDGE ( 'NONE', *, *, #15, .T. ) ;
#2548 = VECTOR ( 'NONE', #2078, 1000.000000000000000 ) ;
#2549 = CARTESIAN_POINT ( 'NONE',  ( 4.077021330051222100, 5.186093679346321000, 5.104999999999999500 ) ) ;
#2550 = VERTEX_POINT ( 'NONE', #1240 ) ;
#2551 = DIRECTION ( 'NONE',  ( -1.000000000000000000, 0.0000000000000000000, 0.0000000000000000000 ) ) ;
#2552 =( GEOMETRIC_REPRESENTATION_CONTEXT ( 3 ) GLOBAL_UNCERTAINTY_ASSIGNED_CONTEXT ( ( #1395 ) ) GLOBAL_UNIT_ASSIGNED_CONTEXT ( ( #390, #2788, #1386 ) ) REPRESENTATION_CONTEXT ( 'NONE', 'WORKASPACE' ) );
#2553 = EDGE_CURVE ( 'NONE', #1838, #1063, #1725, .T. ) ;
#2554 = LINE ( 'NONE', #1935, #2411 ) ;
#2555 = EDGE_LOOP ( 'NONE', ( #2690, #1678, #1138, #1688 ) ) ;
#2556 = FILL_AREA_STYLE ('',( #2768 ) ) ;
#2557 =( GEOMETRIC_REPRESENTATION_CONTEXT ( 3 ) GLOBAL_UNCERTAINTY_ASSIGNED_CONTEXT ( ( #318 ) ) GLOBAL_UNIT_ASSIGNED_CONTEXT ( ( #2578, #3010, #1896 ) ) REPRESENTATION_CONTEXT ( 'NONE', 'WORKASPACE' ) );
#2558 = AXIS2_PLACEMENT_3D ( 'NONE', #2612, #1182, #2814 ) ;
#2559 = ORIENTED_EDGE ( 'NONE', *, *, #2740, .F. ) ;
#2560 = ORIENTED_EDGE ( 'NONE', *, *, #757, .T. ) ;
#2561 = DIRECTION ( 'NONE',  ( -1.000000000000000000, 0.0000000000000000000, 0.0000000000000000000 ) ) ;
#2562 = CARTESIAN_POINT ( 'NONE',  ( 2.750000000000000400, 1.683889348827610800E-016, 0.0000000000000000000 ) ) ;
#2563 = SURFACE_SIDE_STYLE ('',( #2703 ) ) ;
#2564 = ORIENTED_EDGE ( 'NONE', *, *, #1531, .F. ) ;
#2565 = CARTESIAN_POINT ( 'NONE',  ( 4.739023163253611900, 5.026163774117507400, 5.104999999999999500 ) ) ;
#2566 = ORIENTED_EDGE ( 'NONE', *, *, #1695, .T. ) ;
#2567 = CARTESIAN_POINT ( 'NONE',  ( 4.203943044314760500, 4.346029999999974100, 5.104999999999999500 ) ) ;
#2568 = VERTEX_POINT ( 'NONE', #304 ) ;
#2569 = LINE ( 'NONE', #1286, #1307 ) ;
#2570 = EDGE_CURVE ( 'NONE', #2622, #533, #1603, .T. ) ;
#2571 = CARTESIAN_POINT ( 'NONE',  ( 5.170301591678886600, 5.186093679346321000, 5.099999999999999600 ) ) ;
#2572 = EDGE_CURVE ( 'NONE', #1867, #1123, #1419, .T. ) ;
#2573 = SURFACE_STYLE_FILL_AREA ( #1711 ) ;
#2574 = ORIENTED_EDGE ( 'NONE', *, *, #2879, .F. ) ;
#2575 = LINE ( 'NONE', #2833, #3006 ) ;
#2576 = CARTESIAN_POINT ( 'NONE',  ( 4.649249694123856400, 4.714641202699570300, 5.104999999999999500 ) ) ;
#2577 = AXIS2_PLACEMENT_3D ( 'NONE', #2489, #2967, #1809 ) ;
#2578 =( LENGTH_UNIT ( ) NAMED_UNIT ( * ) SI_UNIT ( .MILLI., .METRE. ) );
#2579 = CARTESIAN_POINT ( 'NONE',  ( 7.500000000000000000, 9.599999999999999600, 0.0000000000000000000 ) ) ;
#2580 = SURFACE_STYLE_FILL_AREA ( #1281 ) ;
#2581 = ORIENTED_EDGE ( 'NONE', *, *, #690, .T. ) ;
#2582 = DIRECTION ( 'NONE',  ( -1.000000000000000000, 0.0000000000000000000, 0.0000000000000000000 ) ) ;
#2583 = DIRECTION ( 'NONE',  ( 0.0000000000000000000, 0.0000000000000000000, -1.000000000000000000 ) ) ;
#2584 = SURFACE_STYLE_FILL_AREA ( #1214 ) ;
#2585 = ORIENTED_EDGE ( 'NONE', *, *, #1110, .F. ) ;
#2586 = EDGE_CURVE ( 'NONE', #2483, #1530, #1761, .T. ) ;
#2587 = ORIENTED_EDGE ( 'NONE', *, *, #338, .F. ) ;
#2588 = DIRECTION ( 'NONE',  ( 0.0000000000000000000, 1.000000000000000000, 0.0000000000000000000 ) ) ;
#2589 = DIRECTION ( 'NONE',  ( 0.0000000000000000000, 1.000000000000000000, 0.0000000000000000000 ) ) ;
#2590 = VERTEX_POINT ( 'NONE', #2426 ) ;
#2591 = EDGE_CURVE ( 'NONE', #2040, #1867, #953, .T. ) ;
#2592 = VERTEX_POINT ( 'NONE', #2188 ) ;
#2593 = CARTESIAN_POINT ( 'NONE',  ( 0.5000000000000000000, 10.10000000000000000, 4.599999999999999600 ) ) ;
#2594 = ORIENTED_EDGE ( 'NONE', *, *, #1610, .T. ) ;
#2595 = FACE_BOUND ( 'NONE', #2844, .T. ) ;
#2596 = CARTESIAN_POINT ( 'NONE',  ( 1.249999999999999800, -19.00000000000000000, 2.550000000000000300 ) ) ;
#2597 = ORIENTED_EDGE ( 'NONE', *, *, #243, .T. ) ;
#2598 = PRESENTATION_STYLE_ASSIGNMENT (( #2795 ) ) ;
#2599 = CARTESIAN_POINT ( 'NONE',  ( 1.847169775644161400, 5.186093679346321000, 5.104999999999999500 ) ) ;
#2600 = LINE ( 'NONE', #775, #199 ) ;
#2601 = PLANE ( 'NONE',  #2521 ) ;
#2602 = VECTOR ( 'NONE', #2126, 1000.000000000000000 ) ;
#2603 = FILL_AREA_STYLE ('',( #1356 ) ) ;
#2604 = CARTESIAN_POINT ( 'NONE',  ( 0.0000000000000000000, 0.0000000000000000000, 0.0000000000000000000 ) ) ;
#2605 = LINE ( 'NONE', #1842, #1993 ) ;
#2606 = PLANE ( 'NONE',  #2011 ) ;
#2607 = EDGE_CURVE ( 'NONE', #48, #1829, #916, .T. ) ;
#2608 = FACE_OUTER_BOUND ( 'NONE', #285, .T. ) ;
#2609 = LINE ( 'NONE', #903, #1847 ) ;
#2610 = CARTESIAN_POINT ( 'NONE',  ( 5.184483071133123600, 4.346029999999974100, 5.104999999999999500 ) ) ;
#2611 =( GEOMETRIC_REPRESENTATION_CONTEXT ( 3 ) GLOBAL_UNCERTAINTY_ASSIGNED_CONTEXT ( ( #249 ) ) GLOBAL_UNIT_ASSIGNED_CONTEXT ( ( #289, #2436, #1227 ) ) REPRESENTATION_CONTEXT ( 'NONE', 'WORKASPACE' ) );
#2612 = CARTESIAN_POINT ( 'NONE',  ( 4.546674068174846500, 5.186093679346321000, 5.104999999999999500 ) ) ;
#2613 = ORIENTED_EDGE ( 'NONE', *, *, #3039, .T. ) ;
#2614 = FACE_OUTER_BOUND ( 'NONE', #1263, .T. ) ;
#2615 = ORIENTED_EDGE ( 'NONE', *, *, #492, .T. ) ;
#2616 = AXIS2_PLACEMENT_3D ( 'NONE', #1064, #2720, #1785 ) ;
#2617 = EDGE_LOOP ( 'NONE', ( #1383, #2866, #1328, #2119 ) ) ;
#2618 = VECTOR ( 'NONE', #1484, 1000.000000000000000 ) ;
#2619 = VERTEX_POINT ( 'NONE', #1703 ) ;
#2620 =( LENGTH_UNIT ( ) NAMED_UNIT ( * ) SI_UNIT ( .MILLI., .METRE. ) );
#2621 = PLANE ( 'NONE',  #2558 ) ;
#2622 = VERTEX_POINT ( 'NONE', #58 ) ;
#2623 = EDGE_CURVE ( 'NONE', #1360, #246, #1260, .T. ) ;
#2624 = VECTOR ( 'NONE', #1845, 1000.000000000000200 ) ;
#2625 = CARTESIAN_POINT ( 'NONE',  ( 3.809558942749218700, 4.346029999999974100, 5.104999999999999500 ) ) ;
#2626 = FILL_AREA_STYLE ('',( #724 ) ) ;
#2627 = ORIENTED_EDGE ( 'NONE', *, *, #2553, .T. ) ;
#2628 = STYLED_ITEM ( 'NONE', ( #2890 ), #2503 ) ;
#2629 = EDGE_CURVE ( 'NONE', #942, #473, #83, .T. ) ;
#2630 = CARTESIAN_POINT ( 'NONE',  ( 0.2499999750000000400, 0.3482479999999997200, 0.2499999749999999300 ) ) ;
#2631 = ORIENTED_EDGE ( 'NONE', *, *, #1546, .T. ) ;
#2632 = CARTESIAN_POINT ( 'NONE',  ( 3.234094406212393300, 2.534682949107417600, 0.2499999749999998700 ) ) ;
#2633 = VERTEX_POINT ( 'NONE', #508 ) ;
#2634 = VECTOR ( 'NONE', #310, 1000.000000000000200 ) ;
#2635 = DIRECTION ( 'NONE',  ( -0.0000000000000000000, -0.0000000000000000000, -1.000000000000000000 ) ) ;
#2636 = CARTESIAN_POINT ( 'NONE',  ( 2.414056052151339700, 4.346029999999974100, 5.104999999999999500 ) ) ;
#2637 = LINE ( 'NONE', #527, #742 ) ;
#2638 = DIRECTION ( 'NONE',  ( 0.9610029908221278100, -0.2765379750249963300, 0.0000000000000000000 ) ) ;
#2639 = DIRECTION ( 'NONE',  ( 1.000000000000000000, 0.0000000000000000000, 0.0000000000000000000 ) ) ;
#2640 = ADVANCED_FACE ( 'NONE', ( #2927 ), #1462, .F. ) ;
#2641 = DIRECTION ( 'NONE',  ( 0.0000000000000000000, -1.000000000000000000, 0.0000000000000000000 ) ) ;
#2642 = EDGE_CURVE ( 'NONE', #2792, #2592, #2767, .T. ) ;
#2643 =( LENGTH_UNIT ( ) NAMED_UNIT ( * ) SI_UNIT ( .MILLI., .METRE. ) );
#2644 = CARTESIAN_POINT ( 'NONE',  ( 2.224986679108016800, 4.802161778192812300, 5.099999999999999600 ) ) ;
#2645 = EDGE_CURVE ( 'NONE', #1337, #1671, #2990, .T. ) ;
#2646 = ORIENTED_EDGE ( 'NONE', *, *, #2080, .F. ) ;
#2647 = VECTOR ( 'NONE', #451, 1000.000000000000000 ) ;
#2648 = ORIENTED_EDGE ( 'NONE', *, *, #212, .F. ) ;
#2649 = DIRECTION ( 'NONE',  ( 0.9611542233438684600, -0.2760118818968581000, 0.0000000000000000000 ) ) ;
#2650 = VECTOR ( 'NONE', #103, 1000.000000000000000 ) ;
#2651 = VERTEX_POINT ( 'NONE', #1788 ) ;
#2652 = ADVANCED_FACE ( 'NONE', ( #2595, #1102, #2525 ), #102, .T. ) ;
#2653 = EDGE_LOOP ( 'NONE', ( #634, #2807, #2688, #2736, #323, #1522, #1146, #384 ) ) ;
#2654 = CARTESIAN_POINT ( 'NONE',  ( 0.0000000000000000000, 0.0000000000000000000, 5.099999999999999600 ) ) ;
#2655 = CARTESIAN_POINT ( 'NONE',  ( 3.627526669445907600, 5.093916612811269400, 5.104999999999999500 ) ) ;
#2656 = ORIENTED_EDGE ( 'NONE', *, *, #338, .T. ) ;
#2657 = DIRECTION ( 'NONE',  ( 1.000000000000000000, 0.0000000000000000000, 0.0000000000000000000 ) ) ;
#2658 = FILL_AREA_STYLE_COLOUR ( '', #1486 ) ;
#2659 = VERTEX_POINT ( 'NONE', #2463 ) ;
#2660 = FACE_OUTER_BOUND ( 'NONE', #1743, .T. ) ;
#2661 = EDGE_CURVE ( 'NONE', #1101, #1668, #1456, .T. ) ;
#2662 = CARTESIAN_POINT ( 'NONE',  ( 5.618622316200645500, 5.023893000369663600, 5.104999999999999500 ) ) ;
#2663 = EDGE_LOOP ( 'NONE', ( #2797, #2252, #1720, #573 ) ) ;
#2664 = ORIENTED_EDGE ( 'NONE', *, *, #816, .T. ) ;
#2665 = MECHANICAL_DESIGN_GEOMETRIC_PRESENTATION_REPRESENTATION (  '', ( #574 ), #2557 ) ;
#2666 = SURFACE_STYLE_FILL_AREA ( #1108 ) ;
#2667 = STYLED_ITEM ( 'NONE', ( #980 ), #624 ) ;
#2668 = DIRECTION ( 'NONE',  ( -0.0000000000000000000, -0.0000000000000000000, -1.000000000000000000 ) ) ;
#2669 = DIRECTION ( 'NONE',  ( 0.0000000000000000000, 0.0000000000000000000, -1.000000000000000000 ) ) ;
#2670 = ADVANCED_FACE ( 'NONE', ( #2017 ), #1760, .F. ) ;
#2671 =( NAMED_UNIT ( * ) SI_UNIT ( $, .STERADIAN. ) SOLID_ANGLE_UNIT ( ) );
#2672 = CARTESIAN_POINT ( 'NONE',  ( 1.605750000000000000, 4.346029999999999800, 5.099999999999999600 ) ) ;
#2673 = CARTESIAN_POINT ( 'NONE',  ( 0.2499999749999999900, 0.0000000000000000000, 0.2499999749999999300 ) ) ;
#2674 = COLOUR_RGB ( '',0.4980392156862745200, 0.4980392156862745200, 0.4980392156862745200 ) ;
#2675 = CARTESIAN_POINT ( 'NONE',  ( 2.414056052151339700, 4.346029999999974100, 5.099999999999999600 ) ) ;
#2676 = FACE_OUTER_BOUND ( 'NONE', #40, .T. ) ;
#2677 = DIRECTION ( 'NONE',  ( 0.2729786930694848600, 0.9620200793798828800, 0.0000000000000000000 ) ) ;
#2678 = PLANE ( 'NONE',  #2885 ) ;
#2679 = SHAPE_DEFINITION_REPRESENTATION ( #588, #3030 ) ;
#2680 = VECTOR ( 'NONE', #2141, 1000.000000000000000 ) ;
#2681 = DIRECTION ( 'NONE',  ( -0.7145695586382624400, -0.6995643972269591800, 0.0000000000000000000 ) ) ;
#2682 = EDGE_LOOP ( 'NONE', ( #795, #112, #2415, #514 ) ) ;
#2683 = EDGE_CURVE ( 'NONE', #246, #1637, #2082, .T. ) ;
#2684 = ORIENTED_EDGE ( 'NONE', *, *, #2531, .F. ) ;
#2685 = DIRECTION ( 'NONE',  ( 0.0000000000000000000, 1.000000000000000000, 0.0000000000000000000 ) ) ;
#2686 = ADVANCED_FACE ( 'NONE', ( #1493 ), #809, .T. ) ;
#2687 = EDGE_CURVE ( 'NONE', #156, #330, #2416, .T. ) ;
#2688 = ORIENTED_EDGE ( 'NONE', *, *, #2535, .T. ) ;
#2689 = CARTESIAN_POINT ( 'NONE',  ( 4.445467546307046500, 5.186093679346321000, 5.104999999999999500 ) ) ;
#2690 = ORIENTED_EDGE ( 'NONE', *, *, #2400, .T. ) ;
#2691 = DIRECTION ( 'NONE',  ( 0.2762033010290176300, 0.9610992334304892000, 0.0000000000000000000 ) ) ;
#2692 = COLOUR_RGB ( '',0.4980392156862745200, 0.4980392156862745200, 0.4980392156862745200 ) ;
#2693 = VERTEX_POINT ( 'NONE', #2696 ) ;
#2694 = UNCERTAINTY_MEASURE_WITH_UNIT (LENGTH_MEASURE( 1.000000000000000100E-005 ), #378, 'distance_accuracy_value', 'NONE');
#2695 = ORIENTED_EDGE ( 'NONE', *, *, #729, .F. ) ;
#2696 = CARTESIAN_POINT ( 'NONE',  ( 2.340696523052773000, 5.186093679346321000, 5.104999999999999500 ) ) ;
#2697 = CARTESIAN_POINT ( 'NONE',  ( 2.340696523052773000, 5.186093679346321000, 5.104999999999999500 ) ) ;
#2698 = ORIENTED_EDGE ( 'NONE', *, *, #1389, .T. ) ;
#2699 = VECTOR ( 'NONE', #2032, 1000.000000000000000 ) ;
#2700 = ADVANCED_FACE ( 'NONE', ( #1868 ), #2242, .F. ) ;
#2701 = SURFACE_SIDE_STYLE ('',( #1385 ) ) ;
#2702 = ORIENTED_EDGE ( 'NONE', *, *, #996, .T. ) ;
#2703 = SURFACE_STYLE_FILL_AREA ( #2777 ) ;
#2704 = EDGE_CURVE ( 'NONE', #1646, #756, #1798, .T. ) ;
#2705 = CARTESIAN_POINT ( 'NONE',  ( 3.257068707667527500, 4.869940159897062400, 5.104999999999999500 ) ) ;
#2706 = VERTEX_POINT ( 'NONE', #1553 ) ;
#2707 = LINE ( 'NONE', #129, #736 ) ;
#2708 = PRESENTATION_LAYER_ASSIGNMENT (  '', '', ( #2759 ) ) ;
#2709 = AXIS2_PLACEMENT_3D ( 'NONE', #10, #2583, #2136 ) ;
#2710 = COLOUR_RGB ( '',0.4980392156862745200, 0.4980392156862745200, 0.4980392156862745200 ) ;
#2711 =( NAMED_UNIT ( * ) SI_UNIT ( $, .STERADIAN. ) SOLID_ANGLE_UNIT ( ) );
#2712 = CARTESIAN_POINT ( 'NONE',  ( 2.340696523052773000, 5.186093679346321000, 5.104999999999999500 ) ) ;
#2713 = MANIFOLD_SOLID_BREP ( 'Fillet1', #423 ) ;
#2714 = LINE ( 'NONE', #2636, #2220 ) ;
#2715 = VECTOR ( 'NONE', #993, 1000.000000000000000 ) ;
#2716 = VERTEX_POINT ( 'NONE', #2506 ) ;
#2717 = DIRECTION ( 'NONE',  ( -0.0000000000000000000, 1.000000000000000000, -0.0000000000000000000 ) ) ;
#2718 = VECTOR ( 'NONE', #1002, 1000.000000000000000 ) ;
#2719 = EDGE_CURVE ( 'NONE', #2291, #2568, #2963, .T. ) ;
#2720 = DIRECTION ( 'NONE',  ( -0.9610992334304892000, 0.2762033010290176300, 0.0000000000000000000 ) ) ;
#2721 = ORIENTED_EDGE ( 'NONE', *, *, #1030, .T. ) ;
#2722 = PRESENTATION_LAYER_ASSIGNMENT (  '', '', ( #1199 ) ) ;
#2723 = LINE ( 'NONE', #998, #834 ) ;
#2724 = ORIENTED_EDGE ( 'NONE', *, *, #2799, .F. ) ;
#2725 = DIRECTION ( 'NONE',  ( -0.05375259206908576700, -0.9985542843760946100, 0.0000000000000000000 ) ) ;
#2726 = SURFACE_SIDE_STYLE ('',( #1707 ) ) ;
#2727 =( GEOMETRIC_REPRESENTATION_CONTEXT ( 3 ) GLOBAL_UNCERTAINTY_ASSIGNED_CONTEXT ( ( #1036 ) ) GLOBAL_UNIT_ASSIGNED_CONTEXT ( ( #3000, #2083, #399 ) ) REPRESENTATION_CONTEXT ( 'NONE', 'WORKASPACE' ) );
#2728 = ORIENTED_EDGE ( 'NONE', *, *, #2144, .T. ) ;
#2729 = ADVANCED_FACE ( 'NONE', ( #1137 ), #1069, .F. ) ;
#2730 = CARTESIAN_POINT ( 'NONE',  ( 2.958275000000000000, 0.3482480000000001100, 4.850000024999999900 ) ) ;
#2731 = LINE ( 'NONE', #2289, #804 ) ;
#2732 = ORIENTED_EDGE ( 'NONE', *, *, #2781, .T. ) ;
#2733 = ORIENTED_EDGE ( 'NONE', *, *, #1130, .T. ) ;
#2734 = LINE ( 'NONE', #234, #1901 ) ;
#2735 = EDGE_LOOP ( 'NONE', ( #2597, #2724, #1691, #1598 ) ) ;
#2736 = ORIENTED_EDGE ( 'NONE', *, *, #2026, .F. ) ;
#2737 = LINE ( 'NONE', #2222, #1187 ) ;
#2738 = AXIS2_PLACEMENT_3D ( 'NONE', #2712, #1807, #2528 ) ;
#2739 = LINE ( 'NONE', #978, #2815 ) ;
#2740 = EDGE_CURVE ( 'NONE', #656, #1637, #2731, .T. ) ;
#2741 = CARTESIAN_POINT ( 'NONE',  ( 5.618622316200645500, 5.023893000369663600, 5.099999999999999600 ) ) ;
#2742 = CARTESIAN_POINT ( 'NONE',  ( 4.077021330051222100, 5.186093679346321000, 5.104999999999999500 ) ) ;
#2743 =( NAMED_UNIT ( * ) SI_UNIT ( $, .STERADIAN. ) SOLID_ANGLE_UNIT ( ) );
#2744 = LINE ( 'NONE', #1601, #2134 ) ;
#2745 = CARTESIAN_POINT ( 'NONE',  ( 5.379376250857569100, 5.023893000371751700, 5.104999999999999500 ) ) ;
#2746 = FACE_OUTER_BOUND ( 'NONE', #1475, .T. ) ;
#2747 = EDGE_LOOP ( 'NONE', ( #1168, #193, #1496, #1790 ) ) ;
#2748 = PLANE ( 'NONE',  #1021 ) ;
#2749 = LINE ( 'NONE', #1653, #2647 ) ;
#2750 = LINE ( 'NONE', #26, #933 ) ;
#2751 = ORIENTED_EDGE ( 'NONE', *, *, #1832, .F. ) ;
#2752 = ORIENTED_EDGE ( 'NONE', *, *, #2026, .T. ) ;
#2753 = CARTESIAN_POINT ( 'NONE',  ( 2.086364754964133500, 5.186093679346321000, 5.099999999999999600 ) ) ;
#2754 = MECHANICAL_DESIGN_GEOMETRIC_PRESENTATION_REPRESENTATION (  '', ( #2458 ), #2923 ) ;
#2755 = EDGE_CURVE ( 'NONE', #681, #2291, #1794, .T. ) ;
#2756 = ORIENTED_EDGE ( 'NONE', *, *, #2060, .T. ) ;
#2757 = DIRECTION ( 'NONE',  ( -0.7059037656364501900, -0.7083077534943971200, -0.0000000000000000000 ) ) ;
#2758 = ORIENTED_EDGE ( 'NONE', *, *, #228, .F. ) ;
#2759 = STYLED_ITEM ( 'NONE', ( #1813 ), #3030 ) ;
#2760 = CARTESIAN_POINT ( 'NONE',  ( 4.203943044314760500, 4.346029999999974100, 5.104999999999999500 ) ) ;
#2761 = DIRECTION ( 'NONE',  ( -0.5132742654133490800, -0.8582246375305168100, -0.0000000000000000000 ) ) ;
#2762 = EDGE_LOOP ( 'NONE', ( #2235, #427, #1959, #2180 ) ) ;
#2763 = DIRECTION ( 'NONE',  ( -0.0000000000000000000, -0.0000000000000000000, 1.000000000000000000 ) ) ;
#2764 = VECTOR ( 'NONE', #153, 1000.000000000000000 ) ;
#2765 = AXIS2_PLACEMENT_3D ( 'NONE', #313, #301, #779 ) ;
#2766 = ORIENTED_EDGE ( 'NONE', *, *, #590, .T. ) ;
#2767 = LINE ( 'NONE', #1269, #1571 ) ;
#2768 = FILL_AREA_STYLE_COLOUR ( '', #852 ) ;
#2769 = DIRECTION ( 'NONE',  ( 1.000000000000000000, 0.0000000000000000000, 2.478176376551321900E-016 ) ) ;
#2770 = DIRECTION ( 'NONE',  ( 1.000000000000000000, 5.694109626320597000E-016, 0.0000000000000000000 ) ) ;
#2771 = ORIENTED_EDGE ( 'NONE', *, *, #406, .T. ) ;
#2772 = LINE ( 'NONE', #621, #2311 ) ;
#2773 = DIRECTION ( 'NONE',  ( -0.9612861490927312500, 0.2755520632520602800, 0.0000000000000000000 ) ) ;
#2774 = ORIENTED_EDGE ( 'NONE', *, *, #2281, .T. ) ;
#2775 = VECTOR ( 'NONE', #1320, 1000.000000000000000 ) ;
#2776 = DIRECTION ( 'NONE',  ( -0.0000000000000000000, 1.000000000000000000, -0.0000000000000000000 ) ) ;
#2777 = FILL_AREA_STYLE ('',( #1252 ) ) ;
#2778 = EDGE_CURVE ( 'NONE', #2113, #2309, #1025, .T. ) ;
#2779 = ORIENTED_EDGE ( 'NONE', *, *, #2246, .T. ) ;
#2780 = SURFACE_STYLE_FILL_AREA ( #1980 ) ;
#2781 = EDGE_CURVE ( 'NONE', #989, #598, #1488, .T. ) ;
#2782 = CARTESIAN_POINT ( 'NONE',  ( 5.170301591678886600, 5.186093679346321000, 5.104999999999999500 ) ) ;
#2783 = CARTESIAN_POINT ( 'NONE',  ( 3.811671882742534700, 5.186093679346321000, 5.104999999999999500 ) ) ;
#2784 = SURFACE_SIDE_STYLE ('',( #101 ) ) ;
#2785 = AXIS2_PLACEMENT_3D ( 'NONE', #502, #1012, #1957 ) ;
#2786 =( NAMED_UNIT ( * ) SI_UNIT ( $, .STERADIAN. ) SOLID_ANGLE_UNIT ( ) );
#2787 = DIRECTION ( 'NONE',  ( 0.0000000000000000000, 0.0000000000000000000, -1.000000000000000000 ) ) ;
#2788 =( NAMED_UNIT ( * ) PLANE_ANGLE_UNIT ( ) SI_UNIT ( $, .RADIAN. ) );
#2789 = ORIENTED_EDGE ( 'NONE', *, *, #1298, .F. ) ;
#2790 = DIRECTION ( 'NONE',  ( 0.0000000000000000000, 0.0000000000000000000, -1.000000000000000000 ) ) ;
#2791 = PLANE ( 'NONE',  #496 ) ;
#2792 = VERTEX_POINT ( 'NONE', #2279 ) ;
#2793 = EDGE_CURVE ( 'NONE', #151, #1172, #1376, .T. ) ;
#2794 = DIRECTION ( 'NONE',  ( -0.2762437428917223800, -0.9610876102172850600, 0.0000000000000000000 ) ) ;
#2795 = SURFACE_STYLE_USAGE ( .BOTH. , #2563 ) ;
#2796 = LINE ( 'NONE', #987, #2041 ) ;
#2797 = ORIENTED_EDGE ( 'NONE', *, *, #2909, .F. ) ;
#2798 = CARTESIAN_POINT ( 'NONE',  ( 5.009707567470528900, 4.714641202699571200, 5.099999999999999600 ) ) ;
#2799 = EDGE_CURVE ( 'NONE', #2309, #896, #39, .T. ) ;
#2800 = ORIENTED_EDGE ( 'NONE', *, *, #492, .F. ) ;
#2801 =( BOUNDED_CURVE ( )  B_SPLINE_CURVE ( 3, ( #1145, #2996, #2070, #2542 ),
 .UNSPECIFIED., .F., .F. ) 
 B_SPLINE_CURVE_WITH_KNOTS ( ( 4, 4 ),
 ( 4.712388980384689700, 6.283185307179586200 ),
 .UNSPECIFIED. ) 
 CURVE ( )  GEOMETRIC_REPRESENTATION_ITEM ( )  RATIONAL_B_SPLINE_CURVE ( ( 1.000000000000000000, 0.8047378541243649400, 0.8047378541243649400, 1.000000000000000000 ) ) 
 REPRESENTATION_ITEM ( '' )  );
#2802 = CARTESIAN_POINT ( 'NONE',  ( 0.0000000000000000000, 0.0000000000000000000, 0.0000000000000000000 ) ) ;
#2803 = DIRECTION ( 'NONE',  ( 1.000000000000000000, 0.0000000000000000000, 0.0000000000000000000 ) ) ;
#2804 = SURFACE_STYLE_FILL_AREA ( #1650 ) ;
#2805 =( GEOMETRIC_REPRESENTATION_CONTEXT ( 3 ) GLOBAL_UNCERTAINTY_ASSIGNED_CONTEXT ( ( #2290 ) ) GLOBAL_UNIT_ASSIGNED_CONTEXT ( ( #1673, #970, #1441 ) ) REPRESENTATION_CONTEXT ( 'NONE', 'WORKASPACE' ) );
#2806 = EDGE_LOOP ( 'NONE', ( #2348, #2870, #905, #1964 ) ) ;
#2807 = ORIENTED_EDGE ( 'NONE', *, *, #2437, .F. ) ;
#2808 = UNCERTAINTY_MEASURE_WITH_UNIT (LENGTH_MEASURE( 1.000000000000000100E-005 ), #2964, 'distance_accuracy_value', 'NONE');
#2809 = CARTESIAN_POINT ( 'NONE',  ( 0.2071067811865475200, 10.10000000000000000, 0.2071067811865471600 ) ) ;
#2810 = PLANE ( 'NONE',  #268 ) ;
#2811 = PLANE ( 'NONE',  #2230 ) ;
#2812 = ORIENTED_EDGE ( 'NONE', *, *, #2418, .T. ) ;
#2813 = DIRECTION ( 'NONE',  ( -1.000000000000000000, -1.369417629209011100E-016, 0.0000000000000000000 ) ) ;
#2814 = DIRECTION ( 'NONE',  ( 0.2764273280489764600, 0.9610348236706636200, 0.0000000000000000000 ) ) ;
#2815 = VECTOR ( 'NONE', #727, 1000.000000000000200 ) ;
#2816 = PLANE ( 'NONE',  #999 ) ;
#2817 = CARTESIAN_POINT ( 'NONE',  ( 1.847169775644161400, 5.186093679346321000, 5.099999999999999600 ) ) ;
#2818 = DIRECTION ( 'NONE',  ( 0.0000000000000000000, 0.0000000000000000000, -1.000000000000000000 ) ) ;
#2819 = PLANE ( 'NONE',  #459 ) ;
#2820 = EDGE_CURVE ( 'NONE', #1805, #2342, #256, .T. ) ;
#2821 = STYLED_ITEM ( 'NONE', ( #948 ), #2908 ) ;
#2822 = STYLED_ITEM ( 'NONE', ( #528 ), #741 ) ;
#2823 = DIRECTION ( 'NONE',  ( -0.2762517575166416100, -0.9610853065513833600, 0.0000000000000000000 ) ) ;
#2824 = PLANE ( 'NONE',  #1595 ) ;
#2825 =( BOUNDED_CURVE ( )  B_SPLINE_CURVE ( 3, ( #206, #2809, #1414, #1140 ),
 .UNSPECIFIED., .F., .T. ) 
 B_SPLINE_CURVE_WITH_KNOTS ( ( 4, 4 ),
 ( 1.570796326794896800, 3.141592653589793100 ),
 .UNSPECIFIED. ) 
 CURVE ( )  GEOMETRIC_REPRESENTATION_ITEM ( )  RATIONAL_B_SPLINE_CURVE ( ( 1.000000000000000000, 0.8047378541243650500, 0.8047378541243650500, 1.000000000000000000 ) ) 
 REPRESENTATION_ITEM ( '' )  );
#2826 = ORIENTED_EDGE ( 'NONE', *, *, #606, .T. ) ;
#2827 = LINE ( 'NONE', #2398, #1777 ) ;
#2828 = CYLINDRICAL_SURFACE ( 'NONE', #937, 0.5000000000000004400 ) ;
#2829 = PRESENTATION_LAYER_ASSIGNMENT (  '', '', ( #2216 ) ) ;
#2830 = DIRECTION ( 'NONE',  ( -1.000000000000000000, -0.0000000000000000000, -0.0000000000000000000 ) ) ;
#2831 = VECTOR ( 'NONE', #950, 1000.000000000000100 ) ;
#2832 = ORIENTED_EDGE ( 'NONE', *, *, #2740, .T. ) ;
#2833 = CARTESIAN_POINT ( 'NONE',  ( 3.258391835674214300, 4.505852624580094300, 5.099999999999999600 ) ) ;
#2834 = LINE ( 'NONE', #626, #1167 ) ;
#2835 = CARTESIAN_POINT ( 'NONE',  ( 6.250000000000000000, -19.00000000000000000, 2.274999999999999900 ) ) ;
#2836 = ORIENTED_EDGE ( 'NONE', *, *, #2384, .T. ) ;
#2837 =( LENGTH_UNIT ( ) NAMED_UNIT ( * ) SI_UNIT ( .MILLI., .METRE. ) );
#2838 = DIRECTION ( 'NONE',  ( -0.0000000000000000000, -0.0000000000000000000, -1.000000000000000000 ) ) ;
#2839 = FACE_OUTER_BOUND ( 'NONE', #1062, .T. ) ;
#2840 = ORIENTED_EDGE ( 'NONE', *, *, #1034, .F. ) ;
#2841 = EDGE_CURVE ( 'NONE', #1055, #224, #2265, .T. ) ;
#2842 = VECTOR ( 'NONE', #500, 1000.000000000000000 ) ;
#2843 = CARTESIAN_POINT ( 'NONE',  ( 2.617153647927336700, 5.186093679346321000, 5.104999999999999500 ) ) ;
#2844 = EDGE_LOOP ( 'NONE', ( #258, #1871 ) ) ;
#2845 = EDGE_LOOP ( 'NONE', ( #2564, #997 ) ) ;
#2846 = EDGE_CURVE ( 'NONE', #2300, #2240, #325, .T. ) ;
#2847 = DIRECTION ( 'NONE',  ( 0.0000000000000000000, -1.000000000000000000, 0.0000000000000000000 ) ) ;
#2848 = PLANE ( 'NONE',  #2297 ) ;
#2849 = DIRECTION ( 'NONE',  ( 0.7083077534943971200, -0.7059037656364501900, 0.0000000000000000000 ) ) ;
#2850 = VERTEX_POINT ( 'NONE', #2523 ) ;
#2851 = AXIS2_PLACEMENT_3D ( 'NONE', #1968, #745, #991 ) ;
#2852 = DIRECTION ( 'NONE',  ( -0.2762033010252004700, -0.9610992334315861000, -0.0000000000000000000 ) ) ;
#2853 = ORIENTED_EDGE ( 'NONE', *, *, #553, .T. ) ;
#2854 = EDGE_LOOP ( 'NONE', ( #1075, #2410, #1224, #2627 ) ) ;
#2855 = VECTOR ( 'NONE', #317, 999.9999999999998900 ) ;
#2856 = VECTOR ( 'NONE', #478, 1000.000000000000000 ) ;
#2857 = DIRECTION ( 'NONE',  ( -1.000000000000000000, 0.0000000000000000000, 0.0000000000000000000 ) ) ;
#2858 = CARTESIAN_POINT ( 'NONE',  ( 7.250000024999999400, 0.0000000000000000000, 4.850000025000000800 ) ) ;
#2859 = FACE_OUTER_BOUND ( 'NONE', #1897, .T. ) ;
#2860 = EDGE_CURVE ( 'NONE', #692, #2884, #389, .T. ) ;
#2861 = CARTESIAN_POINT ( 'NONE',  ( 2.896503553671502900, 4.869940159897062400, 5.104999999999999500 ) ) ;
#2862 = AXIS2_PLACEMENT_3D ( 'NONE', #733, #949, #1562 ) ;
#2863 = PRESENTATION_LAYER_ASSIGNMENT (  '', '', ( #1078 ) ) ;
#2864 = PLANE ( 'NONE',  #2163 ) ;
#2865 = SURFACE_SIDE_STYLE ('',( #2584 ) ) ;
#2866 = ORIENTED_EDGE ( 'NONE', *, *, #1215, .F. ) ;
#2867 = LINE ( 'NONE', #1088, #3012 ) ;
#2868 = DIRECTION ( 'NONE',  ( 0.5132742654133490800, -0.8582246375305168100, 1.271984159239094900E-016 ) ) ;
#2869 = COLOUR_RGB ( '',0.4980392156862745200, 0.4980392156862745200, 0.4980392156862745200 ) ;
#2870 = ORIENTED_EDGE ( 'NONE', *, *, #2793, .F. ) ;
#2871 = CARTESIAN_POINT ( 'NONE',  ( 6.250000000000000000, 0.7500000000000006700, 2.550000000000000300 ) ) ;
#2872 = DIRECTION ( 'NONE',  ( 0.0000000000000000000, 0.0000000000000000000, 1.000000000000000000 ) ) ;
#2873 = VECTOR ( 'NONE', #2669, 1000.000000000000000 ) ;
#2874 = ORIENTED_EDGE ( 'NONE', *, *, #2924, .F. ) ;
#2875 = CARTESIAN_POINT ( 'NONE',  ( 0.5000000000000000000, 10.10000000000000000, 5.099999999999999600 ) ) ;
#2876 = DIRECTION ( 'NONE',  ( 0.0000000000000000000, -0.0000000000000000000, -1.000000000000000000 ) ) ;
#2877 = PLANE ( 'NONE',  #104 ) ;
#2878 = ORIENTED_EDGE ( 'NONE', *, *, #56, .F. ) ;
#2879 = EDGE_CURVE ( 'NONE', #150, #351, #2880, .T. ) ;
#2880 = CIRCLE ( 'NONE', #2979, 0.2750000000000000800 ) ;
#2881 = CARTESIAN_POINT ( 'NONE',  ( 4.739023163253611900, 5.026163774117507400, 5.099999999999999600 ) ) ;
#2882 = ORIENTED_EDGE ( 'NONE', *, *, #2993, .F. ) ;
#2883 = UNCERTAINTY_MEASURE_WITH_UNIT (LENGTH_MEASURE( 1.000000000000000100E-005 ), #369, 'distance_accuracy_value', 'NONE');
#2884 = VERTEX_POINT ( 'NONE', #2742 ) ;
#2885 = AXIS2_PLACEMENT_3D ( 'NONE', #1665, #1163, #712 ) ;
#2886 = EDGE_CURVE ( 'NONE', #1360, #656, #650, .T. ) ;
#2887 = DIRECTION ( 'NONE',  ( -0.0000000000000000000, -0.0000000000000000000, -1.000000000000000000 ) ) ;
#2888 = DIRECTION ( 'NONE',  ( -0.0000000000000000000, -0.0000000000000000000, -1.000000000000000000 ) ) ;
#2889 = ORIENTED_EDGE ( 'NONE', *, *, #2123, .T. ) ;
#2890 = PRESENTATION_STYLE_ASSIGNMENT (( #1652 ) ) ;
#2891 = ADVANCED_FACE ( 'NONE', ( #420 ), #1642, .T. ) ;
#2892 =( LENGTH_UNIT ( ) NAMED_UNIT ( * ) SI_UNIT ( .MILLI., .METRE. ) );
#2893 = DIRECTION ( 'NONE',  ( 0.0000000000000000000, -1.000000000000000000, 0.0000000000000000000 ) ) ;
#2894 = ORIENTED_EDGE ( 'NONE', *, *, #1692, .F. ) ;
#2895 = DIRECTION ( 'NONE',  ( -0.0000000000000000000, 1.000000000000000000, -0.0000000000000000000 ) ) ;
#2896 = ORIENTED_EDGE ( 'NONE', *, *, #1851, .F. ) ;
#2897 = LINE ( 'NONE', #463, #91 ) ;
#2898 = LINE ( 'NONE', #1136, #1694 ) ;
#2899 = CARTESIAN_POINT ( 'NONE',  ( 2.852196645472536500, 4.714641202701255200, 5.104999999999999500 ) ) ;
#2900 = CARTESIAN_POINT ( 'NONE',  ( 2.852196645472536500, 4.714641202701255200, 5.104999999999999500 ) ) ;
#2901 = FILL_AREA_STYLE_COLOUR ( '', #230 ) ;
#2902 = CARTESIAN_POINT ( 'NONE',  ( 3.324711711409868100, 5.026191871431327800, 5.099999999999999600 ) ) ;
#2903 = VECTOR ( 'NONE', #340, 1000.000000000000000 ) ;
#2904 = EDGE_CURVE ( 'NONE', #2441, #417, #874, .T. ) ;
#2905 = UNCERTAINTY_MEASURE_WITH_UNIT (LENGTH_MEASURE( 1.000000000000000100E-005 ), #262, 'distance_accuracy_value', 'NONE');
#2906 = CIRCLE ( 'NONE', #2172, 0.2750000000000000800 ) ;
#2907 = PLANE ( 'NONE',  #2577 ) ;
#2908 = ADVANCED_FACE ( 'NONE', ( #988 ), #188, .F. ) ;
#2909 = EDGE_CURVE ( 'NONE', #351, #942, #720, .T. ) ;
#2910 = VECTOR ( 'NONE', #655, 1000.000000000000000 ) ;
#2911 = VECTOR ( 'NONE', #1663, 1000.000000000000000 ) ;
#2912 = VECTOR ( 'NONE', #572, 1000.000000000000100 ) ;
#2913 = PLANE ( 'NONE',  #1719 ) ;
#2914 = ORIENTED_EDGE ( 'NONE', *, *, #1590, .F. ) ;
#2915 =( NAMED_UNIT ( * ) PLANE_ANGLE_UNIT ( ) SI_UNIT ( $, .RADIAN. ) );
#2916 = FILL_AREA_STYLE_COLOUR ( '', #982 ) ;
#2917 = FACE_OUTER_BOUND ( 'NONE', #1931, .T. ) ;
#2918 = VERTEX_POINT ( 'NONE', #436 ) ;
#2919 = ORIENTED_EDGE ( 'NONE', *, *, #2553, .F. ) ;
#2920 = ADVANCED_FACE ( 'NONE', ( #2068 ), #1116, .F. ) ;
#2921 = DIRECTION ( 'NONE',  ( 0.0000000000000000000, 1.000000000000000000, 0.0000000000000000000 ) ) ;
#2922 = VECTOR ( 'NONE', #2761, 1000.000000000000000 ) ;
#2923 =( GEOMETRIC_REPRESENTATION_CONTEXT ( 3 ) GLOBAL_UNCERTAINTY_ASSIGNED_CONTEXT ( ( #2883 ) ) GLOBAL_UNIT_ASSIGNED_CONTEXT ( ( #369, #2516, #1543 ) ) REPRESENTATION_CONTEXT ( 'NONE', 'WORKASPACE' ) );
#2924 = EDGE_CURVE ( 'NONE', #1805, #1981, #1054, .T. ) ;
#2925 =( NAMED_UNIT ( * ) SI_UNIT ( $, .STERADIAN. ) SOLID_ANGLE_UNIT ( ) );
#2926 = ORIENTED_EDGE ( 'NONE', *, *, #195, .F. ) ;
#2927 = FACE_OUTER_BOUND ( 'NONE', #1117, .T. ) ;
#2928 = VERTEX_POINT ( 'NONE', #401 ) ;
#2929 = STYLED_ITEM ( 'NONE', ( #3029 ), #2686 ) ;
#2930 = PRESENTATION_STYLE_ASSIGNMENT (( #1599 ) ) ;
#2931 = AXIS2_PLACEMENT_3D ( 'NONE', #2249, #2469, #830 ) ;
#2932 = CARTESIAN_POINT ( 'NONE',  ( 0.0000000000000000000, 0.7500000000000000000, 0.0000000000000000000 ) ) ;
#2933 = CARTESIAN_POINT ( 'NONE',  ( -0.09118294889182533600, 1.627016963945832300, 5.104999999999997800 ) ) ;
#2934 = EDGE_LOOP ( 'NONE', ( #229, #2196, #1764, #2664 ) ) ;
#2935 = LINE ( 'NONE', #2445, #2634 ) ;
#2936 = FILL_AREA_STYLE ('',( #1038 ) ) ;
#2937 = CARTESIAN_POINT ( 'NONE',  ( 2.507779782839484600, 4.346029999999973200, 5.104999999999999500 ) ) ;
#2938 = LINE ( 'NONE', #902, #93 ) ;
#2939 = CARTESIAN_POINT ( 'NONE',  ( 2.958275000000000000, 0.3482480000000001100, 0.0000000000000000000 ) ) ;
#2940 = CARTESIAN_POINT ( 'NONE',  ( 2.507779782839484600, 4.346029999999973200, 5.104999999999999500 ) ) ;
#2941 = ADVANCED_FACE ( 'NONE', ( #632 ), #3016, .T. ) ;
#2942 = DIRECTION ( 'NONE',  ( -0.0000000000000000000, -0.0000000000000000000, -1.000000000000000000 ) ) ;
#2943 = SURFACE_SIDE_STYLE ('',( #2580 ) ) ;
#2944 = CARTESIAN_POINT ( 'NONE',  ( 4.939735041056652100, 4.346029999999974100, 5.104999999999999500 ) ) ;
#2945 = DIRECTION ( 'NONE',  ( 0.002813301676021314700, 0.9999960426590096500, -0.0000000000000000000 ) ) ;
#2946 = EDGE_CURVE ( 'NONE', #2520, #1413, #109, .T. ) ;
#2947 = VECTOR ( 'NONE', #746, 1000.000000000000000 ) ;
#2948 = ORIENTED_EDGE ( 'NONE', *, *, #2572, .T. ) ;
#2949 =( NAMED_UNIT ( * ) PLANE_ANGLE_UNIT ( ) SI_UNIT ( $, .RADIAN. ) );
#2950 = CARTESIAN_POINT ( 'NONE',  ( 4.749999999999999100, 1.683889348827610800E-016, 0.0000000000000000000 ) ) ;
#2951 = PRESENTATION_STYLE_ASSIGNMENT (( #648 ) ) ;
#2952 = CARTESIAN_POINT ( 'NONE',  ( 3.809558942749218700, 4.346029999999974100, 5.104999999999999500 ) ) ;
#2953 = PLANE ( 'NONE',  #1739 ) ;
#2954 = STYLED_ITEM ( 'NONE', ( #1234 ), #1509 ) ;
#2955 = LINE ( 'NONE', #2202, #1710 ) ;
#2956 = CARTESIAN_POINT ( 'NONE',  ( 4.305042284858450000, 4.346029999999974100, 5.099999999999999600 ) ) ;
#2957 = ORIENTED_EDGE ( 'NONE', *, *, #1256, .T. ) ;
#2958 =( LENGTH_UNIT ( ) NAMED_UNIT ( * ) SI_UNIT ( .MILLI., .METRE. ) );
#2959 = ORIENTED_EDGE ( 'NONE', *, *, #157, .F. ) ;
#2960 = DIRECTION ( 'NONE',  ( -0.0000000000000000000, -0.0000000000000000000, 1.000000000000000000 ) ) ;
#2961 = EDGE_LOOP ( 'NONE', ( #2406, #842, #1461, #658 ) ) ;
#2962 = EDGE_CURVE ( 'NONE', #1451, #2010, #900, .T. ) ;
#2963 = LINE ( 'NONE', #1597, #2922 ) ;
#2964 =( LENGTH_UNIT ( ) NAMED_UNIT ( * ) SI_UNIT ( .MILLI., .METRE. ) );
#2965 = ORIENTED_EDGE ( 'NONE', *, *, #119, .T. ) ;
#2966 = EDGE_CURVE ( 'NONE', #1123, #288, #599, .T. ) ;
#2967 = DIRECTION ( 'NONE',  ( -1.369417629209010900E-016, 1.000000000000000000, 0.0000000000000000000 ) ) ;
#2968 = ORIENTED_EDGE ( 'NONE', *, *, #1135, .F. ) ;
#2969 = DIRECTION ( 'NONE',  ( 0.0000000000000000000, 0.0000000000000000000, -1.000000000000000000 ) ) ;
#2970 = CARTESIAN_POINT ( 'NONE',  ( 7.500000000000000000, 9.599999999999999600, 5.099999999999999600 ) ) ;
#2971 = DIRECTION ( 'NONE',  ( -1.000000000000000000, -1.369417629209010900E-016, -2.478176376551321900E-016 ) ) ;
#2972 = VECTOR ( 'NONE', #2379, 1000.000000000000000 ) ;
#2973 = DIRECTION ( 'NONE',  ( -1.000000000000000000, -1.369417629209011100E-016, 0.0000000000000000000 ) ) ;
#2974 = DIRECTION ( 'NONE',  ( -0.0000000000000000000, -0.0000000000000000000, -1.000000000000000000 ) ) ;
#2975 = CARTESIAN_POINT ( 'NONE',  ( -0.09118294889182533600, 1.627016963945832300, 5.099999999999999600 ) ) ;
#2976 = LINE ( 'NONE', #1548, #1321 ) ;
#2977 = EDGE_CURVE ( 'NONE', #1530, #3050, #1929, .T. ) ;
#2978 = ORIENTED_EDGE ( 'NONE', *, *, #1759, .F. ) ;
#2979 = AXIS2_PLACEMENT_3D ( 'NONE', #1828, #1604, #382 ) ;
#2980 = PRESENTATION_LAYER_ASSIGNMENT (  '', '', ( #2822 ) ) ;
#2981 = VECTOR ( 'NONE', #2189, 1000.000000000000000 ) ;
#2982 = ORIENTED_EDGE ( 'NONE', *, *, #2781, .F. ) ;
#2983 = SURFACE_STYLE_FILL_AREA ( #2446 ) ;
#2984 =( GEOMETRIC_REPRESENTATION_CONTEXT ( 3 ) GLOBAL_UNCERTAINTY_ASSIGNED_CONTEXT ( ( #1708 ) ) GLOBAL_UNIT_ASSIGNED_CONTEXT ( ( #2837, #3031, #1862 ) ) REPRESENTATION_CONTEXT ( 'NONE', 'WORKASPACE' ) );
#2985 = ORIENTED_EDGE ( 'NONE', *, *, #341, .T. ) ;
#2986 = FACE_OUTER_BOUND ( 'NONE', #2102, .T. ) ;
#2987 = ORIENTED_EDGE ( 'NONE', *, *, #2080, .T. ) ;
#2988 = DIRECTION ( 'NONE',  ( 0.0000000000000000000, 0.0000000000000000000, -1.000000000000000000 ) ) ;
#2989 = ADVANCED_FACE ( 'NONE', ( #2475 ), #2810, .F. ) ;
#2990 = LINE ( 'NONE', #2212, #2162 ) ;
#2991 = DIRECTION ( 'NONE',  ( 1.000000000000000000, 0.0000000000000000000, 0.0000000000000000000 ) ) ;
#2992 = CARTESIAN_POINT ( 'NONE',  ( 7.500000000000000000, 9.599999999999999600, 5.099999999999999600 ) ) ;
#2993 = EDGE_CURVE ( 'NONE', #495, #1105, #2471, .T. ) ;
#2994 = VERTEX_POINT ( 'NONE', #2409 ) ;
#2995 = LINE ( 'NONE', #2753, #162 ) ;
#2996 = CARTESIAN_POINT ( 'NONE',  ( 7.292893218813452100, 10.10000000000000000, 0.2071067811865473200 ) ) ;
#2997 = ORIENTED_EDGE ( 'NONE', *, *, #1755, .F. ) ;
#2998 = VECTOR ( 'NONE', #580, 1000.000000000000100 ) ;
#2999 = EDGE_CURVE ( 'NONE', #2107, #2293, #709, .T. ) ;
#3000 =( LENGTH_UNIT ( ) NAMED_UNIT ( * ) SI_UNIT ( .MILLI., .METRE. ) );
#3001 = LINE ( 'NONE', #1422, #2533 ) ;
#3002 = PRESENTATION_LAYER_ASSIGNMENT (  '', '', ( #1660 ) ) ;
#3003 = DIRECTION ( 'NONE',  ( 0.2755520632520602200, 0.9612861490927312500, 0.0000000000000000000 ) ) ;
#3004 = VECTOR ( 'NONE', #1863, 1000.000000000000000 ) ;
#3005 = DIRECTION ( 'NONE',  ( 0.0000000000000000000, -1.000000000000000000, 0.0000000000000000000 ) ) ;
#3006 = VECTOR ( 'NONE', #1152, 1000.000000000000000 ) ;
#3007 = ORIENTED_EDGE ( 'NONE', *, *, #891, .F. ) ;
#3008 = CARTESIAN_POINT ( 'NONE',  ( 1.847169775644161400, 5.186093679346321000, 5.104999999999999500 ) ) ;
#3009 = DIRECTION ( 'NONE',  ( -1.000000000000000000, 0.0000000000000000000, 0.0000000000000000000 ) ) ;
#3010 =( NAMED_UNIT ( * ) PLANE_ANGLE_UNIT ( ) SI_UNIT ( $, .RADIAN. ) );
#3011 = DIRECTION ( 'NONE',  ( 0.9999960426590096500, -0.002813301676021315100, 0.0000000000000000000 ) ) ;
#3012 = VECTOR ( 'NONE', #2776, 1000.000000000000000 ) ;
#3013 = ORIENTED_EDGE ( 'NONE', *, *, #667, .F. ) ;
#3014 = PLANE ( 'NONE',  #1219 ) ;
#3015 = EDGE_CURVE ( 'NONE', #2454, #1413, #2827, .T. ) ;
#3016 = CYLINDRICAL_SURFACE ( 'NONE', #738, 0.2750000000000000800 ) ;
#3017 = VECTOR ( 'NONE', #155, 1000.000000000000000 ) ;
#3018 = ORIENTED_EDGE ( 'NONE', *, *, #1531, .T. ) ;
#3019 = DIRECTION ( 'NONE',  ( 7.938847109813994200E-005, 0.9999999968487353100, -0.0000000000000000000 ) ) ;
#3020 = VECTOR ( 'NONE', #748, 1000.000000000000000 ) ;
#3021 = AXIS2_PLACEMENT_3D ( 'NONE', #1511, #519, #72 ) ;
#3022 = SURFACE_STYLE_USAGE ( .BOTH. , #2784 ) ;
#3023 = DIRECTION ( 'NONE',  ( -0.0000000000000000000, 1.000000000000000000, -0.0000000000000000000 ) ) ;
#3024 = ORIENTED_EDGE ( 'NONE', *, *, #2841, .F. ) ;
#3025 = PLANE ( 'NONE',  #517 ) ;
#3026 = PLANE ( 'NONE',  #118 ) ;
#3027 = ORIENTED_EDGE ( 'NONE', *, *, #1318, .F. ) ;
#3028 = ORIENTED_EDGE ( 'NONE', *, *, #1262, .F. ) ;
#3029 = PRESENTATION_STYLE_ASSIGNMENT (( #800 ) ) ;
#3030 = ADVANCED_BREP_SHAPE_REPRESENTATION ( 'CFR_RB3_7.2X10X5_L7.5H10.1T5.1S5H019F0.55', ( #2713, #2181, #1359, #2503, #2862 ), #2085 ) ;
#3031 =( NAMED_UNIT ( * ) PLANE_ANGLE_UNIT ( ) SI_UNIT ( $, .RADIAN. ) );
#3032 = CARTESIAN_POINT ( 'NONE',  ( 0.0000000000000000000, 0.0000000000000000000, 5.099999999999999600 ) ) ;
#3033 = DIRECTION ( 'NONE',  ( 0.0000000000000000000, -1.000000000000000000, 0.0000000000000000000 ) ) ;
#3034 = ORIENTED_EDGE ( 'NONE', *, *, #1648, .F. ) ;
#3035 = VECTOR ( 'NONE', #1272, 1000.000000000000000 ) ;
#3036 = DIRECTION ( 'NONE',  ( -0.2755520632520602200, -0.9612861490927311300, 0.0000000000000000000 ) ) ;
#3037 = DIRECTION ( 'NONE',  ( -1.000000000000000000, 0.0000000000000000000, 0.0000000000000000000 ) ) ;
#3038 = PRESENTATION_STYLE_ASSIGNMENT (( #2244 ) ) ;
#3039 = EDGE_CURVE ( 'NONE', #1861, #1408, #2139, .T. ) ;
#3040 = DIRECTION ( 'NONE',  ( 1.000000000000000000, -0.0000000000000000000, -0.0000000000000000000 ) ) ;
#3041 = ORIENTED_EDGE ( 'NONE', *, *, #3053, .T. ) ;
#3042 = LINE ( 'NONE', #106, #164 ) ;
#3043 = EDGE_CURVE ( 'NONE', #150, #473, #969, .T. ) ;
#3044 = DIRECTION ( 'NONE',  ( -1.000000000000000000, 0.0000000000000000000, -2.478176376551321900E-016 ) ) ;
#3045 = CARTESIAN_POINT ( 'NONE',  ( 5.009707567470528900, 4.714641202699571200, 5.104999999999999500 ) ) ;
#3046 = DIRECTION ( 'NONE',  ( 0.0000000000000000000, 0.0000000000000000000, 1.000000000000000000 ) ) ;
#3047 = LINE ( 'NONE', #221, #1160 ) ;
#3048 = CIRCLE ( 'NONE', #365, 0.2750000000000000800 ) ;
#3049 = CARTESIAN_POINT ( 'NONE',  ( 2.617153647927336700, 5.186093679346321000, 5.099999999999999600 ) ) ;
#3050 = VERTEX_POINT ( 'NONE', #24 ) ;
#3051 = VECTOR ( 'NONE', #207, 1000.000000000000000 ) ;
#3052 = SURFACE_STYLE_FILL_AREA ( #637 ) ;
#3053 = EDGE_CURVE ( 'NONE', #184, #972, #2714, .T. ) ;
#3054 = SURFACE_STYLE_USAGE ( .BOTH. , #1415 ) ;
#3055 = CARTESIAN_POINT ( 'NONE',  ( 5.184483071133123600, 4.346029999999974100, 5.104999999999999500 ) ) ;
#3056 = EDGE_LOOP ( 'NONE', ( #198, #2882, #2146, #274, #316, #2751, #433, #1970, #1716, #370, #768 ) ) ;
#3057 = EDGE_CURVE ( 'NONE', #1406, #1520, #308, .T. ) ;
#3058 = ORIENTED_EDGE ( 'NONE', *, *, #757, .F. ) ;
#3059 = CARTESIAN_POINT ( 'NONE',  ( 4.203943044314760500, 4.346029999999974100, 5.104999999999999500 ) ) ;
#3060 = ORIENTED_EDGE ( 'NONE', *, *, #1949, .T. ) ;
ENDSEC;
END-ISO-10303-21;
