ISO-10303-21;
HEADER;
FILE_DESCRIPTION(('FreeCAD Model'),'2;1');
FILE_NAME(
'X:/Application Engineering/4 Documentation/3 Users/1 MaS/3D 
Projekt/RSOE_3D_20190725.step','2019-07-25T08:54:19',('Author'),(''),
  'Open CASCADE STEP processor 7.3','FreeCAD','Unknown');
FILE_SCHEMA(('AUTOMOTIVE_DESIGN { 1 0 10303 214 1 1 1 1 }'));
ENDSEC;
DATA;
#1 = APPLICATION_PROTOCOL_DEFINITION('international standard',
  'automotive_design',2000,#2);
#2 = APPLICATION_CONTEXT(
  'core data for automotive mechanical design processes');
#3 = SHAPE_DEFINITION_REPRESENTATION(#4,#10);
#4 = PRODUCT_DEFINITION_SHAPE('','',#5);
#5 = PRODUCT_DEFINITION('design','',#6,#9);
#6 = PRODUCT_DEFINITION_FORMATION('','',#7);
#7 = PRODUCT('RSOE_pin5(NC)','RSOE_pin5(NC)','',(#8));
#8 = PRODUCT_CONTEXT('',#2,'mechanical');
#9 = PRODUCT_DEFINITION_CONTEXT('part definition',#2,'design');
#10 = ADVANCED_BREP_SHAPE_REPRESENTATION('',(#11,#15),#165);
#11 = AXIS2_PLACEMENT_3D('',#12,#13,#14);
#12 = CARTESIAN_POINT('',(0.,0.,0.));
#13 = DIRECTION('',(0.,0.,1.));
#14 = DIRECTION('',(1.,0.,-0.));
#15 = MANIFOLD_SOLID_BREP('',#16);
#16 = CLOSED_SHELL('',(#17,#57,#88,#119,#141,#153));
#17 = ADVANCED_FACE('',(#18),#52,.T.);
#18 = FACE_BOUND('',#19,.T.);
#19 = EDGE_LOOP('',(#20,#30,#38,#46));
#20 = ORIENTED_EDGE('',*,*,#21,.F.);
#21 = EDGE_CURVE('',#22,#24,#26,.T.);
#22 = VERTEX_POINT('',#23);
#23 = CARTESIAN_POINT('',(1.51,0.5,-1.275));
#24 = VERTEX_POINT('',#25);
#25 = CARTESIAN_POINT('',(1.51,0.5,-1.525));
#26 = LINE('',#27,#28);
#27 = CARTESIAN_POINT('',(1.51,0.5,-1.275));
#28 = VECTOR('',#29,1.);
#29 = DIRECTION('',(0.,0.,-1.));
#30 = ORIENTED_EDGE('',*,*,#31,.T.);
#31 = EDGE_CURVE('',#22,#32,#34,.T.);
#32 = VERTEX_POINT('',#33);
#33 = CARTESIAN_POINT('',(1.51,-4.1,-1.275));
#34 = LINE('',#35,#36);
#35 = CARTESIAN_POINT('',(1.51,0.5,-1.275));
#36 = VECTOR('',#37,1.);
#37 = DIRECTION('',(0.,-1.,0.));
#38 = ORIENTED_EDGE('',*,*,#39,.F.);
#39 = EDGE_CURVE('',#40,#32,#42,.T.);
#40 = VERTEX_POINT('',#41);
#41 = CARTESIAN_POINT('',(1.51,-4.1,-1.525));
#42 = LINE('',#43,#44);
#43 = CARTESIAN_POINT('',(1.51,-4.1,-1.275));
#44 = VECTOR('',#45,1.);
#45 = DIRECTION('',(0.,0.,1.));
#46 = ORIENTED_EDGE('',*,*,#47,.F.);
#47 = EDGE_CURVE('',#24,#40,#48,.T.);
#48 = LINE('',#49,#50);
#49 = CARTESIAN_POINT('',(1.51,0.5,-1.525));
#50 = VECTOR('',#51,1.);
#51 = DIRECTION('',(0.,-1.,0.));
#52 = PLANE('',#53);
#53 = AXIS2_PLACEMENT_3D('',#54,#55,#56);
#54 = CARTESIAN_POINT('',(1.51,0.5,-1.525));
#55 = DIRECTION('',(1.,0.,0.));
#56 = DIRECTION('',(0.,0.,1.));
#57 = ADVANCED_FACE('',(#58),#83,.T.);
#58 = FACE_BOUND('',#59,.T.);
#59 = EDGE_LOOP('',(#60,#68,#69,#77));
#60 = ORIENTED_EDGE('',*,*,#61,.F.);
#61 = EDGE_CURVE('',#24,#62,#64,.T.);
#62 = VERTEX_POINT('',#63);
#63 = CARTESIAN_POINT('',(1.01,0.5,-1.525));
#64 = LINE('',#65,#66);
#65 = CARTESIAN_POINT('',(1.51,0.5,-1.525));
#66 = VECTOR('',#67,1.);
#67 = DIRECTION('',(-1.,0.,0.));
#68 = ORIENTED_EDGE('',*,*,#47,.T.);
#69 = ORIENTED_EDGE('',*,*,#70,.F.);
#70 = EDGE_CURVE('',#71,#40,#73,.T.);
#71 = VERTEX_POINT('',#72);
#72 = CARTESIAN_POINT('',(1.01,-4.1,-1.525));
#73 = LINE('',#74,#75);
#74 = CARTESIAN_POINT('',(1.51,-4.1,-1.525));
#75 = VECTOR('',#76,1.);
#76 = DIRECTION('',(1.,0.,0.));
#77 = ORIENTED_EDGE('',*,*,#78,.F.);
#78 = EDGE_CURVE('',#62,#71,#79,.T.);
#79 = LINE('',#80,#81);
#80 = CARTESIAN_POINT('',(1.01,0.5,-1.525));
#81 = VECTOR('',#82,1.);
#82 = DIRECTION('',(0.,-1.,0.));
#83 = PLANE('',#84);
#84 = AXIS2_PLACEMENT_3D('',#85,#86,#87);
#85 = CARTESIAN_POINT('',(1.01,0.5,-1.525));
#86 = DIRECTION('',(0.,0.,-1.));
#87 = DIRECTION('',(1.,0.,0.));
#88 = ADVANCED_FACE('',(#89),#114,.T.);
#89 = FACE_BOUND('',#90,.T.);
#90 = EDGE_LOOP('',(#91,#99,#100,#108));
#91 = ORIENTED_EDGE('',*,*,#92,.F.);
#92 = EDGE_CURVE('',#62,#93,#95,.T.);
#93 = VERTEX_POINT('',#94);
#94 = CARTESIAN_POINT('',(1.01,0.5,-1.275));
#95 = LINE('',#96,#97);
#96 = CARTESIAN_POINT('',(1.01,0.5,-1.525));
#97 = VECTOR('',#98,1.);
#98 = DIRECTION('',(0.,0.,1.));
#99 = ORIENTED_EDGE('',*,*,#78,.T.);
#100 = ORIENTED_EDGE('',*,*,#101,.F.);
#101 = EDGE_CURVE('',#102,#71,#104,.T.);
#102 = VERTEX_POINT('',#103);
#103 = CARTESIAN_POINT('',(1.01,-4.1,-1.275));
#104 = LINE('',#105,#106);
#105 = CARTESIAN_POINT('',(1.01,-4.1,-1.525));
#106 = VECTOR('',#107,1.);
#107 = DIRECTION('',(0.,0.,-1.));
#108 = ORIENTED_EDGE('',*,*,#109,.F.);
#109 = EDGE_CURVE('',#93,#102,#110,.T.);
#110 = LINE('',#111,#112);
#111 = CARTESIAN_POINT('',(1.01,0.5,-1.275));
#112 = VECTOR('',#113,1.);
#113 = DIRECTION('',(0.,-1.,0.));
#114 = PLANE('',#115);
#115 = AXIS2_PLACEMENT_3D('',#116,#117,#118);
#116 = CARTESIAN_POINT('',(1.01,0.5,-1.275));
#117 = DIRECTION('',(-1.,0.,0.));
#118 = DIRECTION('',(0.,0.,-1.));
#119 = ADVANCED_FACE('',(#120),#136,.T.);
#120 = FACE_BOUND('',#121,.T.);
#121 = EDGE_LOOP('',(#122,#128,#129,#135));
#122 = ORIENTED_EDGE('',*,*,#123,.F.);
#123 = EDGE_CURVE('',#93,#22,#124,.T.);
#124 = LINE('',#125,#126);
#125 = CARTESIAN_POINT('',(1.01,0.5,-1.275));
#126 = VECTOR('',#127,1.);
#127 = DIRECTION('',(1.,0.,0.));
#128 = ORIENTED_EDGE('',*,*,#109,.T.);
#129 = ORIENTED_EDGE('',*,*,#130,.F.);
#130 = EDGE_CURVE('',#32,#102,#131,.T.);
#131 = LINE('',#132,#133);
#132 = CARTESIAN_POINT('',(1.01,-4.1,-1.275));
#133 = VECTOR('',#134,1.);
#134 = DIRECTION('',(-1.,0.,0.));
#135 = ORIENTED_EDGE('',*,*,#31,.F.);
#136 = PLANE('',#137);
#137 = AXIS2_PLACEMENT_3D('',#138,#139,#140);
#138 = CARTESIAN_POINT('',(1.51,0.5,-1.275));
#139 = DIRECTION('',(0.,0.,1.));
#140 = DIRECTION('',(-1.,0.,0.));
#141 = ADVANCED_FACE('',(#142),#148,.T.);
#142 = FACE_BOUND('',#143,.T.);
#143 = EDGE_LOOP('',(#144,#145,#146,#147));
#144 = ORIENTED_EDGE('',*,*,#123,.T.);
#145 = ORIENTED_EDGE('',*,*,#21,.T.);
#146 = ORIENTED_EDGE('',*,*,#61,.T.);
#147 = ORIENTED_EDGE('',*,*,#92,.T.);
#148 = PLANE('',#149);
#149 = AXIS2_PLACEMENT_3D('',#150,#151,#152);
#150 = CARTESIAN_POINT('',(1.26,0.5,-1.4));
#151 = DIRECTION('',(0.,1.,0.));
#152 = DIRECTION('',(0.,-0.,1.));
#153 = ADVANCED_FACE('',(#154),#160,.F.);
#154 = FACE_BOUND('',#155,.T.);
#155 = EDGE_LOOP('',(#156,#157,#158,#159));
#156 = ORIENTED_EDGE('',*,*,#130,.T.);
#157 = ORIENTED_EDGE('',*,*,#101,.T.);
#158 = ORIENTED_EDGE('',*,*,#70,.T.);
#159 = ORIENTED_EDGE('',*,*,#39,.T.);
#160 = PLANE('',#161);
#161 = AXIS2_PLACEMENT_3D('',#162,#163,#164);
#162 = CARTESIAN_POINT('',(1.26,-4.1,-1.4));
#163 = DIRECTION('',(0.,1.,0.));
#164 = DIRECTION('',(0.,-0.,1.));
#165 = ( GEOMETRIC_REPRESENTATION_CONTEXT(3) 
GLOBAL_UNCERTAINTY_ASSIGNED_CONTEXT((#169)) GLOBAL_UNIT_ASSIGNED_CONTEXT
((#166,#167,#168)) REPRESENTATION_CONTEXT('Context #1',
  '3D Context with UNIT and UNCERTAINTY') );
#166 = ( LENGTH_UNIT() NAMED_UNIT(*) SI_UNIT(.MILLI.,.METRE.) );
#167 = ( NAMED_UNIT(*) PLANE_ANGLE_UNIT() SI_UNIT($,.RADIAN.) );
#168 = ( NAMED_UNIT(*) SI_UNIT($,.STERADIAN.) SOLID_ANGLE_UNIT() );
#169 = UNCERTAINTY_MEASURE_WITH_UNIT(LENGTH_MEASURE(1.E-07),#166,
  'distance_accuracy_value','confusion accuracy');
#170 = PRODUCT_RELATED_PRODUCT_CATEGORY('part',$,(#7));
#171 = SHAPE_DEFINITION_REPRESENTATION(#172,#178);
#172 = PRODUCT_DEFINITION_SHAPE('','',#173);
#173 = PRODUCT_DEFINITION('design','',#174,#177);
#174 = PRODUCT_DEFINITION_FORMATION('','',#175);
#175 = PRODUCT('RSOE_potting','RSOE_potting','',(#176));
#176 = PRODUCT_CONTEXT('',#2,'mechanical');
#177 = PRODUCT_DEFINITION_CONTEXT('part definition',#2,'design');
#178 = ADVANCED_BREP_SHAPE_REPRESENTATION('',(#11,#179),#329);
#179 = MANIFOLD_SOLID_BREP('',#180);
#180 = CLOSED_SHELL('',(#181,#221,#252,#283,#305,#317));
#181 = ADVANCED_FACE('',(#182),#216,.T.);
#182 = FACE_BOUND('',#183,.T.);
#183 = EDGE_LOOP('',(#184,#194,#202,#210));
#184 = ORIENTED_EDGE('',*,*,#185,.T.);
#185 = EDGE_CURVE('',#186,#188,#190,.T.);
#186 = VERTEX_POINT('',#187);
#187 = CARTESIAN_POINT('',(10.4,10.55,4.1));
#188 = VERTEX_POINT('',#189);
#189 = CARTESIAN_POINT('',(-10.4,10.55,4.1));
#190 = LINE('',#191,#192);
#191 = CARTESIAN_POINT('',(-5.2,10.55,4.1));
#192 = VECTOR('',#193,1.);
#193 = DIRECTION('',(-1.,-1.700900772222E-33,0.));
#194 = ORIENTED_EDGE('',*,*,#195,.F.);
#195 = EDGE_CURVE('',#196,#188,#198,.T.);
#196 = VERTEX_POINT('',#197);
#197 = CARTESIAN_POINT('',(-10.4,0.5,4.1));
#198 = LINE('',#199,#200);
#199 = CARTESIAN_POINT('',(-10.4,0.5,4.1));
#200 = VECTOR('',#201,1.);
#201 = DIRECTION('',(0.,1.,0.));
#202 = ORIENTED_EDGE('',*,*,#203,.F.);
#203 = EDGE_CURVE('',#204,#196,#206,.T.);
#204 = VERTEX_POINT('',#205);
#205 = CARTESIAN_POINT('',(10.4,0.5,4.1));
#206 = LINE('',#207,#208);
#207 = CARTESIAN_POINT('',(10.4,0.5,4.1));
#208 = VECTOR('',#209,1.);
#209 = DIRECTION('',(-1.,0.,0.));
#210 = ORIENTED_EDGE('',*,*,#211,.T.);
#211 = EDGE_CURVE('',#204,#186,#212,.T.);
#212 = LINE('',#213,#214);
#213 = CARTESIAN_POINT('',(10.4,0.5,4.1));
#214 = VECTOR('',#215,1.);
#215 = DIRECTION('',(0.,1.,0.));
#216 = PLANE('',#217);
#217 = AXIS2_PLACEMENT_3D('',#218,#219,#220);
#218 = CARTESIAN_POINT('',(-10.4,0.5,4.1));
#219 = DIRECTION('',(0.,0.,1.));
#220 = DIRECTION('',(1.,0.,-0.));
#221 = ADVANCED_FACE('',(#222),#247,.T.);
#222 = FACE_BOUND('',#223,.T.);
#223 = EDGE_LOOP('',(#224,#232,#240,#246));
#224 = ORIENTED_EDGE('',*,*,#225,.T.);
#225 = EDGE_CURVE('',#188,#226,#228,.T.);
#226 = VERTEX_POINT('',#227);
#227 = CARTESIAN_POINT('',(-10.4,10.55,-4.1));
#228 = LINE('',#229,#230);
#229 = CARTESIAN_POINT('',(-10.4,10.55,-2.05));
#230 = VECTOR('',#231,1.);
#231 = DIRECTION('',(0.,-1.539006588073E-33,-1.));
#232 = ORIENTED_EDGE('',*,*,#233,.F.);
#233 = EDGE_CURVE('',#234,#226,#236,.T.);
#234 = VERTEX_POINT('',#235);
#235 = CARTESIAN_POINT('',(-10.4,0.5,-4.1));
#236 = LINE('',#237,#238);
#237 = CARTESIAN_POINT('',(-10.4,0.5,-4.1));
#238 = VECTOR('',#239,1.);
#239 = DIRECTION('',(0.,1.,0.));
#240 = ORIENTED_EDGE('',*,*,#241,.F.);
#241 = EDGE_CURVE('',#196,#234,#242,.T.);
#242 = LINE('',#243,#244);
#243 = CARTESIAN_POINT('',(-10.4,0.5,4.1));
#244 = VECTOR('',#245,1.);
#245 = DIRECTION('',(0.,0.,-1.));
#246 = ORIENTED_EDGE('',*,*,#195,.T.);
#247 = PLANE('',#248);
#248 = AXIS2_PLACEMENT_3D('',#249,#250,#251);
#249 = CARTESIAN_POINT('',(-10.4,0.5,-4.1));
#250 = DIRECTION('',(-1.,0.,0.));
#251 = DIRECTION('',(0.,0.,1.));
#252 = ADVANCED_FACE('',(#253),#278,.T.);
#253 = FACE_BOUND('',#254,.T.);
#254 = EDGE_LOOP('',(#255,#263,#271,#277));
#255 = ORIENTED_EDGE('',*,*,#256,.T.);
#256 = EDGE_CURVE('',#226,#257,#259,.T.);
#257 = VERTEX_POINT('',#258);
#258 = CARTESIAN_POINT('',(10.4,10.55,-4.1));
#259 = LINE('',#260,#261);
#260 = CARTESIAN_POINT('',(5.2,10.55,-4.1));
#261 = VECTOR('',#262,1.);
#262 = DIRECTION('',(1.,1.700900772222E-33,0.));
#263 = ORIENTED_EDGE('',*,*,#264,.F.);
#264 = EDGE_CURVE('',#265,#257,#267,.T.);
#265 = VERTEX_POINT('',#266);
#266 = CARTESIAN_POINT('',(10.4,0.5,-4.1));
#267 = LINE('',#268,#269);
#268 = CARTESIAN_POINT('',(10.4,0.5,-4.1));
#269 = VECTOR('',#270,1.);
#270 = DIRECTION('',(0.,1.,0.));
#271 = ORIENTED_EDGE('',*,*,#272,.F.);
#272 = EDGE_CURVE('',#234,#265,#273,.T.);
#273 = LINE('',#274,#275);
#274 = CARTESIAN_POINT('',(-10.4,0.5,-4.1));
#275 = VECTOR('',#276,1.);
#276 = DIRECTION('',(1.,0.,0.));
#277 = ORIENTED_EDGE('',*,*,#233,.T.);
#278 = PLANE('',#279);
#279 = AXIS2_PLACEMENT_3D('',#280,#281,#282);
#280 = CARTESIAN_POINT('',(10.4,0.5,-4.1));
#281 = DIRECTION('',(0.,0.,-1.));
#282 = DIRECTION('',(-1.,0.,0.));
#283 = ADVANCED_FACE('',(#284),#300,.T.);
#284 = FACE_BOUND('',#285,.T.);
#285 = EDGE_LOOP('',(#286,#292,#293,#299));
#286 = ORIENTED_EDGE('',*,*,#287,.T.);
#287 = EDGE_CURVE('',#257,#186,#288,.T.);
#288 = LINE('',#289,#290);
#289 = CARTESIAN_POINT('',(10.4,10.55,2.05));
#290 = VECTOR('',#291,1.);
#291 = DIRECTION('',(0.,1.539006588073E-33,1.));
#292 = ORIENTED_EDGE('',*,*,#211,.F.);
#293 = ORIENTED_EDGE('',*,*,#294,.F.);
#294 = EDGE_CURVE('',#265,#204,#295,.T.);
#295 = LINE('',#296,#297);
#296 = CARTESIAN_POINT('',(10.4,0.5,-4.1));
#297 = VECTOR('',#298,1.);
#298 = DIRECTION('',(0.,0.,1.));
#299 = ORIENTED_EDGE('',*,*,#264,.T.);
#300 = PLANE('',#301);
#301 = AXIS2_PLACEMENT_3D('',#302,#303,#304);
#302 = CARTESIAN_POINT('',(10.4,0.5,4.1));
#303 = DIRECTION('',(1.,0.,0.));
#304 = DIRECTION('',(0.,0.,-1.));
#305 = ADVANCED_FACE('',(#306),#312,.F.);
#306 = FACE_BOUND('',#307,.T.);
#307 = EDGE_LOOP('',(#308,#309,#310,#311));
#308 = ORIENTED_EDGE('',*,*,#241,.T.);
#309 = ORIENTED_EDGE('',*,*,#272,.T.);
#310 = ORIENTED_EDGE('',*,*,#294,.T.);
#311 = ORIENTED_EDGE('',*,*,#203,.T.);
#312 = PLANE('',#313);
#313 = AXIS2_PLACEMENT_3D('',#314,#315,#316);
#314 = CARTESIAN_POINT('',(1.083424537824E-15,0.5,0.));
#315 = DIRECTION('',(0.,1.,0.));
#316 = DIRECTION('',(0.,-0.,1.));
#317 = ADVANCED_FACE('',(#318),#324,.T.);
#318 = FACE_BOUND('',#319,.T.);
#319 = EDGE_LOOP('',(#320,#321,#322,#323));
#320 = ORIENTED_EDGE('',*,*,#256,.F.);
#321 = ORIENTED_EDGE('',*,*,#225,.F.);
#322 = ORIENTED_EDGE('',*,*,#185,.F.);
#323 = ORIENTED_EDGE('',*,*,#287,.F.);
#324 = PLANE('',#325);
#325 = AXIS2_PLACEMENT_3D('',#326,#327,#328);
#326 = CARTESIAN_POINT('',(1.110223024625E-15,10.55,0.));
#327 = DIRECTION('',(-1.700900772222E-33,1.,-1.539006588073E-33));
#328 = DIRECTION('',(-2.617697494108E-66,1.539006588073E-33,1.));
#329 = ( GEOMETRIC_REPRESENTATION_CONTEXT(3) 
GLOBAL_UNCERTAINTY_ASSIGNED_CONTEXT((#333)) GLOBAL_UNIT_ASSIGNED_CONTEXT
((#330,#331,#332)) REPRESENTATION_CONTEXT('Context #1',
  '3D Context with UNIT and UNCERTAINTY') );
#330 = ( LENGTH_UNIT() NAMED_UNIT(*) SI_UNIT(.MILLI.,.METRE.) );
#331 = ( NAMED_UNIT(*) PLANE_ANGLE_UNIT() SI_UNIT($,.RADIAN.) );
#332 = ( NAMED_UNIT(*) SI_UNIT($,.STERADIAN.) SOLID_ANGLE_UNIT() );
#333 = UNCERTAINTY_MEASURE_WITH_UNIT(LENGTH_MEASURE(1.E-07),#330,
  'distance_accuracy_value','confusion accuracy');
#334 = PRODUCT_RELATED_PRODUCT_CATEGORY('part',$,(#175));
#335 = SHAPE_DEFINITION_REPRESENTATION(#336,#342);
#336 = PRODUCT_DEFINITION_SHAPE('','',#337);
#337 = PRODUCT_DEFINITION('design','',#338,#341);
#338 = PRODUCT_DEFINITION_FORMATION('','',#339);
#339 = PRODUCT('RSOE_pin3(CTRL)','RSOE_pin3(CTRL)','',(#340));
#340 = PRODUCT_CONTEXT('',#2,'mechanical');
#341 = PRODUCT_DEFINITION_CONTEXT('part definition',#2,'design');
#342 = ADVANCED_BREP_SHAPE_REPRESENTATION('',(#11,#343),#493);
#343 = MANIFOLD_SOLID_BREP('',#344);
#344 = CLOSED_SHELL('',(#345,#385,#416,#447,#469,#481));
#345 = ADVANCED_FACE('',(#346),#380,.T.);
#346 = FACE_BOUND('',#347,.T.);
#347 = EDGE_LOOP('',(#348,#358,#366,#374));
#348 = ORIENTED_EDGE('',*,*,#349,.F.);
#349 = EDGE_CURVE('',#350,#352,#354,.T.);
#350 = VERTEX_POINT('',#351);
#351 = CARTESIAN_POINT('',(-3.57,0.5,-1.275));
#352 = VERTEX_POINT('',#353);
#353 = CARTESIAN_POINT('',(-3.57,0.5,-1.525));
#354 = LINE('',#355,#356);
#355 = CARTESIAN_POINT('',(-3.57,0.5,-1.275));
#356 = VECTOR('',#357,1.);
#357 = DIRECTION('',(0.,0.,-1.));
#358 = ORIENTED_EDGE('',*,*,#359,.T.);
#359 = EDGE_CURVE('',#350,#360,#362,.T.);
#360 = VERTEX_POINT('',#361);
#361 = CARTESIAN_POINT('',(-3.57,-4.1,-1.275));
#362 = LINE('',#363,#364);
#363 = CARTESIAN_POINT('',(-3.57,0.5,-1.275));
#364 = VECTOR('',#365,1.);
#365 = DIRECTION('',(0.,-1.,0.));
#366 = ORIENTED_EDGE('',*,*,#367,.F.);
#367 = EDGE_CURVE('',#368,#360,#370,.T.);
#368 = VERTEX_POINT('',#369);
#369 = CARTESIAN_POINT('',(-3.57,-4.1,-1.525));
#370 = LINE('',#371,#372);
#371 = CARTESIAN_POINT('',(-3.57,-4.1,-1.275));
#372 = VECTOR('',#373,1.);
#373 = DIRECTION('',(0.,0.,1.));
#374 = ORIENTED_EDGE('',*,*,#375,.F.);
#375 = EDGE_CURVE('',#352,#368,#376,.T.);
#376 = LINE('',#377,#378);
#377 = CARTESIAN_POINT('',(-3.57,0.5,-1.525));
#378 = VECTOR('',#379,1.);
#379 = DIRECTION('',(0.,-1.,0.));
#380 = PLANE('',#381);
#381 = AXIS2_PLACEMENT_3D('',#382,#383,#384);
#382 = CARTESIAN_POINT('',(-3.57,0.5,-1.525));
#383 = DIRECTION('',(1.,0.,0.));
#384 = DIRECTION('',(0.,0.,1.));
#385 = ADVANCED_FACE('',(#386),#411,.T.);
#386 = FACE_BOUND('',#387,.T.);
#387 = EDGE_LOOP('',(#388,#396,#397,#405));
#388 = ORIENTED_EDGE('',*,*,#389,.F.);
#389 = EDGE_CURVE('',#352,#390,#392,.T.);
#390 = VERTEX_POINT('',#391);
#391 = CARTESIAN_POINT('',(-4.07,0.5,-1.525));
#392 = LINE('',#393,#394);
#393 = CARTESIAN_POINT('',(-3.57,0.5,-1.525));
#394 = VECTOR('',#395,1.);
#395 = DIRECTION('',(-1.,0.,0.));
#396 = ORIENTED_EDGE('',*,*,#375,.T.);
#397 = ORIENTED_EDGE('',*,*,#398,.F.);
#398 = EDGE_CURVE('',#399,#368,#401,.T.);
#399 = VERTEX_POINT('',#400);
#400 = CARTESIAN_POINT('',(-4.07,-4.1,-1.525));
#401 = LINE('',#402,#403);
#402 = CARTESIAN_POINT('',(-3.57,-4.1,-1.525));
#403 = VECTOR('',#404,1.);
#404 = DIRECTION('',(1.,0.,0.));
#405 = ORIENTED_EDGE('',*,*,#406,.F.);
#406 = EDGE_CURVE('',#390,#399,#407,.T.);
#407 = LINE('',#408,#409);
#408 = CARTESIAN_POINT('',(-4.07,0.5,-1.525));
#409 = VECTOR('',#410,1.);
#410 = DIRECTION('',(0.,-1.,0.));
#411 = PLANE('',#412);
#412 = AXIS2_PLACEMENT_3D('',#413,#414,#415);
#413 = CARTESIAN_POINT('',(-4.07,0.5,-1.525));
#414 = DIRECTION('',(0.,0.,-1.));
#415 = DIRECTION('',(1.,0.,0.));
#416 = ADVANCED_FACE('',(#417),#442,.T.);
#417 = FACE_BOUND('',#418,.T.);
#418 = EDGE_LOOP('',(#419,#427,#428,#436));
#419 = ORIENTED_EDGE('',*,*,#420,.F.);
#420 = EDGE_CURVE('',#390,#421,#423,.T.);
#421 = VERTEX_POINT('',#422);
#422 = CARTESIAN_POINT('',(-4.07,0.5,-1.275));
#423 = LINE('',#424,#425);
#424 = CARTESIAN_POINT('',(-4.07,0.5,-1.525));
#425 = VECTOR('',#426,1.);
#426 = DIRECTION('',(0.,0.,1.));
#427 = ORIENTED_EDGE('',*,*,#406,.T.);
#428 = ORIENTED_EDGE('',*,*,#429,.F.);
#429 = EDGE_CURVE('',#430,#399,#432,.T.);
#430 = VERTEX_POINT('',#431);
#431 = CARTESIAN_POINT('',(-4.07,-4.1,-1.275));
#432 = LINE('',#433,#434);
#433 = CARTESIAN_POINT('',(-4.07,-4.1,-1.525));
#434 = VECTOR('',#435,1.);
#435 = DIRECTION('',(0.,0.,-1.));
#436 = ORIENTED_EDGE('',*,*,#437,.F.);
#437 = EDGE_CURVE('',#421,#430,#438,.T.);
#438 = LINE('',#439,#440);
#439 = CARTESIAN_POINT('',(-4.07,0.5,-1.275));
#440 = VECTOR('',#441,1.);
#441 = DIRECTION('',(0.,-1.,0.));
#442 = PLANE('',#443);
#443 = AXIS2_PLACEMENT_3D('',#444,#445,#446);
#444 = CARTESIAN_POINT('',(-4.07,0.5,-1.275));
#445 = DIRECTION('',(-1.,0.,0.));
#446 = DIRECTION('',(0.,0.,-1.));
#447 = ADVANCED_FACE('',(#448),#464,.T.);
#448 = FACE_BOUND('',#449,.T.);
#449 = EDGE_LOOP('',(#450,#456,#457,#463));
#450 = ORIENTED_EDGE('',*,*,#451,.F.);
#451 = EDGE_CURVE('',#421,#350,#452,.T.);
#452 = LINE('',#453,#454);
#453 = CARTESIAN_POINT('',(-4.07,0.5,-1.275));
#454 = VECTOR('',#455,1.);
#455 = DIRECTION('',(1.,0.,0.));
#456 = ORIENTED_EDGE('',*,*,#437,.T.);
#457 = ORIENTED_EDGE('',*,*,#458,.F.);
#458 = EDGE_CURVE('',#360,#430,#459,.T.);
#459 = LINE('',#460,#461);
#460 = CARTESIAN_POINT('',(-4.07,-4.1,-1.275));
#461 = VECTOR('',#462,1.);
#462 = DIRECTION('',(-1.,0.,0.));
#463 = ORIENTED_EDGE('',*,*,#359,.F.);
#464 = PLANE('',#465);
#465 = AXIS2_PLACEMENT_3D('',#466,#467,#468);
#466 = CARTESIAN_POINT('',(-3.57,0.5,-1.275));
#467 = DIRECTION('',(0.,0.,1.));
#468 = DIRECTION('',(-1.,0.,0.));
#469 = ADVANCED_FACE('',(#470),#476,.T.);
#470 = FACE_BOUND('',#471,.T.);
#471 = EDGE_LOOP('',(#472,#473,#474,#475));
#472 = ORIENTED_EDGE('',*,*,#451,.T.);
#473 = ORIENTED_EDGE('',*,*,#349,.T.);
#474 = ORIENTED_EDGE('',*,*,#389,.T.);
#475 = ORIENTED_EDGE('',*,*,#420,.T.);
#476 = PLANE('',#477);
#477 = AXIS2_PLACEMENT_3D('',#478,#479,#480);
#478 = CARTESIAN_POINT('',(-3.82,0.5,-1.4));
#479 = DIRECTION('',(0.,1.,0.));
#480 = DIRECTION('',(0.,-0.,1.));
#481 = ADVANCED_FACE('',(#482),#488,.F.);
#482 = FACE_BOUND('',#483,.T.);
#483 = EDGE_LOOP('',(#484,#485,#486,#487));
#484 = ORIENTED_EDGE('',*,*,#458,.T.);
#485 = ORIENTED_EDGE('',*,*,#429,.T.);
#486 = ORIENTED_EDGE('',*,*,#398,.T.);
#487 = ORIENTED_EDGE('',*,*,#367,.T.);
#488 = PLANE('',#489);
#489 = AXIS2_PLACEMENT_3D('',#490,#491,#492);
#490 = CARTESIAN_POINT('',(-3.82,-4.1,-1.4));
#491 = DIRECTION('',(0.,1.,0.));
#492 = DIRECTION('',(0.,-0.,1.));
#493 = ( GEOMETRIC_REPRESENTATION_CONTEXT(3) 
GLOBAL_UNCERTAINTY_ASSIGNED_CONTEXT((#497)) GLOBAL_UNIT_ASSIGNED_CONTEXT
((#494,#495,#496)) REPRESENTATION_CONTEXT('Context #1',
  '3D Context with UNIT and UNCERTAINTY') );
#494 = ( LENGTH_UNIT() NAMED_UNIT(*) SI_UNIT(.MILLI.,.METRE.) );
#495 = ( NAMED_UNIT(*) PLANE_ANGLE_UNIT() SI_UNIT($,.RADIAN.) );
#496 = ( NAMED_UNIT(*) SI_UNIT($,.STERADIAN.) SOLID_ANGLE_UNIT() );
#497 = UNCERTAINTY_MEASURE_WITH_UNIT(LENGTH_MEASURE(1.E-07),#494,
  'distance_accuracy_value','confusion accuracy');
#498 = PRODUCT_RELATED_PRODUCT_CATEGORY('part',$,(#339));
#499 = SHAPE_DEFINITION_REPRESENTATION(#500,#506);
#500 = PRODUCT_DEFINITION_SHAPE('','',#501);
#501 = PRODUCT_DEFINITION('design','',#502,#505);
#502 = PRODUCT_DEFINITION_FORMATION('','',#503);
#503 = PRODUCT('RSOE_pin6(+Vout)','RSOE_pin6(+Vout)','',(#504));
#504 = PRODUCT_CONTEXT('',#2,'mechanical');
#505 = PRODUCT_DEFINITION_CONTEXT('part definition',#2,'design');
#506 = ADVANCED_BREP_SHAPE_REPRESENTATION('',(#11,#507),#657);
#507 = MANIFOLD_SOLID_BREP('',#508);
#508 = CLOSED_SHELL('',(#509,#549,#580,#611,#633,#645));
#509 = ADVANCED_FACE('',(#510),#544,.T.);
#510 = FACE_BOUND('',#511,.T.);
#511 = EDGE_LOOP('',(#512,#522,#530,#538));
#512 = ORIENTED_EDGE('',*,*,#513,.F.);
#513 = EDGE_CURVE('',#514,#516,#518,.T.);
#514 = VERTEX_POINT('',#515);
#515 = CARTESIAN_POINT('',(4.05,0.5,-1.275));
#516 = VERTEX_POINT('',#517);
#517 = CARTESIAN_POINT('',(4.05,0.5,-1.525));
#518 = LINE('',#519,#520);
#519 = CARTESIAN_POINT('',(4.05,0.5,-1.275));
#520 = VECTOR('',#521,1.);
#521 = DIRECTION('',(0.,0.,-1.));
#522 = ORIENTED_EDGE('',*,*,#523,.T.);
#523 = EDGE_CURVE('',#514,#524,#526,.T.);
#524 = VERTEX_POINT('',#525);
#525 = CARTESIAN_POINT('',(4.05,-4.1,-1.275));
#526 = LINE('',#527,#528);
#527 = CARTESIAN_POINT('',(4.05,0.5,-1.275));
#528 = VECTOR('',#529,1.);
#529 = DIRECTION('',(0.,-1.,0.));
#530 = ORIENTED_EDGE('',*,*,#531,.F.);
#531 = EDGE_CURVE('',#532,#524,#534,.T.);
#532 = VERTEX_POINT('',#533);
#533 = CARTESIAN_POINT('',(4.05,-4.1,-1.525));
#534 = LINE('',#535,#536);
#535 = CARTESIAN_POINT('',(4.05,-4.1,-1.275));
#536 = VECTOR('',#537,1.);
#537 = DIRECTION('',(0.,0.,1.));
#538 = ORIENTED_EDGE('',*,*,#539,.F.);
#539 = EDGE_CURVE('',#516,#532,#540,.T.);
#540 = LINE('',#541,#542);
#541 = CARTESIAN_POINT('',(4.05,0.5,-1.525));
#542 = VECTOR('',#543,1.);
#543 = DIRECTION('',(0.,-1.,0.));
#544 = PLANE('',#545);
#545 = AXIS2_PLACEMENT_3D('',#546,#547,#548);
#546 = CARTESIAN_POINT('',(4.05,0.5,-1.525));
#547 = DIRECTION('',(1.,0.,0.));
#548 = DIRECTION('',(0.,0.,1.));
#549 = ADVANCED_FACE('',(#550),#575,.T.);
#550 = FACE_BOUND('',#551,.T.);
#551 = EDGE_LOOP('',(#552,#560,#561,#569));
#552 = ORIENTED_EDGE('',*,*,#553,.F.);
#553 = EDGE_CURVE('',#516,#554,#556,.T.);
#554 = VERTEX_POINT('',#555);
#555 = CARTESIAN_POINT('',(3.55,0.5,-1.525));
#556 = LINE('',#557,#558);
#557 = CARTESIAN_POINT('',(4.05,0.5,-1.525));
#558 = VECTOR('',#559,1.);
#559 = DIRECTION('',(-1.,0.,0.));
#560 = ORIENTED_EDGE('',*,*,#539,.T.);
#561 = ORIENTED_EDGE('',*,*,#562,.F.);
#562 = EDGE_CURVE('',#563,#532,#565,.T.);
#563 = VERTEX_POINT('',#564);
#564 = CARTESIAN_POINT('',(3.55,-4.1,-1.525));
#565 = LINE('',#566,#567);
#566 = CARTESIAN_POINT('',(4.05,-4.1,-1.525));
#567 = VECTOR('',#568,1.);
#568 = DIRECTION('',(1.,0.,0.));
#569 = ORIENTED_EDGE('',*,*,#570,.F.);
#570 = EDGE_CURVE('',#554,#563,#571,.T.);
#571 = LINE('',#572,#573);
#572 = CARTESIAN_POINT('',(3.55,0.5,-1.525));
#573 = VECTOR('',#574,1.);
#574 = DIRECTION('',(0.,-1.,0.));
#575 = PLANE('',#576);
#576 = AXIS2_PLACEMENT_3D('',#577,#578,#579);
#577 = CARTESIAN_POINT('',(3.55,0.5,-1.525));
#578 = DIRECTION('',(0.,0.,-1.));
#579 = DIRECTION('',(1.,0.,0.));
#580 = ADVANCED_FACE('',(#581),#606,.T.);
#581 = FACE_BOUND('',#582,.T.);
#582 = EDGE_LOOP('',(#583,#591,#592,#600));
#583 = ORIENTED_EDGE('',*,*,#584,.F.);
#584 = EDGE_CURVE('',#554,#585,#587,.T.);
#585 = VERTEX_POINT('',#586);
#586 = CARTESIAN_POINT('',(3.55,0.5,-1.275));
#587 = LINE('',#588,#589);
#588 = CARTESIAN_POINT('',(3.55,0.5,-1.525));
#589 = VECTOR('',#590,1.);
#590 = DIRECTION('',(0.,0.,1.));
#591 = ORIENTED_EDGE('',*,*,#570,.T.);
#592 = ORIENTED_EDGE('',*,*,#593,.F.);
#593 = EDGE_CURVE('',#594,#563,#596,.T.);
#594 = VERTEX_POINT('',#595);
#595 = CARTESIAN_POINT('',(3.55,-4.1,-1.275));
#596 = LINE('',#597,#598);
#597 = CARTESIAN_POINT('',(3.55,-4.1,-1.525));
#598 = VECTOR('',#599,1.);
#599 = DIRECTION('',(0.,0.,-1.));
#600 = ORIENTED_EDGE('',*,*,#601,.F.);
#601 = EDGE_CURVE('',#585,#594,#602,.T.);
#602 = LINE('',#603,#604);
#603 = CARTESIAN_POINT('',(3.55,0.5,-1.275));
#604 = VECTOR('',#605,1.);
#605 = DIRECTION('',(0.,-1.,0.));
#606 = PLANE('',#607);
#607 = AXIS2_PLACEMENT_3D('',#608,#609,#610);
#608 = CARTESIAN_POINT('',(3.55,0.5,-1.275));
#609 = DIRECTION('',(-1.,0.,0.));
#610 = DIRECTION('',(0.,0.,-1.));
#611 = ADVANCED_FACE('',(#612),#628,.T.);
#612 = FACE_BOUND('',#613,.T.);
#613 = EDGE_LOOP('',(#614,#620,#621,#627));
#614 = ORIENTED_EDGE('',*,*,#615,.F.);
#615 = EDGE_CURVE('',#585,#514,#616,.T.);
#616 = LINE('',#617,#618);
#617 = CARTESIAN_POINT('',(3.55,0.5,-1.275));
#618 = VECTOR('',#619,1.);
#619 = DIRECTION('',(1.,0.,0.));
#620 = ORIENTED_EDGE('',*,*,#601,.T.);
#621 = ORIENTED_EDGE('',*,*,#622,.F.);
#622 = EDGE_CURVE('',#524,#594,#623,.T.);
#623 = LINE('',#624,#625);
#624 = CARTESIAN_POINT('',(3.55,-4.1,-1.275));
#625 = VECTOR('',#626,1.);
#626 = DIRECTION('',(-1.,0.,0.));
#627 = ORIENTED_EDGE('',*,*,#523,.F.);
#628 = PLANE('',#629);
#629 = AXIS2_PLACEMENT_3D('',#630,#631,#632);
#630 = CARTESIAN_POINT('',(4.05,0.5,-1.275));
#631 = DIRECTION('',(0.,0.,1.));
#632 = DIRECTION('',(-1.,0.,0.));
#633 = ADVANCED_FACE('',(#634),#640,.T.);
#634 = FACE_BOUND('',#635,.T.);
#635 = EDGE_LOOP('',(#636,#637,#638,#639));
#636 = ORIENTED_EDGE('',*,*,#615,.T.);
#637 = ORIENTED_EDGE('',*,*,#513,.T.);
#638 = ORIENTED_EDGE('',*,*,#553,.T.);
#639 = ORIENTED_EDGE('',*,*,#584,.T.);
#640 = PLANE('',#641);
#641 = AXIS2_PLACEMENT_3D('',#642,#643,#644);
#642 = CARTESIAN_POINT('',(3.8,0.5,-1.4));
#643 = DIRECTION('',(0.,1.,0.));
#644 = DIRECTION('',(0.,-0.,1.));
#645 = ADVANCED_FACE('',(#646),#652,.F.);
#646 = FACE_BOUND('',#647,.T.);
#647 = EDGE_LOOP('',(#648,#649,#650,#651));
#648 = ORIENTED_EDGE('',*,*,#622,.T.);
#649 = ORIENTED_EDGE('',*,*,#593,.T.);
#650 = ORIENTED_EDGE('',*,*,#562,.T.);
#651 = ORIENTED_EDGE('',*,*,#531,.T.);
#652 = PLANE('',#653);
#653 = AXIS2_PLACEMENT_3D('',#654,#655,#656);
#654 = CARTESIAN_POINT('',(3.8,-4.1,-1.4));
#655 = DIRECTION('',(0.,1.,0.));
#656 = DIRECTION('',(0.,-0.,1.));
#657 = ( GEOMETRIC_REPRESENTATION_CONTEXT(3) 
GLOBAL_UNCERTAINTY_ASSIGNED_CONTEXT((#661)) GLOBAL_UNIT_ASSIGNED_CONTEXT
((#658,#659,#660)) REPRESENTATION_CONTEXT('Context #1',
  '3D Context with UNIT and UNCERTAINTY') );
#658 = ( LENGTH_UNIT() NAMED_UNIT(*) SI_UNIT(.MILLI.,.METRE.) );
#659 = ( NAMED_UNIT(*) PLANE_ANGLE_UNIT() SI_UNIT($,.RADIAN.) );
#660 = ( NAMED_UNIT(*) SI_UNIT($,.STERADIAN.) SOLID_ANGLE_UNIT() );
#661 = UNCERTAINTY_MEASURE_WITH_UNIT(LENGTH_MEASURE(1.E-07),#658,
  'distance_accuracy_value','confusion accuracy');
#662 = PRODUCT_RELATED_PRODUCT_CATEGORY('part',$,(#503));
#663 = SHAPE_DEFINITION_REPRESENTATION(#664,#670);
#664 = PRODUCT_DEFINITION_SHAPE('','',#665);
#665 = PRODUCT_DEFINITION('design','',#666,#669);
#666 = PRODUCT_DEFINITION_FORMATION('','',#667);
#667 = PRODUCT('RSOE_pin7(-Vout)','RSOE_pin7(-Vout)','',(#668));
#668 = PRODUCT_CONTEXT('',#2,'mechanical');
#669 = PRODUCT_DEFINITION_CONTEXT('part definition',#2,'design');
#670 = ADVANCED_BREP_SHAPE_REPRESENTATION('',(#11,#671),#821);
#671 = MANIFOLD_SOLID_BREP('',#672);
#672 = CLOSED_SHELL('',(#673,#713,#744,#775,#797,#809));
#673 = ADVANCED_FACE('',(#674),#708,.T.);
#674 = FACE_BOUND('',#675,.T.);
#675 = EDGE_LOOP('',(#676,#686,#694,#702));
#676 = ORIENTED_EDGE('',*,*,#677,.F.);
#677 = EDGE_CURVE('',#678,#680,#682,.T.);
#678 = VERTEX_POINT('',#679);
#679 = CARTESIAN_POINT('',(6.59,0.5,-1.275));
#680 = VERTEX_POINT('',#681);
#681 = CARTESIAN_POINT('',(6.59,0.5,-1.525));
#682 = LINE('',#683,#684);
#683 = CARTESIAN_POINT('',(6.59,0.5,-1.275));
#684 = VECTOR('',#685,1.);
#685 = DIRECTION('',(0.,0.,-1.));
#686 = ORIENTED_EDGE('',*,*,#687,.T.);
#687 = EDGE_CURVE('',#678,#688,#690,.T.);
#688 = VERTEX_POINT('',#689);
#689 = CARTESIAN_POINT('',(6.59,-4.1,-1.275));
#690 = LINE('',#691,#692);
#691 = CARTESIAN_POINT('',(6.59,0.5,-1.275));
#692 = VECTOR('',#693,1.);
#693 = DIRECTION('',(0.,-1.,0.));
#694 = ORIENTED_EDGE('',*,*,#695,.F.);
#695 = EDGE_CURVE('',#696,#688,#698,.T.);
#696 = VERTEX_POINT('',#697);
#697 = CARTESIAN_POINT('',(6.59,-4.1,-1.525));
#698 = LINE('',#699,#700);
#699 = CARTESIAN_POINT('',(6.59,-4.1,-1.275));
#700 = VECTOR('',#701,1.);
#701 = DIRECTION('',(0.,0.,1.));
#702 = ORIENTED_EDGE('',*,*,#703,.F.);
#703 = EDGE_CURVE('',#680,#696,#704,.T.);
#704 = LINE('',#705,#706);
#705 = CARTESIAN_POINT('',(6.59,0.5,-1.525));
#706 = VECTOR('',#707,1.);
#707 = DIRECTION('',(0.,-1.,0.));
#708 = PLANE('',#709);
#709 = AXIS2_PLACEMENT_3D('',#710,#711,#712);
#710 = CARTESIAN_POINT('',(6.59,0.5,-1.525));
#711 = DIRECTION('',(1.,0.,0.));
#712 = DIRECTION('',(0.,0.,1.));
#713 = ADVANCED_FACE('',(#714),#739,.T.);
#714 = FACE_BOUND('',#715,.T.);
#715 = EDGE_LOOP('',(#716,#724,#725,#733));
#716 = ORIENTED_EDGE('',*,*,#717,.F.);
#717 = EDGE_CURVE('',#680,#718,#720,.T.);
#718 = VERTEX_POINT('',#719);
#719 = CARTESIAN_POINT('',(6.09,0.5,-1.525));
#720 = LINE('',#721,#722);
#721 = CARTESIAN_POINT('',(6.59,0.5,-1.525));
#722 = VECTOR('',#723,1.);
#723 = DIRECTION('',(-1.,0.,0.));
#724 = ORIENTED_EDGE('',*,*,#703,.T.);
#725 = ORIENTED_EDGE('',*,*,#726,.F.);
#726 = EDGE_CURVE('',#727,#696,#729,.T.);
#727 = VERTEX_POINT('',#728);
#728 = CARTESIAN_POINT('',(6.09,-4.1,-1.525));
#729 = LINE('',#730,#731);
#730 = CARTESIAN_POINT('',(6.59,-4.1,-1.525));
#731 = VECTOR('',#732,1.);
#732 = DIRECTION('',(1.,0.,0.));
#733 = ORIENTED_EDGE('',*,*,#734,.F.);
#734 = EDGE_CURVE('',#718,#727,#735,.T.);
#735 = LINE('',#736,#737);
#736 = CARTESIAN_POINT('',(6.09,0.5,-1.525));
#737 = VECTOR('',#738,1.);
#738 = DIRECTION('',(0.,-1.,0.));
#739 = PLANE('',#740);
#740 = AXIS2_PLACEMENT_3D('',#741,#742,#743);
#741 = CARTESIAN_POINT('',(6.09,0.5,-1.525));
#742 = DIRECTION('',(0.,0.,-1.));
#743 = DIRECTION('',(1.,0.,0.));
#744 = ADVANCED_FACE('',(#745),#770,.T.);
#745 = FACE_BOUND('',#746,.T.);
#746 = EDGE_LOOP('',(#747,#755,#756,#764));
#747 = ORIENTED_EDGE('',*,*,#748,.F.);
#748 = EDGE_CURVE('',#718,#749,#751,.T.);
#749 = VERTEX_POINT('',#750);
#750 = CARTESIAN_POINT('',(6.09,0.5,-1.275));
#751 = LINE('',#752,#753);
#752 = CARTESIAN_POINT('',(6.09,0.5,-1.525));
#753 = VECTOR('',#754,1.);
#754 = DIRECTION('',(0.,0.,1.));
#755 = ORIENTED_EDGE('',*,*,#734,.T.);
#756 = ORIENTED_EDGE('',*,*,#757,.F.);
#757 = EDGE_CURVE('',#758,#727,#760,.T.);
#758 = VERTEX_POINT('',#759);
#759 = CARTESIAN_POINT('',(6.09,-4.1,-1.275));
#760 = LINE('',#761,#762);
#761 = CARTESIAN_POINT('',(6.09,-4.1,-1.525));
#762 = VECTOR('',#763,1.);
#763 = DIRECTION('',(0.,0.,-1.));
#764 = ORIENTED_EDGE('',*,*,#765,.F.);
#765 = EDGE_CURVE('',#749,#758,#766,.T.);
#766 = LINE('',#767,#768);
#767 = CARTESIAN_POINT('',(6.09,0.5,-1.275));
#768 = VECTOR('',#769,1.);
#769 = DIRECTION('',(0.,-1.,0.));
#770 = PLANE('',#771);
#771 = AXIS2_PLACEMENT_3D('',#772,#773,#774);
#772 = CARTESIAN_POINT('',(6.09,0.5,-1.275));
#773 = DIRECTION('',(-1.,0.,0.));
#774 = DIRECTION('',(0.,0.,-1.));
#775 = ADVANCED_FACE('',(#776),#792,.T.);
#776 = FACE_BOUND('',#777,.T.);
#777 = EDGE_LOOP('',(#778,#784,#785,#791));
#778 = ORIENTED_EDGE('',*,*,#779,.F.);
#779 = EDGE_CURVE('',#749,#678,#780,.T.);
#780 = LINE('',#781,#782);
#781 = CARTESIAN_POINT('',(6.09,0.5,-1.275));
#782 = VECTOR('',#783,1.);
#783 = DIRECTION('',(1.,0.,0.));
#784 = ORIENTED_EDGE('',*,*,#765,.T.);
#785 = ORIENTED_EDGE('',*,*,#786,.F.);
#786 = EDGE_CURVE('',#688,#758,#787,.T.);
#787 = LINE('',#788,#789);
#788 = CARTESIAN_POINT('',(6.09,-4.1,-1.275));
#789 = VECTOR('',#790,1.);
#790 = DIRECTION('',(-1.,0.,0.));
#791 = ORIENTED_EDGE('',*,*,#687,.F.);
#792 = PLANE('',#793);
#793 = AXIS2_PLACEMENT_3D('',#794,#795,#796);
#794 = CARTESIAN_POINT('',(6.59,0.5,-1.275));
#795 = DIRECTION('',(0.,0.,1.));
#796 = DIRECTION('',(-1.,0.,0.));
#797 = ADVANCED_FACE('',(#798),#804,.T.);
#798 = FACE_BOUND('',#799,.T.);
#799 = EDGE_LOOP('',(#800,#801,#802,#803));
#800 = ORIENTED_EDGE('',*,*,#779,.T.);
#801 = ORIENTED_EDGE('',*,*,#677,.T.);
#802 = ORIENTED_EDGE('',*,*,#717,.T.);
#803 = ORIENTED_EDGE('',*,*,#748,.T.);
#804 = PLANE('',#805);
#805 = AXIS2_PLACEMENT_3D('',#806,#807,#808);
#806 = CARTESIAN_POINT('',(6.34,0.5,-1.4));
#807 = DIRECTION('',(0.,1.,0.));
#808 = DIRECTION('',(0.,-0.,1.));
#809 = ADVANCED_FACE('',(#810),#816,.F.);
#810 = FACE_BOUND('',#811,.T.);
#811 = EDGE_LOOP('',(#812,#813,#814,#815));
#812 = ORIENTED_EDGE('',*,*,#786,.T.);
#813 = ORIENTED_EDGE('',*,*,#757,.T.);
#814 = ORIENTED_EDGE('',*,*,#726,.T.);
#815 = ORIENTED_EDGE('',*,*,#695,.T.);
#816 = PLANE('',#817);
#817 = AXIS2_PLACEMENT_3D('',#818,#819,#820);
#818 = CARTESIAN_POINT('',(6.34,-4.1,-1.4));
#819 = DIRECTION('',(0.,1.,0.));
#820 = DIRECTION('',(0.,-0.,1.));
#821 = ( GEOMETRIC_REPRESENTATION_CONTEXT(3) 
GLOBAL_UNCERTAINTY_ASSIGNED_CONTEXT((#825)) GLOBAL_UNIT_ASSIGNED_CONTEXT
((#822,#823,#824)) REPRESENTATION_CONTEXT('Context #1',
  '3D Context with UNIT and UNCERTAINTY') );
#822 = ( LENGTH_UNIT() NAMED_UNIT(*) SI_UNIT(.MILLI.,.METRE.) );
#823 = ( NAMED_UNIT(*) PLANE_ANGLE_UNIT() SI_UNIT($,.RADIAN.) );
#824 = ( NAMED_UNIT(*) SI_UNIT($,.STERADIAN.) SOLID_ANGLE_UNIT() );
#825 = UNCERTAINTY_MEASURE_WITH_UNIT(LENGTH_MEASURE(1.E-07),#822,
  'distance_accuracy_value','confusion accuracy');
#826 = PRODUCT_RELATED_PRODUCT_CATEGORY('part',$,(#667));
#827 = SHAPE_DEFINITION_REPRESENTATION(#828,#834);
#828 = PRODUCT_DEFINITION_SHAPE('','',#829);
#829 = PRODUCT_DEFINITION('design','',#830,#833);
#830 = PRODUCT_DEFINITION_FORMATION('','',#831);
#831 = PRODUCT('RSOE_pin1(-Vin)','RSOE_pin1(-Vin)','',(#832));
#832 = PRODUCT_CONTEXT('',#2,'mechanical');
#833 = PRODUCT_DEFINITION_CONTEXT('part definition',#2,'design');
#834 = ADVANCED_BREP_SHAPE_REPRESENTATION('',(#11,#835),#985);
#835 = MANIFOLD_SOLID_BREP('',#836);
#836 = CLOSED_SHELL('',(#837,#877,#908,#939,#961,#973));
#837 = ADVANCED_FACE('',(#838),#872,.T.);
#838 = FACE_BOUND('',#839,.T.);
#839 = EDGE_LOOP('',(#840,#850,#858,#866));
#840 = ORIENTED_EDGE('',*,*,#841,.F.);
#841 = EDGE_CURVE('',#842,#844,#846,.T.);
#842 = VERTEX_POINT('',#843);
#843 = CARTESIAN_POINT('',(-8.65,0.5,-1.275));
#844 = VERTEX_POINT('',#845);
#845 = CARTESIAN_POINT('',(-8.65,0.5,-1.525));
#846 = LINE('',#847,#848);
#847 = CARTESIAN_POINT('',(-8.65,0.5,-1.275));
#848 = VECTOR('',#849,1.);
#849 = DIRECTION('',(0.,0.,-1.));
#850 = ORIENTED_EDGE('',*,*,#851,.T.);
#851 = EDGE_CURVE('',#842,#852,#854,.T.);
#852 = VERTEX_POINT('',#853);
#853 = CARTESIAN_POINT('',(-8.65,-4.1,-1.275));
#854 = LINE('',#855,#856);
#855 = CARTESIAN_POINT('',(-8.65,0.5,-1.275));
#856 = VECTOR('',#857,1.);
#857 = DIRECTION('',(0.,-1.,0.));
#858 = ORIENTED_EDGE('',*,*,#859,.F.);
#859 = EDGE_CURVE('',#860,#852,#862,.T.);
#860 = VERTEX_POINT('',#861);
#861 = CARTESIAN_POINT('',(-8.65,-4.1,-1.525));
#862 = LINE('',#863,#864);
#863 = CARTESIAN_POINT('',(-8.65,-4.1,-1.275));
#864 = VECTOR('',#865,1.);
#865 = DIRECTION('',(0.,0.,1.));
#866 = ORIENTED_EDGE('',*,*,#867,.F.);
#867 = EDGE_CURVE('',#844,#860,#868,.T.);
#868 = LINE('',#869,#870);
#869 = CARTESIAN_POINT('',(-8.65,0.5,-1.525));
#870 = VECTOR('',#871,1.);
#871 = DIRECTION('',(0.,-1.,0.));
#872 = PLANE('',#873);
#873 = AXIS2_PLACEMENT_3D('',#874,#875,#876);
#874 = CARTESIAN_POINT('',(-8.65,0.5,-1.525));
#875 = DIRECTION('',(1.,0.,0.));
#876 = DIRECTION('',(0.,0.,1.));
#877 = ADVANCED_FACE('',(#878),#903,.T.);
#878 = FACE_BOUND('',#879,.T.);
#879 = EDGE_LOOP('',(#880,#888,#889,#897));
#880 = ORIENTED_EDGE('',*,*,#881,.F.);
#881 = EDGE_CURVE('',#844,#882,#884,.T.);
#882 = VERTEX_POINT('',#883);
#883 = CARTESIAN_POINT('',(-9.15,0.5,-1.525));
#884 = LINE('',#885,#886);
#885 = CARTESIAN_POINT('',(-8.65,0.5,-1.525));
#886 = VECTOR('',#887,1.);
#887 = DIRECTION('',(-1.,0.,0.));
#888 = ORIENTED_EDGE('',*,*,#867,.T.);
#889 = ORIENTED_EDGE('',*,*,#890,.F.);
#890 = EDGE_CURVE('',#891,#860,#893,.T.);
#891 = VERTEX_POINT('',#892);
#892 = CARTESIAN_POINT('',(-9.15,-4.1,-1.525));
#893 = LINE('',#894,#895);
#894 = CARTESIAN_POINT('',(-8.65,-4.1,-1.525));
#895 = VECTOR('',#896,1.);
#896 = DIRECTION('',(1.,0.,0.));
#897 = ORIENTED_EDGE('',*,*,#898,.F.);
#898 = EDGE_CURVE('',#882,#891,#899,.T.);
#899 = LINE('',#900,#901);
#900 = CARTESIAN_POINT('',(-9.15,0.5,-1.525));
#901 = VECTOR('',#902,1.);
#902 = DIRECTION('',(0.,-1.,0.));
#903 = PLANE('',#904);
#904 = AXIS2_PLACEMENT_3D('',#905,#906,#907);
#905 = CARTESIAN_POINT('',(-9.15,0.5,-1.525));
#906 = DIRECTION('',(0.,0.,-1.));
#907 = DIRECTION('',(1.,0.,0.));
#908 = ADVANCED_FACE('',(#909),#934,.T.);
#909 = FACE_BOUND('',#910,.T.);
#910 = EDGE_LOOP('',(#911,#919,#920,#928));
#911 = ORIENTED_EDGE('',*,*,#912,.F.);
#912 = EDGE_CURVE('',#882,#913,#915,.T.);
#913 = VERTEX_POINT('',#914);
#914 = CARTESIAN_POINT('',(-9.15,0.5,-1.275));
#915 = LINE('',#916,#917);
#916 = CARTESIAN_POINT('',(-9.15,0.5,-1.525));
#917 = VECTOR('',#918,1.);
#918 = DIRECTION('',(0.,0.,1.));
#919 = ORIENTED_EDGE('',*,*,#898,.T.);
#920 = ORIENTED_EDGE('',*,*,#921,.F.);
#921 = EDGE_CURVE('',#922,#891,#924,.T.);
#922 = VERTEX_POINT('',#923);
#923 = CARTESIAN_POINT('',(-9.15,-4.1,-1.275));
#924 = LINE('',#925,#926);
#925 = CARTESIAN_POINT('',(-9.15,-4.1,-1.525));
#926 = VECTOR('',#927,1.);
#927 = DIRECTION('',(0.,0.,-1.));
#928 = ORIENTED_EDGE('',*,*,#929,.F.);
#929 = EDGE_CURVE('',#913,#922,#930,.T.);
#930 = LINE('',#931,#932);
#931 = CARTESIAN_POINT('',(-9.15,0.5,-1.275));
#932 = VECTOR('',#933,1.);
#933 = DIRECTION('',(0.,-1.,0.));
#934 = PLANE('',#935);
#935 = AXIS2_PLACEMENT_3D('',#936,#937,#938);
#936 = CARTESIAN_POINT('',(-9.15,0.5,-1.275));
#937 = DIRECTION('',(-1.,0.,0.));
#938 = DIRECTION('',(0.,0.,-1.));
#939 = ADVANCED_FACE('',(#940),#956,.T.);
#940 = FACE_BOUND('',#941,.T.);
#941 = EDGE_LOOP('',(#942,#948,#949,#955));
#942 = ORIENTED_EDGE('',*,*,#943,.F.);
#943 = EDGE_CURVE('',#913,#842,#944,.T.);
#944 = LINE('',#945,#946);
#945 = CARTESIAN_POINT('',(-9.15,0.5,-1.275));
#946 = VECTOR('',#947,1.);
#947 = DIRECTION('',(1.,0.,0.));
#948 = ORIENTED_EDGE('',*,*,#929,.T.);
#949 = ORIENTED_EDGE('',*,*,#950,.F.);
#950 = EDGE_CURVE('',#852,#922,#951,.T.);
#951 = LINE('',#952,#953);
#952 = CARTESIAN_POINT('',(-9.15,-4.1,-1.275));
#953 = VECTOR('',#954,1.);
#954 = DIRECTION('',(-1.,0.,0.));
#955 = ORIENTED_EDGE('',*,*,#851,.F.);
#956 = PLANE('',#957);
#957 = AXIS2_PLACEMENT_3D('',#958,#959,#960);
#958 = CARTESIAN_POINT('',(-8.65,0.5,-1.275));
#959 = DIRECTION('',(0.,0.,1.));
#960 = DIRECTION('',(-1.,0.,0.));
#961 = ADVANCED_FACE('',(#962),#968,.T.);
#962 = FACE_BOUND('',#963,.T.);
#963 = EDGE_LOOP('',(#964,#965,#966,#967));
#964 = ORIENTED_EDGE('',*,*,#943,.T.);
#965 = ORIENTED_EDGE('',*,*,#841,.T.);
#966 = ORIENTED_EDGE('',*,*,#881,.T.);
#967 = ORIENTED_EDGE('',*,*,#912,.T.);
#968 = PLANE('',#969);
#969 = AXIS2_PLACEMENT_3D('',#970,#971,#972);
#970 = CARTESIAN_POINT('',(-8.9,0.5,-1.4));
#971 = DIRECTION('',(0.,1.,0.));
#972 = DIRECTION('',(0.,-0.,1.));
#973 = ADVANCED_FACE('',(#974),#980,.F.);
#974 = FACE_BOUND('',#975,.T.);
#975 = EDGE_LOOP('',(#976,#977,#978,#979));
#976 = ORIENTED_EDGE('',*,*,#950,.T.);
#977 = ORIENTED_EDGE('',*,*,#921,.T.);
#978 = ORIENTED_EDGE('',*,*,#890,.T.);
#979 = ORIENTED_EDGE('',*,*,#859,.T.);
#980 = PLANE('',#981);
#981 = AXIS2_PLACEMENT_3D('',#982,#983,#984);
#982 = CARTESIAN_POINT('',(-8.9,-4.1,-1.4));
#983 = DIRECTION('',(0.,1.,0.));
#984 = DIRECTION('',(0.,-0.,1.));
#985 = ( GEOMETRIC_REPRESENTATION_CONTEXT(3) 
GLOBAL_UNCERTAINTY_ASSIGNED_CONTEXT((#989)) GLOBAL_UNIT_ASSIGNED_CONTEXT
((#986,#987,#988)) REPRESENTATION_CONTEXT('Context #1',
  '3D Context with UNIT and UNCERTAINTY') );
#986 = ( LENGTH_UNIT() NAMED_UNIT(*) SI_UNIT(.MILLI.,.METRE.) );
#987 = ( NAMED_UNIT(*) PLANE_ANGLE_UNIT() SI_UNIT($,.RADIAN.) );
#988 = ( NAMED_UNIT(*) SI_UNIT($,.STERADIAN.) SOLID_ANGLE_UNIT() );
#989 = UNCERTAINTY_MEASURE_WITH_UNIT(LENGTH_MEASURE(1.E-07),#986,
  'distance_accuracy_value','confusion accuracy');
#990 = PRODUCT_RELATED_PRODUCT_CATEGORY('part',$,(#831));
#991 = SHAPE_DEFINITION_REPRESENTATION(#992,#998);
#992 = PRODUCT_DEFINITION_SHAPE('','',#993);
#993 = PRODUCT_DEFINITION('design','',#994,#997);
#994 = PRODUCT_DEFINITION_FORMATION('','',#995);
#995 = PRODUCT('RSOE_case','RSOE_case','',(#996));
#996 = PRODUCT_CONTEXT('',#2,'mechanical');
#997 = PRODUCT_DEFINITION_CONTEXT('part definition',#2,'design');
#998 = ADVANCED_BREP_SHAPE_REPRESENTATION('',(#11,#999),#4418);
#999 = MANIFOLD_SOLID_BREP('',#1000);
#1000 = CLOSED_SHELL('',(#1001,#1041,#1072,#1105,#1136,#1169,#1191,#1205
    ,#1247,#1278,#1311,#1342,#1375,#1406,#1439,#1461,#1501,#1532,#1563,
    #1594,#1625,#1656,#1687,#1720,#1751,#1784,#1815,#1837,#1877,#1908,
    #1939,#1970,#2001,#2032,#2063,#2094,#2125,#2156,#2187,#2218,#2240,
    #2280,#2311,#2342,#2373,#2404,#2435,#2466,#2497,#2528,#2559,#2590,
    #2612,#2652,#2683,#2714,#2747,#2778,#2811,#2842,#2875,#2906,#2939,
    #2970,#3001,#3032,#3063,#3094,#3116,#3156,#3187,#3218,#3240,#3280,
    #3311,#3342,#3364,#3404,#3435,#3466,#3488,#3528,#3559,#3590,#3612,
    #3713,#3753,#3784,#3815,#3837,#3849,#3895,#3907,#3919,#3931,#3955,
    #3975,#3996,#4024,#4064,#4104,#4126,#4157,#4199,#4241,#4258,#4289,
    #4320,#4346,#4363,#4385,#4402));
#1001 = ADVANCED_FACE('',(#1002),#1036,.F.);
#1002 = FACE_BOUND('',#1003,.T.);
#1003 = EDGE_LOOP('',(#1004,#1014,#1022,#1030));
#1004 = ORIENTED_EDGE('',*,*,#1005,.F.);
#1005 = EDGE_CURVE('',#1006,#1008,#1010,.T.);
#1006 = VERTEX_POINT('',#1007);
#1007 = CARTESIAN_POINT('',(-7.25,11.1,0.5));
#1008 = VERTEX_POINT('',#1009);
#1009 = CARTESIAN_POINT('',(-7.25,11.1,-0.375));
#1010 = LINE('',#1011,#1012);
#1011 = CARTESIAN_POINT('',(-7.25,11.1,0.25));
#1012 = VECTOR('',#1013,1.);
#1013 = DIRECTION('',(0.,0.,-1.));
#1014 = ORIENTED_EDGE('',*,*,#1015,.T.);
#1015 = EDGE_CURVE('',#1006,#1016,#1018,.T.);
#1016 = VERTEX_POINT('',#1017);
#1017 = CARTESIAN_POINT('',(-7.25,11.,0.5));
#1018 = LINE('',#1019,#1020);
#1019 = CARTESIAN_POINT('',(-7.25,11.1,0.5));
#1020 = VECTOR('',#1021,1.);
#1021 = DIRECTION('',(0.,-1.,0.));
#1022 = ORIENTED_EDGE('',*,*,#1023,.T.);
#1023 = EDGE_CURVE('',#1016,#1024,#1026,.T.);
#1024 = VERTEX_POINT('',#1025);
#1025 = CARTESIAN_POINT('',(-7.25,11.,-0.375));
#1026 = LINE('',#1027,#1028);
#1027 = CARTESIAN_POINT('',(-7.25,11.,0.5));
#1028 = VECTOR('',#1029,1.);
#1029 = DIRECTION('',(0.,0.,-1.));
#1030 = ORIENTED_EDGE('',*,*,#1031,.F.);
#1031 = EDGE_CURVE('',#1008,#1024,#1032,.T.);
#1032 = LINE('',#1033,#1034);
#1033 = CARTESIAN_POINT('',(-7.25,11.1,-0.375));
#1034 = VECTOR('',#1035,1.);
#1035 = DIRECTION('',(0.,-1.,0.));
#1036 = PLANE('',#1037);
#1037 = AXIS2_PLACEMENT_3D('',#1038,#1039,#1040);
#1038 = CARTESIAN_POINT('',(-7.25,11.1,0.5));
#1039 = DIRECTION('',(-1.,0.,0.));
#1040 = DIRECTION('',(0.,0.,-1.));
#1041 = ADVANCED_FACE('',(#1042),#1067,.F.);
#1042 = FACE_BOUND('',#1043,.T.);
#1043 = EDGE_LOOP('',(#1044,#1052,#1060,#1066));
#1044 = ORIENTED_EDGE('',*,*,#1045,.F.);
#1045 = EDGE_CURVE('',#1046,#1006,#1048,.T.);
#1046 = VERTEX_POINT('',#1047);
#1047 = CARTESIAN_POINT('',(-5.875,11.1,0.5));
#1048 = LINE('',#1049,#1050);
#1049 = CARTESIAN_POINT('',(-8.3875,11.1,0.5));
#1050 = VECTOR('',#1051,1.);
#1051 = DIRECTION('',(-1.,1.018553233601E-16,5.046468293751E-17));
#1052 = ORIENTED_EDGE('',*,*,#1053,.T.);
#1053 = EDGE_CURVE('',#1046,#1054,#1056,.T.);
#1054 = VERTEX_POINT('',#1055);
#1055 = CARTESIAN_POINT('',(-5.875,11.,0.5));
#1056 = LINE('',#1057,#1058);
#1057 = CARTESIAN_POINT('',(-5.875,11.1,0.5));
#1058 = VECTOR('',#1059,1.);
#1059 = DIRECTION('',(0.,-1.,0.));
#1060 = ORIENTED_EDGE('',*,*,#1061,.T.);
#1061 = EDGE_CURVE('',#1054,#1016,#1062,.T.);
#1062 = LINE('',#1063,#1064);
#1063 = CARTESIAN_POINT('',(-5.875,11.,0.5));
#1064 = VECTOR('',#1065,1.);
#1065 = DIRECTION('',(-1.,1.018553233601E-16,5.046468293751E-17));
#1066 = ORIENTED_EDGE('',*,*,#1015,.F.);
#1067 = PLANE('',#1068);
#1068 = AXIS2_PLACEMENT_3D('',#1069,#1070,#1071);
#1069 = CARTESIAN_POINT('',(-5.875,11.1,0.5));
#1070 = DIRECTION('',(5.046468293751E-17,0.,1.));
#1071 = DIRECTION('',(-1.,1.7763568394E-16,5.046468293751E-17));
#1072 = ADVANCED_FACE('',(#1073),#1100,.F.);
#1073 = FACE_BOUND('',#1074,.F.);
#1074 = EDGE_LOOP('',(#1075,#1076,#1085,#1093));
#1075 = ORIENTED_EDGE('',*,*,#1053,.T.);
#1076 = ORIENTED_EDGE('',*,*,#1077,.F.);
#1077 = EDGE_CURVE('',#1078,#1054,#1080,.T.);
#1078 = VERTEX_POINT('',#1079);
#1079 = CARTESIAN_POINT('',(-5.75,11.,0.375));
#1080 = CIRCLE('',#1081,0.125);
#1081 = AXIS2_PLACEMENT_3D('',#1082,#1083,#1084);
#1082 = CARTESIAN_POINT('',(-5.875,11.,0.375));
#1083 = DIRECTION('',(-1.018553233601E-16,-1.,-0.));
#1084 = DIRECTION('',(0.,0.,-1.));
#1085 = ORIENTED_EDGE('',*,*,#1086,.F.);
#1086 = EDGE_CURVE('',#1087,#1078,#1089,.T.);
#1087 = VERTEX_POINT('',#1088);
#1088 = CARTESIAN_POINT('',(-5.75,11.1,0.375));
#1089 = LINE('',#1090,#1091);
#1090 = CARTESIAN_POINT('',(-5.75,11.1,0.375));
#1091 = VECTOR('',#1092,1.);
#1092 = DIRECTION('',(0.,-1.,0.));
#1093 = ORIENTED_EDGE('',*,*,#1094,.T.);
#1094 = EDGE_CURVE('',#1087,#1046,#1095,.T.);
#1095 = CIRCLE('',#1096,0.125);
#1096 = AXIS2_PLACEMENT_3D('',#1097,#1098,#1099);
#1097 = CARTESIAN_POINT('',(-5.875,11.1,0.375));
#1098 = DIRECTION('',(-1.018553233601E-16,-1.,-0.));
#1099 = DIRECTION('',(0.,0.,-1.));
#1100 = CYLINDRICAL_SURFACE('',#1101,0.125);
#1101 = AXIS2_PLACEMENT_3D('',#1102,#1103,#1104);
#1102 = CARTESIAN_POINT('',(-5.875,11.1,0.375));
#1103 = DIRECTION('',(0.,-1.,0.));
#1104 = DIRECTION('',(0.,0.,-1.));
#1105 = ADVANCED_FACE('',(#1106),#1131,.F.);
#1106 = FACE_BOUND('',#1107,.T.);
#1107 = EDGE_LOOP('',(#1108,#1116,#1124,#1130));
#1108 = ORIENTED_EDGE('',*,*,#1109,.F.);
#1109 = EDGE_CURVE('',#1110,#1087,#1112,.T.);
#1110 = VERTEX_POINT('',#1111);
#1111 = CARTESIAN_POINT('',(-5.75,11.1,-0.25));
#1112 = LINE('',#1113,#1114);
#1113 = CARTESIAN_POINT('',(-5.75,11.1,-0.125));
#1114 = VECTOR('',#1115,1.);
#1115 = DIRECTION('',(0.,0.,1.));
#1116 = ORIENTED_EDGE('',*,*,#1117,.T.);
#1117 = EDGE_CURVE('',#1110,#1118,#1120,.T.);
#1118 = VERTEX_POINT('',#1119);
#1119 = CARTESIAN_POINT('',(-5.75,11.,-0.25));
#1120 = LINE('',#1121,#1122);
#1121 = CARTESIAN_POINT('',(-5.75,11.1,-0.25));
#1122 = VECTOR('',#1123,1.);
#1123 = DIRECTION('',(0.,-1.,0.));
#1124 = ORIENTED_EDGE('',*,*,#1125,.T.);
#1125 = EDGE_CURVE('',#1118,#1078,#1126,.T.);
#1126 = LINE('',#1127,#1128);
#1127 = CARTESIAN_POINT('',(-5.75,11.,-0.25));
#1128 = VECTOR('',#1129,1.);
#1129 = DIRECTION('',(0.,0.,1.));
#1130 = ORIENTED_EDGE('',*,*,#1086,.F.);
#1131 = PLANE('',#1132);
#1132 = AXIS2_PLACEMENT_3D('',#1133,#1134,#1135);
#1133 = CARTESIAN_POINT('',(-5.75,11.1,-0.25));
#1134 = DIRECTION('',(1.,0.,0.));
#1135 = DIRECTION('',(0.,0.,1.));
#1136 = ADVANCED_FACE('',(#1137),#1164,.F.);
#1137 = FACE_BOUND('',#1138,.F.);
#1138 = EDGE_LOOP('',(#1139,#1140,#1149,#1157));
#1139 = ORIENTED_EDGE('',*,*,#1117,.T.);
#1140 = ORIENTED_EDGE('',*,*,#1141,.F.);
#1141 = EDGE_CURVE('',#1142,#1118,#1144,.T.);
#1142 = VERTEX_POINT('',#1143);
#1143 = CARTESIAN_POINT('',(-5.875,11.,-0.375));
#1144 = CIRCLE('',#1145,0.125);
#1145 = AXIS2_PLACEMENT_3D('',#1146,#1147,#1148);
#1146 = CARTESIAN_POINT('',(-5.875,11.,-0.25));
#1147 = DIRECTION('',(-1.018553233601E-16,-1.,-0.));
#1148 = DIRECTION('',(-1.,1.018553233601E-16,0.));
#1149 = ORIENTED_EDGE('',*,*,#1150,.F.);
#1150 = EDGE_CURVE('',#1151,#1142,#1153,.T.);
#1151 = VERTEX_POINT('',#1152);
#1152 = CARTESIAN_POINT('',(-5.875,11.1,-0.375));
#1153 = LINE('',#1154,#1155);
#1154 = CARTESIAN_POINT('',(-5.875,11.1,-0.375));
#1155 = VECTOR('',#1156,1.);
#1156 = DIRECTION('',(0.,-1.,0.));
#1157 = ORIENTED_EDGE('',*,*,#1158,.T.);
#1158 = EDGE_CURVE('',#1151,#1110,#1159,.T.);
#1159 = CIRCLE('',#1160,0.125);
#1160 = AXIS2_PLACEMENT_3D('',#1161,#1162,#1163);
#1161 = CARTESIAN_POINT('',(-5.875,11.1,-0.25));
#1162 = DIRECTION('',(-1.018553233601E-16,-1.,-0.));
#1163 = DIRECTION('',(-1.,1.018553233601E-16,0.));
#1164 = CYLINDRICAL_SURFACE('',#1165,0.125);
#1165 = AXIS2_PLACEMENT_3D('',#1166,#1167,#1168);
#1166 = CARTESIAN_POINT('',(-5.875,11.1,-0.25));
#1167 = DIRECTION('',(0.,-1.,0.));
#1168 = DIRECTION('',(-1.,0.,0.));
#1169 = ADVANCED_FACE('',(#1170),#1186,.F.);
#1170 = FACE_BOUND('',#1171,.T.);
#1171 = EDGE_LOOP('',(#1172,#1178,#1179,#1185));
#1172 = ORIENTED_EDGE('',*,*,#1173,.F.);
#1173 = EDGE_CURVE('',#1008,#1151,#1174,.T.);
#1174 = LINE('',#1175,#1176);
#1175 = CARTESIAN_POINT('',(-9.075,11.1,-0.375));
#1176 = VECTOR('',#1177,1.);
#1177 = DIRECTION('',(1.,-1.018553233601E-16,0.));
#1178 = ORIENTED_EDGE('',*,*,#1031,.T.);
#1179 = ORIENTED_EDGE('',*,*,#1180,.T.);
#1180 = EDGE_CURVE('',#1024,#1142,#1181,.T.);
#1181 = LINE('',#1182,#1183);
#1182 = CARTESIAN_POINT('',(-7.25,11.,-0.375));
#1183 = VECTOR('',#1184,1.);
#1184 = DIRECTION('',(1.,-1.018553233601E-16,0.));
#1185 = ORIENTED_EDGE('',*,*,#1150,.F.);
#1186 = PLANE('',#1187);
#1187 = AXIS2_PLACEMENT_3D('',#1188,#1189,#1190);
#1188 = CARTESIAN_POINT('',(-7.25,11.1,-0.375));
#1189 = DIRECTION('',(0.,0.,-1.));
#1190 = DIRECTION('',(1.,-1.7763568394E-16,0.));
#1191 = ADVANCED_FACE('',(#1192),#1200,.F.);
#1192 = FACE_BOUND('',#1193,.T.);
#1193 = EDGE_LOOP('',(#1194,#1195,#1196,#1197,#1198,#1199));
#1194 = ORIENTED_EDGE('',*,*,#1180,.F.);
#1195 = ORIENTED_EDGE('',*,*,#1023,.F.);
#1196 = ORIENTED_EDGE('',*,*,#1061,.F.);
#1197 = ORIENTED_EDGE('',*,*,#1077,.F.);
#1198 = ORIENTED_EDGE('',*,*,#1125,.F.);
#1199 = ORIENTED_EDGE('',*,*,#1141,.F.);
#1200 = PLANE('',#1201);
#1201 = AXIS2_PLACEMENT_3D('',#1202,#1203,#1204);
#1202 = CARTESIAN_POINT('',(-6.533415993169,11.,6.25E-02));
#1203 = DIRECTION('',(-7.401486830834E-17,-1.,0.));
#1204 = DIRECTION('',(-0.,0.,-1.));
#1205 = ADVANCED_FACE('',(#1206),#1242,.T.);
#1206 = FACE_BOUND('',#1207,.T.);
#1207 = EDGE_LOOP('',(#1208,#1219,#1227,#1236));
#1208 = ORIENTED_EDGE('',*,*,#1209,.F.);
#1209 = EDGE_CURVE('',#1210,#1212,#1214,.T.);
#1210 = VERTEX_POINT('',#1211);
#1211 = CARTESIAN_POINT('',(2.,11.1,1.25));
#1212 = VERTEX_POINT('',#1213);
#1213 = CARTESIAN_POINT('',(2.5,11.1,1.75));
#1214 = CIRCLE('',#1215,0.5);
#1215 = AXIS2_PLACEMENT_3D('',#1216,#1217,#1218);
#1216 = CARTESIAN_POINT('',(2.5,11.1,1.25));
#1217 = DIRECTION('',(1.018553233601E-16,1.,-0.));
#1218 = DIRECTION('',(-1.,1.018553233601E-16,0.));
#1219 = ORIENTED_EDGE('',*,*,#1220,.T.);
#1220 = EDGE_CURVE('',#1210,#1221,#1223,.T.);
#1221 = VERTEX_POINT('',#1222);
#1222 = CARTESIAN_POINT('',(2.,11.,1.25));
#1223 = LINE('',#1224,#1225);
#1224 = CARTESIAN_POINT('',(2.,11.1,1.25));
#1225 = VECTOR('',#1226,1.);
#1226 = DIRECTION('',(0.,-1.,0.));
#1227 = ORIENTED_EDGE('',*,*,#1228,.T.);
#1228 = EDGE_CURVE('',#1221,#1229,#1231,.T.);
#1229 = VERTEX_POINT('',#1230);
#1230 = CARTESIAN_POINT('',(2.5,11.,1.75));
#1231 = CIRCLE('',#1232,0.5);
#1232 = AXIS2_PLACEMENT_3D('',#1233,#1234,#1235);
#1233 = CARTESIAN_POINT('',(2.5,11.,1.25));
#1234 = DIRECTION('',(1.018553233601E-16,1.,-0.));
#1235 = DIRECTION('',(-1.,1.018553233601E-16,0.));
#1236 = ORIENTED_EDGE('',*,*,#1237,.F.);
#1237 = EDGE_CURVE('',#1212,#1229,#1238,.T.);
#1238 = LINE('',#1239,#1240);
#1239 = CARTESIAN_POINT('',(2.5,11.1,1.75));
#1240 = VECTOR('',#1241,1.);
#1241 = DIRECTION('',(0.,-1.,0.));
#1242 = CYLINDRICAL_SURFACE('',#1243,0.5);
#1243 = AXIS2_PLACEMENT_3D('',#1244,#1245,#1246);
#1244 = CARTESIAN_POINT('',(2.5,11.1,1.25));
#1245 = DIRECTION('',(0.,-1.,0.));
#1246 = DIRECTION('',(-1.,0.,0.));
#1247 = ADVANCED_FACE('',(#1248),#1273,.T.);
#1248 = FACE_BOUND('',#1249,.T.);
#1249 = EDGE_LOOP('',(#1250,#1258,#1259,#1267));
#1250 = ORIENTED_EDGE('',*,*,#1251,.F.);
#1251 = EDGE_CURVE('',#1212,#1252,#1254,.T.);
#1252 = VERTEX_POINT('',#1253);
#1253 = CARTESIAN_POINT('',(4.,11.1,1.75));
#1254 = LINE('',#1255,#1256);
#1255 = CARTESIAN_POINT('',(-3.45,11.1,1.75));
#1256 = VECTOR('',#1257,1.);
#1257 = DIRECTION('',(1.,-1.018553233601E-16,0.));
#1258 = ORIENTED_EDGE('',*,*,#1237,.T.);
#1259 = ORIENTED_EDGE('',*,*,#1260,.T.);
#1260 = EDGE_CURVE('',#1229,#1261,#1263,.T.);
#1261 = VERTEX_POINT('',#1262);
#1262 = CARTESIAN_POINT('',(4.,11.,1.75));
#1263 = LINE('',#1264,#1265);
#1264 = CARTESIAN_POINT('',(2.,11.,1.75));
#1265 = VECTOR('',#1266,1.);
#1266 = DIRECTION('',(1.,-1.018553233601E-16,0.));
#1267 = ORIENTED_EDGE('',*,*,#1268,.F.);
#1268 = EDGE_CURVE('',#1252,#1261,#1269,.T.);
#1269 = LINE('',#1270,#1271);
#1270 = CARTESIAN_POINT('',(4.,11.1,1.75));
#1271 = VECTOR('',#1272,1.);
#1272 = DIRECTION('',(0.,-1.,0.));
#1273 = PLANE('',#1274);
#1274 = AXIS2_PLACEMENT_3D('',#1275,#1276,#1277);
#1275 = CARTESIAN_POINT('',(4.,11.1,1.75));
#1276 = DIRECTION('',(0.,0.,1.));
#1277 = DIRECTION('',(-1.,1.7763568394E-16,0.));
#1278 = ADVANCED_FACE('',(#1279),#1306,.T.);
#1279 = FACE_BOUND('',#1280,.T.);
#1280 = EDGE_LOOP('',(#1281,#1290,#1291,#1300));
#1281 = ORIENTED_EDGE('',*,*,#1282,.F.);
#1282 = EDGE_CURVE('',#1252,#1283,#1285,.T.);
#1283 = VERTEX_POINT('',#1284);
#1284 = CARTESIAN_POINT('',(4.5,11.1,1.25));
#1285 = CIRCLE('',#1286,0.5);
#1286 = AXIS2_PLACEMENT_3D('',#1287,#1288,#1289);
#1287 = CARTESIAN_POINT('',(4.,11.1,1.25));
#1288 = DIRECTION('',(1.018553233601E-16,1.,-0.));
#1289 = DIRECTION('',(0.,0.,1.));
#1290 = ORIENTED_EDGE('',*,*,#1268,.T.);
#1291 = ORIENTED_EDGE('',*,*,#1292,.T.);
#1292 = EDGE_CURVE('',#1261,#1293,#1295,.T.);
#1293 = VERTEX_POINT('',#1294);
#1294 = CARTESIAN_POINT('',(4.5,11.,1.25));
#1295 = CIRCLE('',#1296,0.5);
#1296 = AXIS2_PLACEMENT_3D('',#1297,#1298,#1299);
#1297 = CARTESIAN_POINT('',(4.,11.,1.25));
#1298 = DIRECTION('',(1.018553233601E-16,1.,-0.));
#1299 = DIRECTION('',(0.,0.,1.));
#1300 = ORIENTED_EDGE('',*,*,#1301,.F.);
#1301 = EDGE_CURVE('',#1283,#1293,#1302,.T.);
#1302 = LINE('',#1303,#1304);
#1303 = CARTESIAN_POINT('',(4.5,11.1,1.25));
#1304 = VECTOR('',#1305,1.);
#1305 = DIRECTION('',(0.,-1.,0.));
#1306 = CYLINDRICAL_SURFACE('',#1307,0.5);
#1307 = AXIS2_PLACEMENT_3D('',#1308,#1309,#1310);
#1308 = CARTESIAN_POINT('',(4.,11.1,1.25));
#1309 = DIRECTION('',(0.,-1.,0.));
#1310 = DIRECTION('',(0.,0.,1.));
#1311 = ADVANCED_FACE('',(#1312),#1337,.T.);
#1312 = FACE_BOUND('',#1313,.T.);
#1313 = EDGE_LOOP('',(#1314,#1322,#1323,#1331));
#1314 = ORIENTED_EDGE('',*,*,#1315,.F.);
#1315 = EDGE_CURVE('',#1283,#1316,#1318,.T.);
#1316 = VERTEX_POINT('',#1317);
#1317 = CARTESIAN_POINT('',(4.5,11.1,-0.25));
#1318 = LINE('',#1319,#1320);
#1319 = CARTESIAN_POINT('',(4.5,11.1,-0.125));
#1320 = VECTOR('',#1321,1.);
#1321 = DIRECTION('',(0.,0.,-1.));
#1322 = ORIENTED_EDGE('',*,*,#1301,.T.);
#1323 = ORIENTED_EDGE('',*,*,#1324,.T.);
#1324 = EDGE_CURVE('',#1293,#1325,#1327,.T.);
#1325 = VERTEX_POINT('',#1326);
#1326 = CARTESIAN_POINT('',(4.5,11.,-0.25));
#1327 = LINE('',#1328,#1329);
#1328 = CARTESIAN_POINT('',(4.5,11.,-0.125));
#1329 = VECTOR('',#1330,1.);
#1330 = DIRECTION('',(0.,0.,-1.));
#1331 = ORIENTED_EDGE('',*,*,#1332,.F.);
#1332 = EDGE_CURVE('',#1316,#1325,#1333,.T.);
#1333 = LINE('',#1334,#1335);
#1334 = CARTESIAN_POINT('',(4.5,11.1,-0.25));
#1335 = VECTOR('',#1336,1.);
#1336 = DIRECTION('',(0.,-1.,0.));
#1337 = PLANE('',#1338);
#1338 = AXIS2_PLACEMENT_3D('',#1339,#1340,#1341);
#1339 = CARTESIAN_POINT('',(4.5,11.1,-0.25));
#1340 = DIRECTION('',(1.,0.,0.));
#1341 = DIRECTION('',(0.,0.,1.));
#1342 = ADVANCED_FACE('',(#1343),#1370,.T.);
#1343 = FACE_BOUND('',#1344,.T.);
#1344 = EDGE_LOOP('',(#1345,#1354,#1355,#1364));
#1345 = ORIENTED_EDGE('',*,*,#1346,.F.);
#1346 = EDGE_CURVE('',#1316,#1347,#1349,.T.);
#1347 = VERTEX_POINT('',#1348);
#1348 = CARTESIAN_POINT('',(4.,11.1,-0.75));
#1349 = CIRCLE('',#1350,0.5);
#1350 = AXIS2_PLACEMENT_3D('',#1351,#1352,#1353);
#1351 = CARTESIAN_POINT('',(4.,11.1,-0.25));
#1352 = DIRECTION('',(1.018553233601E-16,1.,0.));
#1353 = DIRECTION('',(1.,-1.018553233601E-16,0.));
#1354 = ORIENTED_EDGE('',*,*,#1332,.T.);
#1355 = ORIENTED_EDGE('',*,*,#1356,.T.);
#1356 = EDGE_CURVE('',#1325,#1357,#1359,.T.);
#1357 = VERTEX_POINT('',#1358);
#1358 = CARTESIAN_POINT('',(4.,11.,-0.75));
#1359 = CIRCLE('',#1360,0.5);
#1360 = AXIS2_PLACEMENT_3D('',#1361,#1362,#1363);
#1361 = CARTESIAN_POINT('',(4.,11.,-0.25));
#1362 = DIRECTION('',(1.018553233601E-16,1.,0.));
#1363 = DIRECTION('',(1.,-1.018553233601E-16,0.));
#1364 = ORIENTED_EDGE('',*,*,#1365,.F.);
#1365 = EDGE_CURVE('',#1347,#1357,#1366,.T.);
#1366 = LINE('',#1367,#1368);
#1367 = CARTESIAN_POINT('',(4.,11.1,-0.75));
#1368 = VECTOR('',#1369,1.);
#1369 = DIRECTION('',(0.,-1.,0.));
#1370 = CYLINDRICAL_SURFACE('',#1371,0.5);
#1371 = AXIS2_PLACEMENT_3D('',#1372,#1373,#1374);
#1372 = CARTESIAN_POINT('',(4.,11.1,-0.25));
#1373 = DIRECTION('',(0.,-1.,0.));
#1374 = DIRECTION('',(1.,0.,0.));
#1375 = ADVANCED_FACE('',(#1376),#1401,.T.);
#1376 = FACE_BOUND('',#1377,.T.);
#1377 = EDGE_LOOP('',(#1378,#1386,#1387,#1395));
#1378 = ORIENTED_EDGE('',*,*,#1379,.F.);
#1379 = EDGE_CURVE('',#1347,#1380,#1382,.T.);
#1380 = VERTEX_POINT('',#1381);
#1381 = CARTESIAN_POINT('',(2.5,11.1,-0.75));
#1382 = LINE('',#1383,#1384);
#1383 = CARTESIAN_POINT('',(-4.2,11.1,-0.75));
#1384 = VECTOR('',#1385,1.);
#1385 = DIRECTION('',(-1.,1.018553233601E-16,0.));
#1386 = ORIENTED_EDGE('',*,*,#1365,.T.);
#1387 = ORIENTED_EDGE('',*,*,#1388,.T.);
#1388 = EDGE_CURVE('',#1357,#1389,#1391,.T.);
#1389 = VERTEX_POINT('',#1390);
#1390 = CARTESIAN_POINT('',(2.5,11.,-0.75));
#1391 = LINE('',#1392,#1393);
#1392 = CARTESIAN_POINT('',(1.25,11.,-0.75));
#1393 = VECTOR('',#1394,1.);
#1394 = DIRECTION('',(-1.,1.018553233601E-16,0.));
#1395 = ORIENTED_EDGE('',*,*,#1396,.F.);
#1396 = EDGE_CURVE('',#1380,#1389,#1397,.T.);
#1397 = LINE('',#1398,#1399);
#1398 = CARTESIAN_POINT('',(2.5,11.1,-0.75));
#1399 = VECTOR('',#1400,1.);
#1400 = DIRECTION('',(0.,-1.,0.));
#1401 = PLANE('',#1402);
#1402 = AXIS2_PLACEMENT_3D('',#1403,#1404,#1405);
#1403 = CARTESIAN_POINT('',(2.5,11.1,-0.75));
#1404 = DIRECTION('',(0.,0.,-1.));
#1405 = DIRECTION('',(1.,-1.7763568394E-16,0.));
#1406 = ADVANCED_FACE('',(#1407),#1434,.T.);
#1407 = FACE_BOUND('',#1408,.T.);
#1408 = EDGE_LOOP('',(#1409,#1418,#1419,#1428));
#1409 = ORIENTED_EDGE('',*,*,#1410,.F.);
#1410 = EDGE_CURVE('',#1380,#1411,#1413,.T.);
#1411 = VERTEX_POINT('',#1412);
#1412 = CARTESIAN_POINT('',(2.,11.1,-0.25));
#1413 = CIRCLE('',#1414,0.5);
#1414 = AXIS2_PLACEMENT_3D('',#1415,#1416,#1417);
#1415 = CARTESIAN_POINT('',(2.5,11.1,-0.25));
#1416 = DIRECTION('',(1.018553233601E-16,1.,0.));
#1417 = DIRECTION('',(0.,0.,-1.));
#1418 = ORIENTED_EDGE('',*,*,#1396,.T.);
#1419 = ORIENTED_EDGE('',*,*,#1420,.T.);
#1420 = EDGE_CURVE('',#1389,#1421,#1423,.T.);
#1421 = VERTEX_POINT('',#1422);
#1422 = CARTESIAN_POINT('',(2.,11.,-0.25));
#1423 = CIRCLE('',#1424,0.5);
#1424 = AXIS2_PLACEMENT_3D('',#1425,#1426,#1427);
#1425 = CARTESIAN_POINT('',(2.5,11.,-0.25));
#1426 = DIRECTION('',(1.018553233601E-16,1.,0.));
#1427 = DIRECTION('',(0.,0.,-1.));
#1428 = ORIENTED_EDGE('',*,*,#1429,.F.);
#1429 = EDGE_CURVE('',#1411,#1421,#1430,.T.);
#1430 = LINE('',#1431,#1432);
#1431 = CARTESIAN_POINT('',(2.,11.1,-0.25));
#1432 = VECTOR('',#1433,1.);
#1433 = DIRECTION('',(0.,-1.,0.));
#1434 = CYLINDRICAL_SURFACE('',#1435,0.5);
#1435 = AXIS2_PLACEMENT_3D('',#1436,#1437,#1438);
#1436 = CARTESIAN_POINT('',(2.5,11.1,-0.25));
#1437 = DIRECTION('',(0.,-1.,0.));
#1438 = DIRECTION('',(0.,0.,-1.));
#1439 = ADVANCED_FACE('',(#1440),#1456,.T.);
#1440 = FACE_BOUND('',#1441,.T.);
#1441 = EDGE_LOOP('',(#1442,#1448,#1449,#1455));
#1442 = ORIENTED_EDGE('',*,*,#1443,.F.);
#1443 = EDGE_CURVE('',#1411,#1210,#1444,.T.);
#1444 = LINE('',#1445,#1446);
#1445 = CARTESIAN_POINT('',(2.,11.1,0.625));
#1446 = VECTOR('',#1447,1.);
#1447 = DIRECTION('',(0.,0.,1.));
#1448 = ORIENTED_EDGE('',*,*,#1429,.T.);
#1449 = ORIENTED_EDGE('',*,*,#1450,.T.);
#1450 = EDGE_CURVE('',#1421,#1221,#1451,.T.);
#1451 = LINE('',#1452,#1453);
#1452 = CARTESIAN_POINT('',(2.,11.,0.625));
#1453 = VECTOR('',#1454,1.);
#1454 = DIRECTION('',(0.,0.,1.));
#1455 = ORIENTED_EDGE('',*,*,#1220,.F.);
#1456 = PLANE('',#1457);
#1457 = AXIS2_PLACEMENT_3D('',#1458,#1459,#1460);
#1458 = CARTESIAN_POINT('',(2.,11.1,1.25));
#1459 = DIRECTION('',(-1.,0.,0.));
#1460 = DIRECTION('',(0.,0.,-1.));
#1461 = ADVANCED_FACE('',(#1462),#1496,.T.);
#1462 = FACE_BOUND('',#1463,.T.);
#1463 = EDGE_LOOP('',(#1464,#1474,#1482,#1490));
#1464 = ORIENTED_EDGE('',*,*,#1465,.F.);
#1465 = EDGE_CURVE('',#1466,#1468,#1470,.T.);
#1466 = VERTEX_POINT('',#1467);
#1467 = CARTESIAN_POINT('',(-7.75,11.1,1.75));
#1468 = VERTEX_POINT('',#1469);
#1469 = CARTESIAN_POINT('',(-7.25,11.1,1.75));
#1470 = LINE('',#1471,#1472);
#1471 = CARTESIAN_POINT('',(-9.075,11.1,1.75));
#1472 = VECTOR('',#1473,1.);
#1473 = DIRECTION('',(1.,-1.018553233601E-16,-5.551115123126E-16));
#1474 = ORIENTED_EDGE('',*,*,#1475,.T.);
#1475 = EDGE_CURVE('',#1466,#1476,#1478,.T.);
#1476 = VERTEX_POINT('',#1477);
#1477 = CARTESIAN_POINT('',(-7.75,11.,1.75));
#1478 = LINE('',#1479,#1480);
#1479 = CARTESIAN_POINT('',(-7.75,11.1,1.75));
#1480 = VECTOR('',#1481,1.);
#1481 = DIRECTION('',(0.,-1.,0.));
#1482 = ORIENTED_EDGE('',*,*,#1483,.T.);
#1483 = EDGE_CURVE('',#1476,#1484,#1486,.T.);
#1484 = VERTEX_POINT('',#1485);
#1485 = CARTESIAN_POINT('',(-7.25,11.,1.75));
#1486 = LINE('',#1487,#1488);
#1487 = CARTESIAN_POINT('',(-3.625,11.,1.75));
#1488 = VECTOR('',#1489,1.);
#1489 = DIRECTION('',(1.,-1.018553233601E-16,-5.551115123126E-16));
#1490 = ORIENTED_EDGE('',*,*,#1491,.F.);
#1491 = EDGE_CURVE('',#1468,#1484,#1492,.T.);
#1492 = LINE('',#1493,#1494);
#1493 = CARTESIAN_POINT('',(-7.25,11.1,1.75));
#1494 = VECTOR('',#1495,1.);
#1495 = DIRECTION('',(0.,-1.,0.));
#1496 = PLANE('',#1497);
#1497 = AXIS2_PLACEMENT_3D('',#1498,#1499,#1500);
#1498 = CARTESIAN_POINT('',(-7.25,11.1,1.75));
#1499 = DIRECTION('',(5.551115123126E-16,0.,1.));
#1500 = DIRECTION('',(-1.,1.7763568394E-16,5.551115123126E-16));
#1501 = ADVANCED_FACE('',(#1502),#1527,.T.);
#1502 = FACE_BOUND('',#1503,.T.);
#1503 = EDGE_LOOP('',(#1504,#1512,#1513,#1521));
#1504 = ORIENTED_EDGE('',*,*,#1505,.F.);
#1505 = EDGE_CURVE('',#1468,#1506,#1508,.T.);
#1506 = VERTEX_POINT('',#1507);
#1507 = CARTESIAN_POINT('',(-7.25,11.1,0.875));
#1508 = LINE('',#1509,#1510);
#1509 = CARTESIAN_POINT('',(-7.25,11.1,0.4375));
#1510 = VECTOR('',#1511,1.);
#1511 = DIRECTION('',(0.,0.,-1.));
#1512 = ORIENTED_EDGE('',*,*,#1491,.T.);
#1513 = ORIENTED_EDGE('',*,*,#1514,.T.);
#1514 = EDGE_CURVE('',#1484,#1515,#1517,.T.);
#1515 = VERTEX_POINT('',#1516);
#1516 = CARTESIAN_POINT('',(-7.25,11.,0.875));
#1517 = LINE('',#1518,#1519);
#1518 = CARTESIAN_POINT('',(-7.25,11.,0.4375));
#1519 = VECTOR('',#1520,1.);
#1520 = DIRECTION('',(0.,0.,-1.));
#1521 = ORIENTED_EDGE('',*,*,#1522,.F.);
#1522 = EDGE_CURVE('',#1506,#1515,#1523,.T.);
#1523 = LINE('',#1524,#1525);
#1524 = CARTESIAN_POINT('',(-7.25,11.1,0.875));
#1525 = VECTOR('',#1526,1.);
#1526 = DIRECTION('',(0.,-1.,0.));
#1527 = PLANE('',#1528);
#1528 = AXIS2_PLACEMENT_3D('',#1529,#1530,#1531);
#1529 = CARTESIAN_POINT('',(-7.25,11.1,0.875));
#1530 = DIRECTION('',(1.,0.,0.));
#1531 = DIRECTION('',(0.,0.,1.));
#1532 = ADVANCED_FACE('',(#1533),#1558,.T.);
#1533 = FACE_BOUND('',#1534,.T.);
#1534 = EDGE_LOOP('',(#1535,#1543,#1544,#1552));
#1535 = ORIENTED_EDGE('',*,*,#1536,.F.);
#1536 = EDGE_CURVE('',#1506,#1537,#1539,.T.);
#1537 = VERTEX_POINT('',#1538);
#1538 = CARTESIAN_POINT('',(-6.75,11.1,0.875));
#1539 = LINE('',#1540,#1541);
#1540 = CARTESIAN_POINT('',(-8.825,11.1,0.875));
#1541 = VECTOR('',#1542,1.);
#1542 = DIRECTION('',(1.,-1.018553233601E-16,0.));
#1543 = ORIENTED_EDGE('',*,*,#1522,.T.);
#1544 = ORIENTED_EDGE('',*,*,#1545,.T.);
#1545 = EDGE_CURVE('',#1515,#1546,#1548,.T.);
#1546 = VERTEX_POINT('',#1547);
#1547 = CARTESIAN_POINT('',(-6.75,11.,0.875));
#1548 = LINE('',#1549,#1550);
#1549 = CARTESIAN_POINT('',(-3.375,11.,0.875));
#1550 = VECTOR('',#1551,1.);
#1551 = DIRECTION('',(1.,-1.018553233601E-16,0.));
#1552 = ORIENTED_EDGE('',*,*,#1553,.F.);
#1553 = EDGE_CURVE('',#1537,#1546,#1554,.T.);
#1554 = LINE('',#1555,#1556);
#1555 = CARTESIAN_POINT('',(-6.75,11.1,0.875));
#1556 = VECTOR('',#1557,1.);
#1557 = DIRECTION('',(0.,-1.,0.));
#1558 = PLANE('',#1559);
#1559 = AXIS2_PLACEMENT_3D('',#1560,#1561,#1562);
#1560 = CARTESIAN_POINT('',(-6.75,11.1,0.875));
#1561 = DIRECTION('',(0.,0.,1.));
#1562 = DIRECTION('',(-1.,1.7763568394E-16,0.));
#1563 = ADVANCED_FACE('',(#1564),#1589,.T.);
#1564 = FACE_BOUND('',#1565,.T.);
#1565 = EDGE_LOOP('',(#1566,#1574,#1575,#1583));
#1566 = ORIENTED_EDGE('',*,*,#1567,.F.);
#1567 = EDGE_CURVE('',#1537,#1568,#1570,.T.);
#1568 = VERTEX_POINT('',#1569);
#1569 = CARTESIAN_POINT('',(-5.875,11.1,1.75));
#1570 = LINE('',#1571,#1572);
#1571 = CARTESIAN_POINT('',(-7.56875,11.1,5.625E-02));
#1572 = VECTOR('',#1573,1.);
#1573 = DIRECTION('',(0.707106781187,-7.202258984783E-17,0.707106781187)
  );
#1574 = ORIENTED_EDGE('',*,*,#1553,.T.);
#1575 = ORIENTED_EDGE('',*,*,#1576,.T.);
#1576 = EDGE_CURVE('',#1546,#1577,#1579,.T.);
#1577 = VERTEX_POINT('',#1578);
#1578 = CARTESIAN_POINT('',(-5.875,11.,1.75));
#1579 = LINE('',#1580,#1581);
#1580 = CARTESIAN_POINT('',(-4.84375,11.,2.78125));
#1581 = VECTOR('',#1582,1.);
#1582 = DIRECTION('',(0.707106781187,-7.202258984783E-17,0.707106781187)
  );
#1583 = ORIENTED_EDGE('',*,*,#1584,.F.);
#1584 = EDGE_CURVE('',#1568,#1577,#1585,.T.);
#1585 = LINE('',#1586,#1587);
#1586 = CARTESIAN_POINT('',(-5.875,11.1,1.75));
#1587 = VECTOR('',#1588,1.);
#1588 = DIRECTION('',(0.,-1.,0.));
#1589 = PLANE('',#1590);
#1590 = AXIS2_PLACEMENT_3D('',#1591,#1592,#1593);
#1591 = CARTESIAN_POINT('',(-5.875,11.1,1.75));
#1592 = DIRECTION('',(-0.707106781187,0.,0.707106781187));
#1593 = DIRECTION('',(-0.707106781187,0.,-0.707106781187));
#1594 = ADVANCED_FACE('',(#1595),#1620,.T.);
#1595 = FACE_BOUND('',#1596,.T.);
#1596 = EDGE_LOOP('',(#1597,#1605,#1606,#1614));
#1597 = ORIENTED_EDGE('',*,*,#1598,.F.);
#1598 = EDGE_CURVE('',#1568,#1599,#1601,.T.);
#1599 = VERTEX_POINT('',#1600);
#1600 = CARTESIAN_POINT('',(-5.125,11.1,1.75));
#1601 = LINE('',#1602,#1603);
#1602 = CARTESIAN_POINT('',(-8.0125,11.1,1.75));
#1603 = VECTOR('',#1604,1.);
#1604 = DIRECTION('',(1.,-1.018553233601E-16,3.700743415417E-16));
#1605 = ORIENTED_EDGE('',*,*,#1584,.T.);
#1606 = ORIENTED_EDGE('',*,*,#1607,.T.);
#1607 = EDGE_CURVE('',#1577,#1608,#1610,.T.);
#1608 = VERTEX_POINT('',#1609);
#1609 = CARTESIAN_POINT('',(-5.125,11.,1.75));
#1610 = LINE('',#1611,#1612);
#1611 = CARTESIAN_POINT('',(-2.5625,11.,1.75));
#1612 = VECTOR('',#1613,1.);
#1613 = DIRECTION('',(1.,-1.018553233601E-16,3.700743415417E-16));
#1614 = ORIENTED_EDGE('',*,*,#1615,.F.);
#1615 = EDGE_CURVE('',#1599,#1608,#1616,.T.);
#1616 = LINE('',#1617,#1618);
#1617 = CARTESIAN_POINT('',(-5.125,11.1,1.75));
#1618 = VECTOR('',#1619,1.);
#1619 = DIRECTION('',(0.,-1.,0.));
#1620 = PLANE('',#1621);
#1621 = AXIS2_PLACEMENT_3D('',#1622,#1623,#1624);
#1622 = CARTESIAN_POINT('',(-5.125,11.1,1.75));
#1623 = DIRECTION('',(-3.700743415417E-16,0.,1.));
#1624 = DIRECTION('',(-1.,1.7763568394E-16,-3.700743415417E-16));
#1625 = ADVANCED_FACE('',(#1626),#1651,.T.);
#1626 = FACE_BOUND('',#1627,.T.);
#1627 = EDGE_LOOP('',(#1628,#1636,#1637,#1645));
#1628 = ORIENTED_EDGE('',*,*,#1629,.F.);
#1629 = EDGE_CURVE('',#1599,#1630,#1632,.T.);
#1630 = VERTEX_POINT('',#1631);
#1631 = CARTESIAN_POINT('',(-6.16778439352,11.1,0.875));
#1632 = LINE('',#1633,#1634);
#1633 = CARTESIAN_POINT('',(-7.771700145209,11.1,-0.470845115682));
#1634 = VECTOR('',#1635,1.);
#1635 = DIRECTION('',(-0.766044443119,7.802570446208E-17,-0.642787609687
    ));
#1636 = ORIENTED_EDGE('',*,*,#1615,.T.);
#1637 = ORIENTED_EDGE('',*,*,#1638,.T.);
#1638 = EDGE_CURVE('',#1608,#1639,#1641,.T.);
#1639 = VERTEX_POINT('',#1640);
#1640 = CARTESIAN_POINT('',(-6.16778439352,11.,0.875));
#1641 = LINE('',#1642,#1643);
#1642 = CARTESIAN_POINT('',(-4.573508861067,11.,2.212756011276));
#1643 = VECTOR('',#1644,1.);
#1644 = DIRECTION('',(-0.766044443119,7.802570446208E-17,-0.642787609687
    ));
#1645 = ORIENTED_EDGE('',*,*,#1646,.F.);
#1646 = EDGE_CURVE('',#1630,#1639,#1647,.T.);
#1647 = LINE('',#1648,#1649);
#1648 = CARTESIAN_POINT('',(-6.16778439352,11.1,0.875));
#1649 = VECTOR('',#1650,1.);
#1650 = DIRECTION('',(0.,-1.,0.));
#1651 = PLANE('',#1652);
#1652 = AXIS2_PLACEMENT_3D('',#1653,#1654,#1655);
#1653 = CARTESIAN_POINT('',(-6.16778439352,11.1,0.875));
#1654 = DIRECTION('',(0.642787609687,0.,-0.766044443119));
#1655 = DIRECTION('',(0.766044443119,0.,0.642787609687));
#1656 = ADVANCED_FACE('',(#1657),#1682,.T.);
#1657 = FACE_BOUND('',#1658,.T.);
#1658 = EDGE_LOOP('',(#1659,#1667,#1668,#1676));
#1659 = ORIENTED_EDGE('',*,*,#1660,.F.);
#1660 = EDGE_CURVE('',#1630,#1661,#1663,.T.);
#1661 = VERTEX_POINT('',#1662);
#1662 = CARTESIAN_POINT('',(-5.75,11.1,0.875));
#1663 = LINE('',#1664,#1665);
#1664 = CARTESIAN_POINT('',(-8.325,11.1,0.875));
#1665 = VECTOR('',#1666,1.);
#1666 = DIRECTION('',(1.,-1.018553233601E-16,0.));
#1667 = ORIENTED_EDGE('',*,*,#1646,.T.);
#1668 = ORIENTED_EDGE('',*,*,#1669,.T.);
#1669 = EDGE_CURVE('',#1639,#1670,#1672,.T.);
#1670 = VERTEX_POINT('',#1671);
#1671 = CARTESIAN_POINT('',(-5.75,11.,0.875));
#1672 = LINE('',#1673,#1674);
#1673 = CARTESIAN_POINT('',(-2.875,11.,0.875));
#1674 = VECTOR('',#1675,1.);
#1675 = DIRECTION('',(1.,-1.018553233601E-16,0.));
#1676 = ORIENTED_EDGE('',*,*,#1677,.F.);
#1677 = EDGE_CURVE('',#1661,#1670,#1678,.T.);
#1678 = LINE('',#1679,#1680);
#1679 = CARTESIAN_POINT('',(-5.75,11.1,0.875));
#1680 = VECTOR('',#1681,1.);
#1681 = DIRECTION('',(0.,-1.,0.));
#1682 = PLANE('',#1683);
#1683 = AXIS2_PLACEMENT_3D('',#1684,#1685,#1686);
#1684 = CARTESIAN_POINT('',(-5.75,11.1,0.875));
#1685 = DIRECTION('',(0.,0.,1.));
#1686 = DIRECTION('',(-1.,1.7763568394E-16,0.));
#1687 = ADVANCED_FACE('',(#1688),#1715,.T.);
#1688 = FACE_BOUND('',#1689,.T.);
#1689 = EDGE_LOOP('',(#1690,#1699,#1700,#1709));
#1690 = ORIENTED_EDGE('',*,*,#1691,.F.);
#1691 = EDGE_CURVE('',#1661,#1692,#1694,.T.);
#1692 = VERTEX_POINT('',#1693);
#1693 = CARTESIAN_POINT('',(-5.25,11.1,0.375));
#1694 = CIRCLE('',#1695,0.5);
#1695 = AXIS2_PLACEMENT_3D('',#1696,#1697,#1698);
#1696 = CARTESIAN_POINT('',(-5.75,11.1,0.375));
#1697 = DIRECTION('',(1.018553233601E-16,1.,-0.));
#1698 = DIRECTION('',(0.,0.,1.));
#1699 = ORIENTED_EDGE('',*,*,#1677,.T.);
#1700 = ORIENTED_EDGE('',*,*,#1701,.T.);
#1701 = EDGE_CURVE('',#1670,#1702,#1704,.T.);
#1702 = VERTEX_POINT('',#1703);
#1703 = CARTESIAN_POINT('',(-5.25,11.,0.375));
#1704 = CIRCLE('',#1705,0.5);
#1705 = AXIS2_PLACEMENT_3D('',#1706,#1707,#1708);
#1706 = CARTESIAN_POINT('',(-5.75,11.,0.375));
#1707 = DIRECTION('',(1.018553233601E-16,1.,-0.));
#1708 = DIRECTION('',(0.,0.,1.));
#1709 = ORIENTED_EDGE('',*,*,#1710,.F.);
#1710 = EDGE_CURVE('',#1692,#1702,#1711,.T.);
#1711 = LINE('',#1712,#1713);
#1712 = CARTESIAN_POINT('',(-5.25,11.1,0.375));
#1713 = VECTOR('',#1714,1.);
#1714 = DIRECTION('',(0.,-1.,0.));
#1715 = CYLINDRICAL_SURFACE('',#1716,0.5);
#1716 = AXIS2_PLACEMENT_3D('',#1717,#1718,#1719);
#1717 = CARTESIAN_POINT('',(-5.75,11.1,0.375));
#1718 = DIRECTION('',(0.,-1.,0.));
#1719 = DIRECTION('',(0.,0.,1.));
#1720 = ADVANCED_FACE('',(#1721),#1746,.T.);
#1721 = FACE_BOUND('',#1722,.T.);
#1722 = EDGE_LOOP('',(#1723,#1731,#1732,#1740));
#1723 = ORIENTED_EDGE('',*,*,#1724,.F.);
#1724 = EDGE_CURVE('',#1692,#1725,#1727,.T.);
#1725 = VERTEX_POINT('',#1726);
#1726 = CARTESIAN_POINT('',(-5.25,11.1,-0.25));
#1727 = LINE('',#1728,#1729);
#1728 = CARTESIAN_POINT('',(-5.25,11.1,-0.125));
#1729 = VECTOR('',#1730,1.);
#1730 = DIRECTION('',(0.,0.,-1.));
#1731 = ORIENTED_EDGE('',*,*,#1710,.T.);
#1732 = ORIENTED_EDGE('',*,*,#1733,.T.);
#1733 = EDGE_CURVE('',#1702,#1734,#1736,.T.);
#1734 = VERTEX_POINT('',#1735);
#1735 = CARTESIAN_POINT('',(-5.25,11.,-0.25));
#1736 = LINE('',#1737,#1738);
#1737 = CARTESIAN_POINT('',(-5.25,11.,-0.125));
#1738 = VECTOR('',#1739,1.);
#1739 = DIRECTION('',(0.,0.,-1.));
#1740 = ORIENTED_EDGE('',*,*,#1741,.F.);
#1741 = EDGE_CURVE('',#1725,#1734,#1742,.T.);
#1742 = LINE('',#1743,#1744);
#1743 = CARTESIAN_POINT('',(-5.25,11.1,-0.25));
#1744 = VECTOR('',#1745,1.);
#1745 = DIRECTION('',(0.,-1.,0.));
#1746 = PLANE('',#1747);
#1747 = AXIS2_PLACEMENT_3D('',#1748,#1749,#1750);
#1748 = CARTESIAN_POINT('',(-5.25,11.1,-0.25));
#1749 = DIRECTION('',(1.,0.,0.));
#1750 = DIRECTION('',(0.,0.,1.));
#1751 = ADVANCED_FACE('',(#1752),#1779,.T.);
#1752 = FACE_BOUND('',#1753,.T.);
#1753 = EDGE_LOOP('',(#1754,#1763,#1764,#1773));
#1754 = ORIENTED_EDGE('',*,*,#1755,.F.);
#1755 = EDGE_CURVE('',#1725,#1756,#1758,.T.);
#1756 = VERTEX_POINT('',#1757);
#1757 = CARTESIAN_POINT('',(-5.75,11.1,-0.75));
#1758 = CIRCLE('',#1759,0.5);
#1759 = AXIS2_PLACEMENT_3D('',#1760,#1761,#1762);
#1760 = CARTESIAN_POINT('',(-5.75,11.1,-0.25));
#1761 = DIRECTION('',(1.018553233601E-16,1.,0.));
#1762 = DIRECTION('',(1.,-1.018553233601E-16,0.));
#1763 = ORIENTED_EDGE('',*,*,#1741,.T.);
#1764 = ORIENTED_EDGE('',*,*,#1765,.T.);
#1765 = EDGE_CURVE('',#1734,#1766,#1768,.T.);
#1766 = VERTEX_POINT('',#1767);
#1767 = CARTESIAN_POINT('',(-5.75,11.,-0.75));
#1768 = CIRCLE('',#1769,0.5);
#1769 = AXIS2_PLACEMENT_3D('',#1770,#1771,#1772);
#1770 = CARTESIAN_POINT('',(-5.75,11.,-0.25));
#1771 = DIRECTION('',(1.018553233601E-16,1.,0.));
#1772 = DIRECTION('',(1.,-1.018553233601E-16,0.));
#1773 = ORIENTED_EDGE('',*,*,#1774,.F.);
#1774 = EDGE_CURVE('',#1756,#1766,#1775,.T.);
#1775 = LINE('',#1776,#1777);
#1776 = CARTESIAN_POINT('',(-5.75,11.1,-0.75));
#1777 = VECTOR('',#1778,1.);
#1778 = DIRECTION('',(0.,-1.,0.));
#1779 = CYLINDRICAL_SURFACE('',#1780,0.5);
#1780 = AXIS2_PLACEMENT_3D('',#1781,#1782,#1783);
#1781 = CARTESIAN_POINT('',(-5.75,11.1,-0.25));
#1782 = DIRECTION('',(0.,-1.,0.));
#1783 = DIRECTION('',(1.,0.,0.));
#1784 = ADVANCED_FACE('',(#1785),#1810,.T.);
#1785 = FACE_BOUND('',#1786,.T.);
#1786 = EDGE_LOOP('',(#1787,#1795,#1796,#1804));
#1787 = ORIENTED_EDGE('',*,*,#1788,.F.);
#1788 = EDGE_CURVE('',#1756,#1789,#1791,.T.);
#1789 = VERTEX_POINT('',#1790);
#1790 = CARTESIAN_POINT('',(-7.75,11.1,-0.75));
#1791 = LINE('',#1792,#1793);
#1792 = CARTESIAN_POINT('',(-9.325,11.1,-0.75));
#1793 = VECTOR('',#1794,1.);
#1794 = DIRECTION('',(-1.,1.018553233601E-16,0.));
#1795 = ORIENTED_EDGE('',*,*,#1774,.T.);
#1796 = ORIENTED_EDGE('',*,*,#1797,.T.);
#1797 = EDGE_CURVE('',#1766,#1798,#1800,.T.);
#1798 = VERTEX_POINT('',#1799);
#1799 = CARTESIAN_POINT('',(-7.75,11.,-0.75));
#1800 = LINE('',#1801,#1802);
#1801 = CARTESIAN_POINT('',(-3.875,11.,-0.75));
#1802 = VECTOR('',#1803,1.);
#1803 = DIRECTION('',(-1.,1.018553233601E-16,0.));
#1804 = ORIENTED_EDGE('',*,*,#1805,.F.);
#1805 = EDGE_CURVE('',#1789,#1798,#1806,.T.);
#1806 = LINE('',#1807,#1808);
#1807 = CARTESIAN_POINT('',(-7.75,11.1,-0.75));
#1808 = VECTOR('',#1809,1.);
#1809 = DIRECTION('',(0.,-1.,0.));
#1810 = PLANE('',#1811);
#1811 = AXIS2_PLACEMENT_3D('',#1812,#1813,#1814);
#1812 = CARTESIAN_POINT('',(-7.75,11.1,-0.75));
#1813 = DIRECTION('',(0.,0.,-1.));
#1814 = DIRECTION('',(1.,-1.7763568394E-16,0.));
#1815 = ADVANCED_FACE('',(#1816),#1832,.T.);
#1816 = FACE_BOUND('',#1817,.T.);
#1817 = EDGE_LOOP('',(#1818,#1824,#1825,#1831));
#1818 = ORIENTED_EDGE('',*,*,#1819,.F.);
#1819 = EDGE_CURVE('',#1789,#1466,#1820,.T.);
#1820 = LINE('',#1821,#1822);
#1821 = CARTESIAN_POINT('',(-7.75,11.1,0.875));
#1822 = VECTOR('',#1823,1.);
#1823 = DIRECTION('',(0.,0.,1.));
#1824 = ORIENTED_EDGE('',*,*,#1805,.T.);
#1825 = ORIENTED_EDGE('',*,*,#1826,.T.);
#1826 = EDGE_CURVE('',#1798,#1476,#1827,.T.);
#1827 = LINE('',#1828,#1829);
#1828 = CARTESIAN_POINT('',(-7.75,11.,0.875));
#1829 = VECTOR('',#1830,1.);
#1830 = DIRECTION('',(0.,0.,1.));
#1831 = ORIENTED_EDGE('',*,*,#1475,.F.);
#1832 = PLANE('',#1833);
#1833 = AXIS2_PLACEMENT_3D('',#1834,#1835,#1836);
#1834 = CARTESIAN_POINT('',(-7.75,11.1,1.75));
#1835 = DIRECTION('',(-1.,0.,0.));
#1836 = DIRECTION('',(0.,0.,-1.));
#1837 = ADVANCED_FACE('',(#1838),#1872,.T.);
#1838 = FACE_BOUND('',#1839,.T.);
#1839 = EDGE_LOOP('',(#1840,#1850,#1858,#1866));
#1840 = ORIENTED_EDGE('',*,*,#1841,.F.);
#1841 = EDGE_CURVE('',#1842,#1844,#1846,.T.);
#1842 = VERTEX_POINT('',#1843);
#1843 = CARTESIAN_POINT('',(5.25,11.1,1.75));
#1844 = VERTEX_POINT('',#1845);
#1845 = CARTESIAN_POINT('',(5.75,11.1,1.75));
#1846 = LINE('',#1847,#1848);
#1847 = CARTESIAN_POINT('',(-2.575,11.1,1.75));
#1848 = VECTOR('',#1849,1.);
#1849 = DIRECTION('',(1.,-1.018553233601E-16,0.));
#1850 = ORIENTED_EDGE('',*,*,#1851,.T.);
#1851 = EDGE_CURVE('',#1842,#1852,#1854,.T.);
#1852 = VERTEX_POINT('',#1853);
#1853 = CARTESIAN_POINT('',(5.25,11.,1.75));
#1854 = LINE('',#1855,#1856);
#1855 = CARTESIAN_POINT('',(5.25,11.1,1.75));
#1856 = VECTOR('',#1857,1.);
#1857 = DIRECTION('',(0.,-1.,0.));
#1858 = ORIENTED_EDGE('',*,*,#1859,.T.);
#1859 = EDGE_CURVE('',#1852,#1860,#1862,.T.);
#1860 = VERTEX_POINT('',#1861);
#1861 = CARTESIAN_POINT('',(5.75,11.,1.75));
#1862 = LINE('',#1863,#1864);
#1863 = CARTESIAN_POINT('',(2.875,11.,1.75));
#1864 = VECTOR('',#1865,1.);
#1865 = DIRECTION('',(1.,-1.018553233601E-16,0.));
#1866 = ORIENTED_EDGE('',*,*,#1867,.F.);
#1867 = EDGE_CURVE('',#1844,#1860,#1868,.T.);
#1868 = LINE('',#1869,#1870);
#1869 = CARTESIAN_POINT('',(5.75,11.1,1.75));
#1870 = VECTOR('',#1871,1.);
#1871 = DIRECTION('',(0.,-1.,0.));
#1872 = PLANE('',#1873);
#1873 = AXIS2_PLACEMENT_3D('',#1874,#1875,#1876);
#1874 = CARTESIAN_POINT('',(5.75,11.1,1.75));
#1875 = DIRECTION('',(0.,0.,1.));
#1876 = DIRECTION('',(-1.,1.7763568394E-16,0.));
#1877 = ADVANCED_FACE('',(#1878),#1903,.T.);
#1878 = FACE_BOUND('',#1879,.T.);
#1879 = EDGE_LOOP('',(#1880,#1888,#1889,#1897));
#1880 = ORIENTED_EDGE('',*,*,#1881,.F.);
#1881 = EDGE_CURVE('',#1844,#1882,#1884,.T.);
#1882 = VERTEX_POINT('',#1883);
#1883 = CARTESIAN_POINT('',(5.75,11.1,0.165037426513));
#1884 = LINE('',#1885,#1886);
#1885 = CARTESIAN_POINT('',(5.75,11.1,8.251871325628E-02));
#1886 = VECTOR('',#1887,1.);
#1887 = DIRECTION('',(0.,0.,-1.));
#1888 = ORIENTED_EDGE('',*,*,#1867,.T.);
#1889 = ORIENTED_EDGE('',*,*,#1890,.T.);
#1890 = EDGE_CURVE('',#1860,#1891,#1893,.T.);
#1891 = VERTEX_POINT('',#1892);
#1892 = CARTESIAN_POINT('',(5.75,11.,0.165037426513));
#1893 = LINE('',#1894,#1895);
#1894 = CARTESIAN_POINT('',(5.75,11.,8.251871325628E-02));
#1895 = VECTOR('',#1896,1.);
#1896 = DIRECTION('',(0.,0.,-1.));
#1897 = ORIENTED_EDGE('',*,*,#1898,.F.);
#1898 = EDGE_CURVE('',#1882,#1891,#1899,.T.);
#1899 = LINE('',#1900,#1901);
#1900 = CARTESIAN_POINT('',(5.75,11.1,0.165037426513));
#1901 = VECTOR('',#1902,1.);
#1902 = DIRECTION('',(0.,-1.,0.));
#1903 = PLANE('',#1904);
#1904 = AXIS2_PLACEMENT_3D('',#1905,#1906,#1907);
#1905 = CARTESIAN_POINT('',(5.75,11.1,0.165037426513));
#1906 = DIRECTION('',(1.,0.,0.));
#1907 = DIRECTION('',(0.,0.,1.));
#1908 = ADVANCED_FACE('',(#1909),#1934,.T.);
#1909 = FACE_BOUND('',#1910,.T.);
#1910 = EDGE_LOOP('',(#1911,#1919,#1920,#1928));
#1911 = ORIENTED_EDGE('',*,*,#1912,.F.);
#1912 = EDGE_CURVE('',#1882,#1913,#1915,.T.);
#1913 = VERTEX_POINT('',#1914);
#1914 = CARTESIAN_POINT('',(6.430791728637,11.1,1.625));
#1915 = LINE('',#1916,#1917);
#1916 = CARTESIAN_POINT('',(4.571892788767,11.1,-2.361421641079));
#1917 = VECTOR('',#1918,1.);
#1918 = DIRECTION('',(0.422618261741,-4.304591970746E-17,0.906307787037)
  );
#1919 = ORIENTED_EDGE('',*,*,#1898,.T.);
#1920 = ORIENTED_EDGE('',*,*,#1921,.T.);
#1921 = EDGE_CURVE('',#1891,#1922,#1924,.T.);
#1922 = VERTEX_POINT('',#1923);
#1923 = CARTESIAN_POINT('',(6.430791728637,11.,1.625));
#1924 = LINE('',#1925,#1926);
#1925 = CARTESIAN_POINT('',(5.545296552371,11.,-0.27395053358));
#1926 = VECTOR('',#1927,1.);
#1927 = DIRECTION('',(0.422618261741,-4.304591970746E-17,0.906307787037)
  );
#1928 = ORIENTED_EDGE('',*,*,#1929,.F.);
#1929 = EDGE_CURVE('',#1913,#1922,#1930,.T.);
#1930 = LINE('',#1931,#1932);
#1931 = CARTESIAN_POINT('',(6.430791728637,11.1,1.625));
#1932 = VECTOR('',#1933,1.);
#1933 = DIRECTION('',(0.,-1.,0.));
#1934 = PLANE('',#1935);
#1935 = AXIS2_PLACEMENT_3D('',#1936,#1937,#1938);
#1936 = CARTESIAN_POINT('',(6.430791728637,11.1,1.625));
#1937 = DIRECTION('',(-0.906307787037,0.,0.422618261741));
#1938 = DIRECTION('',(-0.422618261741,0.,-0.906307787037));
#1939 = ADVANCED_FACE('',(#1940),#1965,.T.);
#1940 = FACE_BOUND('',#1941,.T.);
#1941 = EDGE_LOOP('',(#1942,#1950,#1951,#1959));
#1942 = ORIENTED_EDGE('',*,*,#1943,.F.);
#1943 = EDGE_CURVE('',#1913,#1944,#1946,.T.);
#1944 = VERTEX_POINT('',#1945);
#1945 = CARTESIAN_POINT('',(6.569208271363,11.1,1.625));
#1946 = LINE('',#1947,#1948);
#1947 = CARTESIAN_POINT('',(-2.165395864318,11.1,1.625));
#1948 = VECTOR('',#1949,1.);
#1949 = DIRECTION('',(1.,-1.018553233601E-16,0.));
#1950 = ORIENTED_EDGE('',*,*,#1929,.T.);
#1951 = ORIENTED_EDGE('',*,*,#1952,.T.);
#1952 = EDGE_CURVE('',#1922,#1953,#1955,.T.);
#1953 = VERTEX_POINT('',#1954);
#1954 = CARTESIAN_POINT('',(6.569208271363,11.,1.625));
#1955 = LINE('',#1956,#1957);
#1956 = CARTESIAN_POINT('',(3.284604135682,11.,1.625));
#1957 = VECTOR('',#1958,1.);
#1958 = DIRECTION('',(1.,-1.018553233601E-16,0.));
#1959 = ORIENTED_EDGE('',*,*,#1960,.F.);
#1960 = EDGE_CURVE('',#1944,#1953,#1961,.T.);
#1961 = LINE('',#1962,#1963);
#1962 = CARTESIAN_POINT('',(6.569208271363,11.1,1.625));
#1963 = VECTOR('',#1964,1.);
#1964 = DIRECTION('',(0.,-1.,0.));
#1965 = PLANE('',#1966);
#1966 = AXIS2_PLACEMENT_3D('',#1967,#1968,#1969);
#1967 = CARTESIAN_POINT('',(6.569208271363,11.1,1.625));
#1968 = DIRECTION('',(0.,0.,1.));
#1969 = DIRECTION('',(-1.,1.7763568394E-16,0.));
#1970 = ADVANCED_FACE('',(#1971),#1996,.T.);
#1971 = FACE_BOUND('',#1972,.T.);
#1972 = EDGE_LOOP('',(#1973,#1981,#1982,#1990));
#1973 = ORIENTED_EDGE('',*,*,#1974,.F.);
#1974 = EDGE_CURVE('',#1944,#1975,#1977,.T.);
#1975 = VERTEX_POINT('',#1976);
#1976 = CARTESIAN_POINT('',(7.25,11.1,0.165037426513));
#1977 = LINE('',#1978,#1979);
#1978 = CARTESIAN_POINT('',(5.660755279824,11.1,3.573183727313));
#1979 = VECTOR('',#1980,1.);
#1980 = DIRECTION('',(0.422618261741,-4.304591970746E-17,-0.906307787037
    ));
#1981 = ORIENTED_EDGE('',*,*,#1960,.T.);
#1982 = ORIENTED_EDGE('',*,*,#1983,.T.);
#1983 = EDGE_CURVE('',#1953,#1984,#1986,.T.);
#1984 = VERTEX_POINT('',#1985);
#1985 = CARTESIAN_POINT('',(7.25,11.,0.165037426513));
#1986 = LINE('',#1987,#1988);
#1987 = CARTESIAN_POINT('',(6.634159043429,11.,1.485712619813));
#1988 = VECTOR('',#1989,1.);
#1989 = DIRECTION('',(0.422618261741,-4.304591970746E-17,-0.906307787037
    ));
#1990 = ORIENTED_EDGE('',*,*,#1991,.F.);
#1991 = EDGE_CURVE('',#1975,#1984,#1992,.T.);
#1992 = LINE('',#1993,#1994);
#1993 = CARTESIAN_POINT('',(7.25,11.1,0.165037426513));
#1994 = VECTOR('',#1995,1.);
#1995 = DIRECTION('',(0.,-1.,0.));
#1996 = PLANE('',#1997);
#1997 = AXIS2_PLACEMENT_3D('',#1998,#1999,#2000);
#1998 = CARTESIAN_POINT('',(7.25,11.1,0.165037426513));
#1999 = DIRECTION('',(0.906307787037,0.,0.422618261741));
#2000 = DIRECTION('',(-0.422618261741,0.,0.906307787037));
#2001 = ADVANCED_FACE('',(#2002),#2027,.T.);
#2002 = FACE_BOUND('',#2003,.T.);
#2003 = EDGE_LOOP('',(#2004,#2012,#2013,#2021));
#2004 = ORIENTED_EDGE('',*,*,#2005,.F.);
#2005 = EDGE_CURVE('',#1975,#2006,#2008,.T.);
#2006 = VERTEX_POINT('',#2007);
#2007 = CARTESIAN_POINT('',(7.25,11.1,1.75));
#2008 = LINE('',#2009,#2010);
#2009 = CARTESIAN_POINT('',(7.25,11.1,0.875));
#2010 = VECTOR('',#2011,1.);
#2011 = DIRECTION('',(0.,0.,1.));
#2012 = ORIENTED_EDGE('',*,*,#1991,.T.);
#2013 = ORIENTED_EDGE('',*,*,#2014,.T.);
#2014 = EDGE_CURVE('',#1984,#2015,#2017,.T.);
#2015 = VERTEX_POINT('',#2016);
#2016 = CARTESIAN_POINT('',(7.25,11.,1.75));
#2017 = LINE('',#2018,#2019);
#2018 = CARTESIAN_POINT('',(7.25,11.,0.875));
#2019 = VECTOR('',#2020,1.);
#2020 = DIRECTION('',(0.,0.,1.));
#2021 = ORIENTED_EDGE('',*,*,#2022,.F.);
#2022 = EDGE_CURVE('',#2006,#2015,#2023,.T.);
#2023 = LINE('',#2024,#2025);
#2024 = CARTESIAN_POINT('',(7.25,11.1,1.75));
#2025 = VECTOR('',#2026,1.);
#2026 = DIRECTION('',(0.,-1.,0.));
#2027 = PLANE('',#2028);
#2028 = AXIS2_PLACEMENT_3D('',#2029,#2030,#2031);
#2029 = CARTESIAN_POINT('',(7.25,11.1,1.75));
#2030 = DIRECTION('',(-1.,0.,0.));
#2031 = DIRECTION('',(0.,0.,-1.));
#2032 = ADVANCED_FACE('',(#2033),#2058,.T.);
#2033 = FACE_BOUND('',#2034,.T.);
#2034 = EDGE_LOOP('',(#2035,#2043,#2044,#2052));
#2035 = ORIENTED_EDGE('',*,*,#2036,.F.);
#2036 = EDGE_CURVE('',#2006,#2037,#2039,.T.);
#2037 = VERTEX_POINT('',#2038);
#2038 = CARTESIAN_POINT('',(7.75,11.1,1.75));
#2039 = LINE('',#2040,#2041);
#2040 = CARTESIAN_POINT('',(-1.575,11.1,1.75));
#2041 = VECTOR('',#2042,1.);
#2042 = DIRECTION('',(1.,-1.018553233601E-16,0.));
#2043 = ORIENTED_EDGE('',*,*,#2022,.T.);
#2044 = ORIENTED_EDGE('',*,*,#2045,.T.);
#2045 = EDGE_CURVE('',#2015,#2046,#2048,.T.);
#2046 = VERTEX_POINT('',#2047);
#2047 = CARTESIAN_POINT('',(7.75,11.,1.75));
#2048 = LINE('',#2049,#2050);
#2049 = CARTESIAN_POINT('',(3.875,11.,1.75));
#2050 = VECTOR('',#2051,1.);
#2051 = DIRECTION('',(1.,-1.018553233601E-16,0.));
#2052 = ORIENTED_EDGE('',*,*,#2053,.F.);
#2053 = EDGE_CURVE('',#2037,#2046,#2054,.T.);
#2054 = LINE('',#2055,#2056);
#2055 = CARTESIAN_POINT('',(7.75,11.1,1.75));
#2056 = VECTOR('',#2057,1.);
#2057 = DIRECTION('',(0.,-1.,0.));
#2058 = PLANE('',#2059);
#2059 = AXIS2_PLACEMENT_3D('',#2060,#2061,#2062);
#2060 = CARTESIAN_POINT('',(7.75,11.1,1.75));
#2061 = DIRECTION('',(0.,0.,1.));
#2062 = DIRECTION('',(-1.,1.7763568394E-16,0.));
#2063 = ADVANCED_FACE('',(#2064),#2089,.T.);
#2064 = FACE_BOUND('',#2065,.T.);
#2065 = EDGE_LOOP('',(#2066,#2074,#2075,#2083));
#2066 = ORIENTED_EDGE('',*,*,#2067,.F.);
#2067 = EDGE_CURVE('',#2037,#2068,#2070,.T.);
#2068 = VERTEX_POINT('',#2069);
#2069 = CARTESIAN_POINT('',(7.75,11.1,-0.75));
#2070 = LINE('',#2071,#2072);
#2071 = CARTESIAN_POINT('',(7.75,11.1,-0.375));
#2072 = VECTOR('',#2073,1.);
#2073 = DIRECTION('',(0.,0.,-1.));
#2074 = ORIENTED_EDGE('',*,*,#2053,.T.);
#2075 = ORIENTED_EDGE('',*,*,#2076,.T.);
#2076 = EDGE_CURVE('',#2046,#2077,#2079,.T.);
#2077 = VERTEX_POINT('',#2078);
#2078 = CARTESIAN_POINT('',(7.75,11.,-0.75));
#2079 = LINE('',#2080,#2081);
#2080 = CARTESIAN_POINT('',(7.75,11.,-0.375));
#2081 = VECTOR('',#2082,1.);
#2082 = DIRECTION('',(0.,0.,-1.));
#2083 = ORIENTED_EDGE('',*,*,#2084,.F.);
#2084 = EDGE_CURVE('',#2068,#2077,#2085,.T.);
#2085 = LINE('',#2086,#2087);
#2086 = CARTESIAN_POINT('',(7.75,11.1,-0.75));
#2087 = VECTOR('',#2088,1.);
#2088 = DIRECTION('',(0.,-1.,0.));
#2089 = PLANE('',#2090);
#2090 = AXIS2_PLACEMENT_3D('',#2091,#2092,#2093);
#2091 = CARTESIAN_POINT('',(7.75,11.1,-0.75));
#2092 = DIRECTION('',(1.,0.,0.));
#2093 = DIRECTION('',(0.,0.,1.));
#2094 = ADVANCED_FACE('',(#2095),#2120,.T.);
#2095 = FACE_BOUND('',#2096,.T.);
#2096 = EDGE_LOOP('',(#2097,#2105,#2106,#2114));
#2097 = ORIENTED_EDGE('',*,*,#2098,.F.);
#2098 = EDGE_CURVE('',#2068,#2099,#2101,.T.);
#2099 = VERTEX_POINT('',#2100);
#2100 = CARTESIAN_POINT('',(7.125,11.1,-0.75));
#2101 = LINE('',#2102,#2103);
#2102 = CARTESIAN_POINT('',(-1.8875,11.1,-0.75));
#2103 = VECTOR('',#2104,1.);
#2104 = DIRECTION('',(-1.,1.018553233601E-16,0.));
#2105 = ORIENTED_EDGE('',*,*,#2084,.T.);
#2106 = ORIENTED_EDGE('',*,*,#2107,.T.);
#2107 = EDGE_CURVE('',#2077,#2108,#2110,.T.);
#2108 = VERTEX_POINT('',#2109);
#2109 = CARTESIAN_POINT('',(7.125,11.,-0.75));
#2110 = LINE('',#2111,#2112);
#2111 = CARTESIAN_POINT('',(3.5625,11.,-0.75));
#2112 = VECTOR('',#2113,1.);
#2113 = DIRECTION('',(-1.,1.018553233601E-16,0.));
#2114 = ORIENTED_EDGE('',*,*,#2115,.F.);
#2115 = EDGE_CURVE('',#2099,#2108,#2116,.T.);
#2116 = LINE('',#2117,#2118);
#2117 = CARTESIAN_POINT('',(7.125,11.1,-0.75));
#2118 = VECTOR('',#2119,1.);
#2119 = DIRECTION('',(0.,-1.,0.));
#2120 = PLANE('',#2121);
#2121 = AXIS2_PLACEMENT_3D('',#2122,#2123,#2124);
#2122 = CARTESIAN_POINT('',(7.125,11.1,-0.75));
#2123 = DIRECTION('',(0.,0.,-1.));
#2124 = DIRECTION('',(1.,-1.7763568394E-16,0.));
#2125 = ADVANCED_FACE('',(#2126),#2151,.T.);
#2126 = FACE_BOUND('',#2127,.T.);
#2127 = EDGE_LOOP('',(#2128,#2136,#2137,#2145));
#2128 = ORIENTED_EDGE('',*,*,#2129,.F.);
#2129 = EDGE_CURVE('',#2099,#2130,#2132,.T.);
#2130 = VERTEX_POINT('',#2131);
#2131 = CARTESIAN_POINT('',(6.5,11.1,0.590316825318));
#2132 = LINE('',#2133,#2134);
#2133 = CARTESIAN_POINT('',(5.059178333065,11.1,3.68016886128));
#2134 = VECTOR('',#2135,1.);
#2135 = DIRECTION('',(-0.422618261741,4.304591970746E-17,0.906307787037)
  );
#2136 = ORIENTED_EDGE('',*,*,#2115,.T.);
#2137 = ORIENTED_EDGE('',*,*,#2138,.T.);
#2138 = EDGE_CURVE('',#2108,#2139,#2141,.T.);
#2139 = VERTEX_POINT('',#2140);
#2140 = CARTESIAN_POINT('',(6.5,11.,0.590316825318));
#2141 = LINE('',#2142,#2143);
#2142 = CARTESIAN_POINT('',(6.032582096669,11.,1.592697753781));
#2143 = VECTOR('',#2144,1.);
#2144 = DIRECTION('',(-0.422618261741,4.304591970746E-17,0.906307787037)
  );
#2145 = ORIENTED_EDGE('',*,*,#2146,.F.);
#2146 = EDGE_CURVE('',#2130,#2139,#2147,.T.);
#2147 = LINE('',#2148,#2149);
#2148 = CARTESIAN_POINT('',(6.5,11.1,0.590316825318));
#2149 = VECTOR('',#2150,1.);
#2150 = DIRECTION('',(0.,-1.,0.));
#2151 = PLANE('',#2152);
#2152 = AXIS2_PLACEMENT_3D('',#2153,#2154,#2155);
#2153 = CARTESIAN_POINT('',(6.5,11.1,0.590316825318));
#2154 = DIRECTION('',(-0.906307787037,0.,-0.422618261741));
#2155 = DIRECTION('',(0.422618261741,0.,-0.906307787037));
#2156 = ADVANCED_FACE('',(#2157),#2182,.T.);
#2157 = FACE_BOUND('',#2158,.T.);
#2158 = EDGE_LOOP('',(#2159,#2167,#2168,#2176));
#2159 = ORIENTED_EDGE('',*,*,#2160,.F.);
#2160 = EDGE_CURVE('',#2130,#2161,#2163,.T.);
#2161 = VERTEX_POINT('',#2162);
#2162 = CARTESIAN_POINT('',(5.875,11.1,-0.75));
#2163 = LINE('',#2164,#2165);
#2164 = CARTESIAN_POINT('',(4.520573871208,11.1,-3.654576206514));
#2165 = VECTOR('',#2166,1.);
#2166 = DIRECTION('',(-0.422618261741,4.304591970746E-17,-0.906307787037
    ));
#2167 = ORIENTED_EDGE('',*,*,#2146,.T.);
#2168 = ORIENTED_EDGE('',*,*,#2169,.T.);
#2169 = EDGE_CURVE('',#2139,#2170,#2172,.T.);
#2170 = VERTEX_POINT('',#2171);
#2171 = CARTESIAN_POINT('',(5.875,11.,-0.75));
#2172 = LINE('',#2173,#2174);
#2173 = CARTESIAN_POINT('',(5.493977634812,11.,-1.567105099015));
#2174 = VECTOR('',#2175,1.);
#2175 = DIRECTION('',(-0.422618261741,4.304591970746E-17,-0.906307787037
    ));
#2176 = ORIENTED_EDGE('',*,*,#2177,.F.);
#2177 = EDGE_CURVE('',#2161,#2170,#2178,.T.);
#2178 = LINE('',#2179,#2180);
#2179 = CARTESIAN_POINT('',(5.875,11.1,-0.75));
#2180 = VECTOR('',#2181,1.);
#2181 = DIRECTION('',(0.,-1.,0.));
#2182 = PLANE('',#2183);
#2183 = AXIS2_PLACEMENT_3D('',#2184,#2185,#2186);
#2184 = CARTESIAN_POINT('',(5.875,11.1,-0.75));
#2185 = DIRECTION('',(0.906307787037,0.,-0.422618261741));
#2186 = DIRECTION('',(0.422618261741,0.,0.906307787037));
#2187 = ADVANCED_FACE('',(#2188),#2213,.T.);
#2188 = FACE_BOUND('',#2189,.T.);
#2189 = EDGE_LOOP('',(#2190,#2198,#2199,#2207));
#2190 = ORIENTED_EDGE('',*,*,#2191,.F.);
#2191 = EDGE_CURVE('',#2161,#2192,#2194,.T.);
#2192 = VERTEX_POINT('',#2193);
#2193 = CARTESIAN_POINT('',(5.25,11.1,-0.75));
#2194 = LINE('',#2195,#2196);
#2195 = CARTESIAN_POINT('',(-2.825,11.1,-0.75));
#2196 = VECTOR('',#2197,1.);
#2197 = DIRECTION('',(-1.,1.018553233601E-16,0.));
#2198 = ORIENTED_EDGE('',*,*,#2177,.T.);
#2199 = ORIENTED_EDGE('',*,*,#2200,.T.);
#2200 = EDGE_CURVE('',#2170,#2201,#2203,.T.);
#2201 = VERTEX_POINT('',#2202);
#2202 = CARTESIAN_POINT('',(5.25,11.,-0.75));
#2203 = LINE('',#2204,#2205);
#2204 = CARTESIAN_POINT('',(2.625,11.,-0.75));
#2205 = VECTOR('',#2206,1.);
#2206 = DIRECTION('',(-1.,1.018553233601E-16,0.));
#2207 = ORIENTED_EDGE('',*,*,#2208,.F.);
#2208 = EDGE_CURVE('',#2192,#2201,#2209,.T.);
#2209 = LINE('',#2210,#2211);
#2210 = CARTESIAN_POINT('',(5.25,11.1,-0.75));
#2211 = VECTOR('',#2212,1.);
#2212 = DIRECTION('',(0.,-1.,0.));
#2213 = PLANE('',#2214);
#2214 = AXIS2_PLACEMENT_3D('',#2215,#2216,#2217);
#2215 = CARTESIAN_POINT('',(5.25,11.1,-0.75));
#2216 = DIRECTION('',(0.,0.,-1.));
#2217 = DIRECTION('',(1.,-1.7763568394E-16,0.));
#2218 = ADVANCED_FACE('',(#2219),#2235,.T.);
#2219 = FACE_BOUND('',#2220,.T.);
#2220 = EDGE_LOOP('',(#2221,#2227,#2228,#2234));
#2221 = ORIENTED_EDGE('',*,*,#2222,.F.);
#2222 = EDGE_CURVE('',#2192,#1842,#2223,.T.);
#2223 = LINE('',#2224,#2225);
#2224 = CARTESIAN_POINT('',(5.25,11.1,0.875));
#2225 = VECTOR('',#2226,1.);
#2226 = DIRECTION('',(0.,0.,1.));
#2227 = ORIENTED_EDGE('',*,*,#2208,.T.);
#2228 = ORIENTED_EDGE('',*,*,#2229,.T.);
#2229 = EDGE_CURVE('',#2201,#1852,#2230,.T.);
#2230 = LINE('',#2231,#2232);
#2231 = CARTESIAN_POINT('',(5.25,11.,0.875));
#2232 = VECTOR('',#2233,1.);
#2233 = DIRECTION('',(0.,0.,1.));
#2234 = ORIENTED_EDGE('',*,*,#1851,.F.);
#2235 = PLANE('',#2236);
#2236 = AXIS2_PLACEMENT_3D('',#2237,#2238,#2239);
#2237 = CARTESIAN_POINT('',(5.25,11.1,1.75));
#2238 = DIRECTION('',(-1.,0.,0.));
#2239 = DIRECTION('',(0.,0.,-1.));
#2240 = ADVANCED_FACE('',(#2241),#2275,.T.);
#2241 = FACE_BOUND('',#2242,.T.);
#2242 = EDGE_LOOP('',(#2243,#2253,#2261,#2269));
#2243 = ORIENTED_EDGE('',*,*,#2244,.F.);
#2244 = EDGE_CURVE('',#2245,#2247,#2249,.T.);
#2245 = VERTEX_POINT('',#2246);
#2246 = CARTESIAN_POINT('',(-4.5,11.1,-0.75));
#2247 = VERTEX_POINT('',#2248);
#2248 = CARTESIAN_POINT('',(-4.5,11.1,1.75));
#2249 = LINE('',#2250,#2251);
#2250 = CARTESIAN_POINT('',(-4.5,11.1,0.875));
#2251 = VECTOR('',#2252,1.);
#2252 = DIRECTION('',(0.,0.,1.));
#2253 = ORIENTED_EDGE('',*,*,#2254,.T.);
#2254 = EDGE_CURVE('',#2245,#2255,#2257,.T.);
#2255 = VERTEX_POINT('',#2256);
#2256 = CARTESIAN_POINT('',(-4.5,11.,-0.75));
#2257 = LINE('',#2258,#2259);
#2258 = CARTESIAN_POINT('',(-4.5,11.1,-0.75));
#2259 = VECTOR('',#2260,1.);
#2260 = DIRECTION('',(0.,-1.,0.));
#2261 = ORIENTED_EDGE('',*,*,#2262,.T.);
#2262 = EDGE_CURVE('',#2255,#2263,#2265,.T.);
#2263 = VERTEX_POINT('',#2264);
#2264 = CARTESIAN_POINT('',(-4.5,11.,1.75));
#2265 = LINE('',#2266,#2267);
#2266 = CARTESIAN_POINT('',(-4.5,11.,0.875));
#2267 = VECTOR('',#2268,1.);
#2268 = DIRECTION('',(0.,0.,1.));
#2269 = ORIENTED_EDGE('',*,*,#2270,.F.);
#2270 = EDGE_CURVE('',#2247,#2263,#2271,.T.);
#2271 = LINE('',#2272,#2273);
#2272 = CARTESIAN_POINT('',(-4.5,11.1,1.75));
#2273 = VECTOR('',#2274,1.);
#2274 = DIRECTION('',(0.,-1.,0.));
#2275 = PLANE('',#2276);
#2276 = AXIS2_PLACEMENT_3D('',#2277,#2278,#2279);
#2277 = CARTESIAN_POINT('',(-4.5,11.1,1.75));
#2278 = DIRECTION('',(-1.,0.,0.));
#2279 = DIRECTION('',(0.,0.,-1.));
#2280 = ADVANCED_FACE('',(#2281),#2306,.T.);
#2281 = FACE_BOUND('',#2282,.T.);
#2282 = EDGE_LOOP('',(#2283,#2291,#2292,#2300));
#2283 = ORIENTED_EDGE('',*,*,#2284,.F.);
#2284 = EDGE_CURVE('',#2247,#2285,#2287,.T.);
#2285 = VERTEX_POINT('',#2286);
#2286 = CARTESIAN_POINT('',(-2.,11.1,1.75));
#2287 = LINE('',#2288,#2289);
#2288 = CARTESIAN_POINT('',(-6.45,11.1,1.75));
#2289 = VECTOR('',#2290,1.);
#2290 = DIRECTION('',(1.,-1.018553233601E-16,-1.110223024625E-16));
#2291 = ORIENTED_EDGE('',*,*,#2270,.T.);
#2292 = ORIENTED_EDGE('',*,*,#2293,.T.);
#2293 = EDGE_CURVE('',#2263,#2294,#2296,.T.);
#2294 = VERTEX_POINT('',#2295);
#2295 = CARTESIAN_POINT('',(-2.,11.,1.75));
#2296 = LINE('',#2297,#2298);
#2297 = CARTESIAN_POINT('',(-1.,11.,1.75));
#2298 = VECTOR('',#2299,1.);
#2299 = DIRECTION('',(1.,-1.018553233601E-16,-1.110223024625E-16));
#2300 = ORIENTED_EDGE('',*,*,#2301,.F.);
#2301 = EDGE_CURVE('',#2285,#2294,#2302,.T.);
#2302 = LINE('',#2303,#2304);
#2303 = CARTESIAN_POINT('',(-2.,11.1,1.75));
#2304 = VECTOR('',#2305,1.);
#2305 = DIRECTION('',(0.,-1.,0.));
#2306 = PLANE('',#2307);
#2307 = AXIS2_PLACEMENT_3D('',#2308,#2309,#2310);
#2308 = CARTESIAN_POINT('',(-2.,11.1,1.75));
#2309 = DIRECTION('',(1.110223024625E-16,0.,1.));
#2310 = DIRECTION('',(-1.,1.7763568394E-16,1.110223024625E-16));
#2311 = ADVANCED_FACE('',(#2312),#2337,.T.);
#2312 = FACE_BOUND('',#2313,.T.);
#2313 = EDGE_LOOP('',(#2314,#2322,#2323,#2331));
#2314 = ORIENTED_EDGE('',*,*,#2315,.F.);
#2315 = EDGE_CURVE('',#2285,#2316,#2318,.T.);
#2316 = VERTEX_POINT('',#2317);
#2317 = CARTESIAN_POINT('',(-2.,11.1,1.25));
#2318 = LINE('',#2319,#2320);
#2319 = CARTESIAN_POINT('',(-2.,11.1,0.625));
#2320 = VECTOR('',#2321,1.);
#2321 = DIRECTION('',(0.,0.,-1.));
#2322 = ORIENTED_EDGE('',*,*,#2301,.T.);
#2323 = ORIENTED_EDGE('',*,*,#2324,.T.);
#2324 = EDGE_CURVE('',#2294,#2325,#2327,.T.);
#2325 = VERTEX_POINT('',#2326);
#2326 = CARTESIAN_POINT('',(-2.,11.,1.25));
#2327 = LINE('',#2328,#2329);
#2328 = CARTESIAN_POINT('',(-2.,11.,0.625));
#2329 = VECTOR('',#2330,1.);
#2330 = DIRECTION('',(0.,0.,-1.));
#2331 = ORIENTED_EDGE('',*,*,#2332,.F.);
#2332 = EDGE_CURVE('',#2316,#2325,#2333,.T.);
#2333 = LINE('',#2334,#2335);
#2334 = CARTESIAN_POINT('',(-2.,11.1,1.25));
#2335 = VECTOR('',#2336,1.);
#2336 = DIRECTION('',(0.,-1.,0.));
#2337 = PLANE('',#2338);
#2338 = AXIS2_PLACEMENT_3D('',#2339,#2340,#2341);
#2339 = CARTESIAN_POINT('',(-2.,11.1,1.25));
#2340 = DIRECTION('',(1.,0.,0.));
#2341 = DIRECTION('',(0.,0.,1.));
#2342 = ADVANCED_FACE('',(#2343),#2368,.T.);
#2343 = FACE_BOUND('',#2344,.T.);
#2344 = EDGE_LOOP('',(#2345,#2353,#2354,#2362));
#2345 = ORIENTED_EDGE('',*,*,#2346,.F.);
#2346 = EDGE_CURVE('',#2316,#2347,#2349,.T.);
#2347 = VERTEX_POINT('',#2348);
#2348 = CARTESIAN_POINT('',(-4.,11.1,1.25));
#2349 = LINE('',#2350,#2351);
#2350 = CARTESIAN_POINT('',(-7.45,11.1,1.25));
#2351 = VECTOR('',#2352,1.);
#2352 = DIRECTION('',(-1.,1.018553233601E-16,0.));
#2353 = ORIENTED_EDGE('',*,*,#2332,.T.);
#2354 = ORIENTED_EDGE('',*,*,#2355,.T.);
#2355 = EDGE_CURVE('',#2325,#2356,#2358,.T.);
#2356 = VERTEX_POINT('',#2357);
#2357 = CARTESIAN_POINT('',(-4.,11.,1.25));
#2358 = LINE('',#2359,#2360);
#2359 = CARTESIAN_POINT('',(-2.,11.,1.25));
#2360 = VECTOR('',#2361,1.);
#2361 = DIRECTION('',(-1.,1.018553233601E-16,0.));
#2362 = ORIENTED_EDGE('',*,*,#2363,.F.);
#2363 = EDGE_CURVE('',#2347,#2356,#2364,.T.);
#2364 = LINE('',#2365,#2366);
#2365 = CARTESIAN_POINT('',(-4.,11.1,1.25));
#2366 = VECTOR('',#2367,1.);
#2367 = DIRECTION('',(0.,-1.,0.));
#2368 = PLANE('',#2369);
#2369 = AXIS2_PLACEMENT_3D('',#2370,#2371,#2372);
#2370 = CARTESIAN_POINT('',(-4.,11.1,1.25));
#2371 = DIRECTION('',(0.,0.,-1.));
#2372 = DIRECTION('',(1.,-1.7763568394E-16,0.));
#2373 = ADVANCED_FACE('',(#2374),#2399,.T.);
#2374 = FACE_BOUND('',#2375,.T.);
#2375 = EDGE_LOOP('',(#2376,#2384,#2385,#2393));
#2376 = ORIENTED_EDGE('',*,*,#2377,.F.);
#2377 = EDGE_CURVE('',#2347,#2378,#2380,.T.);
#2378 = VERTEX_POINT('',#2379);
#2379 = CARTESIAN_POINT('',(-4.,11.1,0.75));
#2380 = LINE('',#2381,#2382);
#2381 = CARTESIAN_POINT('',(-4.,11.1,0.375));
#2382 = VECTOR('',#2383,1.);
#2383 = DIRECTION('',(0.,0.,-1.));
#2384 = ORIENTED_EDGE('',*,*,#2363,.T.);
#2385 = ORIENTED_EDGE('',*,*,#2386,.T.);
#2386 = EDGE_CURVE('',#2356,#2387,#2389,.T.);
#2387 = VERTEX_POINT('',#2388);
#2388 = CARTESIAN_POINT('',(-4.,11.,0.75));
#2389 = LINE('',#2390,#2391);
#2390 = CARTESIAN_POINT('',(-4.,11.,0.375));
#2391 = VECTOR('',#2392,1.);
#2392 = DIRECTION('',(0.,0.,-1.));
#2393 = ORIENTED_EDGE('',*,*,#2394,.F.);
#2394 = EDGE_CURVE('',#2378,#2387,#2395,.T.);
#2395 = LINE('',#2396,#2397);
#2396 = CARTESIAN_POINT('',(-4.,11.1,0.75));
#2397 = VECTOR('',#2398,1.);
#2398 = DIRECTION('',(0.,-1.,0.));
#2399 = PLANE('',#2400);
#2400 = AXIS2_PLACEMENT_3D('',#2401,#2402,#2403);
#2401 = CARTESIAN_POINT('',(-4.,11.1,0.75));
#2402 = DIRECTION('',(1.,0.,0.));
#2403 = DIRECTION('',(0.,0.,1.));
#2404 = ADVANCED_FACE('',(#2405),#2430,.T.);
#2405 = FACE_BOUND('',#2406,.T.);
#2406 = EDGE_LOOP('',(#2407,#2415,#2416,#2424));
#2407 = ORIENTED_EDGE('',*,*,#2408,.F.);
#2408 = EDGE_CURVE('',#2378,#2409,#2411,.T.);
#2409 = VERTEX_POINT('',#2410);
#2410 = CARTESIAN_POINT('',(-2.75,11.1,0.75));
#2411 = LINE('',#2412,#2413);
#2412 = CARTESIAN_POINT('',(-6.825,11.1,0.75));
#2413 = VECTOR('',#2414,1.);
#2414 = DIRECTION('',(1.,-1.018553233601E-16,0.));
#2415 = ORIENTED_EDGE('',*,*,#2394,.T.);
#2416 = ORIENTED_EDGE('',*,*,#2417,.T.);
#2417 = EDGE_CURVE('',#2387,#2418,#2420,.T.);
#2418 = VERTEX_POINT('',#2419);
#2419 = CARTESIAN_POINT('',(-2.75,11.,0.75));
#2420 = LINE('',#2421,#2422);
#2421 = CARTESIAN_POINT('',(-1.375,11.,0.75));
#2422 = VECTOR('',#2423,1.);
#2423 = DIRECTION('',(1.,-1.018553233601E-16,0.));
#2424 = ORIENTED_EDGE('',*,*,#2425,.F.);
#2425 = EDGE_CURVE('',#2409,#2418,#2426,.T.);
#2426 = LINE('',#2427,#2428);
#2427 = CARTESIAN_POINT('',(-2.75,11.1,0.75));
#2428 = VECTOR('',#2429,1.);
#2429 = DIRECTION('',(0.,-1.,0.));
#2430 = PLANE('',#2431);
#2431 = AXIS2_PLACEMENT_3D('',#2432,#2433,#2434);
#2432 = CARTESIAN_POINT('',(-2.75,11.1,0.75));
#2433 = DIRECTION('',(0.,0.,1.));
#2434 = DIRECTION('',(-1.,1.7763568394E-16,0.));
#2435 = ADVANCED_FACE('',(#2436),#2461,.T.);
#2436 = FACE_BOUND('',#2437,.T.);
#2437 = EDGE_LOOP('',(#2438,#2446,#2447,#2455));
#2438 = ORIENTED_EDGE('',*,*,#2439,.F.);
#2439 = EDGE_CURVE('',#2409,#2440,#2442,.T.);
#2440 = VERTEX_POINT('',#2441);
#2441 = CARTESIAN_POINT('',(-2.75,11.1,0.25));
#2442 = LINE('',#2443,#2444);
#2443 = CARTESIAN_POINT('',(-2.75,11.1,0.125));
#2444 = VECTOR('',#2445,1.);
#2445 = DIRECTION('',(0.,0.,-1.));
#2446 = ORIENTED_EDGE('',*,*,#2425,.T.);
#2447 = ORIENTED_EDGE('',*,*,#2448,.T.);
#2448 = EDGE_CURVE('',#2418,#2449,#2451,.T.);
#2449 = VERTEX_POINT('',#2450);
#2450 = CARTESIAN_POINT('',(-2.75,11.,0.25));
#2451 = LINE('',#2452,#2453);
#2452 = CARTESIAN_POINT('',(-2.75,11.,0.125));
#2453 = VECTOR('',#2454,1.);
#2454 = DIRECTION('',(0.,0.,-1.));
#2455 = ORIENTED_EDGE('',*,*,#2456,.F.);
#2456 = EDGE_CURVE('',#2440,#2449,#2457,.T.);
#2457 = LINE('',#2458,#2459);
#2458 = CARTESIAN_POINT('',(-2.75,11.1,0.25));
#2459 = VECTOR('',#2460,1.);
#2460 = DIRECTION('',(0.,-1.,0.));
#2461 = PLANE('',#2462);
#2462 = AXIS2_PLACEMENT_3D('',#2463,#2464,#2465);
#2463 = CARTESIAN_POINT('',(-2.75,11.1,0.25));
#2464 = DIRECTION('',(1.,0.,0.));
#2465 = DIRECTION('',(0.,0.,1.));
#2466 = ADVANCED_FACE('',(#2467),#2492,.T.);
#2467 = FACE_BOUND('',#2468,.T.);
#2468 = EDGE_LOOP('',(#2469,#2477,#2478,#2486));
#2469 = ORIENTED_EDGE('',*,*,#2470,.F.);
#2470 = EDGE_CURVE('',#2440,#2471,#2473,.T.);
#2471 = VERTEX_POINT('',#2472);
#2472 = CARTESIAN_POINT('',(-4.,11.1,0.25));
#2473 = LINE('',#2474,#2475);
#2474 = CARTESIAN_POINT('',(-7.45,11.1,0.25));
#2475 = VECTOR('',#2476,1.);
#2476 = DIRECTION('',(-1.,1.018553233601E-16,2.775557561563E-17));
#2477 = ORIENTED_EDGE('',*,*,#2456,.T.);
#2478 = ORIENTED_EDGE('',*,*,#2479,.T.);
#2479 = EDGE_CURVE('',#2449,#2480,#2482,.T.);
#2480 = VERTEX_POINT('',#2481);
#2481 = CARTESIAN_POINT('',(-4.,11.,0.25));
#2482 = LINE('',#2483,#2484);
#2483 = CARTESIAN_POINT('',(-2.,11.,0.25));
#2484 = VECTOR('',#2485,1.);
#2485 = DIRECTION('',(-1.,1.018553233601E-16,2.775557561563E-17));
#2486 = ORIENTED_EDGE('',*,*,#2487,.F.);
#2487 = EDGE_CURVE('',#2471,#2480,#2488,.T.);
#2488 = LINE('',#2489,#2490);
#2489 = CARTESIAN_POINT('',(-4.,11.1,0.25));
#2490 = VECTOR('',#2491,1.);
#2491 = DIRECTION('',(0.,-1.,0.));
#2492 = PLANE('',#2493);
#2493 = AXIS2_PLACEMENT_3D('',#2494,#2495,#2496);
#2494 = CARTESIAN_POINT('',(-4.,11.1,0.25));
#2495 = DIRECTION('',(-2.775557561563E-17,0.,-1.));
#2496 = DIRECTION('',(1.,-1.7763568394E-16,-2.775557561563E-17));
#2497 = ADVANCED_FACE('',(#2498),#2523,.T.);
#2498 = FACE_BOUND('',#2499,.T.);
#2499 = EDGE_LOOP('',(#2500,#2508,#2509,#2517));
#2500 = ORIENTED_EDGE('',*,*,#2501,.F.);
#2501 = EDGE_CURVE('',#2471,#2502,#2504,.T.);
#2502 = VERTEX_POINT('',#2503);
#2503 = CARTESIAN_POINT('',(-4.,11.1,-0.25));
#2504 = LINE('',#2505,#2506);
#2505 = CARTESIAN_POINT('',(-4.,11.1,-0.125));
#2506 = VECTOR('',#2507,1.);
#2507 = DIRECTION('',(0.,0.,-1.));
#2508 = ORIENTED_EDGE('',*,*,#2487,.T.);
#2509 = ORIENTED_EDGE('',*,*,#2510,.T.);
#2510 = EDGE_CURVE('',#2480,#2511,#2513,.T.);
#2511 = VERTEX_POINT('',#2512);
#2512 = CARTESIAN_POINT('',(-4.,11.,-0.25));
#2513 = LINE('',#2514,#2515);
#2514 = CARTESIAN_POINT('',(-4.,11.,-0.125));
#2515 = VECTOR('',#2516,1.);
#2516 = DIRECTION('',(0.,0.,-1.));
#2517 = ORIENTED_EDGE('',*,*,#2518,.F.);
#2518 = EDGE_CURVE('',#2502,#2511,#2519,.T.);
#2519 = LINE('',#2520,#2521);
#2520 = CARTESIAN_POINT('',(-4.,11.1,-0.25));
#2521 = VECTOR('',#2522,1.);
#2522 = DIRECTION('',(0.,-1.,0.));
#2523 = PLANE('',#2524);
#2524 = AXIS2_PLACEMENT_3D('',#2525,#2526,#2527);
#2525 = CARTESIAN_POINT('',(-4.,11.1,-0.25));
#2526 = DIRECTION('',(1.,0.,0.));
#2527 = DIRECTION('',(0.,0.,1.));
#2528 = ADVANCED_FACE('',(#2529),#2554,.T.);
#2529 = FACE_BOUND('',#2530,.T.);
#2530 = EDGE_LOOP('',(#2531,#2539,#2540,#2548));
#2531 = ORIENTED_EDGE('',*,*,#2532,.F.);
#2532 = EDGE_CURVE('',#2502,#2533,#2535,.T.);
#2533 = VERTEX_POINT('',#2534);
#2534 = CARTESIAN_POINT('',(-2.,11.1,-0.25));
#2535 = LINE('',#2536,#2537);
#2536 = CARTESIAN_POINT('',(-6.45,11.1,-0.25));
#2537 = VECTOR('',#2538,1.);
#2538 = DIRECTION('',(1.,-1.018553233601E-16,-1.214306433184E-16));
#2539 = ORIENTED_EDGE('',*,*,#2518,.T.);
#2540 = ORIENTED_EDGE('',*,*,#2541,.T.);
#2541 = EDGE_CURVE('',#2511,#2542,#2544,.T.);
#2542 = VERTEX_POINT('',#2543);
#2543 = CARTESIAN_POINT('',(-2.,11.,-0.25));
#2544 = LINE('',#2545,#2546);
#2545 = CARTESIAN_POINT('',(-1.,11.,-0.25));
#2546 = VECTOR('',#2547,1.);
#2547 = DIRECTION('',(1.,-1.018553233601E-16,-1.214306433184E-16));
#2548 = ORIENTED_EDGE('',*,*,#2549,.F.);
#2549 = EDGE_CURVE('',#2533,#2542,#2550,.T.);
#2550 = LINE('',#2551,#2552);
#2551 = CARTESIAN_POINT('',(-2.,11.1,-0.25));
#2552 = VECTOR('',#2553,1.);
#2553 = DIRECTION('',(0.,-1.,0.));
#2554 = PLANE('',#2555);
#2555 = AXIS2_PLACEMENT_3D('',#2556,#2557,#2558);
#2556 = CARTESIAN_POINT('',(-2.,11.1,-0.25));
#2557 = DIRECTION('',(1.214306433184E-16,0.,1.));
#2558 = DIRECTION('',(-1.,1.7763568394E-16,1.214306433184E-16));
#2559 = ADVANCED_FACE('',(#2560),#2585,.T.);
#2560 = FACE_BOUND('',#2561,.T.);
#2561 = EDGE_LOOP('',(#2562,#2570,#2571,#2579));
#2562 = ORIENTED_EDGE('',*,*,#2563,.F.);
#2563 = EDGE_CURVE('',#2533,#2564,#2566,.T.);
#2564 = VERTEX_POINT('',#2565);
#2565 = CARTESIAN_POINT('',(-2.,11.1,-0.75));
#2566 = LINE('',#2567,#2568);
#2567 = CARTESIAN_POINT('',(-2.,11.1,-0.375));
#2568 = VECTOR('',#2569,1.);
#2569 = DIRECTION('',(0.,0.,-1.));
#2570 = ORIENTED_EDGE('',*,*,#2549,.T.);
#2571 = ORIENTED_EDGE('',*,*,#2572,.T.);
#2572 = EDGE_CURVE('',#2542,#2573,#2575,.T.);
#2573 = VERTEX_POINT('',#2574);
#2574 = CARTESIAN_POINT('',(-2.,11.,-0.75));
#2575 = LINE('',#2576,#2577);
#2576 = CARTESIAN_POINT('',(-2.,11.,-0.375));
#2577 = VECTOR('',#2578,1.);
#2578 = DIRECTION('',(0.,0.,-1.));
#2579 = ORIENTED_EDGE('',*,*,#2580,.F.);
#2580 = EDGE_CURVE('',#2564,#2573,#2581,.T.);
#2581 = LINE('',#2582,#2583);
#2582 = CARTESIAN_POINT('',(-2.,11.1,-0.75));
#2583 = VECTOR('',#2584,1.);
#2584 = DIRECTION('',(0.,-1.,0.));
#2585 = PLANE('',#2586);
#2586 = AXIS2_PLACEMENT_3D('',#2587,#2588,#2589);
#2587 = CARTESIAN_POINT('',(-2.,11.1,-0.75));
#2588 = DIRECTION('',(1.,0.,0.));
#2589 = DIRECTION('',(0.,0.,1.));
#2590 = ADVANCED_FACE('',(#2591),#2607,.T.);
#2591 = FACE_BOUND('',#2592,.T.);
#2592 = EDGE_LOOP('',(#2593,#2599,#2600,#2606));
#2593 = ORIENTED_EDGE('',*,*,#2594,.F.);
#2594 = EDGE_CURVE('',#2564,#2245,#2595,.T.);
#2595 = LINE('',#2596,#2597);
#2596 = CARTESIAN_POINT('',(-7.7,11.1,-0.75));
#2597 = VECTOR('',#2598,1.);
#2598 = DIRECTION('',(-1.,1.018553233601E-16,0.));
#2599 = ORIENTED_EDGE('',*,*,#2580,.T.);
#2600 = ORIENTED_EDGE('',*,*,#2601,.T.);
#2601 = EDGE_CURVE('',#2573,#2255,#2602,.T.);
#2602 = LINE('',#2603,#2604);
#2603 = CARTESIAN_POINT('',(-2.25,11.,-0.75));
#2604 = VECTOR('',#2605,1.);
#2605 = DIRECTION('',(-1.,1.018553233601E-16,0.));
#2606 = ORIENTED_EDGE('',*,*,#2254,.F.);
#2607 = PLANE('',#2608);
#2608 = AXIS2_PLACEMENT_3D('',#2609,#2610,#2611);
#2609 = CARTESIAN_POINT('',(-4.5,11.1,-0.75));
#2610 = DIRECTION('',(0.,0.,-1.));
#2611 = DIRECTION('',(1.,-1.7763568394E-16,0.));
#2612 = ADVANCED_FACE('',(#2613),#2647,.T.);
#2613 = FACE_BOUND('',#2614,.T.);
#2614 = EDGE_LOOP('',(#2615,#2625,#2633,#2641));
#2615 = ORIENTED_EDGE('',*,*,#2616,.F.);
#2616 = EDGE_CURVE('',#2617,#2619,#2621,.T.);
#2617 = VERTEX_POINT('',#2618);
#2618 = CARTESIAN_POINT('',(0.75,11.1,-0.25));
#2619 = VERTEX_POINT('',#2620);
#2620 = CARTESIAN_POINT('',(0.75,11.1,0.25));
#2621 = LINE('',#2622,#2623);
#2622 = CARTESIAN_POINT('',(0.75,11.1,0.125));
#2623 = VECTOR('',#2624,1.);
#2624 = DIRECTION('',(0.,0.,1.));
#2625 = ORIENTED_EDGE('',*,*,#2626,.T.);
#2626 = EDGE_CURVE('',#2617,#2627,#2629,.T.);
#2627 = VERTEX_POINT('',#2628);
#2628 = CARTESIAN_POINT('',(0.75,11.,-0.25));
#2629 = LINE('',#2630,#2631);
#2630 = CARTESIAN_POINT('',(0.75,11.1,-0.25));
#2631 = VECTOR('',#2632,1.);
#2632 = DIRECTION('',(0.,-1.,0.));
#2633 = ORIENTED_EDGE('',*,*,#2634,.T.);
#2634 = EDGE_CURVE('',#2627,#2635,#2637,.T.);
#2635 = VERTEX_POINT('',#2636);
#2636 = CARTESIAN_POINT('',(0.75,11.,0.25));
#2637 = LINE('',#2638,#2639);
#2638 = CARTESIAN_POINT('',(0.75,11.,0.125));
#2639 = VECTOR('',#2640,1.);
#2640 = DIRECTION('',(0.,0.,1.));
#2641 = ORIENTED_EDGE('',*,*,#2642,.F.);
#2642 = EDGE_CURVE('',#2619,#2635,#2643,.T.);
#2643 = LINE('',#2644,#2645);
#2644 = CARTESIAN_POINT('',(0.75,11.1,0.25));
#2645 = VECTOR('',#2646,1.);
#2646 = DIRECTION('',(0.,-1.,0.));
#2647 = PLANE('',#2648);
#2648 = AXIS2_PLACEMENT_3D('',#2649,#2650,#2651);
#2649 = CARTESIAN_POINT('',(0.75,11.1,0.25));
#2650 = DIRECTION('',(-1.,0.,0.));
#2651 = DIRECTION('',(0.,0.,-1.));
#2652 = ADVANCED_FACE('',(#2653),#2678,.T.);
#2653 = FACE_BOUND('',#2654,.T.);
#2654 = EDGE_LOOP('',(#2655,#2663,#2664,#2672));
#2655 = ORIENTED_EDGE('',*,*,#2656,.F.);
#2656 = EDGE_CURVE('',#2619,#2657,#2659,.T.);
#2657 = VERTEX_POINT('',#2658);
#2658 = CARTESIAN_POINT('',(1.25,11.1,0.25));
#2659 = LINE('',#2660,#2661);
#2660 = CARTESIAN_POINT('',(-4.825,11.1,0.25));
#2661 = VECTOR('',#2662,1.);
#2662 = DIRECTION('',(1.,-1.018553233601E-16,0.));
#2663 = ORIENTED_EDGE('',*,*,#2642,.T.);
#2664 = ORIENTED_EDGE('',*,*,#2665,.T.);
#2665 = EDGE_CURVE('',#2635,#2666,#2668,.T.);
#2666 = VERTEX_POINT('',#2667);
#2667 = CARTESIAN_POINT('',(1.25,11.,0.25));
#2668 = LINE('',#2669,#2670);
#2669 = CARTESIAN_POINT('',(0.625,11.,0.25));
#2670 = VECTOR('',#2671,1.);
#2671 = DIRECTION('',(1.,-1.018553233601E-16,0.));
#2672 = ORIENTED_EDGE('',*,*,#2673,.F.);
#2673 = EDGE_CURVE('',#2657,#2666,#2674,.T.);
#2674 = LINE('',#2675,#2676);
#2675 = CARTESIAN_POINT('',(1.25,11.1,0.25));
#2676 = VECTOR('',#2677,1.);
#2677 = DIRECTION('',(0.,-1.,0.));
#2678 = PLANE('',#2679);
#2679 = AXIS2_PLACEMENT_3D('',#2680,#2681,#2682);
#2680 = CARTESIAN_POINT('',(1.25,11.1,0.25));
#2681 = DIRECTION('',(0.,0.,1.));
#2682 = DIRECTION('',(-1.,1.7763568394E-16,0.));
#2683 = ADVANCED_FACE('',(#2684),#2709,.T.);
#2684 = FACE_BOUND('',#2685,.T.);
#2685 = EDGE_LOOP('',(#2686,#2694,#2695,#2703));
#2686 = ORIENTED_EDGE('',*,*,#2687,.F.);
#2687 = EDGE_CURVE('',#2657,#2688,#2690,.T.);
#2688 = VERTEX_POINT('',#2689);
#2689 = CARTESIAN_POINT('',(1.25,11.1,-0.25));
#2690 = LINE('',#2691,#2692);
#2691 = CARTESIAN_POINT('',(1.25,11.1,-0.125));
#2692 = VECTOR('',#2693,1.);
#2693 = DIRECTION('',(0.,0.,-1.));
#2694 = ORIENTED_EDGE('',*,*,#2673,.T.);
#2695 = ORIENTED_EDGE('',*,*,#2696,.T.);
#2696 = EDGE_CURVE('',#2666,#2697,#2699,.T.);
#2697 = VERTEX_POINT('',#2698);
#2698 = CARTESIAN_POINT('',(1.25,11.,-0.25));
#2699 = LINE('',#2700,#2701);
#2700 = CARTESIAN_POINT('',(1.25,11.,-0.125));
#2701 = VECTOR('',#2702,1.);
#2702 = DIRECTION('',(0.,0.,-1.));
#2703 = ORIENTED_EDGE('',*,*,#2704,.F.);
#2704 = EDGE_CURVE('',#2688,#2697,#2705,.T.);
#2705 = LINE('',#2706,#2707);
#2706 = CARTESIAN_POINT('',(1.25,11.1,-0.25));
#2707 = VECTOR('',#2708,1.);
#2708 = DIRECTION('',(0.,-1.,0.));
#2709 = PLANE('',#2710);
#2710 = AXIS2_PLACEMENT_3D('',#2711,#2712,#2713);
#2711 = CARTESIAN_POINT('',(1.25,11.1,-0.25));
#2712 = DIRECTION('',(1.,0.,0.));
#2713 = DIRECTION('',(0.,0.,1.));
#2714 = ADVANCED_FACE('',(#2715),#2742,.T.);
#2715 = FACE_BOUND('',#2716,.T.);
#2716 = EDGE_LOOP('',(#2717,#2726,#2727,#2736));
#2717 = ORIENTED_EDGE('',*,*,#2718,.F.);
#2718 = EDGE_CURVE('',#2688,#2719,#2721,.T.);
#2719 = VERTEX_POINT('',#2720);
#2720 = CARTESIAN_POINT('',(0.75,11.1,-0.75));
#2721 = CIRCLE('',#2722,0.5);
#2722 = AXIS2_PLACEMENT_3D('',#2723,#2724,#2725);
#2723 = CARTESIAN_POINT('',(0.75,11.1,-0.25));
#2724 = DIRECTION('',(1.018553233601E-16,1.,0.));
#2725 = DIRECTION('',(1.,-1.018553233601E-16,0.));
#2726 = ORIENTED_EDGE('',*,*,#2704,.T.);
#2727 = ORIENTED_EDGE('',*,*,#2728,.T.);
#2728 = EDGE_CURVE('',#2697,#2729,#2731,.T.);
#2729 = VERTEX_POINT('',#2730);
#2730 = CARTESIAN_POINT('',(0.75,11.,-0.75));
#2731 = CIRCLE('',#2732,0.5);
#2732 = AXIS2_PLACEMENT_3D('',#2733,#2734,#2735);
#2733 = CARTESIAN_POINT('',(0.75,11.,-0.25));
#2734 = DIRECTION('',(1.018553233601E-16,1.,0.));
#2735 = DIRECTION('',(1.,-1.018553233601E-16,0.));
#2736 = ORIENTED_EDGE('',*,*,#2737,.F.);
#2737 = EDGE_CURVE('',#2719,#2729,#2738,.T.);
#2738 = LINE('',#2739,#2740);
#2739 = CARTESIAN_POINT('',(0.75,11.1,-0.75));
#2740 = VECTOR('',#2741,1.);
#2741 = DIRECTION('',(0.,-1.,0.));
#2742 = CYLINDRICAL_SURFACE('',#2743,0.5);
#2743 = AXIS2_PLACEMENT_3D('',#2744,#2745,#2746);
#2744 = CARTESIAN_POINT('',(0.75,11.1,-0.25));
#2745 = DIRECTION('',(0.,-1.,0.));
#2746 = DIRECTION('',(1.,0.,0.));
#2747 = ADVANCED_FACE('',(#2748),#2773,.T.);
#2748 = FACE_BOUND('',#2749,.T.);
#2749 = EDGE_LOOP('',(#2750,#2758,#2759,#2767));
#2750 = ORIENTED_EDGE('',*,*,#2751,.F.);
#2751 = EDGE_CURVE('',#2719,#2752,#2754,.T.);
#2752 = VERTEX_POINT('',#2753);
#2753 = CARTESIAN_POINT('',(-0.75,11.1,-0.75));
#2754 = LINE('',#2755,#2756);
#2755 = CARTESIAN_POINT('',(-5.825,11.1,-0.75));
#2756 = VECTOR('',#2757,1.);
#2757 = DIRECTION('',(-1.,1.018553233601E-16,0.));
#2758 = ORIENTED_EDGE('',*,*,#2737,.T.);
#2759 = ORIENTED_EDGE('',*,*,#2760,.T.);
#2760 = EDGE_CURVE('',#2729,#2761,#2763,.T.);
#2761 = VERTEX_POINT('',#2762);
#2762 = CARTESIAN_POINT('',(-0.75,11.,-0.75));
#2763 = LINE('',#2764,#2765);
#2764 = CARTESIAN_POINT('',(-0.375,11.,-0.75));
#2765 = VECTOR('',#2766,1.);
#2766 = DIRECTION('',(-1.,1.018553233601E-16,0.));
#2767 = ORIENTED_EDGE('',*,*,#2768,.F.);
#2768 = EDGE_CURVE('',#2752,#2761,#2769,.T.);
#2769 = LINE('',#2770,#2771);
#2770 = CARTESIAN_POINT('',(-0.75,11.1,-0.75));
#2771 = VECTOR('',#2772,1.);
#2772 = DIRECTION('',(0.,-1.,0.));
#2773 = PLANE('',#2774);
#2774 = AXIS2_PLACEMENT_3D('',#2775,#2776,#2777);
#2775 = CARTESIAN_POINT('',(-0.75,11.1,-0.75));
#2776 = DIRECTION('',(0.,0.,-1.));
#2777 = DIRECTION('',(1.,-1.7763568394E-16,0.));
#2778 = ADVANCED_FACE('',(#2779),#2806,.T.);
#2779 = FACE_BOUND('',#2780,.T.);
#2780 = EDGE_LOOP('',(#2781,#2790,#2791,#2800));
#2781 = ORIENTED_EDGE('',*,*,#2782,.F.);
#2782 = EDGE_CURVE('',#2752,#2783,#2785,.T.);
#2783 = VERTEX_POINT('',#2784);
#2784 = CARTESIAN_POINT('',(-1.25,11.1,-0.25));
#2785 = CIRCLE('',#2786,0.5);
#2786 = AXIS2_PLACEMENT_3D('',#2787,#2788,#2789);
#2787 = CARTESIAN_POINT('',(-0.75,11.1,-0.25));
#2788 = DIRECTION('',(1.018553233601E-16,1.,0.));
#2789 = DIRECTION('',(0.,0.,-1.));
#2790 = ORIENTED_EDGE('',*,*,#2768,.T.);
#2791 = ORIENTED_EDGE('',*,*,#2792,.T.);
#2792 = EDGE_CURVE('',#2761,#2793,#2795,.T.);
#2793 = VERTEX_POINT('',#2794);
#2794 = CARTESIAN_POINT('',(-1.25,11.,-0.25));
#2795 = CIRCLE('',#2796,0.5);
#2796 = AXIS2_PLACEMENT_3D('',#2797,#2798,#2799);
#2797 = CARTESIAN_POINT('',(-0.75,11.,-0.25));
#2798 = DIRECTION('',(1.018553233601E-16,1.,0.));
#2799 = DIRECTION('',(0.,0.,-1.));
#2800 = ORIENTED_EDGE('',*,*,#2801,.F.);
#2801 = EDGE_CURVE('',#2783,#2793,#2802,.T.);
#2802 = LINE('',#2803,#2804);
#2803 = CARTESIAN_POINT('',(-1.25,11.1,-0.25));
#2804 = VECTOR('',#2805,1.);
#2805 = DIRECTION('',(0.,-1.,0.));
#2806 = CYLINDRICAL_SURFACE('',#2807,0.5);
#2807 = AXIS2_PLACEMENT_3D('',#2808,#2809,#2810);
#2808 = CARTESIAN_POINT('',(-0.75,11.1,-0.25));
#2809 = DIRECTION('',(0.,-1.,0.));
#2810 = DIRECTION('',(0.,0.,-1.));
#2811 = ADVANCED_FACE('',(#2812),#2837,.T.);
#2812 = FACE_BOUND('',#2813,.T.);
#2813 = EDGE_LOOP('',(#2814,#2822,#2823,#2831));
#2814 = ORIENTED_EDGE('',*,*,#2815,.F.);
#2815 = EDGE_CURVE('',#2783,#2816,#2818,.T.);
#2816 = VERTEX_POINT('',#2817);
#2817 = CARTESIAN_POINT('',(-1.25,11.1,1.25));
#2818 = LINE('',#2819,#2820);
#2819 = CARTESIAN_POINT('',(-1.25,11.1,0.625));
#2820 = VECTOR('',#2821,1.);
#2821 = DIRECTION('',(0.,0.,1.));
#2822 = ORIENTED_EDGE('',*,*,#2801,.T.);
#2823 = ORIENTED_EDGE('',*,*,#2824,.T.);
#2824 = EDGE_CURVE('',#2793,#2825,#2827,.T.);
#2825 = VERTEX_POINT('',#2826);
#2826 = CARTESIAN_POINT('',(-1.25,11.,1.25));
#2827 = LINE('',#2828,#2829);
#2828 = CARTESIAN_POINT('',(-1.25,11.,0.625));
#2829 = VECTOR('',#2830,1.);
#2830 = DIRECTION('',(0.,0.,1.));
#2831 = ORIENTED_EDGE('',*,*,#2832,.F.);
#2832 = EDGE_CURVE('',#2816,#2825,#2833,.T.);
#2833 = LINE('',#2834,#2835);
#2834 = CARTESIAN_POINT('',(-1.25,11.1,1.25));
#2835 = VECTOR('',#2836,1.);
#2836 = DIRECTION('',(0.,-1.,0.));
#2837 = PLANE('',#2838);
#2838 = AXIS2_PLACEMENT_3D('',#2839,#2840,#2841);
#2839 = CARTESIAN_POINT('',(-1.25,11.1,1.25));
#2840 = DIRECTION('',(-1.,0.,0.));
#2841 = DIRECTION('',(0.,0.,-1.));
#2842 = ADVANCED_FACE('',(#2843),#2870,.T.);
#2843 = FACE_BOUND('',#2844,.T.);
#2844 = EDGE_LOOP('',(#2845,#2854,#2855,#2864));
#2845 = ORIENTED_EDGE('',*,*,#2846,.F.);
#2846 = EDGE_CURVE('',#2816,#2847,#2849,.T.);
#2847 = VERTEX_POINT('',#2848);
#2848 = CARTESIAN_POINT('',(-0.75,11.1,1.75));
#2849 = CIRCLE('',#2850,0.5);
#2850 = AXIS2_PLACEMENT_3D('',#2851,#2852,#2853);
#2851 = CARTESIAN_POINT('',(-0.75,11.1,1.25));
#2852 = DIRECTION('',(1.018553233601E-16,1.,0.));
#2853 = DIRECTION('',(-1.,1.018553233601E-16,2.775557561563E-16));
#2854 = ORIENTED_EDGE('',*,*,#2832,.T.);
#2855 = ORIENTED_EDGE('',*,*,#2856,.T.);
#2856 = EDGE_CURVE('',#2825,#2857,#2859,.T.);
#2857 = VERTEX_POINT('',#2858);
#2858 = CARTESIAN_POINT('',(-0.75,11.,1.75));
#2859 = CIRCLE('',#2860,0.5);
#2860 = AXIS2_PLACEMENT_3D('',#2861,#2862,#2863);
#2861 = CARTESIAN_POINT('',(-0.75,11.,1.25));
#2862 = DIRECTION('',(1.018553233601E-16,1.,0.));
#2863 = DIRECTION('',(-1.,1.018553233601E-16,2.775557561563E-16));
#2864 = ORIENTED_EDGE('',*,*,#2865,.F.);
#2865 = EDGE_CURVE('',#2847,#2857,#2866,.T.);
#2866 = LINE('',#2867,#2868);
#2867 = CARTESIAN_POINT('',(-0.75,11.1,1.75));
#2868 = VECTOR('',#2869,1.);
#2869 = DIRECTION('',(0.,-1.,0.));
#2870 = CYLINDRICAL_SURFACE('',#2871,0.5);
#2871 = AXIS2_PLACEMENT_3D('',#2872,#2873,#2874);
#2872 = CARTESIAN_POINT('',(-0.75,11.1,1.25));
#2873 = DIRECTION('',(0.,-1.,0.));
#2874 = DIRECTION('',(-1.,0.,2.775557561563E-16));
#2875 = ADVANCED_FACE('',(#2876),#2901,.T.);
#2876 = FACE_BOUND('',#2877,.T.);
#2877 = EDGE_LOOP('',(#2878,#2886,#2887,#2895));
#2878 = ORIENTED_EDGE('',*,*,#2879,.F.);
#2879 = EDGE_CURVE('',#2847,#2880,#2882,.T.);
#2880 = VERTEX_POINT('',#2881);
#2881 = CARTESIAN_POINT('',(0.75,11.1,1.75));
#2882 = LINE('',#2883,#2884);
#2883 = CARTESIAN_POINT('',(-5.075,11.1,1.75));
#2884 = VECTOR('',#2885,1.);
#2885 = DIRECTION('',(1.,-1.018553233601E-16,0.));
#2886 = ORIENTED_EDGE('',*,*,#2865,.T.);
#2887 = ORIENTED_EDGE('',*,*,#2888,.T.);
#2888 = EDGE_CURVE('',#2857,#2889,#2891,.T.);
#2889 = VERTEX_POINT('',#2890);
#2890 = CARTESIAN_POINT('',(0.75,11.,1.75));
#2891 = LINE('',#2892,#2893);
#2892 = CARTESIAN_POINT('',(0.375,11.,1.75));
#2893 = VECTOR('',#2894,1.);
#2894 = DIRECTION('',(1.,-1.018553233601E-16,0.));
#2895 = ORIENTED_EDGE('',*,*,#2896,.F.);
#2896 = EDGE_CURVE('',#2880,#2889,#2897,.T.);
#2897 = LINE('',#2898,#2899);
#2898 = CARTESIAN_POINT('',(0.75,11.1,1.75));
#2899 = VECTOR('',#2900,1.);
#2900 = DIRECTION('',(0.,-1.,0.));
#2901 = PLANE('',#2902);
#2902 = AXIS2_PLACEMENT_3D('',#2903,#2904,#2905);
#2903 = CARTESIAN_POINT('',(0.75,11.1,1.75));
#2904 = DIRECTION('',(0.,0.,1.));
#2905 = DIRECTION('',(-1.,1.7763568394E-16,0.));
#2906 = ADVANCED_FACE('',(#2907),#2934,.T.);
#2907 = FACE_BOUND('',#2908,.T.);
#2908 = EDGE_LOOP('',(#2909,#2918,#2919,#2928));
#2909 = ORIENTED_EDGE('',*,*,#2910,.F.);
#2910 = EDGE_CURVE('',#2880,#2911,#2913,.T.);
#2911 = VERTEX_POINT('',#2912);
#2912 = CARTESIAN_POINT('',(1.25,11.1,1.25));
#2913 = CIRCLE('',#2914,0.5);
#2914 = AXIS2_PLACEMENT_3D('',#2915,#2916,#2917);
#2915 = CARTESIAN_POINT('',(0.75,11.1,1.25));
#2916 = DIRECTION('',(1.018553233601E-16,1.,0.));
#2917 = DIRECTION('',(5.551115123126E-16,-5.654106258751E-32,1.));
#2918 = ORIENTED_EDGE('',*,*,#2896,.T.);
#2919 = ORIENTED_EDGE('',*,*,#2920,.T.);
#2920 = EDGE_CURVE('',#2889,#2921,#2923,.T.);
#2921 = VERTEX_POINT('',#2922);
#2922 = CARTESIAN_POINT('',(1.25,11.,1.25));
#2923 = CIRCLE('',#2924,0.5);
#2924 = AXIS2_PLACEMENT_3D('',#2925,#2926,#2927);
#2925 = CARTESIAN_POINT('',(0.75,11.,1.25));
#2926 = DIRECTION('',(1.018553233601E-16,1.,0.));
#2927 = DIRECTION('',(5.551115123126E-16,-5.654106258751E-32,1.));
#2928 = ORIENTED_EDGE('',*,*,#2929,.F.);
#2929 = EDGE_CURVE('',#2911,#2921,#2930,.T.);
#2930 = LINE('',#2931,#2932);
#2931 = CARTESIAN_POINT('',(1.25,11.1,1.25));
#2932 = VECTOR('',#2933,1.);
#2933 = DIRECTION('',(0.,-1.,0.));
#2934 = CYLINDRICAL_SURFACE('',#2935,0.5);
#2935 = AXIS2_PLACEMENT_3D('',#2936,#2937,#2938);
#2936 = CARTESIAN_POINT('',(0.75,11.1,1.25));
#2937 = DIRECTION('',(0.,-1.,0.));
#2938 = DIRECTION('',(5.551115123126E-16,0.,1.));
#2939 = ADVANCED_FACE('',(#2940),#2965,.T.);
#2940 = FACE_BOUND('',#2941,.T.);
#2941 = EDGE_LOOP('',(#2942,#2950,#2951,#2959));
#2942 = ORIENTED_EDGE('',*,*,#2943,.F.);
#2943 = EDGE_CURVE('',#2911,#2944,#2946,.T.);
#2944 = VERTEX_POINT('',#2945);
#2945 = CARTESIAN_POINT('',(1.25,11.1,0.75));
#2946 = LINE('',#2947,#2948);
#2947 = CARTESIAN_POINT('',(1.25,11.1,0.375));
#2948 = VECTOR('',#2949,1.);
#2949 = DIRECTION('',(0.,0.,-1.));
#2950 = ORIENTED_EDGE('',*,*,#2929,.T.);
#2951 = ORIENTED_EDGE('',*,*,#2952,.T.);
#2952 = EDGE_CURVE('',#2921,#2953,#2955,.T.);
#2953 = VERTEX_POINT('',#2954);
#2954 = CARTESIAN_POINT('',(1.25,11.,0.75));
#2955 = LINE('',#2956,#2957);
#2956 = CARTESIAN_POINT('',(1.25,11.,0.375));
#2957 = VECTOR('',#2958,1.);
#2958 = DIRECTION('',(0.,0.,-1.));
#2959 = ORIENTED_EDGE('',*,*,#2960,.F.);
#2960 = EDGE_CURVE('',#2944,#2953,#2961,.T.);
#2961 = LINE('',#2962,#2963);
#2962 = CARTESIAN_POINT('',(1.25,11.1,0.75));
#2963 = VECTOR('',#2964,1.);
#2964 = DIRECTION('',(0.,-1.,0.));
#2965 = PLANE('',#2966);
#2966 = AXIS2_PLACEMENT_3D('',#2967,#2968,#2969);
#2967 = CARTESIAN_POINT('',(1.25,11.1,0.75));
#2968 = DIRECTION('',(1.,0.,0.));
#2969 = DIRECTION('',(0.,0.,1.));
#2970 = ADVANCED_FACE('',(#2971),#2996,.T.);
#2971 = FACE_BOUND('',#2972,.T.);
#2972 = EDGE_LOOP('',(#2973,#2981,#2982,#2990));
#2973 = ORIENTED_EDGE('',*,*,#2974,.F.);
#2974 = EDGE_CURVE('',#2944,#2975,#2977,.T.);
#2975 = VERTEX_POINT('',#2976);
#2976 = CARTESIAN_POINT('',(0.75,11.1,0.75));
#2977 = LINE('',#2978,#2979);
#2978 = CARTESIAN_POINT('',(-5.075,11.1,0.75));
#2979 = VECTOR('',#2980,1.);
#2980 = DIRECTION('',(-1.,1.018553233601E-16,0.));
#2981 = ORIENTED_EDGE('',*,*,#2960,.T.);
#2982 = ORIENTED_EDGE('',*,*,#2983,.T.);
#2983 = EDGE_CURVE('',#2953,#2984,#2986,.T.);
#2984 = VERTEX_POINT('',#2985);
#2985 = CARTESIAN_POINT('',(0.75,11.,0.75));
#2986 = LINE('',#2987,#2988);
#2987 = CARTESIAN_POINT('',(0.375,11.,0.75));
#2988 = VECTOR('',#2989,1.);
#2989 = DIRECTION('',(-1.,1.018553233601E-16,0.));
#2990 = ORIENTED_EDGE('',*,*,#2991,.F.);
#2991 = EDGE_CURVE('',#2975,#2984,#2992,.T.);
#2992 = LINE('',#2993,#2994);
#2993 = CARTESIAN_POINT('',(0.75,11.1,0.75));
#2994 = VECTOR('',#2995,1.);
#2995 = DIRECTION('',(0.,-1.,0.));
#2996 = PLANE('',#2997);
#2997 = AXIS2_PLACEMENT_3D('',#2998,#2999,#3000);
#2998 = CARTESIAN_POINT('',(0.75,11.1,0.75));
#2999 = DIRECTION('',(0.,0.,-1.));
#3000 = DIRECTION('',(1.,-1.7763568394E-16,0.));
#3001 = ADVANCED_FACE('',(#3002),#3027,.T.);
#3002 = FACE_BOUND('',#3003,.T.);
#3003 = EDGE_LOOP('',(#3004,#3012,#3013,#3021));
#3004 = ORIENTED_EDGE('',*,*,#3005,.F.);
#3005 = EDGE_CURVE('',#2975,#3006,#3008,.T.);
#3006 = VERTEX_POINT('',#3007);
#3007 = CARTESIAN_POINT('',(0.75,11.1,1.25));
#3008 = LINE('',#3009,#3010);
#3009 = CARTESIAN_POINT('',(0.75,11.1,0.625));
#3010 = VECTOR('',#3011,1.);
#3011 = DIRECTION('',(0.,0.,1.));
#3012 = ORIENTED_EDGE('',*,*,#2991,.T.);
#3013 = ORIENTED_EDGE('',*,*,#3014,.T.);
#3014 = EDGE_CURVE('',#2984,#3015,#3017,.T.);
#3015 = VERTEX_POINT('',#3016);
#3016 = CARTESIAN_POINT('',(0.75,11.,1.25));
#3017 = LINE('',#3018,#3019);
#3018 = CARTESIAN_POINT('',(0.75,11.,0.625));
#3019 = VECTOR('',#3020,1.);
#3020 = DIRECTION('',(0.,0.,1.));
#3021 = ORIENTED_EDGE('',*,*,#3022,.F.);
#3022 = EDGE_CURVE('',#3006,#3015,#3023,.T.);
#3023 = LINE('',#3024,#3025);
#3024 = CARTESIAN_POINT('',(0.75,11.1,1.25));
#3025 = VECTOR('',#3026,1.);
#3026 = DIRECTION('',(0.,-1.,0.));
#3027 = PLANE('',#3028);
#3028 = AXIS2_PLACEMENT_3D('',#3029,#3030,#3031);
#3029 = CARTESIAN_POINT('',(0.75,11.1,1.25));
#3030 = DIRECTION('',(-1.,0.,0.));
#3031 = DIRECTION('',(0.,0.,-1.));
#3032 = ADVANCED_FACE('',(#3033),#3058,.T.);
#3033 = FACE_BOUND('',#3034,.T.);
#3034 = EDGE_LOOP('',(#3035,#3043,#3044,#3052));
#3035 = ORIENTED_EDGE('',*,*,#3036,.F.);
#3036 = EDGE_CURVE('',#3006,#3037,#3039,.T.);
#3037 = VERTEX_POINT('',#3038);
#3038 = CARTESIAN_POINT('',(-0.75,11.1,1.25));
#3039 = LINE('',#3040,#3041);
#3040 = CARTESIAN_POINT('',(-5.825,11.1,1.25));
#3041 = VECTOR('',#3042,1.);
#3042 = DIRECTION('',(-1.,1.018553233601E-16,0.));
#3043 = ORIENTED_EDGE('',*,*,#3022,.T.);
#3044 = ORIENTED_EDGE('',*,*,#3045,.T.);
#3045 = EDGE_CURVE('',#3015,#3046,#3048,.T.);
#3046 = VERTEX_POINT('',#3047);
#3047 = CARTESIAN_POINT('',(-0.75,11.,1.25));
#3048 = LINE('',#3049,#3050);
#3049 = CARTESIAN_POINT('',(-0.375,11.,1.25));
#3050 = VECTOR('',#3051,1.);
#3051 = DIRECTION('',(-1.,1.018553233601E-16,0.));
#3052 = ORIENTED_EDGE('',*,*,#3053,.F.);
#3053 = EDGE_CURVE('',#3037,#3046,#3054,.T.);
#3054 = LINE('',#3055,#3056);
#3055 = CARTESIAN_POINT('',(-0.75,11.1,1.25));
#3056 = VECTOR('',#3057,1.);
#3057 = DIRECTION('',(0.,-1.,0.));
#3058 = PLANE('',#3059);
#3059 = AXIS2_PLACEMENT_3D('',#3060,#3061,#3062);
#3060 = CARTESIAN_POINT('',(-0.75,11.1,1.25));
#3061 = DIRECTION('',(0.,0.,-1.));
#3062 = DIRECTION('',(1.,-1.7763568394E-16,0.));
#3063 = ADVANCED_FACE('',(#3064),#3089,.T.);
#3064 = FACE_BOUND('',#3065,.T.);
#3065 = EDGE_LOOP('',(#3066,#3074,#3075,#3083));
#3066 = ORIENTED_EDGE('',*,*,#3067,.F.);
#3067 = EDGE_CURVE('',#3037,#3068,#3070,.T.);
#3068 = VERTEX_POINT('',#3069);
#3069 = CARTESIAN_POINT('',(-0.75,11.1,-0.25));
#3070 = LINE('',#3071,#3072);
#3071 = CARTESIAN_POINT('',(-0.75,11.1,-0.125));
#3072 = VECTOR('',#3073,1.);
#3073 = DIRECTION('',(0.,0.,-1.));
#3074 = ORIENTED_EDGE('',*,*,#3053,.T.);
#3075 = ORIENTED_EDGE('',*,*,#3076,.T.);
#3076 = EDGE_CURVE('',#3046,#3077,#3079,.T.);
#3077 = VERTEX_POINT('',#3078);
#3078 = CARTESIAN_POINT('',(-0.75,11.,-0.25));
#3079 = LINE('',#3080,#3081);
#3080 = CARTESIAN_POINT('',(-0.75,11.,-0.125));
#3081 = VECTOR('',#3082,1.);
#3082 = DIRECTION('',(0.,0.,-1.));
#3083 = ORIENTED_EDGE('',*,*,#3084,.F.);
#3084 = EDGE_CURVE('',#3068,#3077,#3085,.T.);
#3085 = LINE('',#3086,#3087);
#3086 = CARTESIAN_POINT('',(-0.75,11.1,-0.25));
#3087 = VECTOR('',#3088,1.);
#3088 = DIRECTION('',(0.,-1.,0.));
#3089 = PLANE('',#3090);
#3090 = AXIS2_PLACEMENT_3D('',#3091,#3092,#3093);
#3091 = CARTESIAN_POINT('',(-0.75,11.1,-0.25));
#3092 = DIRECTION('',(1.,0.,0.));
#3093 = DIRECTION('',(0.,0.,1.));
#3094 = ADVANCED_FACE('',(#3095),#3111,.T.);
#3095 = FACE_BOUND('',#3096,.T.);
#3096 = EDGE_LOOP('',(#3097,#3103,#3104,#3110));
#3097 = ORIENTED_EDGE('',*,*,#3098,.F.);
#3098 = EDGE_CURVE('',#3068,#2617,#3099,.T.);
#3099 = LINE('',#3100,#3101);
#3100 = CARTESIAN_POINT('',(-5.075,11.1,-0.25));
#3101 = VECTOR('',#3102,1.);
#3102 = DIRECTION('',(1.,-1.018553233601E-16,0.));
#3103 = ORIENTED_EDGE('',*,*,#3084,.T.);
#3104 = ORIENTED_EDGE('',*,*,#3105,.T.);
#3105 = EDGE_CURVE('',#3077,#2627,#3106,.T.);
#3106 = LINE('',#3107,#3108);
#3107 = CARTESIAN_POINT('',(0.375,11.,-0.25));
#3108 = VECTOR('',#3109,1.);
#3109 = DIRECTION('',(1.,-1.018553233601E-16,0.));
#3110 = ORIENTED_EDGE('',*,*,#2626,.F.);
#3111 = PLANE('',#3112);
#3112 = AXIS2_PLACEMENT_3D('',#3113,#3114,#3115);
#3113 = CARTESIAN_POINT('',(0.75,11.1,-0.25));
#3114 = DIRECTION('',(0.,0.,1.));
#3115 = DIRECTION('',(-1.,1.7763568394E-16,0.));
#3116 = ADVANCED_FACE('',(#3117),#3151,.T.);
#3117 = FACE_BOUND('',#3118,.T.);
#3118 = EDGE_LOOP('',(#3119,#3129,#3137,#3145));
#3119 = ORIENTED_EDGE('',*,*,#3120,.F.);
#3120 = EDGE_CURVE('',#3121,#3123,#3125,.T.);
#3121 = VERTEX_POINT('',#3122);
#3122 = CARTESIAN_POINT('',(2.875,11.1,-1.75));
#3123 = VERTEX_POINT('',#3124);
#3124 = CARTESIAN_POINT('',(2.875,11.1,-1.25));
#3125 = LINE('',#3126,#3127);
#3126 = CARTESIAN_POINT('',(2.875,11.1,-0.625));
#3127 = VECTOR('',#3128,1.);
#3128 = DIRECTION('',(0.,0.,1.));
#3129 = ORIENTED_EDGE('',*,*,#3130,.T.);
#3130 = EDGE_CURVE('',#3121,#3131,#3133,.T.);
#3131 = VERTEX_POINT('',#3132);
#3132 = CARTESIAN_POINT('',(2.875,11.,-1.75));
#3133 = LINE('',#3134,#3135);
#3134 = CARTESIAN_POINT('',(2.875,11.1,-1.75));
#3135 = VECTOR('',#3136,1.);
#3136 = DIRECTION('',(0.,-1.,0.));
#3137 = ORIENTED_EDGE('',*,*,#3138,.T.);
#3138 = EDGE_CURVE('',#3131,#3139,#3141,.T.);
#3139 = VERTEX_POINT('',#3140);
#3140 = CARTESIAN_POINT('',(2.875,11.,-1.25));
#3141 = LINE('',#3142,#3143);
#3142 = CARTESIAN_POINT('',(2.875,11.,-0.625));
#3143 = VECTOR('',#3144,1.);
#3144 = DIRECTION('',(0.,0.,1.));
#3145 = ORIENTED_EDGE('',*,*,#3146,.F.);
#3146 = EDGE_CURVE('',#3123,#3139,#3147,.T.);
#3147 = LINE('',#3148,#3149);
#3148 = CARTESIAN_POINT('',(2.875,11.1,-1.25));
#3149 = VECTOR('',#3150,1.);
#3150 = DIRECTION('',(0.,-1.,0.));
#3151 = PLANE('',#3152);
#3152 = AXIS2_PLACEMENT_3D('',#3153,#3154,#3155);
#3153 = CARTESIAN_POINT('',(2.875,11.1,-1.25));
#3154 = DIRECTION('',(-1.,0.,0.));
#3155 = DIRECTION('',(0.,0.,-1.));
#3156 = ADVANCED_FACE('',(#3157),#3182,.T.);
#3157 = FACE_BOUND('',#3158,.T.);
#3158 = EDGE_LOOP('',(#3159,#3167,#3168,#3176));
#3159 = ORIENTED_EDGE('',*,*,#3160,.F.);
#3160 = EDGE_CURVE('',#3123,#3161,#3163,.T.);
#3161 = VERTEX_POINT('',#3162);
#3162 = CARTESIAN_POINT('',(7.75,11.1,-1.25));
#3163 = LINE('',#3164,#3165);
#3164 = CARTESIAN_POINT('',(-1.575,11.1,-1.25));
#3165 = VECTOR('',#3166,1.);
#3166 = DIRECTION('',(1.,-1.018553233601E-16,-1.138690281667E-16));
#3167 = ORIENTED_EDGE('',*,*,#3146,.T.);
#3168 = ORIENTED_EDGE('',*,*,#3169,.T.);
#3169 = EDGE_CURVE('',#3139,#3170,#3172,.T.);
#3170 = VERTEX_POINT('',#3171);
#3171 = CARTESIAN_POINT('',(7.75,11.,-1.25));
#3172 = LINE('',#3173,#3174);
#3173 = CARTESIAN_POINT('',(3.875,11.,-1.25));
#3174 = VECTOR('',#3175,1.);
#3175 = DIRECTION('',(1.,-1.018553233601E-16,-1.138690281667E-16));
#3176 = ORIENTED_EDGE('',*,*,#3177,.F.);
#3177 = EDGE_CURVE('',#3161,#3170,#3178,.T.);
#3178 = LINE('',#3179,#3180);
#3179 = CARTESIAN_POINT('',(7.75,11.1,-1.25));
#3180 = VECTOR('',#3181,1.);
#3181 = DIRECTION('',(0.,-1.,0.));
#3182 = PLANE('',#3183);
#3183 = AXIS2_PLACEMENT_3D('',#3184,#3185,#3186);
#3184 = CARTESIAN_POINT('',(7.75,11.1,-1.25));
#3185 = DIRECTION('',(1.138690281667E-16,0.,1.));
#3186 = DIRECTION('',(-1.,1.7763568394E-16,1.138690281667E-16));
#3187 = ADVANCED_FACE('',(#3188),#3213,.T.);
#3188 = FACE_BOUND('',#3189,.T.);
#3189 = EDGE_LOOP('',(#3190,#3198,#3199,#3207));
#3190 = ORIENTED_EDGE('',*,*,#3191,.F.);
#3191 = EDGE_CURVE('',#3161,#3192,#3194,.T.);
#3192 = VERTEX_POINT('',#3193);
#3193 = CARTESIAN_POINT('',(7.75,11.1,-1.75));
#3194 = LINE('',#3195,#3196);
#3195 = CARTESIAN_POINT('',(7.75,11.1,-0.875));
#3196 = VECTOR('',#3197,1.);
#3197 = DIRECTION('',(0.,0.,-1.));
#3198 = ORIENTED_EDGE('',*,*,#3177,.T.);
#3199 = ORIENTED_EDGE('',*,*,#3200,.T.);
#3200 = EDGE_CURVE('',#3170,#3201,#3203,.T.);
#3201 = VERTEX_POINT('',#3202);
#3202 = CARTESIAN_POINT('',(7.75,11.,-1.75));
#3203 = LINE('',#3204,#3205);
#3204 = CARTESIAN_POINT('',(7.75,11.,-0.875));
#3205 = VECTOR('',#3206,1.);
#3206 = DIRECTION('',(0.,0.,-1.));
#3207 = ORIENTED_EDGE('',*,*,#3208,.F.);
#3208 = EDGE_CURVE('',#3192,#3201,#3209,.T.);
#3209 = LINE('',#3210,#3211);
#3210 = CARTESIAN_POINT('',(7.75,11.1,-1.75));
#3211 = VECTOR('',#3212,1.);
#3212 = DIRECTION('',(0.,-1.,0.));
#3213 = PLANE('',#3214);
#3214 = AXIS2_PLACEMENT_3D('',#3215,#3216,#3217);
#3215 = CARTESIAN_POINT('',(7.75,11.1,-1.75));
#3216 = DIRECTION('',(1.,0.,0.));
#3217 = DIRECTION('',(0.,0.,1.));
#3218 = ADVANCED_FACE('',(#3219),#3235,.T.);
#3219 = FACE_BOUND('',#3220,.T.);
#3220 = EDGE_LOOP('',(#3221,#3227,#3228,#3234));
#3221 = ORIENTED_EDGE('',*,*,#3222,.F.);
#3222 = EDGE_CURVE('',#3192,#3121,#3223,.T.);
#3223 = LINE('',#3224,#3225);
#3224 = CARTESIAN_POINT('',(-4.0125,11.1,-1.75));
#3225 = VECTOR('',#3226,1.);
#3226 = DIRECTION('',(-1.,1.018553233601E-16,0.));
#3227 = ORIENTED_EDGE('',*,*,#3208,.T.);
#3228 = ORIENTED_EDGE('',*,*,#3229,.T.);
#3229 = EDGE_CURVE('',#3201,#3131,#3230,.T.);
#3230 = LINE('',#3231,#3232);
#3231 = CARTESIAN_POINT('',(1.4375,11.,-1.75));
#3232 = VECTOR('',#3233,1.);
#3233 = DIRECTION('',(-1.,1.018553233601E-16,0.));
#3234 = ORIENTED_EDGE('',*,*,#3130,.F.);
#3235 = PLANE('',#3236);
#3236 = AXIS2_PLACEMENT_3D('',#3237,#3238,#3239);
#3237 = CARTESIAN_POINT('',(2.875,11.1,-1.75));
#3238 = DIRECTION('',(0.,0.,-1.));
#3239 = DIRECTION('',(1.,-1.7763568394E-16,0.));
#3240 = ADVANCED_FACE('',(#3241),#3275,.T.);
#3241 = FACE_BOUND('',#3242,.T.);
#3242 = EDGE_LOOP('',(#3243,#3253,#3261,#3269));
#3243 = ORIENTED_EDGE('',*,*,#3244,.F.);
#3244 = EDGE_CURVE('',#3245,#3247,#3249,.T.);
#3245 = VERTEX_POINT('',#3246);
#3246 = CARTESIAN_POINT('',(-2.4375,11.1,-1.75));
#3247 = VERTEX_POINT('',#3248);
#3248 = CARTESIAN_POINT('',(-2.4375,11.1,-1.25));
#3249 = LINE('',#3250,#3251);
#3250 = CARTESIAN_POINT('',(-2.4375,11.1,-0.625));
#3251 = VECTOR('',#3252,1.);
#3252 = DIRECTION('',(0.,0.,1.));
#3253 = ORIENTED_EDGE('',*,*,#3254,.T.);
#3254 = EDGE_CURVE('',#3245,#3255,#3257,.T.);
#3255 = VERTEX_POINT('',#3256);
#3256 = CARTESIAN_POINT('',(-2.4375,11.,-1.75));
#3257 = LINE('',#3258,#3259);
#3258 = CARTESIAN_POINT('',(-2.4375,11.1,-1.75));
#3259 = VECTOR('',#3260,1.);
#3260 = DIRECTION('',(0.,-1.,0.));
#3261 = ORIENTED_EDGE('',*,*,#3262,.T.);
#3262 = EDGE_CURVE('',#3255,#3263,#3265,.T.);
#3263 = VERTEX_POINT('',#3264);
#3264 = CARTESIAN_POINT('',(-2.4375,11.,-1.25));
#3265 = LINE('',#3266,#3267);
#3266 = CARTESIAN_POINT('',(-2.4375,11.,-0.625));
#3267 = VECTOR('',#3268,1.);
#3268 = DIRECTION('',(0.,0.,1.));
#3269 = ORIENTED_EDGE('',*,*,#3270,.F.);
#3270 = EDGE_CURVE('',#3247,#3263,#3271,.T.);
#3271 = LINE('',#3272,#3273);
#3272 = CARTESIAN_POINT('',(-2.4375,11.1,-1.25));
#3273 = VECTOR('',#3274,1.);
#3274 = DIRECTION('',(0.,-1.,0.));
#3275 = PLANE('',#3276);
#3276 = AXIS2_PLACEMENT_3D('',#3277,#3278,#3279);
#3277 = CARTESIAN_POINT('',(-2.4375,11.1,-1.25));
#3278 = DIRECTION('',(-1.,0.,0.));
#3279 = DIRECTION('',(0.,0.,-1.));
#3280 = ADVANCED_FACE('',(#3281),#3306,.T.);
#3281 = FACE_BOUND('',#3282,.T.);
#3282 = EDGE_LOOP('',(#3283,#3291,#3292,#3300));
#3283 = ORIENTED_EDGE('',*,*,#3284,.F.);
#3284 = EDGE_CURVE('',#3247,#3285,#3287,.T.);
#3285 = VERTEX_POINT('',#3286);
#3286 = CARTESIAN_POINT('',(2.4375,11.1,-1.25));
#3287 = LINE('',#3288,#3289);
#3288 = CARTESIAN_POINT('',(-4.23125,11.1,-1.25));
#3289 = VECTOR('',#3290,1.);
#3290 = DIRECTION('',(1.,-1.018553233601E-16,-1.7080354225E-16));
#3291 = ORIENTED_EDGE('',*,*,#3270,.T.);
#3292 = ORIENTED_EDGE('',*,*,#3293,.T.);
#3293 = EDGE_CURVE('',#3263,#3294,#3296,.T.);
#3294 = VERTEX_POINT('',#3295);
#3295 = CARTESIAN_POINT('',(2.4375,11.,-1.25));
#3296 = LINE('',#3297,#3298);
#3297 = CARTESIAN_POINT('',(1.21875,11.,-1.25));
#3298 = VECTOR('',#3299,1.);
#3299 = DIRECTION('',(1.,-1.018553233601E-16,-1.7080354225E-16));
#3300 = ORIENTED_EDGE('',*,*,#3301,.F.);
#3301 = EDGE_CURVE('',#3285,#3294,#3302,.T.);
#3302 = LINE('',#3303,#3304);
#3303 = CARTESIAN_POINT('',(2.4375,11.1,-1.25));
#3304 = VECTOR('',#3305,1.);
#3305 = DIRECTION('',(0.,-1.,0.));
#3306 = PLANE('',#3307);
#3307 = AXIS2_PLACEMENT_3D('',#3308,#3309,#3310);
#3308 = CARTESIAN_POINT('',(2.4375,11.1,-1.25));
#3309 = DIRECTION('',(1.7080354225E-16,0.,1.));
#3310 = DIRECTION('',(-1.,1.7763568394E-16,1.7080354225E-16));
#3311 = ADVANCED_FACE('',(#3312),#3337,.T.);
#3312 = FACE_BOUND('',#3313,.T.);
#3313 = EDGE_LOOP('',(#3314,#3322,#3323,#3331));
#3314 = ORIENTED_EDGE('',*,*,#3315,.F.);
#3315 = EDGE_CURVE('',#3285,#3316,#3318,.T.);
#3316 = VERTEX_POINT('',#3317);
#3317 = CARTESIAN_POINT('',(2.4375,11.1,-1.75));
#3318 = LINE('',#3319,#3320);
#3319 = CARTESIAN_POINT('',(2.4375,11.1,-0.875));
#3320 = VECTOR('',#3321,1.);
#3321 = DIRECTION('',(0.,0.,-1.));
#3322 = ORIENTED_EDGE('',*,*,#3301,.T.);
#3323 = ORIENTED_EDGE('',*,*,#3324,.T.);
#3324 = EDGE_CURVE('',#3294,#3325,#3327,.T.);
#3325 = VERTEX_POINT('',#3326);
#3326 = CARTESIAN_POINT('',(2.4375,11.,-1.75));
#3327 = LINE('',#3328,#3329);
#3328 = CARTESIAN_POINT('',(2.4375,11.,-0.875));
#3329 = VECTOR('',#3330,1.);
#3330 = DIRECTION('',(0.,0.,-1.));
#3331 = ORIENTED_EDGE('',*,*,#3332,.F.);
#3332 = EDGE_CURVE('',#3316,#3325,#3333,.T.);
#3333 = LINE('',#3334,#3335);
#3334 = CARTESIAN_POINT('',(2.4375,11.1,-1.75));
#3335 = VECTOR('',#3336,1.);
#3336 = DIRECTION('',(0.,-1.,0.));
#3337 = PLANE('',#3338);
#3338 = AXIS2_PLACEMENT_3D('',#3339,#3340,#3341);
#3339 = CARTESIAN_POINT('',(2.4375,11.1,-1.75));
#3340 = DIRECTION('',(1.,0.,0.));
#3341 = DIRECTION('',(0.,0.,1.));
#3342 = ADVANCED_FACE('',(#3343),#3359,.T.);
#3343 = FACE_BOUND('',#3344,.T.);
#3344 = EDGE_LOOP('',(#3345,#3351,#3352,#3358));
#3345 = ORIENTED_EDGE('',*,*,#3346,.F.);
#3346 = EDGE_CURVE('',#3316,#3245,#3347,.T.);
#3347 = LINE('',#3348,#3349);
#3348 = CARTESIAN_POINT('',(-6.66875,11.1,-1.75));
#3349 = VECTOR('',#3350,1.);
#3350 = DIRECTION('',(-1.,1.018553233601E-16,0.));
#3351 = ORIENTED_EDGE('',*,*,#3332,.T.);
#3352 = ORIENTED_EDGE('',*,*,#3353,.T.);
#3353 = EDGE_CURVE('',#3325,#3255,#3354,.T.);
#3354 = LINE('',#3355,#3356);
#3355 = CARTESIAN_POINT('',(-1.21875,11.,-1.75));
#3356 = VECTOR('',#3357,1.);
#3357 = DIRECTION('',(-1.,1.018553233601E-16,0.));
#3358 = ORIENTED_EDGE('',*,*,#3254,.F.);
#3359 = PLANE('',#3360);
#3360 = AXIS2_PLACEMENT_3D('',#3361,#3362,#3363);
#3361 = CARTESIAN_POINT('',(-2.4375,11.1,-1.75));
#3362 = DIRECTION('',(0.,0.,-1.));
#3363 = DIRECTION('',(1.,-1.7763568394E-16,0.));
#3364 = ADVANCED_FACE('',(#3365),#3399,.T.);
#3365 = FACE_BOUND('',#3366,.T.);
#3366 = EDGE_LOOP('',(#3367,#3377,#3385,#3393));
#3367 = ORIENTED_EDGE('',*,*,#3368,.F.);
#3368 = EDGE_CURVE('',#3369,#3371,#3373,.T.);
#3369 = VERTEX_POINT('',#3370);
#3370 = CARTESIAN_POINT('',(-7.75,11.1,-1.75));
#3371 = VERTEX_POINT('',#3372);
#3372 = CARTESIAN_POINT('',(-7.75,11.1,-1.25));
#3373 = LINE('',#3374,#3375);
#3374 = CARTESIAN_POINT('',(-7.75,11.1,-0.625));
#3375 = VECTOR('',#3376,1.);
#3376 = DIRECTION('',(0.,0.,1.));
#3377 = ORIENTED_EDGE('',*,*,#3378,.T.);
#3378 = EDGE_CURVE('',#3369,#3379,#3381,.T.);
#3379 = VERTEX_POINT('',#3380);
#3380 = CARTESIAN_POINT('',(-7.75,11.,-1.75));
#3381 = LINE('',#3382,#3383);
#3382 = CARTESIAN_POINT('',(-7.75,11.1,-1.75));
#3383 = VECTOR('',#3384,1.);
#3384 = DIRECTION('',(0.,-1.,0.));
#3385 = ORIENTED_EDGE('',*,*,#3386,.T.);
#3386 = EDGE_CURVE('',#3379,#3387,#3389,.T.);
#3387 = VERTEX_POINT('',#3388);
#3388 = CARTESIAN_POINT('',(-7.75,11.,-1.25));
#3389 = LINE('',#3390,#3391);
#3390 = CARTESIAN_POINT('',(-7.75,11.,-0.625));
#3391 = VECTOR('',#3392,1.);
#3392 = DIRECTION('',(0.,0.,1.));
#3393 = ORIENTED_EDGE('',*,*,#3394,.F.);
#3394 = EDGE_CURVE('',#3371,#3387,#3395,.T.);
#3395 = LINE('',#3396,#3397);
#3396 = CARTESIAN_POINT('',(-7.75,11.1,-1.25));
#3397 = VECTOR('',#3398,1.);
#3398 = DIRECTION('',(0.,-1.,0.));
#3399 = PLANE('',#3400);
#3400 = AXIS2_PLACEMENT_3D('',#3401,#3402,#3403);
#3401 = CARTESIAN_POINT('',(-7.75,11.1,-1.25));
#3402 = DIRECTION('',(-1.,0.,0.));
#3403 = DIRECTION('',(0.,0.,-1.));
#3404 = ADVANCED_FACE('',(#3405),#3430,.T.);
#3405 = FACE_BOUND('',#3406,.T.);
#3406 = EDGE_LOOP('',(#3407,#3415,#3416,#3424));
#3407 = ORIENTED_EDGE('',*,*,#3408,.F.);
#3408 = EDGE_CURVE('',#3371,#3409,#3411,.T.);
#3409 = VERTEX_POINT('',#3410);
#3410 = CARTESIAN_POINT('',(-2.875,11.1,-1.25));
#3411 = LINE('',#3412,#3413);
#3412 = CARTESIAN_POINT('',(-6.8875,11.1,-1.25));
#3413 = VECTOR('',#3414,1.);
#3414 = DIRECTION('',(1.,-1.018553233601E-16,-1.138690281667E-16));
#3415 = ORIENTED_EDGE('',*,*,#3394,.T.);
#3416 = ORIENTED_EDGE('',*,*,#3417,.T.);
#3417 = EDGE_CURVE('',#3387,#3418,#3420,.T.);
#3418 = VERTEX_POINT('',#3419);
#3419 = CARTESIAN_POINT('',(-2.875,11.,-1.25));
#3420 = LINE('',#3421,#3422);
#3421 = CARTESIAN_POINT('',(-1.4375,11.,-1.25));
#3422 = VECTOR('',#3423,1.);
#3423 = DIRECTION('',(1.,-1.018553233601E-16,-1.138690281667E-16));
#3424 = ORIENTED_EDGE('',*,*,#3425,.F.);
#3425 = EDGE_CURVE('',#3409,#3418,#3426,.T.);
#3426 = LINE('',#3427,#3428);
#3427 = CARTESIAN_POINT('',(-2.875,11.1,-1.25));
#3428 = VECTOR('',#3429,1.);
#3429 = DIRECTION('',(0.,-1.,0.));
#3430 = PLANE('',#3431);
#3431 = AXIS2_PLACEMENT_3D('',#3432,#3433,#3434);
#3432 = CARTESIAN_POINT('',(-2.875,11.1,-1.25));
#3433 = DIRECTION('',(1.138690281667E-16,0.,1.));
#3434 = DIRECTION('',(-1.,1.7763568394E-16,1.138690281667E-16));
#3435 = ADVANCED_FACE('',(#3436),#3461,.T.);
#3436 = FACE_BOUND('',#3437,.T.);
#3437 = EDGE_LOOP('',(#3438,#3446,#3447,#3455));
#3438 = ORIENTED_EDGE('',*,*,#3439,.F.);
#3439 = EDGE_CURVE('',#3409,#3440,#3442,.T.);
#3440 = VERTEX_POINT('',#3441);
#3441 = CARTESIAN_POINT('',(-2.875,11.1,-1.75));
#3442 = LINE('',#3443,#3444);
#3443 = CARTESIAN_POINT('',(-2.875,11.1,-0.875));
#3444 = VECTOR('',#3445,1.);
#3445 = DIRECTION('',(0.,0.,-1.));
#3446 = ORIENTED_EDGE('',*,*,#3425,.T.);
#3447 = ORIENTED_EDGE('',*,*,#3448,.T.);
#3448 = EDGE_CURVE('',#3418,#3449,#3451,.T.);
#3449 = VERTEX_POINT('',#3450);
#3450 = CARTESIAN_POINT('',(-2.875,11.,-1.75));
#3451 = LINE('',#3452,#3453);
#3452 = CARTESIAN_POINT('',(-2.875,11.,-0.875));
#3453 = VECTOR('',#3454,1.);
#3454 = DIRECTION('',(0.,0.,-1.));
#3455 = ORIENTED_EDGE('',*,*,#3456,.F.);
#3456 = EDGE_CURVE('',#3440,#3449,#3457,.T.);
#3457 = LINE('',#3458,#3459);
#3458 = CARTESIAN_POINT('',(-2.875,11.1,-1.75));
#3459 = VECTOR('',#3460,1.);
#3460 = DIRECTION('',(0.,-1.,0.));
#3461 = PLANE('',#3462);
#3462 = AXIS2_PLACEMENT_3D('',#3463,#3464,#3465);
#3463 = CARTESIAN_POINT('',(-2.875,11.1,-1.75));
#3464 = DIRECTION('',(1.,0.,0.));
#3465 = DIRECTION('',(0.,0.,1.));
#3466 = ADVANCED_FACE('',(#3467),#3483,.T.);
#3467 = FACE_BOUND('',#3468,.T.);
#3468 = EDGE_LOOP('',(#3469,#3475,#3476,#3482));
#3469 = ORIENTED_EDGE('',*,*,#3470,.F.);
#3470 = EDGE_CURVE('',#3440,#3369,#3471,.T.);
#3471 = LINE('',#3472,#3473);
#3472 = CARTESIAN_POINT('',(-9.325,11.1,-1.75));
#3473 = VECTOR('',#3474,1.);
#3474 = DIRECTION('',(-1.,1.018553233601E-16,0.));
#3475 = ORIENTED_EDGE('',*,*,#3456,.T.);
#3476 = ORIENTED_EDGE('',*,*,#3477,.T.);
#3477 = EDGE_CURVE('',#3449,#3379,#3478,.T.);
#3478 = LINE('',#3479,#3480);
#3479 = CARTESIAN_POINT('',(-3.875,11.,-1.75));
#3480 = VECTOR('',#3481,1.);
#3481 = DIRECTION('',(-1.,1.018553233601E-16,0.));
#3482 = ORIENTED_EDGE('',*,*,#3378,.F.);
#3483 = PLANE('',#3484);
#3484 = AXIS2_PLACEMENT_3D('',#3485,#3486,#3487);
#3485 = CARTESIAN_POINT('',(-7.75,11.1,-1.75));
#3486 = DIRECTION('',(0.,0.,-1.));
#3487 = DIRECTION('',(1.,-1.7763568394E-16,0.));
#3488 = ADVANCED_FACE('',(#3489),#3523,.F.);
#3489 = FACE_BOUND('',#3490,.T.);
#3490 = EDGE_LOOP('',(#3491,#3501,#3509,#3517));
#3491 = ORIENTED_EDGE('',*,*,#3492,.F.);
#3492 = EDGE_CURVE('',#3493,#3495,#3497,.T.);
#3493 = VERTEX_POINT('',#3494);
#3494 = CARTESIAN_POINT('',(-8.25,11.1,2.25));
#3495 = VERTEX_POINT('',#3496);
#3496 = CARTESIAN_POINT('',(-8.25,11.1,-2.25));
#3497 = LINE('',#3498,#3499);
#3498 = CARTESIAN_POINT('',(-8.25,11.1,1.125));
#3499 = VECTOR('',#3500,1.);
#3500 = DIRECTION('',(0.,0.,-1.));
#3501 = ORIENTED_EDGE('',*,*,#3502,.T.);
#3502 = EDGE_CURVE('',#3493,#3503,#3505,.T.);
#3503 = VERTEX_POINT('',#3504);
#3504 = CARTESIAN_POINT('',(-8.25,11.,2.25));
#3505 = LINE('',#3506,#3507);
#3506 = CARTESIAN_POINT('',(-8.25,11.1,2.25));
#3507 = VECTOR('',#3508,1.);
#3508 = DIRECTION('',(0.,-1.,0.));
#3509 = ORIENTED_EDGE('',*,*,#3510,.T.);
#3510 = EDGE_CURVE('',#3503,#3511,#3513,.T.);
#3511 = VERTEX_POINT('',#3512);
#3512 = CARTESIAN_POINT('',(-8.25,11.,-2.25));
#3513 = LINE('',#3514,#3515);
#3514 = CARTESIAN_POINT('',(-8.25,11.,2.25));
#3515 = VECTOR('',#3516,1.);
#3516 = DIRECTION('',(0.,0.,-1.));
#3517 = ORIENTED_EDGE('',*,*,#3518,.F.);
#3518 = EDGE_CURVE('',#3495,#3511,#3519,.T.);
#3519 = LINE('',#3520,#3521);
#3520 = CARTESIAN_POINT('',(-8.25,11.1,-2.25));
#3521 = VECTOR('',#3522,1.);
#3522 = DIRECTION('',(0.,-1.,0.));
#3523 = PLANE('',#3524);
#3524 = AXIS2_PLACEMENT_3D('',#3525,#3526,#3527);
#3525 = CARTESIAN_POINT('',(-8.25,11.1,2.25));
#3526 = DIRECTION('',(-1.,0.,0.));
#3527 = DIRECTION('',(0.,0.,-1.));
#3528 = ADVANCED_FACE('',(#3529),#3554,.F.);
#3529 = FACE_BOUND('',#3530,.T.);
#3530 = EDGE_LOOP('',(#3531,#3539,#3547,#3553));
#3531 = ORIENTED_EDGE('',*,*,#3532,.F.);
#3532 = EDGE_CURVE('',#3533,#3493,#3535,.T.);
#3533 = VERTEX_POINT('',#3534);
#3534 = CARTESIAN_POINT('',(8.25,11.1,2.25));
#3535 = LINE('',#3536,#3537);
#3536 = CARTESIAN_POINT('',(-1.325,11.1,2.25));
#3537 = VECTOR('',#3538,1.);
#3538 = DIRECTION('',(-1.,1.018553233601E-16,0.));
#3539 = ORIENTED_EDGE('',*,*,#3540,.T.);
#3540 = EDGE_CURVE('',#3533,#3541,#3543,.T.);
#3541 = VERTEX_POINT('',#3542);
#3542 = CARTESIAN_POINT('',(8.25,11.,2.25));
#3543 = LINE('',#3544,#3545);
#3544 = CARTESIAN_POINT('',(8.25,11.1,2.25));
#3545 = VECTOR('',#3546,1.);
#3546 = DIRECTION('',(0.,-1.,0.));
#3547 = ORIENTED_EDGE('',*,*,#3548,.T.);
#3548 = EDGE_CURVE('',#3541,#3503,#3549,.T.);
#3549 = LINE('',#3550,#3551);
#3550 = CARTESIAN_POINT('',(8.25,11.,2.25));
#3551 = VECTOR('',#3552,1.);
#3552 = DIRECTION('',(-1.,1.018553233601E-16,0.));
#3553 = ORIENTED_EDGE('',*,*,#3502,.F.);
#3554 = PLANE('',#3555);
#3555 = AXIS2_PLACEMENT_3D('',#3556,#3557,#3558);
#3556 = CARTESIAN_POINT('',(8.25,11.1,2.25));
#3557 = DIRECTION('',(0.,0.,1.));
#3558 = DIRECTION('',(-1.,1.7763568394E-16,0.));
#3559 = ADVANCED_FACE('',(#3560),#3585,.F.);
#3560 = FACE_BOUND('',#3561,.T.);
#3561 = EDGE_LOOP('',(#3562,#3570,#3578,#3584));
#3562 = ORIENTED_EDGE('',*,*,#3563,.F.);
#3563 = EDGE_CURVE('',#3564,#3533,#3566,.T.);
#3564 = VERTEX_POINT('',#3565);
#3565 = CARTESIAN_POINT('',(8.25,11.1,-2.25));
#3566 = LINE('',#3567,#3568);
#3567 = CARTESIAN_POINT('',(8.25,11.1,-1.125));
#3568 = VECTOR('',#3569,1.);
#3569 = DIRECTION('',(0.,0.,1.));
#3570 = ORIENTED_EDGE('',*,*,#3571,.T.);
#3571 = EDGE_CURVE('',#3564,#3572,#3574,.T.);
#3572 = VERTEX_POINT('',#3573);
#3573 = CARTESIAN_POINT('',(8.25,11.,-2.25));
#3574 = LINE('',#3575,#3576);
#3575 = CARTESIAN_POINT('',(8.25,11.1,-2.25));
#3576 = VECTOR('',#3577,1.);
#3577 = DIRECTION('',(0.,-1.,0.));
#3578 = ORIENTED_EDGE('',*,*,#3579,.T.);
#3579 = EDGE_CURVE('',#3572,#3541,#3580,.T.);
#3580 = LINE('',#3581,#3582);
#3581 = CARTESIAN_POINT('',(8.25,11.,-2.25));
#3582 = VECTOR('',#3583,1.);
#3583 = DIRECTION('',(0.,0.,1.));
#3584 = ORIENTED_EDGE('',*,*,#3540,.F.);
#3585 = PLANE('',#3586);
#3586 = AXIS2_PLACEMENT_3D('',#3587,#3588,#3589);
#3587 = CARTESIAN_POINT('',(8.25,11.1,-2.25));
#3588 = DIRECTION('',(1.,0.,0.));
#3589 = DIRECTION('',(0.,0.,1.));
#3590 = ADVANCED_FACE('',(#3591),#3607,.F.);
#3591 = FACE_BOUND('',#3592,.T.);
#3592 = EDGE_LOOP('',(#3593,#3599,#3600,#3606));
#3593 = ORIENTED_EDGE('',*,*,#3594,.F.);
#3594 = EDGE_CURVE('',#3495,#3564,#3595,.T.);
#3595 = LINE('',#3596,#3597);
#3596 = CARTESIAN_POINT('',(-9.575,11.1,-2.25));
#3597 = VECTOR('',#3598,1.);
#3598 = DIRECTION('',(1.,-1.018553233601E-16,0.));
#3599 = ORIENTED_EDGE('',*,*,#3518,.T.);
#3600 = ORIENTED_EDGE('',*,*,#3601,.T.);
#3601 = EDGE_CURVE('',#3511,#3572,#3602,.T.);
#3602 = LINE('',#3603,#3604);
#3603 = CARTESIAN_POINT('',(-8.25,11.,-2.25));
#3604 = VECTOR('',#3605,1.);
#3605 = DIRECTION('',(1.,-1.018553233601E-16,0.));
#3606 = ORIENTED_EDGE('',*,*,#3571,.F.);
#3607 = PLANE('',#3608);
#3608 = AXIS2_PLACEMENT_3D('',#3609,#3610,#3611);
#3609 = CARTESIAN_POINT('',(-8.25,11.1,-2.25));
#3610 = DIRECTION('',(0.,0.,-1.));
#3611 = DIRECTION('',(1.,-1.7763568394E-16,0.));
#3612 = ADVANCED_FACE('',(#3613,#3623,#3637,#3652,#3666,#3684,#3690,
    #3696,#3702),#3708,.F.);
#3613 = FACE_BOUND('',#3614,.T.);
#3614 = EDGE_LOOP('',(#3615,#3616,#3617,#3618,#3619,#3620,#3621,#3622));
#3615 = ORIENTED_EDGE('',*,*,#1228,.F.);
#3616 = ORIENTED_EDGE('',*,*,#1450,.F.);
#3617 = ORIENTED_EDGE('',*,*,#1420,.F.);
#3618 = ORIENTED_EDGE('',*,*,#1388,.F.);
#3619 = ORIENTED_EDGE('',*,*,#1356,.F.);
#3620 = ORIENTED_EDGE('',*,*,#1324,.F.);
#3621 = ORIENTED_EDGE('',*,*,#1292,.F.);
#3622 = ORIENTED_EDGE('',*,*,#1260,.F.);
#3623 = FACE_BOUND('',#3624,.T.);
#3624 = EDGE_LOOP('',(#3625,#3626,#3627,#3628,#3629,#3630,#3631,#3632,
    #3633,#3634,#3635,#3636));
#3625 = ORIENTED_EDGE('',*,*,#1483,.F.);
#3626 = ORIENTED_EDGE('',*,*,#1826,.F.);
#3627 = ORIENTED_EDGE('',*,*,#1797,.F.);
#3628 = ORIENTED_EDGE('',*,*,#1765,.F.);
#3629 = ORIENTED_EDGE('',*,*,#1733,.F.);
#3630 = ORIENTED_EDGE('',*,*,#1701,.F.);
#3631 = ORIENTED_EDGE('',*,*,#1669,.F.);
#3632 = ORIENTED_EDGE('',*,*,#1638,.F.);
#3633 = ORIENTED_EDGE('',*,*,#1607,.F.);
#3634 = ORIENTED_EDGE('',*,*,#1576,.F.);
#3635 = ORIENTED_EDGE('',*,*,#1545,.F.);
#3636 = ORIENTED_EDGE('',*,*,#1514,.F.);
#3637 = FACE_BOUND('',#3638,.T.);
#3638 = EDGE_LOOP('',(#3639,#3640,#3641,#3642,#3643,#3644,#3645,#3646,
    #3647,#3648,#3649,#3650,#3651));
#3639 = ORIENTED_EDGE('',*,*,#1859,.F.);
#3640 = ORIENTED_EDGE('',*,*,#2229,.F.);
#3641 = ORIENTED_EDGE('',*,*,#2200,.F.);
#3642 = ORIENTED_EDGE('',*,*,#2169,.F.);
#3643 = ORIENTED_EDGE('',*,*,#2138,.F.);
#3644 = ORIENTED_EDGE('',*,*,#2107,.F.);
#3645 = ORIENTED_EDGE('',*,*,#2076,.F.);
#3646 = ORIENTED_EDGE('',*,*,#2045,.F.);
#3647 = ORIENTED_EDGE('',*,*,#2014,.F.);
#3648 = ORIENTED_EDGE('',*,*,#1983,.F.);
#3649 = ORIENTED_EDGE('',*,*,#1952,.F.);
#3650 = ORIENTED_EDGE('',*,*,#1921,.F.);
#3651 = ORIENTED_EDGE('',*,*,#1890,.F.);
#3652 = FACE_BOUND('',#3653,.T.);
#3653 = EDGE_LOOP('',(#3654,#3655,#3656,#3657,#3658,#3659,#3660,#3661,
    #3662,#3663,#3664,#3665));
#3654 = ORIENTED_EDGE('',*,*,#2262,.F.);
#3655 = ORIENTED_EDGE('',*,*,#2601,.F.);
#3656 = ORIENTED_EDGE('',*,*,#2572,.F.);
#3657 = ORIENTED_EDGE('',*,*,#2541,.F.);
#3658 = ORIENTED_EDGE('',*,*,#2510,.F.);
#3659 = ORIENTED_EDGE('',*,*,#2479,.F.);
#3660 = ORIENTED_EDGE('',*,*,#2448,.F.);
#3661 = ORIENTED_EDGE('',*,*,#2417,.F.);
#3662 = ORIENTED_EDGE('',*,*,#2386,.F.);
#3663 = ORIENTED_EDGE('',*,*,#2355,.F.);
#3664 = ORIENTED_EDGE('',*,*,#2324,.F.);
#3665 = ORIENTED_EDGE('',*,*,#2293,.F.);
#3666 = FACE_BOUND('',#3667,.T.);
#3667 = EDGE_LOOP('',(#3668,#3669,#3670,#3671,#3672,#3673,#3674,#3675,
    #3676,#3677,#3678,#3679,#3680,#3681,#3682,#3683));
#3668 = ORIENTED_EDGE('',*,*,#2634,.F.);
#3669 = ORIENTED_EDGE('',*,*,#3105,.F.);
#3670 = ORIENTED_EDGE('',*,*,#3076,.F.);
#3671 = ORIENTED_EDGE('',*,*,#3045,.F.);
#3672 = ORIENTED_EDGE('',*,*,#3014,.F.);
#3673 = ORIENTED_EDGE('',*,*,#2983,.F.);
#3674 = ORIENTED_EDGE('',*,*,#2952,.F.);
#3675 = ORIENTED_EDGE('',*,*,#2920,.F.);
#3676 = ORIENTED_EDGE('',*,*,#2888,.F.);
#3677 = ORIENTED_EDGE('',*,*,#2856,.F.);
#3678 = ORIENTED_EDGE('',*,*,#2824,.F.);
#3679 = ORIENTED_EDGE('',*,*,#2792,.F.);
#3680 = ORIENTED_EDGE('',*,*,#2760,.F.);
#3681 = ORIENTED_EDGE('',*,*,#2728,.F.);
#3682 = ORIENTED_EDGE('',*,*,#2696,.F.);
#3683 = ORIENTED_EDGE('',*,*,#2665,.F.);
#3684 = FACE_BOUND('',#3685,.T.);
#3685 = EDGE_LOOP('',(#3686,#3687,#3688,#3689));
#3686 = ORIENTED_EDGE('',*,*,#3138,.F.);
#3687 = ORIENTED_EDGE('',*,*,#3229,.F.);
#3688 = ORIENTED_EDGE('',*,*,#3200,.F.);
#3689 = ORIENTED_EDGE('',*,*,#3169,.F.);
#3690 = FACE_BOUND('',#3691,.T.);
#3691 = EDGE_LOOP('',(#3692,#3693,#3694,#3695));
#3692 = ORIENTED_EDGE('',*,*,#3262,.F.);
#3693 = ORIENTED_EDGE('',*,*,#3353,.F.);
#3694 = ORIENTED_EDGE('',*,*,#3324,.F.);
#3695 = ORIENTED_EDGE('',*,*,#3293,.F.);
#3696 = FACE_BOUND('',#3697,.T.);
#3697 = EDGE_LOOP('',(#3698,#3699,#3700,#3701));
#3698 = ORIENTED_EDGE('',*,*,#3386,.F.);
#3699 = ORIENTED_EDGE('',*,*,#3477,.F.);
#3700 = ORIENTED_EDGE('',*,*,#3448,.F.);
#3701 = ORIENTED_EDGE('',*,*,#3417,.F.);
#3702 = FACE_BOUND('',#3703,.T.);
#3703 = EDGE_LOOP('',(#3704,#3705,#3706,#3707));
#3704 = ORIENTED_EDGE('',*,*,#3601,.F.);
#3705 = ORIENTED_EDGE('',*,*,#3510,.F.);
#3706 = ORIENTED_EDGE('',*,*,#3548,.F.);
#3707 = ORIENTED_EDGE('',*,*,#3579,.F.);
#3708 = PLANE('',#3709);
#3709 = AXIS2_PLACEMENT_3D('',#3710,#3711,#3712);
#3710 = CARTESIAN_POINT('',(9.91270557701E-16,11.,0.));
#3711 = DIRECTION('',(-1.018553233601E-16,-1.,0.));
#3712 = DIRECTION('',(-0.,0.,-1.));
#3713 = ADVANCED_FACE('',(#3714),#3748,.F.);
#3714 = FACE_BOUND('',#3715,.T.);
#3715 = EDGE_LOOP('',(#3716,#3726,#3734,#3742));
#3716 = ORIENTED_EDGE('',*,*,#3717,.F.);
#3717 = EDGE_CURVE('',#3718,#3720,#3722,.T.);
#3718 = VERTEX_POINT('',#3719);
#3719 = CARTESIAN_POINT('',(2.5,11.1,1.25));
#3720 = VERTEX_POINT('',#3721);
#3721 = CARTESIAN_POINT('',(2.5,11.1,-0.25));
#3722 = LINE('',#3723,#3724);
#3723 = CARTESIAN_POINT('',(2.5,11.1,0.625));
#3724 = VECTOR('',#3725,1.);
#3725 = DIRECTION('',(0.,0.,-1.));
#3726 = ORIENTED_EDGE('',*,*,#3727,.T.);
#3727 = EDGE_CURVE('',#3718,#3728,#3730,.T.);
#3728 = VERTEX_POINT('',#3729);
#3729 = CARTESIAN_POINT('',(2.5,11.,1.25));
#3730 = LINE('',#3731,#3732);
#3731 = CARTESIAN_POINT('',(2.5,11.1,1.25));
#3732 = VECTOR('',#3733,1.);
#3733 = DIRECTION('',(0.,-1.,0.));
#3734 = ORIENTED_EDGE('',*,*,#3735,.T.);
#3735 = EDGE_CURVE('',#3728,#3736,#3738,.T.);
#3736 = VERTEX_POINT('',#3737);
#3737 = CARTESIAN_POINT('',(2.5,11.,-0.25));
#3738 = LINE('',#3739,#3740);
#3739 = CARTESIAN_POINT('',(2.5,11.,1.25));
#3740 = VECTOR('',#3741,1.);
#3741 = DIRECTION('',(0.,0.,-1.));
#3742 = ORIENTED_EDGE('',*,*,#3743,.F.);
#3743 = EDGE_CURVE('',#3720,#3736,#3744,.T.);
#3744 = LINE('',#3745,#3746);
#3745 = CARTESIAN_POINT('',(2.5,11.1,-0.25));
#3746 = VECTOR('',#3747,1.);
#3747 = DIRECTION('',(0.,-1.,0.));
#3748 = PLANE('',#3749);
#3749 = AXIS2_PLACEMENT_3D('',#3750,#3751,#3752);
#3750 = CARTESIAN_POINT('',(2.5,11.1,1.25));
#3751 = DIRECTION('',(-1.,0.,0.));
#3752 = DIRECTION('',(0.,0.,-1.));
#3753 = ADVANCED_FACE('',(#3754),#3779,.F.);
#3754 = FACE_BOUND('',#3755,.T.);
#3755 = EDGE_LOOP('',(#3756,#3764,#3772,#3778));
#3756 = ORIENTED_EDGE('',*,*,#3757,.F.);
#3757 = EDGE_CURVE('',#3758,#3718,#3760,.T.);
#3758 = VERTEX_POINT('',#3759);
#3759 = CARTESIAN_POINT('',(4.,11.1,1.25));
#3760 = LINE('',#3761,#3762);
#3761 = CARTESIAN_POINT('',(-3.45,11.1,1.25));
#3762 = VECTOR('',#3763,1.);
#3763 = DIRECTION('',(-1.,1.018553233601E-16,0.));
#3764 = ORIENTED_EDGE('',*,*,#3765,.T.);
#3765 = EDGE_CURVE('',#3758,#3766,#3768,.T.);
#3766 = VERTEX_POINT('',#3767);
#3767 = CARTESIAN_POINT('',(4.,11.,1.25));
#3768 = LINE('',#3769,#3770);
#3769 = CARTESIAN_POINT('',(4.,11.1,1.25));
#3770 = VECTOR('',#3771,1.);
#3771 = DIRECTION('',(0.,-1.,0.));
#3772 = ORIENTED_EDGE('',*,*,#3773,.T.);
#3773 = EDGE_CURVE('',#3766,#3728,#3774,.T.);
#3774 = LINE('',#3775,#3776);
#3775 = CARTESIAN_POINT('',(4.,11.,1.25));
#3776 = VECTOR('',#3777,1.);
#3777 = DIRECTION('',(-1.,1.018553233601E-16,0.));
#3778 = ORIENTED_EDGE('',*,*,#3727,.F.);
#3779 = PLANE('',#3780);
#3780 = AXIS2_PLACEMENT_3D('',#3781,#3782,#3783);
#3781 = CARTESIAN_POINT('',(4.,11.1,1.25));
#3782 = DIRECTION('',(0.,0.,1.));
#3783 = DIRECTION('',(-1.,1.7763568394E-16,0.));
#3784 = ADVANCED_FACE('',(#3785),#3810,.F.);
#3785 = FACE_BOUND('',#3786,.T.);
#3786 = EDGE_LOOP('',(#3787,#3795,#3803,#3809));
#3787 = ORIENTED_EDGE('',*,*,#3788,.F.);
#3788 = EDGE_CURVE('',#3789,#3758,#3791,.T.);
#3789 = VERTEX_POINT('',#3790);
#3790 = CARTESIAN_POINT('',(4.,11.1,-0.25));
#3791 = LINE('',#3792,#3793);
#3792 = CARTESIAN_POINT('',(4.,11.1,-0.125));
#3793 = VECTOR('',#3794,1.);
#3794 = DIRECTION('',(0.,0.,1.));
#3795 = ORIENTED_EDGE('',*,*,#3796,.T.);
#3796 = EDGE_CURVE('',#3789,#3797,#3799,.T.);
#3797 = VERTEX_POINT('',#3798);
#3798 = CARTESIAN_POINT('',(4.,11.,-0.25));
#3799 = LINE('',#3800,#3801);
#3800 = CARTESIAN_POINT('',(4.,11.1,-0.25));
#3801 = VECTOR('',#3802,1.);
#3802 = DIRECTION('',(0.,-1.,0.));
#3803 = ORIENTED_EDGE('',*,*,#3804,.T.);
#3804 = EDGE_CURVE('',#3797,#3766,#3805,.T.);
#3805 = LINE('',#3806,#3807);
#3806 = CARTESIAN_POINT('',(4.,11.,-0.25));
#3807 = VECTOR('',#3808,1.);
#3808 = DIRECTION('',(0.,0.,1.));
#3809 = ORIENTED_EDGE('',*,*,#3765,.F.);
#3810 = PLANE('',#3811);
#3811 = AXIS2_PLACEMENT_3D('',#3812,#3813,#3814);
#3812 = CARTESIAN_POINT('',(4.,11.1,-0.25));
#3813 = DIRECTION('',(1.,0.,0.));
#3814 = DIRECTION('',(0.,0.,1.));
#3815 = ADVANCED_FACE('',(#3816),#3832,.F.);
#3816 = FACE_BOUND('',#3817,.T.);
#3817 = EDGE_LOOP('',(#3818,#3824,#3825,#3831));
#3818 = ORIENTED_EDGE('',*,*,#3819,.F.);
#3819 = EDGE_CURVE('',#3720,#3789,#3820,.T.);
#3820 = LINE('',#3821,#3822);
#3821 = CARTESIAN_POINT('',(-4.2,11.1,-0.25));
#3822 = VECTOR('',#3823,1.);
#3823 = DIRECTION('',(1.,-1.018553233601E-16,0.));
#3824 = ORIENTED_EDGE('',*,*,#3743,.T.);
#3825 = ORIENTED_EDGE('',*,*,#3826,.T.);
#3826 = EDGE_CURVE('',#3736,#3797,#3827,.T.);
#3827 = LINE('',#3828,#3829);
#3828 = CARTESIAN_POINT('',(2.5,11.,-0.25));
#3829 = VECTOR('',#3830,1.);
#3830 = DIRECTION('',(1.,-1.018553233601E-16,0.));
#3831 = ORIENTED_EDGE('',*,*,#3796,.F.);
#3832 = PLANE('',#3833);
#3833 = AXIS2_PLACEMENT_3D('',#3834,#3835,#3836);
#3834 = CARTESIAN_POINT('',(2.5,11.1,-0.25));
#3835 = DIRECTION('',(0.,0.,-1.));
#3836 = DIRECTION('',(1.,-1.7763568394E-16,0.));
#3837 = ADVANCED_FACE('',(#3838),#3844,.F.);
#3838 = FACE_BOUND('',#3839,.T.);
#3839 = EDGE_LOOP('',(#3840,#3841,#3842,#3843));
#3840 = ORIENTED_EDGE('',*,*,#3826,.F.);
#3841 = ORIENTED_EDGE('',*,*,#3735,.F.);
#3842 = ORIENTED_EDGE('',*,*,#3773,.F.);
#3843 = ORIENTED_EDGE('',*,*,#3804,.F.);
#3844 = PLANE('',#3845);
#3845 = AXIS2_PLACEMENT_3D('',#3846,#3847,#3848);
#3846 = CARTESIAN_POINT('',(3.25,11.,0.5));
#3847 = DIRECTION('',(-1.018553233601E-16,-1.,0.));
#3848 = DIRECTION('',(-0.,0.,-1.));
#3849 = ADVANCED_FACE('',(#3850,#3856),#3890,.T.);
#3850 = FACE_BOUND('',#3851,.T.);
#3851 = EDGE_LOOP('',(#3852,#3853,#3854,#3855));
#3852 = ORIENTED_EDGE('',*,*,#3492,.T.);
#3853 = ORIENTED_EDGE('',*,*,#3594,.T.);
#3854 = ORIENTED_EDGE('',*,*,#3563,.T.);
#3855 = ORIENTED_EDGE('',*,*,#3532,.T.);
#3856 = FACE_BOUND('',#3857,.T.);
#3857 = EDGE_LOOP('',(#3858,#3868,#3876,#3884));
#3858 = ORIENTED_EDGE('',*,*,#3859,.T.);
#3859 = EDGE_CURVE('',#3860,#3862,#3864,.T.);
#3860 = VERTEX_POINT('',#3861);
#3861 = CARTESIAN_POINT('',(-10.9,11.1,4.6));
#3862 = VERTEX_POINT('',#3863);
#3863 = CARTESIAN_POINT('',(10.9,11.1,4.6));
#3864 = LINE('',#3865,#3866);
#3865 = CARTESIAN_POINT('',(-10.9,11.1,4.6));
#3866 = VECTOR('',#3867,1.);
#3867 = DIRECTION('',(1.,-1.018553233601E-16,0.));
#3868 = ORIENTED_EDGE('',*,*,#3869,.T.);
#3869 = EDGE_CURVE('',#3862,#3870,#3872,.T.);
#3870 = VERTEX_POINT('',#3871);
#3871 = CARTESIAN_POINT('',(10.9,11.1,-4.6));
#3872 = LINE('',#3873,#3874);
#3873 = CARTESIAN_POINT('',(10.9,11.1,0.));
#3874 = VECTOR('',#3875,1.);
#3875 = DIRECTION('',(0.,0.,-1.));
#3876 = ORIENTED_EDGE('',*,*,#3877,.T.);
#3877 = EDGE_CURVE('',#3870,#3878,#3880,.T.);
#3878 = VERTEX_POINT('',#3879);
#3879 = CARTESIAN_POINT('',(-10.9,11.1,-4.6));
#3880 = LINE('',#3881,#3882);
#3881 = CARTESIAN_POINT('',(-10.9,11.1,-4.6));
#3882 = VECTOR('',#3883,1.);
#3883 = DIRECTION('',(-1.,1.018553233601E-16,0.));
#3884 = ORIENTED_EDGE('',*,*,#3885,.F.);
#3885 = EDGE_CURVE('',#3860,#3878,#3886,.T.);
#3886 = LINE('',#3887,#3888);
#3887 = CARTESIAN_POINT('',(-10.9,11.1,0.));
#3888 = VECTOR('',#3889,1.);
#3889 = DIRECTION('',(0.,0.,-1.));
#3890 = PLANE('',#3891);
#3891 = AXIS2_PLACEMENT_3D('',#3892,#3893,#3894);
#3892 = CARTESIAN_POINT('',(-10.9,11.1,0.));
#3893 = DIRECTION('',(1.018553233601E-16,1.,0.));
#3894 = DIRECTION('',(0.,-0.,1.));
#3895 = ADVANCED_FACE('',(#3896),#3902,.T.);
#3896 = FACE_BOUND('',#3897,.T.);
#3897 = EDGE_LOOP('',(#3898,#3899,#3900,#3901));
#3898 = ORIENTED_EDGE('',*,*,#3368,.T.);
#3899 = ORIENTED_EDGE('',*,*,#3408,.T.);
#3900 = ORIENTED_EDGE('',*,*,#3439,.T.);
#3901 = ORIENTED_EDGE('',*,*,#3470,.T.);
#3902 = PLANE('',#3903);
#3903 = AXIS2_PLACEMENT_3D('',#3904,#3905,#3906);
#3904 = CARTESIAN_POINT('',(-10.9,11.1,0.));
#3905 = DIRECTION('',(1.018553233601E-16,1.,0.));
#3906 = DIRECTION('',(0.,-0.,1.));
#3907 = ADVANCED_FACE('',(#3908),#3914,.T.);
#3908 = FACE_BOUND('',#3909,.T.);
#3909 = EDGE_LOOP('',(#3910,#3911,#3912,#3913));
#3910 = ORIENTED_EDGE('',*,*,#3244,.T.);
#3911 = ORIENTED_EDGE('',*,*,#3284,.T.);
#3912 = ORIENTED_EDGE('',*,*,#3315,.T.);
#3913 = ORIENTED_EDGE('',*,*,#3346,.T.);
#3914 = PLANE('',#3915);
#3915 = AXIS2_PLACEMENT_3D('',#3916,#3917,#3918);
#3916 = CARTESIAN_POINT('',(-10.9,11.1,0.));
#3917 = DIRECTION('',(1.018553233601E-16,1.,0.));
#3918 = DIRECTION('',(0.,-0.,1.));
#3919 = ADVANCED_FACE('',(#3920),#3926,.T.);
#3920 = FACE_BOUND('',#3921,.T.);
#3921 = EDGE_LOOP('',(#3922,#3923,#3924,#3925));
#3922 = ORIENTED_EDGE('',*,*,#3120,.T.);
#3923 = ORIENTED_EDGE('',*,*,#3160,.T.);
#3924 = ORIENTED_EDGE('',*,*,#3191,.T.);
#3925 = ORIENTED_EDGE('',*,*,#3222,.T.);
#3926 = PLANE('',#3927);
#3927 = AXIS2_PLACEMENT_3D('',#3928,#3929,#3930);
#3928 = CARTESIAN_POINT('',(-10.9,11.1,0.));
#3929 = DIRECTION('',(1.018553233601E-16,1.,0.));
#3930 = DIRECTION('',(0.,-0.,1.));
#3931 = ADVANCED_FACE('',(#3932),#3950,.T.);
#3932 = FACE_BOUND('',#3933,.T.);
#3933 = EDGE_LOOP('',(#3934,#3935,#3936,#3937,#3938,#3939,#3940,#3941,
    #3942,#3943,#3944,#3945,#3946,#3947,#3948,#3949));
#3934 = ORIENTED_EDGE('',*,*,#2616,.T.);
#3935 = ORIENTED_EDGE('',*,*,#2656,.T.);
#3936 = ORIENTED_EDGE('',*,*,#2687,.T.);
#3937 = ORIENTED_EDGE('',*,*,#2718,.T.);
#3938 = ORIENTED_EDGE('',*,*,#2751,.T.);
#3939 = ORIENTED_EDGE('',*,*,#2782,.T.);
#3940 = ORIENTED_EDGE('',*,*,#2815,.T.);
#3941 = ORIENTED_EDGE('',*,*,#2846,.T.);
#3942 = ORIENTED_EDGE('',*,*,#2879,.T.);
#3943 = ORIENTED_EDGE('',*,*,#2910,.T.);
#3944 = ORIENTED_EDGE('',*,*,#2943,.T.);
#3945 = ORIENTED_EDGE('',*,*,#2974,.T.);
#3946 = ORIENTED_EDGE('',*,*,#3005,.T.);
#3947 = ORIENTED_EDGE('',*,*,#3036,.T.);
#3948 = ORIENTED_EDGE('',*,*,#3067,.T.);
#3949 = ORIENTED_EDGE('',*,*,#3098,.T.);
#3950 = PLANE('',#3951);
#3951 = AXIS2_PLACEMENT_3D('',#3952,#3953,#3954);
#3952 = CARTESIAN_POINT('',(-10.9,11.1,0.));
#3953 = DIRECTION('',(1.018553233601E-16,1.,0.));
#3954 = DIRECTION('',(0.,-0.,1.));
#3955 = ADVANCED_FACE('',(#3956),#3970,.T.);
#3956 = FACE_BOUND('',#3957,.T.);
#3957 = EDGE_LOOP('',(#3958,#3959,#3960,#3961,#3962,#3963,#3964,#3965,
    #3966,#3967,#3968,#3969));
#3958 = ORIENTED_EDGE('',*,*,#2244,.T.);
#3959 = ORIENTED_EDGE('',*,*,#2284,.T.);
#3960 = ORIENTED_EDGE('',*,*,#2315,.T.);
#3961 = ORIENTED_EDGE('',*,*,#2346,.T.);
#3962 = ORIENTED_EDGE('',*,*,#2377,.T.);
#3963 = ORIENTED_EDGE('',*,*,#2408,.T.);
#3964 = ORIENTED_EDGE('',*,*,#2439,.T.);
#3965 = ORIENTED_EDGE('',*,*,#2470,.T.);
#3966 = ORIENTED_EDGE('',*,*,#2501,.T.);
#3967 = ORIENTED_EDGE('',*,*,#2532,.T.);
#3968 = ORIENTED_EDGE('',*,*,#2563,.T.);
#3969 = ORIENTED_EDGE('',*,*,#2594,.T.);
#3970 = PLANE('',#3971);
#3971 = AXIS2_PLACEMENT_3D('',#3972,#3973,#3974);
#3972 = CARTESIAN_POINT('',(-10.9,11.1,0.));
#3973 = DIRECTION('',(1.018553233601E-16,1.,0.));
#3974 = DIRECTION('',(0.,-0.,1.));
#3975 = ADVANCED_FACE('',(#3976),#3991,.T.);
#3976 = FACE_BOUND('',#3977,.T.);
#3977 = EDGE_LOOP('',(#3978,#3979,#3980,#3981,#3982,#3983,#3984,#3985,
    #3986,#3987,#3988,#3989,#3990));
#3978 = ORIENTED_EDGE('',*,*,#1841,.T.);
#3979 = ORIENTED_EDGE('',*,*,#1881,.T.);
#3980 = ORIENTED_EDGE('',*,*,#1912,.T.);
#3981 = ORIENTED_EDGE('',*,*,#1943,.T.);
#3982 = ORIENTED_EDGE('',*,*,#1974,.T.);
#3983 = ORIENTED_EDGE('',*,*,#2005,.T.);
#3984 = ORIENTED_EDGE('',*,*,#2036,.T.);
#3985 = ORIENTED_EDGE('',*,*,#2067,.T.);
#3986 = ORIENTED_EDGE('',*,*,#2098,.T.);
#3987 = ORIENTED_EDGE('',*,*,#2129,.T.);
#3988 = ORIENTED_EDGE('',*,*,#2160,.T.);
#3989 = ORIENTED_EDGE('',*,*,#2191,.T.);
#3990 = ORIENTED_EDGE('',*,*,#2222,.T.);
#3991 = PLANE('',#3992);
#3992 = AXIS2_PLACEMENT_3D('',#3993,#3994,#3995);
#3993 = CARTESIAN_POINT('',(-10.9,11.1,0.));
#3994 = DIRECTION('',(1.018553233601E-16,1.,0.));
#3995 = DIRECTION('',(0.,-0.,1.));
#3996 = ADVANCED_FACE('',(#3997,#4011),#4019,.T.);
#3997 = FACE_BOUND('',#3998,.T.);
#3998 = EDGE_LOOP('',(#3999,#4000,#4001,#4002,#4003,#4004,#4005,#4006,
    #4007,#4008,#4009,#4010));
#3999 = ORIENTED_EDGE('',*,*,#1465,.T.);
#4000 = ORIENTED_EDGE('',*,*,#1505,.T.);
#4001 = ORIENTED_EDGE('',*,*,#1536,.T.);
#4002 = ORIENTED_EDGE('',*,*,#1567,.T.);
#4003 = ORIENTED_EDGE('',*,*,#1598,.T.);
#4004 = ORIENTED_EDGE('',*,*,#1629,.T.);
#4005 = ORIENTED_EDGE('',*,*,#1660,.T.);
#4006 = ORIENTED_EDGE('',*,*,#1691,.T.);
#4007 = ORIENTED_EDGE('',*,*,#1724,.T.);
#4008 = ORIENTED_EDGE('',*,*,#1755,.T.);
#4009 = ORIENTED_EDGE('',*,*,#1788,.T.);
#4010 = ORIENTED_EDGE('',*,*,#1819,.T.);
#4011 = FACE_BOUND('',#4012,.T.);
#4012 = EDGE_LOOP('',(#4013,#4014,#4015,#4016,#4017,#4018));
#4013 = ORIENTED_EDGE('',*,*,#1005,.T.);
#4014 = ORIENTED_EDGE('',*,*,#1173,.T.);
#4015 = ORIENTED_EDGE('',*,*,#1158,.T.);
#4016 = ORIENTED_EDGE('',*,*,#1109,.T.);
#4017 = ORIENTED_EDGE('',*,*,#1094,.T.);
#4018 = ORIENTED_EDGE('',*,*,#1045,.T.);
#4019 = PLANE('',#4020);
#4020 = AXIS2_PLACEMENT_3D('',#4021,#4022,#4023);
#4021 = CARTESIAN_POINT('',(-10.9,11.1,0.));
#4022 = DIRECTION('',(1.018553233601E-16,1.,0.));
#4023 = DIRECTION('',(0.,-0.,1.));
#4024 = ADVANCED_FACE('',(#4025),#4059,.F.);
#4025 = FACE_BOUND('',#4026,.T.);
#4026 = EDGE_LOOP('',(#4027,#4037,#4045,#4053));
#4027 = ORIENTED_EDGE('',*,*,#4028,.F.);
#4028 = EDGE_CURVE('',#4029,#4031,#4033,.T.);
#4029 = VERTEX_POINT('',#4030);
#4030 = CARTESIAN_POINT('',(-10.4,10.55,-4.1));
#4031 = VERTEX_POINT('',#4032);
#4032 = CARTESIAN_POINT('',(10.4,10.55,-4.1));
#4033 = LINE('',#4034,#4035);
#4034 = CARTESIAN_POINT('',(10.4,10.55,-4.1));
#4035 = VECTOR('',#4036,1.);
#4036 = DIRECTION('',(1.,0.,0.));
#4037 = ORIENTED_EDGE('',*,*,#4038,.F.);
#4038 = EDGE_CURVE('',#4039,#4029,#4041,.T.);
#4039 = VERTEX_POINT('',#4040);
#4040 = CARTESIAN_POINT('',(-10.4,0.5,-4.1));
#4041 = LINE('',#4042,#4043);
#4042 = CARTESIAN_POINT('',(-10.4,0.5,-4.1));
#4043 = VECTOR('',#4044,1.);
#4044 = DIRECTION('',(0.,1.,0.));
#4045 = ORIENTED_EDGE('',*,*,#4046,.F.);
#4046 = EDGE_CURVE('',#4047,#4039,#4049,.T.);
#4047 = VERTEX_POINT('',#4048);
#4048 = CARTESIAN_POINT('',(10.4,0.5,-4.1));
#4049 = LINE('',#4050,#4051);
#4050 = CARTESIAN_POINT('',(-5.2,0.5,-4.1));
#4051 = VECTOR('',#4052,1.);
#4052 = DIRECTION('',(-1.,0.,0.));
#4053 = ORIENTED_EDGE('',*,*,#4054,.T.);
#4054 = EDGE_CURVE('',#4047,#4031,#4055,.T.);
#4055 = LINE('',#4056,#4057);
#4056 = CARTESIAN_POINT('',(10.4,0.5,-4.1));
#4057 = VECTOR('',#4058,1.);
#4058 = DIRECTION('',(0.,1.,0.));
#4059 = PLANE('',#4060);
#4060 = AXIS2_PLACEMENT_3D('',#4061,#4062,#4063);
#4061 = CARTESIAN_POINT('',(-10.4,0.5,-4.1));
#4062 = DIRECTION('',(0.,0.,-1.));
#4063 = DIRECTION('',(-1.,0.,0.));
#4064 = ADVANCED_FACE('',(#4065),#4099,.F.);
#4065 = FACE_BOUND('',#4066,.T.);
#4066 = EDGE_LOOP('',(#4067,#4077,#4085,#4093));
#4067 = ORIENTED_EDGE('',*,*,#4068,.F.);
#4068 = EDGE_CURVE('',#4069,#4071,#4073,.T.);
#4069 = VERTEX_POINT('',#4070);
#4070 = CARTESIAN_POINT('',(10.4,10.55,4.1));
#4071 = VERTEX_POINT('',#4072);
#4072 = CARTESIAN_POINT('',(-10.4,10.55,4.1));
#4073 = LINE('',#4074,#4075);
#4074 = CARTESIAN_POINT('',(-10.4,10.55,4.1));
#4075 = VECTOR('',#4076,1.);
#4076 = DIRECTION('',(-1.,0.,0.));
#4077 = ORIENTED_EDGE('',*,*,#4078,.F.);
#4078 = EDGE_CURVE('',#4079,#4069,#4081,.T.);
#4079 = VERTEX_POINT('',#4080);
#4080 = CARTESIAN_POINT('',(10.4,0.5,4.1));
#4081 = LINE('',#4082,#4083);
#4082 = CARTESIAN_POINT('',(10.4,0.5,4.1));
#4083 = VECTOR('',#4084,1.);
#4084 = DIRECTION('',(0.,1.,0.));
#4085 = ORIENTED_EDGE('',*,*,#4086,.F.);
#4086 = EDGE_CURVE('',#4087,#4079,#4089,.T.);
#4087 = VERTEX_POINT('',#4088);
#4088 = CARTESIAN_POINT('',(-10.4,0.5,4.1));
#4089 = LINE('',#4090,#4091);
#4090 = CARTESIAN_POINT('',(5.2,0.5,4.1));
#4091 = VECTOR('',#4092,1.);
#4092 = DIRECTION('',(1.,0.,0.));
#4093 = ORIENTED_EDGE('',*,*,#4094,.T.);
#4094 = EDGE_CURVE('',#4087,#4071,#4095,.T.);
#4095 = LINE('',#4096,#4097);
#4096 = CARTESIAN_POINT('',(-10.4,0.5,4.1));
#4097 = VECTOR('',#4098,1.);
#4098 = DIRECTION('',(0.,1.,0.));
#4099 = PLANE('',#4100);
#4100 = AXIS2_PLACEMENT_3D('',#4101,#4102,#4103);
#4101 = CARTESIAN_POINT('',(10.4,0.5,4.1));
#4102 = DIRECTION('',(0.,0.,1.));
#4103 = DIRECTION('',(1.,0.,-0.));
#4104 = ADVANCED_FACE('',(#4105),#4121,.F.);
#4105 = FACE_BOUND('',#4106,.T.);
#4106 = EDGE_LOOP('',(#4107,#4113,#4114,#4120));
#4107 = ORIENTED_EDGE('',*,*,#4108,.T.);
#4108 = EDGE_CURVE('',#4071,#4029,#4109,.T.);
#4109 = LINE('',#4110,#4111);
#4110 = CARTESIAN_POINT('',(-10.4,10.55,-4.1));
#4111 = VECTOR('',#4112,1.);
#4112 = DIRECTION('',(0.,0.,-1.));
#4113 = ORIENTED_EDGE('',*,*,#4028,.T.);
#4114 = ORIENTED_EDGE('',*,*,#4115,.T.);
#4115 = EDGE_CURVE('',#4031,#4069,#4116,.T.);
#4116 = LINE('',#4117,#4118);
#4117 = CARTESIAN_POINT('',(10.4,10.55,4.1));
#4118 = VECTOR('',#4119,1.);
#4119 = DIRECTION('',(0.,0.,1.));
#4120 = ORIENTED_EDGE('',*,*,#4068,.T.);
#4121 = PLANE('',#4122);
#4122 = AXIS2_PLACEMENT_3D('',#4123,#4124,#4125);
#4123 = CARTESIAN_POINT('',(1.942890293094E-15,10.55,5.70772965638E-17)
  );
#4124 = DIRECTION('',(-1.700900772222E-33,1.,-1.539006588073E-33));
#4125 = DIRECTION('',(-2.617697494108E-66,1.539006588073E-33,1.));
#4126 = ADVANCED_FACE('',(#4127),#4152,.F.);
#4127 = FACE_BOUND('',#4128,.T.);
#4128 = EDGE_LOOP('',(#4129,#4130,#4138,#4146));
#4129 = ORIENTED_EDGE('',*,*,#4046,.T.);
#4130 = ORIENTED_EDGE('',*,*,#4131,.T.);
#4131 = EDGE_CURVE('',#4039,#4132,#4134,.T.);
#4132 = VERTEX_POINT('',#4133);
#4133 = CARTESIAN_POINT('',(-10.4,0.5,-4.6));
#4134 = LINE('',#4135,#4136);
#4135 = CARTESIAN_POINT('',(-10.4,0.5,-4.6));
#4136 = VECTOR('',#4137,1.);
#4137 = DIRECTION('',(1.659300716152E-16,0.,-1.));
#4138 = ORIENTED_EDGE('',*,*,#4139,.F.);
#4139 = EDGE_CURVE('',#4140,#4132,#4142,.T.);
#4140 = VERTEX_POINT('',#4141);
#4141 = CARTESIAN_POINT('',(10.4,0.5,-4.6));
#4142 = LINE('',#4143,#4144);
#4143 = CARTESIAN_POINT('',(4.163336342344E-16,0.5,-4.6));
#4144 = VECTOR('',#4145,1.);
#4145 = DIRECTION('',(-1.,0.,0.));
#4146 = ORIENTED_EDGE('',*,*,#4147,.T.);
#4147 = EDGE_CURVE('',#4140,#4047,#4148,.T.);
#4148 = LINE('',#4149,#4150);
#4149 = CARTESIAN_POINT('',(10.4,0.5,4.6));
#4150 = VECTOR('',#4151,1.);
#4151 = DIRECTION('',(0.,0.,1.));
#4152 = PLANE('',#4153);
#4153 = AXIS2_PLACEMENT_3D('',#4154,#4155,#4156);
#4154 = CARTESIAN_POINT('',(8.326672684689E-16,0.5,-7.737918050418E-17)
  );
#4155 = DIRECTION('',(0.,1.,0.));
#4156 = DIRECTION('',(0.,-0.,1.));
#4157 = ADVANCED_FACE('',(#4158),#4194,.F.);
#4158 = FACE_BOUND('',#4159,.T.);
#4159 = EDGE_LOOP('',(#4160,#4168,#4176,#4184,#4190,#4191,#4192,#4193));
#4160 = ORIENTED_EDGE('',*,*,#4161,.F.);
#4161 = EDGE_CURVE('',#4162,#4087,#4164,.T.);
#4162 = VERTEX_POINT('',#4163);
#4163 = CARTESIAN_POINT('',(-10.4,0.5,4.6));
#4164 = LINE('',#4165,#4166);
#4165 = CARTESIAN_POINT('',(-10.4,0.5,-4.6));
#4166 = VECTOR('',#4167,1.);
#4167 = DIRECTION('',(1.659300716152E-16,0.,-1.));
#4168 = ORIENTED_EDGE('',*,*,#4169,.F.);
#4169 = EDGE_CURVE('',#4170,#4162,#4172,.T.);
#4170 = VERTEX_POINT('',#4171);
#4171 = CARTESIAN_POINT('',(-10.4,0.,4.6));
#4172 = LINE('',#4173,#4174);
#4173 = CARTESIAN_POINT('',(-10.4,2.775,4.6));
#4174 = VECTOR('',#4175,1.);
#4175 = DIRECTION('',(0.,1.,0.));
#4176 = ORIENTED_EDGE('',*,*,#4177,.F.);
#4177 = EDGE_CURVE('',#4178,#4170,#4180,.T.);
#4178 = VERTEX_POINT('',#4179);
#4179 = CARTESIAN_POINT('',(-10.4,0.,-4.6));
#4180 = LINE('',#4181,#4182);
#4181 = CARTESIAN_POINT('',(-10.4,0.,2.3));
#4182 = VECTOR('',#4183,1.);
#4183 = DIRECTION('',(-1.659300716152E-16,0.,1.));
#4184 = ORIENTED_EDGE('',*,*,#4185,.F.);
#4185 = EDGE_CURVE('',#4132,#4178,#4186,.T.);
#4186 = LINE('',#4187,#4188);
#4187 = CARTESIAN_POINT('',(-10.4,2.775,-4.6));
#4188 = VECTOR('',#4189,1.);
#4189 = DIRECTION('',(0.,-1.,0.));
#4190 = ORIENTED_EDGE('',*,*,#4131,.F.);
#4191 = ORIENTED_EDGE('',*,*,#4038,.T.);
#4192 = ORIENTED_EDGE('',*,*,#4108,.F.);
#4193 = ORIENTED_EDGE('',*,*,#4094,.F.);
#4194 = PLANE('',#4195);
#4195 = AXIS2_PLACEMENT_3D('',#4196,#4197,#4198);
#4196 = CARTESIAN_POINT('',(-10.4,0.,4.6));
#4197 = DIRECTION('',(-1.,0.,-1.659300716152E-16));
#4198 = DIRECTION('',(-1.659300716152E-16,0.,1.));
#4199 = ADVANCED_FACE('',(#4200),#4236,.F.);
#4200 = FACE_BOUND('',#4201,.T.);
#4201 = EDGE_LOOP('',(#4202,#4203,#4211,#4219,#4227,#4233,#4234,#4235));
#4202 = ORIENTED_EDGE('',*,*,#4147,.F.);
#4203 = ORIENTED_EDGE('',*,*,#4204,.F.);
#4204 = EDGE_CURVE('',#4205,#4140,#4207,.T.);
#4205 = VERTEX_POINT('',#4206);
#4206 = CARTESIAN_POINT('',(10.4,0.,-4.6));
#4207 = LINE('',#4208,#4209);
#4208 = CARTESIAN_POINT('',(10.4,2.775,-4.6));
#4209 = VECTOR('',#4210,1.);
#4210 = DIRECTION('',(0.,1.,0.));
#4211 = ORIENTED_EDGE('',*,*,#4212,.F.);
#4212 = EDGE_CURVE('',#4213,#4205,#4215,.T.);
#4213 = VERTEX_POINT('',#4214);
#4214 = CARTESIAN_POINT('',(10.4,0.,4.6));
#4215 = LINE('',#4216,#4217);
#4216 = CARTESIAN_POINT('',(10.4,0.,-2.3));
#4217 = VECTOR('',#4218,1.);
#4218 = DIRECTION('',(0.,0.,-1.));
#4219 = ORIENTED_EDGE('',*,*,#4220,.F.);
#4220 = EDGE_CURVE('',#4221,#4213,#4223,.T.);
#4221 = VERTEX_POINT('',#4222);
#4222 = CARTESIAN_POINT('',(10.4,0.5,4.6));
#4223 = LINE('',#4224,#4225);
#4224 = CARTESIAN_POINT('',(10.4,2.775,4.6));
#4225 = VECTOR('',#4226,1.);
#4226 = DIRECTION('',(0.,-1.,0.));
#4227 = ORIENTED_EDGE('',*,*,#4228,.F.);
#4228 = EDGE_CURVE('',#4079,#4221,#4229,.T.);
#4229 = LINE('',#4230,#4231);
#4230 = CARTESIAN_POINT('',(10.4,0.5,4.6));
#4231 = VECTOR('',#4232,1.);
#4232 = DIRECTION('',(0.,0.,1.));
#4233 = ORIENTED_EDGE('',*,*,#4078,.T.);
#4234 = ORIENTED_EDGE('',*,*,#4115,.F.);
#4235 = ORIENTED_EDGE('',*,*,#4054,.F.);
#4236 = PLANE('',#4237);
#4237 = AXIS2_PLACEMENT_3D('',#4238,#4239,#4240);
#4238 = CARTESIAN_POINT('',(10.4,0.,-4.6));
#4239 = DIRECTION('',(1.,0.,0.));
#4240 = DIRECTION('',(0.,0.,-1.));
#4241 = ADVANCED_FACE('',(#4242),#4253,.F.);
#4242 = FACE_BOUND('',#4243,.T.);
#4243 = EDGE_LOOP('',(#4244,#4245,#4246,#4252));
#4244 = ORIENTED_EDGE('',*,*,#4086,.T.);
#4245 = ORIENTED_EDGE('',*,*,#4228,.T.);
#4246 = ORIENTED_EDGE('',*,*,#4247,.F.);
#4247 = EDGE_CURVE('',#4162,#4221,#4248,.T.);
#4248 = LINE('',#4249,#4250);
#4249 = CARTESIAN_POINT('',(4.163336342344E-16,0.5,4.6));
#4250 = VECTOR('',#4251,1.);
#4251 = DIRECTION('',(1.,0.,0.));
#4252 = ORIENTED_EDGE('',*,*,#4161,.T.);
#4253 = PLANE('',#4254);
#4254 = AXIS2_PLACEMENT_3D('',#4255,#4256,#4257);
#4255 = CARTESIAN_POINT('',(8.326672684689E-16,0.5,-7.737918050418E-17)
  );
#4256 = DIRECTION('',(0.,1.,0.));
#4257 = DIRECTION('',(0.,-0.,1.));
#4258 = ADVANCED_FACE('',(#4259),#4284,.T.);
#4259 = FACE_BOUND('',#4260,.T.);
#4260 = EDGE_LOOP('',(#4261,#4262,#4270,#4278));
#4261 = ORIENTED_EDGE('',*,*,#4177,.T.);
#4262 = ORIENTED_EDGE('',*,*,#4263,.T.);
#4263 = EDGE_CURVE('',#4170,#4264,#4266,.T.);
#4264 = VERTEX_POINT('',#4265);
#4265 = CARTESIAN_POINT('',(-10.9,0.,4.6));
#4266 = LINE('',#4267,#4268);
#4267 = CARTESIAN_POINT('',(10.9,0.,4.6));
#4268 = VECTOR('',#4269,1.);
#4269 = DIRECTION('',(-1.,0.,0.));
#4270 = ORIENTED_EDGE('',*,*,#4271,.T.);
#4271 = EDGE_CURVE('',#4264,#4272,#4274,.T.);
#4272 = VERTEX_POINT('',#4273);
#4273 = CARTESIAN_POINT('',(-10.9,0.,-4.6));
#4274 = LINE('',#4275,#4276);
#4275 = CARTESIAN_POINT('',(-10.9,0.,0.));
#4276 = VECTOR('',#4277,1.);
#4277 = DIRECTION('',(0.,0.,-1.));
#4278 = ORIENTED_EDGE('',*,*,#4279,.T.);
#4279 = EDGE_CURVE('',#4272,#4178,#4280,.T.);
#4280 = LINE('',#4281,#4282);
#4281 = CARTESIAN_POINT('',(10.9,0.,-4.6));
#4282 = VECTOR('',#4283,1.);
#4283 = DIRECTION('',(1.,0.,0.));
#4284 = PLANE('',#4285);
#4285 = AXIS2_PLACEMENT_3D('',#4286,#4287,#4288);
#4286 = CARTESIAN_POINT('',(10.9,0.,0.));
#4287 = DIRECTION('',(0.,-1.,0.));
#4288 = DIRECTION('',(0.,0.,-1.));
#4289 = ADVANCED_FACE('',(#4290),#4315,.T.);
#4290 = FACE_BOUND('',#4291,.T.);
#4291 = EDGE_LOOP('',(#4292,#4293,#4301,#4309));
#4292 = ORIENTED_EDGE('',*,*,#4212,.T.);
#4293 = ORIENTED_EDGE('',*,*,#4294,.T.);
#4294 = EDGE_CURVE('',#4205,#4295,#4297,.T.);
#4295 = VERTEX_POINT('',#4296);
#4296 = CARTESIAN_POINT('',(10.9,0.,-4.6));
#4297 = LINE('',#4298,#4299);
#4298 = CARTESIAN_POINT('',(10.9,0.,-4.6));
#4299 = VECTOR('',#4300,1.);
#4300 = DIRECTION('',(1.,0.,0.));
#4301 = ORIENTED_EDGE('',*,*,#4302,.T.);
#4302 = EDGE_CURVE('',#4295,#4303,#4305,.T.);
#4303 = VERTEX_POINT('',#4304);
#4304 = CARTESIAN_POINT('',(10.9,0.,4.6));
#4305 = LINE('',#4306,#4307);
#4306 = CARTESIAN_POINT('',(10.9,0.,0.));
#4307 = VECTOR('',#4308,1.);
#4308 = DIRECTION('',(0.,0.,1.));
#4309 = ORIENTED_EDGE('',*,*,#4310,.T.);
#4310 = EDGE_CURVE('',#4303,#4213,#4311,.T.);
#4311 = LINE('',#4312,#4313);
#4312 = CARTESIAN_POINT('',(10.9,0.,4.6));
#4313 = VECTOR('',#4314,1.);
#4314 = DIRECTION('',(-1.,0.,0.));
#4315 = PLANE('',#4316);
#4316 = AXIS2_PLACEMENT_3D('',#4317,#4318,#4319);
#4317 = CARTESIAN_POINT('',(10.9,0.,0.));
#4318 = DIRECTION('',(0.,-1.,0.));
#4319 = DIRECTION('',(0.,0.,-1.));
#4320 = ADVANCED_FACE('',(#4321),#4341,.F.);
#4321 = FACE_BOUND('',#4322,.T.);
#4322 = EDGE_LOOP('',(#4323,#4324,#4325,#4326,#4327,#4333,#4334,#4340));
#4323 = ORIENTED_EDGE('',*,*,#4204,.T.);
#4324 = ORIENTED_EDGE('',*,*,#4139,.T.);
#4325 = ORIENTED_EDGE('',*,*,#4185,.T.);
#4326 = ORIENTED_EDGE('',*,*,#4279,.F.);
#4327 = ORIENTED_EDGE('',*,*,#4328,.F.);
#4328 = EDGE_CURVE('',#3878,#4272,#4329,.T.);
#4329 = LINE('',#4330,#4331);
#4330 = CARTESIAN_POINT('',(-10.9,0.,-4.6));
#4331 = VECTOR('',#4332,1.);
#4332 = DIRECTION('',(-4.000803692343E-16,-1.,0.));
#4333 = ORIENTED_EDGE('',*,*,#3877,.F.);
#4334 = ORIENTED_EDGE('',*,*,#4335,.F.);
#4335 = EDGE_CURVE('',#4295,#3870,#4336,.T.);
#4336 = LINE('',#4337,#4338);
#4337 = CARTESIAN_POINT('',(10.9,11.1,-4.6));
#4338 = VECTOR('',#4339,1.);
#4339 = DIRECTION('',(-4.000803692343E-16,1.,0.));
#4340 = ORIENTED_EDGE('',*,*,#4294,.F.);
#4341 = PLANE('',#4342);
#4342 = AXIS2_PLACEMENT_3D('',#4343,#4344,#4345);
#4343 = CARTESIAN_POINT('',(0.,5.55,-4.6));
#4344 = DIRECTION('',(0.,0.,1.));
#4345 = DIRECTION('',(1.,0.,-0.));
#4346 = ADVANCED_FACE('',(#4347),#4358,.T.);
#4347 = FACE_BOUND('',#4348,.T.);
#4348 = EDGE_LOOP('',(#4349,#4355,#4356,#4357));
#4349 = ORIENTED_EDGE('',*,*,#4350,.T.);
#4350 = EDGE_CURVE('',#4264,#3860,#4351,.T.);
#4351 = LINE('',#4352,#4353);
#4352 = CARTESIAN_POINT('',(-10.9,0.,4.6));
#4353 = VECTOR('',#4354,1.);
#4354 = DIRECTION('',(4.000803692343E-16,1.,0.));
#4355 = ORIENTED_EDGE('',*,*,#3885,.T.);
#4356 = ORIENTED_EDGE('',*,*,#4328,.T.);
#4357 = ORIENTED_EDGE('',*,*,#4271,.F.);
#4358 = PLANE('',#4359);
#4359 = AXIS2_PLACEMENT_3D('',#4360,#4361,#4362);
#4360 = CARTESIAN_POINT('',(-10.9,0.,0.));
#4361 = DIRECTION('',(-1.,4.000803692343E-16,0.));
#4362 = DIRECTION('',(0.,0.,1.));
#4363 = ADVANCED_FACE('',(#4364,#4374),#4380,.T.);
#4364 = FACE_BOUND('',#4365,.T.);
#4365 = EDGE_LOOP('',(#4366,#4367,#4368,#4369,#4370,#4371,#4372,#4373));
#4366 = ORIENTED_EDGE('',*,*,#1209,.T.);
#4367 = ORIENTED_EDGE('',*,*,#1251,.T.);
#4368 = ORIENTED_EDGE('',*,*,#1282,.T.);
#4369 = ORIENTED_EDGE('',*,*,#1315,.T.);
#4370 = ORIENTED_EDGE('',*,*,#1346,.T.);
#4371 = ORIENTED_EDGE('',*,*,#1379,.T.);
#4372 = ORIENTED_EDGE('',*,*,#1410,.T.);
#4373 = ORIENTED_EDGE('',*,*,#1443,.T.);
#4374 = FACE_BOUND('',#4375,.T.);
#4375 = EDGE_LOOP('',(#4376,#4377,#4378,#4379));
#4376 = ORIENTED_EDGE('',*,*,#3717,.T.);
#4377 = ORIENTED_EDGE('',*,*,#3819,.T.);
#4378 = ORIENTED_EDGE('',*,*,#3788,.T.);
#4379 = ORIENTED_EDGE('',*,*,#3757,.T.);
#4380 = PLANE('',#4381);
#4381 = AXIS2_PLACEMENT_3D('',#4382,#4383,#4384);
#4382 = CARTESIAN_POINT('',(-10.9,11.1,0.));
#4383 = DIRECTION('',(1.018553233601E-16,1.,0.));
#4384 = DIRECTION('',(0.,-0.,1.));
#4385 = ADVANCED_FACE('',(#4386),#4397,.T.);
#4386 = FACE_BOUND('',#4387,.T.);
#4387 = EDGE_LOOP('',(#4388,#4394,#4395,#4396));
#4388 = ORIENTED_EDGE('',*,*,#4389,.T.);
#4389 = EDGE_CURVE('',#3862,#4303,#4390,.T.);
#4390 = LINE('',#4391,#4392);
#4391 = CARTESIAN_POINT('',(10.9,11.1,4.6));
#4392 = VECTOR('',#4393,1.);
#4393 = DIRECTION('',(4.000803692343E-16,-1.,0.));
#4394 = ORIENTED_EDGE('',*,*,#4302,.F.);
#4395 = ORIENTED_EDGE('',*,*,#4335,.T.);
#4396 = ORIENTED_EDGE('',*,*,#3869,.F.);
#4397 = PLANE('',#4398);
#4398 = AXIS2_PLACEMENT_3D('',#4399,#4400,#4401);
#4399 = CARTESIAN_POINT('',(10.9,11.1,0.));
#4400 = DIRECTION('',(1.,4.000803692343E-16,0.));
#4401 = DIRECTION('',(0.,0.,-1.));
#4402 = ADVANCED_FACE('',(#4403),#4413,.T.);
#4403 = FACE_BOUND('',#4404,.T.);
#4404 = EDGE_LOOP('',(#4405,#4406,#4407,#4408,#4409,#4410,#4411,#4412));
#4405 = ORIENTED_EDGE('',*,*,#4220,.T.);
#4406 = ORIENTED_EDGE('',*,*,#4310,.F.);
#4407 = ORIENTED_EDGE('',*,*,#4389,.F.);
#4408 = ORIENTED_EDGE('',*,*,#3859,.F.);
#4409 = ORIENTED_EDGE('',*,*,#4350,.F.);
#4410 = ORIENTED_EDGE('',*,*,#4263,.F.);
#4411 = ORIENTED_EDGE('',*,*,#4169,.T.);
#4412 = ORIENTED_EDGE('',*,*,#4247,.T.);
#4413 = PLANE('',#4414);
#4414 = AXIS2_PLACEMENT_3D('',#4415,#4416,#4417);
#4415 = CARTESIAN_POINT('',(0.,5.55,4.6));
#4416 = DIRECTION('',(0.,0.,1.));
#4417 = DIRECTION('',(1.,0.,-0.));
#4418 = ( GEOMETRIC_REPRESENTATION_CONTEXT(3) 
GLOBAL_UNCERTAINTY_ASSIGNED_CONTEXT((#4422)) 
GLOBAL_UNIT_ASSIGNED_CONTEXT((#4419,#4420,#4421)) REPRESENTATION_CONTEXT
('Context #1','3D Context with UNIT and UNCERTAINTY') );
#4419 = ( LENGTH_UNIT() NAMED_UNIT(*) SI_UNIT(.MILLI.,.METRE.) );
#4420 = ( NAMED_UNIT(*) PLANE_ANGLE_UNIT() SI_UNIT($,.RADIAN.) );
#4421 = ( NAMED_UNIT(*) SI_UNIT($,.STERADIAN.) SOLID_ANGLE_UNIT() );
#4422 = UNCERTAINTY_MEASURE_WITH_UNIT(LENGTH_MEASURE(1.E-07),#4419,
  'distance_accuracy_value','confusion accuracy');
#4423 = PRODUCT_RELATED_PRODUCT_CATEGORY('part',$,(#995));
#4424 = SHAPE_DEFINITION_REPRESENTATION(#4425,#4431);
#4425 = PRODUCT_DEFINITION_SHAPE('','',#4426);
#4426 = PRODUCT_DEFINITION('design','',#4427,#4430);
#4427 = PRODUCT_DEFINITION_FORMATION('','',#4428);
#4428 = PRODUCT('RSOE_pin2(+Vin)','RSOE_pin2(+Vin)','',(#4429));
#4429 = PRODUCT_CONTEXT('',#2,'mechanical');
#4430 = PRODUCT_DEFINITION_CONTEXT('part definition',#2,'design');
#4431 = ADVANCED_BREP_SHAPE_REPRESENTATION('',(#11,#4432),#4582);
#4432 = MANIFOLD_SOLID_BREP('',#4433);
#4433 = CLOSED_SHELL('',(#4434,#4474,#4505,#4536,#4558,#4570));
#4434 = ADVANCED_FACE('',(#4435),#4469,.T.);
#4435 = FACE_BOUND('',#4436,.T.);
#4436 = EDGE_LOOP('',(#4437,#4447,#4455,#4463));
#4437 = ORIENTED_EDGE('',*,*,#4438,.F.);
#4438 = EDGE_CURVE('',#4439,#4441,#4443,.T.);
#4439 = VERTEX_POINT('',#4440);
#4440 = CARTESIAN_POINT('',(-6.11,0.5,-1.275));
#4441 = VERTEX_POINT('',#4442);
#4442 = CARTESIAN_POINT('',(-6.11,0.5,-1.525));
#4443 = LINE('',#4444,#4445);
#4444 = CARTESIAN_POINT('',(-6.11,0.5,-1.275));
#4445 = VECTOR('',#4446,1.);
#4446 = DIRECTION('',(0.,0.,-1.));
#4447 = ORIENTED_EDGE('',*,*,#4448,.T.);
#4448 = EDGE_CURVE('',#4439,#4449,#4451,.T.);
#4449 = VERTEX_POINT('',#4450);
#4450 = CARTESIAN_POINT('',(-6.11,-4.1,-1.275));
#4451 = LINE('',#4452,#4453);
#4452 = CARTESIAN_POINT('',(-6.11,0.5,-1.275));
#4453 = VECTOR('',#4454,1.);
#4454 = DIRECTION('',(0.,-1.,0.));
#4455 = ORIENTED_EDGE('',*,*,#4456,.F.);
#4456 = EDGE_CURVE('',#4457,#4449,#4459,.T.);
#4457 = VERTEX_POINT('',#4458);
#4458 = CARTESIAN_POINT('',(-6.11,-4.1,-1.525));
#4459 = LINE('',#4460,#4461);
#4460 = CARTESIAN_POINT('',(-6.11,-4.1,-1.275));
#4461 = VECTOR('',#4462,1.);
#4462 = DIRECTION('',(0.,0.,1.));
#4463 = ORIENTED_EDGE('',*,*,#4464,.F.);
#4464 = EDGE_CURVE('',#4441,#4457,#4465,.T.);
#4465 = LINE('',#4466,#4467);
#4466 = CARTESIAN_POINT('',(-6.11,0.5,-1.525));
#4467 = VECTOR('',#4468,1.);
#4468 = DIRECTION('',(0.,-1.,0.));
#4469 = PLANE('',#4470);
#4470 = AXIS2_PLACEMENT_3D('',#4471,#4472,#4473);
#4471 = CARTESIAN_POINT('',(-6.11,0.5,-1.525));
#4472 = DIRECTION('',(1.,0.,0.));
#4473 = DIRECTION('',(0.,0.,1.));
#4474 = ADVANCED_FACE('',(#4475),#4500,.T.);
#4475 = FACE_BOUND('',#4476,.T.);
#4476 = EDGE_LOOP('',(#4477,#4485,#4486,#4494));
#4477 = ORIENTED_EDGE('',*,*,#4478,.F.);
#4478 = EDGE_CURVE('',#4441,#4479,#4481,.T.);
#4479 = VERTEX_POINT('',#4480);
#4480 = CARTESIAN_POINT('',(-6.61,0.5,-1.525));
#4481 = LINE('',#4482,#4483);
#4482 = CARTESIAN_POINT('',(-6.11,0.5,-1.525));
#4483 = VECTOR('',#4484,1.);
#4484 = DIRECTION('',(-1.,0.,0.));
#4485 = ORIENTED_EDGE('',*,*,#4464,.T.);
#4486 = ORIENTED_EDGE('',*,*,#4487,.F.);
#4487 = EDGE_CURVE('',#4488,#4457,#4490,.T.);
#4488 = VERTEX_POINT('',#4489);
#4489 = CARTESIAN_POINT('',(-6.61,-4.1,-1.525));
#4490 = LINE('',#4491,#4492);
#4491 = CARTESIAN_POINT('',(-6.11,-4.1,-1.525));
#4492 = VECTOR('',#4493,1.);
#4493 = DIRECTION('',(1.,0.,0.));
#4494 = ORIENTED_EDGE('',*,*,#4495,.F.);
#4495 = EDGE_CURVE('',#4479,#4488,#4496,.T.);
#4496 = LINE('',#4497,#4498);
#4497 = CARTESIAN_POINT('',(-6.61,0.5,-1.525));
#4498 = VECTOR('',#4499,1.);
#4499 = DIRECTION('',(0.,-1.,0.));
#4500 = PLANE('',#4501);
#4501 = AXIS2_PLACEMENT_3D('',#4502,#4503,#4504);
#4502 = CARTESIAN_POINT('',(-6.61,0.5,-1.525));
#4503 = DIRECTION('',(0.,0.,-1.));
#4504 = DIRECTION('',(1.,0.,0.));
#4505 = ADVANCED_FACE('',(#4506),#4531,.T.);
#4506 = FACE_BOUND('',#4507,.T.);
#4507 = EDGE_LOOP('',(#4508,#4516,#4517,#4525));
#4508 = ORIENTED_EDGE('',*,*,#4509,.F.);
#4509 = EDGE_CURVE('',#4479,#4510,#4512,.T.);
#4510 = VERTEX_POINT('',#4511);
#4511 = CARTESIAN_POINT('',(-6.61,0.5,-1.275));
#4512 = LINE('',#4513,#4514);
#4513 = CARTESIAN_POINT('',(-6.61,0.5,-1.525));
#4514 = VECTOR('',#4515,1.);
#4515 = DIRECTION('',(0.,0.,1.));
#4516 = ORIENTED_EDGE('',*,*,#4495,.T.);
#4517 = ORIENTED_EDGE('',*,*,#4518,.F.);
#4518 = EDGE_CURVE('',#4519,#4488,#4521,.T.);
#4519 = VERTEX_POINT('',#4520);
#4520 = CARTESIAN_POINT('',(-6.61,-4.1,-1.275));
#4521 = LINE('',#4522,#4523);
#4522 = CARTESIAN_POINT('',(-6.61,-4.1,-1.525));
#4523 = VECTOR('',#4524,1.);
#4524 = DIRECTION('',(0.,0.,-1.));
#4525 = ORIENTED_EDGE('',*,*,#4526,.F.);
#4526 = EDGE_CURVE('',#4510,#4519,#4527,.T.);
#4527 = LINE('',#4528,#4529);
#4528 = CARTESIAN_POINT('',(-6.61,0.5,-1.275));
#4529 = VECTOR('',#4530,1.);
#4530 = DIRECTION('',(0.,-1.,0.));
#4531 = PLANE('',#4532);
#4532 = AXIS2_PLACEMENT_3D('',#4533,#4534,#4535);
#4533 = CARTESIAN_POINT('',(-6.61,0.5,-1.275));
#4534 = DIRECTION('',(-1.,0.,0.));
#4535 = DIRECTION('',(0.,0.,-1.));
#4536 = ADVANCED_FACE('',(#4537),#4553,.T.);
#4537 = FACE_BOUND('',#4538,.T.);
#4538 = EDGE_LOOP('',(#4539,#4545,#4546,#4552));
#4539 = ORIENTED_EDGE('',*,*,#4540,.F.);
#4540 = EDGE_CURVE('',#4510,#4439,#4541,.T.);
#4541 = LINE('',#4542,#4543);
#4542 = CARTESIAN_POINT('',(-6.61,0.5,-1.275));
#4543 = VECTOR('',#4544,1.);
#4544 = DIRECTION('',(1.,0.,0.));
#4545 = ORIENTED_EDGE('',*,*,#4526,.T.);
#4546 = ORIENTED_EDGE('',*,*,#4547,.F.);
#4547 = EDGE_CURVE('',#4449,#4519,#4548,.T.);
#4548 = LINE('',#4549,#4550);
#4549 = CARTESIAN_POINT('',(-6.61,-4.1,-1.275));
#4550 = VECTOR('',#4551,1.);
#4551 = DIRECTION('',(-1.,0.,0.));
#4552 = ORIENTED_EDGE('',*,*,#4448,.F.);
#4553 = PLANE('',#4554);
#4554 = AXIS2_PLACEMENT_3D('',#4555,#4556,#4557);
#4555 = CARTESIAN_POINT('',(-6.11,0.5,-1.275));
#4556 = DIRECTION('',(0.,0.,1.));
#4557 = DIRECTION('',(-1.,0.,0.));
#4558 = ADVANCED_FACE('',(#4559),#4565,.T.);
#4559 = FACE_BOUND('',#4560,.T.);
#4560 = EDGE_LOOP('',(#4561,#4562,#4563,#4564));
#4561 = ORIENTED_EDGE('',*,*,#4540,.T.);
#4562 = ORIENTED_EDGE('',*,*,#4438,.T.);
#4563 = ORIENTED_EDGE('',*,*,#4478,.T.);
#4564 = ORIENTED_EDGE('',*,*,#4509,.T.);
#4565 = PLANE('',#4566);
#4566 = AXIS2_PLACEMENT_3D('',#4567,#4568,#4569);
#4567 = CARTESIAN_POINT('',(-6.36,0.5,-1.4));
#4568 = DIRECTION('',(0.,1.,0.));
#4569 = DIRECTION('',(0.,-0.,1.));
#4570 = ADVANCED_FACE('',(#4571),#4577,.F.);
#4571 = FACE_BOUND('',#4572,.T.);
#4572 = EDGE_LOOP('',(#4573,#4574,#4575,#4576));
#4573 = ORIENTED_EDGE('',*,*,#4547,.T.);
#4574 = ORIENTED_EDGE('',*,*,#4518,.T.);
#4575 = ORIENTED_EDGE('',*,*,#4487,.T.);
#4576 = ORIENTED_EDGE('',*,*,#4456,.T.);
#4577 = PLANE('',#4578);
#4578 = AXIS2_PLACEMENT_3D('',#4579,#4580,#4581);
#4579 = CARTESIAN_POINT('',(-6.36,-4.1,-1.4));
#4580 = DIRECTION('',(0.,1.,0.));
#4581 = DIRECTION('',(0.,-0.,1.));
#4582 = ( GEOMETRIC_REPRESENTATION_CONTEXT(3) 
GLOBAL_UNCERTAINTY_ASSIGNED_CONTEXT((#4586)) 
GLOBAL_UNIT_ASSIGNED_CONTEXT((#4583,#4584,#4585)) REPRESENTATION_CONTEXT
('Context #1','3D Context with UNIT and UNCERTAINTY') );
#4583 = ( LENGTH_UNIT() NAMED_UNIT(*) SI_UNIT(.MILLI.,.METRE.) );
#4584 = ( NAMED_UNIT(*) PLANE_ANGLE_UNIT() SI_UNIT($,.RADIAN.) );
#4585 = ( NAMED_UNIT(*) SI_UNIT($,.STERADIAN.) SOLID_ANGLE_UNIT() );
#4586 = UNCERTAINTY_MEASURE_WITH_UNIT(LENGTH_MEASURE(1.E-07),#4583,
  'distance_accuracy_value','confusion accuracy');
#4587 = PRODUCT_RELATED_PRODUCT_CATEGORY('part',$,(#4428));
#4588 = SHAPE_DEFINITION_REPRESENTATION(#4589,#4595);
#4589 = PRODUCT_DEFINITION_SHAPE('','',#4590);
#4590 = PRODUCT_DEFINITION('design','',#4591,#4594);
#4591 = PRODUCT_DEFINITION_FORMATION('','',#4592);
#4592 = PRODUCT('RSOE_pin8(NC)','RSOE_pin8(NC)','',(#4593));
#4593 = PRODUCT_CONTEXT('',#2,'mechanical');
#4594 = PRODUCT_DEFINITION_CONTEXT('part definition',#2,'design');
#4595 = ADVANCED_BREP_SHAPE_REPRESENTATION('',(#11,#4596),#4746);
#4596 = MANIFOLD_SOLID_BREP('',#4597);
#4597 = CLOSED_SHELL('',(#4598,#4638,#4669,#4700,#4722,#4734));
#4598 = ADVANCED_FACE('',(#4599),#4633,.T.);
#4599 = FACE_BOUND('',#4600,.T.);
#4600 = EDGE_LOOP('',(#4601,#4611,#4619,#4627));
#4601 = ORIENTED_EDGE('',*,*,#4602,.F.);
#4602 = EDGE_CURVE('',#4603,#4605,#4607,.T.);
#4603 = VERTEX_POINT('',#4604);
#4604 = CARTESIAN_POINT('',(9.13,0.5,-1.275));
#4605 = VERTEX_POINT('',#4606);
#4606 = CARTESIAN_POINT('',(9.13,0.5,-1.525));
#4607 = LINE('',#4608,#4609);
#4608 = CARTESIAN_POINT('',(9.13,0.5,-1.275));
#4609 = VECTOR('',#4610,1.);
#4610 = DIRECTION('',(0.,0.,-1.));
#4611 = ORIENTED_EDGE('',*,*,#4612,.T.);
#4612 = EDGE_CURVE('',#4603,#4613,#4615,.T.);
#4613 = VERTEX_POINT('',#4614);
#4614 = CARTESIAN_POINT('',(9.13,-4.1,-1.275));
#4615 = LINE('',#4616,#4617);
#4616 = CARTESIAN_POINT('',(9.13,0.5,-1.275));
#4617 = VECTOR('',#4618,1.);
#4618 = DIRECTION('',(0.,-1.,0.));
#4619 = ORIENTED_EDGE('',*,*,#4620,.F.);
#4620 = EDGE_CURVE('',#4621,#4613,#4623,.T.);
#4621 = VERTEX_POINT('',#4622);
#4622 = CARTESIAN_POINT('',(9.13,-4.1,-1.525));
#4623 = LINE('',#4624,#4625);
#4624 = CARTESIAN_POINT('',(9.13,-4.1,-1.275));
#4625 = VECTOR('',#4626,1.);
#4626 = DIRECTION('',(0.,0.,1.));
#4627 = ORIENTED_EDGE('',*,*,#4628,.F.);
#4628 = EDGE_CURVE('',#4605,#4621,#4629,.T.);
#4629 = LINE('',#4630,#4631);
#4630 = CARTESIAN_POINT('',(9.13,0.5,-1.525));
#4631 = VECTOR('',#4632,1.);
#4632 = DIRECTION('',(0.,-1.,0.));
#4633 = PLANE('',#4634);
#4634 = AXIS2_PLACEMENT_3D('',#4635,#4636,#4637);
#4635 = CARTESIAN_POINT('',(9.13,0.5,-1.525));
#4636 = DIRECTION('',(1.,0.,0.));
#4637 = DIRECTION('',(0.,0.,1.));
#4638 = ADVANCED_FACE('',(#4639),#4664,.T.);
#4639 = FACE_BOUND('',#4640,.T.);
#4640 = EDGE_LOOP('',(#4641,#4649,#4650,#4658));
#4641 = ORIENTED_EDGE('',*,*,#4642,.F.);
#4642 = EDGE_CURVE('',#4605,#4643,#4645,.T.);
#4643 = VERTEX_POINT('',#4644);
#4644 = CARTESIAN_POINT('',(8.63,0.5,-1.525));
#4645 = LINE('',#4646,#4647);
#4646 = CARTESIAN_POINT('',(9.13,0.5,-1.525));
#4647 = VECTOR('',#4648,1.);
#4648 = DIRECTION('',(-1.,0.,0.));
#4649 = ORIENTED_EDGE('',*,*,#4628,.T.);
#4650 = ORIENTED_EDGE('',*,*,#4651,.F.);
#4651 = EDGE_CURVE('',#4652,#4621,#4654,.T.);
#4652 = VERTEX_POINT('',#4653);
#4653 = CARTESIAN_POINT('',(8.63,-4.1,-1.525));
#4654 = LINE('',#4655,#4656);
#4655 = CARTESIAN_POINT('',(9.13,-4.1,-1.525));
#4656 = VECTOR('',#4657,1.);
#4657 = DIRECTION('',(1.,0.,0.));
#4658 = ORIENTED_EDGE('',*,*,#4659,.F.);
#4659 = EDGE_CURVE('',#4643,#4652,#4660,.T.);
#4660 = LINE('',#4661,#4662);
#4661 = CARTESIAN_POINT('',(8.63,0.5,-1.525));
#4662 = VECTOR('',#4663,1.);
#4663 = DIRECTION('',(0.,-1.,0.));
#4664 = PLANE('',#4665);
#4665 = AXIS2_PLACEMENT_3D('',#4666,#4667,#4668);
#4666 = CARTESIAN_POINT('',(8.63,0.5,-1.525));
#4667 = DIRECTION('',(0.,0.,-1.));
#4668 = DIRECTION('',(1.,0.,0.));
#4669 = ADVANCED_FACE('',(#4670),#4695,.T.);
#4670 = FACE_BOUND('',#4671,.T.);
#4671 = EDGE_LOOP('',(#4672,#4680,#4681,#4689));
#4672 = ORIENTED_EDGE('',*,*,#4673,.F.);
#4673 = EDGE_CURVE('',#4643,#4674,#4676,.T.);
#4674 = VERTEX_POINT('',#4675);
#4675 = CARTESIAN_POINT('',(8.63,0.5,-1.275));
#4676 = LINE('',#4677,#4678);
#4677 = CARTESIAN_POINT('',(8.63,0.5,-1.525));
#4678 = VECTOR('',#4679,1.);
#4679 = DIRECTION('',(0.,0.,1.));
#4680 = ORIENTED_EDGE('',*,*,#4659,.T.);
#4681 = ORIENTED_EDGE('',*,*,#4682,.F.);
#4682 = EDGE_CURVE('',#4683,#4652,#4685,.T.);
#4683 = VERTEX_POINT('',#4684);
#4684 = CARTESIAN_POINT('',(8.63,-4.1,-1.275));
#4685 = LINE('',#4686,#4687);
#4686 = CARTESIAN_POINT('',(8.63,-4.1,-1.525));
#4687 = VECTOR('',#4688,1.);
#4688 = DIRECTION('',(0.,0.,-1.));
#4689 = ORIENTED_EDGE('',*,*,#4690,.F.);
#4690 = EDGE_CURVE('',#4674,#4683,#4691,.T.);
#4691 = LINE('',#4692,#4693);
#4692 = CARTESIAN_POINT('',(8.63,0.5,-1.275));
#4693 = VECTOR('',#4694,1.);
#4694 = DIRECTION('',(0.,-1.,0.));
#4695 = PLANE('',#4696);
#4696 = AXIS2_PLACEMENT_3D('',#4697,#4698,#4699);
#4697 = CARTESIAN_POINT('',(8.63,0.5,-1.275));
#4698 = DIRECTION('',(-1.,0.,0.));
#4699 = DIRECTION('',(0.,0.,-1.));
#4700 = ADVANCED_FACE('',(#4701),#4717,.T.);
#4701 = FACE_BOUND('',#4702,.T.);
#4702 = EDGE_LOOP('',(#4703,#4709,#4710,#4716));
#4703 = ORIENTED_EDGE('',*,*,#4704,.F.);
#4704 = EDGE_CURVE('',#4674,#4603,#4705,.T.);
#4705 = LINE('',#4706,#4707);
#4706 = CARTESIAN_POINT('',(8.63,0.5,-1.275));
#4707 = VECTOR('',#4708,1.);
#4708 = DIRECTION('',(1.,0.,0.));
#4709 = ORIENTED_EDGE('',*,*,#4690,.T.);
#4710 = ORIENTED_EDGE('',*,*,#4711,.F.);
#4711 = EDGE_CURVE('',#4613,#4683,#4712,.T.);
#4712 = LINE('',#4713,#4714);
#4713 = CARTESIAN_POINT('',(8.63,-4.1,-1.275));
#4714 = VECTOR('',#4715,1.);
#4715 = DIRECTION('',(-1.,0.,0.));
#4716 = ORIENTED_EDGE('',*,*,#4612,.F.);
#4717 = PLANE('',#4718);
#4718 = AXIS2_PLACEMENT_3D('',#4719,#4720,#4721);
#4719 = CARTESIAN_POINT('',(9.13,0.5,-1.275));
#4720 = DIRECTION('',(0.,0.,1.));
#4721 = DIRECTION('',(-1.,0.,0.));
#4722 = ADVANCED_FACE('',(#4723),#4729,.T.);
#4723 = FACE_BOUND('',#4724,.T.);
#4724 = EDGE_LOOP('',(#4725,#4726,#4727,#4728));
#4725 = ORIENTED_EDGE('',*,*,#4704,.T.);
#4726 = ORIENTED_EDGE('',*,*,#4602,.T.);
#4727 = ORIENTED_EDGE('',*,*,#4642,.T.);
#4728 = ORIENTED_EDGE('',*,*,#4673,.T.);
#4729 = PLANE('',#4730);
#4730 = AXIS2_PLACEMENT_3D('',#4731,#4732,#4733);
#4731 = CARTESIAN_POINT('',(8.88,0.5,-1.4));
#4732 = DIRECTION('',(0.,1.,0.));
#4733 = DIRECTION('',(0.,-0.,1.));
#4734 = ADVANCED_FACE('',(#4735),#4741,.F.);
#4735 = FACE_BOUND('',#4736,.T.);
#4736 = EDGE_LOOP('',(#4737,#4738,#4739,#4740));
#4737 = ORIENTED_EDGE('',*,*,#4711,.T.);
#4738 = ORIENTED_EDGE('',*,*,#4682,.T.);
#4739 = ORIENTED_EDGE('',*,*,#4651,.T.);
#4740 = ORIENTED_EDGE('',*,*,#4620,.T.);
#4741 = PLANE('',#4742);
#4742 = AXIS2_PLACEMENT_3D('',#4743,#4744,#4745);
#4743 = CARTESIAN_POINT('',(8.88,-4.1,-1.4));
#4744 = DIRECTION('',(0.,1.,0.));
#4745 = DIRECTION('',(0.,-0.,1.));
#4746 = ( GEOMETRIC_REPRESENTATION_CONTEXT(3) 
GLOBAL_UNCERTAINTY_ASSIGNED_CONTEXT((#4750)) 
GLOBAL_UNIT_ASSIGNED_CONTEXT((#4747,#4748,#4749)) REPRESENTATION_CONTEXT
('Context #1','3D Context with UNIT and UNCERTAINTY') );
#4747 = ( LENGTH_UNIT() NAMED_UNIT(*) SI_UNIT(.MILLI.,.METRE.) );
#4748 = ( NAMED_UNIT(*) PLANE_ANGLE_UNIT() SI_UNIT($,.RADIAN.) );
#4749 = ( NAMED_UNIT(*) SI_UNIT($,.STERADIAN.) SOLID_ANGLE_UNIT() );
#4750 = UNCERTAINTY_MEASURE_WITH_UNIT(LENGTH_MEASURE(1.E-07),#4747,
  'distance_accuracy_value','confusion accuracy');
#4751 = PRODUCT_RELATED_PRODUCT_CATEGORY('part',$,(#4592));
#4752 = MECHANICAL_DESIGN_GEOMETRIC_PRESENTATION_REPRESENTATION('',(
    #4753),#4582);
#4753 = STYLED_ITEM('color',(#4754),#4432);
#4754 = PRESENTATION_STYLE_ASSIGNMENT((#4755,#4761));
#4755 = SURFACE_STYLE_USAGE(.BOTH.,#4756);
#4756 = SURFACE_SIDE_STYLE('',(#4757));
#4757 = SURFACE_STYLE_FILL_AREA(#4758);
#4758 = FILL_AREA_STYLE('',(#4759));
#4759 = FILL_AREA_STYLE_COLOUR('',#4760);
#4760 = COLOUR_RGB('',0.956862747669,0.956862747669,0.956862747669);
#4761 = CURVE_STYLE('',#4762,POSITIVE_LENGTH_MEASURE(0.1),#4760);
#4762 = DRAUGHTING_PRE_DEFINED_CURVE_FONT('continuous');
#4763 = MECHANICAL_DESIGN_GEOMETRIC_PRESENTATION_REPRESENTATION('',(
    #4764),#165);
#4764 = STYLED_ITEM('color',(#4765),#15);
#4765 = PRESENTATION_STYLE_ASSIGNMENT((#4766,#4771));
#4766 = SURFACE_STYLE_USAGE(.BOTH.,#4767);
#4767 = SURFACE_SIDE_STYLE('',(#4768));
#4768 = SURFACE_STYLE_FILL_AREA(#4769);
#4769 = FILL_AREA_STYLE('',(#4770));
#4770 = FILL_AREA_STYLE_COLOUR('',#4760);
#4771 = CURVE_STYLE('',#4772,POSITIVE_LENGTH_MEASURE(0.1),#4760);
#4772 = DRAUGHTING_PRE_DEFINED_CURVE_FONT('continuous');
#4773 = MECHANICAL_DESIGN_GEOMETRIC_PRESENTATION_REPRESENTATION('',(
    #4774),#4746);
#4774 = STYLED_ITEM('color',(#4775),#4596);
#4775 = PRESENTATION_STYLE_ASSIGNMENT((#4776,#4781));
#4776 = SURFACE_STYLE_USAGE(.BOTH.,#4777);
#4777 = SURFACE_SIDE_STYLE('',(#4778));
#4778 = SURFACE_STYLE_FILL_AREA(#4779);
#4779 = FILL_AREA_STYLE('',(#4780));
#4780 = FILL_AREA_STYLE_COLOUR('',#4760);
#4781 = CURVE_STYLE('',#4782,POSITIVE_LENGTH_MEASURE(0.1),#4760);
#4782 = DRAUGHTING_PRE_DEFINED_CURVE_FONT('continuous');
#4783 = MECHANICAL_DESIGN_GEOMETRIC_PRESENTATION_REPRESENTATION('',(
    #4784,#4791,#4798,#4805,#4812,#4819),#985);
#4784 = STYLED_ITEM('color',(#4785),#837);
#4785 = PRESENTATION_STYLE_ASSIGNMENT((#4786));
#4786 = SURFACE_STYLE_USAGE(.BOTH.,#4787);
#4787 = SURFACE_SIDE_STYLE('',(#4788));
#4788 = SURFACE_STYLE_FILL_AREA(#4789);
#4789 = FILL_AREA_STYLE('',(#4790));
#4790 = FILL_AREA_STYLE_COLOUR('',#4760);
#4791 = STYLED_ITEM('color',(#4792),#877);
#4792 = PRESENTATION_STYLE_ASSIGNMENT((#4793));
#4793 = SURFACE_STYLE_USAGE(.BOTH.,#4794);
#4794 = SURFACE_SIDE_STYLE('',(#4795));
#4795 = SURFACE_STYLE_FILL_AREA(#4796);
#4796 = FILL_AREA_STYLE('',(#4797));
#4797 = FILL_AREA_STYLE_COLOUR('',#4760);
#4798 = STYLED_ITEM('color',(#4799),#908);
#4799 = PRESENTATION_STYLE_ASSIGNMENT((#4800));
#4800 = SURFACE_STYLE_USAGE(.BOTH.,#4801);
#4801 = SURFACE_SIDE_STYLE('',(#4802));
#4802 = SURFACE_STYLE_FILL_AREA(#4803);
#4803 = FILL_AREA_STYLE('',(#4804));
#4804 = FILL_AREA_STYLE_COLOUR('',#4760);
#4805 = STYLED_ITEM('color',(#4806),#939);
#4806 = PRESENTATION_STYLE_ASSIGNMENT((#4807));
#4807 = SURFACE_STYLE_USAGE(.BOTH.,#4808);
#4808 = SURFACE_SIDE_STYLE('',(#4809));
#4809 = SURFACE_STYLE_FILL_AREA(#4810);
#4810 = FILL_AREA_STYLE('',(#4811));
#4811 = FILL_AREA_STYLE_COLOUR('',#4760);
#4812 = STYLED_ITEM('color',(#4813),#961);
#4813 = PRESENTATION_STYLE_ASSIGNMENT((#4814));
#4814 = SURFACE_STYLE_USAGE(.BOTH.,#4815);
#4815 = SURFACE_SIDE_STYLE('',(#4816));
#4816 = SURFACE_STYLE_FILL_AREA(#4817);
#4817 = FILL_AREA_STYLE('',(#4818));
#4818 = FILL_AREA_STYLE_COLOUR('',#4760);
#4819 = STYLED_ITEM('color',(#4820),#973);
#4820 = PRESENTATION_STYLE_ASSIGNMENT((#4821));
#4821 = SURFACE_STYLE_USAGE(.BOTH.,#4822);
#4822 = SURFACE_SIDE_STYLE('',(#4823));
#4823 = SURFACE_STYLE_FILL_AREA(#4824);
#4824 = FILL_AREA_STYLE('',(#4825));
#4825 = FILL_AREA_STYLE_COLOUR('',#4760);
#4826 = MECHANICAL_DESIGN_GEOMETRIC_PRESENTATION_REPRESENTATION('',(
    #4827),#821);
#4827 = STYLED_ITEM('color',(#4828),#671);
#4828 = PRESENTATION_STYLE_ASSIGNMENT((#4829,#4834));
#4829 = SURFACE_STYLE_USAGE(.BOTH.,#4830);
#4830 = SURFACE_SIDE_STYLE('',(#4831));
#4831 = SURFACE_STYLE_FILL_AREA(#4832);
#4832 = FILL_AREA_STYLE('',(#4833));
#4833 = FILL_AREA_STYLE_COLOUR('',#4760);
#4834 = CURVE_STYLE('',#4835,POSITIVE_LENGTH_MEASURE(0.1),#4760);
#4835 = DRAUGHTING_PRE_DEFINED_CURVE_FONT('continuous');
#4836 = MECHANICAL_DESIGN_GEOMETRIC_PRESENTATION_REPRESENTATION('',(
    #4837),#329);
#4837 = STYLED_ITEM('color',(#4838),#179);
#4838 = PRESENTATION_STYLE_ASSIGNMENT((#4839,#4845));
#4839 = SURFACE_STYLE_USAGE(.BOTH.,#4840);
#4840 = SURFACE_SIDE_STYLE('',(#4841));
#4841 = SURFACE_STYLE_FILL_AREA(#4842);
#4842 = FILL_AREA_STYLE('',(#4843));
#4843 = FILL_AREA_STYLE_COLOUR('',#4844);
#4844 = COLOUR_RGB('',0.250980407,0.250980407,0.250980407);
#4845 = CURVE_STYLE('',#4846,POSITIVE_LENGTH_MEASURE(0.1),#4844);
#4846 = DRAUGHTING_PRE_DEFINED_CURVE_FONT('continuous');
#4847 = MECHANICAL_DESIGN_GEOMETRIC_PRESENTATION_REPRESENTATION('',(
    #4848),#657);
#4848 = STYLED_ITEM('color',(#4849),#507);
#4849 = PRESENTATION_STYLE_ASSIGNMENT((#4850,#4855));
#4850 = SURFACE_STYLE_USAGE(.BOTH.,#4851);
#4851 = SURFACE_SIDE_STYLE('',(#4852));
#4852 = SURFACE_STYLE_FILL_AREA(#4853);
#4853 = FILL_AREA_STYLE('',(#4854));
#4854 = FILL_AREA_STYLE_COLOUR('',#4760);
#4855 = CURVE_STYLE('',#4856,POSITIVE_LENGTH_MEASURE(0.1),#4760);
#4856 = DRAUGHTING_PRE_DEFINED_CURVE_FONT('continuous');
#4857 = MECHANICAL_DESIGN_GEOMETRIC_PRESENTATION_REPRESENTATION('',(
    #4858),#493);
#4858 = STYLED_ITEM('color',(#4859),#343);
#4859 = PRESENTATION_STYLE_ASSIGNMENT((#4860,#4865));
#4860 = SURFACE_STYLE_USAGE(.BOTH.,#4861);
#4861 = SURFACE_SIDE_STYLE('',(#4862));
#4862 = SURFACE_STYLE_FILL_AREA(#4863);
#4863 = FILL_AREA_STYLE('',(#4864));
#4864 = FILL_AREA_STYLE_COLOUR('',#4760);
#4865 = CURVE_STYLE('',#4866,POSITIVE_LENGTH_MEASURE(0.1),#4760);
#4866 = DRAUGHTING_PRE_DEFINED_CURVE_FONT('continuous');
#4867 = MECHANICAL_DESIGN_GEOMETRIC_PRESENTATION_REPRESENTATION('',(
    #4868,#4876,#4883,#4890,#4897,#4904,#4911,#4918,#4925,#4932,#4939,
    #4946,#4953,#4960,#4967,#4974,#4981,#4988,#4995,#5002,#5009,#5016,
    #5023,#5030,#5037,#5044,#5051,#5058,#5065,#5072,#5079,#5086,#5093,
    #5100,#5107,#5114,#5121,#5128,#5135,#5142,#5149,#5156,#5163,#5170,
    #5177,#5184,#5191,#5198,#5205,#5212,#5219,#5226,#5233,#5240,#5247,
    #5254,#5261,#5268,#5275,#5282,#5289,#5296,#5303,#5310,#5317,#5324,
    #5331,#5338,#5345,#5352,#5359,#5366,#5373,#5380,#5387,#5394,#5401,
    #5408,#5415,#5422,#5429,#5436,#5443,#5450,#5457,#5464,#5471,#5478,
    #5485,#5492,#5499,#5506,#5513,#5520,#5527,#5534,#5541,#5548,#5555,
    #5562,#5569,#5576,#5583,#5590,#5597,#5604,#5611,#5618,#5625,#5632,
    #5639,#5646),#4418);
#4868 = STYLED_ITEM('color',(#4869),#1001);
#4869 = PRESENTATION_STYLE_ASSIGNMENT((#4870));
#4870 = SURFACE_STYLE_USAGE(.BOTH.,#4871);
#4871 = SURFACE_SIDE_STYLE('',(#4872));
#4872 = SURFACE_STYLE_FILL_AREA(#4873);
#4873 = FILL_AREA_STYLE('',(#4874));
#4874 = FILL_AREA_STYLE_COLOUR('',#4875);
#4875 = COLOUR_RGB('',1.960784383118E-02,1.960784383118E-02,
  1.960784383118E-02);
#4876 = STYLED_ITEM('color',(#4877),#1041);
#4877 = PRESENTATION_STYLE_ASSIGNMENT((#4878));
#4878 = SURFACE_STYLE_USAGE(.BOTH.,#4879);
#4879 = SURFACE_SIDE_STYLE('',(#4880));
#4880 = SURFACE_STYLE_FILL_AREA(#4881);
#4881 = FILL_AREA_STYLE('',(#4882));
#4882 = FILL_AREA_STYLE_COLOUR('',#4875);
#4883 = STYLED_ITEM('color',(#4884),#1072);
#4884 = PRESENTATION_STYLE_ASSIGNMENT((#4885));
#4885 = SURFACE_STYLE_USAGE(.BOTH.,#4886);
#4886 = SURFACE_SIDE_STYLE('',(#4887));
#4887 = SURFACE_STYLE_FILL_AREA(#4888);
#4888 = FILL_AREA_STYLE('',(#4889));
#4889 = FILL_AREA_STYLE_COLOUR('',#4875);
#4890 = STYLED_ITEM('color',(#4891),#1105);
#4891 = PRESENTATION_STYLE_ASSIGNMENT((#4892));
#4892 = SURFACE_STYLE_USAGE(.BOTH.,#4893);
#4893 = SURFACE_SIDE_STYLE('',(#4894));
#4894 = SURFACE_STYLE_FILL_AREA(#4895);
#4895 = FILL_AREA_STYLE('',(#4896));
#4896 = FILL_AREA_STYLE_COLOUR('',#4875);
#4897 = STYLED_ITEM('color',(#4898),#1136);
#4898 = PRESENTATION_STYLE_ASSIGNMENT((#4899));
#4899 = SURFACE_STYLE_USAGE(.BOTH.,#4900);
#4900 = SURFACE_SIDE_STYLE('',(#4901));
#4901 = SURFACE_STYLE_FILL_AREA(#4902);
#4902 = FILL_AREA_STYLE('',(#4903));
#4903 = FILL_AREA_STYLE_COLOUR('',#4875);
#4904 = STYLED_ITEM('color',(#4905),#1169);
#4905 = PRESENTATION_STYLE_ASSIGNMENT((#4906));
#4906 = SURFACE_STYLE_USAGE(.BOTH.,#4907);
#4907 = SURFACE_SIDE_STYLE('',(#4908));
#4908 = SURFACE_STYLE_FILL_AREA(#4909);
#4909 = FILL_AREA_STYLE('',(#4910));
#4910 = FILL_AREA_STYLE_COLOUR('',#4875);
#4911 = STYLED_ITEM('color',(#4912),#1191);
#4912 = PRESENTATION_STYLE_ASSIGNMENT((#4913));
#4913 = SURFACE_STYLE_USAGE(.BOTH.,#4914);
#4914 = SURFACE_SIDE_STYLE('',(#4915));
#4915 = SURFACE_STYLE_FILL_AREA(#4916);
#4916 = FILL_AREA_STYLE('',(#4917));
#4917 = FILL_AREA_STYLE_COLOUR('',#4844);
#4918 = STYLED_ITEM('color',(#4919),#1205);
#4919 = PRESENTATION_STYLE_ASSIGNMENT((#4920));
#4920 = SURFACE_STYLE_USAGE(.BOTH.,#4921);
#4921 = SURFACE_SIDE_STYLE('',(#4922));
#4922 = SURFACE_STYLE_FILL_AREA(#4923);
#4923 = FILL_AREA_STYLE('',(#4924));
#4924 = FILL_AREA_STYLE_COLOUR('',#4875);
#4925 = STYLED_ITEM('color',(#4926),#1247);
#4926 = PRESENTATION_STYLE_ASSIGNMENT((#4927));
#4927 = SURFACE_STYLE_USAGE(.BOTH.,#4928);
#4928 = SURFACE_SIDE_STYLE('',(#4929));
#4929 = SURFACE_STYLE_FILL_AREA(#4930);
#4930 = FILL_AREA_STYLE('',(#4931));
#4931 = FILL_AREA_STYLE_COLOUR('',#4875);
#4932 = STYLED_ITEM('color',(#4933),#1278);
#4933 = PRESENTATION_STYLE_ASSIGNMENT((#4934));
#4934 = SURFACE_STYLE_USAGE(.BOTH.,#4935);
#4935 = SURFACE_SIDE_STYLE('',(#4936));
#4936 = SURFACE_STYLE_FILL_AREA(#4937);
#4937 = FILL_AREA_STYLE('',(#4938));
#4938 = FILL_AREA_STYLE_COLOUR('',#4875);
#4939 = STYLED_ITEM('color',(#4940),#1311);
#4940 = PRESENTATION_STYLE_ASSIGNMENT((#4941));
#4941 = SURFACE_STYLE_USAGE(.BOTH.,#4942);
#4942 = SURFACE_SIDE_STYLE('',(#4943));
#4943 = SURFACE_STYLE_FILL_AREA(#4944);
#4944 = FILL_AREA_STYLE('',(#4945));
#4945 = FILL_AREA_STYLE_COLOUR('',#4875);
#4946 = STYLED_ITEM('color',(#4947),#1342);
#4947 = PRESENTATION_STYLE_ASSIGNMENT((#4948));
#4948 = SURFACE_STYLE_USAGE(.BOTH.,#4949);
#4949 = SURFACE_SIDE_STYLE('',(#4950));
#4950 = SURFACE_STYLE_FILL_AREA(#4951);
#4951 = FILL_AREA_STYLE('',(#4952));
#4952 = FILL_AREA_STYLE_COLOUR('',#4875);
#4953 = STYLED_ITEM('color',(#4954),#1375);
#4954 = PRESENTATION_STYLE_ASSIGNMENT((#4955));
#4955 = SURFACE_STYLE_USAGE(.BOTH.,#4956);
#4956 = SURFACE_SIDE_STYLE('',(#4957));
#4957 = SURFACE_STYLE_FILL_AREA(#4958);
#4958 = FILL_AREA_STYLE('',(#4959));
#4959 = FILL_AREA_STYLE_COLOUR('',#4875);
#4960 = STYLED_ITEM('color',(#4961),#1406);
#4961 = PRESENTATION_STYLE_ASSIGNMENT((#4962));
#4962 = SURFACE_STYLE_USAGE(.BOTH.,#4963);
#4963 = SURFACE_SIDE_STYLE('',(#4964));
#4964 = SURFACE_STYLE_FILL_AREA(#4965);
#4965 = FILL_AREA_STYLE('',(#4966));
#4966 = FILL_AREA_STYLE_COLOUR('',#4875);
#4967 = STYLED_ITEM('color',(#4968),#1439);
#4968 = PRESENTATION_STYLE_ASSIGNMENT((#4969));
#4969 = SURFACE_STYLE_USAGE(.BOTH.,#4970);
#4970 = SURFACE_SIDE_STYLE('',(#4971));
#4971 = SURFACE_STYLE_FILL_AREA(#4972);
#4972 = FILL_AREA_STYLE('',(#4973));
#4973 = FILL_AREA_STYLE_COLOUR('',#4875);
#4974 = STYLED_ITEM('color',(#4975),#1461);
#4975 = PRESENTATION_STYLE_ASSIGNMENT((#4976));
#4976 = SURFACE_STYLE_USAGE(.BOTH.,#4977);
#4977 = SURFACE_SIDE_STYLE('',(#4978));
#4978 = SURFACE_STYLE_FILL_AREA(#4979);
#4979 = FILL_AREA_STYLE('',(#4980));
#4980 = FILL_AREA_STYLE_COLOUR('',#4875);
#4981 = STYLED_ITEM('color',(#4982),#1501);
#4982 = PRESENTATION_STYLE_ASSIGNMENT((#4983));
#4983 = SURFACE_STYLE_USAGE(.BOTH.,#4984);
#4984 = SURFACE_SIDE_STYLE('',(#4985));
#4985 = SURFACE_STYLE_FILL_AREA(#4986);
#4986 = FILL_AREA_STYLE('',(#4987));
#4987 = FILL_AREA_STYLE_COLOUR('',#4875);
#4988 = STYLED_ITEM('color',(#4989),#1532);
#4989 = PRESENTATION_STYLE_ASSIGNMENT((#4990));
#4990 = SURFACE_STYLE_USAGE(.BOTH.,#4991);
#4991 = SURFACE_SIDE_STYLE('',(#4992));
#4992 = SURFACE_STYLE_FILL_AREA(#4993);
#4993 = FILL_AREA_STYLE('',(#4994));
#4994 = FILL_AREA_STYLE_COLOUR('',#4875);
#4995 = STYLED_ITEM('color',(#4996),#1563);
#4996 = PRESENTATION_STYLE_ASSIGNMENT((#4997));
#4997 = SURFACE_STYLE_USAGE(.BOTH.,#4998);
#4998 = SURFACE_SIDE_STYLE('',(#4999));
#4999 = SURFACE_STYLE_FILL_AREA(#5000);
#5000 = FILL_AREA_STYLE('',(#5001));
#5001 = FILL_AREA_STYLE_COLOUR('',#4875);
#5002 = STYLED_ITEM('color',(#5003),#1594);
#5003 = PRESENTATION_STYLE_ASSIGNMENT((#5004));
#5004 = SURFACE_STYLE_USAGE(.BOTH.,#5005);
#5005 = SURFACE_SIDE_STYLE('',(#5006));
#5006 = SURFACE_STYLE_FILL_AREA(#5007);
#5007 = FILL_AREA_STYLE('',(#5008));
#5008 = FILL_AREA_STYLE_COLOUR('',#4875);
#5009 = STYLED_ITEM('color',(#5010),#1625);
#5010 = PRESENTATION_STYLE_ASSIGNMENT((#5011));
#5011 = SURFACE_STYLE_USAGE(.BOTH.,#5012);
#5012 = SURFACE_SIDE_STYLE('',(#5013));
#5013 = SURFACE_STYLE_FILL_AREA(#5014);
#5014 = FILL_AREA_STYLE('',(#5015));
#5015 = FILL_AREA_STYLE_COLOUR('',#4875);
#5016 = STYLED_ITEM('color',(#5017),#1656);
#5017 = PRESENTATION_STYLE_ASSIGNMENT((#5018));
#5018 = SURFACE_STYLE_USAGE(.BOTH.,#5019);
#5019 = SURFACE_SIDE_STYLE('',(#5020));
#5020 = SURFACE_STYLE_FILL_AREA(#5021);
#5021 = FILL_AREA_STYLE('',(#5022));
#5022 = FILL_AREA_STYLE_COLOUR('',#4875);
#5023 = STYLED_ITEM('color',(#5024),#1687);
#5024 = PRESENTATION_STYLE_ASSIGNMENT((#5025));
#5025 = SURFACE_STYLE_USAGE(.BOTH.,#5026);
#5026 = SURFACE_SIDE_STYLE('',(#5027));
#5027 = SURFACE_STYLE_FILL_AREA(#5028);
#5028 = FILL_AREA_STYLE('',(#5029));
#5029 = FILL_AREA_STYLE_COLOUR('',#4875);
#5030 = STYLED_ITEM('color',(#5031),#1720);
#5031 = PRESENTATION_STYLE_ASSIGNMENT((#5032));
#5032 = SURFACE_STYLE_USAGE(.BOTH.,#5033);
#5033 = SURFACE_SIDE_STYLE('',(#5034));
#5034 = SURFACE_STYLE_FILL_AREA(#5035);
#5035 = FILL_AREA_STYLE('',(#5036));
#5036 = FILL_AREA_STYLE_COLOUR('',#4875);
#5037 = STYLED_ITEM('color',(#5038),#1751);
#5038 = PRESENTATION_STYLE_ASSIGNMENT((#5039));
#5039 = SURFACE_STYLE_USAGE(.BOTH.,#5040);
#5040 = SURFACE_SIDE_STYLE('',(#5041));
#5041 = SURFACE_STYLE_FILL_AREA(#5042);
#5042 = FILL_AREA_STYLE('',(#5043));
#5043 = FILL_AREA_STYLE_COLOUR('',#4875);
#5044 = STYLED_ITEM('color',(#5045),#1784);
#5045 = PRESENTATION_STYLE_ASSIGNMENT((#5046));
#5046 = SURFACE_STYLE_USAGE(.BOTH.,#5047);
#5047 = SURFACE_SIDE_STYLE('',(#5048));
#5048 = SURFACE_STYLE_FILL_AREA(#5049);
#5049 = FILL_AREA_STYLE('',(#5050));
#5050 = FILL_AREA_STYLE_COLOUR('',#4875);
#5051 = STYLED_ITEM('color',(#5052),#1815);
#5052 = PRESENTATION_STYLE_ASSIGNMENT((#5053));
#5053 = SURFACE_STYLE_USAGE(.BOTH.,#5054);
#5054 = SURFACE_SIDE_STYLE('',(#5055));
#5055 = SURFACE_STYLE_FILL_AREA(#5056);
#5056 = FILL_AREA_STYLE('',(#5057));
#5057 = FILL_AREA_STYLE_COLOUR('',#4875);
#5058 = STYLED_ITEM('color',(#5059),#1837);
#5059 = PRESENTATION_STYLE_ASSIGNMENT((#5060));
#5060 = SURFACE_STYLE_USAGE(.BOTH.,#5061);
#5061 = SURFACE_SIDE_STYLE('',(#5062));
#5062 = SURFACE_STYLE_FILL_AREA(#5063);
#5063 = FILL_AREA_STYLE('',(#5064));
#5064 = FILL_AREA_STYLE_COLOUR('',#4875);
#5065 = STYLED_ITEM('color',(#5066),#1877);
#5066 = PRESENTATION_STYLE_ASSIGNMENT((#5067));
#5067 = SURFACE_STYLE_USAGE(.BOTH.,#5068);
#5068 = SURFACE_SIDE_STYLE('',(#5069));
#5069 = SURFACE_STYLE_FILL_AREA(#5070);
#5070 = FILL_AREA_STYLE('',(#5071));
#5071 = FILL_AREA_STYLE_COLOUR('',#4875);
#5072 = STYLED_ITEM('color',(#5073),#1908);
#5073 = PRESENTATION_STYLE_ASSIGNMENT((#5074));
#5074 = SURFACE_STYLE_USAGE(.BOTH.,#5075);
#5075 = SURFACE_SIDE_STYLE('',(#5076));
#5076 = SURFACE_STYLE_FILL_AREA(#5077);
#5077 = FILL_AREA_STYLE('',(#5078));
#5078 = FILL_AREA_STYLE_COLOUR('',#4875);
#5079 = STYLED_ITEM('color',(#5080),#1939);
#5080 = PRESENTATION_STYLE_ASSIGNMENT((#5081));
#5081 = SURFACE_STYLE_USAGE(.BOTH.,#5082);
#5082 = SURFACE_SIDE_STYLE('',(#5083));
#5083 = SURFACE_STYLE_FILL_AREA(#5084);
#5084 = FILL_AREA_STYLE('',(#5085));
#5085 = FILL_AREA_STYLE_COLOUR('',#4875);
#5086 = STYLED_ITEM('color',(#5087),#1970);
#5087 = PRESENTATION_STYLE_ASSIGNMENT((#5088));
#5088 = SURFACE_STYLE_USAGE(.BOTH.,#5089);
#5089 = SURFACE_SIDE_STYLE('',(#5090));
#5090 = SURFACE_STYLE_FILL_AREA(#5091);
#5091 = FILL_AREA_STYLE('',(#5092));
#5092 = FILL_AREA_STYLE_COLOUR('',#4875);
#5093 = STYLED_ITEM('color',(#5094),#2001);
#5094 = PRESENTATION_STYLE_ASSIGNMENT((#5095));
#5095 = SURFACE_STYLE_USAGE(.BOTH.,#5096);
#5096 = SURFACE_SIDE_STYLE('',(#5097));
#5097 = SURFACE_STYLE_FILL_AREA(#5098);
#5098 = FILL_AREA_STYLE('',(#5099));
#5099 = FILL_AREA_STYLE_COLOUR('',#4875);
#5100 = STYLED_ITEM('color',(#5101),#2032);
#5101 = PRESENTATION_STYLE_ASSIGNMENT((#5102));
#5102 = SURFACE_STYLE_USAGE(.BOTH.,#5103);
#5103 = SURFACE_SIDE_STYLE('',(#5104));
#5104 = SURFACE_STYLE_FILL_AREA(#5105);
#5105 = FILL_AREA_STYLE('',(#5106));
#5106 = FILL_AREA_STYLE_COLOUR('',#4875);
#5107 = STYLED_ITEM('color',(#5108),#2063);
#5108 = PRESENTATION_STYLE_ASSIGNMENT((#5109));
#5109 = SURFACE_STYLE_USAGE(.BOTH.,#5110);
#5110 = SURFACE_SIDE_STYLE('',(#5111));
#5111 = SURFACE_STYLE_FILL_AREA(#5112);
#5112 = FILL_AREA_STYLE('',(#5113));
#5113 = FILL_AREA_STYLE_COLOUR('',#4875);
#5114 = STYLED_ITEM('color',(#5115),#2094);
#5115 = PRESENTATION_STYLE_ASSIGNMENT((#5116));
#5116 = SURFACE_STYLE_USAGE(.BOTH.,#5117);
#5117 = SURFACE_SIDE_STYLE('',(#5118));
#5118 = SURFACE_STYLE_FILL_AREA(#5119);
#5119 = FILL_AREA_STYLE('',(#5120));
#5120 = FILL_AREA_STYLE_COLOUR('',#4875);
#5121 = STYLED_ITEM('color',(#5122),#2125);
#5122 = PRESENTATION_STYLE_ASSIGNMENT((#5123));
#5123 = SURFACE_STYLE_USAGE(.BOTH.,#5124);
#5124 = SURFACE_SIDE_STYLE('',(#5125));
#5125 = SURFACE_STYLE_FILL_AREA(#5126);
#5126 = FILL_AREA_STYLE('',(#5127));
#5127 = FILL_AREA_STYLE_COLOUR('',#4875);
#5128 = STYLED_ITEM('color',(#5129),#2156);
#5129 = PRESENTATION_STYLE_ASSIGNMENT((#5130));
#5130 = SURFACE_STYLE_USAGE(.BOTH.,#5131);
#5131 = SURFACE_SIDE_STYLE('',(#5132));
#5132 = SURFACE_STYLE_FILL_AREA(#5133);
#5133 = FILL_AREA_STYLE('',(#5134));
#5134 = FILL_AREA_STYLE_COLOUR('',#4875);
#5135 = STYLED_ITEM('color',(#5136),#2187);
#5136 = PRESENTATION_STYLE_ASSIGNMENT((#5137));
#5137 = SURFACE_STYLE_USAGE(.BOTH.,#5138);
#5138 = SURFACE_SIDE_STYLE('',(#5139));
#5139 = SURFACE_STYLE_FILL_AREA(#5140);
#5140 = FILL_AREA_STYLE('',(#5141));
#5141 = FILL_AREA_STYLE_COLOUR('',#4875);
#5142 = STYLED_ITEM('color',(#5143),#2218);
#5143 = PRESENTATION_STYLE_ASSIGNMENT((#5144));
#5144 = SURFACE_STYLE_USAGE(.BOTH.,#5145);
#5145 = SURFACE_SIDE_STYLE('',(#5146));
#5146 = SURFACE_STYLE_FILL_AREA(#5147);
#5147 = FILL_AREA_STYLE('',(#5148));
#5148 = FILL_AREA_STYLE_COLOUR('',#4875);
#5149 = STYLED_ITEM('color',(#5150),#2240);
#5150 = PRESENTATION_STYLE_ASSIGNMENT((#5151));
#5151 = SURFACE_STYLE_USAGE(.BOTH.,#5152);
#5152 = SURFACE_SIDE_STYLE('',(#5153));
#5153 = SURFACE_STYLE_FILL_AREA(#5154);
#5154 = FILL_AREA_STYLE('',(#5155));
#5155 = FILL_AREA_STYLE_COLOUR('',#4875);
#5156 = STYLED_ITEM('color',(#5157),#2280);
#5157 = PRESENTATION_STYLE_ASSIGNMENT((#5158));
#5158 = SURFACE_STYLE_USAGE(.BOTH.,#5159);
#5159 = SURFACE_SIDE_STYLE('',(#5160));
#5160 = SURFACE_STYLE_FILL_AREA(#5161);
#5161 = FILL_AREA_STYLE('',(#5162));
#5162 = FILL_AREA_STYLE_COLOUR('',#4875);
#5163 = STYLED_ITEM('color',(#5164),#2311);
#5164 = PRESENTATION_STYLE_ASSIGNMENT((#5165));
#5165 = SURFACE_STYLE_USAGE(.BOTH.,#5166);
#5166 = SURFACE_SIDE_STYLE('',(#5167));
#5167 = SURFACE_STYLE_FILL_AREA(#5168);
#5168 = FILL_AREA_STYLE('',(#5169));
#5169 = FILL_AREA_STYLE_COLOUR('',#4875);
#5170 = STYLED_ITEM('color',(#5171),#2342);
#5171 = PRESENTATION_STYLE_ASSIGNMENT((#5172));
#5172 = SURFACE_STYLE_USAGE(.BOTH.,#5173);
#5173 = SURFACE_SIDE_STYLE('',(#5174));
#5174 = SURFACE_STYLE_FILL_AREA(#5175);
#5175 = FILL_AREA_STYLE('',(#5176));
#5176 = FILL_AREA_STYLE_COLOUR('',#4875);
#5177 = STYLED_ITEM('color',(#5178),#2373);
#5178 = PRESENTATION_STYLE_ASSIGNMENT((#5179));
#5179 = SURFACE_STYLE_USAGE(.BOTH.,#5180);
#5180 = SURFACE_SIDE_STYLE('',(#5181));
#5181 = SURFACE_STYLE_FILL_AREA(#5182);
#5182 = FILL_AREA_STYLE('',(#5183));
#5183 = FILL_AREA_STYLE_COLOUR('',#4875);
#5184 = STYLED_ITEM('color',(#5185),#2404);
#5185 = PRESENTATION_STYLE_ASSIGNMENT((#5186));
#5186 = SURFACE_STYLE_USAGE(.BOTH.,#5187);
#5187 = SURFACE_SIDE_STYLE('',(#5188));
#5188 = SURFACE_STYLE_FILL_AREA(#5189);
#5189 = FILL_AREA_STYLE('',(#5190));
#5190 = FILL_AREA_STYLE_COLOUR('',#4875);
#5191 = STYLED_ITEM('color',(#5192),#2435);
#5192 = PRESENTATION_STYLE_ASSIGNMENT((#5193));
#5193 = SURFACE_STYLE_USAGE(.BOTH.,#5194);
#5194 = SURFACE_SIDE_STYLE('',(#5195));
#5195 = SURFACE_STYLE_FILL_AREA(#5196);
#5196 = FILL_AREA_STYLE('',(#5197));
#5197 = FILL_AREA_STYLE_COLOUR('',#4875);
#5198 = STYLED_ITEM('color',(#5199),#2466);
#5199 = PRESENTATION_STYLE_ASSIGNMENT((#5200));
#5200 = SURFACE_STYLE_USAGE(.BOTH.,#5201);
#5201 = SURFACE_SIDE_STYLE('',(#5202));
#5202 = SURFACE_STYLE_FILL_AREA(#5203);
#5203 = FILL_AREA_STYLE('',(#5204));
#5204 = FILL_AREA_STYLE_COLOUR('',#4875);
#5205 = STYLED_ITEM('color',(#5206),#2497);
#5206 = PRESENTATION_STYLE_ASSIGNMENT((#5207));
#5207 = SURFACE_STYLE_USAGE(.BOTH.,#5208);
#5208 = SURFACE_SIDE_STYLE('',(#5209));
#5209 = SURFACE_STYLE_FILL_AREA(#5210);
#5210 = FILL_AREA_STYLE('',(#5211));
#5211 = FILL_AREA_STYLE_COLOUR('',#4875);
#5212 = STYLED_ITEM('color',(#5213),#2528);
#5213 = PRESENTATION_STYLE_ASSIGNMENT((#5214));
#5214 = SURFACE_STYLE_USAGE(.BOTH.,#5215);
#5215 = SURFACE_SIDE_STYLE('',(#5216));
#5216 = SURFACE_STYLE_FILL_AREA(#5217);
#5217 = FILL_AREA_STYLE('',(#5218));
#5218 = FILL_AREA_STYLE_COLOUR('',#4875);
#5219 = STYLED_ITEM('color',(#5220),#2559);
#5220 = PRESENTATION_STYLE_ASSIGNMENT((#5221));
#5221 = SURFACE_STYLE_USAGE(.BOTH.,#5222);
#5222 = SURFACE_SIDE_STYLE('',(#5223));
#5223 = SURFACE_STYLE_FILL_AREA(#5224);
#5224 = FILL_AREA_STYLE('',(#5225));
#5225 = FILL_AREA_STYLE_COLOUR('',#4875);
#5226 = STYLED_ITEM('color',(#5227),#2590);
#5227 = PRESENTATION_STYLE_ASSIGNMENT((#5228));
#5228 = SURFACE_STYLE_USAGE(.BOTH.,#5229);
#5229 = SURFACE_SIDE_STYLE('',(#5230));
#5230 = SURFACE_STYLE_FILL_AREA(#5231);
#5231 = FILL_AREA_STYLE('',(#5232));
#5232 = FILL_AREA_STYLE_COLOUR('',#4875);
#5233 = STYLED_ITEM('color',(#5234),#2612);
#5234 = PRESENTATION_STYLE_ASSIGNMENT((#5235));
#5235 = SURFACE_STYLE_USAGE(.BOTH.,#5236);
#5236 = SURFACE_SIDE_STYLE('',(#5237));
#5237 = SURFACE_STYLE_FILL_AREA(#5238);
#5238 = FILL_AREA_STYLE('',(#5239));
#5239 = FILL_AREA_STYLE_COLOUR('',#4875);
#5240 = STYLED_ITEM('color',(#5241),#2652);
#5241 = PRESENTATION_STYLE_ASSIGNMENT((#5242));
#5242 = SURFACE_STYLE_USAGE(.BOTH.,#5243);
#5243 = SURFACE_SIDE_STYLE('',(#5244));
#5244 = SURFACE_STYLE_FILL_AREA(#5245);
#5245 = FILL_AREA_STYLE('',(#5246));
#5246 = FILL_AREA_STYLE_COLOUR('',#4875);
#5247 = STYLED_ITEM('color',(#5248),#2683);
#5248 = PRESENTATION_STYLE_ASSIGNMENT((#5249));
#5249 = SURFACE_STYLE_USAGE(.BOTH.,#5250);
#5250 = SURFACE_SIDE_STYLE('',(#5251));
#5251 = SURFACE_STYLE_FILL_AREA(#5252);
#5252 = FILL_AREA_STYLE('',(#5253));
#5253 = FILL_AREA_STYLE_COLOUR('',#4875);
#5254 = STYLED_ITEM('color',(#5255),#2714);
#5255 = PRESENTATION_STYLE_ASSIGNMENT((#5256));
#5256 = SURFACE_STYLE_USAGE(.BOTH.,#5257);
#5257 = SURFACE_SIDE_STYLE('',(#5258));
#5258 = SURFACE_STYLE_FILL_AREA(#5259);
#5259 = FILL_AREA_STYLE('',(#5260));
#5260 = FILL_AREA_STYLE_COLOUR('',#4875);
#5261 = STYLED_ITEM('color',(#5262),#2747);
#5262 = PRESENTATION_STYLE_ASSIGNMENT((#5263));
#5263 = SURFACE_STYLE_USAGE(.BOTH.,#5264);
#5264 = SURFACE_SIDE_STYLE('',(#5265));
#5265 = SURFACE_STYLE_FILL_AREA(#5266);
#5266 = FILL_AREA_STYLE('',(#5267));
#5267 = FILL_AREA_STYLE_COLOUR('',#4875);
#5268 = STYLED_ITEM('color',(#5269),#2778);
#5269 = PRESENTATION_STYLE_ASSIGNMENT((#5270));
#5270 = SURFACE_STYLE_USAGE(.BOTH.,#5271);
#5271 = SURFACE_SIDE_STYLE('',(#5272));
#5272 = SURFACE_STYLE_FILL_AREA(#5273);
#5273 = FILL_AREA_STYLE('',(#5274));
#5274 = FILL_AREA_STYLE_COLOUR('',#4875);
#5275 = STYLED_ITEM('color',(#5276),#2811);
#5276 = PRESENTATION_STYLE_ASSIGNMENT((#5277));
#5277 = SURFACE_STYLE_USAGE(.BOTH.,#5278);
#5278 = SURFACE_SIDE_STYLE('',(#5279));
#5279 = SURFACE_STYLE_FILL_AREA(#5280);
#5280 = FILL_AREA_STYLE('',(#5281));
#5281 = FILL_AREA_STYLE_COLOUR('',#4875);
#5282 = STYLED_ITEM('color',(#5283),#2842);
#5283 = PRESENTATION_STYLE_ASSIGNMENT((#5284));
#5284 = SURFACE_STYLE_USAGE(.BOTH.,#5285);
#5285 = SURFACE_SIDE_STYLE('',(#5286));
#5286 = SURFACE_STYLE_FILL_AREA(#5287);
#5287 = FILL_AREA_STYLE('',(#5288));
#5288 = FILL_AREA_STYLE_COLOUR('',#4875);
#5289 = STYLED_ITEM('color',(#5290),#2875);
#5290 = PRESENTATION_STYLE_ASSIGNMENT((#5291));
#5291 = SURFACE_STYLE_USAGE(.BOTH.,#5292);
#5292 = SURFACE_SIDE_STYLE('',(#5293));
#5293 = SURFACE_STYLE_FILL_AREA(#5294);
#5294 = FILL_AREA_STYLE('',(#5295));
#5295 = FILL_AREA_STYLE_COLOUR('',#4875);
#5296 = STYLED_ITEM('color',(#5297),#2906);
#5297 = PRESENTATION_STYLE_ASSIGNMENT((#5298));
#5298 = SURFACE_STYLE_USAGE(.BOTH.,#5299);
#5299 = SURFACE_SIDE_STYLE('',(#5300));
#5300 = SURFACE_STYLE_FILL_AREA(#5301);
#5301 = FILL_AREA_STYLE('',(#5302));
#5302 = FILL_AREA_STYLE_COLOUR('',#4875);
#5303 = STYLED_ITEM('color',(#5304),#2939);
#5304 = PRESENTATION_STYLE_ASSIGNMENT((#5305));
#5305 = SURFACE_STYLE_USAGE(.BOTH.,#5306);
#5306 = SURFACE_SIDE_STYLE('',(#5307));
#5307 = SURFACE_STYLE_FILL_AREA(#5308);
#5308 = FILL_AREA_STYLE('',(#5309));
#5309 = FILL_AREA_STYLE_COLOUR('',#4875);
#5310 = STYLED_ITEM('color',(#5311),#2970);
#5311 = PRESENTATION_STYLE_ASSIGNMENT((#5312));
#5312 = SURFACE_STYLE_USAGE(.BOTH.,#5313);
#5313 = SURFACE_SIDE_STYLE('',(#5314));
#5314 = SURFACE_STYLE_FILL_AREA(#5315);
#5315 = FILL_AREA_STYLE('',(#5316));
#5316 = FILL_AREA_STYLE_COLOUR('',#4875);
#5317 = STYLED_ITEM('color',(#5318),#3001);
#5318 = PRESENTATION_STYLE_ASSIGNMENT((#5319));
#5319 = SURFACE_STYLE_USAGE(.BOTH.,#5320);
#5320 = SURFACE_SIDE_STYLE('',(#5321));
#5321 = SURFACE_STYLE_FILL_AREA(#5322);
#5322 = FILL_AREA_STYLE('',(#5323));
#5323 = FILL_AREA_STYLE_COLOUR('',#4875);
#5324 = STYLED_ITEM('color',(#5325),#3032);
#5325 = PRESENTATION_STYLE_ASSIGNMENT((#5326));
#5326 = SURFACE_STYLE_USAGE(.BOTH.,#5327);
#5327 = SURFACE_SIDE_STYLE('',(#5328));
#5328 = SURFACE_STYLE_FILL_AREA(#5329);
#5329 = FILL_AREA_STYLE('',(#5330));
#5330 = FILL_AREA_STYLE_COLOUR('',#4875);
#5331 = STYLED_ITEM('color',(#5332),#3063);
#5332 = PRESENTATION_STYLE_ASSIGNMENT((#5333));
#5333 = SURFACE_STYLE_USAGE(.BOTH.,#5334);
#5334 = SURFACE_SIDE_STYLE('',(#5335));
#5335 = SURFACE_STYLE_FILL_AREA(#5336);
#5336 = FILL_AREA_STYLE('',(#5337));
#5337 = FILL_AREA_STYLE_COLOUR('',#4875);
#5338 = STYLED_ITEM('color',(#5339),#3094);
#5339 = PRESENTATION_STYLE_ASSIGNMENT((#5340));
#5340 = SURFACE_STYLE_USAGE(.BOTH.,#5341);
#5341 = SURFACE_SIDE_STYLE('',(#5342));
#5342 = SURFACE_STYLE_FILL_AREA(#5343);
#5343 = FILL_AREA_STYLE('',(#5344));
#5344 = FILL_AREA_STYLE_COLOUR('',#4875);
#5345 = STYLED_ITEM('color',(#5346),#3116);
#5346 = PRESENTATION_STYLE_ASSIGNMENT((#5347));
#5347 = SURFACE_STYLE_USAGE(.BOTH.,#5348);
#5348 = SURFACE_SIDE_STYLE('',(#5349));
#5349 = SURFACE_STYLE_FILL_AREA(#5350);
#5350 = FILL_AREA_STYLE('',(#5351));
#5351 = FILL_AREA_STYLE_COLOUR('',#4875);
#5352 = STYLED_ITEM('color',(#5353),#3156);
#5353 = PRESENTATION_STYLE_ASSIGNMENT((#5354));
#5354 = SURFACE_STYLE_USAGE(.BOTH.,#5355);
#5355 = SURFACE_SIDE_STYLE('',(#5356));
#5356 = SURFACE_STYLE_FILL_AREA(#5357);
#5357 = FILL_AREA_STYLE('',(#5358));
#5358 = FILL_AREA_STYLE_COLOUR('',#4875);
#5359 = STYLED_ITEM('color',(#5360),#3187);
#5360 = PRESENTATION_STYLE_ASSIGNMENT((#5361));
#5361 = SURFACE_STYLE_USAGE(.BOTH.,#5362);
#5362 = SURFACE_SIDE_STYLE('',(#5363));
#5363 = SURFACE_STYLE_FILL_AREA(#5364);
#5364 = FILL_AREA_STYLE('',(#5365));
#5365 = FILL_AREA_STYLE_COLOUR('',#4875);
#5366 = STYLED_ITEM('color',(#5367),#3218);
#5367 = PRESENTATION_STYLE_ASSIGNMENT((#5368));
#5368 = SURFACE_STYLE_USAGE(.BOTH.,#5369);
#5369 = SURFACE_SIDE_STYLE('',(#5370));
#5370 = SURFACE_STYLE_FILL_AREA(#5371);
#5371 = FILL_AREA_STYLE('',(#5372));
#5372 = FILL_AREA_STYLE_COLOUR('',#4875);
#5373 = STYLED_ITEM('color',(#5374),#3240);
#5374 = PRESENTATION_STYLE_ASSIGNMENT((#5375));
#5375 = SURFACE_STYLE_USAGE(.BOTH.,#5376);
#5376 = SURFACE_SIDE_STYLE('',(#5377));
#5377 = SURFACE_STYLE_FILL_AREA(#5378);
#5378 = FILL_AREA_STYLE('',(#5379));
#5379 = FILL_AREA_STYLE_COLOUR('',#4875);
#5380 = STYLED_ITEM('color',(#5381),#3280);
#5381 = PRESENTATION_STYLE_ASSIGNMENT((#5382));
#5382 = SURFACE_STYLE_USAGE(.BOTH.,#5383);
#5383 = SURFACE_SIDE_STYLE('',(#5384));
#5384 = SURFACE_STYLE_FILL_AREA(#5385);
#5385 = FILL_AREA_STYLE('',(#5386));
#5386 = FILL_AREA_STYLE_COLOUR('',#4875);
#5387 = STYLED_ITEM('color',(#5388),#3311);
#5388 = PRESENTATION_STYLE_ASSIGNMENT((#5389));
#5389 = SURFACE_STYLE_USAGE(.BOTH.,#5390);
#5390 = SURFACE_SIDE_STYLE('',(#5391));
#5391 = SURFACE_STYLE_FILL_AREA(#5392);
#5392 = FILL_AREA_STYLE('',(#5393));
#5393 = FILL_AREA_STYLE_COLOUR('',#4875);
#5394 = STYLED_ITEM('color',(#5395),#3342);
#5395 = PRESENTATION_STYLE_ASSIGNMENT((#5396));
#5396 = SURFACE_STYLE_USAGE(.BOTH.,#5397);
#5397 = SURFACE_SIDE_STYLE('',(#5398));
#5398 = SURFACE_STYLE_FILL_AREA(#5399);
#5399 = FILL_AREA_STYLE('',(#5400));
#5400 = FILL_AREA_STYLE_COLOUR('',#4875);
#5401 = STYLED_ITEM('color',(#5402),#3364);
#5402 = PRESENTATION_STYLE_ASSIGNMENT((#5403));
#5403 = SURFACE_STYLE_USAGE(.BOTH.,#5404);
#5404 = SURFACE_SIDE_STYLE('',(#5405));
#5405 = SURFACE_STYLE_FILL_AREA(#5406);
#5406 = FILL_AREA_STYLE('',(#5407));
#5407 = FILL_AREA_STYLE_COLOUR('',#4875);
#5408 = STYLED_ITEM('color',(#5409),#3404);
#5409 = PRESENTATION_STYLE_ASSIGNMENT((#5410));
#5410 = SURFACE_STYLE_USAGE(.BOTH.,#5411);
#5411 = SURFACE_SIDE_STYLE('',(#5412));
#5412 = SURFACE_STYLE_FILL_AREA(#5413);
#5413 = FILL_AREA_STYLE('',(#5414));
#5414 = FILL_AREA_STYLE_COLOUR('',#4875);
#5415 = STYLED_ITEM('color',(#5416),#3435);
#5416 = PRESENTATION_STYLE_ASSIGNMENT((#5417));
#5417 = SURFACE_STYLE_USAGE(.BOTH.,#5418);
#5418 = SURFACE_SIDE_STYLE('',(#5419));
#5419 = SURFACE_STYLE_FILL_AREA(#5420);
#5420 = FILL_AREA_STYLE('',(#5421));
#5421 = FILL_AREA_STYLE_COLOUR('',#4875);
#5422 = STYLED_ITEM('color',(#5423),#3466);
#5423 = PRESENTATION_STYLE_ASSIGNMENT((#5424));
#5424 = SURFACE_STYLE_USAGE(.BOTH.,#5425);
#5425 = SURFACE_SIDE_STYLE('',(#5426));
#5426 = SURFACE_STYLE_FILL_AREA(#5427);
#5427 = FILL_AREA_STYLE('',(#5428));
#5428 = FILL_AREA_STYLE_COLOUR('',#4875);
#5429 = STYLED_ITEM('color',(#5430),#3488);
#5430 = PRESENTATION_STYLE_ASSIGNMENT((#5431));
#5431 = SURFACE_STYLE_USAGE(.BOTH.,#5432);
#5432 = SURFACE_SIDE_STYLE('',(#5433));
#5433 = SURFACE_STYLE_FILL_AREA(#5434);
#5434 = FILL_AREA_STYLE('',(#5435));
#5435 = FILL_AREA_STYLE_COLOUR('',#4875);
#5436 = STYLED_ITEM('color',(#5437),#3528);
#5437 = PRESENTATION_STYLE_ASSIGNMENT((#5438));
#5438 = SURFACE_STYLE_USAGE(.BOTH.,#5439);
#5439 = SURFACE_SIDE_STYLE('',(#5440));
#5440 = SURFACE_STYLE_FILL_AREA(#5441);
#5441 = FILL_AREA_STYLE('',(#5442));
#5442 = FILL_AREA_STYLE_COLOUR('',#4875);
#5443 = STYLED_ITEM('color',(#5444),#3559);
#5444 = PRESENTATION_STYLE_ASSIGNMENT((#5445));
#5445 = SURFACE_STYLE_USAGE(.BOTH.,#5446);
#5446 = SURFACE_SIDE_STYLE('',(#5447));
#5447 = SURFACE_STYLE_FILL_AREA(#5448);
#5448 = FILL_AREA_STYLE('',(#5449));
#5449 = FILL_AREA_STYLE_COLOUR('',#4875);
#5450 = STYLED_ITEM('color',(#5451),#3590);
#5451 = PRESENTATION_STYLE_ASSIGNMENT((#5452));
#5452 = SURFACE_STYLE_USAGE(.BOTH.,#5453);
#5453 = SURFACE_SIDE_STYLE('',(#5454));
#5454 = SURFACE_STYLE_FILL_AREA(#5455);
#5455 = FILL_AREA_STYLE('',(#5456));
#5456 = FILL_AREA_STYLE_COLOUR('',#4875);
#5457 = STYLED_ITEM('color',(#5458),#3612);
#5458 = PRESENTATION_STYLE_ASSIGNMENT((#5459));
#5459 = SURFACE_STYLE_USAGE(.BOTH.,#5460);
#5460 = SURFACE_SIDE_STYLE('',(#5461));
#5461 = SURFACE_STYLE_FILL_AREA(#5462);
#5462 = FILL_AREA_STYLE('',(#5463));
#5463 = FILL_AREA_STYLE_COLOUR('',#4844);
#5464 = STYLED_ITEM('color',(#5465),#3713);
#5465 = PRESENTATION_STYLE_ASSIGNMENT((#5466));
#5466 = SURFACE_STYLE_USAGE(.BOTH.,#5467);
#5467 = SURFACE_SIDE_STYLE('',(#5468));
#5468 = SURFACE_STYLE_FILL_AREA(#5469);
#5469 = FILL_AREA_STYLE('',(#5470));
#5470 = FILL_AREA_STYLE_COLOUR('',#4875);
#5471 = STYLED_ITEM('color',(#5472),#3753);
#5472 = PRESENTATION_STYLE_ASSIGNMENT((#5473));
#5473 = SURFACE_STYLE_USAGE(.BOTH.,#5474);
#5474 = SURFACE_SIDE_STYLE('',(#5475));
#5475 = SURFACE_STYLE_FILL_AREA(#5476);
#5476 = FILL_AREA_STYLE('',(#5477));
#5477 = FILL_AREA_STYLE_COLOUR('',#4875);
#5478 = STYLED_ITEM('color',(#5479),#3784);
#5479 = PRESENTATION_STYLE_ASSIGNMENT((#5480));
#5480 = SURFACE_STYLE_USAGE(.BOTH.,#5481);
#5481 = SURFACE_SIDE_STYLE('',(#5482));
#5482 = SURFACE_STYLE_FILL_AREA(#5483);
#5483 = FILL_AREA_STYLE('',(#5484));
#5484 = FILL_AREA_STYLE_COLOUR('',#4875);
#5485 = STYLED_ITEM('color',(#5486),#3815);
#5486 = PRESENTATION_STYLE_ASSIGNMENT((#5487));
#5487 = SURFACE_STYLE_USAGE(.BOTH.,#5488);
#5488 = SURFACE_SIDE_STYLE('',(#5489));
#5489 = SURFACE_STYLE_FILL_AREA(#5490);
#5490 = FILL_AREA_STYLE('',(#5491));
#5491 = FILL_AREA_STYLE_COLOUR('',#4875);
#5492 = STYLED_ITEM('color',(#5493),#3837);
#5493 = PRESENTATION_STYLE_ASSIGNMENT((#5494));
#5494 = SURFACE_STYLE_USAGE(.BOTH.,#5495);
#5495 = SURFACE_SIDE_STYLE('',(#5496));
#5496 = SURFACE_STYLE_FILL_AREA(#5497);
#5497 = FILL_AREA_STYLE('',(#5498));
#5498 = FILL_AREA_STYLE_COLOUR('',#4844);
#5499 = STYLED_ITEM('color',(#5500),#3849);
#5500 = PRESENTATION_STYLE_ASSIGNMENT((#5501));
#5501 = SURFACE_STYLE_USAGE(.BOTH.,#5502);
#5502 = SURFACE_SIDE_STYLE('',(#5503));
#5503 = SURFACE_STYLE_FILL_AREA(#5504);
#5504 = FILL_AREA_STYLE('',(#5505));
#5505 = FILL_AREA_STYLE_COLOUR('',#4875);
#5506 = STYLED_ITEM('color',(#5507),#3895);
#5507 = PRESENTATION_STYLE_ASSIGNMENT((#5508));
#5508 = SURFACE_STYLE_USAGE(.BOTH.,#5509);
#5509 = SURFACE_SIDE_STYLE('',(#5510));
#5510 = SURFACE_STYLE_FILL_AREA(#5511);
#5511 = FILL_AREA_STYLE('',(#5512));
#5512 = FILL_AREA_STYLE_COLOUR('',#4875);
#5513 = STYLED_ITEM('color',(#5514),#3907);
#5514 = PRESENTATION_STYLE_ASSIGNMENT((#5515));
#5515 = SURFACE_STYLE_USAGE(.BOTH.,#5516);
#5516 = SURFACE_SIDE_STYLE('',(#5517));
#5517 = SURFACE_STYLE_FILL_AREA(#5518);
#5518 = FILL_AREA_STYLE('',(#5519));
#5519 = FILL_AREA_STYLE_COLOUR('',#4875);
#5520 = STYLED_ITEM('color',(#5521),#3919);
#5521 = PRESENTATION_STYLE_ASSIGNMENT((#5522));
#5522 = SURFACE_STYLE_USAGE(.BOTH.,#5523);
#5523 = SURFACE_SIDE_STYLE('',(#5524));
#5524 = SURFACE_STYLE_FILL_AREA(#5525);
#5525 = FILL_AREA_STYLE('',(#5526));
#5526 = FILL_AREA_STYLE_COLOUR('',#4875);
#5527 = STYLED_ITEM('color',(#5528),#3931);
#5528 = PRESENTATION_STYLE_ASSIGNMENT((#5529));
#5529 = SURFACE_STYLE_USAGE(.BOTH.,#5530);
#5530 = SURFACE_SIDE_STYLE('',(#5531));
#5531 = SURFACE_STYLE_FILL_AREA(#5532);
#5532 = FILL_AREA_STYLE('',(#5533));
#5533 = FILL_AREA_STYLE_COLOUR('',#4875);
#5534 = STYLED_ITEM('color',(#5535),#3955);
#5535 = PRESENTATION_STYLE_ASSIGNMENT((#5536));
#5536 = SURFACE_STYLE_USAGE(.BOTH.,#5537);
#5537 = SURFACE_SIDE_STYLE('',(#5538));
#5538 = SURFACE_STYLE_FILL_AREA(#5539);
#5539 = FILL_AREA_STYLE('',(#5540));
#5540 = FILL_AREA_STYLE_COLOUR('',#4875);
#5541 = STYLED_ITEM('color',(#5542),#3975);
#5542 = PRESENTATION_STYLE_ASSIGNMENT((#5543));
#5543 = SURFACE_STYLE_USAGE(.BOTH.,#5544);
#5544 = SURFACE_SIDE_STYLE('',(#5545));
#5545 = SURFACE_STYLE_FILL_AREA(#5546);
#5546 = FILL_AREA_STYLE('',(#5547));
#5547 = FILL_AREA_STYLE_COLOUR('',#4875);
#5548 = STYLED_ITEM('color',(#5549),#3996);
#5549 = PRESENTATION_STYLE_ASSIGNMENT((#5550));
#5550 = SURFACE_STYLE_USAGE(.BOTH.,#5551);
#5551 = SURFACE_SIDE_STYLE('',(#5552));
#5552 = SURFACE_STYLE_FILL_AREA(#5553);
#5553 = FILL_AREA_STYLE('',(#5554));
#5554 = FILL_AREA_STYLE_COLOUR('',#4875);
#5555 = STYLED_ITEM('color',(#5556),#4024);
#5556 = PRESENTATION_STYLE_ASSIGNMENT((#5557));
#5557 = SURFACE_STYLE_USAGE(.BOTH.,#5558);
#5558 = SURFACE_SIDE_STYLE('',(#5559));
#5559 = SURFACE_STYLE_FILL_AREA(#5560);
#5560 = FILL_AREA_STYLE('',(#5561));
#5561 = FILL_AREA_STYLE_COLOUR('',#4875);
#5562 = STYLED_ITEM('color',(#5563),#4064);
#5563 = PRESENTATION_STYLE_ASSIGNMENT((#5564));
#5564 = SURFACE_STYLE_USAGE(.BOTH.,#5565);
#5565 = SURFACE_SIDE_STYLE('',(#5566));
#5566 = SURFACE_STYLE_FILL_AREA(#5567);
#5567 = FILL_AREA_STYLE('',(#5568));
#5568 = FILL_AREA_STYLE_COLOUR('',#4875);
#5569 = STYLED_ITEM('color',(#5570),#4104);
#5570 = PRESENTATION_STYLE_ASSIGNMENT((#5571));
#5571 = SURFACE_STYLE_USAGE(.BOTH.,#5572);
#5572 = SURFACE_SIDE_STYLE('',(#5573));
#5573 = SURFACE_STYLE_FILL_AREA(#5574);
#5574 = FILL_AREA_STYLE('',(#5575));
#5575 = FILL_AREA_STYLE_COLOUR('',#4875);
#5576 = STYLED_ITEM('color',(#5577),#4126);
#5577 = PRESENTATION_STYLE_ASSIGNMENT((#5578));
#5578 = SURFACE_STYLE_USAGE(.BOTH.,#5579);
#5579 = SURFACE_SIDE_STYLE('',(#5580));
#5580 = SURFACE_STYLE_FILL_AREA(#5581);
#5581 = FILL_AREA_STYLE('',(#5582));
#5582 = FILL_AREA_STYLE_COLOUR('',#4875);
#5583 = STYLED_ITEM('color',(#5584),#4157);
#5584 = PRESENTATION_STYLE_ASSIGNMENT((#5585));
#5585 = SURFACE_STYLE_USAGE(.BOTH.,#5586);
#5586 = SURFACE_SIDE_STYLE('',(#5587));
#5587 = SURFACE_STYLE_FILL_AREA(#5588);
#5588 = FILL_AREA_STYLE('',(#5589));
#5589 = FILL_AREA_STYLE_COLOUR('',#4875);
#5590 = STYLED_ITEM('color',(#5591),#4199);
#5591 = PRESENTATION_STYLE_ASSIGNMENT((#5592));
#5592 = SURFACE_STYLE_USAGE(.BOTH.,#5593);
#5593 = SURFACE_SIDE_STYLE('',(#5594));
#5594 = SURFACE_STYLE_FILL_AREA(#5595);
#5595 = FILL_AREA_STYLE('',(#5596));
#5596 = FILL_AREA_STYLE_COLOUR('',#4875);
#5597 = STYLED_ITEM('color',(#5598),#4241);
#5598 = PRESENTATION_STYLE_ASSIGNMENT((#5599));
#5599 = SURFACE_STYLE_USAGE(.BOTH.,#5600);
#5600 = SURFACE_SIDE_STYLE('',(#5601));
#5601 = SURFACE_STYLE_FILL_AREA(#5602);
#5602 = FILL_AREA_STYLE('',(#5603));
#5603 = FILL_AREA_STYLE_COLOUR('',#4875);
#5604 = STYLED_ITEM('color',(#5605),#4258);
#5605 = PRESENTATION_STYLE_ASSIGNMENT((#5606));
#5606 = SURFACE_STYLE_USAGE(.BOTH.,#5607);
#5607 = SURFACE_SIDE_STYLE('',(#5608));
#5608 = SURFACE_STYLE_FILL_AREA(#5609);
#5609 = FILL_AREA_STYLE('',(#5610));
#5610 = FILL_AREA_STYLE_COLOUR('',#4875);
#5611 = STYLED_ITEM('color',(#5612),#4289);
#5612 = PRESENTATION_STYLE_ASSIGNMENT((#5613));
#5613 = SURFACE_STYLE_USAGE(.BOTH.,#5614);
#5614 = SURFACE_SIDE_STYLE('',(#5615));
#5615 = SURFACE_STYLE_FILL_AREA(#5616);
#5616 = FILL_AREA_STYLE('',(#5617));
#5617 = FILL_AREA_STYLE_COLOUR('',#4875);
#5618 = STYLED_ITEM('color',(#5619),#4320);
#5619 = PRESENTATION_STYLE_ASSIGNMENT((#5620));
#5620 = SURFACE_STYLE_USAGE(.BOTH.,#5621);
#5621 = SURFACE_SIDE_STYLE('',(#5622));
#5622 = SURFACE_STYLE_FILL_AREA(#5623);
#5623 = FILL_AREA_STYLE('',(#5624));
#5624 = FILL_AREA_STYLE_COLOUR('',#4875);
#5625 = STYLED_ITEM('color',(#5626),#4346);
#5626 = PRESENTATION_STYLE_ASSIGNMENT((#5627));
#5627 = SURFACE_STYLE_USAGE(.BOTH.,#5628);
#5628 = SURFACE_SIDE_STYLE('',(#5629));
#5629 = SURFACE_STYLE_FILL_AREA(#5630);
#5630 = FILL_AREA_STYLE('',(#5631));
#5631 = FILL_AREA_STYLE_COLOUR('',#4875);
#5632 = STYLED_ITEM('color',(#5633),#4363);
#5633 = PRESENTATION_STYLE_ASSIGNMENT((#5634));
#5634 = SURFACE_STYLE_USAGE(.BOTH.,#5635);
#5635 = SURFACE_SIDE_STYLE('',(#5636));
#5636 = SURFACE_STYLE_FILL_AREA(#5637);
#5637 = FILL_AREA_STYLE('',(#5638));
#5638 = FILL_AREA_STYLE_COLOUR('',#4875);
#5639 = STYLED_ITEM('color',(#5640),#4385);
#5640 = PRESENTATION_STYLE_ASSIGNMENT((#5641));
#5641 = SURFACE_STYLE_USAGE(.BOTH.,#5642);
#5642 = SURFACE_SIDE_STYLE('',(#5643));
#5643 = SURFACE_STYLE_FILL_AREA(#5644);
#5644 = FILL_AREA_STYLE('',(#5645));
#5645 = FILL_AREA_STYLE_COLOUR('',#4875);
#5646 = STYLED_ITEM('color',(#5647),#4402);
#5647 = PRESENTATION_STYLE_ASSIGNMENT((#5648));
#5648 = SURFACE_STYLE_USAGE(.BOTH.,#5649);
#5649 = SURFACE_SIDE_STYLE('',(#5650));
#5650 = SURFACE_STYLE_FILL_AREA(#5651);
#5651 = FILL_AREA_STYLE('',(#5652));
#5652 = FILL_AREA_STYLE_COLOUR('',#4875);
ENDSEC;
END-ISO-10303-21;
