ISO-10303-21;
HEADER;
FILE_DESCRIPTION (( 'STEP AP214' ),
    '1' );
FILE_NAME ('IAUC120N04S6L008ATMA1.STEP',
    '2025-04-01T10:44:04',
    ( '' ),
    ( '' ),
    'SwSTEP 2.0',
    'SolidWorks 2023',
    '' );
FILE_SCHEMA (( 'AUTOMOTIVE_DESIGN' ));
ENDSEC;

DATA;
#1 = DIRECTION ( 'NONE',  ( 0.000000000000000000, -1.000000000000000000, 0.000000000000000000 ) ) ;
#2 = VECTOR ( 'NONE', #11850, 1000.000000000000000 ) ;
#3 = EDGE_CURVE ( 'NONE', #8535, #4479, #2452, .T. ) ;
#4 = MECHANICAL_DESIGN_GEOMETRIC_PRESENTATION_REPRESENTATION (  '', ( #3661 ), #6121 ) ;
#5 = EDGE_CURVE ( 'NONE', #9580, #1760, #1694, .T. ) ;
#6 = DIRECTION ( 'NONE',  ( 0.000000000000000000, 1.000000000000000000, 0.000000000000000000 ) ) ;
#7 = CARTESIAN_POINT ( 'NONE',  ( -1.647500000000000187, -2.782500000000000195, 0.2500000000000000000 ) ) ;
#8 = SURFACE_STYLE_USAGE ( .BOTH. , #1378 ) ;
#9 =( LENGTH_UNIT ( ) NAMED_UNIT ( * ) SI_UNIT ( .MILLI., .METRE. ) );
#10 =( LENGTH_UNIT ( ) NAMED_UNIT ( * ) SI_UNIT ( .MILLI., .METRE. ) );
#11 = VECTOR ( 'NONE', #3048, 1000.000000000000000 ) ;
#12 = FILL_AREA_STYLE ('',( #8220 ) ) ;
#13 = ORIENTED_EDGE ( 'NONE', *, *, #8062, .F. ) ;
#14 = CARTESIAN_POINT ( 'NONE',  ( 1.625000000000000444, 2.469999999999999751, 0.000000000000000000 ) ) ;
#15 = CARTESIAN_POINT ( 'NONE',  ( -1.647500000000000187, -2.620000000000000551, 0.000000000000000000 ) ) ;
#16 = CARTESIAN_POINT ( 'NONE',  ( 0.8549999999999999822, -2.770000000000000018, 0.2500000000000000000 ) ) ;
#17 = ADVANCED_FACE ( 'NONE', ( #4999 ), #6072, .T. ) ;
#18 = SURFACE_SIDE_STYLE ('',( #9913 ) ) ;
#19 = CARTESIAN_POINT ( 'NONE',  ( -0.9150000000000000355, 2.470000000000000195, 0.000000000000000000 ) ) ;
#20 = LINE ( 'NONE', #2685, #6196 ) ;
#21 = MECHANICAL_DESIGN_GEOMETRIC_PRESENTATION_REPRESENTATION (  '', ( #994 ), #1565 ) ;
#22 = DIRECTION ( 'NONE',  ( 0.000000000000000000, 0.000000000000000000, 1.000000000000000000 ) ) ;
#23 = CARTESIAN_POINT ( 'NONE',  ( -1.685000000000000053, -2.782500000000000195, 0.000000000000000000 ) ) ;
#24 = ORIENTED_EDGE ( 'NONE', *, *, #6605, .F. ) ;
#25 = FACE_OUTER_BOUND ( 'NONE', #5689, .T. ) ;
#26 = SURFACE_STYLE_FILL_AREA ( #11099 ) ;
#27 = FILL_AREA_STYLE ('',( #95 ) ) ;
#28 = DIRECTION ( 'NONE',  ( -1.000000000000000000, -0.000000000000000000, 0.000000000000000000 ) ) ;
#29 = EDGE_LOOP ( 'NONE', ( #8963, #10538, #8553, #5296 ) ) ;
#30 = CARTESIAN_POINT ( 'NONE',  ( 1.647500000000000187, 2.469999999999999751, 0.2500000000000000000 ) ) ;
#31 = ORIENTED_EDGE ( 'NONE', *, *, #551, .T. ) ;
#32 = FACE_OUTER_BOUND ( 'NONE', #4134, .T. ) ;
#33 =( GEOMETRIC_REPRESENTATION_CONTEXT ( 3 ) GLOBAL_UNCERTAINTY_ASSIGNED_CONTEXT ( ( #8690 ) ) GLOBAL_UNIT_ASSIGNED_CONTEXT ( ( #4972, #7916, #2359 ) ) REPRESENTATION_CONTEXT ( 'NONE', 'WORKASPACE' ) );
#34 = CARTESIAN_POINT ( 'NONE',  ( 0.3550000000000000377, 2.770000000000000018, 0.000000000000000000 ) ) ;
#35 = FILL_AREA_STYLE_COLOUR ( '', #2770 ) ;
#36 = EDGE_LOOP ( 'NONE', ( #10078, #896, #6178, #374 ) ) ;
#37 = CARTESIAN_POINT ( 'NONE',  ( 0.000000000000000000, 2.470000000000000195, 0.000000000000000000 ) ) ;
#38 = CARTESIAN_POINT ( 'NONE',  ( 1.647500000000000409, -3.220000000000000195, 0.2500000000000000000 ) ) ;
#39 = AXIS2_PLACEMENT_3D ( 'NONE', #5928, #9712, #4965 ) ;
#40 =( NAMED_UNIT ( * ) SI_UNIT ( $, .STERADIAN. ) SOLID_ANGLE_UNIT ( ) );
#41 = DIRECTION ( 'NONE',  ( 1.000000000000000000, 7.352470361756009574E-16, 0.000000000000000000 ) ) ;
#42 = ORIENTED_EDGE ( 'NONE', *, *, #1785, .T. ) ;
#43 = STYLED_ITEM ( 'NONE', ( #4895 ), #3915 ) ;
#44 =( LENGTH_UNIT ( ) NAMED_UNIT ( * ) SI_UNIT ( .MILLI., .METRE. ) );
#45 = DIRECTION ( 'NONE',  ( 0.000000000000000000, 0.000000000000000000, 1.000000000000000000 ) ) ;
#46 = VERTEX_POINT ( 'NONE', #6021 ) ;
#47 = SURFACE_SIDE_STYLE ('',( #4609 ) ) ;
#48 = MECHANICAL_DESIGN_GEOMETRIC_PRESENTATION_REPRESENTATION (  '', ( #9230 ), #4090 ) ;
#49 = DIRECTION ( 'NONE',  ( 0.000000000000000000, -0.000000000000000000, 1.000000000000000000 ) ) ;
#50 = PRESENTATION_LAYER_ASSIGNMENT (  '', '', ( #642 ) ) ;
#51 = DIRECTION ( 'NONE',  ( 0.000000000000000000, -1.000000000000000000, -0.000000000000000000 ) ) ;
#52 = AXIS2_PLACEMENT_3D ( 'NONE', #6326, #4273, #6144 ) ;
#53 =( NAMED_UNIT ( * ) PLANE_ANGLE_UNIT ( ) SI_UNIT ( $, .RADIAN. ) );
#54 = CARTESIAN_POINT ( 'NONE',  ( 2.185000000000000497, 0.02000000000000060063, 0.000000000000000000 ) ) ;
#55 = EDGE_LOOP ( 'NONE', ( #116, #5611, #8477, #580 ) ) ;
#56 = PRESENTATION_LAYER_ASSIGNMENT (  '', '', ( #5223 ) ) ;
#57 = UNCERTAINTY_MEASURE_WITH_UNIT (LENGTH_MEASURE( 1.000000000000000082E-05 ), #8516, 'distance_accuracy_value', 'NONE');
#58 = COLOUR_RGB ( '',0.2862745098039215508, 0.2862745098039215508, 0.2862745098039215508 ) ;
#59 = PLANE ( 'NONE',  #11775 ) ;
#60 =( NAMED_UNIT ( * ) SI_UNIT ( $, .STERADIAN. ) SOLID_ANGLE_UNIT ( ) );
#61 = MECHANICAL_DESIGN_GEOMETRIC_PRESENTATION_REPRESENTATION (  '', ( #10813 ), #11795 ) ;
#62 = DIRECTION ( 'NONE',  ( 0.000000000000000000, 1.000000000000000000, 0.000000000000000000 ) ) ;
#63 = ORIENTED_EDGE ( 'NONE', *, *, #10728, .F. ) ;
#64 = CARTESIAN_POINT ( 'NONE',  ( 1.685000000000000275, 2.782500000000000195, 0.000000000000000000 ) ) ;
#65 =( GEOMETRIC_REPRESENTATION_CONTEXT ( 3 ) GLOBAL_UNCERTAINTY_ASSIGNED_CONTEXT ( ( #9407 ) ) GLOBAL_UNIT_ASSIGNED_CONTEXT ( ( #2342, #6697, #4037 ) ) REPRESENTATION_CONTEXT ( 'NONE', 'WORKASPACE' ) );
#66 =( NAMED_UNIT ( * ) SI_UNIT ( $, .STERADIAN. ) SOLID_ANGLE_UNIT ( ) );
#67 = DIRECTION ( 'NONE',  ( 1.000000000000000000, 0.000000000000000000, 0.000000000000000000 ) ) ;
#68 = CARTESIAN_POINT ( 'NONE',  ( -2.162500000000000089, 2.469999999999999751, 0.000000000000000000 ) ) ;
#69 = COLOUR_RGB ( '',0.8313725490196077761, 0.8313725490196077761, 0.8313725490196077761 ) ;
#70 = UNCERTAINTY_MEASURE_WITH_UNIT (LENGTH_MEASURE( 1.000000000000000082E-05 ), #7660, 'distance_accuracy_value', 'NONE');
#71 =( LENGTH_UNIT ( ) NAMED_UNIT ( * ) SI_UNIT ( .MILLI., .METRE. ) );
#72 = EDGE_CURVE ( 'NONE', #80, #3047, #5125, .T. ) ;
#73 = CARTESIAN_POINT ( 'NONE',  ( -0.3775000000000000022, -2.782500000000000195, 0.2500000000000000000 ) ) ;
#74 = SURFACE_STYLE_USAGE ( .BOTH. , #1702 ) ;
#75 = PRESENTATION_STYLE_ASSIGNMENT (( #11887 ) ) ;
#76 = EDGE_LOOP ( 'NONE', ( #5364, #7558, #3919, #6481 ) ) ;
#77 = CARTESIAN_POINT ( 'NONE',  ( 1.647500000000000409, 3.220000000000000195, 0.2500000000000000000 ) ) ;
#78 = MECHANICAL_DESIGN_GEOMETRIC_PRESENTATION_REPRESENTATION (  '', ( #7924 ), #9646 ) ;
#79 = MECHANICAL_DESIGN_GEOMETRIC_PRESENTATION_REPRESENTATION (  '', ( #5241 ), #7535 ) ;
#80 = VERTEX_POINT ( 'NONE', #11575 ) ;
#81 = LINE ( 'NONE', #9240, #4935 ) ;
#82 = FACE_OUTER_BOUND ( 'NONE', #5119, .T. ) ;
#83 = VECTOR ( 'NONE', #4421, 1000.000000000000000 ) ;
#84 = VECTOR ( 'NONE', #6485, 1000.000000000000000 ) ;
#85 = VECTOR ( 'NONE', #9509, 1000.000000000000000 ) ;
#86 = CARTESIAN_POINT ( 'NONE',  ( -1.685000000000000053, 2.507499999999999840, 0.000000000000000000 ) ) ;
#87 = COLOUR_RGB ( '',0.8313725490196077761, 0.8313725490196077761, 0.8313725490196077761 ) ;
#88 = DIRECTION ( 'NONE',  ( -9.313951548868760574E-17, -1.000000000000000000, 0.000000000000000000 ) ) ;
#89 = CARTESIAN_POINT ( 'NONE',  ( -2.430401622660341765, 2.544516792360709712, 1.017589973296722849 ) ) ;
#90 = EDGE_CURVE ( 'NONE', #1528, #3047, #3351, .T. ) ;
#91 = EDGE_LOOP ( 'NONE', ( #11168, #6299, #8481, #8530 ) ) ;
#92 = SURFACE_STYLE_USAGE ( .BOTH. , #1896 ) ;
#93 = EDGE_CURVE ( 'NONE', #2073, #9164, #1537, .T. ) ;
#94 = UNCERTAINTY_MEASURE_WITH_UNIT (LENGTH_MEASURE( 1.000000000000000082E-05 ), #8959, 'distance_accuracy_value', 'NONE');
#95 = FILL_AREA_STYLE_COLOUR ( '', #2066 ) ;
#96 =( NAMED_UNIT ( * ) PLANE_ANGLE_UNIT ( ) SI_UNIT ( $, .RADIAN. ) );
#97 = ORIENTED_EDGE ( 'NONE', *, *, #4543, .F. ) ;
#98 = LINE ( 'NONE', #3773, #4795 ) ;
#99 = ORIENTED_EDGE ( 'NONE', *, *, #10097, .T. ) ;
#100 = CARTESIAN_POINT ( 'NONE',  ( -0.3775000000000000022, 2.507499999999999840, 0.000000000000000000 ) ) ;
#101 = ADVANCED_FACE ( 'NONE', ( #6122 ), #9796, .F. ) ;
#102 = STYLED_ITEM ( 'NONE', ( #5094 ), #2065 ) ;
#103 = CARTESIAN_POINT ( 'NONE',  ( -2.575000000000000622, -2.660000000000000142, 0.000000000000000000 ) ) ;
#104 = DIRECTION ( 'NONE',  ( 0.000000000000000000, -0.000000000000000000, 1.000000000000000000 ) ) ;
#105 = STYLED_ITEM ( 'NONE', ( #7732 ), #7654 ) ;
#106 = ORIENTED_EDGE ( 'NONE', *, *, #5741, .F. ) ;
#107 = MECHANICAL_DESIGN_GEOMETRIC_PRESENTATION_REPRESENTATION (  '', ( #498 ), #5065 ) ;
#108 = DIRECTION ( 'NONE',  ( -0.000000000000000000, -1.000000000000000000, -0.000000000000000000 ) ) ;
#109 = CARTESIAN_POINT ( 'NONE',  ( -0.6350000000000000089, -3.220000000000000195, 0.000000000000000000 ) ) ;
#110 = UNCERTAINTY_MEASURE_WITH_UNIT (LENGTH_MEASURE( 1.000000000000000082E-05 ), #3384, 'distance_accuracy_value', 'NONE');
#111 = PLANE ( 'NONE',  #6180 ) ;
#112 = EDGE_LOOP ( 'NONE', ( #1746, #6757, #6394, #753 ) ) ;
#113 = FILL_AREA_STYLE ('',( #8300 ) ) ;
#114 = EDGE_CURVE ( 'NONE', #11628, #11134, #8586, .T. ) ;
#115 = DIRECTION ( 'NONE',  ( 1.000000000000000000, 0.000000000000000000, 0.000000000000000000 ) ) ;
#116 = ORIENTED_EDGE ( 'NONE', *, *, #3767, .T. ) ;
#117 = FILL_AREA_STYLE ('',( #1686 ) ) ;
#118 = VECTOR ( 'NONE', #5924, 1000.000000000000000 ) ;
#119 = FILL_AREA_STYLE_COLOUR ( '', #1102 ) ;
#120 = MECHANICAL_DESIGN_GEOMETRIC_PRESENTATION_REPRESENTATION (  '', ( #6055 ), #9489 ) ;
#121 = CIRCLE ( 'NONE', #3768, 0.03749999999999999167 ) ;
#122 = CARTESIAN_POINT ( 'NONE',  ( -2.149999999999999911, 2.419999999999999929, 0.2500000000000000000 ) ) ;
#123 = LINE ( 'NONE', #6393, #7927 ) ;
#124 = VECTOR ( 'NONE', #630, 1000.000000000000000 ) ;
#125 = ORIENTED_EDGE ( 'NONE', *, *, #5645, .T. ) ;
#126 = LINE ( 'NONE', #1023, #3320 ) ;
#127 = ORIENTED_EDGE ( 'NONE', *, *, #9901, .F. ) ;
#128 = DIRECTION ( 'NONE',  ( 1.110223024625150032E-15, -1.000000000000000000, 0.000000000000000000 ) ) ;
#129 = EDGE_LOOP ( 'NONE', ( #3179, #4945, #7498, #1555 ) ) ;
#130 = LINE ( 'NONE', #2831, #11369 ) ;
#131 =( GEOMETRIC_REPRESENTATION_CONTEXT ( 3 ) GLOBAL_UNCERTAINTY_ASSIGNED_CONTEXT ( ( #9083 ) ) GLOBAL_UNIT_ASSIGNED_CONTEXT ( ( #10220, #6599, #11329 ) ) REPRESENTATION_CONTEXT ( 'NONE', 'WORKASPACE' ) );
#132 = FACE_OUTER_BOUND ( 'NONE', #4139, .T. ) ;
#133 = CARTESIAN_POINT ( 'NONE',  ( 0.3775000000000000022, -2.620000000000000107, 0.2500000000000000000 ) ) ;
#134 = COLOUR_RGB ( '',0.2862745098039215508, 0.2862745098039215508, 0.2862745098039215508 ) ;
#135 = CARTESIAN_POINT ( 'NONE',  ( -2.162500000000000089, 2.507499999999999840, 0.2500000000000000000 ) ) ;
#136 = FILL_AREA_STYLE ('',( #8443 ) ) ;
#137 = CARTESIAN_POINT ( 'NONE',  ( -0.8924999999999999600, -2.620000000000000107, 0.000000000000000000 ) ) ;
#138 = LINE ( 'NONE', #11420, #5291 ) ;
#139 = ADVANCED_FACE ( 'NONE', ( #8949 ), #8227, .F. ) ;
#140 = CARTESIAN_POINT ( 'NONE',  ( 0.3775000000000000022, -2.782500000000000195, 0.000000000000000000 ) ) ;
#141 = FILL_AREA_STYLE_COLOUR ( '', #495 ) ;
#142 = PLANE ( 'NONE',  #6488 ) ;
#143 = SURFACE_STYLE_USAGE ( .BOTH. , #11326 ) ;
#144 = ORIENTED_EDGE ( 'NONE', *, *, #7389, .T. ) ;
#145 = VERTEX_POINT ( 'NONE', #5239 ) ;
#146 = CARTESIAN_POINT ( 'NONE',  ( 2.481424832439820261, -0.1799999999999989664, 0.2500000000000000000 ) ) ;
#147 = CARTESIAN_POINT ( 'NONE',  ( -0.9150000000000000355, 2.470000000000000195, 0.2500000000000000000 ) ) ;
#148 = PRESENTATION_LAYER_ASSIGNMENT (  '', '', ( #3804 ) ) ;
#149 = ADVANCED_FACE ( 'NONE', ( #4469 ), #2733, .F. ) ;
#150 =( GEOMETRIC_REPRESENTATION_CONTEXT ( 3 ) GLOBAL_UNCERTAINTY_ASSIGNED_CONTEXT ( ( #10886 ) ) GLOBAL_UNIT_ASSIGNED_CONTEXT ( ( #3725, #9270, #5504 ) ) REPRESENTATION_CONTEXT ( 'NONE', 'WORKASPACE' ) );
#151 = CARTESIAN_POINT ( 'NONE',  ( 1.647500000000000187, -2.782500000000000195, 0.2500000000000000000 ) ) ;
#152 = DIRECTION ( 'NONE',  ( 0.000000000000000000, 1.000000000000000000, 0.000000000000000000 ) ) ;
#153 = CARTESIAN_POINT ( 'NONE',  ( -2.125000000000000000, 2.739999999999999325, 0.000000000000000000 ) ) ;
#154 = EDGE_CURVE ( 'NONE', #3128, #9757, #11208, .T. ) ;
#155 = EDGE_CURVE ( 'NONE', #3158, #7391, #3823, .T. ) ;
#156 = COLOUR_RGB ( '',0.2862745098039215508, 0.2862745098039215508, 0.2862745098039215508 ) ;
#157 = VERTEX_POINT ( 'NONE', #7631 ) ;
#158 = SURFACE_SIDE_STYLE ('',( #11281 ) ) ;
#159 = DIRECTION ( 'NONE',  ( -0.000000000000000000, -1.000000000000000000, -0.000000000000000000 ) ) ;
#160 = PLANE ( 'NONE',  #6557 ) ;
#161 = ORIENTED_EDGE ( 'NONE', *, *, #3852, .F. ) ;
#162 = VECTOR ( 'NONE', #9751, 1000.000000000000000 ) ;
#163 = ORIENTED_EDGE ( 'NONE', *, *, #1339, .F. ) ;
#164 = STYLED_ITEM ( 'NONE', ( #11335 ), #968 ) ;
#165 = CARTESIAN_POINT ( 'NONE',  ( 2.125000000000000000, -2.319999999999999840, 0.000000000000000000 ) ) ;
#166 = COLOUR_RGB ( '',0.8313725490196077761, 0.8313725490196077761, 0.8313725490196077761 ) ;
#167 = EDGE_CURVE ( 'NONE', #6984, #6513, #8386, .T. ) ;
#168 = CARTESIAN_POINT ( 'NONE',  ( 2.322846589849786536, -2.636255932742944008, 1.057190940930532896 ) ) ;
#169 = EDGE_CURVE ( 'NONE', #9131, #9148, #5598, .T. ) ;
#170 = ORIENTED_EDGE ( 'NONE', *, *, #1193, .F. ) ;
#171 = PRODUCT_DEFINITION_SHAPE ( 'NONE', 'NONE',  #5189 ) ;
#172 = VECTOR ( 'NONE', #3046, 1000.000000000000000 ) ;
#173 = CARTESIAN_POINT ( 'NONE',  ( -2.149999999999999911, 0.02000000000000056247, 0.000000000000000000 ) ) ;
#174 = ORIENTED_EDGE ( 'NONE', *, *, #8583, .T. ) ;
#175 =( NAMED_UNIT ( * ) SI_UNIT ( $, .STERADIAN. ) SOLID_ANGLE_UNIT ( ) );
#176 = AXIS2_PLACEMENT_3D ( 'NONE', #2776, #6284, #10200 ) ;
#177 = FACE_OUTER_BOUND ( 'NONE', #2084, .T. ) ;
#178 = ORIENTED_EDGE ( 'NONE', *, *, #8946, .T. ) ;
#179 = PRESENTATION_STYLE_ASSIGNMENT (( #1131 ) ) ;
#180 = FILL_AREA_STYLE ('',( #3907 ) ) ;
#181 = SURFACE_STYLE_USAGE ( .BOTH. , #3663 ) ;
#182 = CARTESIAN_POINT ( 'NONE',  ( -2.354463867161250334, 2.553810133903362534, 1.092251878597581660 ) ) ;
#183 = ORIENTED_EDGE ( 'NONE', *, *, #6148, .F. ) ;
#184 = STYLED_ITEM ( 'NONE', ( #5252 ), #6301 ) ;
#185 = FILL_AREA_STYLE ('',( #5863 ) ) ;
#186 = SURFACE_SIDE_STYLE ('',( #2040 ) ) ;
#187 = EDGE_LOOP ( 'NONE', ( #5277, #3482, #7519, #1346 ) ) ;
#188 = AXIS2_PLACEMENT_3D ( 'NONE', #6772, #3334, #8161 ) ;
#189 = PLANE ( 'NONE',  #8461 ) ;
#190 = ORIENTED_EDGE ( 'NONE', *, *, #981, .T. ) ;
#191 = FACE_OUTER_BOUND ( 'NONE', #7176, .T. ) ;
#192 = CARTESIAN_POINT ( 'NONE',  ( 1.625000000000000444, 2.469999999999999751, 0.000000000000000000 ) ) ;
#193 = FILL_AREA_STYLE_COLOUR ( '', #3215 ) ;
#194 = EDGE_LOOP ( 'NONE', ( #10651, #10914, #3755, #9284 ) ) ;
#195 = CARTESIAN_POINT ( 'NONE',  ( -2.495000000000000107, -2.660000000000000142, 0.000000000000000000 ) ) ;
#196 = AXIS2_PLACEMENT_3D ( 'NONE', #10172, #4702, #3649 ) ;
#197 = CARTESIAN_POINT ( 'NONE',  ( -2.481424832439820261, -0.5799999999999989608, 0.000000000000000000 ) ) ;
#198 =( LENGTH_UNIT ( ) NAMED_UNIT ( * ) SI_UNIT ( .MILLI., .METRE. ) );
#199 = SURFACE_STYLE_USAGE ( .BOTH. , #1089 ) ;
#200 = UNCERTAINTY_MEASURE_WITH_UNIT (LENGTH_MEASURE( 1.000000000000000082E-05 ), #9587, 'distance_accuracy_value', 'NONE');
#201 = PLANE ( 'NONE',  #241 ) ;
#202 = DIRECTION ( 'NONE',  ( 1.000000000000000000, 0.000000000000000000, -0.000000000000000000 ) ) ;
#203 = DIRECTION ( 'NONE',  ( 0.000000000000000000, -0.1779435454738420019, -0.9840406976462908739 ) ) ;
#204 = SURFACE_SIDE_STYLE ('',( #3997 ) ) ;
#205 = CARTESIAN_POINT ( 'NONE',  ( 1.685000000000000053, 2.770000000000000018, 0.000000000000000000 ) ) ;
#206 = VERTEX_POINT ( 'NONE', #9243 ) ;
#207 = SHAPE_REPRESENTATION_RELATIONSHIP ( 'NONE' , 'NONE' ,  #8640, #9026 ) ;
#208 = AXIS2_PLACEMENT_3D ( 'NONE', #1974, #7526, #8485 ) ;
#209 = VERTEX_POINT ( 'NONE', #1103 ) ;
#210 = CARTESIAN_POINT ( 'NONE',  ( -2.415190515153784467, 2.559980999734317031, 1.061160487096284299 ) ) ;
#211 = CARTESIAN_POINT ( 'NONE',  ( -2.389628245610446289, -2.516918006223029636, 1.110965557284859129 ) ) ;
#212 = CIRCLE ( 'NONE', #3658, 0.03749999999999988065 ) ;
#213 = MECHANICAL_DESIGN_GEOMETRIC_PRESENTATION_REPRESENTATION (  '', ( #984 ), #604 ) ;
#214 = SURFACE_STYLE_FILL_AREA ( #9308 ) ;
#215 = ORIENTED_EDGE ( 'NONE', *, *, #10610, .T. ) ;
#216 = LINE ( 'NONE', #5772, #7309 ) ;
#217 =( LENGTH_UNIT ( ) NAMED_UNIT ( * ) SI_UNIT ( .MILLI., .METRE. ) );
#218 = LINE ( 'NONE', #7395, #10015 ) ;
#219 = ORIENTED_EDGE ( 'NONE', *, *, #2521, .T. ) ;
#220 = PLANE ( 'NONE',  #4968 ) ;
#221 = VERTEX_POINT ( 'NONE', #86 ) ;
#222 = EDGE_CURVE ( 'NONE', #11134, #10189, #5711, .T. ) ;
#223 = FILL_AREA_STYLE_COLOUR ( '', #2958 ) ;
#224 = AXIS2_PLACEMENT_3D ( 'NONE', #1877, #8104, #8217 ) ;
#225 = VERTEX_POINT ( 'NONE', #9420 ) ;
#226 = CARTESIAN_POINT ( 'NONE',  ( 0.9150000000000000355, 2.770000000000000018, 0.000000000000000000 ) ) ;
#227 = SURFACE_SIDE_STYLE ('',( #5849 ) ) ;
#228 = SURFACE_STYLE_USAGE ( .BOTH. , #10304 ) ;
#229 = ORIENTED_EDGE ( 'NONE', *, *, #7663, .F. ) ;
#230 = CARTESIAN_POINT ( 'NONE',  ( 1.685000000000000053, 2.739999999999999325, 0.2499999999999998890 ) ) ;
#231 = ORIENTED_EDGE ( 'NONE', *, *, #9299, .T. ) ;
#232 = CARTESIAN_POINT ( 'NONE',  ( 2.705000000000000515, -0.5799999999999989608, 0.2500000000000000000 ) ) ;
#233 = ADVANCED_FACE ( 'NONE', ( #1051 ), #11275, .F. ) ;
#234 = ADVANCED_FACE ( 'NONE', ( #4007 ), #2126, .F. ) ;
#235 = CARTESIAN_POINT ( 'NONE',  ( 0.8924999999999999600, -2.782500000000000195, 0.000000000000000000 ) ) ;
#236 = SURFACE_STYLE_FILL_AREA ( #10431 ) ;
#237 = CARTESIAN_POINT ( 'NONE',  ( -2.125000000000000000, 2.782500000000000195, 0.2500000000000000000 ) ) ;
#238 = STYLED_ITEM ( 'NONE', ( #8404 ), #10792 ) ;
#239 = COLOUR_RGB ( '',0.2862745098039215508, 0.2862745098039215508, 0.2862745098039215508 ) ;
#240 = ORIENTED_EDGE ( 'NONE', *, *, #6876, .T. ) ;
#241 = AXIS2_PLACEMENT_3D ( 'NONE', #10572, #5158, #5818 ) ;
#242 = FILL_AREA_STYLE_COLOUR ( '', #5808 ) ;
#243 = ORIENTED_EDGE ( 'NONE', *, *, #7757, .T. ) ;
#244 = SURFACE_STYLE_USAGE ( .BOTH. , #1143 ) ;
#245 = VERTEX_POINT ( 'NONE', #7805 ) ;
#246 = LINE ( 'NONE', #9340, #9089 ) ;
#247 = EDGE_CURVE ( 'NONE', #4761, #1955, #6901, .T. ) ;
#248 = CARTESIAN_POINT ( 'NONE',  ( 0.9149999999999994804, 2.419999999999999929, 0.2500000000000000000 ) ) ;
#249 = EDGE_CURVE ( 'NONE', #10060, #6907, #8754, .T. ) ;
#250 = COLOUR_RGB ( '',0.8313725490196077761, 0.8313725490196077761, 0.8313725490196077761 ) ;
#251 = FACE_OUTER_BOUND ( 'NONE', #9532, .T. ) ;
#252 = STYLED_ITEM ( 'NONE', ( #11430 ), #9792 ) ;
#253 = ORIENTED_EDGE ( 'NONE', *, *, #7478, .T. ) ;
#254 = CARTESIAN_POINT ( 'NONE',  ( 2.162500000000000089, 3.220000000000000195, 0.2500000000000000000 ) ) ;
#255 =( GEOMETRIC_REPRESENTATION_CONTEXT ( 3 ) GLOBAL_UNCERTAINTY_ASSIGNED_CONTEXT ( ( #558 ) ) GLOBAL_UNIT_ASSIGNED_CONTEXT ( ( #3611, #7127, #11740 ) ) REPRESENTATION_CONTEXT ( 'NONE', 'WORKASPACE' ) );
#256 = SURFACE_SIDE_STYLE ('',( #2050 ) ) ;
#257 = CARTESIAN_POINT ( 'NONE',  ( -0.8549999999999998712, 2.739999999999999325, 0.2499999999999998890 ) ) ;
#258 = CARTESIAN_POINT ( 'NONE',  ( -2.574996656942672324, 2.660844503146091444, 0.2500184873492051763 ) ) ;
#259 = AXIS2_PLACEMENT_3D ( 'NONE', #873, #4523, #7271 ) ;
#260 =( LENGTH_UNIT ( ) NAMED_UNIT ( * ) SI_UNIT ( .MILLI., .METRE. ) );
#261 = CARTESIAN_POINT ( 'NONE',  ( 0.3775000000000000022, 2.507499999999999840, 0.000000000000000000 ) ) ;
#262 = CIRCLE ( 'NONE', #10998, 0.03750000000000020678 ) ;
#263 =( NAMED_UNIT ( * ) PLANE_ANGLE_UNIT ( ) SI_UNIT ( $, .RADIAN. ) );
#264 = LINE ( 'NONE', #3935, #5458 ) ;
#265 = CARTESIAN_POINT ( 'NONE',  ( -0.3775000000000000022, 2.469999999999996199, 0.000000000000000000 ) ) ;
#266 = LINE ( 'NONE', #6651, #1652 ) ;
#267 = DIRECTION ( 'NONE',  ( 0.000000000000000000, 1.000000000000000000, 0.000000000000000000 ) ) ;
#268 = ORIENTED_EDGE ( 'NONE', *, *, #2752, .T. ) ;
#269 = ORIENTED_EDGE ( 'NONE', *, *, #2796, .F. ) ;
#270 = CARTESIAN_POINT ( 'NONE',  ( -1.647500000000000187, 2.469999999999998419, 0.2500000000000000000 ) ) ;
#271 = CIRCLE ( 'NONE', #6945, 0.03749999999999988065 ) ;
#272 =( GEOMETRIC_REPRESENTATION_CONTEXT ( 3 ) GLOBAL_UNCERTAINTY_ASSIGNED_CONTEXT ( ( #7371 ) ) GLOBAL_UNIT_ASSIGNED_CONTEXT ( ( #11100, #11038, #5427 ) ) REPRESENTATION_CONTEXT ( 'NONE', 'WORKASPACE' ) );
#273 = LINE ( 'NONE', #3037, #10696 ) ;
#274 = PRESENTATION_STYLE_ASSIGNMENT (( #6543 ) ) ;
#275 = SURFACE_SIDE_STYLE ('',( #2070 ) ) ;
#276 = MECHANICAL_DESIGN_GEOMETRIC_PRESENTATION_REPRESENTATION (  '', ( #10023 ), #7527 ) ;
#277 = PRESENTATION_LAYER_ASSIGNMENT (  '', '', ( #8488 ) ) ;
#278 = VECTOR ( 'NONE', #7403, 1000.000000000000000 ) ;
#279 = SURFACE_SIDE_STYLE ('',( #347 ) ) ;
#280 = ORIENTED_EDGE ( 'NONE', *, *, #5575, .T. ) ;
#281 = CIRCLE ( 'NONE', #3151, 0.07999999999999986289 ) ;
#282 = DIRECTION ( 'NONE',  ( -0.000000000000000000, 1.000000000000000000, 0.000000000000000000 ) ) ;
#283 = FILL_AREA_STYLE ('',( #5054 ) ) ;
#284 = ORIENTED_EDGE ( 'NONE', *, *, #10270, .F. ) ;
#285 =( GEOMETRIC_REPRESENTATION_CONTEXT ( 3 ) GLOBAL_UNCERTAINTY_ASSIGNED_CONTEXT ( ( #3469 ) ) GLOBAL_UNIT_ASSIGNED_CONTEXT ( ( #11581, #5185, #8829 ) ) REPRESENTATION_CONTEXT ( 'NONE', 'WORKASPACE' ) );
#286 = ORIENTED_EDGE ( 'NONE', *, *, #6602, .F. ) ;
#287 =( NAMED_UNIT ( * ) SI_UNIT ( $, .STERADIAN. ) SOLID_ANGLE_UNIT ( ) );
#288 = ORIENTED_EDGE ( 'NONE', *, *, #605, .F. ) ;
#289 = MECHANICAL_DESIGN_GEOMETRIC_PRESENTATION_REPRESENTATION (  '', ( #8502 ), #6760 ) ;
#290 = FILL_AREA_STYLE ('',( #4878 ) ) ;
#291 = ORIENTED_EDGE ( 'NONE', *, *, #8263, .F. ) ;
#292 = CARTESIAN_POINT ( 'NONE',  ( -2.149999999999999911, 5.551115123125779744E-16, 0.000000000000000000 ) ) ;
#293 = VECTOR ( 'NONE', #4751, 1000.000000000000000 ) ;
#294 = SURFACE_SIDE_STYLE ('',( #2272 ) ) ;
#295 = ORIENTED_EDGE ( 'NONE', *, *, #4050, .F. ) ;
#296 = MECHANICAL_DESIGN_GEOMETRIC_PRESENTATION_REPRESENTATION (  '', ( #102 ), #10835 ) ;
#297 =( NAMED_UNIT ( * ) SI_UNIT ( $, .STERADIAN. ) SOLID_ANGLE_UNIT ( ) );
#298 = CARTESIAN_POINT ( 'NONE',  ( 1.905000000000000027, 2.470000000000000195, 0.000000000000000000 ) ) ;
#299 = VECTOR ( 'NONE', #4301, 1000.000000000000000 ) ;
#300 = CARTESIAN_POINT ( 'NONE',  ( -0.8925000000000000711, 2.820000000000000284, 0.2500000000000000000 ) ) ;
#301 = DIRECTION ( 'NONE',  ( -1.000000000000000000, 0.000000000000000000, 0.000000000000000000 ) ) ;
#302 = PRESENTATION_LAYER_ASSIGNMENT (  '', '', ( #498 ) ) ;
#303 = ORIENTED_EDGE ( 'NONE', *, *, #9901, .T. ) ;
#304 = AXIS2_PLACEMENT_3D ( 'NONE', #966, #7418, #6332 ) ;
#305 = EDGE_CURVE ( 'NONE', #221, #4598, #1522, .T. ) ;
#306 = CARTESIAN_POINT ( 'NONE',  ( 1.625000000000000444, 2.419999999999999929, 0.2500000000000000000 ) ) ;
#307 = CARTESIAN_POINT ( 'NONE',  ( 1.685000000000000053, 5.551115123125779744E-16, 0.000000000000000000 ) ) ;
#308 = ORIENTED_EDGE ( 'NONE', *, *, #10050, .T. ) ;
#309 =( GEOMETRIC_REPRESENTATION_CONTEXT ( 3 ) GLOBAL_UNCERTAINTY_ASSIGNED_CONTEXT ( ( #7768 ) ) GLOBAL_UNIT_ASSIGNED_CONTEXT ( ( #9162, #6579, #60 ) ) REPRESENTATION_CONTEXT ( 'NONE', 'WORKASPACE' ) );
#310 = ADVANCED_FACE ( 'NONE', ( #4124 ), #11619, .T. ) ;
#311 = EDGE_CURVE ( 'NONE', #3343, #3013, #10532, .T. ) ;
#312 = ORIENTED_EDGE ( 'NONE', *, *, #11616, .F. ) ;
#313 = DIRECTION ( 'NONE',  ( 0.000000000000000000, 0.000000000000000000, 1.000000000000000000 ) ) ;
#314 = DIRECTION ( 'NONE',  ( 0.000000000000000000, 0.000000000000000000, 1.000000000000000000 ) ) ;
#315 = VECTOR ( 'NONE', #11352, 1000.000000000000000 ) ;
#316 = SURFACE_STYLE_USAGE ( .BOTH. , #4580 ) ;
#317 = PLANE ( 'NONE',  #5681 ) ;
#318 = ORIENTED_EDGE ( 'NONE', *, *, #747, .F. ) ;
#319 = LINE ( 'NONE', #9598, #9734 ) ;
#320 = CARTESIAN_POINT ( 'NONE',  ( 0.000000000000000000, 2.470000000000000195, 0.000000000000000000 ) ) ;
#321 = COLOUR_RGB ( '',0.2862745098039215508, 0.2862745098039215508, 0.2862745098039215508 ) ;
#322 =( NAMED_UNIT ( * ) SI_UNIT ( $, .STERADIAN. ) SOLID_ANGLE_UNIT ( ) );
#323 = ADVANCED_FACE ( 'NONE', ( #9729 ), #11559, .T. ) ;
#324 = EDGE_CURVE ( 'NONE', #3371, #11443, #5343, .T. ) ;
#325 = COLOUR_RGB ( '',0.2862745098039215508, 0.2862745098039215508, 0.2862745098039215508 ) ;
#326 = DIRECTION ( 'NONE',  ( 1.000000000000000000, 0.000000000000000000, 0.000000000000000000 ) ) ;
#327 =( LENGTH_UNIT ( ) NAMED_UNIT ( * ) SI_UNIT ( .MILLI., .METRE. ) );
#328 = ADVANCED_FACE ( 'NONE', ( #1636 ), #10893, .T. ) ;
#329 = UNCERTAINTY_MEASURE_WITH_UNIT (LENGTH_MEASURE( 1.000000000000000082E-05 ), #5261, 'distance_accuracy_value', 'NONE');
#330 = LINE ( 'NONE', #6530, #8826 ) ;
#331 = SURFACE_SIDE_STYLE ('',( #5699 ) ) ;
#332 = FILL_AREA_STYLE ('',( #3996 ) ) ;
#333 =( GEOMETRIC_REPRESENTATION_CONTEXT ( 3 ) GLOBAL_UNCERTAINTY_ASSIGNED_CONTEXT ( ( #7053 ) ) GLOBAL_UNIT_ASSIGNED_CONTEXT ( ( #7559, #8276, #3088 ) ) REPRESENTATION_CONTEXT ( 'NONE', 'WORKASPACE' ) );
#334 = FILL_AREA_STYLE_COLOUR ( '', #8329 ) ;
#335 = SURFACE_STYLE_FILL_AREA ( #6713 ) ;
#336 = VERTEX_POINT ( 'NONE', #9845 ) ;
#337 = COLOUR_RGB ( '',0.9607843137254902244, 0.9607843137254902244, 0.9607843137254902244 ) ;
#338 = DIRECTION ( 'NONE',  ( 0.000000000000000000, -1.000000000000000000, 0.000000000000000000 ) ) ;
#339 = ORIENTED_EDGE ( 'NONE', *, *, #11334, .F. ) ;
#340 = CARTESIAN_POINT ( 'NONE',  ( -2.322846589849784316, 2.636255932742947117, 1.057190940930533118 ) ) ;
#341 = VECTOR ( 'NONE', #7609, 1000.000000000000000 ) ;
#342 = DIRECTION ( 'NONE',  ( 0.000000000000000000, -0.000000000000000000, 1.000000000000000000 ) ) ;
#343 =( NAMED_UNIT ( * ) PLANE_ANGLE_UNIT ( ) SI_UNIT ( $, .RADIAN. ) );
#344 = AXIS2_PLACEMENT_3D ( 'NONE', #6764, #8693, #3204 ) ;
#345 = CARTESIAN_POINT ( 'NONE',  ( -1.647500000000000187, 2.507499999999999840, 0.2500000000000000000 ) ) ;
#346 = CARTESIAN_POINT ( 'NONE',  ( -2.124999999999999556, 2.782500000000000195, 0.000000000000000000 ) ) ;
#347 = SURFACE_STYLE_FILL_AREA ( #6724 ) ;
#348 = ORIENTED_EDGE ( 'NONE', *, *, #11287, .F. ) ;
#349 =( NAMED_UNIT ( * ) PLANE_ANGLE_UNIT ( ) SI_UNIT ( $, .RADIAN. ) );
#350 = CARTESIAN_POINT ( 'NONE',  ( -2.125000000000000444, 2.770000000000000018, 0.000000000000000000 ) ) ;
#351 = ORIENTED_EDGE ( 'NONE', *, *, #6083, .F. ) ;
#352 = ORIENTED_EDGE ( 'NONE', *, *, #4416, .F. ) ;
#353 = COLOUR_RGB ( '',0.8313725490196077761, 0.8313725490196077761, 0.8313725490196077761 ) ;
#354 = MECHANICAL_DESIGN_GEOMETRIC_PRESENTATION_REPRESENTATION (  '', ( #1092 ), #10099 ) ;
#355 = CARTESIAN_POINT ( 'NONE',  ( -0.4149999999999999800, 2.770000000000000018, 0.000000000000000000 ) ) ;
#356 = PLANE ( 'NONE',  #6182 ) ;
#357 = ADVANCED_FACE ( 'NONE', ( #8101 ), #10757, .F. ) ;
#358 = ORIENTED_EDGE ( 'NONE', *, *, #311, .F. ) ;
#359 = VECTOR ( 'NONE', #7098, 1000.000000000000000 ) ;
#360 =( NAMED_UNIT ( * ) SI_UNIT ( $, .STERADIAN. ) SOLID_ANGLE_UNIT ( ) );
#361 = LINE ( 'NONE', #4880, #11364 ) ;
#362 = VERTEX_POINT ( 'NONE', #9109 ) ;
#363 = UNCERTAINTY_MEASURE_WITH_UNIT (LENGTH_MEASURE( 1.000000000000000082E-05 ), #2228, 'distance_accuracy_value', 'NONE');
#364 = ORIENTED_EDGE ( 'NONE', *, *, #3488, .T. ) ;
#365 = CARTESIAN_POINT ( 'NONE',  ( -1.625000000000000444, 2.419999999999999929, 0.2500000000000000000 ) ) ;
#366 = SURFACE_STYLE_USAGE ( .BOTH. , #5912 ) ;
#367 = VECTOR ( 'NONE', #6882, 1000.000000000000000 ) ;
#368 = STYLED_ITEM ( 'NONE', ( #626 ), #1104 ) ;
#369 = ORIENTED_EDGE ( 'NONE', *, *, #3987, .T. ) ;
#370 =( LENGTH_UNIT ( ) NAMED_UNIT ( * ) SI_UNIT ( .MILLI., .METRE. ) );
#371 = VECTOR ( 'NONE', #1100, 1000.000000000000000 ) ;
#372 = LINE ( 'NONE', #2002, #8342 ) ;
#373 = VERTEX_POINT ( 'NONE', #1751 ) ;
#374 = ORIENTED_EDGE ( 'NONE', *, *, #10838, .T. ) ;
#375 = SURFACE_STYLE_USAGE ( .BOTH. , #4897 ) ;
#376 = PRESENTATION_STYLE_ASSIGNMENT (( #5749 ) ) ;
#377 = VECTOR ( 'NONE', #5354, 1000.000000000000000 ) ;
#378 = PLANE ( 'NONE',  #7013 ) ;
#379 = DIRECTION ( 'NONE',  ( 1.000000000000000000, 0.000000000000000000, 0.000000000000000000 ) ) ;
#380 = ORIENTED_EDGE ( 'NONE', *, *, #9885, .T. ) ;
#381 = SURFACE_STYLE_FILL_AREA ( #8562 ) ;
#382 = MECHANICAL_DESIGN_GEOMETRIC_PRESENTATION_REPRESENTATION (  '', ( #2300 ), #3445 ) ;
#383 = EDGE_CURVE ( 'NONE', #4534, #10377, #1812, .T. ) ;
#384 = MECHANICAL_DESIGN_GEOMETRIC_PRESENTATION_REPRESENTATION (  '', ( #954 ), #1905 ) ;
#385 = CARTESIAN_POINT ( 'NONE',  ( -2.162500000000000089, 2.507499999999999840, 0.000000000000000000 ) ) ;
#386 = DIRECTION ( 'NONE',  ( -0.1751915364254250373, 0.1751915364254250373, 0.9688218882383892172 ) ) ;
#387 =( NAMED_UNIT ( * ) SI_UNIT ( $, .STERADIAN. ) SOLID_ANGLE_UNIT ( ) );
#388 = EDGE_LOOP ( 'NONE', ( #1239, #11776, #10992, #10356 ) ) ;
#389 = DIRECTION ( 'NONE',  ( 1.000000000000000000, 0.000000000000000000, 0.000000000000000000 ) ) ;
#390 = EDGE_CURVE ( 'NONE', #4891, #1045, #4402, .T. ) ;
#391 = EDGE_CURVE ( 'NONE', #9164, #6857, #2495, .T. ) ;
#392 = FILL_AREA_STYLE_COLOUR ( '', #2657 ) ;
#393 = ORIENTED_EDGE ( 'NONE', *, *, #3174, .F. ) ;
#394 =( LENGTH_UNIT ( ) NAMED_UNIT ( * ) SI_UNIT ( .MILLI., .METRE. ) );
#395 = VERTEX_POINT ( 'NONE', #3501 ) ;
#396 = FILL_AREA_STYLE ('',( #6726 ) ) ;
#397 =( BOUNDED_CURVE ( )  B_SPLINE_CURVE ( 3, ( #3063, #9514, #10182, #3905 ),
 .UNSPECIFIED., .F., .T. ) 
 B_SPLINE_CURVE_WITH_KNOTS ( ( 4, 4 ),
 ( 5.513621743191327695, 7.052748871167812794 ),
 .UNSPECIFIED. ) 
 CURVE ( )  GEOMETRIC_REPRESENTATION_ITEM ( )  RATIONAL_B_SPLINE_CURVE ( ( 1.000000000000000000, 0.8121429464773149975, 0.8121429464773149975, 1.000000000000000000 ) ) 
 REPRESENTATION_ITEM ( '' )  );
#398 = CARTESIAN_POINT ( 'NONE',  ( 2.149999999999999911, 0.02000000000000060063, 0.000000000000000000 ) ) ;
#399 = CARTESIAN_POINT ( 'NONE',  ( 2.481424832439820261, -0.1799999999999990219, 0.2500000000000001110 ) ) ;
#400 = VERTEX_POINT ( 'NONE', #2603 ) ;
#401 = FILL_AREA_STYLE ('',( #2448 ) ) ;
#402 = EDGE_CURVE ( 'NONE', #7102, #6740, #6232, .T. ) ;
#403 = ORIENTED_EDGE ( 'NONE', *, *, #1177, .T. ) ;
#404 = CARTESIAN_POINT ( 'NONE',  ( 2.343901028300729994, -2.508901028300730474, 1.078413264126860005 ) ) ;
#405 = PRESENTATION_LAYER_ASSIGNMENT (  '', '', ( #8992 ) ) ;
#406 = PRESENTATION_LAYER_ASSIGNMENT (  '', '', ( #2520 ) ) ;
#407 = FILL_AREA_STYLE_COLOUR ( '', #944 ) ;
#408 =( LENGTH_UNIT ( ) NAMED_UNIT ( * ) SI_UNIT ( .MILLI., .METRE. ) );
#409 =( LENGTH_UNIT ( ) NAMED_UNIT ( * ) SI_UNIT ( .MILLI., .METRE. ) );
#410 = CYLINDRICAL_SURFACE ( 'NONE', #3289, 0.03750000000000020678 ) ;
#411 = VERTEX_POINT ( 'NONE', #7369 ) ;
#412 = CARTESIAN_POINT ( 'NONE',  ( 2.162500000000000089, 2.507499999999999840, 0.2500000000000000000 ) ) ;
#413 = PRESENTATION_STYLE_ASSIGNMENT (( #8721 ) ) ;
#414 = VERTEX_POINT ( 'NONE', #3930 ) ;
#415 = CARTESIAN_POINT ( 'NONE',  ( -0.6437500000000000444, -2.519463867161249926, 1.020000000000000018 ) ) ;
#416 = PRESENTATION_LAYER_ASSIGNMENT (  '', '', ( #984 ) ) ;
#417 = CARTESIAN_POINT ( 'NONE',  ( 1.685000000000000275, -2.739999999999998437, 0.2499999999999998890 ) ) ;
#418 = CARTESIAN_POINT ( 'NONE',  ( -0.3549999999999998712, 2.770000000000000018, 0.000000000000000000 ) ) ;
#419 = DIRECTION ( 'NONE',  ( 0.000000000000000000, -1.000000000000000000, -0.000000000000000000 ) ) ;
#420 = DIRECTION ( 'NONE',  ( -0.000000000000000000, 0.000000000000000000, 1.000000000000000000 ) ) ;
#421 = ORIENTED_EDGE ( 'NONE', *, *, #3164, .T. ) ;
#422 = CARTESIAN_POINT ( 'NONE',  ( 2.381424832439820172, -0.6799999999999990496, 0.000000000000000000 ) ) ;
#423 = FILL_AREA_STYLE ('',( #10436 ) ) ;
#424 = ORIENTED_EDGE ( 'NONE', *, *, #11630, .F. ) ;
#425 = COLOUR_RGB ( '',0.8313725490196077761, 0.8313725490196077761, 0.8313725490196077761 ) ;
#426 = LINE ( 'NONE', #546, #5779 ) ;
#427 = VERTEX_POINT ( 'NONE', #7435 ) ;
#428 = FILL_AREA_STYLE_COLOUR ( '', #156 ) ;
#429 = PLANE ( 'NONE',  #8927 ) ;
#430 = ORIENTED_EDGE ( 'NONE', *, *, #8341, .T. ) ;
#431 = CARTESIAN_POINT ( 'NONE',  ( -2.185000000000000497, -0.07999999999999901634, 0.2500000000000000000 ) ) ;
#432 = VECTOR ( 'NONE', #1111, 1000.000000000000000 ) ;
#433 = FACE_OUTER_BOUND ( 'NONE', #7991, .T. ) ;
#434 = STYLED_ITEM ( 'NONE', ( #3986 ), #9752 ) ;
#435 = CARTESIAN_POINT ( 'NONE',  ( -5.551115123125779744E-16, 2.419999999999999929, 0.2500000000000000000 ) ) ;
#436 = CARTESIAN_POINT ( 'NONE',  ( 2.433187122972952032, 2.519463867161249926, 1.034235483637909514 ) ) ;
#437 = LINE ( 'NONE', #10799, #9182 ) ;
#438 = SURFACE_STYLE_USAGE ( .BOTH. , #8688 ) ;
#439 = UNCERTAINTY_MEASURE_WITH_UNIT (LENGTH_MEASURE( 1.000000000000000082E-05 ), #4641, 'distance_accuracy_value', 'NONE');
#440 = FACE_OUTER_BOUND ( 'NONE', #11212, .T. ) ;
#441 =( GEOMETRIC_REPRESENTATION_CONTEXT ( 3 ) GLOBAL_UNCERTAINTY_ASSIGNED_CONTEXT ( ( #11491 ) ) GLOBAL_UNIT_ASSIGNED_CONTEXT ( ( #5334, #4561, #1567 ) ) REPRESENTATION_CONTEXT ( 'NONE', 'WORKASPACE' ) );
#442 = DIRECTION ( 'NONE',  ( -0.000000000000000000, -0.000000000000000000, 1.000000000000000000 ) ) ;
#443 =( NAMED_UNIT ( * ) PLANE_ANGLE_UNIT ( ) SI_UNIT ( $, .RADIAN. ) );
#444 = VERTEX_POINT ( 'NONE', #4792 ) ;
#445 = DIRECTION ( 'NONE',  ( 0.000000000000000000, 0.000000000000000000, 1.000000000000000000 ) ) ;
#446 = FACE_OUTER_BOUND ( 'NONE', #10978, .T. ) ;
#447 = CARTESIAN_POINT ( 'NONE',  ( -2.574989970828019281, 2.661266715016320283, 0.2500554620476143075 ) ) ;
#448 = VECTOR ( 'NONE', #3692, 1000.000000000000000 ) ;
#449 = MECHANICAL_DESIGN_GEOMETRIC_PRESENTATION_REPRESENTATION (  '', ( #4649 ), #2558 ) ;
#450 = EDGE_CURVE ( 'NONE', #7889, #10904, #5576, .T. ) ;
#451 = FILL_AREA_STYLE ('',( #4299 ) ) ;
#452 = LINE ( 'NONE', #7867, #11640 ) ;
#453 = UNCERTAINTY_MEASURE_WITH_UNIT (LENGTH_MEASURE( 1.000000000000000082E-05 ), #5285, 'distance_accuracy_value', 'NONE');
#454 = DIRECTION ( 'NONE',  ( -0.000000000000000000, -0.000000000000000000, -1.000000000000000000 ) ) ;
#455 = ORIENTED_EDGE ( 'NONE', *, *, #1249, .F. ) ;
#456 = CARTESIAN_POINT ( 'NONE',  ( 0.3775000000000000022, -2.620000000000000107, 0.000000000000000000 ) ) ;
#457 = VECTOR ( 'NONE', #3411, 1000.000000000000000 ) ;
#458 = ADVANCED_FACE ( 'NONE', ( #7551 ), #5696, .T. ) ;
#459 = EDGE_CURVE ( 'NONE', #9763, #4744, #6474, .T. ) ;
#460 = LINE ( 'NONE', #8761, #4526 ) ;
#461 =( GEOMETRIC_REPRESENTATION_CONTEXT ( 3 ) GLOBAL_UNCERTAINTY_ASSIGNED_CONTEXT ( ( #8969 ) ) GLOBAL_UNIT_ASSIGNED_CONTEXT ( ( #10755, #1690, #8098 ) ) REPRESENTATION_CONTEXT ( 'NONE', 'WORKASPACE' ) );
#462 = ORIENTED_EDGE ( 'NONE', *, *, #1260, .F. ) ;
#463 = MECHANICAL_DESIGN_GEOMETRIC_PRESENTATION_REPRESENTATION (  '', ( #4111 ), #2483 ) ;
#464 = VERTEX_POINT ( 'NONE', #6644 ) ;
#465 = CARTESIAN_POINT ( 'NONE',  ( 2.430401622660341321, 2.544516792360709267, 1.017589973296720629 ) ) ;
#466 = SURFACE_STYLE_USAGE ( .BOTH. , #10477 ) ;
#467 = ORIENTED_EDGE ( 'NONE', *, *, #6817, .F. ) ;
#468 =( GEOMETRIC_REPRESENTATION_CONTEXT ( 3 ) GLOBAL_UNCERTAINTY_ASSIGNED_CONTEXT ( ( #2238 ) ) GLOBAL_UNIT_ASSIGNED_CONTEXT ( ( #2869, #1063, #287 ) ) REPRESENTATION_CONTEXT ( 'NONE', 'WORKASPACE' ) );
#469 = ADVANCED_FACE ( 'NONE', ( #3809 ), #9168, .T. ) ;
#470 = LINE ( 'NONE', #9797, #4371 ) ;
#471 = STYLED_ITEM ( 'NONE', ( #3859 ), #3103 ) ;
#472 = ADVANCED_FACE ( 'NONE', ( #3745 ), #10142, .F. ) ;
#473 =( NAMED_UNIT ( * ) PLANE_ANGLE_UNIT ( ) SI_UNIT ( $, .RADIAN. ) );
#474 = DIRECTION ( 'NONE',  ( -1.009293658750140033E-15, -1.000000000000000000, 0.000000000000000000 ) ) ;
#475 = EDGE_LOOP ( 'NONE', ( #7214, #7686, #3647, #9997 ) ) ;
#476 = SURFACE_STYLE_FILL_AREA ( #8668 ) ;
#477 = UNCERTAINTY_MEASURE_WITH_UNIT (LENGTH_MEASURE( 1.000000000000000082E-05 ), #10217, 'distance_accuracy_value', 'NONE');
#478 = ADVANCED_FACE ( 'NONE', ( #7052 ), #9601, .T. ) ;
#479 =( NAMED_UNIT ( * ) PLANE_ANGLE_UNIT ( ) SI_UNIT ( $, .RADIAN. ) );
#480 = ORIENTED_EDGE ( 'NONE', *, *, #7075, .F. ) ;
#481 = LINE ( 'NONE', #4317, #162 ) ;
#482 = CARTESIAN_POINT ( 'NONE',  ( -2.162500000000000089, -2.782500000000000195, 0.000000000000000000 ) ) ;
#483 = CARTESIAN_POINT ( 'NONE',  ( -1.647500000000000187, -2.620000000000000551, 0.000000000000000000 ) ) ;
#484 = ORIENTED_EDGE ( 'NONE', *, *, #459, .T. ) ;
#485 = EDGE_CURVE ( 'NONE', #3494, #5428, #3199, .T. ) ;
#486 = CARTESIAN_POINT ( 'NONE',  ( 2.354463867161249890, 2.519463867161249926, 1.020000000000000018 ) ) ;
#487 =( GEOMETRIC_REPRESENTATION_CONTEXT ( 3 ) GLOBAL_UNCERTAINTY_ASSIGNED_CONTEXT ( ( #439 ) ) GLOBAL_UNIT_ASSIGNED_CONTEXT ( ( #4641, #8463, #3945 ) ) REPRESENTATION_CONTEXT ( 'NONE', 'WORKASPACE' ) );
#488 =( GEOMETRIC_REPRESENTATION_CONTEXT ( 3 ) GLOBAL_UNCERTAINTY_ASSIGNED_CONTEXT ( ( #2965 ) ) GLOBAL_UNIT_ASSIGNED_CONTEXT ( ( #7091, #2170, #3870 ) ) REPRESENTATION_CONTEXT ( 'NONE', 'WORKASPACE' ) );
#489 = DIRECTION ( 'NONE',  ( -0.000000000000000000, -0.000000000000000000, -1.000000000000000000 ) ) ;
#490 = SURFACE_STYLE_USAGE ( .BOTH. , #8676 ) ;
#491 = VERTEX_POINT ( 'NONE', #3080 ) ;
#492 = CARTESIAN_POINT ( 'NONE',  ( 0.3775000000000000022, -2.657500000000000195, 0.2500000000000000000 ) ) ;
#493 = ORIENTED_EDGE ( 'NONE', *, *, #10048, .T. ) ;
#494 = DIRECTION ( 'NONE',  ( 0.000000000000000000, 0.000000000000000000, 1.000000000000000000 ) ) ;
#495 = COLOUR_RGB ( '',0.2862745098039215508, 0.2862745098039215508, 0.2862745098039215508 ) ;
#496 = DIRECTION ( 'NONE',  ( 2.960594732333779889E-13, 1.000000000000000000, 0.000000000000000000 ) ) ;
#497 = LINE ( 'NONE', #5031, #11571 ) ;
#498 = STYLED_ITEM ( 'NONE', ( #9080 ), #8511 ) ;
#499 = LINE ( 'NONE', #4902, #7624 ) ;
#500 =( NAMED_UNIT ( * ) SI_UNIT ( $, .STERADIAN. ) SOLID_ANGLE_UNIT ( ) );
#501 = DIRECTION ( 'NONE',  ( 0.000000000000000000, 0.000000000000000000, -1.000000000000000000 ) ) ;
#502 = VECTOR ( 'NONE', #7917, 1000.000000000000000 ) ;
#503 =( NAMED_UNIT ( * ) SI_UNIT ( $, .STERADIAN. ) SOLID_ANGLE_UNIT ( ) );
#504 = CARTESIAN_POINT ( 'NONE',  ( -0.8549999999999999822, -2.740000000000000213, 0.000000000000000000 ) ) ;
#505 =( LENGTH_UNIT ( ) NAMED_UNIT ( * ) SI_UNIT ( .MILLI., .METRE. ) );
#506 = SURFACE_SIDE_STYLE ('',( #8695 ) ) ;
#507 = ORIENTED_EDGE ( 'NONE', *, *, #7761, .F. ) ;
#508 =( NAMED_UNIT ( * ) PLANE_ANGLE_UNIT ( ) SI_UNIT ( $, .RADIAN. ) );
#509 = DIRECTION ( 'NONE',  ( 0.000000000000000000, -1.000000000000000000, -0.000000000000000000 ) ) ;
#510 = DIRECTION ( 'NONE',  ( 0.1751915364254250373, 0.1751915364254250373, 0.9688218882383892172 ) ) ;
#511 = VECTOR ( 'NONE', #1218, 1000.000000000000000 ) ;
#512 = PRESENTATION_LAYER_ASSIGNMENT (  '', '', ( #8699 ) ) ;
#513 = FACE_OUTER_BOUND ( 'NONE', #4958, .T. ) ;
#514 =( NAMED_UNIT ( * ) PLANE_ANGLE_UNIT ( ) SI_UNIT ( $, .RADIAN. ) );
#515 = VERTEX_POINT ( 'NONE', #5197 ) ;
#516 = VECTOR ( 'NONE', #10644, 1000.000000000000000 ) ;
#517 = DIRECTION ( 'NONE',  ( 0.000000000000000000, 0.000000000000000000, 1.000000000000000000 ) ) ;
#518 = AXIS2_PLACEMENT_3D ( 'NONE', #5396, #794, #4509 ) ;
#519 = LINE ( 'NONE', #350, #172 ) ;
#520 = ORIENTED_EDGE ( 'NONE', *, *, #11399, .F. ) ;
#521 = ORIENTED_EDGE ( 'NONE', *, *, #4226, .F. ) ;
#522 = CARTESIAN_POINT ( 'NONE',  ( 2.427844933809971906, -2.554456236527853363, 1.040354425807746619 ) ) ;
#523 =( GEOMETRIC_REPRESENTATION_CONTEXT ( 3 ) GLOBAL_UNCERTAINTY_ASSIGNED_CONTEXT ( ( #6190 ) ) GLOBAL_UNIT_ASSIGNED_CONTEXT ( ( #5401, #8870, #8991 ) ) REPRESENTATION_CONTEXT ( 'NONE', 'WORKASPACE' ) );
#524 = VECTOR ( 'NONE', #5996, 1000.000000000000000 ) ;
#525 = EDGE_CURVE ( 'NONE', #7677, #10836, #5815, .T. ) ;
#526 = DIRECTION ( 'NONE',  ( 0.000000000000000000, -0.000000000000000000, -1.000000000000000000 ) ) ;
#527 = FILL_AREA_STYLE ('',( #1422 ) ) ;
#528 = LINE ( 'NONE', #1539, #1074 ) ;
#529 = PRESENTATION_STYLE_ASSIGNMENT (( #5063 ) ) ;
#530 = ORIENTED_EDGE ( 'NONE', *, *, #6668, .T. ) ;
#531 = FILL_AREA_STYLE_COLOUR ( '', #8099 ) ;
#532 = ORIENTED_EDGE ( 'NONE', *, *, #4908, .F. ) ;
#533 = CYLINDRICAL_SURFACE ( 'NONE', #4061, 0.03749999999999999167 ) ;
#534 = PRESENTATION_LAYER_ASSIGNMENT (  '', '', ( #11879 ) ) ;
#535 =( NAMED_UNIT ( * ) PLANE_ANGLE_UNIT ( ) SI_UNIT ( $, .RADIAN. ) );
#536 = EDGE_CURVE ( 'NONE', #6244, #10060, #10383, .T. ) ;
#537 = EDGE_CURVE ( 'NONE', #3100, #4245, #10516, .T. ) ;
#538 = DIRECTION ( 'NONE',  ( -0.9840406976462904298, -2.168404344971011392E-14, 0.1779435454738443334 ) ) ;
#539 = PRESENTATION_LAYER_ASSIGNMENT (  '', '', ( #6261 ) ) ;
#540 = ORIENTED_EDGE ( 'NONE', *, *, #8454, .T. ) ;
#541 = AXIS2_PLACEMENT_3D ( 'NONE', #1235, #6776, #4867 ) ;
#542 = CARTESIAN_POINT ( 'NONE',  ( 2.185000000000000497, -1.080000000000000071, 0.2500000000000000000 ) ) ;
#543 = DIRECTION ( 'NONE',  ( 1.000000000000000000, 0.000000000000000000, 0.000000000000000000 ) ) ;
#544 = ORIENTED_EDGE ( 'NONE', *, *, #889, .F. ) ;
#545 = PLANE ( 'NONE',  #5984 ) ;
#546 = CARTESIAN_POINT ( 'NONE',  ( -0.6350000000000000089, -3.220000000000000195, 0.2500000000000000000 ) ) ;
#547 = ORIENTED_EDGE ( 'NONE', *, *, #6815, .F. ) ;
#548 = LINE ( 'NONE', #2159, #2430 ) ;
#549 = STYLED_ITEM ( 'NONE', ( #1748 ), #5929 ) ;
#550 =( LENGTH_UNIT ( ) NAMED_UNIT ( * ) SI_UNIT ( .MILLI., .METRE. ) );
#551 = EDGE_CURVE ( 'NONE', #11742, #11512, #783, .T. ) ;
#552 = PLANE ( 'NONE',  #10316 ) ;
#553 = VECTOR ( 'NONE', #8338, 1000.000000000000000 ) ;
#554 = PRESENTATION_STYLE_ASSIGNMENT (( #6153 ) ) ;
#555 = AXIS2_PLACEMENT_3D ( 'NONE', #5650, #2185, #10395 ) ;
#556 = DIRECTION ( 'NONE',  ( -0.000000000000000000, -0.000000000000000000, -1.000000000000000000 ) ) ;
#557 = VECTOR ( 'NONE', #11511, 1000.000000000000000 ) ;
#558 = UNCERTAINTY_MEASURE_WITH_UNIT (LENGTH_MEASURE( 1.000000000000000082E-05 ), #3611, 'distance_accuracy_value', 'NONE');
#559 = CARTESIAN_POINT ( 'NONE',  ( -1.685000000000000275, 2.782500000000000195, 0.000000000000000000 ) ) ;
#560 = DIRECTION ( 'NONE',  ( 1.000000000000000000, 0.000000000000000000, 0.000000000000000000 ) ) ;
#561 = SURFACE_STYLE_USAGE ( .BOTH. , #5101 ) ;
#562 =( GEOMETRIC_REPRESENTATION_CONTEXT ( 3 ) GLOBAL_UNCERTAINTY_ASSIGNED_CONTEXT ( ( #9446 ) ) GLOBAL_UNIT_ASSIGNED_CONTEXT ( ( #10945, #9220, #11804 ) ) REPRESENTATION_CONTEXT ( 'NONE', 'WORKASPACE' ) );
#563 = EDGE_LOOP ( 'NONE', ( #3090, #11656, #2607, #603 ) ) ;
#564 = DIRECTION ( 'NONE',  ( 1.000000000000000000, 0.000000000000000000, 0.000000000000000000 ) ) ;
#565 =( GEOMETRIC_REPRESENTATION_CONTEXT ( 3 ) GLOBAL_UNCERTAINTY_ASSIGNED_CONTEXT ( ( #1742 ) ) GLOBAL_UNIT_ASSIGNED_CONTEXT ( ( #2096, #1194, #6868 ) ) REPRESENTATION_CONTEXT ( 'NONE', 'WORKASPACE' ) );
#566 = DIRECTION ( 'NONE',  ( -0.9840406976462909849, 0.000000000000000000, 0.1779435454738416966 ) ) ;
#567 = FILL_AREA_STYLE_COLOUR ( '', #9332 ) ;
#568 = DIRECTION ( 'NONE',  ( 1.000000000000000000, 0.000000000000000000, 0.000000000000000000 ) ) ;
#569 = COLOUR_RGB ( '',0.8313725490196077761, 0.8313725490196077761, 0.8313725490196077761 ) ;
#570 = SURFACE_STYLE_USAGE ( .BOTH. , #11503 ) ;
#571 =( LENGTH_UNIT ( ) NAMED_UNIT ( * ) SI_UNIT ( .MILLI., .METRE. ) );
#572 = CARTESIAN_POINT ( 'NONE',  ( 2.149999999999999911, 0.02000000000000060063, 0.2500000000000000000 ) ) ;
#573 = ORIENTED_EDGE ( 'NONE', *, *, #9480, .F. ) ;
#574 = VECTOR ( 'NONE', #4512, 1000.000000000000000 ) ;
#575 =( LENGTH_UNIT ( ) NAMED_UNIT ( * ) SI_UNIT ( .MILLI., .METRE. ) );
#576 = LINE ( 'NONE', #6014, #728 ) ;
#577 = FILL_AREA_STYLE ('',( #5116 ) ) ;
#578 = ORIENTED_EDGE ( 'NONE', *, *, #9313, .F. ) ;
#579 = DIRECTION ( 'NONE',  ( 0.1751915364254295615, 0.1751915364254247320, -0.9688218882383884401 ) ) ;
#580 = ORIENTED_EDGE ( 'NONE', *, *, #9364, .T. ) ;
#581 = CARTESIAN_POINT ( 'NONE',  ( 2.394980999734316551, -2.559980999734316587, 1.075827626996972652 ) ) ;
#582 = PRESENTATION_LAYER_ASSIGNMENT (  '', '', ( #5358 ) ) ;
#583 = SURFACE_SIDE_STYLE ('',( #1592 ) ) ;
#584 = SURFACE_STYLE_FILL_AREA ( #6858 ) ;
#585 = SURFACE_STYLE_FILL_AREA ( #2509 ) ;
#586 = VECTOR ( 'NONE', #1646, 1000.000000000000000 ) ;
#587 = FILL_AREA_STYLE_COLOUR ( '', #8863 ) ;
#588 = ORIENTED_EDGE ( 'NONE', *, *, #669, .F. ) ;
#589 = UNCERTAINTY_MEASURE_WITH_UNIT (LENGTH_MEASURE( 1.000000000000000082E-05 ), #575, 'distance_accuracy_value', 'NONE');
#590 = LINE ( 'NONE', #10784, #1796 ) ;
#591 = ORIENTED_EDGE ( 'NONE', *, *, #2664, .F. ) ;
#592 = PRESENTATION_LAYER_ASSIGNMENT (  '', '', ( #5552 ) ) ;
#593 = CARTESIAN_POINT ( 'NONE',  ( -2.574999999999998845, -2.660000000000000142, 0.2499999999999907851 ) ) ;
#594 = MECHANICAL_DESIGN_GEOMETRIC_PRESENTATION_REPRESENTATION (  '', ( #2122 ), #10952 ) ;
#595 = LINE ( 'NONE', #8898, #2684 ) ;
#596 = ORIENTED_EDGE ( 'NONE', *, *, #6291, .F. ) ;
#597 = DIRECTION ( 'NONE',  ( 0.000000000000000000, 0.000000000000000000, 1.000000000000000000 ) ) ;
#598 = MECHANICAL_DESIGN_GEOMETRIC_PRESENTATION_REPRESENTATION (  '', ( #9940 ), #3665 ) ;
#599 = UNCERTAINTY_MEASURE_WITH_UNIT (LENGTH_MEASURE( 1.000000000000000082E-05 ), #7653, 'distance_accuracy_value', 'NONE');
#600 = EDGE_CURVE ( 'NONE', #3451, #6735, #9815, .T. ) ;
#601 = LINE ( 'NONE', #9703, #5476 ) ;
#602 =( NAMED_UNIT ( * ) PLANE_ANGLE_UNIT ( ) SI_UNIT ( $, .RADIAN. ) );
#603 = ORIENTED_EDGE ( 'NONE', *, *, #10495, .T. ) ;
#604 =( GEOMETRIC_REPRESENTATION_CONTEXT ( 3 ) GLOBAL_UNCERTAINTY_ASSIGNED_CONTEXT ( ( #599 ) ) GLOBAL_UNIT_ASSIGNED_CONTEXT ( ( #7653, #2211, #7704 ) ) REPRESENTATION_CONTEXT ( 'NONE', 'WORKASPACE' ) );
#605 = EDGE_CURVE ( 'NONE', #444, #464, #437, .T. ) ;
#606 = FILL_AREA_STYLE_COLOUR ( '', #9634 ) ;
#607 = CARTESIAN_POINT ( 'NONE',  ( -2.125000000000000000, 2.507499999999999840, 0.2500000000000000000 ) ) ;
#608 = ORIENTED_EDGE ( 'NONE', *, *, #621, .T. ) ;
#609 = PRESENTATION_STYLE_ASSIGNMENT (( #8910 ) ) ;
#610 = EDGE_CURVE ( 'NONE', #491, #4549, #9874, .T. ) ;
#611 = DIRECTION ( 'NONE',  ( 0.000000000000000000, 1.000000000000000000, 0.000000000000000000 ) ) ;
#612 =( LENGTH_UNIT ( ) NAMED_UNIT ( * ) SI_UNIT ( .MILLI., .METRE. ) );
#613 = DIRECTION ( 'NONE',  ( 1.000000000000000000, -0.000000000000000000, 0.000000000000000000 ) ) ;
#614 = MECHANICAL_DESIGN_GEOMETRIC_PRESENTATION_REPRESENTATION (  '', ( #5765 ), #5572 ) ;
#615 = EDGE_CURVE ( 'NONE', #2312, #411, #5548, .T. ) ;
#616 = CARTESIAN_POINT ( 'NONE',  ( -2.374771484314848635, -2.559980999734314810, 1.090494766897659895 ) ) ;
#617 = ADVANCED_FACE ( 'NONE', ( #9017 ), #11909, .F. ) ;
#618 = SURFACE_STYLE_FILL_AREA ( #5159 ) ;
#619 = FILL_AREA_STYLE_COLOUR ( '', #7460 ) ;
#620 =( NAMED_UNIT ( * ) PLANE_ANGLE_UNIT ( ) SI_UNIT ( $, .RADIAN. ) );
#621 = EDGE_CURVE ( 'NONE', #1256, #2636, #9993, .T. ) ;
#622 = VERTEX_POINT ( 'NONE', #6382 ) ;
#623 = CONTEXT_DEPENDENT_SHAPE_REPRESENTATION ( #8426, #1988 ) ;
#624 = COLOUR_RGB ( '',0.2862745098039215508, 0.2862745098039215508, 0.2862745098039215508 ) ;
#625 = CARTESIAN_POINT ( 'NONE',  ( -0.8924999999999999600, -3.220000000000000195, 0.000000000000000000 ) ) ;
#626 = PRESENTATION_STYLE_ASSIGNMENT (( #8811 ) ) ;
#627 = DIRECTION ( 'NONE',  ( -1.000000000000000000, -2.155772863349820033E-16, 0.000000000000000000 ) ) ;
#628 = CARTESIAN_POINT ( 'NONE',  ( -1.685000000000000053, 2.507499999999999840, 0.000000000000000000 ) ) ;
#629 = EDGE_CURVE ( 'NONE', #8403, #3916, #1908, .T. ) ;
#630 = DIRECTION ( 'NONE',  ( 0.000000000000000000, 0.000000000000000000, 1.000000000000000000 ) ) ;
#631 =( LENGTH_UNIT ( ) NAMED_UNIT ( * ) SI_UNIT ( .MILLI., .METRE. ) );
#632 = ORIENTED_EDGE ( 'NONE', *, *, #10190, .T. ) ;
#633 =( NAMED_UNIT ( * ) SI_UNIT ( $, .STERADIAN. ) SOLID_ANGLE_UNIT ( ) );
#634 = FACE_OUTER_BOUND ( 'NONE', #5410, .T. ) ;
#635 = ORIENTED_EDGE ( 'NONE', *, *, #7837, .T. ) ;
#636 = ORIENTED_EDGE ( 'NONE', *, *, #615, .T. ) ;
#637 = FILL_AREA_STYLE_COLOUR ( '', #5016 ) ;
#638 = VECTOR ( 'NONE', #2582, 1000.000000000000000 ) ;
#639 = FILL_AREA_STYLE ('',( #1536 ) ) ;
#640 = CARTESIAN_POINT ( 'NONE',  ( 1.625000000000000222, 5.551115123125779744E-16, 0.000000000000000000 ) ) ;
#641 =( NAMED_UNIT ( * ) PLANE_ANGLE_UNIT ( ) SI_UNIT ( $, .RADIAN. ) );
#642 = STYLED_ITEM ( 'NONE', ( #3035 ), #10210 ) ;
#643 = DIRECTION ( 'NONE',  ( -0.000000000000000000, -0.000000000000000000, -1.000000000000000000 ) ) ;
#644 = ORIENTED_EDGE ( 'NONE', *, *, #4893, .T. ) ;
#645 = AXIS2_PLACEMENT_3D ( 'NONE', #7590, #2209, #11300 ) ;
#646 = FACE_OUTER_BOUND ( 'NONE', #9793, .T. ) ;
#647 = CARTESIAN_POINT ( 'NONE',  ( 0.4149999999999999800, -2.319999999999999840, 0.000000000000000000 ) ) ;
#648 = EDGE_LOOP ( 'NONE', ( #8785, #11222, #4438, #7413, #2725, #1596, #10263, #6751, #715, #11700, #3300, #11009, #5248, #11176, #1867, #9669, #11290, #10654, #1861, #2992, #2379, #8902, #950, #2878, #4266, #11217, #2701, #1383, #7409, #6775, #6819, #6242, #3361, #2133, #4671, #1708, #6128, #2121, #4835, #6627, #5917, #9629, #9448, #4856, #5461, #6870, #5656, #8775, #2010, #10406, #5541, #9748, #6268, #5554, #3733, #2761, #8096, #7895, #3146, #2772, #8109, #11184, #6976, #4127 ) ) ;
#649 = DIRECTION ( 'NONE',  ( 0.000000000000000000, 0.000000000000000000, 1.000000000000000000 ) ) ;
#650 = ORIENTED_EDGE ( 'NONE', *, *, #383, .F. ) ;
#651 = PLANE ( 'NONE',  #5345 ) ;
#652 = PRESENTATION_LAYER_ASSIGNMENT (  '', '', ( #4109 ) ) ;
#653 = CARTESIAN_POINT ( 'NONE',  ( 2.705000000000000071, -0.5799999999999989608, 0.000000000000000000 ) ) ;
#654 = VECTOR ( 'NONE', #6750, 1000.000000000000000 ) ;
#655 = ORIENTED_EDGE ( 'NONE', *, *, #610, .F. ) ;
#656 = PLANE ( 'NONE',  #7344 ) ;
#657 = SURFACE_SIDE_STYLE ('',( #8972 ) ) ;
#658 = ORIENTED_EDGE ( 'NONE', *, *, #1545, .T. ) ;
#659 = VECTOR ( 'NONE', #1846, 1000.000000000000000 ) ;
#660 = CARTESIAN_POINT ( 'NONE',  ( -1.647500000000000187, 2.770000000000000018, 0.2500000000000000000 ) ) ;
#661 = ORIENTED_EDGE ( 'NONE', *, *, #10195, .T. ) ;
#662 = CARTESIAN_POINT ( 'NONE',  ( 2.381424832439820172, -0.07999999999999897471, 0.000000000000000000 ) ) ;
#663 = SURFACE_SIDE_STYLE ('',( #1561 ) ) ;
#664 = CARTESIAN_POINT ( 'NONE',  ( -2.574999999999999289, -0.5799999999999989608, 0.000000000000000000 ) ) ;
#665 = EDGE_CURVE ( 'NONE', #5805, #2466, #212, .T. ) ;
#666 = CARTESIAN_POINT ( 'NONE',  ( -1.685000000000000053, 2.507499999999999840, 0.000000000000000000 ) ) ;
#667 = FILL_AREA_STYLE_COLOUR ( '', #10248 ) ;
#668 = EDGE_CURVE ( 'NONE', #3472, #2687, #5492, .T. ) ;
#669 = EDGE_CURVE ( 'NONE', #1912, #8036, #9142, .T. ) ;
#670 = VECTOR ( 'NONE', #983, 1000.000000000000000 ) ;
#671 = UNCERTAINTY_MEASURE_WITH_UNIT (LENGTH_MEASURE( 1.000000000000000082E-05 ), #1159, 'distance_accuracy_value', 'NONE');
#672 = SURFACE_STYLE_USAGE ( .BOTH. , #7193 ) ;
#673 = SURFACE_STYLE_USAGE ( .BOTH. , #7978 ) ;
#674 = ORIENTED_EDGE ( 'NONE', *, *, #9156, .T. ) ;
#675 = CIRCLE ( 'NONE', #7357, 0.08000000000000020983 ) ;
#676 = CARTESIAN_POINT ( 'NONE',  ( -0.3549999999999999822, 2.469999999999989981, 0.000000000000000000 ) ) ;
#677 = CARTESIAN_POINT ( 'NONE',  ( 2.481424832439820261, -0.1799999999999990219, 0.000000000000000000 ) ) ;
#678 = EDGE_CURVE ( 'NONE', #3976, #7889, #5938, .T. ) ;
#679 = EDGE_CURVE ( 'NONE', #7677, #5022, #4778, .T. ) ;
#680 = PRESENTATION_LAYER_ASSIGNMENT (  '', '', ( #8882 ) ) ;
#681 = DIRECTION ( 'NONE',  ( 0.000000000000000000, 0.000000000000000000, 1.000000000000000000 ) ) ;
#682 = FILL_AREA_STYLE_COLOUR ( '', #7384 ) ;
#683 = DIRECTION ( 'NONE',  ( 0.000000000000000000, -0.000000000000000000, 1.000000000000000000 ) ) ;
#684 = ORIENTED_EDGE ( 'NONE', *, *, #5946, .F. ) ;
#685 =( NAMED_UNIT ( * ) PLANE_ANGLE_UNIT ( ) SI_UNIT ( $, .RADIAN. ) );
#686 = PRESENTATION_LAYER_ASSIGNMENT (  '', '', ( #696 ) ) ;
#687 = CARTESIAN_POINT ( 'NONE',  ( -2.574266446321862745, -2.706955526939520240, 0.2540566049825993544 ) ) ;
#688 = CARTESIAN_POINT ( 'NONE',  ( -1.287500000000000089, -2.739999999999997993, 0.2499999999999997224 ) ) ;
#689 = ORIENTED_EDGE ( 'NONE', *, *, #6347, .F. ) ;
#690 = LINE ( 'NONE', #6415, #586 ) ;
#691 = VERTEX_POINT ( 'NONE', #38 ) ;
#692 = CARTESIAN_POINT ( 'NONE',  ( 0.000000000000000000, 2.470000000000000195, 0.000000000000000000 ) ) ;
#693 = EDGE_CURVE ( 'NONE', #3985, #6225, #833, .T. ) ;
#694 = CARTESIAN_POINT ( 'NONE',  ( 2.379288488641679411, -2.472656540312759166, 1.134960937784881940 ) ) ;
#695 = PLANE ( 'NONE',  #5634 ) ;
#696 = STYLED_ITEM ( 'NONE', ( #9191 ), #7866 ) ;
#697 = DIRECTION ( 'NONE',  ( -2.025954424498460092E-16, 1.000000000000000000, 0.000000000000000000 ) ) ;
#698 =( NAMED_UNIT ( * ) SI_UNIT ( $, .STERADIAN. ) SOLID_ANGLE_UNIT ( ) );
#699 = PRESENTATION_LAYER_ASSIGNMENT (  '', '', ( #11848 ) ) ;
#700 = DIRECTION ( 'NONE',  ( 0.000000000000000000, 0.000000000000000000, 1.000000000000000000 ) ) ;
#701 = VERTEX_POINT ( 'NONE', #8137 ) ;
#702 = UNCERTAINTY_MEASURE_WITH_UNIT (LENGTH_MEASURE( 1.000000000000000082E-05 ), #10375, 'distance_accuracy_value', 'NONE');
#703 = DIRECTION ( 'NONE',  ( -1.000000000000000000, 0.000000000000000000, 0.000000000000000000 ) ) ;
#704 = FILL_AREA_STYLE ('',( #8893 ) ) ;
#705 = VERTEX_POINT ( 'NONE', #11050 ) ;
#706 =( NAMED_UNIT ( * ) SI_UNIT ( $, .STERADIAN. ) SOLID_ANGLE_UNIT ( ) );
#707 = ORIENTED_EDGE ( 'NONE', *, *, #3991, .F. ) ;
#708 = EDGE_CURVE ( 'NONE', #1127, #11410, #6443, .T. ) ;
#709 = SURFACE_SIDE_STYLE ('',( #3417 ) ) ;
#710 = ORIENTED_EDGE ( 'NONE', *, *, #7404, .F. ) ;
#711 = PRODUCT_DEFINITION_FORMATION_WITH_SPECIFIED_SOURCE ( 'ANY', '', #9438, .NOT_KNOWN. ) ;
#712 = DIRECTION ( 'NONE',  ( -0.2974806214264150706, -0.8622610147216621668, 0.4098917202956451344 ) ) ;
#713 = ORIENTED_EDGE ( 'NONE', *, *, #912, .T. ) ;
#714 = VECTOR ( 'NONE', #1331, 1000.000000000000000 ) ;
#715 = ORIENTED_EDGE ( 'NONE', *, *, #3541, .T. ) ;
#716 = FACE_OUTER_BOUND ( 'NONE', #8022, .T. ) ;
#717 = PLANE ( 'NONE',  #10894 ) ;
#718 = CARTESIAN_POINT ( 'NONE',  ( 1.685000000000000275, 2.782500000000000195, 0.2500000000000000000 ) ) ;
#719 = CARTESIAN_POINT ( 'NONE',  ( -2.125000000000000000, -2.770000000000000018, 0.2500000000000000000 ) ) ;
#720 = CARTESIAN_POINT ( 'NONE',  ( 0.000000000000000000, 2.519463867161249926, 1.100000000000000089 ) ) ;
#721 = VECTOR ( 'NONE', #2645, 1000.000000000000114 ) ;
#722 = FACE_OUTER_BOUND ( 'NONE', #6670, .T. ) ;
#723 = COLOUR_RGB ( '',0.2862745098039215508, 0.2862745098039215508, 0.2862745098039215508 ) ;
#724 = LINE ( 'NONE', #10816, #9268 ) ;
#725 = MECHANICAL_DESIGN_GEOMETRIC_PRESENTATION_REPRESENTATION (  '', ( #6068 ), #10680 ) ;
#726 = SURFACE_SIDE_STYLE ('',( #5214 ) ) ;
#727 = LINE ( 'NONE', #8209, #10206 ) ;
#728 = VECTOR ( 'NONE', #1474, 1000.000000000000000 ) ;
#729 = SURFACE_STYLE_USAGE ( .BOTH. , #7194 ) ;
#730 = DIRECTION ( 'NONE',  ( -1.000000000000000000, 0.000000000000000000, 0.000000000000000000 ) ) ;
#731 = CARTESIAN_POINT ( 'NONE',  ( -2.185000000000000497, 5.551115123125779744E-16, 0.000000000000000000 ) ) ;
#732 = VERTEX_POINT ( 'NONE', #10117 ) ;
#733 =( NAMED_UNIT ( * ) SI_UNIT ( $, .STERADIAN. ) SOLID_ANGLE_UNIT ( ) );
#734 = EDGE_CURVE ( 'NONE', #6513, #4058, #5439, .T. ) ;
#735 = DIRECTION ( 'NONE',  ( 0.000000000000000000, 0.000000000000000000, 1.000000000000000000 ) ) ;
#736 = CARTESIAN_POINT ( 'NONE',  ( 1.647500000000000187, 2.820000000000000284, 0.000000000000000000 ) ) ;
#737 =( GEOMETRIC_REPRESENTATION_CONTEXT ( 3 ) GLOBAL_UNCERTAINTY_ASSIGNED_CONTEXT ( ( #4082 ) ) GLOBAL_UNIT_ASSIGNED_CONTEXT ( ( #8938, #1532, #7144 ) ) REPRESENTATION_CONTEXT ( 'NONE', 'WORKASPACE' ) );
#738 = DIRECTION ( 'NONE',  ( -1.000000000000000000, -3.909236002201260077E-16, 0.000000000000000000 ) ) ;
#739 = DIRECTION ( 'NONE',  ( 0.000000000000000000, 1.000000000000000000, 0.000000000000000000 ) ) ;
#740 = DIRECTION ( 'NONE',  ( -0.9840406976462909849, 0.000000000000000000, -0.1779435454738416966 ) ) ;
#741 = MECHANICAL_DESIGN_GEOMETRIC_PRESENTATION_REPRESENTATION (  '', ( #8964 ), #2672 ) ;
#742 = ADVANCED_FACE ( 'NONE', ( #8191 ), #7294, .F. ) ;
#743 = SURFACE_STYLE_FILL_AREA ( #8218 ) ;
#744 = MECHANICAL_DESIGN_GEOMETRIC_PRESENTATION_REPRESENTATION (  '', ( #11894 ), #7055 ) ;
#745 = EDGE_LOOP ( 'NONE', ( #9738, #10525, #1700, #11238, #3385, #10700, #10721, #7859, #3008, #5204, #507, #3522, #7161, #10498 ) ) ;
#746 =( LENGTH_UNIT ( ) NAMED_UNIT ( * ) SI_UNIT ( .MILLI., .METRE. ) );
#747 = EDGE_CURVE ( 'NONE', #1114, #838, #10241, .T. ) ;
#748 = SURFACE_STYLE_FILL_AREA ( #802 ) ;
#749 = SURFACE_STYLE_USAGE ( .BOTH. , #1703 ) ;
#750 = LINE ( 'NONE', #3452, #10706 ) ;
#751 = ORIENTED_EDGE ( 'NONE', *, *, #6441, .T. ) ;
#752 = MECHANICAL_DESIGN_GEOMETRIC_PRESENTATION_REPRESENTATION (  '', ( #1869 ), #2832 ) ;
#753 = ORIENTED_EDGE ( 'NONE', *, *, #629, .T. ) ;
#754 = FILL_AREA_STYLE ('',( #10094 ) ) ;
#755 = CARTESIAN_POINT ( 'NONE',  ( 0.4150000000000002021, -2.782500000000000195, 0.000000000000000000 ) ) ;
#756 = SURFACE_STYLE_USAGE ( .BOTH. , #4733 ) ;
#757 = LINE ( 'NONE', #7218, #6974 ) ;
#758 = CARTESIAN_POINT ( 'NONE',  ( -2.574999999999999289, -0.1800000000000000488, 0.000000000000000000 ) ) ;
#759 = EDGE_LOOP ( 'NONE', ( #3363, #219, #11890, #7748 ) ) ;
#760 = CARTESIAN_POINT ( 'NONE',  ( -2.574989970828017061, -2.661266715016319839, 0.2500554620476164724 ) ) ;
#761 = EDGE_CURVE ( 'NONE', #5176, #2457, #1182, .T. ) ;
#762 = SURFACE_SIDE_STYLE ('',( #7160 ) ) ;
#763 = ORIENTED_EDGE ( 'NONE', *, *, #9684, .T. ) ;
#764 = LINE ( 'NONE', #3706, #8626 ) ;
#765 =( GEOMETRIC_REPRESENTATION_CONTEXT ( 3 ) GLOBAL_UNCERTAINTY_ASSIGNED_CONTEXT ( ( #5459 ) ) GLOBAL_UNIT_ASSIGNED_CONTEXT ( ( #1650, #9742, #2327 ) ) REPRESENTATION_CONTEXT ( 'NONE', 'WORKASPACE' ) );
#766 = VERTEX_POINT ( 'NONE', #2995 ) ;
#767 = DIRECTION ( 'NONE',  ( 1.000000000000000000, 0.000000000000000000, 0.000000000000000000 ) ) ;
#768 = DIRECTION ( 'NONE',  ( -1.000000000000000000, 0.000000000000000000, 0.000000000000000000 ) ) ;
#769 = LINE ( 'NONE', #2574, #1616 ) ;
#770 = ORIENTED_EDGE ( 'NONE', *, *, #1767, .F. ) ;
#771 = PLANE ( 'NONE',  #11830 ) ;
#772 = DIRECTION ( 'NONE',  ( -1.000000000000000000, 0.000000000000000000, 0.000000000000000000 ) ) ;
#773 = FACE_OUTER_BOUND ( 'NONE', #6354, .T. ) ;
#774 = ORIENTED_EDGE ( 'NONE', *, *, #1982, .F. ) ;
#775 =( NAMED_UNIT ( * ) SI_UNIT ( $, .STERADIAN. ) SOLID_ANGLE_UNIT ( ) );
#776 = EDGE_CURVE ( 'NONE', #8877, #3154, #5613, .T. ) ;
#777 = PRESENTATION_STYLE_ASSIGNMENT (( #1676 ) ) ;
#778 = ORIENTED_EDGE ( 'NONE', *, *, #7417, .F. ) ;
#779 = PRESENTATION_LAYER_ASSIGNMENT (  '', '', ( #2122 ) ) ;
#780 =( NAMED_UNIT ( * ) SI_UNIT ( $, .STERADIAN. ) SOLID_ANGLE_UNIT ( ) );
#781 = CYLINDRICAL_SURFACE ( 'NONE', #5145, 0.08000000000000020983 ) ;
#782 = CARTESIAN_POINT ( 'NONE',  ( 0.4149999999999998690, 2.507499999999999840, 0.2500000000000000000 ) ) ;
#783 = CIRCLE ( 'NONE', #7657, 0.03750000000000020678 ) ;
#784 = CARTESIAN_POINT ( 'NONE',  ( 0.000000000000000000, -0.5799999999999989608, 0.000000000000000000 ) ) ;
#785 = MECHANICAL_DESIGN_GEOMETRIC_PRESENTATION_REPRESENTATION (  '', ( #5941 ), #9387 ) ;
#786 = UNCERTAINTY_MEASURE_WITH_UNIT (LENGTH_MEASURE( 1.000000000000000082E-05 ), #11862, 'distance_accuracy_value', 'NONE');
#787 = DIRECTION ( 'NONE',  ( 0.000000000000000000, 0.000000000000000000, 1.000000000000000000 ) ) ;
#788 =( LENGTH_UNIT ( ) NAMED_UNIT ( * ) SI_UNIT ( .MILLI., .METRE. ) );
#789 =( NAMED_UNIT ( * ) PLANE_ANGLE_UNIT ( ) SI_UNIT ( $, .RADIAN. ) );
#790 = DIRECTION ( 'NONE',  ( -1.000000000000000000, 0.000000000000000000, 0.000000000000000000 ) ) ;
#791 = ORIENTED_EDGE ( 'NONE', *, *, #3541, .F. ) ;
#792 = DIRECTION ( 'NONE',  ( -1.000000000000000000, 2.713878504639269916E-13, 0.000000000000000000 ) ) ;
#793 = CARTESIAN_POINT ( 'NONE',  ( 0.8924999999999999600, 2.507499999999999840, 0.2500000000000000000 ) ) ;
#794 = DIRECTION ( 'NONE',  ( -2.025954424498460092E-16, 1.000000000000000000, -0.000000000000000000 ) ) ;
#795 = LINE ( 'NONE', #9110, #6808 ) ;
#796 = EDGE_CURVE ( 'NONE', #1789, #3055, #4768, .T. ) ;
#797 = UNCERTAINTY_MEASURE_WITH_UNIT (LENGTH_MEASURE( 1.000000000000000082E-05 ), #5891, 'distance_accuracy_value', 'NONE');
#798 = SURFACE_STYLE_USAGE ( .BOTH. , #3682 ) ;
#799 = LINE ( 'NONE', #10089, #6024 ) ;
#800 = ORIENTED_EDGE ( 'NONE', *, *, #390, .F. ) ;
#801 = PRESENTATION_STYLE_ASSIGNMENT (( #8107 ) ) ;
#802 = FILL_AREA_STYLE ('',( #9907 ) ) ;
#803 = FACE_OUTER_BOUND ( 'NONE', #4352, .T. ) ;
#804 = ORIENTED_EDGE ( 'NONE', *, *, #9392, .F. ) ;
#805 = CARTESIAN_POINT ( 'NONE',  ( -2.354463867161250334, -2.519463867161249926, 1.020000000000000018 ) ) ;
#806 = EDGE_LOOP ( 'NONE', ( #1263, #2601, #3720, #5628 ) ) ;
#807 = LINE ( 'NONE', #8168, #448 ) ;
#808 = DIRECTION ( 'NONE',  ( -0.000000000000000000, -0.000000000000000000, 1.000000000000000000 ) ) ;
#809 = AXIS2_PLACEMENT_3D ( 'NONE', #8831, #5066, #4196 ) ;
#810 = EDGE_CURVE ( 'NONE', #4842, #7287, #9441, .T. ) ;
#811 = SURFACE_SIDE_STYLE ('',( #8115 ) ) ;
#812 = STYLED_ITEM ( 'NONE', ( #6476 ), #3606 ) ;
#813 =( LENGTH_UNIT ( ) NAMED_UNIT ( * ) SI_UNIT ( .MILLI., .METRE. ) );
#814 = LINE ( 'NONE', #7095, #9099 ) ;
#815 = ADVANCED_FACE ( 'NONE', ( #1066 ), #1243, .F. ) ;
#816 = EDGE_CURVE ( 'NONE', #10865, #11039, #5181, .T. ) ;
#817 = VERTEX_POINT ( 'NONE', #146 ) ;
#818 = LINE ( 'NONE', #8176, #4446 ) ;
#819 = UNCERTAINTY_MEASURE_WITH_UNIT (LENGTH_MEASURE( 1.000000000000000082E-05 ), #6073, 'distance_accuracy_value', 'NONE');
#820 = VECTOR ( 'NONE', #6941, 1000.000000000000000 ) ;
#821 = ORIENTED_EDGE ( 'NONE', *, *, #2169, .T. ) ;
#822 = FACE_OUTER_BOUND ( 'NONE', #1377, .T. ) ;
#823 =( GEOMETRIC_REPRESENTATION_CONTEXT ( 3 ) GLOBAL_UNCERTAINTY_ASSIGNED_CONTEXT ( ( #5229 ) ) GLOBAL_UNIT_ASSIGNED_CONTEXT ( ( #2352, #10742, #9826 ) ) REPRESENTATION_CONTEXT ( 'NONE', 'WORKASPACE' ) );
#824 =( GEOMETRIC_REPRESENTATION_CONTEXT ( 3 ) GLOBAL_UNCERTAINTY_ASSIGNED_CONTEXT ( ( #6889 ) ) GLOBAL_UNIT_ASSIGNED_CONTEXT ( ( #973, #5565, #6397 ) ) REPRESENTATION_CONTEXT ( 'NONE', 'WORKASPACE' ) );
#825 = ORIENTED_EDGE ( 'NONE', *, *, #2468, .T. ) ;
#826 = SURFACE_SIDE_STYLE ('',( #7229 ) ) ;
#827 = CARTESIAN_POINT ( 'NONE',  ( -0.9150000000000000355, 2.470000000000000195, 0.000000000000000000 ) ) ;
#828 = EDGE_CURVE ( 'NONE', #4058, #11085, #2908, .T. ) ;
#829 = EDGE_CURVE ( 'NONE', #9483, #8889, #8225, .T. ) ;
#830 =( GEOMETRIC_REPRESENTATION_CONTEXT ( 3 ) GLOBAL_UNCERTAINTY_ASSIGNED_CONTEXT ( ( #2759 ) ) GLOBAL_UNIT_ASSIGNED_CONTEXT ( ( #7901, #8847, #2287 ) ) REPRESENTATION_CONTEXT ( 'NONE', 'WORKASPACE' ) );
#831 = VECTOR ( 'NONE', #11702, 1000.000000000000000 ) ;
#832 = ORIENTED_EDGE ( 'NONE', *, *, #9912, .F. ) ;
#833 = LINE ( 'NONE', #4489, #5171 ) ;
#834 = EDGE_CURVE ( 'NONE', #9656, #10132, #7974, .T. ) ;
#835 = UNCERTAINTY_MEASURE_WITH_UNIT (LENGTH_MEASURE( 1.000000000000000082E-05 ), #5071, 'distance_accuracy_value', 'NONE');
#836 = ORIENTED_EDGE ( 'NONE', *, *, #2752, .F. ) ;
#837 = FILL_AREA_STYLE_COLOUR ( '', #6547 ) ;
#838 = VERTEX_POINT ( 'NONE', #10095 ) ;
#839 =( NAMED_UNIT ( * ) SI_UNIT ( $, .STERADIAN. ) SOLID_ANGLE_UNIT ( ) );
#840 = DIRECTION ( 'NONE',  ( -1.000000000000000000, 0.000000000000000000, 0.000000000000000000 ) ) ;
#841 = CIRCLE ( 'NONE', #9824, 0.03750000000000031780 ) ;
#842 = STYLED_ITEM ( 'NONE', ( #4698 ), #4487 ) ;
#843 = EDGE_CURVE ( 'NONE', #1611, #245, #81, .T. ) ;
#844 =( NAMED_UNIT ( * ) SI_UNIT ( $, .STERADIAN. ) SOLID_ANGLE_UNIT ( ) );
#845 = AXIS2_PLACEMENT_3D ( 'NONE', #10999, #6458, #9212 ) ;
#846 = CIRCLE ( 'NONE', #9051, 0.03750000000000020678 ) ;
#847 = MECHANICAL_DESIGN_GEOMETRIC_PRESENTATION_REPRESENTATION (  '', ( #4485 ), #1808 ) ;
#848 = CARTESIAN_POINT ( 'NONE',  ( -2.328631962061074034, -2.544516792360706603, 1.091449727906031342 ) ) ;
#849 = VECTOR ( 'NONE', #5627, 1000.000000000000000 ) ;
#850 = CARTESIAN_POINT ( 'NONE',  ( -0.4149999999999999800, -2.782500000000000195, 0.000000000000000000 ) ) ;
#851 = DIRECTION ( 'NONE',  ( 1.000000000000000000, 0.000000000000000000, 0.000000000000000000 ) ) ;
#852 = SURFACE_SIDE_STYLE ('',( #7308 ) ) ;
#853 = VECTOR ( 'NONE', #643, 1000.000000000000000 ) ;
#854 = SURFACE_STYLE_USAGE ( .BOTH. , #975 ) ;
#855 = ORIENTED_EDGE ( 'NONE', *, *, #4050, .T. ) ;
#856 = PLANE ( 'NONE',  #2351 ) ;
#857 = SURFACE_STYLE_FILL_AREA ( #3496 ) ;
#858 = AXIS2_PLACEMENT_3D ( 'NONE', #11362, #8614, #8734 ) ;
#859 = CARTESIAN_POINT ( 'NONE',  ( 1.647500000000000187, 3.220000000000000195, 0.000000000000000000 ) ) ;
#860 = DIRECTION ( 'NONE',  ( 0.000000000000000000, -0.000000000000000000, -1.000000000000000000 ) ) ;
#861 = AXIS2_PLACEMENT_3D ( 'NONE', #6308, #8228, #11835 ) ;
#862 =( NAMED_UNIT ( * ) PLANE_ANGLE_UNIT ( ) SI_UNIT ( $, .RADIAN. ) );
#863 = PRESENTATION_LAYER_ASSIGNMENT (  '', '', ( #6773 ) ) ;
#864 = LINE ( 'NONE', #2676, #2925 ) ;
#865 =( NAMED_UNIT ( * ) PLANE_ANGLE_UNIT ( ) SI_UNIT ( $, .RADIAN. ) );
#866 = PRESENTATION_STYLE_ASSIGNMENT (( #749 ) ) ;
#867 =( LENGTH_UNIT ( ) NAMED_UNIT ( * ) SI_UNIT ( .MILLI., .METRE. ) );
#868 = ORIENTED_EDGE ( 'NONE', *, *, #2281, .T. ) ;
#869 = FILL_AREA_STYLE ('',( #1705 ) ) ;
#870 = AXIS2_PLACEMENT_3D ( 'NONE', #3277, #2446, #4355 ) ;
#871 = VECTOR ( 'NONE', #202, 1000.000000000000000 ) ;
#872 = ORIENTED_EDGE ( 'NONE', *, *, #1841, .T. ) ;
#873 = CARTESIAN_POINT ( 'NONE',  ( -1.647500000000000187, 2.782500000000000195, 0.000000000000000000 ) ) ;
#874 = DIRECTION ( 'NONE',  ( 0.000000000000000000, 0.000000000000000000, -1.000000000000000000 ) ) ;
#875 = SURFACE_STYLE_USAGE ( .BOTH. , #11088 ) ;
#876 = AXIS2_PLACEMENT_3D ( 'NONE', #6902, #3214, #4243 ) ;
#877 =( NAMED_UNIT ( * ) PLANE_ANGLE_UNIT ( ) SI_UNIT ( $, .RADIAN. ) );
#878 =( GEOMETRIC_REPRESENTATION_CONTEXT ( 3 ) GLOBAL_UNCERTAINTY_ASSIGNED_CONTEXT ( ( #5366 ) ) GLOBAL_UNIT_ASSIGNED_CONTEXT ( ( #5994, #6948, #10454 ) ) REPRESENTATION_CONTEXT ( 'NONE', 'WORKASPACE' ) );
#879 = DIRECTION ( 'NONE',  ( 2.713878504639300209E-13, 1.000000000000000000, 0.000000000000000000 ) ) ;
#880 = ORIENTED_EDGE ( 'NONE', *, *, #5712, .T. ) ;
#881 = PLANE ( 'NONE',  #6151 ) ;
#882 = LINE ( 'NONE', #6313, #3601 ) ;
#883 = CARTESIAN_POINT ( 'NONE',  ( -2.495000000000000107, 2.739999999999998437, 0.2499999999999906186 ) ) ;
#884 = ORIENTED_EDGE ( 'NONE', *, *, #4359, .F. ) ;
#885 = DIRECTION ( 'NONE',  ( -0.000000000000000000, 0.000000000000000000, 1.000000000000000000 ) ) ;
#886 = ORIENTED_EDGE ( 'NONE', *, *, #5514, .F. ) ;
#887 = AXIS2_PLACEMENT_3D ( 'NONE', #10620, #6042, #3071 ) ;
#888 =( NAMED_UNIT ( * ) SI_UNIT ( $, .STERADIAN. ) SOLID_ANGLE_UNIT ( ) );
#889 = EDGE_CURVE ( 'NONE', #3397, #4934, #8113, .T. ) ;
#890 = FILL_AREA_STYLE ('',( #35 ) ) ;
#891 = VECTOR ( 'NONE', #3041, 1000.000000000000000 ) ;
#892 = VECTOR ( 'NONE', #6645, 1000.000000000000000 ) ;
#893 = EDGE_LOOP ( 'NONE', ( #9641, #6417, #303, #11697, #5173, #2220, #8053, #5810, #5684, #608, #2863, #9906, #6635, #9372 ) ) ;
#894 =( LENGTH_UNIT ( ) NAMED_UNIT ( * ) SI_UNIT ( .MILLI., .METRE. ) );
#895 = DIRECTION ( 'NONE',  ( 0.000000000000000000, 1.000000000000000000, 0.000000000000000000 ) ) ;
#896 = ORIENTED_EDGE ( 'NONE', *, *, #4967, .F. ) ;
#897 = CARTESIAN_POINT ( 'NONE',  ( 2.162500000000000089, 3.220000000000000195, 0.000000000000000000 ) ) ;
#898 = DIRECTION ( 'NONE',  ( -0.000000000000000000, -0.000000000000000000, -1.000000000000000000 ) ) ;
#899 = ORIENTED_EDGE ( 'NONE', *, *, #8008, .T. ) ;
#900 = EDGE_CURVE ( 'NONE', #6074, #1930, #5413, .T. ) ;
#901 = VECTOR ( 'NONE', #5288, 1000.000000000000000 ) ;
#902 = EDGE_CURVE ( 'NONE', #11662, #4810, #10225, .T. ) ;
#903 =( GEOMETRIC_REPRESENTATION_CONTEXT ( 3 ) GLOBAL_UNCERTAINTY_ASSIGNED_CONTEXT ( ( #5112 ) ) GLOBAL_UNIT_ASSIGNED_CONTEXT ( ( #7547, #10207, #8564 ) ) REPRESENTATION_CONTEXT ( 'NONE', 'WORKASPACE' ) );
#904 = SURFACE_SIDE_STYLE ('',( #2646 ) ) ;
#905 = FACE_OUTER_BOUND ( 'NONE', #11328, .T. ) ;
#906 = PRESENTATION_LAYER_ASSIGNMENT (  '', '', ( #6055 ) ) ;
#907 = ORIENTED_EDGE ( 'NONE', *, *, #7191, .T. ) ;
#908 = UNCERTAINTY_MEASURE_WITH_UNIT (LENGTH_MEASURE( 1.000000000000000082E-05 ), #10506, 'distance_accuracy_value', 'NONE');
#909 = FILL_AREA_STYLE ('',( #8090 ) ) ;
#910 = SURFACE_SIDE_STYLE ('',( #11078 ) ) ;
#911 = FACE_OUTER_BOUND ( 'NONE', #6578, .T. ) ;
#912 = EDGE_CURVE ( 'NONE', #7026, #4013, #4563, .T. ) ;
#913 = LINE ( 'NONE', #9163, #1289 ) ;
#914 = ORIENTED_EDGE ( 'NONE', *, *, #3837, .F. ) ;
#915 = FACE_OUTER_BOUND ( 'NONE', #5834, .T. ) ;
#916 = MECHANICAL_DESIGN_GEOMETRIC_PRESENTATION_REPRESENTATION (  '', ( #4546 ), #8746 ) ;
#917 = CARTESIAN_POINT ( 'NONE',  ( 2.185000000000000497, 0.02000000000000060063, 0.2500000000000000000 ) ) ;
#918 = FILL_AREA_STYLE_COLOUR ( '', #8783 ) ;
#919 = STYLED_ITEM ( 'NONE', ( #866 ), #5124 ) ;
#920 =( GEOMETRIC_REPRESENTATION_CONTEXT ( 3 ) GLOBAL_UNCERTAINTY_ASSIGNED_CONTEXT ( ( #10134 ) ) GLOBAL_UNIT_ASSIGNED_CONTEXT ( ( #5207, #6508, #839 ) ) REPRESENTATION_CONTEXT ( 'NONE', 'WORKASPACE' ) );
#921 = CARTESIAN_POINT ( 'NONE',  ( 2.185000000000000497, -0.07999999999999894695, 0.2500000000000000000 ) ) ;
#922 = UNCERTAINTY_MEASURE_WITH_UNIT (LENGTH_MEASURE( 1.000000000000000082E-05 ), #7072, 'distance_accuracy_value', 'NONE');
#923 = SURFACE_STYLE_FILL_AREA ( #9959 ) ;
#924 = DIRECTION ( 'NONE',  ( 0.000000000000000000, -0.000000000000000000, 1.000000000000000000 ) ) ;
#925 =( LENGTH_UNIT ( ) NAMED_UNIT ( * ) SI_UNIT ( .MILLI., .METRE. ) );
#926 = SURFACE_STYLE_FILL_AREA ( #6413 ) ;
#927 = VERTEX_POINT ( 'NONE', #8169 ) ;
#928 = CARTESIAN_POINT ( 'NONE',  ( 2.574996656942670992, 2.660844503146075901, 0.2500184873492061199 ) ) ;
#929 = COLOUR_RGB ( '',0.8313725490196077761, 0.8313725490196077761, 0.8313725490196077761 ) ;
#930 = VERTEX_POINT ( 'NONE', #5474 ) ;
#931 = LINE ( 'NONE', #8944, #1978 ) ;
#932 = STYLED_ITEM ( 'NONE', ( #5249 ), #5778 ) ;
#933 = CARTESIAN_POINT ( 'NONE',  ( 1.685000000000000053, 2.507499999999999840, 0.2500000000000000000 ) ) ;
#934 = DIRECTION ( 'NONE',  ( -0.000000000000000000, -1.000000000000000000, -0.000000000000000000 ) ) ;
#935 =( GEOMETRIC_REPRESENTATION_CONTEXT ( 3 ) GLOBAL_UNCERTAINTY_ASSIGNED_CONTEXT ( ( #1753 ) ) GLOBAL_UNIT_ASSIGNED_CONTEXT ( ( #4920, #3092, #8519 ) ) REPRESENTATION_CONTEXT ( 'NONE', 'WORKASPACE' ) );
#936 = MECHANICAL_DESIGN_GEOMETRIC_PRESENTATION_REPRESENTATION (  '', ( #4203 ), #8577 ) ;
#937 = FILL_AREA_STYLE ('',( #6181 ) ) ;
#938 = CARTESIAN_POINT ( 'NONE',  ( 2.575000000000000178, -2.740000000000000213, 0.000000000000000000 ) ) ;
#939 = LINE ( 'NONE', #7156, #6220 ) ;
#940 = CARTESIAN_POINT ( 'NONE',  ( 0.3549999999999999822, 2.470000000000000195, 0.000000000000000000 ) ) ;
#941 = ORIENTED_EDGE ( 'NONE', *, *, #537, .T. ) ;
#942 = CARTESIAN_POINT ( 'NONE',  ( -1.685000000000000275, -2.770000000000000018, 0.2500000000000000000 ) ) ;
#943 = UNCERTAINTY_MEASURE_WITH_UNIT (LENGTH_MEASURE( 1.000000000000000082E-05 ), #11215, 'distance_accuracy_value', 'NONE');
#944 = COLOUR_RGB ( '',0.2862745098039215508, 0.2862745098039215508, 0.2862745098039215508 ) ;
#945 = CARTESIAN_POINT ( 'NONE',  ( 2.354463867161250334, -2.598187122972952956, 1.034235483637910624 ) ) ;
#946 = LINE ( 'NONE', #9250, #5888 ) ;
#947 = CARTESIAN_POINT ( 'NONE',  ( 0.000000000000000000, -2.620000000000000551, 0.000000000000000000 ) ) ;
#948 = ORIENTED_EDGE ( 'NONE', *, *, #5864, .T. ) ;
#949 = LINE ( 'NONE', #8127, #1556 ) ;
#950 = ORIENTED_EDGE ( 'NONE', *, *, #8639, .T. ) ;
#951 = AXIS2_PLACEMENT_3D ( 'NONE', #11588, #10669, #768 ) ;
#952 =( LENGTH_UNIT ( ) NAMED_UNIT ( * ) SI_UNIT ( .MILLI., .METRE. ) );
#953 = CARTESIAN_POINT ( 'NONE',  ( 2.495000000000000107, -2.660000000000000142, 0.000000000000000000 ) ) ;
#954 = STYLED_ITEM ( 'NONE', ( #2435 ), #310 ) ;
#955 = ORIENTED_EDGE ( 'NONE', *, *, #1570, .F. ) ;
#956 =( NAMED_UNIT ( * ) SI_UNIT ( $, .STERADIAN. ) SOLID_ANGLE_UNIT ( ) );
#957 = DIRECTION ( 'NONE',  ( -0.000000000000000000, 1.000000000000000000, 0.000000000000000000 ) ) ;
#958 = UNCERTAINTY_MEASURE_WITH_UNIT (LENGTH_MEASURE( 1.000000000000000082E-05 ), #6063, 'distance_accuracy_value', 'NONE');
#959 = PRESENTATION_STYLE_ASSIGNMENT (( #3783 ) ) ;
#960 =( LENGTH_UNIT ( ) NAMED_UNIT ( * ) SI_UNIT ( .MILLI., .METRE. ) );
#961 = ORIENTED_EDGE ( 'NONE', *, *, #2071, .F. ) ;
#962 = DIRECTION ( 'NONE',  ( 0.000000000000000000, -0.000000000000000000, 1.000000000000000000 ) ) ;
#963 = LINE ( 'NONE', #4661, #4290 ) ;
#964 = VERTEX_POINT ( 'NONE', #933 ) ;
#965 = DIRECTION ( 'NONE',  ( -1.000000000000000000, -2.220446049250300065E-15, 0.000000000000000000 ) ) ;
#966 = CARTESIAN_POINT ( 'NONE',  ( 2.354463867161250334, 2.519463867161250370, 1.020000000000000018 ) ) ;
#967 = ADVANCED_FACE ( 'NONE', ( #3634 ), #10194, .T. ) ;
#968 = ADVANCED_FACE ( 'NONE', ( #3881 ), #9360, .T. ) ;
#969 = CARTESIAN_POINT ( 'NONE',  ( -2.162500000000000089, 2.782500000000000195, 0.2500000000000000000 ) ) ;
#970 = ORIENTED_EDGE ( 'NONE', *, *, #1197, .T. ) ;
#971 = AXIS2_PLACEMENT_3D ( 'NONE', #7324, #8878, #3454 ) ;
#972 = EDGE_CURVE ( 'NONE', #11019, #3834, #4122, .T. ) ;
#973 =( LENGTH_UNIT ( ) NAMED_UNIT ( * ) SI_UNIT ( .MILLI., .METRE. ) );
#974 = FILL_AREA_STYLE ('',( #2775 ) ) ;
#975 = SURFACE_SIDE_STYLE ('',( #5568 ) ) ;
#976 = VERTEX_POINT ( 'NONE', #2315 ) ;
#977 = FILL_AREA_STYLE_COLOUR ( '', #239 ) ;
#978 = AXIS2_PLACEMENT_3D ( 'NONE', #11658, #326, #1391 ) ;
#979 = ADVANCED_FACE ( 'NONE', ( #1286 ), #11205, .T. ) ;
#980 = DIRECTION ( 'NONE',  ( 1.000000000000000000, 0.000000000000000000, 0.000000000000000000 ) ) ;
#981 = EDGE_CURVE ( 'NONE', #4705, #11332, #2125, .T. ) ;
#982 = PRESENTATION_STYLE_ASSIGNMENT (( #2056 ) ) ;
#983 = DIRECTION ( 'NONE',  ( -0.000000000000000000, 0.000000000000000000, -1.000000000000000000 ) ) ;
#984 = STYLED_ITEM ( 'NONE', ( #4029 ), #11272 ) ;
#985 = CARTESIAN_POINT ( 'NONE',  ( -2.185000000000000053, -0.6799999999999991607, 0.000000000000000000 ) ) ;
#986 = SURFACE_STYLE_FILL_AREA ( #4517 ) ;
#987 = DIRECTION ( 'NONE',  ( -1.000000000000000000, 0.000000000000000000, -0.000000000000000000 ) ) ;
#988 = EDGE_LOOP ( 'NONE', ( #9119, #97, #2099, #6600, #8231, #3168 ) ) ;
#989 = ORIENTED_EDGE ( 'NONE', *, *, #3622, .F. ) ;
#990 = CARTESIAN_POINT ( 'NONE',  ( -2.481424832439820261, -0.1799999999999999656, 0.000000000000000000 ) ) ;
#991 = CARTESIAN_POINT ( 'NONE',  ( 0.8924999999999999600, 2.507499999999999840, 0.000000000000000000 ) ) ;
#992 = DIRECTION ( 'NONE',  ( -1.000000000000000000, -2.087512675392992591E-16, -3.774837845319806641E-17 ) ) ;
#993 = CARTESIAN_POINT ( 'NONE',  ( 1.905000000000000027, 3.220000000000000195, 0.2500000000000000000 ) ) ;
#994 = STYLED_ITEM ( 'NONE', ( #1245 ), #3477 ) ;
#995 = CARTESIAN_POINT ( 'NONE',  ( -2.427844933809972794, 2.554456236527853363, 1.040354425807746175 ) ) ;
#996 = ORIENTED_EDGE ( 'NONE', *, *, #5, .F. ) ;
#997 = CARTESIAN_POINT ( 'NONE',  ( -0.8549999999999999822, -2.770000000000000018, 0.2500000000000000000 ) ) ;
#998 = FILL_AREA_STYLE ('',( #8406 ) ) ;
#999 = VERTEX_POINT ( 'NONE', #3389 ) ;
#1000 = CARTESIAN_POINT ( 'NONE',  ( 0.3775000000000000022, 2.469999999999999751, 0.000000000000000000 ) ) ;
#1001 = ORIENTED_EDGE ( 'NONE', *, *, #10357, .F. ) ;
#1002 = VECTOR ( 'NONE', #11548, 1000.000000000000000 ) ;
#1003 = CARTESIAN_POINT ( 'NONE',  ( 2.574999999999999289, -2.660000000000000142, 0.2499999999999962530 ) ) ;
#1004 = ORIENTED_EDGE ( 'NONE', *, *, #9608, .F. ) ;
#1005 = MECHANICAL_DESIGN_GEOMETRIC_PRESENTATION_REPRESENTATION (  '', ( #2150 ), #7688 ) ;
#1006 = DIRECTION ( 'NONE',  ( -1.000000000000000000, 0.000000000000000000, 0.000000000000000000 ) ) ;
#1007 = CARTESIAN_POINT ( 'NONE',  ( 0.8924999999999999600, 2.782500000000000195, 0.2500000000000000000 ) ) ;
#1008 =( LENGTH_UNIT ( ) NAMED_UNIT ( * ) SI_UNIT ( .MILLI., .METRE. ) );
#1009 = FILL_AREA_STYLE ('',( #1847 ) ) ;
#1010 = ORIENTED_EDGE ( 'NONE', *, *, #5078, .T. ) ;
#1011 = COLOUR_RGB ( '',0.2862745098039215508, 0.2862745098039215508, 0.2862745098039215508 ) ;
#1012 = DIRECTION ( 'NONE',  ( 1.000000000000000000, -9.001808307771530402E-16, 0.000000000000000000 ) ) ;
#1013 = DIRECTION ( 'NONE',  ( -0.7071067811865474617, 0.7071067811865474617, 0.000000000000000000 ) ) ;
#1014 = ORIENTED_EDGE ( 'NONE', *, *, #3162, .F. ) ;
#1015 = STYLED_ITEM ( 'NONE', ( #8163 ), #10982 ) ;
#1016 =( GEOMETRIC_REPRESENTATION_CONTEXT ( 3 ) GLOBAL_UNCERTAINTY_ASSIGNED_CONTEXT ( ( #10164 ) ) GLOBAL_UNIT_ASSIGNED_CONTEXT ( ( #6355, #1885, #10844 ) ) REPRESENTATION_CONTEXT ( 'NONE', 'WORKASPACE' ) );
#1017 = VECTOR ( 'NONE', #3903, 1000.000000000000000 ) ;
#1018 = DIRECTION ( 'NONE',  ( 0.000000000000000000, -0.000000000000000000, 1.000000000000000000 ) ) ;
#1019 = CARTESIAN_POINT ( 'NONE',  ( -1.647500000000000187, 2.782500000000000195, 0.2500000000000000000 ) ) ;
#1020 = ORIENTED_EDGE ( 'NONE', *, *, #6315, .F. ) ;
#1021 = MECHANICAL_DESIGN_GEOMETRIC_PRESENTATION_REPRESENTATION (  '', ( #8467 ), #3329 ) ;
#1022 = STYLED_ITEM ( 'NONE', ( #11681 ), #10358 ) ;
#1023 = CARTESIAN_POINT ( 'NONE',  ( 2.705000000000000071, -0.1799999999999990219, 0.2500000000000000000 ) ) ;
#1024 = VERTEX_POINT ( 'NONE', #5167 ) ;
#1025 = SURFACE_SIDE_STYLE ('',( #9281 ) ) ;
#1026 = VECTOR ( 'NONE', #6084, 1000.000000000000000 ) ;
#1027 =( GEOMETRIC_REPRESENTATION_CONTEXT ( 3 ) GLOBAL_UNCERTAINTY_ASSIGNED_CONTEXT ( ( #10144 ) ) GLOBAL_UNIT_ASSIGNED_CONTEXT ( ( #9569, #7510, #1236 ) ) REPRESENTATION_CONTEXT ( 'NONE', 'WORKASPACE' ) );
#1028 = PLANE ( 'NONE',  #2251 ) ;
#1029 = ORIENTED_EDGE ( 'NONE', *, *, #11612, .T. ) ;
#1030 = CARTESIAN_POINT ( 'NONE',  ( -2.574999999999998401, 1.370000000000000107, 0.2499999999999998335 ) ) ;
#1031 = EDGE_CURVE ( 'NONE', #3785, #1256, #10580, .T. ) ;
#1032 = LINE ( 'NONE', #10268, #4385 ) ;
#1033 = DIRECTION ( 'NONE',  ( -0.000000000000000000, 1.000000000000000000, 0.000000000000000000 ) ) ;
#1034 = EDGE_CURVE ( 'NONE', #11900, #1663, #1634, .T. ) ;
#1035 = EDGE_CURVE ( 'NONE', #10291, #8221, #6266, .T. ) ;
#1036 =( NAMED_UNIT ( * ) SI_UNIT ( $, .STERADIAN. ) SOLID_ANGLE_UNIT ( ) );
#1037 = AXIS2_PLACEMENT_3D ( 'NONE', #1019, #11130, #6574 ) ;
#1038 =( NAMED_UNIT ( * ) PLANE_ANGLE_UNIT ( ) SI_UNIT ( $, .RADIAN. ) );
#1039 = CARTESIAN_POINT ( 'NONE',  ( 1.625000000000000444, 2.419999999999999929, 0.000000000000000000 ) ) ;
#1040 =( NAMED_UNIT ( * ) SI_UNIT ( $, .STERADIAN. ) SOLID_ANGLE_UNIT ( ) );
#1041 = STYLED_ITEM ( 'NONE', ( #7037 ), #7247 ) ;
#1042 = UNCERTAINTY_MEASURE_WITH_UNIT (LENGTH_MEASURE( 1.000000000000000082E-05 ), #2929, 'distance_accuracy_value', 'NONE');
#1043 = CARTESIAN_POINT ( 'NONE',  ( 1.647500000000000187, 2.820000000000000284, 0.2500000000000000000 ) ) ;
#1044 = FILL_AREA_STYLE ('',( #1942 ) ) ;
#1045 = VERTEX_POINT ( 'NONE', #2543 ) ;
#1046 = EDGE_CURVE ( 'NONE', #6303, #2449, #1521, .T. ) ;
#1047 = STYLED_ITEM ( 'NONE', ( #8788 ), #3328 ) ;
#1048 = EDGE_CURVE ( 'NONE', #2581, #400, #2370, .T. ) ;
#1049 = ORIENTED_EDGE ( 'NONE', *, *, #8409, .F. ) ;
#1050 = CARTESIAN_POINT ( 'NONE',  ( -2.574266446321861412, 2.706955526939520240, 0.2540566049826149531 ) ) ;
#1051 = FACE_OUTER_BOUND ( 'NONE', #5128, .T. ) ;
#1052 = AXIS2_PLACEMENT_3D ( 'NONE', #7793, #8918, #7911 ) ;
#1053 = FACE_OUTER_BOUND ( 'NONE', #5163, .T. ) ;
#1054 = VERTEX_POINT ( 'NONE', #736 ) ;
#1055 = VECTOR ( 'NONE', #11623, 1000.000000000000000 ) ;
#1056 = UNCERTAINTY_MEASURE_WITH_UNIT (LENGTH_MEASURE( 1.000000000000000082E-05 ), #394, 'distance_accuracy_value', 'NONE');
#1057 = DIRECTION ( 'NONE',  ( 0.000000000000000000, 0.000000000000000000, 1.000000000000000000 ) ) ;
#1058 =( NAMED_UNIT ( * ) PLANE_ANGLE_UNIT ( ) SI_UNIT ( $, .RADIAN. ) );
#1059 = ORIENTED_EDGE ( 'NONE', *, *, #7104, .F. ) ;
#1060 = ADVANCED_FACE ( 'NONE', ( #11555 ), #6003, .T. ) ;
#1061 = ORIENTED_EDGE ( 'NONE', *, *, #4347, .F. ) ;
#1062 = CARTESIAN_POINT ( 'NONE',  ( 2.574989970828018837, -2.661266715016318063, 0.2500554620476224121 ) ) ;
#1063 =( NAMED_UNIT ( * ) PLANE_ANGLE_UNIT ( ) SI_UNIT ( $, .RADIAN. ) );
#1064 = ORIENTED_EDGE ( 'NONE', *, *, #10579, .T. ) ;
#1065 = DIRECTION ( 'NONE',  ( 1.000000000000000000, 0.000000000000000000, -0.000000000000000000 ) ) ;
#1066 = FACE_OUTER_BOUND ( 'NONE', #388, .T. ) ;
#1067 = SURFACE_STYLE_USAGE ( .BOTH. , #227 ) ;
#1068 = ORIENTED_EDGE ( 'NONE', *, *, #9979, .F. ) ;
#1069 = CARTESIAN_POINT ( 'NONE',  ( 1.647500000000000187, 2.507499999999999840, 0.2500000000000000000 ) ) ;
#1070 = VERTEX_POINT ( 'NONE', #9726 ) ;
#1071 = VECTOR ( 'NONE', #10041, 1000.000000000000000 ) ;
#1072 = DIRECTION ( 'NONE',  ( 0.000000000000000000, 0.000000000000000000, -1.000000000000000000 ) ) ;
#1073 = CIRCLE ( 'NONE', #8725, 0.08000000000000020983 ) ;
#1074 = VECTOR ( 'NONE', #11464, 1000.000000000000000 ) ;
#1075 = ORIENTED_EDGE ( 'NONE', *, *, #11253, .T. ) ;
#1076 = CARTESIAN_POINT ( 'NONE',  ( -1.625000000000000222, 2.419999999999999929, 0.000000000000000000 ) ) ;
#1077 = STYLED_ITEM ( 'NONE', ( #5019 ), #8427 ) ;
#1078 = CARTESIAN_POINT ( 'NONE',  ( -0.3774999999999998912, 2.819999999999999840, 0.2500000000000000000 ) ) ;
#1079 = VECTOR ( 'NONE', #6363, 1000.000000000000000 ) ;
#1080 = ORIENTED_EDGE ( 'NONE', *, *, #4057, .F. ) ;
#1081 = CARTESIAN_POINT ( 'NONE',  ( -0.8550000000000000933, 2.507499999999999840, 0.2500000000000000000 ) ) ;
#1082 = VERTEX_POINT ( 'NONE', #9843 ) ;
#1083 = PLANE ( 'NONE',  #887 ) ;
#1084 = ORIENTED_EDGE ( 'NONE', *, *, #11253, .F. ) ;
#1085 = CARTESIAN_POINT ( 'NONE',  ( 2.185000000000000497, -0.07999999999999894695, 0.000000000000000000 ) ) ;
#1086 = DIRECTION ( 'NONE',  ( -2.155772863349820033E-16, 1.000000000000000000, 0.000000000000000000 ) ) ;
#1087 = FILL_AREA_STYLE ('',( #8625 ) ) ;
#1088 = COLOUR_RGB ( '',0.2862745098039215508, 0.2862745098039215508, 0.2862745098039215508 ) ;
#1089 = SURFACE_SIDE_STYLE ('',( #9351 ) ) ;
#1090 = DIRECTION ( 'NONE',  ( 0.000000000000000000, 0.000000000000000000, -1.000000000000000000 ) ) ;
#1091 = DIRECTION ( 'NONE',  ( -0.000000000000000000, 1.000000000000000000, 0.000000000000000000 ) ) ;
#1092 = STYLED_ITEM ( 'NONE', ( #6818 ), #5341 ) ;
#1093 = EDGE_CURVE ( 'NONE', #11400, #9580, #6106, .T. ) ;
#1094 = LINE ( 'NONE', #6534, #3948 ) ;
#1095 = LINE ( 'NONE', #205, #10883 ) ;
#1096 = ORIENTED_EDGE ( 'NONE', *, *, #6952, .F. ) ;
#1097 = VERTEX_POINT ( 'NONE', #9781 ) ;
#1098 = CARTESIAN_POINT ( 'NONE',  ( -2.394980999734317439, 2.559980999734317031, 1.075827626996971764 ) ) ;
#1099 = VECTOR ( 'NONE', #3878, 1000.000000000000000 ) ;
#1100 = DIRECTION ( 'NONE',  ( 0.000000000000000000, 0.000000000000000000, 1.000000000000000000 ) ) ;
#1101 = COLOUR_RGB ( '',0.8313725490196077761, 0.8313725490196077761, 0.8313725490196077761 ) ;
#1102 = COLOUR_RGB ( '',0.8313725490196077761, 0.8313725490196077761, 0.8313725490196077761 ) ;
#1103 = CARTESIAN_POINT ( 'NONE',  ( 0.4149999999999999800, 2.740000000000000213, 0.000000000000000000 ) ) ;
#1104 = ADVANCED_FACE ( 'NONE', ( #5043 ), #5280, .F. ) ;
#1105 = CARTESIAN_POINT ( 'NONE',  ( -2.185000000000000497, 2.469999999999999751, 0.000000000000000000 ) ) ;
#1106 = EDGE_CURVE ( 'NONE', #3656, #4804, #7204, .T. ) ;
#1107 = SURFACE_STYLE_USAGE ( .BOTH. , #9245 ) ;
#1108 = DIRECTION ( 'NONE',  ( 0.000000000000000000, 0.000000000000000000, 1.000000000000000000 ) ) ;
#1109 = COLOUR_RGB ( '',0.8313725490196077761, 0.8313725490196077761, 0.8313725490196077761 ) ;
#1110 = ORIENTED_EDGE ( 'NONE', *, *, #7321, .F. ) ;
#1111 = DIRECTION ( 'NONE',  ( 0.000000000000000000, -0.000000000000000000, -1.000000000000000000 ) ) ;
#1112 = DIRECTION ( 'NONE',  ( -0.000000000000000000, 0.000000000000000000, 1.000000000000000000 ) ) ;
#1113 = SURFACE_STYLE_FILL_AREA ( #10234 ) ;
#1114 = VERTEX_POINT ( 'NONE', #8319 ) ;
#1115 = CIRCLE ( 'NONE', #7804, 0.03750000000000020678 ) ;
#1116 = EDGE_LOOP ( 'NONE', ( #2048, #10934, #9218, #10918 ) ) ;
#1117 = MECHANICAL_DESIGN_GEOMETRIC_PRESENTATION_REPRESENTATION (  '', ( #6839 ), #2658 ) ;
#1118 = CARTESIAN_POINT ( 'NONE',  ( 2.394980999734316551, 2.559980999734317475, 1.075827626996971764 ) ) ;
#1119 = CARTESIAN_POINT ( 'NONE',  ( 2.149999999999999467, 2.419999999999999929, 0.2500000000000000000 ) ) ;
#1120 = EDGE_LOOP ( 'NONE', ( #8048, #6379, #6968, #11664 ) ) ;
#1121 = MECHANICAL_DESIGN_GEOMETRIC_PRESENTATION_REPRESENTATION (  '', ( #9342 ), #1895 ) ;
#1122 = EDGE_CURVE ( 'NONE', #3115, #9462, #2042, .T. ) ;
#1123 =( NAMED_UNIT ( * ) PLANE_ANGLE_UNIT ( ) SI_UNIT ( $, .RADIAN. ) );
#1124 = CARTESIAN_POINT ( 'NONE',  ( 2.185000000000000497, -0.6799999999999990496, 0.2500000000000000000 ) ) ;
#1125 = FILL_AREA_STYLE ('',( #10418 ) ) ;
#1126 = FACE_OUTER_BOUND ( 'NONE', #806, .T. ) ;
#1127 = VERTEX_POINT ( 'NONE', #7202 ) ;
#1128 = COLOUR_RGB ( '',0.2862745098039215508, 0.2862745098039215508, 0.2862745098039215508 ) ;
#1129 = LINE ( 'NONE', #1851, #2939 ) ;
#1130 = EDGE_LOOP ( 'NONE', ( #7482, #1175, #9196, #11467 ) ) ;
#1131 = SURFACE_STYLE_USAGE ( .BOTH. , #6564 ) ;
#1132 =( GEOMETRIC_REPRESENTATION_CONTEXT ( 3 ) GLOBAL_UNCERTAINTY_ASSIGNED_CONTEXT ( ( #6690 ) ) GLOBAL_UNIT_ASSIGNED_CONTEXT ( ( #612, #4225, #9713 ) ) REPRESENTATION_CONTEXT ( 'NONE', 'WORKASPACE' ) );
#1133 = DIRECTION ( 'NONE',  ( -1.000000000000000000, -0.000000000000000000, -0.000000000000000000 ) ) ;
#1134 = DIRECTION ( 'NONE',  ( -1.000000000000000000, -3.038931636747690137E-16, 0.000000000000000000 ) ) ;
#1135 = LINE ( 'NONE', #6632, #1595 ) ;
#1136 = VERTEX_POINT ( 'NONE', #10951 ) ;
#1137 = AXIS2_PLACEMENT_3D ( 'NONE', #4430, #6988, #2572 ) ;
#1138 = EDGE_CURVE ( 'NONE', #9962, #11788, #11880, .T. ) ;
#1139 =( NAMED_UNIT ( * ) SI_UNIT ( $, .STERADIAN. ) SOLID_ANGLE_UNIT ( ) );
#1140 = DIRECTION ( 'NONE',  ( 0.1779435454738420019, 0.000000000000000000, -0.9840406976462908739 ) ) ;
#1141 = ORIENTED_EDGE ( 'NONE', *, *, #2682, .F. ) ;
#1142 = STYLED_ITEM ( 'NONE', ( #8990 ), #357 ) ;
#1143 = SURFACE_SIDE_STYLE ('',( #9338 ) ) ;
#1144 = ORIENTED_EDGE ( 'NONE', *, *, #7120, .F. ) ;
#1145 =( NAMED_UNIT ( * ) SI_UNIT ( $, .STERADIAN. ) SOLID_ANGLE_UNIT ( ) );
#1146 = CARTESIAN_POINT ( 'NONE',  ( 1.905000000000000027, 2.419999999999999929, 0.000000000000000000 ) ) ;
#1147 =( NAMED_UNIT ( * ) SI_UNIT ( $, .STERADIAN. ) SOLID_ANGLE_UNIT ( ) );
#1148 = ORIENTED_EDGE ( 'NONE', *, *, #11128, .F. ) ;
#1149 = LINE ( 'NONE', #64, #4083 ) ;
#1150 = SURFACE_STYLE_USAGE ( .BOTH. , #11011 ) ;
#1151 = CYLINDRICAL_SURFACE ( 'NONE', #4092, 0.03749999999999999167 ) ;
#1152 = CARTESIAN_POINT ( 'NONE',  ( 2.574999999999999734, -0.1799999999999991607, 0.000000000000000000 ) ) ;
#1153 = AXIS2_PLACEMENT_3D ( 'NONE', #1534, #7755, #4994 ) ;
#1154 = SURFACE_STYLE_USAGE ( .BOTH. , #2054 ) ;
#1155 = UNCERTAINTY_MEASURE_WITH_UNIT (LENGTH_MEASURE( 1.000000000000000082E-05 ), #11637, 'distance_accuracy_value', 'NONE');
#1156 = FILL_AREA_STYLE_COLOUR ( '', #11371 ) ;
#1157 =( NAMED_UNIT ( * ) PLANE_ANGLE_UNIT ( ) SI_UNIT ( $, .RADIAN. ) );
#1158 = SURFACE_STYLE_FILL_AREA ( #4630 ) ;
#1159 =( LENGTH_UNIT ( ) NAMED_UNIT ( * ) SI_UNIT ( .MILLI., .METRE. ) );
#1160 = VERTEX_POINT ( 'NONE', #133 ) ;
#1161 = MECHANICAL_DESIGN_GEOMETRIC_PRESENTATION_REPRESENTATION (  '', ( #2520 ), #9185 ) ;
#1162 = ORIENTED_EDGE ( 'NONE', *, *, #9093, .F. ) ;
#1163 = CARTESIAN_POINT ( 'NONE',  ( -0.3775000000000000022, -2.657500000000000195, 0.000000000000000000 ) ) ;
#1164 = CARTESIAN_POINT ( 'NONE',  ( -2.430047276449379012, -2.516918006223030080, 1.081631277483483755 ) ) ;
#1165 = LINE ( 'NONE', #9492, #10910 ) ;
#1166 = PRODUCT_RELATED_PRODUCT_CATEGORY ( 'part', '', ( #8380 ) ) ;
#1167 = SURFACE_STYLE_USAGE ( .BOTH. , #6607 ) ;
#1168 = CARTESIAN_POINT ( 'NONE',  ( -0.3549999999999999822, 2.419999999999999929, 0.2500000000000000000 ) ) ;
#1169 = STYLED_ITEM ( 'NONE', ( #5971 ), #11324 ) ;
#1170 = CARTESIAN_POINT ( 'NONE',  ( -2.394980999734317884, 2.559980999734315699, 1.075827626996971764 ) ) ;
#1171 = FILL_AREA_STYLE_COLOUR ( '', #7540 ) ;
#1172 = VERTEX_POINT ( 'NONE', #6229 ) ;
#1173 = PRESENTATION_STYLE_ASSIGNMENT (( #8468 ) ) ;
#1174 = DIRECTION ( 'NONE',  ( -0.000000000000000000, 1.000000000000000000, 0.000000000000000000 ) ) ;
#1175 = ORIENTED_EDGE ( 'NONE', *, *, #5164, .F. ) ;
#1176 = ORIENTED_EDGE ( 'NONE', *, *, #4272, .T. ) ;
#1177 = EDGE_CURVE ( 'NONE', #3322, #622, #6802, .T. ) ;
#1178 = PRESENTATION_STYLE_ASSIGNMENT (( #3052 ) ) ;
#1179 = EDGE_CURVE ( 'NONE', #6258, #10239, #2835, .T. ) ;
#1180 = ORIENTED_EDGE ( 'NONE', *, *, #3326, .F. ) ;
#1181 = FILL_AREA_STYLE_COLOUR ( '', #9678 ) ;
#1182 = LINE ( 'NONE', #10417, #7288 ) ;
#1183 = DIRECTION ( 'NONE',  ( 0.000000000000000000, -0.000000000000000000, -1.000000000000000000 ) ) ;
#1184 = SURFACE_STYLE_FILL_AREA ( #9382 ) ;
#1185 = ORIENTED_EDGE ( 'NONE', *, *, #1871, .T. ) ;
#1186 = UNCERTAINTY_MEASURE_WITH_UNIT (LENGTH_MEASURE( 1.000000000000000082E-05 ), #4105, 'distance_accuracy_value', 'NONE');
#1187 = CARTESIAN_POINT ( 'NONE',  ( 2.162500000000000089, 2.782500000000000195, 0.000000000000000000 ) ) ;
#1188 = ORIENTED_EDGE ( 'NONE', *, *, #11868, .F. ) ;
#1189 = SURFACE_STYLE_FILL_AREA ( #9386 ) ;
#1190 = DIRECTION ( 'NONE',  ( -1.000000000000000000, -0.000000000000000000, 0.000000000000000000 ) ) ;
#1191 = DIRECTION ( 'NONE',  ( -1.000000000000000000, 0.000000000000000000, -0.000000000000000000 ) ) ;
#1192 = EDGE_CURVE ( 'NONE', #10704, #7212, #7367, .T. ) ;
#1193 = EDGE_CURVE ( 'NONE', #1097, #5766, #10013, .T. ) ;
#1194 =( NAMED_UNIT ( * ) PLANE_ANGLE_UNIT ( ) SI_UNIT ( $, .RADIAN. ) );
#1195 = FACE_OUTER_BOUND ( 'NONE', #6770, .T. ) ;
#1196 = STYLED_ITEM ( 'NONE', ( #11033 ), #10711 ) ;
#1197 = EDGE_CURVE ( 'NONE', #6480, #976, #6471, .T. ) ;
#1198 = AXIS2_PLACEMENT_3D ( 'NONE', #10826, #4450, #3444 ) ;
#1199 = MECHANICAL_DESIGN_GEOMETRIC_PRESENTATION_REPRESENTATION (  '', ( #43 ), #3696 ) ;
#1200 =( NAMED_UNIT ( * ) PLANE_ANGLE_UNIT ( ) SI_UNIT ( $, .RADIAN. ) );
#1201 = CARTESIAN_POINT ( 'NONE',  ( -0.6350000000000000089, -2.740000000000000213, 0.2500000000000000000 ) ) ;
#1202 = ORIENTED_EDGE ( 'NONE', *, *, #7610, .T. ) ;
#1203 = ORIENTED_EDGE ( 'NONE', *, *, #536, .F. ) ;
#1204 =( NAMED_UNIT ( * ) PLANE_ANGLE_UNIT ( ) SI_UNIT ( $, .RADIAN. ) );
#1205 = VECTOR ( 'NONE', #4461, 1000.000000000000000 ) ;
#1206 = FACE_OUTER_BOUND ( 'NONE', #29, .T. ) ;
#1207 = CIRCLE ( 'NONE', #9029, 0.03750000000000020678 ) ;
#1208 = ORIENTED_EDGE ( 'NONE', *, *, #10579, .F. ) ;
#1209 = CARTESIAN_POINT ( 'NONE',  ( 2.495000000000000107, 2.740000000000000213, 0.000000000000000000 ) ) ;
#1210 = AXIS2_PLACEMENT_3D ( 'NONE', #5635, #11319, #2051 ) ;
#1211 = STYLED_ITEM ( 'NONE', ( #777 ), #4080 ) ;
#1212 = ADVANCED_FACE ( 'NONE', ( #9106 ), #3559, .T. ) ;
#1213 = FILL_AREA_STYLE ('',( #7608 ) ) ;
#1214 = CARTESIAN_POINT ( 'NONE',  ( 0.000000000000000000, 2.419999999999999929, 0.000000000000000000 ) ) ;
#1215 = LINE ( 'NONE', #11257, #3547 ) ;
#1216 = DIRECTION ( 'NONE',  ( 0.000000000000000000, 0.000000000000000000, 1.000000000000000000 ) ) ;
#1217 = MECHANICAL_DESIGN_GEOMETRIC_PRESENTATION_REPRESENTATION (  '', ( #11580 ), #6365 ) ;
#1218 = DIRECTION ( 'NONE',  ( 1.000000000000000000, 0.000000000000000000, -0.000000000000000000 ) ) ;
#1219 = VECTOR ( 'NONE', #28, 1000.000000000000000 ) ;
#1220 = CARTESIAN_POINT ( 'NONE',  ( 0.000000000000000000, 0.02000000000000060063, 0.000000000000000000 ) ) ;
#1221 = SURFACE_STYLE_FILL_AREA ( #4232 ) ;
#1222 = CYLINDRICAL_SURFACE ( 'NONE', #2052, 0.03749999999999999167 ) ;
#1223 = ORIENTED_EDGE ( 'NONE', *, *, #1334, .T. ) ;
#1224 = DIRECTION ( 'NONE',  ( -1.000000000000000000, 0.000000000000000000, 0.000000000000000000 ) ) ;
#1225 = ORIENTED_EDGE ( 'NONE', *, *, #2443, .T. ) ;
#1226 = PRODUCT_DEFINITION_SHAPE ( 'NONE', 'NONE',  #9654 ) ;
#1227 = PLANE ( 'NONE',  #4937 ) ;
#1228 = VECTOR ( 'NONE', #2394, 1000.000000000000000 ) ;
#1229 = DIRECTION ( 'NONE',  ( -1.000000000000000000, 0.000000000000000000, 0.000000000000000000 ) ) ;
#1230 = CARTESIAN_POINT ( 'NONE',  ( 0.8549999999999998712, 2.782500000000000195, 0.2500000000000000000 ) ) ;
#1231 = VECTOR ( 'NONE', #7347, 1000.000000000000000 ) ;
#1232 = PRESENTATION_LAYER_ASSIGNMENT (  '', '', ( #7924 ) ) ;
#1233 = ORIENTED_EDGE ( 'NONE', *, *, #1249, .T. ) ;
#1234 = DIRECTION ( 'NONE',  ( -0.7071067811865490160, 0.7071067811865461294, 0.000000000000000000 ) ) ;
#1235 = CARTESIAN_POINT ( 'NONE',  ( -2.162500000000000089, -2.819999999999999840, 0.000000000000000000 ) ) ;
#1236 =( NAMED_UNIT ( * ) SI_UNIT ( $, .STERADIAN. ) SOLID_ANGLE_UNIT ( ) );
#1237 = ORIENTED_EDGE ( 'NONE', *, *, #3709, .F. ) ;
#1238 = DIRECTION ( 'NONE',  ( -0.000000000000000000, -0.000000000000000000, -1.000000000000000000 ) ) ;
#1239 = ORIENTED_EDGE ( 'NONE', *, *, #9156, .F. ) ;
#1240 = CARTESIAN_POINT ( 'NONE',  ( 2.394980999734316551, 2.559980999734317031, 1.075827626996971764 ) ) ;
#1241 = CARTESIAN_POINT ( 'NONE',  ( 0.3775000000000000022, 2.820000000000000284, 0.000000000000000000 ) ) ;
#1242 = ORIENTED_EDGE ( 'NONE', *, *, #8587, .T. ) ;
#1243 = CYLINDRICAL_SURFACE ( 'NONE', #1888, 0.03749999999999999167 ) ;
#1244 = LINE ( 'NONE', #4879, #85 ) ;
#1245 = PRESENTATION_STYLE_ASSIGNMENT (( #228 ) ) ;
#1246 = ORIENTED_EDGE ( 'NONE', *, *, #5135, .T. ) ;
#1247 = ORIENTED_EDGE ( 'NONE', *, *, #10444, .T. ) ;
#1248 =( NAMED_UNIT ( * ) PLANE_ANGLE_UNIT ( ) SI_UNIT ( $, .RADIAN. ) );
#1249 = EDGE_CURVE ( 'NONE', #1641, #927, #1750, .T. ) ;
#1250 = CARTESIAN_POINT ( 'NONE',  ( -2.185000000000000497, 2.419999999999999929, 0.2500000000000000000 ) ) ;
#1251 = LINE ( 'NONE', #418, #10795 ) ;
#1252 = AXIS2_PLACEMENT_3D ( 'NONE', #3272, #4180, #7809 ) ;
#1253 = DIRECTION ( 'NONE',  ( 0.000000000000000000, -1.000000000000000000, 0.000000000000000000 ) ) ;
#1254 = DIRECTION ( 'NONE',  ( 1.000000000000000000, -0.000000000000000000, 0.000000000000000000 ) ) ;
#1255 = PRESENTATION_LAYER_ASSIGNMENT (  '', '', ( #6399 ) ) ;
#1256 = VERTEX_POINT ( 'NONE', #257 ) ;
#1257 = SURFACE_SIDE_STYLE ('',( #9460 ) ) ;
#1258 = EDGE_CURVE ( 'NONE', #4460, #8383, #7669, .T. ) ;
#1259 = VERTEX_POINT ( 'NONE', #5757 ) ;
#1260 = EDGE_CURVE ( 'NONE', #7627, #2636, #4106, .T. ) ;
#1261 = AXIS2_PLACEMENT_3D ( 'NONE', #4231, #7856, #11549 ) ;
#1262 = LINE ( 'NONE', #9594, #10989 ) ;
#1263 = ORIENTED_EDGE ( 'NONE', *, *, #2468, .F. ) ;
#1264 = MECHANICAL_DESIGN_GEOMETRIC_PRESENTATION_REPRESENTATION (  '', ( #10065 ), #11276 ) ;
#1265 = CARTESIAN_POINT ( 'NONE',  ( 1.905000000000000027, 2.419999999999999929, 0.2500000000000000000 ) ) ;
#1266 = CARTESIAN_POINT ( 'NONE',  ( -0.3774999999999998357, 3.220000000000000195, 0.2500000000000000000 ) ) ;
#1267 = VECTOR ( 'NONE', #6498, 1000.000000000000000 ) ;
#1268 =( NAMED_UNIT ( * ) PLANE_ANGLE_UNIT ( ) SI_UNIT ( $, .RADIAN. ) );
#1269 = CARTESIAN_POINT ( 'NONE',  ( 0.8925000000000000711, 2.770000000000000018, 0.2500000000000000000 ) ) ;
#1270 = ORIENTED_EDGE ( 'NONE', *, *, #10570, .T. ) ;
#1271 = CARTESIAN_POINT ( 'NONE',  ( 1.905000000000000027, 0.02000000000000048614, 0.000000000000000000 ) ) ;
#1272 = CARTESIAN_POINT ( 'NONE',  ( 2.495000000000000107, 2.740000000000000213, 0.000000000000000000 ) ) ;
#1273 = CARTESIAN_POINT ( 'NONE',  ( 2.125000000000000000, -2.740000000000000213, 0.000000000000000000 ) ) ;
#1274 = PRESENTATION_LAYER_ASSIGNMENT (  '', '', ( #6609 ) ) ;
#1275 = CIRCLE ( 'NONE', #5087, 0.03750000000000031780 ) ;
#1276 = VECTOR ( 'NONE', #1637, 1000.000000000000000 ) ;
#1277 = EDGE_CURVE ( 'NONE', #11767, #4810, #1336, .T. ) ;
#1278 = UNCERTAINTY_MEASURE_WITH_UNIT (LENGTH_MEASURE( 1.000000000000000082E-05 ), #9376, 'distance_accuracy_value', 'NONE');
#1279 = CARTESIAN_POINT ( 'NONE',  ( 2.354463867161251223, -2.519463867161251702, 1.020000000000003793 ) ) ;
#1280 = CARTESIAN_POINT ( 'NONE',  ( -0.8924999999999999600, 3.220000000000000195, 0.000000000000000000 ) ) ;
#1281 = PRESENTATION_STYLE_ASSIGNMENT (( #9482 ) ) ;
#1282 = ORIENTED_EDGE ( 'NONE', *, *, #10881, .T. ) ;
#1283 = ORIENTED_EDGE ( 'NONE', *, *, #9231, .F. ) ;
#1284 = B_SPLINE_CURVE_WITH_KNOTS ( 'NONE', 3,
 ( #1062, #9075, #1780, #1003 ),
 .UNSPECIFIED., .F., .F.,
 ( 4, 4 ),
 ( 0.000000000000000000, 1.000000000000000000 ),
 .UNSPECIFIED. ) ;
#1285 = CARTESIAN_POINT ( 'NONE',  ( -2.481424832439820705, -0.1799999999999998823, 0.000000000000000000 ) ) ;
#1286 = FACE_OUTER_BOUND ( 'NONE', #6654, .T. ) ;
#1287 = SURFACE_SIDE_STYLE ('',( #4005 ) ) ;
#1288 = CARTESIAN_POINT ( 'NONE',  ( 2.185000000000000497, -0.07999999999999900246, 0.000000000000000000 ) ) ;
#1289 = VECTOR ( 'NONE', #4565, 1000.000000000000000 ) ;
#1290 = CARTESIAN_POINT ( 'NONE',  ( -1.718232652294990004, -2.092049114840340174, 0.000000000000000000 ) ) ;
#1291 = DIRECTION ( 'NONE',  ( -0.9840406976462909849, 0.000000000000000000, -0.1779435454738416966 ) ) ;
#1292 = ORIENTED_EDGE ( 'NONE', *, *, #6677, .T. ) ;
#1293 = SURFACE_SIDE_STYLE ('',( #1412 ) ) ;
#1294 = DIRECTION ( 'NONE',  ( -0.1751915364254250929, -0.1751915364254240937, 0.9688218882383894393 ) ) ;
#1295 =( NAMED_UNIT ( * ) SI_UNIT ( $, .STERADIAN. ) SOLID_ANGLE_UNIT ( ) );
#1296 = ORIENTED_EDGE ( 'NONE', *, *, #610, .T. ) ;
#1297 = DIRECTION ( 'NONE',  ( -0.000000000000000000, -1.000000000000000000, -0.000000000000000000 ) ) ;
#1298 = VERTEX_POINT ( 'NONE', #11370 ) ;
#1299 = COLOUR_RGB ( '',0.2862745098039215508, 0.2862745098039215508, 0.2862745098039215508 ) ;
#1300 = AXIS2_PLACEMENT_3D ( 'NONE', #10810, #5090, #4223 ) ;
#1301 = CARTESIAN_POINT ( 'NONE',  ( 1.647500000000000187, -2.820000000000000284, 0.2500000000000000000 ) ) ;
#1302 = ORIENTED_EDGE ( 'NONE', *, *, #5597, .F. ) ;
#1303 = STYLED_ITEM ( 'NONE', ( #376 ), #6985 ) ;
#1304 = EDGE_CURVE ( 'NONE', #817, #10043, #11195, .T. ) ;
#1305 = LINE ( 'NONE', #7036, #10066 ) ;
#1306 = PRESENTATION_STYLE_ASSIGNMENT (( #1067 ) ) ;
#1307 = CARTESIAN_POINT ( 'NONE',  ( 0.000000000000000000, -0.5799999999999989608, 0.000000000000000000 ) ) ;
#1308 = VERTEX_POINT ( 'NONE', #2232 ) ;
#1309 = CARTESIAN_POINT ( 'NONE',  ( 1.685000000000000053, -2.319999999999999840, 0.2500000000000000000 ) ) ;
#1310 = UNCERTAINTY_MEASURE_WITH_UNIT (LENGTH_MEASURE( 1.000000000000000082E-05 ), #2013, 'distance_accuracy_value', 'NONE');
#1311 = FILL_AREA_STYLE ('',( #5969 ) ) ;
#1312 = ORIENTED_EDGE ( 'NONE', *, *, #10125, .T. ) ;
#1313 = VECTOR ( 'NONE', #2990, 1000.000000000000000 ) ;
#1314 = CARTESIAN_POINT ( 'NONE',  ( -2.381424832439820172, -0.6799999999999988276, 0.2500000000000001110 ) ) ;
#1315 =( GEOMETRIC_REPRESENTATION_CONTEXT ( 3 ) GLOBAL_UNCERTAINTY_ASSIGNED_CONTEXT ( ( #9161 ) ) GLOBAL_UNIT_ASSIGNED_CONTEXT ( ( #1932, #9226, #7430 ) ) REPRESENTATION_CONTEXT ( 'NONE', 'WORKASPACE' ) );
#1316 = DIRECTION ( 'NONE',  ( 0.000000000000000000, -0.000000000000000000, -1.000000000000000000 ) ) ;
#1317 = LINE ( 'NONE', #4089, #10014 ) ;
#1318 = MECHANICAL_DESIGN_GEOMETRIC_PRESENTATION_REPRESENTATION (  '', ( #5890 ), #11685 ) ;
#1319 = ORIENTED_EDGE ( 'NONE', *, *, #3306, .F. ) ;
#1320 = AXIS2_PLACEMENT_3D ( 'NONE', #9973, #10907, #8170 ) ;
#1321 = SURFACE_SIDE_STYLE ('',( #4036 ) ) ;
#1322 = CARTESIAN_POINT ( 'NONE',  ( 2.149999999999999911, 2.419999999999999929, 0.000000000000000000 ) ) ;
#1323 = ORIENTED_EDGE ( 'NONE', *, *, #6454, .F. ) ;
#1324 = DIRECTION ( 'NONE',  ( -1.000000000000000000, 2.482885368578150050E-15, 0.000000000000000000 ) ) ;
#1325 = ORIENTED_EDGE ( 'NONE', *, *, #536, .T. ) ;
#1326 = CARTESIAN_POINT ( 'NONE',  ( -2.705000000000000071, -0.1799999999999990219, 0.2500000000000000000 ) ) ;
#1327 = DIRECTION ( 'NONE',  ( 1.000000000000000000, -2.482885368578150050E-15, -0.000000000000000000 ) ) ;
#1328 = AXIS2_PLACEMENT_3D ( 'NONE', #8820, #4249, #9675 ) ;
#1329 = SURFACE_SIDE_STYLE ('',( #3130 ) ) ;
#1330 = CLOSED_SHELL ( 'NONE', ( #10583, #7332, #8413, #4468, #10949, #469, #2942, #9927, #6135, #7326 ) ) ;
#1331 = DIRECTION ( 'NONE',  ( -0.000000000000000000, 0.000000000000000000, 1.000000000000000000 ) ) ;
#1332 = VERTEX_POINT ( 'NONE', #9403 ) ;
#1333 = PLANE ( 'NONE',  #8759 ) ;
#1334 = EDGE_CURVE ( 'NONE', #1984, #8680, #1994, .T. ) ;
#1335 = COLOUR_RGB ( '',0.8313725490196077761, 0.8313725490196077761, 0.8313725490196077761 ) ;
#1336 = LINE ( 'NONE', #320, #10084 ) ;
#1337 = DIRECTION ( 'NONE',  ( 1.000000000000000000, 0.000000000000000000, -0.000000000000000000 ) ) ;
#1338 = COLOUR_RGB ( '',0.2862745098039215508, 0.2862745098039215508, 0.2862745098039215508 ) ;
#1339 = EDGE_CURVE ( 'NONE', #11085, #9275, #4966, .T. ) ;
#1340 = LINE ( 'NONE', #7670, #6333 ) ;
#1341 = STYLED_ITEM ( 'NONE', ( #10923 ), #6507 ) ;
#1342 = DIRECTION ( 'NONE',  ( 1.000000000000000000, -0.000000000000000000, 0.000000000000000000 ) ) ;
#1343 = CARTESIAN_POINT ( 'NONE',  ( 2.162500000000000089, 2.819999999999999840, 0.000000000000000000 ) ) ;
#1344 = ORIENTED_EDGE ( 'NONE', *, *, #10209, .F. ) ;
#1345 = CONTEXT_DEPENDENT_SHAPE_REPRESENTATION ( #9431, #5708 ) ;
#1346 = ORIENTED_EDGE ( 'NONE', *, *, #10787, .T. ) ;
#1347 = CARTESIAN_POINT ( 'NONE',  ( 0.8924999999999999600, -3.220000000000000195, 0.2500000000000000000 ) ) ;
#1348 = EDGE_CURVE ( 'NONE', #1973, #1600, #2112, .T. ) ;
#1349 = CARTESIAN_POINT ( 'NONE',  ( -2.456065883205918343, -2.472656540312757389, 1.079239424234918365 ) ) ;
#1350 = ADVANCED_FACE ( 'NONE', ( #9286 ), #10269, .F. ) ;
#1351 = EDGE_CURVE ( 'NONE', #8680, #8383, #10447, .T. ) ;
#1352 = LINE ( 'NONE', #10469, #516 ) ;
#1353 = CARTESIAN_POINT ( 'NONE',  ( -2.149999999999999911, 0.02000000000000060063, 0.000000000000000000 ) ) ;
#1354 = ORIENTED_EDGE ( 'NONE', *, *, #10409, .T. ) ;
#1355 = FILL_AREA_STYLE_COLOUR ( '', #8654 ) ;
#1356 =( LENGTH_UNIT ( ) NAMED_UNIT ( * ) SI_UNIT ( .MILLI., .METRE. ) );
#1357 = SURFACE_SIDE_STYLE ('',( #4130 ) ) ;
#1358 = ORIENTED_EDGE ( 'NONE', *, *, #8569, .F. ) ;
#1359 = DIRECTION ( 'NONE',  ( -0.000000000000000000, -0.000000000000000000, -1.000000000000000000 ) ) ;
#1360 = ORIENTED_EDGE ( 'NONE', *, *, #1138, .T. ) ;
#1361 = ADVANCED_FACE ( 'NONE', ( #5878 ), #1151, .F. ) ;
#1362 = DIRECTION ( 'NONE',  ( 1.000000000000000000, 0.000000000000000000, 0.000000000000000000 ) ) ;
#1363 =( GEOMETRIC_REPRESENTATION_CONTEXT ( 3 ) GLOBAL_UNCERTAINTY_ASSIGNED_CONTEXT ( ( #7746 ) ) GLOBAL_UNIT_ASSIGNED_CONTEXT ( ( #11436, #7959, #4969 ) ) REPRESENTATION_CONTEXT ( 'NONE', 'WORKASPACE' ) );
#1364 = SURFACE_STYLE_FILL_AREA ( #4137 ) ;
#1365 = VECTOR ( 'NONE', #1342, 1000.000000000000000 ) ;
#1366 = DIRECTION ( 'NONE',  ( -1.000000000000000000, 0.000000000000000000, 0.000000000000000000 ) ) ;
#1367 = FILL_AREA_STYLE_COLOUR ( '', #2993 ) ;
#1368 = DIRECTION ( 'NONE',  ( -1.000000000000000000, -0.000000000000000000, 0.000000000000000000 ) ) ;
#1369 = DIRECTION ( 'NONE',  ( -1.000000000000000000, 0.000000000000000000, 0.000000000000000000 ) ) ;
#1370 = ORIENTED_EDGE ( 'NONE', *, *, #9753, .T. ) ;
#1371 = CARTESIAN_POINT ( 'NONE',  ( -0.3549999999999999822, 2.469999999999989981, 0.000000000000000000 ) ) ;
#1372 = FACE_OUTER_BOUND ( 'NONE', #9981, .T. ) ;
#1373 = ORIENTED_EDGE ( 'NONE', *, *, #11473, .F. ) ;
#1374 = CARTESIAN_POINT ( 'NONE',  ( -2.185000000000000497, -1.080000000000000071, 0.2500000000000000000 ) ) ;
#1375 = DIRECTION ( 'NONE',  ( 1.000000000000000000, 0.000000000000000000, 0.000000000000000000 ) ) ;
#1376 = PRESENTATION_STYLE_ASSIGNMENT (( #4150 ) ) ;
#1377 = EDGE_LOOP ( 'NONE', ( #2037, #1426, #7779, #7511 ) ) ;
#1378 = SURFACE_SIDE_STYLE ('',( #10496 ) ) ;
#1379 = SURFACE_STYLE_FILL_AREA ( #423 ) ;
#1380 = ORIENTED_EDGE ( 'NONE', *, *, #4590, .T. ) ;
#1381 = DIRECTION ( 'NONE',  ( -0.000000000000000000, -1.000000000000000000, -0.000000000000000000 ) ) ;
#1382 = DIRECTION ( 'NONE',  ( 0.000000000000000000, 0.000000000000000000, 1.000000000000000000 ) ) ;
#1383 = ORIENTED_EDGE ( 'NONE', *, *, #10961, .T. ) ;
#1384 = FILL_AREA_STYLE ('',( #2223 ) ) ;
#1385 = B_SPLINE_CURVE_WITH_KNOTS ( 'NONE', 3,
 ( #883, #6432, #5538, #9193 ),
 .UNSPECIFIED., .F., .F.,
 ( 4, 4 ),
 ( 0.000000000000000000, 1.000000000000000000 ),
 .UNSPECIFIED. ) ;
#1386 =( NAMED_UNIT ( * ) SI_UNIT ( $, .STERADIAN. ) SOLID_ANGLE_UNIT ( ) );
#1387 = ORIENTED_EDGE ( 'NONE', *, *, #10136, .T. ) ;
#1388 = MECHANICAL_DESIGN_GEOMETRIC_PRESENTATION_REPRESENTATION (  '', ( #6585 ), #8252 ) ;
#1389 =( NAMED_UNIT ( * ) PLANE_ANGLE_UNIT ( ) SI_UNIT ( $, .RADIAN. ) );
#1390 = DIRECTION ( 'NONE',  ( 1.000000000000000000, 0.000000000000000000, -0.000000000000000000 ) ) ;
#1391 = DIRECTION ( 'NONE',  ( 0.000000000000000000, 0.000000000000000000, -1.000000000000000000 ) ) ;
#1392 =( NAMED_UNIT ( * ) PLANE_ANGLE_UNIT ( ) SI_UNIT ( $, .RADIAN. ) );
#1393 = PRESENTATION_LAYER_ASSIGNMENT (  '', '', ( #10201 ) ) ;
#1394 = UNCERTAINTY_MEASURE_WITH_UNIT (LENGTH_MEASURE( 1.000000000000000082E-05 ), #7079, 'distance_accuracy_value', 'NONE');
#1395 = SURFACE_STYLE_USAGE ( .BOTH. , #4910 ) ;
#1396 = DIRECTION ( 'NONE',  ( 0.000000000000000000, -0.000000000000000000, -1.000000000000000000 ) ) ;
#1397 = AXIS2_PLACEMENT_3D ( 'NONE', #11802, #787, #11673 ) ;
#1398 = FILL_AREA_STYLE_COLOUR ( '', #4716 ) ;
#1399 = ORIENTED_EDGE ( 'NONE', *, *, #9912, .T. ) ;
#1400 = PLANE ( 'NONE',  #2846 ) ;
#1401 = EDGE_CURVE ( 'NONE', #9483, #5605, #1452, .T. ) ;
#1402 = FILL_AREA_STYLE_COLOUR ( '', #2755 ) ;
#1403 = ADVANCED_FACE ( 'NONE', ( #3436 ), #6883, .F. ) ;
#1404 = CARTESIAN_POINT ( 'NONE',  ( 0.4150000000000003131, 2.782500000000000195, 0.000000000000000000 ) ) ;
#1405 = VECTOR ( 'NONE', #3060, 1000.000000000000000 ) ;
#1406 =( GEOMETRIC_REPRESENTATION_CONTEXT ( 3 ) GLOBAL_UNCERTAINTY_ASSIGNED_CONTEXT ( ( #8103 ) ) GLOBAL_UNIT_ASSIGNED_CONTEXT ( ( #9154, #5558, #10067 ) ) REPRESENTATION_CONTEXT ( 'NONE', 'WORKASPACE' ) );
#1407 = VECTOR ( 'NONE', #3849, 1000.000000000000000 ) ;
#1408 = PRESENTATION_STYLE_ASSIGNMENT (( #8588 ) ) ;
#1409 = DIRECTION ( 'NONE',  ( 0.000000000000000000, -1.000000000000000000, -0.000000000000000000 ) ) ;
#1410 = ADVANCED_FACE ( 'NONE', ( #722 ), #6823, .F. ) ;
#1411 = EDGE_LOOP ( 'NONE', ( #6965, #6031, #269, #7069 ) ) ;
#1412 = SURFACE_STYLE_FILL_AREA ( #396 ) ;
#1413 = EDGE_CURVE ( 'NONE', #11417, #10988, #8030, .T. ) ;
#1414 = COLOUR_RGB ( '',0.2862745098039215508, 0.2862745098039215508, 0.2862745098039215508 ) ;
#1415 = PRESENTATION_STYLE_ASSIGNMENT (( #9616 ) ) ;
#1416 = DIRECTION ( 'NONE',  ( 0.000000000000000000, -1.000000000000000000, 0.000000000000000000 ) ) ;
#1417 = VERTEX_POINT ( 'NONE', #9944 ) ;
#1418 = CARTESIAN_POINT ( 'NONE',  ( 2.354463867161250334, 2.598187122972952068, 1.034235483637908404 ) ) ;
#1419 = VERTEX_POINT ( 'NONE', #782 ) ;
#1420 = CARTESIAN_POINT ( 'NONE',  ( 2.415190515153782691, -2.559980999734316143, 1.061160487096284744 ) ) ;
#1421 = CARTESIAN_POINT ( 'NONE',  ( 0.3775000000000000022, 2.782500000000000195, 0.000000000000000000 ) ) ;
#1422 = FILL_AREA_STYLE_COLOUR ( '', #353 ) ;
#1423 = STYLED_ITEM ( 'NONE', ( #10681 ), #3050 ) ;
#1424 = SURFACE_STYLE_FILL_AREA ( #11578 ) ;
#1425 = LINE ( 'NONE', #9798, #1228 ) ;
#1426 = ORIENTED_EDGE ( 'NONE', *, *, #10853, .T. ) ;
#1427 = SURFACE_STYLE_USAGE ( .BOTH. , #11407 ) ;
#1428 = EDGE_CURVE ( 'NONE', #9799, #8835, #2819, .T. ) ;
#1429 = UNCERTAINTY_MEASURE_WITH_UNIT (LENGTH_MEASURE( 1.000000000000000082E-05 ), #2005, 'distance_accuracy_value', 'NONE');
#1430 =( LENGTH_UNIT ( ) NAMED_UNIT ( * ) SI_UNIT ( .MILLI., .METRE. ) );
#1431 = EDGE_LOOP ( 'NONE', ( #636, #3886, #8415, #8275 ) ) ;
#1432 = SURFACE_SIDE_STYLE ('',( #9809 ) ) ;
#1433 = AXIS2_PLACEMENT_3D ( 'NONE', #7586, #6685, #1183 ) ;
#1434 =( GEOMETRIC_REPRESENTATION_CONTEXT ( 3 ) GLOBAL_UNCERTAINTY_ASSIGNED_CONTEXT ( ( #7615 ) ) GLOBAL_UNIT_ASSIGNED_CONTEXT ( ( #960, #4605, #3784 ) ) REPRESENTATION_CONTEXT ( 'NONE', 'WORKASPACE' ) );
#1435 = CARTESIAN_POINT ( 'NONE',  ( -2.354463867161247226, -2.519463867161246817, 1.020000000000002238 ) ) ;
#1436 = DIRECTION ( 'NONE',  ( 0.000000000000000000, 1.000000000000000000, 0.000000000000000000 ) ) ;
#1437 =( GEOMETRIC_REPRESENTATION_CONTEXT ( 3 ) GLOBAL_UNCERTAINTY_ASSIGNED_CONTEXT ( ( #4197 ) ) GLOBAL_UNIT_ASSIGNED_CONTEXT ( ( #4473, #7221, #9980 ) ) REPRESENTATION_CONTEXT ( 'NONE', 'WORKASPACE' ) );
#1438 = ORIENTED_EDGE ( 'NONE', *, *, #2103, .F. ) ;
#1439 = DIRECTION ( 'NONE',  ( 2.482885368578150050E-15, 1.000000000000000000, 0.000000000000000000 ) ) ;
#1440 = VECTOR ( 'NONE', #10159, 1000.000000000000000 ) ;
#1441 = UNCERTAINTY_MEASURE_WITH_UNIT (LENGTH_MEASURE( 1.000000000000000082E-05 ), #3630, 'distance_accuracy_value', 'NONE');
#1442 = DIRECTION ( 'NONE',  ( -1.000000000000000000, 0.000000000000000000, 0.000000000000000000 ) ) ;
#1443 = ORIENTED_EDGE ( 'NONE', *, *, #2722, .T. ) ;
#1444 = SURFACE_STYLE_FILL_AREA ( #2290 ) ;
#1445 = VERTEX_POINT ( 'NONE', #8086 ) ;
#1446 = CYLINDRICAL_SURFACE ( 'NONE', #7188, 0.03749999999999999167 ) ;
#1447 = VECTOR ( 'NONE', #5469, 1000.000000000000000 ) ;
#1448 = STYLED_ITEM ( 'NONE', ( #3338 ), #7349 ) ;
#1449 = CARTESIAN_POINT ( 'NONE',  ( -0.3775000000000000022, -3.220000000000000195, 0.000000000000000000 ) ) ;
#1450 = LINE ( 'NONE', #8684, #5398 ) ;
#1451 = MECHANICAL_DESIGN_GEOMETRIC_PRESENTATION_REPRESENTATION (  '', ( #1077 ), #7363 ) ;
#1452 = LINE ( 'NONE', #5930, #3707 ) ;
#1453 = DIRECTION ( 'NONE',  ( -6.938893903907230350E-16, 1.000000000000000000, -0.000000000000000000 ) ) ;
#1454 = STYLED_ITEM ( 'NONE', ( #5390 ), #7695 ) ;
#1455 = CARTESIAN_POINT ( 'NONE',  ( -2.162500000000000089, -3.220000000000000195, 0.000000000000000000 ) ) ;
#1456 = VECTOR ( 'NONE', #9125, 1000.000000000000000 ) ;
#1457 = EDGE_CURVE ( 'NONE', #1082, #7026, #9210, .T. ) ;
#1458 = FILL_AREA_STYLE ('',( #5098 ) ) ;
#1459 = DIRECTION ( 'NONE',  ( 0.000000000000000000, 1.000000000000000000, 0.000000000000000000 ) ) ;
#1460 = CARTESIAN_POINT ( 'NONE',  ( 1.905000000000000027, 2.470000000000000195, 0.2500000000000000000 ) ) ;
#1461 = ORIENTED_EDGE ( 'NONE', *, *, #8900, .T. ) ;
#1462 =( GEOMETRIC_REPRESENTATION_CONTEXT ( 3 ) GLOBAL_UNCERTAINTY_ASSIGNED_CONTEXT ( ( #702 ) ) GLOBAL_UNIT_ASSIGNED_CONTEXT ( ( #10375, #5870, #5983 ) ) REPRESENTATION_CONTEXT ( 'NONE', 'WORKASPACE' ) );
#1463 =( NAMED_UNIT ( * ) PLANE_ANGLE_UNIT ( ) SI_UNIT ( $, .RADIAN. ) );
#1464 = PRESENTATION_STYLE_ASSIGNMENT (( #4173 ) ) ;
#1465 =( GEOMETRIC_REPRESENTATION_CONTEXT ( 3 ) GLOBAL_UNCERTAINTY_ASSIGNED_CONTEXT ( ( #10040 ) ) GLOBAL_UNIT_ASSIGNED_CONTEXT ( ( #571, #9958, #2498 ) ) REPRESENTATION_CONTEXT ( 'NONE', 'WORKASPACE' ) );
#1466 = STYLED_ITEM ( 'NONE', ( #9543 ), #2942 ) ;
#1467 = SURFACE_STYLE_FILL_AREA ( #451 ) ;
#1468 = AXIS2_PLACEMENT_3D ( 'NONE', #5824, #445, #9657 ) ;
#1469 = LINE ( 'NONE', #9731, #9298 ) ;
#1470 = LINE ( 'NONE', #572, #2594 ) ;
#1471 = ORIENTED_EDGE ( 'NONE', *, *, #2453, .F. ) ;
#1472 = AXIS2_PLACEMENT_3D ( 'NONE', #6345, #3502, #1580 ) ;
#1473 = PRESENTATION_STYLE_ASSIGNMENT (( #5952 ) ) ;
#1474 = DIRECTION ( 'NONE',  ( 1.000000000000000000, -0.000000000000000000, 0.000000000000000000 ) ) ;
#1475 = DIRECTION ( 'NONE',  ( 6.938893903907230350E-16, -1.000000000000000000, 0.000000000000000000 ) ) ;
#1476 = EDGE_LOOP ( 'NONE', ( #2428, #8428, #2245, #2180 ) ) ;
#1477 = CARTESIAN_POINT ( 'NONE',  ( 0.4150000000000003686, -2.782500000000000195, 0.2500000000000000000 ) ) ;
#1478 = ORIENTED_EDGE ( 'NONE', *, *, #7913, .T. ) ;
#1479 = CARTESIAN_POINT ( 'NONE',  ( 2.366039280427573388, -2.436089990849911846, 1.142992413286236575 ) ) ;
#1480 = ADVANCED_FACE ( 'NONE', ( #7123 ), #1680, .T. ) ;
#1481 = COLOUR_RGB ( '',0.8313725490196077761, 0.8313725490196077761, 0.8313725490196077761 ) ;
#1482 = ADVANCED_FACE ( 'NONE', ( #10004 ), #5506, .F. ) ;
#1483 = DIRECTION ( 'NONE',  ( -1.000000000000000000, -9.001808307771530402E-16, 0.000000000000000000 ) ) ;
#1484 = CARTESIAN_POINT ( 'NONE',  ( -0.8924999999999999600, 2.507499999999999840, 0.2500000000000000000 ) ) ;
#1485 = ORIENTED_EDGE ( 'NONE', *, *, #708, .F. ) ;
#1486 = CARTESIAN_POINT ( 'NONE',  ( -1.647500000000000187, -2.657500000000000195, 0.2500000000000000000 ) ) ;
#1487 = VECTOR ( 'NONE', #10507, 1000.000000000000000 ) ;
#1488 = CARTESIAN_POINT ( 'NONE',  ( -2.574999999999999289, -0.1800000000000000488, 0.000000000000000000 ) ) ;
#1489 = LINE ( 'NONE', #2338, #10327 ) ;
#1490 = ADVANCED_FACE ( 'NONE', ( #10938 ), #3729, .F. ) ;
#1491 = STYLED_ITEM ( 'NONE', ( #7394 ), #7180 ) ;
#1492 = CYLINDRICAL_SURFACE ( 'NONE', #3731, 0.1867673477050099673 ) ;
#1493 = ADVANCED_FACE ( 'NONE', ( #1195 ), #7530, .F. ) ;
#1494 = VERTEX_POINT ( 'NONE', #11358 ) ;
#1495 = AXIS2_PLACEMENT_3D ( 'NONE', #235, #8487, #2275 ) ;
#1496 = CYLINDRICAL_SURFACE ( 'NONE', #7184, 0.03749999999999999167 ) ;
#1497 = DIRECTION ( 'NONE',  ( 0.000000000000000000, -0.000000000000000000, 1.000000000000000000 ) ) ;
#1498 = ORIENTED_EDGE ( 'NONE', *, *, #11111, .F. ) ;
#1499 = PRESENTATION_STYLE_ASSIGNMENT (( #6811 ) ) ;
#1500 = CARTESIAN_POINT ( 'NONE',  ( 1.905000000000000027, 3.220000000000000195, 0.000000000000000000 ) ) ;
#1501 = VERTEX_POINT ( 'NONE', #182 ) ;
#1502 = PRESENTATION_STYLE_ASSIGNMENT (( #375 ) ) ;
#1503 =( NAMED_UNIT ( * ) SI_UNIT ( $, .STERADIAN. ) SOLID_ANGLE_UNIT ( ) );
#1504 =( LENGTH_UNIT ( ) NAMED_UNIT ( * ) SI_UNIT ( .MILLI., .METRE. ) );
#1505 = VECTOR ( 'NONE', #4149, 1000.000000000000000 ) ;
#1506 = FILL_AREA_STYLE ('',( #3375 ) ) ;
#1507 = VECTOR ( 'NONE', #10906, 1000.000000000000000 ) ;
#1508 = CARTESIAN_POINT ( 'NONE',  ( -0.8549999999999999822, 2.782500000000000195, 0.000000000000000000 ) ) ;
#1509 = EDGE_CURVE ( 'NONE', #10836, #11381, #8547, .T. ) ;
#1510 = CARTESIAN_POINT ( 'NONE',  ( -2.125000000000000000, -2.739999999999999325, 0.2499999999999998890 ) ) ;
#1511 = UNCERTAINTY_MEASURE_WITH_UNIT (LENGTH_MEASURE( 1.000000000000000082E-05 ), #10186, 'distance_accuracy_value', 'NONE');
#1512 =( NAMED_UNIT ( * ) SI_UNIT ( $, .STERADIAN. ) SOLID_ANGLE_UNIT ( ) );
#1513 = DIRECTION ( 'NONE',  ( 1.000000000000000000, -2.837236618486540049E-13, -0.000000000000000000 ) ) ;
#1514 = PRESENTATION_STYLE_ASSIGNMENT (( #5763 ) ) ;
#1515 = PRESENTATION_STYLE_ASSIGNMENT (( #561 ) ) ;
#1516 = ORIENTED_EDGE ( 'NONE', *, *, #10123, .T. ) ;
#1517 = ITEM_DEFINED_TRANSFORMATION ( 'NONE', 'NONE', #1653,  #5287 ) ;
#1518 = CIRCLE ( 'NONE', #951, 0.03749999999999999167 ) ;
#1519 = FILL_AREA_STYLE ('',( #7862 ) ) ;
#1520 = DIRECTION ( 'NONE',  ( 0.000000000000000000, 0.000000000000000000, 1.000000000000000000 ) ) ;
#1521 = LINE ( 'NONE', #8929, #3435 ) ;
#1522 = CIRCLE ( 'NONE', #11907, 0.03749999999999999167 ) ;
#1523 = FILL_AREA_STYLE_COLOUR ( '', #4756 ) ;
#1524 = COLOUR_RGB ( '',0.2862745098039215508, 0.2862745098039215508, 0.2862745098039215508 ) ;
#1525 = LINE ( 'NONE', #628, #11448 ) ;
#1526 = UNCERTAINTY_MEASURE_WITH_UNIT (LENGTH_MEASURE( 1.000000000000000082E-05 ), #11170, 'distance_accuracy_value', 'NONE');
#1527 =( NAMED_UNIT ( * ) SI_UNIT ( $, .STERADIAN. ) SOLID_ANGLE_UNIT ( ) );
#1528 = VERTEX_POINT ( 'NONE', #7479 ) ;
#1529 =( NAMED_UNIT ( * ) SI_UNIT ( $, .STERADIAN. ) SOLID_ANGLE_UNIT ( ) );
#1530 = FILL_AREA_STYLE_COLOUR ( '', #6047 ) ;
#1531 = CARTESIAN_POINT ( 'NONE',  ( -2.575000000000000178, -2.740000000000000213, 0.000000000000000000 ) ) ;
#1532 =( NAMED_UNIT ( * ) PLANE_ANGLE_UNIT ( ) SI_UNIT ( $, .RADIAN. ) );
#1533 = VERTEX_POINT ( 'NONE', #237 ) ;
#1534 = CARTESIAN_POINT ( 'NONE',  ( -2.354463867161250334, 2.519463867161249482, 1.020000000000000018 ) ) ;
#1535 = VERTEX_POINT ( 'NONE', #5679 ) ;
#1536 = FILL_AREA_STYLE_COLOUR ( '', #7808 ) ;
#1537 = LINE ( 'NONE', #3406, #3623 ) ;
#1538 =( NAMED_UNIT ( * ) SI_UNIT ( $, .STERADIAN. ) SOLID_ANGLE_UNIT ( ) );
#1539 = CARTESIAN_POINT ( 'NONE',  ( -5.551115123125779744E-16, 2.740000000000000213, 0.2500000000000000000 ) ) ;
#1540 = CIRCLE ( 'NONE', #1153, 0.08000000000000020983 ) ;
#1541 = ORIENTED_EDGE ( 'NONE', *, *, #6207, .F. ) ;
#1542 = UNCERTAINTY_MEASURE_WITH_UNIT (LENGTH_MEASURE( 1.000000000000000082E-05 ), #5521, 'distance_accuracy_value', 'NONE');
#1543 = DIRECTION ( 'NONE',  ( 9.001808307771530402E-16, -1.000000000000000000, 0.000000000000000000 ) ) ;
#1544 = CARTESIAN_POINT ( 'NONE',  ( 1.905000000000000027, 2.419999999999999929, 0.000000000000000000 ) ) ;
#1545 = EDGE_CURVE ( 'NONE', #7391, #400, #1135, .T. ) ;
#1546 = VECTOR ( 'NONE', #6708, 1000.000000000000000 ) ;
#1547 = SURFACE_STYLE_FILL_AREA ( #6032 ) ;
#1548 = EDGE_CURVE ( 'NONE', #11218, #8243, #11237, .T. ) ;
#1549 = EDGE_CURVE ( 'NONE', #11400, #2920, #841, .T. ) ;
#1550 = DIRECTION ( 'NONE',  ( -0.000000000000000000, -0.000000000000000000, -1.000000000000000000 ) ) ;
#1551 = ORIENTED_EDGE ( 'NONE', *, *, #4002, .T. ) ;
#1552 = DIRECTION ( 'NONE',  ( 1.000000000000000000, 0.000000000000000000, 0.000000000000000000 ) ) ;
#1553 = PRESENTATION_LAYER_ASSIGNMENT (  '', '', ( #7858 ) ) ;
#1554 = FILL_AREA_STYLE_COLOUR ( '', #7155 ) ;
#1555 = ORIENTED_EDGE ( 'NONE', *, *, #6659, .F. ) ;
#1556 = VECTOR ( 'NONE', #11901, 1000.000000000000000 ) ;
#1557 = CARTESIAN_POINT ( 'NONE',  ( 2.185000000000000497, -0.6799999999999990496, 0.000000000000000000 ) ) ;
#1558 = ORIENTED_EDGE ( 'NONE', *, *, #4692, .T. ) ;
#1559 = EDGE_CURVE ( 'NONE', #1669, #4078, #3975, .T. ) ;
#1560 = EDGE_CURVE ( 'NONE', #9591, #7903, #2148, .T. ) ;
#1561 = SURFACE_STYLE_FILL_AREA ( #2586 ) ;
#1562 = SURFACE_SIDE_STYLE ('',( #1619 ) ) ;
#1563 = EDGE_CURVE ( 'NONE', #4245, #5854, #3291, .T. ) ;
#1564 = LINE ( 'NONE', #9770, #2405 ) ;
#1565 =( GEOMETRIC_REPRESENTATION_CONTEXT ( 3 ) GLOBAL_UNCERTAINTY_ASSIGNED_CONTEXT ( ( #10631 ) ) GLOBAL_UNIT_ASSIGNED_CONTEXT ( ( #6739, #3394, #10697 ) ) REPRESENTATION_CONTEXT ( 'NONE', 'WORKASPACE' ) );
#1566 = PRESENTATION_STYLE_ASSIGNMENT (( #11672 ) ) ;
#1567 =( NAMED_UNIT ( * ) SI_UNIT ( $, .STERADIAN. ) SOLID_ANGLE_UNIT ( ) );
#1568 = FILL_AREA_STYLE_COLOUR ( '', #11435 ) ;
#1569 =( NAMED_UNIT ( * ) SI_UNIT ( $, .STERADIAN. ) SOLID_ANGLE_UNIT ( ) );
#1570 = EDGE_CURVE ( 'NONE', #701, #10374, #1317, .T. ) ;
#1571 = AXIS2_PLACEMENT_3D ( 'NONE', #3674, #5570, #1991 ) ;
#1572 = ORIENTED_EDGE ( 'NONE', *, *, #324, .F. ) ;
#1573 = PRESENTATION_STYLE_ASSIGNMENT (( #8985 ) ) ;
#1574 = MECHANICAL_DESIGN_GEOMETRIC_PRESENTATION_REPRESENTATION (  '', ( #3684 ), #8254 ) ;
#1575 = DIRECTION ( 'NONE',  ( 2.713878504639269916E-13, 1.000000000000000000, 0.000000000000000000 ) ) ;
#1576 = MECHANICAL_DESIGN_GEOMETRIC_PRESENTATION_REPRESENTATION (  '', ( #4081 ), #11373 ) ;
#1577 = SURFACE_STYLE_USAGE ( .BOTH. , #7262 ) ;
#1578 = STYLED_ITEM ( 'NONE', ( #10328 ), #1361 ) ;
#1579 =( NAMED_UNIT ( * ) PLANE_ANGLE_UNIT ( ) SI_UNIT ( $, .RADIAN. ) );
#1580 = DIRECTION ( 'NONE',  ( 0.000000000000000000, -0.000000000000000000, -1.000000000000000000 ) ) ;
#1581 = SURFACE_SIDE_STYLE ('',( #1184 ) ) ;
#1582 = SURFACE_SIDE_STYLE ('',( #8815 ) ) ;
#1583 = ORIENTED_EDGE ( 'NONE', *, *, #402, .F. ) ;
#1584 =( NAMED_UNIT ( * ) SI_UNIT ( $, .STERADIAN. ) SOLID_ANGLE_UNIT ( ) );
#1585 = PRESENTATION_STYLE_ASSIGNMENT (( #2611 ) ) ;
#1586 = ORIENTED_EDGE ( 'NONE', *, *, #3412, .T. ) ;
#1587 = SURFACE_SIDE_STYLE ('',( #7996 ) ) ;
#1588 = ORIENTED_EDGE ( 'NONE', *, *, #605, .T. ) ;
#1589 = VECTOR ( 'NONE', #7499, 1000.000000000000000 ) ;
#1590 = VECTOR ( 'NONE', #10423, 1000.000000000000000 ) ;
#1591 = LINE ( 'NONE', #7151, #5048 ) ;
#1592 = SURFACE_STYLE_FILL_AREA ( #7031 ) ;
#1593 = CARTESIAN_POINT ( 'NONE',  ( 0.4149999999999999800, 2.770000000000000018, 0.000000000000000000 ) ) ;
#1594 = VECTOR ( 'NONE', #4026, 1000.000000000000000 ) ;
#1595 = VECTOR ( 'NONE', #3911, 1000.000000000000000 ) ;
#1596 = ORIENTED_EDGE ( 'NONE', *, *, #11062, .T. ) ;
#1597 = AXIS2_PLACEMENT_3D ( 'NONE', #647, #6127, #1543 ) ;
#1598 = FACE_OUTER_BOUND ( 'NONE', #9991, .T. ) ;
#1599 = PLANE ( 'NONE',  #11206 ) ;
#1600 = VERTEX_POINT ( 'NONE', #3247 ) ;
#1601 =( LENGTH_UNIT ( ) NAMED_UNIT ( * ) SI_UNIT ( .MILLI., .METRE. ) );
#1602 = VERTEX_POINT ( 'NONE', #5916 ) ;
#1603 = CARTESIAN_POINT ( 'NONE',  ( -0.8549999999999998712, 2.507499999999999840, 0.2500000000000000000 ) ) ;
#1604 = DIRECTION ( 'NONE',  ( 0.000000000000000000, 0.000000000000000000, 1.000000000000000000 ) ) ;
#1605 = MECHANICAL_DESIGN_GEOMETRIC_PRESENTATION_REPRESENTATION (  '', ( #471 ), #8491 ) ;
#1606 = ORIENTED_EDGE ( 'NONE', *, *, #6440, .F. ) ;
#1607 = CARTESIAN_POINT ( 'NONE',  ( -2.481424832439820261, -0.1799999999999999933, 0.000000000000000000 ) ) ;
#1608 = DIRECTION ( 'NONE',  ( -0.000000000000000000, 1.000000000000000000, 0.000000000000000000 ) ) ;
#1609 = DIRECTION ( 'NONE',  ( 0.000000000000000000, 0.000000000000000000, -1.000000000000000000 ) ) ;
#1610 =( NAMED_UNIT ( * ) SI_UNIT ( $, .STERADIAN. ) SOLID_ANGLE_UNIT ( ) );
#1611 = VERTEX_POINT ( 'NONE', #5139 ) ;
#1612 = FILL_AREA_STYLE ('',( #606 ) ) ;
#1613 = SURFACE_STYLE_FILL_AREA ( #11790 ) ;
#1614 = EDGE_LOOP ( 'NONE', ( #8316, #2504, #2804, #9065 ) ) ;
#1615 = SURFACE_SIDE_STYLE ('',( #26 ) ) ;
#1616 = VECTOR ( 'NONE', #5489, 1000.000000000000000 ) ;
#1617 = CIRCLE ( 'NONE', #858, 0.03750000000000020678 ) ;
#1618 =( LENGTH_UNIT ( ) NAMED_UNIT ( * ) SI_UNIT ( .MILLI., .METRE. ) );
#1619 = SURFACE_STYLE_FILL_AREA ( #8740 ) ;
#1620 = FILL_AREA_STYLE_COLOUR ( '', #10996 ) ;
#1621 = AXIS2_PLACEMENT_3D ( 'NONE', #23, #5422, #10778 ) ;
#1622 = DIRECTION ( 'NONE',  ( -0.000000000000000000, 1.000000000000000000, 0.000000000000000000 ) ) ;
#1623 = DIRECTION ( 'NONE',  ( -0.000000000000000000, 1.000000000000000000, 0.000000000000000000 ) ) ;
#1624 = EDGE_CURVE ( 'NONE', #7534, #11218, #8840, .T. ) ;
#1625 = EDGE_CURVE ( 'NONE', #4896, #1082, #5973, .T. ) ;
#1626 = MECHANICAL_DESIGN_GEOMETRIC_PRESENTATION_REPRESENTATION (  '', ( #8134 ), #2985 ) ;
#1627 = ADVANCED_FACE ( 'NONE', ( #11655 ), #9636, .T. ) ;
#1628 = UNCERTAINTY_MEASURE_WITH_UNIT (LENGTH_MEASURE( 1.000000000000000082E-05 ), #4992, 'distance_accuracy_value', 'NONE');
#1629 = CARTESIAN_POINT ( 'NONE',  ( 2.381424832439820172, -0.07999999999999900246, 0.000000000000000000 ) ) ;
#1630 = CARTESIAN_POINT ( 'NONE',  ( 0.3549999999999999822, 2.470000000000000195, 0.000000000000000000 ) ) ;
#1631 = ORIENTED_EDGE ( 'NONE', *, *, #11255, .T. ) ;
#1632 = VECTOR ( 'NONE', #7611, 1000.000000000000000 ) ;
#1633 = DIRECTION ( 'NONE',  ( -1.000000000000000000, -0.000000000000000000, -0.000000000000000000 ) ) ;
#1634 = LINE ( 'NONE', #11614, #8753 ) ;
#1635 = STYLED_ITEM ( 'NONE', ( #6222 ), #7693 ) ;
#1636 = FACE_OUTER_BOUND ( 'NONE', #4408, .T. ) ;
#1637 = DIRECTION ( 'NONE',  ( 0.000000000000000000, -1.000000000000000000, -0.000000000000000000 ) ) ;
#1638 = CARTESIAN_POINT ( 'NONE',  ( -0.8924999999999999600, -2.620000000000000107, 0.2500000000000000000 ) ) ;
#1639 = UNCERTAINTY_MEASURE_WITH_UNIT (LENGTH_MEASURE( 1.000000000000000082E-05 ), #2375, 'distance_accuracy_value', 'NONE');
#1640 = SURFACE_SIDE_STYLE ('',( #923 ) ) ;
#1641 = VERTEX_POINT ( 'NONE', #2278 ) ;
#1642 = DIRECTION ( 'NONE',  ( -1.000000000000000000, 1.586032892321630158E-14, -0.000000000000000000 ) ) ;
#1643 = AXIS2_PLACEMENT_3D ( 'NONE', #2292, #4040, #8619 ) ;
#1644 = SURFACE_SIDE_STYLE ('',( #6967 ) ) ;
#1645 = ORIENTED_EDGE ( 'NONE', *, *, #6817, .T. ) ;
#1646 = DIRECTION ( 'NONE',  ( -0.000000000000000000, 0.000000000000000000, -1.000000000000000000 ) ) ;
#1647 =( GEOMETRIC_REPRESENTATION_CONTEXT ( 3 ) GLOBAL_UNCERTAINTY_ASSIGNED_CONTEXT ( ( #5130 ) ) GLOBAL_UNIT_ASSIGNED_CONTEXT ( ( #409, #641, #5962 ) ) REPRESENTATION_CONTEXT ( 'NONE', 'WORKASPACE' ) );
#1648 = EDGE_LOOP ( 'NONE', ( #9496, #358, #106, #9987 ) ) ;
#1649 = PRESENTATION_LAYER_ASSIGNMENT (  '', '', ( #11067 ) ) ;
#1650 =( LENGTH_UNIT ( ) NAMED_UNIT ( * ) SI_UNIT ( .MILLI., .METRE. ) );
#1651 = CYLINDRICAL_SURFACE ( 'NONE', #6768, 0.03750000000000031780 ) ;
#1652 = VECTOR ( 'NONE', #7374, 1000.000000000000000 ) ;
#1653 = AXIS2_PLACEMENT_3D ( 'NONE', #7738, #6767, #389 ) ;
#1654 = PRESENTATION_LAYER_ASSIGNMENT (  '', '', ( #2808 ) ) ;
#1655 = SURFACE_STYLE_USAGE ( .BOTH. , #11764 ) ;
#1656 = CARTESIAN_POINT ( 'NONE',  ( 0.000000000000000000, -0.07999999999999900246, 0.000000000000000000 ) ) ;
#1657 = SURFACE_STYLE_FILL_AREA ( #6186 ) ;
#1658 = ORIENTED_EDGE ( 'NONE', *, *, #3023, .T. ) ;
#1659 = FILL_AREA_STYLE_COLOUR ( '', #4809 ) ;
#1660 = UNCERTAINTY_MEASURE_WITH_UNIT (LENGTH_MEASURE( 1.000000000000000082E-05 ), #8216, 'distance_accuracy_value', 'NONE');
#1661 =( NAMED_UNIT ( * ) PLANE_ANGLE_UNIT ( ) SI_UNIT ( $, .RADIAN. ) );
#1662 = CARTESIAN_POINT ( 'NONE',  ( 0.9150000000000000355, 2.419999999999999929, 0.2500000000000000000 ) ) ;
#1663 = VERTEX_POINT ( 'NONE', #7709 ) ;
#1664 = DIRECTION ( 'NONE',  ( -0.000000000000000000, 0.000000000000000000, 1.000000000000000000 ) ) ;
#1665 = ORIENTED_EDGE ( 'NONE', *, *, #10726, .T. ) ;
#1666 = AXIS2_PLACEMENT_3D ( 'NONE', #7017, #8102, #740 ) ;
#1667 = MECHANICAL_DESIGN_GEOMETRIC_PRESENTATION_REPRESENTATION (  '', ( #10290 ), #7209 ) ;
#1668 = CARTESIAN_POINT ( 'NONE',  ( -1.647500000000000187, 3.220000000000000195, 0.000000000000000000 ) ) ;
#1669 = VERTEX_POINT ( 'NONE', #2401 ) ;
#1670 = FACE_OUTER_BOUND ( 'NONE', #6505, .T. ) ;
#1671 = CARTESIAN_POINT ( 'NONE',  ( -2.149999999999999911, 0.02000000000000048614, 0.000000000000000000 ) ) ;
#1672 = UNCERTAINTY_MEASURE_WITH_UNIT (LENGTH_MEASURE( 1.000000000000000082E-05 ), #746, 'distance_accuracy_value', 'NONE');
#1673 = CARTESIAN_POINT ( 'NONE',  ( 2.381424832439820172, -0.07999999999999890532, 0.000000000000000000 ) ) ;
#1674 = ORIENTED_EDGE ( 'NONE', *, *, #665, .T. ) ;
#1675 = CARTESIAN_POINT ( 'NONE',  ( 2.381424832439820172, -0.6799999999999990496, 0.000000000000000000 ) ) ;
#1676 = SURFACE_STYLE_USAGE ( .BOTH. , #11728 ) ;
#1677 = VERTEX_POINT ( 'NONE', #10670 ) ;
#1678 = CARTESIAN_POINT ( 'NONE',  ( -2.162499999999999645, 2.469999999999999751, 0.2500000000000000000 ) ) ;
#1679 = DIRECTION ( 'NONE',  ( 1.000000000000000000, -0.000000000000000000, 0.000000000000000000 ) ) ;
#1680 = CYLINDRICAL_SURFACE ( 'NONE', #5606, 0.03749999999999999167 ) ;
#1681 = PRODUCT_RELATED_PRODUCT_CATEGORY ( 'part', '', ( #7425 ) ) ;
#1682 = CIRCLE ( 'NONE', #8368, 0.03749999999999999167 ) ;
#1683 = CARTESIAN_POINT ( 'NONE',  ( 0.3775000000000000022, 2.469999999999999751, 0.000000000000000000 ) ) ;
#1684 =( NAMED_UNIT ( * ) SI_UNIT ( $, .STERADIAN. ) SOLID_ANGLE_UNIT ( ) );
#1685 =( GEOMETRIC_REPRESENTATION_CONTEXT ( 3 ) GLOBAL_UNCERTAINTY_ASSIGNED_CONTEXT ( ( #3117 ) ) GLOBAL_UNIT_ASSIGNED_CONTEXT ( ( #10921, #4538, #2632 ) ) REPRESENTATION_CONTEXT ( 'NONE', 'WORKASPACE' ) );
#1686 = FILL_AREA_STYLE_COLOUR ( '', #2321 ) ;
#1687 = VERTEX_POINT ( 'NONE', #4208 ) ;
#1688 = ADVANCED_FACE ( 'NONE', ( #6926 ), #1492, .T. ) ;
#1689 = FILL_AREA_STYLE_COLOUR ( '', #8004 ) ;
#1690 =( NAMED_UNIT ( * ) PLANE_ANGLE_UNIT ( ) SI_UNIT ( $, .RADIAN. ) );
#1691 = COLOUR_RGB ( '',0.2862745098039215508, 0.2862745098039215508, 0.2862745098039215508 ) ;
#1692 = ADVANCED_FACE ( 'NONE', ( #6319 ), #1781, .T. ) ;
#1693 = EDGE_CURVE ( 'NONE', #9757, #705, #2188, .T. ) ;
#1694 = CIRCLE ( 'NONE', #11126, 0.03750000000000031780 ) ;
#1695 = CARTESIAN_POINT ( 'NONE',  ( -5.551115123125779744E-16, 2.470000000000000195, 0.2500000000000000000 ) ) ;
#1696 = FACE_OUTER_BOUND ( 'NONE', #3998, .T. ) ;
#1697 = DIRECTION ( 'NONE',  ( 0.000000000000000000, 1.000000000000000000, 0.000000000000000000 ) ) ;
#1698 = LINE ( 'NONE', #6410, #9468 ) ;
#1699 = MECHANICAL_DESIGN_GEOMETRIC_PRESENTATION_REPRESENTATION (  '', ( #10699 ), #6281 ) ;
#1700 = ORIENTED_EDGE ( 'NONE', *, *, #1046, .F. ) ;
#1701 =( LENGTH_UNIT ( ) NAMED_UNIT ( * ) SI_UNIT ( .MILLI., .METRE. ) );
#1702 = SURFACE_SIDE_STYLE ('',( #748 ) ) ;
#1703 = SURFACE_SIDE_STYLE ('',( #6172 ) ) ;
#1704 = ORIENTED_EDGE ( 'NONE', *, *, #3102, .T. ) ;
#1705 = FILL_AREA_STYLE_COLOUR ( '', #8796 ) ;
#1706 = EDGE_CURVE ( 'NONE', #11628, #373, #10793, .T. ) ;
#1707 = EDGE_CURVE ( 'NONE', #491, #5793, #769, .T. ) ;
#1708 = ORIENTED_EDGE ( 'NONE', *, *, #3193, .T. ) ;
#1709 = VECTOR ( 'NONE', #8340, 1000.000000000000000 ) ;
#1710 =( NAMED_UNIT ( * ) SI_UNIT ( $, .STERADIAN. ) SOLID_ANGLE_UNIT ( ) );
#1711 = EDGE_CURVE ( 'NONE', #999, #8535, #6199, .T. ) ;
#1712 = COLOUR_RGB ( '',0.8313725490196077761, 0.8313725490196077761, 0.8313725490196077761 ) ;
#1713 = LINE ( 'NONE', #1768, #3188 ) ;
#1714 = MECHANICAL_DESIGN_GEOMETRIC_PRESENTATION_REPRESENTATION (  '', ( #1142 ), #3640 ) ;
#1715 = ORIENTED_EDGE ( 'NONE', *, *, #10409, .F. ) ;
#1716 =( NAMED_UNIT ( * ) SI_UNIT ( $, .STERADIAN. ) SOLID_ANGLE_UNIT ( ) );
#1717 = CARTESIAN_POINT ( 'NONE',  ( -0.3775000000000000022, 2.782500000000000195, 0.000000000000000000 ) ) ;
#1718 = ORIENTED_EDGE ( 'NONE', *, *, #9768, .T. ) ;
#1719 = DIRECTION ( 'NONE',  ( -0.000000000000000000, 0.000000000000000000, 1.000000000000000000 ) ) ;
#1720 = ADVANCED_FACE ( 'NONE', ( #1839 ), #6177, .T. ) ;
#1721 = EDGE_LOOP ( 'NONE', ( #8067, #7249, #4770, #4865 ) ) ;
#1722 = LINE ( 'NONE', #165, #5918 ) ;
#1723 = COLOUR_RGB ( '',0.2862745098039215508, 0.2862745098039215508, 0.2862745098039215508 ) ;
#1724 =( NAMED_UNIT ( * ) SI_UNIT ( $, .STERADIAN. ) SOLID_ANGLE_UNIT ( ) );
#1725 = ORIENTED_EDGE ( 'NONE', *, *, #4497, .T. ) ;
#1726 = SURFACE_STYLE_USAGE ( .BOTH. , #9201 ) ;
#1727 = FILL_AREA_STYLE_COLOUR ( '', #7078 ) ;
#1728 = DIRECTION ( 'NONE',  ( 0.7071067811865460184, -0.7071067811865490160, 0.000000000000000000 ) ) ;
#1729 = CARTESIAN_POINT ( 'NONE',  ( -1.625000000000000222, 2.469999999999989981, 0.000000000000000000 ) ) ;
#1730 = EDGE_LOOP ( 'NONE', ( #8494, #9264, #5383, #7756 ) ) ;
#1731 = PLANE ( 'NONE',  #2171 ) ;
#1732 = LINE ( 'NONE', #3597, #4650 ) ;
#1733 = VERTEX_POINT ( 'NONE', #6496 ) ;
#1734 = VECTOR ( 'NONE', #4520, 1000.000000000000000 ) ;
#1735 = PLANE ( 'NONE',  #6641 ) ;
#1736 = DIRECTION ( 'NONE',  ( -0.000000000000000000, -0.000000000000000000, -1.000000000000000000 ) ) ;
#1737 = CARTESIAN_POINT ( 'NONE',  ( -2.185000000000000497, 2.470000000000000195, 0.000000000000000000 ) ) ;
#1738 = FILL_AREA_STYLE_COLOUR ( '', #4288 ) ;
#1739 =( GEOMETRIC_REPRESENTATION_CONTEXT ( 3 ) GLOBAL_UNCERTAINTY_ASSIGNED_CONTEXT ( ( #6165 ) ) GLOBAL_UNIT_ASSIGNED_CONTEXT ( ( #260, #11014, #66 ) ) REPRESENTATION_CONTEXT ( 'NONE', 'WORKASPACE' ) );
#1740 = LINE ( 'NONE', #2769, #3956 ) ;
#1741 = CARTESIAN_POINT ( 'NONE',  ( -2.400333753858187258, -2.603043993245605758, 1.040689696709083290 ) ) ;
#1742 = UNCERTAINTY_MEASURE_WITH_UNIT (LENGTH_MEASURE( 1.000000000000000082E-05 ), #2096, 'distance_accuracy_value', 'NONE');
#1743 = SURFACE_STYLE_FILL_AREA ( #909 ) ;
#1744 = CARTESIAN_POINT ( 'NONE',  ( 2.415190515153783579, 2.559980999734317919, 1.061160487096284077 ) ) ;
#1745 = PRESENTATION_STYLE_ASSIGNMENT (( #6519 ) ) ;
#1746 = ORIENTED_EDGE ( 'NONE', *, *, #11591, .F. ) ;
#1747 = CIRCLE ( 'NONE', #7865, 0.1867673477050099673 ) ;
#1748 = PRESENTATION_STYLE_ASSIGNMENT (( #4293 ) ) ;
#1749 = SURFACE_SIDE_STYLE ('',( #4345 ) ) ;
#1750 = LINE ( 'NONE', #917, #10473 ) ;
#1751 = CARTESIAN_POINT ( 'NONE',  ( 0.4150000000000003131, -2.657500000000000195, 0.2500000000000000000 ) ) ;
#1752 = LINE ( 'NONE', #10895, #9498 ) ;
#1753 = UNCERTAINTY_MEASURE_WITH_UNIT (LENGTH_MEASURE( 1.000000000000000082E-05 ), #4920, 'distance_accuracy_value', 'NONE');
#1754 = STYLED_ITEM ( 'NONE', ( #982 ), #3610 ) ;
#1755 = ADVANCED_FACE ( 'NONE', ( #4020 ), #7644, .F. ) ;
#1756 = DIRECTION ( 'NONE',  ( 0.000000000000000000, 0.000000000000000000, 1.000000000000000000 ) ) ;
#1757 = SURFACE_STYLE_USAGE ( .BOTH. , #1644 ) ;
#1758 = ORIENTED_EDGE ( 'NONE', *, *, #11650, .T. ) ;
#1759 =( LENGTH_UNIT ( ) NAMED_UNIT ( * ) SI_UNIT ( .MILLI., .METRE. ) );
#1760 = VERTEX_POINT ( 'NONE', #1241 ) ;
#1761 = DIRECTION ( 'NONE',  ( 0.000000000000000000, 0.000000000000000000, 1.000000000000000000 ) ) ;
#1762 = CARTESIAN_POINT ( 'NONE',  ( -2.495844503146070981, -2.739996656942671471, 0.2500184873492062865 ) ) ;
#1763 = AXIS2_PLACEMENT_3D ( 'NONE', #1279, #386, #4049 ) ;
#1764 =( LENGTH_UNIT ( ) NAMED_UNIT ( * ) SI_UNIT ( .MILLI., .METRE. ) );
#1765 = EDGE_CURVE ( 'NONE', #1828, #411, #8294, .T. ) ;
#1766 = DIRECTION ( 'NONE',  ( 0.000000000000000000, 0.000000000000000000, -1.000000000000000000 ) ) ;
#1767 = EDGE_CURVE ( 'NONE', #5569, #732, #6618, .T. ) ;
#1768 = CARTESIAN_POINT ( 'NONE',  ( 0.000000000000000000, -0.07999999999999900246, 0.000000000000000000 ) ) ;
#1769 = FACE_OUTER_BOUND ( 'NONE', #745, .T. ) ;
#1770 = VERTEX_POINT ( 'NONE', #1119 ) ;
#1771 = DIRECTION ( 'NONE',  ( -1.000000000000000000, 0.000000000000000000, 0.000000000000000000 ) ) ;
#1772 = VECTOR ( 'NONE', #1642, 1000.000000000000000 ) ;
#1773 = UNCERTAINTY_MEASURE_WITH_UNIT (LENGTH_MEASURE( 1.000000000000000082E-05 ), #9896, 'distance_accuracy_value', 'NONE');
#1774 = DIRECTION ( 'NONE',  ( 0.000000000000000000, -1.000000000000000000, -0.000000000000000000 ) ) ;
#1775 = ORIENTED_EDGE ( 'NONE', *, *, #8072, .T. ) ;
#1776 = CARTESIAN_POINT ( 'NONE',  ( 0.4150000000000001465, 2.782500000000000195, 0.2500000000000000000 ) ) ;
#1777 = STYLED_ITEM ( 'NONE', ( #8376 ), #3781 ) ;
#1778 = EDGE_LOOP ( 'NONE', ( #7561, #1029, #8935, #10476, #11608, #8666, #751, #2383 ) ) ;
#1779 = PRESENTATION_STYLE_ASSIGNMENT (( #11844 ) ) ;
#1780 = CARTESIAN_POINT ( 'NONE',  ( 2.574999999999998845, -2.660422264807295711, 0.2499999999999998890 ) ) ;
#1781 = CYLINDRICAL_SURFACE ( 'NONE', #10229, 0.08000000000000020983 ) ;
#1782 = VECTOR ( 'NONE', #4859, 1000.000000000000000 ) ;
#1783 = VERTEX_POINT ( 'NONE', #4763 ) ;
#1784 = AXIS2_PLACEMENT_3D ( 'NONE', #7524, #9205, #115 ) ;
#1785 = EDGE_CURVE ( 'NONE', #6303, #2847, #3777, .T. ) ;
#1786 = DIRECTION ( 'NONE',  ( -1.000000000000000000, -2.087512675392992591E-16, -3.774837845319806641E-17 ) ) ;
#1787 = CARTESIAN_POINT ( 'NONE',  ( -2.574999999999998845, -2.660000000000000142, 0.2499999999999907851 ) ) ;
#1788 = CARTESIAN_POINT ( 'NONE',  ( -0.3775000000000000022, -2.620000000000000551, 0.000000000000000000 ) ) ;
#1789 = VERTEX_POINT ( 'NONE', #3958 ) ;
#1790 = SURFACE_STYLE_FILL_AREA ( #1849 ) ;
#1791 =( NAMED_UNIT ( * ) SI_UNIT ( $, .STERADIAN. ) SOLID_ANGLE_UNIT ( ) );
#1792 = ORIENTED_EDGE ( 'NONE', *, *, #4853, .F. ) ;
#1793 = B_SPLINE_CURVE_WITH_KNOTS ( 'NONE', 3,
 ( #1787, #7174, #2639, #10867 ),
 .UNSPECIFIED., .F., .F.,
 ( 4, 4 ),
 ( 0.000000000000000000, 1.000000000000000000 ),
 .UNSPECIFIED. ) ;
#1794 = CARTESIAN_POINT ( 'NONE',  ( -0.4149999999999999800, 2.507499999999999840, 0.000000000000000000 ) ) ;
#1795 =( GEOMETRIC_REPRESENTATION_CONTEXT ( 3 ) GLOBAL_UNCERTAINTY_ASSIGNED_CONTEXT ( ( #6931 ) ) GLOBAL_UNIT_ASSIGNED_CONTEXT ( ( #3369, #10559, #5263 ) ) REPRESENTATION_CONTEXT ( 'NONE', 'WORKASPACE' ) );
#1796 = VECTOR ( 'NONE', #4262, 1000.000000000000000 ) ;
#1797 = FACE_OUTER_BOUND ( 'NONE', #10492, .T. ) ;
#1798 = EDGE_CURVE ( 'NONE', #3128, #6480, #3352, .T. ) ;
#1799 = AXIS2_PLACEMENT_3D ( 'NONE', #5441, #895, #6383 ) ;
#1800 = FACE_OUTER_BOUND ( 'NONE', #8655, .T. ) ;
#1801 = ORIENTED_EDGE ( 'NONE', *, *, #6392, .T. ) ;
#1802 = AXIS2_PLACEMENT_3D ( 'NONE', #10259, #2771, #4722 ) ;
#1803 = FILL_AREA_STYLE ('',( #8091 ) ) ;
#1804 =( NAMED_UNIT ( * ) PLANE_ANGLE_UNIT ( ) SI_UNIT ( $, .RADIAN. ) );
#1805 = EDGE_LOOP ( 'NONE', ( #229, #9877, #11359, #5147 ) ) ;
#1806 = AXIS2_PLACEMENT_3D ( 'NONE', #938, #8951, #697 ) ;
#1807 = VECTOR ( 'NONE', #3845, 1000.000000000000000 ) ;
#1808 =( GEOMETRIC_REPRESENTATION_CONTEXT ( 3 ) GLOBAL_UNCERTAINTY_ASSIGNED_CONTEXT ( ( #1278 ) ) GLOBAL_UNIT_ASSIGNED_CONTEXT ( ( #9376, #4254, #6856 ) ) REPRESENTATION_CONTEXT ( 'NONE', 'WORKASPACE' ) );
#1809 = DIRECTION ( 'NONE',  ( -0.000000000000000000, -1.000000000000000000, -0.000000000000000000 ) ) ;
#1810 = STYLED_ITEM ( 'NONE', ( #529 ), #7261 ) ;
#1811 = EDGE_CURVE ( 'NONE', #3818, #11138, #2923, .T. ) ;
#1812 = LINE ( 'NONE', #2546, #574 ) ;
#1813 = PLANE ( 'NONE',  #6221 ) ;
#1814 = VECTOR ( 'NONE', #2420, 1000.000000000000000 ) ;
#1815 = SURFACE_SIDE_STYLE ('',( #743 ) ) ;
#1816 =( NAMED_UNIT ( * ) SI_UNIT ( $, .STERADIAN. ) SOLID_ANGLE_UNIT ( ) );
#1817 = SURFACE_SIDE_STYLE ('',( #986 ) ) ;
#1818 = CARTESIAN_POINT ( 'NONE',  ( -1.625000000000000444, 2.419999999999999929, 0.2500000000000000000 ) ) ;
#1819 = ORIENTED_EDGE ( 'NONE', *, *, #10136, .F. ) ;
#1820 = CARTESIAN_POINT ( 'NONE',  ( -1.625000000000000222, 1.070000000000000062, 0.2500000000000000000 ) ) ;
#1821 =( GEOMETRIC_REPRESENTATION_CONTEXT ( 3 ) GLOBAL_UNCERTAINTY_ASSIGNED_CONTEXT ( ( #8233 ) ) GLOBAL_UNIT_ASSIGNED_CONTEXT ( ( #631, #514, #11452 ) ) REPRESENTATION_CONTEXT ( 'NONE', 'WORKASPACE' ) );
#1822 = ORIENTED_EDGE ( 'NONE', *, *, #4853, .T. ) ;
#1823 = CARTESIAN_POINT ( 'NONE',  ( 1.905000000000000027, 0.02000000000000048614, 0.000000000000000000 ) ) ;
#1824 = DIRECTION ( 'NONE',  ( -1.000000000000000000, 0.000000000000000000, 0.000000000000000000 ) ) ;
#1825 = VECTOR ( 'NONE', #10939, 1000.000000000000000 ) ;
#1826 = FILL_AREA_STYLE_COLOUR ( '', #5070 ) ;
#1827 = PRESENTATION_LAYER_ASSIGNMENT (  '', '', ( #3959 ) ) ;
#1828 = VERTEX_POINT ( 'NONE', #4703 ) ;
#1829 = AXIS2_PLACEMENT_3D ( 'NONE', #4142, #3355, #3232 ) ;
#1830 = CARTESIAN_POINT ( 'NONE',  ( 1.905000000000000027, -0.6799999999999991607, 0.000000000000000000 ) ) ;
#1831 = DIRECTION ( 'NONE',  ( 0.000000000000000000, -1.000000000000000000, -0.000000000000000000 ) ) ;
#1832 = CARTESIAN_POINT ( 'NONE',  ( 1.685000000000000053, -2.319999999999999840, 0.000000000000000000 ) ) ;
#1833 = ORIENTED_EDGE ( 'NONE', *, *, #7776, .F. ) ;
#1834 = ORIENTED_EDGE ( 'NONE', *, *, #324, .T. ) ;
#1835 = ADVANCED_FACE ( 'NONE', ( #11110 ), #356, .F. ) ;
#1836 = ADVANCED_FACE ( 'NONE', ( #10542 ), #10656, .F. ) ;
#1837 = MECHANICAL_DESIGN_GEOMETRIC_PRESENTATION_REPRESENTATION (  '', ( #4344 ), #1462 ) ;
#1838 = DIRECTION ( 'NONE',  ( -0.000000000000000000, -0.000000000000000000, 1.000000000000000000 ) ) ;
#1839 = FACE_OUTER_BOUND ( 'NONE', #10963, .T. ) ;
#1840 = AXIS2_PLACEMENT_3D ( 'NONE', #8887, #879, #8005 ) ;
#1841 = EDGE_CURVE ( 'NONE', #1922, #8179, #8118, .T. ) ;
#1842 = PRESENTATION_LAYER_ASSIGNMENT (  '', '', ( #6996 ) ) ;
#1843 = ORIENTED_EDGE ( 'NONE', *, *, #7774, .T. ) ;
#1844 = CARTESIAN_POINT ( 'NONE',  ( 2.575000000000000178, -2.740000000000000213, 0.000000000000000000 ) ) ;
#1845 = DIRECTION ( 'NONE',  ( -0.000000000000000000, -0.000000000000000000, 1.000000000000000000 ) ) ;
#1846 = DIRECTION ( 'NONE',  ( 0.000000000000000000, -1.000000000000000000, -0.000000000000000000 ) ) ;
#1847 = FILL_AREA_STYLE_COLOUR ( '', #8119 ) ;
#1848 = EDGE_LOOP ( 'NONE', ( #3564, #6718, #4033, #7141, #2641, #1775, #4608, #5369, #521, #9078, #10393, #4916, #4642, #7158 ) ) ;
#1849 = FILL_AREA_STYLE ('',( #837 ) ) ;
#1850 =( GEOMETRIC_REPRESENTATION_CONTEXT ( 3 ) GLOBAL_UNCERTAINTY_ASSIGNED_CONTEXT ( ( #9933 ) ) GLOBAL_UNIT_ASSIGNED_CONTEXT ( ( #9357, #6655, #1946 ) ) REPRESENTATION_CONTEXT ( 'NONE', 'WORKASPACE' ) );
#1851 = CARTESIAN_POINT ( 'NONE',  ( -2.185000000000000497, 2.470000000000000195, 0.2500000000000000000 ) ) ;
#1852 = ORIENTED_EDGE ( 'NONE', *, *, #9392, .T. ) ;
#1853 = STYLED_ITEM ( 'NONE', ( #4681 ), #1212 ) ;
#1854 = DIRECTION ( 'NONE',  ( 0.7071067811865475727, -0.7071067811865475727, 0.000000000000000000 ) ) ;
#1855 = EDGE_CURVE ( 'NONE', #4058, #4078, #7353, .T. ) ;
#1856 = ADVANCED_FACE ( 'NONE', ( #6020 ), #4307, .T. ) ;
#1857 = ADVANCED_FACE ( 'NONE', ( #10774 ), #1651, .F. ) ;
#1858 = FILL_AREA_STYLE_COLOUR ( '', #10057 ) ;
#1859 = MECHANICAL_DESIGN_GEOMETRIC_PRESENTATION_REPRESENTATION (  '', ( #7973 ), #10082 ) ;
#1860 = LINE ( 'NONE', #5510, #9832 ) ;
#1861 = ORIENTED_EDGE ( 'NONE', *, *, #4016, .T. ) ;
#1862 = UNCERTAINTY_MEASURE_WITH_UNIT (LENGTH_MEASURE( 1.000000000000000082E-05 ), #5209, 'distance_accuracy_value', 'NONE');
#1863 = DIRECTION ( 'NONE',  ( -1.000000000000000000, -0.000000000000000000, 0.000000000000000000 ) ) ;
#1864 = DIRECTION ( 'NONE',  ( 1.000000000000000000, 0.000000000000000000, -0.000000000000000000 ) ) ;
#1865 = SURFACE_SIDE_STYLE ('',( #5567 ) ) ;
#1866 = SURFACE_STYLE_FILL_AREA ( #8315 ) ;
#1867 = ORIENTED_EDGE ( 'NONE', *, *, #10369, .T. ) ;
#1868 = DIRECTION ( 'NONE',  ( 0.000000000000000000, 0.000000000000000000, 1.000000000000000000 ) ) ;
#1869 = STYLED_ITEM ( 'NONE', ( #6149 ), #4840 ) ;
#1870 =( GEOMETRIC_REPRESENTATION_CONTEXT ( 3 ) GLOBAL_UNCERTAINTY_ASSIGNED_CONTEXT ( ( #3968 ) ) GLOBAL_UNIT_ASSIGNED_CONTEXT ( ( #8035, #5220, #4340 ) ) REPRESENTATION_CONTEXT ( 'NONE', 'WORKASPACE' ) );
#1871 = EDGE_CURVE ( 'NONE', #11791, #7689, #5447, .T. ) ;
#1872 = SURFACE_STYLE_USAGE ( .BOTH. , #256 ) ;
#1873 = DIRECTION ( 'NONE',  ( 0.5064641571633391459, -0.5064641571633282657, 0.6978453374621544913 ) ) ;
#1874 =( GEOMETRIC_REPRESENTATION_CONTEXT ( 3 ) GLOBAL_UNCERTAINTY_ASSIGNED_CONTEXT ( ( #7126 ) ) GLOBAL_UNIT_ASSIGNED_CONTEXT ( ( #1356, #7752, #8704 ) ) REPRESENTATION_CONTEXT ( 'NONE', 'WORKASPACE' ) );
#1875 = DIRECTION ( 'NONE',  ( 0.000000000000000000, 1.000000000000000000, 0.000000000000000000 ) ) ;
#1876 = UNCERTAINTY_MEASURE_WITH_UNIT (LENGTH_MEASURE( 1.000000000000000082E-05 ), #1430, 'distance_accuracy_value', 'NONE');
#1877 = CARTESIAN_POINT ( 'NONE',  ( 1.647500000000000187, 3.220000000000000195, 0.000000000000000000 ) ) ;
#1878 =( NAMED_UNIT ( * ) SI_UNIT ( $, .STERADIAN. ) SOLID_ANGLE_UNIT ( ) );
#1879 =( NAMED_UNIT ( * ) SI_UNIT ( $, .STERADIAN. ) SOLID_ANGLE_UNIT ( ) );
#1880 = FACE_OUTER_BOUND ( 'NONE', #11624, .T. ) ;
#1881 = CARTESIAN_POINT ( 'NONE',  ( -2.704999999999999627, -0.5799999999999989608, 0.000000000000000000 ) ) ;
#1882 = ORIENTED_EDGE ( 'NONE', *, *, #7757, .F. ) ;
#1883 = PRESENTATION_LAYER_ASSIGNMENT (  '', '', ( #5321 ) ) ;
#1884 = EDGE_LOOP ( 'NONE', ( #7578, #11595, #8846, #9519 ) ) ;
#1885 =( NAMED_UNIT ( * ) PLANE_ANGLE_UNIT ( ) SI_UNIT ( $, .RADIAN. ) );
#1886 = CARTESIAN_POINT ( 'NONE',  ( 1.647500000000000187, -2.819999999999999840, 0.000000000000000000 ) ) ;
#1887 = CARTESIAN_POINT ( 'NONE',  ( 0.000000000000000000, -2.319999999999999840, 0.000000000000000000 ) ) ;
#1888 = AXIS2_PLACEMENT_3D ( 'NONE', #11892, #7215, #2011 ) ;
#1889 = CARTESIAN_POINT ( 'NONE',  ( -5.551115123125779744E-16, -0.07999999999999890532, 0.2500000000000000000 ) ) ;
#1890 = COLOUR_RGB ( '',0.8313725490196077761, 0.8313725490196077761, 0.8313725490196077761 ) ;
#1891 = LINE ( 'NONE', #9362, #8694 ) ;
#1892 =( NAMED_UNIT ( * ) PLANE_ANGLE_UNIT ( ) SI_UNIT ( $, .RADIAN. ) );
#1893 = PLANE ( 'NONE',  #1621 ) ;
#1894 = ORIENTED_EDGE ( 'NONE', *, *, #2880, .T. ) ;
#1895 =( GEOMETRIC_REPRESENTATION_CONTEXT ( 3 ) GLOBAL_UNCERTAINTY_ASSIGNED_CONTEXT ( ( #3551 ) ) GLOBAL_UNIT_ASSIGNED_CONTEXT ( ( #7874, #9908, #9737 ) ) REPRESENTATION_CONTEXT ( 'NONE', 'WORKASPACE' ) );
#1896 = SURFACE_SIDE_STYLE ('',( #10292 ) ) ;
#1897 = UNCERTAINTY_MEASURE_WITH_UNIT (LENGTH_MEASURE( 1.000000000000000082E-05 ), #11427, 'distance_accuracy_value', 'NONE');
#1898 = CARTESIAN_POINT ( 'NONE',  ( 2.185000000000000497, 2.419999999999999929, 0.2500000000000000000 ) ) ;
#1899 = CARTESIAN_POINT ( 'NONE',  ( 2.185000000000000497, -0.6799999999999991607, 0.000000000000000000 ) ) ;
#1900 = EDGE_LOOP ( 'NONE', ( #7961, #710, #804, #6314 ) ) ;
#1901 = SURFACE_STYLE_USAGE ( .BOTH. , #3586 ) ;
#1902 = ORIENTED_EDGE ( 'NONE', *, *, #7189, .F. ) ;
#1903 = VECTOR ( 'NONE', #49, 1000.000000000000000 ) ;
#1904 = SURFACE_STYLE_FILL_AREA ( #1963 ) ;
#1905 =( GEOMETRIC_REPRESENTATION_CONTEXT ( 3 ) GLOBAL_UNCERTAINTY_ASSIGNED_CONTEXT ( ( #1639 ) ) GLOBAL_UNIT_ASSIGNED_CONTEXT ( ( #2375, #6961, #10466 ) ) REPRESENTATION_CONTEXT ( 'NONE', 'WORKASPACE' ) );
#1906 = ORIENTED_EDGE ( 'NONE', *, *, #10924, .F. ) ;
#1907 = FILL_AREA_STYLE_COLOUR ( '', #10642 ) ;
#1908 = LINE ( 'NONE', #7233, #9953 ) ;
#1909 = EDGE_CURVE ( 'NONE', #3161, #5312, #1591, .T. ) ;
#1910 = PRESENTATION_LAYER_ASSIGNMENT (  '', '', ( #2489 ) ) ;
#1911 = ORIENTED_EDGE ( 'NONE', *, *, #1031, .F. ) ;
#1912 = VERTEX_POINT ( 'NONE', #2618 ) ;
#1913 = CARTESIAN_POINT ( 'NONE',  ( -0.3549999999999999822, 2.469999999999989981, 0.000000000000000000 ) ) ;
#1914 = ADVANCED_FACE ( 'NONE', ( #11705 ), #695, .T. ) ;
#1915 = ADVANCED_FACE ( 'NONE', ( #4362 ), #7030, .T. ) ;
#1916 = LINE ( 'NONE', #1975, #10685 ) ;
#1917 = FILL_AREA_STYLE ('',( #10815 ) ) ;
#1918 = CARTESIAN_POINT ( 'NONE',  ( -2.495000000000000107, -2.740000000000000213, 0.000000000000000000 ) ) ;
#1919 = MECHANICAL_DESIGN_GEOMETRIC_PRESENTATION_REPRESENTATION (  '', ( #5358 ), #7071 ) ;
#1920 = EDGE_CURVE ( 'NONE', #10298, #5801, #2113, .T. ) ;
#1921 = SURFACE_STYLE_USAGE ( .BOTH. , #186 ) ;
#1922 = VERTEX_POINT ( 'NONE', #10514 ) ;
#1923 = ADVANCED_FACE ( 'NONE', ( #2957 ), #4791, .F. ) ;
#1924 = MECHANICAL_DESIGN_GEOMETRIC_PRESENTATION_REPRESENTATION (  '', ( #3651 ), #6108 ) ;
#1925 = CARTESIAN_POINT ( 'NONE',  ( 0.8925000000000000711, 3.220000000000000195, 0.000000000000000000 ) ) ;
#1926 = ORIENTED_EDGE ( 'NONE', *, *, #3124, .F. ) ;
#1927 = FACE_OUTER_BOUND ( 'NONE', #8361, .T. ) ;
#1928 =( NAMED_UNIT ( * ) SI_UNIT ( $, .STERADIAN. ) SOLID_ANGLE_UNIT ( ) );
#1929 = DIRECTION ( 'NONE',  ( -1.000000000000000000, -1.110223024625150032E-15, 0.000000000000000000 ) ) ;
#1930 = VERTEX_POINT ( 'NONE', #8508 ) ;
#1931 = DIRECTION ( 'NONE',  ( -0.000000000000000000, -0.000000000000000000, -1.000000000000000000 ) ) ;
#1932 =( LENGTH_UNIT ( ) NAMED_UNIT ( * ) SI_UNIT ( .MILLI., .METRE. ) );
#1933 = PRESENTATION_LAYER_ASSIGNMENT (  '', '', ( #10744 ) ) ;
#1934 = FILL_AREA_STYLE_COLOUR ( '', #9108 ) ;
#1935 = AXIS2_PLACEMENT_3D ( 'NONE', #3203, #3143, #6051 ) ;
#1936 = FILL_AREA_STYLE_COLOUR ( '', #87 ) ;
#1937 = CARTESIAN_POINT ( 'NONE',  ( 2.125000000000000000, -2.782500000000000195, 0.000000000000000000 ) ) ;
#1938 = CARTESIAN_POINT ( 'NONE',  ( 0.3775000000000000022, 2.819999999999999840, 0.000000000000000000 ) ) ;
#1939 = EDGE_CURVE ( 'NONE', #10043, #5551, #3078, .T. ) ;
#1940 = DIRECTION ( 'NONE',  ( 1.000000000000000000, 0.000000000000000000, 0.000000000000000000 ) ) ;
#1941 = AXIS2_PLACEMENT_3D ( 'NONE', #2462, #5484, #8181 ) ;
#1942 = FILL_AREA_STYLE_COLOUR ( '', #2307 ) ;
#1943 = LINE ( 'NONE', #2903, #9475 ) ;
#1944 = LINE ( 'NONE', #9296, #9706 ) ;
#1945 = ORIENTED_EDGE ( 'NONE', *, *, #6160, .F. ) ;
#1946 =( NAMED_UNIT ( * ) SI_UNIT ( $, .STERADIAN. ) SOLID_ANGLE_UNIT ( ) );
#1947 = VERTEX_POINT ( 'NONE', #9404 ) ;
#1948 = CARTESIAN_POINT ( 'NONE',  ( -2.427844933809972794, 2.554456236527852919, 1.040354425807744843 ) ) ;
#1949 = CARTESIAN_POINT ( 'NONE',  ( -2.374771484314849967, -2.559980999734316587, 1.090494766897659673 ) ) ;
#1950 = CARTESIAN_POINT ( 'NONE',  ( 2.185000000000000497, 2.770000000000000018, 0.000000000000000000 ) ) ;
#1951 =( NAMED_UNIT ( * ) SI_UNIT ( $, .STERADIAN. ) SOLID_ANGLE_UNIT ( ) );
#1952 = CARTESIAN_POINT ( 'NONE',  ( -2.149999999999999911, 0.02000000000000052430, 0.2500000000000000000 ) ) ;
#1953 = MECHANICAL_DESIGN_GEOMETRIC_PRESENTATION_REPRESENTATION (  '', ( #10969 ), #4998 ) ;
#1954 = CARTESIAN_POINT ( 'NONE',  ( -2.394980999734316995, 2.559980999734317031, 1.075827626996971986 ) ) ;
#1955 = VERTEX_POINT ( 'NONE', #436 ) ;
#1956 = SURFACE_SIDE_STYLE ('',( #3372 ) ) ;
#1957 = FACE_OUTER_BOUND ( 'NONE', #9158, .T. ) ;
#1958 = ORIENTED_EDGE ( 'NONE', *, *, #8330, .F. ) ;
#1959 = ORIENTED_EDGE ( 'NONE', *, *, #5712, .F. ) ;
#1960 = CARTESIAN_POINT ( 'NONE',  ( 0.3775000000000000022, -2.620000000000000551, 0.2500000000000000000 ) ) ;
#1961 = VECTOR ( 'NONE', #10079, 1000.000000000000114 ) ;
#1962 = DIRECTION ( 'NONE',  ( -0.000000000000000000, -0.000000000000000000, 1.000000000000000000 ) ) ;
#1963 = FILL_AREA_STYLE ('',( #223 ) ) ;
#1964 = ORIENTED_EDGE ( 'NONE', *, *, #1197, .F. ) ;
#1965 = EDGE_CURVE ( 'NONE', #6981, #7666, #1215, .T. ) ;
#1966 = CARTESIAN_POINT ( 'NONE',  ( 0.000000000000000000, 2.470000000000000195, 0.000000000000000000 ) ) ;
#1967 = CARTESIAN_POINT ( 'NONE',  ( -0.4149999999999999800, -2.770000000000000018, 0.000000000000000000 ) ) ;
#1968 = VECTOR ( 'NONE', #4031, 1000.000000000000000 ) ;
#1969 = LINE ( 'NONE', #5614, #2969 ) ;
#1970 = DIRECTION ( 'NONE',  ( 0.000000000000000000, 0.000000000000000000, 1.000000000000000000 ) ) ;
#1971 = VERTEX_POINT ( 'NONE', #5931 ) ;
#1972 = DIRECTION ( 'NONE',  ( 0.7071067811865475727, 0.7071067811865475727, 0.000000000000000000 ) ) ;
#1973 = VERTEX_POINT ( 'NONE', #4107 ) ;
#1974 = CARTESIAN_POINT ( 'NONE',  ( -2.354463867161250779, 2.519463867161249926, 1.020000000000000018 ) ) ;
#1975 = CARTESIAN_POINT ( 'NONE',  ( -2.149999999999999911, 2.419999999999999929, 0.2500000000000000000 ) ) ;
#1976 = CARTESIAN_POINT ( 'NONE',  ( 2.162500000000000089, -3.220000000000000195, 0.000000000000000000 ) ) ;
#1977 = VECTOR ( 'NONE', #5023, 1000.000000000000114 ) ;
#1978 = VECTOR ( 'NONE', #5411, 1000.000000000000000 ) ;
#1979 = FILL_AREA_STYLE ('',( #11127 ) ) ;
#1980 = VECTOR ( 'NONE', #4493, 1000.000000000000000 ) ;
#1981 = VERTEX_POINT ( 'NONE', #7726 ) ;
#1982 = EDGE_CURVE ( 'NONE', #4996, #1298, #5694, .T. ) ;
#1983 = CARTESIAN_POINT ( 'NONE',  ( 0.000000000000000000, -2.319999999999999840, 0.000000000000000000 ) ) ;
#1984 = VERTEX_POINT ( 'NONE', #3928 ) ;
#1985 = LINE ( 'NONE', #5629, #4458 ) ;
#1986 = ORIENTED_EDGE ( 'NONE', *, *, #8710, .F. ) ;
#1987 = FILL_AREA_STYLE_COLOUR ( '', #11691 ) ;
#1988 = PRODUCT_DEFINITION_SHAPE ( 'NONE', 'NONE',  #11923 ) ;
#1989 = PRESENTATION_STYLE_ASSIGNMENT (( #854 ) ) ;
#1990 = ORIENTED_EDGE ( 'NONE', *, *, #9104, .T. ) ;
#1991 = DIRECTION ( 'NONE',  ( 0.000000000000000000, 0.000000000000000000, -1.000000000000000000 ) ) ;
#1992 = PLANE ( 'NONE',  #7612 ) ;
#1993 = EDGE_CURVE ( 'NONE', #2906, #1070, #6825, .T. ) ;
#1994 = LINE ( 'NONE', #1214, #3198 ) ;
#1995 = EDGE_CURVE ( 'NONE', #9464, #10614, #4846, .T. ) ;
#1996 = VECTOR ( 'NONE', #9318, 1000.000000000000000 ) ;
#1997 = MECHANICAL_DESIGN_GEOMETRIC_PRESENTATION_REPRESENTATION (  '', ( #7148 ), #65 ) ;
#1998 = EDGE_CURVE ( 'NONE', #1070, #10266, #6707, .T. ) ;
#1999 = EDGE_CURVE ( 'NONE', #976, #1417, #3489, .T. ) ;
#2000 = FILL_AREA_STYLE ('',( #6592 ) ) ;
#2001 = CARTESIAN_POINT ( 'NONE',  ( -1.718232652294990004, -2.092049114840340174, 0.003000000000000000062 ) ) ;
#2002 = CARTESIAN_POINT ( 'NONE',  ( -2.185000000000000497, -0.07999999999999900246, 0.2500000000000000000 ) ) ;
#2003 = DIRECTION ( 'NONE',  ( 0.000000000000000000, 0.000000000000000000, -1.000000000000000000 ) ) ;
#2004 = PRESENTATION_STYLE_ASSIGNMENT (( #3874 ) ) ;
#2005 =( LENGTH_UNIT ( ) NAMED_UNIT ( * ) SI_UNIT ( .MILLI., .METRE. ) );
#2006 = ORIENTED_EDGE ( 'NONE', *, *, #6927, .F. ) ;
#2007 = COLOUR_RGB ( '',0.2862745098039215508, 0.2862745098039215508, 0.2862745098039215508 ) ;
#2008 = COLOUR_RGB ( '',0.9607843137254902244, 0.9607843137254902244, 0.9607843137254902244 ) ;
#2009 =( BOUNDED_CURVE ( )  B_SPLINE_CURVE ( 3, ( #5590, #9239, #1050, #447 ),
 .UNSPECIFIED., .F., .T. ) 
 B_SPLINE_CURVE_WITH_KNOTS ( ( 4, 4 ),
 ( 2.372029089601515484, 3.911156217578033889 ),
 .UNSPECIFIED. ) 
 CURVE ( )  GEOMETRIC_REPRESENTATION_ITEM ( )  RATIONAL_B_SPLINE_CURVE ( ( 1.000000000000000000, 0.8121429464773073370, 0.8121429464773073370, 1.000000000000000000 ) ) 
 REPRESENTATION_ITEM ( '' )  );
#2010 = ORIENTED_EDGE ( 'NONE', *, *, #7989, .T. ) ;
#2011 = DIRECTION ( 'NONE',  ( 1.000000000000000000, 0.000000000000000000, 0.000000000000000000 ) ) ;
#2012 = EDGE_CURVE ( 'NONE', #4152, #6244, #3944, .T. ) ;
#2013 =( LENGTH_UNIT ( ) NAMED_UNIT ( * ) SI_UNIT ( .MILLI., .METRE. ) );
#2014 =( GEOMETRIC_REPRESENTATION_CONTEXT ( 3 ) GLOBAL_UNCERTAINTY_ASSIGNED_CONTEXT ( ( #10916 ) ) GLOBAL_UNIT_ASSIGNED_CONTEXT ( ( #6669, #7451, #4010 ) ) REPRESENTATION_CONTEXT ( 'NONE', 'WORKASPACE' ) );
#2015 = MECHANICAL_DESIGN_GEOMETRIC_PRESENTATION_REPRESENTATION (  '', ( #6773 ), #8507 ) ;
#2016 =( GEOMETRIC_REPRESENTATION_CONTEXT ( 3 ) GLOBAL_UNCERTAINTY_ASSIGNED_CONTEXT ( ( #3237 ) ) GLOBAL_UNIT_ASSIGNED_CONTEXT ( ( #10090, #6412, #10839 ) ) REPRESENTATION_CONTEXT ( 'NONE', 'WORKASPACE' ) );
#2017 = ORIENTED_EDGE ( 'NONE', *, *, #4298, .F. ) ;
#2018 = CARTESIAN_POINT ( 'NONE',  ( -0.4149999999999999800, -2.782500000000000195, 0.2500000000000000000 ) ) ;
#2019 = DIRECTION ( 'NONE',  ( 0.000000000000000000, -0.000000000000000000, -1.000000000000000000 ) ) ;
#2020 = ORIENTED_EDGE ( 'NONE', *, *, #1855, .T. ) ;
#2021 = DIRECTION ( 'NONE',  ( -0.000000000000000000, -1.000000000000000000, -0.000000000000000000 ) ) ;
#2022 = ORIENTED_EDGE ( 'NONE', *, *, #11796, .T. ) ;
#2023 = DIRECTION ( 'NONE',  ( -0.9840406976462909849, 0.000000000000000000, -0.1779435454738416966 ) ) ;
#2024 = ORIENTED_EDGE ( 'NONE', *, *, #8344, .F. ) ;
#2025 = DIRECTION ( 'NONE',  ( 0.000000000000000000, 1.000000000000000000, 0.000000000000000000 ) ) ;
#2026 = DIRECTION ( 'NONE',  ( 0.000000000000000000, -0.000000000000000000, 1.000000000000000000 ) ) ;
#2027 = AXIS2_PLACEMENT_3D ( 'NONE', #3335, #5109, #6057 ) ;
#2028 = PRESENTATION_STYLE_ASSIGNMENT (( #5496 ) ) ;
#2029 = ORIENTED_EDGE ( 'NONE', *, *, #8782, .F. ) ;
#2030 = FILL_AREA_STYLE_COLOUR ( '', #8473 ) ;
#2031 = ORIENTED_EDGE ( 'NONE', *, *, #2977, .T. ) ;
#2032 = LINE ( 'NONE', #1250, #3039 ) ;
#2033 = CARTESIAN_POINT ( 'NONE',  ( 1.905000000000000027, -0.5799999999999989608, 0.000000000000000000 ) ) ;
#2034 = COLOUR_RGB ( '',0.8313725490196077761, 0.8313725490196077761, 0.8313725490196077761 ) ;
#2035 = CIRCLE ( 'NONE', #4524, 0.03750000000000031780 ) ;
#2036 = SURFACE_SIDE_STYLE ('',( #10311 ) ) ;
#2037 = ORIENTED_EDGE ( 'NONE', *, *, #7417, .T. ) ;
#2038 = VECTOR ( 'NONE', #9673, 1000.000000000000227 ) ;
#2039 = PRESENTATION_LAYER_ASSIGNMENT (  '', '', ( #1077 ) ) ;
#2040 = SURFACE_STYLE_FILL_AREA ( #11063 ) ;
#2041 = ORIENTED_EDGE ( 'NONE', *, *, #1258, .F. ) ;
#2042 = CIRCLE ( 'NONE', #518, 0.08000000000000020983 ) ;
#2043 = CARTESIAN_POINT ( 'NONE',  ( 2.381424832439820172, -0.07999999999999890532, 0.2500000000000000000 ) ) ;
#2044 = ORIENTED_EDGE ( 'NONE', *, *, #525, .F. ) ;
#2045 = CARTESIAN_POINT ( 'NONE',  ( 0.4150000000000001465, 2.507499999999999840, 0.000000000000000000 ) ) ;
#2046 = CARTESIAN_POINT ( 'NONE',  ( -0.3775000000000000022, -2.657500000000000195, 0.2500000000000000000 ) ) ;
#2047 = DIRECTION ( 'NONE',  ( -0.000000000000000000, -0.000000000000000000, 1.000000000000000000 ) ) ;
#2048 = ORIENTED_EDGE ( 'NONE', *, *, #3312, .F. ) ;
#2049 = LINE ( 'NONE', #10324, #2921 ) ;
#2050 = SURFACE_STYLE_FILL_AREA ( #9346 ) ;
#2051 = DIRECTION ( 'NONE',  ( 1.000000000000000000, 0.000000000000000000, -0.000000000000000000 ) ) ;
#2052 = AXIS2_PLACEMENT_3D ( 'NONE', #8576, #5884, #7736 ) ;
#2053 = CARTESIAN_POINT ( 'NONE',  ( -1.625000000000000222, 2.469999999999989981, 0.000000000000000000 ) ) ;
#2054 = SURFACE_SIDE_STYLE ('',( #2962 ) ) ;
#2055 = CARTESIAN_POINT ( 'NONE',  ( 2.149999999999999911, 2.419999999999999929, 0.2500000000000000000 ) ) ;
#2056 = SURFACE_STYLE_USAGE ( .BOTH. , #6595 ) ;
#2057 = EDGE_CURVE ( 'NONE', #46, #10162, #724, .T. ) ;
#2058 = CARTESIAN_POINT ( 'NONE',  ( -0.3775000000000000022, -2.620000000000000551, 0.2500000000000000000 ) ) ;
#2059 = MECHANICAL_DESIGN_GEOMETRIC_PRESENTATION_REPRESENTATION (  '', ( #4364 ), #11286 ) ;
#2060 = SURFACE_STYLE_FILL_AREA ( #2968 ) ;
#2061 = ORIENTED_EDGE ( 'NONE', *, *, #9467, .F. ) ;
#2062 = EDGE_CURVE ( 'NONE', #5058, #10636, #5991, .T. ) ;
#2063 = EDGE_LOOP ( 'NONE', ( #9238, #4012, #10323, #1645 ) ) ;
#2064 = LINE ( 'NONE', #10336, #1782 ) ;
#2065 = ADVANCED_FACE ( 'NONE', ( #8857 ), #8031, .F. ) ;
#2066 = COLOUR_RGB ( '',0.2862745098039215508, 0.2862745098039215508, 0.2862745098039215508 ) ;
#2067 = CARTESIAN_POINT ( 'NONE',  ( 1.905000000000000027, 3.220000000000000195, 0.000000000000000000 ) ) ;
#2068 = COLOUR_RGB ( '',0.8313725490196077761, 0.8313725490196077761, 0.8313725490196077761 ) ;
#2069 = DIRECTION ( 'NONE',  ( 1.000000000000000000, -0.000000000000000000, 0.000000000000000000 ) ) ;
#2070 = SURFACE_STYLE_FILL_AREA ( #6425 ) ;
#2071 = EDGE_CURVE ( 'NONE', #7240, #3397, #1564, .T. ) ;
#2072 = PRESENTATION_LAYER_ASSIGNMENT (  '', '', ( #9541 ) ) ;
#2073 = VERTEX_POINT ( 'NONE', #3309 ) ;
#2074 = EDGE_CURVE ( 'NONE', #2924, #6934, #7972, .T. ) ;
#2075 =( NAMED_UNIT ( * ) SI_UNIT ( $, .STERADIAN. ) SOLID_ANGLE_UNIT ( ) );
#2076 = ORIENTED_EDGE ( 'NONE', *, *, #2453, .T. ) ;
#2077 = FILL_AREA_STYLE_COLOUR ( '', #2716 ) ;
#2078 = AXIS2_PLACEMENT_3D ( 'NONE', #8240, #9926, #6317 ) ;
#2079 = ORIENTED_EDGE ( 'NONE', *, *, #5663, .T. ) ;
#2080 = EDGE_CURVE ( 'NONE', #7059, #80, #11817, .T. ) ;
#2081 = FILL_AREA_STYLE_COLOUR ( '', #7642 ) ;
#2082 =( GEOMETRIC_REPRESENTATION_CONTEXT ( 3 ) GLOBAL_UNCERTAINTY_ASSIGNED_CONTEXT ( ( #4616 ) ) GLOBAL_UNIT_ASSIGNED_CONTEXT ( ( #8114, #2683, #2976 ) ) REPRESENTATION_CONTEXT ( 'NONE', 'WORKASPACE' ) );
#2083 = DIRECTION ( 'NONE',  ( 0.000000000000000000, 0.000000000000000000, 1.000000000000000000 ) ) ;
#2084 = EDGE_LOOP ( 'NONE', ( #2970, #3594, #3572, #2156 ) ) ;
#2085 = AXIS2_PLACEMENT_3D ( 'NONE', #9967, #3983, #987 ) ;
#2086 = DIRECTION ( 'NONE',  ( 0.000000000000000000, -1.000000000000000000, -0.000000000000000000 ) ) ;
#2087 = VECTOR ( 'NONE', #7944, 1000.000000000000000 ) ;
#2088 = FILL_AREA_STYLE_COLOUR ( '', #425 ) ;
#2089 = EDGE_LOOP ( 'NONE', ( #7487, #1583, #467, #6865 ) ) ;
#2090 = DIRECTION ( 'NONE',  ( 9.001808307771530402E-16, 1.000000000000000000, 0.000000000000000000 ) ) ;
#2091 = CIRCLE ( 'NONE', #4213, 0.03749999999999999167 ) ;
#2092 = ORIENTED_EDGE ( 'NONE', *, *, #6029, .T. ) ;
#2093 = DIRECTION ( 'NONE',  ( 0.000000000000000000, 0.000000000000000000, 1.000000000000000000 ) ) ;
#2094 = DIRECTION ( 'NONE',  ( -0.000000000000000000, -1.000000000000000000, -0.000000000000000000 ) ) ;
#2095 = DIRECTION ( 'NONE',  ( 0.000000000000000000, 0.000000000000000000, -1.000000000000000000 ) ) ;
#2096 =( LENGTH_UNIT ( ) NAMED_UNIT ( * ) SI_UNIT ( .MILLI., .METRE. ) );
#2097 = STYLED_ITEM ( 'NONE', ( #6421 ), #149 ) ;
#2098 = DIRECTION ( 'NONE',  ( 1.000000000000000000, 5.046468293750710023E-16, 0.000000000000000000 ) ) ;
#2099 = ORIENTED_EDGE ( 'NONE', *, *, #679, .F. ) ;
#2100 = VECTOR ( 'NONE', #4936, 1000.000000000000000 ) ;
#2101 = FACE_OUTER_BOUND ( 'NONE', #5920, .T. ) ;
#2102 = ORIENTED_EDGE ( 'NONE', *, *, #3690, .F. ) ;
#2103 = EDGE_CURVE ( 'NONE', #7754, #464, #8800, .T. ) ;
#2104 =( LENGTH_UNIT ( ) NAMED_UNIT ( * ) SI_UNIT ( .MILLI., .METRE. ) );
#2105 = ORIENTED_EDGE ( 'NONE', *, *, #7913, .F. ) ;
#2106 = DIRECTION ( 'NONE',  ( -0.000000000000000000, -0.000000000000000000, 1.000000000000000000 ) ) ;
#2107 = LINE ( 'NONE', #5686, #5143 ) ;
#2108 = DIRECTION ( 'NONE',  ( 0.000000000000000000, 0.000000000000000000, -1.000000000000000000 ) ) ;
#2109 =( LENGTH_UNIT ( ) NAMED_UNIT ( * ) SI_UNIT ( .MILLI., .METRE. ) );
#2110 = ORIENTED_EDGE ( 'NONE', *, *, #8058, .F. ) ;
#2111 = DIRECTION ( 'NONE',  ( 0.000000000000000000, 1.000000000000000000, 0.000000000000000000 ) ) ;
#2112 = LINE ( 'NONE', #1273, #6426 ) ;
#2113 = LINE ( 'NONE', #4906, #11231 ) ;
#2114 = MECHANICAL_DESIGN_GEOMETRIC_PRESENTATION_REPRESENTATION (  '', ( #9945 ), #11918 ) ;
#2115 = FILL_AREA_STYLE_COLOUR ( '', #4239 ) ;
#2116 = LINE ( 'NONE', #137, #9288 ) ;
#2117 = UNCERTAINTY_MEASURE_WITH_UNIT (LENGTH_MEASURE( 1.000000000000000082E-05 ), #4502, 'distance_accuracy_value', 'NONE');
#2118 = CARTESIAN_POINT ( 'NONE',  ( 1.647500000000000187, 2.469999999999999751, 0.000000000000000000 ) ) ;
#2119 = AXIS2_PLACEMENT_3D ( 'NONE', #3138, #2524, #2236 ) ;
#2120 = FACE_OUTER_BOUND ( 'NONE', #6639, .T. ) ;
#2121 = ORIENTED_EDGE ( 'NONE', *, *, #776, .T. ) ;
#2122 = STYLED_ITEM ( 'NONE', ( #3319 ), #11122 ) ;
#2123 = ORIENTED_EDGE ( 'NONE', *, *, #9779, .F. ) ;
#2124 = DIRECTION ( 'NONE',  ( 0.000000000000000000, 0.000000000000000000, 1.000000000000000000 ) ) ;
#2125 = LINE ( 'NONE', #10463, #4390 ) ;
#2126 = PLANE ( 'NONE',  #9160 ) ;
#2127 = CARTESIAN_POINT ( 'NONE',  ( -2.162500000000000089, 2.770000000000000018, 0.2500000000000000000 ) ) ;
#2128 = CARTESIAN_POINT ( 'NONE',  ( 2.354463867161250334, 5.551115123125779744E-16, 1.100000000000000089 ) ) ;
#2129 = EDGE_CURVE ( 'NONE', #6225, #5320, #9658, .T. ) ;
#2130 = ORIENTED_EDGE ( 'NONE', *, *, #6558, .T. ) ;
#2131 =( NAMED_UNIT ( * ) SI_UNIT ( $, .STERADIAN. ) SOLID_ANGLE_UNIT ( ) );
#2132 = DIRECTION ( 'NONE',  ( 0.000000000000000000, -1.000000000000000000, -0.000000000000000000 ) ) ;
#2133 = ORIENTED_EDGE ( 'NONE', *, *, #1304, .T. ) ;
#2134 = EDGE_LOOP ( 'NONE', ( #868, #1283, #6896, #5869 ) ) ;
#2135 = CARTESIAN_POINT ( 'NONE',  ( 2.456065883205921452, 2.472656540312757389, 1.079239424234919920 ) ) ;
#2136 = EDGE_CURVE ( 'NONE', #3753, #4891, #4229, .T. ) ;
#2137 = EDGE_CURVE ( 'NONE', #701, #9464, #5212, .T. ) ;
#2138 = CIRCLE ( 'NONE', #6908, 0.08000000000000020983 ) ;
#2139 = ORIENTED_EDGE ( 'NONE', *, *, #2012, .F. ) ;
#2140 =( NAMED_UNIT ( * ) SI_UNIT ( $, .STERADIAN. ) SOLID_ANGLE_UNIT ( ) );
#2141 = VERTEX_POINT ( 'NONE', #11602 ) ;
#2142 = UNCERTAINTY_MEASURE_WITH_UNIT (LENGTH_MEASURE( 1.000000000000000082E-05 ), #3854, 'distance_accuracy_value', 'NONE');
#2143 = STYLED_ITEM ( 'NONE', ( #1573 ), #9525 ) ;
#2144 = ORIENTED_EDGE ( 'NONE', *, *, #3175, .F. ) ;
#2145 = SURFACE_SIDE_STYLE ('',( #1189 ) ) ;
#2146 = SURFACE_STYLE_USAGE ( .BOTH. , #6693 ) ;
#2147 = LINE ( 'NONE', #6118, #831 ) ;
#2148 = LINE ( 'NONE', #5799, #6163 ) ;
#2149 = EDGE_CURVE ( 'NONE', #9053, #9588, #3379, .T. ) ;
#2150 = STYLED_ITEM ( 'NONE', ( #3044 ), #10807 ) ;
#2151 = COLOUR_RGB ( '',0.8313725490196077761, 0.8313725490196077761, 0.8313725490196077761 ) ;
#2152 = EDGE_LOOP ( 'NONE', ( #3796, #2164, #8193, #10390 ) ) ;
#2153 = VECTOR ( 'NONE', #11424, 1000.000000000000000 ) ;
#2154 = SURFACE_STYLE_USAGE ( .BOTH. , #1257 ) ;
#2155 = DIRECTION ( 'NONE',  ( -1.000000000000000000, 0.000000000000000000, -0.000000000000000000 ) ) ;
#2156 = ORIENTED_EDGE ( 'NONE', *, *, #678, .F. ) ;
#2157 =( NAMED_UNIT ( * ) SI_UNIT ( $, .STERADIAN. ) SOLID_ANGLE_UNIT ( ) );
#2158 = ORIENTED_EDGE ( 'NONE', *, *, #4066, .T. ) ;
#2159 = CARTESIAN_POINT ( 'NONE',  ( -2.433187122972952920, 0.6850000000000000533, 1.034235483637910624 ) ) ;
#2160 = LINE ( 'NONE', #5925, #4749 ) ;
#2161 = STYLED_ITEM ( 'NONE', ( #1473 ), #10884 ) ;
#2162 = SURFACE_SIDE_STYLE ('',( #7541 ) ) ;
#2163 = VECTOR ( 'NONE', #4172, 1000.000000000000000 ) ;
#2164 = ORIENTED_EDGE ( 'NONE', *, *, #11062, .F. ) ;
#2165 = LINE ( 'NONE', #4102, #2545 ) ;
#2166 = PRESENTATION_LAYER_ASSIGNMENT (  '', '', ( #1578 ) ) ;
#2167 = VECTOR ( 'NONE', #2877, 1000.000000000000000 ) ;
#2168 = CARTESIAN_POINT ( 'NONE',  ( 1.685000000000000053, 2.319999999999999840, 0.2500000000000000000 ) ) ;
#2169 = EDGE_CURVE ( 'NONE', #11443, #11902, #11670, .T. ) ;
#2170 =( NAMED_UNIT ( * ) PLANE_ANGLE_UNIT ( ) SI_UNIT ( $, .RADIAN. ) );
#2171 = AXIS2_PLACEMENT_3D ( 'NONE', #10990, #5499, #962 ) ;
#2172 =( GEOMETRIC_REPRESENTATION_CONTEXT ( 3 ) GLOBAL_UNCERTAINTY_ASSIGNED_CONTEXT ( ( #3830 ) ) GLOBAL_UNIT_ASSIGNED_CONTEXT ( ( #2728, #2557, #4635 ) ) REPRESENTATION_CONTEXT ( 'NONE', 'WORKASPACE' ) );
#2173 = CARTESIAN_POINT ( 'NONE',  ( 0.3775000000000000022, 2.469999999999999751, 0.000000000000000000 ) ) ;
#2174 = VECTOR ( 'NONE', #8834, 1000.000000000000000 ) ;
#2175 =( LENGTH_UNIT ( ) NAMED_UNIT ( * ) SI_UNIT ( .MILLI., .METRE. ) );
#2176 = PRESENTATION_STYLE_ASSIGNMENT (( #8331 ) ) ;
#2177 = CARTESIAN_POINT ( 'NONE',  ( 1.647500000000000409, 3.220000000000000195, 0.000000000000000000 ) ) ;
#2178 = ORIENTED_EDGE ( 'NONE', *, *, #1706, .F. ) ;
#2179 = FILL_AREA_STYLE ('',( #4056 ) ) ;
#2180 = ORIENTED_EDGE ( 'NONE', *, *, #1855, .F. ) ;
#2181 = DIRECTION ( 'NONE',  ( -0.000000000000000000, -0.000000000000000000, -1.000000000000000000 ) ) ;
#2182 = PRESENTATION_LAYER_ASSIGNMENT (  '', '', ( #4837 ) ) ;
#2183 = CARTESIAN_POINT ( 'NONE',  ( -2.430401622660340433, -2.544516792360708379, 1.017589973296721073 ) ) ;
#2184 = MECHANICAL_DESIGN_GEOMETRIC_PRESENTATION_REPRESENTATION (  '', ( #1423 ), #11599 ) ;
#2185 = DIRECTION ( 'NONE',  ( 0.000000000000000000, 0.000000000000000000, -1.000000000000000000 ) ) ;
#2186 = SURFACE_STYLE_FILL_AREA ( #9493 ) ;
#2187 = CARTESIAN_POINT ( 'NONE',  ( 2.185000000000000497, 2.469999999999989981, 0.2500000000000000000 ) ) ;
#2188 = CIRCLE ( 'NONE', #4847, 0.03749999999999988065 ) ;
#2189 = FACE_OUTER_BOUND ( 'NONE', #9735, .T. ) ;
#2190 = ORIENTED_EDGE ( 'NONE', *, *, #7845, .T. ) ;
#2191 = MECHANICAL_DESIGN_GEOMETRIC_PRESENTATION_REPRESENTATION (  '', ( #10628 ), #1434 ) ;
#2192 = DIRECTION ( 'NONE',  ( 0.000000000000000000, 0.000000000000000000, 1.000000000000000000 ) ) ;
#2193 = PRESENTATION_STYLE_ASSIGNMENT (( #4757 ) ) ;
#2194 = FILL_AREA_STYLE ('',( #10589 ) ) ;
#2195 = DIRECTION ( 'NONE',  ( -0.7071067811865444641, 0.7071067811865505703, 0.000000000000000000 ) ) ;
#2196 = VERTEX_POINT ( 'NONE', #10005 ) ;
#2197 = DIRECTION ( 'NONE',  ( 0.000000000000000000, 0.000000000000000000, 1.000000000000000000 ) ) ;
#2198 = VERTEX_POINT ( 'NONE', #5508 ) ;
#2199 = VECTOR ( 'NONE', #11708, 1000.000000000000000 ) ;
#2200 = DIRECTION ( 'NONE',  ( 1.000000000000000000, 2.312964634635739999E-16, 0.000000000000000000 ) ) ;
#2201 = ORIENTED_EDGE ( 'NONE', *, *, #5714, .F. ) ;
#2202 = STYLED_ITEM ( 'NONE', ( #3084 ), #7553 ) ;
#2203 = DIRECTION ( 'NONE',  ( 1.000000000000000000, 0.000000000000000000, 0.000000000000000000 ) ) ;
#2204 = SURFACE_STYLE_USAGE ( .BOTH. , #11293 ) ;
#2205 = CARTESIAN_POINT ( 'NONE',  ( 1.905000000000000027, 2.470000000000000195, 0.2500000000000000000 ) ) ;
#2206 = DIRECTION ( 'NONE',  ( -1.000000000000000000, -3.038931636747690137E-16, 0.000000000000000000 ) ) ;
#2207 = ORIENTED_EDGE ( 'NONE', *, *, #7478, .F. ) ;
#2208 =( NAMED_UNIT ( * ) PLANE_ANGLE_UNIT ( ) SI_UNIT ( $, .RADIAN. ) );
#2209 = DIRECTION ( 'NONE',  ( -1.000000000000000000, 1.009293658750140033E-15, 0.000000000000000000 ) ) ;
#2210 = VERTEX_POINT ( 'NONE', #5331 ) ;
#2211 =( NAMED_UNIT ( * ) PLANE_ANGLE_UNIT ( ) SI_UNIT ( $, .RADIAN. ) );
#2212 = EDGE_CURVE ( 'NONE', #10859, #7814, #675, .T. ) ;
#2213 = SURFACE_STYLE_FILL_AREA ( #10426 ) ;
#2214 = DIRECTION ( 'NONE',  ( -1.000000000000000000, 0.000000000000000000, -0.000000000000000000 ) ) ;
#2215 =( GEOMETRIC_REPRESENTATION_CONTEXT ( 3 ) GLOBAL_UNCERTAINTY_ASSIGNED_CONTEXT ( ( #10665 ) ) GLOBAL_UNIT_ASSIGNED_CONTEXT ( ( #10388, #8691, #1512 ) ) REPRESENTATION_CONTEXT ( 'NONE', 'WORKASPACE' ) );
#2216 = EDGE_CURVE ( 'NONE', #11841, #6575, #3730, .T. ) ;
#2217 =( NAMED_UNIT ( * ) SI_UNIT ( $, .STERADIAN. ) SOLID_ANGLE_UNIT ( ) );
#2218 = VECTOR ( 'NONE', #5142, 1000.000000000000000 ) ;
#2219 = CARTESIAN_POINT ( 'NONE',  ( 0.000000000000000000, 2.419999999999999929, 0.000000000000000000 ) ) ;
#2220 = ORIENTED_EDGE ( 'NONE', *, *, #6659, .T. ) ;
#2221 = COLOUR_RGB ( '',0.8313725490196077761, 0.8313725490196077761, 0.8313725490196077761 ) ;
#2222 = ORIENTED_EDGE ( 'NONE', *, *, #459, .F. ) ;
#2223 = FILL_AREA_STYLE_COLOUR ( '', #5653 ) ;
#2224 = EDGE_CURVE ( 'NONE', #4804, #3279, #3792, .T. ) ;
#2225 = DIRECTION ( 'NONE',  ( 1.000000000000000000, 0.000000000000000000, -0.000000000000000000 ) ) ;
#2226 = AXIS2_PLACEMENT_3D ( 'NONE', #7696, #6787, #2264 ) ;
#2227 = EDGE_CURVE ( 'NONE', #6809, #3985, #1740, .T. ) ;
#2228 =( LENGTH_UNIT ( ) NAMED_UNIT ( * ) SI_UNIT ( .MILLI., .METRE. ) );
#2229 = VERTEX_POINT ( 'NONE', #6391 ) ;
#2230 = DIRECTION ( 'NONE',  ( 1.000000000000000000, -0.000000000000000000, 0.000000000000000000 ) ) ;
#2231 = EDGE_CURVE ( 'NONE', #4964, #5479, #9663, .T. ) ;
#2232 = CARTESIAN_POINT ( 'NONE',  ( -1.647500000000000187, -2.620000000000000107, 0.2500000000000000000 ) ) ;
#2233 = VECTOR ( 'NONE', #10959, 1000.000000000000000 ) ;
#2234 = DIRECTION ( 'NONE',  ( 1.000000000000000000, 0.000000000000000000, 0.000000000000000000 ) ) ;
#2235 =( GEOMETRIC_REPRESENTATION_CONTEXT ( 3 ) GLOBAL_UNCERTAINTY_ASSIGNED_CONTEXT ( ( #4048 ) ) GLOBAL_UNIT_ASSIGNED_CONTEXT ( ( #2899, #6525, #8388 ) ) REPRESENTATION_CONTEXT ( 'NONE', 'WORKASPACE' ) );
#2236 = DIRECTION ( 'NONE',  ( 1.200241107702869931E-15, -1.000000000000000000, 0.000000000000000000 ) ) ;
#2237 = FILL_AREA_STYLE_COLOUR ( '', #325 ) ;
#2238 = UNCERTAINTY_MEASURE_WITH_UNIT (LENGTH_MEASURE( 1.000000000000000082E-05 ), #2869, 'distance_accuracy_value', 'NONE');
#2239 = CARTESIAN_POINT ( 'NONE',  ( 0.4149999999999999800, -2.657500000000000195, 0.000000000000000000 ) ) ;
#2240 = DIRECTION ( 'NONE',  ( -0.000000000000000000, -0.000000000000000000, -1.000000000000000000 ) ) ;
#2241 = VERTEX_POINT ( 'NONE', #8202 ) ;
#2242 = APPLICATION_PROTOCOL_DEFINITION ( 'draft international standard', 'automotive_design', 1998, #3169 ) ;
#2243 = VECTOR ( 'NONE', #8389, 1000.000000000000000 ) ;
#2244 = CARTESIAN_POINT ( 'NONE',  ( 1.685000000000000053, -2.770000000000000018, 0.2500000000000000000 ) ) ;
#2245 = ORIENTED_EDGE ( 'NONE', *, *, #10340, .F. ) ;
#2246 =( LENGTH_UNIT ( ) NAMED_UNIT ( * ) SI_UNIT ( .MILLI., .METRE. ) );
#2247 = DIRECTION ( 'NONE',  ( 0.000000000000000000, 0.000000000000000000, 1.000000000000000000 ) ) ;
#2248 = DIRECTION ( 'NONE',  ( -0.1751915364254255369, -0.1751915364254298113, 0.9688218882383883290 ) ) ;
#2249 =( GEOMETRIC_REPRESENTATION_CONTEXT ( 3 ) GLOBAL_UNCERTAINTY_ASSIGNED_CONTEXT ( ( #4533 ) ) GLOBAL_UNIT_ASSIGNED_CONTEXT ( ( #505, #620, #4974 ) ) REPRESENTATION_CONTEXT ( 'NONE', 'WORKASPACE' ) );
#2250 =( LENGTH_UNIT ( ) NAMED_UNIT ( * ) SI_UNIT ( .MILLI., .METRE. ) );
#2251 = AXIS2_PLACEMENT_3D ( 'NONE', #11137, #10011, #11876 ) ;
#2252 = DIRECTION ( 'NONE',  ( -1.000000000000000000, -0.000000000000000000, -0.000000000000000000 ) ) ;
#2253 = DIRECTION ( 'NONE',  ( 0.000000000000000000, 1.000000000000000000, 0.000000000000000000 ) ) ;
#2254 = ORIENTED_EDGE ( 'NONE', *, *, #5045, .F. ) ;
#2255 = FACE_OUTER_BOUND ( 'NONE', #3018, .T. ) ;
#2256 = CARTESIAN_POINT ( 'NONE',  ( 2.185000000000000497, 2.419999999999999929, 0.000000000000000000 ) ) ;
#2257 = SURFACE_STYLE_FILL_AREA ( #6777 ) ;
#2258 = EDGE_LOOP ( 'NONE', ( #5587, #8256, #6286, #9003 ) ) ;
#2259 = ORIENTED_EDGE ( 'NONE', *, *, #10340, .T. ) ;
#2260 =( GEOMETRIC_REPRESENTATION_CONTEXT ( 3 ) GLOBAL_UNCERTAINTY_ASSIGNED_CONTEXT ( ( #2270 ) ) GLOBAL_UNIT_ASSIGNED_CONTEXT ( ( #1618, #7694, #1538 ) ) REPRESENTATION_CONTEXT ( 'NONE', 'WORKASPACE' ) );
#2261 = FILL_AREA_STYLE ('',( #2081 ) ) ;
#2262 = SURFACE_STYLE_FILL_AREA ( #7759 ) ;
#2263 = ORIENTED_EDGE ( 'NONE', *, *, #6315, .T. ) ;
#2264 = DIRECTION ( 'NONE',  ( 0.000000000000000000, 0.000000000000000000, 1.000000000000000000 ) ) ;
#2265 = LINE ( 'NONE', #5906, #10421 ) ;
#2266 = PLANE ( 'NONE',  #2536 ) ;
#2267 = ORIENTED_EDGE ( 'NONE', *, *, #2212, .T. ) ;
#2268 =( GEOMETRIC_REPRESENTATION_CONTEXT ( 3 ) GLOBAL_UNCERTAINTY_ASSIGNED_CONTEXT ( ( #57 ) ) GLOBAL_UNIT_ASSIGNED_CONTEXT ( ( #8516, #3210, #7626 ) ) REPRESENTATION_CONTEXT ( 'NONE', 'WORKASPACE' ) );
#2269 = CARTESIAN_POINT ( 'NONE',  ( 2.481424832439820261, -0.1799999999999990219, 0.000000000000000000 ) ) ;
#2270 = UNCERTAINTY_MEASURE_WITH_UNIT (LENGTH_MEASURE( 1.000000000000000082E-05 ), #1618, 'distance_accuracy_value', 'NONE');
#2271 = PRESENTATION_LAYER_ASSIGNMENT (  '', '', ( #164 ) ) ;
#2272 = SURFACE_STYLE_FILL_AREA ( #1311 ) ;
#2273 = ORIENTED_EDGE ( 'NONE', *, *, #7989, .F. ) ;
#2274 = SURFACE_STYLE_FILL_AREA ( #4201 ) ;
#2275 = DIRECTION ( 'NONE',  ( 1.000000000000000000, 0.000000000000000000, 0.000000000000000000 ) ) ;
#2276 = VECTOR ( 'NONE', #2634, 1000.000000000000000 ) ;
#2277 = CARTESIAN_POINT ( 'NONE',  ( -2.575000000000000178, 2.740000000000000213, 0.000000000000000000 ) ) ;
#2278 = CARTESIAN_POINT ( 'NONE',  ( 2.149999999999999911, 0.02000000000000060063, 0.2500000000000000000 ) ) ;
#2279 = VECTOR ( 'NONE', #7381, 1000.000000000000000 ) ;
#2280 = ORIENTED_EDGE ( 'NONE', *, *, #10196, .T. ) ;
#2281 = EDGE_CURVE ( 'NONE', #10026, #2073, #4668, .T. ) ;
#2282 =( NAMED_UNIT ( * ) PLANE_ANGLE_UNIT ( ) SI_UNIT ( $, .RADIAN. ) );
#2283 = VECTOR ( 'NONE', #10156, 1000.000000000000000 ) ;
#2284 = PRESENTATION_STYLE_ASSIGNMENT (( #8 ) ) ;
#2285 = FILL_AREA_STYLE ('',( #4216 ) ) ;
#2286 = ORIENTED_EDGE ( 'NONE', *, *, #3540, .F. ) ;
#2287 =( NAMED_UNIT ( * ) SI_UNIT ( $, .STERADIAN. ) SOLID_ANGLE_UNIT ( ) );
#2288 = EDGE_CURVE ( 'NONE', #9564, #2945, #5559, .T. ) ;
#2289 = EDGE_CURVE ( 'NONE', #5546, #9311, #6375, .T. ) ;
#2290 = FILL_AREA_STYLE ('',( #10500 ) ) ;
#2291 = ORIENTED_EDGE ( 'NONE', *, *, #10342, .F. ) ;
#2292 = CARTESIAN_POINT ( 'NONE',  ( 2.162500000000000089, 2.782500000000000195, 0.2500000000000000000 ) ) ;
#2293 = CARTESIAN_POINT ( 'NONE',  ( 2.399623984414025024, 2.636255932742945784, 1.001469427380571542 ) ) ;
#2294 = PRESENTATION_LAYER_ASSIGNMENT (  '', '', ( #11294 ) ) ;
#2295 = DIRECTION ( 'NONE',  ( 0.000000000000000000, 0.000000000000000000, -1.000000000000000000 ) ) ;
#2296 = AXIS2_PLACEMENT_3D ( 'NONE', #10599, #2330, #8712 ) ;
#2297 = ORIENTED_EDGE ( 'NONE', *, *, #9015, .F. ) ;
#2298 = DIRECTION ( 'NONE',  ( -0.000000000000000000, -1.000000000000000000, -0.000000000000000000 ) ) ;
#2299 =( LENGTH_UNIT ( ) NAMED_UNIT ( * ) SI_UNIT ( .MILLI., .METRE. ) );
#2300 = STYLED_ITEM ( 'NONE', ( #9028 ), #6216 ) ;
#2301 = DIRECTION ( 'NONE',  ( 1.000000000000000000, 0.000000000000000000, 0.000000000000000000 ) ) ;
#2302 = DIRECTION ( 'NONE',  ( -1.000000000000000000, 2.713878504639269916E-13, 0.000000000000000000 ) ) ;
#2303 = EDGE_CURVE ( 'NONE', #10132, #4615, #4442, .T. ) ;
#2304 = ADVANCED_FACE ( 'NONE', ( #905 ), #2821, .F. ) ;
#2305 = AXIS2_PLACEMENT_3D ( 'NONE', #5169, #3152, #627 ) ;
#2306 = CARTESIAN_POINT ( 'NONE',  ( 0.4150000000000000910, -2.770000000000000018, 0.2500000000000000000 ) ) ;
#2307 = COLOUR_RGB ( '',0.8313725490196077761, 0.8313725490196077761, 0.8313725490196077761 ) ;
#2308 = FILL_AREA_STYLE ('',( #7731 ) ) ;
#2309 = FILL_AREA_STYLE_COLOUR ( '', #11243 ) ;
#2310 = DIRECTION ( 'NONE',  ( -9.313951548868760574E-17, -1.000000000000000000, 0.000000000000000000 ) ) ;
#2311 = SURFACE_STYLE_FILL_AREA ( #4975 ) ;
#2312 = VERTEX_POINT ( 'NONE', #122 ) ;
#2313 = CARTESIAN_POINT ( 'NONE',  ( -1.685000000000000053, -2.657500000000000195, 0.000000000000000000 ) ) ;
#2314 = SURFACE_STYLE_USAGE ( .BOTH. , #10578 ) ;
#2315 = CARTESIAN_POINT ( 'NONE',  ( -0.4149999999999999245, 2.507499999999999840, 0.2500000000000000000 ) ) ;
#2316 = EDGE_CURVE ( 'NONE', #10377, #5551, #8308, .T. ) ;
#2317 =( LENGTH_UNIT ( ) NAMED_UNIT ( * ) SI_UNIT ( .MILLI., .METRE. ) );
#2318 = CARTESIAN_POINT ( 'NONE',  ( 2.381424832439820172, -0.6799999999999990496, 0.2500000000000000555 ) ) ;
#2319 = SURFACE_STYLE_USAGE ( .BOTH. , #1582 ) ;
#2320 = ORIENTED_EDGE ( 'NONE', *, *, #8058, .T. ) ;
#2321 = COLOUR_RGB ( '',0.8313725490196077761, 0.8313725490196077761, 0.8313725490196077761 ) ;
#2322 = LINE ( 'NONE', #456, #3499 ) ;
#2323 = CARTESIAN_POINT ( 'NONE',  ( -2.496266715016313587, -2.739989970828018429, 0.2500554620476082013 ) ) ;
#2324 = EDGE_LOOP ( 'NONE', ( #484, #10437, #6536, #11202 ) ) ;
#2325 = CARTESIAN_POINT ( 'NONE',  ( 2.575000000000000622, 2.660000000000000142, 0.000000000000000000 ) ) ;
#2326 = ORIENTED_EDGE ( 'NONE', *, *, #9701, .T. ) ;
#2327 =( NAMED_UNIT ( * ) SI_UNIT ( $, .STERADIAN. ) SOLID_ANGLE_UNIT ( ) );
#2328 = AXIS2_PLACEMENT_3D ( 'NONE', #1937, #980, #10211 ) ;
#2329 = CARTESIAN_POINT ( 'NONE',  ( 2.149999999999999911, 0.02000000000000060063, 0.000000000000000000 ) ) ;
#2330 = DIRECTION ( 'NONE',  ( 0.000000000000000000, 1.000000000000000000, 0.000000000000000000 ) ) ;
#2331 = CARTESIAN_POINT ( 'NONE',  ( -1.647500000000000187, -2.620000000000000551, 0.2500000000000000000 ) ) ;
#2332 = FILL_AREA_STYLE_COLOUR ( '', #69 ) ;
#2333 = ORIENTED_EDGE ( 'NONE', *, *, #11762, .F. ) ;
#2334 = APPLICATION_CONTEXT ( 'automotive_design' ) ;
#2335 = VERTEX_POINT ( 'NONE', #2652 ) ;
#2336 = SURFACE_SIDE_STYLE ('',( #3241 ) ) ;
#2337 = CARTESIAN_POINT ( 'NONE',  ( 0.9150000000000000355, 2.469999999999997087, 0.2500000000000000000 ) ) ;
#2338 = CARTESIAN_POINT ( 'NONE',  ( 1.647500000000000187, 2.819999999999999840, 0.2500000000000000000 ) ) ;
#2339 = ADVANCED_FACE ( 'NONE', ( #6280 ), #2623, .F. ) ;
#2340 = ORIENTED_EDGE ( 'NONE', *, *, #4057, .T. ) ;
#2341 = FILL_AREA_STYLE_COLOUR ( '', #11451 ) ;
#2342 =( LENGTH_UNIT ( ) NAMED_UNIT ( * ) SI_UNIT ( .MILLI., .METRE. ) );
#2343 = ORIENTED_EDGE ( 'NONE', *, *, #5434, .F. ) ;
#2344 = CARTESIAN_POINT ( 'NONE',  ( -0.6350000000000000089, -2.770000000000000018, 0.2500000000000000000 ) ) ;
#2345 = ORIENTED_EDGE ( 'NONE', *, *, #11851, .T. ) ;
#2346 = FILL_AREA_STYLE_COLOUR ( '', #11671 ) ;
#2347 = SURFACE_STYLE_FILL_AREA ( #8557 ) ;
#2348 = SURFACE_STYLE_USAGE ( .BOTH. , #8623 ) ;
#2349 = CIRCLE ( 'NONE', #10187, 0.03749999999999976963 ) ;
#2350 = CARTESIAN_POINT ( 'NONE',  ( 2.149999999999999911, 2.419999999999999929, 0.000000000000000000 ) ) ;
#2351 = AXIS2_PLACEMENT_3D ( 'NONE', #10889, #6337, #11743 ) ;
#2352 =( LENGTH_UNIT ( ) NAMED_UNIT ( * ) SI_UNIT ( .MILLI., .METRE. ) );
#2353 = COLOUR_RGB ( '',0.2862745098039215508, 0.2862745098039215508, 0.2862745098039215508 ) ;
#2354 = ADVANCED_FACE ( 'NONE', ( #11028 ), #10848, .T. ) ;
#2355 = CARTESIAN_POINT ( 'NONE',  ( 1.905000000000000027, -0.1799999999999991607, 0.000000000000000000 ) ) ;
#2356 = CARTESIAN_POINT ( 'NONE',  ( -2.433187122972952032, 2.519463867161249926, 1.034235483637910180 ) ) ;
#2357 = PRESENTATION_LAYER_ASSIGNMENT (  '', '', ( #9230 ) ) ;
#2358 = UNCERTAINTY_MEASURE_WITH_UNIT (LENGTH_MEASURE( 1.000000000000000082E-05 ), #8512, 'distance_accuracy_value', 'NONE');
#2359 =( NAMED_UNIT ( * ) SI_UNIT ( $, .STERADIAN. ) SOLID_ANGLE_UNIT ( ) );
#2360 = FILL_AREA_STYLE ('',( #2309 ) ) ;
#2361 = COLOUR_RGB ( '',0.2862745098039215508, 0.2862745098039215508, 0.2862745098039215508 ) ;
#2362 = CARTESIAN_POINT ( 'NONE',  ( -2.381424832439820172, -0.6799999999999990496, 0.2500000000000000000 ) ) ;
#2363 = DIRECTION ( 'NONE',  ( 0.5064641571633327066, 0.5064641571633435868, 0.6978453374621477190 ) ) ;
#2364 = PRESENTATION_STYLE_ASSIGNMENT (( #6652 ) ) ;
#2365 = ORIENTED_EDGE ( 'NONE', *, *, #5273, .T. ) ;
#2366 = SHAPE_DEFINITION_REPRESENTATION ( #10322, #5283 ) ;
#2367 = EDGE_CURVE ( 'NONE', #2750, #9085, #757, .T. ) ;
#2368 = EDGE_CURVE ( 'NONE', #9024, #7683, #5250, .T. ) ;
#2369 = SURFACE_SIDE_STYLE ('',( #4120 ) ) ;
#2370 = LINE ( 'NONE', #10691, #3614 ) ;
#2371 = AXIS2_PLACEMENT_3D ( 'NONE', #7411, #1012, #2090 ) ;
#2372 = EDGE_CURVE ( 'NONE', #11311, #11651, #3578, .T. ) ;
#2373 = MECHANICAL_DESIGN_GEOMETRIC_PRESENTATION_REPRESENTATION (  '', ( #11197 ), #1016 ) ;
#2374 = VECTOR ( 'NONE', #11663, 1000.000000000000114 ) ;
#2375 =( LENGTH_UNIT ( ) NAMED_UNIT ( * ) SI_UNIT ( .MILLI., .METRE. ) );
#2376 = LINE ( 'NONE', #2437, #10452 ) ;
#2377 = UNCERTAINTY_MEASURE_WITH_UNIT (LENGTH_MEASURE( 1.000000000000000082E-05 ), #4750, 'distance_accuracy_value', 'NONE');
#2378 = FILL_AREA_STYLE ('',( #3218 ) ) ;
#2379 = ORIENTED_EDGE ( 'NONE', *, *, #5841, .T. ) ;
#2380 = DIRECTION ( 'NONE',  ( -0.000000000000000000, -0.000000000000000000, -1.000000000000000000 ) ) ;
#2381 = CARTESIAN_POINT ( 'NONE',  ( -0.8924999999999999600, -2.620000000000000551, 0.2500000000000000000 ) ) ;
#2382 = LINE ( 'NONE', #8876, #9544 ) ;
#2383 = ORIENTED_EDGE ( 'NONE', *, *, #2585, .T. ) ;
#2384 = DIRECTION ( 'NONE',  ( 0.000000000000000000, 0.000000000000000000, -1.000000000000000000 ) ) ;
#2385 = AXIS2_PLACEMENT_3D ( 'NONE', #9755, #1436, #9699 ) ;
#2386 = EDGE_CURVE ( 'NONE', #3110, #5497, #20, .T. ) ;
#2387 = VECTOR ( 'NONE', #2746, 1000.000000000000114 ) ;
#2388 = EDGE_CURVE ( 'NONE', #8909, #11466, #3461, .T. ) ;
#2389 = ORIENTED_EDGE ( 'NONE', *, *, #8780, .F. ) ;
#2390 = FILL_AREA_STYLE ('',( #5122 ) ) ;
#2391 = DIRECTION ( 'NONE',  ( 1.000000000000000000, 0.000000000000000000, 0.000000000000000000 ) ) ;
#2392 = DIRECTION ( 'NONE',  ( -0.000000000000000000, -0.000000000000000000, 1.000000000000000000 ) ) ;
#2393 = DIRECTION ( 'NONE',  ( 1.000000000000000000, 0.000000000000000000, 0.000000000000000000 ) ) ;
#2394 = DIRECTION ( 'NONE',  ( 0.000000000000000000, -1.000000000000000000, -0.000000000000000000 ) ) ;
#2395 = ORIENTED_EDGE ( 'NONE', *, *, #6602, .T. ) ;
#2396 = UNCERTAINTY_MEASURE_WITH_UNIT (LENGTH_MEASURE( 1.000000000000000082E-05 ), #6930, 'distance_accuracy_value', 'NONE');
#2397 = DIRECTION ( 'NONE',  ( 0.000000000000000000, 1.000000000000000000, -0.000000000000000000 ) ) ;
#2398 = FACE_OUTER_BOUND ( 'NONE', #10371, .T. ) ;
#2399 = STYLED_ITEM ( 'NONE', ( #6445 ), #3388 ) ;
#2400 =( NAMED_UNIT ( * ) PLANE_ANGLE_UNIT ( ) SI_UNIT ( $, .RADIAN. ) );
#2401 = CARTESIAN_POINT ( 'NONE',  ( 1.685000000000000053, -2.319999999999999840, 0.000000000000000000 ) ) ;
#2402 = ORIENTED_EDGE ( 'NONE', *, *, #5663, .F. ) ;
#2403 = PRESENTATION_LAYER_ASSIGNMENT (  '', '', ( #5453 ) ) ;
#2404 = UNCERTAINTY_MEASURE_WITH_UNIT (LENGTH_MEASURE( 1.000000000000000082E-05 ), #5318, 'distance_accuracy_value', 'NONE');
#2405 = VECTOR ( 'NONE', #6048, 1000.000000000000000 ) ;
#2406 = SURFACE_SIDE_STYLE ('',( #7898 ) ) ;
#2407 =( LENGTH_UNIT ( ) NAMED_UNIT ( * ) SI_UNIT ( .MILLI., .METRE. ) );
#2408 = VERTEX_POINT ( 'NONE', #2734 ) ;
#2409 = CARTESIAN_POINT ( 'NONE',  ( -2.125000000000000000, 2.319999999999999840, 0.000000000000000000 ) ) ;
#2410 = DIRECTION ( 'NONE',  ( 1.000000000000000000, 0.000000000000000000, -0.000000000000000000 ) ) ;
#2411 = ORIENTED_EDGE ( 'NONE', *, *, #1177, .F. ) ;
#2412 = DIRECTION ( 'NONE',  ( 0.000000000000000000, -0.000000000000000000, 1.000000000000000000 ) ) ;
#2413 = PRESENTATION_LAYER_ASSIGNMENT (  '', '', ( #11826 ) ) ;
#2414 = VECTOR ( 'NONE', #4794, 1000.000000000000000 ) ;
#2415 = SURFACE_STYLE_USAGE ( .BOTH. , #6939 ) ;
#2416 = FACE_OUTER_BOUND ( 'NONE', #10551, .T. ) ;
#2417 = STYLED_ITEM ( 'NONE', ( #11657 ), #8496 ) ;
#2418 = SURFACE_STYLE_USAGE ( .BOTH. , #5384 ) ;
#2419 = SURFACE_STYLE_FILL_AREA ( #10567 ) ;
#2420 = DIRECTION ( 'NONE',  ( 0.000000000000000000, 1.000000000000000000, 0.000000000000000000 ) ) ;
#2421 = AXIS2_PLACEMENT_3D ( 'NONE', #10820, #851, #4506 ) ;
#2422 = PRESENTATION_LAYER_ASSIGNMENT (  '', '', ( #11058 ) ) ;
#2423 = CARTESIAN_POINT ( 'NONE',  ( 0.000000000000000000, 5.551115123125779744E-16, 0.000000000000000000 ) ) ;
#2424 = FILL_AREA_STYLE_COLOUR ( '', #9485 ) ;
#2425 = CARTESIAN_POINT ( 'NONE',  ( -2.125000000000000000, -2.620000000000000551, 0.000000000000000000 ) ) ;
#2426 = DIRECTION ( 'NONE',  ( 1.000000000000000000, -0.000000000000000000, 0.000000000000000000 ) ) ;
#2427 =( LENGTH_UNIT ( ) NAMED_UNIT ( * ) SI_UNIT ( .MILLI., .METRE. ) );
#2428 = ORIENTED_EDGE ( 'NONE', *, *, #734, .F. ) ;
#2429 = APPLICATION_PROTOCOL_DEFINITION ( 'draft international standard', 'automotive_design', 1998, #2940 ) ;
#2430 = VECTOR ( 'NONE', #11312, 1000.000000000000000 ) ;
#2431 =( LENGTH_UNIT ( ) NAMED_UNIT ( * ) SI_UNIT ( .MILLI., .METRE. ) );
#2432 = SURFACE_SIDE_STYLE ('',( #7863 ) ) ;
#2433 = PRESENTATION_LAYER_ASSIGNMENT (  '', '', ( #6043 ) ) ;
#2434 = AXIS2_PLACEMENT_3D ( 'NONE', #11322, #6888, #6049 ) ;
#2435 = PRESENTATION_STYLE_ASSIGNMENT (( #7744 ) ) ;
#2436 = EDGE_CURVE ( 'NONE', #2799, #9580, #2794, .T. ) ;
#2437 = CARTESIAN_POINT ( 'NONE',  ( -2.185000000000000497, 0.02000000000000060063, 0.000000000000000000 ) ) ;
#2438 = MECHANICAL_DESIGN_GEOMETRIC_PRESENTATION_REPRESENTATION (  '', ( #5665 ), #7373 ) ;
#2439 = AXIS2_PLACEMENT_3D ( 'NONE', #9237, #11380, #3267 ) ;
#2440 = ORIENTED_EDGE ( 'NONE', *, *, #7382, .F. ) ;
#2441 =( GEOMETRIC_REPRESENTATION_CONTEXT ( 3 ) GLOBAL_UNCERTAINTY_ASSIGNED_CONTEXT ( ( #1660 ) ) GLOBAL_UNIT_ASSIGNED_CONTEXT ( ( #8216, #8272, #3747 ) ) REPRESENTATION_CONTEXT ( 'NONE', 'WORKASPACE' ) );
#2442 =( NAMED_UNIT ( * ) PLANE_ANGLE_UNIT ( ) SI_UNIT ( $, .RADIAN. ) );
#2443 = EDGE_CURVE ( 'NONE', #209, #11284, #5713, .T. ) ;
#2444 = AXIS2_PLACEMENT_3D ( 'NONE', #3743, #8988, #6339 ) ;
#2445 = EDGE_CURVE ( 'NONE', #10704, #6582, #4689, .T. ) ;
#2446 = DIRECTION ( 'NONE',  ( 0.000000000000000000, -1.000000000000000000, 0.000000000000000000 ) ) ;
#2447 = ORIENTED_EDGE ( 'NONE', *, *, #10625, .F. ) ;
#2448 = FILL_AREA_STYLE_COLOUR ( '', #5168 ) ;
#2449 = VERTEX_POINT ( 'NONE', #1105 ) ;
#2450 = CARTESIAN_POINT ( 'NONE',  ( 2.328631962061078031, -2.544516792360709267, 1.091449727906031786 ) ) ;
#2451 = COLOUR_RGB ( '',0.8313725490196077761, 0.8313725490196077761, 0.8313725490196077761 ) ;
#2452 = LINE ( 'NONE', #3285, #7434 ) ;
#2453 = EDGE_CURVE ( 'NONE', #9763, #3451, #6608, .T. ) ;
#2454 = SURFACE_SIDE_STYLE ('',( #11576 ) ) ;
#2455 = EDGE_CURVE ( 'NONE', #3753, #10333, #3825, .T. ) ;
#2456 = SURFACE_STYLE_USAGE ( .BOTH. , #6124 ) ;
#2457 = VERTEX_POINT ( 'NONE', #1168 ) ;
#2458 = DIRECTION ( 'NONE',  ( 0.000000000000000000, 0.000000000000000000, 1.000000000000000000 ) ) ;
#2459 = ADVANCED_FACE ( 'NONE', ( #7633 ), #10100, .T. ) ;
#2460 =( LENGTH_UNIT ( ) NAMED_UNIT ( * ) SI_UNIT ( .MILLI., .METRE. ) );
#2461 = ORIENTED_EDGE ( 'NONE', *, *, #10806, .T. ) ;
#2462 = CARTESIAN_POINT ( 'NONE',  ( 0.8924999999999999600, 2.507499999999999840, 0.000000000000000000 ) ) ;
#2463 = COLOUR_RGB ( '',0.8313725490196077761, 0.8313725490196077761, 0.8313725490196077761 ) ;
#2464 = FILL_AREA_STYLE_COLOUR ( '', #10510 ) ;
#2465 = DIRECTION ( 'NONE',  ( 0.1751915364254250373, 0.1751915364254250373, 0.9688218882383892172 ) ) ;
#2466 = VERTEX_POINT ( 'NONE', #1230 ) ;
#2467 = VECTOR ( 'NONE', #5857, 1000.000000000000000 ) ;
#2468 = EDGE_CURVE ( 'NONE', #7043, #1912, #1891, .T. ) ;
#2469 = DIRECTION ( 'NONE',  ( 0.000000000000000000, -0.000000000000000000, -1.000000000000000000 ) ) ;
#2470 = ORIENTED_EDGE ( 'NONE', *, *, #5326, .F. ) ;
#2471 = DIRECTION ( 'NONE',  ( -0.000000000000000000, -0.000000000000000000, 1.000000000000000000 ) ) ;
#2472 = ORIENTED_EDGE ( 'NONE', *, *, #5932, .T. ) ;
#2473 =( LENGTH_UNIT ( ) NAMED_UNIT ( * ) SI_UNIT ( .MILLI., .METRE. ) );
#2474 =( GEOMETRIC_REPRESENTATION_CONTEXT ( 3 ) GLOBAL_UNCERTAINTY_ASSIGNED_CONTEXT ( ( #8607 ) ) GLOBAL_UNIT_ASSIGNED_CONTEXT ( ( #2431, #10827, #2662 ) ) REPRESENTATION_CONTEXT ( 'NONE', 'WORKASPACE' ) );
#2475 =( BOUNDED_CURVE ( )  B_SPLINE_CURVE ( 3, ( #2323, #6013, #687, #6909 ),
 .UNSPECIFIED., .F., .F. ) 
 B_SPLINE_CURVE_WITH_KNOTS ( ( 4, 4 ),
 ( 5.513621743191264635, 7.052748871167847433 ),
 .UNSPECIFIED. ) 
 CURVE ( )  GEOMETRIC_REPRESENTATION_ITEM ( )  RATIONAL_B_SPLINE_CURVE ( ( 1.000000000000000000, 0.8121429464772923490, 0.8121429464772923490, 1.000000000000000000 ) ) 
 REPRESENTATION_ITEM ( '' )  );
#2476 =( NAMED_UNIT ( * ) PLANE_ANGLE_UNIT ( ) SI_UNIT ( $, .RADIAN. ) );
#2477 = CARTESIAN_POINT ( 'NONE',  ( -0.6350000000000000089, -3.220000000000000195, 0.2500000000000000000 ) ) ;
#2478 = DIRECTION ( 'NONE',  ( -1.000000000000000000, -0.000000000000000000, 0.000000000000000000 ) ) ;
#2479 = VECTOR ( 'NONE', #9180, 1000.000000000000000 ) ;
#2480 = VECTOR ( 'NONE', #3821, 1000.000000000000000 ) ;
#2481 = CARTESIAN_POINT ( 'NONE',  ( -0.4149999999999998690, 2.507499999999999840, 0.000000000000000000 ) ) ;
#2482 = FILL_AREA_STYLE ('',( #7003 ) ) ;
#2483 =( GEOMETRIC_REPRESENTATION_CONTEXT ( 3 ) GLOBAL_UNCERTAINTY_ASSIGNED_CONTEXT ( ( #1628 ) ) GLOBAL_UNIT_ASSIGNED_CONTEXT ( ( #4992, #4807, #1295 ) ) REPRESENTATION_CONTEXT ( 'NONE', 'WORKASPACE' ) );
#2484 = UNCERTAINTY_MEASURE_WITH_UNIT (LENGTH_MEASURE( 1.000000000000000082E-05 ), #6465, 'distance_accuracy_value', 'NONE');
#2485 = PRESENTATION_STYLE_ASSIGNMENT (( #672 ) ) ;
#2486 = CARTESIAN_POINT ( 'NONE',  ( 0.3775000000000000022, -2.820000000000000284, 0.2500000000000000000 ) ) ;
#2487 = VERTEX_POINT ( 'NONE', #2911 ) ;
#2488 = SURFACE_STYLE_USAGE ( .BOTH. , #11878 ) ;
#2489 = STYLED_ITEM ( 'NONE', ( #4376 ), #6362 ) ;
#2490 = DIRECTION ( 'NONE',  ( 0.000000000000000000, 1.000000000000000000, 0.000000000000000000 ) ) ;
#2491 = FILL_AREA_STYLE ('',( #1402 ) ) ;
#2492 = DIRECTION ( 'NONE',  ( 0.000000000000000000, 1.000000000000000000, -0.000000000000000000 ) ) ;
#2493 = PRESENTATION_LAYER_ASSIGNMENT (  '', '', ( #2097 ) ) ;
#2494 = PRESENTATION_LAYER_ASSIGNMENT (  '', '', ( #5933 ) ) ;
#2495 = LINE ( 'NONE', #8043, #5157 ) ;
#2496 = VECTOR ( 'NONE', #2867, 1000.000000000000000 ) ;
#2497 = CARTESIAN_POINT ( 'NONE',  ( -1.685000000000000053, 1.070000000000000062, 0.2500000000000000000 ) ) ;
#2498 =( NAMED_UNIT ( * ) SI_UNIT ( $, .STERADIAN. ) SOLID_ANGLE_UNIT ( ) );
#2499 = CARTESIAN_POINT ( 'NONE',  ( 0.4150000000000002021, -2.657500000000000195, 0.000000000000000000 ) ) ;
#2500 = ORIENTED_EDGE ( 'NONE', *, *, #6734, .T. ) ;
#2501 = DIRECTION ( 'NONE',  ( 0.000000000000000000, 0.000000000000000000, 1.000000000000000000 ) ) ;
#2502 = DIRECTION ( 'NONE',  ( 0.000000000000000000, 0.000000000000000000, 1.000000000000000000 ) ) ;
#2503 = PLANE ( 'NONE',  #2085 ) ;
#2504 = ORIENTED_EDGE ( 'NONE', *, *, #9144, .F. ) ;
#2505 = CARTESIAN_POINT ( 'NONE',  ( 2.705000000000000071, -0.5799999999999989608, 0.000000000000000000 ) ) ;
#2506 = EDGE_LOOP ( 'NONE', ( #1380, #955, #578, #1064 ) ) ;
#2507 = CARTESIAN_POINT ( 'NONE',  ( 0.4150000000000000910, -2.770000000000000018, 0.000000000000000000 ) ) ;
#2508 = DIRECTION ( 'NONE',  ( -0.7071067811865463515, -0.7071067811865486830, 0.000000000000000000 ) ) ;
#2509 = FILL_AREA_STYLE ('',( #1367 ) ) ;
#2510 = CARTESIAN_POINT ( 'NONE',  ( 2.125000000000000000, 2.739999999999999325, 0.2499999999999998335 ) ) ;
#2511 = ORIENTED_EDGE ( 'NONE', *, *, #2289, .T. ) ;
#2512 = CARTESIAN_POINT ( 'NONE',  ( -2.495000000000000107, -2.660000000000000142, 0.000000000000000000 ) ) ;
#2513 = UNCERTAINTY_MEASURE_WITH_UNIT (LENGTH_MEASURE( 1.000000000000000082E-05 ), #8845, 'distance_accuracy_value', 'NONE');
#2514 = SURFACE_STYLE_USAGE ( .BOTH. , #762 ) ;
#2515 = CARTESIAN_POINT ( 'NONE',  ( -2.705000000000000515, -0.5799999999999989608, 0.2500000000000000000 ) ) ;
#2516 = EDGE_LOOP ( 'NONE', ( #8622, #5894, #215, #63 ) ) ;
#2517 = VECTOR ( 'NONE', #1608, 1000.000000000000000 ) ;
#2518 = PLANE ( 'NONE',  #11891 ) ;
#2519 = EDGE_CURVE ( 'NONE', #8535, #11381, #3884, .T. ) ;
#2520 = STYLED_ITEM ( 'NONE', ( #5555 ), #11140 ) ;
#2521 = EDGE_CURVE ( 'NONE', #8403, #10162, #9071, .T. ) ;
#2522 = ORIENTED_EDGE ( 'NONE', *, *, #4685, .F. ) ;
#2523 = SURFACE_STYLE_USAGE ( .BOTH. , #3293 ) ;
#2524 = DIRECTION ( 'NONE',  ( -1.000000000000000000, -1.200241107702869931E-15, 0.000000000000000000 ) ) ;
#2525 = CARTESIAN_POINT ( 'NONE',  ( -0.8549999999999998712, 2.739999999999999325, 0.000000000000000000 ) ) ;
#2526 = ORIENTED_EDGE ( 'NONE', *, *, #7486, .T. ) ;
#2527 = CARTESIAN_POINT ( 'NONE',  ( 2.185000000000000497, -1.080000000000000293, 0.000000000000000000 ) ) ;
#2528 = CARTESIAN_POINT ( 'NONE',  ( 2.541955526939519316, -2.739266446321862336, 0.2540566049826275541 ) ) ;
#2529 = ORIENTED_EDGE ( 'NONE', *, *, #9847, .T. ) ;
#2530 = SURFACE_STYLE_USAGE ( .BOTH. , #1615 ) ;
#2531 =( LENGTH_UNIT ( ) NAMED_UNIT ( * ) SI_UNIT ( .MILLI., .METRE. ) );
#2532 = LINE ( 'NONE', #664, #3695 ) ;
#2533 = EDGE_CURVE ( 'NONE', #10244, #11716, #11093, .T. ) ;
#2534 = LINE ( 'NONE', #720, #2674 ) ;
#2535 =( LENGTH_UNIT ( ) NAMED_UNIT ( * ) SI_UNIT ( .MILLI., .METRE. ) );
#2536 = AXIS2_PLACEMENT_3D ( 'NONE', #11692, #1697, #2673 ) ;
#2537 = DIRECTION ( 'NONE',  ( 0.1779435454738420019, 0.000000000000000000, 0.9840406976462908739 ) ) ;
#2538 = VECTOR ( 'NONE', #7392, 1000.000000000000000 ) ;
#2539 = FILL_AREA_STYLE ('',( #9722 ) ) ;
#2540 = AXIS2_PLACEMENT_3D ( 'NONE', #195, #3019, #3740 ) ;
#2541 = VERTEX_POINT ( 'NONE', #1952 ) ;
#2542 =( GEOMETRIC_REPRESENTATION_CONTEXT ( 3 ) GLOBAL_UNCERTAINTY_ASSIGNED_CONTEXT ( ( #1394 ) ) GLOBAL_UNIT_ASSIGNED_CONTEXT ( ( #7079, #862, #2550 ) ) REPRESENTATION_CONTEXT ( 'NONE', 'WORKASPACE' ) );
#2543 = CARTESIAN_POINT ( 'NONE',  ( -2.162500000000000089, 3.220000000000000195, 0.000000000000000000 ) ) ;
#2544 = COLOUR_RGB ( '',0.2862745098039215508, 0.2862745098039215508, 0.2862745098039215508 ) ;
#2545 = VECTOR ( 'NONE', #3192, 1000.000000000000000 ) ;
#2546 = CARTESIAN_POINT ( 'NONE',  ( 2.381424832439820172, -0.07999999999999900246, 0.000000000000000000 ) ) ;
#2547 = LINE ( 'NONE', #6233, #1276 ) ;
#2548 = VECTOR ( 'NONE', #1863, 1000.000000000000000 ) ;
#2549 = SURFACE_SIDE_STYLE ('',( #4405 ) ) ;
#2550 =( NAMED_UNIT ( * ) SI_UNIT ( $, .STERADIAN. ) SOLID_ANGLE_UNIT ( ) );
#2551 = ORIENTED_EDGE ( 'NONE', *, *, #5841, .F. ) ;
#2552 = FILL_AREA_STYLE_COLOUR ( '', #9620 ) ;
#2553 = ORIENTED_EDGE ( 'NONE', *, *, #9450, .T. ) ;
#2554 = CARTESIAN_POINT ( 'NONE',  ( 2.185000000000000497, 2.770000000000000018, 0.000000000000000000 ) ) ;
#2555 = PRESENTATION_LAYER_ASSIGNMENT (  '', '', ( #9221 ) ) ;
#2556 = ORIENTED_EDGE ( 'NONE', *, *, #5800, .F. ) ;
#2557 =( NAMED_UNIT ( * ) PLANE_ANGLE_UNIT ( ) SI_UNIT ( $, .RADIAN. ) );
#2558 =( GEOMETRIC_REPRESENTATION_CONTEXT ( 3 ) GLOBAL_UNCERTAINTY_ASSIGNED_CONTEXT ( ( #6529 ) ) GLOBAL_UNIT_ASSIGNED_CONTEXT ( ( #5329, #5385, #4611 ) ) REPRESENTATION_CONTEXT ( 'NONE', 'WORKASPACE' ) );
#2559 = VECTOR ( 'NONE', #6864, 1000.000000000000000 ) ;
#2560 = DIRECTION ( 'NONE',  ( 0.000000000000000000, -0.000000000000000000, 1.000000000000000000 ) ) ;
#2561 = VECTOR ( 'NONE', #4156, 1000.000000000000000 ) ;
#2562 = FILL_AREA_STYLE ('',( #11030 ) ) ;
#2563 = FILL_AREA_STYLE_COLOUR ( '', #3160 ) ;
#2564 = ORIENTED_EDGE ( 'NONE', *, *, #1693, .F. ) ;
#2565 = DIRECTION ( 'NONE',  ( -0.000000000000000000, -0.000000000000000000, -1.000000000000000000 ) ) ;
#2566 = CARTESIAN_POINT ( 'NONE',  ( 2.162500000000000089, 2.507499999999999840, 0.000000000000000000 ) ) ;
#2567 = CARTESIAN_POINT ( 'NONE',  ( 1.905000000000000027, -0.5799999999999989608, 0.000000000000000000 ) ) ;
#2568 = EDGE_LOOP ( 'NONE', ( #3900, #5771, #6570, #1110, #2254 ) ) ;
#2569 = LINE ( 'NONE', #7286, #4790 ) ;
#2570 = ORIENTED_EDGE ( 'NONE', *, *, #6361, .F. ) ;
#2571 = LINE ( 'NONE', #11587, #2849 ) ;
#2572 = DIRECTION ( 'NONE',  ( 1.000000000000000000, 0.000000000000000000, 0.000000000000000000 ) ) ;
#2573 =( GEOMETRIC_REPRESENTATION_CONTEXT ( 3 ) GLOBAL_UNCERTAINTY_ASSIGNED_CONTEXT ( ( #4423 ) ) GLOBAL_UNIT_ASSIGNED_CONTEXT ( ( #10929, #6501, #40 ) ) REPRESENTATION_CONTEXT ( 'NONE', 'WORKASPACE' ) );
#2574 = CARTESIAN_POINT ( 'NONE',  ( -2.149999999999999467, 2.770000000000000018, 0.000000000000000000 ) ) ;
#2575 = PRESENTATION_LAYER_ASSIGNMENT (  '', '', ( #7148 ) ) ;
#2576 = ORIENTED_EDGE ( 'NONE', *, *, #8859, .F. ) ;
#2577 = SURFACE_SIDE_STYLE ('',( #2758 ) ) ;
#2578 = CARTESIAN_POINT ( 'NONE',  ( -1.625000000000000222, 2.469999999999989981, 0.000000000000000000 ) ) ;
#2579 = EDGE_CURVE ( 'NONE', #10043, #3011, #5599, .T. ) ;
#2580 = FILL_AREA_STYLE_COLOUR ( '', #11462 ) ;
#2581 = VERTEX_POINT ( 'NONE', #8521 ) ;
#2582 = DIRECTION ( 'NONE',  ( -0.000000000000000000, 0.000000000000000000, 1.000000000000000000 ) ) ;
#2583 = ORIENTED_EDGE ( 'NONE', *, *, #1711, .F. ) ;
#2584 =( GEOMETRIC_REPRESENTATION_CONTEXT ( 3 ) GLOBAL_UNCERTAINTY_ASSIGNED_CONTEXT ( ( #8803 ) ) GLOBAL_UNIT_ASSIGNED_CONTEXT ( ( #8825, #4939, #5059 ) ) REPRESENTATION_CONTEXT ( 'NONE', 'WORKASPACE' ) );
#2585 = EDGE_CURVE ( 'NONE', #6258, #3011, #8343, .T. ) ;
#2586 = FILL_AREA_STYLE ('',( #5267 ) ) ;
#2587 = CYLINDRICAL_SURFACE ( 'NONE', #11298, 0.03749999999999988065 ) ;
#2588 = AXIS2_PLACEMENT_3D ( 'NONE', #3099, #2981, #1291 ) ;
#2589 = DIRECTION ( 'NONE',  ( -0.000000000000000000, 0.000000000000000000, 1.000000000000000000 ) ) ;
#2590 = DIRECTION ( 'NONE',  ( 1.000000000000000000, 0.000000000000000000, -0.000000000000000000 ) ) ;
#2591 = ADVANCED_FACE ( 'NONE', ( #1053 ), #8402, .F. ) ;
#2592 = DIRECTION ( 'NONE',  ( -0.000000000000000000, 0.000000000000000000, -1.000000000000000000 ) ) ;
#2593 = ADVANCED_FACE ( 'NONE', ( #9730 ), #4176, .T. ) ;
#2594 = VECTOR ( 'NONE', #6906, 1000.000000000000000 ) ;
#2595 = UNCERTAINTY_MEASURE_WITH_UNIT (LENGTH_MEASURE( 1.000000000000000082E-05 ), #7922, 'distance_accuracy_value', 'NONE');
#2596 = FACE_OUTER_BOUND ( 'NONE', #6561, .T. ) ;
#2597 = DIRECTION ( 'NONE',  ( 0.000000000000000000, -0.000000000000000000, 1.000000000000000000 ) ) ;
#2598 = DIRECTION ( 'NONE',  ( 0.7071067811865441310, 0.7071067811865510144, -0.000000000000000000 ) ) ;
#2599 = MECHANICAL_DESIGN_GEOMETRIC_PRESENTATION_REPRESENTATION (  '', ( #8882 ), #9082 ) ;
#2600 = EDGE_CURVE ( 'NONE', #1733, #2870, #2376, .T. ) ;
#2601 = ORIENTED_EDGE ( 'NONE', *, *, #7550, .F. ) ;
#2602 = VECTOR ( 'NONE', #5454, 1000.000000000000000 ) ;
#2603 = CARTESIAN_POINT ( 'NONE',  ( -2.185000000000000497, 0.02000000000000060063, 0.2500000000000000000 ) ) ;
#2604 = CARTESIAN_POINT ( 'NONE',  ( -0.3549999999999999822, 2.419999999999999929, 0.000000000000000000 ) ) ;
#2605 = SURFACE_STYLE_USAGE ( .BOTH. , #2549 ) ;
#2606 =( NAMED_UNIT ( * ) PLANE_ANGLE_UNIT ( ) SI_UNIT ( $, .RADIAN. ) );
#2607 = ORIENTED_EDGE ( 'NONE', *, *, #11178, .T. ) ;
#2608 = DIRECTION ( 'NONE',  ( 1.000000000000000000, 0.000000000000000000, 0.000000000000000000 ) ) ;
#2609 = DIRECTION ( 'NONE',  ( 0.000000000000000000, 0.000000000000000000, 1.000000000000000000 ) ) ;
#2610 =( NAMED_UNIT ( * ) SI_UNIT ( $, .STERADIAN. ) SOLID_ANGLE_UNIT ( ) );
#2611 = SURFACE_STYLE_USAGE ( .BOTH. , #7085 ) ;
#2612 = VERTEX_POINT ( 'NONE', #11386 ) ;
#2613 = CARTESIAN_POINT ( 'NONE',  ( 2.574999999999997513, 2.660422264807302817, 0.2499999999999995837 ) ) ;
#2614 = AXIS2_PLACEMENT_3D ( 'NONE', #5301, #5362, #22 ) ;
#2615 = VERTEX_POINT ( 'NONE', #9665 ) ;
#2616 = CIRCLE ( 'NONE', #5659, 0.03749999999999999167 ) ;
#2617 = FILL_AREA_STYLE ('',( #10966 ) ) ;
#2618 = CARTESIAN_POINT ( 'NONE',  ( -0.4149999999999999800, -2.782500000000000195, 0.000000000000000000 ) ) ;
#2619 = VECTOR ( 'NONE', #10766, 1000.000000000000000 ) ;
#2620 = AXIS2_PLACEMENT_3D ( 'NONE', #10637, #5998, #9484 ) ;
#2621 = SURFACE_STYLE_USAGE ( .BOTH. , #5475 ) ;
#2622 = MECHANICAL_DESIGN_GEOMETRIC_PRESENTATION_REPRESENTATION (  '', ( #9881 ), #3778 ) ;
#2623 = PLANE ( 'NONE',  #5432 ) ;
#2624 = PLANE ( 'NONE',  #1840 ) ;
#2625 = PRESENTATION_STYLE_ASSIGNMENT (( #2798 ) ) ;
#2626 = ORIENTED_EDGE ( 'NONE', *, *, #10036, .F. ) ;
#2627 = UNCERTAINTY_MEASURE_WITH_UNIT (LENGTH_MEASURE( 1.000000000000000082E-05 ), #10762, 'distance_accuracy_value', 'NONE');
#2628 = LINE ( 'NONE', #7099, #2174 ) ;
#2629 = ORIENTED_EDGE ( 'NONE', *, *, #4456, .T. ) ;
#2630 = PRESENTATION_STYLE_ASSIGNMENT (( #1901 ) ) ;
#2631 = ORIENTED_EDGE ( 'NONE', *, *, #5943, .F. ) ;
#2632 =( NAMED_UNIT ( * ) SI_UNIT ( $, .STERADIAN. ) SOLID_ANGLE_UNIT ( ) );
#2633 = COLOUR_RGB ( '',0.8313725490196077761, 0.8313725490196077761, 0.8313725490196077761 ) ;
#2634 = DIRECTION ( 'NONE',  ( 0.000000000000000000, 1.000000000000000000, 0.000000000000000000 ) ) ;
#2635 =( NAMED_UNIT ( * ) PLANE_ANGLE_UNIT ( ) SI_UNIT ( $, .RADIAN. ) );
#2636 = VERTEX_POINT ( 'NONE', #11560 ) ;
#2637 = DIRECTION ( 'NONE',  ( -1.000000000000000000, 0.000000000000000000, 0.000000000000000000 ) ) ;
#2638 = UNCERTAINTY_MEASURE_WITH_UNIT (LENGTH_MEASURE( 1.000000000000000082E-05 ), #9497, 'distance_accuracy_value', 'NONE');
#2639 = CARTESIAN_POINT ( 'NONE',  ( -2.574996656942670548, -2.660844503146076789, 0.2500184873492051763 ) ) ;
#2640 = DIRECTION ( 'NONE',  ( 0.000000000000000000, 0.000000000000000000, 1.000000000000000000 ) ) ;
#2641 = ORIENTED_EDGE ( 'NONE', *, *, #9186, .F. ) ;
#2642 = LINE ( 'NONE', #8079, #5028 ) ;
#2643 = CARTESIAN_POINT ( 'NONE',  ( -2.354463867161250334, 2.519463867161249482, 1.100000000000000089 ) ) ;
#2644 = EDGE_LOOP ( 'NONE', ( #3591, #2031, #7591, #4147 ) ) ;
#2645 = DIRECTION ( 'NONE',  ( -0.7071067811865463515, 0.7071067811865486830, 0.000000000000000000 ) ) ;
#2646 = SURFACE_STYLE_FILL_AREA ( #2818 ) ;
#2647 = DIRECTION ( 'NONE',  ( 0.000000000000000000, 0.000000000000000000, 1.000000000000000000 ) ) ;
#2648 = PRESENTATION_LAYER_ASSIGNMENT (  '', '', ( #1303 ) ) ;
#2649 = PRESENTATION_LAYER_ASSIGNMENT (  '', '', ( #5904 ) ) ;
#2650 = SURFACE_SIDE_STYLE ('',( #4554 ) ) ;
#2651 = STYLED_ITEM ( 'NONE', ( #5556 ), #5560 ) ;
#2652 = CARTESIAN_POINT ( 'NONE',  ( -0.3775000000000000022, 2.469999999999998419, 0.2500000000000000000 ) ) ;
#2653 = EDGE_CURVE ( 'NONE', #7287, #11841, #6781, .T. ) ;
#2654 = PRESENTATION_LAYER_ASSIGNMENT (  '', '', ( #3231 ) ) ;
#2655 = CARTESIAN_POINT ( 'NONE',  ( -2.394980999734316995, -2.559980999734316143, 1.075827626996972208 ) ) ;
#2656 =( LENGTH_UNIT ( ) NAMED_UNIT ( * ) SI_UNIT ( .MILLI., .METRE. ) );
#2657 = COLOUR_RGB ( '',0.8313725490196077761, 0.8313725490196077761, 0.8313725490196077761 ) ;
#2658 =( GEOMETRIC_REPRESENTATION_CONTEXT ( 3 ) GLOBAL_UNCERTAINTY_ASSIGNED_CONTEXT ( ( #922 ) ) GLOBAL_UNIT_ASSIGNED_CONTEXT ( ( #7072, #9611, #6957 ) ) REPRESENTATION_CONTEXT ( 'NONE', 'WORKASPACE' ) );
#2659 =( NAMED_UNIT ( * ) PLANE_ANGLE_UNIT ( ) SI_UNIT ( $, .RADIAN. ) );
#2660 = ORIENTED_EDGE ( 'NONE', *, *, #693, .F. ) ;
#2661 = SURFACE_STYLE_FILL_AREA ( #7070 ) ;
#2662 =( NAMED_UNIT ( * ) SI_UNIT ( $, .STERADIAN. ) SOLID_ANGLE_UNIT ( ) );
#2663 = FILL_AREA_STYLE ('',( #9954 ) ) ;
#2664 = EDGE_CURVE ( 'NONE', #9723, #221, #1525, .T. ) ;
#2665 = MECHANICAL_DESIGN_GEOMETRIC_PRESENTATION_REPRESENTATION (  '', ( #549 ), #6273 ) ;
#2666 = DIRECTION ( 'NONE',  ( 0.000000000000000000, 0.000000000000000000, 1.000000000000000000 ) ) ;
#2667 = EDGE_CURVE ( 'NONE', #3669, #1912, #4348, .T. ) ;
#2668 = VECTOR ( 'NONE', #7753, 1000.000000000000114 ) ;
#2669 = DIRECTION ( 'NONE',  ( 1.000000000000000000, 0.000000000000000000, 0.000000000000000000 ) ) ;
#2670 = LINE ( 'NONE', #859, #7968 ) ;
#2671 = LINE ( 'NONE', #6234, #9305 ) ;
#2672 =( GEOMETRIC_REPRESENTATION_CONTEXT ( 3 ) GLOBAL_UNCERTAINTY_ASSIGNED_CONTEXT ( ( #8483 ) ) GLOBAL_UNIT_ASSIGNED_CONTEXT ( ( #2656, #1804, #1928 ) ) REPRESENTATION_CONTEXT ( 'NONE', 'WORKASPACE' ) );
#2673 = DIRECTION ( 'NONE',  ( 0.000000000000000000, -0.000000000000000000, 1.000000000000000000 ) ) ;
#2674 = VECTOR ( 'NONE', #2478, 1000.000000000000000 ) ;
#2675 = VERTEX_POINT ( 'NONE', #4350 ) ;
#2676 = CARTESIAN_POINT ( 'NONE',  ( -0.9150000000000000355, 2.770000000000000018, 0.000000000000000000 ) ) ;
#2677 = CARTESIAN_POINT ( 'NONE',  ( 1.905000000000000027, 3.220000000000000195, 0.000000000000000000 ) ) ;
#2678 = ORIENTED_EDGE ( 'NONE', *, *, #90, .F. ) ;
#2679 = FACE_OUTER_BOUND ( 'NONE', #8500, .T. ) ;
#2680 = VERTEX_POINT ( 'NONE', #3447 ) ;
#2681 = SURFACE_SIDE_STYLE ('',( #4413 ) ) ;
#2682 = EDGE_CURVE ( 'NONE', #2636, #9723, #9957, .T. ) ;
#2683 =( NAMED_UNIT ( * ) PLANE_ANGLE_UNIT ( ) SI_UNIT ( $, .RADIAN. ) );
#2684 = VECTOR ( 'NONE', #7891, 1000.000000000000000 ) ;
#2685 = CARTESIAN_POINT ( 'NONE',  ( -2.162500000000000089, 2.470000000000000195, 0.2500000000000000000 ) ) ;
#2686 = PRESENTATION_STYLE_ASSIGNMENT (( #11765 ) ) ;
#2687 = VERTEX_POINT ( 'NONE', #9846 ) ;
#2688 =( NAMED_UNIT ( * ) PLANE_ANGLE_UNIT ( ) SI_UNIT ( $, .RADIAN. ) );
#2689 = DIRECTION ( 'NONE',  ( 0.000000000000000000, 1.000000000000000000, 0.000000000000000000 ) ) ;
#2690 =( LENGTH_UNIT ( ) NAMED_UNIT ( * ) SI_UNIT ( .MILLI., .METRE. ) );
#2691 = ORIENTED_EDGE ( 'NONE', *, *, #828, .T. ) ;
#2692 = FILL_AREA_STYLE_COLOUR ( '', #10957 ) ;
#2693 = ORIENTED_EDGE ( 'NONE', *, *, #9007, .T. ) ;
#2694 = EDGE_CURVE ( 'NONE', #46, #3494, #1752, .T. ) ;
#2695 = CARTESIAN_POINT ( 'NONE',  ( 0.3549999999999999822, 2.419999999999999929, 0.000000000000000000 ) ) ;
#2696 = EDGE_LOOP ( 'NONE', ( #2006, #7600, #10541, #11849 ) ) ;
#2697 = FACE_OUTER_BOUND ( 'NONE', #2568, .T. ) ;
#2698 = DIRECTION ( 'NONE',  ( -1.000000000000000000, 0.000000000000000000, -0.000000000000000000 ) ) ;
#2699 = DIRECTION ( 'NONE',  ( -0.000000000000000000, 1.000000000000000000, 0.000000000000000000 ) ) ;
#2700 = DIRECTION ( 'NONE',  ( 7.352470361756009574E-16, -1.000000000000000000, 0.000000000000000000 ) ) ;
#2701 = ORIENTED_EDGE ( 'NONE', *, *, #7928, .T. ) ;
#2702 = CARTESIAN_POINT ( 'NONE',  ( 2.381424832439820172, -0.07999999999999914124, 0.000000000000000000 ) ) ;
#2703 = DIRECTION ( 'NONE',  ( 0.000000000000000000, 0.000000000000000000, 1.000000000000000000 ) ) ;
#2704 = EDGE_LOOP ( 'NONE', ( #9459, #6016, #6427, #3534 ) ) ;
#2705 = DIRECTION ( 'NONE',  ( 0.000000000000000000, 1.000000000000000000, -0.000000000000000000 ) ) ;
#2706 = FILL_AREA_STYLE ('',( #9273 ) ) ;
#2707 = FILL_AREA_STYLE_COLOUR ( '', #8664 ) ;
#2708 = VECTOR ( 'NONE', #11040, 1000.000000000000000 ) ;
#2709 = DIRECTION ( 'NONE',  ( 0.000000000000000000, -1.000000000000000000, -0.000000000000000000 ) ) ;
#2710 = ORIENTED_EDGE ( 'NONE', *, *, #11349, .F. ) ;
#2711 = UNCERTAINTY_MEASURE_WITH_UNIT (LENGTH_MEASURE( 1.000000000000000082E-05 ), #2531, 'distance_accuracy_value', 'NONE');
#2712 = PRESENTATION_STYLE_ASSIGNMENT (( #5819 ) ) ;
#2713 = APPLICATION_CONTEXT ( 'automotive_design' ) ;
#2714 = ORIENTED_EDGE ( 'NONE', *, *, #3690, .T. ) ;
#2715 = FILL_AREA_STYLE ('',( #5672 ) ) ;
#2716 = COLOUR_RGB ( '',0.8313725490196077761, 0.8313725490196077761, 0.8313725490196077761 ) ;
#2717 = CARTESIAN_POINT ( 'NONE',  ( -1.625000000000000222, 2.770000000000000018, 0.000000000000000000 ) ) ;
#2718 = CARTESIAN_POINT ( 'NONE',  ( 0.3775000000000000022, 3.220000000000000195, 0.000000000000000000 ) ) ;
#2719 = CARTESIAN_POINT ( 'NONE',  ( -2.149999999999999911, 0.02000000000000060063, 0.2500000000000000000 ) ) ;
#2720 = EDGE_CURVE ( 'NONE', #2870, #2541, #10954, .T. ) ;
#2721 = DIRECTION ( 'NONE',  ( 0.000000000000000000, 1.000000000000000000, 0.000000000000000000 ) ) ;
#2722 = EDGE_CURVE ( 'NONE', #6513, #691, #2547, .T. ) ;
#2723 =( GEOMETRIC_REPRESENTATION_CONTEXT ( 3 ) GLOBAL_UNCERTAINTY_ASSIGNED_CONTEXT ( ( #2358 ) ) GLOBAL_UNIT_ASSIGNED_CONTEXT ( ( #8512, #7438, #10216 ) ) REPRESENTATION_CONTEXT ( 'NONE', 'WORKASPACE' ) );
#2724 = SURFACE_STYLE_USAGE ( .BOTH. , #9052 ) ;
#2725 = ORIENTED_EDGE ( 'NONE', *, *, #11331, .T. ) ;
#2726 = PLANE ( 'NONE',  #971 ) ;
#2727 = ORIENTED_EDGE ( 'NONE', *, *, #3531, .F. ) ;
#2728 =( LENGTH_UNIT ( ) NAMED_UNIT ( * ) SI_UNIT ( .MILLI., .METRE. ) );
#2729 = SURFACE_STYLE_FILL_AREA ( #11829 ) ;
#2730 = CARTESIAN_POINT ( 'NONE',  ( 0.000000000000000000, -1.080000000000000071, 0.000000000000000000 ) ) ;
#2731 = VECTOR ( 'NONE', #5480, 1000.000000000000000 ) ;
#2732 = AXIS2_PLACEMENT_3D ( 'NONE', #9643, #9526, #1324 ) ;
#2733 = PLANE ( 'NONE',  #10536 ) ;
#2734 = CARTESIAN_POINT ( 'NONE',  ( -2.394980999734316995, 2.559980999734317031, 1.075827626996971986 ) ) ;
#2735 = CARTESIAN_POINT ( 'NONE',  ( 0.9150000000000000355, 2.469999999999997087, 0.000000000000000000 ) ) ;
#2736 = EDGE_CURVE ( 'NONE', #7292, #2210, #121, .T. ) ;
#2737 =( NAMED_UNIT ( * ) PLANE_ANGLE_UNIT ( ) SI_UNIT ( $, .RADIAN. ) );
#2738 = ORIENTED_EDGE ( 'NONE', *, *, #3032, .F. ) ;
#2739 = CARTESIAN_POINT ( 'NONE',  ( -2.124999999999999556, -2.782500000000000195, 0.000000000000000000 ) ) ;
#2740 = ADVANCED_FACE ( 'NONE', ( #5286 ), #1813, .F. ) ;
#2741 = STYLED_ITEM ( 'NONE', ( #801 ), #10962 ) ;
#2742 = UNCERTAINTY_MEASURE_WITH_UNIT (LENGTH_MEASURE( 1.000000000000000082E-05 ), #5685, 'distance_accuracy_value', 'NONE');
#2743 = DIRECTION ( 'NONE',  ( 1.000000000000000000, 0.000000000000000000, 0.000000000000000000 ) ) ;
#2744 = PRESENTATION_STYLE_ASSIGNMENT (( #3258 ) ) ;
#2745 = VECTOR ( 'NONE', #6211, 1000.000000000000000 ) ;
#2746 = DIRECTION ( 'NONE',  ( -0.7071067811865460184, -0.7071067811865490160, 0.000000000000000000 ) ) ;
#2747 = ORIENTED_EDGE ( 'NONE', *, *, #10709, .F. ) ;
#2748 =( NAMED_UNIT ( * ) PLANE_ANGLE_UNIT ( ) SI_UNIT ( $, .RADIAN. ) );
#2749 = COLOUR_RGB ( '',0.8313725490196077761, 0.8313725490196077761, 0.8313725490196077761 ) ;
#2750 = VERTEX_POINT ( 'NONE', #2604 ) ;
#2751 = PRESENTATION_STYLE_ASSIGNMENT (( #3588 ) ) ;
#2752 = EDGE_CURVE ( 'NONE', #11908, #5195, #2670, .T. ) ;
#2753 = CARTESIAN_POINT ( 'NONE',  ( -0.8549999999999999822, 5.551115123125779744E-16, 0.000000000000000000 ) ) ;
#2754 = MECHANICAL_DESIGN_GEOMETRIC_PRESENTATION_REPRESENTATION (  '', ( #3509 ), #4825 ) ;
#2755 = COLOUR_RGB ( '',0.2862745098039215508, 0.2862745098039215508, 0.2862745098039215508 ) ;
#2756 = EDGE_LOOP ( 'NONE', ( #661, #8432, #4425, #1202 ) ) ;
#2757 = PRESENTATION_LAYER_ASSIGNMENT (  '', '', ( #3140 ) ) ;
#2758 = SURFACE_STYLE_FILL_AREA ( #5313 ) ;
#2759 = UNCERTAINTY_MEASURE_WITH_UNIT (LENGTH_MEASURE( 1.000000000000000082E-05 ), #7901, 'distance_accuracy_value', 'NONE');
#2760 = PLANE ( 'NONE',  #1799 ) ;
#2761 = ORIENTED_EDGE ( 'NONE', *, *, #8599, .T. ) ;
#2762 = EDGE_CURVE ( 'NONE', #1070, #7601, #4513, .T. ) ;
#2763 = ORIENTED_EDGE ( 'NONE', *, *, #6071, .T. ) ;
#2764 = AXIS2_PLACEMENT_3D ( 'NONE', #8987, #8928, #11809 ) ;
#2765 = AXIS2_PLACEMENT_3D ( 'NONE', #11304, #2098, #10432 ) ;
#2766 = PRESENTATION_LAYER_ASSIGNMENT (  '', '', ( #9439 ) ) ;
#2767 = FILL_AREA_STYLE_COLOUR ( '', #8204 ) ;
#2768 = VECTOR ( 'NONE', #6917, 1000.000000000000000 ) ;
#2769 = CARTESIAN_POINT ( 'NONE',  ( -5.551115123125779744E-16, 2.470000000000000195, 0.2500000000000000000 ) ) ;
#2770 = COLOUR_RGB ( '',0.2862745098039215508, 0.2862745098039215508, 0.2862745098039215508 ) ;
#2771 = DIRECTION ( 'NONE',  ( 1.000000000000000000, -0.000000000000000000, -0.000000000000000000 ) ) ;
#2772 = ORIENTED_EDGE ( 'NONE', *, *, #402, .T. ) ;
#2773 = PRESENTATION_LAYER_ASSIGNMENT (  '', '', ( #2399 ) ) ;
#2774 = DIRECTION ( 'NONE',  ( 0.000000000000000000, 0.000000000000000000, -1.000000000000000000 ) ) ;
#2775 = FILL_AREA_STYLE_COLOUR ( '', #5073 ) ;
#2776 = CARTESIAN_POINT ( 'NONE',  ( 2.125000000000000000, -2.782500000000000195, 0.000000000000000000 ) ) ;
#2777 = DIRECTION ( 'NONE',  ( 0.000000000000000000, 0.000000000000000000, -1.000000000000000000 ) ) ;
#2778 = ORIENTED_EDGE ( 'NONE', *, *, #551, .F. ) ;
#2779 = LINE ( 'NONE', #6402, #1961 ) ;
#2780 = CARTESIAN_POINT ( 'NONE',  ( -2.185000000000000497, 2.419999999999999929, 0.000000000000000000 ) ) ;
#2781 = DIRECTION ( 'NONE',  ( 0.000000000000000000, -0.000000000000000000, -1.000000000000000000 ) ) ;
#2782 = PRESENTATION_LAYER_ASSIGNMENT (  '', '', ( #8134 ) ) ;
#2783 = PRESENTATION_STYLE_ASSIGNMENT (( #11015 ) ) ;
#2784 = CARTESIAN_POINT ( 'NONE',  ( 2.354463867161250334, 2.519463867161250370, 1.020000000000000018 ) ) ;
#2785 = LINE ( 'NONE', #6236, #4503 ) ;
#2786 = DIRECTION ( 'NONE',  ( 0.9840406976462909849, 0.000000000000000000, -0.1779435454738416966 ) ) ;
#2787 = PLANE ( 'NONE',  #3439 ) ;
#2788 = ORIENTED_EDGE ( 'NONE', *, *, #2080, .T. ) ;
#2789 = SURFACE_STYLE_FILL_AREA ( #9002 ) ;
#2790 = AXIS2_PLACEMENT_3D ( 'NONE', #11017, #4459, #8047 ) ;
#2791 = ORIENTED_EDGE ( 'NONE', *, *, #9779, .T. ) ;
#2792 = ADVANCED_FACE ( 'NONE', ( #4573 ), #7987, .T. ) ;
#2793 =( NAMED_UNIT ( * ) SI_UNIT ( $, .STERADIAN. ) SOLID_ANGLE_UNIT ( ) );
#2794 = LINE ( 'NONE', #1593, #9849 ) ;
#2795 = STYLED_ITEM ( 'NONE', ( #2712 ), #7684 ) ;
#2796 = EDGE_CURVE ( 'NONE', #10486, #1611, #6475, .T. ) ;
#2797 = EDGE_CURVE ( 'NONE', #7026, #9117, #2116, .T. ) ;
#2798 = SURFACE_STYLE_USAGE ( .BOTH. , #6250 ) ;
#2799 = VERTEX_POINT ( 'NONE', #5640 ) ;
#2800 = CARTESIAN_POINT ( 'NONE',  ( -2.574999999999998401, 1.370000000000000107, 0.2499999999999998335 ) ) ;
#2801 = SURFACE_STYLE_FILL_AREA ( #998 ) ;
#2802 = ORIENTED_EDGE ( 'NONE', *, *, #1548, .T. ) ;
#2803 = DIRECTION ( 'NONE',  ( 0.000000000000000000, -0.000000000000000000, -1.000000000000000000 ) ) ;
#2804 = ORIENTED_EDGE ( 'NONE', *, *, #10909, .F. ) ;
#2805 = DIRECTION ( 'NONE',  ( 0.000000000000000000, 0.000000000000000000, -1.000000000000000000 ) ) ;
#2806 = EDGE_CURVE ( 'NONE', #427, #11662, #7491, .T. ) ;
#2807 = FILL_AREA_STYLE_COLOUR ( '', #3149 ) ;
#2808 = STYLED_ITEM ( 'NONE', ( #11504 ), #9074 ) ;
#2809 = EDGE_CURVE ( 'NONE', #2449, #3110, #5520, .T. ) ;
#2810 = VERTEX_POINT ( 'NONE', #2001 ) ;
#2811 =( NAMED_UNIT ( * ) PLANE_ANGLE_UNIT ( ) SI_UNIT ( $, .RADIAN. ) );
#2812 = SURFACE_SIDE_STYLE ('',( #9145 ) ) ;
#2813 = EDGE_LOOP ( 'NONE', ( #3598, #7285, #4678, #9008, #5970 ) ) ;
#2814 = CARTESIAN_POINT ( 'NONE',  ( -1.647500000000000187, -2.620000000000000107, 0.000000000000000000 ) ) ;
#2815 = EDGE_LOOP ( 'NONE', ( #6316, #1004, #9709, #3836 ) ) ;
#2816 =( GEOMETRIC_REPRESENTATION_CONTEXT ( 3 ) GLOBAL_UNCERTAINTY_ASSIGNED_CONTEXT ( ( #2513 ) ) GLOBAL_UNIT_ASSIGNED_CONTEXT ( ( #8845, #6204, #8787 ) ) REPRESENTATION_CONTEXT ( 'NONE', 'WORKASPACE' ) );
#2817 = AXIS2_PLACEMENT_3D ( 'NONE', #8749, #10686, #7068 ) ;
#2818 = FILL_AREA_STYLE ('',( #9090 ) ) ;
#2819 = LINE ( 'NONE', #11864, #6342 ) ;
#2820 = EDGE_CURVE ( 'NONE', #3890, #444, #3931, .T. ) ;
#2821 = CYLINDRICAL_SURFACE ( 'NONE', #845, 0.03750000000000031780 ) ;
#2822 = STYLED_ITEM ( 'NONE', ( #4035 ), #8414 ) ;
#2823 = VECTOR ( 'NONE', #6702, 1000.000000000000000 ) ;
#2824 = ORIENTED_EDGE ( 'NONE', *, *, #11124, .T. ) ;
#2825 = UNCERTAINTY_MEASURE_WITH_UNIT (LENGTH_MEASURE( 1.000000000000000082E-05 ), #11008, 'distance_accuracy_value', 'NONE');
#2826 = LINE ( 'NONE', #6463, #2931 ) ;
#2827 = FILL_AREA_STYLE ('',( #11069 ) ) ;
#2828 = CARTESIAN_POINT ( 'NONE',  ( 2.400333753858186370, 2.603043993245602650, 1.040689696709084844 ) ) ;
#2829 = CARTESIAN_POINT ( 'NONE',  ( 1.905000000000000027, 2.770000000000000018, 0.000000000000000000 ) ) ;
#2830 = VERTEX_POINT ( 'NONE', #11261 ) ;
#2831 = CARTESIAN_POINT ( 'NONE',  ( -0.8549999999999997602, 2.507499999999999840, 0.000000000000000000 ) ) ;
#2832 =( GEOMETRIC_REPRESENTATION_CONTEXT ( 3 ) GLOBAL_UNCERTAINTY_ASSIGNED_CONTEXT ( ( #5564 ) ) GLOBAL_UNIT_ASSIGNED_CONTEXT ( ( #8911, #4331, #780 ) ) REPRESENTATION_CONTEXT ( 'NONE', 'WORKASPACE' ) );
#2833 = PRESENTATION_LAYER_ASSIGNMENT (  '', '', ( #8561 ) ) ;
#2834 = LINE ( 'NONE', #2896, #10903 ) ;
#2835 = LINE ( 'NONE', #4454, #9698 ) ;
#2836 = DIRECTION ( 'NONE',  ( -1.000000000000000000, 0.000000000000000000, 0.000000000000000000 ) ) ;
#2837 = PRESENTATION_LAYER_ASSIGNMENT (  '', '', ( #6456 ) ) ;
#2838 = LINE ( 'NONE', #5577, #7192 ) ;
#2839 = UNCERTAINTY_MEASURE_WITH_UNIT (LENGTH_MEASURE( 1.000000000000000082E-05 ), #2690, 'distance_accuracy_value', 'NONE');
#2840 = SURFACE_STYLE_FILL_AREA ( #11080 ) ;
#2841 = CARTESIAN_POINT ( 'NONE',  ( 2.705000000000000515, -0.5799999999999989608, 0.000000000000000000 ) ) ;
#2842 = LINE ( 'NONE', #4796, #9696 ) ;
#2843 = SURFACE_STYLE_FILL_AREA ( #5702 ) ;
#2844 = ORIENTED_EDGE ( 'NONE', *, *, #8454, .F. ) ;
#2845 = DIRECTION ( 'NONE',  ( 1.000000000000000000, 0.000000000000000000, 0.000000000000000000 ) ) ;
#2846 = AXIS2_PLACEMENT_3D ( 'NONE', #9255, #8580, #5042 ) ;
#2847 = VERTEX_POINT ( 'NONE', #4735 ) ;
#2848 = CARTESIAN_POINT ( 'NONE',  ( 0.8549999999999998712, 2.770000000000000018, 0.000000000000000000 ) ) ;
#2849 = VECTOR ( 'NONE', #8781, 1000.000000000000000 ) ;
#2850 = SURFACE_STYLE_FILL_AREA ( #9059 ) ;
#2851 = MECHANICAL_DESIGN_GEOMETRIC_PRESENTATION_REPRESENTATION (  '', ( #164 ), #935 ) ;
#2852 = VECTOR ( 'NONE', #10772, 1000.000000000000000 ) ;
#2853 = PRESENTATION_LAYER_ASSIGNMENT (  '', '', ( #10527 ) ) ;
#2854 = CARTESIAN_POINT ( 'NONE',  ( 0.8924999999999999600, 2.469999999999996199, 0.000000000000000000 ) ) ;
#2855 = LINE ( 'NONE', #2128, #891 ) ;
#2856 = DIRECTION ( 'NONE',  ( 1.000000000000000000, 0.000000000000000000, -0.000000000000000000 ) ) ;
#2857 = EDGE_LOOP ( 'NONE', ( #10360, #11915, #6611, #4187, #4927, #8296, #2024, #10751, #3817, #1399, #3587, #2941, #5407, #7484, #4480, #10920 ) ) ;
#2858 =( LENGTH_UNIT ( ) NAMED_UNIT ( * ) SI_UNIT ( .MILLI., .METRE. ) );
#2859 = UNCERTAINTY_MEASURE_WITH_UNIT (LENGTH_MEASURE( 1.000000000000000082E-05 ), #217, 'distance_accuracy_value', 'NONE');
#2860 =( NAMED_UNIT ( * ) PLANE_ANGLE_UNIT ( ) SI_UNIT ( $, .RADIAN. ) );
#2861 = LINE ( 'NONE', #11037, #11096 ) ;
#2862 = DIRECTION ( 'NONE',  ( -1.000000000000000000, -9.001808307771530402E-16, 0.000000000000000000 ) ) ;
#2863 = ORIENTED_EDGE ( 'NONE', *, *, #9965, .F. ) ;
#2864 = ORIENTED_EDGE ( 'NONE', *, *, #6083, .T. ) ;
#2865 =( LENGTH_UNIT ( ) NAMED_UNIT ( * ) SI_UNIT ( .MILLI., .METRE. ) );
#2866 =( GEOMETRIC_REPRESENTATION_CONTEXT ( 3 ) GLOBAL_UNCERTAINTY_ASSIGNED_CONTEXT ( ( #2142 ) ) GLOBAL_UNIT_ASSIGNED_CONTEXT ( ( #3854, #4666, #8199 ) ) REPRESENTATION_CONTEXT ( 'NONE', 'WORKASPACE' ) );
#2867 = DIRECTION ( 'NONE',  ( -0.000000000000000000, 1.000000000000000000, 0.000000000000000000 ) ) ;
#2868 = EDGE_CURVE ( 'NONE', #4700, #4960, #9169, .T. ) ;
#2869 =( LENGTH_UNIT ( ) NAMED_UNIT ( * ) SI_UNIT ( .MILLI., .METRE. ) );
#2870 = VERTEX_POINT ( 'NONE', #7317 ) ;
#2871 = LINE ( 'NONE', #11224, #1267 ) ;
#2872 = CARTESIAN_POINT ( 'NONE',  ( 2.162500000000000089, 2.782500000000000195, 0.000000000000000000 ) ) ;
#2873 = SURFACE_STYLE_USAGE ( .BOTH. , #6444 ) ;
#2874 = CIRCLE ( 'NONE', #6678, 0.03749999999999999167 ) ;
#2875 = DIRECTION ( 'NONE',  ( 1.000000000000000000, 0.000000000000000000, 0.000000000000000000 ) ) ;
#2876 = ORIENTED_EDGE ( 'NONE', *, *, #9607, .T. ) ;
#2877 = DIRECTION ( 'NONE',  ( -0.000000000000000000, 1.000000000000000000, 0.000000000000000000 ) ) ;
#2878 = ORIENTED_EDGE ( 'NONE', *, *, #5741, .T. ) ;
#2879 = DIRECTION ( 'NONE',  ( 0.000000000000000000, 0.000000000000000000, 1.000000000000000000 ) ) ;
#2880 = EDGE_CURVE ( 'NONE', #927, #11900, #3810, .T. ) ;
#2881 = EDGE_CURVE ( 'NONE', #2920, #1760, #3746, .T. ) ;
#2882 = DIRECTION ( 'NONE',  ( -1.000000000000000000, 0.000000000000000000, 0.000000000000000000 ) ) ;
#2883 = EDGE_CURVE ( 'NONE', #5867, #4412, #2616, .T. ) ;
#2884 = DIRECTION ( 'NONE',  ( 1.000000000000000000, 0.000000000000000000, 0.000000000000000000 ) ) ;
#2885 = DIRECTION ( 'NONE',  ( 0.000000000000000000, 0.000000000000000000, 1.000000000000000000 ) ) ;
#2886 = DIRECTION ( 'NONE',  ( 0.1751915364254250929, -0.1751915364254240937, 0.9688218882383894393 ) ) ;
#2887 = ORIENTED_EDGE ( 'NONE', *, *, #9104, .F. ) ;
#2888 = CIRCLE ( 'NONE', #7277, 0.03749999999999988065 ) ;
#2889 = STYLED_ITEM ( 'NONE', ( #10475 ), #11709 ) ;
#2890 = CARTESIAN_POINT ( 'NONE',  ( -2.149999999999999911, 2.419999999999999929, 0.000000000000000000 ) ) ;
#2891 = VERTEX_POINT ( 'NONE', #7370 ) ;
#2892 = EDGE_CURVE ( 'NONE', #5605, #1973, #2838, .T. ) ;
#2893 = CARTESIAN_POINT ( 'NONE',  ( -0.8550000000000000933, 2.507499999999999840, 0.000000000000000000 ) ) ;
#2894 = ORIENTED_EDGE ( 'NONE', *, *, #5078, .F. ) ;
#2895 = CARTESIAN_POINT ( 'NONE',  ( 0.4150000000000001465, 2.782500000000000195, 0.000000000000000000 ) ) ;
#2896 = CARTESIAN_POINT ( 'NONE',  ( -0.3775000000000000022, -2.819999999999999840, 0.000000000000000000 ) ) ;
#2897 = DIRECTION ( 'NONE',  ( 0.000000000000000000, -0.000000000000000000, -1.000000000000000000 ) ) ;
#2898 = DIRECTION ( 'NONE',  ( 1.000000000000000000, 0.000000000000000000, 0.000000000000000000 ) ) ;
#2899 =( LENGTH_UNIT ( ) NAMED_UNIT ( * ) SI_UNIT ( .MILLI., .METRE. ) );
#2900 = CARTESIAN_POINT ( 'NONE',  ( 2.574989970828018837, -2.661266715016318063, 0.2500554620476224121 ) ) ;
#2901 = SURFACE_STYLE_USAGE ( .BOTH. , #11200 ) ;
#2902 = FACE_OUTER_BOUND ( 'NONE', #7422, .T. ) ;
#2903 = CARTESIAN_POINT ( 'NONE',  ( -0.9150000000000000355, 2.770000000000000018, 0.2500000000000000000 ) ) ;
#2904 = DIRECTION ( 'NONE',  ( 1.000000000000000000, 0.000000000000000000, -0.000000000000000000 ) ) ;
#2905 = VERTEX_POINT ( 'NONE', #9352 ) ;
#2906 = VERTEX_POINT ( 'NONE', #9234 ) ;
#2907 =( NAMED_UNIT ( * ) SI_UNIT ( $, .STERADIAN. ) SOLID_ANGLE_UNIT ( ) );
#2908 = LINE ( 'NONE', #1886, #11114 ) ;
#2909 = FILL_AREA_STYLE_COLOUR ( '', #3816 ) ;
#2910 = CARTESIAN_POINT ( 'NONE',  ( -0.3775000000000000022, 2.819999999999999840, 0.000000000000000000 ) ) ;
#2911 = CARTESIAN_POINT ( 'NONE',  ( -0.8549999999999997602, 2.782500000000000195, 0.000000000000000000 ) ) ;
#2912 = PLANE ( 'NONE',  #5281 ) ;
#2913 =( NAMED_UNIT ( * ) SI_UNIT ( $, .STERADIAN. ) SOLID_ANGLE_UNIT ( ) );
#2914 = VERTEX_POINT ( 'NONE', #4793 ) ;
#2915 = DIRECTION ( 'NONE',  ( 0.000000000000000000, 1.000000000000000000, 0.000000000000000000 ) ) ;
#2916 = DIRECTION ( 'NONE',  ( 1.000000000000000000, 0.000000000000000000, 0.000000000000000000 ) ) ;
#2917 = FILL_AREA_STYLE_COLOUR ( '', #11590 ) ;
#2918 = VERTEX_POINT ( 'NONE', #2055 ) ;
#2919 = CARTESIAN_POINT ( 'NONE',  ( -2.125000000000000000, 2.507499999999999840, 0.000000000000000000 ) ) ;
#2920 = VERTEX_POINT ( 'NONE', #8444 ) ;
#2921 = VECTOR ( 'NONE', #2111, 1000.000000000000000 ) ;
#2922 = DIRECTION ( 'NONE',  ( 0.000000000000000000, 0.000000000000000000, 1.000000000000000000 ) ) ;
#2923 = LINE ( 'NONE', #4874, #8110 ) ;
#2924 = VERTEX_POINT ( 'NONE', #1039 ) ;
#2925 = VECTOR ( 'NONE', #9964, 1000.000000000000000 ) ;
#2926 =( NAMED_UNIT ( * ) PLANE_ANGLE_UNIT ( ) SI_UNIT ( $, .RADIAN. ) );
#2927 =( GEOMETRIC_REPRESENTATION_CONTEXT ( 3 ) GLOBAL_UNCERTAINTY_ASSIGNED_CONTEXT ( ( #8348 ) ) GLOBAL_UNIT_ASSIGNED_CONTEXT ( ( #8489, #11357, #7027 ) ) REPRESENTATION_CONTEXT ( 'NONE', 'WORKASPACE' ) );
#2928 = LINE ( 'NONE', #8360, #1807 ) ;
#2929 =( LENGTH_UNIT ( ) NAMED_UNIT ( * ) SI_UNIT ( .MILLI., .METRE. ) );
#2930 = ORIENTED_EDGE ( 'NONE', *, *, #8100, .T. ) ;
#2931 = VECTOR ( 'NONE', #9217, 1000.000000000000000 ) ;
#2932 = PLANE ( 'NONE',  #3713 ) ;
#2933 = EDGE_CURVE ( 'NONE', #3066, #3699, #2035, .T. ) ;
#2934 = ORIENTED_EDGE ( 'NONE', *, *, #2136, .F. ) ;
#2935 = SURFACE_STYLE_FILL_AREA ( #180 ) ;
#2936 = VECTOR ( 'NONE', #10061, 1000.000000000000000 ) ;
#2937 = FILL_AREA_STYLE ('',( #11863 ) ) ;
#2938 = PRESENTATION_LAYER_ASSIGNMENT (  '', '', ( #4649 ) ) ;
#2939 = VECTOR ( 'NONE', #3722, 1000.000000000000000 ) ;
#2940 = APPLICATION_CONTEXT ( 'automotive_design' ) ;
#2941 = ORIENTED_EDGE ( 'NONE', *, *, #889, .T. ) ;
#2942 = ADVANCED_FACE ( 'NONE', ( #11437 ), #7794, .F. ) ;
#2943 =( LENGTH_UNIT ( ) NAMED_UNIT ( * ) SI_UNIT ( .MILLI., .METRE. ) );
#2944 = DIRECTION ( 'NONE',  ( 0.000000000000000000, -0.000000000000000000, 1.000000000000000000 ) ) ;
#2945 = VERTEX_POINT ( 'NONE', #8571 ) ;
#2946 = AXIS2_PLACEMENT_3D ( 'NONE', #2512, #2458, #7701 ) ;
#2947 = EDGE_CURVE ( 'NONE', #11381, #6794, #7613, .T. ) ;
#2948 = VECTOR ( 'NONE', #3184, 1000.000000000000000 ) ;
#2949 = ORIENTED_EDGE ( 'NONE', *, *, #8569, .T. ) ;
#2950 =( NAMED_UNIT ( * ) PLANE_ANGLE_UNIT ( ) SI_UNIT ( $, .RADIAN. ) );
#2951 =( GEOMETRIC_REPRESENTATION_CONTEXT ( 3 ) GLOBAL_UNCERTAINTY_ASSIGNED_CONTEXT ( ( #10274 ) ) GLOBAL_UNIT_ASSIGNED_CONTEXT ( ( #10727, #6989, #10550 ) ) REPRESENTATION_CONTEXT ( 'NONE', 'WORKASPACE' ) );
#2952 = LINE ( 'NONE', #6580, #10326 ) ;
#2953 = PLANE ( 'NONE',  #9897 ) ;
#2954 = ORIENTED_EDGE ( 'NONE', *, *, #6572, .T. ) ;
#2955 = DIRECTION ( 'NONE',  ( 1.000000000000000000, 0.000000000000000000, 0.000000000000000000 ) ) ;
#2956 = CARTESIAN_POINT ( 'NONE',  ( -5.551115123125779744E-16, -0.1799999999999989664, 0.2500000000000000000 ) ) ;
#2957 = FACE_OUTER_BOUND ( 'NONE', #2089, .T. ) ;
#2958 = COLOUR_RGB ( '',0.2862745098039215508, 0.2862745098039215508, 0.2862745098039215508 ) ;
#2959 = EDGE_CURVE ( 'NONE', #4217, #4996, #5096, .T. ) ;
#2960 = CIRCLE ( 'NONE', #10818, 0.03750000000000020678 ) ;
#2961 = ADVANCED_FACE ( 'NONE', ( #9476 ), #10571, .T. ) ;
#2962 = SURFACE_STYLE_FILL_AREA ( #2000 ) ;
#2963 = DIRECTION ( 'NONE',  ( 0.000000000000000000, 0.000000000000000000, -1.000000000000000000 ) ) ;
#2964 = EDGE_CURVE ( 'NONE', #9100, #4700, #8629, .T. ) ;
#2965 = UNCERTAINTY_MEASURE_WITH_UNIT (LENGTH_MEASURE( 1.000000000000000082E-05 ), #7091, 'distance_accuracy_value', 'NONE');
#2966 =( LENGTH_UNIT ( ) NAMED_UNIT ( * ) SI_UNIT ( .MILLI., .METRE. ) );
#2967 =( LENGTH_UNIT ( ) NAMED_UNIT ( * ) SI_UNIT ( .MILLI., .METRE. ) );
#2968 = FILL_AREA_STYLE ('',( #10277 ) ) ;
#2969 = VECTOR ( 'NONE', #9263, 1000.000000000000000 ) ;
#2970 = ORIENTED_EDGE ( 'NONE', *, *, #8291, .F. ) ;
#2971 = AXIS2_PLACEMENT_3D ( 'NONE', #6783, #5844, #2391 ) ;
#2972 = PRESENTATION_LAYER_ASSIGNMENT (  '', '', ( #11221 ) ) ;
#2973 = VERTEX_POINT ( 'NONE', #1510 ) ;
#2974 = LINE ( 'NONE', #2848, #1589 ) ;
#2975 = FILL_AREA_STYLE ('',( #8585 ) ) ;
#2976 =( NAMED_UNIT ( * ) SI_UNIT ( $, .STERADIAN. ) SOLID_ANGLE_UNIT ( ) );
#2977 = EDGE_CURVE ( 'NONE', #732, #3066, #6827, .T. ) ;
#2978 = FILL_AREA_STYLE ('',( #7567 ) ) ;
#2979 = DIRECTION ( 'NONE',  ( 1.000000000000000000, 0.000000000000000000, -0.000000000000000000 ) ) ;
#2980 = CARTESIAN_POINT ( 'NONE',  ( -2.379288488641682076, 2.472656540312759166, 1.134960937784881274 ) ) ;
#2981 = DIRECTION ( 'NONE',  ( -0.1751915364254250929, -0.1751915364254240937, 0.9688218882383894393 ) ) ;
#2982 = COLOUR_RGB ( '',0.8313725490196077761, 0.8313725490196077761, 0.8313725490196077761 ) ;
#2983 = EDGE_LOOP ( 'NONE', ( #4028, #9254, #7312, #6462 ) ) ;
#2984 = CARTESIAN_POINT ( 'NONE',  ( 0.8549999999999999822, 2.507499999999999840, 0.000000000000000000 ) ) ;
#2985 =( GEOMETRIC_REPRESENTATION_CONTEXT ( 3 ) GLOBAL_UNCERTAINTY_ASSIGNED_CONTEXT ( ( #11520 ) ) GLOBAL_UNIT_ASSIGNED_CONTEXT ( ( #10, #2606, #7080 ) ) REPRESENTATION_CONTEXT ( 'NONE', 'WORKASPACE' ) );
#2986 = PLANE ( 'NONE',  #7047 ) ;
#2987 = ORIENTED_EDGE ( 'NONE', *, *, #7259, .T. ) ;
#2988 = PRESENTATION_LAYER_ASSIGNMENT (  '', '', ( #5268 ) ) ;
#2989 = ORIENTED_EDGE ( 'NONE', *, *, #9149, .T. ) ;
#2990 = DIRECTION ( 'NONE',  ( -0.000000000000000000, -1.000000000000000000, -0.000000000000000000 ) ) ;
#2991 = CARTESIAN_POINT ( 'NONE',  ( 2.415190515153784467, -2.559980999734316143, 1.061160487096284522 ) ) ;
#2992 = ORIENTED_EDGE ( 'NONE', *, *, #2806, .T. ) ;
#2993 = COLOUR_RGB ( '',0.8313725490196077761, 0.8313725490196077761, 0.8313725490196077761 ) ;
#2994 = LINE ( 'NONE', #10240, #9092 ) ;
#2995 = CARTESIAN_POINT ( 'NONE',  ( -1.625000000000000444, 2.419999999999999929, 0.000000000000000000 ) ) ;
#2996 =( NAMED_UNIT ( * ) PLANE_ANGLE_UNIT ( ) SI_UNIT ( $, .RADIAN. ) );
#2997 = DIRECTION ( 'NONE',  ( 0.000000000000000000, 0.000000000000000000, 1.000000000000000000 ) ) ;
#2998 = VERTEX_POINT ( 'NONE', #7852 ) ;
#2999 = FILL_AREA_STYLE_COLOUR ( '', #11002 ) ;
#3000 = PRESENTATION_STYLE_ASSIGNMENT (( #8419 ) ) ;
#3001 = ORIENTED_EDGE ( 'NONE', *, *, #4894, .T. ) ;
#3002 =( LENGTH_UNIT ( ) NAMED_UNIT ( * ) SI_UNIT ( .MILLI., .METRE. ) );
#3003 = VECTOR ( 'NONE', #8234, 1000.000000000000000 ) ;
#3004 = LINE ( 'NONE', #10308, #8182 ) ;
#3005 = SURFACE_SIDE_STYLE ('',( #236 ) ) ;
#3006 = COLOUR_RGB ( '',0.2862745098039215508, 0.2862745098039215508, 0.2862745098039215508 ) ;
#3007 = CARTESIAN_POINT ( 'NONE',  ( 2.481424832439820261, -0.5799999999999989608, 0.2500000000000000000 ) ) ;
#3008 = ORIENTED_EDGE ( 'NONE', *, *, #4696, .F. ) ;
#3009 = AXIS2_PLACEMENT_3D ( 'NONE', #11265, #9481, #3875 ) ;
#3010 = STYLED_ITEM ( 'NONE', ( #5346 ), #9150 ) ;
#3011 = VERTEX_POINT ( 'NONE', #3313 ) ;
#3012 = PRESENTATION_STYLE_ASSIGNMENT (( #244 ) ) ;
#3013 = VERTEX_POINT ( 'NONE', #6709 ) ;
#3014 = DIRECTION ( 'NONE',  ( 0.000000000000000000, -0.000000000000000000, -1.000000000000000000 ) ) ;
#3015 = CARTESIAN_POINT ( 'NONE',  ( -2.149999999999999911, 2.419999999999999929, 0.2500000000000000000 ) ) ;
#3016 =( NAMED_UNIT ( * ) PLANE_ANGLE_UNIT ( ) SI_UNIT ( $, .RADIAN. ) );
#3017 = SURFACE_STYLE_USAGE ( .BOTH. , #2162 ) ;
#3018 = EDGE_LOOP ( 'NONE', ( #7648, #7716, #7875, #3802 ) ) ;
#3019 = DIRECTION ( 'NONE',  ( 0.000000000000000000, 0.000000000000000000, 1.000000000000000000 ) ) ;
#3020 = SURFACE_STYLE_USAGE ( .BOTH. , #3926 ) ;
#3021 = AXIS2_PLACEMENT_3D ( 'NONE', #3144, #5039, #560 ) ;
#3022 = MECHANICAL_DESIGN_GEOMETRIC_PRESENTATION_REPRESENTATION (  '', ( #8544 ), #7386 ) ;
#3023 = EDGE_CURVE ( 'NONE', #8504, #7398, #7914, .T. ) ;
#3024 = CARTESIAN_POINT ( 'NONE',  ( -2.574989970828019281, 2.661266715016320283, 0.2500554620476143075 ) ) ;
#3025 = DIRECTION ( 'NONE',  ( 0.000000000000000000, 0.000000000000000000, 1.000000000000000000 ) ) ;
#3026 = SURFACE_STYLE_FILL_AREA ( #3995 ) ;
#3027 = CARTESIAN_POINT ( 'NONE',  ( 0.3549999999999999822, 2.419999999999999929, 0.2500000000000000000 ) ) ;
#3028 = PRESENTATION_LAYER_ASSIGNMENT (  '', '', ( #4721 ) ) ;
#3029 = LINE ( 'NONE', #265, #10994 ) ;
#3030 = LINE ( 'NONE', #11494, #9307 ) ;
#3031 = ORIENTED_EDGE ( 'NONE', *, *, #10924, .T. ) ;
#3032 = EDGE_CURVE ( 'NONE', #11085, #691, #10747, .T. ) ;
#3033 = EDGE_CURVE ( 'NONE', #5801, #206, #6100, .T. ) ;
#3034 = ORIENTED_EDGE ( 'NONE', *, *, #3637, .F. ) ;
#3035 = PRESENTATION_STYLE_ASSIGNMENT (( #6658 ) ) ;
#3036 = MECHANICAL_DESIGN_GEOMETRIC_PRESENTATION_REPRESENTATION (  '', ( #1491 ), #9126 ) ;
#3037 = CARTESIAN_POINT ( 'NONE',  ( 1.905000000000000027, 2.470000000000000195, 0.000000000000000000 ) ) ;
#3038 = VECTOR ( 'NONE', #6023, 1000.000000000000000 ) ;
#3039 = VECTOR ( 'NONE', #1133, 1000.000000000000000 ) ;
#3040 = DIRECTION ( 'NONE',  ( 0.000000000000000000, 1.000000000000000000, 0.000000000000000000 ) ) ;
#3041 = DIRECTION ( 'NONE',  ( -0.000000000000000000, 1.000000000000000000, 0.000000000000000000 ) ) ;
#3042 = STYLED_ITEM ( 'NONE', ( #9167 ), #6009 ) ;
#3043 = ORIENTED_EDGE ( 'NONE', *, *, #7928, .F. ) ;
#3044 = PRESENTATION_STYLE_ASSIGNMENT (( #10103 ) ) ;
#3045 = CARTESIAN_POINT ( 'NONE',  ( -2.149999999999999911, 2.419999999999999929, 0.000000000000000000 ) ) ;
#3046 = DIRECTION ( 'NONE',  ( 0.000000000000000000, 1.000000000000000000, 0.000000000000000000 ) ) ;
#3047 = VERTEX_POINT ( 'NONE', #8152 ) ;
#3048 = DIRECTION ( 'NONE',  ( 0.000000000000000000, 0.000000000000000000, -1.000000000000000000 ) ) ;
#3049 = CIRCLE ( 'NONE', #7416, 0.03749999999999999167 ) ;
#3050 = ADVANCED_FACE ( 'NONE', ( #8802 ), #7727, .T. ) ;
#3051 = ORIENTED_EDGE ( 'NONE', *, *, #5198, .T. ) ;
#3052 = SURFACE_STYLE_USAGE ( .BOTH. , #11166 ) ;
#3053 = PRESENTATION_LAYER_ASSIGNMENT (  '', '', ( #4203 ) ) ;
#3054 = CARTESIAN_POINT ( 'NONE',  ( 0.3775000000000000022, 2.470000000000000195, 0.000000000000000000 ) ) ;
#3055 = VERTEX_POINT ( 'NONE', #4282 ) ;
#3056 = FILL_AREA_STYLE_COLOUR ( '', #7564 ) ;
#3057 = FACE_OUTER_BOUND ( 'NONE', #11047, .T. ) ;
#3058 = FACE_OUTER_BOUND ( 'NONE', #2516, .T. ) ;
#3059 = ORIENTED_EDGE ( 'NONE', *, *, #6361, .T. ) ;
#3060 = DIRECTION ( 'NONE',  ( 0.000000000000000000, -0.000000000000000000, 1.000000000000000000 ) ) ;
#3061 = SURFACE_STYLE_FILL_AREA ( #9447 ) ;
#3062 = EDGE_LOOP ( 'NONE', ( #6503, #6117, #6446, #9614 ) ) ;
#3063 = CARTESIAN_POINT ( 'NONE',  ( 2.574989970828018393, 2.661266715016318063, 0.2500554620476079792 ) ) ;
#3064 = DIRECTION ( 'NONE',  ( 1.000000000000000000, -0.000000000000000000, 0.000000000000000000 ) ) ;
#3065 = DIRECTION ( 'NONE',  ( -0.000000000000000000, 0.000000000000000000, 1.000000000000000000 ) ) ;
#3066 = VERTEX_POINT ( 'NONE', #1683 ) ;
#3067 = MECHANICAL_DESIGN_GEOMETRIC_PRESENTATION_REPRESENTATION (  '', ( #9166 ), #765 ) ;
#3068 = SURFACE_STYLE_FILL_AREA ( #185 ) ;
#3069 = ORIENTED_EDGE ( 'NONE', *, *, #3607, .F. ) ;
#3070 = ORIENTED_EDGE ( 'NONE', *, *, #5419, .F. ) ;
#3071 = DIRECTION ( 'NONE',  ( -1.000000000000000000, -2.247415029605580049E-16, 0.000000000000000000 ) ) ;
#3072 =( NAMED_UNIT ( * ) SI_UNIT ( $, .STERADIAN. ) SOLID_ANGLE_UNIT ( ) );
#3073 = ADVANCED_FACE ( 'NONE', ( #9772 ), #3382, .T. ) ;
#3074 =( NAMED_UNIT ( * ) SI_UNIT ( $, .STERADIAN. ) SOLID_ANGLE_UNIT ( ) );
#3075 = ORIENTED_EDGE ( 'NONE', *, *, #5154, .T. ) ;
#3076 = DIRECTION ( 'NONE',  ( -0.000000000000000000, -1.000000000000000000, -0.000000000000000000 ) ) ;
#3077 = DIRECTION ( 'NONE',  ( 1.000000000000000000, -0.000000000000000000, 0.000000000000000000 ) ) ;
#3078 = LINE ( 'NONE', #1152, #8130 ) ;
#3079 = COLOUR_RGB ( '',0.2862745098039215508, 0.2862745098039215508, 0.2862745098039215508 ) ;
#3080 = CARTESIAN_POINT ( 'NONE',  ( -2.149999999999999467, 0.02000000000000048614, 0.000000000000000000 ) ) ;
#3081 = SURFACE_STYLE_FILL_AREA ( #11547 ) ;
#3082 = UNCERTAINTY_MEASURE_WITH_UNIT (LENGTH_MEASURE( 1.000000000000000082E-05 ), #71, 'distance_accuracy_value', 'NONE');
#3083 = PRESENTATION_STYLE_ASSIGNMENT (( #5583 ) ) ;
#3084 = PRESENTATION_STYLE_ASSIGNMENT (( #9408 ) ) ;
#3085 = EDGE_CURVE ( 'NONE', #10544, #10460, #4123, .T. ) ;
#3086 = LINE ( 'NONE', #10457, #3405 ) ;
#3087 = ORIENTED_EDGE ( 'NONE', *, *, #7790, .T. ) ;
#3088 =( NAMED_UNIT ( * ) SI_UNIT ( $, .STERADIAN. ) SOLID_ANGLE_UNIT ( ) );
#3089 = LINE ( 'NONE', #2244, #9140 ) ;
#3090 = ORIENTED_EDGE ( 'NONE', *, *, #10695, .F. ) ;
#3091 = CARTESIAN_POINT ( 'NONE',  ( 2.185000000000000497, 2.469999999999989981, 0.2500000000000000000 ) ) ;
#3092 =( NAMED_UNIT ( * ) PLANE_ANGLE_UNIT ( ) SI_UNIT ( $, .RADIAN. ) );
#3093 =( NAMED_UNIT ( * ) SI_UNIT ( $, .STERADIAN. ) SOLID_ANGLE_UNIT ( ) );
#3094 = EDGE_CURVE ( 'NONE', #8179, #7661, #9055, .T. ) ;
#3095 = FILL_AREA_STYLE ('',( #4008 ) ) ;
#3096 = VECTOR ( 'NONE', #1297, 1000.000000000000000 ) ;
#3097 = EDGE_CURVE ( 'NONE', #3451, #2229, #3795, .T. ) ;
#3098 = FILL_AREA_STYLE ('',( #7807 ) ) ;
#3099 = CARTESIAN_POINT ( 'NONE',  ( 2.354463867161247670, 2.519463867161246817, 1.020000000000000462 ) ) ;
#3100 = VERTEX_POINT ( 'NONE', #3732 ) ;
#3101 = FACE_OUTER_BOUND ( 'NONE', #6137, .T. ) ;
#3102 = EDGE_CURVE ( 'NONE', #6036, #10291, #10415, .T. ) ;
#3103 = ADVANCED_FACE ( 'NONE', ( #1800 ), #9098, .F. ) ;
#3104 = SURFACE_STYLE_FILL_AREA ( #7575 ) ;
#3105 = LINE ( 'NONE', #10405, #4941 ) ;
#3106 = ORIENTED_EDGE ( 'NONE', *, *, #6886, .F. ) ;
#3107 =( NAMED_UNIT ( * ) SI_UNIT ( $, .STERADIAN. ) SOLID_ANGLE_UNIT ( ) );
#3108 = ORIENTED_EDGE ( 'NONE', *, *, #7032, .T. ) ;
#3109 =( NAMED_UNIT ( * ) PLANE_ANGLE_UNIT ( ) SI_UNIT ( $, .RADIAN. ) );
#3110 = VERTEX_POINT ( 'NONE', #4558 ) ;
#3111 = EDGE_CURVE ( 'NONE', #7869, #4217, #281, .T. ) ;
#3112 = DIRECTION ( 'NONE',  ( -1.000000000000000000, -0.000000000000000000, -0.000000000000000000 ) ) ;
#3113 =( LENGTH_UNIT ( ) NAMED_UNIT ( * ) SI_UNIT ( .MILLI., .METRE. ) );
#3114 = FILL_AREA_STYLE ('',( #11405 ) ) ;
#3115 = VERTEX_POINT ( 'NONE', #10131 ) ;
#3116 = SURFACE_SIDE_STYLE ('',( #4771 ) ) ;
#3117 = UNCERTAINTY_MEASURE_WITH_UNIT (LENGTH_MEASURE( 1.000000000000000082E-05 ), #10921, 'distance_accuracy_value', 'NONE');
#3118 =( GEOMETRIC_REPRESENTATION_CONTEXT ( 3 ) GLOBAL_UNCERTAINTY_ASSIGNED_CONTEXT ( ( #9067 ) ) GLOBAL_UNIT_ASSIGNED_CONTEXT ( ( #8925, #4399, #3866 ) ) REPRESENTATION_CONTEXT ( 'NONE', 'WORKASPACE' ) );
#3119 = CARTESIAN_POINT ( 'NONE',  ( 2.185000000000000497, 2.419999999999999929, 0.000000000000000000 ) ) ;
#3120 = AXIS2_PLACEMENT_3D ( 'NONE', #850, #5389, #4444 ) ;
#3121 = VECTOR ( 'NONE', #10740, 1000.000000000000000 ) ;
#3122 = VERTEX_POINT ( 'NONE', #10192 ) ;
#3123 = STYLED_ITEM ( 'NONE', ( #2485 ), #3724 ) ;
#3124 = EDGE_CURVE ( 'NONE', #8889, #2998, #3668, .T. ) ;
#3125 = FILL_AREA_STYLE ('',( #11361 ) ) ;
#3126 = LINE ( 'NONE', #4957, #8286 ) ;
#3127 = VERTEX_POINT ( 'NONE', #7305 ) ;
#3128 = VERTEX_POINT ( 'NONE', #1078 ) ;
#3129 = MECHANICAL_DESIGN_GEOMETRIC_PRESENTATION_REPRESENTATION (  '', ( #2161 ), #3701 ) ;
#3130 = SURFACE_STYLE_FILL_AREA ( #6756 ) ;
#3131 = CARTESIAN_POINT ( 'NONE',  ( 0.9150000000000000355, 2.469999999999989981, 0.000000000000000000 ) ) ;
#3132 = ORIENTED_EDGE ( 'NONE', *, *, #4908, .T. ) ;
#3133 = CARTESIAN_POINT ( 'NONE',  ( -0.8549999999999998712, -2.740000000000000213, 0.000000000000000000 ) ) ;
#3134 = COLOUR_RGB ( '',0.2862745098039215508, 0.2862745098039215508, 0.2862745098039215508 ) ;
#3135 = PRESENTATION_LAYER_ASSIGNMENT (  '', '', ( #10797 ) ) ;
#3136 = FACE_OUTER_BOUND ( 'NONE', #2644, .T. ) ;
#3137 = SURFACE_STYLE_USAGE ( .BOTH. , #4844 ) ;
#3138 = CARTESIAN_POINT ( 'NONE',  ( -2.125000000000000000, -2.319999999999999840, 0.000000000000000000 ) ) ;
#3139 = DIRECTION ( 'NONE',  ( 1.000000000000000000, 0.000000000000000000, 0.000000000000000000 ) ) ;
#3140 = STYLED_ITEM ( 'NONE', ( #3526 ), #4468 ) ;
#3141 =( NAMED_UNIT ( * ) SI_UNIT ( $, .STERADIAN. ) SOLID_ANGLE_UNIT ( ) );
#3142 = DIRECTION ( 'NONE',  ( -1.000000000000000000, 0.000000000000000000, 0.000000000000000000 ) ) ;
#3143 = DIRECTION ( 'NONE',  ( 1.000000000000000000, 0.000000000000000000, 0.000000000000000000 ) ) ;
#3144 = CARTESIAN_POINT ( 'NONE',  ( -1.647500000000000187, -2.657500000000000195, 0.2500000000000000000 ) ) ;
#3145 =( LENGTH_UNIT ( ) NAMED_UNIT ( * ) SI_UNIT ( .MILLI., .METRE. ) );
#3146 = ORIENTED_EDGE ( 'NONE', *, *, #7549, .T. ) ;
#3147 = ORIENTED_EDGE ( 'NONE', *, *, #2149, .T. ) ;
#3148 = CARTESIAN_POINT ( 'NONE',  ( 0.3775000000000000022, 2.819999999999999840, 0.000000000000000000 ) ) ;
#3149 = COLOUR_RGB ( '',0.2862745098039215508, 0.2862745098039215508, 0.2862745098039215508 ) ;
#3150 = DIRECTION ( 'NONE',  ( 0.9840406976462909849, 0.000000000000000000, -0.1779435454738416966 ) ) ;
#3151 = AXIS2_PLACEMENT_3D ( 'NONE', #6461, #2886, #11916 ) ;
#3152 = DIRECTION ( 'NONE',  ( -2.155772863349820033E-16, 1.000000000000000000, 0.000000000000000000 ) ) ;
#3153 = DIRECTION ( 'NONE',  ( 1.000000000000000000, 0.000000000000000000, 0.000000000000000000 ) ) ;
#3154 = VERTEX_POINT ( 'NONE', #9215 ) ;
#3155 = DIRECTION ( 'NONE',  ( -1.000000000000000000, 0.000000000000000000, 0.000000000000000000 ) ) ;
#3156 =( NAMED_UNIT ( * ) PLANE_ANGLE_UNIT ( ) SI_UNIT ( $, .RADIAN. ) );
#3157 = FILL_AREA_STYLE_COLOUR ( '', #5325 ) ;
#3158 = VERTEX_POINT ( 'NONE', #4670 ) ;
#3159 = CARTESIAN_POINT ( 'NONE',  ( 1.647500000000000187, 2.469999999999999751, 0.2500000000000000000 ) ) ;
#3160 = COLOUR_RGB ( '',0.8313725490196077761, 0.8313725490196077761, 0.8313725490196077761 ) ;
#3161 = VERTEX_POINT ( 'NONE', #8309 ) ;
#3162 = EDGE_CURVE ( 'NONE', #10162, #5428, #123, .T. ) ;
#3163 = MECHANICAL_DESIGN_GEOMETRIC_PRESENTATION_REPRESENTATION (  '', ( #5825 ), #2584 ) ;
#3164 = EDGE_CURVE ( 'NONE', #2920, #10704, #1860, .T. ) ;
#3165 = SURFACE_STYLE_FILL_AREA ( #4074 ) ;
#3166 = DIRECTION ( 'NONE',  ( 0.000000000000000000, 0.000000000000000000, 1.000000000000000000 ) ) ;
#3167 = MECHANICAL_DESIGN_GEOMETRIC_PRESENTATION_REPRESENTATION (  '', ( #2202 ), #3550 ) ;
#3168 = ORIENTED_EDGE ( 'NONE', *, *, #7032, .F. ) ;
#3169 = APPLICATION_CONTEXT ( 'automotive_design' ) ;
#3170 = CARTESIAN_POINT ( 'NONE',  ( 2.185000000000000497, 1.070000000000000062, 0.2500000000000000000 ) ) ;
#3171 = EDGE_LOOP ( 'NONE', ( #3051, #961, #8705, #530 ) ) ;
#3172 = LINE ( 'NONE', #1374, #10109 ) ;
#3173 = CARTESIAN_POINT ( 'NONE',  ( 1.647500000000000187, 2.819999999999999840, 0.000000000000000000 ) ) ;
#3174 = EDGE_CURVE ( 'NONE', #1533, #3753, #2960, .T. ) ;
#3175 = EDGE_CURVE ( 'NONE', #7995, #3127, #10556, .T. ) ;
#3176 = PRESENTATION_LAYER_ASSIGNMENT (  '', '', ( #105 ) ) ;
#3177 = FACE_OUTER_BOUND ( 'NONE', #5839, .T. ) ;
#3178 = EDGE_CURVE ( 'NONE', #7041, #6303, #6807, .T. ) ;
#3179 = ORIENTED_EDGE ( 'NONE', *, *, #9521, .T. ) ;
#3180 = DIRECTION ( 'NONE',  ( 2.025954424498460092E-16, -1.000000000000000000, 0.000000000000000000 ) ) ;
#3181 = FILL_AREA_STYLE ('',( #8613 ) ) ;
#3182 = CARTESIAN_POINT ( 'NONE',  ( -5.551115123125779744E-16, -0.5799999999999989608, 0.2500000000000000000 ) ) ;
#3183 = ORIENTED_EDGE ( 'NONE', *, *, #4066, .F. ) ;
#3184 = DIRECTION ( 'NONE',  ( 0.000000000000000000, 1.000000000000000000, -0.000000000000000000 ) ) ;
#3185 = FACE_OUTER_BOUND ( 'NONE', #2506, .T. ) ;
#3186 = ORIENTED_EDGE ( 'NONE', *, *, #2736, .T. ) ;
#3187 = CARTESIAN_POINT ( 'NONE',  ( 2.185000000000000497, 0.02000000000000060063, 0.000000000000000000 ) ) ;
#3188 = VECTOR ( 'NONE', #7220, 1000.000000000000000 ) ;
#3189 = CARTESIAN_POINT ( 'NONE',  ( -1.685000000000000053, -2.657500000000000195, 0.000000000000000000 ) ) ;
#3190 =( NAMED_UNIT ( * ) PLANE_ANGLE_UNIT ( ) SI_UNIT ( $, .RADIAN. ) );
#3191 = ORIENTED_EDGE ( 'NONE', *, *, #6900, .F. ) ;
#3192 = DIRECTION ( 'NONE',  ( -1.000000000000000000, -2.155772863349820033E-16, 0.000000000000000000 ) ) ;
#3193 = EDGE_CURVE ( 'NONE', #3011, #6972, #10497, .T. ) ;
#3194 = SURFACE_STYLE_USAGE ( .BOTH. , #11433 ) ;
#3195 = VECTOR ( 'NONE', #3400, 1000.000000000000000 ) ;
#3196 = CARTESIAN_POINT ( 'NONE',  ( -2.574999999999999734, 2.660000000000000142, 0.2499999999999954481 ) ) ;
#3197 = VECTOR ( 'NONE', #1409, 1000.000000000000000 ) ;
#3198 = VECTOR ( 'NONE', #11254, 1000.000000000000000 ) ;
#3199 = LINE ( 'NONE', #2578, #7849 ) ;
#3200 = DIRECTION ( 'NONE',  ( 0.000000000000000000, -0.000000000000000000, -1.000000000000000000 ) ) ;
#3201 = UNCERTAINTY_MEASURE_WITH_UNIT (LENGTH_MEASURE( 1.000000000000000082E-05 ), #327, 'distance_accuracy_value', 'NONE');
#3202 = CARTESIAN_POINT ( 'NONE',  ( -0.3549999999999999267, 2.469999999999997087, 0.2500000000000000000 ) ) ;
#3203 = CARTESIAN_POINT ( 'NONE',  ( 0.8549999999999999822, -2.782500000000000195, 0.000000000000000000 ) ) ;
#3204 = DIRECTION ( 'NONE',  ( -0.5064641571633391459, -0.5064641571633282657, 0.6978453374621544913 ) ) ;
#3205 = FILL_AREA_STYLE_COLOUR ( '', #134 ) ;
#3206 = ORIENTED_EDGE ( 'NONE', *, *, #9073, .T. ) ;
#3207 = ITEM_DEFINED_TRANSFORMATION ( 'NONE', 'NONE', #6420,  #5287 ) ;
#3208 = AXIS2_PLACEMENT_3D ( 'NONE', #5642, #11148, #8394 ) ;
#3209 = EDGE_CURVE ( 'NONE', #4934, #11381, #4831, .T. ) ;
#3210 =( NAMED_UNIT ( * ) PLANE_ANGLE_UNIT ( ) SI_UNIT ( $, .RADIAN. ) );
#3211 =( NAMED_UNIT ( * ) SI_UNIT ( $, .STERADIAN. ) SOLID_ANGLE_UNIT ( ) );
#3212 = CARTESIAN_POINT ( 'NONE',  ( -2.343901028300729994, 2.508901028300730474, 1.078413264126850013 ) ) ;
#3213 = DIRECTION ( 'NONE',  ( 1.000000000000000000, 0.000000000000000000, 0.000000000000000000 ) ) ;
#3214 = DIRECTION ( 'NONE',  ( 1.000000000000000000, 0.000000000000000000, 0.000000000000000000 ) ) ;
#3215 = COLOUR_RGB ( '',0.8313725490196077761, 0.8313725490196077761, 0.8313725490196077761 ) ;
#3216 = CARTESIAN_POINT ( 'NONE',  ( -0.8924999999999999600, 2.469999999999999751, 0.000000000000000000 ) ) ;
#3217 = UNCERTAINTY_MEASURE_WITH_UNIT (LENGTH_MEASURE( 1.000000000000000082E-05 ), #813, 'distance_accuracy_value', 'NONE');
#3218 = FILL_AREA_STYLE_COLOUR ( '', #10253 ) ;
#3219 = ORIENTED_EDGE ( 'NONE', *, *, #10499, .F. ) ;
#3220 = FILL_AREA_STYLE_COLOUR ( '', #250 ) ;
#3221 = CYLINDRICAL_SURFACE ( 'NONE', #7772, 0.03750000000000020678 ) ;
#3222 = DIRECTION ( 'NONE',  ( 1.000000000000000000, 0.000000000000000000, 0.000000000000000000 ) ) ;
#3223 = LINE ( 'NONE', #6849, #10613 ) ;
#3224 = ORIENTED_EDGE ( 'NONE', *, *, #9299, .F. ) ;
#3225 = LINE ( 'NONE', #6851, #11343 ) ;
#3226 = EDGE_CURVE ( 'NONE', #7799, #2918, #8497, .T. ) ;
#3227 = ORIENTED_EDGE ( 'NONE', *, *, #4685, .T. ) ;
#3228 = MECHANICAL_DESIGN_GEOMETRIC_PRESENTATION_REPRESENTATION (  '', ( #3804 ), #11476 ) ;
#3229 = FILL_AREA_STYLE_COLOUR ( '', #2007 ) ;
#3230 =( NAMED_UNIT ( * ) SI_UNIT ( $, .STERADIAN. ) SOLID_ANGLE_UNIT ( ) );
#3231 = STYLED_ITEM ( 'NONE', ( #10783 ), #7035 ) ;
#3232 = DIRECTION ( 'NONE',  ( 1.000000000000000000, 0.000000000000000000, -0.000000000000000000 ) ) ;
#3233 = CARTESIAN_POINT ( 'NONE',  ( -0.4149999999999999800, -2.657500000000000195, 0.000000000000000000 ) ) ;
#3234 = ORIENTED_EDGE ( 'NONE', *, *, #6572, .F. ) ;
#3235 = AXIS2_PLACEMENT_3D ( 'NONE', #10577, #338, #11330 ) ;
#3236 = CARTESIAN_POINT ( 'NONE',  ( -1.647500000000000409, 3.220000000000000195, 0.000000000000000000 ) ) ;
#3237 = UNCERTAINTY_MEASURE_WITH_UNIT (LENGTH_MEASURE( 1.000000000000000082E-05 ), #10090, 'distance_accuracy_value', 'NONE');
#3238 =( GEOMETRIC_REPRESENTATION_CONTEXT ( 3 ) GLOBAL_UNCERTAINTY_ASSIGNED_CONTEXT ( ( #11749 ) ) GLOBAL_UNIT_ASSIGNED_CONTEXT ( ( #7742, #6662, #4060 ) ) REPRESENTATION_CONTEXT ( 'NONE', 'WORKASPACE' ) );
#3239 = DIRECTION ( 'NONE',  ( 0.000000000000000000, 0.000000000000000000, -1.000000000000000000 ) ) ;
#3240 = ORIENTED_EDGE ( 'NONE', *, *, #3989, .F. ) ;
#3241 = SURFACE_STYLE_FILL_AREA ( #6795 ) ;
#3242 = ADVANCED_FACE ( 'NONE', ( #2101 ), #5021, .F. ) ;
#3243 =( LENGTH_UNIT ( ) NAMED_UNIT ( * ) SI_UNIT ( .MILLI., .METRE. ) );
#3244 = MECHANICAL_DESIGN_GEOMETRIC_PRESENTATION_REPRESENTATION (  '', ( #6081 ), #2082 ) ;
#3245 = AXIS2_PLACEMENT_3D ( 'NONE', #9898, #7982, #7200 ) ;
#3246 = FACE_OUTER_BOUND ( 'NONE', #6844, .T. ) ;
#3247 = CARTESIAN_POINT ( 'NONE',  ( 2.125000000000000000, -2.740000000000000657, 0.000000000000000000 ) ) ;
#3248 = PRESENTATION_LAYER_ASSIGNMENT (  '', '', ( #8016 ) ) ;
#3249 = EDGE_LOOP ( 'NONE', ( #1233, #9396, #8559, #9853 ) ) ;
#3250 = PRESENTATION_LAYER_ASSIGNMENT (  '', '', ( #5330 ) ) ;
#3251 = UNCERTAINTY_MEASURE_WITH_UNIT (LENGTH_MEASURE( 1.000000000000000082E-05 ), #10887, 'distance_accuracy_value', 'NONE');
#3252 = EDGE_CURVE ( 'NONE', #6091, #10674, #5044, .T. ) ;
#3253 = PLANE ( 'NONE',  #10882 ) ;
#3254 = EDGE_LOOP ( 'NONE', ( #7455, #10174, #9444, #3913, #9939 ) ) ;
#3255 = EDGE_CURVE ( 'NONE', #5446, #10676, #7839, .T. ) ;
#3256 = LINE ( 'NONE', #10734, #4295 ) ;
#3257 = ORIENTED_EDGE ( 'NONE', *, *, #6012, .F. ) ;
#3258 = SURFACE_STYLE_USAGE ( .BOTH. , #7788 ) ;
#3259 = STYLED_ITEM ( 'NONE', ( #7383 ), #234 ) ;
#3260 = FILL_AREA_STYLE_COLOUR ( '', #7016 ) ;
#3261 = DIRECTION ( 'NONE',  ( 0.000000000000000000, 0.000000000000000000, 1.000000000000000000 ) ) ;
#3262 = CARTESIAN_POINT ( 'NONE',  ( 0.8924999999999999600, 2.507499999999999840, 0.2500000000000000000 ) ) ;
#3263 = VECTOR ( 'NONE', #2086, 1000.000000000000000 ) ;
#3264 =( LENGTH_UNIT ( ) NAMED_UNIT ( * ) SI_UNIT ( .MILLI., .METRE. ) );
#3265 = CARTESIAN_POINT ( 'NONE',  ( -2.185000000000000053, 2.770000000000000018, 0.000000000000000000 ) ) ;
#3266 = ORIENTED_EDGE ( 'NONE', *, *, #5856, .F. ) ;
#3267 = DIRECTION ( 'NONE',  ( 1.000000000000000000, 0.000000000000000000, 0.000000000000000000 ) ) ;
#3268 =( NAMED_UNIT ( * ) SI_UNIT ( $, .STERADIAN. ) SOLID_ANGLE_UNIT ( ) );
#3269 = FILL_AREA_STYLE_COLOUR ( '', #10512 ) ;
#3270 = CARTESIAN_POINT ( 'NONE',  ( -2.162500000000000089, 2.507499999999999840, 0.000000000000000000 ) ) ;
#3271 = CARTESIAN_POINT ( 'NONE',  ( -2.381424832439820172, -0.6799999999999988276, 0.2500000000000000000 ) ) ;
#3272 = CARTESIAN_POINT ( 'NONE',  ( 0.8924999999999999600, 2.782500000000000195, 0.000000000000000000 ) ) ;
#3273 = ORIENTED_EDGE ( 'NONE', *, *, #7993, .F. ) ;
#3274 = VECTOR ( 'NONE', #11676, 1000.000000000000000 ) ;
#3275 = SURFACE_SIDE_STYLE ('',( #7870 ) ) ;
#3276 = VECTOR ( 'NONE', #5056, 1000.000000000000000 ) ;
#3277 = CARTESIAN_POINT ( 'NONE',  ( -2.381424832439820172, -0.6799999999999990496, 0.000000000000000000 ) ) ;
#3278 =( NAMED_UNIT ( * ) SI_UNIT ( $, .STERADIAN. ) SOLID_ANGLE_UNIT ( ) );
#3279 = VERTEX_POINT ( 'NONE', #3295 ) ;
#3280 = CARTESIAN_POINT ( 'NONE',  ( 0.8924999999999999600, 2.469999999999998419, 0.2500000000000000000 ) ) ;
#3281 = EDGE_LOOP ( 'NONE', ( #7301, #11112 ) ) ;
#3282 = VECTOR ( 'NONE', #6826, 1000.000000000000000 ) ;
#3283 =( NAMED_UNIT ( * ) SI_UNIT ( $, .STERADIAN. ) SOLID_ANGLE_UNIT ( ) );
#3284 = PRESENTATION_LAYER_ASSIGNMENT (  '', '', ( #1169 ) ) ;
#3285 = CARTESIAN_POINT ( 'NONE',  ( -0.4149999999999999800, -2.740000000000000213, 0.000000000000000000 ) ) ;
#3286 = EDGE_LOOP ( 'NONE', ( #7531, #3879, #7884, #1162 ) ) ;
#3287 = PLANE ( 'NONE',  #3889 ) ;
#3288 = DIRECTION ( 'NONE',  ( 0.000000000000000000, -0.000000000000000000, -1.000000000000000000 ) ) ;
#3289 = AXIS2_PLACEMENT_3D ( 'NONE', #3965, #7587, #1369 ) ;
#3290 = LINE ( 'NONE', #2753, #2496 ) ;
#3291 = LINE ( 'NONE', #4952, #1026 ) ;
#3292 = VERTEX_POINT ( 'NONE', #5866 ) ;
#3293 = SURFACE_SIDE_STYLE ('',( #11477 ) ) ;
#3294 = SURFACE_STYLE_FILL_AREA ( #10800 ) ;
#3295 = CARTESIAN_POINT ( 'NONE',  ( -1.685000000000000053, -2.740000000000000213, 0.000000000000000000 ) ) ;
#3296 = ORIENTED_EDGE ( 'NONE', *, *, #8649, .F. ) ;
#3297 = AXIS2_PLACEMENT_3D ( 'NONE', #3626, #6166, #10088 ) ;
#3298 = CARTESIAN_POINT ( 'NONE',  ( -1.685000000000000275, 2.782500000000000195, 0.2500000000000000000 ) ) ;
#3299 = CARTESIAN_POINT ( 'NONE',  ( 0.8924999999999999600, -2.782500000000000195, 0.000000000000000000 ) ) ;
#3300 = ORIENTED_EDGE ( 'NONE', *, *, #3794, .T. ) ;
#3301 = SURFACE_STYLE_FILL_AREA ( #1384 ) ;
#3302 = DIRECTION ( 'NONE',  ( 1.000000000000000000, 0.000000000000000000, 0.000000000000000000 ) ) ;
#3303 = FILL_AREA_STYLE_COLOUR ( '', #7597 ) ;
#3304 = DIRECTION ( 'NONE',  ( 0.000000000000000000, -0.000000000000000000, -1.000000000000000000 ) ) ;
#3305 = VECTOR ( 'NONE', #5004, 1000.000000000000000 ) ;
#3306 = EDGE_CURVE ( 'NONE', #5854, #7588, #3126, .T. ) ;
#3307 = PRESENTATION_STYLE_ASSIGNMENT (( #3194 ) ) ;
#3308 = MECHANICAL_DESIGN_GEOMETRIC_PRESENTATION_REPRESENTATION (  '', ( #11561 ), #9031 ) ;
#3309 = CARTESIAN_POINT ( 'NONE',  ( 2.481424832439819816, -0.5799999999999991829, 0.000000000000000000 ) ) ;
#3310 = EDGE_CURVE ( 'NONE', #1677, #4891, #1617, .T. ) ;
#3311 = MANIFOLD_SOLID_BREP ( 'Imported6', #9557 ) ;
#3312 = EDGE_CURVE ( 'NONE', #2408, #7869, #6576, .T. ) ;
#3313 = CARTESIAN_POINT ( 'NONE',  ( 2.574999999999999289, -0.5799999999999989608, 0.2499999999999998890 ) ) ;
#3314 = UNCERTAINTY_MEASURE_WITH_UNIT (LENGTH_MEASURE( 1.000000000000000082E-05 ), #8249, 'distance_accuracy_value', 'NONE');
#3315 = CIRCLE ( 'NONE', #10003, 0.03749999999999999167 ) ;
#3316 = FACE_OUTER_BOUND ( 'NONE', #11582, .T. ) ;
#3317 = CARTESIAN_POINT ( 'NONE',  ( -2.162500000000000089, -2.820000000000000284, 0.2500000000000000000 ) ) ;
#3318 =( GEOMETRIC_REPRESENTATION_CONTEXT ( 3 ) GLOBAL_UNCERTAINTY_ASSIGNED_CONTEXT ( ( #7139 ) ) GLOBAL_UNIT_ASSIGNED_CONTEXT ( ( #7910, #9714, #3378 ) ) REPRESENTATION_CONTEXT ( 'NONE', 'WORKASPACE' ) );
#3319 = PRESENTATION_STYLE_ASSIGNMENT (( #7857 ) ) ;
#3320 = VECTOR ( 'NONE', #4673, 1000.000000000000000 ) ;
#3321 = CARTESIAN_POINT ( 'NONE',  ( 1.685000000000000053, -2.770000000000000018, 0.2500000000000000000 ) ) ;
#3322 = VERTEX_POINT ( 'NONE', #7056 ) ;
#3323 = APPLICATION_PROTOCOL_DEFINITION ( 'draft international standard', 'automotive_design', 1998, #7827 ) ;
#3324 = PLANE ( 'NONE',  #3235 ) ;
#3325 = CARTESIAN_POINT ( 'NONE',  ( -2.162500000000000089, 3.220000000000000195, 0.2500000000000000000 ) ) ;
#3326 = EDGE_CURVE ( 'NONE', #11570, #8542, #10673, .T. ) ;
#3327 = SURFACE_SIDE_STYLE ('',( #5107 ) ) ;
#3328 = ADVANCED_FACE ( 'NONE', ( #11594 ), #4270, .F. ) ;
#3329 =( GEOMETRIC_REPRESENTATION_CONTEXT ( 3 ) GLOBAL_UNCERTAINTY_ASSIGNED_CONTEXT ( ( #2404 ) ) GLOBAL_UNIT_ASSIGNED_CONTEXT ( ( #5318, #7299, #775 ) ) REPRESENTATION_CONTEXT ( 'NONE', 'WORKASPACE' ) );
#3330 = MECHANICAL_DESIGN_GEOMETRIC_PRESENTATION_REPRESENTATION (  '', ( #8841 ), #11579 ) ;
#3331 = MECHANICAL_DESIGN_GEOMETRIC_PRESENTATION_REPRESENTATION (  '', ( #3513 ), #5225 ) ;
#3332 = VECTOR ( 'NONE', #7964, 1000.000000000000000 ) ;
#3333 = ADVANCED_FACE ( 'NONE', ( #9759 ), #11787, .T. ) ;
#3334 = DIRECTION ( 'NONE',  ( -0.000000000000000000, -0.000000000000000000, -1.000000000000000000 ) ) ;
#3335 = CARTESIAN_POINT ( 'NONE',  ( -0.8924999999999999600, -2.782500000000000195, 0.2500000000000000000 ) ) ;
#3336 = CARTESIAN_POINT ( 'NONE',  ( 0.3775000000000000022, 2.507499999999999840, 0.000000000000000000 ) ) ;
#3337 = UNCERTAINTY_MEASURE_WITH_UNIT (LENGTH_MEASURE( 1.000000000000000082E-05 ), #1764, 'distance_accuracy_value', 'NONE');
#3338 = PRESENTATION_STYLE_ASSIGNMENT (( #2319 ) ) ;
#3339 = ORIENTED_EDGE ( 'NONE', *, *, #8926, .T. ) ;
#3340 =( LENGTH_UNIT ( ) NAMED_UNIT ( * ) SI_UNIT ( .MILLI., .METRE. ) );
#3341 =( NAMED_UNIT ( * ) PLANE_ANGLE_UNIT ( ) SI_UNIT ( $, .RADIAN. ) );
#3342 = FILL_AREA_STYLE ('',( #8052 ) ) ;
#3343 = VERTEX_POINT ( 'NONE', #4490 ) ;
#3344 = DIRECTION ( 'NONE',  ( 1.000000000000000000, 0.000000000000000000, 0.000000000000000000 ) ) ;
#3345 = AXIS2_PLACEMENT_3D ( 'NONE', #1486, #11715, #7224 ) ;
#3346 = ORIENTED_EDGE ( 'NONE', *, *, #7702, .T. ) ;
#3347 = ADVANCED_FACE ( 'NONE', ( #6933 ), #10616, .F. ) ;
#3348 = CARTESIAN_POINT ( 'NONE',  ( 2.467808941026836678, -2.436089990849912734, 1.069132658676927194 ) ) ;
#3349 = PRESENTATION_STYLE_ASSIGNMENT (( #9504 ) ) ;
#3350 = COLOUR_RGB ( '',0.2862745098039215508, 0.2862745098039215508, 0.2862745098039215508 ) ;
#3351 = LINE ( 'NONE', #9745, #8967 ) ;
#3352 = CIRCLE ( 'NONE', #11799, 0.03749999999999988065 ) ;
#3353 = CARTESIAN_POINT ( 'NONE',  ( 2.354463867161250334, 2.519463867161250370, 1.100000000000000089 ) ) ;
#3354 =( GEOMETRIC_REPRESENTATION_CONTEXT ( 3 ) GLOBAL_UNCERTAINTY_ASSIGNED_CONTEXT ( ( #6408 ) ) GLOBAL_UNIT_ASSIGNED_CONTEXT ( ( #11738, #6219, #7421 ) ) REPRESENTATION_CONTEXT ( 'NONE', 'WORKASPACE' ) );
#3355 = DIRECTION ( 'NONE',  ( 0.000000000000000000, 0.000000000000000000, 1.000000000000000000 ) ) ;
#3356 = PLANE ( 'NONE',  #4003 ) ;
#3357 = ORIENTED_EDGE ( 'NONE', *, *, #3097, .F. ) ;
#3358 = FILL_AREA_STYLE_COLOUR ( '', #1414 ) ;
#3359 = UNCERTAINTY_MEASURE_WITH_UNIT (LENGTH_MEASURE( 1.000000000000000082E-05 ), #4365, 'distance_accuracy_value', 'NONE');
#3360 = LINE ( 'NONE', #6192, #5424 ) ;
#3361 = ORIENTED_EDGE ( 'NONE', *, *, #3759, .T. ) ;
#3362 =( NAMED_UNIT ( * ) SI_UNIT ( $, .STERADIAN. ) SOLID_ANGLE_UNIT ( ) );
#3363 = ORIENTED_EDGE ( 'NONE', *, *, #629, .F. ) ;
#3364 = VECTOR ( 'NONE', #2979, 1000.000000000000000 ) ;
#3365 = PRODUCT_DEFINITION_CONTEXT ( 'detailed design', #6594, 'design' ) ;
#3366 = AXIS2_PLACEMENT_3D ( 'NONE', #3262, #6884, #10626 ) ;
#3367 = PRESENTATION_STYLE_ASSIGNMENT (( #9639 ) ) ;
#3368 = ORIENTED_EDGE ( 'NONE', *, *, #114, .F. ) ;
#3369 =( LENGTH_UNIT ( ) NAMED_UNIT ( * ) SI_UNIT ( .MILLI., .METRE. ) );
#3370 = DIRECTION ( 'NONE',  ( -0.7071067811865474617, 0.7071067811865474617, 0.000000000000000000 ) ) ;
#3371 = VERTEX_POINT ( 'NONE', #8417 ) ;
#3372 = SURFACE_STYLE_FILL_AREA ( #10974 ) ;
#3373 = PRESENTATION_STYLE_ASSIGNMENT (( #4899 ) ) ;
#3374 = DIRECTION ( 'NONE',  ( 0.000000000000000000, 0.000000000000000000, 1.000000000000000000 ) ) ;
#3375 = FILL_AREA_STYLE_COLOUR ( '', #1890 ) ;
#3376 = MECHANICAL_DESIGN_GEOMETRIC_PRESENTATION_REPRESENTATION (  '', ( #5460 ), #10854 ) ;
#3377 = VECTOR ( 'NONE', #4612, 1000.000000000000000 ) ;
#3378 =( NAMED_UNIT ( * ) SI_UNIT ( $, .STERADIAN. ) SOLID_ANGLE_UNIT ( ) );
#3379 = LINE ( 'NONE', #10679, #10046 ) ;
#3380 = PRESENTATION_LAYER_ASSIGNMENT (  '', '', ( #8146 ) ) ;
#3381 = AXIS2_PLACEMENT_3D ( 'NONE', #11378, #6894, #9549 ) ;
#3382 = PLANE ( 'NONE',  #11013 ) ;
#3383 = MECHANICAL_DESIGN_GEOMETRIC_PRESENTATION_REPRESENTATION (  '', ( #4159 ), #1647 ) ;
#3384 =( LENGTH_UNIT ( ) NAMED_UNIT ( * ) SI_UNIT ( .MILLI., .METRE. ) );
#3385 = ORIENTED_EDGE ( 'NONE', *, *, #10639, .F. ) ;
#3386 = SURFACE_STYLE_FILL_AREA ( #9777 ) ;
#3387 =( LENGTH_UNIT ( ) NAMED_UNIT ( * ) SI_UNIT ( .MILLI., .METRE. ) );
#3388 = ADVANCED_FACE ( 'NONE', ( #1126 ), #7408, .F. ) ;
#3389 = CARTESIAN_POINT ( 'NONE',  ( -0.4149999999999999800, -2.657500000000000195, 0.2500000000000000000 ) ) ;
#3390 = VECTOR ( 'NONE', #9978, 1000.000000000000000 ) ;
#3391 =( NAMED_UNIT ( * ) PLANE_ANGLE_UNIT ( ) SI_UNIT ( $, .RADIAN. ) );
#3392 = SURFACE_STYLE_USAGE ( .BOTH. , #3624 ) ;
#3393 = FACE_OUTER_BOUND ( 'NONE', #10802, .T. ) ;
#3394 =( NAMED_UNIT ( * ) PLANE_ANGLE_UNIT ( ) SI_UNIT ( $, .RADIAN. ) );
#3395 = ADVANCED_FACE ( 'NONE', ( #6502 ), #6384, .T. ) ;
#3396 = DIRECTION ( 'NONE',  ( -1.000000000000000000, -0.000000000000000000, -0.000000000000000000 ) ) ;
#3397 = VERTEX_POINT ( 'NONE', #5230 ) ;
#3398 = AXIS2_PLACEMENT_3D ( 'NONE', #4737, #5578, #10435 ) ;
#3399 = EDGE_CURVE ( 'NONE', #2612, #7287, #361, .T. ) ;
#3400 = DIRECTION ( 'NONE',  ( 0.000000000000000000, 1.000000000000000000, -0.000000000000000000 ) ) ;
#3401 = ORIENTED_EDGE ( 'NONE', *, *, #1909, .F. ) ;
#3402 = ORIENTED_EDGE ( 'NONE', *, *, #2797, .F. ) ;
#3403 = PRESENTATION_STYLE_ASSIGNMENT (( #5012 ) ) ;
#3404 = FILL_AREA_STYLE_COLOUR ( '', #11610 ) ;
#3405 = VECTOR ( 'NONE', #5822, 1000.000000000000000 ) ;
#3406 = CARTESIAN_POINT ( 'NONE',  ( 2.481424832439820261, -0.5799999999999989608, 0.000000000000000000 ) ) ;
#3407 = DIRECTION ( 'NONE',  ( -3.038931636747690137E-16, 1.000000000000000000, 0.000000000000000000 ) ) ;
#3408 = DIRECTION ( 'NONE',  ( 0.000000000000000000, 0.000000000000000000, 1.000000000000000000 ) ) ;
#3409 = FACE_OUTER_BOUND ( 'NONE', #5647, .T. ) ;
#3410 = ORIENTED_EDGE ( 'NONE', *, *, #1334, .F. ) ;
#3411 = DIRECTION ( 'NONE',  ( -0.000000000000000000, -0.000000000000000000, 1.000000000000000000 ) ) ;
#3412 = EDGE_CURVE ( 'NONE', #2196, #1973, #7765, .T. ) ;
#3413 = ORIENTED_EDGE ( 'NONE', *, *, #6605, .T. ) ;
#3414 = DIRECTION ( 'NONE',  ( -1.000000000000000000, 0.000000000000000000, -0.000000000000000000 ) ) ;
#3415 = ORIENTED_EDGE ( 'NONE', *, *, #5349, .T. ) ;
#3416 = DIRECTION ( 'NONE',  ( 0.000000000000000000, 0.000000000000000000, -1.000000000000000000 ) ) ;
#3417 = SURFACE_STYLE_FILL_AREA ( #11721 ) ;
#3418 = MECHANICAL_DESIGN_GEOMETRIC_PRESENTATION_REPRESENTATION (  '', ( #1303 ), #8941 ) ;
#3419 =( NAMED_UNIT ( * ) SI_UNIT ( $, .STERADIAN. ) SOLID_ANGLE_UNIT ( ) );
#3420 = VERTEX_POINT ( 'NONE', #6112 ) ;
#3421 = AXIS2_PLACEMENT_3D ( 'NONE', #1531, #11822, #3567 ) ;
#3422 =( GEOMETRIC_REPRESENTATION_CONTEXT ( 3 ) GLOBAL_UNCERTAINTY_ASSIGNED_CONTEXT ( ( #5333 ) ) GLOBAL_UNIT_ASSIGNED_CONTEXT ( ( #4030, #9329, #9388 ) ) REPRESENTATION_CONTEXT ( 'NONE', 'WORKASPACE' ) );
#3423 = LINE ( 'NONE', #11593, #3954 ) ;
#3424 = DIRECTION ( 'NONE',  ( 1.000000000000000000, 0.000000000000000000, -0.000000000000000000 ) ) ;
#3425 = SURFACE_STYLE_USAGE ( .BOTH. , #657 ) ;
#3426 = EDGE_LOOP ( 'NONE', ( #2583, #10591, #3108, #7605 ) ) ;
#3427 = LINE ( 'NONE', #6993, #2948 ) ;
#3428 = LINE ( 'NONE', #1557, #6942 ) ;
#3429 = ORIENTED_EDGE ( 'NONE', *, *, #2809, .T. ) ;
#3430 = DIRECTION ( 'NONE',  ( -0.7071067811865465735, -0.7071067811865485719, 0.000000000000000000 ) ) ;
#3431 = MECHANICAL_DESIGN_GEOMETRIC_PRESENTATION_REPRESENTATION (  '', ( #8373 ), #10515 ) ;
#3432 = FACE_OUTER_BOUND ( 'NONE', #9315, .T. ) ;
#3433 = CARTESIAN_POINT ( 'NONE',  ( 0.3775000000000000022, -2.657500000000000195, 0.2500000000000000000 ) ) ;
#3434 = PRESENTATION_LAYER_ASSIGNMENT (  '', '', ( #5890 ) ) ;
#3435 = VECTOR ( 'NONE', #7984, 1000.000000000000000 ) ;
#3436 = FACE_OUTER_BOUND ( 'NONE', #9206, .T. ) ;
#3437 = CARTESIAN_POINT ( 'NONE',  ( 0.8549999999999999822, -2.782500000000000195, 0.000000000000000000 ) ) ;
#3438 = FILL_AREA_STYLE ('',( #7975 ) ) ;
#3439 = AXIS2_PLACEMENT_3D ( 'NONE', #8108, #11083, #2108 ) ;
#3440 = UNCERTAINTY_MEASURE_WITH_UNIT (LENGTH_MEASURE( 1.000000000000000082E-05 ), #8807, 'distance_accuracy_value', 'NONE');
#3441 =( NAMED_UNIT ( * ) PLANE_ANGLE_UNIT ( ) SI_UNIT ( $, .RADIAN. ) );
#3442 = LINE ( 'NONE', #1913, #3274 ) ;
#3443 = ORIENTED_EDGE ( 'NONE', *, *, #4409, .T. ) ;
#3444 = DIRECTION ( 'NONE',  ( 0.000000000000000000, -0.000000000000000000, -1.000000000000000000 ) ) ;
#3445 =( GEOMETRIC_REPRESENTATION_CONTEXT ( 3 ) GLOBAL_UNCERTAINTY_ASSIGNED_CONTEXT ( ( #6396 ) ) GLOBAL_UNIT_ASSIGNED_CONTEXT ( ( #9152, #4610, #7707 ) ) REPRESENTATION_CONTEXT ( 'NONE', 'WORKASPACE' ) );
#3446 = FILL_AREA_STYLE ('',( #3269 ) ) ;
#3447 = CARTESIAN_POINT ( 'NONE',  ( 2.162500000000000089, -2.819999999999999840, 0.000000000000000000 ) ) ;
#3448 = SURFACE_STYLE_FILL_AREA ( #11690 ) ;
#3449 = SURFACE_STYLE_FILL_AREA ( #6295 ) ;
#3450 = FILL_AREA_STYLE_COLOUR ( '', #8306 ) ;
#3451 = VERTEX_POINT ( 'NONE', #5789 ) ;
#3452 = CARTESIAN_POINT ( 'NONE',  ( -2.481424832439820261, -0.1799999999999999933, 0.000000000000000000 ) ) ;
#3453 = EDGE_LOOP ( 'NONE', ( #4398, #5908, #3850, #9337 ) ) ;
#3454 = DIRECTION ( 'NONE',  ( 0.000000000000000000, 0.000000000000000000, 1.000000000000000000 ) ) ;
#3455 = ORIENTED_EDGE ( 'NONE', *, *, #9983, .F. ) ;
#3456 = LINE ( 'NONE', #5858, #10009 ) ;
#3457 = DIRECTION ( 'NONE',  ( -0.000000000000000000, -1.000000000000000000, -0.000000000000000000 ) ) ;
#3458 = EDGE_CURVE ( 'NONE', #838, #1947, #6789, .T. ) ;
#3459 = CARTESIAN_POINT ( 'NONE',  ( -2.185000000000000497, 0.02000000000000060063, 0.000000000000000000 ) ) ;
#3460 = PRESENTATION_STYLE_ASSIGNMENT (( #2621 ) ) ;
#3461 = LINE ( 'NONE', #10968, #7350 ) ;
#3462 = LINE ( 'NONE', #1656, #4695 ) ;
#3463 = EDGE_CURVE ( 'NONE', #6011, #3537, #5907, .T. ) ;
#3464 = VECTOR ( 'NONE', #1359, 1000.000000000000000 ) ;
#3465 = EDGE_CURVE ( 'NONE', #10904, #11365, #9609, .T. ) ;
#3466 =( NAMED_UNIT ( * ) SI_UNIT ( $, .STERADIAN. ) SOLID_ANGLE_UNIT ( ) );
#3467 = ORIENTED_EDGE ( 'NONE', *, *, #6306, .F. ) ;
#3468 =( LENGTH_UNIT ( ) NAMED_UNIT ( * ) SI_UNIT ( .MILLI., .METRE. ) );
#3469 = UNCERTAINTY_MEASURE_WITH_UNIT (LENGTH_MEASURE( 1.000000000000000082E-05 ), #11581, 'distance_accuracy_value', 'NONE');
#3470 =( LENGTH_UNIT ( ) NAMED_UNIT ( * ) SI_UNIT ( .MILLI., .METRE. ) );
#3471 = LINE ( 'NONE', #5131, #6164 ) ;
#3472 = VERTEX_POINT ( 'NONE', #9576 ) ;
#3473 = CARTESIAN_POINT ( 'NONE',  ( 1.685000000000000053, -2.319999999999999840, 0.000000000000000000 ) ) ;
#3474 = ORIENTED_EDGE ( 'NONE', *, *, #9450, .F. ) ;
#3475 = SURFACE_SIDE_STYLE ('',( #1547 ) ) ;
#3476 = ADVANCED_FACE ( 'NONE', ( #5730 ), #410, .F. ) ;
#3477 = ADVANCED_FACE ( 'NONE', ( #3058 ), #2266, .T. ) ;
#3478 = ORIENTED_EDGE ( 'NONE', *, *, #9159, .T. ) ;
#3479 = LINE ( 'NONE', #37, #6028 ) ;
#3480 =( NAMED_UNIT ( * ) PLANE_ANGLE_UNIT ( ) SI_UNIT ( $, .RADIAN. ) );
#3481 = ADVANCED_FACE ( 'NONE', ( #5403 ), #5348, .F. ) ;
#3482 = ORIENTED_EDGE ( 'NONE', *, *, #10728, .T. ) ;
#3483 = VECTOR ( 'NONE', #5370, 1000.000000000000000 ) ;
#3484 = SURFACE_SIDE_STYLE ('',( #10803 ) ) ;
#3485 = ORIENTED_EDGE ( 'NONE', *, *, #7195, .T. ) ;
#3486 =( LENGTH_UNIT ( ) NAMED_UNIT ( * ) SI_UNIT ( .MILLI., .METRE. ) );
#3487 = FILL_AREA_STYLE ('',( #4441 ) ) ;
#3488 = EDGE_CURVE ( 'NONE', #5479, #1259, #2138, .T. ) ;
#3489 = LINE ( 'NONE', #2481, #11419 ) ;
#3490 = SURFACE_SIDE_STYLE ('',( #1743 ) ) ;
#3491 = SURFACE_STYLE_FILL_AREA ( #7006 ) ;
#3492 = LINE ( 'NONE', #731, #4892 ) ;
#3493 = AXIS2_PLACEMENT_3D ( 'NONE', #11010, #1868, #2955 ) ;
#3494 = VERTEX_POINT ( 'NONE', #7140 ) ;
#3495 = MECHANICAL_DESIGN_GEOMETRIC_PRESENTATION_REPRESENTATION (  '', ( #7681 ), #441 ) ;
#3496 = FILL_AREA_STYLE ('',( #1689 ) ) ;
#3497 = SURFACE_SIDE_STYLE ('',( #11744 ) ) ;
#3498 = CARTESIAN_POINT ( 'NONE',  ( -2.354463867161247226, -2.519463867161246817, 1.020000000000002238 ) ) ;
#3499 = VECTOR ( 'NONE', #517, 1000.000000000000000 ) ;
#3500 = CIRCLE ( 'NONE', #4091, 0.03749999999999999167 ) ;
#3501 = CARTESIAN_POINT ( 'NONE',  ( -0.9150000000000000355, 2.419999999999999929, 0.000000000000000000 ) ) ;
#3502 = DIRECTION ( 'NONE',  ( 0.000000000000000000, -1.000000000000000000, 0.000000000000000000 ) ) ;
#3503 = SURFACE_STYLE_FILL_AREA ( #9961 ) ;
#3504 = ORIENTED_EDGE ( 'NONE', *, *, #8996, .T. ) ;
#3505 = DIRECTION ( 'NONE',  ( -0.7071067811865510144, 0.7071067811865441310, 0.000000000000000000 ) ) ;
#3506 = PRESENTATION_STYLE_ASSIGNMENT (( #10590 ) ) ;
#3507 = ORIENTED_EDGE ( 'NONE', *, *, #1093, .F. ) ;
#3508 = CARTESIAN_POINT ( 'NONE',  ( -2.162500000000000089, 2.469999999999999751, 0.2500000000000000000 ) ) ;
#3509 = STYLED_ITEM ( 'NONE', ( #3657 ), #10569 ) ;
#3510 = ORIENTED_EDGE ( 'NONE', *, *, #2227, .F. ) ;
#3511 = CARTESIAN_POINT ( 'NONE',  ( 2.125000000000000000, -2.782500000000000195, 0.000000000000000000 ) ) ;
#3512 = VECTOR ( 'NONE', #3573, 1000.000000000000000 ) ;
#3513 = STYLED_ITEM ( 'NONE', ( #3791 ), #1490 ) ;
#3514 = CIRCLE ( 'NONE', #52, 0.03749999999999976963 ) ;
#3515 = FILL_AREA_STYLE_COLOUR ( '', #1691 ) ;
#3516 = PRESENTATION_STYLE_ASSIGNMENT (( #11833 ) ) ;
#3517 =( LENGTH_UNIT ( ) NAMED_UNIT ( * ) SI_UNIT ( .MILLI., .METRE. ) );
#3518 = PRESENTATION_LAYER_ASSIGNMENT (  '', '', ( #8672 ) ) ;
#3519 =( NAMED_UNIT ( * ) PLANE_ANGLE_UNIT ( ) SI_UNIT ( $, .RADIAN. ) );
#3520 = MECHANICAL_DESIGN_GEOMETRIC_PRESENTATION_REPRESENTATION (  '', ( #4109 ), #1795 ) ;
#3521 = SURFACE_STYLE_USAGE ( .BOTH. , #5302 ) ;
#3522 = ORIENTED_EDGE ( 'NONE', *, *, #2212, .F. ) ;
#3523 = VECTOR ( 'NONE', #9693, 1000.000000000000000 ) ;
#3524 = DIRECTION ( 'NONE',  ( 0.000000000000000000, 0.000000000000000000, 1.000000000000000000 ) ) ;
#3525 = FILL_AREA_STYLE ('',( #2346 ) ) ;
#3526 = PRESENTATION_STYLE_ASSIGNMENT (( #11772 ) ) ;
#3527 = ORIENTED_EDGE ( 'NONE', *, *, #9326, .F. ) ;
#3528 = ORIENTED_EDGE ( 'NONE', *, *, #9816, .T. ) ;
#3529 = CARTESIAN_POINT ( 'NONE',  ( 0.3775000000000000022, -2.657500000000000195, 0.000000000000000000 ) ) ;
#3530 = ADVANCED_FACE ( 'NONE', ( #6409 ), #11016, .F. ) ;
#3531 = EDGE_CURVE ( 'NONE', #9053, #10110, #10956, .T. ) ;
#3532 = MECHANICAL_DESIGN_GEOMETRIC_PRESENTATION_REPRESENTATION (  '', ( #3929 ), #468 ) ;
#3533 = DIRECTION ( 'NONE',  ( 1.000000000000000000, 0.000000000000000000, 0.000000000000000000 ) ) ;
#3534 = ORIENTED_EDGE ( 'NONE', *, *, #9833, .F. ) ;
#3535 = CARTESIAN_POINT ( 'NONE',  ( -2.495000000000000107, 2.739999999999998437, 0.2499999999999906186 ) ) ;
#3536 = SURFACE_SIDE_STYLE ('',( #7171 ) ) ;
#3537 = VERTEX_POINT ( 'NONE', #4351 ) ;
#3538 = ORIENTED_EDGE ( 'NONE', *, *, #3840, .F. ) ;
#3539 = PRESENTATION_LAYER_ASSIGNMENT (  '', '', ( #5825 ) ) ;
#3540 = EDGE_CURVE ( 'NONE', #6735, #6225, #9850, .T. ) ;
#3541 = EDGE_CURVE ( 'NONE', #7635, #5569, #8046, .T. ) ;
#3542 = DIRECTION ( 'NONE',  ( -1.000000000000000000, 0.000000000000000000, 0.000000000000000000 ) ) ;
#3543 = PLANE ( 'NONE',  #6257 ) ;
#3544 = DIRECTION ( 'NONE',  ( 1.000000000000000000, 0.000000000000000000, 0.000000000000000000 ) ) ;
#3545 = AXIS2_PLACEMENT_3D ( 'NONE', #4693, #11095, #2856 ) ;
#3546 =( NAMED_UNIT ( * ) PLANE_ANGLE_UNIT ( ) SI_UNIT ( $, .RADIAN. ) );
#3547 = VECTOR ( 'NONE', #3990, 1000.000000000000000 ) ;
#3548 = PRESENTATION_LAYER_ASSIGNMENT (  '', '', ( #9103 ) ) ;
#3549 = CARTESIAN_POINT ( 'NONE',  ( -2.394980999734316995, -2.559980999734315699, 1.075827626996972208 ) ) ;
#3550 =( GEOMETRIC_REPRESENTATION_CONTEXT ( 3 ) GLOBAL_UNCERTAINTY_ASSIGNED_CONTEXT ( ( #477 ) ) GLOBAL_UNIT_ASSIGNED_CONTEXT ( ( #10217, #4851, #7554 ) ) REPRESENTATION_CONTEXT ( 'NONE', 'WORKASPACE' ) );
#3551 = UNCERTAINTY_MEASURE_WITH_UNIT (LENGTH_MEASURE( 1.000000000000000082E-05 ), #7874, 'distance_accuracy_value', 'NONE');
#3552 = CARTESIAN_POINT ( 'NONE',  ( 0.4149999999999998690, 2.507499999999999840, 0.000000000000000000 ) ) ;
#3553 = LINE ( 'NONE', #10821, #9592 ) ;
#3554 = ADVANCED_FACE ( 'NONE', ( #7616 ), #5759, .F. ) ;
#3555 = FILL_AREA_STYLE_COLOUR ( '', #2451 ) ;
#3556 = ORIENTED_EDGE ( 'NONE', *, *, #8132, .F. ) ;
#3557 = AXIS2_PLACEMENT_3D ( 'NONE', #10130, #10069, #2884 ) ;
#3558 = FACE_OUTER_BOUND ( 'NONE', #2857, .T. ) ;
#3559 = PLANE ( 'NONE',  #11271 ) ;
#3560 = MECHANICAL_DESIGN_GEOMETRIC_PRESENTATION_REPRESENTATION (  '', ( #2795 ), #8703 ) ;
#3561 = CARTESIAN_POINT ( 'NONE',  ( 2.705000000000000071, -0.1799999999999990219, 0.000000000000000000 ) ) ;
#3562 =( LENGTH_UNIT ( ) NAMED_UNIT ( * ) SI_UNIT ( .MILLI., .METRE. ) );
#3563 = PRESENTATION_STYLE_ASSIGNMENT (( #798 ) ) ;
#3564 = ORIENTED_EDGE ( 'NONE', *, *, #2892, .T. ) ;
#3565 =( GEOMETRIC_REPRESENTATION_CONTEXT ( 3 ) GLOBAL_UNCERTAINTY_ASSIGNED_CONTEXT ( ( #11035 ) ) GLOBAL_UNIT_ASSIGNED_CONTEXT ( ( #2473, #9764, #5205 ) ) REPRESENTATION_CONTEXT ( 'NONE', 'WORKASPACE' ) );
#3566 = SURFACE_STYLE_USAGE ( .BOTH. , #1817 ) ;
#3567 = DIRECTION ( 'NONE',  ( 0.000000000000000000, -0.000000000000000000, -1.000000000000000000 ) ) ;
#3568 =( LENGTH_UNIT ( ) NAMED_UNIT ( * ) SI_UNIT ( .MILLI., .METRE. ) );
#3569 = ORIENTED_EDGE ( 'NONE', *, *, #5726, .F. ) ;
#3570 = PRESENTATION_STYLE_ASSIGNMENT (( #6174 ) ) ;
#3571 = VECTOR ( 'NONE', #4062, 1000.000000000000000 ) ;
#3572 = ORIENTED_EDGE ( 'NONE', *, *, #11493, .T. ) ;
#3573 = DIRECTION ( 'NONE',  ( 1.000000000000000000, -0.000000000000000000, 0.000000000000000000 ) ) ;
#3574 = PRESENTATION_LAYER_ASSIGNMENT (  '', '', ( #1466 ) ) ;
#3575 = DIRECTION ( 'NONE',  ( 0.000000000000000000, 0.000000000000000000, 1.000000000000000000 ) ) ;
#3576 =( GEOMETRIC_REPRESENTATION_CONTEXT ( 3 ) GLOBAL_UNCERTAINTY_ASSIGNED_CONTEXT ( ( #589 ) ) GLOBAL_UNIT_ASSIGNED_CONTEXT ( ( #575, #3341, #10702 ) ) REPRESENTATION_CONTEXT ( 'NONE', 'WORKASPACE' ) );
#3577 = VECTOR ( 'NONE', #5832, 1000.000000000000000 ) ;
#3578 = LINE ( 'NONE', #10912, #2199 ) ;
#3579 = DIRECTION ( 'NONE',  ( 0.000000000000000000, -1.000000000000000000, -0.000000000000000000 ) ) ;
#3580 = AXIS2_PLACEMENT_3D ( 'NONE', #4623, #3806, #1873 ) ;
#3581 = EDGE_LOOP ( 'NONE', ( #872, #7169, #1631, #2190 ) ) ;
#3582 = UNCERTAINTY_MEASURE_WITH_UNIT (LENGTH_MEASURE( 1.000000000000000082E-05 ), #9041, 'distance_accuracy_value', 'NONE');
#3583 = PLANE ( 'NONE',  #4377 ) ;
#3584 = DIRECTION ( 'NONE',  ( 0.000000000000000000, 0.000000000000000000, 1.000000000000000000 ) ) ;
#3585 = ORIENTED_EDGE ( 'NONE', *, *, #10413, .T. ) ;
#3586 = SURFACE_SIDE_STYLE ('',( #6434 ) ) ;
#3587 = ORIENTED_EDGE ( 'NONE', *, *, #2071, .T. ) ;
#3588 = SURFACE_STYLE_USAGE ( .BOTH. , #5542 ) ;
#3589 = STYLED_ITEM ( 'NONE', ( #5162 ), #5227 ) ;
#3590 = CARTESIAN_POINT ( 'NONE',  ( 2.394980999734318328, -2.559980999734317031, 1.075827626996971320 ) ) ;
#3591 = ORIENTED_EDGE ( 'NONE', *, *, #3794, .F. ) ;
#3592 = FILL_AREA_STYLE ('',( #9016 ) ) ;
#3593 = UNCERTAINTY_MEASURE_WITH_UNIT (LENGTH_MEASURE( 1.000000000000000082E-05 ), #2967, 'distance_accuracy_value', 'NONE');
#3594 = ORIENTED_EDGE ( 'NONE', *, *, #7851, .F. ) ;
#3595 =( GEOMETRIC_REPRESENTATION_CONTEXT ( 3 ) GLOBAL_UNCERTAINTY_ASSIGNED_CONTEXT ( ( #363 ) ) GLOBAL_UNIT_ASSIGNED_CONTEXT ( ( #2228, #8558, #3074 ) ) REPRESENTATION_CONTEXT ( 'NONE', 'WORKASPACE' ) );
#3596 = CARTESIAN_POINT ( 'NONE',  ( 2.125000000000000000, 2.782500000000000195, 0.2500000000000000000 ) ) ;
#3597 = CARTESIAN_POINT ( 'NONE',  ( -2.162500000000000089, -2.770000000000000018, 0.000000000000000000 ) ) ;
#3598 = ORIENTED_EDGE ( 'NONE', *, *, #8145, .F. ) ;
#3599 = DIRECTION ( 'NONE',  ( 0.000000000000000000, 0.000000000000000000, 1.000000000000000000 ) ) ;
#3600 = LINE ( 'NONE', #8855, #3121 ) ;
#3601 = VECTOR ( 'NONE', #5426, 1000.000000000000000 ) ;
#3602 =( LENGTH_UNIT ( ) NAMED_UNIT ( * ) SI_UNIT ( .MILLI., .METRE. ) );
#3603 = SURFACE_STYLE_USAGE ( .BOTH. , #11798 ) ;
#3604 = MECHANICAL_DESIGN_GEOMETRIC_PRESENTATION_REPRESENTATION (  '', ( #5883 ), #920 ) ;
#3605 = DIRECTION ( 'NONE',  ( 1.000000000000000000, 0.000000000000000000, 0.000000000000000000 ) ) ;
#3606 = ADVANCED_FACE ( 'NONE', ( #9235 ), #8326, .F. ) ;
#3607 = EDGE_CURVE ( 'NONE', #362, #9275, #330, .T. ) ;
#3608 = CARTESIAN_POINT ( 'NONE',  ( -2.415190515153784911, -2.559980999734315699, 1.061160487096283855 ) ) ;
#3609 = ORIENTED_EDGE ( 'NONE', *, *, #4207, .T. ) ;
#3610 = ADVANCED_FACE ( 'NONE', ( #8447 ), #201, .F. ) ;
#3611 =( LENGTH_UNIT ( ) NAMED_UNIT ( * ) SI_UNIT ( .MILLI., .METRE. ) );
#3612 =( NAMED_UNIT ( * ) SI_UNIT ( $, .STERADIAN. ) SOLID_ANGLE_UNIT ( ) );
#3613 = FILL_AREA_STYLE ('',( #8258 ) ) ;
#3614 = VECTOR ( 'NONE', #2492, 1000.000000000000000 ) ;
#3615 = FILL_AREA_STYLE ('',( #3864 ) ) ;
#3616 = ORIENTED_EDGE ( 'NONE', *, *, #3761, .F. ) ;
#3617 =( NAMED_UNIT ( * ) SI_UNIT ( $, .STERADIAN. ) SOLID_ANGLE_UNIT ( ) );
#3618 = PRESENTATION_LAYER_ASSIGNMENT (  '', '', ( #7241 ) ) ;
#3619 = CARTESIAN_POINT ( 'NONE',  ( -0.4149999999999999800, 2.770000000000000018, 0.2500000000000000000 ) ) ;
#3620 = ADVANCED_FACE ( 'NONE', ( #9653 ), #6828, .F. ) ;
#3621 = VECTOR ( 'NONE', #9400, 1000.000000000000000 ) ;
#3622 = EDGE_CURVE ( 'NONE', #2408, #1501, #8442, .T. ) ;
#3623 = VECTOR ( 'NONE', #2508, 1000.000000000000114 ) ;
#3624 = SURFACE_SIDE_STYLE ('',( #11747 ) ) ;
#3625 = VECTOR ( 'NONE', #7602, 1000.000000000000000 ) ;
#3626 = CARTESIAN_POINT ( 'NONE',  ( 1.685000000000000053, 2.319999999999999840, 0.000000000000000000 ) ) ;
#3627 =( NAMED_UNIT ( * ) SI_UNIT ( $, .STERADIAN. ) SOLID_ANGLE_UNIT ( ) );
#3628 = DIRECTION ( 'NONE',  ( 0.5064641571633372585, 0.5064641571633372585, 0.6978453374621491623 ) ) ;
#3629 = VERTEX_POINT ( 'NONE', #11438 ) ;
#3630 =( LENGTH_UNIT ( ) NAMED_UNIT ( * ) SI_UNIT ( .MILLI., .METRE. ) );
#3631 = ORIENTED_EDGE ( 'NONE', *, *, #7219, .T. ) ;
#3632 =( GEOMETRIC_REPRESENTATION_CONTEXT ( 3 ) GLOBAL_UNCERTAINTY_ASSIGNED_CONTEXT ( ( #6060 ) ) GLOBAL_UNIT_ASSIGNED_CONTEXT ( ( #8462, #343, #7449 ) ) REPRESENTATION_CONTEXT ( 'NONE', 'WORKASPACE' ) );
#3633 = SURFACE_STYLE_FILL_AREA ( #9057 ) ;
#3634 = FACE_OUTER_BOUND ( 'NONE', #3254, .T. ) ;
#3635 = LINE ( 'NONE', #11024, #6653 ) ;
#3636 = AXIS2_PLACEMENT_3D ( 'NONE', #404, #11219, #2023 ) ;
#3637 = EDGE_CURVE ( 'NONE', #622, #9462, #3892, .T. ) ;
#3638 =( NAMED_UNIT ( * ) SI_UNIT ( $, .STERADIAN. ) SOLID_ANGLE_UNIT ( ) );
#3639 = LINE ( 'NONE', #4419, #10464 ) ;
#3640 =( GEOMETRIC_REPRESENTATION_CONTEXT ( 3 ) GLOBAL_UNCERTAINTY_ASSIGNED_CONTEXT ( ( #9562 ) ) GLOBAL_UNIT_ASSIGNED_CONTEXT ( ( #9045, #8930, #11814 ) ) REPRESENTATION_CONTEXT ( 'NONE', 'WORKASPACE' ) );
#3641 = FILL_AREA_STYLE ('',( #8953 ) ) ;
#3642 = ORIENTED_EDGE ( 'NONE', *, *, #10196, .F. ) ;
#3643 =( LENGTH_UNIT ( ) NAMED_UNIT ( * ) SI_UNIT ( .MILLI., .METRE. ) );
#3644 = PLANE ( 'NONE',  #7135 ) ;
#3645 = ORIENTED_EDGE ( 'NONE', *, *, #7092, .T. ) ;
#3646 = CARTESIAN_POINT ( 'NONE',  ( 0.4149999999999997580, 2.507499999999999840, 0.000000000000000000 ) ) ;
#3647 = ORIENTED_EDGE ( 'NONE', *, *, #9007, .F. ) ;
#3648 = FILL_AREA_STYLE ('',( #8129 ) ) ;
#3649 = DIRECTION ( 'NONE',  ( 0.000000000000000000, -0.000000000000000000, 1.000000000000000000 ) ) ;
#3650 =( LENGTH_UNIT ( ) NAMED_UNIT ( * ) SI_UNIT ( .MILLI., .METRE. ) );
#3651 = STYLED_ITEM ( 'NONE', ( #3570 ), #11860 ) ;
#3652 = EDGE_LOOP ( 'NONE', ( #7722, #10603, #1945, #8206 ) ) ;
#3653 = DIRECTION ( 'NONE',  ( 0.000000000000000000, 0.000000000000000000, 1.000000000000000000 ) ) ;
#3654 = DIRECTION ( 'NONE',  ( -0.000000000000000000, -0.000000000000000000, -1.000000000000000000 ) ) ;
#3655 = FILL_AREA_STYLE_COLOUR ( '', #3938 ) ;
#3656 = VERTEX_POINT ( 'NONE', #10521 ) ;
#3657 = PRESENTATION_STYLE_ASSIGNMENT (( #11789 ) ) ;
#3658 = AXIS2_PLACEMENT_3D ( 'NONE', #1007, #1845, #772 ) ;
#3659 = LINE ( 'NONE', #8196, #8271 ) ;
#3660 = VERTEX_POINT ( 'NONE', #3202 ) ;
#3661 = STYLED_ITEM ( 'NONE', ( #179 ), #11259 ) ;
#3662 = LINE ( 'NONE', #4717, #7029 ) ;
#3663 = SURFACE_SIDE_STYLE ('',( #5557 ) ) ;
#3664 = CARTESIAN_POINT ( 'NONE',  ( 1.647500000000000187, 2.469999999999999751, 0.000000000000000000 ) ) ;
#3665 =( GEOMETRIC_REPRESENTATION_CONTEXT ( 3 ) GLOBAL_UNCERTAINTY_ASSIGNED_CONTEXT ( ( #9047 ) ) GLOBAL_UNIT_ASSIGNED_CONTEXT ( ( #6684, #8538, #7647 ) ) REPRESENTATION_CONTEXT ( 'NONE', 'WORKASPACE' ) );
#3666 = DIRECTION ( 'NONE',  ( 0.000000000000000000, 0.000000000000000000, 1.000000000000000000 ) ) ;
#3667 =( GEOMETRIC_REPRESENTATION_CONTEXT ( 3 ) GLOBAL_UNCERTAINTY_ASSIGNED_CONTEXT ( ( #3718 ) ) GLOBAL_UNIT_ASSIGNED_CONTEXT ( ( #4648, #2748, #8962 ) ) REPRESENTATION_CONTEXT ( 'NONE', 'WORKASPACE' ) );
#3668 = LINE ( 'NONE', #1983, #849 ) ;
#3669 = VERTEX_POINT ( 'NONE', #10453 ) ;
#3670 = UNCERTAINTY_MEASURE_WITH_UNIT (LENGTH_MEASURE( 1.000000000000000082E-05 ), #11314, 'distance_accuracy_value', 'NONE');
#3671 = FACE_OUTER_BOUND ( 'NONE', #8310, .T. ) ;
#3672 = FACE_OUTER_BOUND ( 'NONE', #5525, .T. ) ;
#3673 = ORIENTED_EDGE ( 'NONE', *, *, #7206, .T. ) ;
#3674 = CARTESIAN_POINT ( 'NONE',  ( 2.149999999999999911, 0.02000000000000060063, 0.000000000000000000 ) ) ;
#3675 = EDGE_CURVE ( 'NONE', #1172, #1641, #1340, .T. ) ;
#3676 = FACE_OUTER_BOUND ( 'NONE', #1431, .T. ) ;
#3677 = COLOUR_RGB ( '',0.2862745098039215508, 0.2862745098039215508, 0.2862745098039215508 ) ;
#3678 = EDGE_CURVE ( 'NONE', #11394, #5927, #7855, .T. ) ;
#3679 = ADVANCED_FACE ( 'NONE', ( #3316 ), #4112, .T. ) ;
#3680 = DIRECTION ( 'NONE',  ( 1.000000000000000000, -0.000000000000000000, 0.000000000000000000 ) ) ;
#3681 = COLOUR_RGB ( '',0.2862745098039215508, 0.2862745098039215508, 0.2862745098039215508 ) ;
#3682 = SURFACE_SIDE_STYLE ('',( #3449 ) ) ;
#3683 = SURFACE_SIDE_STYLE ('',( #1158 ) ) ;
#3684 = STYLED_ITEM ( 'NONE', ( #6947 ), #3679 ) ;
#3685 = LINE ( 'NONE', #7211, #1447 ) ;
#3686 = FILL_AREA_STYLE_COLOUR ( '', #5709 ) ;
#3687 = ORIENTED_EDGE ( 'NONE', *, *, #5864, .F. ) ;
#3688 = CARTESIAN_POINT ( 'NONE',  ( -0.8924999999999999600, -2.820000000000000284, 0.2500000000000000000 ) ) ;
#3689 = ADVANCED_FACE ( 'NONE', ( #2596 ), #7065, .F. ) ;
#3690 = EDGE_CURVE ( 'NONE', #766, #11227, #727, .T. ) ;
#3691 = ORIENTED_EDGE ( 'NONE', *, *, #10570, .F. ) ;
#3692 = DIRECTION ( 'NONE',  ( 0.000000000000000000, 1.000000000000000000, 0.000000000000000000 ) ) ;
#3693 = SURFACE_STYLE_USAGE ( .BOTH. , #18 ) ;
#3694 = EDGE_CURVE ( 'NONE', #10110, #2680, #9623, .T. ) ;
#3695 = VECTOR ( 'NONE', #10936, 1000.000000000000000 ) ;
#3696 =( GEOMETRIC_REPRESENTATION_CONTEXT ( 3 ) GLOBAL_UNCERTAINTY_ASSIGNED_CONTEXT ( ( #70 ) ) GLOBAL_UNIT_ASSIGNED_CONTEXT ( ( #7660, #11310, #2157 ) ) REPRESENTATION_CONTEXT ( 'NONE', 'WORKASPACE' ) );
#3697 = DIRECTION ( 'NONE',  ( 1.000000000000000000, -0.000000000000000000, 0.000000000000000000 ) ) ;
#3698 = DIRECTION ( 'NONE',  ( 0.000000000000000000, 0.000000000000000000, 1.000000000000000000 ) ) ;
#3699 = VERTEX_POINT ( 'NONE', #3552 ) ;
#3700 = DIRECTION ( 'NONE',  ( 0.000000000000000000, 0.000000000000000000, 1.000000000000000000 ) ) ;
#3701 =( GEOMETRIC_REPRESENTATION_CONTEXT ( 3 ) GLOBAL_UNCERTAINTY_ASSIGNED_CONTEXT ( ( #2638 ) ) GLOBAL_UNIT_ASSIGNED_CONTEXT ( ( #9497, #10472, #633 ) ) REPRESENTATION_CONTEXT ( 'NONE', 'WORKASPACE' ) );
#3702 = UNCERTAINTY_MEASURE_WITH_UNIT (LENGTH_MEASURE( 1.000000000000000082E-05 ), #3562, 'distance_accuracy_value', 'NONE');
#3703 = CARTESIAN_POINT ( 'NONE',  ( 2.125000000000000000, 2.782500000000000195, 0.000000000000000000 ) ) ;
#3704 = CARTESIAN_POINT ( 'NONE',  ( -2.149999999999999911, 0.02000000000000052430, 0.2500000000000000000 ) ) ;
#3705 = ORIENTED_EDGE ( 'NONE', *, *, #2455, .T. ) ;
#3706 = CARTESIAN_POINT ( 'NONE',  ( 2.185000000000000497, -0.6799999999999990496, 0.2500000000000000000 ) ) ;
#3707 = VECTOR ( 'NONE', #5269, 1000.000000000000000 ) ;
#3708 = MECHANICAL_DESIGN_GEOMETRIC_PRESENTATION_REPRESENTATION (  '', ( #11783 ), #7700 ) ;
#3709 = EDGE_CURVE ( 'NONE', #6074, #8356, #9036, .T. ) ;
#3710 = ORIENTED_EDGE ( 'NONE', *, *, #981, .F. ) ;
#3711 = CARTESIAN_POINT ( 'NONE',  ( 0.000000000000000000, 5.551115123125779744E-16, 1.100000000000000089 ) ) ;
#3712 = FILL_AREA_STYLE ('',( #7401 ) ) ;
#3713 = AXIS2_PLACEMENT_3D ( 'NONE', #4882, #9325, #4710 ) ;
#3714 = ORIENTED_EDGE ( 'NONE', *, *, #4207, .F. ) ;
#3715 = VECTOR ( 'NONE', #10167, 1000.000000000000000 ) ;
#3716 =( NAMED_UNIT ( * ) SI_UNIT ( $, .STERADIAN. ) SOLID_ANGLE_UNIT ( ) );
#3717 = DIRECTION ( 'NONE',  ( 1.000000000000000000, 0.000000000000000000, -0.000000000000000000 ) ) ;
#3718 = UNCERTAINTY_MEASURE_WITH_UNIT (LENGTH_MEASURE( 1.000000000000000082E-05 ), #4648, 'distance_accuracy_value', 'NONE');
#3719 = SURFACE_STYLE_USAGE ( .BOTH. , #10243 ) ;
#3720 = ORIENTED_EDGE ( 'NONE', *, *, #6000, .F. ) ;
#3721 = CARTESIAN_POINT ( 'NONE',  ( -1.647500000000000187, 2.819999999999999840, 0.2500000000000000000 ) ) ;
#3722 = DIRECTION ( 'NONE',  ( 0.000000000000000000, 1.000000000000000000, -0.000000000000000000 ) ) ;
#3723 = ORIENTED_EDGE ( 'NONE', *, *, #2316, .T. ) ;
#3724 = ADVANCED_FACE ( 'NONE', ( #3671 ), #9834, .F. ) ;
#3725 =( LENGTH_UNIT ( ) NAMED_UNIT ( * ) SI_UNIT ( .MILLI., .METRE. ) );
#3726 = MECHANICAL_DESIGN_GEOMETRIC_PRESENTATION_REPRESENTATION (  '', ( #4837 ), #2951 ) ;
#3727 = VECTOR ( 'NONE', #7359, 1000.000000000000000 ) ;
#3728 = SURFACE_STYLE_FILL_AREA ( #2706 ) ;
#3729 = CYLINDRICAL_SURFACE ( 'NONE', #8092, 0.03750000000000020678 ) ;
#3730 = LINE ( 'NONE', #9032, #3749 ) ;
#3731 = AXIS2_PLACEMENT_3D ( 'NONE', #10612, #8187, #11906 ) ;
#3732 = CARTESIAN_POINT ( 'NONE',  ( -0.3775000000000000022, -2.620000000000000551, 0.000000000000000000 ) ) ;
#3733 = ORIENTED_EDGE ( 'NONE', *, *, #7020, .T. ) ;
#3734 =( GEOMETRIC_REPRESENTATION_CONTEXT ( 3 ) GLOBAL_UNCERTAINTY_ASSIGNED_CONTEXT ( ( #4165 ) ) GLOBAL_UNIT_ASSIGNED_CONTEXT ( ( #2407, #602, #1610 ) ) REPRESENTATION_CONTEXT ( 'NONE', 'WORKASPACE' ) );
#3735 = CARTESIAN_POINT ( 'NONE',  ( -2.185000000000000497, -0.07999999999999900246, 0.2500000000000000000 ) ) ;
#3736 = CARTESIAN_POINT ( 'NONE',  ( 2.394980999734316551, 2.559980999734317475, 1.075827626996971542 ) ) ;
#3737 = PRESENTATION_LAYER_ASSIGNMENT (  '', '', ( #8502 ) ) ;
#3738 = FACE_OUTER_BOUND ( 'NONE', #7737, .T. ) ;
#3739 = VERTEX_POINT ( 'NONE', #8153 ) ;
#3740 = DIRECTION ( 'NONE',  ( 1.000000000000000000, 0.000000000000000000, 0.000000000000000000 ) ) ;
#3741 = DIRECTION ( 'NONE',  ( 2.478176394252580155E-16, -1.000000000000000000, 0.000000000000000000 ) ) ;
#3742 = STYLED_ITEM ( 'NONE', ( #959 ), #9434 ) ;
#3743 = CARTESIAN_POINT ( 'NONE',  ( -1.647500000000000187, -2.657500000000000195, 0.000000000000000000 ) ) ;
#3744 = PRESENTATION_LAYER_ASSIGNMENT (  '', '', ( #2202 ) ) ;
#3745 = FACE_OUTER_BOUND ( 'NONE', #5753, .T. ) ;
#3746 = LINE ( 'NONE', #1938, #7764 ) ;
#3747 =( NAMED_UNIT ( * ) SI_UNIT ( $, .STERADIAN. ) SOLID_ANGLE_UNIT ( ) );
#3748 = DIRECTION ( 'NONE',  ( 1.000000000000000000, 0.000000000000000000, 0.000000000000000000 ) ) ;
#3749 = VECTOR ( 'NONE', #5386, 1000.000000000000000 ) ;
#3750 = LINE ( 'NONE', #1280, #10849 ) ;
#3751 = FILL_AREA_STYLE_COLOUR ( '', #1088 ) ;
#3752 = PRESENTATION_STYLE_ASSIGNMENT (( #2724 ) ) ;
#3753 = VERTEX_POINT ( 'NONE', #4725 ) ;
#3754 = MECHANICAL_DESIGN_GEOMETRIC_PRESENTATION_REPRESENTATION (  '', ( #1635 ), #4335 ) ;
#3755 = ORIENTED_EDGE ( 'NONE', *, *, #10872, .T. ) ;
#3756 = CARTESIAN_POINT ( 'NONE',  ( -2.394980999734317439, 2.559980999734316143, 1.075827626996972874 ) ) ;
#3757 = CARTESIAN_POINT ( 'NONE',  ( -0.8924999999999999600, -2.620000000000000551, 0.000000000000000000 ) ) ;
#3758 = FILL_AREA_STYLE ('',( #5768 ) ) ;
#3759 = EDGE_CURVE ( 'NONE', #9148, #817, #4780, .T. ) ;
#3760 = DIRECTION ( 'NONE',  ( 1.000000000000000000, -9.313951548868760574E-17, 0.000000000000000000 ) ) ;
#3761 = EDGE_CURVE ( 'NONE', #7467, #11180, #11004, .T. ) ;
#3762 = CARTESIAN_POINT ( 'NONE',  ( -2.366039280427573388, 2.436089990849913178, 1.142992413286236575 ) ) ;
#3763 = SURFACE_SIDE_STYLE ('',( #4925 ) ) ;
#3764 = ORIENTED_EDGE ( 'NONE', *, *, #8794, .T. ) ;
#3765 = AXIS2_PLACEMENT_3D ( 'NONE', #7331, #5418, #9860 ) ;
#3766 = CARTESIAN_POINT ( 'NONE',  ( -2.381424832439820172, -0.07999999999999900246, 0.000000000000000000 ) ) ;
#3767 = EDGE_CURVE ( 'NONE', #3739, #2581, #7483, .T. ) ;
#3768 = AXIS2_PLACEMENT_3D ( 'NONE', #10832, #7263, #7076 ) ;
#3769 = PLANE ( 'NONE',  #5083 ) ;
#3770 = SURFACE_STYLE_USAGE ( .BOTH. , #9192 ) ;
#3771 = SURFACE_STYLE_USAGE ( .BOTH. , #5604 ) ;
#3772 = ORIENTED_EDGE ( 'NONE', *, *, #10731, .F. ) ;
#3773 = CARTESIAN_POINT ( 'NONE',  ( -1.685000000000000275, 2.770000000000000018, 0.000000000000000000 ) ) ;
#3774 = VERTEX_POINT ( 'NONE', #11186 ) ;
#3775 = DIRECTION ( 'NONE',  ( 0.000000000000000000, 0.000000000000000000, 1.000000000000000000 ) ) ;
#3776 = LINE ( 'NONE', #34, #2276 ) ;
#3777 = LINE ( 'NONE', #11167, #6376 ) ;
#3778 =( GEOMETRIC_REPRESENTATION_CONTEXT ( 3 ) GLOBAL_UNCERTAINTY_ASSIGNED_CONTEXT ( ( #6076 ) ) GLOBAL_UNIT_ASSIGNED_CONTEXT ( ( #3885, #4802, #5769 ) ) REPRESENTATION_CONTEXT ( 'NONE', 'WORKASPACE' ) );
#3779 = AXIS2_PLACEMENT_3D ( 'NONE', #3871, #6407, #1875 ) ;
#3780 = ORIENTED_EDGE ( 'NONE', *, *, #1046, .T. ) ;
#3781 = ADVANCED_FACE ( 'NONE', ( #3918 ), #59, .F. ) ;
#3782 =( NAMED_UNIT ( * ) SI_UNIT ( $, .STERADIAN. ) SOLID_ANGLE_UNIT ( ) );
#3783 = SURFACE_STYLE_USAGE ( .BOTH. , #2812 ) ;
#3784 =( NAMED_UNIT ( * ) SI_UNIT ( $, .STERADIAN. ) SOLID_ANGLE_UNIT ( ) );
#3785 = VERTEX_POINT ( 'NONE', #1081 ) ;
#3786 =( NAMED_UNIT ( * ) PLANE_ANGLE_UNIT ( ) SI_UNIT ( $, .RADIAN. ) );
#3787 = CARTESIAN_POINT ( 'NONE',  ( -0.8549999999999998712, -2.739999999999999325, 0.2499999999999999445 ) ) ;
#3788 = ORIENTED_EDGE ( 'NONE', *, *, #4433, .T. ) ;
#3789 =( GEOMETRIC_REPRESENTATION_CONTEXT ( 3 ) GLOBAL_UNCERTAINTY_ASSIGNED_CONTEXT ( ( #3702 ) ) GLOBAL_UNIT_ASSIGNED_CONTEXT ( ( #3562, #6294, #1040 ) ) REPRESENTATION_CONTEXT ( 'NONE', 'WORKASPACE' ) );
#3790 = DIRECTION ( 'NONE',  ( 0.000000000000000000, 0.000000000000000000, -1.000000000000000000 ) ) ;
#3791 = PRESENTATION_STYLE_ASSIGNMENT (( #6745 ) ) ;
#3792 = LINE ( 'NONE', #4556, #2602 ) ;
#3793 = VECTOR ( 'NONE', #6880, 1000.000000000000000 ) ;
#3794 = EDGE_CURVE ( 'NONE', #732, #1419, #6732, .T. ) ;
#3795 = LINE ( 'NONE', #5456, #3727 ) ;
#3796 = ORIENTED_EDGE ( 'NONE', *, *, #10645, .T. ) ;
#3797 = LINE ( 'NONE', #2890, #4278 ) ;
#3798 = ORIENTED_EDGE ( 'NONE', *, *, #1982, .T. ) ;
#3799 = LINE ( 'NONE', #2045, #11256 ) ;
#3800 =( GEOMETRIC_REPRESENTATION_CONTEXT ( 3 ) GLOBAL_UNCERTAINTY_ASSIGNED_CONTEXT ( ( #10928 ) ) GLOBAL_UNIT_ASSIGNED_CONTEXT ( ( #1759, #7622, #8333 ) ) REPRESENTATION_CONTEXT ( 'NONE', 'WORKASPACE' ) );
#3801 = DIRECTION ( 'NONE',  ( -1.000000000000000000, 0.000000000000000000, -0.000000000000000000 ) ) ;
#3802 = ORIENTED_EDGE ( 'NONE', *, *, #11472, .F. ) ;
#3803 = DIRECTION ( 'NONE',  ( 0.000000000000000000, -0.000000000000000000, -1.000000000000000000 ) ) ;
#3804 = STYLED_ITEM ( 'NONE', ( #6977 ), #4979 ) ;
#3805 = STYLED_ITEM ( 'NONE', ( #10367 ), #5678 ) ;
#3806 = DIRECTION ( 'NONE',  ( 0.2974806214264063553, 0.8622610147216652754, 0.4098917202956450789 ) ) ;
#3807 =( NAMED_UNIT ( * ) PLANE_ANGLE_UNIT ( ) SI_UNIT ( $, .RADIAN. ) );
#3808 =( GEOMETRIC_REPRESENTATION_CONTEXT ( 3 ) GLOBAL_UNCERTAINTY_ASSIGNED_CONTEXT ( ( #9190 ) ) GLOBAL_UNIT_ASSIGNED_CONTEXT ( ( #3470, #1661, #11770 ) ) REPRESENTATION_CONTEXT ( 'NONE', 'WORKASPACE' ) );
#3809 = FACE_OUTER_BOUND ( 'NONE', #194, .T. ) ;
#3810 = LINE ( 'NONE', #11198, #10465 ) ;
#3811 = COLOUR_RGB ( '',0.8313725490196077761, 0.8313725490196077761, 0.8313725490196077761 ) ;
#3812 = DIRECTION ( 'NONE',  ( 1.000000000000000000, 0.000000000000000000, -0.000000000000000000 ) ) ;
#3813 = AXIS2_PLACEMENT_3D ( 'NONE', #3498, #510, #11684 ) ;
#3814 = UNCERTAINTY_MEASURE_WITH_UNIT (LENGTH_MEASURE( 1.000000000000000082E-05 ), #9, 'distance_accuracy_value', 'NONE');
#3815 = FILL_AREA_STYLE ('',( #11323 ) ) ;
#3816 = COLOUR_RGB ( '',0.8313725490196077761, 0.8313725490196077761, 0.8313725490196077761 ) ;
#3817 = ORIENTED_EDGE ( 'NONE', *, *, #4226, .T. ) ;
#3818 = VERTEX_POINT ( 'NONE', #1925 ) ;
#3819 = COLOUR_RGB ( '',0.8313725490196077761, 0.8313725490196077761, 0.8313725490196077761 ) ;
#3820 =( LENGTH_UNIT ( ) NAMED_UNIT ( * ) SI_UNIT ( .MILLI., .METRE. ) );
#3821 = DIRECTION ( 'NONE',  ( 1.000000000000000000, -0.000000000000000000, 0.000000000000000000 ) ) ;
#3822 = COLOUR_RGB ( '',0.2862745098039215508, 0.2862745098039215508, 0.2862745098039215508 ) ;
#3823 = LINE ( 'NONE', #4801, #7060 ) ;
#3824 = PRESENTATION_LAYER_ASSIGNMENT (  '', '', ( #10699 ) ) ;
#3825 = LINE ( 'NONE', #2127, #7735 ) ;
#3826 =( NAMED_UNIT ( * ) SI_UNIT ( $, .STERADIAN. ) SOLID_ANGLE_UNIT ( ) );
#3827 = FILL_AREA_STYLE_COLOUR ( '', #7929 ) ;
#3828 = ORIENTED_EDGE ( 'NONE', *, *, #11677, .T. ) ;
#3829 = CARTESIAN_POINT ( 'NONE',  ( 1.647500000000000187, 2.470000000000000195, 0.000000000000000000 ) ) ;
#3830 = UNCERTAINTY_MEASURE_WITH_UNIT (LENGTH_MEASURE( 1.000000000000000082E-05 ), #2728, 'distance_accuracy_value', 'NONE');
#3831 = MECHANICAL_DESIGN_GEOMETRIC_PRESENTATION_REPRESENTATION (  '', ( #6473 ), #10531 ) ;
#3832 = SURFACE_SIDE_STYLE ('',( #3104 ) ) ;
#3833 = FILL_AREA_STYLE_COLOUR ( '', #6359 ) ;
#3834 = VERTEX_POINT ( 'NONE', #11244 ) ;
#3835 = LINE ( 'NONE', #5840, #8241 ) ;
#3836 = ORIENTED_EDGE ( 'NONE', *, *, #5714, .T. ) ;
#3837 = EDGE_CURVE ( 'NONE', #5320, #3785, #2826, .T. ) ;
#3838 = VECTOR ( 'NONE', #419, 1000.000000000000000 ) ;
#3839 = FILL_AREA_STYLE ('',( #9435 ) ) ;
#3840 = EDGE_CURVE ( 'NONE', #10374, #10614, #126, .T. ) ;
#3841 = VECTOR ( 'NONE', #2069, 1000.000000000000000 ) ;
#3842 = EDGE_CURVE ( 'NONE', #5793, #2312, #3797, .T. ) ;
#3843 = ORIENTED_EDGE ( 'NONE', *, *, #1351, .T. ) ;
#3844 = SURFACE_STYLE_USAGE ( .BOTH. , #7464 ) ;
#3845 = DIRECTION ( 'NONE',  ( -0.000000000000000000, -0.000000000000000000, -1.000000000000000000 ) ) ;
#3846 = COLOUR_RGB ( '',0.2862745098039215508, 0.2862745098039215508, 0.2862745098039215508 ) ;
#3847 = VERTEX_POINT ( 'NONE', #10197 ) ;
#3848 = CARTESIAN_POINT ( 'NONE',  ( 2.495000000000000107, -2.739999999999999325, 0.2499999999999942546 ) ) ;
#3849 = DIRECTION ( 'NONE',  ( 0.000000000000000000, -0.000000000000000000, 1.000000000000000000 ) ) ;
#3850 = ORIENTED_EDGE ( 'NONE', *, *, #8946, .F. ) ;
#3851 = CARTESIAN_POINT ( 'NONE',  ( 0.000000000000000000, -2.620000000000000551, 0.000000000000000000 ) ) ;
#3852 = EDGE_CURVE ( 'NONE', #2680, #9867, #1985, .T. ) ;
#3853 = ADVANCED_FACE ( 'NONE', ( #9279 ), #189, .F. ) ;
#3854 =( LENGTH_UNIT ( ) NAMED_UNIT ( * ) SI_UNIT ( .MILLI., .METRE. ) );
#3855 = CARTESIAN_POINT ( 'NONE',  ( 0.4149999999999999800, -2.740000000000000213, 0.000000000000000000 ) ) ;
#3856 = EDGE_CURVE ( 'NONE', #6972, #8877, #1262, .T. ) ;
#3857 = ORIENTED_EDGE ( 'NONE', *, *, #4683, .F. ) ;
#3858 = LINE ( 'NONE', #8430, #6629 ) ;
#3859 = PRESENTATION_STYLE_ASSIGNMENT (( #1921 ) ) ;
#3860 = VERTEX_POINT ( 'NONE', #6040 ) ;
#3861 = FILL_AREA_STYLE ('',( #10262 ) ) ;
#3862 = ORIENTED_EDGE ( 'NONE', *, *, #11534, .T. ) ;
#3863 = CARTESIAN_POINT ( 'NONE',  ( 2.322846589849786092, 2.636255932742944452, 1.057190940930533340 ) ) ;
#3864 = FILL_AREA_STYLE_COLOUR ( '', #2463 ) ;
#3865 = ORIENTED_EDGE ( 'NONE', *, *, #11707, .F. ) ;
#3866 =( NAMED_UNIT ( * ) SI_UNIT ( $, .STERADIAN. ) SOLID_ANGLE_UNIT ( ) );
#3867 = EDGE_CURVE ( 'NONE', #10857, #11902, #10595, .T. ) ;
#3868 = LINE ( 'NONE', #2717, #5509 ) ;
#3869 = VECTOR ( 'NONE', #1664, 1000.000000000000000 ) ;
#3870 =( NAMED_UNIT ( * ) SI_UNIT ( $, .STERADIAN. ) SOLID_ANGLE_UNIT ( ) );
#3871 = CARTESIAN_POINT ( 'NONE',  ( 0.6437499999999990452, 2.519463867161249926, 1.020000000000000018 ) ) ;
#3872 = FILL_AREA_STYLE_COLOUR ( '', #2353 ) ;
#3873 = CARTESIAN_POINT ( 'NONE',  ( 0.000000000000000000, 2.740000000000000213, 0.000000000000000000 ) ) ;
#3874 = SURFACE_STYLE_USAGE ( .BOTH. , #8219 ) ;
#3875 = DIRECTION ( 'NONE',  ( 9.001808307771530402E-16, 1.000000000000000000, 0.000000000000000000 ) ) ;
#3876 = CARTESIAN_POINT ( 'NONE',  ( 1.905000000000000027, 2.470000000000000195, 0.000000000000000000 ) ) ;
#3877 = ORIENTED_EDGE ( 'NONE', *, *, #6734, .F. ) ;
#3878 = DIRECTION ( 'NONE',  ( -0.000000000000000000, 0.000000000000000000, 1.000000000000000000 ) ) ;
#3879 = ORIENTED_EDGE ( 'NONE', *, *, #8848, .T. ) ;
#3880 = CARTESIAN_POINT ( 'NONE',  ( -2.399623984414024580, 2.636255932742948005, 1.001469427380569766 ) ) ;
#3881 = FACE_OUTER_BOUND ( 'NONE', #9176, .T. ) ;
#3882 = FACE_OUTER_BOUND ( 'NONE', #10260, .T. ) ;
#3883 = DIRECTION ( 'NONE',  ( 0.000000000000000000, 0.000000000000000000, -1.000000000000000000 ) ) ;
#3884 = LINE ( 'NONE', #10228, #11815 ) ;
#3885 =( LENGTH_UNIT ( ) NAMED_UNIT ( * ) SI_UNIT ( .MILLI., .METRE. ) );
#3886 = ORIENTED_EDGE ( 'NONE', *, *, #1765, .F. ) ;
#3887 = FILL_AREA_STYLE ('',( #3833 ) ) ;
#3888 = ORIENTED_EDGE ( 'NONE', *, *, #7532, .F. ) ;
#3889 = AXIS2_PLACEMENT_3D ( 'NONE', #10780, #1771, #3524 ) ;
#3890 = VERTEX_POINT ( 'NONE', #10618 ) ;
#3891 = CIRCLE ( 'NONE', #2540, 0.08000000000000020983 ) ;
#3892 = CIRCLE ( 'NONE', #1763, 0.07999999999999986289 ) ;
#3893 = CARTESIAN_POINT ( 'NONE',  ( 2.394980999734316551, 2.559980999734316587, 1.075827626996972652 ) ) ;
#3894 = SURFACE_SIDE_STYLE ('',( #1904 ) ) ;
#3895 = ORIENTED_EDGE ( 'NONE', *, *, #4358, .F. ) ;
#3896 = PRESENTATION_STYLE_ASSIGNMENT (( #9320 ) ) ;
#3897 = PRESENTATION_LAYER_ASSIGNMENT (  '', '', ( #9030 ) ) ;
#3898 =( NAMED_UNIT ( * ) PLANE_ANGLE_UNIT ( ) SI_UNIT ( $, .RADIAN. ) );
#3899 = DIRECTION ( 'NONE',  ( -1.000000000000000000, -0.000000000000000000, 0.000000000000000000 ) ) ;
#3900 = ORIENTED_EDGE ( 'NONE', *, *, #247, .F. ) ;
#3901 = AXIS2_PLACEMENT_3D ( 'NONE', #11068, #9397, #8312 ) ;
#3902 = SURFACE_STYLE_USAGE ( .BOTH. , #3116 ) ;
#3903 = DIRECTION ( 'NONE',  ( -0.000000000000000000, 1.000000000000000000, 0.000000000000000000 ) ) ;
#3904 = ORIENTED_EDGE ( 'NONE', *, *, #5440, .F. ) ;
#3905 = CARTESIAN_POINT ( 'NONE',  ( 2.496266715016321580, 2.739989970828019761, 0.2500554620476069800 ) ) ;
#3906 = EDGE_CURVE ( 'NONE', #7212, #3818, #9708, .T. ) ;
#3907 = FILL_AREA_STYLE_COLOUR ( '', #6831 ) ;
#3908 = ADVANCED_BREP_SHAPE_REPRESENTATION ( '', ( #10943, #5287 ), #131 ) ;
#3909 =( NAMED_UNIT ( * ) PLANE_ANGLE_UNIT ( ) SI_UNIT ( $, .RADIAN. ) );
#3910 = AXIS2_PLACEMENT_3D ( 'NONE', #10461, #8752, #566 ) ;
#3911 = DIRECTION ( 'NONE',  ( 0.000000000000000000, -0.000000000000000000, 1.000000000000000000 ) ) ;
#3912 = PRESENTATION_LAYER_ASSIGNMENT (  '', '', ( #10397 ) ) ;
#3913 = ORIENTED_EDGE ( 'NONE', *, *, #1841, .F. ) ;
#3914 = CARTESIAN_POINT ( 'NONE',  ( 1.647500000000000187, -2.782500000000000195, 0.000000000000000000 ) ) ;
#3915 = ADVANCED_FACE ( 'NONE', ( #5084 ), #6752, .F. ) ;
#3916 = VERTEX_POINT ( 'NONE', #8617 ) ;
#3917 = EDGE_CURVE ( 'NONE', #9100, #3292, #426, .T. ) ;
#3918 = FACE_OUTER_BOUND ( 'NONE', #9683, .T. ) ;
#3919 = ORIENTED_EDGE ( 'NONE', *, *, #1348, .T. ) ;
#3920 = DIRECTION ( 'NONE',  ( 0.000000000000000000, -1.000000000000000000, 0.000000000000000000 ) ) ;
#3921 = CYLINDRICAL_SURFACE ( 'NONE', #10302, 0.03749999999999976963 ) ;
#3922 = FILL_AREA_STYLE ('',( #5926 ) ) ;
#3923 = ORIENTED_EDGE ( 'NONE', *, *, #1339, .T. ) ;
#3924 = CARTESIAN_POINT ( 'NONE',  ( -1.685000000000000053, 2.782500000000000195, 0.000000000000000000 ) ) ;
#3925 = CARTESIAN_POINT ( 'NONE',  ( 2.575000000000000178, 2.740000000000000213, 0.000000000000000000 ) ) ;
#3926 = SURFACE_SIDE_STYLE ('',( #9537 ) ) ;
#3927 =( GEOMETRIC_REPRESENTATION_CONTEXT ( 3 ) GLOBAL_UNCERTAINTY_ASSIGNED_CONTEXT ( ( #8957 ) ) GLOBAL_UNIT_ASSIGNED_CONTEXT ( ( #10732, #10555, #6991 ) ) REPRESENTATION_CONTEXT ( 'NONE', 'WORKASPACE' ) );
#3928 = CARTESIAN_POINT ( 'NONE',  ( 0.9150000000000000355, 2.419999999999999929, 0.000000000000000000 ) ) ;
#3929 = STYLED_ITEM ( 'NONE', ( #8476 ), #1755 ) ;
#3930 = CARTESIAN_POINT ( 'NONE',  ( 2.162500000000000089, 3.220000000000000195, 0.2500000000000000000 ) ) ;
#3931 = LINE ( 'NONE', #9289, #511 ) ;
#3932 = EDGE_CURVE ( 'NONE', #1256, #3055, #7715, .T. ) ;
#3933 = UNCERTAINTY_MEASURE_WITH_UNIT (LENGTH_MEASURE( 1.000000000000000082E-05 ), #3650, 'distance_accuracy_value', 'NONE');
#3934 = DIRECTION ( 'NONE',  ( 0.000000000000000000, 1.000000000000000000, 0.000000000000000000 ) ) ;
#3935 = CARTESIAN_POINT ( 'NONE',  ( -1.685000000000000053, -2.657500000000000195, 0.000000000000000000 ) ) ;
#3936 = FILL_AREA_STYLE_COLOUR ( '', #5783 ) ;
#3937 =( NAMED_UNIT ( * ) SI_UNIT ( $, .STERADIAN. ) SOLID_ANGLE_UNIT ( ) );
#3938 = COLOUR_RGB ( '',0.8313725490196077761, 0.8313725490196077761, 0.8313725490196077761 ) ;
#3939 = AXIS2_PLACEMENT_3D ( 'NONE', #7943, #9681, #10411 ) ;
#3940 = PRESENTATION_LAYER_ASSIGNMENT (  '', '', ( #5241 ) ) ;
#3941 = VERTEX_POINT ( 'NONE', #9463 ) ;
#3942 = CARTESIAN_POINT ( 'NONE',  ( -1.647500000000000187, 2.469999999999999751, 0.000000000000000000 ) ) ;
#3943 = PRESENTATION_LAYER_ASSIGNMENT (  '', '', ( #1810 ) ) ;
#3944 = CIRCLE ( 'NONE', #4325, 0.03750000000000031780 ) ;
#3945 =( NAMED_UNIT ( * ) SI_UNIT ( $, .STERADIAN. ) SOLID_ANGLE_UNIT ( ) );
#3946 = ADVANCED_FACE ( 'NONE', ( #3185 ), #6812, .T. ) ;
#3947 = SURFACE_STYLE_USAGE ( .BOTH. , #3763 ) ;
#3948 = VECTOR ( 'NONE', #4742, 1000.000000000000000 ) ;
#3949 = ORIENTED_EDGE ( 'NONE', *, *, #2820, .T. ) ;
#3950 = VECTOR ( 'NONE', #6296, 1000.000000000000000 ) ;
#3951 = CARTESIAN_POINT ( 'NONE',  ( 2.185000000000000497, 2.419999999999999485, 0.000000000000000000 ) ) ;
#3952 = ORIENTED_EDGE ( 'NONE', *, *, #4692, .F. ) ;
#3953 = LINE ( 'NONE', #9501, #3096 ) ;
#3954 = VECTOR ( 'NONE', #9758, 1000.000000000000000 ) ;
#3955 = ORIENTED_EDGE ( 'NONE', *, *, #10055, .F. ) ;
#3956 = VECTOR ( 'NONE', #11865, 1000.000000000000000 ) ;
#3957 = DIRECTION ( 'NONE',  ( 0.000000000000000000, 0.000000000000000000, 1.000000000000000000 ) ) ;
#3958 = CARTESIAN_POINT ( 'NONE',  ( 0.4149999999999999800, 2.739999999999999325, 0.2499999999999998890 ) ) ;
#3959 = STYLED_ITEM ( 'NONE', ( #11246 ), #7762 ) ;
#3960 = EDGE_LOOP ( 'NONE', ( #2447, #7222, #5533, #9194, #8346, #11828 ) ) ;
#3961 = AXIS2_PLACEMENT_3D ( 'NONE', #7463, #10416, #2203 ) ;
#3962 = PLANE ( 'NONE',  #9871 ) ;
#3963 = CARTESIAN_POINT ( 'NONE',  ( -2.149999999999999911, 0.02000000000000060063, 0.000000000000000000 ) ) ;
#3964 = CARTESIAN_POINT ( 'NONE',  ( 2.705000000000000515, -0.1799999999999990774, 0.000000000000000000 ) ) ;
#3965 = CARTESIAN_POINT ( 'NONE',  ( -2.162500000000000089, 2.782500000000000195, 0.000000000000000000 ) ) ;
#3966 = VERTEX_POINT ( 'NONE', #2643 ) ;
#3967 = CARTESIAN_POINT ( 'NONE',  ( 0.6437499999999990452, 2.598187122972952956, 1.034235483637908626 ) ) ;
#3968 = UNCERTAINTY_MEASURE_WITH_UNIT (LENGTH_MEASURE( 1.000000000000000082E-05 ), #8035, 'distance_accuracy_value', 'NONE');
#3969 = PLANE ( 'NONE',  #645 ) ;
#3970 = ORIENTED_EDGE ( 'NONE', *, *, #3162, .T. ) ;
#3971 = CYLINDRICAL_SURFACE ( 'NONE', #4255, 0.07999999999999998779 ) ;
#3972 = DIRECTION ( 'NONE',  ( 0.000000000000000000, -1.000000000000000000, -0.000000000000000000 ) ) ;
#3973 = CARTESIAN_POINT ( 'NONE',  ( 1.905000000000000027, -2.319999999999999840, 0.2500000000000000000 ) ) ;
#3974 = VECTOR ( 'NONE', #10629, 1000.000000000000000 ) ;
#3975 = LINE ( 'NONE', #6695, #4655 ) ;
#3976 = VERTEX_POINT ( 'NONE', #9023 ) ;
#3977 = PRODUCT_DEFINITION_FORMATION_WITH_SPECIFIED_SOURCE ( 'ANY', '', #7425, .NOT_KNOWN. ) ;
#3978 = DIRECTION ( 'NONE',  ( -0.000000000000000000, -0.000000000000000000, 1.000000000000000000 ) ) ;
#3979 = ORIENTED_EDGE ( 'NONE', *, *, #2303, .T. ) ;
#3980 = EDGE_LOOP ( 'NONE', ( #2791, #1586, #4025, #10736 ) ) ;
#3981 =( LENGTH_UNIT ( ) NAMED_UNIT ( * ) SI_UNIT ( .MILLI., .METRE. ) );
#3982 = LINE ( 'NONE', #10264, #6279 ) ;
#3983 = DIRECTION ( 'NONE',  ( 0.000000000000000000, 0.000000000000000000, -1.000000000000000000 ) ) ;
#3984 = DIRECTION ( 'NONE',  ( 0.000000000000000000, 0.000000000000000000, 1.000000000000000000 ) ) ;
#3985 = VERTEX_POINT ( 'NONE', #5319 ) ;
#3986 = PRESENTATION_STYLE_ASSIGNMENT (( #5876 ) ) ;
#3987 = EDGE_CURVE ( 'NONE', #6857, #3154, #3428, .T. ) ;
#3988 = PRESENTATION_LAYER_ASSIGNMENT (  '', '', ( #7973 ) ) ;
#3989 = EDGE_CURVE ( 'NONE', #4746, #7953, #8849, .T. ) ;
#3990 = DIRECTION ( 'NONE',  ( 1.000000000000000000, -0.000000000000000000, 0.000000000000000000 ) ) ;
#3991 = EDGE_CURVE ( 'NONE', #5446, #10544, #10735, .T. ) ;
#3992 = EDGE_CURVE ( 'NONE', #1789, #8077, #6208, .T. ) ;
#3993 = SURFACE_SIDE_STYLE ('',( #11321 ) ) ;
#3994 = SURFACE_SIDE_STYLE ('',( #3081 ) ) ;
#3995 = FILL_AREA_STYLE ('',( #3872 ) ) ;
#3996 = FILL_AREA_STYLE_COLOUR ( '', #3079 ) ;
#3997 = SURFACE_STYLE_FILL_AREA ( #6712 ) ;
#3998 = EDGE_LOOP ( 'NONE', ( #8167, #7515, #11722, #5704 ) ) ;
#3999 = CARTESIAN_POINT ( 'NONE',  ( 1.647500000000000187, 2.507499999999999840, 0.2500000000000000000 ) ) ;
#4000 = ORIENTED_EDGE ( 'NONE', *, *, #5727, .T. ) ;
#4001 = CARTESIAN_POINT ( 'NONE',  ( 2.575000000000000178, -2.660000000000000142, 0.000000000000000000 ) ) ;
#4002 = EDGE_CURVE ( 'NONE', #1783, #4700, #1732, .T. ) ;
#4003 = AXIS2_PLACEMENT_3D ( 'NONE', #6980, #7824, #474 ) ;
#4004 = CARTESIAN_POINT ( 'NONE',  ( -2.379288488641678079, -2.472656540312757389, 1.134960937784881052 ) ) ;
#4005 = SURFACE_STYLE_FILL_AREA ( #5829 ) ;
#4006 = EDGE_CURVE ( 'NONE', #9462, #9216, #9938, .T. ) ;
#4007 = FACE_OUTER_BOUND ( 'NONE', #11245, .T. ) ;
#4008 = FILL_AREA_STYLE_COLOUR ( '', #6765 ) ;
#4009 = FILL_AREA_STYLE_COLOUR ( '', #8726 ) ;
#4010 =( NAMED_UNIT ( * ) SI_UNIT ( $, .STERADIAN. ) SOLID_ANGLE_UNIT ( ) );
#4011 = PRESENTATION_LAYER_ASSIGNMENT (  '', '', ( #4745 ) ) ;
#4012 = ORIENTED_EDGE ( 'NONE', *, *, #2664, .T. ) ;
#4013 = VERTEX_POINT ( 'NONE', #10933 ) ;
#4014 = ORIENTED_EDGE ( 'NONE', *, *, #7259, .F. ) ;
#4015 = PRESENTATION_LAYER_ASSIGNMENT (  '', '', ( #8010 ) ) ;
#4016 = EDGE_CURVE ( 'NONE', #8383, #427, #5264, .T. ) ;
#4017 = CARTESIAN_POINT ( 'NONE',  ( -0.8924999999999999600, -2.820000000000000284, 0.000000000000000000 ) ) ;
#4018 = MECHANICAL_DESIGN_GEOMETRIC_PRESENTATION_REPRESENTATION (  '', ( #8195 ), #6841 ) ;
#4019 = AXIS2_PLACEMENT_3D ( 'NONE', #8685, #4045, #10445 ) ;
#4020 = FACE_OUTER_BOUND ( 'NONE', #10283, .T. ) ;
#4021 = ORIENTED_EDGE ( 'NONE', *, *, #1260, .T. ) ;
#4022 = CARTESIAN_POINT ( 'NONE',  ( -2.162500000000000089, 2.819999999999999840, 0.000000000000000000 ) ) ;
#4023 = DIRECTION ( 'NONE',  ( 0.000000000000000000, -0.000000000000000000, 1.000000000000000000 ) ) ;
#4024 = CARTESIAN_POINT ( 'NONE',  ( 2.162500000000000089, 2.507499999999999840, 0.000000000000000000 ) ) ;
#4025 = ORIENTED_EDGE ( 'NONE', *, *, #2892, .F. ) ;
#4026 = DIRECTION ( 'NONE',  ( -1.000000000000000000, -2.155772863349820033E-16, -0.000000000000000000 ) ) ;
#4027 = DIRECTION ( 'NONE',  ( 0.000000000000000000, 0.000000000000000000, -1.000000000000000000 ) ) ;
#4028 = ORIENTED_EDGE ( 'NONE', *, *, #9684, .F. ) ;
#4029 = PRESENTATION_STYLE_ASSIGNMENT (( #9449 ) ) ;
#4030 =( LENGTH_UNIT ( ) NAMED_UNIT ( * ) SI_UNIT ( .MILLI., .METRE. ) );
#4031 = DIRECTION ( 'NONE',  ( 1.000000000000000000, 0.000000000000000000, -0.000000000000000000 ) ) ;
#4032 = PRESENTATION_STYLE_ASSIGNMENT (( #9274 ) ) ;
#4033 = ORIENTED_EDGE ( 'NONE', *, *, #10625, .T. ) ;
#4034 = VECTOR ( 'NONE', #2805, 1000.000000000000000 ) ;
#4035 = PRESENTATION_STYLE_ASSIGNMENT (( #2154 ) ) ;
#4036 = SURFACE_STYLE_FILL_AREA ( #3125 ) ;
#4037 =( NAMED_UNIT ( * ) SI_UNIT ( $, .STERADIAN. ) SOLID_ANGLE_UNIT ( ) );
#4038 = ORIENTED_EDGE ( 'NONE', *, *, #4762, .T. ) ;
#4039 = ORIENTED_EDGE ( 'NONE', *, *, #5353, .F. ) ;
#4040 = DIRECTION ( 'NONE',  ( 0.000000000000000000, 0.000000000000000000, -1.000000000000000000 ) ) ;
#4041 = FILL_AREA_STYLE_COLOUR ( '', #3819 ) ;
#4042 = CARTESIAN_POINT ( 'NONE',  ( 2.162499999999994316, 2.469999999999998419, 0.2500000000000000000 ) ) ;
#4043 = ORIENTED_EDGE ( 'NONE', *, *, #2653, .T. ) ;
#4044 = CARTESIAN_POINT ( 'NONE',  ( -1.625000000000000444, 2.419999999999999929, 0.000000000000000000 ) ) ;
#4045 = DIRECTION ( 'NONE',  ( 0.000000000000000000, 0.000000000000000000, 1.000000000000000000 ) ) ;
#4046 =( LENGTH_UNIT ( ) NAMED_UNIT ( * ) SI_UNIT ( .MILLI., .METRE. ) );
#4047 =( NAMED_UNIT ( * ) SI_UNIT ( $, .STERADIAN. ) SOLID_ANGLE_UNIT ( ) );
#4048 = UNCERTAINTY_MEASURE_WITH_UNIT (LENGTH_MEASURE( 1.000000000000000082E-05 ), #2899, 'distance_accuracy_value', 'NONE');
#4049 = DIRECTION ( 'NONE',  ( -0.9840406976462909849, 0.000000000000000000, -0.1779435454738416966 ) ) ;
#4050 = EDGE_CURVE ( 'NONE', #6041, #9812, #10804, .T. ) ;
#4051 = CARTESIAN_POINT ( 'NONE',  ( -2.162500000000000089, -2.819999999999999840, 0.000000000000000000 ) ) ;
#4052 = VECTOR ( 'NONE', #9932, 1000.000000000000000 ) ;
#4053 = DIRECTION ( 'NONE',  ( -0.000000000000000000, -1.000000000000000000, -0.000000000000000000 ) ) ;
#4054 = ORIENTED_EDGE ( 'NONE', *, *, #9472, .F. ) ;
#4055 = AXIS2_PLACEMENT_3D ( 'NONE', #4663, #9948, #9207 ) ;
#4056 = FILL_AREA_STYLE_COLOUR ( '', #4562 ) ;
#4057 = EDGE_CURVE ( 'NONE', #7038, #3847, #3514, .T. ) ;
#4058 = VERTEX_POINT ( 'NONE', #5382 ) ;
#4059 = DIRECTION ( 'NONE',  ( 0.000000000000000000, 0.000000000000000000, -1.000000000000000000 ) ) ;
#4060 =( NAMED_UNIT ( * ) SI_UNIT ( $, .STERADIAN. ) SOLID_ANGLE_UNIT ( ) );
#4061 = AXIS2_PLACEMENT_3D ( 'NONE', #9750, #4315, #10722 ) ;
#4062 = DIRECTION ( 'NONE',  ( 0.000000000000000000, 0.000000000000000000, 1.000000000000000000 ) ) ;
#4063 = EDGE_CURVE ( 'NONE', #9216, #930, #7803, .T. ) ;
#4064 = VERTEX_POINT ( 'NONE', #607 ) ;
#4065 = PRESENTATION_STYLE_ASSIGNMENT (( #5835 ) ) ;
#4066 = EDGE_CURVE ( 'NONE', #8036, #6371, #4383, .T. ) ;
#4067 =( NAMED_UNIT ( * ) PLANE_ANGLE_UNIT ( ) SI_UNIT ( $, .RADIAN. ) );
#4068 = PRESENTATION_STYLE_ASSIGNMENT (( #8594 ) ) ;
#4069 = ORIENTED_EDGE ( 'NONE', *, *, #390, .T. ) ;
#4070 = DIRECTION ( 'NONE',  ( -1.961804795305459932E-16, 1.000000000000000000, -3.547520967773199645E-17 ) ) ;
#4071 = EDGE_LOOP ( 'NONE', ( #855, #7825, #4327, #10474 ) ) ;
#4072 = CARTESIAN_POINT ( 'NONE',  ( 2.374771484314849523, 2.559980999734317475, 1.090494766897659229 ) ) ;
#4073 = COLOUR_RGB ( '',0.8313725490196077761, 0.8313725490196077761, 0.8313725490196077761 ) ;
#4074 = FILL_AREA_STYLE ('',( #407 ) ) ;
#4075 = DIRECTION ( 'NONE',  ( -0.000000000000000000, -0.000000000000000000, 1.000000000000000000 ) ) ;
#4076 = DIRECTION ( 'NONE',  ( 1.000000000000000000, 0.000000000000000000, 0.000000000000000000 ) ) ;
#4077 = LINE ( 'NONE', #11404, #8116 ) ;
#4078 = VERTEX_POINT ( 'NONE', #9762 ) ;
#4079 =( NAMED_UNIT ( * ) SI_UNIT ( $, .STERADIAN. ) SOLID_ANGLE_UNIT ( ) );
#4080 = ADVANCED_FACE ( 'NONE', ( #7178 ), #9879, .F. ) ;
#4081 = STYLED_ITEM ( 'NONE', ( #8776 ), #10664 ) ;
#4082 = UNCERTAINTY_MEASURE_WITH_UNIT (LENGTH_MEASURE( 1.000000000000000082E-05 ), #8938, 'distance_accuracy_value', 'NONE');
#4083 = VECTOR ( 'NONE', #6521, 1000.000000000000000 ) ;
#4084 = ORIENTED_EDGE ( 'NONE', *, *, #11273, .F. ) ;
#4085 =( GEOMETRIC_REPRESENTATION_CONTEXT ( 3 ) GLOBAL_UNCERTAINTY_ASSIGNED_CONTEXT ( ( #3082 ) ) GLOBAL_UNIT_ASSIGNED_CONTEXT ( ( #71, #11144, #11262 ) ) REPRESENTATION_CONTEXT ( 'NONE', 'WORKASPACE' ) );
#4086 = FACE_OUTER_BOUND ( 'NONE', #6556, .T. ) ;
#4087 = LINE ( 'NONE', #692, #1968 ) ;
#4088 = SHAPE_REPRESENTATION ( 'dot_1', ( #5287 ), #333 ) ;
#4089 = CARTESIAN_POINT ( 'NONE',  ( 2.481424832439820261, -0.1799999999999990219, 0.000000000000000000 ) ) ;
#4090 =( GEOMETRIC_REPRESENTATION_CONTEXT ( 3 ) GLOBAL_UNCERTAINTY_ASSIGNED_CONTEXT ( ( #958 ) ) GLOBAL_UNIT_ASSIGNED_CONTEXT ( ( #6063, #2442, #1529 ) ) REPRESENTATION_CONTEXT ( 'NONE', 'WORKASPACE' ) );
#4091 = AXIS2_PLACEMENT_3D ( 'NONE', #5449, #7476, #6566 ) ;
#4092 = AXIS2_PLACEMENT_3D ( 'NONE', #4334, #3261, #2301 ) ;
#4093 = FACE_OUTER_BOUND ( 'NONE', #2696, .T. ) ;
#4094 = ORIENTED_EDGE ( 'NONE', *, *, #1106, .T. ) ;
#4095 = ORIENTED_EDGE ( 'NONE', *, *, #4564, .F. ) ;
#4096 = LINE ( 'NONE', #1326, #118 ) ;
#4097 = DIRECTION ( 'NONE',  ( -0.000000000000000000, -0.000000000000000000, -1.000000000000000000 ) ) ;
#4098 = DIRECTION ( 'NONE',  ( 0.000000000000000000, 0.000000000000000000, -1.000000000000000000 ) ) ;
#4099 = LINE ( 'NONE', #3131, #4913 ) ;
#4100 = VECTOR ( 'NONE', #6601, 1000.000000000000000 ) ;
#4101 = EDGE_LOOP ( 'NONE', ( #2291, #8961, #8122, #9267 ) ) ;
#4102 = CARTESIAN_POINT ( 'NONE',  ( 2.575000000000000178, 2.740000000000000213, 0.000000000000000000 ) ) ;
#4103 = MECHANICAL_DESIGN_GEOMETRIC_PRESENTATION_REPRESENTATION (  '', ( #10997 ), #1406 ) ;
#4104 = COLOUR_RGB ( '',0.2862745098039215508, 0.2862745098039215508, 0.2862745098039215508 ) ;
#4105 =( LENGTH_UNIT ( ) NAMED_UNIT ( * ) SI_UNIT ( .MILLI., .METRE. ) );
#4106 = LINE ( 'NONE', #6642, #11861 ) ;
#4107 = CARTESIAN_POINT ( 'NONE',  ( 2.125000000000000000, -2.739999999999998881, 0.2499999999999998335 ) ) ;
#4108 = COLOUR_RGB ( '',0.2862745098039215508, 0.2862745098039215508, 0.2862745098039215508 ) ;
#4109 = STYLED_ITEM ( 'NONE', ( #7201 ), #10398 ) ;
#4110 = SURFACE_STYLE_USAGE ( .BOTH. , #3994 ) ;
#4111 = STYLED_ITEM ( 'NONE', ( #4068 ), #4557 ) ;
#4112 = PLANE ( 'NONE',  #3120 ) ;
#4113 = PRESENTATION_STYLE_ASSIGNMENT (( #9547 ) ) ;
#4114 = FILL_AREA_STYLE_COLOUR ( '', #9771 ) ;
#4115 = FILL_AREA_STYLE ('',( #10456 ) ) ;
#4116 =( NAMED_UNIT ( * ) SI_UNIT ( $, .STERADIAN. ) SOLID_ANGLE_UNIT ( ) );
#4117 = ORIENTED_EDGE ( 'NONE', *, *, #6231, .T. ) ;
#4118 = PRODUCT_CONTEXT ( 'NONE', #6435, 'mechanical' ) ;
#4119 = SURFACE_STYLE_FILL_AREA ( #2179 ) ;
#4120 = SURFACE_STYLE_FILL_AREA ( #2491 ) ;
#4121 = VECTOR ( 'NONE', #11852, 1000.000000000000000 ) ;
#4122 = LINE ( 'NONE', #6603, #9143 ) ;
#4123 = CIRCLE ( 'NONE', #1037, 0.03749999999999999167 ) ;
#4124 = FACE_OUTER_BOUND ( 'NONE', #9127, .T. ) ;
#4125 = DIRECTION ( 'NONE',  ( 0.5064641571633345940, -0.5064641571633345940, 0.6978453374621529370 ) ) ;
#4126 = CARTESIAN_POINT ( 'NONE',  ( 0.000000000000000000, -0.1799999999999999933, 0.000000000000000000 ) ) ;
#4127 = ORIENTED_EDGE ( 'NONE', *, *, #2227, .T. ) ;
#4128 = AXIS2_PLACEMENT_3D ( 'NONE', #1788, #2700, #41 ) ;
#4129 = FACE_OUTER_BOUND ( 'NONE', #10344, .T. ) ;
#4130 = SURFACE_STYLE_FILL_AREA ( #283 ) ;
#4131 = ORIENTED_EDGE ( 'NONE', *, *, #8997, .F. ) ;
#4132 =( LENGTH_UNIT ( ) NAMED_UNIT ( * ) SI_UNIT ( .MILLI., .METRE. ) );
#4133 = STYLED_ITEM ( 'NONE', ( #6610 ), #7326 ) ;
#4134 = EDGE_LOOP ( 'NONE', ( #10646, #8652, #2511, #4559 ) ) ;
#4135 = CARTESIAN_POINT ( 'NONE',  ( 2.394980999734316995, -2.559980999734316587, 1.075827626996971986 ) ) ;
#4136 = EDGE_CURVE ( 'NONE', #6366, #8223, #963, .T. ) ;
#4137 = FILL_AREA_STYLE ('',( #5182 ) ) ;
#4138 = EDGE_CURVE ( 'NONE', #11365, #11807, #3659, .T. ) ;
#4139 = EDGE_LOOP ( 'NONE', ( #6790, #1180, #10198, #5237 ) ) ;
#4140 =( NAMED_UNIT ( * ) SI_UNIT ( $, .STERADIAN. ) SOLID_ANGLE_UNIT ( ) );
#4141 = AXIS2_PLACEMENT_3D ( 'NONE', #7494, #9353, #5522 ) ;
#4142 = CARTESIAN_POINT ( 'NONE',  ( 0.000000000000000000, 5.551115123125779744E-16, 0.000000000000000000 ) ) ;
#4143 = EDGE_CURVE ( 'NONE', #11417, #2891, #262, .T. ) ;
#4144 = VERTEX_POINT ( 'NONE', #4712 ) ;
#4145 = CARTESIAN_POINT ( 'NONE',  ( -1.685000000000000275, -2.782500000000000195, 0.000000000000000000 ) ) ;
#4146 = PRESENTATION_STYLE_ASSIGNMENT (( #8670 ) ) ;
#4147 = ORIENTED_EDGE ( 'NONE', *, *, #11415, .T. ) ;
#4148 =( NAMED_UNIT ( * ) PLANE_ANGLE_UNIT ( ) SI_UNIT ( $, .RADIAN. ) );
#4149 = DIRECTION ( 'NONE',  ( 3.038931636747690137E-16, -1.000000000000000000, 0.000000000000000000 ) ) ;
#4150 = SURFACE_STYLE_USAGE ( .BOTH. , #9518 ) ;
#4151 = FILL_AREA_STYLE ('',( #6035 ) ) ;
#4152 = VERTEX_POINT ( 'NONE', #11119 ) ;
#4153 = DIRECTION ( 'NONE',  ( 1.000000000000000000, 0.000000000000000000, 0.000000000000000000 ) ) ;
#4154 = ORIENTED_EDGE ( 'NONE', *, *, #9833, .T. ) ;
#4155 = PRESENTATION_LAYER_ASSIGNMENT (  '', '', ( #5855 ) ) ;
#4156 = DIRECTION ( 'NONE',  ( 0.000000000000000000, 0.000000000000000000, 1.000000000000000000 ) ) ;
#4157 = DIRECTION ( 'NONE',  ( 1.000000000000000000, 0.000000000000000000, -0.000000000000000000 ) ) ;
#4158 = EDGE_LOOP ( 'NONE', ( #1882, #11269, #6682, #8525 ) ) ;
#4159 = STYLED_ITEM ( 'NONE', ( #10660 ), #8645 ) ;
#4160 = DIRECTION ( 'NONE',  ( -1.000000000000000000, 2.960594732333779889E-13, 0.000000000000000000 ) ) ;
#4161 = DIRECTION ( 'NONE',  ( 0.000000000000000000, -1.000000000000000000, -0.000000000000000000 ) ) ;
#4162 = LINE ( 'NONE', #2168, #367 ) ;
#4163 = VECTOR ( 'NONE', #5953, 1000.000000000000000 ) ;
#4164 =( NAMED_UNIT ( * ) PLANE_ANGLE_UNIT ( ) SI_UNIT ( $, .RADIAN. ) );
#4165 = UNCERTAINTY_MEASURE_WITH_UNIT (LENGTH_MEASURE( 1.000000000000000082E-05 ), #2407, 'distance_accuracy_value', 'NONE');
#4166 = SURFACE_STYLE_USAGE ( .BOTH. , #7671 ) ;
#4167 = PLANE ( 'NONE',  #8543 ) ;
#4168 = ORIENTED_EDGE ( 'NONE', *, *, #8805, .T. ) ;
#4169 = SHAPE_REPRESENTATION_RELATIONSHIP ( 'NONE' , 'NONE' ,  #4088, #5750 ) ;
#4170 = AXIS2_PLACEMENT_3D ( 'NONE', #8733, #6932, #11660 ) ;
#4171 = FACE_OUTER_BOUND ( 'NONE', #2152, .T. ) ;
#4172 = DIRECTION ( 'NONE',  ( 0.000000000000000000, -1.000000000000000000, -0.000000000000000000 ) ) ;
#4173 = SURFACE_STYLE_USAGE ( .BOTH. , #3327 ) ;
#4174 = APPLICATION_CONTEXT ( 'automotive_design' ) ;
#4175 = DIRECTION ( 'NONE',  ( 0.000000000000000000, 0.000000000000000000, -1.000000000000000000 ) ) ;
#4176 = PLANE ( 'NONE',  #7186 ) ;
#4177 =( GEOMETRIC_REPRESENTATION_CONTEXT ( 3 ) GLOBAL_UNCERTAINTY_ASSIGNED_CONTEXT ( ( #7361 ) ) GLOBAL_UNIT_ASSIGNED_CONTEXT ( ( #6400, #7255, #7427 ) ) REPRESENTATION_CONTEXT ( 'NONE', 'WORKASPACE' ) );
#4178 = CYLINDRICAL_SURFACE ( 'NONE', #11258, 0.03750000000000031780 ) ;
#4179 = UNCERTAINTY_MEASURE_WITH_UNIT (LENGTH_MEASURE( 1.000000000000000082E-05 ), #894, 'distance_accuracy_value', 'NONE');
#4180 = DIRECTION ( 'NONE',  ( -0.000000000000000000, -0.000000000000000000, 1.000000000000000000 ) ) ;
#4181 = ORIENTED_EDGE ( 'NONE', *, *, #1785, .F. ) ;
#4182 = DIRECTION ( 'NONE',  ( -0.000000000000000000, -1.000000000000000000, -0.000000000000000000 ) ) ;
#4183 = PLANE ( 'NONE',  #541 ) ;
#4184 = ORIENTED_EDGE ( 'NONE', *, *, #3, .T. ) ;
#4185 = DIRECTION ( 'NONE',  ( 1.000000000000000000, 0.000000000000000000, 0.000000000000000000 ) ) ;
#4186 = VECTOR ( 'NONE', #1831, 1000.000000000000000 ) ;
#4187 = ORIENTED_EDGE ( 'NONE', *, *, #10822, .T. ) ;
#4188 = MECHANICAL_DESIGN_GEOMETRIC_PRESENTATION_REPRESENTATION (  '', ( #2651 ), #11675 ) ;
#4189 = SURFACE_STYLE_FILL_AREA ( #2390 ) ;
#4190 =( NAMED_UNIT ( * ) PLANE_ANGLE_UNIT ( ) SI_UNIT ( $, .RADIAN. ) );
#4191 = LINE ( 'NONE', #6786, #10678 ) ;
#4192 = SURFACE_STYLE_USAGE ( .BOTH. , #6979 ) ;
#4193 = FILL_AREA_STYLE ('',( #587 ) ) ;
#4194 = ORIENTED_EDGE ( 'NONE', *, *, #7191, .F. ) ;
#4195 = PRESENTATION_LAYER_ASSIGNMENT (  '', '', ( #932 ) ) ;
#4196 = DIRECTION ( 'NONE',  ( -1.000000000000000000, -1.233581138472399978E-14, 0.000000000000000000 ) ) ;
#4197 = UNCERTAINTY_MEASURE_WITH_UNIT (LENGTH_MEASURE( 1.000000000000000082E-05 ), #4473, 'distance_accuracy_value', 'NONE');
#4198 = PRESENTATION_LAYER_ASSIGNMENT (  '', '', ( #368 ) ) ;
#4199 =( NAMED_UNIT ( * ) PLANE_ANGLE_UNIT ( ) SI_UNIT ( $, .RADIAN. ) );
#4200 = ORIENTED_EDGE ( 'NONE', *, *, #8568, .T. ) ;
#4201 = FILL_AREA_STYLE ('',( #11649 ) ) ;
#4202 = EDGE_CURVE ( 'NONE', #5069, #2675, #6159, .T. ) ;
#4203 = STYLED_ITEM ( 'NONE', ( #5415 ), #6656 ) ;
#4204 = PRESENTATION_LAYER_ASSIGNMENT (  '', '', ( #8373 ) ) ;
#4205 = CARTESIAN_POINT ( 'NONE',  ( -0.4149999999999999800, -2.657500000000000195, 0.2500000000000000000 ) ) ;
#4206 = EDGE_CURVE ( 'NONE', #2847, #3110, #1129, .T. ) ;
#4207 = EDGE_CURVE ( 'NONE', #1308, #3656, #8301, .T. ) ;
#4208 = CARTESIAN_POINT ( 'NONE',  ( -2.481424832439820261, -0.5799999999999989608, 0.000000000000000000 ) ) ;
#4209 = MECHANICAL_DESIGN_GEOMETRIC_PRESENTATION_REPRESENTATION (  '', ( #8584 ), #11897 ) ;
#4210 = MECHANICAL_DESIGN_GEOMETRIC_PRESENTATION_REPRESENTATION (  '', ( #8016 ), #7244 ) ;
#4211 = ORIENTED_EDGE ( 'NONE', *, *, #6796, .F. ) ;
#4212 = CARTESIAN_POINT ( 'NONE',  ( 0.000000000000000000, -2.519463867161249926, 1.100000000000000089 ) ) ;
#4213 = AXIS2_PLACEMENT_3D ( 'NONE', #2046, #4097, #5871 ) ;
#4214 = UNCERTAINTY_MEASURE_WITH_UNIT (LENGTH_MEASURE( 1.000000000000000082E-05 ), #5852, 'distance_accuracy_value', 'NONE');
#4215 = CARTESIAN_POINT ( 'NONE',  ( -1.625000000000000222, 2.419999999999999929, 0.000000000000000000 ) ) ;
#4216 = FILL_AREA_STYLE_COLOUR ( '', #10025 ) ;
#4217 = VERTEX_POINT ( 'NONE', #6626 ) ;
#4218 = CARTESIAN_POINT ( 'NONE',  ( -0.8924999999999999600, 2.819999999999999840, 0.000000000000000000 ) ) ;
#4219 = ORIENTED_EDGE ( 'NONE', *, *, #2057, .T. ) ;
#4220 = EDGE_CURVE ( 'NONE', #9085, #7306, #5500, .T. ) ;
#4221 = EDGE_CURVE ( 'NONE', #4960, #6091, #7351, .T. ) ;
#4222 = CARTESIAN_POINT ( 'NONE',  ( -0.3549999999999999822, 2.419999999999999929, 0.000000000000000000 ) ) ;
#4223 = DIRECTION ( 'NONE',  ( 1.000000000000000000, 0.000000000000000000, 0.000000000000000000 ) ) ;
#4224 = CARTESIAN_POINT ( 'NONE',  ( -2.185000000000000497, -1.080000000000000071, 0.000000000000000000 ) ) ;
#4225 =( NAMED_UNIT ( * ) PLANE_ANGLE_UNIT ( ) SI_UNIT ( $, .RADIAN. ) );
#4226 = EDGE_CURVE ( 'NONE', #6493, #2973, #9087, .T. ) ;
#4227 = STYLED_ITEM ( 'NONE', ( #5505 ), #6215 ) ;
#4228 = FILL_AREA_STYLE_COLOUR ( '', #5595 ) ;
#4229 = LINE ( 'NONE', #9887, #11043 ) ;
#4230 = PRESENTATION_STYLE_ASSIGNMENT (( #1395 ) ) ;
#4231 = CARTESIAN_POINT ( 'NONE',  ( 2.162500000000000089, 2.507499999999999840, 0.000000000000000000 ) ) ;
#4232 = FILL_AREA_STYLE ('',( #4114 ) ) ;
#4233 = EDGE_CURVE ( 'NONE', #1417, #3161, #8667, .T. ) ;
#4234 = SURFACE_SIDE_STYLE ('',( #6834 ) ) ;
#4235 =( NAMED_UNIT ( * ) SI_UNIT ( $, .STERADIAN. ) SOLID_ANGLE_UNIT ( ) );
#4236 = ORIENTED_EDGE ( 'NONE', *, *, #1192, .F. ) ;
#4237 = APPLICATION_PROTOCOL_DEFINITION ( 'draft international standard', 'automotive_design', 1998, #6435 ) ;
#4238 = PLANE ( 'NONE',  #9137 ) ;
#4239 = COLOUR_RGB ( '',0.8313725490196077761, 0.8313725490196077761, 0.8313725490196077761 ) ;
#4240 = PRESENTATION_STYLE_ASSIGNMENT (( #2314 ) ) ;
#4241 = FILL_AREA_STYLE ('',( #567 ) ) ;
#4242 = SURFACE_STYLE_FILL_AREA ( #5108 ) ;
#4243 = DIRECTION ( 'NONE',  ( 0.000000000000000000, 0.000000000000000000, -1.000000000000000000 ) ) ;
#4244 = CARTESIAN_POINT ( 'NONE',  ( 2.185000000000000497, 2.419999999999999929, 0.2500000000000000000 ) ) ;
#4245 = VERTEX_POINT ( 'NONE', #4548 ) ;
#4246 =( GEOMETRIC_REPRESENTATION_CONTEXT ( 3 ) GLOBAL_UNCERTAINTY_ASSIGNED_CONTEXT ( ( #3251 ) ) GLOBAL_UNIT_ASSIGNED_CONTEXT ( ( #10887, #1248, #7472 ) ) REPRESENTATION_CONTEXT ( 'NONE', 'WORKASPACE' ) );
#4247 = CARTESIAN_POINT ( 'NONE',  ( -0.8924999999999999600, -2.819999999999999840, 0.000000000000000000 ) ) ;
#4248 = CARTESIAN_POINT ( 'NONE',  ( -2.185000000000000053, -1.080000000000000071, 0.2500000000000000000 ) ) ;
#4249 = DIRECTION ( 'NONE',  ( -1.233581138472399978E-14, 1.000000000000000000, 0.000000000000000000 ) ) ;
#4250 = ORIENTED_EDGE ( 'NONE', *, *, #8486, .F. ) ;
#4251 = CARTESIAN_POINT ( 'NONE',  ( -0.8924999999999999600, 2.507499999999999840, 0.000000000000000000 ) ) ;
#4252 = EDGE_LOOP ( 'NONE', ( #2440, #1080, #312, #5306 ) ) ;
#4253 = AXIS2_PLACEMENT_3D ( 'NONE', #3963, #9321, #2026 ) ;
#4254 =( NAMED_UNIT ( * ) PLANE_ANGLE_UNIT ( ) SI_UNIT ( $, .RADIAN. ) );
#4255 = AXIS2_PLACEMENT_3D ( 'NONE', #415, #7592, #2093 ) ;
#4256 = VERTEX_POINT ( 'NONE', #3787 ) ;
#4257 =( NAMED_UNIT ( * ) PLANE_ANGLE_UNIT ( ) SI_UNIT ( $, .RADIAN. ) );
#4258 = SURFACE_STYLE_USAGE ( .BOTH. , #5905 ) ;
#4259 = LINE ( 'NONE', #4366, #853 ) ;
#4260 = EDGE_LOOP ( 'NONE', ( #1360, #520, #9068, #10805 ) ) ;
#4261 =( NAMED_UNIT ( * ) PLANE_ANGLE_UNIT ( ) SI_UNIT ( $, .RADIAN. ) );
#4262 = DIRECTION ( 'NONE',  ( 0.000000000000000000, -1.000000000000000000, -0.000000000000000000 ) ) ;
#4263 = STYLED_ITEM ( 'NONE', ( #9430 ), #11611 ) ;
#4264 = SURFACE_STYLE_USAGE ( .BOTH. , #3475 ) ;
#4265 = SURFACE_STYLE_USAGE ( .BOTH. , #11525 ) ;
#4266 = ORIENTED_EDGE ( 'NONE', *, *, #10695, .T. ) ;
#4267 = SURFACE_SIDE_STYLE ('',( #6087 ) ) ;
#4268 = PRESENTATION_LAYER_ASSIGNMENT (  '', '', ( #6585 ) ) ;
#4269 = SURFACE_SIDE_STYLE ('',( #3294 ) ) ;
#4270 = PLANE ( 'NONE',  #10830 ) ;
#4271 = ORIENTED_EDGE ( 'NONE', *, *, #1993, .F. ) ;
#4272 = EDGE_CURVE ( 'NONE', #10026, #3011, #7412, .T. ) ;
#4273 = DIRECTION ( 'NONE',  ( -0.000000000000000000, -0.000000000000000000, -1.000000000000000000 ) ) ;
#4274 = ORIENTED_EDGE ( 'NONE', *, *, #3306, .T. ) ;
#4275 = PLANE ( 'NONE',  #10070 ) ;
#4276 =( LENGTH_UNIT ( ) NAMED_UNIT ( * ) SI_UNIT ( .MILLI., .METRE. ) );
#4277 =( GEOMETRIC_REPRESENTATION_CONTEXT ( 3 ) GLOBAL_UNCERTAINTY_ASSIGNED_CONTEXT ( ( #5493 ) ) GLOBAL_UNIT_ASSIGNED_CONTEXT ( ( #2858, #6489, #2131 ) ) REPRESENTATION_CONTEXT ( 'NONE', 'WORKASPACE' ) );
#4278 = VECTOR ( 'NONE', #8433, 1000.000000000000000 ) ;
#4279 = DIRECTION ( 'NONE',  ( 0.000000000000000000, 0.000000000000000000, 1.000000000000000000 ) ) ;
#4280 = ADVANCED_FACE ( 'NONE', ( #177 ), #11175, .F. ) ;
#4281 = ADVANCED_FACE ( 'NONE', ( #1372 ), #10547, .F. ) ;
#4282 = CARTESIAN_POINT ( 'NONE',  ( -0.4149999999999999800, 2.739999999999999325, 0.2499999999999998890 ) ) ;
#4283 = CIRCLE ( 'NONE', #10002, 0.07999999999999986289 ) ;
#4284 = UNCERTAINTY_MEASURE_WITH_UNIT (LENGTH_MEASURE( 1.000000000000000082E-05 ), #4946, 'distance_accuracy_value', 'NONE');
#4285 = VECTOR ( 'NONE', #1736, 1000.000000000000000 ) ;
#4286 = DIRECTION ( 'NONE',  ( 1.000000000000000000, 0.000000000000000000, -0.000000000000000000 ) ) ;
#4287 = SURFACE_SIDE_STYLE ('',( #618 ) ) ;
#4288 = COLOUR_RGB ( '',0.2862745098039215508, 0.2862745098039215508, 0.2862745098039215508 ) ;
#4289 = LINE ( 'NONE', #7918, #8229 ) ;
#4290 = VECTOR ( 'NONE', #9266, 1000.000000000000000 ) ;
#4291 = DIRECTION ( 'NONE',  ( 0.000000000000000000, 1.000000000000000000, 0.000000000000000000 ) ) ;
#4292 = ORIENTED_EDGE ( 'NONE', *, *, #1035, .F. ) ;
#4293 = SURFACE_STYLE_USAGE ( .BOTH. , #8809 ) ;
#4294 = DIRECTION ( 'NONE',  ( 0.000000000000000000, -0.000000000000000000, -1.000000000000000000 ) ) ;
#4295 = VECTOR ( 'NONE', #1381, 1000.000000000000000 ) ;
#4296 = AXIS2_PLACEMENT_3D ( 'NONE', #1163, #2181, #5707 ) ;
#4297 = COLOUR_RGB ( '',0.8313725490196077761, 0.8313725490196077761, 0.8313725490196077761 ) ;
#4298 = EDGE_CURVE ( 'NONE', #464, #9131, #6742, .T. ) ;
#4299 = FILL_AREA_STYLE_COLOUR ( '', #9477 ) ;
#4300 = LINE ( 'NONE', #11450, #3197 ) ;
#4301 = DIRECTION ( 'NONE',  ( 1.000000000000000000, 0.000000000000000000, -0.000000000000000000 ) ) ;
#4302 = VERTEX_POINT ( 'NONE', #5068 ) ;
#4303 = ORIENTED_EDGE ( 'NONE', *, *, #9006, .T. ) ;
#4304 = ORIENTED_EDGE ( 'NONE', *, *, #734, .T. ) ;
#4305 = SURFACE_SIDE_STYLE ('',( #5180 ) ) ;
#4306 = PRESENTATION_LAYER_ASSIGNMENT (  '', '', ( #1041 ) ) ;
#4307 = PLANE ( 'NONE',  #3939 ) ;
#4308 = EDGE_CURVE ( 'NONE', #11039, #80, #11521, .T. ) ;
#4309 = LINE ( 'NONE', #11641, #8744 ) ;
#4310 =( GEOMETRIC_REPRESENTATION_CONTEXT ( 3 ) GLOBAL_UNCERTAINTY_ASSIGNED_CONTEXT ( ( #4850 ) ) GLOBAL_UNIT_ASSIGNED_CONTEXT ( ( #7782, #5316, #8021 ) ) REPRESENTATION_CONTEXT ( 'NONE', 'WORKASPACE' ) );
#4311 =( NAMED_UNIT ( * ) PLANE_ANGLE_UNIT ( ) SI_UNIT ( $, .RADIAN. ) );
#4312 = ORIENTED_EDGE ( 'NONE', *, *, #1277, .F. ) ;
#4313 = UNCERTAINTY_MEASURE_WITH_UNIT (LENGTH_MEASURE( 1.000000000000000082E-05 ), #7440, 'distance_accuracy_value', 'NONE');
#4314 = FACE_OUTER_BOUND ( 'NONE', #7937, .T. ) ;
#4315 = DIRECTION ( 'NONE',  ( 0.000000000000000000, 0.000000000000000000, -1.000000000000000000 ) ) ;
#4316 = ORIENTED_EDGE ( 'NONE', *, *, #1939, .F. ) ;
#4317 = CARTESIAN_POINT ( 'NONE',  ( -0.3775000000000000022, 3.220000000000000195, 0.000000000000000000 ) ) ;
#4318 =( GEOMETRIC_REPRESENTATION_CONTEXT ( 3 ) GLOBAL_UNCERTAINTY_ASSIGNED_CONTEXT ( ( #8445 ) ) GLOBAL_UNIT_ASSIGNED_CONTEXT ( ( #7820, #8601, #3283 ) ) REPRESENTATION_CONTEXT ( 'NONE', 'WORKASPACE' ) );
#4319 = CARTESIAN_POINT ( 'NONE',  ( -2.185000000000000497, 2.419999999999999929, 0.000000000000000000 ) ) ;
#4320 = SURFACE_STYLE_USAGE ( .BOTH. , #11414 ) ;
#4321 = VECTOR ( 'NONE', #6477, 1000.000000000000000 ) ;
#4322 = ORIENTED_EDGE ( 'NONE', *, *, #7336, .T. ) ;
#4323 = LINE ( 'NONE', #8731, #2218 ) ;
#4324 = UNCERTAINTY_MEASURE_WITH_UNIT (LENGTH_MEASURE( 1.000000000000000082E-05 ), #10576, 'distance_accuracy_value', 'NONE');
#4325 = AXIS2_PLACEMENT_3D ( 'NONE', #6098, #5033, #10745 ) ;
#4326 = DIRECTION ( 'NONE',  ( 0.000000000000000000, 0.000000000000000000, -1.000000000000000000 ) ) ;
#4327 = ORIENTED_EDGE ( 'NONE', *, *, #9542, .F. ) ;
#4328 = DIRECTION ( 'NONE',  ( 1.000000000000000000, 0.000000000000000000, 0.000000000000000000 ) ) ;
#4329 = DIRECTION ( 'NONE',  ( 0.000000000000000000, -1.000000000000000000, -0.000000000000000000 ) ) ;
#4330 = ORIENTED_EDGE ( 'NONE', *, *, #2585, .F. ) ;
#4331 =( NAMED_UNIT ( * ) PLANE_ANGLE_UNIT ( ) SI_UNIT ( $, .RADIAN. ) );
#4332 = FILL_AREA_STYLE ('',( #3303 ) ) ;
#4333 = AXIS2_PLACEMENT_3D ( 'NONE', #1607, #1439, #5079 ) ;
#4334 = CARTESIAN_POINT ( 'NONE',  ( -1.647500000000000187, 2.507499999999999840, 0.000000000000000000 ) ) ;
#4335 =( GEOMETRIC_REPRESENTATION_CONTEXT ( 3 ) GLOBAL_UNCERTAINTY_ASSIGNED_CONTEXT ( ( #10782 ) ) GLOBAL_UNIT_ASSIGNED_CONTEXT ( ( #788, #3441, #7253 ) ) REPRESENTATION_CONTEXT ( 'NONE', 'WORKASPACE' ) );
#4336 = COLOUR_RGB ( '',0.2862745098039215508, 0.2862745098039215508, 0.2862745098039215508 ) ;
#4337 = CARTESIAN_POINT ( 'NONE',  ( -2.394980999734316551, -2.559980999734315699, 1.075827626996971764 ) ) ;
#4338 = PRESENTATION_LAYER_ASSIGNMENT (  '', '', ( #8147 ) ) ;
#4339 = DIRECTION ( 'NONE',  ( -0.7071067811865485719, 0.7071067811865465735, -0.000000000000000000 ) ) ;
#4340 =( NAMED_UNIT ( * ) SI_UNIT ( $, .STERADIAN. ) SOLID_ANGLE_UNIT ( ) );
#4341 = ORIENTED_EDGE ( 'NONE', *, *, #5060, .F. ) ;
#4342 = SURFACE_SIDE_STYLE ('',( #3386 ) ) ;
#4343 = ADVANCED_FACE ( 'NONE', ( #9512 ), #3969, .F. ) ;
#4344 = STYLED_ITEM ( 'NONE', ( #1502 ), #7847 ) ;
#4345 = SURFACE_STYLE_FILL_AREA ( #2663 ) ;
#4346 =( NAMED_UNIT ( * ) PLANE_ANGLE_UNIT ( ) SI_UNIT ( $, .RADIAN. ) );
#4347 = EDGE_CURVE ( 'NONE', #8077, #1127, #3360, .T. ) ;
#4348 = CIRCLE ( 'NONE', #5275, 0.03749999999999988065 ) ;
#4349 = SURFACE_STYLE_FILL_AREA ( #6292 ) ;
#4350 = CARTESIAN_POINT ( 'NONE',  ( -0.8549999999999999822, -2.657500000000000195, 0.2500000000000000000 ) ) ;
#4351 = CARTESIAN_POINT ( 'NONE',  ( -2.574999999999999289, -0.5799999999999989608, 0.000000000000000000 ) ) ;
#4352 = EDGE_LOOP ( 'NONE', ( #1894, #5632, #286, #10972 ) ) ;
#4353 = COLOUR_RGB ( '',0.2862745098039215508, 0.2862745098039215508, 0.2862745098039215508 ) ;
#4354 = PRESENTATION_LAYER_ASSIGNMENT (  '', '', ( #6810 ) ) ;
#4355 = DIRECTION ( 'NONE',  ( 0.000000000000000000, -0.000000000000000000, -1.000000000000000000 ) ) ;
#4356 = DIRECTION ( 'NONE',  ( 1.000000000000000000, 0.000000000000000000, 0.000000000000000000 ) ) ;
#4357 = VERTEX_POINT ( 'NONE', #7888 ) ;
#4358 = EDGE_CURVE ( 'NONE', #3122, #5058, #6983, .T. ) ;
#4359 = EDGE_CURVE ( 'NONE', #1687, #4705, #11584, .T. ) ;
#4360 = ORIENTED_EDGE ( 'NONE', *, *, #2137, .T. ) ;
#4361 = ADVANCED_FACE ( 'NONE', ( #11840 ), #7952, .T. ) ;
#4362 = FACE_OUTER_BOUND ( 'NONE', #4158, .T. ) ;
#4363 = MECHANICAL_DESIGN_GEOMETRIC_PRESENTATION_REPRESENTATION (  '', ( #2822 ), #7400 ) ;
#4364 = STYLED_ITEM ( 'NONE', ( #1989 ), #5282 ) ;
#4365 =( LENGTH_UNIT ( ) NAMED_UNIT ( * ) SI_UNIT ( .MILLI., .METRE. ) );
#4366 = CARTESIAN_POINT ( 'NONE',  ( -0.8549999999999996492, -2.657500000000000195, 0.000000000000000000 ) ) ;
#4367 = ORIENTED_EDGE ( 'NONE', *, *, #1348, .F. ) ;
#4368 = CARTESIAN_POINT ( 'NONE',  ( -2.125000000000000000, -2.319999999999999840, 0.000000000000000000 ) ) ;
#4369 = CARTESIAN_POINT ( 'NONE',  ( -0.4149999999999999800, 5.551115123125779744E-16, 0.000000000000000000 ) ) ;
#4370 = ORIENTED_EDGE ( 'NONE', *, *, #2367, .T. ) ;
#4371 = VECTOR ( 'NONE', #7822, 1000.000000000000000 ) ;
#4372 = DIRECTION ( 'NONE',  ( 1.000000000000000000, 0.000000000000000000, 0.000000000000000000 ) ) ;
#4373 = VECTOR ( 'NONE', #3064, 1000.000000000000000 ) ;
#4374 = ORIENTED_EDGE ( 'NONE', *, *, #7459, .F. ) ;
#4375 = CARTESIAN_POINT ( 'NONE',  ( -1.905000000000000027, -2.092049114840340174, 0.003000000000000000062 ) ) ;
#4376 = PRESENTATION_STYLE_ASSIGNMENT (( #7046 ) ) ;
#4377 = AXIS2_PLACEMENT_3D ( 'NONE', #10917, #2689, #9984 ) ;
#4378 =( NAMED_UNIT ( * ) SI_UNIT ( $, .STERADIAN. ) SOLID_ANGLE_UNIT ( ) );
#4379 = ORIENTED_EDGE ( 'NONE', *, *, #4409, .F. ) ;
#4380 = PRESENTATION_LAYER_ASSIGNMENT (  '', '', ( #919 ) ) ;
#4381 = FILL_AREA_STYLE_COLOUR ( '', #9863 ) ;
#4382 = ORIENTED_EDGE ( 'NONE', *, *, #8926, .F. ) ;
#4383 = LINE ( 'NONE', #7902, #8094 ) ;
#4384 = ORIENTED_EDGE ( 'NONE', *, *, #9687, .T. ) ;
#4385 = VECTOR ( 'NONE', #6403, 1000.000000000000000 ) ;
#4386 = CARTESIAN_POINT ( 'NONE',  ( -2.185000000000000497, -0.6799999999999990496, 0.000000000000000000 ) ) ;
#4387 = PLANE ( 'NONE',  #7311 ) ;
#4388 = VECTOR ( 'NONE', #2132, 1000.000000000000000 ) ;
#4389 = SURFACE_STYLE_FILL_AREA ( #1506 ) ;
#4390 = VECTOR ( 'NONE', #2247, 1000.000000000000000 ) ;
#4391 = SURFACE_STYLE_FILL_AREA ( #6154 ) ;
#4392 = VECTOR ( 'NONE', #1622, 1000.000000000000000 ) ;
#4393 = CARTESIAN_POINT ( 'NONE',  ( 2.185000000000000497, 2.419999999999999929, 0.2500000000000000000 ) ) ;
#4394 = UNCERTAINTY_MEASURE_WITH_UNIT (LENGTH_MEASURE( 1.000000000000000082E-05 ), #6494, 'distance_accuracy_value', 'NONE');
#4395 = SURFACE_STYLE_USAGE ( .BOTH. , #3490 ) ;
#4396 = PLANE ( 'NONE',  #4055 ) ;
#4397 = SURFACE_STYLE_FILL_AREA ( #2539 ) ;
#4398 = ORIENTED_EDGE ( 'NONE', *, *, #5434, .T. ) ;
#4399 =( NAMED_UNIT ( * ) PLANE_ANGLE_UNIT ( ) SI_UNIT ( $, .RADIAN. ) );
#4400 =( NAMED_UNIT ( * ) PLANE_ANGLE_UNIT ( ) SI_UNIT ( $, .RADIAN. ) );
#4401 = FILL_AREA_STYLE_COLOUR ( '', #9436 ) ;
#4402 = LINE ( 'NONE', #5465, #10335 ) ;
#4403 = EDGE_CURVE ( 'NONE', #5242, #4896, #11583, .T. ) ;
#4404 = PRESENTATION_LAYER_ASSIGNMENT (  '', '', ( #8002 ) ) ;
#4405 = SURFACE_STYLE_FILL_AREA ( #11748 ) ;
#4406 = UNCERTAINTY_MEASURE_WITH_UNIT (LENGTH_MEASURE( 1.000000000000000082E-05 ), #5257, 'distance_accuracy_value', 'NONE');
#4407 = DIRECTION ( 'NONE',  ( 1.000000000000000000, 0.000000000000000000, -0.000000000000000000 ) ) ;
#4408 = EDGE_LOOP ( 'NONE', ( #10278, #3609, #4094, #11585 ) ) ;
#4409 = EDGE_CURVE ( 'NONE', #245, #3834, #4478, .T. ) ;
#4410 = EDGE_CURVE ( 'NONE', #221, #7627, #9865, .T. ) ;
#4411 = ORIENTED_EDGE ( 'NONE', *, *, #9375, .F. ) ;
#4412 = VERTEX_POINT ( 'NONE', #5187 ) ;
#4413 = SURFACE_STYLE_FILL_AREA ( #754 ) ;
#4414 = LINE ( 'NONE', #11759, #9732 ) ;
#4415 = SURFACE_STYLE_FILL_AREA ( #9917 ) ;
#4416 = EDGE_CURVE ( 'NONE', #4302, #11742, #3471, .T. ) ;
#4417 = SURFACE_STYLE_FILL_AREA ( #7154 ) ;
#4418 = EDGE_CURVE ( 'NONE', #6263, #8077, #2628, .T. ) ;
#4419 = CARTESIAN_POINT ( 'NONE',  ( 2.125000000000000000, 5.551115123125779744E-16, 0.000000000000000000 ) ) ;
#4420 = VECTOR ( 'NONE', #8222, 1000.000000000000000 ) ;
#4421 = DIRECTION ( 'NONE',  ( 0.000000000000000000, 0.000000000000000000, 1.000000000000000000 ) ) ;
#4422 = ORIENTED_EDGE ( 'NONE', *, *, #10518, .F. ) ;
#4423 = UNCERTAINTY_MEASURE_WITH_UNIT (LENGTH_MEASURE( 1.000000000000000082E-05 ), #10929, 'distance_accuracy_value', 'NONE');
#4424 = PRESENTATION_STYLE_ASSIGNMENT (( #2514 ) ) ;
#4425 = ORIENTED_EDGE ( 'NONE', *, *, #2600, .F. ) ;
#4426 = CARTESIAN_POINT ( 'NONE',  ( -2.125000000000000000, -2.740000000000000213, 0.000000000000000000 ) ) ;
#4427 = ORIENTED_EDGE ( 'NONE', *, *, #10715, .F. ) ;
#4428 = MECHANICAL_DESIGN_GEOMETRIC_PRESENTATION_REPRESENTATION (  '', ( #10744 ), #8612 ) ;
#4429 = CIRCLE ( 'NONE', #6898, 0.03749999999999988065 ) ;
#4430 = CARTESIAN_POINT ( 'NONE',  ( -0.3775000000000000022, -2.657500000000000195, 0.000000000000000000 ) ) ;
#4431 = CARTESIAN_POINT ( 'NONE',  ( 2.394980999734316551, -2.559980999734316587, 1.075827626996971986 ) ) ;
#4432 = ORIENTED_EDGE ( 'NONE', *, *, #1179, .T. ) ;
#4433 = EDGE_CURVE ( 'NONE', #411, #1332, #8777, .T. ) ;
#4434 = DIRECTION ( 'NONE',  ( -0.000000000000000000, -0.000000000000000000, 1.000000000000000000 ) ) ;
#4435 = UNCERTAINTY_MEASURE_WITH_UNIT (LENGTH_MEASURE( 1.000000000000000082E-05 ), #3340, 'distance_accuracy_value', 'NONE');
#4436 = FILL_AREA_STYLE_COLOUR ( '', #9828 ) ;
#4437 = DIRECTION ( 'NONE',  ( -1.000000000000000000, -2.087512675392992591E-16, -3.774837845319806641E-17 ) ) ;
#4438 = ORIENTED_EDGE ( 'NONE', *, *, #3932, .T. ) ;
#4439 = ORIENTED_EDGE ( 'NONE', *, *, #5154, .F. ) ;
#4440 = DIRECTION ( 'NONE',  ( 0.000000000000000000, 0.000000000000000000, 1.000000000000000000 ) ) ;
#4441 = FILL_AREA_STYLE_COLOUR ( '', #6855 ) ;
#4442 = LINE ( 'NONE', #1918, #3377 ) ;
#4443 = AXIS2_PLACEMENT_3D ( 'NONE', #8192, #1970, #2875 ) ;
#4444 = DIRECTION ( 'NONE',  ( 0.000000000000000000, 0.000000000000000000, -1.000000000000000000 ) ) ;
#4445 = CARTESIAN_POINT ( 'NONE',  ( -2.381424832439819284, -0.6799999999999992717, 0.000000000000000000 ) ) ;
#4446 = VECTOR ( 'NONE', #2565, 1000.000000000000000 ) ;
#4447 = FILL_AREA_STYLE ('',( #3555 ) ) ;
#4448 = MECHANICAL_DESIGN_GEOMETRIC_PRESENTATION_REPRESENTATION (  '', ( #9994 ), #3118 ) ;
#4449 = ORIENTED_EDGE ( 'NONE', *, *, #4551, .F. ) ;
#4450 = DIRECTION ( 'NONE',  ( 0.000000000000000000, -1.000000000000000000, 0.000000000000000000 ) ) ;
#4451 = MECHANICAL_DESIGN_GEOMETRIC_PRESENTATION_REPRESENTATION (  '', ( #812 ), #2723 ) ;
#4452 = FACE_OUTER_BOUND ( 'NONE', #7457, .T. ) ;
#4453 = PLANE ( 'NONE',  #5224 ) ;
#4454 = CARTESIAN_POINT ( 'NONE',  ( 2.575000000000000178, -2.660000000000000142, 0.000000000000000000 ) ) ;
#4456 = EDGE_CURVE ( 'NONE', #11841, #3941, #590, .T. ) ;
#4455 = PRESENTATION_LAYER_ASSIGNMENT (  '', '', ( #2161 ) ) ;
#4457 = DIRECTION ( 'NONE',  ( 1.000000000000000000, 0.000000000000000000, 0.000000000000000000 ) ) ;
#4458 = VECTOR ( 'NONE', #7537, 1000.000000000000000 ) ;
#4459 = DIRECTION ( 'NONE',  ( -1.000000000000000000, 0.000000000000000000, 0.000000000000000000 ) ) ;
#4460 = VERTEX_POINT ( 'NONE', #1662 ) ;
#4461 = DIRECTION ( 'NONE',  ( 0.000000000000000000, 0.000000000000000000, 1.000000000000000000 ) ) ;
#4462 = PRESENTATION_STYLE_ASSIGNMENT (( #3566 ) ) ;
#4463 = EDGE_LOOP ( 'NONE', ( #7522, #7900, #1551, #4662 ) ) ;
#4464 = SURFACE_SIDE_STYLE ('',( #2789 ) ) ;
#4465 = EDGE_LOOP ( 'NONE', ( #2934, #3705, #280, #800 ) ) ;
#4466 = FACE_OUTER_BOUND ( 'NONE', #8850, .T. ) ;
#4467 = AXIS2_PLACEMENT_3D ( 'NONE', #6504, #1972, #1013 ) ;
#4468 = ADVANCED_FACE ( 'NONE', ( #4314 ), #1599, .T. ) ;
#4469 = FACE_OUTER_BOUND ( 'NONE', #2134, .T. ) ;
#4470 = DIRECTION ( 'NONE',  ( -0.000000000000000000, 1.000000000000000000, 0.000000000000000000 ) ) ;
#4471 = VECTOR ( 'NONE', #4294, 1000.000000000000000 ) ;
#4472 = STYLED_ITEM ( 'NONE', ( #5075 ), #1688 ) ;
#4473 =( LENGTH_UNIT ( ) NAMED_UNIT ( * ) SI_UNIT ( .MILLI., .METRE. ) );
#4474 = VERTEX_POINT ( 'NONE', #10105 ) ;
#4475 = PRESENTATION_LAYER_ASSIGNMENT (  '', '', ( #10813 ) ) ;
#4476 = DIRECTION ( 'NONE',  ( 0.000000000000000000, 0.000000000000000000, -1.000000000000000000 ) ) ;
#4477 = SURFACE_SIDE_STYLE ('',( #10975 ) ) ;
#4478 = LINE ( 'NONE', #7040, #8674 ) ;
#4479 = VERTEX_POINT ( 'NONE', #9251 ) ;
#4480 = ORIENTED_EDGE ( 'NONE', *, *, #10413, .F. ) ;
#4481 = DIRECTION ( 'NONE',  ( 1.000000000000000000, 0.000000000000000000, -0.000000000000000000 ) ) ;
#4482 = EDGE_CURVE ( 'NONE', #3966, #8179, #218, .T. ) ;
#4483 = EDGE_CURVE ( 'NONE', #8542, #11157, #1385, .T. ) ;
#4484 = LINE ( 'NONE', #2695, #7419 ) ;
#4485 = STYLED_ITEM ( 'NONE', ( #5609 ), #1835 ) ;
#4486 = PRESENTATION_STYLE_ASSIGNMENT (( #9138 ) ) ;
#4487 = ADVANCED_FACE ( 'NONE', ( #8288 ), #3644, .T. ) ;
#4488 = ORIENTED_EDGE ( 'NONE', *, *, #8304, .F. ) ;
#4489 = CARTESIAN_POINT ( 'NONE',  ( -0.8924999999999999600, 2.469999999999999751, 0.000000000000000000 ) ) ;
#4490 = CARTESIAN_POINT ( 'NONE',  ( 2.125000000000000000, 2.507499999999999840, 0.2500000000000000000 ) ) ;
#4491 = ORIENTED_EDGE ( 'NONE', *, *, #10036, .T. ) ;
#4492 = FILL_AREA_STYLE_COLOUR ( '', #4108 ) ;
#4493 = DIRECTION ( 'NONE',  ( 1.000000000000000000, -0.000000000000000000, 0.000000000000000000 ) ) ;
#4494 = ORIENTED_EDGE ( 'NONE', *, *, #6457, .T. ) ;
#4495 =( GEOMETRIC_REPRESENTATION_CONTEXT ( 3 ) GLOBAL_UNCERTAINTY_ASSIGNED_CONTEXT ( ( #8325 ) ) GLOBAL_UNIT_ASSIGNED_CONTEXT ( ( #9857, #3807, #1036 ) ) REPRESENTATION_CONTEXT ( 'NONE', 'WORKASPACE' ) );
#4496 = COLOUR_RGB ( '',0.9607843137254902244, 0.9607843137254902244, 0.9607843137254902244 ) ;
#4497 = EDGE_CURVE ( 'NONE', #9591, #11900, #8236, .T. ) ;
#4498 = EDGE_CURVE ( 'NONE', #336, #4746, #7338, .T. ) ;
#4499 = MECHANICAL_DESIGN_GEOMETRIC_PRESENTATION_REPRESENTATION (  '', ( #1810 ), #11025 ) ;
#4500 = DIRECTION ( 'NONE',  ( 0.000000000000000000, 0.000000000000000000, 1.000000000000000000 ) ) ;
#4501 = VECTOR ( 'NONE', #2380, 1000.000000000000000 ) ;
#4502 =( LENGTH_UNIT ( ) NAMED_UNIT ( * ) SI_UNIT ( .MILLI., .METRE. ) );
#4503 = VECTOR ( 'NONE', #2721, 1000.000000000000000 ) ;
#4504 = UNCERTAINTY_MEASURE_WITH_UNIT (LENGTH_MEASURE( 1.000000000000000082E-05 ), #408, 'distance_accuracy_value', 'NONE');
#4505 = DIRECTION ( 'NONE',  ( 0.000000000000000000, -0.000000000000000000, -1.000000000000000000 ) ) ;
#4506 = DIRECTION ( 'NONE',  ( 0.000000000000000000, 0.000000000000000000, -1.000000000000000000 ) ) ;
#4507 = ORIENTED_EDGE ( 'NONE', *, *, #1351, .F. ) ;
#4508 = FACE_OUTER_BOUND ( 'NONE', #10707, .T. ) ;
#4509 = DIRECTION ( 'NONE',  ( 1.000000000000000000, 0.000000000000000000, 2.710505431213753985E-15 ) ) ;
#4510 = COLOUR_RGB ( '',0.2862745098039215508, 0.2862745098039215508, 0.2862745098039215508 ) ;
#4511 =( GEOMETRIC_REPRESENTATION_CONTEXT ( 3 ) GLOBAL_UNCERTAINTY_ASSIGNED_CONTEXT ( ( #9801 ) ) GLOBAL_UNIT_ASSIGNED_CONTEXT ( ( #6321, #8479, #3782 ) ) REPRESENTATION_CONTEXT ( 'NONE', 'WORKASPACE' ) );
#4512 = DIRECTION ( 'NONE',  ( 0.7071067811865469066, -0.7071067811865482389, 0.000000000000000000 ) ) ;
#4513 = LINE ( 'NONE', #7137, #7380 ) ;
#4514 = PRESENTATION_STYLE_ASSIGNMENT (( #9048 ) ) ;
#4515 = CARTESIAN_POINT ( 'NONE',  ( -0.3549999999999999267, 2.419999999999999929, 0.000000000000000000 ) ) ;
#4516 =( GEOMETRIC_REPRESENTATION_CONTEXT ( 3 ) GLOBAL_UNCERTAINTY_ASSIGNED_CONTEXT ( ( #6921 ) ) GLOBAL_UNIT_ASSIGNED_CONTEXT ( ( #3981, #5026, #7787 ) ) REPRESENTATION_CONTEXT ( 'NONE', 'WORKASPACE' ) );
#4517 = FILL_AREA_STYLE ('',( #1530 ) ) ;
#4518 = SURFACE_STYLE_FILL_AREA ( #8503 ) ;
#4519 = VERTEX_POINT ( 'NONE', #6370 ) ;
#4520 = DIRECTION ( 'NONE',  ( 0.000000000000000000, 0.000000000000000000, -1.000000000000000000 ) ) ;
#4521 = COLOUR_RGB ( '',0.2862745098039215508, 0.2862745098039215508, 0.2862745098039215508 ) ;
#4522 = ORIENTED_EDGE ( 'NONE', *, *, #6380, .F. ) ;
#4523 = DIRECTION ( 'NONE',  ( -0.000000000000000000, -0.000000000000000000, 1.000000000000000000 ) ) ;
#4524 = AXIS2_PLACEMENT_3D ( 'NONE', #261, #7436, #3139 ) ;
#4525 = CARTESIAN_POINT ( 'NONE',  ( -2.495422264807301449, -2.739999999999997993, 0.2499999999999997224 ) ) ;
#4526 = VECTOR ( 'NONE', #11695, 1000.000000000000000 ) ;
#4527 =( GEOMETRIC_REPRESENTATION_CONTEXT ( 3 ) GLOBAL_UNCERTAINTY_ASSIGNED_CONTEXT ( ( #4324 ) ) GLOBAL_UNIT_ASSIGNED_CONTEXT ( ( #10576, #508, #4917 ) ) REPRESENTATION_CONTEXT ( 'NONE', 'WORKASPACE' ) );
#4528 = SURFACE_STYLE_FILL_AREA ( #937 ) ;
#4529 = PRESENTATION_LAYER_ASSIGNMENT (  '', '', ( #10478 ) ) ;
#4530 = MECHANICAL_DESIGN_GEOMETRIC_PRESENTATION_REPRESENTATION (  '', ( #1853 ), #8337 ) ;
#4531 = ORIENTED_EDGE ( 'NONE', *, *, #11636, .T. ) ;
#4532 = DIRECTION ( 'NONE',  ( -0.000000000000000000, -1.000000000000000000, -0.000000000000000000 ) ) ;
#4533 = UNCERTAINTY_MEASURE_WITH_UNIT (LENGTH_MEASURE( 1.000000000000000082E-05 ), #505, 'distance_accuracy_value', 'NONE');
#4534 = VERTEX_POINT ( 'NONE', #10042 ) ;
#4535 = CARTESIAN_POINT ( 'NONE',  ( -0.3774999999999997802, 2.770000000000000018, 0.2500000000000000000 ) ) ;
#4536 = PRODUCT_RELATED_PRODUCT_CATEGORY ( 'part', '', ( #9555 ) ) ;
#4537 = ORIENTED_EDGE ( 'NONE', *, *, #10726, .F. ) ;
#4538 =( NAMED_UNIT ( * ) PLANE_ANGLE_UNIT ( ) SI_UNIT ( $, .RADIAN. ) );
#4539 = CARTESIAN_POINT ( 'NONE',  ( 2.359914723019252758, -2.603043993245602206, 1.070023976510459329 ) ) ;
#4540 = EDGE_LOOP ( 'NONE', ( #4872, #2738, #3923, #3069 ) ) ;
#4541 = DIRECTION ( 'NONE',  ( 1.000000000000000000, 2.025954424498460092E-16, 0.000000000000000000 ) ) ;
#4542 = DIRECTION ( 'NONE',  ( -0.000000000000000000, -0.000000000000000000, -1.000000000000000000 ) ) ;
#4543 = EDGE_CURVE ( 'NONE', #5022, #7292, #7454, .T. ) ;
#4544 =( NAMED_UNIT ( * ) SI_UNIT ( $, .STERADIAN. ) SOLID_ANGLE_UNIT ( ) );
#4545 = EDGE_LOOP ( 'NONE', ( #540, #3001, #1792, #11693 ) ) ;
#4546 = STYLED_ITEM ( 'NONE', ( #7907 ), #5488 ) ;
#4547 = SURFACE_SIDE_STYLE ('',( #1790 ) ) ;
#4548 = CARTESIAN_POINT ( 'NONE',  ( 0.3775000000000000022, -2.620000000000000107, 0.000000000000000000 ) ) ;
#4549 = VERTEX_POINT ( 'NONE', #3704 ) ;
#4550 = ADVANCED_FACE ( 'NONE', ( #1957 ), #160, .F. ) ;
#4551 = EDGE_CURVE ( 'NONE', #3699, #209, #3223, .T. ) ;
#4552 = CIRCLE ( 'NONE', #11881, 0.03750000000000020678 ) ;
#4553 = COLOUR_RGB ( '',0.2862745098039215508, 0.2862745098039215508, 0.2862745098039215508 ) ;
#4554 = SURFACE_STYLE_FILL_AREA ( #1917 ) ;
#4555 = MECHANICAL_DESIGN_GEOMETRIC_PRESENTATION_REPRESENTATION (  '', ( #3805 ), #6447 ) ;
#4556 = CARTESIAN_POINT ( 'NONE',  ( -1.685000000000000053, 5.551115123125779744E-16, 0.000000000000000000 ) ) ;
#4557 = ADVANCED_FACE ( 'NONE', ( #8470 ), #2986, .T. ) ;
#4558 = CARTESIAN_POINT ( 'NONE',  ( -2.185000000000000497, 2.469999999999999751, 0.2500000000000000000 ) ) ;
#4559 = ORIENTED_EDGE ( 'NONE', *, *, #11018, .T. ) ;
#4560 = EDGE_CURVE ( 'NONE', #11512, #1677, #519, .T. ) ;
#4561 =( NAMED_UNIT ( * ) PLANE_ANGLE_UNIT ( ) SI_UNIT ( $, .RADIAN. ) );
#4562 = COLOUR_RGB ( '',0.8313725490196077761, 0.8313725490196077761, 0.8313725490196077761 ) ;
#4563 = CIRCLE ( 'NONE', #9914, 0.03749999999999999167 ) ;
#4564 = EDGE_CURVE ( 'NONE', #9968, #2750, #4931, .T. ) ;
#4565 = DIRECTION ( 'NONE',  ( 1.000000000000000000, 0.000000000000000000, 0.000000000000000000 ) ) ;
#4566 = EDGE_LOOP ( 'NONE', ( #2402, #9236, #10007, #9040 ) ) ;
#4567 = FILL_AREA_STYLE_COLOUR ( '', #10987 ) ;
#4568 = DIRECTION ( 'NONE',  ( -0.000000000000000000, -1.000000000000000000, -0.000000000000000000 ) ) ;
#4569 = VECTOR ( 'NONE', #8226, 1000.000000000000000 ) ;
#4570 = MECHANICAL_DESIGN_GEOMETRIC_PRESENTATION_REPRESENTATION (  '', ( #7241 ), #6470 ) ;
#4571 = SURFACE_SIDE_STYLE ('',( #5571 ) ) ;
#4572 = PRESENTATION_LAYER_ASSIGNMENT (  '', '', ( #8198 ) ) ;
#4573 = FACE_OUTER_BOUND ( 'NONE', #8299, .T. ) ;
#4574 = EDGE_CURVE ( 'NONE', #9412, #1687, #3105, .T. ) ;
#4575 = DIRECTION ( 'NONE',  ( 1.000000000000000000, 0.000000000000000000, 0.000000000000000000 ) ) ;
#4576 = FILL_AREA_STYLE_COLOUR ( '', #8509 ) ;
#4577 = STYLED_ITEM ( 'NONE', ( #9390 ), #6287 ) ;
#4578 = SURFACE_STYLE_FILL_AREA ( #1044 ) ;
#4579 = PLANE ( 'NONE',  #8907 ) ;
#4580 = SURFACE_SIDE_STYLE ('',( #926 ) ) ;
#4581 = ORIENTED_EDGE ( 'NONE', *, *, #9093, .T. ) ;
#4582 = DIRECTION ( 'NONE',  ( -0.000000000000000000, -1.000000000000000000, -0.000000000000000000 ) ) ;
#4583 = ORIENTED_EDGE ( 'NONE', *, *, #4358, .T. ) ;
#4584 = MECHANICAL_DESIGN_GEOMETRIC_PRESENTATION_REPRESENTATION (  '', ( #2097 ), #8976 ) ;
#4585 = CARTESIAN_POINT ( 'NONE',  ( -2.495000000000000107, -2.739999999999999325, 0.2499999999999942546 ) ) ;
#4586 = SURFACE_STYLE_USAGE ( .BOTH. , #6358 ) ;
#4587 = DIRECTION ( 'NONE',  ( 1.000000000000000000, 0.000000000000000000, -0.000000000000000000 ) ) ;
#4588 =( NAMED_UNIT ( * ) PLANE_ANGLE_UNIT ( ) SI_UNIT ( $, .RADIAN. ) );
#4589 = DIRECTION ( 'NONE',  ( 1.000000000000000000, 0.000000000000000000, 0.000000000000000000 ) ) ;
#4590 = EDGE_CURVE ( 'NONE', #1663, #10374, #5838, .T. ) ;
#4591 = LINE ( 'NONE', #8120, #5859 ) ;
#4592 = FILL_AREA_STYLE_COLOUR ( '', #4677 ) ;
#4593 = VERTEX_POINT ( 'NONE', #11216 ) ;
#4594 = SURFACE_STYLE_FILL_AREA ( #11768 ) ;
#4595 = LINE ( 'NONE', #2800, #3003 ) ;
#4596 = LINE ( 'NONE', #5719, #6638 ) ;
#4597 = SURFACE_STYLE_FILL_AREA ( #3887 ) ;
#4598 = VERTEX_POINT ( 'NONE', #10537 ) ;
#4599 = CARTESIAN_POINT ( 'NONE',  ( 0.8549999999999999822, 2.507499999999999840, 0.000000000000000000 ) ) ;
#4600 = ORIENTED_EDGE ( 'NONE', *, *, #114, .T. ) ;
#4601 =( NAMED_UNIT ( * ) SI_UNIT ( $, .STERADIAN. ) SOLID_ANGLE_UNIT ( ) );
#4602 = SURFACE_STYLE_USAGE ( .BOTH. , #10862 ) ;
#4603 = ORIENTED_EDGE ( 'NONE', *, *, #9006, .F. ) ;
#4604 = CARTESIAN_POINT ( 'NONE',  ( 0.3775000000000000022, -2.657500000000000195, 0.000000000000000000 ) ) ;
#4605 =( NAMED_UNIT ( * ) PLANE_ANGLE_UNIT ( ) SI_UNIT ( $, .RADIAN. ) );
#4606 = EDGE_LOOP ( 'NONE', ( #9147, #886, #8821, #8816 ) ) ;
#4607 = DIRECTION ( 'NONE',  ( 1.000000000000000000, 0.000000000000000000, 0.000000000000000000 ) ) ;
#4608 = ORIENTED_EDGE ( 'NONE', *, *, #834, .T. ) ;
#4609 = SURFACE_STYLE_FILL_AREA ( #9208 ) ;
#4610 =( NAMED_UNIT ( * ) PLANE_ANGLE_UNIT ( ) SI_UNIT ( $, .RADIAN. ) );
#4611 =( NAMED_UNIT ( * ) SI_UNIT ( $, .STERADIAN. ) SOLID_ANGLE_UNIT ( ) );
#4612 = DIRECTION ( 'NONE',  ( 0.000000000000000000, -0.000000000000000000, -1.000000000000000000 ) ) ;
#4613 = MECHANICAL_DESIGN_GEOMETRIC_PRESENTATION_REPRESENTATION (  '', ( #1169 ), #7861 ) ;
#4614 = DIRECTION ( 'NONE',  ( 0.000000000000000000, 1.000000000000000000, 0.000000000000000000 ) ) ;
#4615 = VERTEX_POINT ( 'NONE', #11457 ) ;
#4616 = UNCERTAINTY_MEASURE_WITH_UNIT (LENGTH_MEASURE( 1.000000000000000082E-05 ), #8114, 'distance_accuracy_value', 'NONE');
#4617 = DIRECTION ( 'NONE',  ( -1.000000000000000000, 0.000000000000000000, -0.000000000000000000 ) ) ;
#4618 = SURFACE_STYLE_USAGE ( .BOTH. , #1025 ) ;
#4619 = CARTESIAN_POINT ( 'NONE',  ( 2.394980999734315663, 2.559980999734317919, 1.075827626996971986 ) ) ;
#4620 = ORIENTED_EDGE ( 'NONE', *, *, #4590, .F. ) ;
#4621 = FILL_AREA_STYLE ('',( #977 ) ) ;
#4622 = ADVANCED_FACE ( 'NONE', ( #9499 ), #7685, .T. ) ;
#4623 = CARTESIAN_POINT ( 'NONE',  ( 2.354463867161250334, -2.519463867161250370, 1.020000000000000462 ) ) ;
#4624 = ADVANCED_FACE ( 'NONE', ( #634 ), #5234, .F. ) ;
#4625 = SURFACE_SIDE_STYLE ('',( #5639 ) ) ;
#4626 = DIRECTION ( 'NONE',  ( 0.000000000000000000, -1.000000000000000000, -0.000000000000000000 ) ) ;
#4627 = DIRECTION ( 'NONE',  ( 0.000000000000000000, -1.000000000000000000, 0.000000000000000000 ) ) ;
#4628 = UNCERTAINTY_MEASURE_WITH_UNIT (LENGTH_MEASURE( 1.000000000000000082E-05 ), #2317, 'distance_accuracy_value', 'NONE');
#4629 = DIRECTION ( 'NONE',  ( -0.000000000000000000, -0.000000000000000000, -1.000000000000000000 ) ) ;
#4630 = FILL_AREA_STYLE ('',( #3936 ) ) ;
#4631 = COLOUR_RGB ( '',0.8313725490196077761, 0.8313725490196077761, 0.8313725490196077761 ) ;
#4632 = PRESENTATION_STYLE_ASSIGNMENT (( #74 ) ) ;
#4633 = ORIENTED_EDGE ( 'NONE', *, *, #1138, .F. ) ;
#4634 = VERTEX_POINT ( 'NONE', #9789 ) ;
#4635 =( NAMED_UNIT ( * ) SI_UNIT ( $, .STERADIAN. ) SOLID_ANGLE_UNIT ( ) );
#4636 = CARTESIAN_POINT ( 'NONE',  ( -2.496266715016313587, -2.739989970828018429, 0.2500554620476082013 ) ) ;
#4637 = EDGE_CURVE ( 'NONE', #7378, #6740, #2382, .T. ) ;
#4638 = LINE ( 'NONE', #2730, #7238 ) ;
#4639 = MECHANICAL_DESIGN_GEOMETRIC_PRESENTATION_REPRESENTATION (  '', ( #5211 ), #7514 ) ;
#4640 = DIRECTION ( 'NONE',  ( -0.000000000000000000, -0.000000000000000000, -1.000000000000000000 ) ) ;
#4641 =( LENGTH_UNIT ( ) NAMED_UNIT ( * ) SI_UNIT ( .MILLI., .METRE. ) );
#4642 = ORIENTED_EDGE ( 'NONE', *, *, #3209, .F. ) ;
#4643 = FILL_AREA_STYLE_COLOUR ( '', #2544 ) ;
#4644 = VECTOR ( 'NONE', #8592, 1000.000000000000000 ) ;
#4645 = UNCERTAINTY_MEASURE_WITH_UNIT (LENGTH_MEASURE( 1.000000000000000082E-05 ), #7883, 'distance_accuracy_value', 'NONE');
#4646 = CARTESIAN_POINT ( 'NONE',  ( 0.8549999999999999822, -2.782500000000000195, 0.2500000000000000000 ) ) ;
#4647 = ORIENTED_EDGE ( 'NONE', *, *, #8940, .T. ) ;
#4648 =( LENGTH_UNIT ( ) NAMED_UNIT ( * ) SI_UNIT ( .MILLI., .METRE. ) );
#4649 = STYLED_ITEM ( 'NONE', ( #9886 ), #1482 ) ;
#4650 = VECTOR ( 'NONE', #4329, 1000.000000000000000 ) ;
#4651 = ORIENTED_EDGE ( 'NONE', *, *, #4143, .F. ) ;
#4652 = LINE ( 'NONE', #8293, #4034 ) ;
#4653 = DIRECTION ( 'NONE',  ( 0.000000000000000000, 1.000000000000000000, 0.000000000000000000 ) ) ;
#4654 = ORIENTED_EDGE ( 'NONE', *, *, #1549, .F. ) ;
#4655 = VECTOR ( 'NONE', #10368, 1000.000000000000000 ) ;
#4656 = PRESENTATION_LAYER_ASSIGNMENT (  '', '', ( #842 ) ) ;
#4657 = UNCERTAINTY_MEASURE_WITH_UNIT (LENGTH_MEASURE( 1.000000000000000082E-05 ), #10163, 'distance_accuracy_value', 'NONE');
#4658 = CARTESIAN_POINT ( 'NONE',  ( -0.3775000000000000022, 2.469999999999998419, 0.000000000000000000 ) ) ;
#4659 =( NAMED_UNIT ( * ) PLANE_ANGLE_UNIT ( ) SI_UNIT ( $, .RADIAN. ) );
#4660 = EDGE_LOOP ( 'NONE', ( #4858, #10181, #5940, #1387 ) ) ;
#4661 = CARTESIAN_POINT ( 'NONE',  ( 1.905000000000000027, 2.419999999999999929, 0.2500000000000000000 ) ) ;
#4662 = ORIENTED_EDGE ( 'NONE', *, *, #2964, .F. ) ;
#4663 = CARTESIAN_POINT ( 'NONE',  ( 2.149999999999999911, 2.419999999999999929, 0.000000000000000000 ) ) ;
#4664 = MECHANICAL_DESIGN_GEOMETRIC_PRESENTATION_REPRESENTATION (  '', ( #9829 ), #8490 ) ;
#4665 = AXIS2_PLACEMENT_3D ( 'NONE', #8374, #9277, #8431 ) ;
#4666 =( NAMED_UNIT ( * ) PLANE_ANGLE_UNIT ( ) SI_UNIT ( $, .RADIAN. ) );
#4667 = SURFACE_SIDE_STYLE ('',( #6331 ) ) ;
#4668 = LINE ( 'NONE', #784, #1825 ) ;
#4669 = STYLED_ITEM ( 'NONE', ( #1306 ), #9457 ) ;
#4670 = CARTESIAN_POINT ( 'NONE',  ( -2.185000000000000053, -0.07999999999999894695, 0.000000000000000000 ) ) ;
#4671 = ORIENTED_EDGE ( 'NONE', *, *, #2579, .T. ) ;
#4672 = MECHANICAL_DESIGN_GEOMETRIC_PRESENTATION_REPRESENTATION (  '', ( #1047 ), #3734 ) ;
#4673 = DIRECTION ( 'NONE',  ( 1.000000000000000000, 0.000000000000000000, -0.000000000000000000 ) ) ;
#4674 = ORIENTED_EDGE ( 'NONE', *, *, #9149, .F. ) ;
#4675 = DIRECTION ( 'NONE',  ( -2.025954424498460092E-16, 1.000000000000000000, 0.000000000000000000 ) ) ;
#4676 =( NAMED_UNIT ( * ) SI_UNIT ( $, .STERADIAN. ) SOLID_ANGLE_UNIT ( ) );
#4677 = COLOUR_RGB ( '',0.2862745098039215508, 0.2862745098039215508, 0.2862745098039215508 ) ;
#4678 = ORIENTED_EDGE ( 'NONE', *, *, #2231, .F. ) ;
#4679 = CARTESIAN_POINT ( 'NONE',  ( 2.125000000000000000, -2.319999999999999840, 0.2500000000000000000 ) ) ;
#4680 = MECHANICAL_DESIGN_GEOMETRIC_PRESENTATION_REPRESENTATION (  '', ( #11811 ), #7165 ) ;
#4681 = PRESENTATION_STYLE_ASSIGNMENT (( #11812 ) ) ;
#4682 = AXIS2_PLACEMENT_3D ( 'NONE', #8385, #2234, #9474 ) ;
#4683 = EDGE_CURVE ( 'NONE', #6493, #4256, #8763, .T. ) ;
#4684 = ORIENTED_EDGE ( 'NONE', *, *, #829, .T. ) ;
#4685 = EDGE_CURVE ( 'NONE', #8722, #1984, #11696, .T. ) ;
#4686 = ORIENTED_EDGE ( 'NONE', *, *, #6953, .T. ) ;
#4687 = SURFACE_STYLE_FILL_AREA ( #8399 ) ;
#4688 = CARTESIAN_POINT ( 'NONE',  ( -2.705000000000000071, -0.5799999999999989608, 0.000000000000000000 ) ) ;
#4689 = LINE ( 'NONE', #993, #84 ) ;
#4690 = STYLED_ITEM ( 'NONE', ( #9645 ), #7853 ) ;
#4691 = FACE_OUTER_BOUND ( 'NONE', #7256, .T. ) ;
#4692 = EDGE_CURVE ( 'NONE', #4144, #8484, #10840, .T. ) ;
#4693 = CARTESIAN_POINT ( 'NONE',  ( 1.905000000000000027, -2.770000000000000018, 0.000000000000000000 ) ) ;
#4694 = ORIENTED_EDGE ( 'NONE', *, *, #3678, .T. ) ;
#4695 = VECTOR ( 'NONE', #6249, 1000.000000000000000 ) ;
#4696 = EDGE_CURVE ( 'NONE', #10092, #1981, #750, .T. ) ;
#4697 = VECTOR ( 'NONE', #3680, 1000.000000000000000 ) ;
#4698 = PRESENTATION_STYLE_ASSIGNMENT (( #3771 ) ) ;
#4699 = ORIENTED_EDGE ( 'NONE', *, *, #8975, .T. ) ;
#4700 = VERTEX_POINT ( 'NONE', #10703 ) ;
#4701 = ADVANCED_FACE ( 'NONE', ( #6015 ), #2503, .T. ) ;
#4702 = DIRECTION ( 'NONE',  ( 0.000000000000000000, 1.000000000000000000, 0.000000000000000000 ) ) ;
#4703 = CARTESIAN_POINT ( 'NONE',  ( -2.185000000000000053, 2.419999999999999929, 0.000000000000000000 ) ) ;
#4704 = MECHANICAL_DESIGN_GEOMETRIC_PRESENTATION_REPRESENTATION (  '', ( #2808 ), #1465 ) ;
#4705 = VERTEX_POINT ( 'NONE', #1881 ) ;
#4706 = CARTESIAN_POINT ( 'NONE',  ( -2.091767347705010049, -2.092049114840340174, 0.003000000000000000062 ) ) ;
#4707 = PRESENTATION_STYLE_ASSIGNMENT (( #2204 ) ) ;
#4708 = DIRECTION ( 'NONE',  ( 0.000000000000000000, 0.000000000000000000, 1.000000000000000000 ) ) ;
#4709 = ORIENTED_EDGE ( 'NONE', *, *, #9830, .T. ) ;
#4710 = DIRECTION ( 'NONE',  ( 1.000000000000000000, 0.000000000000000000, -0.000000000000000000 ) ) ;
#4711 = ORIENTED_EDGE ( 'NONE', *, *, #11091, .T. ) ;
#4712 = CARTESIAN_POINT ( 'NONE',  ( 2.185000000000000497, -0.6799999999999990496, 0.2500000000000000000 ) ) ;
#4713 = ORIENTED_EDGE ( 'NONE', *, *, #6514, .T. ) ;
#4714 = DIRECTION ( 'NONE',  ( -1.000000000000000000, 6.167905692361980167E-15, 0.000000000000000000 ) ) ;
#4715 =( GEOMETRIC_REPRESENTATION_CONTEXT ( 3 ) GLOBAL_UNCERTAINTY_ASSIGNED_CONTEXT ( ( #1542 ) ) GLOBAL_UNIT_ASSIGNED_CONTEXT ( ( #5521, #11079, #6527 ) ) REPRESENTATION_CONTEXT ( 'NONE', 'WORKASPACE' ) );
#4716 = COLOUR_RGB ( '',0.8313725490196077761, 0.8313725490196077761, 0.8313725490196077761 ) ;
#4717 = CARTESIAN_POINT ( 'NONE',  ( -2.381424832439820172, -0.6799999999999988276, 0.000000000000000000 ) ) ;
#4718 = PLANE ( 'NONE',  #8020 ) ;
#4719 =( NAMED_UNIT ( * ) SI_UNIT ( $, .STERADIAN. ) SOLID_ANGLE_UNIT ( ) );
#4720 = ORIENTED_EDGE ( 'NONE', *, *, #6160, .T. ) ;
#4721 = STYLED_ITEM ( 'NONE', ( #1745 ), #5297 ) ;
#4722 = DIRECTION ( 'NONE',  ( 0.000000000000000000, -5.421010862427522959E-15, 1.000000000000000000 ) ) ;
#4723 = ORIENTED_EDGE ( 'NONE', *, *, #1993, .T. ) ;
#4724 = ADVANCED_FACE ( 'NONE', ( #803 ), #2787, .T. ) ;
#4725 = CARTESIAN_POINT ( 'NONE',  ( -2.162500000000000089, 2.820000000000000284, 0.2500000000000000000 ) ) ;
#4726 = ORIENTED_EDGE ( 'NONE', *, *, #9687, .F. ) ;
#4727 = CARTESIAN_POINT ( 'NONE',  ( -2.575000000000000178, 2.740000000000000213, 0.000000000000000000 ) ) ;
#4728 = CARTESIAN_POINT ( 'NONE',  ( 2.291224643694581342, 2.652943593871504913, 1.039907042525826331 ) ) ;
#4729 = CARTESIAN_POINT ( 'NONE',  ( -0.8549999999999999822, -2.657500000000000195, 0.000000000000000000 ) ) ;
#4730 = ORIENTED_EDGE ( 'NONE', *, *, #9899, .T. ) ;
#4731 = LINE ( 'NONE', #8384, #7493 ) ;
#4732 = COLOUR_RGB ( '',0.8313725490196077761, 0.8313725490196077761, 0.8313725490196077761 ) ;
#4733 = SURFACE_SIDE_STYLE ('',( #5637 ) ) ;
#4734 = PRESENTATION_STYLE_ASSIGNMENT (( #9233 ) ) ;
#4735 = CARTESIAN_POINT ( 'NONE',  ( -2.185000000000000497, 2.419999999999999929, 0.2500000000000000000 ) ) ;
#4736 = STYLED_ITEM ( 'NONE', ( #8724 ), #5781 ) ;
#4737 = CARTESIAN_POINT ( 'NONE',  ( -0.3775000000000000022, -2.657500000000000195, 0.2500000000000000000 ) ) ;
#4738 = UNCERTAINTY_MEASURE_WITH_UNIT (LENGTH_MEASURE( 1.000000000000000082E-05 ), #6510, 'distance_accuracy_value', 'NONE');
#4739 = SURFACE_STYLE_FILL_AREA ( #3815 ) ;
#4740 = CARTESIAN_POINT ( 'NONE',  ( 2.162500000000000089, 2.770000000000000018, 0.000000000000000000 ) ) ;
#4741 = PRESENTATION_STYLE_ASSIGNMENT (( #10218 ) ) ;
#4742 = DIRECTION ( 'NONE',  ( 1.000000000000000000, -0.000000000000000000, 0.000000000000000000 ) ) ;
#4743 = VECTOR ( 'NONE', #3457, 1000.000000000000000 ) ;
#4744 = VERTEX_POINT ( 'NONE', #1818 ) ;
#4745 = STYLED_ITEM ( 'NONE', ( #5165 ), #5872 ) ;
#4746 = VERTEX_POINT ( 'NONE', #5470 ) ;
#4747 = CARTESIAN_POINT ( 'NONE',  ( -2.359914723019252758, 2.603043993245603982, 1.070023976510459773 ) ) ;
#4748 = SURFACE_STYLE_FILL_AREA ( #5944 ) ;
#4749 = VECTOR ( 'NONE', #10440, 1000.000000000000000 ) ;
#4750 =( LENGTH_UNIT ( ) NAMED_UNIT ( * ) SI_UNIT ( .MILLI., .METRE. ) );
#4751 = DIRECTION ( 'NONE',  ( -1.961804795305459932E-16, 1.000000000000000000, -3.547520967773199645E-17 ) ) ;
#4752 = EDGE_CURVE ( 'NONE', #2750, #2457, #5751, .T. ) ;
#4753 = FILL_AREA_STYLE ('',( #3827 ) ) ;
#4754 = ORIENTED_EDGE ( 'NONE', *, *, #10977, .F. ) ;
#4755 = CARTESIAN_POINT ( 'NONE',  ( 0.8924999999999999600, -2.819999999999999840, 0.000000000000000000 ) ) ;
#4756 = COLOUR_RGB ( '',0.2862745098039215508, 0.2862745098039215508, 0.2862745098039215508 ) ;
#4757 = SURFACE_STYLE_USAGE ( .BOTH. , #3832 ) ;
#4758 = FACE_OUTER_BOUND ( 'NONE', #2258, .T. ) ;
#4759 = EDGE_LOOP ( 'NONE', ( #4322, #480, #3904, #10712 ) ) ;
#4760 = LINE ( 'NONE', #9253, #11 ) ;
#4761 = VERTEX_POINT ( 'NONE', #10900 ) ;
#4762 = EDGE_CURVE ( 'NONE', #5200, #3420, #9175, .T. ) ;
#4763 = CARTESIAN_POINT ( 'NONE',  ( -2.162500000000000089, -2.820000000000000284, 0.000000000000000000 ) ) ;
#4764 = ADVANCED_FACE ( 'NONE', ( #1206 ), #10091, .F. ) ;
#4765 = PRESENTATION_LAYER_ASSIGNMENT (  '', '', ( #9940 ) ) ;
#4766 = ORIENTED_EDGE ( 'NONE', *, *, #6514, .F. ) ;
#4767 = DIRECTION ( 'NONE',  ( 1.000000000000000000, 0.000000000000000000, 0.000000000000000000 ) ) ;
#4768 = LINE ( 'NONE', #6622, #8397 ) ;
#4769 =( NAMED_UNIT ( * ) PLANE_ANGLE_UNIT ( ) SI_UNIT ( $, .RADIAN. ) );
#4770 = ORIENTED_EDGE ( 'NONE', *, *, #11388, .T. ) ;
#4771 = SURFACE_STYLE_FILL_AREA ( #113 ) ;
#4772 = SURFACE_STYLE_FILL_AREA ( #9327 ) ;
#4773 = ORIENTED_EDGE ( 'NONE', *, *, #2868, .T. ) ;
#4774 = CARTESIAN_POINT ( 'NONE',  ( -1.685000000000000275, 2.770000000000000018, 0.2500000000000000000 ) ) ;
#4775 = ADVANCED_FACE ( 'NONE', ( #9531 ), #5088, .F. ) ;
#4776 = ORIENTED_EDGE ( 'NONE', *, *, #3085, .F. ) ;
#4777 = SURFACE_STYLE_USAGE ( .BOTH. , #7598 ) ;
#4778 = CIRCLE ( 'NONE', #9374, 0.03749999999999999167 ) ;
#4779 = ORIENTED_EDGE ( 'NONE', *, *, #9521, .F. ) ;
#4780 = LINE ( 'NONE', #2043, #10788 ) ;
#4781 = ORIENTED_EDGE ( 'NONE', *, *, #7930, .F. ) ;
#4782 = CARTESIAN_POINT ( 'NONE',  ( -1.647500000000000187, -2.770000000000000018, 0.2500000000000000000 ) ) ;
#4783 = CARTESIAN_POINT ( 'NONE',  ( 2.427844933809971906, 2.554456236527854252, 1.040354425807745509 ) ) ;
#4784 = LINE ( 'NONE', #1269, #2823 ) ;
#4785 = ORIENTED_EDGE ( 'NONE', *, *, #6649, .F. ) ;
#4786 = DIRECTION ( 'NONE',  ( 0.000000000000000000, -0.000000000000000000, 1.000000000000000000 ) ) ;
#4787 = PRESENTATION_STYLE_ASSIGNMENT (( #1150 ) ) ;
#4788 = MECHANICAL_DESIGN_GEOMETRIC_PRESENTATION_REPRESENTATION (  '', ( #8992 ), #1363 ) ;
#4789 = DIRECTION ( 'NONE',  ( 1.000000000000000000, 0.000000000000000000, 0.000000000000000000 ) ) ;
#4790 = VECTOR ( 'NONE', #885, 1000.000000000000000 ) ;
#4791 = PLANE ( 'NONE',  #8883 ) ;
#4792 = CARTESIAN_POINT ( 'NONE',  ( 2.185000000000000497, 0.02000000000000060410, 0.000000000000000000 ) ) ;
#4793 = CARTESIAN_POINT ( 'NONE',  ( -0.8924999999999999600, 2.469999999999999751, 0.2500000000000000000 ) ) ;
#4794 = DIRECTION ( 'NONE',  ( -1.000000000000000000, -0.000000000000000000, 0.000000000000000000 ) ) ;
#4795 = VECTOR ( 'NONE', #2021, 1000.000000000000000 ) ;
#4796 = CARTESIAN_POINT ( 'NONE',  ( 0.3774999999999998912, -2.770000000000000018, 0.000000000000000000 ) ) ;
#4797 = ORIENTED_EDGE ( 'NONE', *, *, #6815, .T. ) ;
#4798 = AXIS2_PLACEMENT_3D ( 'NONE', #4024, #6623, #5850 ) ;
#4799 = EDGE_LOOP ( 'NONE', ( #11084, #2747, #3723, #4316 ) ) ;
#4800 = DIRECTION ( 'NONE',  ( 1.000000000000000000, 0.000000000000000000, 0.000000000000000000 ) ) ;
#4801 = CARTESIAN_POINT ( 'NONE',  ( -2.185000000000000053, 2.770000000000000018, 0.000000000000000000 ) ) ;
#4802 =( NAMED_UNIT ( * ) PLANE_ANGLE_UNIT ( ) SI_UNIT ( $, .RADIAN. ) );
#4803 = DIRECTION ( 'NONE',  ( 1.000000000000000000, 0.000000000000000000, -0.000000000000000000 ) ) ;
#4804 = VERTEX_POINT ( 'NONE', #3189 ) ;
#4805 = PLANE ( 'NONE',  #10984 ) ;
#4806 = LINE ( 'NONE', #5537, #11291 ) ;
#4807 =( NAMED_UNIT ( * ) PLANE_ANGLE_UNIT ( ) SI_UNIT ( $, .RADIAN. ) );
#4808 = EDGE_LOOP ( 'NONE', ( #4766, #10138 ) ) ;
#4809 = COLOUR_RGB ( '',0.8313725490196077761, 0.8313725490196077761, 0.8313725490196077761 ) ;
#4810 = VERTEX_POINT ( 'NONE', #11539 ) ;
#4811 = VECTOR ( 'NONE', #4786, 1000.000000000000000 ) ;
#4812 = SURFACE_SIDE_STYLE ('',( #11289 ) ) ;
#4813 = ORIENTED_EDGE ( 'NONE', *, *, #810, .F. ) ;
#4814 = SURFACE_STYLE_FILL_AREA ( #5728 ) ;
#4815 = AXIS2_PLACEMENT_3D ( 'NONE', #666, #11542, #7971 ) ;
#4816 = CARTESIAN_POINT ( 'NONE',  ( 0.8549999999999999822, 5.551115123125779744E-16, 0.000000000000000000 ) ) ;
#4817 =( NAMED_UNIT ( * ) PLANE_ANGLE_UNIT ( ) SI_UNIT ( $, .RADIAN. ) );
#4818 = ORIENTED_EDGE ( 'NONE', *, *, #8409, .T. ) ;
#4819 = COLOUR_RGB ( '',0.2862745098039215508, 0.2862745098039215508, 0.2862745098039215508 ) ;
#4820 = ORIENTED_EDGE ( 'NONE', *, *, #3178, .T. ) ;
#4821 = EDGE_CURVE ( 'NONE', #4705, #9564, #10562, .T. ) ;
#4822 = EDGE_CURVE ( 'NONE', #691, #362, #7720, .T. ) ;
#4823 = LINE ( 'NONE', #298, #4373 ) ;
#4824 = LINE ( 'NONE', #7595, #10202 ) ;
#4825 =( GEOMETRIC_REPRESENTATION_CONTEXT ( 3 ) GLOBAL_UNCERTAINTY_ASSIGNED_CONTEXT ( ( #7781 ) ) GLOBAL_UNIT_ASSIGNED_CONTEXT ( ( #44, #10871, #6448 ) ) REPRESENTATION_CONTEXT ( 'NONE', 'WORKASPACE' ) );
#4826 = SURFACE_STYLE_FILL_AREA ( #8492 ) ;
#4827 = DIRECTION ( 'NONE',  ( -0.000000000000000000, -0.000000000000000000, 1.000000000000000000 ) ) ;
#4828 = VECTOR ( 'NONE', #898, 1000.000000000000000 ) ;
#4829 = ORIENTED_EDGE ( 'NONE', *, *, #4233, .F. ) ;
#4830 = FACE_OUTER_BOUND ( 'NONE', #1476, .T. ) ;
#4831 = LINE ( 'NONE', #1201, #6176 ) ;
#4832 = ORIENTED_EDGE ( 'NONE', *, *, #3906, .F. ) ;
#4833 = PRESENTATION_LAYER_ASSIGNMENT (  '', '', ( #1022 ) ) ;
#4834 = FILL_AREA_STYLE ('',( #6577 ) ) ;
#4835 = ORIENTED_EDGE ( 'NONE', *, *, #7189, .T. ) ;
#4836 = DIRECTION ( 'NONE',  ( 1.000000000000000000, -0.000000000000000000, 0.000000000000000000 ) ) ;
#4837 = STYLED_ITEM ( 'NONE', ( #6869 ), #1627 ) ;
#4838 = ADVANCED_FACE ( 'NONE', ( #7664 ), #378, .F. ) ;
#4839 = MECHANICAL_DESIGN_GEOMETRIC_PRESENTATION_REPRESENTATION (  '', ( #842 ), #10226 ) ;
#4840 = ADVANCED_FACE ( 'NONE', ( #7789 ), #717, .T. ) ;
#4841 = PRESENTATION_STYLE_ASSIGNMENT (( #1757 ) ) ;
#4842 = VERTEX_POINT ( 'NONE', #7117 ) ;
#4843 = CARTESIAN_POINT ( 'NONE',  ( -1.647500000000000187, -2.819999999999999840, 0.000000000000000000 ) ) ;
#4844 = SURFACE_SIDE_STYLE ('',( #9349 ) ) ;
#4845 = VECTOR ( 'NONE', #1728, 1000.000000000000114 ) ;
#4846 = LINE ( 'NONE', #7548, #1632 ) ;
#4847 = AXIS2_PLACEMENT_3D ( 'NONE', #6377, #5253, #7168 ) ;
#4848 = VECTOR ( 'NONE', #9461, 1000.000000000000000 ) ;
#4849 = CARTESIAN_POINT ( 'NONE',  ( -0.6350000000000000089, -3.220000000000000195, 0.000000000000000000 ) ) ;
#4850 = UNCERTAINTY_MEASURE_WITH_UNIT (LENGTH_MEASURE( 1.000000000000000082E-05 ), #7782, 'distance_accuracy_value', 'NONE');
#4851 =( NAMED_UNIT ( * ) PLANE_ANGLE_UNIT ( ) SI_UNIT ( $, .RADIAN. ) );
#4852 = SURFACE_SIDE_STYLE ('',( #1221 ) ) ;
#4853 = EDGE_CURVE ( 'NONE', #10770, #2487, #5322, .T. ) ;
#4854 = CARTESIAN_POINT ( 'NONE',  ( -2.354463867161247670, -2.598187122972951180, 1.034235483637909736 ) ) ;
#4855 = FACE_OUTER_BOUND ( 'NONE', #9790, .T. ) ;
#4856 = ORIENTED_EDGE ( 'NONE', *, *, #8215, .T. ) ;
#4857 = SURFACE_STYLE_FILL_AREA ( #11446 ) ;
#4858 = ORIENTED_EDGE ( 'NONE', *, *, #11177, .T. ) ;
#4859 = DIRECTION ( 'NONE',  ( 0.7071067811865414665, 0.7071067811865536790, 0.000000000000000000 ) ) ;
#4860 = SURFACE_SIDE_STYLE ('',( #4748 ) ) ;
#4861 = MECHANICAL_DESIGN_GEOMETRIC_PRESENTATION_REPRESENTATION (  '', ( #11813 ), #6978 ) ;
#4862 = SURFACE_STYLE_USAGE ( .BOTH. , #10158 ) ;
#4863 = DIRECTION ( 'NONE',  ( 1.000000000000000000, 0.000000000000000000, 0.000000000000000000 ) ) ;
#4864 = CARTESIAN_POINT ( 'NONE',  ( 0.000000000000000000, 5.551115123125779744E-16, 0.000000000000000000 ) ) ;
#4865 = ORIENTED_EDGE ( 'NONE', *, *, #10035, .T. ) ;
#4866 = STYLED_ITEM ( 'NONE', ( #4514 ), #7523 ) ;
#4867 = DIRECTION ( 'NONE',  ( 0.000000000000000000, 0.000000000000000000, 1.000000000000000000 ) ) ;
#4868 = CARTESIAN_POINT ( 'NONE',  ( 1.287500000000000089, 2.663147480579540094, 0.6750000000000000444 ) ) ;
#4869 = EDGE_LOOP ( 'NONE', ( #635, #11751, #7645, #190 ) ) ;
#4870 = SURFACE_STYLE_FILL_AREA ( #11347 ) ;
#4871 = AXIS2_PLACEMENT_3D ( 'NONE', #5491, #1006, #3653 ) ;
#4872 = ORIENTED_EDGE ( 'NONE', *, *, #4822, .F. ) ;
#4873 = CARTESIAN_POINT ( 'NONE',  ( -0.8924999999999999600, -2.657500000000000195, 0.000000000000000000 ) ) ;
#4874 = CARTESIAN_POINT ( 'NONE',  ( 0.8925000000000000711, 2.770000000000000018, 0.000000000000000000 ) ) ;
#4875 = ORIENTED_EDGE ( 'NONE', *, *, #6207, .T. ) ;
#4876 = CIRCLE ( 'NONE', #5299, 0.07999999999999990452 ) ;
#4877 = PRESENTATION_LAYER_ASSIGNMENT (  '', '', ( #4159 ) ) ;
#4878 = FILL_AREA_STYLE_COLOUR ( '', #6704 ) ;
#4879 = CARTESIAN_POINT ( 'NONE',  ( 2.149999999999999911, 2.419999999999999929, 0.2500000000000000000 ) ) ;
#4880 = CARTESIAN_POINT ( 'NONE',  ( -0.8549999999999996492, -2.782500000000000195, 0.000000000000000000 ) ) ;
#4881 = ORIENTED_EDGE ( 'NONE', *, *, #1693, .T. ) ;
#4882 = CARTESIAN_POINT ( 'NONE',  ( 1.905000000000000027, -2.770000000000000018, 0.2500000000000000000 ) ) ;
#4883 = EDGE_CURVE ( 'NONE', #11180, #6011, #10875, .T. ) ;
#4884 = UNCERTAINTY_MEASURE_WITH_UNIT (LENGTH_MEASURE( 1.000000000000000082E-05 ), #6895, 'distance_accuracy_value', 'NONE');
#4885 = ORIENTED_EDGE ( 'NONE', *, *, #1560, .T. ) ;
#4886 = LINE ( 'NONE', #7475, #7796 ) ;
#4887 = PRESENTATION_LAYER_ASSIGNMENT (  '', '', ( #7203 ) ) ;
#4888 = ADVANCED_FACE ( 'NONE', ( #6274 ), #8026, .T. ) ;
#4889 =( NAMED_UNIT ( * ) PLANE_ANGLE_UNIT ( ) SI_UNIT ( $, .RADIAN. ) );
#4890 = SURFACE_STYLE_FILL_AREA ( #2285 ) ;
#4891 = VERTEX_POINT ( 'NONE', #5000 ) ;
#4892 = VECTOR ( 'NONE', #8983, 1000.000000000000000 ) ;
#4893 = EDGE_CURVE ( 'NONE', #8680, #11767, #7034, .T. ) ;
#4894 = EDGE_CURVE ( 'NONE', #4152, #2487, #7945, .T. ) ;
#4895 = PRESENTATION_STYLE_ASSIGNMENT (( #5922 ) ) ;
#4896 = VERTEX_POINT ( 'NONE', #2331 ) ;
#4897 = SURFACE_SIDE_STYLE ('',( #11426 ) ) ;
#4898 = LINE ( 'NONE', #7485, #11495 ) ;
#4899 = SURFACE_STYLE_USAGE ( .BOTH. , #5985 ) ;
#4900 = PRESENTATION_STYLE_ASSIGNMENT (( #3017 ) ) ;
#4901 = ORIENTED_EDGE ( 'NONE', *, *, #10731, .T. ) ;
#4902 = CARTESIAN_POINT ( 'NONE',  ( -0.9150000000000000355, 1.070000000000000062, 0.2500000000000000000 ) ) ;
#4903 = DIRECTION ( 'NONE',  ( 0.000000000000000000, 0.000000000000000000, 1.000000000000000000 ) ) ;
#4904 = COLOUR_RGB ( '',0.8313725490196077761, 0.8313725490196077761, 0.8313725490196077761 ) ;
#4905 = VECTOR ( 'NONE', #4161, 1000.000000000000000 ) ;
#4906 = CARTESIAN_POINT ( 'NONE',  ( -0.4149999999999999800, -2.319999999999999840, 0.2500000000000000000 ) ) ;
#4907 = EDGE_CURVE ( 'NONE', #1535, #7231, #8828, .T. ) ;
#4908 = EDGE_CURVE ( 'NONE', #11807, #8504, #4309, .T. ) ;
#4909 = PRESENTATION_STYLE_ASSIGNMENT (( #1154 ) ) ;
#4910 = SURFACE_SIDE_STYLE ('',( #11605 ) ) ;
#4911 = CIRCLE ( 'NONE', #11668, 0.07999999999999990452 ) ;
#4912 = CARTESIAN_POINT ( 'NONE',  ( -2.149999999999999911, 2.419999999999999929, 0.000000000000000000 ) ) ;
#4913 = VECTOR ( 'NONE', #2047, 1000.000000000000000 ) ;
#4914 = CARTESIAN_POINT ( 'NONE',  ( -5.551115123125779744E-16, 2.470000000000000195, 0.2500000000000000000 ) ) ;
#4915 = CARTESIAN_POINT ( 'NONE',  ( 1.647500000000000187, 2.470000000000000195, 0.000000000000000000 ) ) ;
#4916 = ORIENTED_EDGE ( 'NONE', *, *, #2519, .T. ) ;
#4917 =( NAMED_UNIT ( * ) SI_UNIT ( $, .STERADIAN. ) SOLID_ANGLE_UNIT ( ) );
#4918 = ORIENTED_EDGE ( 'NONE', *, *, #11796, .F. ) ;
#4919 = CARTESIAN_POINT ( 'NONE',  ( -2.149999999999999911, 0.02000000000000048614, 0.000000000000000000 ) ) ;
#4920 =( LENGTH_UNIT ( ) NAMED_UNIT ( * ) SI_UNIT ( .MILLI., .METRE. ) );
#4921 = VECTOR ( 'NONE', #5954, 1000.000000000000000 ) ;
#4922 = DIRECTION ( 'NONE',  ( 0.000000000000000000, 0.000000000000000000, 1.000000000000000000 ) ) ;
#4923 = SURFACE_STYLE_FILL_AREA ( #3098 ) ;
#4924 = CIRCLE ( 'NONE', #6871, 0.03750000000000020678 ) ;
#4925 = SURFACE_STYLE_FILL_AREA ( #4753 ) ;
#4926 = AXIS2_PLACEMENT_3D ( 'NONE', #2780, #3741, #5692 ) ;
#4927 = ORIENTED_EDGE ( 'NONE', *, *, #4202, .F. ) ;
#4928 = CARTESIAN_POINT ( 'NONE',  ( 2.125000000000000000, 2.507499999999999840, 0.000000000000000000 ) ) ;
#4929 = CARTESIAN_POINT ( 'NONE',  ( -2.125000000000000444, 2.507499999999999840, 0.000000000000000000 ) ) ;
#4930 = DIRECTION ( 'NONE',  ( 0.000000000000000000, 1.000000000000000000, 0.000000000000000000 ) ) ;
#4931 = LINE ( 'NONE', #10349, #4388 ) ;
#4932 = ORIENTED_EDGE ( 'NONE', *, *, #668, .T. ) ;
#4933 = DIRECTION ( 'NONE',  ( 0.000000000000000000, 0.000000000000000000, 1.000000000000000000 ) ) ;
#4934 = VERTEX_POINT ( 'NONE', #10713 ) ;
#4935 = VECTOR ( 'NONE', #9121, 1000.000000000000000 ) ;
#4936 = DIRECTION ( 'NONE',  ( 0.000000000000000000, 0.000000000000000000, 1.000000000000000000 ) ) ;
#4937 = AXIS2_PLACEMENT_3D ( 'NONE', #5513, #11136, #11006 ) ;
#4938 = VECTOR ( 'NONE', #10325, 1000.000000000000000 ) ;
#4939 =( NAMED_UNIT ( * ) PLANE_ANGLE_UNIT ( ) SI_UNIT ( $, .RADIAN. ) );
#4940 = EDGE_LOOP ( 'NONE', ( #7270, #10307, #10438, #684, #9866, #7638, #11481, #11131, #11072, #1358, #5114, #10729, #11173, #8635, #6436, #6813, #5247, #10000, #11639, #7088, #7298, #5775, #8874, #10658, #2556, #5715, #1344, #588 ) ) ;
#4941 = VECTOR ( 'NONE', #2195, 1000.000000000000000 ) ;
#4942 = SURFACE_STYLE_USAGE ( .BOTH. , #10600 ) ;
#4943 =( NAMED_UNIT ( * ) SI_UNIT ( $, .STERADIAN. ) SOLID_ANGLE_UNIT ( ) );
#4944 = CARTESIAN_POINT ( 'NONE',  ( -2.381424832439820172, -0.07999999999999900246, 0.2500000000000000000 ) ) ;
#4945 = ORIENTED_EDGE ( 'NONE', *, *, #9467, .T. ) ;
#4946 =( LENGTH_UNIT ( ) NAMED_UNIT ( * ) SI_UNIT ( .MILLI., .METRE. ) );
#4947 = LINE ( 'NONE', #9269, #11737 ) ;
#4948 =( GEOMETRIC_REPRESENTATION_CONTEXT ( 3 ) GLOBAL_UNCERTAINTY_ASSIGNED_CONTEXT ( ( #11604 ) ) GLOBAL_UNIT_ASSIGNED_CONTEXT ( ( #5798, #3909, #5013 ) ) REPRESENTATION_CONTEXT ( 'NONE', 'WORKASPACE' ) );
#4949 =( LENGTH_UNIT ( ) NAMED_UNIT ( * ) SI_UNIT ( .MILLI., .METRE. ) );
#4950 = DIRECTION ( 'NONE',  ( -0.000000000000000000, -0.000000000000000000, -1.000000000000000000 ) ) ;
#4951 = LINE ( 'NONE', #8610, #3838 ) ;
#4952 = CARTESIAN_POINT ( 'NONE',  ( 0.3775000000000000022, -2.620000000000000107, 0.000000000000000000 ) ) ;
#4953 = ORIENTED_EDGE ( 'NONE', *, *, #2062, .F. ) ;
#4954 = MECHANICAL_DESIGN_GEOMETRIC_PRESENTATION_REPRESENTATION (  '', ( #1341 ), #6459 ) ;
#4955 = DIRECTION ( 'NONE',  ( 2.837236618486540049E-13, 1.000000000000000000, 0.000000000000000000 ) ) ;
#4956 = PRESENTATION_STYLE_ASSIGNMENT (( #7712 ) ) ;
#4957 = CARTESIAN_POINT ( 'NONE',  ( -2.125000000000000000, -2.620000000000000551, 0.2500000000000000000 ) ) ;
#4958 = EDGE_LOOP ( 'NONE', ( #424, #5055, #11896, #7828 ) ) ;
#4959 = FILL_AREA_STYLE ('',( #5024 ) ) ;
#4960 = VERTEX_POINT ( 'NONE', #6916 ) ;
#4961 = FACE_OUTER_BOUND ( 'NONE', #3249, .T. ) ;
#4962 = CARTESIAN_POINT ( 'NONE',  ( -0.8924999999999999600, 2.507499999999999840, 0.2500000000000000000 ) ) ;
#4963 = FACE_OUTER_BOUND ( 'NONE', #4566, .T. ) ;
#4964 = VERTEX_POINT ( 'NONE', #3353 ) ;
#4965 = DIRECTION ( 'NONE',  ( 1.000000000000000000, 0.000000000000000000, 0.000000000000000000 ) ) ;
#4966 = LINE ( 'NONE', #6588, #5668 ) ;
#4967 = EDGE_CURVE ( 'NONE', #6934, #145, #4191, .T. ) ;
#4968 = AXIS2_PLACEMENT_3D ( 'NONE', #2505, #4185, #2384 ) ;
#4969 =( NAMED_UNIT ( * ) SI_UNIT ( $, .STERADIAN. ) SOLID_ANGLE_UNIT ( ) );
#4970 =( NAMED_UNIT ( * ) SI_UNIT ( $, .STERADIAN. ) SOLID_ANGLE_UNIT ( ) );
#4971 = UNCERTAINTY_MEASURE_WITH_UNIT (LENGTH_MEASURE( 1.000000000000000082E-05 ), #3517, 'distance_accuracy_value', 'NONE');
#4972 =( LENGTH_UNIT ( ) NAMED_UNIT ( * ) SI_UNIT ( .MILLI., .METRE. ) );
#4973 = DIRECTION ( 'NONE',  ( -0.000000000000000000, -0.000000000000000000, -1.000000000000000000 ) ) ;
#4974 =( NAMED_UNIT ( * ) SI_UNIT ( $, .STERADIAN. ) SOLID_ANGLE_UNIT ( ) );
#4975 = FILL_AREA_STYLE ('',( #3205 ) ) ;
#4976 = ORIENTED_EDGE ( 'NONE', *, *, #9960, .T. ) ;
#4977 = EDGE_CURVE ( 'NONE', #8535, #4256, #470, .T. ) ;
#4978 = AXIS2_PLACEMENT_3D ( 'NONE', #5619, #6628, #4714 ) ;
#4979 = ADVANCED_FACE ( 'NONE', ( #11516 ), #9686, .T. ) ;
#4980 = PRESENTATION_STYLE_ASSIGNMENT (( #6769 ) ) ;
#4981 = ORIENTED_EDGE ( 'NONE', *, *, #6875, .T. ) ;
#4982 = SURFACE_STYLE_FILL_AREA ( #11500 ) ;
#4983 = FILL_AREA_STYLE_COLOUR ( '', #6077 ) ;
#4984 = SURFACE_SIDE_STYLE ('',( #11277 ) ) ;
#4985 = CARTESIAN_POINT ( 'NONE',  ( -2.185000000000000497, -0.07999999999999901634, 0.000000000000000000 ) ) ;
#4986 = UNCERTAINTY_MEASURE_WITH_UNIT (LENGTH_MEASURE( 1.000000000000000082E-05 ), #10085, 'distance_accuracy_value', 'NONE');
#4987 = DIRECTION ( 'NONE',  ( 0.000000000000000000, -0.000000000000000000, 1.000000000000000000 ) ) ;
#4988 = ORIENTED_EDGE ( 'NONE', *, *, #391, .F. ) ;
#4989 = FILL_AREA_STYLE ('',( #1355 ) ) ;
#4990 = LINE ( 'NONE', #10588, #4501 ) ;
#4991 = LINE ( 'NONE', #6910, #4921 ) ;
#4992 =( LENGTH_UNIT ( ) NAMED_UNIT ( * ) SI_UNIT ( .MILLI., .METRE. ) );
#4993 = ORIENTED_EDGE ( 'NONE', *, *, #3255, .F. ) ;
#4994 = DIRECTION ( 'NONE',  ( 0.000000000000000000, 1.000000000000000000, 0.000000000000000000 ) ) ;
#4995 = ADVANCED_FACE ( 'NONE', ( #5126 ), #4183, .T. ) ;
#4996 = VERTEX_POINT ( 'NONE', #5053 ) ;
#4997 = DIRECTION ( 'NONE',  ( -1.000000000000000000, 0.000000000000000000, 0.000000000000000000 ) ) ;
#4998 =( GEOMETRIC_REPRESENTATION_CONTEXT ( 3 ) GLOBAL_UNCERTAINTY_ASSIGNED_CONTEXT ( ( #1042 ) ) GLOBAL_UNIT_ASSIGNED_CONTEXT ( ( #2929, #4769, #5442 ) ) REPRESENTATION_CONTEXT ( 'NONE', 'WORKASPACE' ) );
#4999 = FACE_OUTER_BOUND ( 'NONE', #3652, .T. ) ;
#5000 = CARTESIAN_POINT ( 'NONE',  ( -2.162500000000000089, 2.820000000000000284, 0.000000000000000000 ) ) ;
#5001 =( NAMED_UNIT ( * ) SI_UNIT ( $, .STERADIAN. ) SOLID_ANGLE_UNIT ( ) );
#5002 = FACE_OUTER_BOUND ( 'NONE', #9527, .T. ) ;
#5003 = ORIENTED_EDGE ( 'NONE', *, *, #1428, .T. ) ;
#5004 = DIRECTION ( 'NONE',  ( 0.000000000000000000, -0.000000000000000000, 1.000000000000000000 ) ) ;
#5005 = AXIS2_PLACEMENT_3D ( 'NONE', #6311, #8956, #9864 ) ;
#5006 = UNCERTAINTY_MEASURE_WITH_UNIT (LENGTH_MEASURE( 1.000000000000000082E-05 ), #7128, 'distance_accuracy_value', 'NONE');
#5007 = VECTOR ( 'NONE', #1931, 1000.000000000000000 ) ;
#5008 = CARTESIAN_POINT ( 'NONE',  ( 0.8924999999999999600, 2.469999999999996199, 0.000000000000000000 ) ) ;
#5009 = EDGE_LOOP ( 'NONE', ( #430, #4168, #352, #8540 ) ) ;
#5010 = CARTESIAN_POINT ( 'NONE',  ( 1.647500000000000187, 2.507499999999999840, 0.000000000000000000 ) ) ;
#5011 = VECTOR ( 'NONE', #4407, 1000.000000000000000 ) ;
#5012 = SURFACE_STYLE_USAGE ( .BOTH. , #10309 ) ;
#5013 =( NAMED_UNIT ( * ) SI_UNIT ( $, .STERADIAN. ) SOLID_ANGLE_UNIT ( ) );
#5014 = SURFACE_SIDE_STYLE ('',( #5194 ) ) ;
#5015 = AXIS2_PLACEMENT_3D ( 'NONE', #11752, #10837, #924 ) ;
#5016 = COLOUR_RGB ( '',0.8313725490196077761, 0.8313725490196077761, 0.8313725490196077761 ) ;
#5017 = ORIENTED_EDGE ( 'NONE', *, *, #6380, .T. ) ;
#5018 = VECTOR ( 'NONE', #11920, 1000.000000000000000 ) ;
#5019 = PRESENTATION_STYLE_ASSIGNMENT (( #2523 ) ) ;
#5020 = FACE_OUTER_BOUND ( 'NONE', #3171, .T. ) ;
#5021 = PLANE ( 'NONE',  #6755 ) ;
#5022 = VERTEX_POINT ( 'NONE', #8651 ) ;
#5023 = DIRECTION ( 'NONE',  ( -0.1751915364254295615, 0.1751915364254252594, 0.9688218882383883290 ) ) ;
#5024 = FILL_AREA_STYLE_COLOUR ( '', #8264 ) ;
#5025 = ORIENTED_EDGE ( 'NONE', *, *, #7640, .T. ) ;
#5026 =( NAMED_UNIT ( * ) PLANE_ANGLE_UNIT ( ) SI_UNIT ( $, .RADIAN. ) );
#5027 = CYLINDRICAL_SURFACE ( 'NONE', #10504, 0.03749999999999988065 ) ;
#5028 = VECTOR ( 'NONE', #6386, 1000.000000000000000 ) ;
#5029 = LINE ( 'NONE', #5874, #714 ) ;
#5030 =( GEOMETRIC_REPRESENTATION_CONTEXT ( 3 ) GLOBAL_UNCERTAINTY_ASSIGNED_CONTEXT ( ( #5602 ) ) GLOBAL_UNIT_ASSIGNED_CONTEXT ( ( #5827, #5648, #2907 ) ) REPRESENTATION_CONTEXT ( 'NONE', 'WORKASPACE' ) );
#5031 = CARTESIAN_POINT ( 'NONE',  ( 1.905000000000000027, -2.319999999999999840, 0.2500000000000000000 ) ) ;
#5032 =( GEOMETRIC_REPRESENTATION_CONTEXT ( 3 ) GLOBAL_UNCERTAINTY_ASSIGNED_CONTEXT ( ( #6050 ) ) GLOBAL_UNIT_ASSIGNED_CONTEXT ( ( #10991, #479, #11409 ) ) REPRESENTATION_CONTEXT ( 'NONE', 'WORKASPACE' ) );
#5033 = DIRECTION ( 'NONE',  ( -0.000000000000000000, -0.000000000000000000, 1.000000000000000000 ) ) ;
#5034 = VECTOR ( 'NONE', #3065, 1000.000000000000000 ) ;
#5035 = FILL_AREA_STYLE ('',( #5935 ) ) ;
#5036 = SURFACE_STYLE_USAGE ( .BOTH. , #9603 ) ;
#5037 = LINE ( 'NONE', #4051, #502 ) ;
#5038 = FACE_OUTER_BOUND ( 'NONE', #9333, .T. ) ;
#5039 = DIRECTION ( 'NONE',  ( -0.000000000000000000, -0.000000000000000000, -1.000000000000000000 ) ) ;
#5040 = FACE_OUTER_BOUND ( 'NONE', #10179, .T. ) ;
#5041 = ORIENTED_EDGE ( 'NONE', *, *, #8859, .T. ) ;
#5042 = DIRECTION ( 'NONE',  ( 0.000000000000000000, 0.000000000000000000, -1.000000000000000000 ) ) ;
#5043 = FACE_OUTER_BOUND ( 'NONE', #3062, .T. ) ;
#5044 = CIRCLE ( 'NONE', #11213, 0.03749999999999999167 ) ;
#5045 = EDGE_CURVE ( 'NONE', #1955, #6414, #4911, .T. ) ;
#5046 = CARTESIAN_POINT ( 'NONE',  ( -2.125000000000000000, -2.782500000000000195, 0.2500000000000000000 ) ) ;
#5047 =( GEOMETRIC_REPRESENTATION_CONTEXT ( 3 ) GLOBAL_UNCERTAINTY_ASSIGNED_CONTEXT ( ( #8124 ) ) GLOBAL_UNIT_ASSIGNED_CONTEXT ( ( #3113, #2996, #4943 ) ) REPRESENTATION_CONTEXT ( 'NONE', 'WORKASPACE' ) );
#5048 = VECTOR ( 'NONE', #8884, 1000.000000000000000 ) ;
#5049 = EDGE_LOOP ( 'NONE', ( #3443, #8677, #5290, #11101 ) ) ;
#5050 = PRESENTATION_LAYER_ASSIGNMENT (  '', '', ( #10628 ) ) ;
#5051 = LINE ( 'NONE', #11454, #7121 ) ;
#5052 = EDGE_CURVE ( 'NONE', #3890, #7754, #7873, .T. ) ;
#5053 = CARTESIAN_POINT ( 'NONE',  ( -2.574989970828019281, 2.661266715016320283, 0.2500554620476143075 ) ) ;
#5054 = FILL_AREA_STYLE_COLOUR ( '', #9241 ) ;
#5055 = ORIENTED_EDGE ( 'NONE', *, *, #8423, .T. ) ;
#5056 = DIRECTION ( 'NONE',  ( 1.000000000000000000, 0.000000000000000000, 0.000000000000000000 ) ) ;
#5057 = CIRCLE ( 'NONE', #2588, 0.07999999999999986289 ) ;
#5058 = VERTEX_POINT ( 'NONE', #4248 ) ;
#5059 =( NAMED_UNIT ( * ) SI_UNIT ( $, .STERADIAN. ) SOLID_ANGLE_UNIT ( ) );
#5060 = EDGE_CURVE ( 'NONE', #7689, #1533, #5837, .T. ) ;
#5061 = ADVANCED_FACE ( 'NONE', ( #4129 ), #11510, .T. ) ;
#5062 = AXIS2_PLACEMENT_3D ( 'NONE', #1353, #2253, #4987 ) ;
#5063 = SURFACE_STYLE_USAGE ( .BOTH. , #9628 ) ;
#5064 = ORIENTED_EDGE ( 'NONE', *, *, #3399, .T. ) ;
#5065 =( GEOMETRIC_REPRESENTATION_CONTEXT ( 3 ) GLOBAL_UNCERTAINTY_ASSIGNED_CONTEXT ( ( #9922 ) ) GLOBAL_UNIT_ASSIGNED_CONTEXT ( ( #7170, #10798, #956 ) ) REPRESENTATION_CONTEXT ( 'NONE', 'WORKASPACE' ) );
#5066 = DIRECTION ( 'NONE',  ( -1.233581138472399978E-14, 1.000000000000000000, 0.000000000000000000 ) ) ;
#5067 = EDGE_CURVE ( 'NONE', #362, #9867, #4991, .T. ) ;
#5068 = CARTESIAN_POINT ( 'NONE',  ( -2.185000000000000053, 2.469999999999999751, 0.000000000000000000 ) ) ;
#5069 = VERTEX_POINT ( 'NONE', #2381 ) ;
#5070 = COLOUR_RGB ( '',0.2862745098039215508, 0.2862745098039215508, 0.2862745098039215508 ) ;
#5071 =( LENGTH_UNIT ( ) NAMED_UNIT ( * ) SI_UNIT ( .MILLI., .METRE. ) );
#5072 = SURFACE_STYLE_USAGE ( .BOTH. , #1432 ) ;
#5073 = COLOUR_RGB ( '',0.8313725490196077761, 0.8313725490196077761, 0.8313725490196077761 ) ;
#5074 =( LENGTH_UNIT ( ) NAMED_UNIT ( * ) SI_UNIT ( .MILLI., .METRE. ) );
#5075 = PRESENTATION_STYLE_ASSIGNMENT (( #4320 ) ) ;
#5076 = CIRCLE ( 'NONE', #7190, 0.03750000000000031780 ) ;
#5077 = ORIENTED_EDGE ( 'NONE', *, *, #11778, .T. ) ;
#5078 = EDGE_CURVE ( 'NONE', #5312, #3660, #576, .T. ) ;
#5079 = DIRECTION ( 'NONE',  ( -1.000000000000000000, 2.482885368578150050E-15, 0.000000000000000000 ) ) ;
#5080 = DIRECTION ( 'NONE',  ( 0.000000000000000000, 1.000000000000000000, 0.000000000000000000 ) ) ;
#5081 = SURFACE_SIDE_STYLE ('',( #4890 ) ) ;
#5082 = ORIENTED_EDGE ( 'NONE', *, *, #7993, .T. ) ;
#5083 = AXIS2_PLACEMENT_3D ( 'NONE', #11665, #3430, #9822 ) ;
#5084 = FACE_OUTER_BOUND ( 'NONE', #8420, .T. ) ;
#5085 = ORIENTED_EDGE ( 'NONE', *, *, #8291, .T. ) ;
#5086 = CARTESIAN_POINT ( 'NONE',  ( -1.647500000000000187, 2.507499999999999840, 0.000000000000000000 ) ) ;
#5087 = AXIS2_PLACEMENT_3D ( 'NONE', #3336, #9561, #3153 ) ;
#5088 = CYLINDRICAL_SURFACE ( 'NONE', #7226, 0.03749999999999999167 ) ;
#5089 = VECTOR ( 'NONE', #7205, 1000.000000000000000 ) ;
#5090 = DIRECTION ( 'NONE',  ( 0.000000000000000000, 0.000000000000000000, 1.000000000000000000 ) ) ;
#5091 = SURFACE_SIDE_STYLE ('',( #8262 ) ) ;
#5092 = CARTESIAN_POINT ( 'NONE',  ( -0.9150000000000000355, 2.470000000000000195, 0.000000000000000000 ) ) ;
#5093 = FILL_AREA_STYLE ('',( #4228 ) ) ;
#5094 = PRESENTATION_STYLE_ASSIGNMENT (( #9716 ) ) ;
#5095 = CIRCLE ( 'NONE', #1666, 0.07999999999999986289 ) ;
#5096 = LINE ( 'NONE', #2356, #5473 ) ;
#5097 = UNCERTAINTY_MEASURE_WITH_UNIT (LENGTH_MEASURE( 1.000000000000000082E-05 ), #9063, 'distance_accuracy_value', 'NONE');
#5098 = FILL_AREA_STYLE_COLOUR ( '', #7495 ) ;
#5099 =( NAMED_UNIT ( * ) SI_UNIT ( $, .STERADIAN. ) SOLID_ANGLE_UNIT ( ) );
#5100 = DIRECTION ( 'NONE',  ( 0.2974806214264160698, -0.8622610147216600573, 0.4098917202956490757 ) ) ;
#5101 = SURFACE_SIDE_STYLE ('',( #4397 ) ) ;
#5102 = ORIENTED_EDGE ( 'NONE', *, *, #3694, .F. ) ;
#5103 = CIRCLE ( 'NONE', #3398, 0.03749999999999999167 ) ;
#5104 =( GEOMETRIC_REPRESENTATION_CONTEXT ( 3 ) GLOBAL_UNCERTAINTY_ASSIGNED_CONTEXT ( ( #4884 ) ) GLOBAL_UNIT_ASSIGNED_CONTEXT ( ( #6895, #443, #4116 ) ) REPRESENTATION_CONTEXT ( 'NONE', 'WORKASPACE' ) );
#5105 = SURFACE_SIDE_STYLE ('',( #4857 ) ) ;
#5106 = CYLINDRICAL_SURFACE ( 'NONE', #3910, 0.07999999999999986289 ) ;
#5107 = SURFACE_STYLE_FILL_AREA ( #3446 ) ;
#5108 = FILL_AREA_STYLE ('',( #8812 ) ) ;
#5109 = DIRECTION ( 'NONE',  ( -0.000000000000000000, -0.000000000000000000, -1.000000000000000000 ) ) ;
#5110 = MECHANICAL_DESIGN_GEOMETRIC_PRESENTATION_REPRESENTATION (  '', ( #11879 ), #9715 ) ;
#5111 = DIRECTION ( 'NONE',  ( 1.000000000000000000, 0.000000000000000000, 0.000000000000000000 ) ) ;
#5112 = UNCERTAINTY_MEASURE_WITH_UNIT (LENGTH_MEASURE( 1.000000000000000082E-05 ), #7547, 'distance_accuracy_value', 'NONE');
#5113 = CARTESIAN_POINT ( 'NONE',  ( 2.125000000000000000, 2.507499999999999840, 0.000000000000000000 ) ) ;
#5114 = ORIENTED_EDGE ( 'NONE', *, *, #3252, .F. ) ;
#5115 = CARTESIAN_POINT ( 'NONE',  ( -2.149999999999999911, 2.419999999999999929, 0.000000000000000000 ) ) ;
#5116 = FILL_AREA_STYLE_COLOUR ( '', #10517 ) ;
#5117 = EDGE_LOOP ( 'NONE', ( #2763, #10106, #1541, #8906 ) ) ;
#5118 = LINE ( 'NONE', #8653, #5545 ) ;
#5119 = EDGE_LOOP ( 'NONE', ( #9223, #3710, #884, #5601 ) ) ;
#5120 = PRESENTATION_LAYER_ASSIGNMENT (  '', '', ( #1869 ) ) ;
#5121 = PRESENTATION_LAYER_ASSIGNMENT (  '', '', ( #9134 ) ) ;
#5122 = FILL_AREA_STYLE_COLOUR ( '', #1524 ) ;
#5123 = DIRECTION ( 'NONE',  ( -3.038931636747690137E-16, 1.000000000000000000, 0.000000000000000000 ) ) ;
#5124 = ADVANCED_FACE ( 'NONE', ( #8762 ), #6673, .T. ) ;
#5125 = LINE ( 'NONE', #8770, #2087 ) ;
#5126 = FACE_OUTER_BOUND ( 'NONE', #4463, .T. ) ;
#5127 =( NAMED_UNIT ( * ) PLANE_ANGLE_UNIT ( ) SI_UNIT ( $, .RADIAN. ) );
#5128 = EDGE_LOOP ( 'NONE', ( #3219, #7835, #5085, #3888 ) ) ;
#5129 = FACE_OUTER_BOUND ( 'NONE', #6691, .T. ) ;
#5130 = UNCERTAINTY_MEASURE_WITH_UNIT (LENGTH_MEASURE( 1.000000000000000082E-05 ), #409, 'distance_accuracy_value', 'NONE');
#5131 = CARTESIAN_POINT ( 'NONE',  ( 1.905000000000000027, 2.470000000000000195, 0.000000000000000000 ) ) ;
#5132 = CARTESIAN_POINT ( 'NONE',  ( -0.3775000000000000022, 2.507499999999999840, 0.2500000000000000000 ) ) ;
#5133 = CARTESIAN_POINT ( 'NONE',  ( -0.3549999999999999822, 2.419999999999999929, 0.000000000000000000 ) ) ;
#5134 = STYLED_ITEM ( 'NONE', ( #7500 ), #6822 ) ;
#5135 = EDGE_CURVE ( 'NONE', #9356, #3115, #10107, .T. ) ;
#5136 = COLOUR_RGB ( '',0.2862745098039215508, 0.2862745098039215508, 0.2862745098039215508 ) ;
#5137 = ADVANCED_FACE ( 'NONE', ( #1880 ), #9174, .F. ) ;
#5138 = FILL_AREA_STYLE_COLOUR ( '', #1335 ) ;
#5139 = CARTESIAN_POINT ( 'NONE',  ( -2.185000000000000053, -1.080000000000000293, 0.000000000000000000 ) ) ;
#5140 = AXIS2_PLACEMENT_3D ( 'NONE', #4222, #3302, #4098 ) ;
#5141 = ORIENTED_EDGE ( 'NONE', *, *, #4410, .F. ) ;
#5142 = DIRECTION ( 'NONE',  ( 0.000000000000000000, 1.000000000000000000, 0.000000000000000000 ) ) ;
#5143 = VECTOR ( 'NONE', #1327, 1000.000000000000000 ) ;
#5144 = UNCERTAINTY_MEASURE_WITH_UNIT (LENGTH_MEASURE( 1.000000000000000082E-05 ), #3643, 'distance_accuracy_value', 'NONE');
#5145 = AXIS2_PLACEMENT_3D ( 'NONE', #7243, #10254, #10128 ) ;
#5146 = PRESENTATION_STYLE_ASSIGNMENT (( #3425 ) ) ;
#5147 = ORIENTED_EDGE ( 'NONE', *, *, #11556, .T. ) ;
#5148 = FACE_OUTER_BOUND ( 'NONE', #3286, .T. ) ;
#5149 = CARTESIAN_POINT ( 'NONE',  ( -5.551115123125779744E-16, 2.740000000000000213, 0.2500000000000000000 ) ) ;
#5150 = ORIENTED_EDGE ( 'NONE', *, *, #4233, .T. ) ;
#5151 = DIRECTION ( 'NONE',  ( -1.000000000000000000, 0.000000000000000000, 0.000000000000000000 ) ) ;
#5152 = STYLED_ITEM ( 'NONE', ( #5651 ), #233 ) ;
#5153 = SURFACE_STYLE_USAGE ( .BOTH. , #1562 ) ;
#5154 = EDGE_CURVE ( 'NONE', #3161, #10560, #11082, .T. ) ;
#5155 = CIRCLE ( 'NONE', #8029, 0.1867673477050099673 ) ;
#5156 = DIRECTION ( 'NONE',  ( -0.000000000000000000, -0.000000000000000000, 1.000000000000000000 ) ) ;
#5157 = VECTOR ( 'NONE', #11746, 1000.000000000000000 ) ;
#5158 = DIRECTION ( 'NONE',  ( 0.000000000000000000, 1.000000000000000000, 0.000000000000000000 ) ) ;
#5159 = FILL_AREA_STYLE ('',( #2424 ) ) ;
#5160 = CARTESIAN_POINT ( 'NONE',  ( -2.381424832439820172, -0.07999999999999871103, 0.2500000000000000000 ) ) ;
#5161 = CARTESIAN_POINT ( 'NONE',  ( 2.354463867161250334, 2.519463867161249926, 1.020000000000000018 ) ) ;
#5162 = PRESENTATION_STYLE_ASSIGNMENT (( #10824 ) ) ;
#5163 = EDGE_LOOP ( 'NONE', ( #5630, #1902, #5501, #4384 ) ) ;
#5164 = EDGE_CURVE ( 'NONE', #4896, #9117, #1944, .T. ) ;
#5165 = PRESENTATION_STYLE_ASSIGNMENT (( #8038 ) ) ;
#5166 = LINE ( 'NONE', #625, #4471 ) ;
#5167 = CARTESIAN_POINT ( 'NONE',  ( 2.185000000000000497, -0.07999999999999900246, 0.000000000000000000 ) ) ;
#5168 = COLOUR_RGB ( '',0.8313725490196077761, 0.8313725490196077761, 0.8313725490196077761 ) ;
#5169 = CARTESIAN_POINT ( 'NONE',  ( 2.575000000000000178, 2.740000000000000213, 0.000000000000000000 ) ) ;
#5170 = LINE ( 'NONE', #3216, #10659 ) ;
#5171 = VECTOR ( 'NONE', #3654, 1000.000000000000000 ) ;
#5172 = CARTESIAN_POINT ( 'NONE',  ( -0.4149999999999999800, 5.551115123125779744E-16, 0.000000000000000000 ) ) ;
#5173 = ORIENTED_EDGE ( 'NONE', *, *, #8639, .F. ) ;
#5174 = PRESENTATION_LAYER_ASSIGNMENT (  '', '', ( #3661 ) ) ;
#5175 = SURFACE_STYLE_USAGE ( .BOTH. , #11509 ) ;
#5176 = VERTEX_POINT ( 'NONE', #6535 ) ;
#5177 = DIRECTION ( 'NONE',  ( 1.000000000000000000, -0.000000000000000000, 0.000000000000000000 ) ) ;
#5178 = EDGE_CURVE ( 'NONE', #8375, #1602, #1095, .T. ) ;
#5179 = ORIENTED_EDGE ( 'NONE', *, *, #9378, .F. ) ;
#5180 = SURFACE_STYLE_FILL_AREA ( #639 ) ;
#5181 = CIRCLE ( 'NONE', #9728, 0.03749999999999988065 ) ;
#5182 = FILL_AREA_STYLE_COLOUR ( '', #9842 ) ;
#5183 = VECTOR ( 'NONE', #9986, 1000.000000000000000 ) ;
#5184 = ORIENTED_EDGE ( 'NONE', *, *, #2977, .F. ) ;
#5185 =( NAMED_UNIT ( * ) PLANE_ANGLE_UNIT ( ) SI_UNIT ( $, .RADIAN. ) );
#5186 = ORIENTED_EDGE ( 'NONE', *, *, #2216, .F. ) ;
#5187 = CARTESIAN_POINT ( 'NONE',  ( -1.685000000000000275, -2.782500000000000195, 0.2500000000000000000 ) ) ;
#5188 =( NAMED_UNIT ( * ) SI_UNIT ( $, .STERADIAN. ) SOLID_ANGLE_UNIT ( ) );
#5189 = PRODUCT_DEFINITION ( 'UNKNOWN', '', #711, #6323 ) ;
#5190 = ORIENTED_EDGE ( 'NONE', *, *, #3759, .F. ) ;
#5191 = CARTESIAN_POINT ( 'NONE',  ( -2.125000000000000000, -2.319999999999999840, 0.000000000000000000 ) ) ;
#5192 = PRESENTATION_LAYER_ASSIGNMENT (  '', '', ( #7489 ) ) ;
#5193 = DIRECTION ( 'NONE',  ( 0.1751915364254293950, -0.1751915364254240381, 0.9688218882383886621 ) ) ;
#5194 = SURFACE_STYLE_FILL_AREA ( #4151 ) ;
#5195 = VERTEX_POINT ( 'NONE', #2177 ) ;
#5196 =( NAMED_UNIT ( * ) SI_UNIT ( $, .STERADIAN. ) SOLID_ANGLE_UNIT ( ) );
#5197 = CARTESIAN_POINT ( 'NONE',  ( 0.4150000000000000910, 2.507499999999999840, 0.2500000000000000000 ) ) ;
#5198 = EDGE_CURVE ( 'NONE', #9799, #3397, #11266, .T. ) ;
#5199 = FILL_AREA_STYLE ('',( #1554 ) ) ;
#5200 = VERTEX_POINT ( 'NONE', #9550 ) ;
#5201 = EDGE_CURVE ( 'NONE', #9462, #1955, #3086, .T. ) ;
#5202 = AXIS2_PLACEMENT_3D ( 'NONE', #2423, #9478, #4286 ) ;
#5203 = CARTESIAN_POINT ( 'NONE',  ( -5.551115123125779744E-16, 2.740000000000000213, 0.2500000000000000000 ) ) ;
#5204 = ORIENTED_EDGE ( 'NONE', *, *, #7388, .F. ) ;
#5205 =( NAMED_UNIT ( * ) SI_UNIT ( $, .STERADIAN. ) SOLID_ANGLE_UNIT ( ) );
#5206 = SURFACE_STYLE_USAGE ( .BOTH. , #9765 ) ;
#5207 =( LENGTH_UNIT ( ) NAMED_UNIT ( * ) SI_UNIT ( .MILLI., .METRE. ) );
#5208 =( GEOMETRIC_REPRESENTATION_CONTEXT ( 3 ) GLOBAL_UNCERTAINTY_ASSIGNED_CONTEXT ( ( #5144 ) ) GLOBAL_UNIT_ASSIGNED_CONTEXT ( ( #3643, #8891, #1716 ) ) REPRESENTATION_CONTEXT ( 'NONE', 'WORKASPACE' ) );
#5209 =( LENGTH_UNIT ( ) NAMED_UNIT ( * ) SI_UNIT ( .MILLI., .METRE. ) );
#5210 = PRESENTATION_LAYER_ASSIGNMENT (  '', '', ( #5786 ) ) ;
#5211 = STYLED_ITEM ( 'NONE', ( #11480 ), #3946 ) ;
#5212 = LINE ( 'NONE', #2355, #9072 ) ;
#5213 = EDGE_CURVE ( 'NONE', #6582, #3818, #3030, .T. ) ;
#5214 = SURFACE_STYLE_FILL_AREA ( #3438 ) ;
#5215 = ADVANCED_FACE ( 'NONE', ( #4855 ), #8634, .T. ) ;
#5216 =( GEOMETRIC_REPRESENTATION_CONTEXT ( 3 ) GLOBAL_UNCERTAINTY_ASSIGNED_CONTEXT ( ( #5258 ) ) GLOBAL_UNIT_ASSIGNED_CONTEXT ( ( #9355, #10147, #8273 ) ) REPRESENTATION_CONTEXT ( 'NONE', 'WORKASPACE' ) );
#5217 = UNCERTAINTY_MEASURE_WITH_UNIT (LENGTH_MEASURE( 1.000000000000000082E-05 ), #3568, 'distance_accuracy_value', 'NONE');
#5218 = DIRECTION ( 'NONE',  ( 1.000000000000000000, 0.000000000000000000, 0.000000000000000000 ) ) ;
#5219 = ADVANCED_FACE ( 'NONE', ( #5040 ), #1222, .T. ) ;
#5220 =( NAMED_UNIT ( * ) PLANE_ANGLE_UNIT ( ) SI_UNIT ( $, .RADIAN. ) );
#5221 = ORIENTED_EDGE ( 'NONE', *, *, #10961, .F. ) ;
#5222 = CARTESIAN_POINT ( 'NONE',  ( -2.162500000000000089, -2.770000000000000018, 0.2500000000000000000 ) ) ;
#5223 = STYLED_ITEM ( 'NONE', ( #5732 ), #10581 ) ;
#5224 = AXIS2_PLACEMENT_3D ( 'NONE', #2344, #11596, #9819 ) ;
#5225 =( GEOMETRIC_REPRESENTATION_CONTEXT ( 3 ) GLOBAL_UNCERTAINTY_ASSIGNED_CONTEXT ( ( #10520 ) ) GLOBAL_UNIT_ASSIGNED_CONTEXT ( ( #8493, #8307, #2217 ) ) REPRESENTATION_CONTEXT ( 'NONE', 'WORKASPACE' ) );
#5226 = MECHANICAL_DESIGN_GEOMETRIC_PRESENTATION_REPRESENTATION (  '', ( #11007 ), #1027 ) ;
#5227 = ADVANCED_FACE ( 'NONE', ( #11327 ), #8514, .F. ) ;
#5228 = PLANE ( 'NONE',  #8533 ) ;
#5229 = UNCERTAINTY_MEASURE_WITH_UNIT (LENGTH_MEASURE( 1.000000000000000082E-05 ), #2352, 'distance_accuracy_value', 'NONE');
#5230 = CARTESIAN_POINT ( 'NONE',  ( 0.8549999999999999822, -2.319999999999999840, 0.2500000000000000000 ) ) ;
#5231 = VERTEX_POINT ( 'NONE', #8095 ) ;
#5232 = FACE_OUTER_BOUND ( 'NONE', #8371, .T. ) ;
#5233 = PLANE ( 'NONE',  #870 ) ;
#5234 = PLANE ( 'NONE',  #8015 ) ;
#5235 = ORIENTED_EDGE ( 'NONE', *, *, #8793, .T. ) ;
#5236 = LINE ( 'NONE', #2554, #9766 ) ;
#5237 = ORIENTED_EDGE ( 'NONE', *, *, #9837, .T. ) ;
#5238 =( NAMED_UNIT ( * ) SI_UNIT ( $, .STERADIAN. ) SOLID_ANGLE_UNIT ( ) );
#5239 = CARTESIAN_POINT ( 'NONE',  ( 1.625000000000000444, 2.469999999999999751, 0.2500000000000000000 ) ) ;
#5240 = DIRECTION ( 'NONE',  ( 0.000000000000000000, 1.000000000000000000, 0.000000000000000000 ) ) ;
#5241 = STYLED_ITEM ( 'NONE', ( #5146 ), #3333 ) ;
#5242 = VERTEX_POINT ( 'NONE', #6224 ) ;
#5243 = SURFACE_STYLE_USAGE ( .BOTH. , #5965 ) ;
#5244 = UNCERTAINTY_MEASURE_WITH_UNIT (LENGTH_MEASURE( 1.000000000000000082E-05 ), #3486, 'distance_accuracy_value', 'NONE');
#5245 = DIRECTION ( 'NONE',  ( 0.000000000000000000, 0.000000000000000000, 1.000000000000000000 ) ) ;
#5246 = DIRECTION ( 'NONE',  ( 0.000000000000000000, 1.000000000000000000, 0.000000000000000000 ) ) ;
#5247 = ORIENTED_EDGE ( 'NONE', *, *, #10610, .F. ) ;
#5248 = ORIENTED_EDGE ( 'NONE', *, *, #3992, .T. ) ;
#5249 = PRESENTATION_STYLE_ASSIGNMENT (( #4264 ) ) ;
#5250 = CIRCLE ( 'NONE', #861, 0.03750000000000020678 ) ;
#5251 = MECHANICAL_DESIGN_GEOMETRIC_PRESENTATION_REPRESENTATION (  '', ( #3742 ), #9257 ) ;
#5252 = PRESENTATION_STYLE_ASSIGNMENT (( #4265 ) ) ;
#5253 = DIRECTION ( 'NONE',  ( -0.000000000000000000, -0.000000000000000000, 1.000000000000000000 ) ) ;
#5254 = CIRCLE ( 'NONE', #11235, 0.03749999999999988065 ) ;
#5255 = ORIENTED_EDGE ( 'NONE', *, *, #5575, .F. ) ;
#5256 =( NAMED_UNIT ( * ) SI_UNIT ( $, .STERADIAN. ) SOLID_ANGLE_UNIT ( ) );
#5257 =( LENGTH_UNIT ( ) NAMED_UNIT ( * ) SI_UNIT ( .MILLI., .METRE. ) );
#5258 = UNCERTAINTY_MEASURE_WITH_UNIT (LENGTH_MEASURE( 1.000000000000000082E-05 ), #9355, 'distance_accuracy_value', 'NONE');
#5259 = VECTOR ( 'NONE', #1390, 1000.000000000000000 ) ;
#5260 = SURFACE_STYLE_USAGE ( .BOTH. , #2406 ) ;
#5261 =( LENGTH_UNIT ( ) NAMED_UNIT ( * ) SI_UNIT ( .MILLI., .METRE. ) );
#5262 = ORIENTED_EDGE ( 'NONE', *, *, #8145, .T. ) ;
#5263 =( NAMED_UNIT ( * ) SI_UNIT ( $, .STERADIAN. ) SOLID_ANGLE_UNIT ( ) );
#5264 = LINE ( 'NONE', #7115, #3332 ) ;
#5265 = ORIENTED_EDGE ( 'NONE', *, *, #10048, .F. ) ;
#5266 =( GEOMETRIC_REPRESENTATION_CONTEXT ( 3 ) GLOBAL_UNCERTAINTY_ASSIGNED_CONTEXT ( ( #5967 ) ) GLOBAL_UNIT_ASSIGNED_CONTEXT ( ( #11803, #11741, #1684 ) ) REPRESENTATION_CONTEXT ( 'NONE', 'WORKASPACE' ) );
#5267 = FILL_AREA_STYLE_COLOUR ( '', #1101 ) ;
#5268 = STYLED_ITEM ( 'NONE', ( #8136 ), #8536 ) ;
#5269 = DIRECTION ( 'NONE',  ( -0.000000000000000000, 0.000000000000000000, 1.000000000000000000 ) ) ;
#5270 = DIRECTION ( 'NONE',  ( 0.000000000000000000, -0.000000000000000000, 1.000000000000000000 ) ) ;
#5271 = AXIS2_PLACEMENT_3D ( 'NONE', #3187, #8554, #2412 ) ;
#5272 = ADVANCED_FACE ( 'NONE', ( #9894 ), #11806, .T. ) ;
#5273 = EDGE_CURVE ( 'NONE', #6041, #1733, #3492, .T. ) ;
#5274 = CIRCLE ( 'NONE', #3021, 0.03749999999999999167 ) ;
#5275 = AXIS2_PLACEMENT_3D ( 'NONE', #7015, #8932, #4457 ) ;
#5276 = CARTESIAN_POINT ( 'NONE',  ( -0.9150000000000000355, 2.470000000000000195, 0.000000000000000000 ) ) ;
#5277 = ORIENTED_EDGE ( 'NONE', *, *, #5646, .F. ) ;
#5278 = SURFACE_STYLE_USAGE ( .BOTH. , #10752 ) ;
#5279 = ADVANCED_FACE ( 'NONE', ( #6053 ), #7196, .F. ) ;
#5280 = PLANE ( 'NONE',  #6230 ) ;
#5281 = AXIS2_PLACEMENT_3D ( 'NONE', #11562, #10400, #8644 ) ;
#5282 = ADVANCED_FACE ( 'NONE', ( #3738 ), #2953, .T. ) ;
#5283 = SHAPE_REPRESENTATION ( 'IAUC120N04S6L008ATMA1', ( #2439, #6420, #1653, #1468 ), #4527 ) ;
#5284 = PRESENTATION_LAYER_ASSIGNMENT (  '', '', ( #8728 ) ) ;
#5285 =( LENGTH_UNIT ( ) NAMED_UNIT ( * ) SI_UNIT ( .MILLI., .METRE. ) );
#5286 = FACE_OUTER_BOUND ( 'NONE', #4799, .T. ) ;
#5287 = AXIS2_PLACEMENT_3D ( 'NONE', #11150, #5588, #2845 ) ;
#5288 = DIRECTION ( 'NONE',  ( -1.000000000000000000, -7.352470361756009574E-16, -0.000000000000000000 ) ) ;
#5289 = CARTESIAN_POINT ( 'NONE',  ( 0.000000000000000000, 2.470000000000000195, 0.000000000000000000 ) ) ;
#5290 = ORIENTED_EDGE ( 'NONE', *, *, #11091, .F. ) ;
#5291 = VECTOR ( 'NONE', #1090, 1000.000000000000000 ) ;
#5292 = PRESENTATION_LAYER_ASSIGNMENT (  '', '', ( #8735 ) ) ;
#5293 = CARTESIAN_POINT ( 'NONE',  ( 0.9150000000000000355, 5.551115123125779744E-16, 0.000000000000000000 ) ) ;
#5294 = ORIENTED_EDGE ( 'NONE', *, *, #600, .F. ) ;
#5295 = LINE ( 'NONE', #9969, #11153 ) ;
#5296 = ORIENTED_EDGE ( 'NONE', *, *, #4564, .T. ) ;
#5297 = ADVANCED_FACE ( 'NONE', ( #8156 ), #1028, .T. ) ;
#5298 = CARTESIAN_POINT ( 'NONE',  ( 2.374771484314849967, -2.559980999734315699, 1.090494766897659229 ) ) ;
#5299 = AXIS2_PLACEMENT_3D ( 'NONE', #5161, #5100, #2363 ) ;
#5300 = AXIS2_PLACEMENT_3D ( 'NONE', #9883, #7118, #8853 ) ;
#5301 = CARTESIAN_POINT ( 'NONE',  ( 2.354463867161250334, -2.519463867161249926, 1.020000000000000018 ) ) ;
#5302 = SURFACE_SIDE_STYLE ('',( #1657 ) ) ;
#5303 = EDGE_LOOP ( 'NONE', ( #7954, #8289, #5982, #3504 ) ) ;
#5304 = CARTESIAN_POINT ( 'NONE',  ( -2.162500000000000089, 2.507499999999999840, 0.2500000000000000000 ) ) ;
#5305 = SURFACE_STYLE_FILL_AREA ( #704 ) ;
#5306 = ORIENTED_EDGE ( 'NONE', *, *, #3465, .F. ) ;
#5307 = MECHANICAL_DESIGN_GEOMETRIC_PRESENTATION_REPRESENTATION (  '', ( #11294 ), #2260 ) ;
#5308 = DIRECTION ( 'NONE',  ( -0.000000000000000000, -1.000000000000000000, -0.000000000000000000 ) ) ;
#5309 = EDGE_LOOP ( 'NONE', ( #9280, #3059, #7710, #4043, #2629, #7116, #2079, #6911, #5235, #4686, #1319, #4154, #2178, #4600, #1715, #778, #11854, #1834, #1059, #5734, #7334, #5437, #11250, #9606, #243, #7703, #11348, #10443 ) ) ;
#5310 = EDGE_CURVE ( 'NONE', #4934, #5605, #913, .T. ) ;
#5311 = VECTOR ( 'NONE', #2916, 1000.000000000000000 ) ;
#5312 = VERTEX_POINT ( 'NONE', #6052 ) ;
#5313 = FILL_AREA_STYLE ('',( #1907 ) ) ;
#5314 = DIRECTION ( 'NONE',  ( -0.000000000000000000, -0.000000000000000000, 1.000000000000000000 ) ) ;
#5315 = LINE ( 'NONE', #9084, #1231 ) ;
#5316 =( NAMED_UNIT ( * ) PLANE_ANGLE_UNIT ( ) SI_UNIT ( $, .RADIAN. ) );
#5317 = EDGE_LOOP ( 'NONE', ( #4537, #2110, #11242, #4292, #689 ) ) ;
#5318 =( LENGTH_UNIT ( ) NAMED_UNIT ( * ) SI_UNIT ( .MILLI., .METRE. ) );
#5319 = CARTESIAN_POINT ( 'NONE',  ( -0.8924999999999999600, 2.469999999999999751, 0.2500000000000000000 ) ) ;
#5320 = VERTEX_POINT ( 'NONE', #2893 ) ;
#5321 = STYLED_ITEM ( 'NONE', ( #11431 ), #6070 ) ;
#5322 = LINE ( 'NONE', #7181, #8549 ) ;
#5323 = SURFACE_STYLE_USAGE ( .BOTH. , #8797 ) ;
#5324 = LINE ( 'NONE', #2477, #2745 ) ;
#5325 = COLOUR_RGB ( '',0.8313725490196077761, 0.8313725490196077761, 0.8313725490196077761 ) ;
#5326 = EDGE_CURVE ( 'NONE', #5231, #1114, #6466, .T. ) ;
#5327 = CARTESIAN_POINT ( 'NONE',  ( 2.185000000000000497, -1.080000000000000071, 0.000000000000000000 ) ) ;
#5328 = PRESENTATION_LAYER_ASSIGNMENT (  '', '', ( #10519 ) ) ;
#5329 =( LENGTH_UNIT ( ) NAMED_UNIT ( * ) SI_UNIT ( .MILLI., .METRE. ) );
#5330 = STYLED_ITEM ( 'NONE', ( #10076 ), #6846 ) ;
#5331 = CARTESIAN_POINT ( 'NONE',  ( -0.4149999999999999800, -2.657500000000000195, 0.000000000000000000 ) ) ;
#5332 = SURFACE_SIDE_STYLE ('',( #10940 ) ) ;
#5333 = UNCERTAINTY_MEASURE_WITH_UNIT (LENGTH_MEASURE( 1.000000000000000082E-05 ), #4030, 'distance_accuracy_value', 'NONE');
#5334 =( LENGTH_UNIT ( ) NAMED_UNIT ( * ) SI_UNIT ( .MILLI., .METRE. ) );
#5335 = PRESENTATION_STYLE_ASSIGNMENT (( #673 ) ) ;
#5336 = PRESENTATION_STYLE_ASSIGNMENT (( #10635 ) ) ;
#5337 = ORIENTED_EDGE ( 'NONE', *, *, #154, .F. ) ;
#5338 = PRESENTATION_STYLE_ASSIGNMENT (( #2488 ) ) ;
#5339 = AXIS2_PLACEMENT_3D ( 'NONE', #482, #5914, #9585 ) ;
#5340 = CARTESIAN_POINT ( 'NONE',  ( 0.3775000000000000022, 2.469999999999999751, 0.2500000000000000000 ) ) ;
#5341 = ADVANCED_FACE ( 'NONE', ( #3672 ), #7310, .T. ) ;
#5342 =( NAMED_UNIT ( * ) SI_UNIT ( $, .STERADIAN. ) SOLID_ANGLE_UNIT ( ) );
#5343 = CIRCLE ( 'NONE', #188, 0.03749999999999988065 ) ;
#5344 = DIRECTION ( 'NONE',  ( 1.000000000000000000, -0.000000000000000000, 0.000000000000000000 ) ) ;
#5345 = AXIS2_PLACEMENT_3D ( 'NONE', #1668, #8965, #8070 ) ;
#5346 = PRESENTATION_STYLE_ASSIGNMENT (( #7077 ) ) ;
#5347 = UNCERTAINTY_MEASURE_WITH_UNIT (LENGTH_MEASURE( 1.000000000000000082E-05 ), #8827, 'distance_accuracy_value', 'NONE');
#5348 = PLANE ( 'NONE',  #224 ) ;
#5349 = EDGE_CURVE ( 'NONE', #6582, #5805, #4784, .T. ) ;
#5350 = DIRECTION ( 'NONE',  ( 0.000000000000000000, 0.000000000000000000, 1.000000000000000000 ) ) ;
#5351 = ORIENTED_EDGE ( 'NONE', *, *, #7321, .T. ) ;
#5352 = SURFACE_SIDE_STYLE ('',( #5405 ) ) ;
#5353 = EDGE_CURVE ( 'NONE', #8722, #5764, #4099, .T. ) ;
#5354 = DIRECTION ( 'NONE',  ( 0.000000000000000000, -1.000000000000000000, -0.000000000000000000 ) ) ;
#5355 = ORIENTED_EDGE ( 'NONE', *, *, #8155, .F. ) ;
#5356 = ORIENTED_EDGE ( 'NONE', *, *, #6440, .T. ) ;
#5357 =( NAMED_UNIT ( * ) SI_UNIT ( $, .STERADIAN. ) SOLID_ANGLE_UNIT ( ) );
#5358 = STYLED_ITEM ( 'NONE', ( #4734 ), #458 ) ;
#5359 = FILL_AREA_STYLE_COLOUR ( '', #9350 ) ;
#5360 = PRESENTATION_STYLE_ASSIGNMENT (( #1655 ) ) ;
#5361 = CIRCLE ( 'NONE', #208, 0.08000000000000020983 ) ;
#5362 = DIRECTION ( 'NONE',  ( -1.000000000000000000, 0.000000000000000000, 0.000000000000000000 ) ) ;
#5363 =( NAMED_UNIT ( * ) SI_UNIT ( $, .STERADIAN. ) SOLID_ANGLE_UNIT ( ) );
#5364 = ORIENTED_EDGE ( 'NONE', *, *, #2372, .F. ) ;
#5365 = EDGE_CURVE ( 'NONE', #1419, #1789, #7604, .T. ) ;
#5366 = UNCERTAINTY_MEASURE_WITH_UNIT (LENGTH_MEASURE( 1.000000000000000082E-05 ), #5994, 'distance_accuracy_value', 'NONE');
#5367 = FILL_AREA_STYLE_COLOUR ( '', #9530 ) ;
#5368 = FILL_AREA_STYLE_COLOUR ( '', #4297 ) ;
#5369 = ORIENTED_EDGE ( 'NONE', *, *, #7103, .T. ) ;
#5370 = DIRECTION ( 'NONE',  ( 0.000000000000000000, 0.000000000000000000, -1.000000000000000000 ) ) ;
#5371 = ORIENTED_EDGE ( 'NONE', *, *, #6971, .T. ) ;
#5372 = VECTOR ( 'NONE', #5308, 1000.000000000000000 ) ;
#5373 = CARTESIAN_POINT ( 'NONE',  ( -0.4149999999999999800, 2.782500000000000195, 0.2500000000000000000 ) ) ;
#5374 = SURFACE_SIDE_STYLE ('',( #7345 ) ) ;
#5375 = ORIENTED_EDGE ( 'NONE', *, *, #10872, .F. ) ;
#5376 =( REPRESENTATION_RELATIONSHIP ('NONE','NONE', #5283, #4088 ) REPRESENTATION_RELATIONSHIP_WITH_TRANSFORMATION ( #10526 )SHAPE_REPRESENTATION_RELATIONSHIP( ) );
#5377 =( NAMED_UNIT ( * ) PLANE_ANGLE_UNIT ( ) SI_UNIT ( $, .RADIAN. ) );
#5378 = LINE ( 'NONE', #5549, #4121 ) ;
#5379 = DIRECTION ( 'NONE',  ( 2.590520390792030076E-13, 1.000000000000000000, 0.000000000000000000 ) ) ;
#5380 = ORIENTED_EDGE ( 'NONE', *, *, #7014, .T. ) ;
#5381 = DIRECTION ( 'NONE',  ( 0.7071067811865474617, 0.7071067811865474617, 0.000000000000000000 ) ) ;
#5382 = CARTESIAN_POINT ( 'NONE',  ( 1.647500000000000187, -2.820000000000000284, 0.000000000000000000 ) ) ;
#5383 = ORIENTED_EDGE ( 'NONE', *, *, #2137, .F. ) ;
#5384 = SURFACE_SIDE_STYLE ('',( #11734 ) ) ;
#5385 =( NAMED_UNIT ( * ) PLANE_ANGLE_UNIT ( ) SI_UNIT ( $, .RADIAN. ) );
#5386 = DIRECTION ( 'NONE',  ( -0.000000000000000000, -0.000000000000000000, -1.000000000000000000 ) ) ;
#5387 = VECTOR ( 'NONE', #3899, 1000.000000000000000 ) ;
#5388 = CARTESIAN_POINT ( 'NONE',  ( 1.647500000000000187, -3.220000000000000195, 0.000000000000000000 ) ) ;
#5389 = DIRECTION ( 'NONE',  ( 1.000000000000000000, 0.000000000000000000, 0.000000000000000000 ) ) ;
#5390 = PRESENTATION_STYLE_ASSIGNMENT (( #729 ) ) ;
#5391 = CARTESIAN_POINT ( 'NONE',  ( 2.359914723019253202, 2.603043993245601762, 1.070023976510459107 ) ) ;
#5392 = VECTOR ( 'NONE', #3700, 1000.000000000000000 ) ;
#5393 = VERTEX_POINT ( 'NONE', #4042 ) ;
#5394 = STYLED_ITEM ( 'NONE', ( #3083 ), #3554 ) ;
#5395 = FACE_OUTER_BOUND ( 'NONE', #7766, .T. ) ;
#5396 = CARTESIAN_POINT ( 'NONE',  ( 2.354463867161250779, -2.519463867161249926, 1.020000000000000018 ) ) ;
#5397 =( GEOMETRIC_REPRESENTATION_CONTEXT ( 3 ) GLOBAL_UNCERTAINTY_ASSIGNED_CONTEXT ( ( #4435 ) ) GLOBAL_UNIT_ASSIGNED_CONTEXT ( ( #3340, #685, #1816 ) ) REPRESENTATION_CONTEXT ( 'NONE', 'WORKASPACE' ) );
#5398 = VECTOR ( 'NONE', #2298, 1000.000000000000000 ) ;
#5399 = MECHANICAL_DESIGN_GEOMETRIC_PRESENTATION_REPRESENTATION (  '', ( #9030 ), #3318 ) ;
#5400 = COLOUR_RGB ( '',0.8313725490196077761, 0.8313725490196077761, 0.8313725490196077761 ) ;
#5401 =( LENGTH_UNIT ( ) NAMED_UNIT ( * ) SI_UNIT ( .MILLI., .METRE. ) );
#5402 = PRODUCT_DEFINITION ( 'UNKNOWN', '', #10672, #11659 ) ;
#5403 = FACE_OUTER_BOUND ( 'NONE', #10789, .T. ) ;
#5404 = SURFACE_SIDE_STYLE ('',( #3503 ) ) ;
#5405 = SURFACE_STYLE_FILL_AREA ( #8049 ) ;
#5406 = DIRECTION ( 'NONE',  ( -0.7071067811865441310, -0.7071067811865510144, 0.000000000000000000 ) ) ;
#5407 = ORIENTED_EDGE ( 'NONE', *, *, #3209, .T. ) ;
#5408 = CARTESIAN_POINT ( 'NONE',  ( 1.647500000000000187, 2.819999999999999840, 0.000000000000000000 ) ) ;
#5409 = PRESENTATION_LAYER_ASSIGNMENT (  '', '', ( #8467 ) ) ;
#5410 = EDGE_LOOP ( 'NONE', ( #8766, #4953, #3895, #11056 ) ) ;
#5411 = DIRECTION ( 'NONE',  ( -0.000000000000000000, -0.000000000000000000, -1.000000000000000000 ) ) ;
#5412 = MECHANICAL_DESIGN_GEOMETRIC_PRESENTATION_REPRESENTATION (  '', ( #9232 ), #2172 ) ;
#5413 = LINE ( 'NONE', #10028, #2279 ) ;
#5414 = VECTOR ( 'NONE', #6092, 1000.000000000000000 ) ;
#5415 = PRESENTATION_STYLE_ASSIGNMENT (( #875 ) ) ;
#5416 = EDGE_CURVE ( 'NONE', #8006, #2241, #8438, .T. ) ;
#5417 = DIRECTION ( 'NONE',  ( -1.000000000000000000, 2.713878504639300209E-13, 0.000000000000000000 ) ) ;
#5418 = DIRECTION ( 'NONE',  ( -1.000000000000000000, -9.001808307771530402E-16, 0.000000000000000000 ) ) ;
#5419 = EDGE_CURVE ( 'NONE', #7467, #10636, #5752, .T. ) ;
#5420 = ADVANCED_FACE ( 'NONE', ( #251 ), #317, .F. ) ;
#5421 = VECTOR ( 'NONE', #5740, 1000.000000000000000 ) ;
#5422 = DIRECTION ( 'NONE',  ( 1.000000000000000000, 0.000000000000000000, 0.000000000000000000 ) ) ;
#5423 = ORIENTED_EDGE ( 'NONE', *, *, #828, .F. ) ;
#5424 = VECTOR ( 'NONE', #8125, 1000.000000000000000 ) ;
#5425 = FACE_OUTER_BOUND ( 'NONE', #8408, .T. ) ;
#5426 = DIRECTION ( 'NONE',  ( 0.000000000000000000, -0.000000000000000000, 1.000000000000000000 ) ) ;
#5427 =( NAMED_UNIT ( * ) SI_UNIT ( $, .STERADIAN. ) SOLID_ANGLE_UNIT ( ) );
#5428 = VERTEX_POINT ( 'NONE', #11315 ) ;
#5429 = CARTESIAN_POINT ( 'NONE',  ( 0.8549999999999999822, -2.782500000000000195, 0.2500000000000000000 ) ) ;
#5430 = ORIENTED_EDGE ( 'NONE', *, *, #4138, .F. ) ;
#5431 = FACE_OUTER_BOUND ( 'NONE', #6433, .T. ) ;
#5432 = AXIS2_PLACEMENT_3D ( 'NONE', #7094, #4589, #1766 ) ;
#5433 = CIRCLE ( 'NONE', #9453, 0.03750000000000031780 ) ;
#5434 = EDGE_CURVE ( 'NONE', #6011, #7269, #5029, .T. ) ;
#5435 = CARTESIAN_POINT ( 'NONE',  ( 2.394980999734316995, -2.559980999734316587, 1.075827626996971542 ) ) ;
#5436 = ADVANCED_FACE ( 'NONE', ( #4963 ), #429, .T. ) ;
#5437 = ORIENTED_EDGE ( 'NONE', *, *, #2368, .T. ) ;
#5438 = SURFACE_STYLE_USAGE ( .BOTH. , #2577 ) ;
#5439 = LINE ( 'NONE', #9081, #11522 ) ;
#5440 = EDGE_CURVE ( 'NONE', #3055, #6205, #10677, .T. ) ;
#5441 = CARTESIAN_POINT ( 'NONE',  ( 1.625000000000000222, 2.419999999999999929, 0.000000000000000000 ) ) ;
#5442 =( NAMED_UNIT ( * ) SI_UNIT ( $, .STERADIAN. ) SOLID_ANGLE_UNIT ( ) );
#5443 = ORIENTED_EDGE ( 'NONE', *, *, #7774, .F. ) ;
#5444 = SURFACE_STYLE_USAGE ( .BOTH. , #4547 ) ;
#5445 = CARTESIAN_POINT ( 'NONE',  ( 2.496266715016318471, -2.739989970828018429, 0.2500554620476218570 ) ) ;
#5446 = VERTEX_POINT ( 'NONE', #8913 ) ;
#5447 = CIRCLE ( 'NONE', #5626, 0.03750000000000020678 ) ;
#5448 =( NAMED_UNIT ( * ) PLANE_ANGLE_UNIT ( ) SI_UNIT ( $, .RADIAN. ) );
#5449 = CARTESIAN_POINT ( 'NONE',  ( -1.647500000000000187, -2.657500000000000195, 0.000000000000000000 ) ) ;
#5450 = PRESENTATION_LAYER_ASSIGNMENT (  '', '', ( #4133 ) ) ;
#5451 = SURFACE_STYLE_USAGE ( .BOTH. , #9094 ) ;
#5452 = DIRECTION ( 'NONE',  ( 1.000000000000000000, 0.000000000000000000, 0.000000000000000000 ) ) ;
#5453 = STYLED_ITEM ( 'NONE', ( #274 ), #2459 ) ;
#5454 = DIRECTION ( 'NONE',  ( 0.000000000000000000, -1.000000000000000000, -0.000000000000000000 ) ) ;
#5455 = COLOUR_RGB ( '',0.2862745098039215508, 0.2862745098039215508, 0.2862745098039215508 ) ;
#5456 = CARTESIAN_POINT ( 'NONE',  ( -0.9150000000000000355, 2.419999999999999929, 0.000000000000000000 ) ) ;
#5457 = ORIENTED_EDGE ( 'NONE', *, *, #249, .F. ) ;
#5458 = VECTOR ( 'NONE', #11263, 1000.000000000000000 ) ;
#5459 = UNCERTAINTY_MEASURE_WITH_UNIT (LENGTH_MEASURE( 1.000000000000000082E-05 ), #1650, 'distance_accuracy_value', 'NONE');
#5460 = STYLED_ITEM ( 'NONE', ( #7864 ), #2593 ) ;
#5461 = ORIENTED_EDGE ( 'NONE', *, *, #5326, .T. ) ;
#5462 = PLANE ( 'NONE',  #4926 ) ;
#5463 = CARTESIAN_POINT ( 'NONE',  ( -2.125000000000000000, 5.551115123125779744E-16, 0.000000000000000000 ) ) ;
#5464 = EDGE_CURVE ( 'NONE', #6621, #10189, #10488, .T. ) ;
#5465 = CARTESIAN_POINT ( 'NONE',  ( -2.162500000000000089, 2.770000000000000018, 0.000000000000000000 ) ) ;
#5466 =( NAMED_UNIT ( * ) SI_UNIT ( $, .STERADIAN. ) SOLID_ANGLE_UNIT ( ) );
#5467 = LINE ( 'NONE', #7988, #901 ) ;
#5468 = CARTESIAN_POINT ( 'NONE',  ( 2.495000000000000107, -2.660000000000000142, 0.000000000000000000 ) ) ;
#5469 = DIRECTION ( 'NONE',  ( 0.000000000000000000, -0.000000000000000000, 1.000000000000000000 ) ) ;
#5470 = CARTESIAN_POINT ( 'NONE',  ( 2.381424832439820172, -0.6799999999999991607, 0.000000000000000000 ) ) ;
#5471 = ORIENTED_EDGE ( 'NONE', *, *, #9830, .F. ) ;
#5472 = ORIENTED_EDGE ( 'NONE', *, *, #2388, .T. ) ;
#5473 = VECTOR ( 'NONE', #9717, 1000.000000000000114 ) ;
#5474 = CARTESIAN_POINT ( 'NONE',  ( 2.496266715016318471, -2.739989970828018429, 0.2500554620476218570 ) ) ;
#5475 = SURFACE_SIDE_STYLE ('',( #4528 ) ) ;
#5476 = VECTOR ( 'NONE', #2469, 1000.000000000000000 ) ;
#5477 = CARTESIAN_POINT ( 'NONE',  ( 1.905000000000000027, -0.1799999999999991607, 0.000000000000000000 ) ) ;
#5478 = VECTOR ( 'NONE', #1809, 1000.000000000000000 ) ;
#5479 = VERTEX_POINT ( 'NONE', #9767 ) ;
#5480 = DIRECTION ( 'NONE',  ( -1.000000000000000000, 0.000000000000000000, -0.000000000000000000 ) ) ;
#5481 = UNCERTAINTY_MEASURE_WITH_UNIT (LENGTH_MEASURE( 1.000000000000000082E-05 ), #10370, 'distance_accuracy_value', 'NONE');
#5482 = SURFACE_STYLE_FILL_AREA ( #27 ) ;
#5483 = ORIENTED_EDGE ( 'NONE', *, *, #796, .F. ) ;
#5484 = DIRECTION ( 'NONE',  ( 0.000000000000000000, 0.000000000000000000, 1.000000000000000000 ) ) ;
#5485 = VERTEX_POINT ( 'NONE', #718 ) ;
#5486 = VECTOR ( 'NONE', #4053, 1000.000000000000000 ) ;
#5487 = SURFACE_STYLE_USAGE ( .BOTH. , #8131 ) ;
#5488 = ADVANCED_FACE ( 'NONE', ( #3432 ), #5986, .F. ) ;
#5489 = DIRECTION ( 'NONE',  ( 0.000000000000000000, 1.000000000000000000, 0.000000000000000000 ) ) ;
#5490 = ORIENTED_EDGE ( 'NONE', *, *, #11707, .T. ) ;
#5491 = CARTESIAN_POINT ( 'NONE',  ( -1.685000000000000053, 2.782500000000000195, 0.000000000000000000 ) ) ;
#5492 = LINE ( 'NONE', #109, #11155 ) ;
#5493 = UNCERTAINTY_MEASURE_WITH_UNIT (LENGTH_MEASURE( 1.000000000000000082E-05 ), #2858, 'distance_accuracy_value', 'NONE');
#5494 = AXIS2_PLACEMENT_3D ( 'NONE', #5961, #1483, #9625 ) ;
#5495 = CARTESIAN_POINT ( 'NONE',  ( 2.149999999999999467, 2.419999999999999929, 0.000000000000000000 ) ) ;
#5496 = SURFACE_STYLE_USAGE ( .BOTH. , #7297 ) ;
#5497 = VERTEX_POINT ( 'NONE', #1678 ) ;
#5498 = MECHANICAL_DESIGN_GEOMETRIC_PRESENTATION_REPRESENTATION (  '', ( #9516 ), #3595 ) ;
#5499 = DIRECTION ( 'NONE',  ( 0.000000000000000000, 1.000000000000000000, 0.000000000000000000 ) ) ;
#5500 = LINE ( 'NONE', #7470, #2167 ) ;
#5501 = ORIENTED_EDGE ( 'NONE', *, *, #3987, .F. ) ;
#5502 = ADVANCED_FACE ( 'NONE', ( #10739 ), #2587, .F. ) ;
#5503 = EDGE_CURVE ( 'NONE', #9412, #9962, #3662, .T. ) ;
#5504 =( NAMED_UNIT ( * ) SI_UNIT ( $, .STERADIAN. ) SOLID_ANGLE_UNIT ( ) );
#5505 = PRESENTATION_STYLE_ASSIGNMENT (( #5451 ) ) ;
#5506 = PLANE ( 'NONE',  #7129 ) ;
#5507 = MECHANICAL_DESIGN_GEOMETRIC_PRESENTATION_REPRESENTATION (  '', ( #8561 ), #3422 ) ;
#5508 = CARTESIAN_POINT ( 'NONE',  ( -2.354463867161250334, 2.598187122972952512, 1.034235483637909514 ) ) ;
#5509 = VECTOR ( 'NONE', #3076, 1000.000000000000000 ) ;
#5510 = CARTESIAN_POINT ( 'NONE',  ( 0.3775000000000000022, 2.770000000000000018, 0.2500000000000000000 ) ) ;
#5511 = ORIENTED_EDGE ( 'NONE', *, *, #9692, .F. ) ;
#5512 = CARTESIAN_POINT ( 'NONE',  ( 2.149999999999999911, 0.02000000000000063533, 0.2500000000000000000 ) ) ;
#5513 = CARTESIAN_POINT ( 'NONE',  ( -0.4149999999999999800, 2.782500000000000195, 0.000000000000000000 ) ) ;
#5514 = EDGE_CURVE ( 'NONE', #2541, #6937, #1916, .T. ) ;
#5515 = PRESENTATION_LAYER_ASSIGNMENT (  '', '', ( #8958 ) ) ;
#5516 = ORIENTED_EDGE ( 'NONE', *, *, #2533, .F. ) ;
#5517 = CARTESIAN_POINT ( 'NONE',  ( -2.496266715016313587, -2.739989970828018429, 0.2500554620476082013 ) ) ;
#5518 = FILL_AREA_STYLE_COLOUR ( '', #929 ) ;
#5519 = MECHANICAL_DESIGN_GEOMETRIC_PRESENTATION_REPRESENTATION (  '', ( #7629 ), #10915 ) ;
#5520 = LINE ( 'NONE', #11143, #6045 ) ;
#5521 =( LENGTH_UNIT ( ) NAMED_UNIT ( * ) SI_UNIT ( .MILLI., .METRE. ) );
#5522 = DIRECTION ( 'NONE',  ( 1.000000000000000000, 0.000000000000000000, 0.000000000000000000 ) ) ;
#5523 = PLANE ( 'NONE',  #6022 ) ;
#5524 =( NAMED_UNIT ( * ) PLANE_ANGLE_UNIT ( ) SI_UNIT ( $, .RADIAN. ) );
#5525 = EDGE_LOOP ( 'NONE', ( #1188, #5490, #7934, #10557, #127, #8237 ) ) ;
#5526 = ORIENTED_EDGE ( 'NONE', *, *, #2388, .F. ) ;
#5527 = PRESENTATION_LAYER_ASSIGNMENT (  '', '', ( #11711 ) ) ;
#5528 = FILL_AREA_STYLE_COLOUR ( '', #11306 ) ;
#5529 = CARTESIAN_POINT ( 'NONE',  ( -1.718232652294990004, -2.092049114840340174, 0.000000000000000000 ) ) ;
#5530 = PRESENTATION_LAYER_ASSIGNMENT (  '', '', ( #9166 ) ) ;
#5531 = CARTESIAN_POINT ( 'NONE',  ( 0.3775000000000000022, -2.819999999999999840, 0.000000000000000000 ) ) ;
#5532 = DIRECTION ( 'NONE',  ( 1.000000000000000000, 0.000000000000000000, 0.000000000000000000 ) ) ;
#5533 = ORIENTED_EDGE ( 'NONE', *, *, #10977, .T. ) ;
#5534 =( NAMED_UNIT ( * ) SI_UNIT ( $, .STERADIAN. ) SOLID_ANGLE_UNIT ( ) );
#5535 = ADVANCED_FACE ( 'NONE', ( #5620 ), #3543, .F. ) ;
#5536 = FACE_OUTER_BOUND ( 'NONE', #3453, .T. ) ;
#5537 = CARTESIAN_POINT ( 'NONE',  ( 2.185000000000000497, -1.080000000000000071, 0.000000000000000000 ) ) ;
#5538 = CARTESIAN_POINT ( 'NONE',  ( -2.495844503146091853, 2.739996656942670139, 0.2500184873492053428 ) ) ;
#5539 = ORIENTED_EDGE ( 'NONE', *, *, #2809, .F. ) ;
#5540 = DIRECTION ( 'NONE',  ( 0.000000000000000000, 0.000000000000000000, 1.000000000000000000 ) ) ;
#5541 = ORIENTED_EDGE ( 'NONE', *, *, #5514, .T. ) ;
#5542 = SURFACE_SIDE_STYLE ('',( #8068 ) ) ;
#5543 = PLANE ( 'NONE',  #196 ) ;
#5544 = CARTESIAN_POINT ( 'NONE',  ( 2.430401622660341765, -2.544516792360708379, 1.017589973296721517 ) ) ;
#5545 = VECTOR ( 'NONE', #9571, 1000.000000000000000 ) ;
#5546 = VERTEX_POINT ( 'NONE', #1794 ) ;
#5547 = FACE_OUTER_BOUND ( 'NONE', #112, .T. ) ;
#5548 = LINE ( 'NONE', #6322, #10553 ) ;
#5549 = CARTESIAN_POINT ( 'NONE',  ( 1.905000000000000027, 3.220000000000000195, 0.000000000000000000 ) ) ;
#5550 = SURFACE_STYLE_FILL_AREA ( #7466 ) ;
#5551 = VERTEX_POINT ( 'NONE', #6275 ) ;
#5552 = STYLED_ITEM ( 'NONE', ( #4909 ), #472 ) ;
#5553 =( NAMED_UNIT ( * ) PLANE_ANGLE_UNIT ( ) SI_UNIT ( $, .RADIAN. ) );
#5554 = ORIENTED_EDGE ( 'NONE', *, *, #2386, .T. ) ;
#5555 = PRESENTATION_STYLE_ASSIGNMENT (( #6102 ) ) ;
#5556 = PRESENTATION_STYLE_ASSIGNMENT (( #8305 ) ) ;
#5557 = SURFACE_STYLE_FILL_AREA ( #2937 ) ;
#5558 =( NAMED_UNIT ( * ) PLANE_ANGLE_UNIT ( ) SI_UNIT ( $, .RADIAN. ) );
#5559 = LINE ( 'NONE', #8150, #6956 ) ;
#5560 = ADVANCED_FACE ( 'NONE', ( #9941 ), #1735, .T. ) ;
#5561 = PRESENTATION_LAYER_ASSIGNMENT (  '', '', ( #5941 ) ) ;
#5562 = ORIENTED_EDGE ( 'NONE', *, *, #4138, .T. ) ;
#5563 = ADVANCED_FACE ( 'NONE', ( #5794 ), #10250, .F. ) ;
#5564 = UNCERTAINTY_MEASURE_WITH_UNIT (LENGTH_MEASURE( 1.000000000000000082E-05 ), #8911, 'distance_accuracy_value', 'NONE');
#5565 =( NAMED_UNIT ( * ) PLANE_ANGLE_UNIT ( ) SI_UNIT ( $, .RADIAN. ) );
#5566 = ORIENTED_EDGE ( 'NONE', *, *, #10909, .T. ) ;
#5567 = SURFACE_STYLE_FILL_AREA ( #3613 ) ;
#5568 = SURFACE_STYLE_FILL_AREA ( #6581 ) ;
#5569 = VERTEX_POINT ( 'NONE', #11233 ) ;
#5570 = DIRECTION ( 'NONE',  ( 1.000000000000000000, 0.000000000000000000, 0.000000000000000000 ) ) ;
#5571 = SURFACE_STYLE_FILL_AREA ( #9043 ) ;
#5572 =( GEOMETRIC_REPRESENTATION_CONTEXT ( 3 ) GLOBAL_UNCERTAINTY_ASSIGNED_CONTEXT ( ( #3814 ) ) GLOBAL_UNIT_ASSIGNED_CONTEXT ( ( #9, #6235, #10761 ) ) REPRESENTATION_CONTEXT ( 'NONE', 'WORKASPACE' ) );
#5573 = FILL_AREA_STYLE_COLOUR ( '', #10829 ) ;
#5574 = EDGE_CURVE ( 'NONE', #10424, #5058, #3172, .T. ) ;
#5575 = EDGE_CURVE ( 'NONE', #10333, #1045, #3004, .T. ) ;
#5576 = LINE ( 'NONE', #6406, #8214 ) ;
#5577 = CARTESIAN_POINT ( 'NONE',  ( -1.287500000000000089, -2.739999999999997993, 0.2499999999999997224 ) ) ;
#5578 = DIRECTION ( 'NONE',  ( -0.000000000000000000, -0.000000000000000000, -1.000000000000000000 ) ) ;
#5579 = COLOUR_RGB ( '',0.2862745098039215508, 0.2862745098039215508, 0.2862745098039215508 ) ;
#5580 = EDGE_CURVE ( 'NONE', #6937, #2847, #2032, .T. ) ;
#5581 = UNCERTAINTY_MEASURE_WITH_UNIT (LENGTH_MEASURE( 1.000000000000000082E-05 ), #7729, 'distance_accuracy_value', 'NONE');
#5582 = VECTOR ( 'NONE', #6640, 1000.000000000000000 ) ;
#5583 = SURFACE_STYLE_USAGE ( .BOTH. , #10145 ) ;
#5584 = PLANE ( 'NONE',  #9756 ) ;
#5585 = PRESENTATION_LAYER_ASSIGNMENT (  '', '', ( #7681 ) ) ;
#5586 = DIRECTION ( 'NONE',  ( 0.000000000000000000, 1.000000000000000000, 0.000000000000000000 ) ) ;
#5587 = ORIENTED_EDGE ( 'NONE', *, *, #5365, .F. ) ;
#5588 = DIRECTION ( 'NONE',  ( 0.000000000000000000, 0.000000000000000000, 1.000000000000000000 ) ) ;
#5589 = ORIENTED_EDGE ( 'NONE', *, *, #11484, .F. ) ;
#5590 = CARTESIAN_POINT ( 'NONE',  ( -2.496266715016318471, 2.739989970828017984, 0.2500554620476149736 ) ) ;
#5591 = CARTESIAN_POINT ( 'NONE',  ( -2.495000000000000107, -2.739999999999999325, 0.2499999999999942546 ) ) ;
#5592 = DIRECTION ( 'NONE',  ( -1.000000000000000000, -0.000000000000000000, 0.000000000000000000 ) ) ;
#5593 = COLOUR_RGB ( '',0.2862745098039215508, 0.2862745098039215508, 0.2862745098039215508 ) ;
#5594 =( GEOMETRIC_REPRESENTATION_CONTEXT ( 3 ) GLOBAL_UNCERTAINTY_ASSIGNED_CONTEXT ( ( #11159 ) ) GLOBAL_UNIT_ASSIGNED_CONTEXT ( ( #9209, #9271, #6451 ) ) REPRESENTATION_CONTEXT ( 'NONE', 'WORKASPACE' ) );
#5595 = COLOUR_RGB ( '',0.2862745098039215508, 0.2862745098039215508, 0.2862745098039215508 ) ;
#5596 = VECTOR ( 'NONE', #8257, 1000.000000000000000 ) ;
#5597 = EDGE_CURVE ( 'NONE', #10460, #8403, #9583, .T. ) ;
#5598 = LINE ( 'NONE', #1889, #3841 ) ;
#5599 = LINE ( 'NONE', #9306, #10634 ) ;
#5600 = CARTESIAN_POINT ( 'NONE',  ( -2.467808941026836678, 2.436089990849913622, 1.069132658676927639 ) ) ;
#5601 = ORIENTED_EDGE ( 'NONE', *, *, #11399, .T. ) ;
#5602 = UNCERTAINTY_MEASURE_WITH_UNIT (LENGTH_MEASURE( 1.000000000000000082E-05 ), #5827, 'distance_accuracy_value', 'NONE');
#5603 = CARTESIAN_POINT ( 'NONE',  ( 2.162499999999994316, 2.469999999999996643, 0.2500000000000000000 ) ) ;
#5604 = SURFACE_SIDE_STYLE ('',( #4597 ) ) ;
#5605 = VERTEX_POINT ( 'NONE', #417 ) ;
#5606 = AXIS2_PLACEMENT_3D ( 'NONE', #8980, #4500, #5452 ) ;
#5607 = VERTEX_POINT ( 'NONE', #5736 ) ;
#5608 = DIRECTION ( 'NONE',  ( -1.000000000000000000, 0.000000000000000000, 0.000000000000000000 ) ) ;
#5609 = PRESENTATION_STYLE_ASSIGNMENT (( #7517 ) ) ;
#5610 = COLOUR_RGB ( '',0.8313725490196077761, 0.8313725490196077761, 0.8313725490196077761 ) ;
#5611 = ORIENTED_EDGE ( 'NONE', *, *, #8996, .F. ) ;
#5612 = PRESENTATION_LAYER_ASSIGNMENT (  '', '', ( #4111 ) ) ;
#5613 = LINE ( 'NONE', #1124, #5756 ) ;
#5614 = CARTESIAN_POINT ( 'NONE',  ( 2.575000000000000178, 2.740000000000000213, 0.000000000000000000 ) ) ;
#5615 = SURFACE_SIDE_STYLE ('',( #10178 ) ) ;
#5616 = ORIENTED_EDGE ( 'NONE', *, *, #8793, .F. ) ;
#5617 = DIRECTION ( 'NONE',  ( 1.000000000000000000, -0.000000000000000000, 0.000000000000000000 ) ) ;
#5618 = ORIENTED_EDGE ( 'NONE', *, *, #1707, .T. ) ;
#5619 = CARTESIAN_POINT ( 'NONE',  ( -0.8924999999999999600, 2.470000000000000195, 0.000000000000000000 ) ) ;
#5620 = FACE_OUTER_BOUND ( 'NONE', #4940, .T. ) ;
#5621 = DIRECTION ( 'NONE',  ( 1.000000000000000000, 0.000000000000000000, 0.000000000000000000 ) ) ;
#5622 = VECTOR ( 'NONE', #7599, 1000.000000000000000 ) ;
#5623 =( NAMED_UNIT ( * ) SI_UNIT ( $, .STERADIAN. ) SOLID_ANGLE_UNIT ( ) );
#5624 = CARTESIAN_POINT ( 'NONE',  ( 1.647500000000000187, 2.782500000000000195, 0.000000000000000000 ) ) ;
#5625 = FACE_OUTER_BOUND ( 'NONE', #2324, .T. ) ;
#5626 = AXIS2_PLACEMENT_3D ( 'NONE', #135, #3575, #2898 ) ;
#5627 = DIRECTION ( 'NONE',  ( 1.000000000000000000, 0.000000000000000000, -0.000000000000000000 ) ) ;
#5628 = ORIENTED_EDGE ( 'NONE', *, *, #2667, .T. ) ;
#5629 = CARTESIAN_POINT ( 'NONE',  ( 2.162500000000000089, -2.819999999999999840, 0.000000000000000000 ) ) ;
#5630 = ORIENTED_EDGE ( 'NONE', *, *, #6147, .T. ) ;
#5631 = LINE ( 'NONE', #7307, #5836 ) ;
#5632 = ORIENTED_EDGE ( 'NONE', *, *, #4497, .F. ) ;
#5633 = CARTESIAN_POINT ( 'NONE',  ( 2.575000000000000178, 2.740000000000000213, 0.000000000000000000 ) ) ;
#5634 = AXIS2_PLACEMENT_3D ( 'NONE', #3459, #8321, #10208 ) ;
#5635 = CARTESIAN_POINT ( 'NONE',  ( 0.000000000000000000, 5.551115123125779744E-16, 0.000000000000000000 ) ) ;
#5636 = EDGE_CURVE ( 'NONE', #10414, #3656, #8422, .T. ) ;
#5637 = SURFACE_STYLE_FILL_AREA ( #6120 ) ;
#5638 = CIRCLE ( 'NONE', #1252, 0.03749999999999988065 ) ;
#5639 = SURFACE_STYLE_FILL_AREA ( #8269 ) ;
#5640 = CARTESIAN_POINT ( 'NONE',  ( 0.4150000000000000910, 2.507499999999999840, 0.000000000000000000 ) ) ;
#5641 =( NAMED_UNIT ( * ) SI_UNIT ( $, .STERADIAN. ) SOLID_ANGLE_UNIT ( ) );
#5642 = CARTESIAN_POINT ( 'NONE',  ( -2.185000000000000497, 0.02000000000000060063, 0.000000000000000000 ) ) ;
#5643 = ORIENTED_EDGE ( 'NONE', *, *, #5310, .F. ) ;
#5644 = LINE ( 'NONE', #5705, #1099 ) ;
#5645 = EDGE_CURVE ( 'NONE', #6934, #10988, #4823, .T. ) ;
#5646 = EDGE_CURVE ( 'NONE', #10298, #9024, #4886, .T. ) ;
#5647 = EDGE_LOOP ( 'NONE', ( #10045, #3415, #6161, #7405 ) ) ;
#5648 =( NAMED_UNIT ( * ) PLANE_ANGLE_UNIT ( ) SI_UNIT ( $, .RADIAN. ) );
#5649 =( NAMED_UNIT ( * ) SI_UNIT ( $, .STERADIAN. ) SOLID_ANGLE_UNIT ( ) );
#5650 = CARTESIAN_POINT ( 'NONE',  ( -0.8924999999999999600, 2.782500000000000195, 0.000000000000000000 ) ) ;
#5651 = PRESENTATION_STYLE_ASSIGNMENT (( #1167 ) ) ;
#5652 = DIRECTION ( 'NONE',  ( 0.000000000000000000, 0.000000000000000000, 1.000000000000000000 ) ) ;
#5653 = COLOUR_RGB ( '',0.2862745098039215508, 0.2862745098039215508, 0.2862745098039215508 ) ;
#5654 = CARTESIAN_POINT ( 'NONE',  ( -2.374771484314850412, 2.559980999734316143, 1.090494766897659451 ) ) ;
#5655 = PRESENTATION_STYLE_ASSIGNMENT (( #8524 ) ) ;
#5656 = ORIENTED_EDGE ( 'NONE', *, *, #3458, .T. ) ;
#5657 = MECHANICAL_DESIGN_GEOMETRIC_PRESENTATION_REPRESENTATION (  '', ( #9287 ), #7573 ) ;
#5658 = LINE ( 'NONE', #9312, #432 ) ;
#5659 = AXIS2_PLACEMENT_3D ( 'NONE', #7, #6593, #67 ) ;
#5660 = SURFACE_SIDE_STYLE ('',( #2801 ) ) ;
#5661 = ORIENTED_EDGE ( 'NONE', *, *, #4696, .T. ) ;
#5662 = SURFACE_STYLE_USAGE ( .BOTH. , #8472 ) ;
#5663 = EDGE_CURVE ( 'NONE', #1971, #4634, #7594, .T. ) ;
#5664 = ORIENTED_EDGE ( 'NONE', *, *, #4893, .F. ) ;
#5665 = STYLED_ITEM ( 'NONE', ( #4632 ), #8144 ) ;
#5666 = SURFACE_STYLE_FILL_AREA ( #2261 ) ;
#5667 = CARTESIAN_POINT ( 'NONE',  ( 2.328631962061076699, -2.544516792360708823, 1.091449727906031120 ) ) ;
#5668 = VECTOR ( 'NONE', #4789, 1000.000000000000000 ) ;
#5669 = ORIENTED_EDGE ( 'NONE', *, *, #1035, .T. ) ;
#5670 = DIRECTION ( 'NONE',  ( 0.1751915364254250929, 0.1751915364254240937, -0.9688218882383894393 ) ) ;
#5671 = CARTESIAN_POINT ( 'NONE',  ( -5.551115123125779744E-16, -0.1799999999999989664, 0.2500000000000000000 ) ) ;
#5672 = FILL_AREA_STYLE_COLOUR ( '', #11418 ) ;
#5673 = FILL_AREA_STYLE_COLOUR ( '', #3677 ) ;
#5674 = ORIENTED_EDGE ( 'NONE', *, *, #2436, .F. ) ;
#5675 = ORIENTED_EDGE ( 'NONE', *, *, #829, .F. ) ;
#5676 = MECHANICAL_DESIGN_GEOMETRIC_PRESENTATION_REPRESENTATION (  '', ( #3010 ), #3789 ) ;
#5677 = PRESENTATION_LAYER_ASSIGNMENT (  '', '', ( #10290 ) ) ;
#5678 = ADVANCED_FACE ( 'NONE', ( #4086 ), #8545, .T. ) ;
#5679 = CARTESIAN_POINT ( 'NONE',  ( 2.125000000000000000, 2.740000000000000657, 0.000000000000000000 ) ) ;
#5680 = ORIENTED_EDGE ( 'NONE', *, *, #7930, .T. ) ;
#5681 = AXIS2_PLACEMENT_3D ( 'NONE', #10442, #3984, #8621 ) ;
#5682 = VERTEX_POINT ( 'NONE', #1488 ) ;
#5683 = SURFACE_STYLE_USAGE ( .BOTH. , #6515 ) ;
#5684 = ORIENTED_EDGE ( 'NONE', *, *, #3932, .F. ) ;
#5685 =( LENGTH_UNIT ( ) NAMED_UNIT ( * ) SI_UNIT ( .MILLI., .METRE. ) );
#5686 = CARTESIAN_POINT ( 'NONE',  ( -2.481424832439820261, -0.1799999999999999933, 0.2500000000000000000 ) ) ;
#5687 = VECTOR ( 'NONE', #159, 1000.000000000000000 ) ;
#5688 = SURFACE_STYLE_USAGE ( .BOTH. , #11071 ) ;
#5689 = EDGE_LOOP ( 'NONE', ( #7786, #10843, #2345, #5661 ) ) ;
#5690 = LINE ( 'NONE', #1030, #5968 ) ;
#5691 =( GEOMETRIC_REPRESENTATION_CONTEXT ( 3 ) GLOBAL_UNCERTAINTY_ASSIGNED_CONTEXT ( ( #11739 ) ) GLOBAL_UNIT_ASSIGNED_CONTEXT ( ( #9426, #4067, #3278 ) ) REPRESENTATION_CONTEXT ( 'NONE', 'WORKASPACE' ) );
#5692 = DIRECTION ( 'NONE',  ( 1.000000000000000000, 2.478176394252580155E-16, 0.000000000000000000 ) ) ;
#5693 = CARTESIAN_POINT ( 'NONE',  ( 1.625000000000000222, 2.419999999999999929, 0.000000000000000000 ) ) ;
#5694 = B_SPLINE_CURVE_WITH_KNOTS ( 'NONE', 3,
 ( #3024, #258, #11434, #3196 ),
 .UNSPECIFIED., .F., .F.,
 ( 4, 4 ),
 ( 0.000000000000000000, 1.000000000000000000 ),
 .UNSPECIFIED. ) ;
#5695 =( GEOMETRIC_REPRESENTATION_CONTEXT ( 3 ) GLOBAL_UNCERTAINTY_ASSIGNED_CONTEXT ( ( #8088 ) ) GLOBAL_UNIT_ASSIGNED_CONTEXT ( ( #9659, #7740, #9486 ) ) REPRESENTATION_CONTEXT ( 'NONE', 'WORKASPACE' ) );
#5696 = PLANE ( 'NONE',  #10148 ) ;
#5697 = CIRCLE ( 'NONE', #6264, 0.1867673477050099673 ) ;
#5698 = AXIS2_PLACEMENT_3D ( 'NONE', #5828, #4800, #11382 ) ;
#5699 = SURFACE_STYLE_FILL_AREA ( #10146 ) ;
#5700 = PRODUCT_DEFINITION ( 'UNKNOWN', '', #8532, #8732 ) ;
#5701 = SURFACE_SIDE_STYLE ('',( #2060 ) ) ;
#5702 = FILL_AREA_STYLE ('',( #3751 ) ) ;
#5703 = VECTOR ( 'NONE', #4587, 1000.000000000000000 ) ;
#5704 = ORIENTED_EDGE ( 'NONE', *, *, #4762, .F. ) ;
#5705 = CARTESIAN_POINT ( 'NONE',  ( 2.381424832439820172, -0.6799999999999990496, 0.000000000000000000 ) ) ;
#5706 = ORIENTED_EDGE ( 'NONE', *, *, #8155, .T. ) ;
#5707 = DIRECTION ( 'NONE',  ( 1.000000000000000000, 0.000000000000000000, 0.000000000000000000 ) ) ;
#5708 = PRODUCT_DEFINITION_SHAPE ( 'NONE', 'NONE',  #11922 ) ;
#5709 = COLOUR_RGB ( '',0.2862745098039215508, 0.2862745098039215508, 0.2862745098039215508 ) ;
#5710 = DIRECTION ( 'NONE',  ( 1.000000000000000000, -0.000000000000000000, 0.000000000000000000 ) ) ;
#5711 = LINE ( 'NONE', #5531, #1709 ) ;
#5712 = EDGE_CURVE ( 'NONE', #10976, #6366, #11720, .T. ) ;
#5713 = LINE ( 'NONE', #6666, #8871 ) ;
#5714 = EDGE_CURVE ( 'NONE', #3537, #9985, #9697, .T. ) ;
#5715 = ORIENTED_EDGE ( 'NONE', *, *, #537, .F. ) ;
#5716 = FILL_AREA_STYLE ('',( #10345 ) ) ;
#5717 = EDGE_CURVE ( 'NONE', #6907, #3420, #481, .T. ) ;
#5718 = AXIS2_PLACEMENT_3D ( 'NONE', #19, #11706, #7330 ) ;
#5719 = CARTESIAN_POINT ( 'NONE',  ( 2.575000000000000178, -2.740000000000000213, 0.000000000000000000 ) ) ;
#5720 = ORIENTED_EDGE ( 'NONE', *, *, #8263, .T. ) ;
#5721 =( LENGTH_UNIT ( ) NAMED_UNIT ( * ) SI_UNIT ( .MILLI., .METRE. ) );
#5722 = VERTEX_POINT ( 'NONE', #1603 ) ;
#5723 =( NAMED_UNIT ( * ) SI_UNIT ( $, .STERADIAN. ) SOLID_ANGLE_UNIT ( ) );
#5724 = AXIS2_PLACEMENT_3D ( 'NONE', #10016, #9956, #738 ) ;
#5725 = VERTEX_POINT ( 'NONE', #593 ) ;
#5726 = EDGE_CURVE ( 'NONE', #2810, #8615, #5697, .T. ) ;
#5727 = EDGE_CURVE ( 'NONE', #336, #8243, #10724, .T. ) ;
#5728 = FILL_AREA_STYLE ('',( #1181 ) ) ;
#5729 = FILL_AREA_STYLE ('',( #9262 ) ) ;
#5730 = FACE_OUTER_BOUND ( 'NONE', #1884, .T. ) ;
#5731 = ORIENTED_EDGE ( 'NONE', *, *, #8587, .F. ) ;
#5732 = PRESENTATION_STYLE_ASSIGNMENT (( #7589 ) ) ;
#5733 = DIRECTION ( 'NONE',  ( -1.000000000000000000, 0.000000000000000000, 0.000000000000000000 ) ) ;
#5734 = ORIENTED_EDGE ( 'NONE', *, *, #1920, .F. ) ;
#5735 = PLANE ( 'NONE',  #9599 ) ;
#5736 = CARTESIAN_POINT ( 'NONE',  ( 2.394980999734316551, 2.559980999734317475, 1.075827626996971764 ) ) ;
#5737 = CARTESIAN_POINT ( 'NONE',  ( 2.574999999999999734, -0.5799999999999989608, 0.000000000000000000 ) ) ;
#5738 = DIRECTION ( 'NONE',  ( -1.000000000000000000, -0.000000000000000000, 0.000000000000000000 ) ) ;
#5739 = MECHANICAL_DESIGN_GEOMETRIC_PRESENTATION_REPRESENTATION (  '', ( #2889 ), #9586 ) ;
#5740 = DIRECTION ( 'NONE',  ( -1.000000000000000000, -0.000000000000000000, -0.000000000000000000 ) ) ;
#5741 = EDGE_CURVE ( 'NONE', #7231, #3343, #2571, .T. ) ;
#5742 = CARTESIAN_POINT ( 'NONE',  ( 1.685000000000000275, 2.507499999999999840, 0.000000000000000000 ) ) ;
#5743 = COLOUR_RGB ( '',0.2862745098039215508, 0.2862745098039215508, 0.2862745098039215508 ) ;
#5744 = PRESENTATION_STYLE_ASSIGNMENT (( #11308 ) ) ;
#5745 = ORIENTED_EDGE ( 'NONE', *, *, #9672, .T. ) ;
#5746 = CARTESIAN_POINT ( 'NONE',  ( 1.905000000000000027, 2.770000000000000018, 0.2500000000000000000 ) ) ;
#5747 = ORIENTED_EDGE ( 'NONE', *, *, #9451, .F. ) ;
#5748 = LINE ( 'NONE', #10075, #9869 ) ;
#5749 = SURFACE_STYLE_USAGE ( .BOTH. , #8620 ) ;
#5750 = ADVANCED_BREP_SHAPE_REPRESENTATION ( '', ( #3311, #5287 ), #333 ) ;
#5751 = LINE ( 'NONE', #11823, #3621 ) ;
#5752 = LINE ( 'NONE', #11485, #10890 ) ;
#5753 = EDGE_LOOP ( 'NONE', ( #8764, #1096, #832, #9931 ) ) ;
#5754 = LINE ( 'NONE', #1209, #7111 ) ;
#5755 =( NAMED_UNIT ( * ) SI_UNIT ( $, .STERADIAN. ) SOLID_ANGLE_UNIT ( ) );
#5756 = VECTOR ( 'NONE', #3112, 1000.000000000000000 ) ;
#5757 = CARTESIAN_POINT ( 'NONE',  ( 2.354463867161251667, 2.598187122972951624, 1.034235483637908848 ) ) ;
#5758 = SURFACE_SIDE_STYLE ('',( #7552 ) ) ;
#5759 = PLANE ( 'NONE',  #9989 ) ;
#5760 = CARTESIAN_POINT ( 'NONE',  ( 0.8549999999999999822, -2.770000000000000018, 0.000000000000000000 ) ) ;
#5761 = PRESENTATION_LAYER_ASSIGNMENT (  '', '', ( #4263 ) ) ;
#5762 = FACE_OUTER_BOUND ( 'NONE', #1130, .T. ) ;
#5763 = SURFACE_STYLE_USAGE ( .BOTH. , #5701 ) ;
#5764 = VERTEX_POINT ( 'NONE', #2337 ) ;
#5765 = STYLED_ITEM ( 'NONE', ( #7265 ), #3481 ) ;
#5766 = VERTEX_POINT ( 'NONE', #5191 ) ;
#5767 = CARTESIAN_POINT ( 'NONE',  ( -2.351067539245732529, -2.554456236527851587, 1.096075939357707085 ) ) ;
#5768 = FILL_AREA_STYLE_COLOUR ( '', #6482 ) ;
#5769 =( NAMED_UNIT ( * ) SI_UNIT ( $, .STERADIAN. ) SOLID_ANGLE_UNIT ( ) );
#5770 =( NAMED_UNIT ( * ) PLANE_ANGLE_UNIT ( ) SI_UNIT ( $, .RADIAN. ) );
#5771 = ORIENTED_EDGE ( 'NONE', *, *, #11223, .T. ) ;
#5772 = CARTESIAN_POINT ( 'NONE',  ( -2.575000000000000178, -2.740000000000000213, 0.000000000000000000 ) ) ;
#5773 = PRESENTATION_STYLE_ASSIGNMENT (( #9674 ) ) ;
#5774 = DIRECTION ( 'NONE',  ( -2.121368232417700132E-16, 0.9840406976462910960, 0.1779435454738410305 ) ) ;
#5775 = ORIENTED_EDGE ( 'NONE', *, *, #8251, .F. ) ;
#5776 = CARTESIAN_POINT ( 'NONE',  ( -2.125000000000000000, 2.739999999999999325, 0.2499999999999997224 ) ) ;
#5777 = ORIENTED_EDGE ( 'NONE', *, *, #9073, .F. ) ;
#5778 = ADVANCED_FACE ( 'NONE', ( #2398 ), #2518, .T. ) ;
#5779 = VECTOR ( 'NONE', #4157, 1000.000000000000000 ) ;
#5780 = CARTESIAN_POINT ( 'NONE',  ( 2.366039280427572056, 2.436089990849910070, 1.142992413286237907 ) ) ;
#5781 = ADVANCED_FACE ( 'NONE', ( #9633 ), #6986, .T. ) ;
#5782 = ORIENTED_EDGE ( 'NONE', *, *, #11617, .F. ) ;
#5783 = COLOUR_RGB ( '',0.2862745098039215508, 0.2862745098039215508, 0.2862745098039215508 ) ;
#5784 = SURFACE_SIDE_STYLE ('',( #6683 ) ) ;
#5785 = DIRECTION ( 'NONE',  ( -1.000000000000000000, -2.087512675392992591E-16, -3.774837845319806641E-17 ) ) ;
#5786 = STYLED_ITEM ( 'NONE', ( #9330 ), #9927 ) ;
#5787 = PRESENTATION_LAYER_ASSIGNMENT (  '', '', ( #10997 ) ) ;
#5788 = DIRECTION ( 'NONE',  ( 0.000000000000000000, -1.000000000000000000, -0.000000000000000000 ) ) ;
#5789 = CARTESIAN_POINT ( 'NONE',  ( -0.9150000000000000355, 2.419999999999999929, 0.000000000000000000 ) ) ;
#5790 = VERTEX_POINT ( 'NONE', #7399 ) ;
#5791 = AXIS2_PLACEMENT_3D ( 'NONE', #8080, #8142, #3370 ) ;
#5792 = FILL_AREA_STYLE ('',( #2999 ) ) ;
#5793 = VERTEX_POINT ( 'NONE', #8184 ) ;
#5794 = FACE_OUTER_BOUND ( 'NONE', #6753, .T. ) ;
#5795 = ADVANCED_FACE ( 'NONE', ( #11903 ), #7163, .T. ) ;
#5796 = ADVANCED_FACE ( 'NONE', ( #32 ), #11042, .T. ) ;
#5797 = PRESENTATION_LAYER_ASSIGNMENT (  '', '', ( #6938 ) ) ;
#5798 =( LENGTH_UNIT ( ) NAMED_UNIT ( * ) SI_UNIT ( .MILLI., .METRE. ) );
#5799 = CARTESIAN_POINT ( 'NONE',  ( 1.905000000000000027, -0.07999999999999890532, 0.000000000000000000 ) ) ;
#5800 = EDGE_CURVE ( 'NONE', #4245, #7428, #3049, .T. ) ;
#5801 = VERTEX_POINT ( 'NONE', #8697 ) ;
#5802 = DIRECTION ( 'NONE',  ( 0.000000000000000000, 1.000000000000000000, 0.000000000000000000 ) ) ;
#5803 = DIRECTION ( 'NONE',  ( -0.000000000000000000, -0.000000000000000000, -1.000000000000000000 ) ) ;
#5804 = ORIENTED_EDGE ( 'NONE', *, *, #11128, .T. ) ;
#5805 = VERTEX_POINT ( 'NONE', #6954 ) ;
#5806 = VECTOR ( 'NONE', #420, 1000.000000000000000 ) ;
#5807 = DIRECTION ( 'NONE',  ( -0.000000000000000000, -0.000000000000000000, -1.000000000000000000 ) ) ;
#5808 = COLOUR_RGB ( '',0.2862745098039215508, 0.2862745098039215508, 0.2862745098039215508 ) ;
#5809 =( NAMED_UNIT ( * ) SI_UNIT ( $, .STERADIAN. ) SOLID_ANGLE_UNIT ( ) );
#5810 = ORIENTED_EDGE ( 'NONE', *, *, #796, .T. ) ;
#5811 = LINE ( 'NONE', #1271, #8260 ) ;
#5812 = ADVANCED_FACE ( 'NONE', ( #11553 ), #3324, .T. ) ;
#5813 = SURFACE_STYLE_FILL_AREA ( #1213 ) ;
#5814 = SURFACE_STYLE_USAGE ( .BOTH. , #6643 ) ;
#5815 = LINE ( 'NONE', #6139, #1546 ) ;
#5816 = PRESENTATION_LAYER_ASSIGNMENT (  '', '', ( #9844 ) ) ;
#5817 = UNCERTAINTY_MEASURE_WITH_UNIT (LENGTH_MEASURE( 1.000000000000000082E-05 ), #8899, 'distance_accuracy_value', 'NONE');
#5818 = DIRECTION ( 'NONE',  ( 0.000000000000000000, -0.000000000000000000, 1.000000000000000000 ) ) ;
#5819 = SURFACE_STYLE_USAGE ( .BOTH. , #4287 ) ;
#5820 =( NAMED_UNIT ( * ) PLANE_ANGLE_UNIT ( ) SI_UNIT ( $, .RADIAN. ) );
#5821 = CARTESIAN_POINT ( 'NONE',  ( 2.481424832439820261, -0.5799999999999990719, 0.2500000000000001110 ) ) ;
#5822 = DIRECTION ( 'NONE',  ( -2.025954424498460092E-16, 1.000000000000000000, -0.000000000000000000 ) ) ;
#5823 = EDGE_LOOP ( 'NONE', ( #5064, #4813, #907, #1282 ) ) ;
#5824 = CARTESIAN_POINT ( 'NONE',  ( 0.000000000000000000, 0.000000000000000000, 1.100000000000000089 ) ) ;
#5825 = STYLED_ITEM ( 'NONE', ( #11398 ), #1856 ) ;
#5826 = ORIENTED_EDGE ( 'NONE', *, *, #9899, .F. ) ;
#5827 =( LENGTH_UNIT ( ) NAMED_UNIT ( * ) SI_UNIT ( .MILLI., .METRE. ) );
#5828 = CARTESIAN_POINT ( 'NONE',  ( 0.8924999999999999600, -3.220000000000000195, 0.000000000000000000 ) ) ;
#5829 = FILL_AREA_STYLE ('',( #6663 ) ) ;
#5830 = CARTESIAN_POINT ( 'NONE',  ( 2.574989970828017061, 2.661266715016319839, 0.2500554620476194145 ) ) ;
#5831 = VECTOR ( 'NONE', #9155, 1000.000000000000000 ) ;
#5832 = DIRECTION ( 'NONE',  ( 1.000000000000000000, -2.960594732333779889E-13, -0.000000000000000000 ) ) ;
#5833 = STYLED_ITEM ( 'NONE', ( #1514 ), #8267 ) ;
#5834 = EDGE_LOOP ( 'NONE', ( #6066, #11367, #9523, #5643 ) ) ;
#5835 = SURFACE_STYLE_USAGE ( .BOTH. , #1293 ) ;
#5836 = VECTOR ( 'NONE', #4675, 1000.000000000000000 ) ;
#5837 = LINE ( 'NONE', #9568, #9534 ) ;
#5838 = LINE ( 'NONE', #399, #2668 ) ;
#5839 = EDGE_LOOP ( 'NONE', ( #5826, #8126, #3183, #11022 ) ) ;
#5840 = CARTESIAN_POINT ( 'NONE',  ( 2.125000000000000000, 2.782500000000000195, 0.000000000000000000 ) ) ;
#5841 = EDGE_CURVE ( 'NONE', #11662, #964, #1115, .T. ) ;
#5842 = ORIENTED_EDGE ( 'NONE', *, *, #7566, .T. ) ;
#5843 = CARTESIAN_POINT ( 'NONE',  ( 2.427844933809972794, 2.554456236527852919, 1.040354425807744176 ) ) ;
#5844 = DIRECTION ( 'NONE',  ( 0.000000000000000000, 0.000000000000000000, 1.000000000000000000 ) ) ;
#5845 = ORIENTED_EDGE ( 'NONE', *, *, #1548, .F. ) ;
#5846 = AXIS2_PLACEMENT_3D ( 'NONE', #8537, #5670, #8358 ) ;
#5847 = FILL_AREA_STYLE ('',( #3056 ) ) ;
#5848 =( NAMED_UNIT ( * ) SI_UNIT ( $, .STERADIAN. ) SOLID_ANGLE_UNIT ( ) );
#5849 = SURFACE_STYLE_FILL_AREA ( #1125 ) ;
#5850 = DIRECTION ( 'NONE',  ( 1.000000000000000000, 0.000000000000000000, 0.000000000000000000 ) ) ;
#5851 = ORIENTED_EDGE ( 'NONE', *, *, #3032, .T. ) ;
#5852 =( LENGTH_UNIT ( ) NAMED_UNIT ( * ) SI_UNIT ( .MILLI., .METRE. ) );
#5853 = UNCERTAINTY_MEASURE_WITH_UNIT (LENGTH_MEASURE( 1.000000000000000082E-05 ), #4949, 'distance_accuracy_value', 'NONE');
#5854 = VERTEX_POINT ( 'NONE', #1960 ) ;
#5855 = STYLED_ITEM ( 'NONE', ( #11135 ), #7831 ) ;
#5856 = EDGE_CURVE ( 'NONE', #10667, #6984, #3089, .T. ) ;
#5857 = DIRECTION ( 'NONE',  ( -0.000000000000000000, 1.000000000000000000, 0.000000000000000000 ) ) ;
#5858 = CARTESIAN_POINT ( 'NONE',  ( 0.8550000000000000933, 2.507499999999999840, 0.000000000000000000 ) ) ;
#5859 = VECTOR ( 'NONE', #8172, 1000.000000000000000 ) ;
#5860 = CARTESIAN_POINT ( 'NONE',  ( 2.185000000000000497, -0.6799999999999990496, 0.000000000000000000 ) ) ;
#5861 = DIRECTION ( 'NONE',  ( -1.000000000000000000, 0.000000000000000000, 0.000000000000000000 ) ) ;
#5862 = ORIENTED_EDGE ( 'NONE', *, *, #7273, .F. ) ;
#5863 = FILL_AREA_STYLE_COLOUR ( '', #4904 ) ;
#5864 = EDGE_CURVE ( 'NONE', #7280, #5242, #10528, .T. ) ;
#5865 = DIRECTION ( 'NONE',  ( 1.000000000000000000, 0.000000000000000000, 0.000000000000000000 ) ) ;
#5866 = CARTESIAN_POINT ( 'NONE',  ( -1.647500000000000409, -3.220000000000000195, 0.2500000000000000000 ) ) ;
#5867 = VERTEX_POINT ( 'NONE', #6717 ) ;
#5868 = ADVANCED_FACE ( 'NONE', ( #446 ), #1400, .T. ) ;
#5869 = ORIENTED_EDGE ( 'NONE', *, *, #4272, .F. ) ;
#5870 =( NAMED_UNIT ( * ) PLANE_ANGLE_UNIT ( ) SI_UNIT ( $, .RADIAN. ) );
#5871 = DIRECTION ( 'NONE',  ( 1.000000000000000000, 0.000000000000000000, 0.000000000000000000 ) ) ;
#5872 = ADVANCED_FACE ( 'NONE', ( #4171 ), #4238, .F. ) ;
#5873 =( NAMED_UNIT ( * ) SI_UNIT ( $, .STERADIAN. ) SOLID_ANGLE_UNIT ( ) );
#5874 = CARTESIAN_POINT ( 'NONE',  ( -2.481424832439820261, -0.5799999999999989608, 0.000000000000000000 ) ) ;
#5875 = ORIENTED_EDGE ( 'NONE', *, *, #3111, .F. ) ;
#5876 = SURFACE_STYLE_USAGE ( .BOTH. , #5091 ) ;
#5877 = DIRECTION ( 'NONE',  ( 0.000000000000000000, 0.000000000000000000, 1.000000000000000000 ) ) ;
#5878 = FACE_OUTER_BOUND ( 'NONE', #759, .T. ) ;
#5879 = DIRECTION ( 'NONE',  ( -0.000000000000000000, 0.000000000000000000, -1.000000000000000000 ) ) ;
#5880 = PRESENTATION_STYLE_ASSIGNMENT (( #7728 ) ) ;
#5881 = PRESENTATION_STYLE_ASSIGNMENT (( #4110 ) ) ;
#5882 = SURFACE_STYLE_FILL_AREA ( #8804 ) ;
#5883 = STYLED_ITEM ( 'NONE', ( #6997 ), #5502 ) ;
#5884 = DIRECTION ( 'NONE',  ( 0.000000000000000000, 0.000000000000000000, 1.000000000000000000 ) ) ;
#5885 = ORIENTED_EDGE ( 'NONE', *, *, #9472, .T. ) ;
#5886 = SHAPE_DEFINITION_REPRESENTATION ( #1226, #11142 ) ;
#5887 = ORIENTED_EDGE ( 'NONE', *, *, #6801, .F. ) ;
#5888 = VECTOR ( 'NONE', #7576, 1000.000000000000000 ) ;
#5889 = AXIS2_PLACEMENT_3D ( 'NONE', #2256, #3222, #7813 ) ;
#5890 = STYLED_ITEM ( 'NONE', ( #2751 ), #5795 ) ;
#5891 =( LENGTH_UNIT ( ) NAMED_UNIT ( * ) SI_UNIT ( .MILLI., .METRE. ) );
#5892 = CARTESIAN_POINT ( 'NONE',  ( 1.685000000000000053, -2.319999999999999840, 0.000000000000000000 ) ) ;
#5893 = CARTESIAN_POINT ( 'NONE',  ( 0.9150000000000000355, 2.419999999999999929, 0.000000000000000000 ) ) ;
#5894 = ORIENTED_EDGE ( 'NONE', *, *, #3033, .T. ) ;
#5895 = PLANE ( 'NONE',  #5015 ) ;
#5896 = CARTESIAN_POINT ( 'NONE',  ( -2.354463867161250334, -2.598187122972951180, 1.034235483637910180 ) ) ;
#5897 = EDGE_LOOP ( 'NONE', ( #11363, #7538, #5265, #10313 ) ) ;
#5898 = LINE ( 'NONE', #6912, #6304 ) ;
#5899 = EDGE_LOOP ( 'NONE', ( #253, #3772, #9139, #10102 ) ) ;
#5900 = MECHANICAL_DESIGN_GEOMETRIC_PRESENTATION_REPRESENTATION (  '', ( #8958 ), #7234 ) ;
#5901 = PRESENTATION_LAYER_ASSIGNMENT (  '', '', ( #11894 ) ) ;
#5902 = CARTESIAN_POINT ( 'NONE',  ( -2.354463867161249446, -2.519463867161250370, 1.020000000000000018 ) ) ;
#5903 = PRESENTATION_STYLE_ASSIGNMENT (( #10480 ) ) ;
#5904 = STYLED_ITEM ( 'NONE', ( #5773 ), #4995 ) ;
#5905 = SURFACE_SIDE_STYLE ('',( #585 ) ) ;
#5906 = CARTESIAN_POINT ( 'NONE',  ( 0.000000000000000000, 2.419999999999999929, 0.000000000000000000 ) ) ;
#5907 = LINE ( 'NONE', #1307, #5387 ) ;
#5908 = ORIENTED_EDGE ( 'NONE', *, *, #11185, .F. ) ;
#5909 = LINE ( 'NONE', #2269, #3305 ) ;
#5910 = ORIENTED_EDGE ( 'NONE', *, *, #3607, .T. ) ;
#5911 = MECHANICAL_DESIGN_GEOMETRIC_PRESENTATION_REPRESENTATION (  '', ( #4577 ), #565 ) ;
#5912 = SURFACE_SIDE_STYLE ('',( #2935 ) ) ;
#5913 = DIRECTION ( 'NONE',  ( 1.000000000000000000, -0.000000000000000000, 0.000000000000000000 ) ) ;
#5914 = DIRECTION ( 'NONE',  ( 0.000000000000000000, 0.000000000000000000, 1.000000000000000000 ) ) ;
#5915 = MECHANICAL_DESIGN_GEOMETRIC_PRESENTATION_REPRESENTATION (  '', ( #11711 ), #7636 ) ;
#5916 = CARTESIAN_POINT ( 'NONE',  ( 1.685000000000000275, 2.782500000000000195, 0.000000000000000000 ) ) ;
#5917 = ORIENTED_EDGE ( 'NONE', *, *, #2062, .T. ) ;
#5918 = VECTOR ( 'NONE', #1962, 1000.000000000000000 ) ;
#5919 = DIRECTION ( 'NONE',  ( 1.000000000000000000, 0.000000000000000000, 0.000000000000000000 ) ) ;
#5920 = EDGE_LOOP ( 'NONE', ( #4797, #1144, #4039, #3227 ) ) ;
#5921 = AXIS2_PLACEMENT_3D ( 'NONE', #8869, #681, #2669 ) ;
#5922 = SURFACE_STYLE_USAGE ( .BOTH. , #8552 ) ;
#5923 = EDGE_LOOP ( 'NONE', ( #8474, #1516, #2267, #10024, #774, #284 ) ) ;
#5924 = DIRECTION ( 'NONE',  ( 0.000000000000000000, 1.000000000000000000, -0.000000000000000000 ) ) ;
#5925 = CARTESIAN_POINT ( 'NONE',  ( 0.8924999999999999600, -2.770000000000000018, 0.000000000000000000 ) ) ;
#5926 = FILL_AREA_STYLE_COLOUR ( '', #8742 ) ;
#5927 = VERTEX_POINT ( 'NONE', #5340 ) ;
#5928 = CARTESIAN_POINT ( 'NONE',  ( -2.162500000000000089, 2.507499999999999840, 0.000000000000000000 ) ) ;
#5929 = ADVANCED_FACE ( 'NONE', ( #4452 ), #11613, .F. ) ;
#5930 = CARTESIAN_POINT ( 'NONE',  ( 1.684999999999999831, -2.740000000000000213, 0.000000000000000000 ) ) ;
#5931 = CARTESIAN_POINT ( 'NONE',  ( -0.3775000000000000022, -3.220000000000000195, 0.2500000000000000000 ) ) ;
#5932 = EDGE_CURVE ( 'NONE', #2198, #1501, #8186, .T. ) ;
#5933 = STYLED_ITEM ( 'NONE', ( #9854 ), #11875 ) ;
#5934 = ADVANCED_FACE ( 'NONE', ( #5395 ), #8097, .F. ) ;
#5935 = FILL_AREA_STYLE_COLOUR ( '', #8716 ) ;
#5936 = UNCERTAINTY_MEASURE_WITH_UNIT (LENGTH_MEASURE( 1.000000000000000082E-05 ), #11296, 'distance_accuracy_value', 'NONE');
#5937 = SURFACE_STYLE_FILL_AREA ( #2308 ) ;
#5938 = CIRCLE ( 'NONE', #10354, 0.03749999999999976963 ) ;
#5939 = DIRECTION ( 'NONE',  ( -1.850371707708620003E-14, 1.000000000000000000, 0.000000000000000000 ) ) ;
#5940 = ORIENTED_EDGE ( 'NONE', *, *, #10215, .F. ) ;
#5941 = STYLED_ITEM ( 'NONE', ( #9806 ), #11339 ) ;
#5942 = PRESENTATION_STYLE_ASSIGNMENT (( #10392 ) ) ;
#5943 = EDGE_CURVE ( 'NONE', #10676, #225, #9105, .T. ) ;
#5944 = FILL_AREA_STYLE ('',( #4983 ) ) ;
#5945 = ADVANCED_FACE ( 'NONE', ( #3676 ), #5462, .T. ) ;
#5946 = EDGE_CURVE ( 'NONE', #6575, #3472, #1032, .T. ) ;
#5947 = SURFACE_SIDE_STYLE ('',( #2186 ) ) ;
#5948 = VECTOR ( 'NONE', #1238, 1000.000000000000000 ) ;
#5949 = DIRECTION ( 'NONE',  ( -0.000000000000000000, -0.000000000000000000, -1.000000000000000000 ) ) ;
#5950 = LINE ( 'NONE', #5172, #1055 ) ;
#5951 = ORIENTED_EDGE ( 'NONE', *, *, #2880, .F. ) ;
#5952 = SURFACE_STYLE_USAGE ( .BOTH. , #10647 ) ;
#5953 = DIRECTION ( 'NONE',  ( 0.000000000000000000, -0.000000000000000000, -1.000000000000000000 ) ) ;
#5954 = DIRECTION ( 'NONE',  ( -0.000000000000000000, 1.000000000000000000, 0.000000000000000000 ) ) ;
#5955 = CARTESIAN_POINT ( 'NONE',  ( 0.3775000000000000022, 3.220000000000000195, 0.000000000000000000 ) ) ;
#5956 = ORIENTED_EDGE ( 'NONE', *, *, #8277, .T. ) ;
#5957 = ORIENTED_EDGE ( 'NONE', *, *, #10083, .T. ) ;
#5958 = CARTESIAN_POINT ( 'NONE',  ( 2.389628245610447177, -2.516918006223030080, 1.110965557284858907 ) ) ;
#5959 = SURFACE_SIDE_STYLE ('',( #2262 ) ) ;
#5960 = FILL_AREA_STYLE_COLOUR ( '', #8200 ) ;
#5961 = CARTESIAN_POINT ( 'NONE',  ( -2.125000000000000000, -2.319999999999999840, 0.000000000000000000 ) ) ;
#5962 =( NAMED_UNIT ( * ) SI_UNIT ( $, .STERADIAN. ) SOLID_ANGLE_UNIT ( ) );
#5963 = SURFACE_STYLE_FILL_AREA ( #8717 ) ;
#5964 = ORIENTED_EDGE ( 'NONE', *, *, #2653, .F. ) ;
#5965 = SURFACE_SIDE_STYLE ('',( #476 ) ) ;
#5966 = PRESENTATION_LAYER_ASSIGNMENT (  '', '', ( #238 ) ) ;
#5967 = UNCERTAINTY_MEASURE_WITH_UNIT (LENGTH_MEASURE( 1.000000000000000082E-05 ), #11803, 'distance_accuracy_value', 'NONE');
#5968 = VECTOR ( 'NONE', #9285, 1000.000000000000000 ) ;
#5969 = FILL_AREA_STYLE_COLOUR ( '', #4104 ) ;
#5970 = ORIENTED_EDGE ( 'NONE', *, *, #5045, .T. ) ;
#5971 = PRESENTATION_STYLE_ASSIGNMENT (( #7829 ) ) ;
#5972 = DIRECTION ( 'NONE',  ( 1.000000000000000000, 0.000000000000000000, 0.000000000000000000 ) ) ;
#5973 = LINE ( 'NONE', #483, #7708 ) ;
#5974 = VECTOR ( 'NONE', #10427, 1000.000000000000000 ) ;
#5975 = EDGE_LOOP ( 'NONE', ( #3865, #8671, #8143, #10931 ) ) ;
#5976 = PRESENTATION_LAYER_ASSIGNMENT (  '', '', ( #9224 ) ) ;
#5977 = MECHANICAL_DESIGN_GEOMETRIC_PRESENTATION_REPRESENTATION (  '', ( #3123 ), #255 ) ;
#5978 = DIRECTION ( 'NONE',  ( 0.000000000000000000, 0.000000000000000000, -1.000000000000000000 ) ) ;
#5979 = UNCERTAINTY_MEASURE_WITH_UNIT (LENGTH_MEASURE( 1.000000000000000082E-05 ), #8719, 'distance_accuracy_value', 'NONE');
#5980 = ORIENTED_EDGE ( 'NONE', *, *, #9186, .T. ) ;
#5981 =( NAMED_UNIT ( * ) PLANE_ANGLE_UNIT ( ) SI_UNIT ( $, .RADIAN. ) );
#5982 = ORIENTED_EDGE ( 'NONE', *, *, #155, .F. ) ;
#5983 =( NAMED_UNIT ( * ) SI_UNIT ( $, .STERADIAN. ) SOLID_ANGLE_UNIT ( ) );
#5984 = AXIS2_PLACEMENT_3D ( 'NONE', #2409, #7963, #10675 ) ;
#5985 = SURFACE_SIDE_STYLE ('',( #2347 ) ) ;
#5986 = CYLINDRICAL_SURFACE ( 'NONE', #1300, 0.03749999999999988065 ) ;
#5987 = VECTOR ( 'NONE', #9413, 1000.000000000000000 ) ;
#5988 = PRESENTATION_LAYER_ASSIGNMENT (  '', '', ( #11783 ) ) ;
#5989 =( NAMED_UNIT ( * ) PLANE_ANGLE_UNIT ( ) SI_UNIT ( $, .RADIAN. ) );
#5990 = SURFACE_SIDE_STYLE ('',( #2419 ) ) ;
#5991 = LINE ( 'NONE', #6944, #10446 ) ;
#5992 = CARTESIAN_POINT ( 'NONE',  ( 2.575000000000000178, 2.740000000000000213, 0.000000000000000000 ) ) ;
#5993 = COLOUR_RGB ( '',0.8313725490196077761, 0.8313725490196077761, 0.8313725490196077761 ) ;
#5994 =( LENGTH_UNIT ( ) NAMED_UNIT ( * ) SI_UNIT ( .MILLI., .METRE. ) );
#5995 = CARTESIAN_POINT ( 'NONE',  ( -1.685000000000000275, -2.657500000000000195, 0.2500000000000000000 ) ) ;
#5996 = DIRECTION ( 'NONE',  ( -0.000000000000000000, -0.000000000000000000, 1.000000000000000000 ) ) ;
#5997 = ORIENTED_EDGE ( 'NONE', *, *, #10050, .F. ) ;
#5998 = DIRECTION ( 'NONE',  ( 0.000000000000000000, 0.000000000000000000, 1.000000000000000000 ) ) ;
#5999 = DIRECTION ( 'NONE',  ( 1.000000000000000000, 0.000000000000000000, 0.000000000000000000 ) ) ;
#6000 = EDGE_CURVE ( 'NONE', #3669, #4634, #2834, .T. ) ;
#6001 = VECTOR ( 'NONE', #8019, 1000.000000000000000 ) ;
#6002 = PRESENTATION_LAYER_ASSIGNMENT (  '', '', ( #4485 ) ) ;
#6003 = PLANE ( 'NONE',  #10693 ) ;
#6004 = PRESENTATION_LAYER_ASSIGNMENT (  '', '', ( #471 ) ) ;
#6005 = DIRECTION ( 'NONE',  ( 1.000000000000000000, -0.000000000000000000, 0.000000000000000000 ) ) ;
#6006 = DIRECTION ( 'NONE',  ( 0.000000000000000000, -0.000000000000000000, 1.000000000000000000 ) ) ;
#6007 = DIRECTION ( 'NONE',  ( 1.000000000000000000, 0.000000000000000000, 0.000000000000000000 ) ) ;
#6008 = CIRCLE ( 'NONE', #9060, 0.03749999999999988065 ) ;
#6009 = ADVANCED_FACE ( 'NONE', ( #132 ), #1992, .T. ) ;
#6010 = LINE ( 'NONE', #5113, #6395 ) ;
#6011 = VERTEX_POINT ( 'NONE', #197 ) ;
#6012 = EDGE_CURVE ( 'NONE', #3494, #766, #3868, .T. ) ;
#6013 = CARTESIAN_POINT ( 'NONE',  ( -2.541955526939516652, -2.739266446321865001, 0.2540566049825992434 ) ) ;
#6014 = CARTESIAN_POINT ( 'NONE',  ( 1.905000000000000027, 2.470000000000000195, 0.2500000000000000000 ) ) ;
#6015 = FACE_OUTER_BOUND ( 'NONE', #3980, .T. ) ;
#6016 = ORIENTED_EDGE ( 'NONE', *, *, #5800, .T. ) ;
#6017 = LINE ( 'NONE', #7938, #3464 ) ;
#6018 = AXIS2_PLACEMENT_3D ( 'NONE', #8121, #3698, #7096 ) ;
#6019 = ORIENTED_EDGE ( 'NONE', *, *, #4433, .F. ) ;
#6020 = FACE_OUTER_BOUND ( 'NONE', #9500, .T. ) ;
#6021 = CARTESIAN_POINT ( 'NONE',  ( -1.647500000000000187, 2.469999999999998419, 0.000000000000000000 ) ) ;
#6022 = AXIS2_PLACEMENT_3D ( 'NONE', #8050, #3505, #5406 ) ;
#6023 = DIRECTION ( 'NONE',  ( 0.000000000000000000, 0.000000000000000000, -1.000000000000000000 ) ) ;
#6024 = VECTOR ( 'NONE', #683, 1000.000000000000000 ) ;
#6025 = CARTESIAN_POINT ( 'NONE',  ( 1.625000000000000444, 2.419999999999999929, 0.000000000000000000 ) ) ;
#6026 = LINE ( 'NONE', #11465, #10030 ) ;
#6027 = EDGE_LOOP ( 'NONE', ( #3402, #713, #4194, #2570 ) ) ;
#6028 = VECTOR ( 'NONE', #8018, 1000.000000000000000 ) ;
#6029 = EDGE_CURVE ( 'NONE', #5485, #2891, #4162, .T. ) ;
#6030 =( NAMED_UNIT ( * ) SI_UNIT ( $, .STERADIAN. ) SOLID_ANGLE_UNIT ( ) );
#6031 = ORIENTED_EDGE ( 'NONE', *, *, #843, .F. ) ;
#6032 = FILL_AREA_STYLE ('',( #9868 ) ) ;
#6033 = MECHANICAL_DESIGN_GEOMETRIC_PRESENTATION_REPRESENTATION (  '', ( #105 ), #878 ) ;
#6034 = SURFACE_STYLE_FILL_AREA ( #6198 ) ;
#6035 = FILL_AREA_STYLE_COLOUR ( '', #10812 ) ;
#6036 = VERTEX_POINT ( 'NONE', #9471 ) ;
#6037 = SURFACE_SIDE_STYLE ('',( #9817 ) ) ;
#6038 = VERTEX_POINT ( 'NONE', #2350 ) ;
#6039 = PRESENTATION_LAYER_ASSIGNMENT (  '', '', ( #4344 ) ) ;
#6040 = CARTESIAN_POINT ( 'NONE',  ( 2.162500000000000089, 3.220000000000000195, 0.000000000000000000 ) ) ;
#6041 = VERTEX_POINT ( 'NONE', #8506 ) ;
#6042 = DIRECTION ( 'NONE',  ( -2.247415029605580049E-16, 1.000000000000000000, 0.000000000000000000 ) ) ;
#6043 = STYLED_ITEM ( 'NONE', ( #6111 ), #9091 ) ;
#6044 = FILL_AREA_STYLE_COLOUR ( '', #1299 ) ;
#6045 = VECTOR ( 'NONE', #9406, 1000.000000000000000 ) ;
#6046 =( NAMED_UNIT ( * ) SI_UNIT ( $, .STERADIAN. ) SOLID_ANGLE_UNIT ( ) );
#6047 = COLOUR_RGB ( '',0.2862745098039215508, 0.2862745098039215508, 0.2862745098039215508 ) ;
#6048 = DIRECTION ( 'NONE',  ( 1.000000000000000000, 0.000000000000000000, -0.000000000000000000 ) ) ;
#6049 = DIRECTION ( 'NONE',  ( 1.000000000000000000, 0.000000000000000000, 0.000000000000000000 ) ) ;
#6050 = UNCERTAINTY_MEASURE_WITH_UNIT (LENGTH_MEASURE( 1.000000000000000082E-05 ), #10991, 'distance_accuracy_value', 'NONE');
#6051 = DIRECTION ( 'NONE',  ( 0.000000000000000000, 0.000000000000000000, -1.000000000000000000 ) ) ;
#6052 = CARTESIAN_POINT ( 'NONE',  ( -0.3775000000000000022, 2.469999999999998419, 0.2500000000000000000 ) ) ;
#6053 = FACE_OUTER_BOUND ( 'NONE', #5899, .T. ) ;
#6054 = ORIENTED_EDGE ( 'NONE', *, *, #4308, .T. ) ;
#6055 = STYLED_ITEM ( 'NONE', ( #9394 ), #8413 ) ;
#6056 = DIRECTION ( 'NONE',  ( 0.000000000000000000, 0.000000000000000000, 1.000000000000000000 ) ) ;
#6057 = DIRECTION ( 'NONE',  ( 1.000000000000000000, 0.000000000000000000, 0.000000000000000000 ) ) ;
#6058 = PRESENTATION_LAYER_ASSIGNMENT (  '', '', ( #4546 ) ) ;
#6059 = CARTESIAN_POINT ( 'NONE',  ( 2.354463867161250334, -2.519463867161249926, 1.020000000000000018 ) ) ;
#6060 = UNCERTAINTY_MEASURE_WITH_UNIT (LENGTH_MEASURE( 1.000000000000000082E-05 ), #8462, 'distance_accuracy_value', 'NONE');
#6061 = PLANE ( 'NONE',  #5062 ) ;
#6062 = ORIENTED_EDGE ( 'NONE', *, *, #3023, .F. ) ;
#6063 =( LENGTH_UNIT ( ) NAMED_UNIT ( * ) SI_UNIT ( .MILLI., .METRE. ) );
#6064 = LINE ( 'NONE', #9567, #11264 ) ;
#6065 = FILL_AREA_STYLE ('',( #10348 ) ) ;
#6066 = ORIENTED_EDGE ( 'NONE', *, *, #9619, .T. ) ;
#6067 = LINE ( 'NONE', #1418, #7074 ) ;
#6068 = STYLED_ITEM ( 'NONE', ( #2744 ), #7021 ) ;
#6069 = ORIENTED_EDGE ( 'NONE', *, *, #9600, .F. ) ;
#6070 = ADVANCED_FACE ( 'NONE', ( #3136 ), #10565, .T. ) ;
#6071 = EDGE_CURVE ( 'NONE', #4534, #9148, #7544, .T. ) ;
#6072 = PLANE ( 'NONE',  #2296 ) ;
#6073 =( LENGTH_UNIT ( ) NAMED_UNIT ( * ) SI_UNIT ( .MILLI., .METRE. ) );
#6074 = VERTEX_POINT ( 'NONE', #5092 ) ;
#6075 = PRESENTATION_LAYER_ASSIGNMENT (  '', '', ( #11305 ) ) ;
#6076 = UNCERTAINTY_MEASURE_WITH_UNIT (LENGTH_MEASURE( 1.000000000000000082E-05 ), #3885, 'distance_accuracy_value', 'NONE');
#6077 = COLOUR_RGB ( '',0.8313725490196077761, 0.8313725490196077761, 0.8313725490196077761 ) ;
#6078 = EDGE_LOOP ( 'NONE', ( #10235, #5262, #5351, #8285 ) ) ;
#6079 = LINE ( 'NONE', #1544, #7289 ) ;
#6080 = CARTESIAN_POINT ( 'NONE',  ( -2.575000000000000178, -2.740000000000000213, 0.000000000000000000 ) ) ;
#6081 = STYLED_ITEM ( 'NONE', ( #11831 ), #6747 ) ;
#6082 = FACE_OUTER_BOUND ( 'NONE', #7497, .T. ) ;
#6083 = EDGE_CURVE ( 'NONE', #7995, #964, #319, .T. ) ;
#6084 = DIRECTION ( 'NONE',  ( -0.000000000000000000, -0.000000000000000000, 1.000000000000000000 ) ) ;
#6085 = PRESENTATION_LAYER_ASSIGNMENT (  '', '', ( #7629 ) ) ;
#6086 = VERTEX_POINT ( 'NONE', #1272 ) ;
#6087 = SURFACE_STYLE_FILL_AREA ( #11527 ) ;
#6088 = EDGE_CURVE ( 'NONE', #2229, #6809, #499, .T. ) ;
#6089 = UNCERTAINTY_MEASURE_WITH_UNIT (LENGTH_MEASURE( 1.000000000000000082E-05 ), #11355, 'distance_accuracy_value', 'NONE');
#6090 = FACE_OUTER_BOUND ( 'NONE', #7081, .T. ) ;
#6091 = VERTEX_POINT ( 'NONE', #4843 ) ;
#6092 = DIRECTION ( 'NONE',  ( -0.000000000000000000, -1.000000000000000000, -0.000000000000000000 ) ) ;
#6093 = ORIENTED_EDGE ( 'NONE', *, *, #9375, .T. ) ;
#6094 = FILL_AREA_STYLE_COLOUR ( '', #4553 ) ;
#6095 = FACE_OUTER_BOUND ( 'NONE', #7131, .T. ) ;
#6096 = DIRECTION ( 'NONE',  ( -1.009293658750140033E-15, -1.000000000000000000, 0.000000000000000000 ) ) ;
#6097 = ADVANCED_FACE ( 'NONE', ( #433 ), #1333, .T. ) ;
#6098 = CARTESIAN_POINT ( 'NONE',  ( -0.8924999999999999600, 2.782500000000000195, 0.2500000000000000000 ) ) ;
#6099 = MECHANICAL_DESIGN_GEOMETRIC_PRESENTATION_REPRESENTATION (  '', ( #10935 ), #9574 ) ;
#6100 = LINE ( 'NONE', #6282, #7528 ) ;
#6101 = DIRECTION ( 'NONE',  ( 0.000000000000000000, 1.000000000000000000, 0.000000000000000000 ) ) ;
#6102 = SURFACE_STYLE_USAGE ( .BOTH. , #7067 ) ;
#6103 = VERTEX_POINT ( 'NONE', #11541 ) ;
#6104 =( NAMED_UNIT ( * ) PLANE_ANGLE_UNIT ( ) SI_UNIT ( $, .RADIAN. ) );
#6105 =( NAMED_UNIT ( * ) PLANE_ANGLE_UNIT ( ) SI_UNIT ( $, .RADIAN. ) );
#6106 = LINE ( 'NONE', #1404, #11893 ) ;
#6107 =( BOUNDED_SURFACE ( )  B_SPLINE_SURFACE ( 3, 3, ( 
 ( #1954, #7450, #1170, #7570 ),
 ( #7387, #9363, #11338, #5654 ),
 ( #995, #11279, #2980, #11156 ),
 ( #89, #5600, #3762, #11094 ) ),
 .UNSPECIFIED., .F., .F., .F. ) 
 B_SPLINE_SURFACE_WITH_KNOTS ( ( 4, 4 ),
 ( 4, 4 ),
 ( 0.000000000000000000, 1.000000000000000000 ),
 ( 0.000000000000000000, 1.000000000000000000 ),
 .UNSPECIFIED. ) 
 GEOMETRIC_REPRESENTATION_ITEM ( )  RATIONAL_B_SPLINE_SURFACE ( (
 ( 1.000000000000000000, 0.3333333333333343140, 0.3333333333333343140, 1.000000000000000000),
 ( 0.9330238416682161695, 0.3110079472227396113, 0.3110079472227396113, 0.9330238416682161695),
 ( 0.9330238416682161695, 0.3110079472227396113, 0.3110079472227396113, 0.9330238416682161695),
 ( 1.000000000000000000, 0.3333333333333343140, 0.3333333333333343140, 1.000000000000000000) ) ) 
 REPRESENTATION_ITEM ( '' )  SURFACE ( )  );
#6108 =( GEOMETRIC_REPRESENTATION_CONTEXT ( 3 ) GLOBAL_UNCERTAINTY_ASSIGNED_CONTEXT ( ( #1441 ) ) GLOBAL_UNIT_ASSIGNED_CONTEXT ( ( #3630, #7146, #7213 ) ) REPRESENTATION_CONTEXT ( 'NONE', 'WORKASPACE' ) );
#6109 = FILL_AREA_STYLE ('',( #918 ) ) ;
#6110 = DIRECTION ( 'NONE',  ( 1.000000000000000000, 0.000000000000000000, -0.000000000000000000 ) ) ;
#6111 = PRESENTATION_STYLE_ASSIGNMENT (( #2605 ) ) ;
#6112 = CARTESIAN_POINT ( 'NONE',  ( -0.3774999999999998357, 3.220000000000000195, 0.000000000000000000 ) ) ;
#6113 = DIRECTION ( 'NONE',  ( 0.000000000000000000, 0.000000000000000000, 1.000000000000000000 ) ) ;
#6114 = ORIENTED_EDGE ( 'NONE', *, *, #1999, .F. ) ;
#6115 = CARTESIAN_POINT ( 'NONE',  ( 0.9149999999999991473, 2.770000000000000018, 0.2500000000000000000 ) ) ;
#6116 = ORIENTED_EDGE ( 'NONE', *, *, #6886, .T. ) ;
#6117 = ORIENTED_EDGE ( 'NONE', *, *, #11469, .T. ) ;
#6118 = CARTESIAN_POINT ( 'NONE',  ( 1.647500000000000187, 2.770000000000000018, 0.000000000000000000 ) ) ;
#6119 = PRESENTATION_STYLE_ASSIGNMENT (( #9624 ) ) ;
#6120 = FILL_AREA_STYLE ('',( #3404 ) ) ;
#6121 =( GEOMETRIC_REPRESENTATION_CONTEXT ( 3 ) GLOBAL_UNCERTAINTY_ASSIGNED_CONTEXT ( ( #7407 ) ) GLOBAL_UNIT_ASSIGNED_CONTEXT ( ( #3002, #10249, #297 ) ) REPRESENTATION_CONTEXT ( 'NONE', 'WORKASPACE' ) );
#6122 = FACE_OUTER_BOUND ( 'NONE', #6633, .T. ) ;
#6123 = CARTESIAN_POINT ( 'NONE',  ( -0.8549999999999996492, 2.782500000000000195, 0.000000000000000000 ) ) ;
#6124 = SURFACE_SIDE_STYLE ('',( #6861 ) ) ;
#6125 = VERTEX_POINT ( 'NONE', #8915 ) ;
#6126 = DIRECTION ( 'NONE',  ( 0.000000000000000000, 0.000000000000000000, -1.000000000000000000 ) ) ;
#6127 = DIRECTION ( 'NONE',  ( -1.000000000000000000, -9.001808307771530402E-16, 0.000000000000000000 ) ) ;
#6128 = ORIENTED_EDGE ( 'NONE', *, *, #3856, .T. ) ;
#6129 = DIRECTION ( 'NONE',  ( 0.000000000000000000, 0.000000000000000000, -1.000000000000000000 ) ) ;
#6130 = ADVANCED_FACE ( 'NONE', ( #6095 ), #552, .T. ) ;
#6131 = ORIENTED_EDGE ( 'NONE', *, *, #10709, .T. ) ;
#6132 = FILL_AREA_STYLE ('',( #2464 ) ) ;
#6133 =( GEOMETRIC_REPRESENTATION_CONTEXT ( 3 ) GLOBAL_UNCERTAINTY_ASSIGNED_CONTEXT ( ( #5936 ) ) GLOBAL_UNIT_ASSIGNED_CONTEXT ( ( #11296, #4817, #9510 ) ) REPRESENTATION_CONTEXT ( 'NONE', 'WORKASPACE' ) );
#6134 = CYLINDRICAL_SURFACE ( 'NONE', #1137, 0.03749999999999999167 ) ;
#6135 = ADVANCED_FACE ( 'NONE', ( #11797 ), #7122, .T. ) ;
#6136 = EDGE_CURVE ( 'NONE', #4964, #3966, #2534, .T. ) ;
#6137 = EDGE_LOOP ( 'NONE', ( #10230, #11475, #6928, #1001 ) ) ;
#6138 =( LENGTH_UNIT ( ) NAMED_UNIT ( * ) SI_UNIT ( .MILLI., .METRE. ) );
#6139 = CARTESIAN_POINT ( 'NONE',  ( 0.4149999999999999800, -2.657500000000000195, 0.000000000000000000 ) ) ;
#6140 = DIRECTION ( 'NONE',  ( -1.000000000000000000, 0.000000000000000000, 0.000000000000000000 ) ) ;
#6141 = ORIENTED_EDGE ( 'NONE', *, *, #9417, .F. ) ;
#6142 = VECTOR ( 'NONE', #3934, 1000.000000000000000 ) ;
#6143 = CARTESIAN_POINT ( 'NONE',  ( 2.162500000000000089, 2.469999999999999751, 0.000000000000000000 ) ) ;
#6144 = DIRECTION ( 'NONE',  ( 1.000000000000000000, 0.000000000000000000, 0.000000000000000000 ) ) ;
#6145 = ORIENTED_EDGE ( 'NONE', *, *, #11544, .F. ) ;
#6146 = CARTESIAN_POINT ( 'NONE',  ( -2.091767347705010049, -2.092049114840340174, 0.000000000000000000 ) ) ;
#6147 = EDGE_CURVE ( 'NONE', #6168, #10424, #10814, .T. ) ;
#6148 = EDGE_CURVE ( 'NONE', #3122, #7467, #10741, .T. ) ;
#6149 = PRESENTATION_STYLE_ASSIGNMENT (( #11730 ) ) ;
#6150 = FACE_OUTER_BOUND ( 'NONE', #10607, .T. ) ;
#6151 = AXIS2_PLACEMENT_3D ( 'NONE', #6252, #6188, #4476 ) ;
#6152 = AXIS2_PLACEMENT_3D ( 'NONE', #4224, #11317, #3304 ) ;
#6153 = SURFACE_STYLE_USAGE ( .BOTH. , #5990 ) ;
#6154 = FILL_AREA_STYLE ('',( #667 ) ) ;
#6155 = CIRCLE ( 'NONE', #9811, 0.08000000000000020983 ) ;
#6156 = UNCERTAINTY_MEASURE_WITH_UNIT (LENGTH_MEASURE( 1.000000000000000082E-05 ), #7848, 'distance_accuracy_value', 'NONE');
#6157 = PRESENTATION_LAYER_ASSIGNMENT (  '', '', ( #11197 ) ) ;
#6158 = CARTESIAN_POINT ( 'NONE',  ( -2.496266715016318471, 2.739989970828017984, 0.2500554620476149736 ) ) ;
#6159 = CIRCLE ( 'NONE', #1784, 0.03749999999999999167 ) ;
#6160 = EDGE_CURVE ( 'NONE', #7360, #2924, #6212, .T. ) ;
#6161 = ORIENTED_EDGE ( 'NONE', *, *, #11397, .T. ) ;
#6162 = CARTESIAN_POINT ( 'NONE',  ( -2.185000000000000497, -1.080000000000000071, 0.2500000000000000000 ) ) ;
#6163 = VECTOR ( 'NONE', #1254, 1000.000000000000000 ) ;
#6164 = VECTOR ( 'NONE', #10720, 1000.000000000000000 ) ;
#6165 = UNCERTAINTY_MEASURE_WITH_UNIT (LENGTH_MEASURE( 1.000000000000000082E-05 ), #260, 'distance_accuracy_value', 'NONE');
#6166 = DIRECTION ( 'NONE',  ( 1.000000000000000000, -9.001808307771530402E-16, 0.000000000000000000 ) ) ;
#6167 = LINE ( 'NONE', #6346, #3950 ) ;
#6168 = VERTEX_POINT ( 'NONE', #5327 ) ;
#6169 = FILL_AREA_STYLE ('',( #2552 ) ) ;
#6170 = ADVANCED_FACE ( 'NONE', ( #8978 ), #781, .T. ) ;
#6171 = DIRECTION ( 'NONE',  ( 1.000000000000000000, 0.000000000000000000, 0.000000000000000000 ) ) ;
#6172 = SURFACE_STYLE_FILL_AREA ( #6065 ) ;
#6173 = ORIENTED_EDGE ( 'NONE', *, *, #8100, .F. ) ;
#6174 = SURFACE_STYLE_USAGE ( .BOTH. , #1587 ) ;
#6175 = VECTOR ( 'NONE', #8014, 1000.000000000000000 ) ;
#6176 = VECTOR ( 'NONE', #11421, 1000.000000000000000 ) ;
#6177 =( BOUNDED_SURFACE ( )  B_SPLINE_SURFACE ( 3, 3, ( 
 ( #4431, #5435, #3590, #7291 ),
 ( #9076, #4539, #10981, #2991 ),
 ( #10113, #168, #8411, #8355 ),
 ( #5667, #6680, #10237, #5544 ) ),
 .UNSPECIFIED., .F., .F., .F. ) 
 B_SPLINE_SURFACE_WITH_KNOTS ( ( 4, 4 ),
 ( 4, 4 ),
 ( 0.000000000000000000, 1.000000000000000000 ),
 ( 0.000000000000000000, 1.000000000000000000 ),
 .UNSPECIFIED. ) 
 GEOMETRIC_REPRESENTATION_ITEM ( )  RATIONAL_B_SPLINE_SURFACE ( (
 ( 1.000000000000000000, 0.3333333333333370896, 0.3333333333333370896, 1.000000000000000000),
 ( 0.9330238416682133940, 0.3110079472227412767, 0.3110079472227412767, 0.9330238416682133940),
 ( 0.9330238416682133940, 0.3110079472227412767, 0.3110079472227412767, 0.9330238416682133940),
 ( 1.000000000000000000, 0.3333333333333370896, 0.3333333333333370896, 1.000000000000000000) ) ) 
 REPRESENTATION_ITEM ( '' )  SURFACE ( )  );
#6178 = ORIENTED_EDGE ( 'NONE', *, *, #2074, .F. ) ;
#6179 = FILL_AREA_STYLE_COLOUR ( '', #10396 ) ;
#6180 = AXIS2_PLACEMENT_3D ( 'NONE', #10242, #11353, #4023 ) ;
#6181 = FILL_AREA_STYLE_COLOUR ( '', #3822 ) ;
#6182 = AXIS2_PLACEMENT_3D ( 'NONE', #9573, #7879, #8659 ) ;
#6183 =( NAMED_UNIT ( * ) PLANE_ANGLE_UNIT ( ) SI_UNIT ( $, .RADIAN. ) );
#6184 = COLOUR_RGB ( '',0.2862745098039215508, 0.2862745098039215508, 0.2862745098039215508 ) ;
#6185 = CARTESIAN_POINT ( 'NONE',  ( 0.3775000000000000022, 2.770000000000000018, 0.000000000000000000 ) ) ;
#6186 = FILL_AREA_STYLE ('',( #2563 ) ) ;
#6187 = ORIENTED_EDGE ( 'NONE', *, *, #4359, .T. ) ;
#6188 = DIRECTION ( 'NONE',  ( 1.000000000000000000, 0.000000000000000000, 0.000000000000000000 ) ) ;
#6189 = PRESENTATION_LAYER_ASSIGNMENT (  '', '', ( #11416 ) ) ;
#6190 = UNCERTAINTY_MEASURE_WITH_UNIT (LENGTH_MEASURE( 1.000000000000000082E-05 ), #5401, 'distance_accuracy_value', 'NONE');
#6191 = SURFACE_STYLE_USAGE ( .BOTH. , #4477 ) ;
#6192 = CARTESIAN_POINT ( 'NONE',  ( 0.8549999999999999822, 1.070000000000000062, 0.2500000000000000000 ) ) ;
#6193 = ORIENTED_EDGE ( 'NONE', *, *, #9417, .T. ) ;
#6194 = ORIENTED_EDGE ( 'NONE', *, *, #6970, .F. ) ;
#6195 = DIRECTION ( 'NONE',  ( 0.000000000000000000, -0.000000000000000000, 1.000000000000000000 ) ) ;
#6196 = VECTOR ( 'NONE', #9976, 1000.000000000000000 ) ;
#6197 = PRESENTATION_LAYER_ASSIGNMENT (  '', '', ( #7739 ) ) ;
#6198 = FILL_AREA_STYLE ('',( #5138 ) ) ;
#6199 = LINE ( 'NONE', #9870, #10428 ) ;
#6200 = ORIENTED_EDGE ( 'NONE', *, *, #1811, .T. ) ;
#6201 = FILL_AREA_STYLE_COLOUR ( '', #8890 ) ;
#6202 = DIRECTION ( 'NONE',  ( -0.000000000000000000, -0.000000000000000000, 1.000000000000000000 ) ) ;
#6203 = VECTOR ( 'NONE', #5156, 1000.000000000000000 ) ;
#6204 =( NAMED_UNIT ( * ) PLANE_ANGLE_UNIT ( ) SI_UNIT ( $, .RADIAN. ) );
#6205 = VERTEX_POINT ( 'NONE', #7415 ) ;
#6206 = PLANE ( 'NONE',  #10808 ) ;
#6207 = EDGE_CURVE ( 'NONE', #1024, #9131, #6455, .T. ) ;
#6208 = LINE ( 'NONE', #5203, #1980 ) ;
#6209 = EDGE_LOOP ( 'NONE', ( #2551, #8778, #2529, #2864 ) ) ;
#6210 = PRESENTATION_LAYER_ASSIGNMENT (  '', '', ( #1454 ) ) ;
#6211 = DIRECTION ( 'NONE',  ( 1.000000000000000000, 0.000000000000000000, -0.000000000000000000 ) ) ;
#6212 = LINE ( 'NONE', #9884, #11121 ) ;
#6213 = SURFACE_STYLE_USAGE ( .BOTH. , #2650 ) ;
#6214 =( NAMED_UNIT ( * ) SI_UNIT ( $, .STERADIAN. ) SOLID_ANGLE_UNIT ( ) );
#6215 = ADVANCED_FACE ( 'NONE', ( #1797 ), #4718, .T. ) ;
#6216 = ADVANCED_FACE ( 'NONE', ( #10995 ), #8369, .T. ) ;
#6217 = MECHANICAL_DESIGN_GEOMETRIC_PRESENTATION_REPRESENTATION (  '', ( #4690 ), #4516 ) ;
#6218 = CIRCLE ( 'NONE', #7571, 0.03750000000000031780 ) ;
#6219 =( NAMED_UNIT ( * ) PLANE_ANGLE_UNIT ( ) SI_UNIT ( $, .RADIAN. ) );
#6220 = VECTOR ( 'NONE', #9919, 1000.000000000000000 ) ;
#6221 = AXIS2_PLACEMENT_3D ( 'NONE', #3561, #739, #6343 ) ;
#6222 = PRESENTATION_STYLE_ASSIGNMENT (( #8921 ) ) ;
#6223 = LINE ( 'NONE', #5160, #7082 ) ;
#6224 = CARTESIAN_POINT ( 'NONE',  ( -1.685000000000000275, -2.657500000000000195, 0.2500000000000000000 ) ) ;
#6225 = VERTEX_POINT ( 'NONE', #10310 ) ;
#6226 =( NAMED_UNIT ( * ) SI_UNIT ( $, .STERADIAN. ) SOLID_ANGLE_UNIT ( ) );
#6227 = VECTOR ( 'NONE', #4182, 1000.000000000000000 ) ;
#6228 = SURFACE_STYLE_USAGE ( .BOTH. , #1749 ) ;
#6229 = CARTESIAN_POINT ( 'NONE',  ( 2.149999999999999911, 0.02000000000000052430, 0.000000000000000000 ) ) ;
#6230 = AXIS2_PLACEMENT_3D ( 'NONE', #7315, #7260, #6289 ) ;
#6231 = EDGE_CURVE ( 'NONE', #9588, #10667, #11471, .T. ) ;
#6232 = LINE ( 'NONE', #1695, #6681 ) ;
#6233 = CARTESIAN_POINT ( 'NONE',  ( 1.647500000000000187, -2.770000000000000018, 0.2500000000000000000 ) ) ;
#6234 = CARTESIAN_POINT ( 'NONE',  ( -2.575000000000000178, -2.740000000000000213, 0.000000000000000000 ) ) ;
#6235 =( NAMED_UNIT ( * ) PLANE_ANGLE_UNIT ( ) SI_UNIT ( $, .RADIAN. ) );
#6236 = CARTESIAN_POINT ( 'NONE',  ( 1.685000000000000053, 1.070000000000000062, 0.2500000000000000000 ) ) ;
#6237 = ORIENTED_EDGE ( 'NONE', *, *, #11650, .F. ) ;
#6238 = PRESENTATION_LAYER_ASSIGNMENT (  '', '', ( #10081 ) ) ;
#6239 = PRESENTATION_LAYER_ASSIGNMENT (  '', '', ( #8544 ) ) ;
#6240 = CARTESIAN_POINT ( 'NONE',  ( -2.091767347705010049, -2.092049114840340174, 0.000000000000000000 ) ) ;
#6241 = DIRECTION ( 'NONE',  ( -0.000000000000000000, -0.000000000000000000, 1.000000000000000000 ) ) ;
#6242 = ORIENTED_EDGE ( 'NONE', *, *, #169, .T. ) ;
#6243 = CARTESIAN_POINT ( 'NONE',  ( 2.574989970828018393, 2.661266715016318063, 0.2500554620476079792 ) ) ;
#6244 = VERTEX_POINT ( 'NONE', #300 ) ;
#6245 = DIRECTION ( 'NONE',  ( -1.000000000000000000, 0.000000000000000000, 0.000000000000000000 ) ) ;
#6246 = FILL_AREA_STYLE ('',( #1936 ) ) ;
#6247 = VECTOR ( 'NONE', #62, 1000.000000000000000 ) ;
#6248 = FILL_AREA_STYLE ('',( #1826 ) ) ;
#6249 = DIRECTION ( 'NONE',  ( 1.000000000000000000, 0.000000000000000000, -0.000000000000000000 ) ) ;
#6250 = SURFACE_SIDE_STYLE ('',( #8173 ) ) ;
#6251 = ORIENTED_EDGE ( 'NONE', *, *, #93, .T. ) ;
#6252 = CARTESIAN_POINT ( 'NONE',  ( -0.3549999999999999822, 2.419999999999999929, 0.000000000000000000 ) ) ;
#6253 = DIRECTION ( 'NONE',  ( 1.000000000000000000, 0.000000000000000000, 0.000000000000000000 ) ) ;
#6254 = DIRECTION ( 'NONE',  ( -1.000000000000000000, 0.000000000000000000, -0.000000000000000000 ) ) ;
#6255 = EDGE_LOOP ( 'NONE', ( #3970, #7097, #11515, #4219 ) ) ;
#6256 = PLANE ( 'NONE',  #10366 ) ;
#6257 = AXIS2_PLACEMENT_3D ( 'NONE', #6329, #3599, #10876 ) ;
#6258 = VERTEX_POINT ( 'NONE', #7777 ) ;
#6259 =( NAMED_UNIT ( * ) PLANE_ANGLE_UNIT ( ) SI_UNIT ( $, .RADIAN. ) );
#6260 = SURFACE_STYLE_FILL_AREA ( #10861 ) ;
#6261 = STYLED_ITEM ( 'NONE', ( #1173 ), #7134 ) ;
#6262 = SURFACE_STYLE_FILL_AREA ( #890 ) ;
#6263 = VERTEX_POINT ( 'NONE', #9456 ) ;
#6264 = AXIS2_PLACEMENT_3D ( 'NONE', #4375, #11523, #10790 ) ;
#6265 = DIRECTION ( 'NONE',  ( 1.000000000000000000, 0.000000000000000000, 0.000000000000000000 ) ) ;
#6266 = CIRCLE ( 'NONE', #3813, 0.07999999999999986289 ) ;
#6267 = CARTESIAN_POINT ( 'NONE',  ( 2.354463867161250334, -2.553810133903362534, 1.092251878597581438 ) ) ;
#6268 = ORIENTED_EDGE ( 'NONE', *, *, #4206, .T. ) ;
#6269 = DIRECTION ( 'NONE',  ( -1.000000000000000000, 0.000000000000000000, -0.000000000000000000 ) ) ;
#6270 = PRESENTATION_LAYER_ASSIGNMENT (  '', '', ( #8757 ) ) ;
#6271 = CARTESIAN_POINT ( 'NONE',  ( 2.381424832439820172, -0.6799999999999990496, 0.000000000000000000 ) ) ;
#6272 = ORIENTED_EDGE ( 'NONE', *, *, #9608, .T. ) ;
#6273 =( GEOMETRIC_REPRESENTATION_CONTEXT ( 3 ) GLOBAL_UNCERTAINTY_ASSIGNED_CONTEXT ( ( #2595 ) ) GLOBAL_UNIT_ASSIGNED_CONTEXT ( ( #7922, #4400, #3617 ) ) REPRESENTATION_CONTEXT ( 'NONE', 'WORKASPACE' ) );
#6274 = FACE_OUTER_BOUND ( 'NONE', #3581, .T. ) ;
#6275 = CARTESIAN_POINT ( 'NONE',  ( 2.574999999999999734, -0.1799999999999990774, 0.000000000000000000 ) ) ;
#6276 = PRESENTATION_STYLE_ASSIGNMENT (( #8085 ) ) ;
#6277 = CLOSED_SHELL ( 'NONE', ( #5535, #3679, #3388, #5436, #5812, #10884, #1857, #8701, #5227, #11029, #8496, #6215, #815, #1915, #7762, #4995, #6287, #4979, #3477, #478, #5563, #968, #11482, #458, #3606, #4361, #4775, #2459, #6301, #1212 ) ) ;
#6278 = SURFACE_STYLE_FILL_AREA ( #10879 ) ;
#6279 = VECTOR ( 'NONE', #9529, 1000.000000000000000 ) ;
#6280 = FACE_OUTER_BOUND ( 'NONE', #1648, .T. ) ;
#6281 =( GEOMETRIC_REPRESENTATION_CONTEXT ( 3 ) GLOBAL_UNCERTAINTY_ASSIGNED_CONTEXT ( ( #1186 ) ) GLOBAL_UNIT_ASSIGNED_CONTEXT ( ( #4105, #7724, #5755 ) ) REPRESENTATION_CONTEXT ( 'NONE', 'WORKASPACE' ) );
#6282 = CARTESIAN_POINT ( 'NONE',  ( 0.8549999999999998712, -2.319999999999999840, 0.000000000000000000 ) ) ;
#6283 = UNCERTAINTY_MEASURE_WITH_UNIT (LENGTH_MEASURE( 1.000000000000000082E-05 ), #5074, 'distance_accuracy_value', 'NONE');
#6284 = DIRECTION ( 'NONE',  ( 1.000000000000000000, 0.000000000000000000, 0.000000000000000000 ) ) ;
#6285 = SURFACE_STYLE_FILL_AREA ( #4447 ) ;
#6286 = ORIENTED_EDGE ( 'NONE', *, *, #4551, .T. ) ;
#6287 = ADVANCED_FACE ( 'NONE', ( #8425 ), #8546, .F. ) ;
#6288 =( GEOMETRIC_REPRESENTATION_CONTEXT ( 3 ) GLOBAL_UNCERTAINTY_ASSIGNED_CONTEXT ( ( #6283 ) ) GLOBAL_UNIT_ASSIGNED_CONTEXT ( ( #5074, #2400, #7833 ) ) REPRESENTATION_CONTEXT ( 'NONE', 'WORKASPACE' ) );
#6289 = DIRECTION ( 'NONE',  ( 0.000000000000000000, 0.000000000000000000, 1.000000000000000000 ) ) ;
#6290 = ADVANCED_FACE ( 'NONE', ( #3246 ), #7529, .T. ) ;
#6291 = EDGE_CURVE ( 'NONE', #444, #1024, #4951, .T. ) ;
#6292 = FILL_AREA_STYLE ('',( #7136 ) ) ;
#6293 = FILL_AREA_STYLE_COLOUR ( '', #10864 ) ;
#6294 =( NAMED_UNIT ( * ) PLANE_ANGLE_UNIT ( ) SI_UNIT ( $, .RADIAN. ) );
#6295 = FILL_AREA_STYLE ('',( #8993 ) ) ;
#6296 = DIRECTION ( 'NONE',  ( -1.000000000000000000, -0.000000000000000000, -0.000000000000000000 ) ) ;
#6297 = ORIENTED_EDGE ( 'NONE', *, *, #11632, .T. ) ;
#6298 = DIRECTION ( 'NONE',  ( -1.000000000000000000, 0.000000000000000000, 0.000000000000000000 ) ) ;
#6299 = ORIENTED_EDGE ( 'NONE', *, *, #708, .T. ) ;
#6300 = PLANE ( 'NONE',  #11474 ) ;
#6301 = ADVANCED_FACE ( 'NONE', ( #3177 ), #6134, .F. ) ;
#6302 = EDGE_CURVE ( 'NONE', #11157, #2198, #11653, .T. ) ;
#6303 = VERTEX_POINT ( 'NONE', #4319 ) ;
#6304 = VECTOR ( 'NONE', #4070, 1000.000000000000000 ) ;
#6305 = FACE_OUTER_BOUND ( 'NONE', #7375, .T. ) ;
#6306 = EDGE_CURVE ( 'NONE', #11908, #7577, #1489, .T. ) ;
#6307 = MECHANICAL_DESIGN_GEOMETRIC_PRESENTATION_REPRESENTATION (  '', ( #9582 ), #1739 ) ;
#6308 = CARTESIAN_POINT ( 'NONE',  ( -2.162500000000000089, -2.782500000000000195, 0.2500000000000000000 ) ) ;
#6309 = PRESENTATION_STYLE_ASSIGNMENT (( #3521 ) ) ;
#6310 = EDGE_LOOP ( 'NONE', ( #5957, #10114, #1323, #8073 ) ) ;
#6311 = CARTESIAN_POINT ( 'NONE',  ( 2.495000000000000107, 2.660000000000000142, 0.000000000000000000 ) ) ;
#6312 = UNCERTAINTY_MEASURE_WITH_UNIT (LENGTH_MEASURE( 1.000000000000000082E-05 ), #7634, 'distance_accuracy_value', 'NONE');
#6313 = CARTESIAN_POINT ( 'NONE',  ( 0.9150000000000000355, 2.419999999999999929, 0.000000000000000000 ) ) ;
#6314 = ORIENTED_EDGE ( 'NONE', *, *, #11779, .T. ) ;
#6315 = EDGE_CURVE ( 'NONE', #414, #11908, #595, .T. ) ;
#6316 = ORIENTED_EDGE ( 'NONE', *, *, #6437, .F. ) ;
#6317 = DIRECTION ( 'NONE',  ( -1.000000000000000000, 2.590520390792030076E-13, 0.000000000000000000 ) ) ;
#6318 = PRESENTATION_LAYER_ASSIGNMENT (  '', '', ( #10558 ) ) ;
#6319 = FACE_OUTER_BOUND ( 'NONE', #3960, .T. ) ;
#6320 = ORIENTED_EDGE ( 'NONE', *, *, #3694, .T. ) ;
#6321 =( LENGTH_UNIT ( ) NAMED_UNIT ( * ) SI_UNIT ( .MILLI., .METRE. ) );
#6322 = CARTESIAN_POINT ( 'NONE',  ( 1.905000000000000027, 2.419999999999999929, 0.2500000000000000000 ) ) ;
#6323 = PRODUCT_DEFINITION_CONTEXT ( 'detailed design', #2940, 'design' ) ;
#6324 = SURFACE_STYLE_FILL_AREA ( #1009 ) ;
#6325 = ORIENTED_EDGE ( 'NONE', *, *, #4752, .F. ) ;
#6326 = CARTESIAN_POINT ( 'NONE',  ( 2.162500000000000089, 2.507499999999999840, 0.2500000000000000000 ) ) ;
#6327 = ORIENTED_EDGE ( 'NONE', *, *, #11636, .F. ) ;
#6328 = PRESENTATION_LAYER_ASSIGNMENT (  '', '', ( #10969 ) ) ;
#6329 = CARTESIAN_POINT ( 'NONE',  ( -0.6350000000000000089, -2.770000000000000018, 0.000000000000000000 ) ) ;
#6330 = CARTESIAN_POINT ( 'NONE',  ( -0.3775000000000000022, -2.620000000000000551, 0.000000000000000000 ) ) ;
#6331 = SURFACE_STYLE_FILL_AREA ( #7355 ) ;
#6332 = DIRECTION ( 'NONE',  ( 0.000000000000000000, 1.000000000000000000, 1.084202172485501594E-14 ) ) ;
#6333 = VECTOR ( 'NONE', #8743, 1000.000000000000000 ) ;
#6334 = ORIENTED_EDGE ( 'NONE', *, *, #2443, .F. ) ;
#6335 = FILL_AREA_STYLE ('',( #1987 ) ) ;
#6336 = EDGE_LOOP ( 'NONE', ( #8789, #3616, #183, #10687, #4726, #4988, #10888, #9339, #8455, #4754, #4131, #1986, #1926, #5675, #5782, #10841, #7840, #170, #2887, #8517, #2201, #8595 ) ) ;
#6337 = DIRECTION ( 'NONE',  ( -1.000000000000000000, 0.000000000000000000, 0.000000000000000000 ) ) ;
#6338 = VECTOR ( 'NONE', #10373, 1000.000000000000000 ) ;
#6339 = DIRECTION ( 'NONE',  ( 1.000000000000000000, 0.000000000000000000, 0.000000000000000000 ) ) ;
#6340 = COLOUR_RGB ( '',0.2862745098039215508, 0.2862745098039215508, 0.2862745098039215508 ) ;
#6341 = MECHANICAL_DESIGN_GEOMETRIC_PRESENTATION_REPRESENTATION (  '', ( #252 ), #8460 ) ;
#6342 = VECTOR ( 'NONE', #51, 1000.000000000000000 ) ;
#6343 = DIRECTION ( 'NONE',  ( 0.000000000000000000, -0.000000000000000000, 1.000000000000000000 ) ) ;
#6344 =( GEOMETRIC_REPRESENTATION_CONTEXT ( 3 ) GLOBAL_UNCERTAINTY_ASSIGNED_CONTEXT ( ( #3314 ) ) GLOBAL_UNIT_ASSIGNED_CONTEXT ( ( #8249, #5553, #10180 ) ) REPRESENTATION_CONTEXT ( 'NONE', 'WORKASPACE' ) );
#6345 = CARTESIAN_POINT ( 'NONE',  ( -2.575000000000000178, -2.740000000000000213, 0.000000000000000000 ) ) ;
#6346 = CARTESIAN_POINT ( 'NONE',  ( -2.381424832439820172, -0.6799999999999990496, 0.2500000000000000000 ) ) ;
#6347 = EDGE_CURVE ( 'NONE', #1922, #10291, #11904, .T. ) ;
#6348 = CARTESIAN_POINT ( 'NONE',  ( -2.354463867161249890, -2.519463867161250370, 1.100000000000000089 ) ) ;
#6349 = SURFACE_SIDE_STYLE ('',( #2843 ) ) ;
#6350 =( NAMED_UNIT ( * ) SI_UNIT ( $, .STERADIAN. ) SOLID_ANGLE_UNIT ( ) );
#6351 = ORIENTED_EDGE ( 'NONE', *, *, #669, .T. ) ;
#6352 = LINE ( 'NONE', #1820, #4420 ) ;
#6353 = MECHANICAL_DESIGN_GEOMETRIC_PRESENTATION_REPRESENTATION (  '', ( #6938 ), #830 ) ;
#6354 = EDGE_LOOP ( 'NONE', ( #3843, #2041, #547, #1223 ) ) ;
#6355 =( LENGTH_UNIT ( ) NAMED_UNIT ( * ) SI_UNIT ( .MILLI., .METRE. ) );
#6356 = PRESENTATION_LAYER_ASSIGNMENT (  '', '', ( #7509 ) ) ;
#6357 = PRESENTATION_LAYER_ASSIGNMENT (  '', '', ( #11580 ) ) ;
#6358 = SURFACE_SIDE_STYLE ('',( #2729 ) ) ;
#6359 = COLOUR_RGB ( '',0.8313725490196077761, 0.8313725490196077761, 0.8313725490196077761 ) ;
#6360 =( NAMED_UNIT ( * ) PLANE_ANGLE_UNIT ( ) SI_UNIT ( $, .RADIAN. ) );
#6361 = EDGE_CURVE ( 'NONE', #9117, #4842, #1518, .T. ) ;
#6362 = ADVANCED_FACE ( 'NONE', ( #6082 ), #651, .F. ) ;
#6363 = DIRECTION ( 'NONE',  ( -0.000000000000000000, -0.000000000000000000, -1.000000000000000000 ) ) ;
#6364 = VECTOR ( 'NONE', #1520, 1000.000000000000000 ) ;
#6365 =( GEOMETRIC_REPRESENTATION_CONTEXT ( 3 ) GLOBAL_UNCERTAINTY_ASSIGNED_CONTEXT ( ( #1511 ) ) GLOBAL_UNIT_ASSIGNED_CONTEXT ( ( #10186, #7596, #4719 ) ) REPRESENTATION_CONTEXT ( 'NONE', 'WORKASPACE' ) );
#6366 = VERTEX_POINT ( 'NONE', #7166 ) ;
#6367 = DIRECTION ( 'NONE',  ( 0.1751915364254253982, 0.1751915364254291452, 0.9688218882383884401 ) ) ;
#6368 = FILL_AREA_STYLE_COLOUR ( '', #321 ) ;
#6369 = CARTESIAN_POINT ( 'NONE',  ( -0.8924999999999999600, -2.620000000000000107, 0.000000000000000000 ) ) ;
#6370 = CARTESIAN_POINT ( 'NONE',  ( 2.574999999999999734, 2.660000000000000142, 0.000000000000000000 ) ) ;
#6371 = VERTEX_POINT ( 'NONE', #4205 ) ;
#6372 = CARTESIAN_POINT ( 'NONE',  ( 0.4149999999999999800, -2.739999999999999325, 0.2499999999999999445 ) ) ;
#6373 = ORIENTED_EDGE ( 'NONE', *, *, #2445, .F. ) ;
#6374 = CARTESIAN_POINT ( 'NONE',  ( -1.685000000000000275, -2.739999999999999325, 0.2499999999999999445 ) ) ;
#6375 = CIRCLE ( 'NONE', #3557, 0.03749999999999988065 ) ;
#6376 = VECTOR ( 'NONE', #2083, 1000.000000000000000 ) ;
#6377 = CARTESIAN_POINT ( 'NONE',  ( -0.3775000000000000022, 2.782500000000000195, 0.000000000000000000 ) ) ;
#6378 = VECTOR ( 'NONE', #3200, 1000.000000000000000 ) ;
#6379 = ORIENTED_EDGE ( 'NONE', *, *, #7625, .F. ) ;
#6380 = EDGE_CURVE ( 'NONE', #5320, #1494, #3290, .T. ) ;
#6381 = CARTESIAN_POINT ( 'NONE',  ( -0.4149999999999999800, -2.739999999999999325, 0.2499999999999999445 ) ) ;
#6382 = CARTESIAN_POINT ( 'NONE',  ( 2.424815268422572778, -2.552633915959636735, 1.038719727649762614 ) ) ;
#6383 = DIRECTION ( 'NONE',  ( 0.000000000000000000, -0.000000000000000000, 1.000000000000000000 ) ) ;
#6384 = PLANE ( 'NONE',  #9012 ) ;
#6385 = ORIENTED_EDGE ( 'NONE', *, *, #8649, .T. ) ;
#6386 = DIRECTION ( 'NONE',  ( 0.000000000000000000, 1.000000000000000000, -0.000000000000000000 ) ) ;
#6387 = CARTESIAN_POINT ( 'NONE',  ( -0.3775000000000000022, 2.507499999999999840, 0.000000000000000000 ) ) ;
#6388 = ORIENTED_EDGE ( 'NONE', *, *, #7837, .F. ) ;
#6389 = CARTESIAN_POINT ( 'NONE',  ( 2.381424832439820172, -0.6799999999999990496, 0.000000000000000000 ) ) ;
#6390 =( NAMED_UNIT ( * ) PLANE_ANGLE_UNIT ( ) SI_UNIT ( $, .RADIAN. ) );
#6391 = CARTESIAN_POINT ( 'NONE',  ( -0.9150000000000000355, 2.419999999999999929, 0.2500000000000000000 ) ) ;
#6392 = EDGE_CURVE ( 'NONE', #1602, #1054, #4924, .T. ) ;
#6393 = CARTESIAN_POINT ( 'NONE',  ( 1.905000000000000027, 2.470000000000000195, 0.2500000000000000000 ) ) ;
#6394 = ORIENTED_EDGE ( 'NONE', *, *, #5597, .T. ) ;
#6395 = VECTOR ( 'NONE', #454, 1000.000000000000000 ) ;
#6396 = UNCERTAINTY_MEASURE_WITH_UNIT (LENGTH_MEASURE( 1.000000000000000082E-05 ), #9152, 'distance_accuracy_value', 'NONE');
#6397 =( NAMED_UNIT ( * ) SI_UNIT ( $, .STERADIAN. ) SOLID_ANGLE_UNIT ( ) );
#6398 = CARTESIAN_POINT ( 'NONE',  ( -0.8924999999999999600, 2.782500000000000195, 0.000000000000000000 ) ) ;
#6399 = STYLED_ITEM ( 'NONE', ( #10985 ), #8563 ) ;
#6400 =( LENGTH_UNIT ( ) NAMED_UNIT ( * ) SI_UNIT ( .MILLI., .METRE. ) );
#6401 = ORIENTED_EDGE ( 'NONE', *, *, #8251, .T. ) ;
#6402 = CARTESIAN_POINT ( 'NONE',  ( 2.381424832439820172, -0.6799999999999990496, 0.2500000000000001110 ) ) ;
#6403 = DIRECTION ( 'NONE',  ( 0.000000000000000000, -1.000000000000000000, -0.000000000000000000 ) ) ;
#6404 = VECTOR ( 'NONE', #442, 1000.000000000000000 ) ;
#6405 = PRESENTATION_LAYER_ASSIGNMENT (  '', '', ( #11631 ) ) ;
#6406 = CARTESIAN_POINT ( 'NONE',  ( 2.125000000000000000, 2.770000000000000018, 0.000000000000000000 ) ) ;
#6407 = DIRECTION ( 'NONE',  ( 1.000000000000000000, 2.155772863349820033E-16, 0.000000000000000000 ) ) ;
#6408 = UNCERTAINTY_MEASURE_WITH_UNIT (LENGTH_MEASURE( 1.000000000000000082E-05 ), #11738, 'distance_accuracy_value', 'NONE');
#6409 = FACE_OUTER_BOUND ( 'NONE', #10062, .T. ) ;
#6410 = CARTESIAN_POINT ( 'NONE',  ( -0.8549999999999999822, 5.551115123125779744E-16, 0.000000000000000000 ) ) ;
#6411 = PRESENTATION_LAYER_ASSIGNMENT (  '', '', ( #8711 ) ) ;
#6412 =( NAMED_UNIT ( * ) PLANE_ANGLE_UNIT ( ) SI_UNIT ( $, .RADIAN. ) );
#6413 = FILL_AREA_STYLE ('',( #3686 ) ) ;
#6414 = VERTEX_POINT ( 'NONE', #9198 ) ;
#6415 = CARTESIAN_POINT ( 'NONE',  ( -2.481424832439820261, -0.1799999999999999933, 0.000000000000000000 ) ) ;
#6416 = AXIS2_PLACEMENT_3D ( 'NONE', #6059, #6723, #4125 ) ;
#6417 = ORIENTED_EDGE ( 'NONE', *, *, #11694, .T. ) ;
#6418 = VECTOR ( 'NONE', #6110, 1000.000000000000000 ) ;
#6419 = CARTESIAN_POINT ( 'NONE',  ( -0.8924999999999999600, -2.657500000000000195, 0.000000000000000000 ) ) ;
#6420 = AXIS2_PLACEMENT_3D ( 'NONE', #11497, #6715, #564 ) ;
#6421 = PRESENTATION_STYLE_ASSIGNMENT (( #10776 ) ) ;
#6422 = STYLED_ITEM ( 'NONE', ( #4956 ), #9214 ) ;
#6423 =( NAMED_UNIT ( * ) SI_UNIT ( $, .STERADIAN. ) SOLID_ANGLE_UNIT ( ) );
#6424 = AXIS2_PLACEMENT_3D ( 'NONE', #4915, #5939, #7557 ) ;
#6425 = FILL_AREA_STYLE ('',( #4009 ) ) ;
#6426 = VECTOR ( 'NONE', #2897, 1000.000000000000000 ) ;
#6427 = ORIENTED_EDGE ( 'NONE', *, *, #11388, .F. ) ;
#6428 = FACE_OUTER_BOUND ( 'NONE', #475, .T. ) ;
#6429 = UNCERTAINTY_MEASURE_WITH_UNIT (LENGTH_MEASURE( 1.000000000000000082E-05 ), #7882, 'distance_accuracy_value', 'NONE');
#6430 = CARTESIAN_POINT ( 'NONE',  ( 0.000000000000000000, 2.470000000000000195, 0.000000000000000000 ) ) ;
#6431 = CARTESIAN_POINT ( 'NONE',  ( 0.9150000000000000355, 1.070000000000000062, 0.2500000000000000000 ) ) ;
#6432 = CARTESIAN_POINT ( 'NONE',  ( -2.495422264807318324, 2.739999999999996660, 0.2499999999999993616 ) ) ;
#6433 = EDGE_LOOP ( 'NONE', ( #8605, #9432, #8696, #3034, #4674 ) ) ;
#6434 = SURFACE_STYLE_FILL_AREA ( #10044 ) ;
#6435 = APPLICATION_CONTEXT ( 'automotive_design' ) ;
#6436 = ORIENTED_EDGE ( 'NONE', *, *, #11556, .F. ) ;
#6437 = EDGE_CURVE ( 'NONE', #5725, #9985, #11846, .T. ) ;
#6438 = SURFACE_STYLE_USAGE ( .BOTH. , #11044 ) ;
#6439 = CARTESIAN_POINT ( 'NONE',  ( -0.3775000000000000022, 2.782500000000000195, 0.2500000000000000000 ) ) ;
#6440 = EDGE_CURVE ( 'NONE', #6735, #6809, #11108, .T. ) ;
#6441 = EDGE_CURVE ( 'NONE', #9216, #6258, #1284, .T. ) ;
#6442 = ORIENTED_EDGE ( 'NONE', *, *, #9465, .F. ) ;
#6443 = LINE ( 'NONE', #10927, #2 ) ;
#6444 = SURFACE_SIDE_STYLE ('',( #7296 ) ) ;
#6445 = PRESENTATION_STYLE_ASSIGNMENT (( #3719 ) ) ;
#6446 = ORIENTED_EDGE ( 'NONE', *, *, #154, .T. ) ;
#6447 =( GEOMETRIC_REPRESENTATION_CONTEXT ( 3 ) GLOBAL_UNCERTAINTY_ASSIGNED_CONTEXT ( ( #5853 ) ) GLOBAL_UNIT_ASSIGNED_CONTEXT ( ( #4949, #535, #11470 ) ) REPRESENTATION_CONTEXT ( 'NONE', 'WORKASPACE' ) );
#6448 =( NAMED_UNIT ( * ) SI_UNIT ( $, .STERADIAN. ) SOLID_ANGLE_UNIT ( ) );
#6449 = CARTESIAN_POINT ( 'NONE',  ( -0.6350000000000000089, -2.740000000000000213, 0.2500000000000000000 ) ) ;
#6450 = EDGE_LOOP ( 'NONE', ( #4494, #2123, #7656, #8197 ) ) ;
#6451 =( NAMED_UNIT ( * ) SI_UNIT ( $, .STERADIAN. ) SOLID_ANGLE_UNIT ( ) );
#6452 = EDGE_CURVE ( 'NONE', #10544, #225, #4652, .T. ) ;
#6453 = PRESENTATION_LAYER_ASSIGNMENT (  '', '', ( #6068 ) ) ;
#6454 = EDGE_CURVE ( 'NONE', #1445, #8909, #3776, .T. ) ;
#6455 = LINE ( 'NONE', #10937, #1903 ) ;
#6456 = STYLED_ITEM ( 'NONE', ( #1415 ), #5061 ) ;
#6457 = EDGE_CURVE ( 'NONE', #2998, #2196, #1722, .T. ) ;
#6458 = DIRECTION ( 'NONE',  ( 0.000000000000000000, 0.000000000000000000, -1.000000000000000000 ) ) ;
#6459 =( GEOMETRIC_REPRESENTATION_CONTEXT ( 3 ) GLOBAL_UNCERTAINTY_ASSIGNED_CONTEXT ( ( #7251 ) ) GLOBAL_UNIT_ASSIGNED_CONTEXT ( ( #9136, #6554, #7580 ) ) REPRESENTATION_CONTEXT ( 'NONE', 'WORKASPACE' ) );
#6460 = AXIS2_PLACEMENT_3D ( 'NONE', #8265, #1, #8213 ) ;
#6461 = CARTESIAN_POINT ( 'NONE',  ( -2.354463867161249890, 2.519463867161249926, 1.020000000000003348 ) ) ;
#6462 = ORIENTED_EDGE ( 'NONE', *, *, #6392, .F. ) ;
#6463 = CARTESIAN_POINT ( 'NONE',  ( -0.8550000000000003153, 2.507499999999999840, 0.000000000000000000 ) ) ;
#6464 = SURFACE_SIDE_STYLE ('',( #8378 ) ) ;
#6465 =( LENGTH_UNIT ( ) NAMED_UNIT ( * ) SI_UNIT ( .MILLI., .METRE. ) );
#6466 = LINE ( 'NONE', #10137, #6247 ) ;
#6467 = ORIENTED_EDGE ( 'NONE', *, *, #9847, .F. ) ;
#6468 = FILL_AREA_STYLE ('',( #5518 ) ) ;
#6469 = VECTOR ( 'NONE', #934, 1000.000000000000000 ) ;
#6470 =( GEOMETRIC_REPRESENTATION_CONTEXT ( 3 ) GLOBAL_UNCERTAINTY_ASSIGNED_CONTEXT ( ( #1862 ) ) GLOBAL_UNIT_ASSIGNED_CONTEXT ( ( #5209, #3546, #9943 ) ) REPRESENTATION_CONTEXT ( 'NONE', 'WORKASPACE' ) );
#6471 = LINE ( 'NONE', #3619, #5478 ) ;
#6472 = PRESENTATION_LAYER_ASSIGNMENT (  '', '', ( #9342 ) ) ;
#6473 = STYLED_ITEM ( 'NONE', ( #5903 ), #101 ) ;
#6474 = LINE ( 'NONE', #11260, #6495 ) ;
#6475 = LINE ( 'NONE', #10086, #8901 ) ;
#6476 = PRESENTATION_STYLE_ASSIGNMENT (( #2901 ) ) ;
#6477 = DIRECTION ( 'NONE',  ( -0.000000000000000000, -1.000000000000000000, -0.000000000000000000 ) ) ;
#6478 = MECHANICAL_DESIGN_GEOMETRIC_PRESENTATION_REPRESENTATION (  '', ( #7257 ), #4948 ) ;
#6479 = CARTESIAN_POINT ( 'NONE',  ( -1.287500000000000089, -2.663147480579540094, 0.6750000000000000444 ) ) ;
#6480 = VERTEX_POINT ( 'NONE', #5373 ) ;
#6481 = ORIENTED_EDGE ( 'NONE', *, *, #8997, .T. ) ;
#6482 = COLOUR_RGB ( '',0.2862745098039215508, 0.2862745098039215508, 0.2862745098039215508 ) ;
#6483 = CARTESIAN_POINT ( 'NONE',  ( -2.394980999734316551, -2.559980999734316143, 1.075827626996971542 ) ) ;
#6484 = PRESENTATION_LAYER_ASSIGNMENT (  '', '', ( #8598 ) ) ;
#6485 = DIRECTION ( 'NONE',  ( 1.000000000000000000, -0.000000000000000000, 0.000000000000000000 ) ) ;
#6486 = SURFACE_STYLE_USAGE ( .BOTH. , #275 ) ;
#6487 = ORIENTED_EDGE ( 'NONE', *, *, #5580, .F. ) ;
#6488 = AXIS2_PLACEMENT_3D ( 'NONE', #2425, #2310, #11492 ) ;
#6489 =( NAMED_UNIT ( * ) PLANE_ANGLE_UNIT ( ) SI_UNIT ( $, .RADIAN. ) );
#6490 = DIRECTION ( 'NONE',  ( 0.000000000000000000, -0.000000000000000000, -1.000000000000000000 ) ) ;
#6491 =( NAMED_UNIT ( * ) SI_UNIT ( $, .STERADIAN. ) SOLID_ANGLE_UNIT ( ) );
#6492 = ORIENTED_EDGE ( 'NONE', *, *, #9326, .T. ) ;
#6493 = VERTEX_POINT ( 'NONE', #6374 ) ;
#6494 =( LENGTH_UNIT ( ) NAMED_UNIT ( * ) SI_UNIT ( .MILLI., .METRE. ) );
#6495 = VECTOR ( 'NONE', #3025, 1000.000000000000000 ) ;
#6496 = CARTESIAN_POINT ( 'NONE',  ( -2.185000000000000497, 0.02000000000000060063, 0.000000000000000000 ) ) ;
#6497 = EDGE_LOOP ( 'NONE', ( #5371, #9178, #4488, #8418 ) ) ;
#6498 = DIRECTION ( 'NONE',  ( -0.000000000000000000, 1.000000000000000000, 0.000000000000000000 ) ) ;
#6499 = CARTESIAN_POINT ( 'NONE',  ( -2.185000000000000497, 2.419999999999999929, 0.000000000000000000 ) ) ;
#6500 = ADVANCED_FACE ( 'NONE', ( #9990 ), #5543, .F. ) ;
#6501 =( NAMED_UNIT ( * ) PLANE_ANGLE_UNIT ( ) SI_UNIT ( $, .RADIAN. ) );
#6502 = FACE_OUTER_BOUND ( 'NONE', #2815, .T. ) ;
#6503 = ORIENTED_EDGE ( 'NONE', *, *, #5717, .F. ) ;
#6504 = CARTESIAN_POINT ( 'NONE',  ( 2.481424832439820261, -0.1799999999999990219, 0.000000000000000000 ) ) ;
#6505 = EDGE_LOOP ( 'NONE', ( #4432, #3645, #1176, #4330 ) ) ;
#6506 = EDGE_CURVE ( 'NONE', #1445, #8223, #4484, .T. ) ;
#6507 = ADVANCED_FACE ( 'NONE', ( #5431 ), #8354, .T. ) ;
#6508 =( NAMED_UNIT ( * ) PLANE_ANGLE_UNIT ( ) SI_UNIT ( $, .RADIAN. ) );
#6509 = SURFACE_STYLE_FILL_AREA ( #11059 ) ;
#6510 =( LENGTH_UNIT ( ) NAMED_UNIT ( * ) SI_UNIT ( .MILLI., .METRE. ) );
#6511 = COLOUR_RGB ( '',0.8313725490196077761, 0.8313725490196077761, 0.8313725490196077761 ) ;
#6512 = EDGE_CURVE ( 'NONE', #705, #1417, #7643, .T. ) ;
#6513 = VERTEX_POINT ( 'NONE', #1301 ) ;
#6514 = EDGE_CURVE ( 'NONE', #6729, #7877, #5155, .T. ) ;
#6515 = SURFACE_SIDE_STYLE ('',( #10074 ) ) ;
#6516 = ORIENTED_EDGE ( 'NONE', *, *, #2445, .T. ) ;
#6517 = PLANE ( 'NONE',  #10063 ) ;
#6518 = PLANE ( 'NONE',  #176 ) ;
#6519 = SURFACE_STYLE_USAGE ( .BOTH. , #7364 ) ;
#6520 = ORIENTED_EDGE ( 'NONE', *, *, #3852, .T. ) ;
#6521 = DIRECTION ( 'NONE',  ( 0.000000000000000000, 0.000000000000000000, -1.000000000000000000 ) ) ;
#6522 = FILL_AREA_STYLE_COLOUR ( '', #11683 ) ;
#6523 = MECHANICAL_DESIGN_GEOMETRIC_PRESENTATION_REPRESENTATION (  '', ( #7489 ), #6133 ) ;
#6524 = SURFACE_SIDE_STYLE ('',( #9974 ) ) ;
#6525 =( NAMED_UNIT ( * ) PLANE_ANGLE_UNIT ( ) SI_UNIT ( $, .RADIAN. ) );
#6526 = ADVANCED_FACE ( 'NONE', ( #8410 ), #11066, .T. ) ;
#6527 =( NAMED_UNIT ( * ) SI_UNIT ( $, .STERADIAN. ) SOLID_ANGLE_UNIT ( ) );
#6528 = MECHANICAL_DESIGN_GEOMETRIC_PRESENTATION_REPRESENTATION (  '', ( #11557 ), #5208 ) ;
#6529 = UNCERTAINTY_MEASURE_WITH_UNIT (LENGTH_MEASURE( 1.000000000000000082E-05 ), #5329, 'distance_accuracy_value', 'NONE');
#6530 = CARTESIAN_POINT ( 'NONE',  ( 2.162500000000000089, -3.220000000000000195, 0.000000000000000000 ) ) ;
#6531 = LINE ( 'NONE', #4740, #4321 ) ;
#6532 = DIRECTION ( 'NONE',  ( 0.1751915364254250929, -0.1751915364254240937, 0.9688218882383894393 ) ) ;
#6533 = AXIS2_PLACEMENT_3D ( 'NONE', #140, #7372, #9172 ) ;
#6534 = CARTESIAN_POINT ( 'NONE',  ( 1.905000000000000027, 2.470000000000000195, 0.2500000000000000000 ) ) ;
#6535 = CARTESIAN_POINT ( 'NONE',  ( -0.3549999999999999822, 2.469999999999997087, 0.2500000000000000000 ) ) ;
#6536 = ORIENTED_EDGE ( 'NONE', *, *, #4637, .F. ) ;
#6537 = CARTESIAN_POINT ( 'NONE',  ( -2.394980999734316995, 2.559980999734317031, 1.075827626996971764 ) ) ;
#6538 = DIRECTION ( 'NONE',  ( 0.000000000000000000, 0.000000000000000000, 1.000000000000000000 ) ) ;
#6539 = SURFACE_STYLE_USAGE ( .BOTH. , #8339 ) ;
#6540 = MECHANICAL_DESIGN_GEOMETRIC_PRESENTATION_REPRESENTATION (  '', ( #11771 ), #2927 ) ;
#6541 = AXIS2_PLACEMENT_3D ( 'NONE', #9774, #10819, #5218 ) ;
#6542 = DIRECTION ( 'NONE',  ( 1.000000000000000000, 0.000000000000000000, 0.000000000000000000 ) ) ;
#6543 = SURFACE_STYLE_USAGE ( .BOTH. , #9184 ) ;
#6544 = FILL_AREA_STYLE_COLOUR ( '', #7775 ) ;
#6545 = ORIENTED_EDGE ( 'NONE', *, *, #6302, .F. ) ;
#6546 = FILL_AREA_STYLE ('',( #4643 ) ) ;
#6547 = COLOUR_RGB ( '',0.2862745098039215508, 0.2862745098039215508, 0.2862745098039215508 ) ;
#6548 = LINE ( 'NONE', #11282, #5311 ) ;
#6549 = COLOUR_RGB ( '',0.8313725490196077761, 0.8313725490196077761, 0.8313725490196077761 ) ;
#6550 = DIRECTION ( 'NONE',  ( 9.001808307771530402E-16, -1.000000000000000000, 0.000000000000000000 ) ) ;
#6551 = ORIENTED_EDGE ( 'NONE', *, *, #6136, .F. ) ;
#6552 = DIRECTION ( 'NONE',  ( -0.000000000000000000, -0.000000000000000000, -1.000000000000000000 ) ) ;
#6553 = ORIENTED_EDGE ( 'NONE', *, *, #8215, .F. ) ;
#6554 =( NAMED_UNIT ( * ) PLANE_ANGLE_UNIT ( ) SI_UNIT ( $, .RADIAN. ) );
#6555 = SURFACE_STYLE_USAGE ( .BOTH. , #4812 ) ;
#6556 = EDGE_LOOP ( 'NONE', ( #3979, #1990, #7442, #10256 ) ) ;
#6557 = AXIS2_PLACEMENT_3D ( 'NONE', #5955, #1416, #9369 ) ;
#6558 = EDGE_CURVE ( 'NONE', #11284, #3055, #9433, .T. ) ;
#6559 = PRESENTATION_STYLE_ASSIGNMENT (( #3844 ) ) ;
#6560 = DIRECTION ( 'NONE',  ( 1.000000000000000000, 0.000000000000000000, 0.000000000000000000 ) ) ;
#6561 = EDGE_LOOP ( 'NONE', ( #3955, #2788, #8128, #8581 ) ) ;
#6562 = FACE_OUTER_BOUND ( 'NONE', #7149, .T. ) ;
#6563 = ORIENTED_EDGE ( 'NONE', *, *, #11273, .T. ) ;
#6564 = SURFACE_SIDE_STYLE ('',( #8421 ) ) ;
#6565 = DIRECTION ( 'NONE',  ( 0.7071067811865474617, 0.7071067811865474617, 0.000000000000000000 ) ) ;
#6566 = DIRECTION ( 'NONE',  ( 1.000000000000000000, 0.000000000000000000, 0.000000000000000000 ) ) ;
#6567 = COLOUR_RGB ( '',0.2862745098039215508, 0.2862745098039215508, 0.2862745098039215508 ) ;
#6568 = SURFACE_STYLE_USAGE ( .BOTH. , #10185 ) ;
#6569 = VECTOR ( 'NONE', #10717, 1000.000000000000000 ) ;
#6570 = ORIENTED_EDGE ( 'NONE', *, *, #11694, .F. ) ;
#6571 = CARTESIAN_POINT ( 'NONE',  ( -1.685000000000000275, 2.507499999999999840, 0.2500000000000000000 ) ) ;
#6572 = EDGE_CURVE ( 'NONE', #4357, #10414, #2874, .T. ) ;
#6573 = STYLED_ITEM ( 'NONE', ( #3349 ), #1836 ) ;
#6574 = DIRECTION ( 'NONE',  ( -1.000000000000000000, 0.000000000000000000, 0.000000000000000000 ) ) ;
#6575 = VERTEX_POINT ( 'NONE', #4017 ) ;
#6576 = CIRCLE ( 'NONE', #8295, 0.08000000000000005718 ) ;
#6577 = FILL_AREA_STYLE_COLOUR ( '', #11193 ) ;
#6578 = EDGE_LOOP ( 'NONE', ( #10122, #9741, #7699, #4367 ) ) ;
#6579 =( NAMED_UNIT ( * ) PLANE_ANGLE_UNIT ( ) SI_UNIT ( $, .RADIAN. ) );
#6580 = CARTESIAN_POINT ( 'NONE',  ( -2.125000000000000000, -2.319999999999999840, 0.000000000000000000 ) ) ;
#6581 = FILL_AREA_STYLE ('',( #193 ) ) ;
#6582 = VERTEX_POINT ( 'NONE', #8600 ) ;
#6583 = LINE ( 'NONE', #11192, #4811 ) ;
#6584 = AXIS2_PLACEMENT_3D ( 'NONE', #345, #5652, #4863 ) ;
#6585 = STYLED_ITEM ( 'NONE', ( #5338 ), #9524 ) ;
#6586 = VECTOR ( 'NONE', #613, 1000.000000000000000 ) ;
#6587 = ADVANCED_FACE ( 'NONE', ( #7458 ), #10655, .F. ) ;
#6588 = CARTESIAN_POINT ( 'NONE',  ( 1.647500000000000187, -3.220000000000000195, 0.000000000000000000 ) ) ;
#6589 = ADVANCED_FACE ( 'NONE', ( #6973 ), #9013, .T. ) ;
#6590 = PRESENTATION_STYLE_ASSIGNMENT (( #5814 ) ) ;
#6591 = AXIS2_PLACEMENT_3D ( 'NONE', #6650, #7439, #6597 ) ;
#6592 = FILL_AREA_STYLE_COLOUR ( '', #5743 ) ;
#6593 = DIRECTION ( 'NONE',  ( -0.000000000000000000, -0.000000000000000000, -1.000000000000000000 ) ) ;
#6594 = APPLICATION_CONTEXT ( 'automotive_design' ) ;
#6595 = SURFACE_SIDE_STYLE ('',( #3026 ) ) ;
#6596 = PRESENTATION_LAYER_ASSIGNMENT (  '', '', ( #11832 ) ) ;
#6597 = DIRECTION ( 'NONE',  ( 1.000000000000000000, 0.000000000000000000, 0.000000000000000000 ) ) ;
#6598 = ORIENTED_EDGE ( 'NONE', *, *, #7173, .F. ) ;
#6599 =( NAMED_UNIT ( * ) PLANE_ANGLE_UNIT ( ) SI_UNIT ( $, .RADIAN. ) );
#6600 = ORIENTED_EDGE ( 'NONE', *, *, #525, .T. ) ;
#6601 = DIRECTION ( 'NONE',  ( 0.000000000000000000, 0.000000000000000000, 1.000000000000000000 ) ) ;
#6602 = EDGE_CURVE ( 'NONE', #5790, #9591, #8000, .T. ) ;
#6603 = CARTESIAN_POINT ( 'NONE',  ( -2.185000000000000497, -0.6799999999999990496, 0.000000000000000000 ) ) ;
#6604 =( GEOMETRIC_REPRESENTATION_CONTEXT ( 3 ) GLOBAL_UNCERTAINTY_ASSIGNED_CONTEXT ( ( #6429 ) ) GLOBAL_UNIT_ASSIGNED_CONTEXT ( ( #7882, #473, #698 ) ) REPRESENTATION_CONTEXT ( 'NONE', 'WORKASPACE' ) );
#6605 = EDGE_CURVE ( 'NONE', #7799, #1172, #11461, .T. ) ;
#6606 = CARTESIAN_POINT ( 'NONE',  ( 0.4150000000000000355, -2.657500000000000195, 0.2500000000000000000 ) ) ;
#6607 = SURFACE_SIDE_STYLE ('',( #9361 ) ) ;
#6608 = LINE ( 'NONE', #11337, #3364 ) ;
#6609 = STYLED_ITEM ( 'NONE', ( #2193 ), #7941 ) ;
#6610 = PRESENTATION_STYLE_ASSIGNMENT (( #3947 ) ) ;
#6611 = ORIENTED_EDGE ( 'NONE', *, *, #4977, .T. ) ;
#6612 = LINE ( 'NONE', #8466, #9211 ) ;
#6613 = MECHANICAL_DESIGN_GEOMETRIC_PRESENTATION_REPRESENTATION (  '', ( #11848 ), #8912 ) ;
#6614 = CARTESIAN_POINT ( 'NONE',  ( 0.8549999999999999822, 2.507499999999999840, 0.2500000000000000000 ) ) ;
#6615 = ORIENTED_EDGE ( 'NONE', *, *, #7532, .T. ) ;
#6616 = ORIENTED_EDGE ( 'NONE', *, *, #11472, .T. ) ;
#6617 = MECHANICAL_DESIGN_GEOMETRIC_PRESENTATION_REPRESENTATION (  '', ( #11826 ), #2016 ) ;
#6618 = LINE ( 'NONE', #10173, #278 ) ;
#6619 = STYLED_ITEM ( 'NONE', ( #9875 ), #9292 ) ;
#6620 = VECTOR ( 'NONE', #1033, 1000.000000000000000 ) ;
#6621 = VERTEX_POINT ( 'NONE', #755 ) ;
#6622 = CARTESIAN_POINT ( 'NONE',  ( 1.287500000000000089, 2.739999999999997549, 0.2499999999999995837 ) ) ;
#6623 = DIRECTION ( 'NONE',  ( 0.000000000000000000, 0.000000000000000000, 1.000000000000000000 ) ) ;
#6624 = ORIENTED_EDGE ( 'NONE', *, *, #9744, .T. ) ;
#6625 = PLANE ( 'NONE',  #2371 ) ;
#6626 = CARTESIAN_POINT ( 'NONE',  ( -2.433187122972952476, 2.519463867161252146, 1.034235483637910846 ) ) ;
#6627 = ORIENTED_EDGE ( 'NONE', *, *, #5574, .T. ) ;
#6628 = DIRECTION ( 'NONE',  ( 6.167905692361980167E-15, 1.000000000000000000, 0.000000000000000000 ) ) ;
#6629 = VECTOR ( 'NONE', #5802, 1000.000000000000000 ) ;
#6630 = PRESENTATION_STYLE_ASSIGNMENT (( #366 ) ) ;
#6631 = SURFACE_STYLE_USAGE ( .BOTH. , #7119 ) ;
#6632 = CARTESIAN_POINT ( 'NONE',  ( -2.185000000000000497, 0.02000000000000060063, 0.000000000000000000 ) ) ;
#6633 = EDGE_LOOP ( 'NONE', ( #10869, #3556, #5516, #10960 ) ) ;
#6634 = CARTESIAN_POINT ( 'NONE',  ( 2.498147480579540058, -1.370000000000000107, 0.6750000000000000444 ) ) ;
#6635 = ORIENTED_EDGE ( 'NONE', *, *, #4483, .T. ) ;
#6636 = ORIENTED_EDGE ( 'NONE', *, *, #3989, .T. ) ;
#6637 = SURFACE_STYLE_FILL_AREA ( #7718 ) ;
#6638 = VECTOR ( 'NONE', #10294, 1000.000000000000000 ) ;
#6639 = EDGE_LOOP ( 'NONE', ( #3585, #10723, #10153, #5566 ) ) ;
#6640 = DIRECTION ( 'NONE',  ( 0.000000000000000000, -1.000000000000000000, -0.000000000000000000 ) ) ;
#6641 = AXIS2_PLACEMENT_3D ( 'NONE', #6389, #1854, #6565 ) ;
#6642 = CARTESIAN_POINT ( 'NONE',  ( -1.684999999999999831, 2.739999999999999325, 0.000000000000000000 ) ) ;
#6643 = SURFACE_SIDE_STYLE ('',( #8627 ) ) ;
#6644 = CARTESIAN_POINT ( 'NONE',  ( 2.185000000000000497, 0.02000000000000067349, 0.2500000000000000000 ) ) ;
#6645 = DIRECTION ( 'NONE',  ( 1.000000000000000000, 0.000000000000000000, -0.000000000000000000 ) ) ;
#6646 = MECHANICAL_DESIGN_GEOMETRIC_PRESENTATION_REPRESENTATION (  '', ( #10312 ), #2268 ) ;
#6647 = COLOUR_RGB ( '',0.2862745098039215508, 0.2862745098039215508, 0.2862745098039215508 ) ;
#6648 = UNCERTAINTY_MEASURE_WITH_UNIT (LENGTH_MEASURE( 1.000000000000000082E-05 ), #2250, 'distance_accuracy_value', 'NONE');
#6649 = EDGE_CURVE ( 'NONE', #3629, #7231, #3635, .T. ) ;
#6650 = CARTESIAN_POINT ( 'NONE',  ( 1.647500000000000187, 2.507499999999999840, 0.000000000000000000 ) ) ;
#6651 = CARTESIAN_POINT ( 'NONE',  ( -5.551115123125779744E-16, -0.5799999999999989608, 0.2500000000000000000 ) ) ;
#6652 = SURFACE_STYLE_USAGE ( .BOTH. , #8452 ) ;
#6653 = VECTOR ( 'NONE', #992, 1000.000000000000000 ) ;
#6654 = EDGE_LOOP ( 'NONE', ( #6545, #8750, #9319, #5875, #9776 ) ) ;
#6655 =( NAMED_UNIT ( * ) PLANE_ANGLE_UNIT ( ) SI_UNIT ( $, .RADIAN. ) );
#6656 = ADVANCED_FACE ( 'NONE', ( #6305 ), #8057, .F. ) ;
#6657 = ORIENTED_EDGE ( 'NONE', *, *, #5856, .T. ) ;
#6658 = SURFACE_STYLE_USAGE ( .BOTH. , #7628 ) ;
#6659 = EDGE_CURVE ( 'NONE', #10619, #8077, #7274, .T. ) ;
#6660 = PRODUCT_DEFINITION_SHAPE ( 'NONE', 'NONE',  #5700 ) ;
#6661 = STYLED_ITEM ( 'NONE', ( #10622 ), #4775 ) ;
#6662 =( NAMED_UNIT ( * ) PLANE_ANGLE_UNIT ( ) SI_UNIT ( $, .RADIAN. ) );
#6663 = FILL_AREA_STYLE_COLOUR ( '', #166 ) ;
#6664 = PRESENTATION_LAYER_ASSIGNMENT (  '', '', ( #6473 ) ) ;
#6665 = AXIS2_PLACEMENT_3D ( 'NONE', #1435, #2465, #538 ) ;
#6666 = CARTESIAN_POINT ( 'NONE',  ( 2.575000000000000178, 2.740000000000000213, 0.000000000000000000 ) ) ;
#6667 = PRESENTATION_STYLE_ASSIGNMENT (( #1107 ) ) ;
#6668 = EDGE_CURVE ( 'NONE', #5766, #9799, #10096, .T. ) ;
#6669 =( LENGTH_UNIT ( ) NAMED_UNIT ( * ) SI_UNIT ( .MILLI., .METRE. ) );
#6670 = EDGE_LOOP ( 'NONE', ( #5141, #591, #1141, #462 ) ) ;
#6671 = EDGE_CURVE ( 'NONE', #7145, #10486, #9122, .T. ) ;
#6672 = VECTOR ( 'NONE', #9612, 1000.000000000000000 ) ;
#6673 = PLANE ( 'NONE',  #3421 ) ;
#6674 = ORIENTED_EDGE ( 'NONE', *, *, #4574, .T. ) ;
#6675 = LINE ( 'NONE', #7456, #5948 ) ;
#6676 = EDGE_LOOP ( 'NONE', ( #9252, #7424, #9970, #7542, #3234, #2207 ) ) ;
#6677 = EDGE_CURVE ( 'NONE', #6168, #3122, #4638, .T. ) ;
#6678 = AXIS2_PLACEMENT_3D ( 'NONE', #4873, #2922, #8531 ) ;
#6679 = CARTESIAN_POINT ( 'NONE',  ( 2.351067539245731641, 2.554456236527852475, 1.096075939357707085 ) ) ;
#6680 = CARTESIAN_POINT ( 'NONE',  ( 2.291224643694583119, -2.652943593871505357, 1.039907042525826331 ) ) ;
#6681 = VECTOR ( 'NONE', #5344, 1000.000000000000000 ) ;
#6682 = ORIENTED_EDGE ( 'NONE', *, *, #4221, .T. ) ;
#6683 = SURFACE_STYLE_FILL_AREA ( #5847 ) ;
#6684 =( LENGTH_UNIT ( ) NAMED_UNIT ( * ) SI_UNIT ( .MILLI., .METRE. ) );
#6685 = DIRECTION ( 'NONE',  ( 0.000000000000000000, -1.000000000000000000, 0.000000000000000000 ) ) ;
#6686 = DIRECTION ( 'NONE',  ( 0.7071067811865460184, 0.7071067811865489050, -0.000000000000000000 ) ) ;
#6687 = ORIENTED_EDGE ( 'NONE', *, *, #3312, .T. ) ;
#6688 = LINE ( 'NONE', #10306, #8279 ) ;
#6689 = EDGE_CURVE ( 'NONE', #5790, #927, #4414, .T. ) ;
#6690 = UNCERTAINTY_MEASURE_WITH_UNIT (LENGTH_MEASURE( 1.000000000000000082E-05 ), #612, 'distance_accuracy_value', 'NONE');
#6691 = EDGE_LOOP ( 'NONE', ( #11824, #8968, #5539, #3087 ) ) ;
#6692 = FACE_OUTER_BOUND ( 'NONE', #11356, .T. ) ;
#6693 = SURFACE_SIDE_STYLE ('',( #2213 ) ) ;
#6694 = CIRCLE ( 'NONE', #8042, 0.03749999999999976963 ) ;
#6695 = CARTESIAN_POINT ( 'NONE',  ( 1.685000000000000053, -2.319999999999999840, 0.000000000000000000 ) ) ;
#6696 = CARTESIAN_POINT ( 'NONE',  ( 2.185000000000000497, 2.469999999999989981, 0.000000000000000000 ) ) ;
#6697 =( NAMED_UNIT ( * ) PLANE_ANGLE_UNIT ( ) SI_UNIT ( $, .RADIAN. ) );
#6698 = VERTEX_POINT ( 'NONE', #8283 ) ;
#6699 = DIRECTION ( 'NONE',  ( 1.000000000000000000, 0.000000000000000000, 0.000000000000000000 ) ) ;
#6700 = ORIENTED_EDGE ( 'NONE', *, *, #8523, .F. ) ;
#6701 = CARTESIAN_POINT ( 'NONE',  ( 2.328631962061076699, 2.544516792360708823, 1.091449727906031342 ) ) ;
#6702 = DIRECTION ( 'NONE',  ( -0.000000000000000000, -1.000000000000000000, -0.000000000000000000 ) ) ;
#6703 = ORIENTED_EDGE ( 'NONE', *, *, #3917, .F. ) ;
#6704 = COLOUR_RGB ( '',0.2862745098039215508, 0.2862745098039215508, 0.2862745098039215508 ) ;
#6705 = FILL_AREA_STYLE_COLOUR ( '', #2749 ) ;
#6706 = COLOUR_RGB ( '',0.8313725490196077761, 0.8313725490196077761, 0.8313725490196077761 ) ;
#6707 = LINE ( 'NONE', #10382, #6203 ) ;
#6708 = DIRECTION ( 'NONE',  ( 2.220446049250300065E-15, -1.000000000000000000, 0.000000000000000000 ) ) ;
#6709 = CARTESIAN_POINT ( 'NONE',  ( 2.125000000000000000, 2.507499999999999840, 0.000000000000000000 ) ) ;
#6710 = LINE ( 'NONE', #3873, #2414 ) ;
#6711 =( NAMED_UNIT ( * ) SI_UNIT ( $, .STERADIAN. ) SOLID_ANGLE_UNIT ( ) );
#6712 = FILL_AREA_STYLE ('',( #334 ) ) ;
#6713 = FILL_AREA_STYLE ('',( #1398 ) ) ;
#6714 = ORIENTED_EDGE ( 'NONE', *, *, #11182, .F. ) ;
#6715 = DIRECTION ( 'NONE',  ( 0.000000000000000000, 0.000000000000000000, 1.000000000000000000 ) ) ;
#6716 = COLOUR_RGB ( '',0.8313725490196077761, 0.8313725490196077761, 0.8313725490196077761 ) ;
#6717 = CARTESIAN_POINT ( 'NONE',  ( -1.647500000000000187, -2.819999999999999840, 0.2500000000000000000 ) ) ;
#6718 = ORIENTED_EDGE ( 'NONE', *, *, #8669, .T. ) ;
#6719 = CARTESIAN_POINT ( 'NONE',  ( -2.328631962061076699, 2.544516792360708379, 1.091449727906032008 ) ) ;
#6720 = CYLINDRICAL_SURFACE ( 'NONE', #555, 0.03750000000000031780 ) ;
#6721 = PRESENTATION_LAYER_ASSIGNMENT (  '', '', ( #9994 ) ) ;
#6722 = PRESENTATION_STYLE_ASSIGNMENT (( #10467 ) ) ;
#6723 = DIRECTION ( 'NONE',  ( -0.2974806214264061333, -0.8622610147216653864, -0.4098917202956451344 ) ) ;
#6724 = FILL_AREA_STYLE ('',( #1171 ) ) ;
#6725 = ORIENTED_EDGE ( 'NONE', *, *, #8266, .T. ) ;
#6726 = FILL_AREA_STYLE_COLOUR ( '', #5593 ) ;
#6727 = ORIENTED_EDGE ( 'NONE', *, *, #5645, .F. ) ;
#6728 = CARTESIAN_POINT ( 'NONE',  ( -1.905000000000000027, -2.092049114840340174, 0.000000000000000000 ) ) ;
#6729 = VERTEX_POINT ( 'NONE', #5529 ) ;
#6730 = MECHANICAL_DESIGN_GEOMETRIC_PRESENTATION_REPRESENTATION (  '', ( #5786 ), #5594 ) ;
#6731 = VECTOR ( 'NONE', #6758, 1000.000000000000000 ) ;
#6732 = CIRCLE ( 'NONE', #3901, 0.03750000000000031780 ) ;
#6733 = CARTESIAN_POINT ( 'NONE',  ( 2.394980999734316995, 2.559980999734317031, 1.075827626996971764 ) ) ;
#6734 = EDGE_CURVE ( 'NONE', #10414, #5069, #7150, .T. ) ;
#6735 = VERTEX_POINT ( 'NONE', #9181 ) ;
#6736 = CARTESIAN_POINT ( 'NONE',  ( -2.125000000000000000, 1.070000000000000062, 0.2500000000000000000 ) ) ;
#6737 = CARTESIAN_POINT ( 'NONE',  ( -0.8549999999999999822, -2.770000000000000018, 0.2500000000000000000 ) ) ;
#6738 = VECTOR ( 'NONE', #2214, 1000.000000000000000 ) ;
#6739 =( LENGTH_UNIT ( ) NAMED_UNIT ( * ) SI_UNIT ( .MILLI., .METRE. ) );
#6740 = VERTEX_POINT ( 'NONE', #7216 ) ;
#6741 = LINE ( 'NONE', #3967, #1594 ) ;
#6742 = LINE ( 'NONE', #3170, #1590 ) ;
#6743 = ORIENTED_EDGE ( 'NONE', *, *, #4416, .T. ) ;
#6744 = CARTESIAN_POINT ( 'NONE',  ( -0.3775000000000000022, -2.770000000000000018, 0.2500000000000000000 ) ) ;
#6745 = SURFACE_STYLE_USAGE ( .BOTH. , #4667 ) ;
#6746 = VECTOR ( 'NONE', #6254, 1000.000000000000000 ) ;
#6747 = ADVANCED_FACE ( 'NONE', ( #82 ), #10845, .T. ) ;
#6748 = ORIENTED_EDGE ( 'NONE', *, *, #1122, .T. ) ;
#6749 = DIRECTION ( 'NONE',  ( 0.000000000000000000, -0.000000000000000000, -1.000000000000000000 ) ) ;
#6750 = DIRECTION ( 'NONE',  ( -0.000000000000000000, -0.000000000000000000, 1.000000000000000000 ) ) ;
#6751 = ORIENTED_EDGE ( 'NONE', *, *, #11484, .T. ) ;
#6752 = PLANE ( 'NONE',  #2732 ) ;
#6753 = EDGE_LOOP ( 'NONE', ( #9925, #1572, #8377, #8106 ) ) ;
#6754 = CARTESIAN_POINT ( 'NONE',  ( 2.351067539245732974, 2.554456236527852919, 1.096075939357707529 ) ) ;
#6755 = AXIS2_PLACEMENT_3D ( 'NONE', #7713, #5919, #10317 ) ;
#6756 = FILL_AREA_STYLE ('',( #4041 ) ) ;
#6757 = ORIENTED_EDGE ( 'NONE', *, *, #9558, .F. ) ;
#6758 = DIRECTION ( 'NONE',  ( 0.000000000000000000, 0.000000000000000000, 1.000000000000000000 ) ) ;
#6759 = AXIS2_PLACEMENT_3D ( 'NONE', #1729, #5379, #9019 ) ;
#6760 =( GEOMETRIC_REPRESENTATION_CONTEXT ( 3 ) GLOBAL_UNCERTAINTY_ASSIGNED_CONTEXT ( ( #7159 ) ) GLOBAL_UNIT_ASSIGNED_CONTEXT ( ( #10971, #2737, #3466 ) ) REPRESENTATION_CONTEXT ( 'NONE', 'WORKASPACE' ) );
#6761 = UNCERTAINTY_MEASURE_WITH_UNIT (LENGTH_MEASURE( 1.000000000000000082E-05 ), #9996, 'distance_accuracy_value', 'NONE');
#6762 = CARTESIAN_POINT ( 'NONE',  ( 1.625000000000000444, 2.419999999999999929, 0.2500000000000000000 ) ) ;
#6763 = PLANE ( 'NONE',  #1935 ) ;
#6764 = CARTESIAN_POINT ( 'NONE',  ( -2.354463867161249446, -2.519463867161249482, 1.020000000000000018 ) ) ;
#6765 = COLOUR_RGB ( '',0.8313725490196077761, 0.8313725490196077761, 0.8313725490196077761 ) ;
#6766 = ORIENTED_EDGE ( 'NONE', *, *, #1559, .F. ) ;
#6767 = DIRECTION ( 'NONE',  ( 0.000000000000000000, 0.000000000000000000, 1.000000000000000000 ) ) ;
#6768 = AXIS2_PLACEMENT_3D ( 'NONE', #8947, #7432, #8001 ) ;
#6769 = SURFACE_STYLE_USAGE ( .BOTH. , #5105 ) ;
#6770 = EDGE_LOOP ( 'NONE', ( #5885, #1485, #1061, #7197 ) ) ;
#6771 =( GEOMETRIC_REPRESENTATION_CONTEXT ( 3 ) GLOBAL_UNCERTAINTY_ASSIGNED_CONTEXT ( ( #2627 ) ) GLOBAL_UNIT_ASSIGNED_CONTEXT ( ( #10762, #1157, #1878 ) ) REPRESENTATION_CONTEXT ( 'NONE', 'WORKASPACE' ) );
#6772 = CARTESIAN_POINT ( 'NONE',  ( 0.8924999999999999600, -2.782500000000000195, 0.2500000000000000000 ) ) ;
#6773 = STYLED_ITEM ( 'NONE', ( #6590 ), #1923 ) ;
#6774 = CARTESIAN_POINT ( 'NONE',  ( -2.575000000000000178, -2.740000000000000213, 0.000000000000000000 ) ) ;
#6775 = ORIENTED_EDGE ( 'NONE', *, *, #2103, .T. ) ;
#6776 = DIRECTION ( 'NONE',  ( -1.000000000000000000, 0.000000000000000000, 0.000000000000000000 ) ) ;
#6777 = FILL_AREA_STYLE ('',( #3157 ) ) ;
#6778 = ORIENTED_EDGE ( 'NONE', *, *, #11493, .F. ) ;
#6779 = FACE_OUTER_BOUND ( 'NONE', #4869, .T. ) ;
#6780 = ORIENTED_EDGE ( 'NONE', *, *, #8266, .F. ) ;
#6781 = CIRCLE ( 'NONE', #2027, 0.03750000000000031780 ) ;
#6782 = CARTESIAN_POINT ( 'NONE',  ( 2.328631962061076255, 2.544516792360708823, 1.091449727906031120 ) ) ;
#6783 = CARTESIAN_POINT ( 'NONE',  ( 1.647500000000000187, -2.782500000000000195, 0.000000000000000000 ) ) ;
#6784 = SURFACE_SIDE_STYLE ('',( #3165 ) ) ;
#6785 = CIRCLE ( 'NONE', #3961, 0.03750000000000020678 ) ;
#6786 = CARTESIAN_POINT ( 'NONE',  ( 1.625000000000000222, 2.469999999999999751, 0.000000000000000000 ) ) ;
#6787 = DIRECTION ( 'NONE',  ( -1.000000000000000000, 0.000000000000000000, 0.000000000000000000 ) ) ;
#6788 = CARTESIAN_POINT ( 'NONE',  ( 0.8924999999999999600, 3.220000000000000195, 0.000000000000000000 ) ) ;
#6789 = LINE ( 'NONE', #4944, #11753 ) ;
#6790 = ORIENTED_EDGE ( 'NONE', *, *, #10123, .F. ) ;
#6791 = DIRECTION ( 'NONE',  ( 0.000000000000000000, 0.000000000000000000, 1.000000000000000000 ) ) ;
#6792 = UNCERTAINTY_MEASURE_WITH_UNIT (LENGTH_MEASURE( 1.000000000000000082E-05 ), #2109, 'distance_accuracy_value', 'NONE');
#6793 =( NAMED_UNIT ( * ) PLANE_ANGLE_UNIT ( ) SI_UNIT ( $, .RADIAN. ) );
#6794 = VERTEX_POINT ( 'NONE', #6606 ) ;
#6795 = FILL_AREA_STYLE ('',( #8779 ) ) ;
#6796 = EDGE_CURVE ( 'NONE', #5195, #3860, #9242, .T. ) ;
#6797 =( GEOMETRIC_REPRESENTATION_CONTEXT ( 3 ) GLOBAL_UNCERTAINTY_ASSIGNED_CONTEXT ( ( #4313 ) ) GLOBAL_UNIT_ASSIGNED_CONTEXT ( ( #7440, #9410, #5641 ) ) REPRESENTATION_CONTEXT ( 'NONE', 'WORKASPACE' ) );
#6798 = DIRECTION ( 'NONE',  ( 0.000000000000000000, -0.000000000000000000, -1.000000000000000000 ) ) ;
#6799 = LINE ( 'NONE', #2507, #5974 ) ;
#6800 = VECTOR ( 'NONE', #8700, 1000.000000000000000 ) ;
#6801 = EDGE_CURVE ( 'NONE', #11039, #1528, #273, .T. ) ;
#6802 = CIRCLE ( 'NONE', #3580, 0.07999999999999975187 ) ;
#6803 = ADVANCED_FACE ( 'NONE', ( #11207 ), #6720, .F. ) ;
#6804 =( NAMED_UNIT ( * ) PLANE_ANGLE_UNIT ( ) SI_UNIT ( $, .RADIAN. ) );
#6805 = ORIENTED_EDGE ( 'NONE', *, *, #621, .F. ) ;
#6806 = FACE_OUTER_BOUND ( 'NONE', #7770, .T. ) ;
#6807 = LINE ( 'NONE', #2219, #5622 ) ;
#6808 = VECTOR ( 'NONE', #860, 1000.000000000000000 ) ;
#6809 = VERTEX_POINT ( 'NONE', #147 ) ;
#6810 = STYLED_ITEM ( 'NONE', ( #1515 ), #5279 ) ;
#6811 = SURFACE_STYLE_USAGE ( .BOTH. , #9761 ) ;
#6812 = PLANE ( 'NONE',  #5791 ) ;
#6813 = ORIENTED_EDGE ( 'NONE', *, *, #5416, .F. ) ;
#6814 = FACE_OUTER_BOUND ( 'NONE', #2063, .T. ) ;
#6815 = EDGE_CURVE ( 'NONE', #1984, #4460, #1165, .T. ) ;
#6816 = CARTESIAN_POINT ( 'NONE',  ( -0.8925000000000000711, 2.770000000000000018, 0.000000000000000000 ) ) ;
#6817 = EDGE_CURVE ( 'NONE', #4598, #7102, #7565, .T. ) ;
#6818 = PRESENTATION_STYLE_ASSIGNMENT (( #5688 ) ) ;
#6819 = ORIENTED_EDGE ( 'NONE', *, *, #4298, .T. ) ;
#6820 = DIRECTION ( 'NONE',  ( 1.000000000000000000, -0.000000000000000000, 0.000000000000000000 ) ) ;
#6821 = SURFACE_SIDE_STYLE ('',( #5813 ) ) ;
#6822 = ADVANCED_FACE ( 'NONE', ( #3882 ), #1227, .F. ) ;
#6823 = PLANE ( 'NONE',  #4815 ) ;
#6824 = MECHANICAL_DESIGN_GEOMETRIC_PRESENTATION_REPRESENTATION (  '', ( #4721 ), #4177 ) ;
#6825 = LINE ( 'NONE', #10329, #5259 ) ;
#6826 = DIRECTION ( 'NONE',  ( 0.000000000000000000, 1.000000000000000000, 0.000000000000000000 ) ) ;
#6827 = LINE ( 'NONE', #2173, #8860 ) ;
#6828 = PLANE ( 'NONE',  #5202 ) ;
#6829 = AXIS2_PLACEMENT_3D ( 'NONE', #8661, #3407, #8771 ) ;
#6830 = FACE_OUTER_BOUND ( 'NONE', #4252, .T. ) ;
#6831 = COLOUR_RGB ( '',0.8313725490196077761, 0.8313725490196077761, 0.8313725490196077761 ) ;
#6832 = PLANE ( 'NONE',  #11151 ) ;
#6833 = ADVANCED_FACE ( 'NONE', ( #911 ), #6518, .F. ) ;
#6834 = SURFACE_STYLE_FILL_AREA ( #4115 ) ;
#6835 = FILL_AREA_STYLE ('',( #11442 ) ) ;
#6836 = EDGE_LOOP ( 'NONE', ( #2280, #5589, #6325, #4370 ) ) ;
#6837 = SURFACE_STYLE_USAGE ( .BOTH. , #4860 ) ;
#6838 = PRESENTATION_LAYER_ASSIGNMENT (  '', '', ( #4736 ) ) ;
#6839 = STYLED_ITEM ( 'NONE', ( #1464 ), #1060 ) ;
#6840 = DIRECTION ( 'NONE',  ( 0.000000000000000000, 0.000000000000000000, 1.000000000000000000 ) ) ;
#6841 =( GEOMETRIC_REPRESENTATION_CONTEXT ( 3 ) GLOBAL_UNCERTAINTY_ASSIGNED_CONTEXT ( ( #7004 ) ) GLOBAL_UNIT_ASSIGNED_CONTEXT ( ( #7758, #7942, #5238 ) ) REPRESENTATION_CONTEXT ( 'NONE', 'WORKASPACE' ) );
#6842 = CARTESIAN_POINT ( 'NONE',  ( 0.8924999999999999600, -3.220000000000000195, 0.000000000000000000 ) ) ;
#6843 =( GEOMETRIC_REPRESENTATION_CONTEXT ( 3 ) GLOBAL_UNCERTAINTY_ASSIGNED_CONTEXT ( ( #7650 ) ) GLOBAL_UNIT_ASSIGNED_CONTEXT ( ( #7258, #8318, #10140 ) ) REPRESENTATION_CONTEXT ( 'NONE', 'WORKASPACE' ) );
#6844 = EDGE_LOOP ( 'NONE', ( #9393, #10305, #9056, #6636 ) ) ;
#6845 = SURFACE_STYLE_FILL_AREA ( #8817 ) ;
#6846 = ADVANCED_FACE ( 'NONE', ( #11874 ), #10271, .T. ) ;
#6847 = SURFACE_STYLE_FILL_AREA ( #9615 ) ;
#6848 = CARTESIAN_POINT ( 'NONE',  ( 2.354463867161247670, 2.519463867161246817, 1.020000000000000462 ) ) ;
#6849 = CARTESIAN_POINT ( 'NONE',  ( 0.4149999999999999800, 5.551115123125779744E-16, 0.000000000000000000 ) ) ;
#6850 = ORIENTED_EDGE ( 'NONE', *, *, #7851, .T. ) ;
#6851 = CARTESIAN_POINT ( 'NONE',  ( -5.551115123125779744E-16, 2.419999999999999929, 0.2500000000000000000 ) ) ;
#6852 = PRESENTATION_LAYER_ASSIGNMENT (  '', '', ( #10127 ) ) ;
#6853 = ORIENTED_EDGE ( 'NONE', *, *, #5198, .F. ) ;
#6854 = MECHANICAL_DESIGN_GEOMETRIC_PRESENTATION_REPRESENTATION (  '', ( #5330 ), #562 ) ;
#6855 = COLOUR_RGB ( '',0.8313725490196077761, 0.8313725490196077761, 0.8313725490196077761 ) ;
#6856 =( NAMED_UNIT ( * ) SI_UNIT ( $, .STERADIAN. ) SOLID_ANGLE_UNIT ( ) );
#6857 = VERTEX_POINT ( 'NONE', #9596 ) ;
#6858 = FILL_AREA_STYLE ('',( #11463 ) ) ;
#6859 = FACE_OUTER_BOUND ( 'NONE', #6310, .T. ) ;
#6860 = VECTOR ( 'NONE', #6005, 1000.000000000000000 ) ;
#6861 = SURFACE_STYLE_FILL_AREA ( #4193 ) ;
#6862 = EDGE_LOOP ( 'NONE', ( #9760, #10247, #10587, #8894 ) ) ;
#6863 =( LENGTH_UNIT ( ) NAMED_UNIT ( * ) SI_UNIT ( .MILLI., .METRE. ) );
#6864 = DIRECTION ( 'NONE',  ( 0.000000000000000000, -0.000000000000000000, 1.000000000000000000 ) ) ;
#6865 = ORIENTED_EDGE ( 'NONE', *, *, #7909, .T. ) ;
#6866 = CARTESIAN_POINT ( 'NONE',  ( 2.495000000000000107, -2.739999999999999325, 0.2499999999999942546 ) ) ;
#6867 = PRESENTATION_LAYER_ASSIGNMENT (  '', '', ( #2300 ) ) ;
#6868 =( NAMED_UNIT ( * ) SI_UNIT ( $, .STERADIAN. ) SOLID_ANGLE_UNIT ( ) );
#6869 = PRESENTATION_STYLE_ASSIGNMENT (( #10491 ) ) ;
#6870 = ORIENTED_EDGE ( 'NONE', *, *, #747, .T. ) ;
#6871 = AXIS2_PLACEMENT_3D ( 'NONE', #10980, #1838, #5608 ) ;
#6872 = CARTESIAN_POINT ( 'NONE',  ( 0.8549999999999999822, -2.319999999999999840, 0.000000000000000000 ) ) ;
#6873 = EDGE_LOOP ( 'NONE', ( #11526, #1674, #899, #11633 ) ) ;
#6874 = CARTESIAN_POINT ( 'NONE',  ( 2.496266715016320248, -2.739989970828017984, 0.2500554620476185819 ) ) ;
#6875 = EDGE_CURVE ( 'NONE', #6103, #10857, #2160, .T. ) ;
#6876 = EDGE_CURVE ( 'NONE', #2945, #1136, #2107, .T. ) ;
#6877 = CARTESIAN_POINT ( 'NONE',  ( 0.000000000000000000, 5.551115123125779744E-16, 0.000000000000000000 ) ) ;
#6878 = ORIENTED_EDGE ( 'NONE', *, *, #3310, .T. ) ;
#6879 = DIRECTION ( 'NONE',  ( 0.000000000000000000, 0.000000000000000000, 1.000000000000000000 ) ) ;
#6880 = DIRECTION ( 'NONE',  ( -0.000000000000000000, -1.000000000000000000, -0.000000000000000000 ) ) ;
#6881 = LINE ( 'NONE', #3133, #820 ) ;
#6882 = DIRECTION ( 'NONE',  ( -9.001808307771530402E-16, -1.000000000000000000, -0.000000000000000000 ) ) ;
#6883 = PLANE ( 'NONE',  #7501 ) ;
#6884 = DIRECTION ( 'NONE',  ( 0.000000000000000000, 0.000000000000000000, 1.000000000000000000 ) ) ;
#6885 = EDGE_CURVE ( 'NONE', #2830, #6103, #4898, .T. ) ;
#6886 = EDGE_CURVE ( 'NONE', #10458, #5200, #8501, .T. ) ;
#6887 = AXIS2_PLACEMENT_3D ( 'NONE', #9618, #9791, #4933 ) ;
#6888 = DIRECTION ( 'NONE',  ( 0.000000000000000000, 0.000000000000000000, 1.000000000000000000 ) ) ;
#6889 = UNCERTAINTY_MEASURE_WITH_UNIT (LENGTH_MEASURE( 1.000000000000000082E-05 ), #973, 'distance_accuracy_value', 'NONE');
#6890 = CARTESIAN_POINT ( 'NONE',  ( -2.354463867161249890, 2.519463867161249926, 1.020000000000000018 ) ) ;
#6891 = CARTESIAN_POINT ( 'NONE',  ( -2.354463867161250334, -2.553810133903361645, 1.092251878597581660 ) ) ;
#6892 =( NAMED_UNIT ( * ) PLANE_ANGLE_UNIT ( ) SI_UNIT ( $, .RADIAN. ) );
#6893 = VECTOR ( 'NONE', #957, 1000.000000000000000 ) ;
#6894 = DIRECTION ( 'NONE',  ( 0.000000000000000000, 0.000000000000000000, 1.000000000000000000 ) ) ;
#6895 =( LENGTH_UNIT ( ) NAMED_UNIT ( * ) SI_UNIT ( .MILLI., .METRE. ) );
#6896 = ORIENTED_EDGE ( 'NONE', *, *, #3193, .F. ) ;
#6897 = PRODUCT_CONTEXT ( 'NONE', #2334, 'mechanical' ) ;
#6898 = AXIS2_PLACEMENT_3D ( 'NONE', #5132, #9581, #4372 ) ;
#6899 = PLANE ( 'NONE',  #11384 ) ;
#6900 = EDGE_CURVE ( 'NONE', #11788, #11332, #3982, .T. ) ;
#6901 = LINE ( 'NONE', #5830, #8773 ) ;
#6902 = CARTESIAN_POINT ( 'NONE',  ( 2.185000000000000497, -1.080000000000000071, 0.000000000000000000 ) ) ;
#6903 = VECTOR ( 'NONE', #10169, 1000.000000000000000 ) ;
#6904 = CARTESIAN_POINT ( 'NONE',  ( -2.381424832439819728, -0.6799999999999988276, 0.000000000000000000 ) ) ;
#6905 = UNCERTAINTY_MEASURE_WITH_UNIT (LENGTH_MEASURE( 1.000000000000000082E-05 ), #7926, 'distance_accuracy_value', 'NONE');
#6906 = DIRECTION ( 'NONE',  ( 2.312964634635739999E-16, -1.000000000000000000, -0.000000000000000000 ) ) ;
#6907 = VERTEX_POINT ( 'NONE', #1266 ) ;
#6908 = AXIS2_PLACEMENT_3D ( 'NONE', #2784, #11816, #8934 ) ;
#6909 = CARTESIAN_POINT ( 'NONE',  ( -2.574989970828018393, -2.661266715016318063, 0.2500554620476066470 ) ) ;
#6910 = CARTESIAN_POINT ( 'NONE',  ( 2.162500000000000089, -2.770000000000000018, 0.2500000000000000000 ) ) ;
#6911 = ORIENTED_EDGE ( 'NONE', *, *, #7550, .T. ) ;
#6912 = CARTESIAN_POINT ( 'NONE',  ( 2.574999999999998401, -1.370000000000000107, 0.2499999999999997780 ) ) ;
#6913 = ORIENTED_EDGE ( 'NONE', *, *, #10518, .T. ) ;
#6914 = SURFACE_SIDE_STYLE ('',( #4189 ) ) ;
#6915 = SURFACE_STYLE_USAGE ( .BOTH. , #583 ) ;
#6916 = CARTESIAN_POINT ( 'NONE',  ( -1.647500000000000409, -3.220000000000000195, 0.000000000000000000 ) ) ;
#6917 = DIRECTION ( 'NONE',  ( 0.000000000000000000, 0.000000000000000000, 1.000000000000000000 ) ) ;
#6918 = ORIENTED_EDGE ( 'NONE', *, *, #5574, .F. ) ;
#6919 = FILL_AREA_STYLE_COLOUR ( '', #8074 ) ;
#6920 = MECHANICAL_DESIGN_GEOMETRIC_PRESENTATION_REPRESENTATION (  '', ( #238 ), #4277 ) ;
#6921 = UNCERTAINTY_MEASURE_WITH_UNIT (LENGTH_MEASURE( 1.000000000000000082E-05 ), #3981, 'distance_accuracy_value', 'NONE');
#6922 = ORIENTED_EDGE ( 'NONE', *, *, #5636, .T. ) ;
#6923 = CARTESIAN_POINT ( 'NONE',  ( -0.4149999999999999800, 2.740000000000000213, 0.000000000000000000 ) ) ;
#6924 = PRESENTATION_LAYER_ASSIGNMENT (  '', '', ( #10775 ) ) ;
#6925 = CARTESIAN_POINT ( 'NONE',  ( 2.481424832439820261, -0.5799999999999991829, 0.000000000000000000 ) ) ;
#6926 = FACE_OUTER_BOUND ( 'NONE', #8702, .T. ) ;
#6927 = EDGE_CURVE ( 'NONE', #3985, #3785, #9347, .T. ) ;
#6928 = ORIENTED_EDGE ( 'NONE', *, *, #5946, .T. ) ;
#6929 =( GEOMETRIC_REPRESENTATION_CONTEXT ( 3 ) GLOBAL_UNCERTAINTY_ASSIGNED_CONTEXT ( ( #9783 ) ) GLOBAL_UNIT_ASSIGNED_CONTEXT ( ( #4046, #1389, #500 ) ) REPRESENTATION_CONTEXT ( 'NONE', 'WORKASPACE' ) );
#6930 =( LENGTH_UNIT ( ) NAMED_UNIT ( * ) SI_UNIT ( .MILLI., .METRE. ) );
#6931 = UNCERTAINTY_MEASURE_WITH_UNIT (LENGTH_MEASURE( 1.000000000000000082E-05 ), #3369, 'distance_accuracy_value', 'NONE');
#6932 = DIRECTION ( 'NONE',  ( 0.000000000000000000, 0.000000000000000000, 1.000000000000000000 ) ) ;
#6933 = FACE_OUTER_BOUND ( 'NONE', #1614, .T. ) ;
#6934 = VERTEX_POINT ( 'NONE', #192 ) ;
#6935 = LINE ( 'NONE', #897, #2936 ) ;
#6936 = DIRECTION ( 'NONE',  ( -0.000000000000000000, -0.000000000000000000, -1.000000000000000000 ) ) ;
#6937 = VERTEX_POINT ( 'NONE', #3015 ) ;
#6938 = STYLED_ITEM ( 'NONE', ( #1499 ), #10412 ) ;
#6939 = SURFACE_SIDE_STYLE ('',( #10563 ) ) ;
#6940 = COLOUR_RGB ( '',0.2862745098039215508, 0.2862745098039215508, 0.2862745098039215508 ) ;
#6941 = DIRECTION ( 'NONE',  ( -0.000000000000000000, 0.000000000000000000, 1.000000000000000000 ) ) ;
#6942 = VECTOR ( 'NONE', #11857, 1000.000000000000000 ) ;
#6943 = FILL_AREA_STYLE_COLOUR ( '', #2361 ) ;
#6944 = CARTESIAN_POINT ( 'NONE',  ( -2.185000000000000497, -0.6799999999999990496, 0.2500000000000000000 ) ) ;
#6945 = AXIS2_PLACEMENT_3D ( 'NONE', #793, #735, #9840 ) ;
#6946 = VECTOR ( 'NONE', #3584, 1000.000000000000000 ) ;
#6947 = PRESENTATION_STYLE_ASSIGNMENT (( #5036 ) ) ;
#6948 =( NAMED_UNIT ( * ) PLANE_ANGLE_UNIT ( ) SI_UNIT ( $, .RADIAN. ) );
#6949 = SURFACE_SIDE_STYLE ('',( #6285 ) ) ;
#6950 = ORIENTED_EDGE ( 'NONE', *, *, #3761, .T. ) ;
#6951 = APPLICATION_PROTOCOL_DEFINITION ( 'draft international standard', 'automotive_design', 1998, #6594 ) ;
#6952 = EDGE_CURVE ( 'NONE', #7240, #5766, #2952, .T. ) ;
#6953 = EDGE_CURVE ( 'NONE', #6371, #7588, #2091, .T. ) ;
#6954 = CARTESIAN_POINT ( 'NONE',  ( 0.8925000000000000711, 2.819999999999999840, 0.2500000000000000000 ) ) ;
#6955 = LINE ( 'NONE', #10640, #9035 ) ;
#6956 = VECTOR ( 'NONE', #1018, 1000.000000000000000 ) ;
#6957 =( NAMED_UNIT ( * ) SI_UNIT ( $, .STERADIAN. ) SOLID_ANGLE_UNIT ( ) );
#6958 = VECTOR ( 'NONE', #2155, 1000.000000000000000 ) ;
#6959 =( BOUNDED_SURFACE ( )  B_SPLINE_SURFACE ( 3, 3, ( 
 ( #6537, #1098, #3756, #9488 ),
 ( #10223, #4747, #8456, #210 ),
 ( #7562, #340, #3880, #1948 ),
 ( #6719, #7379, #11204, #11270 ) ),
 .UNSPECIFIED., .F., .F., .T. ) 
 B_SPLINE_SURFACE_WITH_KNOTS ( ( 4, 4 ),
 ( 4, 4 ),
 ( 0.000000000000000000, 1.000000000000000000 ),
 ( 0.000000000000000000, 1.000000000000000000 ),
 .UNSPECIFIED. ) 
 GEOMETRIC_REPRESENTATION_ITEM ( )  RATIONAL_B_SPLINE_SURFACE ( (
 ( 1.000000000000000000, 0.3333333333333314275, 0.3333333333333314275, 1.000000000000000000),
 ( 0.9330238416682125058, 0.3110079472227357256, 0.3110079472227357256, 0.9330238416682125058),
 ( 0.9330238416682125058, 0.3110079472227357256, 0.3110079472227357256, 0.9330238416682125058),
 ( 1.000000000000000000, 0.3333333333333314275, 0.3333333333333314275, 1.000000000000000000) ) ) 
 REPRESENTATION_ITEM ( '' )  SURFACE ( )  );
#6960 = AXIS2_PLACEMENT_3D ( 'NONE', #6788, #10481, #9575 ) ;
#6961 =( NAMED_UNIT ( * ) PLANE_ANGLE_UNIT ( ) SI_UNIT ( $, .RADIAN. ) );
#6962 = LINE ( 'NONE', #6774, #7966 ) ;
#6963 = MECHANICAL_DESIGN_GEOMETRIC_PRESENTATION_REPRESENTATION (  '', ( #4669 ), #5047 ) ;
#6964 = DIRECTION ( 'NONE',  ( -1.000000000000000000, 0.000000000000000000, 0.000000000000000000 ) ) ;
#6965 = ORIENTED_EDGE ( 'NONE', *, *, #10363, .T. ) ;
#6966 = CARTESIAN_POINT ( 'NONE',  ( -0.4149999999999999800, -2.657500000000000195, 0.000000000000000000 ) ) ;
#6967 = SURFACE_STYLE_FILL_AREA ( #577 ) ;
#6968 = ORIENTED_EDGE ( 'NONE', *, *, #2224, .T. ) ;
#6969 = DIRECTION ( 'NONE',  ( -0.000000000000000000, -0.000000000000000000, -1.000000000000000000 ) ) ;
#6970 = EDGE_CURVE ( 'NONE', #766, #395, #9341, .T. ) ;
#6971 = EDGE_CURVE ( 'NONE', #10614, #11218, #10321, .T. ) ;
#6972 = VERTEX_POINT ( 'NONE', #11247 ) ;
#6973 = FACE_OUTER_BOUND ( 'NONE', #9385, .T. ) ;
#6974 = VECTOR ( 'NONE', #7276, 1000.000000000000000 ) ;
#6975 = MECHANICAL_DESIGN_GEOMETRIC_PRESENTATION_REPRESENTATION (  '', ( #7739 ), #488 ) ;
#6976 = ORIENTED_EDGE ( 'NONE', *, *, #6088, .T. ) ;
#6977 = PRESENTATION_STYLE_ASSIGNMENT (( #4942 ) ) ;
#6978 =( GEOMETRIC_REPRESENTATION_CONTEXT ( 3 ) GLOBAL_UNCERTAINTY_ASSIGNED_CONTEXT ( ( #10546 ) ) GLOBAL_UNIT_ASSIGNED_CONTEXT ( ( #10161, #9247, #1527 ) ) REPRESENTATION_CONTEXT ( 'NONE', 'WORKASPACE' ) );
#6979 = SURFACE_SIDE_STYLE ('',( #1424 ) ) ;
#6980 = CARTESIAN_POINT ( 'NONE',  ( 0.4149999999999999800, 2.782500000000000195, 0.000000000000000000 ) ) ;
#6981 = VERTEX_POINT ( 'NONE', #248 ) ;
#6982 = PRESENTATION_LAYER_ASSIGNMENT (  '', '', ( #5460 ) ) ;
#6983 = LINE ( 'NONE', #10666, #6946 ) ;
#6984 = VERTEX_POINT ( 'NONE', #11366 ) ;
#6985 = ADVANCED_FACE ( 'NONE', ( #9466 ), #3921, .T. ) ;
#6986 = PLANE ( 'NONE',  #7232 ) ;
#6987 = VECTOR ( 'NONE', #8314, 1000.000000000000000 ) ;
#6988 = DIRECTION ( 'NONE',  ( 0.000000000000000000, 0.000000000000000000, 1.000000000000000000 ) ) ;
#6989 =( NAMED_UNIT ( * ) PLANE_ANGLE_UNIT ( ) SI_UNIT ( $, .RADIAN. ) );
#6990 = ORIENTED_EDGE ( 'NONE', *, *, #9231, .T. ) ;
#6991 =( NAMED_UNIT ( * ) SI_UNIT ( $, .STERADIAN. ) SOLID_ANGLE_UNIT ( ) );
#6992 = ORIENTED_EDGE ( 'NONE', *, *, #155, .T. ) ;
#6993 = CARTESIAN_POINT ( 'NONE',  ( 0.3775000000000000022, -2.819999999999999840, 0.2500000000000000000 ) ) ;
#6994 =( NAMED_UNIT ( * ) PLANE_ANGLE_UNIT ( ) SI_UNIT ( $, .RADIAN. ) );
#6995 = ORIENTED_EDGE ( 'NONE', *, *, #1093, .T. ) ;
#6996 = STYLED_ITEM ( 'NONE', ( #5881 ), #2961 ) ;
#6997 = PRESENTATION_STYLE_ASSIGNMENT (( #5153 ) ) ;
#6998 = CARTESIAN_POINT ( 'NONE',  ( 2.162500000000000089, -2.819999999999999840, 0.2500000000000000000 ) ) ;
#6999 = DIRECTION ( 'NONE',  ( -1.000000000000000000, 0.000000000000000000, 0.000000000000000000 ) ) ;
#7000 = CARTESIAN_POINT ( 'NONE',  ( -0.8924999999999999600, 2.507499999999999840, 0.000000000000000000 ) ) ;
#7001 = AXIS2_PLACEMENT_3D ( 'NONE', #10214, #9589, #5865 ) ;
#7002 =( GEOMETRIC_REPRESENTATION_CONTEXT ( 3 ) GLOBAL_UNCERTAINTY_ASSIGNED_CONTEXT ( ( #6905 ) ) GLOBAL_UNIT_ASSIGNED_CONTEXT ( ( #7926, #4346, #5342 ) ) REPRESENTATION_CONTEXT ( 'NONE', 'WORKASPACE' ) );
#7003 = FILL_AREA_STYLE_COLOUR ( '', #6567 ) ;
#7004 = UNCERTAINTY_MEASURE_WITH_UNIT (LENGTH_MEASURE( 1.000000000000000082E-05 ), #7758, 'distance_accuracy_value', 'NONE');
#7005 = PLANE ( 'NONE',  #10449 ) ;
#7006 = FILL_AREA_STYLE ('',( #619 ) ) ;
#7007 = EDGE_CURVE ( 'NONE', #7360, #6981, #882, .T. ) ;
#7008 = ORIENTED_EDGE ( 'NONE', *, *, #11255, .F. ) ;
#7009 = PRESENTATION_LAYER_ASSIGNMENT (  '', '', ( #3589 ) ) ;
#7010 = FACE_OUTER_BOUND ( 'NONE', #11870, .T. ) ;
#7011 = DIRECTION ( 'NONE',  ( 0.000000000000000000, 1.000000000000000000, 0.000000000000000000 ) ) ;
#7012 = SURFACE_SIDE_STYLE ('',( #4349 ) ) ;
#7013 = AXIS2_PLACEMENT_3D ( 'NONE', #8683, #496, #4160 ) ;
#7014 = EDGE_CURVE ( 'NONE', #3916, #46, #1682, .T. ) ;
#7015 = CARTESIAN_POINT ( 'NONE',  ( -0.3775000000000000022, -2.782500000000000195, 0.000000000000000000 ) ) ;
#7016 = COLOUR_RGB ( '',0.8313725490196077761, 0.8313725490196077761, 0.8313725490196077761 ) ;
#7017 = CARTESIAN_POINT ( 'NONE',  ( 2.354463867161251223, -2.519463867161251702, 1.020000000000003793 ) ) ;
#7018 = FACE_OUTER_BOUND ( 'NONE', #7396, .T. ) ;
#7019 = ORIENTED_EDGE ( 'NONE', *, *, #2080, .F. ) ;
#7020 = EDGE_CURVE ( 'NONE', #5497, #4064, #4552, .T. ) ;
#7021 = ADVANCED_FACE ( 'NONE', ( #1598 ), #5027, .F. ) ;
#7022 = CARTESIAN_POINT ( 'NONE',  ( -2.185000000000000497, -0.6799999999999990496, 0.000000000000000000 ) ) ;
#7023 = ORIENTED_EDGE ( 'NONE', *, *, #4202, .T. ) ;
#7024 = LINE ( 'NONE', #7815, #3276 ) ;
#7025 = MECHANICAL_DESIGN_GEOMETRIC_PRESENTATION_REPRESENTATION (  '', ( #3231 ), #3808 ) ;
#7026 = VERTEX_POINT ( 'NONE', #6369 ) ;
#7027 =( NAMED_UNIT ( * ) SI_UNIT ( $, .STERADIAN. ) SOLID_ANGLE_UNIT ( ) );
#7028 =( GEOMETRIC_REPRESENTATION_CONTEXT ( 3 ) GLOBAL_UNCERTAINTY_ASSIGNED_CONTEXT ( ( #9773 ) ) GLOBAL_UNIT_ASSIGNED_CONTEXT ( ( #8999, #8051, #2610 ) ) REPRESENTATION_CONTEXT ( 'NONE', 'WORKASPACE' ) );
#7029 = VECTOR ( 'NONE', #10064, 1000.000000000000000 ) ;
#7030 = PLANE ( 'NONE',  #4682 ) ;
#7031 = FILL_AREA_STYLE ('',( #5960 ) ) ;
#7032 = EDGE_CURVE ( 'NONE', #2210, #4479, #11899, .T. ) ;
#7033 = COLOUR_RGB ( '',0.2862745098039215508, 0.2862745098039215508, 0.2862745098039215508 ) ;
#7034 = LINE ( 'NONE', #640, #8966 ) ;
#7035 = ADVANCED_FACE ( 'NONE', ( #7283 ), #3583, .T. ) ;
#7036 = CARTESIAN_POINT ( 'NONE',  ( -1.287500000000000089, -2.739999999999997993, 0.2499999999999997224 ) ) ;
#7037 = PRESENTATION_STYLE_ASSIGNMENT (( #2456 ) ) ;
#7038 = VERTEX_POINT ( 'NONE', #5603 ) ;
#7039 = UNCERTAINTY_MEASURE_WITH_UNIT (LENGTH_MEASURE( 1.000000000000000082E-05 ), #6138, 'distance_accuracy_value', 'NONE');
#7040 = CARTESIAN_POINT ( 'NONE',  ( -2.185000000000000497, -0.6799999999999990496, 0.2500000000000000000 ) ) ;
#7041 = VERTEX_POINT ( 'NONE', #3045 ) ;
#7042 = SURFACE_SIDE_STYLE ('',( #2274 ) ) ;
#7043 = VERTEX_POINT ( 'NONE', #2018 ) ;
#7044 = CARTESIAN_POINT ( 'NONE',  ( -2.575000000000000178, 2.740000000000000213, 0.000000000000000000 ) ) ;
#7045 = PRESENTATION_LAYER_ASSIGNMENT (  '', '', ( #5134 ) ) ;
#7046 = SURFACE_STYLE_USAGE ( .BOTH. , #709 ) ;
#7047 = AXIS2_PLACEMENT_3D ( 'NONE', #4868, #5774, #11345 ) ;
#7048 = AXIS2_PLACEMENT_3D ( 'NONE', #9858, #11026, #5417 ) ;
#7049 = ORIENTED_EDGE ( 'NONE', *, *, #2762, .F. ) ;
#7050 = EDGE_CURVE ( 'NONE', #5428, #11227, #2861, .T. ) ;
#7051 = FACE_OUTER_BOUND ( 'NONE', #9278, .T. ) ;
#7052 = FACE_OUTER_BOUND ( 'NONE', #9689, .T. ) ;
#7053 = UNCERTAINTY_MEASURE_WITH_UNIT (LENGTH_MEASURE( 1.000000000000000082E-05 ), #7559, 'distance_accuracy_value', 'NONE');
#7054 = CARTESIAN_POINT ( 'NONE',  ( 2.162500000000000089, -3.220000000000000195, 0.000000000000000000 ) ) ;
#7055 =( GEOMETRIC_REPRESENTATION_CONTEXT ( 3 ) GLOBAL_UNCERTAINTY_ASSIGNED_CONTEXT ( ( #9890 ) ) GLOBAL_UNIT_ASSIGNED_CONTEXT ( ( #3602, #6390, #5623 ) ) REPRESENTATION_CONTEXT ( 'NONE', 'WORKASPACE' ) );
#7056 = CARTESIAN_POINT ( 'NONE',  ( 2.394980999734316551, -2.559980999734316587, 1.075827626996971986 ) ) ;
#7057 = CARTESIAN_POINT ( 'NONE',  ( -0.8924999999999999600, -2.620000000000000551, 0.000000000000000000 ) ) ;
#7058 = CARTESIAN_POINT ( 'NONE',  ( -2.185000000000000497, -0.07999999999999901634, 0.000000000000000000 ) ) ;
#7059 = VERTEX_POINT ( 'NONE', #6614 ) ;
#7060 = VECTOR ( 'NONE', #3040, 1000.000000000000000 ) ;
#7061 = PRESENTATION_STYLE_ASSIGNMENT (( #2418 ) ) ;
#7062 =( GEOMETRIC_REPRESENTATION_CONTEXT ( 3 ) GLOBAL_UNCERTAINTY_ASSIGNED_CONTEXT ( ( #11872 ) ) GLOBAL_UNIT_ASSIGNED_CONTEXT ( ( #952, #9256, #888 ) ) REPRESENTATION_CONTEXT ( 'NONE', 'WORKASPACE' ) );
#7063 = SURFACE_STYLE_FILL_AREA ( #5093 ) ;
#7064 = PRESENTATION_LAYER_ASSIGNMENT (  '', '', ( #10540 ) ) ;
#7065 = CYLINDRICAL_SURFACE ( 'NONE', #1397, 0.03749999999999988065 ) ;
#7066 = DIRECTION ( 'NONE',  ( -0.9840406976462908739, -2.990432407924579948E-16, 0.1779435454738420019 ) ) ;
#7067 = SURFACE_SIDE_STYLE ('',( #3491 ) ) ;
#7068 = DIRECTION ( 'NONE',  ( -1.000000000000000000, -6.167905692361980167E-15, 0.000000000000000000 ) ) ;
#7069 = ORIENTED_EDGE ( 'NONE', *, *, #7173, .T. ) ;
#7070 = FILL_AREA_STYLE ('',( #4567 ) ) ;
#7071 =( GEOMETRIC_REPRESENTATION_CONTEXT ( 3 ) GLOBAL_UNCERTAINTY_ASSIGNED_CONTEXT ( ( #4986 ) ) GLOBAL_UNIT_ASSIGNED_CONTEXT ( ( #10085, #1038, #7490 ) ) REPRESENTATION_CONTEXT ( 'NONE', 'WORKASPACE' ) );
#7072 =( LENGTH_UNIT ( ) NAMED_UNIT ( * ) SI_UNIT ( .MILLI., .METRE. ) );
#7073 = PRESENTATION_LAYER_ASSIGNMENT (  '', '', ( #9945 ) ) ;
#7074 = VECTOR ( 'NONE', #579, 1000.000000000000114 ) ;
#7075 = EDGE_CURVE ( 'NONE', #6205, #5546, #946, .T. ) ;
#7076 = DIRECTION ( 'NONE',  ( 1.000000000000000000, 0.000000000000000000, 0.000000000000000000 ) ) ;
#7077 = SURFACE_STYLE_USAGE ( .BOTH. , #9903 ) ;
#7078 = COLOUR_RGB ( '',0.2862745098039215508, 0.2862745098039215508, 0.2862745098039215508 ) ;
#7079 =( LENGTH_UNIT ( ) NAMED_UNIT ( * ) SI_UNIT ( .MILLI., .METRE. ) );
#7080 =( NAMED_UNIT ( * ) SI_UNIT ( $, .STERADIAN. ) SOLID_ANGLE_UNIT ( ) );
#7081 = EDGE_LOOP ( 'NONE', ( #7621, #2102, #3257, #8830 ) ) ;
#7082 = VECTOR ( 'NONE', #2598, 999.9999999999998863 ) ;
#7083 = PLANE ( 'NONE',  #10593 ) ;
#7084 = LINE ( 'NONE', #5896, #2038 ) ;
#7085 = SURFACE_SIDE_STYLE ('',( #2257 ) ) ;
#7086 = EDGE_LOOP ( 'NONE', ( #8332, #7100, #1247, #5443 ) ) ;
#7087 = CARTESIAN_POINT ( 'NONE',  ( -2.481424832439820261, -0.5799999999999989608, 0.2500000000000000555 ) ) ;
#7088 = ORIENTED_EDGE ( 'NONE', *, *, #6875, .F. ) ;
#7089 = FACE_OUTER_BOUND ( 'NONE', #8111, .T. ) ;
#7090 = CARTESIAN_POINT ( 'NONE',  ( 2.149999999999999911, 2.770000000000000018, 0.000000000000000000 ) ) ;
#7091 =( LENGTH_UNIT ( ) NAMED_UNIT ( * ) SI_UNIT ( .MILLI., .METRE. ) );
#7092 = EDGE_CURVE ( 'NONE', #10239, #10026, #4596, .T. ) ;
#7093 = DIRECTION ( 'NONE',  ( 0.000000000000000000, -1.000000000000000000, 0.000000000000000000 ) ) ;
#7094 = CARTESIAN_POINT ( 'NONE',  ( 2.125000000000000000, 2.507499999999999840, 0.000000000000000000 ) ) ;
#7095 = CARTESIAN_POINT ( 'NONE',  ( -0.4149999999999999800, -2.770000000000000018, 0.2500000000000000000 ) ) ;
#7096 = DIRECTION ( 'NONE',  ( 1.000000000000000000, 0.000000000000000000, 0.000000000000000000 ) ) ;
#7097 = ORIENTED_EDGE ( 'NONE', *, *, #485, .F. ) ;
#7098 = DIRECTION ( 'NONE',  ( 0.000000000000000000, -1.000000000000000000, -0.000000000000000000 ) ) ;
#7099 = CARTESIAN_POINT ( 'NONE',  ( 0.8549999999999998712, 2.739999999999999769, 0.000000000000000000 ) ) ;
#7100 = ORIENTED_EDGE ( 'NONE', *, *, #2012, .T. ) ;
#7101 = LINE ( 'NONE', #9133, #3869 ) ;
#7102 = VERTEX_POINT ( 'NONE', #9129 ) ;
#7103 = EDGE_CURVE ( 'NONE', #10132, #2973, #6548, .T. ) ;
#7104 = EDGE_CURVE ( 'NONE', #5801, #11443, #10233, .T. ) ;
#7105 =( NAMED_UNIT ( * ) PLANE_ANGLE_UNIT ( ) SI_UNIT ( $, .RADIAN. ) );
#7106 =( NAMED_UNIT ( * ) PLANE_ANGLE_UNIT ( ) SI_UNIT ( $, .RADIAN. ) );
#7107 = EDGE_LOOP ( 'NONE', ( #5041, #10334, #11425, #10768 ) ) ;
#7108 = PRESENTATION_LAYER_ASSIGNMENT (  '', '', ( #1196 ) ) ;
#7109 = SURFACE_STYLE_FILL_AREA ( #9873 ) ;
#7110 = FILL_AREA_STYLE ('',( #10450 ) ) ;
#7111 = VECTOR ( 'NONE', #11921, 1000.000000000000000 ) ;
#7112 = FILL_AREA_STYLE_COLOUR ( '', #2633 ) ;
#7113 = ORIENTED_EDGE ( 'NONE', *, *, #10495, .F. ) ;
#7114 = PRESENTATION_LAYER_ASSIGNMENT (  '', '', ( #5394 ) ) ;
#7115 = CARTESIAN_POINT ( 'NONE',  ( 1.625000000000000222, 1.070000000000000062, 0.2500000000000000000 ) ) ;
#7116 = ORIENTED_EDGE ( 'NONE', *, *, #9888, .T. ) ;
#7117 = CARTESIAN_POINT ( 'NONE',  ( -0.8549999999999998712, -2.657500000000000195, 0.2500000000000000000 ) ) ;
#7118 = DIRECTION ( 'NONE',  ( -0.000000000000000000, -0.000000000000000000, -1.000000000000000000 ) ) ;
#7119 = SURFACE_SIDE_STYLE ('',( #11733 ) ) ;
#7120 = EDGE_CURVE ( 'NONE', #5764, #4460, #9368, .T. ) ;
#7121 = VECTOR ( 'NONE', #11341, 1000.000000000000000 ) ;
#7122 = PLANE ( 'NONE',  #9552 ) ;
#7123 = FACE_OUTER_BOUND ( 'NONE', #9920, .T. ) ;
#7124 = DIRECTION ( 'NONE',  ( 1.000000000000000000, 0.000000000000000000, 0.000000000000000000 ) ) ;
#7125 = CARTESIAN_POINT ( 'NONE',  ( -2.359914723019250538, -2.603043993245604426, 1.070023976510459551 ) ) ;
#7126 = UNCERTAINTY_MEASURE_WITH_UNIT (LENGTH_MEASURE( 1.000000000000000082E-05 ), #1356, 'distance_accuracy_value', 'NONE');
#7127 =( NAMED_UNIT ( * ) PLANE_ANGLE_UNIT ( ) SI_UNIT ( $, .RADIAN. ) );
#7128 =( LENGTH_UNIT ( ) NAMED_UNIT ( * ) SI_UNIT ( .MILLI., .METRE. ) );
#7129 = AXIS2_PLACEMENT_3D ( 'NONE', #8201, #965, #8149 ) ;
#7130 = SURFACE_STYLE_FILL_AREA ( #117 ) ;
#7131 = EDGE_LOOP ( 'NONE', ( #3788, #13, #5511, #10193 ) ) ;
#7132 = SURFACE_STYLE_USAGE ( .BOTH. , #3497 ) ;
#7133 = DIRECTION ( 'NONE',  ( 0.000000000000000000, 0.000000000000000000, -1.000000000000000000 ) ) ;
#7134 = MANIFOLD_SOLID_BREP ( 'Imported1', #6277 ) ;
#7135 = AXIS2_PLACEMENT_3D ( 'NONE', #8178, #7284, #2019 ) ;
#7136 = FILL_AREA_STYLE_COLOUR ( '', #1723 ) ;
#7137 = CARTESIAN_POINT ( 'NONE',  ( 2.185000000000000497, 5.551115123125779744E-16, 0.000000000000000000 ) ) ;
#7138 = CARTESIAN_POINT ( 'NONE',  ( -2.162500000000000089, -3.220000000000000195, 0.2500000000000000000 ) ) ;
#7139 = UNCERTAINTY_MEASURE_WITH_UNIT (LENGTH_MEASURE( 1.000000000000000082E-05 ), #7910, 'distance_accuracy_value', 'NONE');
#7140 = CARTESIAN_POINT ( 'NONE',  ( -1.625000000000000444, 2.469999999999997087, 0.000000000000000000 ) ) ;
#7141 = ORIENTED_EDGE ( 'NONE', *, *, #10430, .T. ) ;
#7142 = CARTESIAN_POINT ( 'NONE',  ( 2.354463867161250334, 2.519463867161250370, 1.020000000000000018 ) ) ;
#7143 = MECHANICAL_DESIGN_GEOMETRIC_PRESENTATION_REPRESENTATION (  '', ( #8488 ), #2573 ) ;
#7144 =( NAMED_UNIT ( * ) SI_UNIT ( $, .STERADIAN. ) SOLID_ANGLE_UNIT ( ) );
#7145 = VERTEX_POINT ( 'NONE', #1899 ) ;
#7146 =( NAMED_UNIT ( * ) PLANE_ANGLE_UNIT ( ) SI_UNIT ( $, .RADIAN. ) );
#7147 = AXIS2_PLACEMENT_3D ( 'NONE', #3054, #4653, #104 ) ;
#7148 = STYLED_ITEM ( 'NONE', ( #5744 ), #3242 ) ;
#7149 = EDGE_LOOP ( 'NONE', ( #4818, #6995, #5674, #8791 ) ) ;
#7150 = LINE ( 'NONE', #3757, #4569 ) ;
#7151 = CARTESIAN_POINT ( 'NONE',  ( -0.3775000000000000022, 2.469999999999995755, 0.000000000000000000 ) ) ;
#7152 =( GEOMETRIC_REPRESENTATION_CONTEXT ( 3 ) GLOBAL_UNCERTAINTY_ASSIGNED_CONTEXT ( ( #4971 ) ) GLOBAL_UNIT_ASSIGNED_CONTEXT ( ( #3517, #6183, #3638 ) ) REPRESENTATION_CONTEXT ( 'NONE', 'WORKASPACE' ) );
#7153 = PRESENTATION_LAYER_ASSIGNMENT (  '', '', ( #3742 ) ) ;
#7154 = FILL_AREA_STYLE ('',( #10033 ) ) ;
#7155 = COLOUR_RGB ( '',0.8313725490196077761, 0.8313725490196077761, 0.8313725490196077761 ) ;
#7156 = CARTESIAN_POINT ( 'NONE',  ( -1.685000000000000275, -2.770000000000000018, 0.2500000000000000000 ) ) ;
#7157 = FACE_OUTER_BOUND ( 'NONE', #1120, .T. ) ;
#7158 = ORIENTED_EDGE ( 'NONE', *, *, #5310, .T. ) ;
#7159 = UNCERTAINTY_MEASURE_WITH_UNIT (LENGTH_MEASURE( 1.000000000000000082E-05 ), #10971, 'distance_accuracy_value', 'NONE');
#7160 = SURFACE_STYLE_FILL_AREA ( #11648 ) ;
#7161 = ORIENTED_EDGE ( 'NONE', *, *, #9837, .F. ) ;
#7162 = ORIENTED_EDGE ( 'NONE', *, *, #72, .T. ) ;
#7163 = PLANE ( 'NONE',  #2078 ) ;
#7164 = AXIS2_PLACEMENT_3D ( 'NONE', #9421, #88, #3760 ) ;
#7165 =( GEOMETRIC_REPRESENTATION_CONTEXT ( 3 ) GLOBAL_UNCERTAINTY_ASSIGNED_CONTEXT ( ( #1155 ) ) GLOBAL_UNIT_ASSIGNED_CONTEXT ( ( #11637, #9229, #5357 ) ) REPRESENTATION_CONTEXT ( 'NONE', 'WORKASPACE' ) );
#7166 = CARTESIAN_POINT ( 'NONE',  ( -0.3549999999999999267, 2.419999999999999929, 0.2500000000000000000 ) ) ;
#7167 = AXIS2_PLACEMENT_3D ( 'NONE', #5115, #8875, #2502 ) ;
#7168 = DIRECTION ( 'NONE',  ( -1.000000000000000000, 0.000000000000000000, 0.000000000000000000 ) ) ;
#7169 = ORIENTED_EDGE ( 'NONE', *, *, #4482, .F. ) ;
#7170 =( LENGTH_UNIT ( ) NAMED_UNIT ( * ) SI_UNIT ( .MILLI., .METRE. ) );
#7171 = SURFACE_STYLE_FILL_AREA ( #10986 ) ;
#7172 = PRESENTATION_LAYER_ASSIGNMENT (  '', '', ( #10023 ) ) ;
#7173 = EDGE_CURVE ( 'NONE', #10486, #8484, #4806, .T. ) ;
#7174 = CARTESIAN_POINT ( 'NONE',  ( -2.574999999999997069, -2.660422264807303705, 0.2499999999999995837 ) ) ;
#7175 = SURFACE_STYLE_USAGE ( .BOTH. , #6037 ) ;
#7176 = EDGE_LOOP ( 'NONE', ( #6703, #8250, #4773, #339 ) ) ;
#7177 = DIRECTION ( 'NONE',  ( 0.7071067811865475727, -0.7071067811865475727, 0.000000000000000000 ) ) ;
#7178 = FACE_OUTER_BOUND ( 'NONE', #10433, .T. ) ;
#7179 = EDGE_LOOP ( 'NONE', ( #11458, #1443, #7583, #9554, #1758, #3147, #4117, #6657 ) ) ;
#7180 = ADVANCED_FACE ( 'NONE', ( #4758 ), #3356, .F. ) ;
#7181 = CARTESIAN_POINT ( 'NONE',  ( -0.8549999999999998712, 2.770000000000000018, 0.000000000000000000 ) ) ;
#7182 = PRESENTATION_STYLE_ASSIGNMENT (( #8367 ) ) ;
#7183 = LINE ( 'NONE', #10877, #9803 ) ;
#7184 = AXIS2_PLACEMENT_3D ( 'NONE', #8786, #597, #7897 ) ;
#7185 = CARTESIAN_POINT ( 'NONE',  ( -2.185000000000000497, 5.551115123125779744E-16, 0.000000000000000000 ) ) ;
#7186 = AXIS2_PLACEMENT_3D ( 'NONE', #8755, #7806, #10584 ) ;
#7187 = CARTESIAN_POINT ( 'NONE',  ( 0.000000000000000000, -0.1799999999999990219, 0.000000000000000000 ) ) ;
#7188 = AXIS2_PLACEMENT_3D ( 'NONE', #5086, #313, #2743 ) ;
#7189 = EDGE_CURVE ( 'NONE', #3154, #10424, #1425, .T. ) ;
#7190 = AXIS2_PLACEMENT_3D ( 'NONE', #1484, #3408, #4076 ) ;
#7191 = EDGE_CURVE ( 'NONE', #4842, #4013, #4259, .T. ) ;
#7192 = VECTOR ( 'NONE', #10273, 1000.000000000000000 ) ;
#7193 = SURFACE_SIDE_STYLE ('',( #8033 ) ) ;
#7194 = SURFACE_SIDE_STYLE ('',( #10684 ) ) ;
#7195 = EDGE_CURVE ( 'NONE', #7939, #4064, #6026, .T. ) ;
#7196 = PLANE ( 'NONE',  #7217 ) ;
#7197 = ORIENTED_EDGE ( 'NONE', *, *, #4418, .F. ) ;
#7198 = FILL_AREA_STYLE_COLOUR ( '', #3681 ) ;
#7199 = MECHANICAL_DESIGN_GEOMETRIC_PRESENTATION_REPRESENTATION (  '', ( #8699 ), #10276 ) ;
#7200 = DIRECTION ( 'NONE',  ( 0.000000000000000000, 0.000000000000000000, -1.000000000000000000 ) ) ;
#7201 = PRESENTATION_STYLE_ASSIGNMENT (( #7132 ) ) ;
#7202 = CARTESIAN_POINT ( 'NONE',  ( 0.8549999999999999822, 2.507499999999999840, 0.2500000000000000000 ) ) ;
#7203 = STYLED_ITEM ( 'NONE', ( #11210 ), #8858 ) ;
#7204 = CIRCLE ( 'NONE', #2444, 0.03749999999999999167 ) ;
#7205 = DIRECTION ( 'NONE',  ( -0.000000000000000000, -1.000000000000000000, -0.000000000000000000 ) ) ;
#7206 = EDGE_CURVE ( 'NONE', #395, #6698, #8888, .T. ) ;
#7207 = PRESENTATION_STYLE_ASSIGNMENT (( #7990 ) ) ;
#7208 = VERTEX_POINT ( 'NONE', #11644 ) ;
#7209 =( GEOMETRIC_REPRESENTATION_CONTEXT ( 3 ) GLOBAL_UNCERTAINTY_ASSIGNED_CONTEXT ( ( #7976 ) ) GLOBAL_UNIT_ASSIGNED_CONTEXT ( ( #3145, #10524, #3937 ) ) REPRESENTATION_CONTEXT ( 'NONE', 'WORKASPACE' ) );
#7210 = DIRECTION ( 'NONE',  ( 0.000000000000000000, -1.000000000000000000, 0.000000000000000000 ) ) ;
#7211 = CARTESIAN_POINT ( 'NONE',  ( 0.3549999999999999822, 2.470000000000000195, 0.000000000000000000 ) ) ;
#7212 = VERTEX_POINT ( 'NONE', #7947 ) ;
#7213 =( NAMED_UNIT ( * ) SI_UNIT ( $, .STERADIAN. ) SOLID_ANGLE_UNIT ( ) );
#7214 = ORIENTED_EDGE ( 'NONE', *, *, #902, .F. ) ;
#7215 = DIRECTION ( 'NONE',  ( 0.000000000000000000, 0.000000000000000000, 1.000000000000000000 ) ) ;
#7216 = CARTESIAN_POINT ( 'NONE',  ( -1.625000000000000444, 2.469999999999997087, 0.2500000000000000000 ) ) ;
#7217 = AXIS2_PLACEMENT_3D ( 'NONE', #4729, #1929, #128 ) ;
#7218 = CARTESIAN_POINT ( 'NONE',  ( 0.000000000000000000, 2.419999999999999929, 0.000000000000000000 ) ) ;
#7219 = EDGE_CURVE ( 'NONE', #2210, #999, #8774, .T. ) ;
#7220 = DIRECTION ( 'NONE',  ( 1.000000000000000000, 0.000000000000000000, -0.000000000000000000 ) ) ;
#7221 =( NAMED_UNIT ( * ) PLANE_ANGLE_UNIT ( ) SI_UNIT ( $, .RADIAN. ) );
#7222 = ORIENTED_EDGE ( 'NONE', *, *, #2372, .T. ) ;
#7223 = LINE ( 'NONE', #942, #10384 ) ;
#7224 = DIRECTION ( 'NONE',  ( 1.000000000000000000, 0.000000000000000000, 0.000000000000000000 ) ) ;
#7225 = ORIENTED_EDGE ( 'NONE', *, *, #2455, .F. ) ;
#7226 = AXIS2_PLACEMENT_3D ( 'NONE', #8795, #2295, #5151 ) ;
#7227 = LINE ( 'NONE', #10919, #5183 ) ;
#7228 = ORIENTED_EDGE ( 'NONE', *, *, #8341, .F. ) ;
#7229 = SURFACE_STYLE_FILL_AREA ( #9988 ) ;
#7230 = VECTOR ( 'NONE', #4568, 1000.000000000000000 ) ;
#7231 = VERTEX_POINT ( 'NONE', #2510 ) ;
#7232 = AXIS2_PLACEMENT_3D ( 'NONE', #3711, #9070, #4481 ) ;
#7233 = CARTESIAN_POINT ( 'NONE',  ( -1.685000000000000053, 2.507499999999999840, 0.000000000000000000 ) ) ;
#7234 =( GEOMETRIC_REPRESENTATION_CONTEXT ( 3 ) GLOBAL_UNCERTAINTY_ASSIGNED_CONTEXT ( ( #11622 ) ) GLOBAL_UNIT_ASSIGNED_CONTEXT ( ( #3820, #7329, #5649 ) ) REPRESENTATION_CONTEXT ( 'NONE', 'WORKASPACE' ) );
#7235 = PRESENTATION_STYLE_ASSIGNMENT (( #2873 ) ) ;
#7236 = ORIENTED_EDGE ( 'NONE', *, *, #4220, .F. ) ;
#7237 = DIRECTION ( 'NONE',  ( 0.000000000000000000, 1.000000000000000000, -0.000000000000000000 ) ) ;
#7238 = VECTOR ( 'NONE', #5592, 1000.000000000000000 ) ;
#7239 = CARTESIAN_POINT ( 'NONE',  ( 2.433187122972952032, -2.519463867161249926, 1.034235483637910402 ) ) ;
#7240 = VERTEX_POINT ( 'NONE', #10661 ) ;
#7241 = STYLED_ITEM ( 'NONE', ( #6276 ), #6130 ) ;
#7242 = COLOUR_RGB ( '',0.8313725490196077761, 0.8313725490196077761, 0.8313725490196077761 ) ;
#7243 = CARTESIAN_POINT ( 'NONE',  ( -2.495000000000000107, 2.660000000000000142, 0.000000000000000000 ) ) ;
#7244 =( GEOMETRIC_REPRESENTATION_CONTEXT ( 3 ) GLOBAL_UNCERTAINTY_ASSIGNED_CONTEXT ( ( #5347 ) ) GLOBAL_UNIT_ASSIGNED_CONTEXT ( ( #8827, #4190, #3230 ) ) REPRESENTATION_CONTEXT ( 'NONE', 'WORKASPACE' ) );
#7245 = CARTESIAN_POINT ( 'NONE',  ( -2.495000000000000107, 2.660000000000000142, 0.000000000000000000 ) ) ;
#7246 = AXIS2_PLACEMENT_3D ( 'NONE', #5860, #1253, #1316 ) ;
#7247 = ADVANCED_FACE ( 'NONE', ( #3409 ), #11712, .F. ) ;
#7248 = CARTESIAN_POINT ( 'NONE',  ( -2.392994304293846852, -2.652943593871509798, 0.9660472879165119542 ) ) ;
#7249 = ORIENTED_EDGE ( 'NONE', *, *, #1706, .T. ) ;
#7250 = PRESENTATION_LAYER_ASSIGNMENT (  '', '', ( #954 ) ) ;
#7251 = UNCERTAINTY_MEASURE_WITH_UNIT (LENGTH_MEASURE( 1.000000000000000082E-05 ), #9136, 'distance_accuracy_value', 'NONE');
#7252 =( NAMED_UNIT ( * ) SI_UNIT ( $, .STERADIAN. ) SOLID_ANGLE_UNIT ( ) );
#7253 =( NAMED_UNIT ( * ) SI_UNIT ( $, .STERADIAN. ) SOLID_ANGLE_UNIT ( ) );
#7254 =( NAMED_UNIT ( * ) PLANE_ANGLE_UNIT ( ) SI_UNIT ( $, .RADIAN. ) );
#7255 =( NAMED_UNIT ( * ) PLANE_ANGLE_UNIT ( ) SI_UNIT ( $, .RADIAN. ) );
#7256 = EDGE_LOOP ( 'NONE', ( #989, #6687, #11781, #7008, #7783 ) ) ;
#7257 = STYLED_ITEM ( 'NONE', ( #1376 ), #6290 ) ;
#7258 =( LENGTH_UNIT ( ) NAMED_UNIT ( * ) SI_UNIT ( .MILLI., .METRE. ) );
#7259 = EDGE_CURVE ( 'NONE', #7601, #6038, #2265, .T. ) ;
#7260 = DIRECTION ( 'NONE',  ( -1.000000000000000000, 0.000000000000000000, 0.000000000000000000 ) ) ;
#7261 = ADVANCED_FACE ( 'NONE', ( #5002 ), #8665, .F. ) ;
#7262 = SURFACE_SIDE_STYLE ('',( #9782 ) ) ;
#7263 = DIRECTION ( 'NONE',  ( 0.000000000000000000, 0.000000000000000000, 1.000000000000000000 ) ) ;
#7264 = DIRECTION ( 'NONE',  ( 1.000000000000000000, 0.000000000000000000, 0.000000000000000000 ) ) ;
#7265 = PRESENTATION_STYLE_ASSIGNMENT (( #9904 ) ) ;
#7266 = DIRECTION ( 'NONE',  ( 0.000000000000000000, -0.000000000000000000, -1.000000000000000000 ) ) ;
#7267 = CARTESIAN_POINT ( 'NONE',  ( -0.3775000000000000022, -2.620000000000000107, 0.000000000000000000 ) ) ;
#7268 = FILL_AREA_STYLE_COLOUR ( '', #7242 ) ;
#7269 = VERTEX_POINT ( 'NONE', #7333 ) ;
#7270 = ORIENTED_EDGE ( 'NONE', *, *, #2667, .F. ) ;
#7271 = DIRECTION ( 'NONE',  ( -1.000000000000000000, 0.000000000000000000, 0.000000000000000000 ) ) ;
#7272 = CARTESIAN_POINT ( 'NONE',  ( -2.394980999734315663, -2.559980999734316143, 1.075827626996971320 ) ) ;
#7273 = EDGE_CURVE ( 'NONE', #5682, #1114, #9861, .T. ) ;
#7274 = LINE ( 'NONE', #9004, #2283 ) ;
#7275 = MECHANICAL_DESIGN_GEOMETRIC_PRESENTATION_REPRESENTATION (  '', ( #5552 ), #7469 ) ;
#7276 = DIRECTION ( 'NONE',  ( 1.000000000000000000, 0.000000000000000000, -0.000000000000000000 ) ) ;
#7277 = AXIS2_PLACEMENT_3D ( 'NONE', #8922, #8034, #8303 ) ;
#7278 = FACE_OUTER_BOUND ( 'NONE', #7659, .T. ) ;
#7279 = PLANE ( 'NONE',  #8689 ) ;
#7280 = VERTEX_POINT ( 'NONE', #8230 ) ;
#7281 = CARTESIAN_POINT ( 'NONE',  ( -0.8549999999999998712, 2.507499999999999840, 0.000000000000000000 ) ) ;
#7282 = UNCERTAINTY_MEASURE_WITH_UNIT (LENGTH_MEASURE( 1.000000000000000082E-05 ), #1504, 'distance_accuracy_value', 'NONE');
#7283 = FACE_OUTER_BOUND ( 'NONE', #10947, .T. ) ;
#7284 = DIRECTION ( 'NONE',  ( 0.000000000000000000, -1.000000000000000000, 0.000000000000000000 ) ) ;
#7285 = ORIENTED_EDGE ( 'NONE', *, *, #8278, .T. ) ;
#7286 = CARTESIAN_POINT ( 'NONE',  ( -2.149999999999999911, 2.419999999999999929, 0.000000000000000000 ) ) ;
#7287 = VERTEX_POINT ( 'NONE', #11031 ) ;
#7288 = VECTOR ( 'NONE', #11225, 1000.000000000000000 ) ;
#7289 = VECTOR ( 'NONE', #3414, 1000.000000000000000 ) ;
#7290 = ADVANCED_FACE ( 'NONE', ( #7157 ), #1893, .F. ) ;
#7291 = CARTESIAN_POINT ( 'NONE',  ( 2.394980999734317439, -2.559980999734316143, 1.075827626996972208 ) ) ;
#7292 = VERTEX_POINT ( 'NONE', #8284 ) ;
#7293 = SURFACE_STYLE_FILL_AREA ( #3592 ) ;
#7294 = PLANE ( 'NONE',  #4253 ) ;
#7295 = UNCERTAINTY_MEASURE_WITH_UNIT (LENGTH_MEASURE( 1.000000000000000082E-05 ), #6863, 'distance_accuracy_value', 'NONE');
#7296 = SURFACE_STYLE_FILL_AREA ( #8139 ) ;
#7297 = SURFACE_SIDE_STYLE ('',( #5550 ) ) ;
#7298 = ORIENTED_EDGE ( 'NONE', *, *, #6885, .F. ) ;
#7299 =( NAMED_UNIT ( * ) PLANE_ANGLE_UNIT ( ) SI_UNIT ( $, .RADIAN. ) );
#7300 = DIRECTION ( 'NONE',  ( -1.000000000000000000, 0.000000000000000000, -0.000000000000000000 ) ) ;
#7301 = ORIENTED_EDGE ( 'NONE', *, *, #5726, .T. ) ;
#7302 = MANIFOLD_SOLID_BREP ( 'Imported3', #1330 ) ;
#7303 = CARTESIAN_POINT ( 'NONE',  ( -1.685000000000000053, -2.782500000000000195, 0.000000000000000000 ) ) ;
#7304 = PRESENTATION_LAYER_ASSIGNMENT (  '', '', ( #3684 ) ) ;
#7305 = CARTESIAN_POINT ( 'NONE',  ( 1.685000000000000053, 2.740000000000000213, 0.000000000000000000 ) ) ;
#7306 = VERTEX_POINT ( 'NONE', #940 ) ;
#7307 = CARTESIAN_POINT ( 'NONE',  ( 2.575000000000000178, -2.740000000000000213, 0.000000000000000000 ) ) ;
#7308 = SURFACE_STYLE_FILL_AREA ( #6335 ) ;
#7309 = VECTOR ( 'NONE', #11098, 1000.000000000000000 ) ;
#7310 = CYLINDRICAL_SURFACE ( 'NONE', #10299, 0.08000000000000020983 ) ;
#7311 = AXIS2_PLACEMENT_3D ( 'NONE', #1976, #5621, #1072 ) ;
#7312 = ORIENTED_EDGE ( 'NONE', *, *, #11762, .T. ) ;
#7313 = CARTESIAN_POINT ( 'NONE',  ( -1.685000000000000053, 2.507499999999999840, 0.2500000000000000000 ) ) ;
#7314 = SURFACE_STYLE_FILL_AREA ( #6468 ) ;
#7315 = CARTESIAN_POINT ( 'NONE',  ( -0.3775000000000000022, 3.220000000000000195, 0.000000000000000000 ) ) ;
#7316 = COLOUR_RGB ( '',0.2862745098039215508, 0.2862745098039215508, 0.2862745098039215508 ) ;
#7317 = CARTESIAN_POINT ( 'NONE',  ( -2.185000000000000497, 0.02000000000000060063, 0.2500000000000000000 ) ) ;
#7318 = CYLINDRICAL_SURFACE ( 'NONE', #7001, 0.1867673477050099673 ) ;
#7319 = ADVANCED_FACE ( 'NONE', ( #1769 ), #7279, .F. ) ;
#7320 = DIRECTION ( 'NONE',  ( 0.000000000000000000, -0.000000000000000000, 1.000000000000000000 ) ) ;
#7321 = EDGE_CURVE ( 'NONE', #6414, #1259, #5057, .T. ) ;
#7322 = CARTESIAN_POINT ( 'NONE',  ( -5.551115123125779744E-16, 2.470000000000000195, 0.2500000000000000000 ) ) ;
#7323 = ORIENTED_EDGE ( 'NONE', *, *, #7007, .F. ) ;
#7324 = CARTESIAN_POINT ( 'NONE',  ( 2.125000000000000000, 2.782500000000000195, 0.000000000000000000 ) ) ;
#7325 = MECHANICAL_DESIGN_GEOMETRIC_PRESENTATION_REPRESENTATION (  '', ( #10794 ), #8851 ) ;
#7326 = ADVANCED_FACE ( 'NONE', ( #2189 ), #10343, .F. ) ;
#7327 = ORIENTED_EDGE ( 'NONE', *, *, #7336, .F. ) ;
#7328 = MECHANICAL_DESIGN_GEOMETRIC_PRESENTATION_REPRESENTATION (  '', ( #642 ), #5030 ) ;
#7329 =( NAMED_UNIT ( * ) PLANE_ANGLE_UNIT ( ) SI_UNIT ( $, .RADIAN. ) );
#7330 = DIRECTION ( 'NONE',  ( 0.000000000000000000, 0.000000000000000000, 1.000000000000000000 ) ) ;
#7331 = CARTESIAN_POINT ( 'NONE',  ( -0.8549999999999999822, -2.319999999999999840, 0.000000000000000000 ) ) ;
#7332 = ADVANCED_FACE ( 'NONE', ( #9365 ), #7505, .T. ) ;
#7333 = CARTESIAN_POINT ( 'NONE',  ( -2.481424832439820261, -0.5799999999999989608, 0.2500000000000000000 ) ) ;
#7334 = ORIENTED_EDGE ( 'NONE', *, *, #5646, .T. ) ;
#7335 = SURFACE_SIDE_STYLE ('',( #4594 ) ) ;
#7336 = EDGE_CURVE ( 'NONE', #11284, #5546, #5950, .T. ) ;
#7337 = DIRECTION ( 'NONE',  ( 0.000000000000000000, 0.000000000000000000, 1.000000000000000000 ) ) ;
#7338 = LINE ( 'NONE', #8350, #2387 ) ;
#7339 = ORIENTED_EDGE ( 'NONE', *, *, #3991, .T. ) ;
#7340 = LINE ( 'NONE', #4535, #5372 ) ;
#7341 = ORIENTED_EDGE ( 'NONE', *, *, #4143, .T. ) ;
#7342 = EDGE_CURVE ( 'NONE', #4474, #7939, #9733, .T. ) ;
#7343 = SURFACE_STYLE_FILL_AREA ( #3712 ) ;
#7344 = AXIS2_PLACEMENT_3D ( 'NONE', #4215, #7838, #4326 ) ;
#7345 = SURFACE_STYLE_FILL_AREA ( #9929 ) ;
#7346 = ORIENTED_EDGE ( 'NONE', *, *, #9960, .F. ) ;
#7347 = DIRECTION ( 'NONE',  ( 0.000000000000000000, -0.000000000000000000, 1.000000000000000000 ) ) ;
#7348 = ORIENTED_EDGE ( 'NONE', *, *, #5178, .F. ) ;
#7349 = ADVANCED_FACE ( 'NONE', ( #9785 ), #6061, .T. ) ;
#7350 = VECTOR ( 'NONE', #3697, 1000.000000000000000 ) ;
#7351 = LINE ( 'NONE', #11055, #1017 ) ;
#7352 = ORIENTED_EDGE ( 'NONE', *, *, #2288, .T. ) ;
#7353 = CIRCLE ( 'NONE', #2971, 0.03750000000000020678 ) ;
#7354 = AXIS2_PLACEMENT_3D ( 'NONE', #10331, #8327, #1940 ) ;
#7355 = FILL_AREA_STYLE ('',( #2707 ) ) ;
#7356 = SURFACE_SIDE_STYLE ('',( #9096 ) ) ;
#7357 = AXIS2_PLACEMENT_3D ( 'NONE', #7245, #3666, #3605 ) ;
#7358 = PRESENTATION_LAYER_ASSIGNMENT (  '', '', ( #5833 ) ) ;
#7359 = DIRECTION ( 'NONE',  ( 0.000000000000000000, 0.000000000000000000, 1.000000000000000000 ) ) ;
#7360 = VERTEX_POINT ( 'NONE', #5893 ) ;
#7361 = UNCERTAINTY_MEASURE_WITH_UNIT (LENGTH_MEASURE( 1.000000000000000082E-05 ), #6400, 'distance_accuracy_value', 'NONE');
#7362 = CARTESIAN_POINT ( 'NONE',  ( -2.575000000000000178, 2.660000000000000142, 0.000000000000000000 ) ) ;
#7363 =( GEOMETRIC_REPRESENTATION_CONTEXT ( 3 ) GLOBAL_UNCERTAINTY_ASSIGNED_CONTEXT ( ( #7039 ) ) GLOBAL_UNIT_ASSIGNED_CONTEXT ( ( #6138, #2282, #5196 ) ) REPRESENTATION_CONTEXT ( 'NONE', 'WORKASPACE' ) );
#7364 = SURFACE_SIDE_STYLE ('',( #8210 ) ) ;
#7365 = ORIENTED_EDGE ( 'NONE', *, *, #6796, .T. ) ;
#7366 = FACE_OUTER_BOUND ( 'NONE', #11505, .T. ) ;
#7367 = LINE ( 'NONE', #2718, #8160 ) ;
#7368 = COLOUR_RGB ( '',0.2862745098039215508, 0.2862745098039215508, 0.2862745098039215508 ) ;
#7369 = CARTESIAN_POINT ( 'NONE',  ( -2.185000000000000053, 2.419999999999999929, 0.2500000000000000000 ) ) ;
#7370 = CARTESIAN_POINT ( 'NONE',  ( 1.685000000000000275, 2.507499999999999840, 0.2500000000000000000 ) ) ;
#7371 = UNCERTAINTY_MEASURE_WITH_UNIT (LENGTH_MEASURE( 1.000000000000000082E-05 ), #11100, 'distance_accuracy_value', 'NONE');
#7372 = DIRECTION ( 'NONE',  ( 0.000000000000000000, 0.000000000000000000, 1.000000000000000000 ) ) ;
#7373 =( GEOMETRIC_REPRESENTATION_CONTEXT ( 3 ) GLOBAL_UNCERTAINTY_ASSIGNED_CONTEXT ( ( #8009 ) ) GLOBAL_UNIT_ASSIGNED_CONTEXT ( ( #925, #865, #1879 ) ) REPRESENTATION_CONTEXT ( 'NONE', 'WORKASPACE' ) );
#7374 = DIRECTION ( 'NONE',  ( -1.000000000000000000, 0.000000000000000000, -0.000000000000000000 ) ) ;
#7375 = EDGE_LOOP ( 'NONE', ( #6334, #4449, #10501, #11537, #7236, #9855, #4095, #6700, #11390, #7327 ) ) ;
#7376 = CARTESIAN_POINT ( 'NONE',  ( 2.125000000000000000, -2.319999999999999840, 0.000000000000000000 ) ) ;
#7377 = PRESENTATION_LAYER_ASSIGNMENT (  '', '', ( #9881 ) ) ;
#7378 = VERTEX_POINT ( 'NONE', #8646 ) ;
#7379 = CARTESIAN_POINT ( 'NONE',  ( -2.291224643694580010, 2.652943593871507577, 1.039907042525826331 ) ) ;
#7380 = VECTOR ( 'NONE', #10017, 1000.000000000000000 ) ;
#7381 = DIRECTION ( 'NONE',  ( 1.000000000000000000, -0.000000000000000000, 0.000000000000000000 ) ) ;
#7382 = EDGE_CURVE ( 'NONE', #3847, #10904, #6010, .T. ) ;
#7383 = PRESENTATION_STYLE_ASSIGNMENT (( #4862 ) ) ;
#7384 = COLOUR_RGB ( '',0.8313725490196077761, 0.8313725490196077761, 0.8313725490196077761 ) ;
#7385 = DIRECTION ( 'NONE',  ( 0.000000000000000000, 0.000000000000000000, -1.000000000000000000 ) ) ;
#7386 =( GEOMETRIC_REPRESENTATION_CONTEXT ( 3 ) GLOBAL_UNCERTAINTY_ASSIGNED_CONTEXT ( ( #671 ) ) GLOBAL_UNIT_ASSIGNED_CONTEXT ( ( #1159, #8274, #9115 ) ) REPRESENTATION_CONTEXT ( 'NONE', 'WORKASPACE' ) );
#7387 = CARTESIAN_POINT ( 'NONE',  ( -2.415190515153784467, 2.559980999734316587, 1.061160487096284299 ) ) ;
#7388 = EDGE_CURVE ( 'NONE', #5682, #10092, #9668, .T. ) ;
#7389 = EDGE_CURVE ( 'NONE', #10296, #6103, #8758, .T. ) ;
#7390 = SURFACE_SIDE_STYLE ('',( #9310 ) ) ;
#7391 = VERTEX_POINT ( 'NONE', #10534 ) ;
#7392 = DIRECTION ( 'NONE',  ( 0.000000000000000000, 0.000000000000000000, 1.000000000000000000 ) ) ;
#7393 = UNCERTAINTY_MEASURE_WITH_UNIT (LENGTH_MEASURE( 1.000000000000000082E-05 ), #10166, 'distance_accuracy_value', 'NONE');
#7394 = PRESENTATION_STYLE_ASSIGNMENT (( #3770 ) ) ;
#7395 = CARTESIAN_POINT ( 'NONE',  ( -2.354463867161250334, 5.551115123125779744E-16, 1.100000000000000089 ) ) ;
#7396 = EDGE_LOOP ( 'NONE', ( #2693, #9805, #4507, #644 ) ) ;
#7397 = FACE_OUTER_BOUND ( 'NONE', #6497, .T. ) ;
#7398 = VERTEX_POINT ( 'NONE', #4244 ) ;
#7399 = CARTESIAN_POINT ( 'NONE',  ( 2.185000000000000497, 0.02000000000000052777, 0.000000000000000000 ) ) ;
#7400 =( GEOMETRIC_REPRESENTATION_CONTEXT ( 3 ) GLOBAL_UNCERTAINTY_ASSIGNED_CONTEXT ( ( #8720 ) ) GLOBAL_UNIT_ASSIGNED_CONTEXT ( ( #370, #11360, #10434 ) ) REPRESENTATION_CONTEXT ( 'NONE', 'WORKASPACE' ) );
#7401 = FILL_AREA_STYLE_COLOUR ( '', #8212 ) ;
#7402 = EDGE_CURVE ( 'NONE', #11138, #157, #5638, .T. ) ;
#7403 = DIRECTION ( 'NONE',  ( 1.000000000000000000, -0.000000000000000000, 0.000000000000000000 ) ) ;
#7404 = EDGE_CURVE ( 'NONE', #1770, #7754, #1470, .T. ) ;
#7405 = ORIENTED_EDGE ( 'NONE', *, *, #1811, .F. ) ;
#7406 = CARTESIAN_POINT ( 'NONE',  ( 1.287500000000000089, 2.739999999999997549, 0.2499999999999996392 ) ) ;
#7407 = UNCERTAINTY_MEASURE_WITH_UNIT (LENGTH_MEASURE( 1.000000000000000082E-05 ), #3002, 'distance_accuracy_value', 'NONE');
#7408 = CYLINDRICAL_SURFACE ( 'NONE', #4443, 0.03749999999999988065 ) ;
#7409 = ORIENTED_EDGE ( 'NONE', *, *, #7404, .T. ) ;
#7410 = VECTOR ( 'NONE', #6195, 1000.000000000000000 ) ;
#7411 = CARTESIAN_POINT ( 'NONE',  ( 0.4149999999999999800, 2.319999999999999840, 0.000000000000000000 ) ) ;
#7412 = LINE ( 'NONE', #8364, #1407 ) ;
#7413 = ORIENTED_EDGE ( 'NONE', *, *, #5440, .T. ) ;
#7414 = FACE_OUTER_BOUND ( 'NONE', #11858, .T. ) ;
#7415 = CARTESIAN_POINT ( 'NONE',  ( -0.4149999999999999800, 2.507499999999999840, 0.2500000000000000000 ) ) ;
#7416 = AXIS2_PLACEMENT_3D ( 'NONE', #3529, #11499, #1224 ) ;
#7417 = EDGE_CURVE ( 'NONE', #10296, #9621, #7868, .T. ) ;
#7418 = DIRECTION ( 'NONE',  ( -1.000000000000000000, -2.155772863349820033E-16, -0.000000000000000000 ) ) ;
#7419 = VECTOR ( 'NONE', #8185, 1000.000000000000000 ) ;
#7420 = MECHANICAL_DESIGN_GEOMETRIC_PRESENTATION_REPRESENTATION (  '', ( #9541 ), #6843 ) ;
#7421 =( NAMED_UNIT ( * ) SI_UNIT ( $, .STERADIAN. ) SOLID_ANGLE_UNIT ( ) );
#7422 = EDGE_LOOP ( 'NONE', ( #8175, #2576, #6748, #11316 ) ) ;
#7423 = DIRECTION ( 'NONE',  ( 0.7071067811865467956, -0.7071067811865483499, 0.000000000000000000 ) ) ;
#7424 = ORIENTED_EDGE ( 'NONE', *, *, #2224, .F. ) ;
#7425 = PRODUCT ( 'body', 'body', '', ( #11444 ) ) ;
#7426 = VECTOR ( 'NONE', #9116, 1000.000000000000000 ) ;
#7427 =( NAMED_UNIT ( * ) SI_UNIT ( $, .STERADIAN. ) SOLID_ANGLE_UNIT ( ) );
#7428 = VERTEX_POINT ( 'NONE', #2499 ) ;
#7429 = LINE ( 'NONE', #254, #7887 ) ;
#7430 =( NAMED_UNIT ( * ) SI_UNIT ( $, .STERADIAN. ) SOLID_ANGLE_UNIT ( ) );
#7431 =( NAMED_UNIT ( * ) SI_UNIT ( $, .STERADIAN. ) SOLID_ANGLE_UNIT ( ) );
#7432 = DIRECTION ( 'NONE',  ( 0.000000000000000000, 0.000000000000000000, 1.000000000000000000 ) ) ;
#7433 = STYLED_ITEM ( 'NONE', ( #3373 ), #4838 ) ;
#7434 = VECTOR ( 'NONE', #526, 1000.000000000000000 ) ;
#7435 = CARTESIAN_POINT ( 'NONE',  ( 1.625000000000000444, 2.469999999999999751, 0.2500000000000000000 ) ) ;
#7436 = DIRECTION ( 'NONE',  ( 0.000000000000000000, 0.000000000000000000, 1.000000000000000000 ) ) ;
#7437 = CARTESIAN_POINT ( 'NONE',  ( -0.6437500000000000444, -2.598187122972952512, 1.034235483637910402 ) ) ;
#7438 =( NAMED_UNIT ( * ) PLANE_ANGLE_UNIT ( ) SI_UNIT ( $, .RADIAN. ) );
#7439 = DIRECTION ( 'NONE',  ( 0.000000000000000000, 0.000000000000000000, 1.000000000000000000 ) ) ;
#7440 =( LENGTH_UNIT ( ) NAMED_UNIT ( * ) SI_UNIT ( .MILLI., .METRE. ) );
#7441 = ORIENTED_EDGE ( 'NONE', *, *, #9816, .F. ) ;
#7442 = ORIENTED_EDGE ( 'NONE', *, *, #11342, .T. ) ;
#7443 = MECHANICAL_DESIGN_GEOMETRIC_PRESENTATION_REPRESENTATION (  '', ( #3259 ), #11132 ) ;
#7444 = LINE ( 'NONE', #4919, #4100 ) ;
#7445 = CARTESIAN_POINT ( 'NONE',  ( 1.685000000000000053, 5.551115123125779744E-16, 0.000000000000000000 ) ) ;
#7446 = DIRECTION ( 'NONE',  ( 0.000000000000000000, -1.000000000000000000, 0.000000000000000000 ) ) ;
#7447 = ADVANCED_FACE ( 'NONE', ( #7018 ), #10698, .F. ) ;
#7448 = AXIS2_PLACEMENT_3D ( 'NONE', #9794, #8708, #2560 ) ;
#7449 =( NAMED_UNIT ( * ) SI_UNIT ( $, .STERADIAN. ) SOLID_ANGLE_UNIT ( ) );
#7450 = CARTESIAN_POINT ( 'NONE',  ( -2.394980999734316995, 2.559980999734317031, 1.075827626996971986 ) ) ;
#7451 =( NAMED_UNIT ( * ) PLANE_ANGLE_UNIT ( ) SI_UNIT ( $, .RADIAN. ) );
#7452 = ORIENTED_EDGE ( 'NONE', *, *, #8729, .F. ) ;
#7453 = DIRECTION ( 'NONE',  ( -1.000000000000000000, -2.467162276944820150E-14, 0.000000000000000000 ) ) ;
#7454 = LINE ( 'NONE', #947, #1219 ) ;
#7455 = ORIENTED_EDGE ( 'NONE', *, *, #3102, .F. ) ;
#7456 = CARTESIAN_POINT ( 'NONE',  ( -0.4149999999999999800, 2.782500000000000195, 0.000000000000000000 ) ) ;
#7457 = EDGE_LOOP ( 'NONE', ( #7675, #1325, #5025, #3106 ) ) ;
#7458 = FACE_OUTER_BOUND ( 'NONE', #11678, .T. ) ;
#7459 = EDGE_CURVE ( 'NONE', #964, #10619, #2785, .T. ) ;
#7460 = COLOUR_RGB ( '',0.2862745098039215508, 0.2862745098039215508, 0.2862745098039215508 ) ;
#7461 = CIRCLE ( 'NONE', #11731, 0.03750000000000031780 ) ;
#7462 = ORIENTED_EDGE ( 'NONE', *, *, #222, .T. ) ;
#7463 = CARTESIAN_POINT ( 'NONE',  ( -2.162500000000000089, 2.507499999999999840, 0.000000000000000000 ) ) ;
#7464 = SURFACE_SIDE_STYLE ('',( #8359 ) ) ;
#7465 = LINE ( 'NONE', #4816, #11220 ) ;
#7466 = FILL_AREA_STYLE ('',( #9146 ) ) ;
#7467 = VERTEX_POINT ( 'NONE', #9905 ) ;
#7468 = CARTESIAN_POINT ( 'NONE',  ( 2.495422264807303225, -2.739999999999997993, 0.2499999999999997224 ) ) ;
#7469 =( GEOMETRIC_REPRESENTATION_CONTEXT ( 3 ) GLOBAL_UNCERTAINTY_ASSIGNED_CONTEXT ( ( #4406 ) ) GLOBAL_UNIT_ASSIGNED_CONTEXT ( ( #5257, #3480, #4047 ) ) REPRESENTATION_CONTEXT ( 'NONE', 'WORKASPACE' ) );
#7470 = CARTESIAN_POINT ( 'NONE',  ( 0.3549999999999999822, 5.551115123125779744E-16, 0.000000000000000000 ) ) ;
#7471 = EDGE_LOOP ( 'NONE', ( #9203, #10364, #4084, #3031 ) ) ;
#7472 =( NAMED_UNIT ( * ) SI_UNIT ( $, .STERADIAN. ) SOLID_ANGLE_UNIT ( ) );
#7473 = EDGE_CURVE ( 'NONE', #10636, #9014, #6167, .T. ) ;
#7474 = EDGE_CURVE ( 'NONE', #6621, #11628, #10020, .T. ) ;
#7475 = CARTESIAN_POINT ( 'NONE',  ( -2.125000000000000000, -2.770000000000000018, 0.2500000000000000000 ) ) ;
#7476 = DIRECTION ( 'NONE',  ( -0.000000000000000000, -0.000000000000000000, -1.000000000000000000 ) ) ;
#7477 = DIRECTION ( 'NONE',  ( 1.000000000000000000, 0.000000000000000000, 0.000000000000000000 ) ) ;
#7478 = EDGE_CURVE ( 'NONE', #7641, #4357, #1698, .T. ) ;
#7479 = CARTESIAN_POINT ( 'NONE',  ( 0.9150000000000000355, 2.469999999999997087, 0.000000000000000000 ) ) ;
#7480 = ORIENTED_EDGE ( 'NONE', *, *, #222, .F. ) ;
#7481 = MECHANICAL_DESIGN_GEOMETRIC_PRESENTATION_REPRESENTATION (  '', ( #4263 ), #11517 ) ;
#7482 = ORIENTED_EDGE ( 'NONE', *, *, #2797, .T. ) ;
#7483 = LINE ( 'NONE', #3735, #5596 ) ;
#7484 = ORIENTED_EDGE ( 'NONE', *, *, #2947, .T. ) ;
#7485 = CARTESIAN_POINT ( 'NONE',  ( -0.6350000000000000089, -3.220000000000000195, 0.000000000000000000 ) ) ;
#7486 = EDGE_CURVE ( 'NONE', #8889, #3774, #799, .T. ) ;
#7487 = ORIENTED_EDGE ( 'NONE', *, *, #4637, .T. ) ;
#7488 = DIRECTION ( 'NONE',  ( 1.000000000000000000, 0.000000000000000000, -0.000000000000000000 ) ) ;
#7489 = STYLED_ITEM ( 'NONE', ( #8604 ), #3476 ) ;
#7490 =( NAMED_UNIT ( * ) SI_UNIT ( $, .STERADIAN. ) SOLID_ANGLE_UNIT ( ) );
#7491 = LINE ( 'NONE', #10143, #4697 ) ;
#7492 = UNCERTAINTY_MEASURE_WITH_UNIT (LENGTH_MEASURE( 1.000000000000000082E-05 ), #9046, 'distance_accuracy_value', 'NONE');
#7493 = VECTOR ( 'NONE', #3803, 1000.000000000000000 ) ;
#7494 = CARTESIAN_POINT ( 'NONE',  ( 2.354463867161250334, -0.6849999999999990541, 1.020000000000000018 ) ) ;
#7495 = COLOUR_RGB ( '',0.2862745098039215508, 0.2862745098039215508, 0.2862745098039215508 ) ;
#7496 = CARTESIAN_POINT ( 'NONE',  ( 0.3550000000000000377, 2.419999999999999929, 0.2500000000000000000 ) ) ;
#7497 = EDGE_LOOP ( 'NONE', ( #4993, #7339, #7506, #2631 ) ) ;
#7498 = ORIENTED_EDGE ( 'NONE', *, *, #4418, .T. ) ;
#7499 = DIRECTION ( 'NONE',  ( -0.000000000000000000, -1.000000000000000000, -0.000000000000000000 ) ) ;
#7500 = PRESENTATION_STYLE_ASSIGNMENT (( #9415 ) ) ;
#7501 = AXIS2_PLACEMENT_3D ( 'NONE', #1508, #8916, #6096 ) ;
#7502 = PRESENTATION_LAYER_ASSIGNMENT (  '', '', ( #11561 ) ) ;
#7503 = CARTESIAN_POINT ( 'NONE',  ( 2.574999999999998401, -1.370000000000000107, 0.2499999999999998335 ) ) ;
#7504 = CARTESIAN_POINT ( 'NONE',  ( 0.8549999999999998712, -2.740000000000000657, 0.000000000000000000 ) ) ;
#7505 = PLANE ( 'NONE',  #7946 ) ;
#7506 = ORIENTED_EDGE ( 'NONE', *, *, #6452, .T. ) ;
#7507 = CARTESIAN_POINT ( 'NONE',  ( 1.625000000000000222, 2.419999999999999929, 0.000000000000000000 ) ) ;
#7508 = VECTOR ( 'NONE', #7237, 1000.000000000000000 ) ;
#7509 = STYLED_ITEM ( 'NONE', ( #9610 ), #10297 ) ;
#7510 =( NAMED_UNIT ( * ) PLANE_ANGLE_UNIT ( ) SI_UNIT ( $, .RADIAN. ) );
#7511 = ORIENTED_EDGE ( 'NONE', *, *, #7389, .F. ) ;
#7512 = DIRECTION ( 'NONE',  ( -0.000000000000000000, -0.000000000000000000, -1.000000000000000000 ) ) ;
#7513 = PRESENTATION_LAYER_ASSIGNMENT (  '', '', ( #3513 ) ) ;
#7514 =( GEOMETRIC_REPRESENTATION_CONTEXT ( 3 ) GLOBAL_UNCERTAINTY_ASSIGNED_CONTEXT ( ( #9652 ) ) GLOBAL_UNIT_ASSIGNED_CONTEXT ( ( #8908, #6994, #1791 ) ) REPRESENTATION_CONTEXT ( 'NONE', 'WORKASPACE' ) );
#7515 = ORIENTED_EDGE ( 'NONE', *, *, #249, .T. ) ;
#7516 = CARTESIAN_POINT ( 'NONE',  ( -1.905000000000000027, -2.092049114840340174, 0.000000000000000000 ) ) ;
#7517 = SURFACE_STYLE_USAGE ( .BOTH. , #3894 ) ;
#7518 = VECTOR ( 'NONE', #2915, 1000.000000000000000 ) ;
#7519 = ORIENTED_EDGE ( 'NONE', *, *, #5416, .T. ) ;
#7520 = PRESENTATION_LAYER_ASSIGNMENT (  '', '', ( #4472 ) ) ;
#7521 = DIRECTION ( 'NONE',  ( -0.000000000000000000, -1.000000000000000000, -0.000000000000000000 ) ) ;
#7522 = ORIENTED_EDGE ( 'NONE', *, *, #10280, .F. ) ;
#7523 = ADVANCED_FACE ( 'NONE', ( #8105 ), #11818, .F. ) ;
#7524 = CARTESIAN_POINT ( 'NONE',  ( -0.8924999999999999600, -2.657500000000000195, 0.2500000000000000000 ) ) ;
#7525 = ORIENTED_EDGE ( 'NONE', *, *, #3540, .T. ) ;
#7526 = DIRECTION ( 'NONE',  ( 3.038931636747690137E-16, -1.000000000000000000, -0.000000000000000000 ) ) ;
#7527 =( GEOMETRIC_REPRESENTATION_CONTEXT ( 3 ) GLOBAL_UNCERTAINTY_ASSIGNED_CONTEXT ( ( #5097 ) ) GLOBAL_UNIT_ASSIGNED_CONTEXT ( ( #9063, #877, #6423 ) ) REPRESENTATION_CONTEXT ( 'NONE', 'WORKASPACE' ) );
#7528 = VECTOR ( 'NONE', #2592, 1000.000000000000000 ) ;
#7529 = PLANE ( 'NONE',  #7246 ) ;
#7530 = PLANE ( 'NONE',  #2765 ) ;
#7531 = ORIENTED_EDGE ( 'NONE', *, *, #5060, .T. ) ;
#7532 = EDGE_CURVE ( 'NONE', #3860, #3976, #6531, .T. ) ;
#7533 = DIRECTION ( 'NONE',  ( -1.000000000000000000, 2.837236618486540049E-13, 0.000000000000000000 ) ) ;
#7534 = VERTEX_POINT ( 'NONE', #2841 ) ;
#7535 =( GEOMETRIC_REPRESENTATION_CONTEXT ( 3 ) GLOBAL_UNCERTAINTY_ASSIGNED_CONTEXT ( ( #329 ) ) GLOBAL_UNIT_ASSIGNED_CONTEXT ( ( #5261, #11726, #8140 ) ) REPRESENTATION_CONTEXT ( 'NONE', 'WORKASPACE' ) );
#7536 = EDGE_CURVE ( 'NONE', #9588, #8313, #7617, .T. ) ;
#7537 = DIRECTION ( 'NONE',  ( 0.000000000000000000, 0.000000000000000000, 1.000000000000000000 ) ) ;
#7538 = ORIENTED_EDGE ( 'NONE', *, *, #5503, .F. ) ;
#7539 = CARTESIAN_POINT ( 'NONE',  ( 2.705000000000000071, -0.5799999999999989608, 0.2500000000000000000 ) ) ;
#7540 = COLOUR_RGB ( '',0.8313725490196077761, 0.8313725490196077761, 0.8313725490196077761 ) ;
#7541 = SURFACE_STYLE_FILL_AREA ( #3922 ) ;
#7542 = ORIENTED_EDGE ( 'NONE', *, *, #5636, .F. ) ;
#7543 = DIRECTION ( 'NONE',  ( -0.000000000000000000, -0.000000000000000000, -1.000000000000000000 ) ) ;
#7544 = LINE ( 'NONE', #7668, #4938 ) ;
#7545 = MECHANICAL_DESIGN_GEOMETRIC_PRESENTATION_REPRESENTATION (  '', ( #5453 ), #487 ) ;
#7546 = AXIS2_PLACEMENT_3D ( 'NONE', #7000, #4279, #7124 ) ;
#7547 =( LENGTH_UNIT ( ) NAMED_UNIT ( * ) SI_UNIT ( .MILLI., .METRE. ) );
#7548 = CARTESIAN_POINT ( 'NONE',  ( 2.705000000000000071, -0.1799999999999990219, 0.000000000000000000 ) ) ;
#7549 = EDGE_CURVE ( 'NONE', #9723, #7102, #7743, .T. ) ;
#7550 = EDGE_CURVE ( 'NONE', #4634, #7043, #5254, .T. ) ;
#7551 = FACE_OUTER_BOUND ( 'NONE', #10301, .T. ) ;
#7552 = SURFACE_STYLE_FILL_AREA ( #10330 ) ;
#7553 = ADVANCED_FACE ( 'NONE', ( #2902 ), #8448, .T. ) ;
#7554 =( NAMED_UNIT ( * ) SI_UNIT ( $, .STERADIAN. ) SOLID_ANGLE_UNIT ( ) );
#7555 = DIRECTION ( 'NONE',  ( 0.000000000000000000, -0.9840406976462908739, 0.1779435454738420019 ) ) ;
#7556 = CARTESIAN_POINT ( 'NONE',  ( 1.685000000000000053, 2.782500000000000195, 0.000000000000000000 ) ) ;
#7557 = DIRECTION ( 'NONE',  ( -1.000000000000000000, -1.850371707708620003E-14, 0.000000000000000000 ) ) ;
#7558 = ORIENTED_EDGE ( 'NONE', *, *, #8669, .F. ) ;
#7559 =( LENGTH_UNIT ( ) NAMED_UNIT ( * ) SI_UNIT ( .MILLI., .METRE. ) );
#7560 = AXIS2_PLACEMENT_3D ( 'NONE', #4912, #3142, #8574 ) ;
#7561 = ORIENTED_EDGE ( 'NONE', *, *, #2579, .F. ) ;
#7562 = CARTESIAN_POINT ( 'NONE',  ( -2.351067539245732529, 2.554456236527851587, 1.096075939357708195 ) ) ;
#7563 = DIRECTION ( 'NONE',  ( -0.000000000000000000, 0.000000000000000000, 1.000000000000000000 ) ) ;
#7564 = COLOUR_RGB ( '',0.2862745098039215508, 0.2862745098039215508, 0.2862745098039215508 ) ;
#7565 = LINE ( 'NONE', #3942, #371 ) ;
#7566 = EDGE_CURVE ( 'NONE', #11902, #206, #9293, .T. ) ;
#7567 = FILL_AREA_STYLE_COLOUR ( '', #11501 ) ;
#7568 = FILL_AREA_STYLE_COLOUR ( '', #7951 ) ;
#7569 = VECTOR ( 'NONE', #8738, 1000.000000000000000 ) ;
#7570 = CARTESIAN_POINT ( 'NONE',  ( -2.394980999734316995, 2.559980999734316587, 1.075827626996972208 ) ) ;
#7571 = AXIS2_PLACEMENT_3D ( 'NONE', #8903, #10730, #1552 ) ;
#7572 = ORIENTED_EDGE ( 'NONE', *, *, #8805, .F. ) ;
#7573 =( GEOMETRIC_REPRESENTATION_CONTEXT ( 3 ) GLOBAL_UNCERTAINTY_ASSIGNED_CONTEXT ( ( #3359 ) ) GLOBAL_UNIT_ASSIGNED_CONTEXT ( ( #4365, #3519, #9064 ) ) REPRESENTATION_CONTEXT ( 'NONE', 'WORKASPACE' ) );
#7574 =( GEOMETRIC_REPRESENTATION_CONTEXT ( 3 ) GLOBAL_UNCERTAINTY_ASSIGNED_CONTEXT ( ( #3201 ) ) GLOBAL_UNIT_ASSIGNED_CONTEXT ( ( #327, #1392, #503 ) ) REPRESENTATION_CONTEXT ( 'NONE', 'WORKASPACE' ) );
#7575 = FILL_AREA_STYLE ('',( #11160 ) ) ;
#7576 = DIRECTION ( 'NONE',  ( 0.000000000000000000, 0.000000000000000000, -1.000000000000000000 ) ) ;
#7577 = VERTEX_POINT ( 'NONE', #1043 ) ;
#7578 = ORIENTED_EDGE ( 'NONE', *, *, #8848, .F. ) ;
#7579 = AXIS2_PLACEMENT_3D ( 'NONE', #7142, #8164, #3628 ) ;
#7580 =( NAMED_UNIT ( * ) SI_UNIT ( $, .STERADIAN. ) SOLID_ANGLE_UNIT ( ) );
#7581 = DIRECTION ( 'NONE',  ( -0.000000000000000000, -0.000000000000000000, 1.000000000000000000 ) ) ;
#7582 = PRESENTATION_LAYER_ASSIGNMENT (  '', '', ( #6422 ) ) ;
#7583 = ORIENTED_EDGE ( 'NONE', *, *, #4822, .T. ) ;
#7584 = LINE ( 'NONE', #6736, #8520 ) ;
#7585 = DIRECTION ( 'NONE',  ( 1.000000000000000000, -0.000000000000000000, 0.000000000000000000 ) ) ;
#7586 = CARTESIAN_POINT ( 'NONE',  ( -2.381424832439820172, -0.6799999999999990496, 0.000000000000000000 ) ) ;
#7587 = DIRECTION ( 'NONE',  ( 0.000000000000000000, 0.000000000000000000, -1.000000000000000000 ) ) ;
#7588 = VERTEX_POINT ( 'NONE', #2058 ) ;
#7589 = SURFACE_STYLE_USAGE ( .BOTH. , #10245 ) ;
#7590 = CARTESIAN_POINT ( 'NONE',  ( -2.125000000000000000, 2.782500000000000195, 0.000000000000000000 ) ) ;
#7591 = ORIENTED_EDGE ( 'NONE', *, *, #2933, .T. ) ;
#7592 = DIRECTION ( 'NONE',  ( -1.000000000000000000, 0.000000000000000000, 0.000000000000000000 ) ) ;
#7593 = COLOUR_RGB ( '',0.8313725490196077761, 0.8313725490196077761, 0.8313725490196077761 ) ;
#7594 = LINE ( 'NONE', #6744, #2467 ) ;
#7595 = CARTESIAN_POINT ( 'NONE',  ( 1.905000000000000027, 3.220000000000000195, 0.2500000000000000000 ) ) ;
#7596 =( NAMED_UNIT ( * ) PLANE_ANGLE_UNIT ( ) SI_UNIT ( $, .RADIAN. ) );
#7597 = COLOUR_RGB ( '',0.8313725490196077761, 0.8313725490196077761, 0.8313725490196077761 ) ;
#7598 = SURFACE_SIDE_STYLE ('',( #3068 ) ) ;
#7599 = DIRECTION ( 'NONE',  ( -1.000000000000000000, -0.000000000000000000, 0.000000000000000000 ) ) ;
#7600 = ORIENTED_EDGE ( 'NONE', *, *, #693, .T. ) ;
#7601 = VERTEX_POINT ( 'NONE', #8513 ) ;
#7602 = DIRECTION ( 'NONE',  ( 0.000000000000000000, -1.000000000000000000, -0.000000000000000000 ) ) ;
#7603 = PRESENTATION_STYLE_ASSIGNMENT (( #316 ) ) ;
#7604 = LINE ( 'NONE', #11249, #1487 ) ;
#7605 = ORIENTED_EDGE ( 'NONE', *, *, #3, .F. ) ;
#7606 = MECHANICAL_DESIGN_GEOMETRIC_PRESENTATION_REPRESENTATION (  '', ( #919 ), #7028 ) ;
#7607 = PRESENTATION_LAYER_ASSIGNMENT (  '', '', ( #2651 ) ) ;
#7608 = FILL_AREA_STYLE_COLOUR ( '', #7033 ) ;
#7609 = DIRECTION ( 'NONE',  ( 1.000000000000000000, -0.000000000000000000, 0.000000000000000000 ) ) ;
#7610 = EDGE_CURVE ( 'NONE', #1733, #9470, #8391, .T. ) ;
#7611 = DIRECTION ( 'NONE',  ( -0.000000000000000000, -0.000000000000000000, 1.000000000000000000 ) ) ;
#7612 = AXIS2_PLACEMENT_3D ( 'NONE', #5633, #1086, #11194 ) ;
#7613 = LINE ( 'NONE', #2306, #3974 ) ;
#7614 = STYLED_ITEM ( 'NONE', ( #1779 ), #5796 ) ;
#7615 = UNCERTAINTY_MEASURE_WITH_UNIT (LENGTH_MEASURE( 1.000000000000000082E-05 ), #960, 'distance_accuracy_value', 'NONE');
#7616 = FACE_OUTER_BOUND ( 'NONE', #4759, .T. ) ;
#7617 = LINE ( 'NONE', #10275, #670 ) ;
#7618 = SURFACE_STYLE_USAGE ( .BOTH. , #11325 ) ;
#7619 =( NAMED_UNIT ( * ) SI_UNIT ( $, .STERADIAN. ) SOLID_ANGLE_UNIT ( ) );
#7620 = AXIS2_PLACEMENT_3D ( 'NONE', #4688, #7446, #11274 ) ;
#7621 = ORIENTED_EDGE ( 'NONE', *, *, #7050, .T. ) ;
#7622 =( NAMED_UNIT ( * ) PLANE_ANGLE_UNIT ( ) SI_UNIT ( $, .RADIAN. ) );
#7623 = EDGE_CURVE ( 'NONE', #6086, #1535, #6710, .T. ) ;
#7624 = VECTOR ( 'NONE', #10379, 1000.000000000000000 ) ;
#7625 = EDGE_CURVE ( 'NONE', #4804, #8292, #264, .T. ) ;
#7626 =( NAMED_UNIT ( * ) SI_UNIT ( $, .STERADIAN. ) SOLID_ANGLE_UNIT ( ) );
#7627 = VERTEX_POINT ( 'NONE', #9173 ) ;
#7628 = SURFACE_SIDE_STYLE ('',( #4687 ) ) ;
#7629 = STYLED_ITEM ( 'NONE', ( #4841 ), #4701 ) ;
#7630 = CARTESIAN_POINT ( 'NONE',  ( -2.328631962061076699, -2.544516792360708379, 1.091449727906031342 ) ) ;
#7631 = CARTESIAN_POINT ( 'NONE',  ( 0.8549999999999998712, 2.782500000000000195, 0.000000000000000000 ) ) ;
#7632 = COLOUR_RGB ( '',0.8313725490196077761, 0.8313725490196077761, 0.8313725490196077761 ) ;
#7633 = FACE_OUTER_BOUND ( 'NONE', #9001, .T. ) ;
#7634 =( LENGTH_UNIT ( ) NAMED_UNIT ( * ) SI_UNIT ( .MILLI., .METRE. ) );
#7635 = VERTEX_POINT ( 'NONE', #3027 ) ;
#7636 =( GEOMETRIC_REPRESENTATION_CONTEXT ( 3 ) GLOBAL_UNCERTAINTY_ASSIGNED_CONTEXT ( ( #797 ) ) GLOBAL_UNIT_ASSIGNED_CONTEXT ( ( #5891, #3391, #10399 ) ) REPRESENTATION_CONTEXT ( 'NONE', 'WORKASPACE' ) );
#7637 = PLANE ( 'NONE',  #7167 ) ;
#7638 = ORIENTED_EDGE ( 'NONE', *, *, #10881, .F. ) ;
#7639 =( NAMED_UNIT ( * ) PLANE_ANGLE_UNIT ( ) SI_UNIT ( $, .RADIAN. ) );
#7640 = EDGE_CURVE ( 'NONE', #10060, #5200, #3750, .T. ) ;
#7641 = VERTEX_POINT ( 'NONE', #504 ) ;
#7642 = COLOUR_RGB ( '',0.2862745098039215508, 0.2862745098039215508, 0.2862745098039215508 ) ;
#7643 = LINE ( 'NONE', #355, #1313 ) ;
#7644 = PLANE ( 'NONE',  #7147 ) ;
#7645 = ORIENTED_EDGE ( 'NONE', *, *, #4821, .F. ) ;
#7646 = DIRECTION ( 'NONE',  ( 0.000000000000000000, 0.000000000000000000, -1.000000000000000000 ) ) ;
#7647 =( NAMED_UNIT ( * ) SI_UNIT ( $, .STERADIAN. ) SOLID_ANGLE_UNIT ( ) );
#7648 = ORIENTED_EDGE ( 'NONE', *, *, #6231, .F. ) ;
#7649 = LINE ( 'NONE', #292, #11392 ) ;
#7650 = UNCERTAINTY_MEASURE_WITH_UNIT (LENGTH_MEASURE( 1.000000000000000082E-05 ), #7258, 'distance_accuracy_value', 'NONE');
#7651 = SURFACE_SIDE_STYLE ('',( #3061 ) ) ;
#7652 = ORIENTED_EDGE ( 'NONE', *, *, #10429, .T. ) ;
#7653 =( LENGTH_UNIT ( ) NAMED_UNIT ( * ) SI_UNIT ( .MILLI., .METRE. ) );
#7654 = ADVANCED_FACE ( 'NONE', ( #8745 ), #10522, .T. ) ;
#7655 = FACE_OUTER_BOUND ( 'NONE', #11917, .T. ) ;
#7656 = ORIENTED_EDGE ( 'NONE', *, *, #7486, .F. ) ;
#7657 = AXIS2_PLACEMENT_3D ( 'NONE', #385, #11724, #11372 ) ;
#7658 = CYLINDRICAL_SURFACE ( 'NONE', #4170, 0.03750000000000031780 ) ;
#7659 = EDGE_LOOP ( 'NONE', ( #7162, #2678, #5887, #6054 ) ) ;
#7660 =( LENGTH_UNIT ( ) NAMED_UNIT ( * ) SI_UNIT ( .MILLI., .METRE. ) );
#7661 = VERTEX_POINT ( 'NONE', #6891 ) ;
#7662 = SURFACE_SIDE_STYLE ('',( #3301 ) ) ;
#7663 = EDGE_CURVE ( 'NONE', #7683, #1783, #5037, .T. ) ;
#7664 = FACE_OUTER_BOUND ( 'NONE', #9411, .T. ) ;
#7665 = CARTESIAN_POINT ( 'NONE',  ( -2.125000000000000000, -2.770000000000000018, 0.000000000000000000 ) ) ;
#7666 = VERTEX_POINT ( 'NONE', #6762 ) ;
#7667 = CARTESIAN_POINT ( 'NONE',  ( -0.3774999999999998912, 2.819999999999999840, 0.000000000000000000 ) ) ;
#7668 = CARTESIAN_POINT ( 'NONE',  ( 2.381424832439820172, -0.07999999999999914124, 0.000000000000000000 ) ) ;
#7669 = LINE ( 'NONE', #435, #341 ) ;
#7670 = CARTESIAN_POINT ( 'NONE',  ( 2.149999999999999911, 0.02000000000000060063, 0.000000000000000000 ) ) ;
#7671 = SURFACE_SIDE_STYLE ('',( #9479 ) ) ;
#7672 = CARTESIAN_POINT ( 'NONE',  ( 0.8924999999999999600, 2.469999999999998419, 0.000000000000000000 ) ) ;
#7673 = LINE ( 'NONE', #11550, #5486 ) ;
#7674 = CARTESIAN_POINT ( 'NONE',  ( 0.8549999999999999822, -2.319999999999999840, 0.000000000000000000 ) ) ;
#7675 = ORIENTED_EDGE ( 'NONE', *, *, #10444, .F. ) ;
#7676 = COLOUR_RGB ( '',0.8313725490196077761, 0.8313725490196077761, 0.8313725490196077761 ) ;
#7677 = VERTEX_POINT ( 'NONE', #2239 ) ;
#7678 = CARTESIAN_POINT ( 'NONE',  ( -2.424815268422570114, -2.552633915959634958, 1.038719727649762170 ) ) ;
#7679 = ADVANCED_FACE ( 'NONE', ( #6830 ), #10573, .F. ) ;
#7680 =( NAMED_UNIT ( * ) SI_UNIT ( $, .STERADIAN. ) SOLID_ANGLE_UNIT ( ) );
#7681 = STYLED_ITEM ( 'NONE', ( #10944 ), #3689 ) ;
#7682 = LINE ( 'NONE', #4985, #10874 ) ;
#7683 = VERTEX_POINT ( 'NONE', #3317 ) ;
#7684 = ADVANCED_FACE ( 'NONE', ( #11606 ), #10632, .T. ) ;
#7685 = PLANE ( 'NONE',  #1328 ) ;
#7686 = ORIENTED_EDGE ( 'NONE', *, *, #2806, .F. ) ;
#7687 = DIRECTION ( 'NONE',  ( 0.000000000000000000, 0.000000000000000000, 1.000000000000000000 ) ) ;
#7688 =( GEOMETRIC_REPRESENTATION_CONTEXT ( 3 ) GLOBAL_UNCERTAINTY_ASSIGNED_CONTEXT ( ( #4657 ) ) GLOBAL_UNIT_ASSIGNED_CONTEXT ( ( #10163, #349, #5534 ) ) REPRESENTATION_CONTEXT ( 'NONE', 'WORKASPACE' ) );
#7689 = VERTEX_POINT ( 'NONE', #9835 ) ;
#7690 = VECTOR ( 'NONE', #5913, 1000.000000000000000 ) ;
#7691 = PRESENTATION_LAYER_ASSIGNMENT (  '', '', ( #3123 ) ) ;
#7692 = PRESENTATION_STYLE_ASSIGNMENT (( #6915 ) ) ;
#7693 = ADVANCED_FACE ( 'NONE', ( #11873 ), #7005, .T. ) ;
#7694 =( NAMED_UNIT ( * ) PLANE_ANGLE_UNIT ( ) SI_UNIT ( $, .RADIAN. ) );
#7695 = ADVANCED_FACE ( 'NONE', ( #9892 ), #9037, .F. ) ;
#7696 = CARTESIAN_POINT ( 'NONE',  ( 0.3549999999999999822, 2.470000000000000195, 0.000000000000000000 ) ) ;
#7697 = MECHANICAL_DESIGN_GEOMETRIC_PRESENTATION_REPRESENTATION (  '', ( #7509 ), #8089 ) ;
#7698 = CARTESIAN_POINT ( 'NONE',  ( 2.125000000000000000, -2.770000000000000018, 0.2500000000000000000 ) ) ;
#7699 = ORIENTED_EDGE ( 'NONE', *, *, #8710, .T. ) ;
#7700 =( GEOMETRIC_REPRESENTATION_CONTEXT ( 3 ) GLOBAL_UNCERTAINTY_ASSIGNED_CONTEXT ( ( #4284 ) ) GLOBAL_UNIT_ASSIGNED_CONTEXT ( ( #4946, #6793, #7769 ) ) REPRESENTATION_CONTEXT ( 'NONE', 'WORKASPACE' ) );
#7701 = DIRECTION ( 'NONE',  ( 1.000000000000000000, 0.000000000000000000, 0.000000000000000000 ) ) ;
#7702 = EDGE_CURVE ( 'NONE', #8973, #3158, #246, .T. ) ;
#7703 = ORIENTED_EDGE ( 'NONE', *, *, #2883, .T. ) ;
#7704 =( NAMED_UNIT ( * ) SI_UNIT ( $, .STERADIAN. ) SOLID_ANGLE_UNIT ( ) );
#7705 = FILL_AREA_STYLE ('',( #637 ) ) ;
#7706 = AXIS2_PLACEMENT_3D ( 'NONE', #492, #8678, #4328 ) ;
#7707 =( NAMED_UNIT ( * ) SI_UNIT ( $, .STERADIAN. ) SOLID_ANGLE_UNIT ( ) );
#7708 = VECTOR ( 'NONE', #1550, 1000.000000000000000 ) ;
#7709 = CARTESIAN_POINT ( 'NONE',  ( 2.381424832439820172, -0.07999999999999908573, 0.2500000000000001110 ) ) ;
#7710 = ORIENTED_EDGE ( 'NONE', *, *, #810, .T. ) ;
#7711 = DIRECTION ( 'NONE',  ( 1.000000000000000000, 0.000000000000000000, 0.000000000000000000 ) ) ;
#7712 = SURFACE_STYLE_USAGE ( .BOTH. , #1321 ) ;
#7713 = CARTESIAN_POINT ( 'NONE',  ( 0.9150000000000000355, 2.419999999999999929, 0.000000000000000000 ) ) ;
#7714 = ORIENTED_EDGE ( 'NONE', *, *, #1560, .F. ) ;
#7715 = LINE ( 'NONE', #5149, #2153 ) ;
#7716 = ORIENTED_EDGE ( 'NONE', *, *, #7536, .T. ) ;
#7717 = COLOUR_RGB ( '',0.2862745098039215508, 0.2862745098039215508, 0.2862745098039215508 ) ;
#7718 = FILL_AREA_STYLE ('',( #428 ) ) ;
#7719 = AXIS2_PLACEMENT_3D ( 'NONE', #54, #4614, #2944 ) ;
#7720 = LINE ( 'NONE', #11428, #9322 ) ;
#7721 = FILL_AREA_STYLE ('',( #3260 ) ) ;
#7722 = ORIENTED_EDGE ( 'NONE', *, *, #1965, .T. ) ;
#7723 = CYLINDRICAL_SURFACE ( 'NONE', #39, 0.03750000000000020678 ) ;
#7724 =( NAMED_UNIT ( * ) PLANE_ANGLE_UNIT ( ) SI_UNIT ( $, .RADIAN. ) );
#7725 = PRESENTATION_STYLE_ASSIGNMENT (( #3137 ) ) ;
#7726 = CARTESIAN_POINT ( 'NONE',  ( -2.381424832439820172, -0.07999999999999900246, 0.000000000000000000 ) ) ;
#7727 =( BOUNDED_SURFACE ( )  B_SPLINE_SURFACE ( 3, 3, ( 
 ( #2655, #3549, #8032, #4337 ),
 ( #3608, #1741, #7125, #616 ),
 ( #10817, #10006, #11800, #9033 ),
 ( #8981, #7248, #9831, #848 ) ),
 .UNSPECIFIED., .F., .F., .F. ) 
 B_SPLINE_SURFACE_WITH_KNOTS ( ( 4, 4 ),
 ( 4, 4 ),
 ( 0.000000000000000000, 1.000000000000000000 ),
 ( 0.000000000000000000, 1.000000000000000000 ),
 .UNSPECIFIED. ) 
 GEOMETRIC_REPRESENTATION_ITEM ( )  RATIONAL_B_SPLINE_SURFACE ( (
 ( 1.000000000000000000, 0.3333333333333287629, 0.3333333333333287629, 1.000000000000000000),
 ( 0.9330238416682083979, 0.3110079472227318953, 0.3110079472227318953, 0.9330238416682083979),
 ( 0.9330238416682083979, 0.3110079472227318953, 0.3110079472227318953, 0.9330238416682083979),
 ( 1.000000000000000000, 0.3333333333333287629, 0.3333333333333287629, 1.000000000000000000) ) ) 
 REPRESENTATION_ITEM ( '' )  SURFACE ( )  );
#7728 = SURFACE_STYLE_USAGE ( .BOTH. , #3993 ) ;
#7729 =( LENGTH_UNIT ( ) NAMED_UNIT ( * ) SI_UNIT ( .MILLI., .METRE. ) );
#7730 = UNCERTAINTY_MEASURE_WITH_UNIT (LENGTH_MEASURE( 1.000000000000000082E-05 ), #10071, 'distance_accuracy_value', 'NONE');
#7731 = FILL_AREA_STYLE_COLOUR ( '', #10585 ) ;
#7732 = PRESENTATION_STYLE_ASSIGNMENT (( #4166 ) ) ;
#7733 = SURFACE_STYLE_FILL_AREA ( #332 ) ;
#7734 = CARTESIAN_POINT ( 'NONE',  ( 2.185000000000000497, -0.6799999999999990496, 0.000000000000000000 ) ) ;
#7735 = VECTOR ( 'NONE', #152, 1000.000000000000000 ) ;
#7736 = DIRECTION ( 'NONE',  ( 1.000000000000000000, 0.000000000000000000, 0.000000000000000000 ) ) ;
#7737 = EDGE_LOOP ( 'NONE', ( #125, #9020, #8760, #1801, #4491, #7365, #6615, #8529, #9507, #8660, #5562, #5077, #6563, #3413, #99, #2395, #4885, #8453, #4360, #9679, #4976, #9551, #9011, #9852, #8842, #4711, #493, #6674, #6187, #8896, #8395, #9700, #3346, #6992, #4709, #5618, #11518, #11592, #6743, #31, #10779, #6878, #4069, #6193, #8730, #1312, #9838, #5380, #11597, #11567, #8434, #8498, #8280, #4531, #1822, #1843, #6116, #4038, #7652, #4881, #11149, #5150, #3075, #308, #1075, #11773, #5472, #10763, #7811, #8707, #3764, #10785, #6200, #9316, #632, #8239, #11309, #4200, #4720, #10052 ) ) ;
#7738 = CARTESIAN_POINT ( 'NONE',  ( 0.000000000000000000, 0.000000000000000000, 0.000000000000000000 ) ) ;
#7739 = STYLED_ITEM ( 'NONE', ( #10710 ), #1915 ) ;
#7740 =( NAMED_UNIT ( * ) PLANE_ANGLE_UNIT ( ) SI_UNIT ( $, .RADIAN. ) );
#7741 = SURFACE_STYLE_USAGE ( .BOTH. , #2369 ) ;
#7742 =( LENGTH_UNIT ( ) NAMED_UNIT ( * ) SI_UNIT ( .MILLI., .METRE. ) );
#7743 = CIRCLE ( 'NONE', #7354, 0.03749999999999999167 ) ;
#7744 = SURFACE_STYLE_USAGE ( .BOTH. , #5947 ) ;
#7745 = CARTESIAN_POINT ( 'NONE',  ( 0.8924999999999999600, -2.819999999999999840, 0.000000000000000000 ) ) ;
#7746 = UNCERTAINTY_MEASURE_WITH_UNIT (LENGTH_MEASURE( 1.000000000000000082E-05 ), #11436, 'distance_accuracy_value', 'NONE');
#7747 = DIRECTION ( 'NONE',  ( 0.000000000000000000, 0.000000000000000000, -1.000000000000000000 ) ) ;
#7748 = ORIENTED_EDGE ( 'NONE', *, *, #7014, .F. ) ;
#7749 = PRESENTATION_STYLE_ASSIGNMENT (( #8648 ) ) ;
#7750 = MECHANICAL_DESIGN_GEOMETRIC_PRESENTATION_REPRESENTATION (  '', ( #1454 ), #5266 ) ;
#7751 = CARTESIAN_POINT ( 'NONE',  ( -2.185000000000000497, 0.02000000000000060063, 0.2500000000000000000 ) ) ;
#7752 =( NAMED_UNIT ( * ) PLANE_ANGLE_UNIT ( ) SI_UNIT ( $, .RADIAN. ) );
#7753 = DIRECTION ( 'NONE',  ( 0.7071067811865474617, -0.7071067811865474617, -0.000000000000000000 ) ) ;
#7754 = VERTEX_POINT ( 'NONE', #5512 ) ;
#7755 = DIRECTION ( 'NONE',  ( 1.000000000000000000, 2.155772863349820033E-16, 0.000000000000000000 ) ) ;
#7756 = ORIENTED_EDGE ( 'NONE', *, *, #1570, .T. ) ;
#7757 = EDGE_CURVE ( 'NONE', #3292, #5867, #11188, .T. ) ;
#7758 =( LENGTH_UNIT ( ) NAMED_UNIT ( * ) SI_UNIT ( .MILLI., .METRE. ) );
#7759 = FILL_AREA_STYLE ('',( #3229 ) ) ;
#7760 = MECHANICAL_DESIGN_GEOMETRIC_PRESENTATION_REPRESENTATION (  '', ( #8711 ), #3565 ) ;
#7761 = EDGE_CURVE ( 'NONE', #7814, #5682, #9219, .T. ) ;
#7762 = ADVANCED_FACE ( 'NONE', ( #191 ), #6517, .T. ) ;
#7763 = CIRCLE ( 'NONE', #2614, 0.07999999999999998779 ) ;
#7764 = VECTOR ( 'NONE', #2963, 1000.000000000000000 ) ;
#7765 = LINE ( 'NONE', #7698, #10372 ) ;
#7766 = EDGE_LOOP ( 'NONE', ( #369, #8924, #11877, #10617 ) ) ;
#7767 = PRESENTATION_STYLE_ASSIGNMENT (( #10545 ) ) ;
#7768 = UNCERTAINTY_MEASURE_WITH_UNIT (LENGTH_MEASURE( 1.000000000000000082E-05 ), #9162, 'distance_accuracy_value', 'NONE');
#7769 =( NAMED_UNIT ( * ) SI_UNIT ( $, .STERADIAN. ) SOLID_ANGLE_UNIT ( ) );
#7770 = EDGE_LOOP ( 'NONE', ( #240, #1819, #9808, #7352 ) ) ;
#7771 = CARTESIAN_POINT ( 'NONE',  ( -1.647500000000000187, -3.220000000000000195, 0.000000000000000000 ) ) ;
#7772 = AXIS2_PLACEMENT_3D ( 'NONE', #11821, #2609, #6171 ) ;
#7773 =( NAMED_UNIT ( * ) PLANE_ANGLE_UNIT ( ) SI_UNIT ( $, .RADIAN. ) );
#7774 = EDGE_CURVE ( 'NONE', #2487, #10458, #11057, .T. ) ;
#7775 = COLOUR_RGB ( '',0.8313725490196077761, 0.8313725490196077761, 0.8313725490196077761 ) ;
#7776 = EDGE_CURVE ( 'NONE', #5551, #4519, #5631, .T. ) ;
#7777 = CARTESIAN_POINT ( 'NONE',  ( 2.574999999999999289, -2.660000000000000142, 0.2499999999999962530 ) ) ;
#7778 = DIRECTION ( 'NONE',  ( 0.000000000000000000, -0.000000000000000000, 1.000000000000000000 ) ) ;
#7779 = ORIENTED_EDGE ( 'NONE', *, *, #6885, .T. ) ;
#7780 = LINE ( 'NONE', #4212, #9283 ) ;
#7781 = UNCERTAINTY_MEASURE_WITH_UNIT (LENGTH_MEASURE( 1.000000000000000082E-05 ), #44, 'distance_accuracy_value', 'NONE');
#7782 =( LENGTH_UNIT ( ) NAMED_UNIT ( * ) SI_UNIT ( .MILLI., .METRE. ) );
#7783 = ORIENTED_EDGE ( 'NONE', *, *, #11632, .F. ) ;
#7784 = MECHANICAL_DESIGN_GEOMETRIC_PRESENTATION_REPRESENTATION (  '', ( #8735 ), #5104 ) ;
#7785 = SURFACE_STYLE_USAGE ( .BOTH. , #8679 ) ;
#7786 = ORIENTED_EDGE ( 'NONE', *, *, #9542, .T. ) ;
#7787 =( NAMED_UNIT ( * ) SI_UNIT ( $, .STERADIAN. ) SOLID_ANGLE_UNIT ( ) );
#7788 = SURFACE_SIDE_STYLE ('',( #11483 ) ) ;
#7789 = FACE_OUTER_BOUND ( 'NONE', #5049, .T. ) ;
#7790 = EDGE_CURVE ( 'NONE', #2449, #9188, #5748, .T. ) ;
#7791 = SURFACE_STYLE_USAGE ( .BOTH. , #8624 ) ;
#7792 = PRESENTATION_LAYER_ASSIGNMENT (  '', '', ( #4364 ) ) ;
#7793 = CARTESIAN_POINT ( 'NONE',  ( 1.685000000000000053, -2.319999999999999840, 0.000000000000000000 ) ) ;
#7794 = CYLINDRICAL_SURFACE ( 'NONE', #2434, 0.03749999999999976963 ) ;
#7795 = SURFACE_SIDE_STYLE ('',( #5882 ) ) ;
#7796 = VECTOR ( 'NONE', #3972, 1000.000000000000000 ) ;
#7797 = LINE ( 'NONE', #3265, #9584 ) ;
#7798 = SURFACE_STYLE_USAGE ( .BOTH. , #4234 ) ;
#7799 = VERTEX_POINT ( 'NONE', #9399 ) ;
#7800 = EDGE_CURVE ( 'NONE', #515, #2799, #3799, .T. ) ;
#7801 =( NAMED_UNIT ( * ) PLANE_ANGLE_UNIT ( ) SI_UNIT ( $, .RADIAN. ) );
#7802 =( GEOMETRIC_REPRESENTATION_CONTEXT ( 3 ) GLOBAL_UNCERTAINTY_ASSIGNED_CONTEXT ( ( #7393 ) ) GLOBAL_UNIT_ASSIGNED_CONTEXT ( ( #10166, #8235, #2075 ) ) REPRESENTATION_CONTEXT ( 'NONE', 'WORKASPACE' ) );
#7803 =( BOUNDED_CURVE ( )  B_SPLINE_CURVE ( 3, ( #8023, #9999, #2528, #5445 ),
 .UNSPECIFIED., .F., .T. ) 
 B_SPLINE_CURVE_WITH_KNOTS ( ( 4, 4 ),
 ( 5.513621743191308155, 7.052748871167858091 ),
 .UNSPECIFIED. ) 
 CURVE ( )  GEOMETRIC_REPRESENTATION_ITEM ( )  RATIONAL_B_SPLINE_CURVE ( ( 1.000000000000000000, 0.8121429464773000095, 0.8121429464773000095, 1.000000000000000000 ) ) 
 REPRESENTATION_ITEM ( '' )  );
#7804 = AXIS2_PLACEMENT_3D ( 'NONE', #3999, #9553, #5999 ) ;
#7805 = CARTESIAN_POINT ( 'NONE',  ( -2.185000000000000497, -1.080000000000000071, 0.2500000000000000000 ) ) ;
#7806 = DIRECTION ( 'NONE',  ( 0.000000000000000000, 0.000000000000000000, 1.000000000000000000 ) ) ;
#7807 = FILL_AREA_STYLE_COLOUR ( '', #11064 ) ;
#7808 = COLOUR_RGB ( '',0.2862745098039215508, 0.2862745098039215508, 0.2862745098039215508 ) ;
#7809 = DIRECTION ( 'NONE',  ( -1.000000000000000000, 0.000000000000000000, 0.000000000000000000 ) ) ;
#7810 = COLOUR_RGB ( '',0.2862745098039215508, 0.2862745098039215508, 0.2862745098039215508 ) ;
#7811 = ORIENTED_EDGE ( 'NONE', *, *, #2436, .T. ) ;
#7812 = LINE ( 'NONE', #6115, #6227 ) ;
#7813 = DIRECTION ( 'NONE',  ( 0.000000000000000000, 0.000000000000000000, -1.000000000000000000 ) ) ;
#7814 = VERTEX_POINT ( 'NONE', #7362 ) ;
#7815 = CARTESIAN_POINT ( 'NONE',  ( -2.575000000000000178, -2.740000000000000213, 0.000000000000000000 ) ) ;
#7816 = VECTOR ( 'NONE', #4356, 1000.000000000000000 ) ;
#7817 = ORIENTED_EDGE ( 'NONE', *, *, #9303, .T. ) ;
#7818 = VECTOR ( 'NONE', #8379, 1000.000000000000000 ) ;
#7819 = COLOUR_RGB ( '',0.2862745098039215508, 0.2862745098039215508, 0.2862745098039215508 ) ;
#7820 =( LENGTH_UNIT ( ) NAMED_UNIT ( * ) SI_UNIT ( .MILLI., .METRE. ) );
#7821 = ORIENTED_EDGE ( 'NONE', *, *, #9664, .T. ) ;
#7822 = DIRECTION ( 'NONE',  ( -1.000000000000000000, 0.000000000000000000, -0.000000000000000000 ) ) ;
#7823 = VECTOR ( 'NONE', #3883, 1000.000000000000000 ) ;
#7824 = DIRECTION ( 'NONE',  ( -1.000000000000000000, 1.009293658750140033E-15, 0.000000000000000000 ) ) ;
#7825 = ORIENTED_EDGE ( 'NONE', *, *, #9170, .F. ) ;
#7826 = FACE_OUTER_BOUND ( 'NONE', #36, .T. ) ;
#7827 = APPLICATION_CONTEXT ( 'automotive_design' ) ;
#7828 = ORIENTED_EDGE ( 'NONE', *, *, #8942, .F. ) ;
#7829 = SURFACE_STYLE_USAGE ( .BOTH. , #7042 ) ;
#7830 = VECTOR ( 'NONE', #5193, 1000.000000000000000 ) ;
#7831 = ADVANCED_FACE ( 'NONE', ( #1927 ), #1083, .T. ) ;
#7832 = DIRECTION ( 'NONE',  ( 0.000000000000000000, -1.000000000000000000, 0.000000000000000000 ) ) ;
#7833 =( NAMED_UNIT ( * ) SI_UNIT ( $, .STERADIAN. ) SOLID_ANGLE_UNIT ( ) );
#7834 = PRESENTATION_LAYER_ASSIGNMENT (  '', '', ( #1142 ) ) ;
#7835 = ORIENTED_EDGE ( 'NONE', *, *, #9664, .F. ) ;
#7836 = DIRECTION ( 'NONE',  ( 1.000000000000000000, 0.000000000000000000, -0.000000000000000000 ) ) ;
#7837 = EDGE_CURVE ( 'NONE', #11332, #2945, #4096, .T. ) ;
#7838 = DIRECTION ( 'NONE',  ( 1.000000000000000000, 0.000000000000000000, 0.000000000000000000 ) ) ;
#7839 = LINE ( 'NONE', #11530, #4848 ) ;
#7840 = ORIENTED_EDGE ( 'NONE', *, *, #6668, .F. ) ;
#7841 = EDGE_CURVE ( 'NONE', #11227, #6698, #9528, .T. ) ;
#7842 = DIRECTION ( 'NONE',  ( 0.000000000000000000, 0.000000000000000000, -1.000000000000000000 ) ) ;
#7843 =( NAMED_UNIT ( * ) SI_UNIT ( $, .STERADIAN. ) SOLID_ANGLE_UNIT ( ) );
#7844 = ORIENTED_EDGE ( 'NONE', *, *, #10499, .T. ) ;
#7845 = EDGE_CURVE ( 'NONE', #4217, #1922, #548, .T. ) ;
#7846 = DIRECTION ( 'NONE',  ( 0.000000000000000000, 1.000000000000000000, 0.000000000000000000 ) ) ;
#7847 = ADVANCED_FACE ( 'NONE', ( #4961 ), #11538, .T. ) ;
#7848 =( LENGTH_UNIT ( ) NAMED_UNIT ( * ) SI_UNIT ( .MILLI., .METRE. ) );
#7849 = VECTOR ( 'NONE', #5314, 1000.000000000000000 ) ;
#7850 = B_SPLINE_CURVE_WITH_KNOTS ( 'NONE', 3,
 ( #10902, #2613, #928, #6243 ),
 .UNSPECIFIED., .F., .F.,
 ( 4, 4 ),
 ( 0.000000000000000000, 1.000000000000000000 ),
 .UNSPECIFIED. ) ;
#7851 = EDGE_CURVE ( 'NONE', #2615, #2141, #8151, .T. ) ;
#7852 = CARTESIAN_POINT ( 'NONE',  ( 2.125000000000000000, -2.319999999999999840, 0.000000000000000000 ) ) ;
#7853 = ADVANCED_FACE ( 'NONE', ( #6814 ), #1446, .T. ) ;
#7854 = UNCERTAINTY_MEASURE_WITH_UNIT (LENGTH_MEASURE( 1.000000000000000082E-05 ), #2104, 'distance_accuracy_value', 'NONE');
#7855 = LINE ( 'NONE', #8630, #1002 ) ;
#7856 = DIRECTION ( 'NONE',  ( 0.000000000000000000, 0.000000000000000000, 1.000000000000000000 ) ) ;
#7857 = SURFACE_STYLE_USAGE ( .BOTH. , #4852 ) ;
#7858 = STYLED_ITEM ( 'NONE', ( #6559 ), #742 ) ;
#7859 = ORIENTED_EDGE ( 'NONE', *, *, #8715, .F. ) ;
#7860 = APPLICATION_PROTOCOL_DEFINITION ( 'draft international standard', 'automotive_design', 1998, #4174 ) ;
#7861 =( GEOMETRIC_REPRESENTATION_CONTEXT ( 3 ) GLOBAL_UNCERTAINTY_ASSIGNED_CONTEXT ( ( #835 ) ) GLOBAL_UNIT_ASSIGNED_CONTEXT ( ( #5071, #4148, #5188 ) ) REPRESENTATION_CONTEXT ( 'NONE', 'WORKASPACE' ) );
#7862 = FILL_AREA_STYLE_COLOUR ( '', #7810 ) ;
#7863 = SURFACE_STYLE_FILL_AREA ( #4241 ) ;
#7864 = PRESENTATION_STYLE_ASSIGNMENT (( #570 ) ) ;
#7865 = AXIS2_PLACEMENT_3D ( 'NONE', #6728, #2197, #11103 ) ;
#7866 = ADVANCED_FACE ( 'NONE', ( #716 ), #4275, .F. ) ;
#7867 = CARTESIAN_POINT ( 'NONE',  ( -2.575000000000000178, -2.740000000000000213, 0.000000000000000000 ) ) ;
#7868 = LINE ( 'NONE', #11563, #10051 ) ;
#7869 = VERTEX_POINT ( 'NONE', #7904 ) ;
#7870 = SURFACE_STYLE_FILL_AREA ( #4989 ) ;
#7871 =( GEOMETRIC_REPRESENTATION_CONTEXT ( 3 ) GLOBAL_UNCERTAINTY_ASSIGNED_CONTEXT ( ( #6761 ) ) GLOBAL_UNIT_ASSIGNED_CONTEXT ( ( #9996, #4659, #4544 ) ) REPRESENTATION_CONTEXT ( 'NONE', 'WORKASPACE' ) );
#7872 = CARTESIAN_POINT ( 'NONE',  ( 2.381424832439820172, -0.6799999999999990496, 0.2500000000000000555 ) ) ;
#7873 = LINE ( 'NONE', #398, #11102 ) ;
#7874 =( LENGTH_UNIT ( ) NAMED_UNIT ( * ) SI_UNIT ( .MILLI., .METRE. ) );
#7875 = ORIENTED_EDGE ( 'NONE', *, *, #11544, .T. ) ;
#7876 = CARTESIAN_POINT ( 'NONE',  ( 2.494999999999999662, -2.740000000000000213, 0.000000000000000000 ) ) ;
#7877 = VERTEX_POINT ( 'NONE', #6146 ) ;
#7878 = SURFACE_STYLE_USAGE ( .BOTH. , #4305 ) ;
#7879 = DIRECTION ( 'NONE',  ( 0.000000000000000000, 0.000000000000000000, 1.000000000000000000 ) ) ;
#7880 = MECHANICAL_DESIGN_GEOMETRIC_PRESENTATION_REPRESENTATION (  '', ( #1754 ), #11761 ) ;
#7881 = CARTESIAN_POINT ( 'NONE',  ( 2.125000000000000000, 2.740000000000000213, 0.000000000000000000 ) ) ;
#7882 =( LENGTH_UNIT ( ) NAMED_UNIT ( * ) SI_UNIT ( .MILLI., .METRE. ) );
#7883 =( LENGTH_UNIT ( ) NAMED_UNIT ( * ) SI_UNIT ( .MILLI., .METRE. ) );
#7884 = ORIENTED_EDGE ( 'NONE', *, *, #4560, .F. ) ;
#7885 = MECHANICAL_DESIGN_GEOMETRIC_PRESENTATION_REPRESENTATION (  '', ( #1196 ), #9992 ) ;
#7886 = UNCERTAINTY_MEASURE_WITH_UNIT (LENGTH_MEASURE( 1.000000000000000082E-05 ), #9261, 'distance_accuracy_value', 'NONE');
#7887 = VECTOR ( 'NONE', #8317, 1000.000000000000000 ) ;
#7888 = CARTESIAN_POINT ( 'NONE',  ( -0.8549999999999999822, -2.657500000000000195, 0.000000000000000000 ) ) ;
#7889 = VERTEX_POINT ( 'NONE', #3703 ) ;
#7890 = DIRECTION ( 'NONE',  ( -0.7071067811865475727, -0.7071067811865475727, 0.000000000000000000 ) ) ;
#7891 = DIRECTION ( 'NONE',  ( -1.000000000000000000, -0.000000000000000000, -0.000000000000000000 ) ) ;
#7892 = SURFACE_STYLE_FILL_AREA ( #8673 ) ;
#7893 = PRESENTATION_LAYER_ASSIGNMENT (  '', '', ( #1015 ) ) ;
#7894 = PRESENTATION_LAYER_ASSIGNMENT (  '', '', ( #252 ) ) ;
#7895 = ORIENTED_EDGE ( 'NONE', *, *, #2682, .T. ) ;
#7896 = MECHANICAL_DESIGN_GEOMETRIC_PRESENTATION_REPRESENTATION (  '', ( #1211 ), #6344 ) ;
#7897 = DIRECTION ( 'NONE',  ( 1.000000000000000000, 0.000000000000000000, 0.000000000000000000 ) ) ;
#7898 = SURFACE_STYLE_FILL_AREA ( #7960 ) ;
#7899 = CARTESIAN_POINT ( 'NONE',  ( 1.287500000000000089, 2.739999999999997549, 0.2499999999999995837 ) ) ;
#7900 = ORIENTED_EDGE ( 'NONE', *, *, #7663, .T. ) ;
#7901 =( LENGTH_UNIT ( ) NAMED_UNIT ( * ) SI_UNIT ( .MILLI., .METRE. ) );
#7902 = CARTESIAN_POINT ( 'NONE',  ( -0.4149999999999999800, -2.657500000000000195, 0.000000000000000000 ) ) ;
#7903 = VERTEX_POINT ( 'NONE', #662 ) ;
#7904 = CARTESIAN_POINT ( 'NONE',  ( -2.424815268422571002, 2.552633915959636735, 1.038719727649762614 ) ) ;
#7905 = MECHANICAL_DESIGN_GEOMETRIC_PRESENTATION_REPRESENTATION (  '', ( #5223 ), #9425 ) ;
#7906 =( NAMED_UNIT ( * ) SI_UNIT ( $, .STERADIAN. ) SOLID_ANGLE_UNIT ( ) );
#7907 = PRESENTATION_STYLE_ASSIGNMENT (( #2415 ) ) ;
#7908 = AXIS2_PLACEMENT_3D ( 'NONE', #15, #8056, #10027 ) ;
#7909 = EDGE_CURVE ( 'NONE', #4598, #7378, #11036, .T. ) ;
#7910 =( LENGTH_UNIT ( ) NAMED_UNIT ( * ) SI_UNIT ( .MILLI., .METRE. ) );
#7911 = DIRECTION ( 'NONE',  ( 1.200241107702869931E-15, -1.000000000000000000, 0.000000000000000000 ) ) ;
#7912 = ADVANCED_FACE ( 'NONE', ( #5536 ), #3769, .F. ) ;
#7913 = EDGE_CURVE ( 'NONE', #8375, #2891, #8025, .T. ) ;
#7914 = LINE ( 'NONE', #4393, #10231 ) ;
#7915 = VECTOR ( 'NONE', #8919, 1000.000000000000000 ) ;
#7916 =( NAMED_UNIT ( * ) PLANE_ANGLE_UNIT ( ) SI_UNIT ( $, .RADIAN. ) );
#7917 = DIRECTION ( 'NONE',  ( -0.000000000000000000, -0.000000000000000000, -1.000000000000000000 ) ) ;
#7918 = CARTESIAN_POINT ( 'NONE',  ( -2.481424832439820261, -0.5799999999999989608, 0.2500000000000000000 ) ) ;
#7919 = CARTESIAN_POINT ( 'NONE',  ( -0.8924999999999999600, -2.657500000000000195, 0.000000000000000000 ) ) ;
#7920 = VERTEX_POINT ( 'NONE', #945 ) ;
#7921 = CONTEXT_DEPENDENT_SHAPE_REPRESENTATION ( #5376, #10224 ) ;
#7922 =( LENGTH_UNIT ( ) NAMED_UNIT ( * ) SI_UNIT ( .MILLI., .METRE. ) );
#7923 = VECTOR ( 'NONE', #2699, 1000.000000000000000 ) ;
#7924 = STYLED_ITEM ( 'NONE', ( #4486 ), #1692 ) ;
#7925 = EDGE_CURVE ( 'NONE', #1298, #1114, #4595, .T. ) ;
#7926 =( LENGTH_UNIT ( ) NAMED_UNIT ( * ) SI_UNIT ( .MILLI., .METRE. ) );
#7927 = VECTOR ( 'NONE', #11000, 1000.000000000000000 ) ;
#7928 = EDGE_CURVE ( 'NONE', #10266, #4593, #10104, .T. ) ;
#7929 = COLOUR_RGB ( '',0.8313725490196077761, 0.8313725490196077761, 0.8313725490196077761 ) ;
#7930 = EDGE_CURVE ( 'NONE', #7601, #4593, #8528, .T. ) ;
#7931 = SURFACE_SIDE_STYLE ('',( #4242 ) ) ;
#7932 = LINE ( 'NONE', #2187, #3577 ) ;
#7933 = CARTESIAN_POINT ( 'NONE',  ( -2.125000000000000000, 2.782500000000000195, 0.000000000000000000 ) ) ;
#7934 = ORIENTED_EDGE ( 'NONE', *, *, #10715, .T. ) ;
#7935 = SURFACE_STYLE_USAGE ( .BOTH. , #10021 ) ;
#7936 = CARTESIAN_POINT ( 'NONE',  ( -2.125000000000000000, -2.319999999999999840, 0.000000000000000000 ) ) ;
#7937 = EDGE_LOOP ( 'NONE', ( #3266, #6616, #10401, #2259 ) ) ;
#7938 = CARTESIAN_POINT ( 'NONE',  ( 0.3775000000000000022, 2.469999999999999751, 0.000000000000000000 ) ) ;
#7939 = VERTEX_POINT ( 'NONE', #4929 ) ;
#7940 = LINE ( 'NONE', #11634, #7690 ) ;
#7941 = ADVANCED_FACE ( 'NONE', ( #10293 ), #7637, .F. ) ;
#7942 =( NAMED_UNIT ( * ) PLANE_ANGLE_UNIT ( ) SI_UNIT ( $, .RADIAN. ) );
#7943 = CARTESIAN_POINT ( 'NONE',  ( 2.481424832439820261, -0.5799999999999989608, 0.000000000000000000 ) ) ;
#7944 = DIRECTION ( 'NONE',  ( 1.000000000000000000, -0.000000000000000000, 0.000000000000000000 ) ) ;
#7945 = LINE ( 'NONE', #6123, #3038 ) ;
#7946 = AXIS2_PLACEMENT_3D ( 'NONE', #11389, #6964, #6113 ) ;
#7947 = CARTESIAN_POINT ( 'NONE',  ( 0.3775000000000000022, 3.220000000000000195, 0.000000000000000000 ) ) ;
#7948 = ORIENTED_EDGE ( 'NONE', *, *, #3033, .F. ) ;
#7949 = MECHANICAL_DESIGN_GEOMETRIC_PRESENTATION_REPRESENTATION (  '', ( #6399 ), #4511 ) ;
#7950 = PLANE ( 'NONE',  #809 ) ;
#7951 = COLOUR_RGB ( '',0.2862745098039215508, 0.2862745098039215508, 0.2862745098039215508 ) ;
#7952 = PLANE ( 'NONE',  #1597 ) ;
#7953 = VERTEX_POINT ( 'NONE', #7872 ) ;
#7954 = ORIENTED_EDGE ( 'NONE', *, *, #1048, .T. ) ;
#7955 = CARTESIAN_POINT ( 'NONE',  ( 0.9150000000000000355, 2.419999999999999929, 0.000000000000000000 ) ) ;
#7956 = EDGE_CURVE ( 'NONE', #1789, #209, #4990, .T. ) ;
#7957 = ORIENTED_EDGE ( 'NONE', *, *, #10357, .T. ) ;
#7958 = SURFACE_STYLE_USAGE ( .BOTH. , #4267 ) ;
#7959 =( NAMED_UNIT ( * ) PLANE_ANGLE_UNIT ( ) SI_UNIT ( $, .RADIAN. ) );
#7960 = FILL_AREA_STYLE ('',( #7112 ) ) ;
#7961 = ORIENTED_EDGE ( 'NONE', *, *, #5052, .T. ) ;
#7962 = MECHANICAL_DESIGN_GEOMETRIC_PRESENTATION_REPRESENTATION (  '', ( #6609 ), #11449 ) ;
#7963 = DIRECTION ( 'NONE',  ( 1.000000000000000000, -9.001808307771530402E-16, 0.000000000000000000 ) ) ;
#7964 = DIRECTION ( 'NONE',  ( 0.000000000000000000, 1.000000000000000000, 0.000000000000000000 ) ) ;
#7965 = EDGE_LOOP ( 'NONE', ( #2727, #6237, #161, #5102 ) ) ;
#7966 = VECTOR ( 'NONE', #6007, 1000.000000000000000 ) ;
#7967 = SURFACE_STYLE_FILL_AREA ( #10738 ) ;
#7968 = VECTOR ( 'NONE', #10758, 1000.000000000000000 ) ;
#7969 = DIRECTION ( 'NONE',  ( 0.000000000000000000, 0.000000000000000000, -1.000000000000000000 ) ) ;
#7970 = DIRECTION ( 'NONE',  ( 0.000000000000000000, -0.000000000000000000, -1.000000000000000000 ) ) ;
#7971 = DIRECTION ( 'NONE',  ( 0.000000000000000000, 0.000000000000000000, -1.000000000000000000 ) ) ;
#7972 = LINE ( 'NONE', #11489, #1814 ) ;
#7973 = STYLED_ITEM ( 'NONE', ( #5336 ), #5272 ) ;
#7974 = B_SPLINE_CURVE_WITH_KNOTS ( 'NONE', 3,
 ( #4636, #1762, #4525, #5591 ),
 .UNSPECIFIED., .F., .F.,
 ( 4, 4 ),
 ( 0.000000000000000000, 1.000000000000000000 ),
 .UNSPECIFIED. ) ;
#7975 = FILL_AREA_STYLE_COLOUR ( '', #10621 ) ;
#7976 = UNCERTAINTY_MEASURE_WITH_UNIT (LENGTH_MEASURE( 1.000000000000000082E-05 ), #3145, 'distance_accuracy_value', 'NONE');
#7977 = CARTESIAN_POINT ( 'NONE',  ( -2.498147480579540058, 1.370000000000000107, 0.6750000000000000444 ) ) ;
#7978 = SURFACE_SIDE_STYLE ('',( #7130 ) ) ;
#7979 = ORIENTED_EDGE ( 'NONE', *, *, #4498, .F. ) ;
#7980 = AXIS2_PLACEMENT_3D ( 'NONE', #3914, #2885, #7711 ) ;
#7981 = COLOUR_RGB ( '',0.2862745098039215508, 0.2862745098039215508, 0.2862745098039215508 ) ;
#7982 = DIRECTION ( 'NONE',  ( 1.000000000000000000, 0.000000000000000000, 0.000000000000000000 ) ) ;
#7983 = LINE ( 'NONE', #6162, #8854 ) ;
#7984 = DIRECTION ( 'NONE',  ( -0.000000000000000000, 1.000000000000000000, 0.000000000000000000 ) ) ;
#7985 = SURFACE_STYLE_USAGE ( .BOTH. , #7012 ) ;
#7986 = PRESENTATION_LAYER_ASSIGNMENT (  '', '', ( #7433 ) ) ;
#7987 = CYLINDRICAL_SURFACE ( 'NONE', #3779, 0.08000000000000020983 ) ;
#7988 = CARTESIAN_POINT ( 'NONE',  ( -0.3775000000000000022, -2.620000000000000551, 0.2500000000000000000 ) ) ;
#7989 = EDGE_CURVE ( 'NONE', #9812, #2870, #11456, .T. ) ;
#7990 = SURFACE_STYLE_USAGE ( .BOTH. , #1815 ) ;
#7991 = EDGE_LOOP ( 'NONE', ( #4021, #6805, #231, #3528 ) ) ;
#7992 = CARTESIAN_POINT ( 'NONE',  ( -1.647500000000000187, -2.819999999999999840, 0.000000000000000000 ) ) ;
#7993 = EDGE_CURVE ( 'NONE', #3047, #6981, #7812, .T. ) ;
#7994 = DIRECTION ( 'NONE',  ( -0.000000000000000000, -0.000000000000000000, -1.000000000000000000 ) ) ;
#7995 = VERTEX_POINT ( 'NONE', #8819 ) ;
#7996 = SURFACE_STYLE_FILL_AREA ( #869 ) ;
#7997 = ORIENTED_EDGE ( 'NONE', *, *, #5052, .F. ) ;
#7998 = SURFACE_STYLE_FILL_AREA ( #7705 ) ;
#7999 = COLOUR_RGB ( '',0.2862745098039215508, 0.2862745098039215508, 0.2862745098039215508 ) ;
#8000 = LINE ( 'NONE', #11703, #4743 ) ;
#8001 = DIRECTION ( 'NONE',  ( 1.000000000000000000, 0.000000000000000000, 0.000000000000000000 ) ) ;
#8002 = STYLED_ITEM ( 'NONE', ( #1178 ), #6526 ) ;
#8003 =( NAMED_UNIT ( * ) SI_UNIT ( $, .STERADIAN. ) SOLID_ANGLE_UNIT ( ) );
#8004 = COLOUR_RGB ( '',0.2862745098039215508, 0.2862745098039215508, 0.2862745098039215508 ) ;
#8005 = DIRECTION ( 'NONE',  ( -1.000000000000000000, 2.713878504639300209E-13, 0.000000000000000000 ) ) ;
#8006 = VERTEX_POINT ( 'NONE', #7936 ) ;
#8007 = MECHANICAL_DESIGN_GEOMETRIC_PRESENTATION_REPRESENTATION (  '', ( #7614 ), #11486 ) ;
#8008 = EDGE_CURVE ( 'NONE', #2466, #157, #6064, .T. ) ;
#8009 = UNCERTAINTY_MEASURE_WITH_UNIT (LENGTH_MEASURE( 1.000000000000000082E-05 ), #925, 'distance_accuracy_value', 'NONE');
#8010 = STYLED_ITEM ( 'NONE', ( #8457 ), #979 ) ;
#8011 = FACE_OUTER_BOUND ( 'NONE', #91, .T. ) ;
#8012 = EDGE_LOOP ( 'NONE', ( #4684, #2526, #1958, #8017 ) ) ;
#8013 = COLOUR_RGB ( '',0.8313725490196077761, 0.8313725490196077761, 0.8313725490196077761 ) ;
#8014 = DIRECTION ( 'NONE',  ( -9.001808307771530402E-16, 1.000000000000000000, -0.000000000000000000 ) ) ;
#8015 = AXIS2_PLACEMENT_3D ( 'NONE', #7022, #11566, #1475 ) ;
#8016 = STYLED_ITEM ( 'NONE', ( #7692 ), #17 ) ;
#8017 = ORIENTED_EDGE ( 'NONE', *, *, #1401, .F. ) ;
#8018 = DIRECTION ( 'NONE',  ( 1.000000000000000000, 0.000000000000000000, -0.000000000000000000 ) ) ;
#8019 = DIRECTION ( 'NONE',  ( -0.000000000000000000, -0.000000000000000000, -1.000000000000000000 ) ) ;
#8020 = AXIS2_PLACEMENT_3D ( 'NONE', #7303, #7477, #11125 ) ;
#8021 =( NAMED_UNIT ( * ) SI_UNIT ( $, .STERADIAN. ) SOLID_ANGLE_UNIT ( ) );
#8022 = EDGE_LOOP ( 'NONE', ( #6553, #2343, #10548, #8974 ) ) ;
#8023 = CARTESIAN_POINT ( 'NONE',  ( 2.574989970828018837, -2.661266715016318063, 0.2500554620476224121 ) ) ;
#8024 = ORIENTED_EDGE ( 'NONE', *, *, #834, .F. ) ;
#8025 = LINE ( 'NONE', #9128, #11638 ) ;
#8026 = CYLINDRICAL_SURFACE ( 'NONE', #6829, 0.08000000000000020983 ) ;
#8027 = MECHANICAL_DESIGN_GEOMETRIC_PRESENTATION_REPRESENTATION (  '', ( #5152 ), #3632 ) ;
#8028 = FILL_AREA_STYLE ('',( #1620 ) ) ;
#8029 = AXIS2_PLACEMENT_3D ( 'NONE', #7516, #3957, #1362 ) ;
#8030 = LINE ( 'NONE', #3664, #11572 ) ;
#8031 = PLANE ( 'NONE',  #1052 ) ;
#8032 = CARTESIAN_POINT ( 'NONE',  ( -2.394980999734316995, -2.559980999734315699, 1.075827626996971764 ) ) ;
#8033 = SURFACE_STYLE_FILL_AREA ( #10682 ) ;
#8034 = DIRECTION ( 'NONE',  ( 0.000000000000000000, 0.000000000000000000, 1.000000000000000000 ) ) ;
#8035 =( LENGTH_UNIT ( ) NAMED_UNIT ( * ) SI_UNIT ( .MILLI., .METRE. ) );
#8036 = VERTEX_POINT ( 'NONE', #6966 ) ;
#8037 =( NAMED_UNIT ( * ) PLANE_ANGLE_UNIT ( ) SI_UNIT ( $, .RADIAN. ) );
#8038 = SURFACE_STYLE_USAGE ( .BOTH. , #8866 ) ;
#8039 = COLOUR_RGB ( '',0.8313725490196077761, 0.8313725490196077761, 0.8313725490196077761 ) ;
#8040 = FILL_AREA_STYLE ('',( #4401 ) ) ;
#8041 = DIRECTION ( 'NONE',  ( 1.000000000000000000, 0.000000000000000000, -0.000000000000000000 ) ) ;
#8042 = AXIS2_PLACEMENT_3D ( 'NONE', #9677, #10652, #11459 ) ;
#8043 = CARTESIAN_POINT ( 'NONE',  ( 0.000000000000000000, -0.6799999999999990496, 0.000000000000000000 ) ) ;
#8044 = FILL_AREA_STYLE ('',( #6293 ) ) ;
#8045 = VECTOR ( 'NONE', #1786, 1000.000000000000000 ) ;
#8046 = LINE ( 'NONE', #11750, #6142 ) ;
#8047 = DIRECTION ( 'NONE',  ( 0.000000000000000000, 0.000000000000000000, 1.000000000000000000 ) ) ;
#8048 = ORIENTED_EDGE ( 'NONE', *, *, #10716, .F. ) ;
#8049 = FILL_AREA_STYLE ('',( #9049 ) ) ;
#8050 = CARTESIAN_POINT ( 'NONE',  ( -2.381424832439820172, -0.07999999999999871103, 0.000000000000000000 ) ) ;
#8051 =( NAMED_UNIT ( * ) PLANE_ANGLE_UNIT ( ) SI_UNIT ( $, .RADIAN. ) );
#8052 = FILL_AREA_STYLE_COLOUR ( '', #9151 ) ;
#8053 = ORIENTED_EDGE ( 'NONE', *, *, #3992, .F. ) ;
#8054 = LINE ( 'NONE', #5408, #1734 ) ;
#8055 = EDGE_LOOP ( 'NONE', ( #2326, #10901, #10408, #4785 ) ) ;
#8056 = DIRECTION ( 'NONE',  ( 0.000000000000000000, -1.000000000000000000, 0.000000000000000000 ) ) ;
#8057 = PLANE ( 'NONE',  #1320 ) ;
#8058 = EDGE_CURVE ( 'NONE', #9656, #9644, #2475, .T. ) ;
#8059 = VECTOR ( 'NONE', #6129, 1000.000000000000000 ) ;
#8060 = PRESENTATION_STYLE_ASSIGNMENT (( #9918 ) ) ;
#8061 = EDGE_CURVE ( 'NONE', #6493, #3279, #10649, .T. ) ;
#8062 = EDGE_CURVE ( 'NONE', #4302, #1332, #460, .T. ) ;
#8063 = ORIENTED_EDGE ( 'NONE', *, *, #3255, .T. ) ;
#8064 = CARTESIAN_POINT ( 'NONE',  ( -1.685000000000000053, 2.507499999999999840, 0.000000000000000000 ) ) ;
#8065 = ORIENTED_EDGE ( 'NONE', *, *, #9671, .T. ) ;
#8066 = CARTESIAN_POINT ( 'NONE',  ( 2.574999999999999289, 2.660000000000000142, 0.2499999999999919231 ) ) ;
#8067 = ORIENTED_EDGE ( 'NONE', *, *, #7474, .T. ) ;
#8068 = SURFACE_STYLE_FILL_AREA ( #3648 ) ;
#8069 = MECHANICAL_DESIGN_GEOMETRIC_PRESENTATION_REPRESENTATION (  '', ( #10183 ), #2542 ) ;
#8070 = DIRECTION ( 'NONE',  ( 0.000000000000000000, 0.000000000000000000, 1.000000000000000000 ) ) ;
#8071 = ADVANCED_FACE ( 'NONE', ( #9736 ), #5233, .T. ) ;
#8072 = EDGE_CURVE ( 'NONE', #8221, #9656, #7084, .T. ) ;
#8073 = ORIENTED_EDGE ( 'NONE', *, *, #6506, .T. ) ;
#8074 = COLOUR_RGB ( '',0.8313725490196077761, 0.8313725490196077761, 0.8313725490196077761 ) ;
#8075 = SURFACE_STYLE_USAGE ( .BOTH. , #3536 ) ;
#8076 = ADVANCED_FACE ( 'NONE', ( #11565 ), #3221, .T. ) ;
#8077 = VERTEX_POINT ( 'NONE', #9966 ) ;
#8078 = MECHANICAL_DESIGN_GEOMETRIC_PRESENTATION_REPRESENTATION (  '', ( #5394 ), #4085 ) ;
#8079 = CARTESIAN_POINT ( 'NONE',  ( -2.149999999999999911, 2.419999999999999929, 0.2500000000000000000 ) ) ;
#8080 = CARTESIAN_POINT ( 'NONE',  ( 2.481424832439820261, -0.1799999999999990219, 0.000000000000000000 ) ) ;
#8081 = ORIENTED_EDGE ( 'NONE', *, *, #3226, .T. ) ;
#8082 = DIRECTION ( 'NONE',  ( 1.000000000000000000, 0.000000000000000000, 0.000000000000000000 ) ) ;
#8083 = DIRECTION ( 'NONE',  ( 0.000000000000000000, 0.000000000000000000, -1.000000000000000000 ) ) ;
#8084 =( GEOMETRIC_REPRESENTATION_CONTEXT ( 3 ) GLOBAL_UNCERTAINTY_ASSIGNED_CONTEXT ( ( #8245 ) ) GLOBAL_UNIT_ASSIGNED_CONTEXT ( ( #1701, #9113, #11820 ) ) REPRESENTATION_CONTEXT ( 'NONE', 'WORKASPACE' ) );
#8085 = SURFACE_STYLE_USAGE ( .BOTH. , #10878 ) ;
#8086 = CARTESIAN_POINT ( 'NONE',  ( 0.3550000000000000377, 2.419999999999999929, 0.000000000000000000 ) ) ;
#8087 = FILL_AREA_STYLE ('',( #1858 ) ) ;
#8088 = UNCERTAINTY_MEASURE_WITH_UNIT (LENGTH_MEASURE( 1.000000000000000082E-05 ), #9659, 'distance_accuracy_value', 'NONE');
#8089 =( GEOMETRIC_REPRESENTATION_CONTEXT ( 3 ) GLOBAL_UNCERTAINTY_ASSIGNED_CONTEXT ( ( #10056 ) ) GLOBAL_UNIT_ASSIGNED_CONTEXT ( ( #2246, #7801, #3211 ) ) REPRESENTATION_CONTEXT ( 'NONE', 'WORKASPACE' ) );
#8090 = FILL_AREA_STYLE_COLOUR ( '', #4631 ) ;
#8091 = FILL_AREA_STYLE_COLOUR ( '', #4510 ) ;
#8092 = AXIS2_PLACEMENT_3D ( 'NONE', #5624, #10255, #5861 ) ;
#8093 = CARTESIAN_POINT ( 'NONE',  ( 0.8925000000000000711, 2.819999999999999840, 0.000000000000000000 ) ) ;
#8094 = VECTOR ( 'NONE', #2471, 1000.000000000000000 ) ;
#8095 = CARTESIAN_POINT ( 'NONE',  ( -2.574999999999999289, -0.5799999999999989608, 0.2499999999999998890 ) ) ;
#8096 = ORIENTED_EDGE ( 'NONE', *, *, #9965, .T. ) ;
#8097 = PLANE ( 'NONE',  #6460 ) ;
#8098 =( NAMED_UNIT ( * ) SI_UNIT ( $, .STERADIAN. ) SOLID_ANGLE_UNIT ( ) );
#8100 = EDGE_CURVE ( 'NONE', #7306, #5569, #3685, .T. ) ;
#8099 = COLOUR_RGB ( '',0.2862745098039215508, 0.2862745098039215508, 0.2862745098039215508 ) ;
#8101 = FACE_OUTER_BOUND ( 'NONE', #9880, .T. ) ;
#8102 = DIRECTION ( 'NONE',  ( -0.1751915364254250373, 0.1751915364254250373, 0.9688218882383892172 ) ) ;
#8103 = UNCERTAINTY_MEASURE_WITH_UNIT (LENGTH_MEASURE( 1.000000000000000082E-05 ), #9154, 'distance_accuracy_value', 'NONE');
#8104 = DIRECTION ( 'NONE',  ( 0.000000000000000000, -1.000000000000000000, 0.000000000000000000 ) ) ;
#8105 = FACE_OUTER_BOUND ( 'NONE', #8578, .T. ) ;
#8106 = ORIENTED_EDGE ( 'NONE', *, *, #3867, .T. ) ;
#8107 = SURFACE_STYLE_USAGE ( .BOTH. , #5352 ) ;
#8108 = CARTESIAN_POINT ( 'NONE',  ( 2.185000000000000497, -0.07999999999999900246, 0.000000000000000000 ) ) ;
#8109 = ORIENTED_EDGE ( 'NONE', *, *, #11871, .T. ) ;
#8110 = VECTOR ( 'NONE', #9199, 1000.000000000000000 ) ;
#8111 = EDGE_LOOP ( 'NONE', ( #3714, #11203, #3877, #6922 ) ) ;
#8112 = SURFACE_STYLE_USAGE ( .BOTH. , #2681 ) ;
#8113 = LINE ( 'NONE', #16, #1507 ) ;
#8114 =( LENGTH_UNIT ( ) NAMED_UNIT ( * ) SI_UNIT ( .MILLI., .METRE. ) );
#8115 = SURFACE_STYLE_FILL_AREA ( #9005 ) ;
#8116 = VECTOR ( 'NONE', #10177, 1000.000000000000000 ) ;
#8117 = SURFACE_SIDE_STYLE ('',( #4415 ) ) ;
#8118 = CIRCLE ( 'NONE', #8686, 0.08000000000000020983 ) ;
#8119 = COLOUR_RGB ( '',0.8313725490196077761, 0.8313725490196077761, 0.8313725490196077761 ) ;
#8120 = CARTESIAN_POINT ( 'NONE',  ( 0.8924999999999999600, -3.220000000000000195, 0.2500000000000000000 ) ) ;
#8121 = CARTESIAN_POINT ( 'NONE',  ( -0.8924999999999999600, 2.507499999999999840, 0.000000000000000000 ) ) ;
#8122 = ORIENTED_EDGE ( 'NONE', *, *, #7273, .T. ) ;
#8123 = DIRECTION ( 'NONE',  ( -0.000000000000000000, -0.000000000000000000, -1.000000000000000000 ) ) ;
#8124 = UNCERTAINTY_MEASURE_WITH_UNIT (LENGTH_MEASURE( 1.000000000000000082E-05 ), #3113, 'distance_accuracy_value', 'NONE');
#8125 = DIRECTION ( 'NONE',  ( -0.000000000000000000, -1.000000000000000000, -0.000000000000000000 ) ) ;
#8126 = ORIENTED_EDGE ( 'NONE', *, *, #6953, .F. ) ;
#8127 = CARTESIAN_POINT ( 'NONE',  ( 0.4150000000000003131, -2.657500000000000195, 0.000000000000000000 ) ) ;
#8128 = ORIENTED_EDGE ( 'NONE', *, *, #4308, .F. ) ;
#8129 = FILL_AREA_STYLE_COLOUR ( '', #9331 ) ;
#8130 = VECTOR ( 'NONE', #5879, 1000.000000000000000 ) ;
#8131 = SURFACE_SIDE_STYLE ('',( #6260 ) ) ;
#8132 = EDGE_CURVE ( 'NONE', #11716, #5764, #8937, .T. ) ;
#8133 = STYLED_ITEM ( 'NONE', ( #2176 ), #8205 ) ;
#8134 = STYLED_ITEM ( 'NONE', ( #7207 ), #7447 ) ;
#8135 = ORIENTED_EDGE ( 'NONE', *, *, #2959, .T. ) ;
#8136 = PRESENTATION_STYLE_ASSIGNMENT (( #5438 ) ) ;
#8137 = CARTESIAN_POINT ( 'NONE',  ( 2.481424832439820261, -0.1799999999999990774, 0.000000000000000000 ) ) ;
#8138 = MECHANICAL_DESIGN_GEOMETRIC_PRESENTATION_REPRESENTATION (  '', ( #11832 ), #7152 ) ;
#8139 = FILL_AREA_STYLE ('',( #4436 ) ) ;
#8140 =( NAMED_UNIT ( * ) SI_UNIT ( $, .STERADIAN. ) SOLID_ANGLE_UNIT ( ) );
#8141 = ORIENTED_EDGE ( 'NONE', *, *, #1509, .T. ) ;
#8142 = DIRECTION ( 'NONE',  ( 0.7071067811865475727, 0.7071067811865475727, 0.000000000000000000 ) ) ;
#8143 = ORIENTED_EDGE ( 'NONE', *, *, #1939, .T. ) ;
#8144 = ADVANCED_FACE ( 'NONE', ( #9114 ), #5523, .T. ) ;
#8145 = EDGE_CURVE ( 'NONE', #5607, #6414, #10252, .T. ) ;
#8146 = STYLED_ITEM ( 'NONE', ( #4113 ), #7679 ) ;
#8147 = STYLED_ITEM ( 'NONE', ( #3896 ), #8565 ) ;
#8148 = PRESENTATION_STYLE_ASSIGNMENT (( #181 ) ) ;
#8149 = DIRECTION ( 'NONE',  ( 2.220446049250300065E-15, -1.000000000000000000, 0.000000000000000000 ) ) ;
#8150 = CARTESIAN_POINT ( 'NONE',  ( -2.705000000000000071, -0.1799999999999994382, 0.000000000000000000 ) ) ;
#8151 = CIRCLE ( 'NONE', #1643, 0.03749999999999976963 ) ;
#8152 = CARTESIAN_POINT ( 'NONE',  ( 0.9149999999999994804, 2.469999999999997087, 0.2500000000000000000 ) ) ;
#8153 = CARTESIAN_POINT ( 'NONE',  ( -2.381424832439820172, -0.07999999999999891920, 0.2500000000000000000 ) ) ;
#8154 = SURFACE_STYLE_USAGE ( .BOTH. , #852 ) ;
#8155 = EDGE_CURVE ( 'NONE', #7877, #8615, #8998, .T. ) ;
#8156 = FACE_OUTER_BOUND ( 'NONE', #7471, .T. ) ;
#8157 = EDGE_LOOP ( 'NONE', ( #1242, #655, #5471, #658 ) ) ;
#8158 = SURFACE_STYLE_FILL_AREA ( #9951 ) ;
#8159 = DIRECTION ( 'NONE',  ( -0.7071067811865474617, 0.7071067811865474617, -0.000000000000000000 ) ) ;
#8160 = VECTOR ( 'NONE', #2781, 1000.000000000000000 ) ;
#8161 = DIRECTION ( 'NONE',  ( 1.000000000000000000, 0.000000000000000000, 0.000000000000000000 ) ) ;
#8162 = DIRECTION ( 'NONE',  ( 1.000000000000000000, -0.000000000000000000, 0.000000000000000000 ) ) ;
#8163 = PRESENTATION_STYLE_ASSIGNMENT (( #7935 ) ) ;
#8164 = DIRECTION ( 'NONE',  ( -0.2974806214264160142, 0.8622610147216600573, -0.4098917202956492423 ) ) ;
#8165 =( NAMED_UNIT ( * ) PLANE_ANGLE_UNIT ( ) SI_UNIT ( $, .RADIAN. ) );
#8166 = ORIENTED_EDGE ( 'NONE', *, *, #6071, .F. ) ;
#8167 = ORIENTED_EDGE ( 'NONE', *, *, #7640, .F. ) ;
#8168 = CARTESIAN_POINT ( 'NONE',  ( 0.3550000000000000377, 2.770000000000000018, 0.2500000000000000000 ) ) ;
#8169 = CARTESIAN_POINT ( 'NONE',  ( 2.185000000000000497, 0.02000000000000060410, 0.2500000000000000000 ) ) ;
#8170 = DIRECTION ( 'NONE',  ( 1.000000000000000000, 0.000000000000000000, -0.000000000000000000 ) ) ;
#8171 = DIRECTION ( 'NONE',  ( -0.000000000000000000, -0.000000000000000000, -1.000000000000000000 ) ) ;
#8172 = DIRECTION ( 'NONE',  ( 0.000000000000000000, -1.000000000000000000, -0.000000000000000000 ) ) ;
#8173 = SURFACE_STYLE_FILL_AREA ( #3641 ) ;
#8174 = PRESENTATION_LAYER_ASSIGNMENT (  '', '', ( #1491 ) ) ;
#8175 = ORIENTED_EDGE ( 'NONE', *, *, #8424, .T. ) ;
#8176 = CARTESIAN_POINT ( 'NONE',  ( -0.8549999999999999822, -2.657500000000000195, 0.000000000000000000 ) ) ;
#8177 = EDGE_CURVE ( 'NONE', #6125, #7292, #9050, .T. ) ;
#8178 = CARTESIAN_POINT ( 'NONE',  ( -2.185000000000000497, -1.080000000000000071, 0.000000000000000000 ) ) ;
#8179 = VERTEX_POINT ( 'NONE', #6348 ) ;
#8180 =( GEOMETRIC_REPRESENTATION_CONTEXT ( 3 ) GLOBAL_UNCERTAINTY_ASSIGNED_CONTEXT ( ( #908 ) ) GLOBAL_UNIT_ASSIGNED_CONTEXT ( ( #10506, #2476, #1386 ) ) REPRESENTATION_CONTEXT ( 'NONE', 'WORKASPACE' ) );
#8181 = DIRECTION ( 'NONE',  ( 1.000000000000000000, 0.000000000000000000, 0.000000000000000000 ) ) ;
#8182 = VECTOR ( 'NONE', #6798, 1000.000000000000000 ) ;
#8183 = ORIENTED_EDGE ( 'NONE', *, *, #6306, .T. ) ;
#8184 = CARTESIAN_POINT ( 'NONE',  ( -2.149999999999999467, 2.419999999999999929, 0.000000000000000000 ) ) ;
#8185 = DIRECTION ( 'NONE',  ( 0.000000000000000000, 0.000000000000000000, 1.000000000000000000 ) ) ;
#8186 = CIRCLE ( 'NONE', #9336, 0.08000000000000020983 ) ;
#8187 = DIRECTION ( 'NONE',  ( 0.000000000000000000, 0.000000000000000000, 1.000000000000000000 ) ) ;
#8188 = ORIENTED_EDGE ( 'NONE', *, *, #2881, .T. ) ;
#8189 = MECHANICAL_DESIGN_GEOMETRIC_PRESENTATION_REPRESENTATION (  '', ( #4736 ), #1685 ) ;
#8190 = SURFACE_SIDE_STYLE ('',( #7293 ) ) ;
#8191 = FACE_OUTER_BOUND ( 'NONE', #2756, .T. ) ;
#8192 = CARTESIAN_POINT ( 'NONE',  ( -0.3775000000000000022, -2.782500000000000195, 0.000000000000000000 ) ) ;
#8193 = ORIENTED_EDGE ( 'NONE', *, *, #11018, .F. ) ;
#8194 = PRESENTATION_STYLE_ASSIGNMENT (( #5444 ) ) ;
#8195 = STYLED_ITEM ( 'NONE', ( #8767 ), #6589 ) ;
#8196 = CARTESIAN_POINT ( 'NONE',  ( 1.905000000000000027, 2.470000000000000195, 0.000000000000000000 ) ) ;
#8197 = ORIENTED_EDGE ( 'NONE', *, *, #3124, .T. ) ;
#8198 = STYLED_ITEM ( 'NONE', ( #7603 ), #4764 ) ;
#8199 =( NAMED_UNIT ( * ) SI_UNIT ( $, .STERADIAN. ) SOLID_ANGLE_UNIT ( ) );
#8200 = COLOUR_RGB ( '',0.8313725490196077761, 0.8313725490196077761, 0.8313725490196077761 ) ;
#8201 = CARTESIAN_POINT ( 'NONE',  ( 0.4149999999999999800, -2.657500000000000195, 0.000000000000000000 ) ) ;
#8202 = CARTESIAN_POINT ( 'NONE',  ( -2.125000000000000000, -2.782500000000000195, 0.000000000000000000 ) ) ;
#8203 = ADVANCED_FACE ( 'NONE', ( #10022 ), #4579, .F. ) ;
#8204 = COLOUR_RGB ( '',0.2862745098039215508, 0.2862745098039215508, 0.2862745098039215508 ) ;
#8205 = ADVANCED_FACE ( 'NONE', ( #10149 ), #9295, .F. ) ;
#8206 = ORIENTED_EDGE ( 'NONE', *, *, #7007, .T. ) ;
#8207 = AXIS2_PLACEMENT_3D ( 'NONE', #3270, #6840, #568 ) ;
#8208 = UNCERTAINTY_MEASURE_WITH_UNIT (LENGTH_MEASURE( 1.000000000000000082E-05 ), #10029, 'distance_accuracy_value', 'NONE');
#8209 = CARTESIAN_POINT ( 'NONE',  ( -1.625000000000000222, 2.419999999999999929, 0.000000000000000000 ) ) ;
#8210 = SURFACE_STYLE_FILL_AREA ( #3615 ) ;
#8211 = ORIENTED_EDGE ( 'NONE', *, *, #11778, .F. ) ;
#8212 = COLOUR_RGB ( '',0.2862745098039215508, 0.2862745098039215508, 0.2862745098039215508 ) ;
#8213 = DIRECTION ( 'NONE',  ( 0.000000000000000000, -0.000000000000000000, -1.000000000000000000 ) ) ;
#8214 = VECTOR ( 'NONE', #9405, 1000.000000000000000 ) ;
#8215 = EDGE_CURVE ( 'NONE', #7269, #5231, #266, .T. ) ;
#8216 =( LENGTH_UNIT ( ) NAMED_UNIT ( * ) SI_UNIT ( .MILLI., .METRE. ) );
#8217 = DIRECTION ( 'NONE',  ( 0.000000000000000000, -0.000000000000000000, -1.000000000000000000 ) ) ;
#8218 = FILL_AREA_STYLE ('',( #4576 ) ) ;
#8219 = SURFACE_SIDE_STYLE ('',( #4578 ) ) ;
#8220 = FILL_AREA_STYLE_COLOUR ( '', #10668 ) ;
#8221 = VERTEX_POINT ( 'NONE', #4854 ) ;
#8222 = DIRECTION ( 'NONE',  ( -0.000000000000000000, -1.000000000000000000, -0.000000000000000000 ) ) ;
#8223 = VERTEX_POINT ( 'NONE', #7496 ) ;
#8224 = PLANE ( 'NONE',  #7908 ) ;
#8225 = LINE ( 'NONE', #7445, #2479 ) ;
#8226 = DIRECTION ( 'NONE',  ( -0.000000000000000000, 0.000000000000000000, 1.000000000000000000 ) ) ;
#8227 = PLANE ( 'NONE',  #5718 ) ;
#8228 = DIRECTION ( 'NONE',  ( -0.000000000000000000, -0.000000000000000000, -1.000000000000000000 ) ) ;
#8229 = VECTOR ( 'NONE', #4339, 1000.000000000000000 ) ;
#8230 = CARTESIAN_POINT ( 'NONE',  ( -1.685000000000000275, -2.657500000000000195, 0.000000000000000000 ) ) ;
#8231 = ORIENTED_EDGE ( 'NONE', *, *, #8900, .F. ) ;
#8232 = PRESENTATION_STYLE_ASSIGNMENT (( #9066 ) ) ;
#8233 = UNCERTAINTY_MEASURE_WITH_UNIT (LENGTH_MEASURE( 1.000000000000000082E-05 ), #631, 'distance_accuracy_value', 'NONE');
#8234 = DIRECTION ( 'NONE',  ( 2.942707192958180530E-16, -1.000000000000000000, -5.321281451659782519E-17 ) ) ;
#8235 =( NAMED_UNIT ( * ) PLANE_ANGLE_UNIT ( ) SI_UNIT ( $, .RADIAN. ) );
#8236 = LINE ( 'NONE', #9130, #3715 ) ;
#8237 = ORIENTED_EDGE ( 'NONE', *, *, #11223, .F. ) ;
#8238 = LINE ( 'NONE', #9010, #3483 ) ;
#8239 = ORIENTED_EDGE ( 'NONE', *, *, #816, .T. ) ;
#8240 = CARTESIAN_POINT ( 'NONE',  ( -0.3549999999999999822, 2.469999999999989981, 0.000000000000000000 ) ) ;
#8241 = VECTOR ( 'NONE', #7512, 1000.000000000000000 ) ;
#8242 = DIRECTION ( 'NONE',  ( -0.000000000000000000, -0.000000000000000000, -1.000000000000000000 ) ) ;
#8243 = VERTEX_POINT ( 'NONE', #5821 ) ;
#8244 = DIRECTION ( 'NONE',  ( 0.000000000000000000, 0.000000000000000000, 1.000000000000000000 ) ) ;
#8245 = UNCERTAINTY_MEASURE_WITH_UNIT (LENGTH_MEASURE( 1.000000000000000082E-05 ), #1701, 'distance_accuracy_value', 'NONE');
#8246 = CARTESIAN_POINT ( 'NONE',  ( 2.162500000000000089, -3.220000000000000195, 0.000000000000000000 ) ) ;
#8247 = ORIENTED_EDGE ( 'NONE', *, *, #3094, .T. ) ;
#8248 = CARTESIAN_POINT ( 'NONE',  ( 1.905000000000000027, 2.419999999999999929, 0.000000000000000000 ) ) ;
#8249 =( LENGTH_UNIT ( ) NAMED_UNIT ( * ) SI_UNIT ( .MILLI., .METRE. ) );
#8250 = ORIENTED_EDGE ( 'NONE', *, *, #2964, .T. ) ;
#8251 = EDGE_CURVE ( 'NONE', #10189, #2830, #2842, .T. ) ;
#8252 =( GEOMETRIC_REPRESENTATION_CONTEXT ( 3 ) GLOBAL_UNCERTAINTY_ASSIGNED_CONTEXT ( ( #3582 ) ) GLOBAL_UNIT_ASSIGNED_CONTEXT ( ( #9041, #8037, #6226 ) ) REPRESENTATION_CONTEXT ( 'NONE', 'WORKASPACE' ) );
#8253 = PRESENTATION_STYLE_ASSIGNMENT (( #11061 ) ) ;
#8254 =( GEOMETRIC_REPRESENTATION_CONTEXT ( 3 ) GLOBAL_UNCERTAINTY_ASSIGNED_CONTEXT ( ( #11374 ) ) GLOBAL_UNIT_ASSIGNED_CONTEXT ( ( #3264, #9718, #7252 ) ) REPRESENTATION_CONTEXT ( 'NONE', 'WORKASPACE' ) );
#8255 =( NAMED_UNIT ( * ) PLANE_ANGLE_UNIT ( ) SI_UNIT ( $, .RADIAN. ) );
#8256 = ORIENTED_EDGE ( 'NONE', *, *, #11415, .F. ) ;
#8257 = DIRECTION ( 'NONE',  ( 1.000000000000000000, 0.000000000000000000, -0.000000000000000000 ) ) ;
#8258 = FILL_AREA_STYLE_COLOUR ( '', #1128 ) ;
#8259 = AXIS2_PLACEMENT_3D ( 'NONE', #3829, #9189, #7453 ) ;
#8260 = VECTOR ( 'NONE', #6820, 1000.000000000000000 ) ;
#8261 = EDGE_LOOP ( 'NONE', ( #8954, #2286, #5294, #1471, #5179, #8471, #11564, #11351, #7441, #4522 ) ) ;
#8262 = SURFACE_STYLE_FILL_AREA ( #4621 ) ;
#8263 = EDGE_CURVE ( 'NONE', #6698, #8356, #1943, .T. ) ;
#8264 = COLOUR_RGB ( '',0.2862745098039215508, 0.2862745098039215508, 0.2862745098039215508 ) ;
#8265 = CARTESIAN_POINT ( 'NONE',  ( 2.185000000000000497, -0.6799999999999990496, 0.000000000000000000 ) ) ;
#8266 = EDGE_CURVE ( 'NONE', #145, #11417, #1094, .T. ) ;
#8267 = ADVANCED_FACE ( 'NONE', ( #2120 ), #11201, .T. ) ;
#8268 = MECHANICAL_DESIGN_GEOMETRIC_PRESENTATION_REPRESENTATION (  '', ( #9221 ), #5216 ) ;
#8269 = FILL_AREA_STYLE ('',( #2115 ) ) ;
#8270 = DIRECTION ( 'NONE',  ( -1.000000000000000000, 0.000000000000000000, -0.000000000000000000 ) ) ;
#8271 = VECTOR ( 'NONE', #5617, 1000.000000000000000 ) ;
#8272 =( NAMED_UNIT ( * ) PLANE_ANGLE_UNIT ( ) SI_UNIT ( $, .RADIAN. ) );
#8273 =( NAMED_UNIT ( * ) SI_UNIT ( $, .STERADIAN. ) SOLID_ANGLE_UNIT ( ) );
#8274 =( NAMED_UNIT ( * ) PLANE_ANGLE_UNIT ( ) SI_UNIT ( $, .RADIAN. ) );
#8275 = ORIENTED_EDGE ( 'NONE', *, *, #3842, .T. ) ;
#8276 =( NAMED_UNIT ( * ) PLANE_ANGLE_UNIT ( ) SI_UNIT ( $, .RADIAN. ) );
#8277 = EDGE_CURVE ( 'NONE', #7145, #4144, #8633, .T. ) ;
#8278 = EDGE_CURVE ( 'NONE', #5607, #5479, #4876, .T. ) ;
#8279 = VECTOR ( 'NONE', #8482, 1000.000000000000000 ) ;
#8280 = ORIENTED_EDGE ( 'NONE', *, *, #900, .T. ) ;
#8281 = LINE ( 'NONE', #1285, #11780 ) ;
#8282 = VECTOR ( 'NONE', #5246, 1000.000000000000000 ) ;
#8283 = CARTESIAN_POINT ( 'NONE',  ( -0.9150000000000000355, 2.419999999999999929, 0.2500000000000000000 ) ) ;
#8284 = CARTESIAN_POINT ( 'NONE',  ( -0.3775000000000000022, -2.620000000000000107, 0.000000000000000000 ) ) ;
#8285 = ORIENTED_EDGE ( 'NONE', *, *, #3488, .F. ) ;
#8286 = VECTOR ( 'NONE', #8550, 1000.000000000000000 ) ;
#8287 = LINE ( 'NONE', #7507, #2538 ) ;
#8288 = FACE_OUTER_BOUND ( 'NONE', #1411, .T. ) ;
#8289 = ORIENTED_EDGE ( 'NONE', *, *, #1545, .F. ) ;
#8290 = LINE ( 'NONE', #11163, #6903 ) ;
#8291 = EDGE_CURVE ( 'NONE', #2141, #3976, #11441, .T. ) ;
#8292 = VERTEX_POINT ( 'NONE', #5995 ) ;
#8293 = CARTESIAN_POINT ( 'NONE',  ( -1.647500000000000187, 2.819999999999999840, 0.000000000000000000 ) ) ;
#8294 = LINE ( 'NONE', #11350, #1996 ) ;
#8295 = AXIS2_PLACEMENT_3D ( 'NONE', #9590, #712, #9876 ) ;
#8296 = ORIENTED_EDGE ( 'NONE', *, *, #8917, .T. ) ;
#8297 = COLOUR_RGB ( '',0.2862745098039215508, 0.2862745098039215508, 0.2862745098039215508 ) ;
#8298 = CARTESIAN_POINT ( 'NONE',  ( -1.625000000000000222, 5.551115123125779744E-16, 0.000000000000000000 ) ) ;
#8299 = EDGE_LOOP ( 'NONE', ( #2472, #6297, #6551, #9379, #364, #8548 ) ) ;
#8300 = FILL_AREA_STYLE_COLOUR ( '', #5610 ) ;
#8301 = LINE ( 'NONE', #2814, #4828 ) ;
#8302 = ORIENTED_EDGE ( 'NONE', *, *, #8349, .F. ) ;
#8303 = DIRECTION ( 'NONE',  ( 1.000000000000000000, 0.000000000000000000, 0.000000000000000000 ) ) ;
#8304 = EDGE_CURVE ( 'NONE', #9464, #7534, #7673, .T. ) ;
#8305 = SURFACE_STYLE_USAGE ( .BOTH. , #904 ) ;
#8306 = COLOUR_RGB ( '',0.8313725490196077761, 0.8313725490196077761, 0.8313725490196077761 ) ;
#8307 =( NAMED_UNIT ( * ) PLANE_ANGLE_UNIT ( ) SI_UNIT ( $, .RADIAN. ) );
#8308 = LINE ( 'NONE', #7187, #10257 ) ;
#8309 = CARTESIAN_POINT ( 'NONE',  ( -0.3775000000000000022, 2.469999999999998419, 0.000000000000000000 ) ) ;
#8310 = EDGE_LOOP ( 'NONE', ( #5255, #11819, #8063, #6141 ) ) ;
#8311 = PRESENTATION_LAYER_ASSIGNMENT (  '', '', ( #1635 ) ) ;
#8312 = DIRECTION ( 'NONE',  ( 1.000000000000000000, 0.000000000000000000, 0.000000000000000000 ) ) ;
#8313 = VERTEX_POINT ( 'NONE', #9604 ) ;
#8314 = DIRECTION ( 'NONE',  ( -0.000000000000000000, 1.000000000000000000, 0.000000000000000000 ) ) ;
#8315 = FILL_AREA_STYLE ('',( #10077 ) ) ;
#8316 = ORIENTED_EDGE ( 'NONE', *, *, #8177, .F. ) ;
#8317 = DIRECTION ( 'NONE',  ( 0.000000000000000000, 1.000000000000000000, -0.000000000000000000 ) ) ;
#8318 =( NAMED_UNIT ( * ) PLANE_ANGLE_UNIT ( ) SI_UNIT ( $, .RADIAN. ) );
#8319 = CARTESIAN_POINT ( 'NONE',  ( -2.574999999999999289, -0.1799999999999992162, 0.2499999999999998890 ) ) ;
#8320 = MECHANICAL_DESIGN_GEOMETRIC_PRESENTATION_REPRESENTATION (  '', ( #696 ), #9682 ) ;
#8321 = DIRECTION ( 'NONE',  ( -1.000000000000000000, 0.000000000000000000, 0.000000000000000000 ) ) ;
#8322 = AXIS2_PLACEMENT_3D ( 'NONE', #1076, #9334, #5978 ) ;
#8323 = MECHANICAL_DESIGN_GEOMETRIC_PRESENTATION_REPRESENTATION (  '', ( #11631 ), #6604 ) ;
#8324 = CARTESIAN_POINT ( 'NONE',  ( 0.3775000000000000022, -2.819999999999999840, 0.000000000000000000 ) ) ;
#8325 = UNCERTAINTY_MEASURE_WITH_UNIT (LENGTH_MEASURE( 1.000000000000000082E-05 ), #9857, 'distance_accuracy_value', 'NONE');
#8326 = CYLINDRICAL_SURFACE ( 'NONE', #6533, 0.03750000000000031780 ) ;
#8327 = DIRECTION ( 'NONE',  ( 0.000000000000000000, 0.000000000000000000, 1.000000000000000000 ) ) ;
#8328 = FACE_OUTER_BOUND ( 'NONE', #1848, .T. ) ;
#8329 = COLOUR_RGB ( '',0.8313725490196077761, 0.8313725490196077761, 0.8313725490196077761 ) ;
#8330 = EDGE_CURVE ( 'NONE', #5605, #3774, #8748, .T. ) ;
#8331 = SURFACE_STYLE_USAGE ( .BOTH. , #204 ) ;
#8332 = ORIENTED_EDGE ( 'NONE', *, *, #4894, .F. ) ;
#8333 =( NAMED_UNIT ( * ) SI_UNIT ( $, .STERADIAN. ) SOLID_ANGLE_UNIT ( ) );
#8334 =( GEOMETRIC_REPRESENTATION_CONTEXT ( 3 ) GLOBAL_UNCERTAINTY_ASSIGNED_CONTEXT ( ( #6312 ) ) GLOBAL_UNIT_ASSIGNED_CONTEXT ( ( #7634, #1892, #3826 ) ) REPRESENTATION_CONTEXT ( 'NONE', 'WORKASPACE' ) );
#8335 = ORIENTED_EDGE ( 'NONE', *, *, #1624, .T. ) ;
#8336 = CARTESIAN_POINT ( 'NONE',  ( 0.3774999999999999467, -2.820000000000000284, 0.000000000000000000 ) ) ;
#8337 =( GEOMETRIC_REPRESENTATION_CONTEXT ( 3 ) GLOBAL_UNCERTAINTY_ASSIGNED_CONTEXT ( ( #9667 ) ) GLOBAL_UNIT_ASSIGNED_CONTEXT ( ( #11075, #11012, #7431 ) ) REPRESENTATION_CONTEXT ( 'NONE', 'WORKASPACE' ) );
#8338 = DIRECTION ( 'NONE',  ( -0.000000000000000000, -0.000000000000000000, -1.000000000000000000 ) ) ;
#8339 = SURFACE_SIDE_STYLE ('',( #10338 ) ) ;
#8340 = DIRECTION ( 'NONE',  ( -0.000000000000000000, -0.000000000000000000, -1.000000000000000000 ) ) ;
#8341 = EDGE_CURVE ( 'NONE', #1332, #11791, #9655, .T. ) ;
#8342 = VECTOR ( 'NONE', #3812, 1000.000000000000000 ) ;
#8343 = LINE ( 'NONE', #7503, #293 ) ;
#8344 = EDGE_CURVE ( 'NONE', #8292, #1308, #5274, .T. ) ;
#8345 = SURFACE_STYLE_USAGE ( .BOTH. , #279 ) ;
#8346 = ORIENTED_EDGE ( 'NONE', *, *, #6441, .F. ) ;
#8347 = PLANE ( 'NONE',  #8259 ) ;
#8348 = UNCERTAINTY_MEASURE_WITH_UNIT (LENGTH_MEASURE( 1.000000000000000082E-05 ), #8489, 'distance_accuracy_value', 'NONE');
#8349 = EDGE_CURVE ( 'NONE', #6036, #7661, #9704, .T. ) ;
#8350 = CARTESIAN_POINT ( 'NONE',  ( 2.481424832439820261, -0.5799999999999989608, 0.000000000000000000 ) ) ;
#8351 = EDGE_LOOP ( 'NONE', ( #2044, #11460, #10037, #9383 ) ) ;
#8352 = ORIENTED_EDGE ( 'NONE', *, *, #900, .F. ) ;
#8353 = PRESENTATION_LAYER_ASSIGNMENT (  '', '', ( #1092 ) ) ;
#8354 = CYLINDRICAL_SURFACE ( 'NONE', #3636, 0.07999999999999986289 ) ;
#8355 = CARTESIAN_POINT ( 'NONE',  ( 2.427844933809971906, -2.554456236527852031, 1.040354425807746175 ) ) ;
#8356 = VERTEX_POINT ( 'NONE', #8806 ) ;
#8357 = ADVANCED_FACE ( 'NONE', ( #9721 ), #4167, .T. ) ;
#8358 = DIRECTION ( 'NONE',  ( -0.9840406976462909849, 0.000000000000000000, -0.1779435454738416966 ) ) ;
#8359 = SURFACE_STYLE_FILL_AREA ( #290 ) ;
#8360 = CARTESIAN_POINT ( 'NONE',  ( 1.685000000000000053, 2.740000000000000213, 0.000000000000000000 ) ) ;
#8361 = EDGE_LOOP ( 'NONE', ( #9872, #10543, #6194, #2714 ) ) ;
#8362 = PRESENTATION_LAYER_ASSIGNMENT (  '', '', ( #3805 ) ) ;
#8363 = CARTESIAN_POINT ( 'NONE',  ( 2.495844503146077198, -2.739996656942671471, 0.2500184873492060644 ) ) ;
#8364 = CARTESIAN_POINT ( 'NONE',  ( 2.574999999999999734, -0.5799999999999989608, 0.000000000000000000 ) ) ;
#8365 = ORIENTED_EDGE ( 'NONE', *, *, #3399, .F. ) ;
#8366 = DIRECTION ( 'NONE',  ( 1.000000000000000000, -0.000000000000000000, 0.000000000000000000 ) ) ;
#8367 = SURFACE_STYLE_USAGE ( .BOTH. , #47 ) ;
#8368 = AXIS2_PLACEMENT_3D ( 'NONE', #9802, #494, #9923 ) ;
#8369 = PLANE ( 'NONE',  #8971 ) ;
#8370 = PRESENTATION_LAYER_ASSIGNMENT (  '', '', ( #7614 ) ) ;
#8371 = EDGE_LOOP ( 'NONE', ( #10203, #2461, #1370, #3857 ) ) ;
#8372 = PRESENTATION_LAYER_ASSIGNMENT (  '', '', ( #6081 ) ) ;
#8373 = STYLED_ITEM ( 'NONE', ( #11680 ), #5934 ) ;
#8374 = CARTESIAN_POINT ( 'NONE',  ( -2.354463867161250334, -2.519463867161249926, 1.020000000000000018 ) ) ;
#8375 = VERTEX_POINT ( 'NONE', #5742 ) ;
#8376 = PRESENTATION_STYLE_ASSIGNMENT (( #5683 ) ) ;
#8377 = ORIENTED_EDGE ( 'NONE', *, *, #8975, .F. ) ;
#8378 = SURFACE_STYLE_FILL_AREA ( #2827 ) ;
#8379 = DIRECTION ( 'NONE',  ( 0.000000000000000000, 1.000000000000000000, 0.000000000000000000 ) ) ;
#8380 = PRODUCT ( 'IAUC120N04S6L008ATMA1', 'IAUC120N04S6L008ATMA1', '', ( #6897 ) ) ;
#8381 = MECHANICAL_DESIGN_GEOMETRIC_PRESENTATION_REPRESENTATION (  '', ( #10519 ), #10925 ) ;
#8382 =( NAMED_UNIT ( * ) PLANE_ANGLE_UNIT ( ) SI_UNIT ( $, .RADIAN. ) );
#8383 = VERTEX_POINT ( 'NONE', #306 ) ;
#8384 = CARTESIAN_POINT ( 'NONE',  ( 0.8549999999999998712, -2.740000000000000213, 0.000000000000000000 ) ) ;
#8385 = CARTESIAN_POINT ( 'NONE',  ( -1.647500000000000187, -3.220000000000000195, 0.000000000000000000 ) ) ;
#8386 = CIRCLE ( 'NONE', #9566, 0.03750000000000020678 ) ;
#8387 = PRESENTATION_STYLE_ASSIGNMENT (( #199 ) ) ;
#8388 =( NAMED_UNIT ( * ) SI_UNIT ( $, .STERADIAN. ) SOLID_ANGLE_UNIT ( ) );
#8389 = DIRECTION ( 'NONE',  ( 1.000000000000000000, -0.000000000000000000, -0.000000000000000000 ) ) ;
#8390 = CARTESIAN_POINT ( 'NONE',  ( -0.4149999999999999800, 2.507499999999999840, 0.000000000000000000 ) ) ;
#8391 = LINE ( 'NONE', #1220, #871 ) ;
#8392 = PRESENTATION_LAYER_ASSIGNMENT (  '', '', ( #4577 ) ) ;
#8393 = PRESENTATION_STYLE_ASSIGNMENT (( #143 ) ) ;
#8394 = DIRECTION ( 'NONE',  ( 0.000000000000000000, 0.000000000000000000, 1.000000000000000000 ) ) ;
#8395 = ORIENTED_EDGE ( 'NONE', *, *, #8709, .T. ) ;
#8396 = CARTESIAN_POINT ( 'NONE',  ( 0.8549999999999999822, -2.782500000000000195, 0.000000000000000000 ) ) ;
#8397 = VECTOR ( 'NONE', #5785, 1000.000000000000000 ) ;
#8398 = ORIENTED_EDGE ( 'NONE', *, *, #7020, .F. ) ;
#8399 = FILL_AREA_STYLE ('',( #8518 ) ) ;
#8400 = DIRECTION ( 'NONE',  ( 0.1751915364254250929, -0.1751915364254240937, 0.9688218882383894393 ) ) ;
#8401 = VECTOR ( 'NONE', #8242, 1000.000000000000000 ) ;
#8402 = PLANE ( 'NONE',  #876 ) ;
#8403 = VERTEX_POINT ( 'NONE', #6571 ) ;
#8404 = PRESENTATION_STYLE_ASSIGNMENT (( #92 ) ) ;
#8405 = CIRCLE ( 'NONE', #11919, 0.07999999999999998779 ) ;
#8406 = FILL_AREA_STYLE_COLOUR ( '', #1109 ) ;
#8407 = EDGE_LOOP ( 'NONE', ( #7480, #3368, #8995, #8597 ) ) ;
#8408 = EDGE_LOOP ( 'NONE', ( #1718, #1959, #5997, #5804 ) ) ;
#8409 = EDGE_CURVE ( 'NONE', #515, #11400, #3858, .T. ) ;
#8410 = FACE_OUTER_BOUND ( 'NONE', #2813, .T. ) ;
#8411 = CARTESIAN_POINT ( 'NONE',  ( 2.399623984414026356, -2.636255932742945340, 1.001469427380571764 ) ) ;
#8412 = VECTOR ( 'NONE', #4973, 1000.000000000000000 ) ;
#8413 = ADVANCED_FACE ( 'NONE', ( #4830 ), #10191, .F. ) ;
#8414 = ADVANCED_FACE ( 'NONE', ( #5625 ), #11307, .F. ) ;
#8415 = ORIENTED_EDGE ( 'NONE', *, *, #10505, .F. ) ;
#8416 = SURFACE_SIDE_STYLE ('',( #4814 ) ) ;
#8417 = CARTESIAN_POINT ( 'NONE',  ( 0.8924999999999999600, -2.819999999999999840, 0.2500000000000000000 ) ) ;
#8418 = ORIENTED_EDGE ( 'NONE', *, *, #1995, .T. ) ;
#8419 = SURFACE_STYLE_USAGE ( .BOTH. , #11229 ) ;
#8420 = EDGE_LOOP ( 'NONE', ( #10318, #11396, #318, #5862 ) ) ;
#8421 = SURFACE_STYLE_FILL_AREA ( #11232 ) ;
#8422 = LINE ( 'NONE', #3851, #9720 ) ;
#8423 = EDGE_CURVE ( 'NONE', #5927, #515, #6218, .T. ) ;
#8424 = EDGE_CURVE ( 'NONE', #1955, #4964, #1073, .T. ) ;
#8425 = FACE_OUTER_BOUND ( 'NONE', #1805, .T. ) ;
#8426 =( REPRESENTATION_RELATIONSHIP ('NONE','NONE', #5283, #11142 ) REPRESENTATION_RELATIONSHIP_WITH_TRANSFORMATION ( #1517 )SHAPE_REPRESENTATION_RELATIONSHIP( ) );
#8427 = ADVANCED_FACE ( 'NONE', ( #6806 ), #10552, .T. ) ;
#8428 = ORIENTED_EDGE ( 'NONE', *, *, #167, .F. ) ;
#8429 = CIRCLE ( 'NONE', #9975, 0.03750000000000020678 ) ;
#8430 = CARTESIAN_POINT ( 'NONE',  ( 0.4149999999999999800, 2.770000000000000018, 0.2500000000000000000 ) ) ;
#8431 = DIRECTION ( 'NONE',  ( -0.5064641571633391459, -0.5064641571633282657, 0.6978453374621544913 ) ) ;
#8432 = ORIENTED_EDGE ( 'NONE', *, *, #2720, .F. ) ;
#8433 = DIRECTION ( 'NONE',  ( -0.000000000000000000, 0.000000000000000000, 1.000000000000000000 ) ) ;
#8434 = ORIENTED_EDGE ( 'NONE', *, *, #6970, .T. ) ;
#8435 = DIRECTION ( 'NONE',  ( 3.038931636747690137E-16, -1.000000000000000000, 0.000000000000000000 ) ) ;
#8436 = DIRECTION ( 'NONE',  ( 1.000000000000000000, -0.000000000000000000, 0.000000000000000000 ) ) ;
#8437 = B_SPLINE_CURVE_WITH_KNOTS ( 'NONE', 3,
 ( #9025, #8914, #9823, #10811 ),
 .UNSPECIFIED., .F., .F.,
 ( 4, 4 ),
 ( 0.000000000000000000, 1.000000000000000000 ),
 .UNSPECIFIED. ) ;
#8438 = LINE ( 'NONE', #7665, #4905 ) ;
#8439 = ORIENTED_EDGE ( 'NONE', *, *, #5349, .F. ) ;
#8440 = CARTESIAN_POINT ( 'NONE',  ( 0.3775000000000000022, -3.220000000000000195, 0.2500000000000000000 ) ) ;
#8441 = FILL_AREA_STYLE ('',( #6705 ) ) ;
#8442 = CIRCLE ( 'NONE', #9021, 0.08000000000000027922 ) ;
#8443 = FILL_AREA_STYLE_COLOUR ( '', #8039 ) ;
#8444 = CARTESIAN_POINT ( 'NONE',  ( 0.3775000000000000022, 2.820000000000000284, 0.2500000000000000000 ) ) ;
#8445 = UNCERTAINTY_MEASURE_WITH_UNIT (LENGTH_MEASURE( 1.000000000000000082E-05 ), #7820, 'distance_accuracy_value', 'NONE');
#8446 =( GEOMETRIC_REPRESENTATION_CONTEXT ( 3 ) GLOBAL_UNCERTAINTY_ASSIGNED_CONTEXT ( ( #1773 ) ) GLOBAL_UNIT_ASSIGNED_CONTEXT ( ( #9896, #6104, #11808 ) ) REPRESENTATION_CONTEXT ( 'NONE', 'WORKASPACE' ) );
#8447 = FACE_OUTER_BOUND ( 'NONE', #4071, .T. ) ;
#8448 = CYLINDRICAL_SURFACE ( 'NONE', #4141, 0.08000000000000020983 ) ;
#8449 =( NAMED_UNIT ( * ) PLANE_ANGLE_UNIT ( ) SI_UNIT ( $, .RADIAN. ) );
#8450 = PRESENTATION_LAYER_ASSIGNMENT (  '', '', ( #1777 ) ) ;
#8451 = SURFACE_STYLE_FILL_AREA ( #12 ) ;
#8452 = SURFACE_SIDE_STYLE ('',( #335 ) ) ;
#8453 = ORIENTED_EDGE ( 'NONE', *, *, #9313, .T. ) ;
#8454 = EDGE_CURVE ( 'NONE', #5722, #4152, #4323, .T. ) ;
#8455 = ORIENTED_EDGE ( 'NONE', *, *, #7092, .F. ) ;
#8456 = CARTESIAN_POINT ( 'NONE',  ( -2.400333753858187258, 2.603043993245603982, 1.040689696709084622 ) ) ;
#8457 = PRESENTATION_STYLE_ASSIGNMENT (( #10337 ) ) ;
#8458 = PRESENTATION_STYLE_ASSIGNMENT (( #6539 ) ) ;
#8459 = PRESENTATION_LAYER_ASSIGNMENT (  '', '', ( #2741 ) ) ;
#8460 =( GEOMETRIC_REPRESENTATION_CONTEXT ( 3 ) GLOBAL_UNCERTAINTY_ASSIGNED_CONTEXT ( ( #7282 ) ) GLOBAL_UNIT_ASSIGNED_CONTEXT ( ( #1504, #10509, #8505 ) ) REPRESENTATION_CONTEXT ( 'NONE', 'WORKASPACE' ) );
#8461 = AXIS2_PLACEMENT_3D ( 'NONE', #6877, #1382, #2410 ) ;
#8462 =( LENGTH_UNIT ( ) NAMED_UNIT ( * ) SI_UNIT ( .MILLI., .METRE. ) );
#8463 =( NAMED_UNIT ( * ) PLANE_ANGLE_UNIT ( ) SI_UNIT ( $, .RADIAN. ) );
#8464 = FACE_OUTER_BOUND ( 'NONE', #9344, .T. ) ;
#8465 = ORIENTED_EDGE ( 'NONE', *, *, #3842, .F. ) ;
#8466 = CARTESIAN_POINT ( 'NONE',  ( 2.125000000000000000, -2.782500000000000195, 0.000000000000000000 ) ) ;
#8467 = STYLED_ITEM ( 'NONE', ( #8194 ), #10566 ) ;
#8468 = SURFACE_STYLE_USAGE ( .BOTH. , #5660 ) ;
#8469 = PRESENTATION_LAYER_ASSIGNMENT (  '', '', ( #8841 ) ) ;
#8470 = FACE_OUTER_BOUND ( 'NONE', #893, .T. ) ;
#8471 = ORIENTED_EDGE ( 'NONE', *, *, #7909, .F. ) ;
#8472 = SURFACE_SIDE_STYLE ('',( #4870 ) ) ;
#8473 = COLOUR_RGB ( '',0.8313725490196077761, 0.8313725490196077761, 0.8313725490196077761 ) ;
#8474 = ORIENTED_EDGE ( 'NONE', *, *, #4483, .F. ) ;
#8475 = CARTESIAN_POINT ( 'NONE',  ( 2.430047276449381677, 2.516918006223030080, 1.081631277483484865 ) ) ;
#8476 = PRESENTATION_STYLE_ASSIGNMENT (( #6555 ) ) ;
#8477 = ORIENTED_EDGE ( 'NONE', *, *, #7702, .F. ) ;
#8478 =( GEOMETRIC_REPRESENTATION_CONTEXT ( 3 ) GLOBAL_UNCERTAINTY_ASSIGNED_CONTEXT ( ( #1876 ) ) GLOBAL_UNIT_ASSIGNED_CONTEXT ( ( #1430, #4199, #10606 ) ) REPRESENTATION_CONTEXT ( 'NONE', 'WORKASPACE' ) );
#8479 =( NAMED_UNIT ( * ) PLANE_ANGLE_UNIT ( ) SI_UNIT ( $, .RADIAN. ) );
#8480 = CARTESIAN_POINT ( 'NONE',  ( 0.8924999999999999600, 2.507499999999999840, 0.000000000000000000 ) ) ;
#8481 = ORIENTED_EDGE ( 'NONE', *, *, #9480, .T. ) ;
#8482 = DIRECTION ( 'NONE',  ( -1.000000000000000000, -0.000000000000000000, 0.000000000000000000 ) ) ;
#8483 = UNCERTAINTY_MEASURE_WITH_UNIT (LENGTH_MEASURE( 1.000000000000000082E-05 ), #2656, 'distance_accuracy_value', 'NONE');
#8484 = VERTEX_POINT ( 'NONE', #542 ) ;
#8485 = DIRECTION ( 'NONE',  ( -1.000000000000000000, 0.000000000000000000, 5.421010862427507971E-15 ) ) ;
#8486 = EDGE_CURVE ( 'NONE', #8179, #3115, #7780, .T. ) ;
#8487 = DIRECTION ( 'NONE',  ( 0.000000000000000000, 0.000000000000000000, 1.000000000000000000 ) ) ;
#8488 = STYLED_ITEM ( 'NONE', ( #7235 ), #9317 ) ;
#8489 =( LENGTH_UNIT ( ) NAMED_UNIT ( * ) SI_UNIT ( .MILLI., .METRE. ) );
#8490 =( GEOMETRIC_REPRESENTATION_CONTEXT ( 3 ) GLOBAL_UNCERTAINTY_ASSIGNED_CONTEXT ( ( #3933 ) ) GLOBAL_UNIT_ASSIGNED_CONTEXT ( ( #3650, #7106, #1724 ) ) REPRESENTATION_CONTEXT ( 'NONE', 'WORKASPACE' ) );
#8491 =( GEOMETRIC_REPRESENTATION_CONTEXT ( 3 ) GLOBAL_UNCERTAINTY_ASSIGNED_CONTEXT ( ( #7730 ) ) GLOBAL_UNIT_ASSIGNED_CONTEXT ( ( #10071, #8255, #11183 ) ) REPRESENTATION_CONTEXT ( 'NONE', 'WORKASPACE' ) );
#8492 = FILL_AREA_STYLE ('',( #11413 ) ) ;
#8493 =( LENGTH_UNIT ( ) NAMED_UNIT ( * ) SI_UNIT ( .MILLI., .METRE. ) );
#8494 = ORIENTED_EDGE ( 'NONE', *, *, #3840, .T. ) ;
#8495 = PRESENTATION_LAYER_ASSIGNMENT (  '', '', ( #6573 ) ) ;
#8496 = ADVANCED_FACE ( 'NONE', ( #7051 ), #1496, .F. ) ;
#8497 = LINE ( 'NONE', #1322, #654 ) ;
#8498 = ORIENTED_EDGE ( 'NONE', *, *, #10967, .T. ) ;
#8499 = EDGE_CURVE ( 'NONE', #2687, #3669, #3423, .T. ) ;
#8500 = EDGE_LOOP ( 'NONE', ( #10170, #6778, #3691, #9631 ) ) ;
#8501 = LINE ( 'NONE', #6816, #7818 ) ;
#8502 = STYLED_ITEM ( 'NONE', ( #2625 ), #7290 ) ;
#8503 = FILL_AREA_STYLE ('',( #7268 ) ) ;
#8504 = VERTEX_POINT ( 'NONE', #10494 ) ;
#8505 =( NAMED_UNIT ( * ) SI_UNIT ( $, .STERADIAN. ) SOLID_ANGLE_UNIT ( ) );
#8506 = CARTESIAN_POINT ( 'NONE',  ( -2.185000000000000497, -0.07999999999999901634, 0.000000000000000000 ) ) ;
#8507 =( GEOMETRIC_REPRESENTATION_CONTEXT ( 3 ) GLOBAL_UNCERTAINTY_ASSIGNED_CONTEXT ( ( #8573 ) ) GLOBAL_UNIT_ASSIGNED_CONTEXT ( ( #198, #9539, #322 ) ) REPRESENTATION_CONTEXT ( 'NONE', 'WORKASPACE' ) );
#8508 = CARTESIAN_POINT ( 'NONE',  ( -0.8924999999999999600, 2.469999999999999751, 0.000000000000000000 ) ) ;
#8509 = COLOUR_RGB ( '',0.2862745098039215508, 0.2862745098039215508, 0.2862745098039215508 ) ;
#8510 = DIRECTION ( 'NONE',  ( -2.155772863349820033E-16, 1.000000000000000000, 0.000000000000000000 ) ) ;
#8511 = ADVANCED_FACE ( 'NONE', ( #1670 ), #771, .T. ) ;
#8512 =( LENGTH_UNIT ( ) NAMED_UNIT ( * ) SI_UNIT ( .MILLI., .METRE. ) );
#8513 = CARTESIAN_POINT ( 'NONE',  ( 2.185000000000000497, 2.419999999999999929, 0.000000000000000000 ) ) ;
#8514 = CYLINDRICAL_SURFACE ( 'NONE', #9112, 0.03749999999999999167 ) ;
#8515 = ORIENTED_EDGE ( 'NONE', *, *, #6029, .F. ) ;
#8516 =( LENGTH_UNIT ( ) NAMED_UNIT ( * ) SI_UNIT ( .MILLI., .METRE. ) );
#8517 = ORIENTED_EDGE ( 'NONE', *, *, #9672, .F. ) ;
#8518 = FILL_AREA_STYLE_COLOUR ( '', #6940 ) ;
#8519 =( NAMED_UNIT ( * ) SI_UNIT ( $, .STERADIAN. ) SOLID_ANGLE_UNIT ( ) );
#8520 = VECTOR ( 'NONE', #2025, 1000.000000000000000 ) ;
#8521 = CARTESIAN_POINT ( 'NONE',  ( -2.185000000000000497, -0.07999999999999901634, 0.2500000000000000000 ) ) ;
#8522 = MECHANICAL_DESIGN_GEOMETRIC_PRESENTATION_REPRESENTATION (  '', ( #5855 ), #8897 ) ;
#8523 = EDGE_CURVE ( 'NONE', #9311, #9968, #3479, .T. ) ;
#8524 = SURFACE_STYLE_USAGE ( .BOTH. , #7390 ) ;
#8525 = ORIENTED_EDGE ( 'NONE', *, *, #10953, .T. ) ;
#8526 = DIRECTION ( 'NONE',  ( -0.7071067811865460184, -0.7071067811865489050, 0.000000000000000000 ) ) ;
#8527 = MECHANICAL_DESIGN_GEOMETRIC_PRESENTATION_REPRESENTATION (  '', ( #6996 ), #11643 ) ;
#8528 = LINE ( 'NONE', #3951, #11845 ) ;
#8529 = ORIENTED_EDGE ( 'NONE', *, *, #678, .T. ) ;
#8530 = ORIENTED_EDGE ( 'NONE', *, *, #2533, .T. ) ;
#8531 = DIRECTION ( 'NONE',  ( 1.000000000000000000, 0.000000000000000000, 0.000000000000000000 ) ) ;
#8532 = PRODUCT_DEFINITION_FORMATION_WITH_SPECIFIED_SOURCE ( 'ANY', '', #9555, .NOT_KNOWN. ) ;
#8533 = AXIS2_PLACEMENT_3D ( 'NONE', #9290, #4627, #6749 ) ;
#8534 = COLOUR_RGB ( '',0.2862745098039215508, 0.2862745098039215508, 0.2862745098039215508 ) ;
#8535 = VERTEX_POINT ( 'NONE', #6381 ) ;
#8536 = ADVANCED_FACE ( 'NONE', ( #5547 ), #11784, .F. ) ;
#8537 = CARTESIAN_POINT ( 'NONE',  ( 2.341368932159830329, 2.506368932159829921, 1.092415939224510080 ) ) ;
#8538 =( NAMED_UNIT ( * ) PLANE_ANGLE_UNIT ( ) SI_UNIT ( $, .RADIAN. ) );
#8539 = DIRECTION ( 'NONE',  ( 1.000000000000000000, -0.000000000000000000, 0.000000000000000000 ) ) ;
#8540 = ORIENTED_EDGE ( 'NONE', *, *, #8062, .T. ) ;
#8541 = FACE_OUTER_BOUND ( 'NONE', #7179, .T. ) ;
#8542 = VERTEX_POINT ( 'NONE', #3535 ) ;
#8543 = AXIS2_PLACEMENT_3D ( 'NONE', #6696, #4955, #7533 ) ;
#8544 = STYLED_ITEM ( 'NONE', ( #75 ), #5137 ) ;
#8545 = PLANE ( 'NONE',  #11090 ) ;
#8546 = CYLINDRICAL_SURFACE ( 'NONE', #5339, 0.03750000000000020678 ) ;
#8547 = LINE ( 'NONE', #3855, #5034 ) ;
#8548 = ORIENTED_EDGE ( 'NONE', *, *, #10596, .T. ) ;
#8549 = VECTOR ( 'NONE', #9882, 1000.000000000000000 ) ;
#8550 = DIRECTION ( 'NONE',  ( -1.000000000000000000, 9.313951548868760574E-17, -0.000000000000000000 ) ) ;
#8551 = ORIENTED_EDGE ( 'NONE', *, *, #1563, .T. ) ;
#8552 = SURFACE_SIDE_STYLE ('',( #8790 ) ) ;
#8553 = ORIENTED_EDGE ( 'NONE', *, *, #10645, .F. ) ;
#8554 = DIRECTION ( 'NONE',  ( 0.000000000000000000, 1.000000000000000000, 0.000000000000000000 ) ) ;
#8555 = CARTESIAN_POINT ( 'NONE',  ( 2.392994304293844632, 2.652943593871507133, 0.9660472879165170612 ) ) ;
#8556 = MECHANICAL_DESIGN_GEOMETRIC_PRESENTATION_REPRESENTATION (  '', ( #6261 ), #7802 ) ;
#8557 = FILL_AREA_STYLE ('',( #6044 ) ) ;
#8558 =( NAMED_UNIT ( * ) PLANE_ANGLE_UNIT ( ) SI_UNIT ( $, .RADIAN. ) );
#8559 = ORIENTED_EDGE ( 'NONE', *, *, #10097, .F. ) ;
#8560 = COLOUR_RGB ( '',0.2862745098039215508, 0.2862745098039215508, 0.2862745098039215508 ) ;
#8561 = STYLED_ITEM ( 'NONE', ( #6630 ), #5563 ) ;
#8562 = FILL_AREA_STYLE ('',( #9536 ) ) ;
#8563 = ADVANCED_FACE ( 'NONE', ( #2697 ), #9141, .T. ) ;
#8564 =( NAMED_UNIT ( * ) SI_UNIT ( $, .STERADIAN. ) SOLID_ANGLE_UNIT ( ) );
#8565 = ADVANCED_FACE ( 'NONE', ( #11113 ), #3962, .F. ) ;
#8566 = PRESENTATION_LAYER_ASSIGNMENT (  '', '', ( #549 ) ) ;
#8567 = B_SPLINE_CURVE_WITH_KNOTS ( 'NONE', 3,
 ( #3848, #7468, #8363, #11174 ),
 .UNSPECIFIED., .F., .F.,
 ( 4, 4 ),
 ( 0.000000000000000000, 1.000000000000000000 ),
 .UNSPECIFIED. ) ;
#8568 = EDGE_CURVE ( 'NONE', #1528, #7360, #10303, .T. ) ;
#8569 = EDGE_CURVE ( 'NONE', #10674, #7280, #2871, .T. ) ;
#8570 = CARTESIAN_POINT ( 'NONE',  ( -0.8925000000000000711, 2.770000000000000018, 0.2500000000000000000 ) ) ;
#8571 = CARTESIAN_POINT ( 'NONE',  ( -2.705000000000000515, -0.1799999999999992994, 0.2500000000000000000 ) ) ;
#8572 = VECTOR ( 'NONE', #7011, 1000.000000000000000 ) ;
#8573 = UNCERTAINTY_MEASURE_WITH_UNIT (LENGTH_MEASURE( 1.000000000000000082E-05 ), #198, 'distance_accuracy_value', 'NONE');
#8574 = DIRECTION ( 'NONE',  ( 0.000000000000000000, 0.000000000000000000, 1.000000000000000000 ) ) ;
#8575 = LINE ( 'NONE', #2362, #9377 ) ;
#8576 = CARTESIAN_POINT ( 'NONE',  ( -0.3775000000000000022, -2.657500000000000195, 0.000000000000000000 ) ) ;
#8577 =( GEOMETRIC_REPRESENTATION_CONTEXT ( 3 ) GLOBAL_UNCERTAINTY_ASSIGNED_CONTEXT ( ( #8208 ) ) GLOBAL_UNIT_ASSIGNED_CONTEXT ( ( #10029, #6360, #1710 ) ) REPRESENTATION_CONTEXT ( 'NONE', 'WORKASPACE' ) );
#8578 = EDGE_LOOP ( 'NONE', ( #9300, #7341, #2105, #348 ) ) ;
#8579 = SHAPE_DEFINITION_REPRESENTATION ( #171, #8640 ) ;
#8580 = DIRECTION ( 'NONE',  ( 1.000000000000000000, 0.000000000000000000, 0.000000000000000000 ) ) ;
#8581 = ORIENTED_EDGE ( 'NONE', *, *, #816, .F. ) ;
#8582 = LINE ( 'NONE', #9301, #5987 ) ;
#8583 = EDGE_CURVE ( 'NONE', #7306, #3066, #10175, .T. ) ;
#8584 = STYLED_ITEM ( 'NONE', ( #3752 ), #4724 ) ;
#8585 = FILL_AREA_STYLE_COLOUR ( '', #6647 ) ;
#8586 = CIRCLE ( 'NONE', #11701, 0.03750000000000031780 ) ;
#8587 = EDGE_CURVE ( 'NONE', #400, #4549, #2994, .T. ) ;
#8588 = SURFACE_STYLE_USAGE ( .BOTH. , #7931 ) ;
#8589 =( NAMED_UNIT ( * ) PLANE_ANGLE_UNIT ( ) SI_UNIT ( $, .RADIAN. ) );
#8590 = SURFACE_STYLE_USAGE ( .BOTH. , #9666 ) ;
#8591 = ORIENTED_EDGE ( 'NONE', *, *, #615, .F. ) ;
#8592 = DIRECTION ( 'NONE',  ( 0.000000000000000000, 0.000000000000000000, 1.000000000000000000 ) ) ;
#8593 = SURFACE_SIDE_STYLE ('',( #11344 ) ) ;
#8594 = SURFACE_STYLE_USAGE ( .BOTH. , #1357 ) ;
#8595 = ORIENTED_EDGE ( 'NONE', *, *, #3463, .F. ) ;
#8596 = CARTESIAN_POINT ( 'NONE',  ( -2.162500000000000089, 2.469999999999999751, 0.000000000000000000 ) ) ;
#8597 = ORIENTED_EDGE ( 'NONE', *, *, #5464, .T. ) ;
#8598 = STYLED_ITEM ( 'NONE', ( #10047 ), #6500 ) ;
#8599 = EDGE_CURVE ( 'NONE', #4064, #11570, #7584, .T. ) ;
#8600 = CARTESIAN_POINT ( 'NONE',  ( 0.8925000000000000711, 3.220000000000000195, 0.2500000000000000000 ) ) ;
#8601 =( NAMED_UNIT ( * ) PLANE_ANGLE_UNIT ( ) SI_UNIT ( $, .RADIAN. ) );
#8602 = DIRECTION ( 'NONE',  ( -0.000000000000000000, -0.000000000000000000, 1.000000000000000000 ) ) ;
#8603 = CARTESIAN_POINT ( 'NONE',  ( 2.433187122972953365, -2.519463867161252146, 1.034235483637910846 ) ) ;
#8604 = PRESENTATION_STYLE_ASSIGNMENT (( #9443 ) ) ;
#8605 = ORIENTED_EDGE ( 'NONE', *, *, #10430, .F. ) ;
#8606 = FILL_AREA_STYLE ('',( #531 ) ) ;
#8607 = UNCERTAINTY_MEASURE_WITH_UNIT (LENGTH_MEASURE( 1.000000000000000082E-05 ), #2431, 'distance_accuracy_value', 'NONE');
#8608 = ORIENTED_EDGE ( 'NONE', *, *, #4136, .F. ) ;
#8609 = FILL_AREA_STYLE_COLOUR ( '', #8801 ) ;
#8610 = CARTESIAN_POINT ( 'NONE',  ( 2.185000000000000497, 5.551115123125779744E-16, 0.000000000000000000 ) ) ;
#8611 = VERTEX_POINT ( 'NONE', #10359 ) ;
#8612 =( GEOMETRIC_REPRESENTATION_CONTEXT ( 3 ) GLOBAL_UNCERTAINTY_ASSIGNED_CONTEXT ( ( #4179 ) ) GLOBAL_UNIT_ASSIGNED_CONTEXT ( ( #894, #5377, #11785 ) ) REPRESENTATION_CONTEXT ( 'NONE', 'WORKASPACE' ) );
#8613 = FILL_AREA_STYLE_COLOUR ( '', #4353 ) ;
#8614 = DIRECTION ( 'NONE',  ( -0.000000000000000000, -0.000000000000000000, 1.000000000000000000 ) ) ;
#8615 = VERTEX_POINT ( 'NONE', #4706 ) ;
#8616 = CIRCLE ( 'NONE', #10355, 0.03749999999999976963 ) ;
#8617 = CARTESIAN_POINT ( 'NONE',  ( -1.685000000000000275, 2.507499999999999840, 0.000000000000000000 ) ) ;
#8618 = EDGE_LOOP ( 'NONE', ( #2553, #3339, #8352, #11713 ) ) ;
#8619 = DIRECTION ( 'NONE',  ( -1.000000000000000000, 0.000000000000000000, 0.000000000000000000 ) ) ;
#8620 = SURFACE_SIDE_STYLE ('',( #6637 ) ) ;
#8621 = DIRECTION ( 'NONE',  ( 1.000000000000000000, 0.000000000000000000, -0.000000000000000000 ) ) ;
#8622 = ORIENTED_EDGE ( 'NONE', *, *, #1920, .T. ) ;
#8623 = SURFACE_SIDE_STYLE ('',( #10564 ) ) ;
#8624 = SURFACE_SIDE_STYLE ('',( #381 ) ) ;
#8625 = FILL_AREA_STYLE_COLOUR ( '', #8534 ) ;
#8626 = VECTOR ( 'NONE', #9195, 1000.000000000000000 ) ;
#8627 = SURFACE_STYLE_FILL_AREA ( #11196 ) ;
#8628 = CARTESIAN_POINT ( 'NONE',  ( -0.6350000000000000089, -2.620000000000000551, 0.000000000000000000 ) ) ;
#8629 = LINE ( 'NONE', #1455, #6378 ) ;
#8630 = CARTESIAN_POINT ( 'NONE',  ( 1.905000000000000027, 2.470000000000000195, 0.2500000000000000000 ) ) ;
#8631 = EDGE_CURVE ( 'NONE', #9188, #7939, #6785, .T. ) ;
#8632 = DIRECTION ( 'NONE',  ( -1.000000000000000000, -0.000000000000000000, -0.000000000000000000 ) ) ;
#8633 = LINE ( 'NONE', #7734, #6404 ) ;
#8634 = PLANE ( 'NONE',  #6424 ) ;
#8635 = ORIENTED_EDGE ( 'NONE', *, *, #4002, .F. ) ;
#8636 = DIRECTION ( 'NONE',  ( 0.000000000000000000, 0.000000000000000000, 1.000000000000000000 ) ) ;
#8637 = ADVANCED_FACE ( 'NONE', ( #11169 ), #11292, .F. ) ;
#8638 = DIRECTION ( 'NONE',  ( 1.000000000000000000, 0.000000000000000000, 0.000000000000000000 ) ) ;
#8639 = EDGE_CURVE ( 'NONE', #10619, #7231, #528, .T. ) ;
#8640 = SHAPE_REPRESENTATION ( 'terminals', ( #5287 ), #1850 ) ;
#8641 = PRESENTATION_LAYER_ASSIGNMENT (  '', '', ( #4081 ) ) ;
#8642 = DIRECTION ( 'NONE',  ( 1.000000000000000000, 0.000000000000000000, 0.000000000000000000 ) ) ;
#8643 = PRESENTATION_LAYER_ASSIGNMENT (  '', '', ( #812 ) ) ;
#8644 = DIRECTION ( 'NONE',  ( 0.000000000000000000, 0.000000000000000000, 1.000000000000000000 ) ) ;
#8645 = ADVANCED_FACE ( 'NONE', ( #6859 ), #11642, .T. ) ;
#8646 = CARTESIAN_POINT ( 'NONE',  ( -1.625000000000000444, 2.469999999999997087, 0.000000000000000000 ) ) ;
#8647 = EDGE_LOOP ( 'NONE', ( #1010, #1148, #4439, #11379 ) ) ;
#8648 = SURFACE_STYLE_USAGE ( .BOTH. , #3275 ) ;
#8649 = EDGE_CURVE ( 'NONE', #2914, #5722, #5076, .T. ) ;
#8650 = CARTESIAN_POINT ( 'NONE',  ( -1.685000000000000053, -2.740000000000000213, 0.000000000000000000 ) ) ;
#8651 = CARTESIAN_POINT ( 'NONE',  ( 0.3775000000000000022, -2.620000000000000107, 0.000000000000000000 ) ) ;
#8652 = ORIENTED_EDGE ( 'NONE', *, *, #7075, .T. ) ;
#8653 = CARTESIAN_POINT ( 'NONE',  ( 2.125000000000000000, 2.507499999999999840, 0.000000000000000000 ) ) ;
#8654 = COLOUR_RGB ( '',0.8313725490196077761, 0.8313725490196077761, 0.8313725490196077761 ) ;
#8655 = EDGE_LOOP ( 'NONE', ( #1588, #1438, #7997, #3949 ) ) ;
#8656 = MECHANICAL_DESIGN_GEOMETRIC_PRESENTATION_REPRESENTATION (  '', ( #434 ), #11375 ) ;
#8657 = MECHANICAL_DESIGN_GEOMETRIC_PRESENTATION_REPRESENTATION (  '', ( #1777 ), #824 ) ;
#8658 = CARTESIAN_POINT ( 'NONE',  ( 2.415190515153784467, 2.559980999734317475, 1.061160487096284077 ) ) ;
#8659 = DIRECTION ( 'NONE',  ( 1.000000000000000000, 0.000000000000000000, -0.000000000000000000 ) ) ;
#8660 = ORIENTED_EDGE ( 'NONE', *, *, #3465, .T. ) ;
#8661 = CARTESIAN_POINT ( 'NONE',  ( -2.354463867161250334, 0.6850000000000000533, 1.020000000000000018 ) ) ;
#8662 = PRESENTATION_LAYER_ASSIGNMENT (  '', '', ( #3509 ) ) ;
#8663 = CIRCLE ( 'NONE', #259, 0.03749999999999999167 ) ;
#8664 = COLOUR_RGB ( '',0.8313725490196077761, 0.8313725490196077761, 0.8313725490196077761 ) ;
#8665 = CYLINDRICAL_SURFACE ( 'NONE', #6018, 0.03750000000000031780 ) ;
#8666 = ORIENTED_EDGE ( 'NONE', *, *, #4006, .T. ) ;
#8667 = CIRCLE ( 'NONE', #8843, 0.03749999999999988065 ) ;
#8668 = FILL_AREA_STYLE ('',( #6919 ) ) ;
#8669 = EDGE_CURVE ( 'NONE', #1973, #11311, #1305, .T. ) ;
#8670 = SURFACE_STYLE_USAGE ( .BOTH. , #7651 ) ;
#8671 = ORIENTED_EDGE ( 'NONE', *, *, #11612, .F. ) ;
#8672 = STYLED_ITEM ( 'NONE', ( #7767 ), #10648 ) ;
#8673 = FILL_AREA_STYLE ('',( #11589 ) ) ;
#8674 = VECTOR ( 'NONE', #2397, 1000.000000000000000 ) ;
#8675 = ORIENTED_EDGE ( 'NONE', *, *, #6512, .F. ) ;
#8676 = SURFACE_SIDE_STYLE ('',( #1379 ) ) ;
#8677 = ORIENTED_EDGE ( 'NONE', *, *, #972, .F. ) ;
#8678 = DIRECTION ( 'NONE',  ( -0.000000000000000000, -0.000000000000000000, -1.000000000000000000 ) ) ;
#8679 = SURFACE_SIDE_STYLE ('',( #1444 ) ) ;
#8680 = VERTEX_POINT ( 'NONE', #6025 ) ;
#8681 = DIRECTION ( 'NONE',  ( 1.000000000000000000, 0.000000000000000000, 0.000000000000000000 ) ) ;
#8682 = MECHANICAL_DESIGN_GEOMETRIC_PRESENTATION_REPRESENTATION (  '', ( #9439 ), #3354 ) ;
#8683 = CARTESIAN_POINT ( 'NONE',  ( 2.185000000000000497, 2.469999999999989981, 0.000000000000000000 ) ) ;
#8684 = CARTESIAN_POINT ( 'NONE',  ( -0.3549999999999998712, 2.770000000000000018, 0.2500000000000000000 ) ) ;
#8685 = CARTESIAN_POINT ( 'NONE',  ( 0.3775000000000000022, 2.507499999999999840, 0.000000000000000000 ) ) ;
#8686 = AXIS2_PLACEMENT_3D ( 'NONE', #5902, #5123, #4997 ) ;
#8687 = PRESENTATION_LAYER_ASSIGNMENT (  '', '', ( #1047 ) ) ;
#8688 = SURFACE_SIDE_STYLE ('',( #9602 ) ) ;
#8689 = AXIS2_PLACEMENT_3D ( 'NONE', #4864, #1108, #4803 ) ;
#8690 = UNCERTAINTY_MEASURE_WITH_UNIT (LENGTH_MEASURE( 1.000000000000000082E-05 ), #4972, 'distance_accuracy_value', 'NONE');
#8691 =( NAMED_UNIT ( * ) PLANE_ANGLE_UNIT ( ) SI_UNIT ( $, .RADIAN. ) );
#8692 =( LENGTH_UNIT ( ) NAMED_UNIT ( * ) SI_UNIT ( .MILLI., .METRE. ) );
#8693 = DIRECTION ( 'NONE',  ( -0.2974806214264048010, 0.8622610147216671628, 0.4098917202956421368 ) ) ;
#8694 = VECTOR ( 'NONE', #7385, 1000.000000000000000 ) ;
#8695 = SURFACE_STYLE_FILL_AREA ( #6835 ) ;
#8696 = ORIENTED_EDGE ( 'NONE', *, *, #4006, .F. ) ;
#8697 = CARTESIAN_POINT ( 'NONE',  ( 0.8549999999999998712, -2.319999999999999840, 0.2500000000000000000 ) ) ;
#8698 = FACE_OUTER_BOUND ( 'NONE', #5317, .T. ) ;
#8699 = STYLED_ITEM ( 'NONE', ( #8393 ), #8203 ) ;
#8700 = DIRECTION ( 'NONE',  ( 0.000000000000000000, 0.000000000000000000, 1.000000000000000000 ) ) ;
#8701 = ADVANCED_FACE ( 'NONE', ( #10714 ), #8772, .T. ) ;
#8702 = EDGE_LOOP ( 'NONE', ( #4713, #5706, #3569, #5777 ) ) ;
#8703 =( GEOMETRIC_REPRESENTATION_CONTEXT ( 3 ) GLOBAL_UNCERTAINTY_ASSIGNED_CONTEXT ( ( #5006 ) ) GLOBAL_UNIT_ASSIGNED_CONTEXT ( ( #7128, #9775, #3612 ) ) REPRESENTATION_CONTEXT ( 'NONE', 'WORKASPACE' ) );
#8704 =( NAMED_UNIT ( * ) SI_UNIT ( $, .STERADIAN. ) SOLID_ANGLE_UNIT ( ) );
#8705 = ORIENTED_EDGE ( 'NONE', *, *, #6952, .T. ) ;
#8706 =( NAMED_UNIT ( * ) PLANE_ANGLE_UNIT ( ) SI_UNIT ( $, .RADIAN. ) );
#8707 = ORIENTED_EDGE ( 'NONE', *, *, #5, .T. ) ;
#8708 = DIRECTION ( 'NONE',  ( 0.000000000000000000, 1.000000000000000000, 0.000000000000000000 ) ) ;
#8709 = EDGE_CURVE ( 'NONE', #9564, #7208, #8952, .T. ) ;
#8710 = EDGE_CURVE ( 'NONE', #2998, #1600, #3639, .T. ) ;
#8711 = STYLED_ITEM ( 'NONE', ( #609 ), #7912 ) ;
#8712 = DIRECTION ( 'NONE',  ( 0.000000000000000000, -0.000000000000000000, 1.000000000000000000 ) ) ;
#8713 = COLOUR_RGB ( '',0.8313725490196077761, 0.8313725490196077761, 0.8313725490196077761 ) ;
#8714 = DIRECTION ( 'NONE',  ( 0.000000000000000000, 0.000000000000000000, 1.000000000000000000 ) ) ;
#8715 = EDGE_CURVE ( 'NONE', #1981, #6041, #3462, .T. ) ;
#8716 = COLOUR_RGB ( '',0.8313725490196077761, 0.8313725490196077761, 0.8313725490196077761 ) ;
#8717 = FILL_AREA_STYLE ('',( #2332 ) ) ;
#8718 = ORIENTED_EDGE ( 'NONE', *, *, #9558, .T. ) ;
#8719 =( LENGTH_UNIT ( ) NAMED_UNIT ( * ) SI_UNIT ( .MILLI., .METRE. ) );
#8720 = UNCERTAINTY_MEASURE_WITH_UNIT (LENGTH_MEASURE( 1.000000000000000082E-05 ), #370, 'distance_accuracy_value', 'NONE');
#8721 = SURFACE_STYLE_USAGE ( .BOTH. , #294 ) ;
#8722 = VERTEX_POINT ( 'NONE', #2735 ) ;
#8723 = CARTESIAN_POINT ( 'NONE',  ( -2.481424832439820261, -0.5799999999999989608, 0.000000000000000000 ) ) ;
#8724 = PRESENTATION_STYLE_ASSIGNMENT (( #5072 ) ) ;
#8725 = AXIS2_PLACEMENT_3D ( 'NONE', #486, #3180, #4153 ) ;
#8726 = COLOUR_RGB ( '',0.2862745098039215508, 0.2862745098039215508, 0.2862745098039215508 ) ;
#8727 = CARTESIAN_POINT ( 'NONE',  ( -2.496266715016320248, 2.739989970828016652, 0.2500554620476173606 ) ) ;
#8728 = STYLED_ITEM ( 'NONE', ( #7725 ), #1350 ) ;
#8729 = EDGE_CURVE ( 'NONE', #1024, #4534, #1713, .T. ) ;
#8730 = ORIENTED_EDGE ( 'NONE', *, *, #5943, .T. ) ;
#8731 = CARTESIAN_POINT ( 'NONE',  ( -0.8549999999999998712, 2.770000000000000018, 0.2500000000000000000 ) ) ;
#8732 = PRODUCT_DEFINITION_CONTEXT ( 'detailed design', #4174, 'design' ) ;
#8733 = CARTESIAN_POINT ( 'NONE',  ( -0.8924999999999999600, 2.507499999999999840, 0.000000000000000000 ) ) ;
#8734 = DIRECTION ( 'NONE',  ( -1.000000000000000000, 0.000000000000000000, 0.000000000000000000 ) ) ;
#8735 = STYLED_ITEM ( 'NONE', ( #2364 ), #5215 ) ;
#8736 = LINE ( 'NONE', #4218, #10402 ) ;
#8737 = ORIENTED_EDGE ( 'NONE', *, *, #1965, .F. ) ;
#8738 = DIRECTION ( 'NONE',  ( 1.000000000000000000, -0.000000000000000000, 0.000000000000000000 ) ) ;
#8739 = DIRECTION ( 'NONE',  ( 1.000000000000000000, 0.000000000000000000, -0.000000000000000000 ) ) ;
#8740 = FILL_AREA_STYLE ('',( #9648 ) ) ;
#8741 = FILL_AREA_STYLE ('',( #9533 ) ) ;
#8742 = COLOUR_RGB ( '',0.2862745098039215508, 0.2862745098039215508, 0.2862745098039215508 ) ;
#8743 = DIRECTION ( 'NONE',  ( 0.000000000000000000, -0.000000000000000000, 1.000000000000000000 ) ) ;
#8744 = VECTOR ( 'NONE', #4075, 1000.000000000000000 ) ;
#8745 = FACE_OUTER_BOUND ( 'NONE', #10671, .T. ) ;
#8746 =( GEOMETRIC_REPRESENTATION_CONTEXT ( 3 ) GLOBAL_UNCERTAINTY_ASSIGNED_CONTEXT ( ( #2711 ) ) GLOBAL_UNIT_ASSIGNED_CONTEXT ( ( #2531, #11732, #1503 ) ) REPRESENTATION_CONTEXT ( 'NONE', 'WORKASPACE' ) );
#8747 = CARTESIAN_POINT ( 'NONE',  ( 0.4149999999999999800, -2.657500000000000195, 0.000000000000000000 ) ) ;
#8748 = LINE ( 'NONE', #3321, #10487 ) ;
#8749 = CARTESIAN_POINT ( 'NONE',  ( 0.3775000000000000022, 2.470000000000000195, 0.000000000000000000 ) ) ;
#8750 = ORIENTED_EDGE ( 'NONE', *, *, #10270, .T. ) ;
#8751 = SURFACE_SIDE_STYLE ('',( #4119 ) ) ;
#8752 = DIRECTION ( 'NONE',  ( -0.1751915364254250373, -0.1751915364254250373, -0.9688218882383892172 ) ) ;
#8753 = VECTOR ( 'NONE', #8041, 1000.000000000000000 ) ;
#8754 = LINE ( 'NONE', #11502, #6860 ) ;
#8755 = CARTESIAN_POINT ( 'NONE',  ( -1.905000000000000027, -2.092049114840340174, 0.003000000000000000062 ) ) ;
#8756 = CARTESIAN_POINT ( 'NONE',  ( 0.3550000000000000377, 2.470000000000000195, 0.000000000000000000 ) ) ;
#8757 = STYLED_ITEM ( 'NONE', ( #8458 ), #6803 ) ;
#8758 = LINE ( 'NONE', #6842, #11034 ) ;
#8759 = AXIS2_PLACEMENT_3D ( 'NONE', #3925, #11252, #11667 ) ;
#8760 = ORIENTED_EDGE ( 'NONE', *, *, #5178, .T. ) ;
#8761 = CARTESIAN_POINT ( 'NONE',  ( -2.185000000000000497, 2.469999999999999751, 0.000000000000000000 ) ) ;
#8762 = FACE_OUTER_BOUND ( 'NONE', #76, .T. ) ;
#8763 = LINE ( 'NONE', #688, #7816 ) ;
#8764 = ORIENTED_EDGE ( 'NONE', *, *, #1193, .T. ) ;
#8765 = LINE ( 'NONE', #11395, #10942 ) ;
#8766 = ORIENTED_EDGE ( 'NONE', *, *, #5419, .T. ) ;
#8767 = PRESENTATION_STYLE_ASSIGNMENT (( #7878 ) ) ;
#8768 = VECTOR ( 'NONE', #8436, 1000.000000000000000 ) ;
#8769 = PRESENTATION_LAYER_ASSIGNMENT (  '', '', ( #7257 ) ) ;
#8770 = CARTESIAN_POINT ( 'NONE',  ( 1.905000000000000027, 2.470000000000000195, 0.2500000000000000000 ) ) ;
#8771 = DIRECTION ( 'NONE',  ( -1.000000000000000000, 0.000000000000000000, 0.000000000000000000 ) ) ;
#8772 = PLANE ( 'NONE',  #3765 ) ;
#8773 = VECTOR ( 'NONE', #2248, 1000.000000000000000 ) ;
#8774 = LINE ( 'NONE', #3233, #6569 ) ;
#8775 = ORIENTED_EDGE ( 'NONE', *, *, #9170, .T. ) ;
#8776 = PRESENTATION_STYLE_ASSIGNMENT (( #1427 ) ) ;
#8777 = LINE ( 'NONE', #9804, #8282 ) ;
#8778 = ORIENTED_EDGE ( 'NONE', *, *, #902, .T. ) ;
#8779 = FILL_AREA_STYLE_COLOUR ( '', #10753 ) ;
#8780 = EDGE_CURVE ( 'NONE', #4412, #5242, #939, .T. ) ;
#8781 = DIRECTION ( 'NONE',  ( -0.000000000000000000, -1.000000000000000000, -0.000000000000000000 ) ) ;
#8782 = EDGE_CURVE ( 'NONE', #7920, #9356, #7763, .T. ) ;
#8783 = COLOUR_RGB ( '',0.2862745098039215508, 0.2862745098039215508, 0.2862745098039215508 ) ;
#8784 = ADVANCED_FACE ( 'NONE', ( #7278 ), #2624, .T. ) ;
#8785 = ORIENTED_EDGE ( 'NONE', *, *, #6927, .T. ) ;
#8786 = CARTESIAN_POINT ( 'NONE',  ( -1.647500000000000187, -2.657500000000000195, 0.000000000000000000 ) ) ;
#8787 =( NAMED_UNIT ( * ) SI_UNIT ( $, .STERADIAN. ) SOLID_ANGLE_UNIT ( ) );
#8788 = PRESENTATION_STYLE_ASSIGNMENT (( #7175 ) ) ;
#8789 = ORIENTED_EDGE ( 'NONE', *, *, #4883, .F. ) ;
#8790 = SURFACE_STYLE_FILL_AREA ( #4959 ) ;
#8791 = ORIENTED_EDGE ( 'NONE', *, *, #7800, .F. ) ;
#8792 = DIRECTION ( 'NONE',  ( 0.000000000000000000, -1.000000000000000000, 0.000000000000000000 ) ) ;
#8793 = EDGE_CURVE ( 'NONE', #7043, #6371, #814, .T. ) ;
#8794 = EDGE_CURVE ( 'NONE', #1760, #7212, #11710, .T. ) ;
#8795 = CARTESIAN_POINT ( 'NONE',  ( 0.3775000000000000022, -2.657500000000000195, 0.000000000000000000 ) ) ;
#8796 = COLOUR_RGB ( '',0.8313725490196077761, 0.8313725490196077761, 0.8313725490196077761 ) ;
#8797 = SURFACE_SIDE_STYLE ('',( #10623 ) ) ;
#8798 = EDGE_CURVE ( 'NONE', #3371, #10296, #4591, .T. ) ;
#8799 = COLOUR_RGB ( '',0.8313725490196077761, 0.8313725490196077761, 0.8313725490196077761 ) ;
#8800 = LINE ( 'NONE', #11736, #6586 ) ;
#8801 = COLOUR_RGB ( '',0.2862745098039215508, 0.2862745098039215508, 0.2862745098039215508 ) ;
#8802 = FACE_OUTER_BOUND ( 'NONE', #11065, .T. ) ;
#8803 = UNCERTAINTY_MEASURE_WITH_UNIT (LENGTH_MEASURE( 1.000000000000000082E-05 ), #8825, 'distance_accuracy_value', 'NONE');
#8804 = FILL_AREA_STYLE ('',( #11439 ) ) ;
#8805 = EDGE_CURVE ( 'NONE', #11791, #11742, #11895, .T. ) ;
#8806 = CARTESIAN_POINT ( 'NONE',  ( -0.9150000000000000355, 2.470000000000000195, 0.2500000000000000000 ) ) ;
#8807 =( LENGTH_UNIT ( ) NAMED_UNIT ( * ) SI_UNIT ( .MILLI., .METRE. ) );
#8808 = ORIENTED_EDGE ( 'NONE', *, *, #665, .F. ) ;
#8809 = SURFACE_SIDE_STYLE ('',( #8158 ) ) ;
#8810 = LINE ( 'NONE', #9724, #6364 ) ;
#8811 = SURFACE_STYLE_USAGE ( .BOTH. , #2432 ) ;
#8812 = FILL_AREA_STYLE_COLOUR ( '', #1338 ) ;
#8813 =( NAMED_UNIT ( * ) SI_UNIT ( $, .STERADIAN. ) SOLID_ANGLE_UNIT ( ) );
#8814 = LINE ( 'NONE', #7745, #124 ) ;
#8815 = SURFACE_STYLE_FILL_AREA ( #2378 ) ;
#8816 = ORIENTED_EDGE ( 'NONE', *, *, #10639, .T. ) ;
#8817 = FILL_AREA_STYLE ('',( #3220 ) ) ;
#8818 = EDGE_CURVE ( 'NONE', #11570, #4474, #10034, .T. ) ;
#8819 = CARTESIAN_POINT ( 'NONE',  ( 1.685000000000000053, 2.507499999999999840, 0.000000000000000000 ) ) ;
#8820 = CARTESIAN_POINT ( 'NONE',  ( -2.162500000000000089, 2.470000000000000195, 0.000000000000000000 ) ) ;
#8821 = ORIENTED_EDGE ( 'NONE', *, *, #10195, .F. ) ;
#8822 = SURFACE_SIDE_STYLE ('',( #9739 ) ) ;
#8823 = ORIENTED_EDGE ( 'NONE', *, *, #7104, .T. ) ;
#8824 = CARTESIAN_POINT ( 'NONE',  ( -0.3549999999999999822, 2.469999999999997087, 0.000000000000000000 ) ) ;
#8825 =( LENGTH_UNIT ( ) NAMED_UNIT ( * ) SI_UNIT ( .MILLI., .METRE. ) );
#8826 = VECTOR ( 'NONE', #2003, 1000.000000000000000 ) ;
#8827 =( LENGTH_UNIT ( ) NAMED_UNIT ( * ) SI_UNIT ( .MILLI., .METRE. ) );
#8828 = LINE ( 'NONE', #7881, #11123 ) ;
#8829 =( NAMED_UNIT ( * ) SI_UNIT ( $, .STERADIAN. ) SOLID_ANGLE_UNIT ( ) );
#8830 = ORIENTED_EDGE ( 'NONE', *, *, #485, .T. ) ;
#8831 = CARTESIAN_POINT ( 'NONE',  ( -2.162500000000000089, 2.470000000000000195, 0.000000000000000000 ) ) ;
#8832 = PRESENTATION_LAYER_ASSIGNMENT (  '', '', ( #2150 ) ) ;
#8833 = UNCERTAINTY_MEASURE_WITH_UNIT (LENGTH_MEASURE( 1.000000000000000082E-05 ), #9495, 'distance_accuracy_value', 'NONE');
#8834 = DIRECTION ( 'NONE',  ( 0.000000000000000000, 0.000000000000000000, 1.000000000000000000 ) ) ;
#8835 = VERTEX_POINT ( 'NONE', #7504 ) ;
#8836 = DIRECTION ( 'NONE',  ( 0.7071067811865474617, -0.7071067811865474617, 0.000000000000000000 ) ) ;
#8837 = COLOUR_RGB ( '',0.8313725490196077761, 0.8313725490196077761, 0.8313725490196077761 ) ;
#8838 = ORIENTED_EDGE ( 'NONE', *, *, #11545, .T. ) ;
#8839 =( NAMED_UNIT ( * ) SI_UNIT ( $, .STERADIAN. ) SOLID_ANGLE_UNIT ( ) );
#8840 = LINE ( 'NONE', #653, #5806 ) ;
#8841 = STYLED_ITEM ( 'NONE', ( #4240 ), #10282 ) ;
#8842 = ORIENTED_EDGE ( 'NONE', *, *, #2796, .T. ) ;
#8843 = AXIS2_PLACEMENT_3D ( 'NONE', #6387, #10121, #10246 ) ;
#8844 = UNCERTAINTY_MEASURE_WITH_UNIT (LENGTH_MEASURE( 1.000000000000000082E-05 ), #1601, 'distance_accuracy_value', 'NONE');
#8845 =( LENGTH_UNIT ( ) NAMED_UNIT ( * ) SI_UNIT ( .MILLI., .METRE. ) );
#8846 = ORIENTED_EDGE ( 'NONE', *, *, #2136, .T. ) ;
#8847 =( NAMED_UNIT ( * ) PLANE_ANGLE_UNIT ( ) SI_UNIT ( $, .RADIAN. ) );
#8848 = EDGE_CURVE ( 'NONE', #1533, #1677, #9187, .T. ) ;
#8849 = LINE ( 'NONE', #6271, #638 ) ;
#8850 = EDGE_LOOP ( 'NONE', ( #3429, #10093, #4181, #3780 ) ) ;
#8851 =( GEOMETRIC_REPRESENTATION_CONTEXT ( 3 ) GLOBAL_UNCERTAINTY_ASSIGNED_CONTEXT ( ( #6089 ) ) GLOBAL_UNIT_ASSIGNED_CONTEXT ( ( #11355, #3786, #175 ) ) REPRESENTATION_CONTEXT ( 'NONE', 'WORKASPACE' ) );
#8852 = PRESENTATION_STYLE_ASSIGNMENT (( #5206 ) ) ;
#8853 = DIRECTION ( 'NONE',  ( 1.000000000000000000, 0.000000000000000000, 0.000000000000000000 ) ) ;
#8854 = VECTOR ( 'NONE', #1633, 1000.000000000000000 ) ;
#8855 = CARTESIAN_POINT ( 'NONE',  ( 0.000000000000000000, 2.740000000000000213, 0.000000000000000000 ) ) ;
#8856 = CARTESIAN_POINT ( 'NONE',  ( 2.185000000000000497, -1.080000000000000071, 0.000000000000000000 ) ) ;
#8857 = FACE_OUTER_BOUND ( 'NONE', #8012, .T. ) ;
#8858 = ADVANCED_FACE ( 'NONE', ( #4691 ), #6107, .T. ) ;
#8859 = EDGE_CURVE ( 'NONE', #3115, #4964, #2855, .T. ) ;
#8860 = VECTOR ( 'NONE', #556, 1000.000000000000000 ) ;
#8861 = FILL_AREA_STYLE_COLOUR ( '', #5400 ) ;
#8862 = CARTESIAN_POINT ( 'NONE',  ( 2.162500000000000089, 2.507499999999999840, 0.000000000000000000 ) ) ;
#8863 = COLOUR_RGB ( '',0.8313725490196077761, 0.8313725490196077761, 0.8313725490196077761 ) ;
#8864 = ORIENTED_EDGE ( 'NONE', *, *, #1048, .F. ) ;
#8865 = PLANE ( 'NONE',  #1198 ) ;
#8866 = SURFACE_SIDE_STYLE ('',( #10891 ) ) ;
#8867 = CARTESIAN_POINT ( 'NONE',  ( 2.481424832439820261, -0.1799999999999990219, 0.2500000000000000555 ) ) ;
#8868 = ADVANCED_FACE ( 'NONE', ( #8464 ), #2912, .F. ) ;
#8869 = CARTESIAN_POINT ( 'NONE',  ( -1.647500000000000187, -2.657500000000000195, 0.000000000000000000 ) ) ;
#8870 =( NAMED_UNIT ( * ) PLANE_ANGLE_UNIT ( ) SI_UNIT ( $, .RADIAN. ) );
#8871 = VECTOR ( 'NONE', #10341, 1000.000000000000000 ) ;
#8872 = DIRECTION ( 'NONE',  ( 0.000000000000000000, 0.000000000000000000, -1.000000000000000000 ) ) ;
#8873 = MECHANICAL_DESIGN_GEOMETRIC_PRESENTATION_REPRESENTATION (  '', ( #9650 ), #4495 ) ;
#8874 = ORIENTED_EDGE ( 'NONE', *, *, #5464, .F. ) ;
#8875 = DIRECTION ( 'NONE',  ( -1.000000000000000000, 0.000000000000000000, 0.000000000000000000 ) ) ;
#8876 = CARTESIAN_POINT ( 'NONE',  ( -1.625000000000000222, 2.469999999999989981, 0.000000000000000000 ) ) ;
#8877 = VERTEX_POINT ( 'NONE', #2318 ) ;
#8878 = DIRECTION ( 'NONE',  ( -1.000000000000000000, 0.000000000000000000, 0.000000000000000000 ) ) ;
#8879 = PRESENTATION_LAYER_ASSIGNMENT (  '', '', ( #4866 ) ) ;
#8880 = ORIENTED_EDGE ( 'NONE', *, *, #2316, .F. ) ;
#8881 = CARTESIAN_POINT ( 'NONE',  ( 2.394980999734317884, -2.559980999734316143, 1.075827626996971986 ) ) ;
#8882 = STYLED_ITEM ( 'NONE', ( #6722 ), #2591 ) ;
#8883 = AXIS2_PLACEMENT_3D ( 'NONE', #2053, #10448, #2302 ) ;
#8884 = DIRECTION ( 'NONE',  ( 0.000000000000000000, -0.000000000000000000, 1.000000000000000000 ) ) ;
#8885 = SURFACE_STYLE_FILL_AREA ( #6248 ) ;
#8886 = PRESENTATION_LAYER_ASSIGNMENT (  '', '', ( #2795 ) ) ;
#8887 = CARTESIAN_POINT ( 'NONE',  ( 0.9150000000000000355, 2.469999999999989981, 0.000000000000000000 ) ) ;
#8888 = LINE ( 'NONE', #9688, #2768 ) ;
#8889 = VERTEX_POINT ( 'NONE', #5892 ) ;
#8890 = COLOUR_RGB ( '',0.2862745098039215508, 0.2862745098039215508, 0.2862745098039215508 ) ;
#8891 =( NAMED_UNIT ( * ) PLANE_ANGLE_UNIT ( ) SI_UNIT ( $, .RADIAN. ) );
#8892 =( NAMED_UNIT ( * ) PLANE_ANGLE_UNIT ( ) SI_UNIT ( $, .RADIAN. ) );
#8893 = FILL_AREA_STYLE_COLOUR ( '', #5993 ) ;
#8894 = ORIENTED_EDGE ( 'NONE', *, *, #8818, .F. ) ;
#8895 = FACE_OUTER_BOUND ( 'NONE', #9637, .T. ) ;
#8896 = ORIENTED_EDGE ( 'NONE', *, *, #4821, .T. ) ;
#8897 =( GEOMETRIC_REPRESENTATION_CONTEXT ( 3 ) GLOBAL_UNCERTAINTY_ASSIGNED_CONTEXT ( ( #2742 ) ) GLOBAL_UNIT_ASSIGNED_CONTEXT ( ( #5685, #2950, #1145 ) ) REPRESENTATION_CONTEXT ( 'NONE', 'WORKASPACE' ) );
#8898 = CARTESIAN_POINT ( 'NONE',  ( 1.647500000000000187, 3.220000000000000195, 0.2500000000000000000 ) ) ;
#8899 =( LENGTH_UNIT ( ) NAMED_UNIT ( * ) SI_UNIT ( .MILLI., .METRE. ) );
#8900 = EDGE_CURVE ( 'NONE', #4479, #10836, #452, .T. ) ;
#8901 = VECTOR ( 'NONE', #8270, 1000.000000000000000 ) ;
#8902 = ORIENTED_EDGE ( 'NONE', *, *, #7459, .T. ) ;
#8903 = CARTESIAN_POINT ( 'NONE',  ( 0.3775000000000000022, 2.507499999999999840, 0.2500000000000000000 ) ) ;
#8904 = CARTESIAN_POINT ( 'NONE',  ( -0.9150000000000000355, 5.551115123125779744E-16, 0.000000000000000000 ) ) ;
#8905 = CARTESIAN_POINT ( 'NONE',  ( -0.8924999999999999600, -2.782500000000000195, 0.000000000000000000 ) ) ;
#8906 = ORIENTED_EDGE ( 'NONE', *, *, #8729, .T. ) ;
#8907 = AXIS2_PLACEMENT_3D ( 'NONE', #7556, #10389, #11081 ) ;
#8908 =( LENGTH_UNIT ( ) NAMED_UNIT ( * ) SI_UNIT ( .MILLI., .METRE. ) );
#8909 = VERTEX_POINT ( 'NONE', #8756 ) ;
#8910 = SURFACE_STYLE_USAGE ( .BOTH. , #1956 ) ;
#8911 =( LENGTH_UNIT ( ) NAMED_UNIT ( * ) SI_UNIT ( .MILLI., .METRE. ) );
#8912 =( GEOMETRIC_REPRESENTATION_CONTEXT ( 3 ) GLOBAL_UNCERTAINTY_ASSIGNED_CONTEXT ( ( #7492 ) ) GLOBAL_UNIT_ASSIGNED_CONTEXT ( ( #9046, #1579, #5466 ) ) REPRESENTATION_CONTEXT ( 'NONE', 'WORKASPACE' ) );
#8913 = CARTESIAN_POINT ( 'NONE',  ( -1.647500000000000409, 3.220000000000000195, 0.2500000000000000000 ) ) ;
#8914 = CARTESIAN_POINT ( 'NONE',  ( 2.495844503146091853, 2.739996656942671471, 0.2500184873492053428 ) ) ;
#8915 = CARTESIAN_POINT ( 'NONE',  ( -0.3775000000000000022, -2.620000000000000107, 0.2500000000000000000 ) ) ;
#8916 = DIRECTION ( 'NONE',  ( -1.000000000000000000, 1.009293658750140033E-15, 0.000000000000000000 ) ) ;
#8917 = EDGE_CURVE ( 'NONE', #5069, #1308, #1469, .T. ) ;
#8918 = DIRECTION ( 'NONE',  ( -1.000000000000000000, -1.200241107702869931E-15, 0.000000000000000000 ) ) ;
#8919 = DIRECTION ( 'NONE',  ( 0.000000000000000000, 0.000000000000000000, 1.000000000000000000 ) ) ;
#8920 = UNCERTAINTY_MEASURE_WITH_UNIT (LENGTH_MEASURE( 1.000000000000000082E-05 ), #4276, 'distance_accuracy_value', 'NONE');
#8921 = SURFACE_STYLE_USAGE ( .BOTH. , #910 ) ;
#8922 = CARTESIAN_POINT ( 'NONE',  ( -0.3775000000000000022, 2.507499999999999840, 0.2500000000000000000 ) ) ;
#8923 = DIRECTION ( 'NONE',  ( 0.000000000000000000, 0.000000000000000000, -1.000000000000000000 ) ) ;
#8924 = ORIENTED_EDGE ( 'NONE', *, *, #776, .F. ) ;
#8925 =( LENGTH_UNIT ( ) NAMED_UNIT ( * ) SI_UNIT ( .MILLI., .METRE. ) );
#8926 = EDGE_CURVE ( 'NONE', #2914, #1930, #5170, .T. ) ;
#8927 = AXIS2_PLACEMENT_3D ( 'NONE', #1449, #8082, #7969 ) ;
#8928 = DIRECTION ( 'NONE',  ( -2.155772863349820033E-16, 1.000000000000000000, 0.000000000000000000 ) ) ;
#8929 = CARTESIAN_POINT ( 'NONE',  ( -2.185000000000000497, 5.551115123125779744E-16, 0.000000000000000000 ) ) ;
#8930 =( NAMED_UNIT ( * ) PLANE_ANGLE_UNIT ( ) SI_UNIT ( $, .RADIAN. ) );
#8931 = COLOUR_RGB ( '',0.8313725490196077761, 0.8313725490196077761, 0.8313725490196077761 ) ;
#8932 = DIRECTION ( 'NONE',  ( -0.000000000000000000, -0.000000000000000000, -1.000000000000000000 ) ) ;
#8933 = VECTOR ( 'NONE', #2094, 1000.000000000000000 ) ;
#8934 = DIRECTION ( 'NONE',  ( 0.000000000000000000, 1.000000000000000000, -1.355252715606876914E-14 ) ) ;
#8935 = ORIENTED_EDGE ( 'NONE', *, *, #11868, .T. ) ;
#8936 = SURFACE_STYLE_FILL_AREA ( #6169 ) ;
#8937 = LINE ( 'NONE', #7322, #2619 ) ;
#8938 =( LENGTH_UNIT ( ) NAMED_UNIT ( * ) SI_UNIT ( .MILLI., .METRE. ) );
#8939 = ORIENTED_EDGE ( 'NONE', *, *, #72, .F. ) ;
#8940 = EDGE_CURVE ( 'NONE', #3322, #9356, #10471, .T. ) ;
#8941 =( GEOMETRIC_REPRESENTATION_CONTEXT ( 3 ) GLOBAL_UNCERTAINTY_ASSIGNED_CONTEXT ( ( #1897 ) ) GLOBAL_UNIT_ASSIGNED_CONTEXT ( ( #11427, #1204, #3072 ) ) REPRESENTATION_CONTEXT ( 'NONE', 'WORKASPACE' ) );
#8942 = EDGE_CURVE ( 'NONE', #11466, #2799, #1275, .T. ) ;
#8943 = ORIENTED_EDGE ( 'NONE', *, *, #11488, .F. ) ;
#8944 = CARTESIAN_POINT ( 'NONE',  ( -2.495000000000000107, 2.740000000000000213, 0.000000000000000000 ) ) ;
#8945 = CARTESIAN_POINT ( 'NONE',  ( 2.456065883205919231, -2.472656540312759610, 1.079239424234919698 ) ) ;
#8946 = EDGE_CURVE ( 'NONE', #11180, #9014, #10533, .T. ) ;
#8947 = CARTESIAN_POINT ( 'NONE',  ( -0.8924999999999999600, -2.782500000000000195, 0.000000000000000000 ) ) ;
#8948 = MECHANICAL_DESIGN_GEOMETRIC_PRESENTATION_REPRESENTATION (  '', ( #8002 ), #10112 ) ;
#8949 = FACE_OUTER_BOUND ( 'NONE', #11422, .T. ) ;
#8950 = COLOUR_RGB ( '',0.8313725490196077761, 0.8313725490196077761, 0.8313725490196077761 ) ;
#8951 = DIRECTION ( 'NONE',  ( 1.000000000000000000, 2.025954424498460092E-16, 0.000000000000000000 ) ) ;
#8952 = LINE ( 'NONE', #5477, #1456 ) ;
#8953 = FILL_AREA_STYLE_COLOUR ( '', #8297 ) ;
#8954 = ORIENTED_EDGE ( 'NONE', *, *, #2129, .F. ) ;
#8955 =( GEOMETRIC_REPRESENTATION_CONTEXT ( 3 ) GLOBAL_UNCERTAINTY_ASSIGNED_CONTEXT ( ( #3670 ) ) GLOBAL_UNIT_ASSIGNED_CONTEXT ( ( #11314, #5524, #5873 ) ) REPRESENTATION_CONTEXT ( 'NONE', 'WORKASPACE' ) );
#8956 = DIRECTION ( 'NONE',  ( 0.000000000000000000, 0.000000000000000000, 1.000000000000000000 ) ) ;
#8957 = UNCERTAINTY_MEASURE_WITH_UNIT (LENGTH_MEASURE( 1.000000000000000082E-05 ), #10732, 'distance_accuracy_value', 'NONE');
#8958 = STYLED_ITEM ( 'NONE', ( #11154 ), #967 ) ;
#8959 =( LENGTH_UNIT ( ) NAMED_UNIT ( * ) SI_UNIT ( .MILLI., .METRE. ) );
#8960 = SURFACE_SIDE_STYLE ('',( #5305 ) ) ;
#8961 = ORIENTED_EDGE ( 'NONE', *, *, #7761, .T. ) ;
#8962 =( NAMED_UNIT ( * ) SI_UNIT ( $, .STERADIAN. ) SOLID_ANGLE_UNIT ( ) );
#8963 = ORIENTED_EDGE ( 'NONE', *, *, #4752, .T. ) ;
#8964 = STYLED_ITEM ( 'NONE', ( #9282 ), #6833 ) ;
#8965 = DIRECTION ( 'NONE',  ( -1.000000000000000000, 0.000000000000000000, 0.000000000000000000 ) ) ;
#8966 = VECTOR ( 'NONE', #11402, 1000.000000000000000 ) ;
#8967 = VECTOR ( 'NONE', #8602, 1000.000000000000000 ) ;
#8968 = ORIENTED_EDGE ( 'NONE', *, *, #2386, .F. ) ;
#8969 = UNCERTAINTY_MEASURE_WITH_UNIT (LENGTH_MEASURE( 1.000000000000000082E-05 ), #10755, 'distance_accuracy_value', 'NONE');
#8970 = LINE ( 'NONE', #8246, #7923 ) ;
#8971 = AXIS2_PLACEMENT_3D ( 'NONE', #2277, #1134, #11303 ) ;
#8972 = SURFACE_STYLE_FILL_AREA ( #5199 ) ;
#8973 = VERTEX_POINT ( 'NONE', #9613 ) ;
#8974 = ORIENTED_EDGE ( 'NONE', *, *, #9889, .F. ) ;
#8975 = EDGE_CURVE ( 'NONE', #10857, #3371, #8814, .T. ) ;
#8976 =( GEOMETRIC_REPRESENTATION_CONTEXT ( 3 ) GLOBAL_UNCERTAINTY_ASSIGNED_CONTEXT ( ( #3337 ) ) GLOBAL_UNIT_ASSIGNED_CONTEXT ( ( #1764, #11763, #11834 ) ) REPRESENTATION_CONTEXT ( 'NONE', 'WORKASPACE' ) );
#8977 = CARTESIAN_POINT ( 'NONE',  ( -0.4149999999999999800, 1.070000000000000062, 0.2500000000000000000 ) ) ;
#8978 = FACE_OUTER_BOUND ( 'NONE', #5923, .T. ) ;
#8979 = VECTOR ( 'NONE', #9928, 1000.000000000000000 ) ;
#8980 = CARTESIAN_POINT ( 'NONE',  ( -0.8924999999999999600, -2.657500000000000195, 0.000000000000000000 ) ) ;
#8981 = CARTESIAN_POINT ( 'NONE',  ( -2.430401622660342209, -2.544516792360707047, 1.017589973296719519 ) ) ;
#8982 = DIRECTION ( 'NONE',  ( 0.000000000000000000, -1.000000000000000000, 0.000000000000000000 ) ) ;
#8983 = DIRECTION ( 'NONE',  ( -0.000000000000000000, 1.000000000000000000, 0.000000000000000000 ) ) ;
#8984 = ORIENTED_EDGE ( 'NONE', *, *, #1413, .T. ) ;
#8985 = SURFACE_STYLE_USAGE ( .BOTH. , #4342 ) ;
#8986 = SURFACE_SIDE_STYLE ('',( #857 ) ) ;
#8987 = CARTESIAN_POINT ( 'NONE',  ( 2.575000000000000178, 2.740000000000000213, 0.000000000000000000 ) ) ;
#8988 = DIRECTION ( 'NONE',  ( 0.000000000000000000, 0.000000000000000000, 1.000000000000000000 ) ) ;
#8989 = VECTOR ( 'NONE', #6969, 1000.000000000000000 ) ;
#8990 = PRESENTATION_STYLE_ASSIGNMENT (( #7985 ) ) ;
#8991 =( NAMED_UNIT ( * ) SI_UNIT ( $, .STERADIAN. ) SOLID_ANGLE_UNIT ( ) );
#8992 = STYLED_ITEM ( 'NONE', ( #5880 ), #478 ) ;
#8993 = FILL_AREA_STYLE_COLOUR ( '', #4073 ) ;
#8994 = DIRECTION ( 'NONE',  ( -0.000000000000000000, 1.000000000000000000, 0.000000000000000000 ) ) ;
#8995 = ORIENTED_EDGE ( 'NONE', *, *, #7474, .F. ) ;
#8996 = EDGE_CURVE ( 'NONE', #3158, #2581, #7682, .T. ) ;
#8997 = EDGE_CURVE ( 'NONE', #1600, #11651, #6962, .T. ) ;
#8998 = LINE ( 'NONE', #6240, #9294 ) ;
#8999 =( LENGTH_UNIT ( ) NAMED_UNIT ( * ) SI_UNIT ( .MILLI., .METRE. ) );
#9000 = CARTESIAN_POINT ( 'NONE',  ( 2.185000000000000497, -1.080000000000000071, 0.2500000000000000000 ) ) ;
#9001 = EDGE_LOOP ( 'NONE', ( #8551, #4274, #4730, #941 ) ) ;
#9002 = FILL_AREA_STYLE ('',( #11020 ) ) ;
#9003 = ORIENTED_EDGE ( 'NONE', *, *, #7956, .F. ) ;
#9004 = CARTESIAN_POINT ( 'NONE',  ( 1.287500000000000089, 2.739999999999997549, 0.2499999999999995282 ) ) ;
#9005 = FILL_AREA_STYLE ('',( #5573 ) ) ;
#9006 = EDGE_CURVE ( 'NONE', #2918, #1641, #4300, .T. ) ;
#9007 = EDGE_CURVE ( 'NONE', #11767, #427, #1352, .T. ) ;
#9008 = ORIENTED_EDGE ( 'NONE', *, *, #8424, .F. ) ;
#9009 = ORIENTED_EDGE ( 'NONE', *, *, #11177, .F. ) ;
#9010 = CARTESIAN_POINT ( 'NONE',  ( 0.8924999999999999600, 2.819999999999999840, 0.000000000000000000 ) ) ;
#9011 = ORIENTED_EDGE ( 'NONE', *, *, #10791, .T. ) ;
#9012 = AXIS2_PLACEMENT_3D ( 'NONE', #11226, #2206, #9784 ) ;
#9013 =( BOUNDED_SURFACE ( )  B_SPLINE_SURFACE ( 3, 3, ( 
 ( #4135, #8881, #11635, #581 ),
 ( #1420, #10597, #5958, #5298 ),
 ( #522, #8945, #694, #11574 ),
 ( #9680, #3348, #1479, #2450 ) ),
 .UNSPECIFIED., .F., .F., .T. ) 
 B_SPLINE_SURFACE_WITH_KNOTS ( ( 4, 4 ),
 ( 4, 4 ),
 ( 0.000000000000000000, 1.000000000000000000 ),
 ( 0.000000000000000000, 1.000000000000000000 ),
 .UNSPECIFIED. ) 
 GEOMETRIC_REPRESENTATION_ITEM ( )  RATIONAL_B_SPLINE_SURFACE ( (
 ( 1.000000000000000000, 0.3333333333333278747, 0.3333333333333278747, 1.000000000000000000),
 ( 0.9330238416682168356, 0.3110079472227338382, 0.3110079472227338382, 0.9330238416682168356),
 ( 0.9330238416682168356, 0.3110079472227338382, 0.3110079472227338382, 0.9330238416682168356),
 ( 1.000000000000000000, 0.3333333333333278747, 0.3333333333333278747, 1.000000000000000000) ) ) 
 REPRESENTATION_ITEM ( '' )  SURFACE ( )  );
#9014 = VERTEX_POINT ( 'NONE', #3271 ) ;
#9015 = EDGE_CURVE ( 'NONE', #5393, #10266, #7932, .T. ) ;
#9016 = FILL_AREA_STYLE_COLOUR ( '', #11618 ) ;
#9017 = FACE_OUTER_BOUND ( 'NONE', #11285, .T. ) ;
#9018 = FACE_OUTER_BOUND ( 'NONE', #1730, .T. ) ;
#9019 = DIRECTION ( 'NONE',  ( -1.000000000000000000, 2.590520390792030076E-13, 0.000000000000000000 ) ) ;
#9020 = ORIENTED_EDGE ( 'NONE', *, *, #11287, .T. ) ;
#9021 = AXIS2_PLACEMENT_3D ( 'NONE', #6890, #11376, #9546 ) ;
#9022 = FACE_OUTER_BOUND ( 'NONE', #5117, .T. ) ;
#9023 = CARTESIAN_POINT ( 'NONE',  ( 2.162500000000000089, 2.819999999999999840, 0.000000000000000000 ) ) ;
#9024 = VERTEX_POINT ( 'NONE', #5046 ) ;
#9025 = CARTESIAN_POINT ( 'NONE',  ( 2.496266715016321580, 2.739989970828019761, 0.2500554620476069800 ) ) ;
#9026 = ADVANCED_BREP_SHAPE_REPRESENTATION ( '', ( #7134, #10982, #7302, #5287 ), #1850 ) ;
#9027 = MECHANICAL_DESIGN_GEOMETRIC_PRESENTATION_REPRESENTATION (  '', ( #10201 ), #5397 ) ;
#9028 = PRESENTATION_STYLE_ASSIGNMENT (( #6568 ) ) ;
#9029 = AXIS2_PLACEMENT_3D ( 'NONE', #11794, #3374, #3544 ) ;
#9030 = STYLED_ITEM ( 'NONE', ( #554 ), #1410 ) ;
#9031 =( GEOMETRIC_REPRESENTATION_CONTEXT ( 3 ) GLOBAL_UNCERTAINTY_ASSIGNED_CONTEXT ( ( #7854 ) ) GLOBAL_UNIT_ASSIGNED_CONTEXT ( ( #2104, #5981, #7843 ) ) REPRESENTATION_CONTEXT ( 'NONE', 'WORKASPACE' ) );
#9032 = CARTESIAN_POINT ( 'NONE',  ( -0.8924999999999999600, -2.819999999999999840, 0.000000000000000000 ) ) ;
#9033 = CARTESIAN_POINT ( 'NONE',  ( -2.351067539245730753, -2.554456236527851143, 1.096075939357707751 ) ) ;
#9034 = UNCERTAINTY_MEASURE_WITH_UNIT (LENGTH_MEASURE( 1.000000000000000082E-05 ), #10611, 'distance_accuracy_value', 'NONE');
#9035 = VECTOR ( 'NONE', #6056, 1000.000000000000000 ) ;
#9036 = LINE ( 'NONE', #5276, #5018 ) ;
#9037 = PLANE ( 'NONE',  #2421 ) ;
#9038 = SURFACE_STYLE_USAGE ( .BOTH. , #1865 ) ;
#9039 = PRESENTATION_LAYER_ASSIGNMENT (  '', '', ( #1211 ) ) ;
#9040 = ORIENTED_EDGE ( 'NONE', *, *, #6000, .T. ) ;
#9041 =( LENGTH_UNIT ( ) NAMED_UNIT ( * ) SI_UNIT ( .MILLI., .METRE. ) );
#9042 = FILL_AREA_STYLE_COLOUR ( '', #8950 ) ;
#9043 = FILL_AREA_STYLE ('',( #1934 ) ) ;
#9044 = MECHANICAL_DESIGN_GEOMETRIC_PRESENTATION_REPRESENTATION (  '', ( #4472 ), #11401 ) ;
#9045 =( LENGTH_UNIT ( ) NAMED_UNIT ( * ) SI_UNIT ( .MILLI., .METRE. ) );
#9046 =( LENGTH_UNIT ( ) NAMED_UNIT ( * ) SI_UNIT ( .MILLI., .METRE. ) );
#9047 = UNCERTAINTY_MEASURE_WITH_UNIT (LENGTH_MEASURE( 1.000000000000000082E-05 ), #6684, 'distance_accuracy_value', 'NONE');
#9048 = SURFACE_STYLE_USAGE ( .BOTH. , #5404 ) ;
#9049 = FILL_AREA_STYLE_COLOUR ( '', #6340 ) ;
#9050 = LINE ( 'NONE', #7267, #2233 ) ;
#9051 = AXIS2_PLACEMENT_3D ( 'NONE', #11725, #1609, #6140 ) ;
#9052 = SURFACE_SIDE_STYLE ('',( #4518 ) ) ;
#9053 = VERTEX_POINT ( 'NONE', #9494 ) ;
#9054 = DIRECTION ( 'NONE',  ( 0.000000000000000000, 0.000000000000000000, 1.000000000000000000 ) ) ;
#9055 = CIRCLE ( 'NONE', #1802, 0.07999999999999998779 ) ;
#9056 = ORIENTED_EDGE ( 'NONE', *, *, #10791, .F. ) ;
#9057 = FILL_AREA_STYLE ('',( #6179 ) ) ;
#9058 = DIRECTION ( 'NONE',  ( -0.000000000000000000, -1.000000000000000000, 0.000000000000000000 ) ) ;
#9059 = FILL_AREA_STYLE ('',( #3515 ) ) ;
#9060 = AXIS2_PLACEMENT_3D ( 'NONE', #8480, #4708, #6560 ) ;
#9061 =( NAMED_UNIT ( * ) PLANE_ANGLE_UNIT ( ) SI_UNIT ( $, .RADIAN. ) );
#9062 = MECHANICAL_DESIGN_GEOMETRIC_PRESENTATION_REPRESENTATION (  '', ( #6573 ), #4318 ) ;
#9063 =( LENGTH_UNIT ( ) NAMED_UNIT ( * ) SI_UNIT ( .MILLI., .METRE. ) );
#9064 =( NAMED_UNIT ( * ) SI_UNIT ( $, .STERADIAN. ) SOLID_ANGLE_UNIT ( ) );
#9065 = ORIENTED_EDGE ( 'NONE', *, *, #4543, .T. ) ;
#9066 = SURFACE_STYLE_USAGE ( .BOTH. , #7335 ) ;
#9067 = UNCERTAINTY_MEASURE_WITH_UNIT (LENGTH_MEASURE( 1.000000000000000082E-05 ), #8925, 'distance_accuracy_value', 'NONE');
#9068 = ORIENTED_EDGE ( 'NONE', *, *, #4574, .F. ) ;
#9069 = ORIENTED_EDGE ( 'NONE', *, *, #2600, .T. ) ;
#9070 = DIRECTION ( 'NONE',  ( 0.000000000000000000, 0.000000000000000000, 1.000000000000000000 ) ) ;
#9071 = CIRCLE ( 'NONE', #6584, 0.03749999999999999167 ) ;
#9072 = VECTOR ( 'NONE', #11543, 1000.000000000000000 ) ;
#9073 = EDGE_CURVE ( 'NONE', #6729, #2810, #10586, .T. ) ;
#9074 = ADVANCED_FACE ( 'NONE', ( #513 ), #4178, .F. ) ;
#9075 = CARTESIAN_POINT ( 'NONE',  ( 2.574996656942672324, -2.660844503146068796, 0.2500184873492064530 ) ) ;
#9076 = CARTESIAN_POINT ( 'NONE',  ( 2.374771484314848635, -2.559980999734316587, 1.090494766897659451 ) ) ;
#9077 = PRESENTATION_LAYER_ASSIGNMENT (  '', '', ( #1448 ) ) ;
#9078 = ORIENTED_EDGE ( 'NONE', *, *, #4683, .T. ) ;
#9079 = PRESENTATION_LAYER_ASSIGNMENT (  '', '', ( #2417 ) ) ;
#9080 = PRESENTATION_STYLE_ASSIGNMENT (( #1726 ) ) ;
#9081 = CARTESIAN_POINT ( 'NONE',  ( 1.647500000000000187, -2.819999999999999840, 0.000000000000000000 ) ) ;
#9082 =( GEOMETRIC_REPRESENTATION_CONTEXT ( 3 ) GLOBAL_UNCERTAINTY_ASSIGNED_CONTEXT ( ( #6648 ) ) GLOBAL_UNIT_ASSIGNED_CONTEXT ( ( #2250, #8589, #7680 ) ) REPRESENTATION_CONTEXT ( 'NONE', 'WORKASPACE' ) );
#9083 = UNCERTAINTY_MEASURE_WITH_UNIT (LENGTH_MEASURE( 1.000000000000000082E-05 ), #10220, 'distance_accuracy_value', 'NONE');
#9084 = CARTESIAN_POINT ( 'NONE',  ( -2.381424832439820172, -0.07999999999999900246, 0.000000000000000000 ) ) ;
#9085 = VERTEX_POINT ( 'NONE', #11885 ) ;
#9086 = FACE_OUTER_BOUND ( 'NONE', #11097, .T. ) ;
#9087 = LINE ( 'NONE', #6449, #9419 ) ;
#9088 = EDGE_LOOP ( 'NONE', ( #9950, #7957, #4932, #8943 ) ) ;
#9089 = VECTOR ( 'NONE', #4836, 1000.000000000000000 ) ;
#9090 = FILL_AREA_STYLE_COLOUR ( '', #2068 ) ;
#9091 = ADVANCED_FACE ( 'NONE', ( #3393 ), #10833, .T. ) ;
#9092 = VECTOR ( 'NONE', #1065, 1000.000000000000000 ) ;
#9093 = EDGE_CURVE ( 'NONE', #7689, #11512, #795, .T. ) ;
#9094 = SURFACE_SIDE_STYLE ('',( #3728 ) ) ;
#9095 = DIRECTION ( 'NONE',  ( -0.000000000000000000, -0.000000000000000000, -1.000000000000000000 ) ) ;
#9096 = SURFACE_STYLE_FILL_AREA ( #8087 ) ;
#9097 = PRESENTATION_LAYER_ASSIGNMENT (  '', '', ( #4690 ) ) ;
#9098 = PLANE ( 'NONE',  #7719 ) ;
#9099 = VECTOR ( 'NONE', #4470, 1000.000000000000000 ) ;
#9100 = VERTEX_POINT ( 'NONE', #7138 ) ;
#9101 = MECHANICAL_DESIGN_GEOMETRIC_PRESENTATION_REPRESENTATION (  '', ( #1466 ), #7574 ) ;
#9102 = ORIENTED_EDGE ( 'NONE', *, *, #1707, .F. ) ;
#9103 = STYLED_ITEM ( 'NONE', ( #11627 ), #8071 ) ;
#9104 = EDGE_CURVE ( 'NONE', #4615, #1097, #2671, .T. ) ;
#9105 = LINE ( 'NONE', #11074, #7230 ) ;
#9106 = FACE_OUTER_BOUND ( 'NONE', #5309, .T. ) ;
#9107 = MECHANICAL_DESIGN_GEOMETRIC_PRESENTATION_REPRESENTATION (  '', ( #10478 ), #4715 ) ;
#9108 = COLOUR_RGB ( '',0.8313725490196077761, 0.8313725490196077761, 0.8313725490196077761 ) ;
#9109 = CARTESIAN_POINT ( 'NONE',  ( 2.162500000000000089, -3.220000000000000195, 0.2500000000000000000 ) ) ;
#9110 = CARTESIAN_POINT ( 'NONE',  ( -2.125000000000000000, 2.507499999999999840, 0.000000000000000000 ) ) ;
#9111 = VECTOR ( 'NONE', #2426, 1000.000000000000000 ) ;
#9112 = AXIS2_PLACEMENT_3D ( 'NONE', #7919, #8923, #790 ) ;
#9113 =( NAMED_UNIT ( * ) PLANE_ANGLE_UNIT ( ) SI_UNIT ( $, .RADIAN. ) );
#9114 = FACE_OUTER_BOUND ( 'NONE', #4660, .T. ) ;
#9115 =( NAMED_UNIT ( * ) SI_UNIT ( $, .STERADIAN. ) SOLID_ANGLE_UNIT ( ) );
#9116 = DIRECTION ( 'NONE',  ( 1.000000000000000000, -0.000000000000000000, 0.000000000000000000 ) ) ;
#9117 = VERTEX_POINT ( 'NONE', #1638 ) ;
#9118 = CARTESIAN_POINT ( 'NONE',  ( 2.185000000000000497, 2.469999999999997087, 0.000000000000000000 ) ) ;
#9119 = ORIENTED_EDGE ( 'NONE', *, *, #2736, .F. ) ;
#9120 = PLANE ( 'NONE',  #9427 ) ;
#9121 = DIRECTION ( 'NONE',  ( 0.000000000000000000, 0.000000000000000000, 1.000000000000000000 ) ) ;
#9122 = LINE ( 'NONE', #1950, #6469 ) ;
#9123 =( LENGTH_UNIT ( ) NAMED_UNIT ( * ) SI_UNIT ( .MILLI., .METRE. ) );
#9124 = SURFACE_SIDE_STYLE ('',( #8885 ) ) ;
#9125 = DIRECTION ( 'NONE',  ( 1.000000000000000000, -0.000000000000000000, 0.000000000000000000 ) ) ;
#9126 =( GEOMETRIC_REPRESENTATION_CONTEXT ( 3 ) GLOBAL_UNCERTAINTY_ASSIGNED_CONTEXT ( ( #2859 ) ) GLOBAL_UNIT_ASSIGNED_CONTEXT ( ( #217, #1058, #11161 ) ) REPRESENTATION_CONTEXT ( 'NONE', 'WORKASPACE' ) );
#9127 = EDGE_LOOP ( 'NONE', ( #8398, #2876, #10419, #3485 ) ) ;
#9128 = CARTESIAN_POINT ( 'NONE',  ( 1.685000000000000275, 2.507499999999999840, 0.000000000000000000 ) ) ;
#9129 = CARTESIAN_POINT ( 'NONE',  ( -1.647500000000000187, 2.469999999999999751, 0.2500000000000000000 ) ) ;
#9130 = CARTESIAN_POINT ( 'NONE',  ( 2.185000000000000497, -0.07999999999999900246, 0.000000000000000000 ) ) ;
#9131 = VERTEX_POINT ( 'NONE', #921 ) ;
#9132 = MECHANICAL_DESIGN_GEOMETRIC_PRESENTATION_REPRESENTATION (  '', ( #6456 ), #1874 ) ;
#9133 = CARTESIAN_POINT ( 'NONE',  ( -2.481424832439820261, -0.5799999999999989608, 0.000000000000000000 ) ) ;
#9134 = STYLED_ITEM ( 'NONE', ( #7182 ), #5535 ) ;
#9135 = ORIENTED_EDGE ( 'NONE', *, *, #11535, .T. ) ;
#9136 =( LENGTH_UNIT ( ) NAMED_UNIT ( * ) SI_UNIT ( .MILLI., .METRE. ) );
#9137 = AXIS2_PLACEMENT_3D ( 'NONE', #676, #1575, #792 ) ;
#9138 = SURFACE_STYLE_USAGE ( .BOTH. , #5374 ) ;
#9139 = ORIENTED_EDGE ( 'NONE', *, *, #10822, .F. ) ;
#9140 = VECTOR ( 'NONE', #509, 1000.000000000000000 ) ;
#9141 = CYLINDRICAL_SURFACE ( 'NONE', #5846, 0.07999999999999986289 ) ;
#9142 = LINE ( 'NONE', #1967, #6893 ) ;
#9143 = VECTOR ( 'NONE', #7563, 1000.000000000000000 ) ;
#9144 = EDGE_CURVE ( 'NONE', #1160, #6125, #5467, .T. ) ;
#9145 = SURFACE_STYLE_FILL_AREA ( #11053 ) ;
#9146 = FILL_AREA_STYLE_COLOUR ( '', #6184 ) ;
#9147 = ORIENTED_EDGE ( 'NONE', *, *, #11473, .T. ) ;
#9148 = VERTEX_POINT ( 'NONE', #11621 ) ;
#9149 = EDGE_CURVE ( 'NONE', #7920, #622, #5095, .T. ) ;
#9150 = ADVANCED_FACE ( 'NONE', ( #1696 ), #5228, .F. ) ;
#9151 = COLOUR_RGB ( '',0.2862745098039215508, 0.2862745098039215508, 0.2862745098039215508 ) ;
#9152 =( LENGTH_UNIT ( ) NAMED_UNIT ( * ) SI_UNIT ( .MILLI., .METRE. ) );
#9153 = CLOSED_SHELL ( 'NONE', ( #10210, #6846, #6589, #967, #5781, #2792, #7553, #11259, #4888, #8858, #4557, #6526, #3073, #1720, #11027, #3050, #7693, #979, #8563, #6170, #6009, #6097, #10358, #2961, #323, #5341, #2354, #8511, #1692, #6507, #5124, #4701, #9525, #9091, #10962, #5678, #10648, #10297, #3395, #6216, #4343, #1410, #1350, #1403, #6656, #7180, #3554, #3620, #8203, #1493, #2339, #5420, #2740, #3853, #149, #6833, #11875, #2065, #11048, #1482, #8637, #7695, #1835, #7290, #5279, #472, #7866, #7319, #3915, #310, #7853, #9227, #6587, #139, #357, #8414, #1923, #6070, #1755, #11122, #6500, #4764, #5872, #5796, #8076, #10807, #7447, #9317, #3242, #101, #11339, #6985, #4080, #10566, #234, #3103, #1836, #11140, #4281, #4838, #7912, #9457, #4624, #9752, #2591, #5934, #10569, #9228, #8267, #5219, #3347, #328, #10068, #1480, #10664, #10111, #617, #7941, #742, #5137, #3610, #10792, #1060, #10398 ) ) ;
#9154 =( LENGTH_UNIT ( ) NAMED_UNIT ( * ) SI_UNIT ( .MILLI., .METRE. ) );
#9155 = DIRECTION ( 'NONE',  ( 0.000000000000000000, 0.000000000000000000, -1.000000000000000000 ) ) ;
#9156 = EDGE_CURVE ( 'NONE', #4412, #10674, #138, .T. ) ;
#9157 = DIRECTION ( 'NONE',  ( 0.000000000000000000, 1.000000000000000000, 0.000000000000000000 ) ) ;
#9158 = EDGE_LOOP ( 'NONE', ( #4236, #6516, #10319, #4832 ) ) ;
#9159 = EDGE_CURVE ( 'NONE', #999, #6125, #5103, .T. ) ;
#9160 = AXIS2_PLACEMENT_3D ( 'NONE', #1288, #3213, #4175 ) ;
#9161 = UNCERTAINTY_MEASURE_WITH_UNIT (LENGTH_MEASURE( 1.000000000000000082E-05 ), #1932, 'distance_accuracy_value', 'NONE');
#9162 =( LENGTH_UNIT ( ) NAMED_UNIT ( * ) SI_UNIT ( .MILLI., .METRE. ) );
#9163 = CARTESIAN_POINT ( 'NONE',  ( -1.287500000000000089, -2.739999999999997993, 0.2499999999999997224 ) ) ;
#9164 = VERTEX_POINT ( 'NONE', #422 ) ;
#9165 = PLANE ( 'NONE',  #6152 ) ;
#9166 = STYLED_ITEM ( 'NONE', ( #6119 ), #6587 ) ;
#9167 = PRESENTATION_STYLE_ASSIGNMENT (( #1872 ) ) ;
#9168 = PLANE ( 'NONE',  #2328 ) ;
#9169 = LINE ( 'NONE', #4849, #892 ) ;
#9170 = EDGE_CURVE ( 'NONE', #1947, #9812, #372, .T. ) ;
#9171 = UNCERTAINTY_MEASURE_WITH_UNIT (LENGTH_MEASURE( 1.000000000000000082E-05 ), #2460, 'distance_accuracy_value', 'NONE');
#9172 = DIRECTION ( 'NONE',  ( 1.000000000000000000, 0.000000000000000000, 0.000000000000000000 ) ) ;
#9173 = CARTESIAN_POINT ( 'NONE',  ( -1.685000000000000053, 2.740000000000000213, 0.000000000000000000 ) ) ;
#9174 = PLANE ( 'NONE',  #3208 ) ;
#9175 = LINE ( 'NONE', #2677, #7426 ) ;
#9176 = EDGE_LOOP ( 'NONE', ( #9909, #144, #4981, #4699 ) ) ;
#9177 = CARTESIAN_POINT ( 'NONE',  ( 2.185000000000000497, -0.07999999999999900246, 0.2500000000000000000 ) ) ;
#9178 = ORIENTED_EDGE ( 'NONE', *, *, #1624, .F. ) ;
#9179 = SURFACE_STYLE_USAGE ( .BOTH. , #10771 ) ;
#9180 = DIRECTION ( 'NONE',  ( -0.000000000000000000, 1.000000000000000000, 0.000000000000000000 ) ) ;
#9181 = CARTESIAN_POINT ( 'NONE',  ( -0.9150000000000000355, 2.470000000000000195, 0.000000000000000000 ) ) ;
#9182 = VECTOR ( 'NONE', #6202, 1000.000000000000000 ) ;
#9183 = SURFACE_STYLE_FILL_AREA ( #3758 ) ;
#9184 = SURFACE_SIDE_STYLE ('',( #10289 ) ) ;
#9185 =( GEOMETRIC_REPRESENTATION_CONTEXT ( 3 ) GLOBAL_UNCERTAINTY_ASSIGNED_CONTEXT ( ( #110 ) ) GLOBAL_UNIT_ASSIGNED_CONTEXT ( ( #3384, #789, #1569 ) ) REPRESENTATION_CONTEXT ( 'NONE', 'WORKASPACE' ) );
#9186 = EDGE_CURVE ( 'NONE', #8221, #7920, #9522, .T. ) ;
#9187 = LINE ( 'NONE', #346, #10072 ) ;
#9188 = VERTEX_POINT ( 'NONE', #68 ) ;
#9189 = DIRECTION ( 'NONE',  ( -2.467162276944820150E-14, 1.000000000000000000, 0.000000000000000000 ) ) ;
#9190 = UNCERTAINTY_MEASURE_WITH_UNIT (LENGTH_MEASURE( 1.000000000000000082E-05 ), #3470, 'distance_accuracy_value', 'NONE');
#9191 = PRESENTATION_STYLE_ASSIGNMENT (( #2530 ) ) ;
#9192 = SURFACE_SIDE_STYLE ('',( #5482 ) ) ;
#9193 = CARTESIAN_POINT ( 'NONE',  ( -2.496266715016318471, 2.739989970828017984, 0.2500554620476149736 ) ) ;
#9194 = ORIENTED_EDGE ( 'NONE', *, *, #1179, .F. ) ;
#9195 = DIRECTION ( 'NONE',  ( -1.000000000000000000, -0.000000000000000000, -0.000000000000000000 ) ) ;
#9196 = ORIENTED_EDGE ( 'NONE', *, *, #1625, .T. ) ;
#9197 =( NAMED_UNIT ( * ) SI_UNIT ( $, .STERADIAN. ) SOLID_ANGLE_UNIT ( ) );
#9198 = CARTESIAN_POINT ( 'NONE',  ( 2.424815268422570114, 2.552633915959635846, 1.038719727649760394 ) ) ;
#9199 = DIRECTION ( 'NONE',  ( -0.000000000000000000, -1.000000000000000000, -0.000000000000000000 ) ) ;
#9200 = ORIENTED_EDGE ( 'NONE', *, *, #2519, .F. ) ;
#9201 = SURFACE_SIDE_STYLE ('',( #7109 ) ) ;
#9202 = DIRECTION ( 'NONE',  ( 0.000000000000000000, -1.000000000000000000, 0.000000000000000000 ) ) ;
#9203 = ORIENTED_EDGE ( 'NONE', *, *, #9451, .T. ) ;
#9204 = CARTESIAN_POINT ( 'NONE',  ( -0.3549999999999999267, 2.469999999999997087, 0.000000000000000000 ) ) ;
#9205 = DIRECTION ( 'NONE',  ( -0.000000000000000000, -0.000000000000000000, -1.000000000000000000 ) ) ;
#9206 = EDGE_LOOP ( 'NONE', ( #1911, #914, #5017, #3224 ) ) ;
#9207 = DIRECTION ( 'NONE',  ( 1.000000000000000000, -1.586032892321630158E-14, 0.000000000000000000 ) ) ;
#9208 = FILL_AREA_STYLE ('',( #119 ) ) ;
#9209 =( LENGTH_UNIT ( ) NAMED_UNIT ( * ) SI_UNIT ( .MILLI., .METRE. ) );
#9210 = LINE ( 'NONE', #11735, #9418 ) ;
#9211 = VECTOR ( 'NONE', #282, 1000.000000000000000 ) ;
#9212 = DIRECTION ( 'NONE',  ( -1.000000000000000000, 0.000000000000000000, 0.000000000000000000 ) ) ;
#9213 = VECTOR ( 'NONE', #8872, 1000.000000000000000 ) ;
#9214 = ADVANCED_FACE ( 'NONE', ( #10087 ), #7318, .T. ) ;
#9215 = CARTESIAN_POINT ( 'NONE',  ( 2.185000000000000497, -0.6799999999999990496, 0.2500000000000000000 ) ) ;
#9216 = VERTEX_POINT ( 'NONE', #2900 ) ;
#9217 = DIRECTION ( 'NONE',  ( 0.000000000000000000, 0.000000000000000000, 1.000000000000000000 ) ) ;
#9218 = ORIENTED_EDGE ( 'NONE', *, *, #5932, .F. ) ;
#9219 = LINE ( 'NONE', #4727, #10261 ) ;
#9220 =( NAMED_UNIT ( * ) PLANE_ANGLE_UNIT ( ) SI_UNIT ( $, .RADIAN. ) );
#9221 = STYLED_ITEM ( 'NONE', ( #4741 ), #11027 ) ;
#9222 = VECTOR ( 'NONE', #1191, 1000.000000000000000 ) ;
#9223 = ORIENTED_EDGE ( 'NONE', *, *, #6900, .T. ) ;
#9224 = STYLED_ITEM ( 'NONE', ( #3307 ), #1403 ) ;
#9225 = AXIS2_PLACEMENT_3D ( 'NONE', #3299, #6936, #6699 ) ;
#9226 =( NAMED_UNIT ( * ) PLANE_ANGLE_UNIT ( ) SI_UNIT ( $, .RADIAN. ) );
#9227 = ADVANCED_FACE ( 'NONE', ( #4093 ), #7658, .T. ) ;
#9228 = ADVANCED_FACE ( 'NONE', ( #5020 ), #3253, .F. ) ;
#9229 =( NAMED_UNIT ( * ) PLANE_ANGLE_UNIT ( ) SI_UNIT ( $, .RADIAN. ) );
#9230 = STYLED_ITEM ( 'NONE', ( #4065 ), #10943 ) ;
#9231 = EDGE_CURVE ( 'NONE', #6972, #2073, #601, .T. ) ;
#9232 = STYLED_ITEM ( 'NONE', ( #9856 ), #10068 ) ;
#9233 = SURFACE_STYLE_USAGE ( .BOTH. , #4625 ) ;
#9234 = CARTESIAN_POINT ( 'NONE',  ( 2.162500000000000089, 2.469999999999999751, 0.000000000000000000 ) ) ;
#9235 = FACE_OUTER_BOUND ( 'NONE', #8407, .T. ) ;
#9236 = ORIENTED_EDGE ( 'NONE', *, *, #11488, .T. ) ;
#9237 = CARTESIAN_POINT ( 'NONE',  ( 0.000000000000000000, 0.000000000000000000, 0.000000000000000000 ) ) ;
#9238 = ORIENTED_EDGE ( 'NONE', *, *, #7549, .F. ) ;
#9239 = CARTESIAN_POINT ( 'NONE',  ( -2.541955526939518428, 2.739266446321862780, 0.2540566049826148975 ) ) ;
#9240 = CARTESIAN_POINT ( 'NONE',  ( -2.185000000000000497, -1.080000000000000071, 0.000000000000000000 ) ) ;
#9241 = COLOUR_RGB ( '',0.2862745098039215508, 0.2862745098039215508, 0.2862745098039215508 ) ;
#9242 = LINE ( 'NONE', #2067, #2480 ) ;
#9243 = CARTESIAN_POINT ( 'NONE',  ( 0.8549999999999998712, -2.319999999999999840, 0.000000000000000000 ) ) ;
#9244 = DIRECTION ( 'NONE',  ( -0.000000000000000000, -1.000000000000000000, -0.000000000000000000 ) ) ;
#9245 = SURFACE_SIDE_STYLE ('',( #214 ) ) ;
#9246 = VECTOR ( 'NONE', #10118, 1000.000000000000000 ) ;
#9247 =( NAMED_UNIT ( * ) PLANE_ANGLE_UNIT ( ) SI_UNIT ( $, .RADIAN. ) );
#9248 = ORIENTED_EDGE ( 'NONE', *, *, #3164, .F. ) ;
#9249 = AXIS2_PLACEMENT_3D ( 'NONE', #5992, #8510, #9651 ) ;
#9250 = CARTESIAN_POINT ( 'NONE',  ( -0.4149999999999999800, 2.507499999999999840, 0.000000000000000000 ) ) ;
#9251 = CARTESIAN_POINT ( 'NONE',  ( -0.4149999999999999800, -2.740000000000000213, 0.000000000000000000 ) ) ;
#9252 = ORIENTED_EDGE ( 'NONE', *, *, #10806, .F. ) ;
#9253 = CARTESIAN_POINT ( 'NONE',  ( -0.3775000000000000022, -3.220000000000000195, 0.000000000000000000 ) ) ;
#9254 = ORIENTED_EDGE ( 'NONE', *, *, #9303, .F. ) ;
#9255 = CARTESIAN_POINT ( 'NONE',  ( 2.185000000000000497, -1.080000000000000071, 0.000000000000000000 ) ) ;
#9256 =( NAMED_UNIT ( * ) PLANE_ANGLE_UNIT ( ) SI_UNIT ( $, .RADIAN. ) );
#9257 =( GEOMETRIC_REPRESENTATION_CONTEXT ( 3 ) GLOBAL_UNCERTAINTY_ASSIGNED_CONTEXT ( ( #11769 ) ) GLOBAL_UNIT_ASSIGNED_CONTEXT ( ( #1008, #3898, #2140 ) ) REPRESENTATION_CONTEXT ( 'NONE', 'WORKASPACE' ) );
#9258 = AXIS2_PLACEMENT_3D ( 'NONE', #2329, #2200, #10598 ) ;
#9259 = ORIENTED_EDGE ( 'NONE', *, *, #4403, .F. ) ;
#9260 = MECHANICAL_DESIGN_GEOMETRIC_PRESENTATION_REPRESENTATION (  '', ( #9844 ), #1437 ) ;
#9261 =( LENGTH_UNIT ( ) NAMED_UNIT ( * ) SI_UNIT ( .MILLI., .METRE. ) );
#9262 = FILL_AREA_STYLE_COLOUR ( '', #10955 ) ;
#9263 = DIRECTION ( 'NONE',  ( -1.000000000000000000, -2.155772863349820033E-16, 0.000000000000000000 ) ) ;
#9264 = ORIENTED_EDGE ( 'NONE', *, *, #1995, .F. ) ;
#9265 = CARTESIAN_POINT ( 'NONE',  ( 2.705000000000000515, -0.1799999999999990219, 0.2500000000000000000 ) ) ;
#9266 = DIRECTION ( 'NONE',  ( 1.000000000000000000, -0.000000000000000000, 0.000000000000000000 ) ) ;
#9267 = ORIENTED_EDGE ( 'NONE', *, *, #7925, .F. ) ;
#9268 = VECTOR ( 'NONE', #5270, 1000.000000000000000 ) ;
#9269 = CARTESIAN_POINT ( 'NONE',  ( 1.905000000000000027, 2.419999999999999929, 0.000000000000000000 ) ) ;
#9270 =( NAMED_UNIT ( * ) PLANE_ANGLE_UNIT ( ) SI_UNIT ( $, .RADIAN. ) );
#9271 =( NAMED_UNIT ( * ) PLANE_ANGLE_UNIT ( ) SI_UNIT ( $, .RADIAN. ) );
#9272 = VECTOR ( 'NONE', #9563, 1000.000000000000000 ) ;
#9273 = FILL_AREA_STYLE_COLOUR ( '', #9354 ) ;
#9274 = SURFACE_STYLE_USAGE ( .BOTH. , #2036 ) ;
#9275 = VERTEX_POINT ( 'NONE', #7054 ) ;
#9276 = STYLED_ITEM ( 'NONE', ( #8253 ), #2304 ) ;
#9277 = DIRECTION ( 'NONE',  ( 0.2974806214264050785, -0.8622610147216671628, -0.4098917202956420813 ) ) ;
#9278 = EDGE_LOOP ( 'NONE', ( #10896, #9259, #3687, #10168 ) ) ;
#9279 = FACE_OUTER_BOUND ( 'NONE', #6336, .T. ) ;
#9280 = ORIENTED_EDGE ( 'NONE', *, *, #5164, .T. ) ;
#9281 = SURFACE_STYLE_FILL_AREA ( #974 ) ;
#9282 = PRESENTATION_STYLE_ASSIGNMENT (( #8154 ) ) ;
#9283 = VECTOR ( 'NONE', #7836, 1000.000000000000000 ) ;
#9284 = ORIENTED_EDGE ( 'NONE', *, *, #7536, .F. ) ;
#9285 = DIRECTION ( 'NONE',  ( 2.942707192958180530E-16, -1.000000000000000000, -5.321281451659782519E-17 ) ) ;
#9286 = FACE_OUTER_BOUND ( 'NONE', #8261, .T. ) ;
#9287 = STYLED_ITEM ( 'NONE', ( #2686 ), #8784 ) ;
#9288 = VECTOR ( 'NONE', #10212, 1000.000000000000000 ) ;
#9289 = CARTESIAN_POINT ( 'NONE',  ( 0.000000000000000000, 0.02000000000000060063, 0.000000000000000000 ) ) ;
#9290 = CARTESIAN_POINT ( 'NONE',  ( -0.8924999999999999600, 3.220000000000000195, 0.000000000000000000 ) ) ;
#9291 = UNCERTAINTY_MEASURE_WITH_UNIT (LENGTH_MEASURE( 1.000000000000000082E-05 ), #2535, 'distance_accuracy_value', 'NONE');
#9292 = ADVANCED_FACE ( 'NONE', ( #6090 ), #656, .T. ) ;
#9293 = LINE ( 'NONE', #5760, #10842 ) ;
#9294 = VECTOR ( 'NONE', #10898, 1000.000000000000000 ) ;
#9295 = PLANE ( 'NONE',  #3009 ) ;
#9296 = CARTESIAN_POINT ( 'NONE',  ( -0.6350000000000000089, -2.620000000000000551, 0.2500000000000000000 ) ) ;
#9297 = ORIENTED_EDGE ( 'NONE', *, *, #11630, .T. ) ;
#9298 = VECTOR ( 'NONE', #2252, 1000.000000000000000 ) ;
#9299 = EDGE_CURVE ( 'NONE', #1256, #1494, #10615, .T. ) ;
#9300 = ORIENTED_EDGE ( 'NONE', *, *, #1413, .F. ) ;
#9301 = CARTESIAN_POINT ( 'NONE',  ( 0.3549999999999999822, 2.419999999999999929, 0.000000000000000000 ) ) ;
#9302 = VECTOR ( 'NONE', #8159, 1000.000000000000114 ) ;
#9303 = EDGE_CURVE ( 'NONE', #7577, #5485, #846, .T. ) ;
#9304 =( NAMED_UNIT ( * ) PLANE_ANGLE_UNIT ( ) SI_UNIT ( $, .RADIAN. ) );
#9305 = VECTOR ( 'NONE', #4575, 1000.000000000000000 ) ;
#9306 = CARTESIAN_POINT ( 'NONE',  ( 2.575000000000000178, 1.070000000000000062, 0.2500000000000000000 ) ) ;
#9307 = VECTOR ( 'NONE', #2240, 1000.000000000000000 ) ;
#9308 = FILL_AREA_STYLE ('',( #6544 ) ) ;
#9309 = EDGE_CURVE ( 'NONE', #2612, #6575, #5433, .T. ) ;
#9310 = SURFACE_STYLE_FILL_AREA ( #11766 ) ;
#9311 = VERTEX_POINT ( 'NONE', #4658 ) ;
#9312 = CARTESIAN_POINT ( 'NONE',  ( 0.3775000000000000022, -3.220000000000000195, 0.000000000000000000 ) ) ;
#9313 = EDGE_CURVE ( 'NONE', #7903, #701, #11115, .T. ) ;
#9314 = DIRECTION ( 'NONE',  ( -0.000000000000000000, -1.000000000000000000, -0.000000000000000000 ) ) ;
#9315 = EDGE_LOOP ( 'NONE', ( #6114, #9694, #3401, #4829 ) ) ;
#9316 = ORIENTED_EDGE ( 'NONE', *, *, #7402, .T. ) ;
#9317 = ADVANCED_FACE ( 'NONE', ( #773 ), #2760, .F. ) ;
#9318 = DIRECTION ( 'NONE',  ( 0.000000000000000000, 0.000000000000000000, 1.000000000000000000 ) ) ;
#9319 = ORIENTED_EDGE ( 'NONE', *, *, #2959, .F. ) ;
#9320 = SURFACE_STYLE_USAGE ( .BOTH. , #8416 ) ;
#9321 = DIRECTION ( 'NONE',  ( 0.000000000000000000, 1.000000000000000000, 0.000000000000000000 ) ) ;
#9322 = VECTOR ( 'NONE', #8739, 1000.000000000000000 ) ;
#9323 = ORIENTED_EDGE ( 'NONE', *, *, #5067, .F. ) ;
#9324 = PRESENTATION_LAYER_ASSIGNMENT (  '', '', ( #5883 ) ) ;
#9325 = DIRECTION ( 'NONE',  ( 0.000000000000000000, 0.000000000000000000, 1.000000000000000000 ) ) ;
#9326 = EDGE_CURVE ( 'NONE', #5725, #9644, #1793, .T. ) ;
#9327 = FILL_AREA_STYLE ('',( #2030 ) ) ;
#9328 = ORIENTED_EDGE ( 'NONE', *, *, #10853, .F. ) ;
#9329 =( NAMED_UNIT ( * ) PLANE_ANGLE_UNIT ( ) SI_UNIT ( $, .RADIAN. ) );
#9330 = PRESENTATION_STYLE_ASSIGNMENT (( #6631 ) ) ;
#9331 = COLOUR_RGB ( '',0.8313725490196077761, 0.8313725490196077761, 0.8313725490196077761 ) ;
#9332 = COLOUR_RGB ( '',0.8313725490196077761, 0.8313725490196077761, 0.8313725490196077761 ) ;
#9333 = EDGE_LOOP ( 'NONE', ( #544, #6853, #5003, #10508 ) ) ;
#9334 = DIRECTION ( 'NONE',  ( 1.000000000000000000, 0.000000000000000000, 0.000000000000000000 ) ) ;
#9335 =( GEOMETRIC_REPRESENTATION_CONTEXT ( 3 ) GLOBAL_UNCERTAINTY_ASSIGNED_CONTEXT ( ( #1310 ) ) GLOBAL_UNIT_ASSIGNED_CONTEXT ( ( #2013, #9304, #3093 ) ) REPRESENTATION_CONTEXT ( 'NONE', 'WORKASPACE' ) );
#9336 = AXIS2_PLACEMENT_3D ( 'NONE', #10638, #9839, #2490 ) ;
#9337 = ORIENTED_EDGE ( 'NONE', *, *, #4883, .T. ) ;
#9338 = SURFACE_STYLE_FILL_AREA ( #3861 ) ;
#9339 = ORIENTED_EDGE ( 'NONE', *, *, #2281, .F. ) ;
#9340 = CARTESIAN_POINT ( 'NONE',  ( 1.905000000000000027, -0.07999999999999890532, 0.000000000000000000 ) ) ;
#9341 = LINE ( 'NONE', #1146, #8768 ) ;
#9342 = STYLED_ITEM ( 'NONE', ( #1585 ), #4622 ) ;
#9343 = DIRECTION ( 'NONE',  ( 0.000000000000000000, 0.000000000000000000, 1.000000000000000000 ) ) ;
#9344 = EDGE_LOOP ( 'NONE', ( #11531, #11162, #3862, #9511 ) ) ;
#9345 = CARTESIAN_POINT ( 'NONE',  ( -2.574989970828018393, -2.661266715016318063, 0.2500554620476066470 ) ) ;
#9346 = FILL_AREA_STYLE ('',( #6522 ) ) ;
#9347 = CIRCLE ( 'NONE', #10922, 0.03750000000000031780 ) ;
#9348 = VECTOR ( 'NONE', #2589, 1000.000000000000000 ) ;
#9349 = SURFACE_STYLE_FILL_AREA ( #1087 ) ;
#9350 = COLOUR_RGB ( '',0.2862745098039215508, 0.2862745098039215508, 0.2862745098039215508 ) ;
#9351 = SURFACE_STYLE_FILL_AREA ( #136 ) ;
#9352 = CARTESIAN_POINT ( 'NONE',  ( 2.185000000000000497, 2.419999999999999929, 0.000000000000000000 ) ) ;
#9353 = DIRECTION ( 'NONE',  ( 2.025954424498460092E-16, -1.000000000000000000, 0.000000000000000000 ) ) ;
#9354 = COLOUR_RGB ( '',0.8313725490196077761, 0.8313725490196077761, 0.8313725490196077761 ) ;
#9355 =( LENGTH_UNIT ( ) NAMED_UNIT ( * ) SI_UNIT ( .MILLI., .METRE. ) );
#9356 = VERTEX_POINT ( 'NONE', #6267 ) ;
#9357 =( LENGTH_UNIT ( ) NAMED_UNIT ( * ) SI_UNIT ( .MILLI., .METRE. ) );
#9358 = ORIENTED_EDGE ( 'NONE', *, *, #6291, .T. ) ;
#9359 = FACE_OUTER_BOUND ( 'NONE', #1116, .T. ) ;
#9360 = PLANE ( 'NONE',  #5698 ) ;
#9361 = SURFACE_STYLE_FILL_AREA ( #2978 ) ;
#9362 = CARTESIAN_POINT ( 'NONE',  ( -0.4149999999999999800, -2.782500000000000195, 0.000000000000000000 ) ) ;
#9363 = CARTESIAN_POINT ( 'NONE',  ( -2.430047276449381233, 2.516918006223031856, 1.081631277483483755 ) ) ;
#9364 = EDGE_CURVE ( 'NONE', #8973, #3739, #5315, .T. ) ;
#9365 = FACE_OUTER_BOUND ( 'NONE', #11164, .T. ) ;
#9366 = ORIENTED_EDGE ( 'NONE', *, *, #11884, .T. ) ;
#9367 = PRESENTATION_LAYER_ASSIGNMENT (  '', '', ( #2889 ) ) ;
#9368 = LINE ( 'NONE', #6431, #5687 ) ;
#9369 = DIRECTION ( 'NONE',  ( 0.000000000000000000, -0.000000000000000000, -1.000000000000000000 ) ) ;
#9370 = ORIENTED_EDGE ( 'NONE', *, *, #8568, .F. ) ;
#9371 = CARTESIAN_POINT ( 'NONE',  ( -2.162500000000000089, -2.782500000000000195, 0.000000000000000000 ) ) ;
#9372 = ORIENTED_EDGE ( 'NONE', *, *, #6302, .T. ) ;
#9373 = CARTESIAN_POINT ( 'NONE',  ( 2.389628245610447177, 2.516918006223030968, 1.110965557284859573 ) ) ;
#9374 = AXIS2_PLACEMENT_3D ( 'NONE', #4604, #8244, #6265 ) ;
#9375 = EDGE_CURVE ( 'NONE', #9275, #2680, #8970, .T. ) ;
#9376 =( LENGTH_UNIT ( ) NAMED_UNIT ( * ) SI_UNIT ( .MILLI., .METRE. ) );
#9377 = VECTOR ( 'NONE', #8632, 1000.000000000000000 ) ;
#9378 = EDGE_CURVE ( 'NONE', #7378, #9763, #11910, .T. ) ;
#9379 = ORIENTED_EDGE ( 'NONE', *, *, #2231, .T. ) ;
#9380 = SURFACE_STYLE_FILL_AREA ( #5729 ) ;
#9381 = PLANE ( 'NONE',  #1433 ) ;
#9382 = FILL_AREA_STYLE ('',( #2088 ) ) ;
#9383 = ORIENTED_EDGE ( 'NONE', *, *, #1509, .F. ) ;
#9384 =( NAMED_UNIT ( * ) SI_UNIT ( $, .STERADIAN. ) SOLID_ANGLE_UNIT ( ) );
#9385 = EDGE_LOOP ( 'NONE', ( #11719, #403, #11727, #9617, #9424 ) ) ;
#9386 = FILL_AREA_STYLE ('',( #10425 ) ) ;
#9387 =( GEOMETRIC_REPRESENTATION_CONTEXT ( 3 ) GLOBAL_UNCERTAINTY_ASSIGNED_CONTEXT ( ( #8844 ) ) GLOBAL_UNIT_ASSIGNED_CONTEXT ( ( #1601, #9695, #706 ) ) REPRESENTATION_CONTEXT ( 'NONE', 'WORKASPACE' ) );
#9388 =( NAMED_UNIT ( * ) SI_UNIT ( $, .STERADIAN. ) SOLID_ANGLE_UNIT ( ) );
#9389 = CARTESIAN_POINT ( 'NONE',  ( 1.905000000000000027, -0.6799999999999991607, 0.000000000000000000 ) ) ;
#9390 = PRESENTATION_STYLE_ASSIGNMENT (( #11236 ) ) ;
#9391 = CARTESIAN_POINT ( 'NONE',  ( 0.3775000000000000022, 2.782500000000000195, 0.2500000000000000000 ) ) ;
#9392 = EDGE_CURVE ( 'NONE', #6038, #1770, #9995, .T. ) ;
#9393 = ORIENTED_EDGE ( 'NONE', *, *, #11349, .T. ) ;
#9394 = PRESENTATION_STYLE_ASSIGNMENT (( #4777 ) ) ;
#9395 = DIRECTION ( 'NONE',  ( -0.000000000000000000, 1.000000000000000000, 0.000000000000000000 ) ) ;
#9396 = ORIENTED_EDGE ( 'NONE', *, *, #6689, .F. ) ;
#9397 = DIRECTION ( 'NONE',  ( 0.000000000000000000, 0.000000000000000000, 1.000000000000000000 ) ) ;
#9398 = EDGE_LOOP ( 'NONE', ( #5355, #8838, #3206, #6069 ) ) ;
#9399 = CARTESIAN_POINT ( 'NONE',  ( 2.149999999999999911, 2.419999999999999929, 0.000000000000000000 ) ) ;
#9400 = DIRECTION ( 'NONE',  ( 0.000000000000000000, -0.000000000000000000, 1.000000000000000000 ) ) ;
#9401 = EDGE_LOOP ( 'NONE', ( #4694, #9297, #5526, #380 ) ) ;
#9402 = CARTESIAN_POINT ( 'NONE',  ( -2.704999999999999627, -0.1799999999999992439, 0.000000000000000000 ) ) ;
#9403 = CARTESIAN_POINT ( 'NONE',  ( -2.185000000000000053, 2.469999999999999751, 0.2500000000000000000 ) ) ;
#9404 = CARTESIAN_POINT ( 'NONE',  ( -2.381424832439820172, -0.07999999999999900246, 0.2500000000000000000 ) ) ;
#9405 = DIRECTION ( 'NONE',  ( -0.000000000000000000, -1.000000000000000000, -0.000000000000000000 ) ) ;
#9406 = DIRECTION ( 'NONE',  ( 0.000000000000000000, 0.000000000000000000, 1.000000000000000000 ) ) ;
#9407 = UNCERTAINTY_MEASURE_WITH_UNIT (LENGTH_MEASURE( 1.000000000000000082E-05 ), #2342, 'distance_accuracy_value', 'NONE');
#9408 = SURFACE_STYLE_USAGE ( .BOTH. , #331 ) ;
#9409 = AXIS2_PLACEMENT_3D ( 'NONE', #9946, #8982, #4505 ) ;
#9410 =( NAMED_UNIT ( * ) PLANE_ANGLE_UNIT ( ) SI_UNIT ( $, .RADIAN. ) );
#9411 = EDGE_LOOP ( 'NONE', ( #11429, #2297, #7113, #4723 ) ) ;
#9412 = VERTEX_POINT ( 'NONE', #9934 ) ;
#9413 = DIRECTION ( 'NONE',  ( 0.000000000000000000, 0.000000000000000000, 1.000000000000000000 ) ) ;
#9414 = CARTESIAN_POINT ( 'NONE',  ( -2.415190515153783579, -2.559980999734316143, 1.061160487096284522 ) ) ;
#9415 = SURFACE_STYLE_USAGE ( .BOTH. , #1287 ) ;
#9417 = EDGE_CURVE ( 'NONE', #1045, #10676, #5378, .T. ) ;
#9416 = MECHANICAL_DESIGN_GEOMETRIC_PRESENTATION_REPRESENTATION (  '', ( #1015 ), #11383 ) ;
#9418 = VECTOR ( 'NONE', #2590, 1000.000000000000000 ) ;
#9419 = VECTOR ( 'NONE', #7300, 1000.000000000000000 ) ;
#9420 = CARTESIAN_POINT ( 'NONE',  ( -1.647500000000000187, 2.819999999999999840, 0.000000000000000000 ) ) ;
#9421 = CARTESIAN_POINT ( 'NONE',  ( -2.125000000000000000, -2.620000000000000551, 0.000000000000000000 ) ) ;
#9422 = DIRECTION ( 'NONE',  ( 0.000000000000000000, 0.000000000000000000, -1.000000000000000000 ) ) ;
#9423 = PRESENTATION_STYLE_ASSIGNMENT (( #8345 ) ) ;
#9424 = ORIENTED_EDGE ( 'NONE', *, *, #5135, .F. ) ;
#9425 =( GEOMETRIC_REPRESENTATION_CONTEXT ( 3 ) GLOBAL_UNCERTAINTY_ASSIGNED_CONTEXT ( ( #4214 ) ) GLOBAL_UNIT_ASSIGNED_CONTEXT ( ( #5852, #2208, #9384 ) ) REPRESENTATION_CONTEXT ( 'NONE', 'WORKASPACE' ) );
#9426 =( LENGTH_UNIT ( ) NAMED_UNIT ( * ) SI_UNIT ( .MILLI., .METRE. ) );
#9427 = AXIS2_PLACEMENT_3D ( 'NONE', #9971, #6245, #1761 ) ;
#9428 = SURFACE_SIDE_STYLE ('',( #1113 ) ) ;
#9429 = ORIENTED_EDGE ( 'NONE', *, *, #2521, .F. ) ;
#9430 = PRESENTATION_STYLE_ASSIGNMENT (( #5662 ) ) ;
#9431 =( REPRESENTATION_RELATIONSHIP ('NONE','NONE', #5283, #8640 ) REPRESENTATION_RELATIONSHIP_WITH_TRANSFORMATION ( #3207 )SHAPE_REPRESENTATION_RELATIONSHIP( ) );
#9432 = ORIENTED_EDGE ( 'NONE', *, *, #4063, .F. ) ;
#9433 = LINE ( 'NONE', #9503, #2100 ) ;
#9434 = ADVANCED_FACE ( 'NONE', ( #9018 ), #111, .T. ) ;
#9435 = FILL_AREA_STYLE_COLOUR ( '', #7717 ) ;
#9436 = COLOUR_RGB ( '',0.2862745098039215508, 0.2862745098039215508, 0.2862745098039215508 ) ;
#9437 = ORIENTED_EDGE ( 'NONE', *, *, #11469, .F. ) ;
#9438 = PRODUCT ( 'terminals', 'terminals', '', ( #10391 ) ) ;
#9439 = STYLED_ITEM ( 'NONE', ( #1566 ), #3073 ) ;
#9440 = PRESENTATION_STYLE_ASSIGNMENT (( #9508 ) ) ;
#9441 = LINE ( 'NONE', #6737, #3263 ) ;
#9442 = FACE_OUTER_BOUND ( 'NONE', #10825, .T. ) ;
#9443 = SURFACE_STYLE_USAGE ( .BOTH. , #1581 ) ;
#9444 = ORIENTED_EDGE ( 'NONE', *, *, #3094, .F. ) ;
#9445 = LINE ( 'NONE', #1371, #457 ) ;
#9446 = UNCERTAINTY_MEASURE_WITH_UNIT (LENGTH_MEASURE( 1.000000000000000082E-05 ), #10945, 'distance_accuracy_value', 'NONE');
#9447 = FILL_AREA_STYLE ('',( #9630 ) ) ;
#9448 = ORIENTED_EDGE ( 'NONE', *, *, #11185, .T. ) ;
#9449 = SURFACE_STYLE_USAGE ( .BOTH. , #2145 ) ;
#9450 = EDGE_CURVE ( 'NONE', #8356, #2914, #11295, .T. ) ;
#9451 = EDGE_CURVE ( 'NONE', #7398, #2918, #1244, .T. ) ;
#9452 = DIRECTION ( 'NONE',  ( -1.000000000000000000, -0.000000000000000000, -0.000000000000000000 ) ) ;
#9453 = AXIS2_PLACEMENT_3D ( 'NONE', #8905, #489, #10058 ) ;
#9454 = CARTESIAN_POINT ( 'NONE',  ( 2.574999999999999289, -0.1799999999999990219, 0.2499999999999998890 ) ) ;
#9455 = MECHANICAL_DESIGN_GEOMETRIC_PRESENTATION_REPRESENTATION (  '', ( #2399 ), #7871 ) ;
#9456 = CARTESIAN_POINT ( 'NONE',  ( 0.8549999999999999822, 2.740000000000000213, 0.000000000000000000 ) ) ;
#9457 = ADVANCED_FACE ( 'NONE', ( #3057 ), #9381, .F. ) ;
#9458 =( GEOMETRIC_REPRESENTATION_CONTEXT ( 3 ) GLOBAL_UNCERTAINTY_ASSIGNED_CONTEXT ( ( #8833 ) ) GLOBAL_UNIT_ASSIGNED_CONTEXT ( ( #9495, #5770, #2913 ) ) REPRESENTATION_CONTEXT ( 'NONE', 'WORKASPACE' ) );
#9459 = ORIENTED_EDGE ( 'NONE', *, *, #1563, .F. ) ;
#9460 = SURFACE_STYLE_FILL_AREA ( #10314 ) ;
#9461 = DIRECTION ( 'NONE',  ( -0.000000000000000000, -0.000000000000000000, -1.000000000000000000 ) ) ;
#9462 = VERTEX_POINT ( 'NONE', #8603 ) ;
#9463 = CARTESIAN_POINT ( 'NONE',  ( -0.8924999999999999600, -3.220000000000000195, 0.2500000000000000000 ) ) ;
#9464 = VERTEX_POINT ( 'NONE', #3964 ) ;
#9465 = EDGE_CURVE ( 'NONE', #7666, #145, #4077, .T. ) ;
#9466 = FACE_OUTER_BOUND ( 'NONE', #563, .T. ) ;
#9467 = EDGE_CURVE ( 'NONE', #3127, #6263, #1969, .T. ) ;
#9468 = VECTOR ( 'NONE', #8994, 1000.000000000000000 ) ;
#9469 = DIRECTION ( 'NONE',  ( -0.000000000000000000, 0.000000000000000000, 1.000000000000000000 ) ) ;
#9470 = VERTEX_POINT ( 'NONE', #173 ) ;
#9471 = CARTESIAN_POINT ( 'NONE',  ( -2.394980999734316995, -2.559980999734316143, 1.075827626996972208 ) ) ;
#9472 = EDGE_CURVE ( 'NONE', #6263, #11410, #7465, .T. ) ;
#9473 = PRESENTATION_LAYER_ASSIGNMENT (  '', '', ( #102 ) ) ;
#9474 = DIRECTION ( 'NONE',  ( 0.000000000000000000, 0.000000000000000000, -1.000000000000000000 ) ) ;
#9475 = VECTOR ( 'NONE', #5586, 1000.000000000000000 ) ;
#9476 = FACE_OUTER_BOUND ( 'NONE', #129, .T. ) ;
#9477 = COLOUR_RGB ( '',0.9607843137254902244, 0.9607843137254902244, 0.9607843137254902244 ) ;
#9478 = DIRECTION ( 'NONE',  ( 0.000000000000000000, 0.000000000000000000, 1.000000000000000000 ) ) ;
#9479 = SURFACE_STYLE_FILL_AREA ( #2360 ) ;
#9480 = EDGE_CURVE ( 'NONE', #11410, #10244, #6008, .T. ) ;
#9481 = DIRECTION ( 'NONE',  ( 1.000000000000000000, -9.001808307771530402E-16, 0.000000000000000000 ) ) ;
#9482 = SURFACE_STYLE_USAGE ( .BOTH. , #9605 ) ;
#9483 = VERTEX_POINT ( 'NONE', #11171 ) ;
#9484 = DIRECTION ( 'NONE',  ( 1.000000000000000000, 0.000000000000000000, 0.000000000000000000 ) ) ;
#9485 = COLOUR_RGB ( '',0.8313725490196077761, 0.8313725490196077761, 0.8313725490196077761 ) ;
#9486 =( NAMED_UNIT ( * ) SI_UNIT ( $, .STERADIAN. ) SOLID_ANGLE_UNIT ( ) );
#9487 = ORIENTED_EDGE ( 'NONE', *, *, #1549, .T. ) ;
#9488 = CARTESIAN_POINT ( 'NONE',  ( -2.394980999734316551, 2.559980999734317031, 1.075827626996972208 ) ) ;
#9489 =( GEOMETRIC_REPRESENTATION_CONTEXT ( 3 ) GLOBAL_UNCERTAINTY_ASSIGNED_CONTEXT ( ( #5481 ) ) GLOBAL_UNIT_ASSIGNED_CONTEXT ( ( #10370, #1200, #11239 ) ) REPRESENTATION_CONTEXT ( 'NONE', 'WORKASPACE' ) );
#9490 = SURFACE_SIDE_STYLE ('',( #10285 ) ) ;
#9491 =( GEOMETRIC_REPRESENTATION_CONTEXT ( 3 ) GLOBAL_UNCERTAINTY_ASSIGNED_CONTEXT ( ( #7886 ) ) GLOBAL_UNIT_ASSIGNED_CONTEXT ( ( #9261, #1123, #360 ) ) REPRESENTATION_CONTEXT ( 'NONE', 'WORKASPACE' ) );
#9492 = CARTESIAN_POINT ( 'NONE',  ( 0.9150000000000000355, 2.419999999999999929, 0.000000000000000000 ) ) ;
#9493 = FILL_AREA_STYLE ('',( #1523 ) ) ;
#9494 = CARTESIAN_POINT ( 'NONE',  ( 2.125000000000000000, -2.782500000000000195, 0.2500000000000000000 ) ) ;
#9495 =( LENGTH_UNIT ( ) NAMED_UNIT ( * ) SI_UNIT ( .MILLI., .METRE. ) );
#9496 = ORIENTED_EDGE ( 'NONE', *, *, #11677, .F. ) ;
#9497 =( LENGTH_UNIT ( ) NAMED_UNIT ( * ) SI_UNIT ( .MILLI., .METRE. ) );
#9498 = VECTOR ( 'NONE', #8162, 1000.000000000000000 ) ;
#9499 = FACE_OUTER_BOUND ( 'NONE', #5009, .T. ) ;
#9500 = EDGE_LOOP ( 'NONE', ( #2802, #9572, #7346, #8335 ) ) ;
#9501 = CARTESIAN_POINT ( 'NONE',  ( 0.8549999999999998712, 2.770000000000000018, 0.2500000000000000000 ) ) ;
#9502 = ORIENTED_EDGE ( 'NONE', *, *, #10363, .F. ) ;
#9503 = CARTESIAN_POINT ( 'NONE',  ( -0.4149999999999999800, 2.739999999999999769, 0.000000000000000000 ) ) ;
#9504 = SURFACE_STYLE_USAGE ( .BOTH. , #5959 ) ;
#9505 = PRESENTATION_LAYER_ASSIGNMENT (  '', '', ( #6619 ) ) ;
#9506 = COLOUR_RGB ( '',0.2862745098039215508, 0.2862745098039215508, 0.2862745098039215508 ) ;
#9507 = ORIENTED_EDGE ( 'NONE', *, *, #450, .T. ) ;
#9508 = SURFACE_STYLE_USAGE ( .BOTH. , #5784 ) ;
#9509 = DIRECTION ( 'NONE',  ( -1.000000000000000000, 4.956352788505170170E-16, -0.000000000000000000 ) ) ;
#9510 =( NAMED_UNIT ( * ) SI_UNIT ( $, .STERADIAN. ) SOLID_ANGLE_UNIT ( ) );
#9511 = ORIENTED_EDGE ( 'NONE', *, *, #10055, .T. ) ;
#9512 = FACE_OUTER_BOUND ( 'NONE', #6862, .T. ) ;
#9513 = ORIENTED_EDGE ( 'NONE', *, *, #4967, .T. ) ;
#9514 = CARTESIAN_POINT ( 'NONE',  ( 2.574266446321862301, 2.706955526939517576, 0.2540566049825987438 ) ) ;
#9515 = PRESENTATION_LAYER_ASSIGNMENT (  '', '', ( #2822 ) ) ;
#9516 = STYLED_ITEM ( 'NONE', ( #4900 ), #5420 ) ;
#9517 = LINE ( 'NONE', #9389, #6738 ) ;
#9518 = SURFACE_SIDE_STYLE ('',( #4826 ) ) ;
#9519 = ORIENTED_EDGE ( 'NONE', *, *, #3310, .F. ) ;
#9520 = MECHANICAL_DESIGN_GEOMETRIC_PRESENTATION_REPRESENTATION (  '', ( #7433 ), #8180 ) ;
#9521 = EDGE_CURVE ( 'NONE', #10619, #3127, #2928, .T. ) ;
#9522 = LINE ( 'NONE', #7437, #2243 ) ;
#9523 = ORIENTED_EDGE ( 'NONE', *, *, #1401, .T. ) ;
#9524 = ADVANCED_FACE ( 'NONE', ( #9442 ), #856, .T. ) ;
#9525 = ADVANCED_FACE ( 'NONE', ( #915 ), #8865, .T. ) ;
#9526 = DIRECTION ( 'NONE',  ( 2.482885368578150050E-15, 1.000000000000000000, 0.000000000000000000 ) ) ;
#9527 = EDGE_LOOP ( 'NONE', ( #4382, #6385, #8065, #6327 ) ) ;
#9528 = LINE ( 'NONE', #1265, #7569 ) ;
#9529 = DIRECTION ( 'NONE',  ( -1.000000000000000000, -0.000000000000000000, -0.000000000000000000 ) ) ;
#9530 = COLOUR_RGB ( '',0.8313725490196077761, 0.8313725490196077761, 0.8313725490196077761 ) ;
#9531 = FACE_OUTER_BOUND ( 'NONE', #2704, .T. ) ;
#9532 = EDGE_LOOP ( 'NONE', ( #10594, #4427, #1833, #8880, #650, #7452, #596, #9597, #10718, #4014, #7049, #4271, #10151, #3828 ) ) ;
#9533 = FILL_AREA_STYLE_COLOUR ( '', #2151 ) ;
#9534 = VECTOR ( 'NONE', #4930, 1000.000000000000000 ) ;
#9535 = PRESENTATION_LAYER_ASSIGNMENT (  '', '', ( #10312 ) ) ;
#9536 = FILL_AREA_STYLE_COLOUR ( '', #7819 ) ;
#9537 = SURFACE_STYLE_FILL_AREA ( #8441 ) ;
#9538 = MECHANICAL_DESIGN_GEOMETRIC_PRESENTATION_REPRESENTATION (  '', ( #2489 ), #11718 ) ;
#9539 =( NAMED_UNIT ( * ) PLANE_ANGLE_UNIT ( ) SI_UNIT ( $, .RADIAN. ) );
#9540 = ADVANCED_FACE ( 'NONE', ( #4508 ), #10948, .T. ) ;
#9541 = STYLED_ITEM ( 'NONE', ( #4787 ), #5945 ) ;
#9542 = EDGE_CURVE ( 'NONE', #1981, #1947, #6583, .T. ) ;
#9543 = PRESENTATION_STYLE_ASSIGNMENT (( #438 ) ) ;
#9544 = VECTOR ( 'NONE', #6241, 1000.000000000000000 ) ;
#9545 = AXIS2_PLACEMENT_3D ( 'NONE', #3212, #8400, #3150 ) ;
#9546 = DIRECTION ( 'NONE',  ( -0.5064641571633412553, 0.5064641571633358152, 0.6978453374621471639 ) ) ;
#9547 = SURFACE_STYLE_USAGE ( .BOTH. , #7795 ) ;
#9548 = PRESENTATION_STYLE_ASSIGNMENT (( #7618 ) ) ;
#9549 = DIRECTION ( 'NONE',  ( 1.000000000000000000, 0.000000000000000000, 0.000000000000000000 ) ) ;
#9550 = CARTESIAN_POINT ( 'NONE',  ( -0.8925000000000000711, 3.220000000000000195, 0.000000000000000000 ) ) ;
#9551 = ORIENTED_EDGE ( 'NONE', *, *, #4498, .T. ) ;
#9552 = AXIS2_PLACEMENT_3D ( 'NONE', #9769, #11601, #7970 ) ;
#9553 = DIRECTION ( 'NONE',  ( 0.000000000000000000, 0.000000000000000000, 1.000000000000000000 ) ) ;
#9554 = ORIENTED_EDGE ( 'NONE', *, *, #5067, .T. ) ;
#9555 = PRODUCT ( 'dot_1', 'dot_1', '', ( #4118 ) ) ;
#9556 = CARTESIAN_POINT ( 'NONE',  ( -2.467808941026835345, -2.436089990849910958, 1.069132658676924530 ) ) ;
#9557 = CLOSED_SHELL ( 'NONE', ( #1688, #2593, #9214, #3328 ) ) ;
#9558 = EDGE_CURVE ( 'NONE', #10460, #11116, #11073, .T. ) ;
#9559 = CARTESIAN_POINT ( 'NONE',  ( -1.647500000000000187, 2.507499999999999840, 0.000000000000000000 ) ) ;
#9560 =( NAMED_UNIT ( * ) PLANE_ANGLE_UNIT ( ) SI_UNIT ( $, .RADIAN. ) );
#9561 = DIRECTION ( 'NONE',  ( 0.000000000000000000, 0.000000000000000000, 1.000000000000000000 ) ) ;
#9562 = UNCERTAINTY_MEASURE_WITH_UNIT (LENGTH_MEASURE( 1.000000000000000082E-05 ), #9045, 'distance_accuracy_value', 'NONE');
#9563 = DIRECTION ( 'NONE',  ( -1.009293658750140033E-15, -1.000000000000000000, 0.000000000000000000 ) ) ;
#9564 = VERTEX_POINT ( 'NONE', #9402 ) ;
#9565 = LINE ( 'NONE', #11391, #4644 ) ;
#9566 = AXIS2_PLACEMENT_3D ( 'NONE', #151, #4640, #6542 ) ;
#9567 = CARTESIAN_POINT ( 'NONE',  ( 0.8549999999999999822, 2.782500000000000195, 0.000000000000000000 ) ) ;
#9568 = CARTESIAN_POINT ( 'NONE',  ( -2.125000000000000444, 2.770000000000000018, 0.2500000000000000000 ) ) ;
#9569 =( LENGTH_UNIT ( ) NAMED_UNIT ( * ) SI_UNIT ( .MILLI., .METRE. ) );
#9570 = ORIENTED_EDGE ( 'NONE', *, *, #1998, .F. ) ;
#9571 = DIRECTION ( 'NONE',  ( -0.000000000000000000, 1.000000000000000000, 0.000000000000000000 ) ) ;
#9572 = ORIENTED_EDGE ( 'NONE', *, *, #5727, .F. ) ;
#9573 = CARTESIAN_POINT ( 'NONE',  ( 0.000000000000000000, 5.551115123125779744E-16, 0.000000000000000000 ) ) ;
#9574 =( GEOMETRIC_REPRESENTATION_CONTEXT ( 3 ) GLOBAL_UNCERTAINTY_ASSIGNED_CONTEXT ( ( #453 ) ) GLOBAL_UNIT_ASSIGNED_CONTEXT ( ( #5285, #11687, #11882 ) ) REPRESENTATION_CONTEXT ( 'NONE', 'WORKASPACE' ) );
#9575 = DIRECTION ( 'NONE',  ( 0.000000000000000000, 0.000000000000000000, 1.000000000000000000 ) ) ;
#9576 = CARTESIAN_POINT ( 'NONE',  ( -0.8924999999999999600, -3.220000000000000195, 0.000000000000000000 ) ) ;
#9577 = ORIENTED_EDGE ( 'NONE', *, *, #8177, .T. ) ;
#9578 = FILL_AREA_STYLE ('',( #3358 ) ) ;
#9579 = UNCERTAINTY_MEASURE_WITH_UNIT (LENGTH_MEASURE( 1.000000000000000082E-05 ), #2299, 'distance_accuracy_value', 'NONE');
#9580 = VERTEX_POINT ( 'NONE', #2895 ) ;
#9581 = DIRECTION ( 'NONE',  ( 0.000000000000000000, 0.000000000000000000, 1.000000000000000000 ) ) ;
#9582 = STYLED_ITEM ( 'NONE', ( #8387 ), #469 ) ;
#9583 = LINE ( 'NONE', #4774, #8933 ) ;
#9584 = VECTOR ( 'NONE', #1459, 1000.000000000000000 ) ;
#9585 = DIRECTION ( 'NONE',  ( 1.000000000000000000, 0.000000000000000000, 0.000000000000000000 ) ) ;
#9586 =( GEOMETRIC_REPRESENTATION_CONTEXT ( 3 ) GLOBAL_UNCERTAINTY_ASSIGNED_CONTEXT ( ( #11051 ) ) GLOBAL_UNIT_ASSIGNED_CONTEXT ( ( #4132, #8706, #10539 ) ) REPRESENTATION_CONTEXT ( 'NONE', 'WORKASPACE' ) );
#9587 =( LENGTH_UNIT ( ) NAMED_UNIT ( * ) SI_UNIT ( .MILLI., .METRE. ) );
#9588 = VERTEX_POINT ( 'NONE', #4679 ) ;
#9589 = DIRECTION ( 'NONE',  ( 0.000000000000000000, 0.000000000000000000, 1.000000000000000000 ) ) ;
#9590 = CARTESIAN_POINT ( 'NONE',  ( -2.354463867161250334, 2.519463867161249926, 1.020000000000000018 ) ) ;
#9591 = VERTEX_POINT ( 'NONE', #1085 ) ;
#9592 = VECTOR ( 'NONE', #1513, 1000.000000000000000 ) ;
#9593 = SURFACE_STYLE_FILL_AREA ( #1612 ) ;
#9594 = CARTESIAN_POINT ( 'NONE',  ( 2.381424832439820172, -0.6799999999999990496, 0.2500000000000001110 ) ) ;
#9595 = ORIENTED_EDGE ( 'NONE', *, *, #6971, .F. ) ;
#9596 = CARTESIAN_POINT ( 'NONE',  ( 2.185000000000000497, -0.6799999999999990496, 0.000000000000000000 ) ) ;
#9597 = ORIENTED_EDGE ( 'NONE', *, *, #2820, .F. ) ;
#9598 = CARTESIAN_POINT ( 'NONE',  ( 1.685000000000000053, 2.507499999999999840, 0.000000000000000000 ) ) ;
#9599 = AXIS2_PLACEMENT_3D ( 'NONE', #8723, #7890, #8836 ) ;
#9600 = EDGE_CURVE ( 'NONE', #8615, #2810, #11179, .T. ) ;
#9601 = PLANE ( 'NONE',  #978 ) ;
#9602 = SURFACE_STYLE_FILL_AREA ( #5035 ) ;
#9603 = SURFACE_SIDE_STYLE ('',( #5937 ) ) ;
#9604 = CARTESIAN_POINT ( 'NONE',  ( 2.125000000000000000, -2.319999999999999840, 0.000000000000000000 ) ) ;
#9605 = SURFACE_SIDE_STYLE ('',( #2311 ) ) ;
#9606 = ORIENTED_EDGE ( 'NONE', *, *, #3917, .T. ) ;
#9607 = EDGE_CURVE ( 'NONE', #5497, #9188, #10139, .T. ) ;
#9608 = EDGE_CURVE ( 'NONE', #5231, #5725, #5690, .T. ) ;
#9609 = CIRCLE ( 'NONE', #4798, 0.03749999999999976963 ) ;
#9610 = PRESENTATION_STYLE_ASSIGNMENT (( #7741 ) ) ;
#9611 =( NAMED_UNIT ( * ) PLANE_ANGLE_UNIT ( ) SI_UNIT ( $, .RADIAN. ) );
#9612 = DIRECTION ( 'NONE',  ( 0.000000000000000000, 0.000000000000000000, -1.000000000000000000 ) ) ;
#9613 = CARTESIAN_POINT ( 'NONE',  ( -2.381424832439820172, -0.07999999999999894695, 0.000000000000000000 ) ) ;
#9614 = ORIENTED_EDGE ( 'NONE', *, *, #10429, .F. ) ;
#9615 = FILL_AREA_STYLE ('',( #9788 ) ) ;
#9616 = SURFACE_STYLE_USAGE ( .BOTH. , #8593 ) ;
#9617 = ORIENTED_EDGE ( 'NONE', *, *, #1122, .F. ) ;
#9618 = CARTESIAN_POINT ( 'NONE',  ( -2.705000000000000071, -0.1799999999999990219, 0.000000000000000000 ) ) ;
#9619 = EDGE_CURVE ( 'NONE', #4934, #8835, #4731, .T. ) ;
#9620 = COLOUR_RGB ( '',0.8313725490196077761, 0.8313725490196077761, 0.8313725490196077761 ) ;
#9621 = VERTEX_POINT ( 'NONE', #8440 ) ;
#9622 = PRESENTATION_LAYER_ASSIGNMENT (  '', '', ( #11771 ) ) ;
#9623 = CIRCLE ( 'NONE', #6541, 0.03749999999999976963 ) ;
#9624 = SURFACE_STYLE_USAGE ( .BOTH. , #6914 ) ;
#9625 = DIRECTION ( 'NONE',  ( 9.001808307771530402E-16, -1.000000000000000000, 0.000000000000000000 ) ) ;
#9626 = VECTOR ( 'NONE', #6269, 1000.000000000000000 ) ;
#9627 = PRESENTATION_LAYER_ASSIGNMENT (  '', '', ( #9232 ) ) ;
#9628 = SURFACE_SIDE_STYLE ('',( #5963 ) ) ;
#9629 = ORIENTED_EDGE ( 'NONE', *, *, #7473, .T. ) ;
#9630 = FILL_AREA_STYLE_COLOUR ( '', #4819 ) ;
#9631 = ORIENTED_EDGE ( 'NONE', *, *, #7382, .T. ) ;
#9632 = LINE ( 'NONE', #7771, #8059 ) ;
#9633 = FACE_OUTER_BOUND ( 'NONE', #7107, .T. ) ;
#9634 = COLOUR_RGB ( '',0.8313725490196077761, 0.8313725490196077761, 0.8313725490196077761 ) ;
#9635 = COLOUR_RGB ( '',0.9607843137254902244, 0.9607843137254902244, 0.9607843137254902244 ) ;
#9636 = PLANE ( 'NONE',  #2385 ) ;
#9637 = EDGE_LOOP ( 'NONE', ( #11551, #9705, #8718, #11001 ) ) ;
#9638 = FILL_AREA_STYLE ('',( #2341 ) ) ;
#9639 = SURFACE_STYLE_USAGE ( .BOTH. , #4269 ) ;
#9640 = CARTESIAN_POINT ( 'NONE',  ( -1.647500000000000187, -2.782500000000000195, 0.000000000000000000 ) ) ;
#9641 = ORIENTED_EDGE ( 'NONE', *, *, #10596, .F. ) ;
#9642 = LINE ( 'NONE', #6874, #1977 ) ;
#9643 = CARTESIAN_POINT ( 'NONE',  ( -2.481424832439820261, -0.1799999999999999933, 0.000000000000000000 ) ) ;
#9644 = VERTEX_POINT ( 'NONE', #9345 ) ;
#9645 = PRESENTATION_STYLE_ASSIGNMENT (( #10502 ) ) ;
#9646 =( GEOMETRIC_REPRESENTATION_CONTEXT ( 3 ) GLOBAL_UNCERTAINTY_ASSIGNED_CONTEXT ( ( #5817 ) ) GLOBAL_UNIT_ASSIGNED_CONTEXT ( ( #8899, #2635, #4378 ) ) REPRESENTATION_CONTEXT ( 'NONE', 'WORKASPACE' ) );
#9647 = VECTOR ( 'NONE', #9395, 1000.000000000000000 ) ;
#9648 = FILL_AREA_STYLE_COLOUR ( '', #4732 ) ;
#9649 = DIRECTION ( 'NONE',  ( -0.000000000000000000, -0.000000000000000000, -1.000000000000000000 ) ) ;
#9650 = STYLED_ITEM ( 'NONE', ( #3516 ), #1857 ) ;
#9651 = DIRECTION ( 'NONE',  ( -1.000000000000000000, -2.155772863349820033E-16, 0.000000000000000000 ) ) ;
#9652 = UNCERTAINTY_MEASURE_WITH_UNIT (LENGTH_MEASURE( 1.000000000000000082E-05 ), #8908, 'distance_accuracy_value', 'NONE');
#9653 = FACE_OUTER_BOUND ( 'NONE', #11187, .T. ) ;
#9654 = PRODUCT_DEFINITION ( 'UNKNOWN', '', #3977, #3365 ) ;
#9655 = LINE ( 'NONE', #1460, #9111 ) ;
#9656 = VERTEX_POINT ( 'NONE', #5517 ) ;
#9657 = DIRECTION ( 'NONE',  ( 1.000000000000000000, 0.000000000000000000, 0.000000000000000000 ) ) ;
#9658 = CIRCLE ( 'NONE', #7546, 0.03750000000000031780 ) ;
#9659 =( LENGTH_UNIT ( ) NAMED_UNIT ( * ) SI_UNIT ( .MILLI., .METRE. ) );
#9660 = DIRECTION ( 'NONE',  ( -1.000000000000000000, 0.000000000000000000, -0.000000000000000000 ) ) ;
#9661 = MECHANICAL_DESIGN_GEOMETRIC_PRESENTATION_REPRESENTATION (  '', ( #1448 ), #1821 ) ;
#9662 = MECHANICAL_DESIGN_GEOMETRIC_PRESENTATION_REPRESENTATION (  '', ( #5268 ), #10053 ) ;
#9663 = CIRCLE ( 'NONE', #304, 0.08000000000000020983 ) ;
#9664 = EDGE_CURVE ( 'NONE', #2141, #414, #7429, .T. ) ;
#9665 = CARTESIAN_POINT ( 'NONE',  ( 2.125000000000000000, 2.782500000000000195, 0.2500000000000000000 ) ) ;
#9666 = SURFACE_SIDE_STYLE ('',( #4923 ) ) ;
#9667 = UNCERTAINTY_MEASURE_WITH_UNIT (LENGTH_MEASURE( 1.000000000000000082E-05 ), #11075, 'distance_accuracy_value', 'NONE');
#9668 = LINE ( 'NONE', #4126, #299 ) ;
#9669 = ORIENTED_EDGE ( 'NONE', *, *, #8132, .T. ) ;
#9670 = AXIS2_PLACEMENT_3D ( 'NONE', #1629, #6101, #2597 ) ;
#9671 = EDGE_CURVE ( 'NONE', #5722, #10770, #130, .T. ) ;
#9672 = EDGE_CURVE ( 'NONE', #9985, #4615, #3891, .T. ) ;
#9673 = DIRECTION ( 'NONE',  ( -0.1751915364254177931, -0.1751915364254258423, -0.9688218882383903274 ) ) ;
#9674 = SURFACE_STYLE_USAGE ( .BOTH. , #2454 ) ;
#9675 = DIRECTION ( 'NONE',  ( -1.000000000000000000, -1.233581138472399978E-14, 0.000000000000000000 ) ) ;
#9676 = ORIENTED_EDGE ( 'NONE', *, *, #1192, .T. ) ;
#9677 = CARTESIAN_POINT ( 'NONE',  ( 2.162500000000000089, -2.782500000000000195, 0.2500000000000000000 ) ) ;
#9678 = COLOUR_RGB ( '',0.8313725490196077761, 0.8313725490196077761, 0.8313725490196077761 ) ;
#9679 = ORIENTED_EDGE ( 'NONE', *, *, #8304, .T. ) ;
#9680 = CARTESIAN_POINT ( 'NONE',  ( 2.430401622660340877, -2.544516792360710156, 1.017589973296723072 ) ) ;
#9681 = DIRECTION ( 'NONE',  ( 0.000000000000000000, -1.000000000000000000, 0.000000000000000000 ) ) ;
#9682 =( GEOMETRIC_REPRESENTATION_CONTEXT ( 3 ) GLOBAL_UNCERTAINTY_ASSIGNED_CONTEXT ( ( #5244 ) ) GLOBAL_UNIT_ASSIGNED_CONTEXT ( ( #3486, #2860, #11598 ) ) REPRESENTATION_CONTEXT ( 'NONE', 'WORKASPACE' ) );
#9683 = EDGE_LOOP ( 'NONE', ( #6780, #6442, #8737, #3273, #8939, #7019, #11152, #8808, #8439, #6373, #9248, #4654, #1049, #10850, #10796, #10119, #8608, #10983, #2894, #6714, #1964, #9895, #9437, #5457, #1203, #2139, #2844, #3296, #3474, #291, #11267, #11120, #1014, #9429, #1302, #4776, #707, #3455, #7225, #393, #4341, #10352, #7228, #6019, #8591, #4422, #5731, #8864, #10662, #9009, #9818, #6388, #3191, #4633, #1498, #4379, #9502, #3952, #2710, #11514, #5845, #9595, #3538, #4620, #11346, #5951, #455, #4603, #5747, #6062, #11054, #2340, #1270, #6850, #7821, #2263, #8183, #7817, #2092, #4651 ) ) ;
#9684 = EDGE_CURVE ( 'NONE', #5485, #1602, #1149, .T. ) ;
#9685 = MECHANICAL_DESIGN_GEOMETRIC_PRESENTATION_REPRESENTATION (  '', ( #7203 ), #8334 ) ;
#9686 = PLANE ( 'NONE',  #5494 ) ;
#9687 = EDGE_CURVE ( 'NONE', #6857, #6168, #10204, .T. ) ;
#9688 = CARTESIAN_POINT ( 'NONE',  ( -0.9150000000000000355, 2.419999999999999929, 0.000000000000000000 ) ) ;
#9689 = EDGE_LOOP ( 'NONE', ( #5842, #7948, #8823, #821 ) ) ;
#9690 = CYLINDRICAL_SURFACE ( 'NONE', #2946, 0.08000000000000020983 ) ;
#9691 = UNCERTAINTY_MEASURE_WITH_UNIT (LENGTH_MEASURE( 1.000000000000000082E-05 ), #11049, 'distance_accuracy_value', 'NONE');
#9692 = EDGE_CURVE ( 'NONE', #1828, #4302, #2049, .T. ) ;
#9693 = DIRECTION ( 'NONE',  ( -0.000000000000000000, 1.000000000000000000, 0.000000000000000000 ) ) ;
#9694 = ORIENTED_EDGE ( 'NONE', *, *, #11182, .T. ) ;
#9695 =( NAMED_UNIT ( * ) PLANE_ANGLE_UNIT ( ) SI_UNIT ( $, .RADIAN. ) );
#9696 = VECTOR ( 'NONE', #10332, 1000.000000000000000 ) ;
#9697 = LINE ( 'NONE', #7044, #1505 ) ;
#9698 = VECTOR ( 'NONE', #9900, 1000.000000000000000 ) ;
#9699 = DIRECTION ( 'NONE',  ( 0.000000000000000000, -0.000000000000000000, 1.000000000000000000 ) ) ;
#9700 = ORIENTED_EDGE ( 'NONE', *, *, #10215, .T. ) ;
#9701 = EDGE_CURVE ( 'NONE', #3629, #6086, #5754, .T. ) ;
#9702 = UNCERTAINTY_MEASURE_WITH_UNIT (LENGTH_MEASURE( 1.000000000000000082E-05 ), #3468, 'distance_accuracy_value', 'NONE');
#9703 = CARTESIAN_POINT ( 'NONE',  ( 2.481424832439820261, -0.5799999999999989608, 0.000000000000000000 ) ) ;
#9704 = CIRCLE ( 'NONE', #344, 0.07999999999999975187 ) ;
#9705 = ORIENTED_EDGE ( 'NONE', *, *, #3085, .T. ) ;
#9706 = VECTOR ( 'NONE', #2904, 1000.000000000000000 ) ;
#9707 = LINE ( 'NONE', #6143, #2561 ) ;
#9708 = LINE ( 'NONE', #1500, #6338 ) ;
#9709 = ORIENTED_EDGE ( 'NONE', *, *, #9889, .T. ) ;
#9710 = FILL_AREA_STYLE_COLOUR ( '', #11445 ) ;
#9711 =( NAMED_UNIT ( * ) PLANE_ANGLE_UNIT ( ) SI_UNIT ( $, .RADIAN. ) );
#9712 = DIRECTION ( 'NONE',  ( 0.000000000000000000, 0.000000000000000000, 1.000000000000000000 ) ) ;
#9713 =( NAMED_UNIT ( * ) SI_UNIT ( $, .STERADIAN. ) SOLID_ANGLE_UNIT ( ) );
#9714 =( NAMED_UNIT ( * ) PLANE_ANGLE_UNIT ( ) SI_UNIT ( $, .RADIAN. ) );
#9715 =( GEOMETRIC_REPRESENTATION_CONTEXT ( 3 ) GLOBAL_UNCERTAINTY_ASSIGNED_CONTEXT ( ( #6156 ) ) GLOBAL_UNIT_ASSIGNED_CONTEXT ( ( #7848, #9711, #11666 ) ) REPRESENTATION_CONTEXT ( 'NONE', 'WORKASPACE' ) );
#9716 = SURFACE_STYLE_USAGE ( .BOTH. , #9827 ) ;
#9717 = DIRECTION ( 'NONE',  ( -0.1751915364254252039, 0.1751915364254289509, -0.9688218882383884401 ) ) ;
#9718 =( NAMED_UNIT ( * ) PLANE_ANGLE_UNIT ( ) SI_UNIT ( $, .RADIAN. ) );
#9719 =( GEOMETRIC_REPRESENTATION_CONTEXT ( 3 ) GLOBAL_UNCERTAINTY_ASSIGNED_CONTEXT ( ( #8920 ) ) GLOBAL_UNIT_ASSIGNED_CONTEXT ( ( #4276, #1268, #7906 ) ) REPRESENTATION_CONTEXT ( 'NONE', 'WORKASPACE' ) );
#9720 = VECTOR ( 'NONE', #1190, 1000.000000000000000 ) ;
#9721 = FACE_OUTER_BOUND ( 'NONE', #9936, .T. ) ;
#9722 = FILL_AREA_STYLE_COLOUR ( '', #9506 ) ;
#9723 = VERTEX_POINT ( 'NONE', #7313 ) ;
#9724 = CARTESIAN_POINT ( 'NONE',  ( -2.575000000000000622, 2.660000000000000142, 0.000000000000000000 ) ) ;
#9725 = PRESENTATION_LAYER_ASSIGNMENT (  '', '', ( #3042 ) ) ;
#9726 = CARTESIAN_POINT ( 'NONE',  ( 2.185000000000000497, 2.469999999999997087, 0.000000000000000000 ) ) ;
#9727 = VECTOR ( 'NONE', #8636, 1000.000000000000000 ) ;
#9728 = AXIS2_PLACEMENT_3D ( 'NONE', #991, #6538, #10965 ) ;
#9729 = FACE_OUTER_BOUND ( 'NONE', #8055, .T. ) ;
#9730 = FACE_OUTER_BOUND ( 'NONE', #3281, .T. ) ;
#9731 = CARTESIAN_POINT ( 'NONE',  ( -1.647500000000000187, -2.620000000000000551, 0.2500000000000000000 ) ) ;
#9732 = VECTOR ( 'NONE', #808, 1000.000000000000000 ) ;
#9733 = LINE ( 'NONE', #7933, #9272 ) ;
#9734 = VECTOR ( 'NONE', #5877, 1000.000000000000000 ) ;
#9735 = EDGE_LOOP ( 'NONE', ( #5423, #2020, #6766, #6145, #5375, #6320, #4411, #163 ) ) ;
#9736 = FACE_OUTER_BOUND ( 'NONE', #5897, .T. ) ;
#9737 =( NAMED_UNIT ( * ) SI_UNIT ( $, .STERADIAN. ) SOLID_ANGLE_UNIT ( ) );
#9738 = ORIENTED_EDGE ( 'NONE', *, *, #8631, .F. ) ;
#9739 = SURFACE_STYLE_FILL_AREA ( #401 ) ;
#9740 = MECHANICAL_DESIGN_GEOMETRIC_PRESENTATION_REPRESENTATION (  '', ( #10127 ), #737 ) ;
#9741 = ORIENTED_EDGE ( 'NONE', *, *, #6457, .F. ) ;
#9742 =( NAMED_UNIT ( * ) PLANE_ANGLE_UNIT ( ) SI_UNIT ( $, .RADIAN. ) );
#9743 = VECTOR ( 'NONE', #5738, 1000.000000000000000 ) ;
#9744 = EDGE_CURVE ( 'NONE', #8243, #7953, #2779, .T. ) ;
#9745 = CARTESIAN_POINT ( 'NONE',  ( 0.9150000000000000355, 2.469999999999989981, 0.000000000000000000 ) ) ;
#9746 = FILL_AREA_STYLE_COLOUR ( '', #2034 ) ;
#9747 = PRESENTATION_LAYER_ASSIGNMENT (  '', '', ( #5152 ) ) ;
#9748 = ORIENTED_EDGE ( 'NONE', *, *, #5580, .T. ) ;
#9749 = SURFACE_STYLE_FILL_AREA ( #8606 ) ;
#9750 = CARTESIAN_POINT ( 'NONE',  ( -1.647500000000000187, 2.782500000000000195, 0.000000000000000000 ) ) ;
#9751 = DIRECTION ( 'NONE',  ( -0.000000000000000000, -0.000000000000000000, -1.000000000000000000 ) ) ;
#9752 = ADVANCED_FACE ( 'NONE', ( #7366 ), #9165, .F. ) ;
#9753 = EDGE_CURVE ( 'NONE', #7641, #4256, #6881, .T. ) ;
#9754 = FILL_AREA_STYLE_COLOUR ( '', #7632 ) ;
#9755 = CARTESIAN_POINT ( 'NONE',  ( -2.185000000000000497, -0.07999999999999900246, 0.000000000000000000 ) ) ;
#9756 = AXIS2_PLACEMENT_3D ( 'NONE', #6479, #7555, #203 ) ;
#9757 = VERTEX_POINT ( 'NONE', #7667 ) ;
#9758 = DIRECTION ( 'NONE',  ( -0.000000000000000000, 1.000000000000000000, 0.000000000000000000 ) ) ;
#9759 = FACE_OUTER_BOUND ( 'NONE', #6255, .T. ) ;
#9760 = ORIENTED_EDGE ( 'NONE', *, *, #8599, .F. ) ;
#9761 = SURFACE_SIDE_STYLE ('',( #9593 ) ) ;
#9762 = CARTESIAN_POINT ( 'NONE',  ( 1.685000000000000275, -2.782500000000000195, 0.000000000000000000 ) ) ;
#9763 = VERTEX_POINT ( 'NONE', #4044 ) ;
#9764 =( NAMED_UNIT ( * ) PLANE_ANGLE_UNIT ( ) SI_UNIT ( $, .RADIAN. ) );
#9765 = SURFACE_SIDE_STYLE ('',( #7967 ) ) ;
#9766 = VECTOR ( 'NONE', #4582, 1000.000000000000000 ) ;
#9767 = CARTESIAN_POINT ( 'NONE',  ( 2.354463867161250334, 2.553810133903362978, 1.092251878597581438 ) ) ;
#9768 = EDGE_CURVE ( 'NONE', #3660, #6366, #1450, .T. ) ;
#9769 = CARTESIAN_POINT ( 'NONE',  ( 1.647500000000000187, -3.220000000000000195, 0.000000000000000000 ) ) ;
#9770 = CARTESIAN_POINT ( 'NONE',  ( 0.8549999999999999822, -2.319999999999999840, 0.2500000000000000000 ) ) ;
#9771 = COLOUR_RGB ( '',0.2862745098039215508, 0.2862745098039215508, 0.2862745098039215508 ) ;
#9772 = FACE_OUTER_BOUND ( 'NONE', #1778, .T. ) ;
#9773 = UNCERTAINTY_MEASURE_WITH_UNIT (LENGTH_MEASURE( 1.000000000000000082E-05 ), #8999, 'distance_accuracy_value', 'NONE');
#9774 = CARTESIAN_POINT ( 'NONE',  ( 2.162500000000000089, -2.782500000000000195, 0.000000000000000000 ) ) ;
#9775 =( NAMED_UNIT ( * ) PLANE_ANGLE_UNIT ( ) SI_UNIT ( $, .RADIAN. ) );
#9776 = ORIENTED_EDGE ( 'NONE', *, *, #10993, .F. ) ;
#9777 = FILL_AREA_STYLE ('',( #7198 ) ) ;
#9778 = AXIS2_PLACEMENT_3D ( 'NONE', #5010, #649, #11586 ) ;
#9779 = EDGE_CURVE ( 'NONE', #3774, #2196, #497, .T. ) ;
#9780 = PLANE ( 'NONE',  #2764 ) ;
#9781 = CARTESIAN_POINT ( 'NONE',  ( -2.125000000000000000, -2.740000000000000657, 0.000000000000000000 ) ) ;
#9782 = SURFACE_STYLE_FILL_AREA ( #6109 ) ;
#9783 = UNCERTAINTY_MEASURE_WITH_UNIT (LENGTH_MEASURE( 1.000000000000000082E-05 ), #4046, 'distance_accuracy_value', 'NONE');
#9784 = DIRECTION ( 'NONE',  ( 3.038931636747690137E-16, -1.000000000000000000, 0.000000000000000000 ) ) ;
#9785 = FACE_OUTER_BOUND ( 'NONE', #8157, .T. ) ;
#9786 = ORIENTED_EDGE ( 'NONE', *, *, #4136, .T. ) ;
#9787 = LINE ( 'NONE', #7992, #1205 ) ;
#9788 = FILL_AREA_STYLE_COLOUR ( '', #2982 ) ;
#9789 = CARTESIAN_POINT ( 'NONE',  ( -0.3775000000000000022, -2.819999999999999840, 0.2500000000000000000 ) ) ;
#9790 = EDGE_LOOP ( 'NONE', ( #6725, #8984, #6727, #9513 ) ) ;
#9791 = DIRECTION ( 'NONE',  ( -1.000000000000000000, 0.000000000000000000, 0.000000000000000000 ) ) ;
#9792 = ADVANCED_FACE ( 'NONE', ( #2416 ), #7723, .F. ) ;
#9793 = EDGE_LOOP ( 'NONE', ( #3527, #10926, #5745, #11230, #8024, #2320 ) ) ;
#9794 = CARTESIAN_POINT ( 'NONE',  ( -0.8924999999999999600, 2.470000000000000195, 0.000000000000000000 ) ) ;
#9795 = VECTOR ( 'NONE', #7543, 1000.000000000000000 ) ;
#9796 = PLANE ( 'NONE',  #7048 ) ;
#9797 = CARTESIAN_POINT ( 'NONE',  ( -0.6350000000000000089, -2.740000000000000213, 0.2500000000000000000 ) ) ;
#9798 = CARTESIAN_POINT ( 'NONE',  ( 2.185000000000000497, -1.080000000000000071, 0.2500000000000000000 ) ) ;
#9799 = VERTEX_POINT ( 'NONE', #10378 ) ;
#9800 = CIRCLE ( 'NONE', #5005, 0.08000000000000020983 ) ;
#9801 = UNCERTAINTY_MEASURE_WITH_UNIT (LENGTH_MEASURE( 1.000000000000000082E-05 ), #6321, 'distance_accuracy_value', 'NONE');
#9802 = CARTESIAN_POINT ( 'NONE',  ( -1.647500000000000187, 2.507499999999999840, 0.000000000000000000 ) ) ;
#9803 = VECTOR ( 'NONE', #2647, 1000.000000000000000 ) ;
#9804 = CARTESIAN_POINT ( 'NONE',  ( -2.185000000000000053, 2.770000000000000018, 0.2500000000000000000 ) ) ;
#9805 = ORIENTED_EDGE ( 'NONE', *, *, #4016, .F. ) ;
#9806 = PRESENTATION_STYLE_ASSIGNMENT (( #10608 ) ) ;
#9807 = PRESENTATION_LAYER_ASSIGNMENT (  '', '', ( #5211 ) ) ;
#9808 = ORIENTED_EDGE ( 'NONE', *, *, #8709, .F. ) ;
#9809 = SURFACE_STYLE_FILL_AREA ( #6132 ) ;
#9810 = PRESENTATION_STYLE_ASSIGNMENT (( #4602 ) ) ;
#9811 = AXIS2_PLACEMENT_3D ( 'NONE', #5468, #2501, #2608 ) ;
#9812 = VERTEX_POINT ( 'NONE', #431 ) ;
#9813 = MECHANICAL_DESIGN_GEOMETRIC_PRESENTATION_REPRESENTATION (  '', ( #10797 ), #8478 ) ;
#9814 =( NAMED_UNIT ( * ) PLANE_ANGLE_UNIT ( ) SI_UNIT ( $, .RADIAN. ) );
#9815 = LINE ( 'NONE', #8904, #2517 ) ;
#9816 = EDGE_CURVE ( 'NONE', #1494, #7627, #2165, .T. ) ;
#9817 = SURFACE_STYLE_FILL_AREA ( #10801 ) ;
#9818 = ORIENTED_EDGE ( 'NONE', *, *, #6876, .F. ) ;
#9819 = DIRECTION ( 'NONE',  ( -1.000000000000000000, 0.000000000000000000, -0.000000000000000000 ) ) ;
#9820 = FILL_AREA_STYLE_COLOUR ( '', #10604 ) ;
#9821 = EDGE_LOOP ( 'NONE', ( #11191, #421, #9676, #11755 ) ) ;
#9822 = DIRECTION ( 'NONE',  ( 0.7071067811865485719, -0.7071067811865465735, 0.000000000000000000 ) ) ;
#9823 = CARTESIAN_POINT ( 'NONE',  ( 2.495422264807318768, 2.739999999999997993, 0.2499999999999996669 ) ) ;
#9824 = AXIS2_PLACEMENT_3D ( 'NONE', #9391, #4827, #301 ) ;
#9825 = MECHANICAL_DESIGN_GEOMETRIC_PRESENTATION_REPRESENTATION (  '', ( #3140 ), #272 ) ;
#9826 =( NAMED_UNIT ( * ) SI_UNIT ( $, .STERADIAN. ) SOLID_ANGLE_UNIT ( ) );
#9827 = SURFACE_SIDE_STYLE ('',( #4391 ) ) ;
#9828 = COLOUR_RGB ( '',0.2862745098039215508, 0.2862745098039215508, 0.2862745098039215508 ) ;
#9829 = STYLED_ITEM ( 'NONE', ( #9810 ), #1720 ) ;
#9830 = EDGE_CURVE ( 'NONE', #7391, #491, #5811, .T. ) ;
#9831 = CARTESIAN_POINT ( 'NONE',  ( -2.291224643694576013, -2.652943593871510242, 1.039907042525824998 ) ) ;
#9832 = VECTOR ( 'NONE', #9157, 1000.000000000000000 ) ;
#9833 = EDGE_CURVE ( 'NONE', #5854, #373, #3315, .T. ) ;
#9834 = PLANE ( 'NONE',  #9409 ) ;
#9835 = CARTESIAN_POINT ( 'NONE',  ( -2.125000000000000000, 2.507499999999999840, 0.2500000000000000000 ) ) ;
#9836 = DIRECTION ( 'NONE',  ( 0.000000000000000000, 0.000000000000000000, 1.000000000000000000 ) ) ;
#9837 = EDGE_CURVE ( 'NONE', #4474, #10859, #3600, .T. ) ;
#9838 = ORIENTED_EDGE ( 'NONE', *, *, #11591, .T. ) ;
#9839 = DIRECTION ( 'NONE',  ( 1.000000000000000000, 2.155772863349820033E-16, 0.000000000000000000 ) ) ;
#9840 = DIRECTION ( 'NONE',  ( 1.000000000000000000, 0.000000000000000000, 0.000000000000000000 ) ) ;
#9841 = COLOUR_RGB ( '',0.2862745098039215508, 0.2862745098039215508, 0.2862745098039215508 ) ;
#9842 = COLOUR_RGB ( '',0.8313725490196077761, 0.8313725490196077761, 0.8313725490196077761 ) ;
#9843 = CARTESIAN_POINT ( 'NONE',  ( -1.647500000000000187, -2.620000000000000551, 0.000000000000000000 ) ) ;
#9844 = STYLED_ITEM ( 'NONE', ( #6309 ), #7302 ) ;
#9845 = CARTESIAN_POINT ( 'NONE',  ( 2.481424832439820705, -0.5799999999999989608, 0.000000000000000000 ) ) ;
#9846 = CARTESIAN_POINT ( 'NONE',  ( -0.3775000000000000022, -3.220000000000000195, 0.000000000000000000 ) ) ;
#9847 = EDGE_CURVE ( 'NONE', #4810, #7995, #1207, .T. ) ;
#9848 = DIRECTION ( 'NONE',  ( 0.000000000000000000, 0.000000000000000000, 1.000000000000000000 ) ) ;
#9849 = VECTOR ( 'NONE', #5240, 1000.000000000000000 ) ;
#9850 = LINE ( 'NONE', #5289, #5011 ) ;
#9851 = PRESENTATION_LAYER_ASSIGNMENT (  '', '', ( #11811 ) ) ;
#9852 = ORIENTED_EDGE ( 'NONE', *, *, #6671, .T. ) ;
#9853 = ORIENTED_EDGE ( 'NONE', *, *, #3675, .T. ) ;
#9854 = PRESENTATION_STYLE_ASSIGNMENT (( #11698 ) ) ;
#9855 = ORIENTED_EDGE ( 'NONE', *, *, #2367, .F. ) ;
#9856 = PRESENTATION_STYLE_ASSIGNMENT (( #9179 ) ) ;
#9857 =( LENGTH_UNIT ( ) NAMED_UNIT ( * ) SI_UNIT ( .MILLI., .METRE. ) );
#9858 = CARTESIAN_POINT ( 'NONE',  ( 0.9150000000000000355, 2.469999999999989981, 0.000000000000000000 ) ) ;
#9859 = MECHANICAL_DESIGN_GEOMETRIC_PRESENTATION_REPRESENTATION (  '', ( #8146 ), #2215 ) ;
#9860 = DIRECTION ( 'NONE',  ( 9.001808307771530402E-16, -1.000000000000000000, 0.000000000000000000 ) ) ;
#9861 = LINE ( 'NONE', #758, #83 ) ;
#9862 = ORIENTED_EDGE ( 'NONE', *, *, #4220, .T. ) ;
#9863 = COLOUR_RGB ( '',0.8313725490196077761, 0.8313725490196077761, 0.8313725490196077761 ) ;
#9864 = DIRECTION ( 'NONE',  ( 1.000000000000000000, 0.000000000000000000, 0.000000000000000000 ) ) ;
#9865 = LINE ( 'NONE', #8064, #3523 ) ;
#9866 = ORIENTED_EDGE ( 'NONE', *, *, #9309, .F. ) ;
#9867 = VERTEX_POINT ( 'NONE', #6998 ) ;
#9868 = FILL_AREA_STYLE_COLOUR ( '', #3811 ) ;
#9869 = VECTOR ( 'NONE', #1864, 1000.000000000000000 ) ;
#9870 = CARTESIAN_POINT ( 'NONE',  ( -0.4149999999999999800, -2.770000000000000018, 0.2500000000000000000 ) ) ;
#9871 = AXIS2_PLACEMENT_3D ( 'NONE', #4022, #4767, #7646 ) ;
#9872 = ORIENTED_EDGE ( 'NONE', *, *, #7841, .T. ) ;
#9873 = FILL_AREA_STYLE ('',( #6201 ) ) ;
#9874 = LINE ( 'NONE', #1671, #4052 ) ;
#9875 = PRESENTATION_STYLE_ASSIGNMENT (( #5260 ) ) ;
#9876 = DIRECTION ( 'NONE',  ( -0.5064641571633372585, 0.5064641571633372585, 0.6978453374621491623 ) ) ;
#9877 = ORIENTED_EDGE ( 'NONE', *, *, #2368, .F. ) ;
#9878 = MECHANICAL_DESIGN_GEOMETRIC_PRESENTATION_REPRESENTATION (  '', ( #9103 ), #3576 ) ;
#9879 = PLANE ( 'NONE',  #4467 ) ;
#9880 = EDGE_LOOP ( 'NONE', ( #10236, #11453, #2222, #2076 ) ) ;
#9881 = STYLED_ITEM ( 'NONE', ( #6667 ), #8868 ) ;
#9882 = DIRECTION ( 'NONE',  ( 0.000000000000000000, 1.000000000000000000, 0.000000000000000000 ) ) ;
#9883 = CARTESIAN_POINT ( 'NONE',  ( 0.3775000000000000022, -2.782500000000000195, 0.000000000000000000 ) ) ;
#9884 = CARTESIAN_POINT ( 'NONE',  ( 1.905000000000000027, 2.419999999999999929, 0.000000000000000000 ) ) ;
#9885 = EDGE_CURVE ( 'NONE', #8909, #11394, #7183, .T. ) ;
#9886 = PRESENTATION_STYLE_ASSIGNMENT (( #6213 ) ) ;
#9887 = CARTESIAN_POINT ( 'NONE',  ( -2.162500000000000089, 2.819999999999999840, 0.000000000000000000 ) ) ;
#9888 = EDGE_CURVE ( 'NONE', #3941, #1971, #5324, .T. ) ;
#9889 = EDGE_CURVE ( 'NONE', #5231, #3537, #2532, .T. ) ;
#9890 = UNCERTAINTY_MEASURE_WITH_UNIT (LENGTH_MEASURE( 1.000000000000000082E-05 ), #3602, 'distance_accuracy_value', 'NONE');
#9891 = DIRECTION ( 'NONE',  ( 0.000000000000000000, 0.000000000000000000, 1.000000000000000000 ) ) ;
#9892 = FACE_OUTER_BOUND ( 'NONE', #3426, .T. ) ;
#9893 = FACE_OUTER_BOUND ( 'NONE', #8618, .T. ) ;
#9894 = FACE_OUTER_BOUND ( 'NONE', #9401, .T. ) ;
#9895 = ORIENTED_EDGE ( 'NONE', *, *, #1798, .F. ) ;
#9896 =( LENGTH_UNIT ( ) NAMED_UNIT ( * ) SI_UNIT ( .MILLI., .METRE. ) );
#9897 = AXIS2_PLACEMENT_3D ( 'NONE', #2829, #2777, #3801 ) ;
#9898 = CARTESIAN_POINT ( 'NONE',  ( -0.8924999999999999600, 2.819999999999999840, 0.000000000000000000 ) ) ;
#9899 = EDGE_CURVE ( 'NONE', #7588, #3100, #9942, .T. ) ;
#9900 = DIRECTION ( 'NONE',  ( -0.000000000000000000, 0.000000000000000000, -1.000000000000000000 ) ) ;
#9901 = EDGE_CURVE ( 'NONE', #8611, #3629, #8437, .T. ) ;
#9902 = PRESENTATION_STYLE_ASSIGNMENT (( #1577 ) ) ;
#9903 = SURFACE_SIDE_STYLE ('',( #3448 ) ) ;
#9904 = SURFACE_STYLE_USAGE ( .BOTH. , #1640 ) ;
#9905 = CARTESIAN_POINT ( 'NONE',  ( -2.185000000000000497, -0.6799999999999990496, 0.000000000000000000 ) ) ;
#9906 = ORIENTED_EDGE ( 'NONE', *, *, #3326, .T. ) ;
#9907 = FILL_AREA_STYLE_COLOUR ( '', #10870 ) ;
#9908 =( NAMED_UNIT ( * ) PLANE_ANGLE_UNIT ( ) SI_UNIT ( $, .RADIAN. ) );
#9909 = ORIENTED_EDGE ( 'NONE', *, *, #8798, .T. ) ;
#9910 = ORIENTED_EDGE ( 'NONE', *, *, #7956, .T. ) ;
#9911 = AXIS2_PLACEMENT_3D ( 'NONE', #100, #3775, #767 ) ;
#9912 = EDGE_CURVE ( 'NONE', #2973, #7240, #10001, .T. ) ;
#9913 = SURFACE_STYLE_FILL_AREA ( #2617 ) ;
#9914 = AXIS2_PLACEMENT_3D ( 'NONE', #6419, #874, #1824 ) ;
#9915 = SURFACE_STYLE_USAGE ( .BOTH. , #6524 ) ;
#9916 = PRESENTATION_LAYER_ASSIGNMENT (  '', '', ( #8195 ) ) ;
#9917 = FILL_AREA_STYLE ('',( #5359 ) ) ;
#9918 = SURFACE_STYLE_USAGE ( .BOTH. , #9124 ) ;
#9919 = DIRECTION ( 'NONE',  ( -0.000000000000000000, 1.000000000000000000, 0.000000000000000000 ) ) ;
#9920 = EDGE_LOOP ( 'NONE', ( #7023, #4901, #2954, #2500 ) ) ;
#9921 = PRESENTATION_LAYER_ASSIGNMENT (  '', '', ( #6661 ) ) ;
#9922 = UNCERTAINTY_MEASURE_WITH_UNIT (LENGTH_MEASURE( 1.000000000000000082E-05 ), #7170, 'distance_accuracy_value', 'NONE');
#9923 = DIRECTION ( 'NONE',  ( 1.000000000000000000, 0.000000000000000000, 0.000000000000000000 ) ) ;
#9924 = CARTESIAN_POINT ( 'NONE',  ( 0.3775000000000000022, -3.220000000000000195, 0.000000000000000000 ) ) ;
#9925 = ORIENTED_EDGE ( 'NONE', *, *, #2169, .F. ) ;
#9926 = DIRECTION ( 'NONE',  ( 2.590520390792030076E-13, 1.000000000000000000, 0.000000000000000000 ) ) ;
#9927 = ADVANCED_FACE ( 'NONE', ( #6150 ), #4387, .T. ) ;
#9928 = DIRECTION ( 'NONE',  ( 0.000000000000000000, -0.000000000000000000, 1.000000000000000000 ) ) ;
#9929 = FILL_AREA_STYLE ('',( #2807 ) ) ;
#9930 = PRESENTATION_LAYER_ASSIGNMENT (  '', '', ( #3259 ) ) ;
#9931 = ORIENTED_EDGE ( 'NONE', *, *, #11342, .F. ) ;
#9932 = DIRECTION ( 'NONE',  ( 0.000000000000000000, 0.000000000000000000, 1.000000000000000000 ) ) ;
#9933 = UNCERTAINTY_MEASURE_WITH_UNIT (LENGTH_MEASURE( 1.000000000000000082E-05 ), #9357, 'distance_accuracy_value', 'NONE');
#9934 = CARTESIAN_POINT ( 'NONE',  ( -2.381424832439820172, -0.6799999999999990496, 0.000000000000000000 ) ) ;
#9935 = PRESENTATION_LAYER_ASSIGNMENT (  '', '', ( #184 ) ) ;
#9936 = EDGE_LOOP ( 'NONE', ( #2824, #532, #5430, #11032 ) ) ;
#9937 = LINE ( 'NONE', #8248, #9626 ) ;
#9938 = LINE ( 'NONE', #7239, #2374 ) ;
#9939 = ORIENTED_EDGE ( 'NONE', *, *, #6347, .T. ) ;
#9940 = STYLED_ITEM ( 'NONE', ( #4707 ), #815 ) ;
#9941 = FACE_OUTER_BOUND ( 'NONE', #11041, .T. ) ;
#9942 = LINE ( 'NONE', #6330, #4285 ) ;
#9943 =( NAMED_UNIT ( * ) SI_UNIT ( $, .STERADIAN. ) SOLID_ANGLE_UNIT ( ) );
#9944 = CARTESIAN_POINT ( 'NONE',  ( -0.4149999999999999245, 2.507499999999999840, 0.000000000000000000 ) ) ;
#9945 = STYLED_ITEM ( 'NONE', ( #9548 ), #11048 ) ;
#9946 = CARTESIAN_POINT ( 'NONE',  ( -2.162500000000000089, 3.220000000000000195, 0.000000000000000000 ) ) ;
#9947 = CARTESIAN_POINT ( 'NONE',  ( 2.394980999734316995, 2.559980999734317031, 1.075827626996971764 ) ) ;
#9948 = DIRECTION ( 'NONE',  ( -1.586032892321630158E-14, -1.000000000000000000, 0.000000000000000000 ) ) ;
#9949 =( NAMED_UNIT ( * ) SI_UNIT ( $, .STERADIAN. ) SOLID_ANGLE_UNIT ( ) );
#9950 = ORIENTED_EDGE ( 'NONE', *, *, #9888, .F. ) ;
#9951 = FILL_AREA_STYLE ('',( #9042 ) ) ;
#9952 = EDGE_CURVE ( 'NONE', #7280, #1082, #3500, .T. ) ;
#9953 = VECTOR ( 'NONE', #10866, 1000.000000000000000 ) ;
#9954 = FILL_AREA_STYLE_COLOUR ( '', #58 ) ;
#9955 = DIRECTION ( 'NONE',  ( 1.000000000000000000, 0.000000000000000000, -0.000000000000000000 ) ) ;
#9956 = DIRECTION ( 'NONE',  ( -3.909236002201260077E-16, 1.000000000000000000, 0.000000000000000000 ) ) ;
#9957 = LINE ( 'NONE', #2497, #5089 ) ;
#9958 =( NAMED_UNIT ( * ) PLANE_ANGLE_UNIT ( ) SI_UNIT ( $, .RADIAN. ) );
#9959 = FILL_AREA_STYLE ('',( #10834 ) ) ;
#9960 = EDGE_CURVE ( 'NONE', #7534, #336, #10251, .T. ) ;
#9961 = FILL_AREA_STYLE ('',( #3450 ) ) ;
#9962 = VERTEX_POINT ( 'NONE', #1314 ) ;
#9963 = VECTOR ( 'NONE', #1719, 1000.000000000000000 ) ;
#9964 = DIRECTION ( 'NONE',  ( 0.000000000000000000, 1.000000000000000000, 0.000000000000000000 ) ) ;
#9965 = EDGE_CURVE ( 'NONE', #11570, #2636, #7940, .T. ) ;
#9966 = CARTESIAN_POINT ( 'NONE',  ( 0.8549999999999998712, 2.739999999999999325, 0.2499999999999998890 ) ) ;
#9967 = CARTESIAN_POINT ( 'NONE',  ( 1.905000000000000027, -2.770000000000000018, 0.2500000000000000000 ) ) ;
#9968 = VERTEX_POINT ( 'NONE', #8824 ) ;
#9969 = CARTESIAN_POINT ( 'NONE',  ( 2.149999999999999911, 5.551115123125779744E-16, 0.000000000000000000 ) ) ;
#9970 = ORIENTED_EDGE ( 'NONE', *, *, #1106, .F. ) ;
#9971 = CARTESIAN_POINT ( 'NONE',  ( -2.185000000000000497, 2.470000000000000195, 0.000000000000000000 ) ) ;
#9972 = CARTESIAN_POINT ( 'NONE',  ( -2.394980999734315663, -2.559980999734315255, 1.075827626996971764 ) ) ;
#9973 = CARTESIAN_POINT ( 'NONE',  ( 0.000000000000000000, 5.551115123125779744E-16, 0.000000000000000000 ) ) ;
#9974 = SURFACE_STYLE_FILL_AREA ( #6246 ) ;
#9975 = AXIS2_PLACEMENT_3D ( 'NONE', #9371, #6552, #10351 ) ;
#9976 = DIRECTION ( 'NONE',  ( 1.000000000000000000, 1.233581138472399978E-14, -0.000000000000000000 ) ) ;
#9977 = PRESENTATION_LAYER_ASSIGNMENT (  '', '', ( #994 ) ) ;
#9978 = DIRECTION ( 'NONE',  ( 0.000000000000000000, 1.000000000000000000, 0.000000000000000000 ) ) ;
#9979 = EDGE_CURVE ( 'NONE', #10244, #8722, #4087, .T. ) ;
#9980 =( NAMED_UNIT ( * ) SI_UNIT ( $, .STERADIAN. ) SOLID_ANGLE_UNIT ( ) );
#9981 = EDGE_LOOP ( 'NONE', ( #5680, #3043, #9570, #10073 ) ) ;
#9982 = LINE ( 'NONE', #4368, #11760 ) ;
#9983 = EDGE_CURVE ( 'NONE', #10333, #5446, #4824, .T. ) ;
#9984 = DIRECTION ( 'NONE',  ( 0.000000000000000000, -0.000000000000000000, 1.000000000000000000 ) ) ;
#9985 = VERTEX_POINT ( 'NONE', #11411 ) ;
#9986 = DIRECTION ( 'NONE',  ( 1.000000000000000000, -0.000000000000000000, 0.000000000000000000 ) ) ;
#9987 = ORIENTED_EDGE ( 'NONE', *, *, #4907, .F. ) ;
#9988 = FILL_AREA_STYLE ('',( #11106 ) ) ;
#9989 = AXIS2_PLACEMENT_3D ( 'NONE', #8390, #3748, #10387 ) ;
#9990 = FACE_OUTER_BOUND ( 'NONE', #6836, .T. ) ;
#9991 = EDGE_LOOP ( 'NONE', ( #5337, #10941, #9135, #2564 ) ) ;
#9992 =( GEOMETRIC_REPRESENTATION_CONTEXT ( 3 ) GLOBAL_UNCERTAINTY_ASSIGNED_CONTEXT ( ( #9702 ) ) GLOBAL_UNIT_ASSIGNED_CONTEXT ( ( #3468, #2688, #11839 ) ) REPRESENTATION_CONTEXT ( 'NONE', 'WORKASPACE' ) );
#9993 = LINE ( 'NONE', #7406, #8045 ) ;
#9994 = STYLED_ITEM ( 'NONE', ( #10688 ), #9540 ) ;
#9995 = LINE ( 'NONE', #5495, #9246 ) ;
#9996 =( LENGTH_UNIT ( ) NAMED_UNIT ( * ) SI_UNIT ( .MILLI., .METRE. ) );
#9997 = ORIENTED_EDGE ( 'NONE', *, *, #1277, .T. ) ;
#9998 = PRESENTATION_LAYER_ASSIGNMENT (  '', '', ( #43 ) ) ;
#9999 = CARTESIAN_POINT ( 'NONE',  ( 2.574266446321863189, -2.706955526939518464, 0.2540566049826275541 ) ) ;
#10000 = ORIENTED_EDGE ( 'NONE', *, *, #7566, .F. ) ;
#10001 = LINE ( 'NONE', #719, #10386 ) ;
#10002 = AXIS2_PLACEMENT_3D ( 'NONE', #10764, #6532, #2786 ) ;
#10003 = AXIS2_PLACEMENT_3D ( 'NONE', #3433, #8083, #840 ) ;
#10004 = FACE_OUTER_BOUND ( 'NONE', #8351, .T. ) ;
#10005 = CARTESIAN_POINT ( 'NONE',  ( 2.125000000000000000, -2.319999999999999840, 0.2500000000000000000 ) ) ;
#10006 = CARTESIAN_POINT ( 'NONE',  ( -2.399623984414026800, -2.636255932742949781, 1.001469427380567545 ) ) ;
#10007 = ORIENTED_EDGE ( 'NONE', *, *, #8499, .T. ) ;
#10008 = UNCERTAINTY_MEASURE_WITH_UNIT (LENGTH_MEASURE( 1.000000000000000082E-05 ), #11288, 'distance_accuracy_value', 'NONE');
#10009 = VECTOR ( 'NONE', #4950, 1000.000000000000000 ) ;
#10010 = MECHANICAL_DESIGN_GEOMETRIC_PRESENTATION_REPRESENTATION (  '', ( #10397 ), #5032 ) ;
#10011 = DIRECTION ( 'NONE',  ( -4.956352788505170170E-16, -1.000000000000000000, 0.000000000000000000 ) ) ;
#10012 = ORIENTED_EDGE ( 'NONE', *, *, #9309, .T. ) ;
#10013 = LINE ( 'NONE', #5463, #6620 ) ;
#10014 = VECTOR ( 'NONE', #7778, 1000.000000000000000 ) ;
#10015 = VECTOR ( 'NONE', #1774, 1000.000000000000000 ) ;
#10016 = CARTESIAN_POINT ( 'NONE',  ( -0.9150000000000000355, 2.419999999999999929, 0.000000000000000000 ) ) ;
#10017 = DIRECTION ( 'NONE',  ( 0.000000000000000000, -1.000000000000000000, -0.000000000000000000 ) ) ;
#10018 = FILL_AREA_STYLE_COLOUR ( '', #4521 ) ;
#10019 = CARTESIAN_POINT ( 'NONE',  ( 2.125000000000000000, -2.782500000000000195, 0.000000000000000000 ) ) ;
#10020 = LINE ( 'NONE', #11886, #11827 ) ;
#10021 = SURFACE_SIDE_STYLE ('',( #8936 ) ) ;
#10022 = FACE_OUTER_BOUND ( 'NONE', #10733, .T. ) ;
#10023 = STYLED_ITEM ( 'NONE', ( #5360 ), #2339 ) ;
#10024 = ORIENTED_EDGE ( 'NONE', *, *, #10342, .T. ) ;
#10025 = COLOUR_RGB ( '',0.2862745098039215508, 0.2862745098039215508, 0.2862745098039215508 ) ;
#10026 = VERTEX_POINT ( 'NONE', #5737 ) ;
#10027 = DIRECTION ( 'NONE',  ( 0.000000000000000000, -0.000000000000000000, -1.000000000000000000 ) ) ;
#10028 = CARTESIAN_POINT ( 'NONE',  ( 1.905000000000000027, 2.470000000000000195, 0.000000000000000000 ) ) ;
#10029 =( LENGTH_UNIT ( ) NAMED_UNIT ( * ) SI_UNIT ( .MILLI., .METRE. ) );
#10030 = VECTOR ( 'NONE', #700, 1000.000000000000000 ) ;
#10031 = ADVANCED_FACE ( 'NONE', ( #7655 ), #10708, .F. ) ;
#10032 = CARTESIAN_POINT ( 'NONE',  ( 2.481424832439820261, -0.5799999999999989608, 0.000000000000000000 ) ) ;
#10033 = FILL_AREA_STYLE_COLOUR ( '', #3350 ) ;
#10034 = LINE ( 'NONE', #153, #10281 ) ;
#10035 = EDGE_CURVE ( 'NONE', #7428, #6621, #6799, .T. ) ;
#10036 = EDGE_CURVE ( 'NONE', #1054, #5195, #2147, .T. ) ;
#10037 = ORIENTED_EDGE ( 'NONE', *, *, #2947, .F. ) ;
#10038 = LINE ( 'NONE', #1830, #2731 ) ;
#10039 = PRESENTATION_LAYER_ASSIGNMENT (  '', '', ( #11813 ) ) ;
#10040 = UNCERTAINTY_MEASURE_WITH_UNIT (LENGTH_MEASURE( 1.000000000000000082E-05 ), #571, 'distance_accuracy_value', 'NONE');
#10041 = DIRECTION ( 'NONE',  ( 1.000000000000000000, 0.000000000000000000, -0.000000000000000000 ) ) ;
#10042 = CARTESIAN_POINT ( 'NONE',  ( 2.381424832439820172, -0.07999999999999923839, 0.000000000000000000 ) ) ;
#10043 = VERTEX_POINT ( 'NONE', #9454 ) ;
#10044 = FILL_AREA_STYLE ('',( #2692 ) ) ;
#10045 = ORIENTED_EDGE ( 'NONE', *, *, #5213, .F. ) ;
#10046 = VECTOR ( 'NONE', #1623, 1000.000000000000000 ) ;
#10047 = PRESENTATION_STYLE_ASSIGNMENT (( #6438 ) ) ;
#10048 = EDGE_CURVE ( 'NONE', #11019, #9412, #9517, .T. ) ;
#10049 = MECHANICAL_DESIGN_GEOMETRIC_PRESENTATION_REPRESENTATION (  '', ( #5833 ), #2249 ) ;
#10050 = EDGE_CURVE ( 'NONE', #10560, #10976, #1251, .T. ) ;
#10051 = VECTOR ( 'NONE', #3396, 1000.000000000000000 ) ;
#10052 = ORIENTED_EDGE ( 'NONE', *, *, #2074, .T. ) ;
#10053 =( GEOMETRIC_REPRESENTATION_CONTEXT ( 3 ) GLOBAL_UNCERTAINTY_ASSIGNED_CONTEXT ( ( #9691 ) ) GLOBAL_UNIT_ASSIGNED_CONTEXT ( ( #11049, #2811, #3716 ) ) REPRESENTATION_CONTEXT ( 'NONE', 'WORKASPACE' ) );
#10054 = DIRECTION ( 'NONE',  ( 0.000000000000000000, -0.000000000000000000, -1.000000000000000000 ) ) ;
#10055 = EDGE_CURVE ( 'NONE', #7059, #10865, #3456, .T. ) ;
#10056 = UNCERTAINTY_MEASURE_WITH_UNIT (LENGTH_MEASURE( 1.000000000000000082E-05 ), #2246, 'distance_accuracy_value', 'NONE');
#10057 = COLOUR_RGB ( '',0.8313725490196077761, 0.8313725490196077761, 0.8313725490196077761 ) ;
#10058 = DIRECTION ( 'NONE',  ( 1.000000000000000000, 0.000000000000000000, 0.000000000000000000 ) ) ;
#10059 = SURFACE_STYLE_USAGE ( .BOTH. , #5615 ) ;
#10060 = VERTEX_POINT ( 'NONE', #10964 ) ;
#10061 = DIRECTION ( 'NONE',  ( -0.000000000000000000, -0.000000000000000000, -1.000000000000000000 ) ) ;
#10062 = EDGE_LOOP ( 'NONE', ( #8515, #763, #7348, #1478 ) ) ;
#10063 = AXIS2_PLACEMENT_3D ( 'NONE', #10320, #3920, #3014 ) ;
#10064 = DIRECTION ( 'NONE',  ( 0.000000000000000000, 0.000000000000000000, 1.000000000000000000 ) ) ;
#10065 = STYLED_ITEM ( 'NONE', ( #10523 ), #8357 ) ;
#10066 = VECTOR ( 'NONE', #2393, 1000.000000000000000 ) ;
#10067 =( NAMED_UNIT ( * ) SI_UNIT ( $, .STERADIAN. ) SOLID_ANGLE_UNIT ( ) );
#10068 = ADVANCED_FACE ( 'NONE', ( #7089 ), #8224, .F. ) ;
#10069 = DIRECTION ( 'NONE',  ( 0.000000000000000000, 0.000000000000000000, 1.000000000000000000 ) ) ;
#10070 = AXIS2_PLACEMENT_3D ( 'NONE', #10737, #8792, #6490 ) ;
#10071 =( LENGTH_UNIT ( ) NAMED_UNIT ( * ) SI_UNIT ( .MILLI., .METRE. ) );
#10072 = VECTOR ( 'NONE', #9422, 1000.000000000000000 ) ;
#10073 = ORIENTED_EDGE ( 'NONE', *, *, #2762, .T. ) ;
#10074 = SURFACE_STYLE_FILL_AREA ( #4834 ) ;
#10075 = CARTESIAN_POINT ( 'NONE',  ( 0.000000000000000000, 2.470000000000000195, 0.000000000000000000 ) ) ;
#10076 = PRESENTATION_STYLE_ASSIGNMENT (( #9038 ) ) ;
#10077 = FILL_AREA_STYLE_COLOUR ( '', #7981 ) ;
#10078 = ORIENTED_EDGE ( 'NONE', *, *, #9465, .T. ) ;
#10079 = DIRECTION ( 'NONE',  ( -0.7071067811865474617, -0.7071067811865474617, -0.000000000000000000 ) ) ;
#10080 = DIRECTION ( 'NONE',  ( 0.000000000000000000, 0.000000000000000000, 1.000000000000000000 ) ) ;
#10081 = STYLED_ITEM ( 'NONE', ( #3367 ), #9228 ) ;
#10082 =( GEOMETRIC_REPRESENTATION_CONTEXT ( 3 ) GLOBAL_UNCERTAINTY_ASSIGNED_CONTEXT ( ( #10748 ) ) GLOBAL_UNIT_ASSIGNED_CONTEXT ( ( #2427, #10750, #9949 ) ) REPRESENTATION_CONTEXT ( 'NONE', 'WORKASPACE' ) );
#10083 = EDGE_CURVE ( 'NONE', #8223, #11394, #807, .T. ) ;
#10084 = VECTOR ( 'NONE', #7488, 1000.000000000000000 ) ;
#10085 =( LENGTH_UNIT ( ) NAMED_UNIT ( * ) SI_UNIT ( .MILLI., .METRE. ) );
#10086 = CARTESIAN_POINT ( 'NONE',  ( 1.905000000000000027, -1.080000000000000293, 0.000000000000000000 ) ) ;
#10087 = FACE_OUTER_BOUND ( 'NONE', #9398, .T. ) ;
#10088 = DIRECTION ( 'NONE',  ( 9.001808307771530402E-16, 1.000000000000000000, 0.000000000000000000 ) ) ;
#10089 = CARTESIAN_POINT ( 'NONE',  ( 1.685000000000000053, -2.319999999999999840, 0.000000000000000000 ) ) ;
#10090 =( LENGTH_UNIT ( ) NAMED_UNIT ( * ) SI_UNIT ( .MILLI., .METRE. ) );
#10091 = PLANE ( 'NONE',  #5140 ) ;
#10092 = VERTEX_POINT ( 'NONE', #990 ) ;
#10093 = ORIENTED_EDGE ( 'NONE', *, *, #4206, .F. ) ;
#10094 = FILL_AREA_STYLE_COLOUR ( '', #7316 ) ;
#10095 = CARTESIAN_POINT ( 'NONE',  ( -2.481424832439819816, -0.1799999999999995215, 0.2500000000000000000 ) ) ;
#10096 = LINE ( 'NONE', #1887, #5703 ) ;
#10097 = EDGE_CURVE ( 'NONE', #1172, #5790, #11758, .T. ) ;
#10098 = MECHANICAL_DESIGN_GEOMETRIC_PRESENTATION_REPRESENTATION (  '', ( #5904 ), #5691 ) ;
#10099 =( GEOMETRIC_REPRESENTATION_CONTEXT ( 3 ) GLOBAL_UNCERTAINTY_ASSIGNED_CONTEXT ( ( #6792 ) ) GLOBAL_UNIT_ASSIGNED_CONTEXT ( ( #2109, #3190, #1147 ) ) REPRESENTATION_CONTEXT ( 'NONE', 'WORKASPACE' ) );
#10100 = PLANE ( 'NONE',  #7164 ) ;
#10101 = DIRECTION ( 'NONE',  ( -0.000000000000000000, -0.000000000000000000, -1.000000000000000000 ) ) ;
#10102 = ORIENTED_EDGE ( 'NONE', *, *, #9753, .F. ) ;
#10103 = SURFACE_STYLE_USAGE ( .BOTH. , #158 ) ;
#10104 = LINE ( 'NONE', #1898, #10657 ) ;
#10105 = CARTESIAN_POINT ( 'NONE',  ( -2.125000000000000000, 2.739999999999999325, 0.000000000000000000 ) ) ;
#10106 = ORIENTED_EDGE ( 'NONE', *, *, #169, .F. ) ;
#10107 = CIRCLE ( 'NONE', #11674, 0.07999999999999998779 ) ;
#10108 = LINE ( 'NONE', #4426, #9963 ) ;
#10109 = VECTOR ( 'NONE', #9452, 1000.000000000000000 ) ;
#10110 = VERTEX_POINT ( 'NONE', #3511 ) ;
#10111 = ADVANCED_FACE ( 'NONE', ( #4466 ), #9120, .F. ) ;
#10112 =( GEOMETRIC_REPRESENTATION_CONTEXT ( 3 ) GLOBAL_UNCERTAINTY_ASSIGNED_CONTEXT ( ( #10008 ) ) GLOBAL_UNIT_ASSIGNED_CONTEXT ( ( #11288, #3109, #5723 ) ) REPRESENTATION_CONTEXT ( 'NONE', 'WORKASPACE' ) );
#10113 = CARTESIAN_POINT ( 'NONE',  ( 2.351067539245732085, -2.554456236527852031, 1.096075939357706863 ) ) ;
#10114 = ORIENTED_EDGE ( 'NONE', *, *, #9885, .F. ) ;
#10115 = MECHANICAL_DESIGN_GEOMETRIC_PRESENTATION_REPRESENTATION (  '', ( #932 ), #10905 ) ;
#10116 = SURFACE_STYLE_USAGE ( .BOTH. , #8190 ) ;
#10117 = CARTESIAN_POINT ( 'NONE',  ( 0.3775000000000000022, 2.469999999999999751, 0.2500000000000000000 ) ) ;
#10118 = DIRECTION ( 'NONE',  ( 0.000000000000000000, -0.000000000000000000, 1.000000000000000000 ) ) ;
#10119 = ORIENTED_EDGE ( 'NONE', *, *, #10083, .F. ) ;
#10120 =( GEOMETRIC_REPRESENTATION_CONTEXT ( 3 ) GLOBAL_UNCERTAINTY_ASSIGNED_CONTEXT ( ( #2484 ) ) GLOBAL_UNIT_ASSIGNED_CONTEXT ( ( #6465, #7254, #4676 ) ) REPRESENTATION_CONTEXT ( 'NONE', 'WORKASPACE' ) );
#10121 = DIRECTION ( 'NONE',  ( 0.000000000000000000, 0.000000000000000000, 1.000000000000000000 ) ) ;
#10122 = ORIENTED_EDGE ( 'NONE', *, *, #3412, .F. ) ;
#10123 = EDGE_CURVE ( 'NONE', #8542, #10859, #931, .T. ) ;
#10124 =( GEOMETRIC_REPRESENTATION_CONTEXT ( 3 ) GLOBAL_UNCERTAINTY_ASSIGNED_CONTEXT ( ( #9579 ) ) GLOBAL_UNIT_ASSIGNED_CONTEXT ( ( #2299, #5989, #11318 ) ) REPRESENTATION_CONTEXT ( 'NONE', 'WORKASPACE' ) );
#10125 = EDGE_CURVE ( 'NONE', #225, #11116, #8663, .T. ) ;
#10126 =( NAMED_UNIT ( * ) SI_UNIT ( $, .STERADIAN. ) SOLID_ANGLE_UNIT ( ) );
#10127 = STYLED_ITEM ( 'NONE', ( #3506 ), #4624 ) ;
#10128 = DIRECTION ( 'NONE',  ( 1.000000000000000000, 0.000000000000000000, 0.000000000000000000 ) ) ;
#10129 = CLOSED_SHELL ( 'NONE', ( #5282, #7523, #5215, #10711, #17, #5778, #8784, #3689, #8868, #5502, #7247, #4550, #10282, #2304, #10581, #9074, #5272, #8645, #7035, #10743, #5795, #5488, #6822, #7021, #1104, #9150, #5929, #6803, #8205, #7261, #11199, #9524, #7831, #9292, #3333, #1361, #8536, #11324, #6362, #3724, #8565, #3476, #10412, #9792, #4622, #6130, #5945, #7654, #7349, #1914, #1627, #8144, #8427, #11709, #6747, #11272, #8071, #4840, #4487, #5868, #6290, #5560, #1856, #11611, #9434, #3946, #7684, #4724, #7847, #9540, #5297, #5061, #8357, #7679, #11860, #4280, #233, #3481, #10031, #1490, #3530, #3781 ) ) ;
#10130 = CARTESIAN_POINT ( 'NONE',  ( -0.3775000000000000022, 2.507499999999999840, 0.000000000000000000 ) ) ;
#10131 = CARTESIAN_POINT ( 'NONE',  ( 2.354463867161250334, -2.519463867161249926, 1.100000000000000089 ) ) ;
#10132 = VERTEX_POINT ( 'NONE', #4585 ) ;
#10133 = AXIS2_PLACEMENT_3D ( 'NONE', #10339, #1229, #10227 ) ;
#10134 = UNCERTAINTY_MEASURE_WITH_UNIT (LENGTH_MEASURE( 1.000000000000000082E-05 ), #5207, 'distance_accuracy_value', 'NONE');
#10135 = SURFACE_STYLE_USAGE ( .BOTH. , #6464 ) ;
#10136 = EDGE_CURVE ( 'NONE', #7208, #1136, #8281, .T. ) ;
#10137 = CARTESIAN_POINT ( 'NONE',  ( -2.575000000000000178, 1.070000000000000062, 0.2500000000000000000 ) ) ;
#10138 = ORIENTED_EDGE ( 'NONE', *, *, #11545, .F. ) ;
#10139 = LINE ( 'NONE', #11139, #5007 ) ;
#10140 =( NAMED_UNIT ( * ) SI_UNIT ( $, .STERADIAN. ) SOLID_ANGLE_UNIT ( ) );
#10141 = CARTESIAN_POINT ( 'NONE',  ( -2.481424832439820261, -0.5799999999999989608, 0.2500000000000001110 ) ) ;
#10142 = PLANE ( 'NONE',  #2119 ) ;
#10143 = CARTESIAN_POINT ( 'NONE',  ( -5.551115123125779744E-16, 2.470000000000000195, 0.2500000000000000000 ) ) ;
#10144 = UNCERTAINTY_MEASURE_WITH_UNIT (LENGTH_MEASURE( 1.000000000000000082E-05 ), #9569, 'distance_accuracy_value', 'NONE');
#10145 = SURFACE_SIDE_STYLE ('',( #4739 ) ) ;
#10146 = FILL_AREA_STYLE ('',( #141 ) ) ;
#10147 =( NAMED_UNIT ( * ) PLANE_ANGLE_UNIT ( ) SI_UNIT ( $, .RADIAN. ) );
#10148 = AXIS2_PLACEMENT_3D ( 'NONE', #8324, #2836, #1216 ) ;
#10149 = FACE_OUTER_BOUND ( 'NONE', #4545, .T. ) ;
#10150 = DIRECTION ( 'NONE',  ( 1.000000000000000000, -0.000000000000000000, 0.000000000000000000 ) ) ;
#10151 = ORIENTED_EDGE ( 'NONE', *, *, #11178, .F. ) ;
#10152 = DIRECTION ( 'NONE',  ( 0.000000000000000000, 1.000000000000000000, 0.000000000000000000 ) ) ;
#10153 = ORIENTED_EDGE ( 'NONE', *, *, #679, .T. ) ;
#10154 = COLOUR_RGB ( '',0.2862745098039215508, 0.2862745098039215508, 0.2862745098039215508 ) ;
#10155 = CARTESIAN_POINT ( 'NONE',  ( -2.394980999734315663, -2.559980999734316143, 1.075827626996971986 ) ) ;
#10156 = DIRECTION ( 'NONE',  ( -1.000000000000000000, -2.087512675392992591E-16, -3.774837845319806641E-17 ) ) ;
#10157 = AXIS2_PLACEMENT_3D ( 'NONE', #6499, #9202, #10054 ) ;
#10158 = SURFACE_SIDE_STYLE ('',( #9183 ) ) ;
#10159 = DIRECTION ( 'NONE',  ( 0.000000000000000000, -0.000000000000000000, 1.000000000000000000 ) ) ;
#10160 = MECHANICAL_DESIGN_GEOMETRIC_PRESENTATION_REPRESENTATION (  '', ( #5933 ), #3800 ) ;
#10161 =( LENGTH_UNIT ( ) NAMED_UNIT ( * ) SI_UNIT ( .MILLI., .METRE. ) );
#10162 = VERTEX_POINT ( 'NONE', #270 ) ;
#10163 =( LENGTH_UNIT ( ) NAMED_UNIT ( * ) SI_UNIT ( .MILLI., .METRE. ) );
#10164 = UNCERTAINTY_MEASURE_WITH_UNIT (LENGTH_MEASURE( 1.000000000000000082E-05 ), #6355, 'distance_accuracy_value', 'NONE');
#10165 = FILL_AREA_STYLE_COLOUR ( '', #10860 ) ;
#10166 =( LENGTH_UNIT ( ) NAMED_UNIT ( * ) SI_UNIT ( .MILLI., .METRE. ) );
#10167 = DIRECTION ( 'NONE',  ( 0.000000000000000000, -0.000000000000000000, 1.000000000000000000 ) ) ;
#10168 = ORIENTED_EDGE ( 'NONE', *, *, #9952, .T. ) ;
#10169 = DIRECTION ( 'NONE',  ( -1.000000000000000000, -0.000000000000000000, 0.000000000000000000 ) ) ;
#10170 = ORIENTED_EDGE ( 'NONE', *, *, #450, .F. ) ;
#10171 = VECTOR ( 'NONE', #5540, 1000.000000000000000 ) ;
#10172 = CARTESIAN_POINT ( 'NONE',  ( 0.3549999999999999822, 2.419999999999999929, 0.000000000000000000 ) ) ;
#10173 = CARTESIAN_POINT ( 'NONE',  ( -5.551115123125779744E-16, 2.470000000000000195, 0.2500000000000000000 ) ) ;
#10174 = ORIENTED_EDGE ( 'NONE', *, *, #8349, .T. ) ;
#10175 = LINE ( 'NONE', #1966, #315 ) ;
#10176 = PRESENTATION_STYLE_ASSIGNMENT (( #8075 ) ) ;
#10177 = DIRECTION ( 'NONE',  ( 0.000000000000000000, 1.000000000000000000, 0.000000000000000000 ) ) ;
#10178 = SURFACE_STYLE_FILL_AREA ( #11912 ) ;
#10179 = EDGE_LOOP ( 'NONE', ( #3478, #9577, #3186, #3631 ) ) ;
#10180 =( NAMED_UNIT ( * ) SI_UNIT ( $, .STERADIAN. ) SOLID_ANGLE_UNIT ( ) );
#10181 = ORIENTED_EDGE ( 'NONE', *, *, #9364, .F. ) ;
#10182 = CARTESIAN_POINT ( 'NONE',  ( 2.541955526939521981, 2.739266446321860116, 0.2540566049825988548 ) ) ;
#10183 = STYLED_ITEM ( 'NONE', ( #3563 ), #3530 ) ;
#10184 = CARTESIAN_POINT ( 'NONE',  ( 0.8924999999999999600, 2.782500000000000195, 0.000000000000000000 ) ) ;
#10185 = SURFACE_SIDE_STYLE ('',( #6509 ) ) ;
#10186 =( LENGTH_UNIT ( ) NAMED_UNIT ( * ) SI_UNIT ( .MILLI., .METRE. ) );
#10187 = AXIS2_PLACEMENT_3D ( 'NONE', #412, #6791, #10484 ) ;
#10188 = PRESENTATION_LAYER_ASSIGNMENT (  '', '', ( #434 ) ) ;
#10189 = VERTEX_POINT ( 'NONE', #8336 ) ;
#10190 = EDGE_CURVE ( 'NONE', #157, #10865, #2974, .T. ) ;
#10191 = CYLINDRICAL_SURFACE ( 'NONE', #7980, 0.03750000000000020678 ) ;
#10192 = CARTESIAN_POINT ( 'NONE',  ( -2.185000000000000497, -1.080000000000000071, 0.000000000000000000 ) ) ;
#10193 = ORIENTED_EDGE ( 'NONE', *, *, #1765, .T. ) ;
#10194 =( BOUNDED_SURFACE ( )  B_SPLINE_SURFACE ( 3, 3, ( 
 ( #6483, #10155, #7272, #9972 ),
 ( #1949, #211, #1164, #9414 ),
 ( #5767, #4004, #1349, #10394 ),
 ( #7630, #10530, #9556, #2183 ) ),
 .UNSPECIFIED., .F., .F., .F. ) 
 B_SPLINE_SURFACE_WITH_KNOTS ( ( 4, 4 ),
 ( 4, 4 ),
 ( 0.000000000000000000, 1.000000000000000000 ),
 ( 0.000000000000000000, 1.000000000000000000 ),
 .UNSPECIFIED. ) 
 GEOMETRIC_REPRESENTATION_ITEM ( )  RATIONAL_B_SPLINE_SURFACE ( (
 ( 1.000000000000000000, 0.3333333333333320381, 0.3333333333333320381, 1.000000000000000000),
 ( 0.9330238416682137270, 0.3110079472227367248, 0.3110079472227367248, 0.9330238416682137270),
 ( 0.9330238416682137270, 0.3110079472227367248, 0.3110079472227367248, 0.9330238416682137270),
 ( 1.000000000000000000, 0.3333333333333320381, 0.3333333333333320381, 1.000000000000000000) ) ) 
 REPRESENTATION_ITEM ( '' )  SURFACE ( )  );
#10195 = EDGE_CURVE ( 'NONE', #9470, #2541, #7444, .T. ) ;
#10196 = EDGE_CURVE ( 'NONE', #9085, #7635, #8582, .T. ) ;
#10197 = CARTESIAN_POINT ( 'NONE',  ( 2.125000000000000000, 2.507499999999999840, 0.2500000000000000000 ) ) ;
#10198 = ORIENTED_EDGE ( 'NONE', *, *, #8818, .T. ) ;
#10199 = DIRECTION ( 'NONE',  ( -1.000000000000000000, 0.000000000000000000, 0.000000000000000000 ) ) ;
#10200 = DIRECTION ( 'NONE',  ( 0.000000000000000000, 0.000000000000000000, -1.000000000000000000 ) ) ;
#10201 = STYLED_ITEM ( 'NONE', ( #7749 ), #10949 ) ;
#10202 = VECTOR ( 'NONE', #11302, 1000.000000000000000 ) ;
#10203 = ORIENTED_EDGE ( 'NONE', *, *, #8061, .T. ) ;
#10204 = LINE ( 'NONE', #10267, #5582 ) ;
#10205 = MECHANICAL_DESIGN_GEOMETRIC_PRESENTATION_REPRESENTATION (  '', ( #9224 ), #823 ) ;
#10206 = VECTOR ( 'NONE', #9891, 1000.000000000000000 ) ;
#10207 =( NAMED_UNIT ( * ) PLANE_ANGLE_UNIT ( ) SI_UNIT ( $, .RADIAN. ) );
#10208 = DIRECTION ( 'NONE',  ( 0.000000000000000000, 0.000000000000000000, 1.000000000000000000 ) ) ;
#10209 = EDGE_CURVE ( 'NONE', #8036, #3100, #10602, .T. ) ;
#10210 = ADVANCED_FACE ( 'NONE', ( #9359 ), #6959, .T. ) ;
#10211 = DIRECTION ( 'NONE',  ( 0.000000000000000000, 0.000000000000000000, -1.000000000000000000 ) ) ;
#10212 = DIRECTION ( 'NONE',  ( -0.000000000000000000, -0.000000000000000000, 1.000000000000000000 ) ) ;
#10213 = AXIS2_PLACEMENT_3D ( 'NONE', #1187, #4027, #5733 ) ;
#10214 = CARTESIAN_POINT ( 'NONE',  ( -1.905000000000000027, -2.092049114840340174, 0.000000000000000000 ) ) ;
#10215 = EDGE_CURVE ( 'NONE', #7208, #8973, #2064, .T. ) ;
#10216 =( NAMED_UNIT ( * ) SI_UNIT ( $, .STERADIAN. ) SOLID_ANGLE_UNIT ( ) );
#10217 =( LENGTH_UNIT ( ) NAMED_UNIT ( * ) SI_UNIT ( .MILLI., .METRE. ) );
#10218 = SURFACE_STYLE_USAGE ( .BOTH. , #3683 ) ;
#10219 = ORIENTED_EDGE ( 'NONE', *, *, #11535, .F. ) ;
#10220 =( LENGTH_UNIT ( ) NAMED_UNIT ( * ) SI_UNIT ( .MILLI., .METRE. ) );
#10221 = MECHANICAL_DESIGN_GEOMETRIC_PRESENTATION_REPRESENTATION (  '', ( #8672 ), #11792 ) ;
#10222 = ORIENTED_EDGE ( 'NONE', *, *, #3675, .F. ) ;
#10223 = CARTESIAN_POINT ( 'NONE',  ( -2.374771484314849523, 2.559980999734317031, 1.090494766897660117 ) ) ;
#10224 = PRODUCT_DEFINITION_SHAPE ( 'NONE', 'NONE',  #11924 ) ;
#10225 = LINE ( 'NONE', #11087, #553 ) ;
#10226 =( GEOMETRIC_REPRESENTATION_CONTEXT ( 3 ) GLOBAL_UNCERTAINTY_ASSIGNED_CONTEXT ( ( #2839 ) ) GLOBAL_UNIT_ASSIGNED_CONTEXT ( ( #2690, #96, #6491 ) ) REPRESENTATION_CONTEXT ( 'NONE', 'WORKASPACE' ) );
#10227 = DIRECTION ( 'NONE',  ( 0.000000000000000000, 0.000000000000000000, 1.000000000000000000 ) ) ;
#10228 = CARTESIAN_POINT ( 'NONE',  ( -1.287500000000000089, -2.739999999999997993, 0.2499999999999997224 ) ) ;
#10229 = AXIS2_PLACEMENT_3D ( 'NONE', #953, #1604, #3533 ) ;
#10230 = ORIENTED_EDGE ( 'NONE', *, *, #4456, .F. ) ;
#10231 = VECTOR ( 'NONE', #2709, 1000.000000000000000 ) ;
#10232 = CARTESIAN_POINT ( 'NONE',  ( 0.4150000000000001465, -2.740000000000000213, 0.000000000000000000 ) ) ;
#10233 = LINE ( 'NONE', #4646, #4186 ) ;
#10234 = FILL_AREA_STYLE ('',( #2917 ) ) ;
#10235 = ORIENTED_EDGE ( 'NONE', *, *, #8278, .F. ) ;
#10236 = ORIENTED_EDGE ( 'NONE', *, *, #3097, .T. ) ;
#10237 = CARTESIAN_POINT ( 'NONE',  ( 2.392994304293847296, -2.652943593871505357, 0.9660472879165169502 ) ) ;
#10238 = MECHANICAL_DESIGN_GEOMETRIC_PRESENTATION_REPRESENTATION (  '', ( #11221 ), #4310 ) ;
#10239 = VERTEX_POINT ( 'NONE', #4001 ) ;
#10240 = CARTESIAN_POINT ( 'NONE',  ( -2.149999999999999911, 0.02000000000000060063, 0.2500000000000000000 ) ) ;
#10241 = LINE ( 'NONE', #5671, #11507 ) ;
#10242 = CARTESIAN_POINT ( 'NONE',  ( 2.705000000000000071, -0.1799999999999990219, 0.000000000000000000 ) ) ;
#10243 = SURFACE_SIDE_STYLE ('',( #6324 ) ) ;
#10244 = VERTEX_POINT ( 'NONE', #11333 ) ;
#10245 = SURFACE_SIDE_STYLE ('',( #10420 ) ) ;
#10246 = DIRECTION ( 'NONE',  ( 1.000000000000000000, 0.000000000000000000, 0.000000000000000000 ) ) ;
#10247 = ORIENTED_EDGE ( 'NONE', *, *, #7195, .F. ) ;
#10248 = COLOUR_RGB ( '',0.2862745098039215508, 0.2862745098039215508, 0.2862745098039215508 ) ;
#10249 =( NAMED_UNIT ( * ) PLANE_ANGLE_UNIT ( ) SI_UNIT ( $, .RADIAN. ) );
#10250 = CYLINDRICAL_SURFACE ( 'NONE', #1495, 0.03749999999999988065 ) ;
#10251 = LINE ( 'NONE', #2033, #9222 ) ;
#10252 = CIRCLE ( 'NONE', #7579, 0.08000000000000005718 ) ;
#10253 = COLOUR_RGB ( '',0.8313725490196077761, 0.8313725490196077761, 0.8313725490196077761 ) ;
#10254 = DIRECTION ( 'NONE',  ( 0.000000000000000000, 0.000000000000000000, 1.000000000000000000 ) ) ;
#10255 = DIRECTION ( 'NONE',  ( 0.000000000000000000, 0.000000000000000000, -1.000000000000000000 ) ) ;
#10256 = ORIENTED_EDGE ( 'NONE', *, *, #7103, .F. ) ;
#10257 = VECTOR ( 'NONE', #10880, 1000.000000000000000 ) ;
#10258 = FILL_AREA_STYLE_COLOUR ( '', #4336 ) ;
#10259 = CARTESIAN_POINT ( 'NONE',  ( -2.354463867161250334, -2.519463867161249926, 1.020000000000000018 ) ) ;
#10260 = EDGE_LOOP ( 'NONE', ( #8675, #10219, #970, #11757 ) ) ;
#10261 = VECTOR ( 'NONE', #8435, 1000.000000000000000 ) ;
#10262 = FILL_AREA_STYLE_COLOUR ( '', #1011 ) ;
#10263 = ORIENTED_EDGE ( 'NONE', *, *, #761, .T. ) ;
#10264 = CARTESIAN_POINT ( 'NONE',  ( -2.705000000000000071, -0.5799999999999989608, 0.2500000000000000000 ) ) ;
#10265 = CARTESIAN_POINT ( 'NONE',  ( 2.495000000000000107, 2.660000000000000142, 0.000000000000000000 ) ) ;
#10266 = VERTEX_POINT ( 'NONE', #3091 ) ;
#10267 = CARTESIAN_POINT ( 'NONE',  ( 2.185000000000000497, 5.551115123125779744E-16, 0.000000000000000000 ) ) ;
#10268 = CARTESIAN_POINT ( 'NONE',  ( -0.8924999999999999600, -2.770000000000000018, 0.000000000000000000 ) ) ;
#10269 = PLANE ( 'NONE',  #1210 ) ;
#10270 = EDGE_CURVE ( 'NONE', #11157, #4996, #2009, .T. ) ;
#10271 =( BOUNDED_SURFACE ( )  B_SPLINE_SURFACE ( 3, 3, ( 
 ( #3736, #4619, #9947, #11070 ),
 ( #1744, #2828, #5391, #10503 ),
 ( #4783, #2293, #3863, #6754 ),
 ( #10376, #8555, #4728, #6701 ) ),
 .UNSPECIFIED., .F., .F., .F. ) 
 B_SPLINE_SURFACE_WITH_KNOTS ( ( 4, 4 ),
 ( 4, 4 ),
 ( 0.000000000000000000, 1.000000000000000000 ),
 ( 0.000000000000000000, 1.000000000000000000 ),
 .UNSPECIFIED. ) 
 GEOMETRIC_REPRESENTATION_ITEM ( )  RATIONAL_B_SPLINE_SURFACE ( (
 ( 1.000000000000000000, 0.3333333333333348691, 0.3333333333333348691, 1.000000000000000000),
 ( 0.9330238416682142821, 0.3110079472227395003, 0.3110079472227395003, 0.9330238416682142821),
 ( 0.9330238416682142821, 0.3110079472227395003, 0.3110079472227395003, 0.9330238416682142821),
 ( 1.000000000000000000, 0.3333333333333348691, 0.3333333333333348691, 1.000000000000000000) ) ) 
 REPRESENTATION_ITEM ( '' )  SURFACE ( )  );
#10272 = MECHANICAL_DESIGN_GEOMETRIC_PRESENTATION_REPRESENTATION (  '', ( #11067 ), #2235 ) ;
#10273 = DIRECTION ( 'NONE',  ( 1.000000000000000000, 0.000000000000000000, 0.000000000000000000 ) ) ;
#10274 = UNCERTAINTY_MEASURE_WITH_UNIT (LENGTH_MEASURE( 1.000000000000000082E-05 ), #10727, 'distance_accuracy_value', 'NONE');
#10275 = CARTESIAN_POINT ( 'NONE',  ( 2.125000000000000000, -2.319999999999999840, 0.000000000000000000 ) ) ;
#10276 =( GEOMETRIC_REPRESENTATION_CONTEXT ( 3 ) GLOBAL_UNCERTAINTY_ASSIGNED_CONTEXT ( ( #1429 ) ) GLOBAL_UNIT_ASSIGNED_CONTEXT ( ( #2005, #11147, #7619 ) ) REPRESENTATION_CONTEXT ( 'NONE', 'WORKASPACE' ) );
#10277 = FILL_AREA_STYLE_COLOUR ( '', #5455 ) ;
#10278 = ORIENTED_EDGE ( 'NONE', *, *, #8344, .T. ) ;
#10279 = SHAPE_REPRESENTATION_RELATIONSHIP ( 'NONE' , 'NONE' ,  #11142, #3908 ) ;
#10280 = EDGE_CURVE ( 'NONE', #7683, #9100, #11086, .T. ) ;
#10281 = VECTOR ( 'NONE', #10101, 1000.000000000000000 ) ;
#10282 = ADVANCED_FACE ( 'NONE', ( #10689 ), #6899, .F. ) ;
#10283 = EDGE_LOOP ( 'NONE', ( #5184, #770, #6173, #174 ) ) ;
#10284 = MECHANICAL_DESIGN_GEOMETRIC_PRESENTATION_REPRESENTATION (  '', ( #8728 ), #903 ) ;
#10285 = SURFACE_STYLE_FILL_AREA ( #2975 ) ;
#10286 = FILL_AREA_STYLE ('',( #2909 ) ) ;
#10287 = DIRECTION ( 'NONE',  ( 0.000000000000000000, -0.000000000000000000, -1.000000000000000000 ) ) ;
#10288 = MECHANICAL_DESIGN_GEOMETRIC_PRESENTATION_REPRESENTATION (  '', ( #6422 ), #2441 ) ;
#10289 = SURFACE_STYLE_FILL_AREA ( #3095 ) ;
#10290 = STYLED_ITEM ( 'NONE', ( #1281 ), #5219 ) ;
#10291 = VERTEX_POINT ( 'NONE', #7678 ) ;
#10292 = SURFACE_STYLE_FILL_AREA ( #6546 ) ;
#10293 = FACE_OUTER_BOUND ( 'NONE', #4606, .T. ) ;
#10294 = DIRECTION ( 'NONE',  ( -2.025954424498460092E-16, 1.000000000000000000, 0.000000000000000000 ) ) ;
#10295 = SURFACE_STYLE_USAGE ( .BOTH. , #9428 ) ;
#10296 = VERTEX_POINT ( 'NONE', #1347 ) ;
#10297 = ADVANCED_FACE ( 'NONE', ( #8698 ), #5106, .T. ) ;
#10298 = VERTEX_POINT ( 'NONE', #11554 ) ;
#10299 = AXIS2_PLACEMENT_3D ( 'NONE', #10265, #9343, #379 ) ;
#10300 = DIRECTION ( 'NONE',  ( -1.000000000000000000, 0.000000000000000000, 0.000000000000000000 ) ) ;
#10301 = EDGE_LOOP ( 'NONE', ( #1354, #7462, #6401, #9328 ) ) ;
#10302 = AXIS2_PLACEMENT_3D ( 'NONE', #2566, #5245, #8681 ) ;
#10303 = LINE ( 'NONE', #226, #11838 ) ;
#10304 = SURFACE_SIDE_STYLE ('',( #10482 ) ) ;
#10305 = ORIENTED_EDGE ( 'NONE', *, *, #8277, .F. ) ;
#10306 = CARTESIAN_POINT ( 'NONE',  ( -0.6350000000000000089, -2.319999999999999840, 0.000000000000000000 ) ) ;
#10307 = ORIENTED_EDGE ( 'NONE', *, *, #8499, .F. ) ;
#10308 = CARTESIAN_POINT ( 'NONE',  ( -2.162500000000000089, 3.220000000000000195, 0.000000000000000000 ) ) ;
#10309 = SURFACE_SIDE_STYLE ('',( #7998 ) ) ;
#10310 = CARTESIAN_POINT ( 'NONE',  ( -0.8924999999999999600, 2.469999999999999751, 0.000000000000000000 ) ) ;
#10311 = SURFACE_STYLE_FILL_AREA ( #1979 ) ;
#10312 = STYLED_ITEM ( 'NONE', ( #4980 ), #5812 ) ;
#10313 = ORIENTED_EDGE ( 'NONE', *, *, #972, .T. ) ;
#10314 = FILL_AREA_STYLE ('',( #10258 ) ) ;
#10315 = MECHANICAL_DESIGN_GEOMETRIC_PRESENTATION_REPRESENTATION (  '', ( #8757 ), #9335 ) ;
#10316 = AXIS2_PLACEMENT_3D ( 'NONE', #1737, #6999, #10624 ) ;
#10317 = DIRECTION ( 'NONE',  ( 0.000000000000000000, 0.000000000000000000, -1.000000000000000000 ) ) ;
#10318 = ORIENTED_EDGE ( 'NONE', *, *, #7388, .T. ) ;
#10319 = ORIENTED_EDGE ( 'NONE', *, *, #5213, .T. ) ;
#10320 = CARTESIAN_POINT ( 'NONE',  ( -2.162500000000000089, -3.220000000000000195, 0.000000000000000000 ) ) ;
#10321 = LINE ( 'NONE', #7539, #3625 ) ;
#10322 = PRODUCT_DEFINITION_SHAPE ( 'NONE', 'NONE',  #5402 ) ;
#10323 = ORIENTED_EDGE ( 'NONE', *, *, #305, .T. ) ;
#10324 = CARTESIAN_POINT ( 'NONE',  ( -2.185000000000000053, 2.770000000000000018, 0.000000000000000000 ) ) ;
#10325 = DIRECTION ( 'NONE',  ( 0.000000000000000000, -0.000000000000000000, 1.000000000000000000 ) ) ;
#10326 = VECTOR ( 'NONE', #5807, 1000.000000000000000 ) ;
#10327 = VECTOR ( 'NONE', #10725, 1000.000000000000000 ) ;
#10328 = PRESENTATION_STYLE_ASSIGNMENT (( #3020 ) ) ;
#10329 = CARTESIAN_POINT ( 'NONE',  ( 0.000000000000000000, 2.470000000000000195, 0.000000000000000000 ) ) ;
#10330 = FILL_AREA_STYLE ('',( #11689 ) ) ;
#10331 = CARTESIAN_POINT ( 'NONE',  ( -1.647500000000000187, 2.507499999999999840, 0.2500000000000000000 ) ) ;
#10332 = DIRECTION ( 'NONE',  ( 0.000000000000000000, -1.000000000000000000, -0.000000000000000000 ) ) ;
#10333 = VERTEX_POINT ( 'NONE', #3325 ) ;
#10334 = ORIENTED_EDGE ( 'NONE', *, *, #6136, .T. ) ;
#10335 = VECTOR ( 'NONE', #6, 1000.000000000000000 ) ;
#10336 = CARTESIAN_POINT ( 'NONE',  ( -2.481424832439820261, -0.1800000000000000488, 0.000000000000000000 ) ) ;
#10337 = SURFACE_STYLE_USAGE ( .BOTH. , #9490 ) ;
#10338 = SURFACE_STYLE_FILL_AREA ( #10286 ) ;
#10339 = CARTESIAN_POINT ( 'NONE',  ( 2.162500000000000089, 3.220000000000000195, 0.000000000000000000 ) ) ;
#10340 = EDGE_CURVE ( 'NONE', #4078, #6984, #6955, .T. ) ;
#10341 = DIRECTION ( 'NONE',  ( -1.000000000000000000, -2.155772863349820033E-16, 0.000000000000000000 ) ) ;
#10342 = EDGE_CURVE ( 'NONE', #7814, #1298, #8810, .T. ) ;
#10343 = PLANE ( 'NONE',  #3545 ) ;
#10344 = EDGE_LOOP ( 'NONE', ( #1658, #1906, #8211, #3132 ) ) ;
#10345 = FILL_AREA_STYLE_COLOUR ( '', #5579 ) ;
#10346 = PRESENTATION_LAYER_ASSIGNMENT (  '', '', ( #3651 ) ) ;
#10347 = DIRECTION ( 'NONE',  ( 0.000000000000000000, -1.000000000000000000, -0.000000000000000000 ) ) ;
#10348 = FILL_AREA_STYLE_COLOUR ( '', #8560 ) ;
#10349 = CARTESIAN_POINT ( 'NONE',  ( -0.3549999999999999822, 5.551115123125779744E-16, 0.000000000000000000 ) ) ;
#10350 = EDGE_LOOP ( 'NONE', ( #10483, #1208, #7714, #1725 ) ) ;
#10351 = DIRECTION ( 'NONE',  ( 1.000000000000000000, 0.000000000000000000, 0.000000000000000000 ) ) ;
#10352 = ORIENTED_EDGE ( 'NONE', *, *, #1871, .F. ) ;
#10353 = CARTESIAN_POINT ( 'NONE',  ( 2.379288488641679411, 2.472656540312757834, 1.134960937784883273 ) ) ;
#10354 = AXIS2_PLACEMENT_3D ( 'NONE', #2872, #4434, #2637 ) ;
#10355 = AXIS2_PLACEMENT_3D ( 'NONE', #8862, #9836, #11805 ) ;
#10356 = ORIENTED_EDGE ( 'NONE', *, *, #3252, .T. ) ;
#10357 = EDGE_CURVE ( 'NONE', #3941, #3472, #5166, .T. ) ;
#10358 = ADVANCED_FACE ( 'NONE', ( #7010 ), #9780, .T. ) ;
#10359 = CARTESIAN_POINT ( 'NONE',  ( 2.496266715016321580, 2.739989970828019761, 0.2500554620476069800 ) ) ;
#10360 = ORIENTED_EDGE ( 'NONE', *, *, #9159, .F. ) ;
#10361 = DIRECTION ( 'NONE',  ( -0.000000000000000000, 1.000000000000000000, 0.000000000000000000 ) ) ;
#10362 = MECHANICAL_DESIGN_GEOMETRIC_PRESENTATION_REPRESENTATION (  '', ( #7858 ), #11528 ) ;
#10363 = EDGE_CURVE ( 'NONE', #8484, #245, #7983, .T. ) ;
#10364 = ORIENTED_EDGE ( 'NONE', *, *, #3226, .F. ) ;
#10365 = FACE_OUTER_BOUND ( 'NONE', #4260, .T. ) ;
#10366 = AXIS2_PLACEMENT_3D ( 'NONE', #9924, #11842, #2803 ) ;
#10367 = PRESENTATION_STYLE_ASSIGNMENT (( #2146 ) ) ;
#10368 = DIRECTION ( 'NONE',  ( 9.001808307771530402E-16, -1.000000000000000000, 0.000000000000000000 ) ) ;
#10369 = EDGE_CURVE ( 'NONE', #1127, #11716, #271, .T. ) ;
#10370 =( LENGTH_UNIT ( ) NAMED_UNIT ( * ) SI_UNIT ( .MILLI., .METRE. ) );
#10371 = EDGE_LOOP ( 'NONE', ( #5082, #7323, #9370, #10470 ) ) ;
#10372 = VECTOR ( 'NONE', #7521, 1000.000000000000000 ) ;
#10373 = DIRECTION ( 'NONE',  ( 1.000000000000000000, -0.000000000000000000, 0.000000000000000000 ) ) ;
#10374 = VERTEX_POINT ( 'NONE', #8867 ) ;
#10375 =( LENGTH_UNIT ( ) NAMED_UNIT ( * ) SI_UNIT ( .MILLI., .METRE. ) );
#10376 = CARTESIAN_POINT ( 'NONE',  ( 2.430401622660341321, 2.544516792360710156, 1.017589973296721517 ) ) ;
#10377 = VERTEX_POINT ( 'NONE', #677 ) ;
#10378 = CARTESIAN_POINT ( 'NONE',  ( 0.8549999999999999822, -2.319999999999999840, 0.000000000000000000 ) ) ;
#10379 = DIRECTION ( 'NONE',  ( 0.000000000000000000, 1.000000000000000000, 0.000000000000000000 ) ) ;
#10380 = PRESENTATION_LAYER_ASSIGNMENT (  '', '', ( #2143 ) ) ;
#10381 = DIRECTION ( 'NONE',  ( 1.000000000000000000, 0.000000000000000000, -0.000000000000000000 ) ) ;
#10382 = CARTESIAN_POINT ( 'NONE',  ( 2.185000000000000497, 2.469999999999989981, 0.000000000000000000 ) ) ;
#10383 = LINE ( 'NONE', #8570, #3282 ) ;
#10384 = VECTOR ( 'NONE', #4532, 1000.000000000000000 ) ;
#10385 = UNCERTAINTY_MEASURE_WITH_UNIT (LENGTH_MEASURE( 1.000000000000000082E-05 ), #2966, 'distance_accuracy_value', 'NONE');
#10386 = VECTOR ( 'NONE', #611, 1000.000000000000000 ) ;
#10387 = DIRECTION ( 'NONE',  ( 0.000000000000000000, 0.000000000000000000, -1.000000000000000000 ) ) ;
#10388 =( LENGTH_UNIT ( ) NAMED_UNIT ( * ) SI_UNIT ( .MILLI., .METRE. ) );
#10389 = DIRECTION ( 'NONE',  ( -1.000000000000000000, 0.000000000000000000, 0.000000000000000000 ) ) ;
#10390 = ORIENTED_EDGE ( 'NONE', *, *, #8523, .T. ) ;
#10391 = PRODUCT_CONTEXT ( 'NONE', #2713, 'mechanical' ) ;
#10392 = SURFACE_STYLE_USAGE ( .BOTH. , #8751 ) ;
#10393 = ORIENTED_EDGE ( 'NONE', *, *, #4977, .F. ) ;
#10394 = CARTESIAN_POINT ( 'NONE',  ( -2.427844933809971462, -2.554456236527851587, 1.040354425807745065 ) ) ;
#10395 = DIRECTION ( 'NONE',  ( -1.000000000000000000, 0.000000000000000000, 0.000000000000000000 ) ) ;
#10396 = COLOUR_RGB ( '',0.2862745098039215508, 0.2862745098039215508, 0.2862745098039215508 ) ;
#10397 = STYLED_ITEM ( 'NONE', ( #3000 ), #4280 ) ;
#10398 = ADVANCED_FACE ( 'NONE', ( #3558 ), #4453, .T. ) ;
#10399 =( NAMED_UNIT ( * ) SI_UNIT ( $, .STERADIAN. ) SOLID_ANGLE_UNIT ( ) );
#10400 = DIRECTION ( 'NONE',  ( -1.000000000000000000, 0.000000000000000000, 0.000000000000000000 ) ) ;
#10401 = ORIENTED_EDGE ( 'NONE', *, *, #1559, .T. ) ;
#10402 = VECTOR ( 'NONE', #7842, 1000.000000000000000 ) ;
#10403 = DIRECTION ( 'NONE',  ( -0.9840406976462904298, -1.084202172485505696E-14, -0.1779435454738443334 ) ) ;
#10404 = MECHANICAL_DESIGN_GEOMETRIC_PRESENTATION_REPRESENTATION (  '', ( #1022 ), #461 ) ;
#10405 = CARTESIAN_POINT ( 'NONE',  ( -2.381424832439820616, -0.6799999999999991607, 0.000000000000000000 ) ) ;
#10406 = ORIENTED_EDGE ( 'NONE', *, *, #2720, .T. ) ;
#10407 = PRESENTATION_LAYER_ASSIGNMENT (  '', '', ( #11007 ) ) ;
#10408 = ORIENTED_EDGE ( 'NONE', *, *, #4907, .T. ) ;
#10409 = EDGE_CURVE ( 'NONE', #9621, #11134, #3427, .T. ) ;
#10410 = CARTESIAN_POINT ( 'NONE',  ( 2.467808941026838010, 2.436089990849910514, 1.069132658676926972 ) ) ;
#10411 = DIRECTION ( 'NONE',  ( 0.000000000000000000, -0.000000000000000000, -1.000000000000000000 ) ) ;
#10412 = ADVANCED_FACE ( 'NONE', ( #5148 ), #545, .F. ) ;
#10413 = EDGE_CURVE ( 'NONE', #1160, #6794, #10601, .T. ) ;
#10414 = VERTEX_POINT ( 'NONE', #7057 ) ;
#10415 = CIRCLE ( 'NONE', #4665, 0.07999999999999975187 ) ;
#10416 = DIRECTION ( 'NONE',  ( 0.000000000000000000, 0.000000000000000000, 1.000000000000000000 ) ) ;
#10417 = CARTESIAN_POINT ( 'NONE',  ( -0.3549999999999999822, 1.070000000000000062, 0.2500000000000000000 ) ) ;
#10418 = FILL_AREA_STYLE_COLOUR ( '', #9841 ) ;
#10419 = ORIENTED_EDGE ( 'NONE', *, *, #8631, .T. ) ;
#10420 = SURFACE_STYLE_FILL_AREA ( #5792 ) ;
#10421 = VECTOR ( 'NONE', #1368, 1000.000000000000000 ) ;
#10422 = UNCERTAINTY_MEASURE_WITH_UNIT (LENGTH_MEASURE( 1.000000000000000082E-05 ), #867, 'distance_accuracy_value', 'NONE');
#10423 = DIRECTION ( 'NONE',  ( -0.000000000000000000, -1.000000000000000000, -0.000000000000000000 ) ) ;
#10424 = VERTEX_POINT ( 'NONE', #11423 ) ;
#10425 = FILL_AREA_STYLE_COLOUR ( '', #6511 ) ;
#10426 = FILL_AREA_STYLE ('',( #11301 ) ) ;
#10427 = DIRECTION ( 'NONE',  ( 0.000000000000000000, -1.000000000000000000, -0.000000000000000000 ) ) ;
#10428 = VECTOR ( 'NONE', #11045, 1000.000000000000000 ) ;
#10429 = EDGE_CURVE ( 'NONE', #3420, #9757, #3256, .T. ) ;
#10430 = EDGE_CURVE ( 'NONE', #930, #7920, #9642, .T. ) ;
#10431 = FILL_AREA_STYLE ('',( #10490 ) ) ;
#10432 = DIRECTION ( 'NONE',  ( -5.046468293750710023E-16, 1.000000000000000000, 0.000000000000000000 ) ) ;
#10433 = EDGE_LOOP ( 'NONE', ( #6131, #5190, #8166, #11645 ) ) ;
#10434 =( NAMED_UNIT ( * ) SI_UNIT ( $, .STERADIAN. ) SOLID_ANGLE_UNIT ( ) );
#10435 = DIRECTION ( 'NONE',  ( 1.000000000000000000, 0.000000000000000000, 0.000000000000000000 ) ) ;
#10436 = FILL_AREA_STYLE_COLOUR ( '', #2008 ) ;
#10437 = ORIENTED_EDGE ( 'NONE', *, *, #11871, .F. ) ;
#10438 = ORIENTED_EDGE ( 'NONE', *, *, #668, .F. ) ;
#10439 = FILL_AREA_STYLE ('',( #9710 ) ) ;
#10440 = DIRECTION ( 'NONE',  ( -0.000000000000000000, 1.000000000000000000, 0.000000000000000000 ) ) ;
#10441 = SURFACE_STYLE_USAGE ( .BOTH. , #1329 ) ;
#10442 = CARTESIAN_POINT ( 'NONE',  ( 0.000000000000000000, 5.551115123125779744E-16, 0.000000000000000000 ) ) ;
#10443 = ORIENTED_EDGE ( 'NONE', *, *, #4403, .T. ) ;
#10444 = EDGE_CURVE ( 'NONE', #6244, #10458, #8736, .T. ) ;
#10445 = DIRECTION ( 'NONE',  ( 1.000000000000000000, 0.000000000000000000, 0.000000000000000000 ) ) ;
#10446 = VECTOR ( 'NONE', #1453, 1000.000000000000000 ) ;
#10447 = LINE ( 'NONE', #5693, #6731 ) ;
#10448 = DIRECTION ( 'NONE',  ( 2.713878504639269916E-13, 1.000000000000000000, 0.000000000000000000 ) ) ;
#10449 = AXIS2_PLACEMENT_3D ( 'NONE', #7977, #7066, #2537 ) ;
#10450 = FILL_AREA_STYLE_COLOUR ( '', #8799 ) ;
#10451 = MECHANICAL_DESIGN_GEOMETRIC_PRESENTATION_REPRESENTATION (  '', ( #2417 ), #10851 ) ;
#10452 = VECTOR ( 'NONE', #6006, 1000.000000000000000 ) ;
#10453 = CARTESIAN_POINT ( 'NONE',  ( -0.3775000000000000022, -2.819999999999999840, 0.000000000000000000 ) ) ;
#10454 =( NAMED_UNIT ( * ) SI_UNIT ( $, .STERADIAN. ) SOLID_ANGLE_UNIT ( ) );
#10455 = LINE ( 'NONE', #8747, #8412 ) ;
#10456 = FILL_AREA_STYLE_COLOUR ( '', #7593 ) ;
#10457 = CARTESIAN_POINT ( 'NONE',  ( 2.433187122972952920, -0.6849999999999990541, 1.034235483637910624 ) ) ;
#10458 = VERTEX_POINT ( 'NONE', #11533 ) ;
#10459 = APPLICATION_PROTOCOL_DEFINITION ( 'draft international standard', 'automotive_design', 1998, #2334 ) ;
#10460 = VERTEX_POINT ( 'NONE', #3298 ) ;
#10461 = CARTESIAN_POINT ( 'NONE',  ( -2.341368932159830329, -2.506368932159829921, 1.092415939224510080 ) ) ;
#10462 = VECTOR ( 'NONE', #10633, 1000.000000000000000 ) ;
#10463 = CARTESIAN_POINT ( 'NONE',  ( -2.705000000000000071, -0.5799999999999989608, 0.000000000000000000 ) ) ;
#10464 = VECTOR ( 'NONE', #3579, 1000.000000000000000 ) ;
#10465 = VECTOR ( 'NONE', #4626, 1000.000000000000000 ) ;
#10466 =( NAMED_UNIT ( * ) SI_UNIT ( $, .STERADIAN. ) SOLID_ANGLE_UNIT ( ) );
#10467 = SURFACE_STYLE_USAGE ( .BOTH. , #4984 ) ;
#10468 = MECHANICAL_DESIGN_GEOMETRIC_PRESENTATION_REPRESENTATION (  '', ( #8133 ), #6797 ) ;
#10469 = CARTESIAN_POINT ( 'NONE',  ( 1.625000000000000222, 2.469999999999999751, 0.000000000000000000 ) ) ;
#10470 = ORIENTED_EDGE ( 'NONE', *, *, #90, .T. ) ;
#10471 = CIRCLE ( 'NONE', #6416, 0.07999999999999961309 ) ;
#10472 =( NAMED_UNIT ( * ) PLANE_ANGLE_UNIT ( ) SI_UNIT ( $, .RADIAN. ) );
#10473 = VECTOR ( 'NONE', #10381, 1000.000000000000000 ) ;
#10474 = ORIENTED_EDGE ( 'NONE', *, *, #8715, .T. ) ;
#10475 = PRESENTATION_STYLE_ASSIGNMENT (( #10705 ) ) ;
#10476 = ORIENTED_EDGE ( 'NONE', *, *, #247, .T. ) ;
#10477 = SURFACE_SIDE_STYLE ('',( #1364 ) ) ;
#10478 = STYLED_ITEM ( 'NONE', ( #2284 ), #9227 ) ;
#10479 = MECHANICAL_DESIGN_GEOMETRIC_PRESENTATION_REPRESENTATION (  '', ( #3589 ), #11278 ) ;
#10480 = SURFACE_STYLE_USAGE ( .BOTH. , #6784 ) ;
#10481 = DIRECTION ( 'NONE',  ( -1.000000000000000000, 0.000000000000000000, 0.000000000000000000 ) ) ;
#10482 = SURFACE_STYLE_FILL_AREA ( #3114 ) ;
#10483 = ORIENTED_EDGE ( 'NONE', *, *, #1034, .T. ) ;
#10484 = DIRECTION ( 'NONE',  ( 1.000000000000000000, 0.000000000000000000, 0.000000000000000000 ) ) ;
#10485 = DIRECTION ( 'NONE',  ( 1.000000000000000000, 0.000000000000000000, 0.000000000000000000 ) ) ;
#10486 = VERTEX_POINT ( 'NONE', #2527 ) ;
#10487 = VECTOR ( 'NONE', #4291, 1000.000000000000000 ) ;
#10488 = CIRCLE ( 'NONE', #5300, 0.03750000000000031780 ) ;
#10489 = DIRECTION ( 'NONE',  ( -0.000000000000000000, -1.000000000000000000, -0.000000000000000000 ) ) ;
#10490 = FILL_AREA_STYLE_COLOUR ( '', #1712 ) ;
#10491 = SURFACE_STYLE_USAGE ( .BOTH. , #5014 ) ;
#10492 = EDGE_LOOP ( 'NONE', ( #674, #2949, #948, #2389 ) ) ;
#10493 = MECHANICAL_DESIGN_GEOMETRIC_PRESENTATION_REPRESENTATION (  '', ( #9134 ), #150 ) ;
#10494 = CARTESIAN_POINT ( 'NONE',  ( 2.185000000000000497, 2.469999999999989981, 0.2500000000000000000 ) ) ;
#10495 = EDGE_CURVE ( 'NONE', #2906, #5393, #9707, .T. ) ;
#10496 = SURFACE_STYLE_FILL_AREA ( #3181 ) ;
#10497 = LINE ( 'NONE', #3182, #6958 ) ;
#10498 = ORIENTED_EDGE ( 'NONE', *, *, #7342, .T. ) ;
#10499 = EDGE_CURVE ( 'NONE', #414, #3860, #6935, .T. ) ;
#10500 = FILL_AREA_STYLE_COLOUR ( '', #8837 ) ;
#10501 = ORIENTED_EDGE ( 'NONE', *, *, #2933, .F. ) ;
#10502 = SURFACE_STYLE_USAGE ( .BOTH. , #7662 ) ;
#10503 = CARTESIAN_POINT ( 'NONE',  ( 2.374771484314849967, 2.559980999734317475, 1.090494766897658785 ) ) ;
#10504 = AXIS2_PLACEMENT_3D ( 'NONE', #1717, #6126, #703 ) ;
#10505 = EDGE_CURVE ( 'NONE', #5793, #1828, #9937, .T. ) ;
#10506 =( LENGTH_UNIT ( ) NAMED_UNIT ( * ) SI_UNIT ( .MILLI., .METRE. ) );
#10507 = DIRECTION ( 'NONE',  ( 0.000000000000000000, 1.000000000000000000, 0.000000000000000000 ) ) ;
#10508 = ORIENTED_EDGE ( 'NONE', *, *, #9619, .F. ) ;
#10509 =( NAMED_UNIT ( * ) PLANE_ANGLE_UNIT ( ) SI_UNIT ( $, .RADIAN. ) );
#10510 = COLOUR_RGB ( '',0.2862745098039215508, 0.2862745098039215508, 0.2862745098039215508 ) ;
#10511 = SURFACE_STYLE_USAGE ( .BOTH. , #6821 ) ;
#10512 = COLOUR_RGB ( '',0.2862745098039215508, 0.2862745098039215508, 0.2862745098039215508 ) ;
#10513 = MECHANICAL_DESIGN_GEOMETRIC_PRESENTATION_REPRESENTATION (  '', ( #5134 ), #10120 ) ;
#10514 = CARTESIAN_POINT ( 'NONE',  ( -2.433187122972951144, -2.519463867161248594, 1.034235483637910180 ) ) ;
#10515 =( GEOMETRIC_REPRESENTATION_CONTEXT ( 3 ) GLOBAL_UNCERTAINTY_ASSIGNED_CONTEXT ( ( #11408 ) ) GLOBAL_UNIT_ASSIGNED_CONTEXT ( ( #3387, #6105, #733 ) ) REPRESENTATION_CONTEXT ( 'NONE', 'WORKASPACE' ) );
#10516 = LINE ( 'NONE', #8628, #10950 ) ;
#10517 = COLOUR_RGB ( '',0.2862745098039215508, 0.2862745098039215508, 0.2862745098039215508 ) ;
#10518 = EDGE_CURVE ( 'NONE', #4549, #2312, #2642, .T. ) ;
#10519 = STYLED_ITEM ( 'NONE', ( #3460 ), #139 ) ;
#10520 = UNCERTAINTY_MEASURE_WITH_UNIT (LENGTH_MEASURE( 1.000000000000000082E-05 ), #8493, 'distance_accuracy_value', 'NONE');
#10521 = CARTESIAN_POINT ( 'NONE',  ( -1.647500000000000187, -2.620000000000000107, 0.000000000000000000 ) ) ;
#10522 = PLANE ( 'NONE',  #7560 ) ;
#10523 = PRESENTATION_STYLE_ASSIGNMENT (( #7798 ) ) ;
#10524 =( NAMED_UNIT ( * ) PLANE_ANGLE_UNIT ( ) SI_UNIT ( $, .RADIAN. ) );
#10525 = ORIENTED_EDGE ( 'NONE', *, *, #7790, .F. ) ;
#10526 = ITEM_DEFINED_TRANSFORMATION ( 'NONE', 'NONE', #1468,  #5287 ) ;
#10527 = STYLED_ITEM ( 'NONE', ( #7061 ), #6135 ) ;
#10528 = LINE ( 'NONE', #2313, #9727 ) ;
#10529 = FILL_AREA_STYLE_COLOUR ( '', #6549 ) ;
#10530 = CARTESIAN_POINT ( 'NONE',  ( -2.366039280427571168, -2.436089990849910070, 1.142992413286235909 ) ) ;
#10531 =( GEOMETRIC_REPRESENTATION_CONTEXT ( 3 ) GLOBAL_UNCERTAINTY_ASSIGNED_CONTEXT ( ( #3217 ) ) GLOBAL_UNIT_ASSIGNED_CONTEXT ( ( #813, #9061, #8003 ) ) REPRESENTATION_CONTEXT ( 'NONE', 'WORKASPACE' ) );
#10532 = LINE ( 'NONE', #10643, #6672 ) ;
#10533 = LINE ( 'NONE', #6904, #3571 ) ;
#10534 = CARTESIAN_POINT ( 'NONE',  ( -2.185000000000000053, 0.02000000000000052430, 0.000000000000000000 ) ) ;
#10535 = ORIENTED_EDGE ( 'NONE', *, *, #600, .T. ) ;
#10536 = AXIS2_PLACEMENT_3D ( 'NONE', #10032, #7093, #10287 ) ;
#10537 = CARTESIAN_POINT ( 'NONE',  ( -1.647500000000000187, 2.469999999999999751, 0.000000000000000000 ) ) ;
#10538 = ORIENTED_EDGE ( 'NONE', *, *, #761, .F. ) ;
#10539 =( NAMED_UNIT ( * ) SI_UNIT ( $, .STERADIAN. ) SOLID_ANGLE_UNIT ( ) );
#10540 = STYLED_ITEM ( 'NONE', ( #2004 ), #11029 ) ;
#10541 = ORIENTED_EDGE ( 'NONE', *, *, #2129, .T. ) ;
#10542 = FACE_OUTER_BOUND ( 'NONE', #1900, .T. ) ;
#10543 = ORIENTED_EDGE ( 'NONE', *, *, #7206, .F. ) ;
#10544 = VERTEX_POINT ( 'NONE', #3721 ) ;
#10545 = SURFACE_STYLE_USAGE ( .BOTH. , #11646 ) ;
#10546 = UNCERTAINTY_MEASURE_WITH_UNIT (LENGTH_MEASURE( 1.000000000000000082E-05 ), #10161, 'distance_accuracy_value', 'NONE');
#10547 = PLANE ( 'NONE',  #11573 ) ;
#10548 = ORIENTED_EDGE ( 'NONE', *, *, #3463, .T. ) ;
#10549 = STYLED_ITEM ( 'NONE', ( #5335 ), #11199 ) ;
#10550 =( NAMED_UNIT ( * ) SI_UNIT ( $, .STERADIAN. ) SOLID_ANGLE_UNIT ( ) );
#10551 = EDGE_LOOP ( 'NONE', ( #7572, #1185, #4581, #2778 ) ) ;
#10552 = PLANE ( 'NONE',  #4333 ) ;
#10553 = VECTOR ( 'NONE', #2698, 1000.000000000000000 ) ;
#10554 = UNCERTAINTY_MEASURE_WITH_UNIT (LENGTH_MEASURE( 1.000000000000000082E-05 ), #5721, 'distance_accuracy_value', 'NONE');
#10555 =( NAMED_UNIT ( * ) PLANE_ANGLE_UNIT ( ) SI_UNIT ( $, .RADIAN. ) );
#10556 = LINE ( 'NONE', #307, #9647 ) ;
#10557 = ORIENTED_EDGE ( 'NONE', *, *, #9701, .F. ) ;
#10558 = STYLED_ITEM ( 'NONE', ( #2630 ), #11482 ) ;
#10559 =( NAMED_UNIT ( * ) PLANE_ANGLE_UNIT ( ) SI_UNIT ( $, .RADIAN. ) );
#10560 = VERTEX_POINT ( 'NONE', #9204 ) ;
#10561 =( NAMED_UNIT ( * ) SI_UNIT ( $, .STERADIAN. ) SOLID_ANGLE_UNIT ( ) );
#10562 = LINE ( 'NONE', #11600, #11089 ) ;
#10563 = SURFACE_STYLE_FILL_AREA ( #4332 ) ;
#10564 = SURFACE_STYLE_FILL_AREA ( #8741 ) ;
#10565 = CYLINDRICAL_SURFACE ( 'NONE', #4019, 0.03750000000000031780 ) ;
#10566 = ADVANCED_FACE ( 'NONE', ( #9022 ), #1731, .F. ) ;
#10567 = FILL_AREA_STYLE ('',( #6943 ) ) ;
#10568 =( NAMED_UNIT ( * ) PLANE_ANGLE_UNIT ( ) SI_UNIT ( $, .RADIAN. ) );
#10569 = ADVANCED_FACE ( 'NONE', ( #9086 ), #6206, .F. ) ;
#10570 = EDGE_CURVE ( 'NONE', #3847, #2615, #11856, .T. ) ;
#10571 = PLANE ( 'NONE',  #9249 ) ;
#10572 = CARTESIAN_POINT ( 'NONE',  ( -2.185000000000000497, -0.07999999999999900246, 0.000000000000000000 ) ) ;
#10573 = CYLINDRICAL_SURFACE ( 'NONE', #1261, 0.03749999999999976963 ) ;
#10574 = LINE ( 'NONE', #4914, #1365 ) ;
#10575 = ORIENTED_EDGE ( 'NONE', *, *, #7845, .F. ) ;
#10576 =( LENGTH_UNIT ( ) NAMED_UNIT ( * ) SI_UNIT ( .MILLI., .METRE. ) );
#10577 = CARTESIAN_POINT ( 'NONE',  ( -0.8924999999999999600, -3.220000000000000195, 0.000000000000000000 ) ) ;
#10578 = SURFACE_SIDE_STYLE ('',( #4982 ) ) ;
#10579 = EDGE_CURVE ( 'NONE', #7903, #1663, #10932, .T. ) ;
#10580 = LINE ( 'NONE', #10756, #8572 ) ;
#10581 = ADVANCED_FACE ( 'NONE', ( #6562 ), #6625, .F. ) ;
#10582 = PRESENTATION_LAYER_ASSIGNMENT (  '', '', ( #11557 ) ) ;
#10583 = ADVANCED_FACE ( 'NONE', ( #8541 ), #2932, .T. ) ;
#10584 = DIRECTION ( 'NONE',  ( 1.000000000000000000, 0.000000000000000000, -0.000000000000000000 ) ) ;
#10585 = COLOUR_RGB ( '',0.8313725490196077761, 0.8313725490196077761, 0.8313725490196077761 ) ;
#10586 = LINE ( 'NONE', #1290, #6800 ) ;
#10587 = ORIENTED_EDGE ( 'NONE', *, *, #7342, .F. ) ;
#10588 = CARTESIAN_POINT ( 'NONE',  ( 0.4149999999999999800, 2.739999999999999769, 0.000000000000000000 ) ) ;
#10589 = FILL_AREA_STYLE_COLOUR ( '', #10683 ) ;
#10590 = SURFACE_STYLE_USAGE ( .BOTH. , #10650 ) ;
#10591 = ORIENTED_EDGE ( 'NONE', *, *, #7219, .F. ) ;
#10592 = DIRECTION ( 'NONE',  ( 0.000000000000000000, -0.000000000000000000, 1.000000000000000000 ) ) ;
#10593 = AXIS2_PLACEMENT_3D ( 'NONE', #10897, #7210, #7266 ) ;
#10594 = ORIENTED_EDGE ( 'NONE', *, *, #7623, .F. ) ;
#10595 = CIRCLE ( 'NONE', #9225, 0.03749999999999988065 ) ;
#10596 = EDGE_CURVE ( 'NONE', #1259, #2198, #6741, .T. ) ;
#10597 = CARTESIAN_POINT ( 'NONE',  ( 2.430047276449380789, -2.516918006223031412, 1.081631277483483311 ) ) ;
#10598 = DIRECTION ( 'NONE',  ( -2.312964634635739999E-16, 1.000000000000000000, 0.000000000000000000 ) ) ;
#10599 = CARTESIAN_POINT ( 'NONE',  ( 1.625000000000000222, 2.419999999999999929, 0.000000000000000000 ) ) ;
#10600 = SURFACE_SIDE_STYLE ('',( #584 ) ) ;
#10601 = CIRCLE ( 'NONE', #7706, 0.03749999999999999167 ) ;
#10602 = CIRCLE ( 'NONE', #4296, 0.03749999999999999167 ) ;
#10603 = ORIENTED_EDGE ( 'NONE', *, *, #10838, .F. ) ;
#10604 = COLOUR_RGB ( '',0.2862745098039215508, 0.2862745098039215508, 0.2862745098039215508 ) ;
#10605 = SURFACE_STYLE_FILL_AREA ( #9578 ) ;
#10606 =( NAMED_UNIT ( * ) SI_UNIT ( $, .STERADIAN. ) SOLID_ANGLE_UNIT ( ) );
#10607 = EDGE_LOOP ( 'NONE', ( #9323, #5910, #6093, #6520 ) ) ;
#10608 = SURFACE_STYLE_USAGE ( .BOTH. , #2336 ) ;
#10609 = DIRECTION ( 'NONE',  ( -0.000000000000000000, 0.000000000000000000, 1.000000000000000000 ) ) ;
#10610 = EDGE_CURVE ( 'NONE', #206, #8006, #6688, .T. ) ;
#10611 =( LENGTH_UNIT ( ) NAMED_UNIT ( * ) SI_UNIT ( .MILLI., .METRE. ) );
#10612 = CARTESIAN_POINT ( 'NONE',  ( -1.905000000000000027, -2.092049114840340174, 0.000000000000000000 ) ) ;
#10613 = VECTOR ( 'NONE', #1174, 1000.000000000000000 ) ;
#10614 = VERTEX_POINT ( 'NONE', #9265 ) ;
#10615 = LINE ( 'NONE', #2525, #6001 ) ;
#10616 = PLANE ( 'NONE',  #4128 ) ;
#10617 = ORIENTED_EDGE ( 'NONE', *, *, #391, .T. ) ;
#10618 = CARTESIAN_POINT ( 'NONE',  ( 2.149999999999999911, 0.02000000000000060063, 0.000000000000000000 ) ) ;
#10619 = VERTEX_POINT ( 'NONE', #230 ) ;
#10620 = CARTESIAN_POINT ( 'NONE',  ( -0.9150000000000000355, 2.419999999999999929, 0.000000000000000000 ) ) ;
#10621 = COLOUR_RGB ( '',0.2862745098039215508, 0.2862745098039215508, 0.2862745098039215508 ) ;
#10622 = PRESENTATION_STYLE_ASSIGNMENT (( #10441 ) ) ;
#10623 = SURFACE_STYLE_FILL_AREA ( #7721 ) ;
#10624 = DIRECTION ( 'NONE',  ( 0.000000000000000000, 0.000000000000000000, 1.000000000000000000 ) ) ;
#10625 = EDGE_CURVE ( 'NONE', #11311, #930, #8567, .T. ) ;
#10626 = DIRECTION ( 'NONE',  ( 1.000000000000000000, 0.000000000000000000, 0.000000000000000000 ) ) ;
#10627 = PRESENTATION_LAYER_ASSIGNMENT (  '', '', ( #9650 ) ) ;
#10628 = STYLED_ITEM ( 'NONE', ( #2028 ), #3347 ) ;
#10629 = DIRECTION ( 'NONE',  ( 0.000000000000000000, 1.000000000000000000, 0.000000000000000000 ) ) ;
#10630 = MECHANICAL_DESIGN_GEOMETRIC_PRESENTATION_REPRESENTATION (  '', ( #11416 ), #9458 ) ;
#10631 = UNCERTAINTY_MEASURE_WITH_UNIT (LENGTH_MEASURE( 1.000000000000000082E-05 ), #6739, 'distance_accuracy_value', 'NONE');
#10632 = PLANE ( 'NONE',  #9670 ) ;
#10633 = DIRECTION ( 'NONE',  ( 0.000000000000000000, 0.000000000000000000, -1.000000000000000000 ) ) ;
#10634 = VECTOR ( 'NONE', #9244, 1000.000000000000000 ) ;
#10635 = SURFACE_STYLE_USAGE ( .BOTH. , #6949 ) ;
#10636 = VERTEX_POINT ( 'NONE', #11228 ) ;
#10637 = CARTESIAN_POINT ( 'NONE',  ( 0.000000000000000000, 0.000000000000000000, 0.000000000000000000 ) ) ;
#10638 = CARTESIAN_POINT ( 'NONE',  ( -2.354463867161250334, 2.519463867161249482, 1.020000000000000018 ) ) ;
#10639 = EDGE_CURVE ( 'NONE', #9470, #7041, #7649, .T. ) ;
#10640 = CARTESIAN_POINT ( 'NONE',  ( 1.685000000000000275, -2.782500000000000195, 0.000000000000000000 ) ) ;
#10641 = DIRECTION ( 'NONE',  ( 0.000000000000000000, 0.000000000000000000, -1.000000000000000000 ) ) ;
#10642 = COLOUR_RGB ( '',0.8313725490196077761, 0.8313725490196077761, 0.8313725490196077761 ) ;
#10643 = CARTESIAN_POINT ( 'NONE',  ( 2.125000000000000000, 2.507499999999999840, 0.000000000000000000 ) ) ;
#10644 = DIRECTION ( 'NONE',  ( 0.000000000000000000, 0.000000000000000000, 1.000000000000000000 ) ) ;
#10645 = EDGE_CURVE ( 'NONE', #9968, #5176, #9445, .T. ) ;
#10646 = ORIENTED_EDGE ( 'NONE', *, *, #11331, .F. ) ;
#10647 = SURFACE_SIDE_STYLE ('',( #6845 ) ) ;
#10648 = ADVANCED_FACE ( 'NONE', ( #646 ), #9690, .T. ) ;
#10649 = LINE ( 'NONE', #8650, #4163 ) ;
#10650 = SURFACE_SIDE_STYLE ('',( #11754 ) ) ;
#10651 = ORIENTED_EDGE ( 'NONE', *, *, #2149, .F. ) ;
#10652 = DIRECTION ( 'NONE',  ( -0.000000000000000000, -0.000000000000000000, -1.000000000000000000 ) ) ;
#10653 = MECHANICAL_DESIGN_GEOMETRIC_PRESENTATION_REPRESENTATION (  '', ( #11058 ), #11447 ) ;
#10654 = ORIENTED_EDGE ( 'NONE', *, *, #1258, .T. ) ;
#10655 = PLANE ( 'NONE',  #7448 ) ;
#10656 = PLANE ( 'NONE',  #9258 ) ;
#10657 = VECTOR ( 'NONE', #10347, 1000.000000000000000 ) ;
#10658 = ORIENTED_EDGE ( 'NONE', *, *, #10035, .F. ) ;
#10659 = VECTOR ( 'NONE', #5949, 1000.000000000000000 ) ;
#10660 = PRESENTATION_STYLE_ASSIGNMENT (( #4192 ) ) ;
#10661 = CARTESIAN_POINT ( 'NONE',  ( -2.125000000000000000, -2.319999999999999840, 0.2500000000000000000 ) ) ;
#10662 = ORIENTED_EDGE ( 'NONE', *, *, #3767, .F. ) ;
#10663 =( NAMED_UNIT ( * ) SI_UNIT ( $, .STERADIAN. ) SOLID_ANGLE_UNIT ( ) );
#10664 = ADVANCED_FACE ( 'NONE', ( #5129 ), #7950, .F. ) ;
#10665 = UNCERTAINTY_MEASURE_WITH_UNIT (LENGTH_MEASURE( 1.000000000000000082E-05 ), #10388, 'distance_accuracy_value', 'NONE');
#10666 = CARTESIAN_POINT ( 'NONE',  ( -2.185000000000000053, -1.080000000000000071, 0.000000000000000000 ) ) ;
#10667 = VERTEX_POINT ( 'NONE', #1309 ) ;
#10668 = COLOUR_RGB ( '',0.2862745098039215508, 0.2862745098039215508, 0.2862745098039215508 ) ;
#10669 = DIRECTION ( 'NONE',  ( 0.000000000000000000, 0.000000000000000000, -1.000000000000000000 ) ) ;
#10670 = CARTESIAN_POINT ( 'NONE',  ( -2.125000000000000000, 2.782500000000000195, 0.000000000000000000 ) ) ;
#10671 = EDGE_LOOP ( 'NONE', ( #6913, #8465, #9102, #1296 ) ) ;
#10672 = PRODUCT_DEFINITION_FORMATION_WITH_SPECIFIED_SOURCE ( 'ANY', '', #8380, .NOT_KNOWN. ) ;
#10673 = LINE ( 'NONE', #7899, #11412 ) ;
#10674 = VERTEX_POINT ( 'NONE', #4145 ) ;
#10675 = DIRECTION ( 'NONE',  ( 9.001808307771530402E-16, 1.000000000000000000, 0.000000000000000000 ) ) ;
#10676 = VERTEX_POINT ( 'NONE', #3236 ) ;
#10677 = LINE ( 'NONE', #8977, #3793 ) ;
#10678 = VECTOR ( 'NONE', #8714, 1000.000000000000000 ) ;
#10679 = CARTESIAN_POINT ( 'NONE',  ( 2.125000000000000000, -2.770000000000000018, 0.2500000000000000000 ) ) ;
#10680 =( GEOMETRIC_REPRESENTATION_CONTEXT ( 3 ) GLOBAL_UNCERTAINTY_ASSIGNED_CONTEXT ( ( #94 ) ) GLOBAL_UNIT_ASSIGNED_CONTEXT ( ( #8959, #8892, #10561 ) ) REPRESENTATION_CONTEXT ( 'NONE', 'WORKASPACE' ) );
#10681 = PRESENTATION_STYLE_ASSIGNMENT (( #11869 ) ) ;
#10682 = FILL_AREA_STYLE ('',( #8861 ) ) ;
#10683 = COLOUR_RGB ( '',0.8313725490196077761, 0.8313725490196077761, 0.8313725490196077761 ) ;
#10684 = SURFACE_STYLE_FILL_AREA ( #1803 ) ;
#10685 = VECTOR ( 'NONE', #2705, 1000.000000000000000 ) ;
#10686 = DIRECTION ( 'NONE',  ( -6.167905692361980167E-15, 1.000000000000000000, 0.000000000000000000 ) ) ;
#10687 = ORIENTED_EDGE ( 'NONE', *, *, #6677, .F. ) ;
#10688 = PRESENTATION_STYLE_ASSIGNMENT (( #5278 ) ) ;
#10689 = FACE_OUTER_BOUND ( 'NONE', #9821, .T. ) ;
#10690 = MECHANICAL_DESIGN_GEOMETRIC_PRESENTATION_REPRESENTATION (  '', ( #3042 ), #1315 ) ;
#10691 = CARTESIAN_POINT ( 'NONE',  ( -2.185000000000000497, 0.02000000000000060063, 0.2500000000000000000 ) ) ;
#10692 = MECHANICAL_DESIGN_GEOMETRIC_PRESENTATION_REPRESENTATION (  '', ( #11305 ), #5695 ) ;
#10693 = AXIS2_PLACEMENT_3D ( 'NONE', #11745, #7133, #9660 ) ;
#10694 = PRESENTATION_STYLE_ASSIGNMENT (( #3392 ) ) ;
#10695 = EDGE_CURVE ( 'NONE', #3343, #5393, #2349, .T. ) ;
#10696 = VECTOR ( 'NONE', #5710, 1000.000000000000000 ) ;
#10697 =( NAMED_UNIT ( * ) SI_UNIT ( $, .STERADIAN. ) SOLID_ANGLE_UNIT ( ) );
#10698 = PLANE ( 'NONE',  #2790 ) ;
#10699 = STYLED_ITEM ( 'NONE', ( #11368 ), #6097 ) ;
#10700 = ORIENTED_EDGE ( 'NONE', *, *, #7610, .F. ) ;
#10701 = CARTESIAN_POINT ( 'NONE',  ( 2.149999999999999911, 2.419999999999999929, 0.2500000000000000000 ) ) ;
#10702 =( NAMED_UNIT ( * ) SI_UNIT ( $, .STERADIAN. ) SOLID_ANGLE_UNIT ( ) );
#10703 = CARTESIAN_POINT ( 'NONE',  ( -2.162500000000000089, -3.220000000000000195, 0.000000000000000000 ) ) ;
#10704 = VERTEX_POINT ( 'NONE', #11519 ) ;
#10705 = SURFACE_STYLE_USAGE ( .BOTH. , #8822 ) ;
#10706 = VECTOR ( 'NONE', #10767, 999.9999999999998863 ) ;
#10707 = EDGE_LOOP ( 'NONE', ( #4303, #10222, #24, #8081 ) ) ;
#10708 = PLANE ( 'NONE',  #11190 ) ;
#10709 = EDGE_CURVE ( 'NONE', #10377, #817, #5909, .T. ) ;
#10710 = PRESENTATION_STYLE_ASSIGNMENT (( #756 ) ) ;
#10711 = ADVANCED_FACE ( 'NONE', ( #7826 ), #3287, .T. ) ;
#10712 = ORIENTED_EDGE ( 'NONE', *, *, #6558, .F. ) ;
#10713 = CARTESIAN_POINT ( 'NONE',  ( 0.8549999999999998712, -2.739999999999999325, 0.2499999999999998890 ) ) ;
#10714 = FACE_OUTER_BOUND ( 'NONE', #5823, .T. ) ;
#10715 = EDGE_CURVE ( 'NONE', #4519, #6086, #9800, .T. ) ;
#10716 = EDGE_CURVE ( 'NONE', #8292, #6493, #7223, .T. ) ;
#10717 = DIRECTION ( 'NONE',  ( -0.000000000000000000, -0.000000000000000000, 1.000000000000000000 ) ) ;
#10718 = ORIENTED_EDGE ( 'NONE', *, *, #11779, .F. ) ;
#10719 =( NAMED_UNIT ( * ) PLANE_ANGLE_UNIT ( ) SI_UNIT ( $, .RADIAN. ) );
#10720 = DIRECTION ( 'NONE',  ( 1.000000000000000000, -0.000000000000000000, 0.000000000000000000 ) ) ;
#10721 = ORIENTED_EDGE ( 'NONE', *, *, #5273, .F. ) ;
#10722 = DIRECTION ( 'NONE',  ( -1.000000000000000000, 0.000000000000000000, 0.000000000000000000 ) ) ;
#10723 = ORIENTED_EDGE ( 'NONE', *, *, #11107, .T. ) ;
#10724 = LINE ( 'NONE', #6925, #11104 ) ;
#10725 = DIRECTION ( 'NONE',  ( 0.000000000000000000, -1.000000000000000000, -0.000000000000000000 ) ) ;
#10726 = EDGE_CURVE ( 'NONE', #9644, #1922, #10852, .T. ) ;
#10727 =( LENGTH_UNIT ( ) NAMED_UNIT ( * ) SI_UNIT ( .MILLI., .METRE. ) );
#10728 = EDGE_CURVE ( 'NONE', #10298, #8006, #9982, .T. ) ;
#10729 = ORIENTED_EDGE ( 'NONE', *, *, #4221, .F. ) ;
#10730 = DIRECTION ( 'NONE',  ( 0.000000000000000000, 0.000000000000000000, 1.000000000000000000 ) ) ;
#10731 = EDGE_CURVE ( 'NONE', #2675, #4357, #818, .T. ) ;
#10732 =( LENGTH_UNIT ( ) NAMED_UNIT ( * ) SI_UNIT ( .MILLI., .METRE. ) );
#10733 = EDGE_LOOP ( 'NONE', ( #4374, #351, #11913, #4779 ) ) ;
#10734 = CARTESIAN_POINT ( 'NONE',  ( -0.3774999999999997802, 2.770000000000000018, 0.000000000000000000 ) ) ;
#10735 = LINE ( 'NONE', #660, #5414 ) ;
#10736 = ORIENTED_EDGE ( 'NONE', *, *, #8330, .T. ) ;
#10737 = CARTESIAN_POINT ( 'NONE',  ( -2.705000000000000071, -0.5799999999999989608, 0.000000000000000000 ) ) ;
#10738 = FILL_AREA_STYLE ('',( #6094 ) ) ;
#10739 = FACE_OUTER_BOUND ( 'NONE', #6873, .T. ) ;
#10740 = DIRECTION ( 'NONE',  ( -1.000000000000000000, -0.000000000000000000, 0.000000000000000000 ) ) ;
#10741 = LINE ( 'NONE', #7185, #4392 ) ;
#10742 =( NAMED_UNIT ( * ) PLANE_ANGLE_UNIT ( ) SI_UNIT ( $, .RADIAN. ) );
#10743 = ADVANCED_FACE ( 'NONE', ( #5425 ), #881, .T. ) ;
#10744 = STYLED_ITEM ( 'NONE', ( #10176 ), #617 ) ;
#10745 = DIRECTION ( 'NONE',  ( -1.000000000000000000, 0.000000000000000000, 0.000000000000000000 ) ) ;
#10746 = PRESENTATION_LAYER_ASSIGNMENT (  '', '', ( #10549 ) ) ;
#10747 = LINE ( 'NONE', #5388, #7915 ) ;
#10748 = UNCERTAINTY_MEASURE_WITH_UNIT (LENGTH_MEASURE( 1.000000000000000082E-05 ), #2427, 'distance_accuracy_value', 'NONE');
#10749 = FILL_AREA_STYLE ('',( #1568 ) ) ;
#10750 =( NAMED_UNIT ( * ) PLANE_ANGLE_UNIT ( ) SI_UNIT ( $, .RADIAN. ) );
#10751 = ORIENTED_EDGE ( 'NONE', *, *, #10716, .T. ) ;
#10752 = SURFACE_SIDE_STYLE ('',( #2661 ) ) ;
#10753 = COLOUR_RGB ( '',0.2862745098039215508, 0.2862745098039215508, 0.2862745098039215508 ) ;
#10754 = SURFACE_STYLE_USAGE ( .BOTH. , #8986 ) ;
#10755 =( LENGTH_UNIT ( ) NAMED_UNIT ( * ) SI_UNIT ( .MILLI., .METRE. ) );
#10756 = CARTESIAN_POINT ( 'NONE',  ( -0.8549999999999999822, 1.070000000000000062, 0.2500000000000000000 ) ) ;
#10757 = PLANE ( 'NONE',  #5724 ) ;
#10758 = DIRECTION ( 'NONE',  ( 0.000000000000000000, -0.000000000000000000, -1.000000000000000000 ) ) ;
#10759 = CARTESIAN_POINT ( 'NONE',  ( 0.3775000000000000022, 2.507499999999999840, 0.000000000000000000 ) ) ;
#10760 = UNCERTAINTY_MEASURE_WITH_UNIT (LENGTH_MEASURE( 1.000000000000000082E-05 ), #9123, 'distance_accuracy_value', 'NONE');
#10761 =( NAMED_UNIT ( * ) SI_UNIT ( $, .STERADIAN. ) SOLID_ANGLE_UNIT ( ) );
#10762 =( LENGTH_UNIT ( ) NAMED_UNIT ( * ) SI_UNIT ( .MILLI., .METRE. ) );
#10763 = ORIENTED_EDGE ( 'NONE', *, *, #8942, .T. ) ;
#10764 = CARTESIAN_POINT ( 'NONE',  ( -2.354463867161249890, 2.519463867161249926, 1.020000000000003348 ) ) ;
#10765 = PRESENTATION_LAYER_ASSIGNMENT (  '', '', ( #5765 ) ) ;
#10766 = DIRECTION ( 'NONE',  ( 1.000000000000000000, -0.000000000000000000, 0.000000000000000000 ) ) ;
#10767 = DIRECTION ( 'NONE',  ( 0.7071067811865435759, 0.7071067811865515695, 0.000000000000000000 ) ) ;
#10768 = ORIENTED_EDGE ( 'NONE', *, *, #8486, .T. ) ;
#10769 = FACE_OUTER_BOUND ( 'NONE', #6450, .T. ) ;
#10770 = VERTEX_POINT ( 'NONE', #7281 ) ;
#10771 = SURFACE_SIDE_STYLE ('',( #3633 ) ) ;
#10772 = DIRECTION ( 'NONE',  ( -0.000000000000000000, -1.000000000000000000, -0.000000000000000000 ) ) ;
#10773 = VECTOR ( 'NONE', #6367, 1000.000000000000114 ) ;
#10774 = FACE_OUTER_BOUND ( 'NONE', #11340, .T. ) ;
#10775 = STYLED_ITEM ( 'NONE', ( #4230 ), #3620 ) ;
#10776 = SURFACE_STYLE_USAGE ( .BOTH. , #8117 ) ;
#10777 = SURFACE_SIDE_STYLE ('',( #10913 ) ) ;
#10778 = DIRECTION ( 'NONE',  ( 0.000000000000000000, 0.000000000000000000, -1.000000000000000000 ) ) ;
#10779 = ORIENTED_EDGE ( 'NONE', *, *, #4560, .T. ) ;
#10780 = CARTESIAN_POINT ( 'NONE',  ( 1.625000000000000222, 2.470000000000000195, 0.000000000000000000 ) ) ;
#10781 = AXIS2_PLACEMENT_3D ( 'NONE', #4247, #3155, #2192 ) ;
#10782 = UNCERTAINTY_MEASURE_WITH_UNIT (LENGTH_MEASURE( 1.000000000000000082E-05 ), #788, 'distance_accuracy_value', 'NONE');
#10783 = PRESENTATION_STYLE_ASSIGNMENT (( #6191 ) ) ;
#10784 = CARTESIAN_POINT ( 'NONE',  ( -0.8924999999999999600, -2.770000000000000018, 0.2500000000000000000 ) ) ;
#10785 = ORIENTED_EDGE ( 'NONE', *, *, #3906, .T. ) ;
#10786 = LINE ( 'NONE', #3473, #2708 ) ;
#10787 = EDGE_CURVE ( 'NONE', #2241, #9024, #10973, .T. ) ;
#10788 = VECTOR ( 'NONE', #7423, 1000.000000000000000 ) ;
#10789 = EDGE_LOOP ( 'NONE', ( #836, #1020, #7844, #4211 ) ) ;
#10790 = DIRECTION ( 'NONE',  ( 1.000000000000000000, 0.000000000000000000, 0.000000000000000000 ) ) ;
#10791 = EDGE_CURVE ( 'NONE', #4746, #7145, #10038, .T. ) ;
#10792 = ADVANCED_FACE ( 'NONE', ( #25 ), #4805, .F. ) ;
#10793 = LINE ( 'NONE', #11847, #6175 ) ;
#10794 = STYLED_ITEM ( 'NONE', ( #11117 ), #10583 ) ;
#10795 = VECTOR ( 'NONE', #10489, 1000.000000000000000 ) ;
#10796 = ORIENTED_EDGE ( 'NONE', *, *, #3678, .F. ) ;
#10797 = STYLED_ITEM ( 'NONE', ( #413 ), #4343 ) ;
#10798 =( NAMED_UNIT ( * ) PLANE_ANGLE_UNIT ( ) SI_UNIT ( $, .RADIAN. ) );
#10799 = CARTESIAN_POINT ( 'NONE',  ( 2.185000000000000497, 0.02000000000000060757, 0.000000000000000000 ) ) ;
#10800 = FILL_AREA_STYLE ('',( #2580 ) ) ;
#10801 = FILL_AREA_STYLE ('',( #11853 ) ) ;
#10802 = EDGE_LOOP ( 'NONE', ( #8141, #9200, #4184, #1461 ) ) ;
#10803 = SURFACE_STYLE_FILL_AREA ( #11914 ) ;
#10804 = LINE ( 'NONE', #7058, #11385 ) ;
#10805 = ORIENTED_EDGE ( 'NONE', *, *, #5503, .T. ) ;
#10806 = EDGE_CURVE ( 'NONE', #3279, #7641, #216, .T. ) ;
#10807 = ADVANCED_FACE ( 'NONE', ( #6428 ), #8347, .F. ) ;
#10808 = AXIS2_PLACEMENT_3D ( 'NONE', #1675, #7177, #5381 ) ;
#10809 = CARTESIAN_POINT ( 'NONE',  ( -2.381424832439820172, -0.6799999999999990496, 0.000000000000000000 ) ) ;
#10810 = CARTESIAN_POINT ( 'NONE',  ( -0.3775000000000000022, 2.507499999999999840, 0.000000000000000000 ) ) ;
#10811 = CARTESIAN_POINT ( 'NONE',  ( 2.495000000000000107, 2.739999999999999325, 0.2499999999999937828 ) ) ;
#10812 = COLOUR_RGB ( '',0.8313725490196077761, 0.8313725490196077761, 0.8313725490196077761 ) ;
#10813 = STYLED_ITEM ( 'NONE', ( #4424 ), #4361 ) ;
#10814 = LINE ( 'NONE', #8856, #9348 ) ;
#10815 = FILL_AREA_STYLE_COLOUR ( '', #3134 ) ;
#10816 = CARTESIAN_POINT ( 'NONE',  ( -1.647500000000000187, 2.469999999999995755, 0.000000000000000000 ) ) ;
#10817 = CARTESIAN_POINT ( 'NONE',  ( -2.427844933809974126, -2.554456236527851143, 1.040354425807744398 ) ) ;
#10818 = AXIS2_PLACEMENT_3D ( 'NONE', #969, #3978, #1442 ) ;
#10819 = DIRECTION ( 'NONE',  ( 0.000000000000000000, 0.000000000000000000, 1.000000000000000000 ) ) ;
#10820 = CARTESIAN_POINT ( 'NONE',  ( -0.4149999999999999800, -2.782500000000000195, 0.000000000000000000 ) ) ;
#10821 = CARTESIAN_POINT ( 'NONE',  ( 2.185000000000000497, 2.469999999999989981, 0.2500000000000000000 ) ) ;
#10822 = EDGE_CURVE ( 'NONE', #4256, #2675, #11158, .T. ) ;
#10823 = MECHANICAL_DESIGN_GEOMETRIC_PRESENTATION_REPRESENTATION (  '', ( #1041 ), #285 ) ;
#10824 = SURFACE_STYLE_USAGE ( .BOTH. , #506 ) ;
#10825 = EDGE_LOOP ( 'NONE', ( #5720, #1237, #11729, #3673 ) ) ;
#10826 = CARTESIAN_POINT ( 'NONE',  ( -2.575000000000000178, -2.740000000000000213, 0.000000000000000000 ) ) ;
#10827 =( NAMED_UNIT ( * ) PLANE_ANGLE_UNIT ( ) SI_UNIT ( $, .RADIAN. ) );
#10828 = PRESENTATION_LAYER_ASSIGNMENT (  '', '', ( #4669 ) ) ;
#10829 = COLOUR_RGB ( '',0.8313725490196077761, 0.8313725490196077761, 0.8313725490196077761 ) ;
#10830 = AXIS2_PLACEMENT_3D ( 'NONE', #11661, #2640, #10868 ) ;
#10831 = MECHANICAL_DESIGN_GEOMETRIC_PRESENTATION_REPRESENTATION (  '', ( #4133 ), #2014 ) ;
#10832 = CARTESIAN_POINT ( 'NONE',  ( -0.3775000000000000022, -2.657500000000000195, 0.000000000000000000 ) ) ;
#10833 = PLANE ( 'NONE',  #1472 ) ;
#10834 = FILL_AREA_STYLE_COLOUR ( '', #7676 ) ;
#10835 =( GEOMETRIC_REPRESENTATION_CONTEXT ( 3 ) GLOBAL_UNCERTAINTY_ASSIGNED_CONTEXT ( ( #9291 ) ) GLOBAL_UNIT_ASSIGNED_CONTEXT ( ( #2535, #10568, #6214 ) ) REPRESENTATION_CONTEXT ( 'NONE', 'WORKASPACE' ) );
#10836 = VERTEX_POINT ( 'NONE', #10232 ) ;
#10837 = DIRECTION ( 'NONE',  ( 0.000000000000000000, 1.000000000000000000, 0.000000000000000000 ) ) ;
#10838 = EDGE_CURVE ( 'NONE', #2924, #7666, #8287, .T. ) ;
#10839 =( NAMED_UNIT ( * ) SI_UNIT ( $, .STERADIAN. ) SOLID_ANGLE_UNIT ( ) );
#10840 = LINE ( 'NONE', #9000, #557 ) ;
#10841 = ORIENTED_EDGE ( 'NONE', *, *, #1428, .F. ) ;
#10842 = VECTOR ( 'NONE', #1091, 1000.000000000000000 ) ;
#10843 = ORIENTED_EDGE ( 'NONE', *, *, #3458, .F. ) ;
#10844 =( NAMED_UNIT ( * ) SI_UNIT ( $, .STERADIAN. ) SOLID_ANGLE_UNIT ( ) );
#10845 = PLANE ( 'NONE',  #7620 ) ;
#10846 = MECHANICAL_DESIGN_GEOMETRIC_PRESENTATION_REPRESENTATION (  '', ( #9276 ), #11052 ) ;
#10847 = DIRECTION ( 'NONE',  ( 1.000000000000000000, 0.000000000000000000, 0.000000000000000000 ) ) ;
#10848 = PLANE ( 'NONE',  #1806 ) ;
#10849 = VECTOR ( 'NONE', #1396, 1000.000000000000000 ) ;
#10850 = ORIENTED_EDGE ( 'NONE', *, *, #8423, .F. ) ;
#10851 =( GEOMETRIC_REPRESENTATION_CONTEXT ( 3 ) GLOBAL_UNCERTAINTY_ASSIGNED_CONTEXT ( ( #2396 ) ) GLOBAL_UNIT_ASSIGNED_CONTEXT ( ( #6930, #9814, #5256 ) ) REPRESENTATION_CONTEXT ( 'NONE', 'WORKASPACE' ) );
#10852 = LINE ( 'NONE', #760, #10773 ) ;
#10853 = EDGE_CURVE ( 'NONE', #9621, #2830, #5658, .T. ) ;
#10854 =( GEOMETRIC_REPRESENTATION_CONTEXT ( 3 ) GLOBAL_UNCERTAINTY_ASSIGNED_CONTEXT ( ( #4628 ) ) GLOBAL_UNIT_ASSIGNED_CONTEXT ( ( #2317, #9560, #8813 ) ) REPRESENTATION_CONTEXT ( 'NONE', 'WORKASPACE' ) );
#10855 = FILL_AREA_STYLE ('',( #5367 ) ) ;
#10856 =( NAMED_UNIT ( * ) PLANE_ANGLE_UNIT ( ) SI_UNIT ( $, .RADIAN. ) );
#10857 = VERTEX_POINT ( 'NONE', #4755 ) ;
#10858 = CARTESIAN_POINT ( 'NONE',  ( 2.162500000000000089, 2.469999999999998419, 0.000000000000000000 ) ) ;
#10859 = VERTEX_POINT ( 'NONE', #11214 ) ;
#10860 = COLOUR_RGB ( '',0.2862745098039215508, 0.2862745098039215508, 0.2862745098039215508 ) ;
#10861 = FILL_AREA_STYLE ('',( #11905 ) ) ;
#10862 = SURFACE_SIDE_STYLE ('',( #6262 ) ) ;
#10863 = PRESENTATION_LAYER_ASSIGNMENT (  '', '', ( #9287 ) ) ;
#10864 = COLOUR_RGB ( '',0.2862745098039215508, 0.2862745098039215508, 0.2862745098039215508 ) ;
#10865 = VERTEX_POINT ( 'NONE', #2984 ) ;
#10866 = DIRECTION ( 'NONE',  ( -0.000000000000000000, -0.000000000000000000, -1.000000000000000000 ) ) ;
#10867 = CARTESIAN_POINT ( 'NONE',  ( -2.574989970828018393, -2.661266715016318063, 0.2500554620476066470 ) ) ;
#10868 = DIRECTION ( 'NONE',  ( 1.000000000000000000, 0.000000000000000000, -0.000000000000000000 ) ) ;
#10869 = ORIENTED_EDGE ( 'NONE', *, *, #5353, .T. ) ;
#10870 = COLOUR_RGB ( '',0.8313725490196077761, 0.8313725490196077761, 0.8313725490196077761 ) ;
#10871 =( NAMED_UNIT ( * ) PLANE_ANGLE_UNIT ( ) SI_UNIT ( $, .RADIAN. ) );
#10872 = EDGE_CURVE ( 'NONE', #10110, #8313, #6612, .T. ) ;
#10873 = ORIENTED_EDGE ( 'NONE', *, *, #8782, .T. ) ;
#10874 = VECTOR ( 'NONE', #11387, 1000.000000000000000 ) ;
#10875 = LINE ( 'NONE', #10809, #721 ) ;
#10876 = DIRECTION ( 'NONE',  ( 1.000000000000000000, 0.000000000000000000, -0.000000000000000000 ) ) ;
#10877 = CARTESIAN_POINT ( 'NONE',  ( 0.3549999999999999822, 2.470000000000000195, 0.000000000000000000 ) ) ;
#10878 = SURFACE_SIDE_STYLE ('',( #4389 ) ) ;
#10879 = FILL_AREA_STYLE ('',( #1738 ) ) ;
#10880 = DIRECTION ( 'NONE',  ( 1.000000000000000000, 0.000000000000000000, -0.000000000000000000 ) ) ;
#10881 = EDGE_CURVE ( 'NONE', #4013, #2612, #5051, .T. ) ;
#10882 = AXIS2_PLACEMENT_3D ( 'NONE', #6872, #5080, #1497 ) ;
#10883 = VECTOR ( 'NONE', #267, 1000.000000000000000 ) ;
#10884 = ADVANCED_FACE ( 'NONE', ( #3101 ), #11506, .T. ) ;
#10885 =( NAMED_UNIT ( * ) SI_UNIT ( $, .STERADIAN. ) SOLID_ANGLE_UNIT ( ) );
#10886 = UNCERTAINTY_MEASURE_WITH_UNIT (LENGTH_MEASURE( 1.000000000000000082E-05 ), #3725, 'distance_accuracy_value', 'NONE');
#10887 =( LENGTH_UNIT ( ) NAMED_UNIT ( * ) SI_UNIT ( .MILLI., .METRE. ) );
#10888 = ORIENTED_EDGE ( 'NONE', *, *, #93, .F. ) ;
#10889 = CARTESIAN_POINT ( 'NONE',  ( -0.9150000000000000355, 2.470000000000000195, 0.000000000000000000 ) ) ;
#10890 = VECTOR ( 'NONE', #9469, 1000.000000000000000 ) ;
#10891 = SURFACE_STYLE_FILL_AREA ( #1519 ) ;
#10892 = CARTESIAN_POINT ( 'NONE',  ( -0.6350000000000000089, -2.770000000000000018, 0.2500000000000000000 ) ) ;
#10893 = CYLINDRICAL_SURFACE ( 'NONE', #5921, 0.03749999999999999167 ) ;
#10894 = AXIS2_PLACEMENT_3D ( 'NONE', #4386, #3542, #4440 ) ;
#10895 = CARTESIAN_POINT ( 'NONE',  ( 1.905000000000000027, 2.470000000000000195, 0.000000000000000000 ) ) ;
#10896 = ORIENTED_EDGE ( 'NONE', *, *, #1625, .F. ) ;
#10897 = CARTESIAN_POINT ( 'NONE',  ( -2.575000000000000178, -2.740000000000000213, 0.000000000000000000 ) ) ;
#10898 = DIRECTION ( 'NONE',  ( 0.000000000000000000, 0.000000000000000000, 1.000000000000000000 ) ) ;
#10899 = CARTESIAN_POINT ( 'NONE',  ( 2.354463867161250334, -2.519463867161249926, 1.020000000000000018 ) ) ;
#10900 = CARTESIAN_POINT ( 'NONE',  ( 2.574989970828018393, 2.661266715016318063, 0.2500554620476079792 ) ) ;
#10901 = ORIENTED_EDGE ( 'NONE', *, *, #7623, .T. ) ;
#10902 = CARTESIAN_POINT ( 'NONE',  ( 2.574999999999999289, 2.660000000000000142, 0.2499999999999919231 ) ) ;
#10903 = VECTOR ( 'NONE', #10080, 1000.000000000000000 ) ;
#10904 = VERTEX_POINT ( 'NONE', #4928 ) ;
#10905 =( GEOMETRIC_REPRESENTATION_CONTEXT ( 3 ) GLOBAL_UNCERTAINTY_ASSIGNED_CONTEXT ( ( #11299 ) ) GLOBAL_UNIT_ASSIGNED_CONTEXT ( ( #3243, #7773, #3362 ) ) REPRESENTATION_CONTEXT ( 'NONE', 'WORKASPACE' ) );
#10906 = DIRECTION ( 'NONE',  ( -0.000000000000000000, -1.000000000000000000, -0.000000000000000000 ) ) ;
#10907 = DIRECTION ( 'NONE',  ( 0.000000000000000000, 0.000000000000000000, 1.000000000000000000 ) ) ;
#10908 = MECHANICAL_DESIGN_GEOMETRIC_PRESENTATION_REPRESENTATION (  '', ( #368 ), #7002 ) ;
#10909 = EDGE_CURVE ( 'NONE', #5022, #1160, #2322, .T. ) ;
#10910 = VECTOR ( 'NONE', #342, 1000.000000000000000 ) ;
#10911 = CARTESIAN_POINT ( 'NONE',  ( 0.3775000000000000022, -2.782500000000000195, 0.2500000000000000000 ) ) ;
#10912 = CARTESIAN_POINT ( 'NONE',  ( 2.495000000000000107, -2.740000000000000213, 0.000000000000000000 ) ) ;
#10913 = SURFACE_STYLE_FILL_AREA ( #2562 ) ;
#10914 = ORIENTED_EDGE ( 'NONE', *, *, #3531, .T. ) ;
#10915 =( GEOMETRIC_REPRESENTATION_CONTEXT ( 3 ) GLOBAL_UNCERTAINTY_ASSIGNED_CONTEXT ( ( #10422 ) ) GLOBAL_UNIT_ASSIGNED_CONTEXT ( ( #867, #3016, #5809 ) ) REPRESENTATION_CONTEXT ( 'NONE', 'WORKASPACE' ) );
#10916 = UNCERTAINTY_MEASURE_WITH_UNIT (LENGTH_MEASURE( 1.000000000000000082E-05 ), #6669, 'distance_accuracy_value', 'NONE');
#10917 = CARTESIAN_POINT ( 'NONE',  ( 0.3549999999999999822, 2.419999999999999929, 0.000000000000000000 ) ) ;
#10918 = ORIENTED_EDGE ( 'NONE', *, *, #10993, .T. ) ;
#10919 = CARTESIAN_POINT ( 'NONE',  ( -5.551115123125779744E-16, 2.419999999999999929, 0.2500000000000000000 ) ) ;
#10920 = ORIENTED_EDGE ( 'NONE', *, *, #9144, .T. ) ;
#10921 =( LENGTH_UNIT ( ) NAMED_UNIT ( * ) SI_UNIT ( .MILLI., .METRE. ) );
#10922 = AXIS2_PLACEMENT_3D ( 'NONE', #4962, #314, #11189 ) ;
#10923 = PRESENTATION_STYLE_ASSIGNMENT (( #5487 ) ) ;
#10924 = EDGE_CURVE ( 'NONE', #2905, #7398, #9565, .T. ) ;
#10925 =( GEOMETRIC_REPRESENTATION_CONTEXT ( 3 ) GLOBAL_UNCERTAINTY_ASSIGNED_CONTEXT ( ( #10760 ) ) GLOBAL_UNIT_ASSIGNED_CONTEXT ( ( #9123, #4588, #2793 ) ) REPRESENTATION_CONTEXT ( 'NONE', 'WORKASPACE' ) );
#10926 = ORIENTED_EDGE ( 'NONE', *, *, #6437, .T. ) ;
#10927 = CARTESIAN_POINT ( 'NONE',  ( 0.8549999999999999822, 2.507499999999999840, 0.000000000000000000 ) ) ;
#10928 = UNCERTAINTY_MEASURE_WITH_UNIT (LENGTH_MEASURE( 1.000000000000000082E-05 ), #1759, 'distance_accuracy_value', 'NONE');
#10929 =( LENGTH_UNIT ( ) NAMED_UNIT ( * ) SI_UNIT ( .MILLI., .METRE. ) );
#10930 = PRESENTATION_LAYER_ASSIGNMENT (  '', '', ( #4227 ) ) ;
#10931 = ORIENTED_EDGE ( 'NONE', *, *, #7776, .T. ) ;
#10932 = LINE ( 'NONE', #2702, #1405 ) ;
#10933 = CARTESIAN_POINT ( 'NONE',  ( -0.8549999999999998712, -2.657500000000000195, 0.000000000000000000 ) ) ;
#10934 = ORIENTED_EDGE ( 'NONE', *, *, #3622, .T. ) ;
#10935 = STYLED_ITEM ( 'NONE', ( #9902 ), #328 ) ;
#10936 = DIRECTION ( 'NONE',  ( -0.000000000000000000, -0.000000000000000000, -1.000000000000000000 ) ) ;
#10937 = CARTESIAN_POINT ( 'NONE',  ( 2.185000000000000497, -0.07999999999999900246, 0.000000000000000000 ) ) ;
#10938 = FACE_OUTER_BOUND ( 'NONE', #2983, .T. ) ;
#10939 = DIRECTION ( 'NONE',  ( -1.000000000000000000, -0.000000000000000000, 0.000000000000000000 ) ) ;
#10940 = SURFACE_STYLE_FILL_AREA ( #2482 ) ;
#10941 = ORIENTED_EDGE ( 'NONE', *, *, #1798, .T. ) ;
#10942 = VECTOR ( 'NONE', #10592, 1000.000000000000000 ) ;
#10943 = MANIFOLD_SOLID_BREP ( 'Imported1', #9153 ) ;
#10944 = PRESENTATION_STYLE_ASSIGNMENT (( #4395 ) ) ;
#10945 =( LENGTH_UNIT ( ) NAMED_UNIT ( * ) SI_UNIT ( .MILLI., .METRE. ) );
#10946 =( NAMED_UNIT ( * ) SI_UNIT ( $, .STERADIAN. ) SOLID_ANGLE_UNIT ( ) );
#10947 = EDGE_LOOP ( 'NONE', ( #9786, #11837, #1084, #880 ) ) ;
#10948 = PLANE ( 'NONE',  #1571 ) ;
#10949 = ADVANCED_FACE ( 'NONE', ( #2255 ), #5895, .T. ) ;
#10950 = VECTOR ( 'NONE', #3424, 1000.000000000000000 ) ;
#10951 = CARTESIAN_POINT ( 'NONE',  ( -2.481424832439820705, -0.1799999999999999378, 0.2500000000000000000 ) ) ;
#10952 =( GEOMETRIC_REPRESENTATION_CONTEXT ( 3 ) GLOBAL_UNCERTAINTY_ASSIGNED_CONTEXT ( ( #11786 ) ) GLOBAL_UNIT_ASSIGNED_CONTEXT ( ( #2175, #5820, #387 ) ) REPRESENTATION_CONTEXT ( 'NONE', 'WORKASPACE' ) );
#10953 = EDGE_CURVE ( 'NONE', #6091, #5867, #9787, .T. ) ;
#10954 = LINE ( 'NONE', #2719, #6418 ) ;
#10955 = COLOUR_RGB ( '',0.8313725490196077761, 0.8313725490196077761, 0.8313725490196077761 ) ;
#10956 = LINE ( 'NONE', #10019, #9213 ) ;
#10957 = COLOUR_RGB ( '',0.8313725490196077761, 0.8313725490196077761, 0.8313725490196077761 ) ;
#10958 = LINE ( 'NONE', #10701, #1772 ) ;
#10959 = DIRECTION ( 'NONE',  ( -0.000000000000000000, -0.000000000000000000, -1.000000000000000000 ) ) ;
#10960 = ORIENTED_EDGE ( 'NONE', *, *, #9979, .T. ) ;
#10961 = EDGE_CURVE ( 'NONE', #4593, #1770, #10958, .T. ) ;
#10962 = ADVANCED_FACE ( 'NONE', ( #5232 ), #7083, .T. ) ;
#10963 = EDGE_LOOP ( 'NONE', ( #2411, #4647, #2029, #2989 ) ) ;
#10964 = CARTESIAN_POINT ( 'NONE',  ( -0.8925000000000000711, 3.220000000000000195, 0.2500000000000000000 ) ) ;
#10965 = DIRECTION ( 'NONE',  ( 1.000000000000000000, 0.000000000000000000, 0.000000000000000000 ) ) ;
#10966 = FILL_AREA_STYLE_COLOUR ( '', #8013 ) ;
#10967 = EDGE_CURVE ( 'NONE', #395, #6074, #864, .T. ) ;
#10968 = CARTESIAN_POINT ( 'NONE',  ( 1.905000000000000027, 2.470000000000000195, 0.000000000000000000 ) ) ;
#10969 = STYLED_ITEM ( 'NONE', ( #11172 ), #3395 ) ;
#10970 = CARTESIAN_POINT ( 'NONE',  ( -2.162500000000000089, 2.469999999999999751, 0.000000000000000000 ) ) ;
#10971 =( LENGTH_UNIT ( ) NAMED_UNIT ( * ) SI_UNIT ( .MILLI., .METRE. ) );
#10972 = ORIENTED_EDGE ( 'NONE', *, *, #6689, .T. ) ;
#10973 = LINE ( 'NONE', #2739, #5392 ) ;
#10974 = FILL_AREA_STYLE ('',( #10165 ) ) ;
#10975 = SURFACE_STYLE_FILL_AREA ( #10855 ) ;
#10976 = VERTEX_POINT ( 'NONE', #4515 ) ;
#10977 = EDGE_CURVE ( 'NONE', #11651, #10239, #6155, .T. ) ;
#10978 = EDGE_LOOP ( 'NONE', ( #1558, #6598, #11496, #5956 ) ) ;
#10979 = MECHANICAL_DESIGN_GEOMETRIC_PRESENTATION_REPRESENTATION (  '', ( #10775 ), #33 ) ;
#10980 = CARTESIAN_POINT ( 'NONE',  ( 1.647500000000000187, 2.782500000000000195, 0.000000000000000000 ) ) ;
#10981 = CARTESIAN_POINT ( 'NONE',  ( 2.400333753858187702, -2.603043993245602206, 1.040689696709084400 ) ) ;
#10982 = MANIFOLD_SOLID_BREP ( 'Imported2', #10129 ) ;
#10983 = ORIENTED_EDGE ( 'NONE', *, *, #9768, .F. ) ;
#10984 = AXIS2_PLACEMENT_3D ( 'NONE', #3766, #1234, #8526 ) ;
#10985 = PRESENTATION_STYLE_ASSIGNMENT (( #10116 ) ) ;
#10986 = FILL_AREA_STYLE ('',( #1727 ) ) ;
#10987 = COLOUR_RGB ( '',0.8313725490196077761, 0.8313725490196077761, 0.8313725490196077761 ) ;
#10988 = VERTEX_POINT ( 'NONE', #2118 ) ;
#10989 = VECTOR ( 'NONE', #11536, 1000.000000000000114 ) ;
#10990 = CARTESIAN_POINT ( 'NONE',  ( 2.381424832439820172, -0.07999999999999900246, 0.000000000000000000 ) ) ;
#10991 =( LENGTH_UNIT ( ) NAMED_UNIT ( * ) SI_UNIT ( .MILLI., .METRE. ) );
#10992 = ORIENTED_EDGE ( 'NONE', *, *, #10953, .F. ) ;
#10993 = EDGE_CURVE ( 'NONE', #2198, #7869, #4283, .T. ) ;
#10994 = VECTOR ( 'NONE', #7320, 1000.000000000000000 ) ;
#10995 = FACE_OUTER_BOUND ( 'NONE', #4101, .T. ) ;
#10996 = COLOUR_RGB ( '',0.8313725490196077761, 0.8313725490196077761, 0.8313725490196077761 ) ;
#10997 = STYLED_ITEM ( 'NONE', ( #11060 ), #1480 ) ;
#10998 = AXIS2_PLACEMENT_3D ( 'NONE', #1069, #45, #4607 ) ;
#10999 = CARTESIAN_POINT ( 'NONE',  ( 0.3775000000000000022, 2.782500000000000195, 0.000000000000000000 ) ) ;
#11000 = DIRECTION ( 'NONE',  ( 1.000000000000000000, -0.000000000000000000, 0.000000000000000000 ) ) ;
#11001 = ORIENTED_EDGE ( 'NONE', *, *, #10125, .F. ) ;
#11002 = COLOUR_RGB ( '',0.8313725490196077761, 0.8313725490196077761, 0.8313725490196077761 ) ;
#11003 = UNCERTAINTY_MEASURE_WITH_UNIT (LENGTH_MEASURE( 1.000000000000000082E-05 ), #2865, 'distance_accuracy_value', 'NONE');
#11004 = LINE ( 'NONE', #11133, #2548 ) ;
#11005 = DIRECTION ( 'NONE',  ( 0.000000000000000000, -0.000000000000000000, -1.000000000000000000 ) ) ;
#11006 = DIRECTION ( 'NONE',  ( 0.000000000000000000, 0.000000000000000000, 1.000000000000000000 ) ) ;
#11007 = STYLED_ITEM ( 'NONE', ( #11283 ), #4550 ) ;
#11008 =( LENGTH_UNIT ( ) NAMED_UNIT ( * ) SI_UNIT ( .MILLI., .METRE. ) );
#11009 = ORIENTED_EDGE ( 'NONE', *, *, #5365, .T. ) ;
#11010 = CARTESIAN_POINT ( 'NONE',  ( -1.905000000000000027, -2.092049114840340174, 0.003000000000000000062 ) ) ;
#11011 = SURFACE_SIDE_STYLE ('',( #7314 ) ) ;
#11012 =( NAMED_UNIT ( * ) PLANE_ANGLE_UNIT ( ) SI_UNIT ( $, .RADIAN. ) );
#11013 = AXIS2_PLACEMENT_3D ( 'NONE', #6634, #11241, #1140 ) ;
#11014 =( NAMED_UNIT ( * ) PLANE_ANGLE_UNIT ( ) SI_UNIT ( $, .RADIAN. ) );
#11015 = SURFACE_STYLE_USAGE ( .BOTH. , #5758 ) ;
#11016 = PLANE ( 'NONE',  #3297 ) ;
#11017 = CARTESIAN_POINT ( 'NONE',  ( 1.625000000000000222, 2.470000000000000195, 0.000000000000000000 ) ) ;
#11018 = EDGE_CURVE ( 'NONE', #9311, #2335, #3029, .T. ) ;
#11019 = VERTEX_POINT ( 'NONE', #985 ) ;
#11020 = FILL_AREA_STYLE_COLOUR ( '', #10154 ) ;
#11021 = PRESENTATION_LAYER_ASSIGNMENT (  '', '', ( #3929 ) ) ;
#11022 = ORIENTED_EDGE ( 'NONE', *, *, #10209, .T. ) ;
#11023 = PRESENTATION_STYLE_ASSIGNMENT (( #8112 ) ) ;
#11024 = CARTESIAN_POINT ( 'NONE',  ( 1.287500000000000089, 2.739999999999997549, 0.2499999999999996392 ) ) ;
#11025 =( GEOMETRIC_REPRESENTATION_CONTEXT ( 3 ) GLOBAL_UNCERTAINTY_ASSIGNED_CONTEXT ( ( #4645 ) ) GLOBAL_UNIT_ASSIGNED_CONTEXT ( ( #7883, #5127, #5363 ) ) REPRESENTATION_CONTEXT ( 'NONE', 'WORKASPACE' ) );
#11026 = DIRECTION ( 'NONE',  ( 2.713878504639300209E-13, 1.000000000000000000, 0.000000000000000000 ) ) ;
#11027 = ADVANCED_FACE ( 'NONE', ( #8328 ), #5584, .T. ) ;
#11028 = FACE_OUTER_BOUND ( 'NONE', #5975, .T. ) ;
#11029 = ADVANCED_FACE ( 'NONE', ( #5762 ), #142, .T. ) ;
#11030 = FILL_AREA_STYLE_COLOUR ( '', #8713 ) ;
#11031 = CARTESIAN_POINT ( 'NONE',  ( -0.8549999999999998712, -2.782500000000000195, 0.2500000000000000000 ) ) ;
#11032 = ORIENTED_EDGE ( 'NONE', *, *, #11616, .T. ) ;
#11033 = PRESENTATION_STYLE_ASSIGNMENT (( #5243 ) ) ;
#11034 = VECTOR ( 'NONE', #7747, 1000.000000000000000 ) ;
#11035 = UNCERTAINTY_MEASURE_WITH_UNIT (LENGTH_MEASURE( 1.000000000000000082E-05 ), #2473, 'distance_accuracy_value', 'NONE');
#11036 = LINE ( 'NONE', #6430, #1071 ) ;
#11037 = CARTESIAN_POINT ( 'NONE',  ( -1.625000000000000222, 2.770000000000000018, 0.2500000000000000000 ) ) ;
#11038 =( NAMED_UNIT ( * ) PLANE_ANGLE_UNIT ( ) SI_UNIT ( $, .RADIAN. ) );
#11039 = VERTEX_POINT ( 'NONE', #7672 ) ;
#11040 = DIRECTION ( 'NONE',  ( -0.000000000000000000, -0.000000000000000000, -1.000000000000000000 ) ) ;
#11041 = EDGE_LOOP ( 'NONE', ( #6624, #3240, #7979, #4000 ) ) ;
#11042 = CYLINDRICAL_SURFACE ( 'NONE', #9911, 0.03749999999999988065 ) ;
#11043 = VECTOR ( 'NONE', #501, 1000.000000000000000 ) ;
#11044 = SURFACE_SIDE_STYLE ('',( #7343 ) ) ;
#11045 = DIRECTION ( 'NONE',  ( -0.000000000000000000, -1.000000000000000000, -0.000000000000000000 ) ) ;
#11046 = AXIS2_PLACEMENT_3D ( 'NONE', #6398, #2106, #10199 ) ;
#11047 = EDGE_LOOP ( 'NONE', ( #178, #11280, #3070, #6950 ) ) ;
#11048 = ADVANCED_FACE ( 'NONE', ( #5038 ), #6763, .F. ) ;
#11049 =( LENGTH_UNIT ( ) NAMED_UNIT ( * ) SI_UNIT ( .MILLI., .METRE. ) );
#11050 = CARTESIAN_POINT ( 'NONE',  ( -0.4149999999999999800, 2.782500000000000195, 0.000000000000000000 ) ) ;
#11051 = UNCERTAINTY_MEASURE_WITH_UNIT (LENGTH_MEASURE( 1.000000000000000082E-05 ), #4132, 'distance_accuracy_value', 'NONE');
#11052 =( GEOMETRIC_REPRESENTATION_CONTEXT ( 3 ) GLOBAL_UNCERTAINTY_ASSIGNED_CONTEXT ( ( #4738 ) ) GLOBAL_UNIT_ASSIGNED_CONTEXT ( ( #6510, #53, #844 ) ) REPRESENTATION_CONTEXT ( 'NONE', 'WORKASPACE' ) );
#11053 = FILL_AREA_STYLE ('',( #3655 ) ) ;
#11054 = ORIENTED_EDGE ( 'NONE', *, *, #11124, .F. ) ;
#11055 = CARTESIAN_POINT ( 'NONE',  ( -1.647500000000000187, -2.770000000000000018, 0.000000000000000000 ) ) ;
#11056 = ORIENTED_EDGE ( 'NONE', *, *, #6148, .T. ) ;
#11057 = CIRCLE ( 'NONE', #11046, 0.03750000000000031780 ) ;
#11058 = STYLED_ITEM ( 'NONE', ( #9440 ), #8637 ) ;
#11059 = FILL_AREA_STYLE ('',( #2767 ) ) ;
#11060 = PRESENTATION_STYLE_ASSIGNMENT (( #3603 ) ) ;
#11061 = SURFACE_STYLE_USAGE ( .BOTH. , #7356 ) ;
#11062 = EDGE_CURVE ( 'NONE', #2335, #5176, #10574, .T. ) ;
#11063 = FILL_AREA_STYLE ('',( #242 ) ) ;
#11064 = COLOUR_RGB ( '',0.8313725490196077761, 0.8313725490196077761, 0.8313725490196077761 ) ;
#11065 = EDGE_LOOP ( 'NONE', ( #8302, #1704, #5669, #4918 ) ) ;
#11066 =( BOUNDED_SURFACE ( )  B_SPLINE_SURFACE ( 3, 3, ( 
 ( #1118, #1240, #3893, #6733 ),
 ( #4072, #9373, #8475, #8658 ),
 ( #6679, #10353, #2135, #5843 ),
 ( #6782, #5780, #10410, #465 ) ),
 .UNSPECIFIED., .F., .F., .F. ) 
 B_SPLINE_SURFACE_WITH_KNOTS ( ( 4, 4 ),
 ( 4, 4 ),
 ( 0.000000000000000000, 1.000000000000000000 ),
 ( 0.000000000000000000, 1.000000000000000000 ),
 .UNSPECIFIED. ) 
 GEOMETRIC_REPRESENTATION_ITEM ( )  RATIONAL_B_SPLINE_SURFACE ( (
 ( 1.000000000000000000, 0.3333333333333300952, 0.3333333333333300952, 1.000000000000000000),
 ( 0.9330238416682123948, 0.3110079472227344488, 0.3110079472227344488, 0.9330238416682123948),
 ( 0.9330238416682123948, 0.3110079472227344488, 0.3110079472227344488, 0.9330238416682123948),
 ( 1.000000000000000000, 0.3333333333333300952, 0.3333333333333300952, 1.000000000000000000) ) ) 
 REPRESENTATION_ITEM ( '' )  SURFACE ( )  );
#11067 = STYLED_ITEM ( 'NONE', ( #2783 ), #2792 ) ;
#11068 = CARTESIAN_POINT ( 'NONE',  ( 0.3775000000000000022, 2.507499999999999840, 0.2500000000000000000 ) ) ;
#11069 = FILL_AREA_STYLE_COLOUR ( '', #2221 ) ;
#11070 = CARTESIAN_POINT ( 'NONE',  ( 2.394980999734316551, 2.559980999734317031, 1.075827626996971764 ) ) ;
#11071 = SURFACE_SIDE_STYLE ('',( #1866 ) ) ;
#11072 = ORIENTED_EDGE ( 'NONE', *, *, #9952, .F. ) ;
#11073 = LINE ( 'NONE', #3924, #9795 ) ;
#11074 = CARTESIAN_POINT ( 'NONE',  ( -1.647500000000000187, 2.770000000000000018, 0.000000000000000000 ) ) ;
#11075 =( LENGTH_UNIT ( ) NAMED_UNIT ( * ) SI_UNIT ( .MILLI., .METRE. ) );
#11076 = MECHANICAL_DESIGN_GEOMETRIC_PRESENTATION_REPRESENTATION (  '', ( #6619 ), #3927 ) ;
#11077 = MECHANICAL_DESIGN_GEOMETRIC_PRESENTATION_REPRESENTATION (  '', ( #6810 ), #1870 ) ;
#11078 = SURFACE_STYLE_FILL_AREA ( #10749 ) ;
#11079 =( NAMED_UNIT ( * ) PLANE_ANGLE_UNIT ( ) SI_UNIT ( $, .RADIAN. ) );
#11080 = FILL_AREA_STYLE ('',( #1156 ) ) ;
#11081 = DIRECTION ( 'NONE',  ( 0.000000000000000000, 0.000000000000000000, 1.000000000000000000 ) ) ;
#11082 = LINE ( 'NONE', #3876, #11867 ) ;
#11083 = DIRECTION ( 'NONE',  ( 1.000000000000000000, 0.000000000000000000, 0.000000000000000000 ) ) ;
#11084 = ORIENTED_EDGE ( 'NONE', *, *, #1304, .F. ) ;
#11085 = VERTEX_POINT ( 'NONE', #11440 ) ;
#11086 = LINE ( 'NONE', #5222, #2163 ) ;
#11087 = CARTESIAN_POINT ( 'NONE',  ( 1.647500000000000187, 2.469999999999999751, 0.000000000000000000 ) ) ;
#11088 = SURFACE_SIDE_STYLE ('',( #2850 ) ) ;
#11089 = VECTOR ( 'NONE', #7846, 1000.000000000000000 ) ;
#11090 = AXIS2_PLACEMENT_3D ( 'NONE', #6080, #7832, #3288 ) ;
#11091 = EDGE_CURVE ( 'NONE', #1611, #11019, #7797, .T. ) ;
#11092 =( NAMED_UNIT ( * ) PLANE_ANGLE_UNIT ( ) SI_UNIT ( $, .RADIAN. ) );
#11093 = LINE ( 'NONE', #2854, #1440 ) ;
#11094 = CARTESIAN_POINT ( 'NONE',  ( -2.328631962061078031, 2.544516792360709267, 1.091449727906032230 ) ) ;
#11095 = DIRECTION ( 'NONE',  ( 0.000000000000000000, 0.000000000000000000, 1.000000000000000000 ) ) ;
#11096 = VECTOR ( 'NONE', #9314, 1000.000000000000000 ) ;
#11097 = EDGE_LOOP ( 'NONE', ( #9366, #11297, #6990, #6251 ) ) ;
#11098 = DIRECTION ( 'NONE',  ( 1.000000000000000000, 0.000000000000000000, 0.000000000000000000 ) ) ;
#11099 = FILL_AREA_STYLE ('',( #6368 ) ) ;
#11100 =( LENGTH_UNIT ( ) NAMED_UNIT ( * ) SI_UNIT ( .MILLI., .METRE. ) );
#11101 = ORIENTED_EDGE ( 'NONE', *, *, #843, .T. ) ;
#11102 = VECTOR ( 'NONE', #11393, 1000.000000000000000 ) ;
#11103 = DIRECTION ( 'NONE',  ( 1.000000000000000000, 0.000000000000000000, 0.000000000000000000 ) ) ;
#11104 = VECTOR ( 'NONE', #10609, 1000.000000000000000 ) ;
#11105 = EDGE_LOOP ( 'NONE', ( #10575, #8135, #3798, #11888, #2470, #6272, #6492, #1665 ) ) ;
#11106 = FILL_AREA_STYLE_COLOUR ( '', #7999 ) ;
#11107 = EDGE_CURVE ( 'NONE', #6794, #7677, #10455, .T. ) ;
#11108 = LINE ( 'NONE', #827, #8979 ) ;
#11109 = MECHANICAL_DESIGN_GEOMETRIC_PRESENTATION_REPRESENTATION (  '', ( #5321 ), #10124 ) ;
#11110 = FACE_OUTER_BOUND ( 'NONE', #6676, .T. ) ;
#11111 = EDGE_CURVE ( 'NONE', #3834, #9962, #8575, .T. ) ;
#11112 = ORIENTED_EDGE ( 'NONE', *, *, #9600, .T. ) ;
#11113 = FACE_OUTER_BOUND ( 'NONE', #4465, .T. ) ;
#11114 = VECTOR ( 'NONE', #9058, 1000.000000000000000 ) ;
#11115 = LINE ( 'NONE', #1673, #4845 ) ;
#11116 = VERTEX_POINT ( 'NONE', #559 ) ;
#11117 = PRESENTATION_STYLE_ASSIGNMENT (( #3902 ) ) ;
#11118 = PRESENTATION_LAYER_ASSIGNMENT (  '', '', ( #8964 ) ) ;
#11119 = CARTESIAN_POINT ( 'NONE',  ( -0.8549999999999997602, 2.782500000000000195, 0.2500000000000000000 ) ) ;
#11120 = ORIENTED_EDGE ( 'NONE', *, *, #7050, .F. ) ;
#11121 = VECTOR ( 'NONE', #1679, 1000.000000000000000 ) ;
#11122 = ADVANCED_FACE ( 'NONE', ( #440 ), #6832, .F. ) ;
#11123 = VECTOR ( 'NONE', #3166, 1000.000000000000000 ) ;
#11124 = EDGE_CURVE ( 'NONE', #7038, #8504, #3553, .T. ) ;
#11125 = DIRECTION ( 'NONE',  ( 0.000000000000000000, 0.000000000000000000, -1.000000000000000000 ) ) ;
#11126 = AXIS2_PLACEMENT_3D ( 'NONE', #1421, #2392, #1366 ) ;
#11127 = FILL_AREA_STYLE_COLOUR ( '', #11782 ) ;
#11128 = EDGE_CURVE ( 'NONE', #10560, #3660, #3442, .T. ) ;
#11129 = MECHANICAL_DESIGN_GEOMETRIC_PRESENTATION_REPRESENTATION (  '', ( #184 ), #6288 ) ;
#11130 = DIRECTION ( 'NONE',  ( -0.000000000000000000, -0.000000000000000000, 1.000000000000000000 ) ) ;
#11131 = ORIENTED_EDGE ( 'NONE', *, *, #1457, .F. ) ;
#11132 =( GEOMETRIC_REPRESENTATION_CONTEXT ( 3 ) GLOBAL_UNCERTAINTY_ASSIGNED_CONTEXT ( ( #2377 ) ) GLOBAL_UNIT_ASSIGNED_CONTEXT ( ( #4750, #11092, #1951 ) ) REPRESENTATION_CONTEXT ( 'NONE', 'WORKASPACE' ) );
#11133 = CARTESIAN_POINT ( 'NONE',  ( 0.000000000000000000, -0.6799999999999990496, 0.000000000000000000 ) ) ;
#11134 = VERTEX_POINT ( 'NONE', #2486 ) ;
#11135 = PRESENTATION_STYLE_ASSIGNMENT (( #10135 ) ) ;
#11136 = DIRECTION ( 'NONE',  ( -1.000000000000000000, 0.000000000000000000, 0.000000000000000000 ) ) ;
#11137 = CARTESIAN_POINT ( 'NONE',  ( 2.149999999999999911, 2.419999999999999929, 0.000000000000000000 ) ) ;
#11138 = VERTEX_POINT ( 'NONE', #8093 ) ;
#11139 = CARTESIAN_POINT ( 'NONE',  ( -2.162500000000000089, 2.469999999999999751, 0.000000000000000000 ) ) ;
#11140 = ADVANCED_FACE ( 'NONE', ( #7414 ), #4396, .F. ) ;
#11141 = PRESENTATION_STYLE_ASSIGNMENT (( #9915 ) ) ;
#11142 = SHAPE_REPRESENTATION ( 'body', ( #5287 ), #131 ) ;
#11143 = CARTESIAN_POINT ( 'NONE',  ( -2.185000000000000497, 2.469999999999999751, 0.000000000000000000 ) ) ;
#11144 =( NAMED_UNIT ( * ) PLANE_ANGLE_UNIT ( ) SI_UNIT ( $, .RADIAN. ) );
#11145 = DIRECTION ( 'NONE',  ( 1.000000000000000000, 0.000000000000000000, 0.000000000000000000 ) ) ;
#11146 = PRESENTATION_LAYER_ASSIGNMENT (  '', '', ( #9582 ) ) ;
#11147 =( NAMED_UNIT ( * ) PLANE_ANGLE_UNIT ( ) SI_UNIT ( $, .RADIAN. ) );
#11148 = DIRECTION ( 'NONE',  ( -1.000000000000000000, 0.000000000000000000, 0.000000000000000000 ) ) ;
#11149 = ORIENTED_EDGE ( 'NONE', *, *, #6512, .T. ) ;
#11150 = CARTESIAN_POINT ( 'NONE',  ( 0.000000000000000000, 0.000000000000000000, 0.000000000000000000 ) ) ;
#11151 = AXIS2_PLACEMENT_3D ( 'NONE', #1630, #730, #2879 ) ;
#11152 = ORIENTED_EDGE ( 'NONE', *, *, #11534, .F. ) ;
#11153 = VECTOR ( 'NONE', #11756, 1000.000000000000000 ) ;
#11154 = PRESENTATION_STYLE_ASSIGNMENT (( #4586 ) ) ;
#11155 = VECTOR ( 'NONE', #3717, 1000.000000000000000 ) ;
#11156 = CARTESIAN_POINT ( 'NONE',  ( -2.351067539245734306, 2.554456236527852031, 1.096075939357708195 ) ) ;
#11157 = VERTEX_POINT ( 'NONE', #6158 ) ;
#11158 = LINE ( 'NONE', #997, #7518 ) ;
#11159 = UNCERTAINTY_MEASURE_WITH_UNIT (LENGTH_MEASURE( 1.000000000000000082E-05 ), #9209, 'distance_accuracy_value', 'NONE');
#11160 = FILL_AREA_STYLE_COLOUR ( '', #7368 ) ;
#11161 =( NAMED_UNIT ( * ) SI_UNIT ( $, .STERADIAN. ) SOLID_ANGLE_UNIT ( ) );
#11162 = ORIENTED_EDGE ( 'NONE', *, *, #8008, .F. ) ;
#11163 = CARTESIAN_POINT ( 'NONE',  ( 2.125000000000000000, -2.319999999999999840, 0.000000000000000000 ) ) ;
#11164 = EDGE_LOOP ( 'NONE', ( #11406, #4304, #2691, #5851 ) ) ;
#11165 = CIRCLE ( 'NONE', #9778, 0.03750000000000020678 ) ;
#11166 = SURFACE_SIDE_STYLE ('',( #5666 ) ) ;
#11167 = CARTESIAN_POINT ( 'NONE',  ( -2.185000000000000497, 2.419999999999999929, 0.000000000000000000 ) ) ;
#11168 = ORIENTED_EDGE ( 'NONE', *, *, #10369, .F. ) ;
#11169 = FACE_OUTER_BOUND ( 'NONE', #988, .T. ) ;
#11170 =( LENGTH_UNIT ( ) NAMED_UNIT ( * ) SI_UNIT ( .MILLI., .METRE. ) );
#11171 = CARTESIAN_POINT ( 'NONE',  ( 1.684999999999999831, -2.740000000000000657, 0.000000000000000000 ) ) ;
#11172 = PRESENTATION_STYLE_ASSIGNMENT (( #10059 ) ) ;
#11173 = ORIENTED_EDGE ( 'NONE', *, *, #2868, .F. ) ;
#11174 = CARTESIAN_POINT ( 'NONE',  ( 2.496266715016318471, -2.739989970828018429, 0.2500554620476218570 ) ) ;
#11175 = CYLINDRICAL_SURFACE ( 'NONE', #10213, 0.03749999999999976963 ) ;
#11176 = ORIENTED_EDGE ( 'NONE', *, *, #4347, .T. ) ;
#11177 = EDGE_CURVE ( 'NONE', #1136, #3739, #6223, .T. ) ;
#11178 = EDGE_CURVE ( 'NONE', #3013, #2906, #8616, .T. ) ;
#11179 = CIRCLE ( 'NONE', #3493, 0.1867673477050099673 ) ;
#11180 = VERTEX_POINT ( 'NONE', #4445 ) ;
#11181 = PRESENTATION_LAYER_ASSIGNMENT (  '', '', ( #1754 ) ) ;
#11182 = EDGE_CURVE ( 'NONE', #976, #5312, #2888, .T. ) ;
#11183 =( NAMED_UNIT ( * ) SI_UNIT ( $, .STERADIAN. ) SOLID_ANGLE_UNIT ( ) );
#11184 = ORIENTED_EDGE ( 'NONE', *, *, #11688, .T. ) ;
#11185 = EDGE_CURVE ( 'NONE', #9014, #7269, #4289, .T. ) ;
#11186 = CARTESIAN_POINT ( 'NONE',  ( 1.685000000000000053, -2.319999999999999840, 0.2500000000000000000 ) ) ;
#11187 = EDGE_LOOP ( 'NONE', ( #2061, #2144, #6467, #4312, #5664, #3410, #2522, #1068, #573, #4054 ) ) ;
#11188 = LINE ( 'NONE', #4782, #6987 ) ;
#11189 = DIRECTION ( 'NONE',  ( 1.000000000000000000, 0.000000000000000000, 0.000000000000000000 ) ) ;
#11190 = AXIS2_PLACEMENT_3D ( 'NONE', #3173, #1375, #2095 ) ;
#11191 = ORIENTED_EDGE ( 'NONE', *, *, #2881, .F. ) ;
#11192 = CARTESIAN_POINT ( 'NONE',  ( -2.381424832439820172, -0.07999999999999900246, 0.000000000000000000 ) ) ;
#11193 = COLOUR_RGB ( '',0.8313725490196077761, 0.8313725490196077761, 0.8313725490196077761 ) ;
#11194 = DIRECTION ( 'NONE',  ( -1.000000000000000000, -2.155772863349820033E-16, 0.000000000000000000 ) ) ;
#11195 = LINE ( 'NONE', #2956, #11654 ) ;
#11196 = FILL_AREA_STYLE ('',( #11320 ) ) ;
#11197 = STYLED_ITEM ( 'NONE', ( #11023 ), #10111 ) ;
#11198 = CARTESIAN_POINT ( 'NONE',  ( 2.185000000000000497, -0.07999999999999900246, 0.2500000000000000000 ) ) ;
#11199 = ADVANCED_FACE ( 'NONE', ( #9893 ), #11607, .T. ) ;
#11200 = SURFACE_SIDE_STYLE ('',( #2840 ) ) ;
#11201 = CYLINDRICAL_SURFACE ( 'NONE', #3381, 0.03749999999999999167 ) ;
#11202 = ORIENTED_EDGE ( 'NONE', *, *, #9378, .T. ) ;
#11203 = ORIENTED_EDGE ( 'NONE', *, *, #8917, .F. ) ;
#11204 = CARTESIAN_POINT ( 'NONE',  ( -2.392994304293845520, 2.652943593871507577, 0.9660472879165156179 ) ) ;
#11205 = CYLINDRICAL_SURFACE ( 'NONE', #9545, 0.07999999999999986289 ) ;
#11206 = AXIS2_PLACEMENT_3D ( 'NONE', #1832, #2862, #6550 ) ;
#11207 = FACE_OUTER_BOUND ( 'NONE', #7086, .T. ) ;
#11208 = LINE ( 'NONE', #2910, #7823 ) ;
#11209 = FILL_AREA_STYLE ('',( #7568 ) ) ;
#11210 = PRESENTATION_STYLE_ASSIGNMENT (( #6486 ) ) ;
#11211 = PRESENTATION_LAYER_ASSIGNMENT (  '', '', ( #9829 ) ) ;
#11212 = EDGE_LOOP ( 'NONE', ( #2930, #791, #3642, #9862 ) ) ;
#11213 = AXIS2_PLACEMENT_3D ( 'NONE', #9640, #5803, #543 ) ;
#11214 = CARTESIAN_POINT ( 'NONE',  ( -2.495000000000000107, 2.740000000000000213, 0.000000000000000000 ) ) ;
#11215 =( LENGTH_UNIT ( ) NAMED_UNIT ( * ) SI_UNIT ( .MILLI., .METRE. ) );
#11216 = CARTESIAN_POINT ( 'NONE',  ( 2.185000000000000497, 2.419999999999999485, 0.2500000000000000000 ) ) ;
#11217 = ORIENTED_EDGE ( 'NONE', *, *, #9015, .T. ) ;
#11218 = VERTEX_POINT ( 'NONE', #232 ) ;
#11219 = DIRECTION ( 'NONE',  ( 0.1751915364254250373, -0.1751915364254250373, -0.9688218882383892172 ) ) ;
#11220 = VECTOR ( 'NONE', #5788, 1000.000000000000000 ) ;
#11221 = STYLED_ITEM ( 'NONE', ( #11478 ), #3311 ) ;
#11222 = ORIENTED_EDGE ( 'NONE', *, *, #1031, .T. ) ;
#11223 = EDGE_CURVE ( 'NONE', #4761, #8611, #397, .T. ) ;
#11224 = CARTESIAN_POINT ( 'NONE',  ( -1.685000000000000275, -2.770000000000000018, 0.000000000000000000 ) ) ;
#11225 = DIRECTION ( 'NONE',  ( -0.000000000000000000, -1.000000000000000000, -0.000000000000000000 ) ) ;
#11226 = CARTESIAN_POINT ( 'NONE',  ( -2.575000000000000178, 2.740000000000000213, 0.000000000000000000 ) ) ;
#11227 = VERTEX_POINT ( 'NONE', #365 ) ;
#11228 = CARTESIAN_POINT ( 'NONE',  ( -2.185000000000000497, -0.6799999999999990496, 0.2500000000000000000 ) ) ;
#11229 = SURFACE_SIDE_STYLE ('',( #4772 ) ) ;
#11230 = ORIENTED_EDGE ( 'NONE', *, *, #2303, .F. ) ;
#11231 = VECTOR ( 'NONE', #1337, 1000.000000000000000 ) ;
#11232 = FILL_AREA_STYLE ('',( #8609 ) ) ;
#11233 = CARTESIAN_POINT ( 'NONE',  ( 0.3549999999999999822, 2.470000000000000195, 0.2500000000000000000 ) ) ;
#11234 = PRESENTATION_LAYER_ASSIGNMENT (  '', '', ( #8133 ) ) ;
#11235 = AXIS2_PLACEMENT_3D ( 'NONE', #73, #4629, #11145 ) ;
#11236 = SURFACE_STYLE_USAGE ( .BOTH. , #3005 ) ;
#11237 = LINE ( 'NONE', #3007, #5421 ) ;
#11238 = ORIENTED_EDGE ( 'NONE', *, *, #3178, .F. ) ;
#11239 =( NAMED_UNIT ( * ) SI_UNIT ( $, .STERADIAN. ) SOLID_ANGLE_UNIT ( ) );
#11240 = PRODUCT_RELATED_PRODUCT_CATEGORY ( 'part', '', ( #9438 ) ) ;
#11241 = DIRECTION ( 'NONE',  ( 0.9840406976462908739, 1.993621605283059462E-16, 0.1779435454738420019 ) ) ;
#11242 = ORIENTED_EDGE ( 'NONE', *, *, #8072, .F. ) ;
#11243 = COLOUR_RGB ( '',0.8313725490196077761, 0.8313725490196077761, 0.8313725490196077761 ) ;
#11244 = CARTESIAN_POINT ( 'NONE',  ( -2.185000000000000497, -0.6799999999999990496, 0.2500000000000000000 ) ) ;
#11245 = EDGE_LOOP ( 'NONE', ( #4875, #2017, #288, #9358 ) ) ;
#11246 = PRESENTATION_STYLE_ASSIGNMENT (( #4618 ) ) ;
#11247 = CARTESIAN_POINT ( 'NONE',  ( 2.481424832439819816, -0.5799999999999990719, 0.2500000000000000555 ) ) ;
#11248 = MECHANICAL_DESIGN_GEOMETRIC_PRESENTATION_REPRESENTATION (  '', ( #8147 ), #9491 ) ;
#11249 = CARTESIAN_POINT ( 'NONE',  ( 0.4149999999999999800, 1.070000000000000062, 0.2500000000000000000 ) ) ;
#11250 = ORIENTED_EDGE ( 'NONE', *, *, #10280, .T. ) ;
#11251 = DIRECTION ( 'NONE',  ( 0.000000000000000000, -0.000000000000000000, -1.000000000000000000 ) ) ;
#11252 = DIRECTION ( 'NONE',  ( -2.155772863349820033E-16, 1.000000000000000000, 0.000000000000000000 ) ) ;
#11253 = EDGE_CURVE ( 'NONE', #10976, #1445, #4947, .T. ) ;
#11254 = DIRECTION ( 'NONE',  ( 1.000000000000000000, 0.000000000000000000, -0.000000000000000000 ) ) ;
#11255 = EDGE_CURVE ( 'NONE', #3966, #4217, #5361, .T. ) ;
#11256 = VECTOR ( 'NONE', #11005, 1000.000000000000000 ) ;
#11257 = CARTESIAN_POINT ( 'NONE',  ( 1.905000000000000027, 2.419999999999999929, 0.2500000000000000000 ) ) ;
#11258 = AXIS2_PLACEMENT_3D ( 'NONE', #10759, #9848, #7264 ) ;
#11259 = ADVANCED_FACE ( 'NONE', ( #6692 ), #3971, .T. ) ;
#11260 = CARTESIAN_POINT ( 'NONE',  ( -1.625000000000000222, 2.419999999999999485, 0.000000000000000000 ) ) ;
#11261 = CARTESIAN_POINT ( 'NONE',  ( 0.3774999999999999467, -3.220000000000000195, 0.000000000000000000 ) ) ;
#11262 =( NAMED_UNIT ( * ) SI_UNIT ( $, .STERADIAN. ) SOLID_ANGLE_UNIT ( ) );
#11263 = DIRECTION ( 'NONE',  ( -0.000000000000000000, -0.000000000000000000, 1.000000000000000000 ) ) ;
#11264 = VECTOR ( 'NONE', #7994, 1000.000000000000000 ) ;
#11265 = CARTESIAN_POINT ( 'NONE',  ( -0.8549999999999999822, 2.319999999999999840, 0.000000000000000000 ) ) ;
#11266 = LINE ( 'NONE', #7674, #524 ) ;
#11267 = ORIENTED_EDGE ( 'NONE', *, *, #7841, .F. ) ;
#11268 = DIRECTION ( 'NONE',  ( 0.000000000000000000, -0.000000000000000000, 1.000000000000000000 ) ) ;
#11269 = ORIENTED_EDGE ( 'NONE', *, *, #11334, .T. ) ;
#11270 = CARTESIAN_POINT ( 'NONE',  ( -2.430401622660341321, 2.544516792360708823, 1.017589973296721073 ) ) ;
#11271 = AXIS2_PLACEMENT_3D ( 'NONE', #10892, #2666, #9955 ) ;
#11272 = ADVANCED_FACE ( 'NONE', ( #10365 ), #5735, .T. ) ;
#11273 = EDGE_CURVE ( 'NONE', #2905, #7799, #6079, .T. ) ;
#11274 = DIRECTION ( 'NONE',  ( 0.000000000000000000, -0.000000000000000000, -1.000000000000000000 ) ) ;
#11275 = PLANE ( 'NONE',  #10133 ) ;
#11276 =( GEOMETRIC_REPRESENTATION_CONTEXT ( 3 ) GLOBAL_UNCERTAINTY_ASSIGNED_CONTEXT ( ( #11647 ) ) GLOBAL_UNIT_ASSIGNED_CONTEXT ( ( #2943, #4889, #1139 ) ) REPRESENTATION_CONTEXT ( 'NONE', 'WORKASPACE' ) );
#11277 = SURFACE_STYLE_FILL_AREA ( #11209 ) ;
#11278 =( GEOMETRIC_REPRESENTATION_CONTEXT ( 3 ) GLOBAL_UNCERTAINTY_ASSIGNED_CONTEXT ( ( #3440 ) ) GLOBAL_UNIT_ASSIGNED_CONTEXT ( ( #8807, #2659, #4235 ) ) REPRESENTATION_CONTEXT ( 'NONE', 'WORKASPACE' ) );
#11279 = CARTESIAN_POINT ( 'NONE',  ( -2.456065883205919231, 2.472656540312760942, 1.079239424234920364 ) ) ;
#11280 = ORIENTED_EDGE ( 'NONE', *, *, #7473, .F. ) ;
#11281 = SURFACE_STYLE_FILL_AREA ( #5716 ) ;
#11282 = CARTESIAN_POINT ( 'NONE',  ( -1.287500000000000089, -2.739999999999997993, 0.2499999999999997224 ) ) ;
#11283 = PRESENTATION_STYLE_ASSIGNMENT (( #10295 ) ) ;
#11284 = VERTEX_POINT ( 'NONE', #6923 ) ;
#11285 = EDGE_LOOP ( 'NONE', ( #42, #6487, #1373, #4820 ) ) ;
#11286 =( GEOMETRIC_REPRESENTATION_CONTEXT ( 3 ) GLOBAL_UNCERTAINTY_ASSIGNED_CONTEXT ( ( #2825 ) ) GLOBAL_UNIT_ASSIGNED_CONTEXT ( ( #11008, #8382, #10946 ) ) REPRESENTATION_CONTEXT ( 'NONE', 'WORKASPACE' ) );
#11287 = EDGE_CURVE ( 'NONE', #10988, #8375, #11165, .T. ) ;
#11288 =( LENGTH_UNIT ( ) NAMED_UNIT ( * ) SI_UNIT ( .MILLI., .METRE. ) );
#11289 = SURFACE_STYLE_FILL_AREA ( #3839 ) ;
#11290 = ORIENTED_EDGE ( 'NONE', *, *, #7120, .T. ) ;
#11291 = VECTOR ( 'NONE', #1112, 1000.000000000000000 ) ;
#11292 = PLANE ( 'NONE',  #1829 ) ;
#11293 = SURFACE_SIDE_STYLE ('',( #9380 ) ) ;
#11294 = STYLED_ITEM ( 'NONE', ( #8852 ), #4888 ) ;
#11295 = LINE ( 'NONE', #2205, #11810 ) ;
#11296 =( LENGTH_UNIT ( ) NAMED_UNIT ( * ) SI_UNIT ( .MILLI., .METRE. ) );
#11297 = ORIENTED_EDGE ( 'NONE', *, *, #3856, .F. ) ;
#11298 = AXIS2_PLACEMENT_3D ( 'NONE', #10184, #3790, #2882 ) ;
#11299 = UNCERTAINTY_MEASURE_WITH_UNIT (LENGTH_MEASURE( 1.000000000000000082E-05 ), #3243, 'distance_accuracy_value', 'NONE');
#11300 = DIRECTION ( 'NONE',  ( -1.009293658750140033E-15, -1.000000000000000000, 0.000000000000000000 ) ) ;
#11301 = FILL_AREA_STYLE_COLOUR ( '', #723 ) ;
#11302 = DIRECTION ( 'NONE',  ( 1.000000000000000000, -0.000000000000000000, 0.000000000000000000 ) ) ;
#11303 = DIRECTION ( 'NONE',  ( 3.038931636747690137E-16, -1.000000000000000000, 0.000000000000000000 ) ) ;
#11304 = CARTESIAN_POINT ( 'NONE',  ( 0.8549999999999999822, 2.507499999999999840, 0.000000000000000000 ) ) ;
#11305 = STYLED_ITEM ( 'NONE', ( #5942 ), #5868 ) ;
#11306 = COLOUR_RGB ( '',0.2862745098039215508, 0.2862745098039215508, 0.2862745098039215508 ) ;
#11307 = PLANE ( 'NONE',  #8322 ) ;
#11308 = SURFACE_STYLE_USAGE ( .BOTH. , #5081 ) ;
#11309 = ORIENTED_EDGE ( 'NONE', *, *, #6801, .T. ) ;
#11310 =( NAMED_UNIT ( * ) PLANE_ANGLE_UNIT ( ) SI_UNIT ( $, .RADIAN. ) );
#11311 = VERTEX_POINT ( 'NONE', #6866 ) ;
#11312 = DIRECTION ( 'NONE',  ( 3.038931636747690137E-16, -1.000000000000000000, -0.000000000000000000 ) ) ;
#11313 = PRESENTATION_LAYER_ASSIGNMENT (  '', '', ( #8584 ) ) ;
#11314 =( LENGTH_UNIT ( ) NAMED_UNIT ( * ) SI_UNIT ( .MILLI., .METRE. ) );
#11315 = CARTESIAN_POINT ( 'NONE',  ( -1.625000000000000444, 2.469999999999997087, 0.2500000000000000000 ) ) ;
#11316 = ORIENTED_EDGE ( 'NONE', *, *, #5201, .T. ) ;
#11317 = DIRECTION ( 'NONE',  ( 0.000000000000000000, -1.000000000000000000, 0.000000000000000000 ) ) ;
#11318 =( NAMED_UNIT ( * ) SI_UNIT ( $, .STERADIAN. ) SOLID_ANGLE_UNIT ( ) );
#11319 = DIRECTION ( 'NONE',  ( 0.000000000000000000, 0.000000000000000000, 1.000000000000000000 ) ) ;
#11320 = FILL_AREA_STYLE_COLOUR ( '', #11432 ) ;
#11321 = SURFACE_STYLE_FILL_AREA ( #7110 ) ;
#11322 = CARTESIAN_POINT ( 'NONE',  ( 2.162500000000000089, -2.782500000000000195, 0.000000000000000000 ) ) ;
#11323 = FILL_AREA_STYLE_COLOUR ( '', #624 ) ;
#11324 = ADVANCED_FACE ( 'NONE', ( #8895 ), #533, .F. ) ;
#11325 = SURFACE_SIDE_STYLE ('',( #7733 ) ) ;
#11326 = SURFACE_SIDE_STYLE ('',( #8451 ) ) ;
#11327 = FACE_OUTER_BOUND ( 'NONE', #6027, .T. ) ;
#11328 = EDGE_LOOP ( 'NONE', ( #3507, #9487, #8188, #996 ) ) ;
#11329 =( NAMED_UNIT ( * ) SI_UNIT ( $, .STERADIAN. ) SOLID_ANGLE_UNIT ( ) );
#11330 = DIRECTION ( 'NONE',  ( 0.000000000000000000, -0.000000000000000000, -1.000000000000000000 ) ) ;
#11331 = EDGE_CURVE ( 'NONE', #6205, #2335, #4429, .T. ) ;
#11332 = VERTEX_POINT ( 'NONE', #2515 ) ;
#11333 = CARTESIAN_POINT ( 'NONE',  ( 0.8924999999999999600, 2.469999999999998419, 0.000000000000000000 ) ) ;
#11334 = EDGE_CURVE ( 'NONE', #3292, #4960, #9632, .T. ) ;
#11335 = PRESENTATION_STYLE_ASSIGNMENT (( #6837 ) ) ;
#11336 = MECHANICAL_DESIGN_GEOMETRIC_PRESENTATION_REPRESENTATION (  '', ( #10540 ), #11714 ) ;
#11337 = CARTESIAN_POINT ( 'NONE',  ( 0.000000000000000000, 2.419999999999999929, 0.000000000000000000 ) ) ;
#11338 = CARTESIAN_POINT ( 'NONE',  ( -2.389628245610447621, 2.516918006223031412, 1.110965557284858463 ) ) ;
#11339 = ADVANCED_FACE ( 'NONE', ( #8011 ), #11468, .T. ) ;
#11340 = EDGE_LOOP ( 'NONE', ( #5186, #5964, #8365, #10012 ) ) ;
#11341 = DIRECTION ( 'NONE',  ( 0.000000000000000000, -1.000000000000000000, -0.000000000000000000 ) ) ;
#11342 = EDGE_CURVE ( 'NONE', #1097, #2973, #10108, .T. ) ;
#11343 = VECTOR ( 'NONE', #5177, 1000.000000000000000 ) ;
#11344 = SURFACE_STYLE_FILL_AREA ( #2194 ) ;
#11345 = DIRECTION ( 'NONE',  ( 0.000000000000000000, -0.1779435454738410305, 0.9840406976462910960 ) ) ;
#11346 = ORIENTED_EDGE ( 'NONE', *, *, #1034, .F. ) ;
#11347 = FILL_AREA_STYLE ('',( #2077 ) ) ;
#11348 = ORIENTED_EDGE ( 'NONE', *, *, #8780, .T. ) ;
#11349 = EDGE_CURVE ( 'NONE', #7953, #4144, #764, .T. ) ;
#11350 = CARTESIAN_POINT ( 'NONE',  ( -2.185000000000000497, 2.419999999999999929, 0.000000000000000000 ) ) ;
#11351 = ORIENTED_EDGE ( 'NONE', *, *, #4410, .T. ) ;
#11352 = DIRECTION ( 'NONE',  ( 1.000000000000000000, 0.000000000000000000, -0.000000000000000000 ) ) ;
#11353 = DIRECTION ( 'NONE',  ( 0.000000000000000000, 1.000000000000000000, 0.000000000000000000 ) ) ;
#11354 = VERTEX_POINT ( 'NONE', #8066 ) ;
#11355 =( LENGTH_UNIT ( ) NAMED_UNIT ( * ) SI_UNIT ( .MILLI., .METRE. ) );
#11356 = EDGE_LOOP ( 'NONE', ( #10873, #1246, #4250, #8247, #2022, #5980 ) ) ;
#11357 =( NAMED_UNIT ( * ) PLANE_ANGLE_UNIT ( ) SI_UNIT ( $, .RADIAN. ) );
#11358 = CARTESIAN_POINT ( 'NONE',  ( -0.8549999999999998712, 2.739999999999999769, 0.000000000000000000 ) ) ;
#11359 = ORIENTED_EDGE ( 'NONE', *, *, #10787, .F. ) ;
#11360 =( NAMED_UNIT ( * ) PLANE_ANGLE_UNIT ( ) SI_UNIT ( $, .RADIAN. ) );
#11361 = FILL_AREA_STYLE_COLOUR ( '', #337 ) ;
#11362 = CARTESIAN_POINT ( 'NONE',  ( -2.162500000000000089, 2.782500000000000195, 0.000000000000000000 ) ) ;
#11363 = ORIENTED_EDGE ( 'NONE', *, *, #11111, .T. ) ;
#11364 = VECTOR ( 'NONE', #2997, 1000.000000000000000 ) ;
#11365 = VERTEX_POINT ( 'NONE', #10858 ) ;
#11366 = CARTESIAN_POINT ( 'NONE',  ( 1.685000000000000275, -2.782500000000000195, 0.2500000000000000000 ) ) ;
#11367 = ORIENTED_EDGE ( 'NONE', *, *, #11617, .T. ) ;
#11368 = PRESENTATION_STYLE_ASSIGNMENT (( #7791 ) ) ;
#11369 = VECTOR ( 'NONE', #11251, 1000.000000000000000 ) ;
#11370 = CARTESIAN_POINT ( 'NONE',  ( -2.574999999999999734, 2.660000000000000142, 0.2499999999999954481 ) ) ;
#11371 = COLOUR_RGB ( '',0.8313725490196077761, 0.8313725490196077761, 0.8313725490196077761 ) ;
#11372 = DIRECTION ( 'NONE',  ( 1.000000000000000000, 0.000000000000000000, 0.000000000000000000 ) ) ;
#11373 =( GEOMETRIC_REPRESENTATION_CONTEXT ( 3 ) GLOBAL_UNCERTAINTY_ASSIGNED_CONTEXT ( ( #7295 ) ) GLOBAL_UNIT_ASSIGNED_CONTEXT ( ( #6863, #4261, #10663 ) ) REPRESENTATION_CONTEXT ( 'NONE', 'WORKASPACE' ) );
#11374 = UNCERTAINTY_MEASURE_WITH_UNIT (LENGTH_MEASURE( 1.000000000000000082E-05 ), #3264, 'distance_accuracy_value', 'NONE');
#11375 =( GEOMETRIC_REPRESENTATION_CONTEXT ( 3 ) GLOBAL_UNCERTAINTY_ASSIGNED_CONTEXT ( ( #11898 ) ) GLOBAL_UNIT_ASSIGNED_CONTEXT ( ( #550, #11540, #6046 ) ) REPRESENTATION_CONTEXT ( 'NONE', 'WORKASPACE' ) );
#11376 = DIRECTION ( 'NONE',  ( 0.2974806214264151816, 0.8622610147216622778, -0.4098917202956449679 ) ) ;
#11377 = MECHANICAL_DESIGN_GEOMETRIC_PRESENTATION_REPRESENTATION (  '', ( #1578 ), #6929 ) ;
#11378 = CARTESIAN_POINT ( 'NONE',  ( 0.3775000000000000022, -2.657500000000000195, 0.000000000000000000 ) ) ;
#11379 = ORIENTED_EDGE ( 'NONE', *, *, #1909, .T. ) ;
#11380 = DIRECTION ( 'NONE',  ( 0.000000000000000000, 0.000000000000000000, 1.000000000000000000 ) ) ;
#11381 = VERTEX_POINT ( 'NONE', #6372 ) ;
#11382 = DIRECTION ( 'NONE',  ( 0.000000000000000000, 0.000000000000000000, -1.000000000000000000 ) ) ;
#11383 =( GEOMETRIC_REPRESENTATION_CONTEXT ( 3 ) GLOBAL_UNCERTAINTY_ASSIGNED_CONTEXT ( ( #1672 ) ) GLOBAL_UNIT_ASSIGNED_CONTEXT ( ( #746, #11625, #3627 ) ) REPRESENTATION_CONTEXT ( 'NONE', 'WORKASPACE' ) );
#11384 = AXIS2_PLACEMENT_3D ( 'NONE', #3148, #8638, #4059 ) ;
#11385 = VECTOR ( 'NONE', #2703, 1000.000000000000000 ) ;
#11386 = CARTESIAN_POINT ( 'NONE',  ( -0.8549999999999998712, -2.782500000000000195, 0.000000000000000000 ) ) ;
#11387 = DIRECTION ( 'NONE',  ( 0.000000000000000000, 0.000000000000000000, 1.000000000000000000 ) ) ;
#11388 = EDGE_CURVE ( 'NONE', #373, #7428, #949, .T. ) ;
#11389 = CARTESIAN_POINT ( 'NONE',  ( 1.647500000000000187, -2.819999999999999840, 0.000000000000000000 ) ) ;
#11390 = ORIENTED_EDGE ( 'NONE', *, *, #2289, .F. ) ;
#11391 = CARTESIAN_POINT ( 'NONE',  ( 2.185000000000000497, 2.419999999999999929, 0.000000000000000000 ) ) ;
#11392 = VECTOR ( 'NONE', #10361, 1000.000000000000000 ) ;
#11393 = DIRECTION ( 'NONE',  ( 0.000000000000000000, -0.000000000000000000, 1.000000000000000000 ) ) ;
#11394 = VERTEX_POINT ( 'NONE', #11717 ) ;
#11395 = CARTESIAN_POINT ( 'NONE',  ( 2.162500000000000089, 2.469999999999996643, 0.000000000000000000 ) ) ;
#11396 = ORIENTED_EDGE ( 'NONE', *, *, #11851, .F. ) ;
#11397 = EDGE_CURVE ( 'NONE', #5805, #11138, #8238, .T. ) ;
#11398 = PRESENTATION_STYLE_ASSIGNMENT (( #466 ) ) ;
#11399 = EDGE_CURVE ( 'NONE', #1687, #11788, #7101, .T. ) ;
#11400 = VERTEX_POINT ( 'NONE', #1776 ) ;
#11401 =( GEOMETRIC_REPRESENTATION_CONTEXT ( 3 ) GLOBAL_UNCERTAINTY_ASSIGNED_CONTEXT ( ( #200 ) ) GLOBAL_UNIT_ASSIGNED_CONTEXT ( ( #9587, #6804, #3419 ) ) REPRESENTATION_CONTEXT ( 'NONE', 'WORKASPACE' ) );
#11402 = DIRECTION ( 'NONE',  ( -0.000000000000000000, 1.000000000000000000, 0.000000000000000000 ) ) ;
#11403 = PRESENTATION_STYLE_ASSIGNMENT (( #4258 ) ) ;
#11404 = CARTESIAN_POINT ( 'NONE',  ( 1.625000000000000222, 2.770000000000000018, 0.2500000000000000000 ) ) ;
#11405 = FILL_AREA_STYLE_COLOUR ( '', #6716 ) ;
#11406 = ORIENTED_EDGE ( 'NONE', *, *, #2722, .F. ) ;
#11407 = SURFACE_SIDE_STYLE ('',( #9749 ) ) ;
#11408 = UNCERTAINTY_MEASURE_WITH_UNIT (LENGTH_MEASURE( 1.000000000000000082E-05 ), #3387, 'distance_accuracy_value', 'NONE');
#11409 =( NAMED_UNIT ( * ) SI_UNIT ( $, .STERADIAN. ) SOLID_ANGLE_UNIT ( ) );
#11410 = VERTEX_POINT ( 'NONE', #4599 ) ;
#11411 = CARTESIAN_POINT ( 'NONE',  ( -2.574999999999999289, -2.660000000000000142, 0.000000000000000000 ) ) ;
#11412 = VECTOR ( 'NONE', #4437, 1000.000000000000000 ) ;
#11413 = FILL_AREA_STYLE_COLOUR ( '', #569 ) ;
#11414 = SURFACE_SIDE_STYLE ('',( #7892 ) ) ;
#11415 = EDGE_CURVE ( 'NONE', #3699, #1419, #11774, .T. ) ;
#11416 = STYLED_ITEM ( 'NONE', ( #5655 ), #7319 ) ;
#11417 = VERTEX_POINT ( 'NONE', #30 ) ;
#11418 = COLOUR_RGB ( '',0.8313725490196077761, 0.8313725490196077761, 0.8313725490196077761 ) ;
#11419 = VECTOR ( 'NONE', #9649, 1000.000000000000000 ) ;
#11420 = CARTESIAN_POINT ( 'NONE',  ( -1.685000000000000053, -2.782500000000000195, 0.000000000000000000 ) ) ;
#11421 = DIRECTION ( 'NONE',  ( -1.000000000000000000, 0.000000000000000000, -0.000000000000000000 ) ) ;
#11422 = EDGE_LOOP ( 'NONE', ( #5356, #11479, #3357, #10535 ) ) ;
#11423 = CARTESIAN_POINT ( 'NONE',  ( 2.185000000000000497, -1.080000000000000071, 0.2500000000000000000 ) ) ;
#11424 = DIRECTION ( 'NONE',  ( 1.000000000000000000, -0.000000000000000000, 0.000000000000000000 ) ) ;
#11425 = ORIENTED_EDGE ( 'NONE', *, *, #4482, .T. ) ;
#11426 = SURFACE_STYLE_FILL_AREA ( #10439 ) ;
#11427 =( LENGTH_UNIT ( ) NAMED_UNIT ( * ) SI_UNIT ( .MILLI., .METRE. ) );
#11428 = CARTESIAN_POINT ( 'NONE',  ( 1.905000000000000027, -3.220000000000000195, 0.2500000000000000000 ) ) ;
#11429 = ORIENTED_EDGE ( 'NONE', *, *, #1998, .T. ) ;
#11430 = PRESENTATION_STYLE_ASSIGNMENT (( #2348 ) ) ;
#11431 = PRESENTATION_STYLE_ASSIGNMENT (( #10511 ) ) ;
#11432 = COLOUR_RGB ( '',0.2862745098039215508, 0.2862745098039215508, 0.2862745098039215508 ) ;
#11433 = SURFACE_SIDE_STYLE ('',( #7063 ) ) ;
#11434 = CARTESIAN_POINT ( 'NONE',  ( -2.574999999999998845, 2.660422264807318360, 0.2499999999999998890 ) ) ;
#11435 = COLOUR_RGB ( '',0.2862745098039215508, 0.2862745098039215508, 0.2862745098039215508 ) ;
#11436 =( LENGTH_UNIT ( ) NAMED_UNIT ( * ) SI_UNIT ( .MILLI., .METRE. ) );
#11437 = FACE_OUTER_BOUND ( 'NONE', #7965, .T. ) ;
#11438 = CARTESIAN_POINT ( 'NONE',  ( 2.495000000000000107, 2.739999999999999325, 0.2499999999999937828 ) ) ;
#11439 = FILL_AREA_STYLE_COLOUR ( '', #11626 ) ;
#11440 = CARTESIAN_POINT ( 'NONE',  ( 1.647500000000000409, -3.220000000000000195, 0.000000000000000000 ) ) ;
#11441 = LINE ( 'NONE', #1343, #10462 ) ;
#11442 = FILL_AREA_STYLE_COLOUR ( '', #1481 ) ;
#11443 = VERTEX_POINT ( 'NONE', #5429 ) ;
#11444 = PRODUCT_CONTEXT ( 'NONE', #7827, 'mechanical' ) ;
#11445 = COLOUR_RGB ( '',0.8313725490196077761, 0.8313725490196077761, 0.8313725490196077761 ) ;
#11446 = FILL_AREA_STYLE ('',( #392 ) ) ;
#11447 =( GEOMETRIC_REPRESENTATION_CONTEXT ( 3 ) GLOBAL_UNCERTAINTY_ASSIGNED_CONTEXT ( ( #819 ) ) GLOBAL_UNIT_ASSIGNED_CONTEXT ( ( #6073, #4311, #5001 ) ) REPRESENTATION_CONTEXT ( 'NONE', 'WORKASPACE' ) );
#11448 = VECTOR ( 'NONE', #11883, 1000.000000000000000 ) ;
#11449 =( GEOMETRIC_REPRESENTATION_CONTEXT ( 3 ) GLOBAL_UNCERTAINTY_ASSIGNED_CONTEXT ( ( #943 ) ) GLOBAL_UNIT_ASSIGNED_CONTEXT ( ( #11215, #3156, #1584 ) ) REPRESENTATION_CONTEXT ( 'NONE', 'WORKASPACE' ) );
#11450 = CARTESIAN_POINT ( 'NONE',  ( 2.149999999999999911, 0.02000000000000060063, 0.2500000000000000000 ) ) ;
#11451 = COLOUR_RGB ( '',0.8313725490196077761, 0.8313725490196077761, 0.8313725490196077761 ) ;
#11452 =( NAMED_UNIT ( * ) SI_UNIT ( $, .STERADIAN. ) SOLID_ANGLE_UNIT ( ) );
#11453 = ORIENTED_EDGE ( 'NONE', *, *, #11688, .F. ) ;
#11454 = CARTESIAN_POINT ( 'NONE',  ( -0.8549999999999999822, -2.770000000000000018, 0.000000000000000000 ) ) ;
#11455 = PRESENTATION_LAYER_ASSIGNMENT (  '', '', ( #1853 ) ) ;
#11456 = LINE ( 'NONE', #7751, #3195 ) ;
#11457 = CARTESIAN_POINT ( 'NONE',  ( -2.495000000000000107, -2.740000000000000213, 0.000000000000000000 ) ) ;
#11458 = ORIENTED_EDGE ( 'NONE', *, *, #167, .T. ) ;
#11459 = DIRECTION ( 'NONE',  ( 1.000000000000000000, 0.000000000000000000, 0.000000000000000000 ) ) ;
#11460 = ORIENTED_EDGE ( 'NONE', *, *, #11107, .F. ) ;
#11461 = LINE ( 'NONE', #7090, #2852 ) ;
#11462 = COLOUR_RGB ( '',0.2862745098039215508, 0.2862745098039215508, 0.2862745098039215508 ) ;
#11463 = FILL_AREA_STYLE_COLOUR ( '', #8931 ) ;
#11464 = DIRECTION ( 'NONE',  ( 1.000000000000000000, -0.000000000000000000, 0.000000000000000000 ) ) ;
#11465 = CARTESIAN_POINT ( 'NONE',  ( -2.125000000000000444, 2.507499999999999840, 0.000000000000000000 ) ) ;
#11466 = VERTEX_POINT ( 'NONE', #1000 ) ;
#11467 = ORIENTED_EDGE ( 'NONE', *, *, #1457, .T. ) ;
#11468 = CYLINDRICAL_SURFACE ( 'NONE', #1941, 0.03749999999999988065 ) ;
#11469 = EDGE_CURVE ( 'NONE', #6907, #3128, #7340, .T. ) ;
#11470 =( NAMED_UNIT ( * ) SI_UNIT ( $, .STERADIAN. ) SOLID_ANGLE_UNIT ( ) );
#11471 = LINE ( 'NONE', #3973, #9743 ) ;
#11472 = EDGE_CURVE ( 'NONE', #10667, #1669, #10786, .T. ) ;
#11473 = EDGE_CURVE ( 'NONE', #7041, #6937, #2569, .T. ) ;
#11474 = AXIS2_PLACEMENT_3D ( 'NONE', #7376, #10152, #11268 ) ;
#11475 = ORIENTED_EDGE ( 'NONE', *, *, #2216, .T. ) ;
#11476 =( GEOMETRIC_REPRESENTATION_CONTEXT ( 3 ) GLOBAL_UNCERTAINTY_ASSIGNED_CONTEXT ( ( #4504 ) ) GLOBAL_UNIT_ASSIGNED_CONTEXT ( ( #408, #4257, #4140 ) ) REPRESENTATION_CONTEXT ( 'NONE', 'WORKASPACE' ) );
#11477 = SURFACE_STYLE_FILL_AREA ( #9638 ) ;
#11478 = PRESENTATION_STYLE_ASSIGNMENT (( #490 ) ) ;
#11479 = ORIENTED_EDGE ( 'NONE', *, *, #6088, .F. ) ;
#11480 = PRESENTATION_STYLE_ASSIGNMENT (( #7785 ) ) ;
#11481 = ORIENTED_EDGE ( 'NONE', *, *, #912, .F. ) ;
#11482 = ADVANCED_FACE ( 'NONE', ( #822 ), #6256, .T. ) ;
#11483 = SURFACE_STYLE_FILL_AREA ( #3525 ) ;
#11484 = EDGE_CURVE ( 'NONE', #2457, #7635, #7227, .T. ) ;
#11485 = CARTESIAN_POINT ( 'NONE',  ( -2.185000000000000497, -0.6799999999999990496, 0.000000000000000000 ) ) ;
#11486 =( GEOMETRIC_REPRESENTATION_CONTEXT ( 3 ) GLOBAL_UNCERTAINTY_ASSIGNED_CONTEXT ( ( #11003 ) ) GLOBAL_UNIT_ASSIGNED_CONTEXT ( ( #2865, #11777, #9197 ) ) REPRESENTATION_CONTEXT ( 'NONE', 'WORKASPACE' ) );
#11487 = PRESENTATION_LAYER_ASSIGNMENT (  '', '', ( #6839 ) ) ;
#11488 = EDGE_CURVE ( 'NONE', #1971, #2687, #4760, .T. ) ;
#11489 = CARTESIAN_POINT ( 'NONE',  ( 1.625000000000000222, 2.770000000000000018, 0.000000000000000000 ) ) ;
#11490 = MECHANICAL_DESIGN_GEOMETRIC_PRESENTATION_REPRESENTATION (  '', ( #6661 ), #9719 ) ;
#11491 = UNCERTAINTY_MEASURE_WITH_UNIT (LENGTH_MEASURE( 1.000000000000000082E-05 ), #5334, 'distance_accuracy_value', 'NONE');
#11492 = DIRECTION ( 'NONE',  ( 1.000000000000000000, -9.313951548868760574E-17, 0.000000000000000000 ) ) ;
#11493 = EDGE_CURVE ( 'NONE', #2615, #7889, #3835, .T. ) ;
#11494 = CARTESIAN_POINT ( 'NONE',  ( 0.8924999999999999600, 3.220000000000000195, 0.000000000000000000 ) ) ;
#11495 = VECTOR ( 'NONE', #2225, 1000.000000000000000 ) ;
#11496 = ORIENTED_EDGE ( 'NONE', *, *, #6671, .F. ) ;
#11497 = CARTESIAN_POINT ( 'NONE',  ( 0.000000000000000000, 0.000000000000000000, 0.000000000000000000 ) ) ;
#11498 = MECHANICAL_DESIGN_GEOMETRIC_PRESENTATION_REPRESENTATION (  '', ( #10527 ), #1132 ) ;
#11499 = DIRECTION ( 'NONE',  ( 0.000000000000000000, 0.000000000000000000, -1.000000000000000000 ) ) ;
#11500 = FILL_AREA_STYLE ('',( #10529 ) ) ;
#11501 = COLOUR_RGB ( '',0.8313725490196077761, 0.8313725490196077761, 0.8313725490196077761 ) ;
#11502 = CARTESIAN_POINT ( 'NONE',  ( 1.905000000000000027, 3.220000000000000195, 0.2500000000000000000 ) ) ;
#11503 = SURFACE_SIDE_STYLE ('',( #1467 ) ) ;
#11504 = PRESENTATION_STYLE_ASSIGNMENT (( #8590 ) ) ;
#11505 = EDGE_LOOP ( 'NONE', ( #4583, #6918, #11843, #1292 ) ) ;
#11506 = PLANE ( 'NONE',  #10781 ) ;
#11507 = VECTOR ( 'NONE', #7585, 1000.000000000000000 ) ;
#11508 = PRESENTATION_LAYER_ASSIGNMENT (  '', '', ( #10935 ) ) ;
#11509 = SURFACE_SIDE_STYLE ('',( #6847 ) ) ;
#11510 = PLANE ( 'NONE',  #5889 ) ;
#11511 = DIRECTION ( 'NONE',  ( 0.000000000000000000, -1.000000000000000000, -0.000000000000000000 ) ) ;
#11512 = VERTEX_POINT ( 'NONE', #2919 ) ;
#11513 = PLANE ( 'NONE',  #6887 ) ;
#11514 = ORIENTED_EDGE ( 'NONE', *, *, #9744, .F. ) ;
#11515 = ORIENTED_EDGE ( 'NONE', *, *, #2694, .F. ) ;
#11516 = FACE_OUTER_BOUND ( 'NONE', #187, .T. ) ;
#11517 =( GEOMETRIC_REPRESENTATION_CONTEXT ( 3 ) GLOBAL_UNCERTAINTY_ASSIGNED_CONTEXT ( ( #10554 ) ) GLOBAL_UNIT_ASSIGNED_CONTEXT ( ( #5721, #7639, #3107 ) ) REPRESENTATION_CONTEXT ( 'NONE', 'WORKASPACE' ) );
#11518 = ORIENTED_EDGE ( 'NONE', *, *, #10505, .T. ) ;
#11519 = CARTESIAN_POINT ( 'NONE',  ( 0.3775000000000000022, 3.220000000000000195, 0.2500000000000000000 ) ) ;
#11520 = UNCERTAINTY_MEASURE_WITH_UNIT (LENGTH_MEASURE( 1.000000000000000082E-05 ), #10, 'distance_accuracy_value', 'NONE');
#11521 = LINE ( 'NONE', #5008, #2559 ) ;
#11522 = VECTOR ( 'NONE', #4542, 1000.000000000000000 ) ;
#11523 = DIRECTION ( 'NONE',  ( 0.000000000000000000, 0.000000000000000000, 1.000000000000000000 ) ) ;
#11524 = MECHANICAL_DESIGN_GEOMETRIC_PRESENTATION_REPRESENTATION (  '', ( #10549 ), #4246 ) ;
#11525 = SURFACE_SIDE_STYLE ('',( #6034 ) ) ;
#11526 = ORIENTED_EDGE ( 'NONE', *, *, #11397, .F. ) ;
#11527 = FILL_AREA_STYLE ('',( #4381 ) ) ;
#11528 =( GEOMETRIC_REPRESENTATION_CONTEXT ( 3 ) GLOBAL_UNCERTAINTY_ASSIGNED_CONTEXT ( ( #1526 ) ) GLOBAL_UNIT_ASSIGNED_CONTEXT ( ( #11170, #2926, #5848 ) ) REPRESENTATION_CONTEXT ( 'NONE', 'WORKASPACE' ) );
#11529 = UNCERTAINTY_MEASURE_WITH_UNIT (LENGTH_MEASURE( 1.000000000000000082E-05 ), #8692, 'distance_accuracy_value', 'NONE');
#11530 = CARTESIAN_POINT ( 'NONE',  ( -1.647500000000000187, 3.220000000000000195, 0.000000000000000000 ) ) ;
#11531 = ORIENTED_EDGE ( 'NONE', *, *, #10190, .F. ) ;
#11532 = MECHANICAL_DESIGN_GEOMETRIC_PRESENTATION_REPRESENTATION (  '', ( #10558 ), #3667 ) ;
#11533 = CARTESIAN_POINT ( 'NONE',  ( -0.8925000000000000711, 2.820000000000000284, 0.000000000000000000 ) ) ;
#11534 = EDGE_CURVE ( 'NONE', #2466, #7059, #3953, .T. ) ;
#11535 = EDGE_CURVE ( 'NONE', #6480, #705, #6675, .T. ) ;
#11536 = DIRECTION ( 'NONE',  ( -0.7071067811865474617, -0.7071067811865474617, -0.000000000000000000 ) ) ;
#11537 = ORIENTED_EDGE ( 'NONE', *, *, #8583, .F. ) ;
#11538 = PLANE ( 'NONE',  #5271 ) ;
#11539 = CARTESIAN_POINT ( 'NONE',  ( 1.647500000000000187, 2.469999999999999751, 0.000000000000000000 ) ) ;
#11540 =( NAMED_UNIT ( * ) PLANE_ANGLE_UNIT ( ) SI_UNIT ( $, .RADIAN. ) );
#11541 = CARTESIAN_POINT ( 'NONE',  ( 0.8924999999999999600, -3.220000000000000195, 0.000000000000000000 ) ) ;
#11542 = DIRECTION ( 'NONE',  ( 1.000000000000000000, 0.000000000000000000, 0.000000000000000000 ) ) ;
#11543 = DIRECTION ( 'NONE',  ( 1.000000000000000000, -0.000000000000000000, 0.000000000000000000 ) ) ;
#11544 = EDGE_CURVE ( 'NONE', #8313, #1669, #8290, .T. ) ;
#11545 = EDGE_CURVE ( 'NONE', #7877, #6729, #1747, .T. ) ;
#11546 = PRESENTATION_LAYER_ASSIGNMENT (  '', '', ( #10183 ) ) ;
#11547 = FILL_AREA_STYLE ('',( #2237 ) ) ;
#11548 = DIRECTION ( 'NONE',  ( 1.000000000000000000, -0.000000000000000000, 0.000000000000000000 ) ) ;
#11549 = DIRECTION ( 'NONE',  ( 1.000000000000000000, 0.000000000000000000, 0.000000000000000000 ) ) ;
#11550 = CARTESIAN_POINT ( 'NONE',  ( 2.705000000000000071, 2.770000000000000018, 0.000000000000000000 ) ) ;
#11551 = ORIENTED_EDGE ( 'NONE', *, *, #6452, .F. ) ;
#11552 = SHAPE_DEFINITION_REPRESENTATION ( #6660, #4088 ) ;
#11553 = FACE_OUTER_BOUND ( 'NONE', #9088, .T. ) ;
#11554 = CARTESIAN_POINT ( 'NONE',  ( -2.125000000000000000, -2.319999999999999840, 0.2500000000000000000 ) ) ;
#11555 = FACE_OUTER_BOUND ( 'NONE', #648, .T. ) ;
#11556 = EDGE_CURVE ( 'NONE', #2241, #1783, #8429, .T. ) ;
#11557 = STYLED_ITEM ( 'NONE', ( #8232 ), #10743 ) ;
#11558 = MECHANICAL_DESIGN_GEOMETRIC_PRESENTATION_REPRESENTATION (  '', ( #2143 ), #8446 ) ;
#11559 = PLANE ( 'NONE',  #2305 ) ;
#11560 = CARTESIAN_POINT ( 'NONE',  ( -1.685000000000000053, 2.739999999999999325, 0.2499999999999998890 ) ) ;
#11561 = STYLED_ITEM ( 'NONE', ( #3012 ), #3853 ) ;
#11562 = CARTESIAN_POINT ( 'NONE',  ( 0.8549999999999999822, 2.782500000000000195, 0.000000000000000000 ) ) ;
#11563 = CARTESIAN_POINT ( 'NONE',  ( 0.3775000000000000022, -3.220000000000000195, 0.2500000000000000000 ) ) ;
#11564 = ORIENTED_EDGE ( 'NONE', *, *, #305, .F. ) ;
#11565 = FACE_OUTER_BOUND ( 'NONE', #6209, .T. ) ;
#11566 = DIRECTION ( 'NONE',  ( -1.000000000000000000, -6.938893903907230350E-16, 0.000000000000000000 ) ) ;
#11567 = ORIENTED_EDGE ( 'NONE', *, *, #6012, .T. ) ;
#11568 = LINE ( 'NONE', #2325, #8989 ) ;
#11569 = MECHANICAL_DESIGN_GEOMETRIC_PRESENTATION_REPRESENTATION (  '', ( #2741 ), #8084 ) ;
#11570 = VERTEX_POINT ( 'NONE', #5776 ) ;
#11571 = VECTOR ( 'NONE', #2230, 1000.000000000000000 ) ;
#11572 = VECTOR ( 'NONE', #9095, 1000.000000000000000 ) ;
#11573 = AXIS2_PLACEMENT_3D ( 'NONE', #3119, #10485, #3239 ) ;
#11574 = CARTESIAN_POINT ( 'NONE',  ( 2.351067539245732974, -2.554456236527852919, 1.096075939357707307 ) ) ;
#11575 = CARTESIAN_POINT ( 'NONE',  ( 0.8924999999999999600, 2.469999999999998419, 0.2500000000000000000 ) ) ;
#11576 = SURFACE_STYLE_FILL_AREA ( #527 ) ;
#11577 = PRESENTATION_LAYER_ASSIGNMENT (  '', '', ( #10794 ) ) ;
#11578 = FILL_AREA_STYLE ('',( #9746 ) ) ;
#11579 =( GEOMETRIC_REPRESENTATION_CONTEXT ( 3 ) GLOBAL_UNCERTAINTY_ASSIGNED_CONTEXT ( ( #1056 ) ) GLOBAL_UNIT_ASSIGNED_CONTEXT ( ( #394, #1463, #3268 ) ) REPRESENTATION_CONTEXT ( 'NONE', 'WORKASPACE' ) );
#11580 = STYLED_ITEM ( 'NONE', ( #4032 ), #1493 ) ;
#11581 =( LENGTH_UNIT ( ) NAMED_UNIT ( * ) SI_UNIT ( .MILLI., .METRE. ) );
#11582 = EDGE_LOOP ( 'NONE', ( #825, #6351, #2158, #5616 ) ) ;
#11583 = CIRCLE ( 'NONE', #3345, 0.03749999999999999167 ) ;
#11584 = LINE ( 'NONE', #2567, #6746 ) ;
#11585 = ORIENTED_EDGE ( 'NONE', *, *, #7625, .T. ) ;
#11586 = DIRECTION ( 'NONE',  ( 1.000000000000000000, 0.000000000000000000, 0.000000000000000000 ) ) ;
#11587 = CARTESIAN_POINT ( 'NONE',  ( 2.125000000000000000, 1.070000000000000062, 0.2500000000000000000 ) ) ;
#11588 = CARTESIAN_POINT ( 'NONE',  ( -0.8924999999999999600, -2.657500000000000195, 0.2500000000000000000 ) ) ;
#11589 = FILL_AREA_STYLE_COLOUR ( '', #9635 ) ;
#11590 = COLOUR_RGB ( '',0.8313725490196077761, 0.8313725490196077761, 0.8313725490196077761 ) ;
#11591 = EDGE_CURVE ( 'NONE', #11116, #3916, #98, .T. ) ;
#11592 = ORIENTED_EDGE ( 'NONE', *, *, #9692, .T. ) ;
#11593 = CARTESIAN_POINT ( 'NONE',  ( -0.3775000000000000022, -2.770000000000000018, 0.000000000000000000 ) ) ;
#11594 = FACE_OUTER_BOUND ( 'NONE', #4808, .T. ) ;
#11595 = ORIENTED_EDGE ( 'NONE', *, *, #3174, .T. ) ;
#11596 = DIRECTION ( 'NONE',  ( 0.000000000000000000, 0.000000000000000000, -1.000000000000000000 ) ) ;
#11597 = ORIENTED_EDGE ( 'NONE', *, *, #2694, .T. ) ;
#11598 =( NAMED_UNIT ( * ) SI_UNIT ( $, .STERADIAN. ) SOLID_ANGLE_UNIT ( ) );
#11599 =( GEOMETRIC_REPRESENTATION_CONTEXT ( 3 ) GLOBAL_UNCERTAINTY_ASSIGNED_CONTEXT ( ( #2117 ) ) GLOBAL_UNIT_ASSIGNED_CONTEXT ( ( #4502, #11603, #10885 ) ) REPRESENTATION_CONTEXT ( 'NONE', 'WORKASPACE' ) );
#11600 = CARTESIAN_POINT ( 'NONE',  ( -2.704999999999999627, 2.770000000000000018, 0.000000000000000000 ) ) ;
#11601 = DIRECTION ( 'NONE',  ( 0.000000000000000000, -1.000000000000000000, 0.000000000000000000 ) ) ;
#11602 = CARTESIAN_POINT ( 'NONE',  ( 2.162500000000000089, 2.819999999999999840, 0.2500000000000000000 ) ) ;
#11603 =( NAMED_UNIT ( * ) PLANE_ANGLE_UNIT ( ) SI_UNIT ( $, .RADIAN. ) );
#11604 = UNCERTAINTY_MEASURE_WITH_UNIT (LENGTH_MEASURE( 1.000000000000000082E-05 ), #5798, 'distance_accuracy_value', 'NONE');
#11605 = SURFACE_STYLE_FILL_AREA ( #1458 ) ;
#11606 = FACE_OUTER_BOUND ( 'NONE', #10350, .T. ) ;
#11607 = PLANE ( 'NONE',  #4978 ) ;
#11608 = ORIENTED_EDGE ( 'NONE', *, *, #5201, .F. ) ;
#11609 = APPLICATION_PROTOCOL_DEFINITION ( 'draft international standard', 'automotive_design', 1998, #2713 ) ;
#11610 = COLOUR_RGB ( '',0.8313725490196077761, 0.8313725490196077761, 0.8313725490196077761 ) ;
#11611 = ADVANCED_FACE ( 'NONE', ( #7397 ), #220, .T. ) ;
#11612 = EDGE_CURVE ( 'NONE', #10043, #11354, #5898, .T. ) ;
#11613 = PLANE ( 'NONE',  #3245 ) ;
#11614 = CARTESIAN_POINT ( 'NONE',  ( 2.381424832439820172, -0.07999999999999900246, 0.2500000000000000000 ) ) ;
#11615 = MECHANICAL_DESIGN_GEOMETRIC_PRESENTATION_REPRESENTATION (  '', ( #4866 ), #6771 ) ;
#11616 = EDGE_CURVE ( 'NONE', #11365, #7038, #8765, .T. ) ;
#11617 = EDGE_CURVE ( 'NONE', #8835, #9483, #7024, .T. ) ;
#11618 = COLOUR_RGB ( '',0.2862745098039215508, 0.2862745098039215508, 0.2862745098039215508 ) ;
#11619 = CYLINDRICAL_SURFACE ( 'NONE', #8207, 0.03750000000000020678 ) ;
#11620 = PRESENTATION_LAYER_ASSIGNMENT (  '', '', ( #9276 ) ) ;
#11621 = CARTESIAN_POINT ( 'NONE',  ( 2.381424832439819728, -0.07999999999999879430, 0.2500000000000000555 ) ) ;
#11622 = UNCERTAINTY_MEASURE_WITH_UNIT (LENGTH_MEASURE( 1.000000000000000082E-05 ), #3820, 'distance_accuracy_value', 'NONE');
#11623 = DIRECTION ( 'NONE',  ( 0.000000000000000000, -1.000000000000000000, -0.000000000000000000 ) ) ;
#11624 = EDGE_LOOP ( 'NONE', ( #9069, #2273, #295, #2365 ) ) ;
#11625 =( NAMED_UNIT ( * ) PLANE_ANGLE_UNIT ( ) SI_UNIT ( $, .RADIAN. ) );
#11626 = COLOUR_RGB ( '',0.8313725490196077761, 0.8313725490196077761, 0.8313725490196077761 ) ;
#11627 = PRESENTATION_STYLE_ASSIGNMENT (( #5175 ) ) ;
#11628 = VERTEX_POINT ( 'NONE', #1477 ) ;
#11629 = PRESENTATION_LAYER_ASSIGNMENT (  '', '', ( #10065 ) ) ;
#11630 = EDGE_CURVE ( 'NONE', #5927, #11466, #6017, .T. ) ;
#11631 = STYLED_ITEM ( 'NONE', ( #11403 ), #8701 ) ;
#11632 = EDGE_CURVE ( 'NONE', #1501, #3966, #1540, .T. ) ;
#11633 = ORIENTED_EDGE ( 'NONE', *, *, #7402, .F. ) ;
#11634 = CARTESIAN_POINT ( 'NONE',  ( -5.551115123125779744E-16, 2.740000000000000213, 0.2500000000000000000 ) ) ;
#11635 = CARTESIAN_POINT ( 'NONE',  ( 2.394980999734316995, -2.559980999734315699, 1.075827626996973319 ) ) ;
#11636 = EDGE_CURVE ( 'NONE', #1930, #10770, #7461, .T. ) ;
#11637 =( LENGTH_UNIT ( ) NAMED_UNIT ( * ) SI_UNIT ( .MILLI., .METRE. ) );
#11638 = VECTOR ( 'NONE', #7337, 1000.000000000000000 ) ;
#11639 = ORIENTED_EDGE ( 'NONE', *, *, #3867, .F. ) ;
#11640 = VECTOR ( 'NONE', #5111, 1000.000000000000000 ) ;
#11641 = CARTESIAN_POINT ( 'NONE',  ( 2.185000000000000497, 2.469999999999989981, 0.000000000000000000 ) ) ;
#11642 = PLANE ( 'NONE',  #2226 ) ;
#11643 =( GEOMETRIC_REPRESENTATION_CONTEXT ( 3 ) GLOBAL_UNCERTAINTY_ASSIGNED_CONTEXT ( ( #5581 ) ) GLOBAL_UNIT_ASSIGNED_CONTEXT ( ( #7729, #4164, #4970 ) ) REPRESENTATION_CONTEXT ( 'NONE', 'WORKASPACE' ) );
#11644 = CARTESIAN_POINT ( 'NONE',  ( -2.481424832439820261, -0.1799999999999996880, 0.000000000000000000 ) ) ;
#11645 = ORIENTED_EDGE ( 'NONE', *, *, #383, .T. ) ;
#11646 = SURFACE_SIDE_STYLE ('',( #10605 ) ) ;
#11647 = UNCERTAINTY_MEASURE_WITH_UNIT (LENGTH_MEASURE( 1.000000000000000082E-05 ), #2943, 'distance_accuracy_value', 'NONE');
#11648 = FILL_AREA_STYLE ('',( #5368 ) ) ;
#11649 = FILL_AREA_STYLE_COLOUR ( '', #6706 ) ;
#11650 = EDGE_CURVE ( 'NONE', #9867, #9053, #6694, .T. ) ;
#11651 = VERTEX_POINT ( 'NONE', #7876 ) ;
#11652 = MECHANICAL_DESIGN_GEOMETRIC_PRESENTATION_REPRESENTATION (  '', ( #6043 ), #523 ) ;
#11653 = LINE ( 'NONE', #8727, #7830 ) ;
#11654 = VECTOR ( 'NONE', #3077, 1000.000000000000000 ) ;
#11655 = FACE_OUTER_BOUND ( 'NONE', #55, .T. ) ;
#11656 = ORIENTED_EDGE ( 'NONE', *, *, #311, .T. ) ;
#11657 = PRESENTATION_STYLE_ASSIGNMENT (( #7958 ) ) ;
#11658 = CARTESIAN_POINT ( 'NONE',  ( 0.8549999999999999822, -2.782500000000000195, 0.000000000000000000 ) ) ;
#11659 = PRODUCT_DEFINITION_CONTEXT ( 'detailed design', #3169, 'design' ) ;
#11660 = DIRECTION ( 'NONE',  ( 1.000000000000000000, 0.000000000000000000, 0.000000000000000000 ) ) ;
#11661 = CARTESIAN_POINT ( 'NONE',  ( -1.905000000000000027, -2.092049114840340174, 0.000000000000000000 ) ) ;
#11662 = VERTEX_POINT ( 'NONE', #3159 ) ;
#11663 = DIRECTION ( 'NONE',  ( 0.1751915364254254537, -0.1751915364254297558, -0.9688218882383883290 ) ) ;
#11664 = ORIENTED_EDGE ( 'NONE', *, *, #8061, .F. ) ;
#11665 = CARTESIAN_POINT ( 'NONE',  ( -2.481424832439820261, -0.5799999999999989608, 0.000000000000000000 ) ) ;
#11666 =( NAMED_UNIT ( * ) SI_UNIT ( $, .STERADIAN. ) SOLID_ANGLE_UNIT ( ) );
#11667 = DIRECTION ( 'NONE',  ( -1.000000000000000000, -2.155772863349820033E-16, 0.000000000000000000 ) ) ;
#11668 = AXIS2_PLACEMENT_3D ( 'NONE', #6848, #1294, #10403 ) ;
#11669 = PRESENTATION_LAYER_ASSIGNMENT (  '', '', ( #9516 ) ) ;
#11670 = LINE ( 'NONE', #3437, #5831 ) ;
#11671 = COLOUR_RGB ( '',0.8313725490196077761, 0.8313725490196077761, 0.8313725490196077761 ) ;
#11672 = SURFACE_STYLE_USAGE ( .BOTH. , #5332 ) ;
#11673 = DIRECTION ( 'NONE',  ( 1.000000000000000000, 0.000000000000000000, 0.000000000000000000 ) ) ;
#11674 = AXIS2_PLACEMENT_3D ( 'NONE', #10899, #6298, #1756 ) ;
#11675 =( GEOMETRIC_REPRESENTATION_CONTEXT ( 3 ) GLOBAL_UNCERTAINTY_ASSIGNED_CONTEXT ( ( #786 ) ) GLOBAL_UNIT_ASSIGNED_CONTEXT ( ( #11862, #5448, #10126 ) ) REPRESENTATION_CONTEXT ( 'NONE', 'WORKASPACE' ) );
#11676 = DIRECTION ( 'NONE',  ( -0.000000000000000000, -0.000000000000000000, 1.000000000000000000 ) ) ;
#11677 = EDGE_CURVE ( 'NONE', #3013, #1535, #5118, .T. ) ;
#11678 = EDGE_LOOP ( 'NONE', ( #2660, #3510, #1606, #7525 ) ) ;
#11679 = SURFACE_STYLE_FILL_AREA ( #2715 ) ;
#11680 = PRESENTATION_STYLE_ASSIGNMENT (( #10754 ) ) ;
#11681 = PRESENTATION_STYLE_ASSIGNMENT (( #6228 ) ) ;
#11682 = MECHANICAL_DESIGN_GEOMETRIC_PRESENTATION_REPRESENTATION (  '', ( #8598 ), #7062 ) ;
#11683 = COLOUR_RGB ( '',0.2862745098039215508, 0.2862745098039215508, 0.2862745098039215508 ) ;
#11684 = DIRECTION ( 'NONE',  ( -0.9840406976462909849, 0.000000000000000000, 0.1779435454738416966 ) ) ;
#11685 =( GEOMETRIC_REPRESENTATION_CONTEXT ( 3 ) GLOBAL_UNCERTAINTY_ASSIGNED_CONTEXT ( ( #4394 ) ) GLOBAL_UNIT_ASSIGNED_CONTEXT ( ( #6494, #6259, #4601 ) ) REPRESENTATION_CONTEXT ( 'NONE', 'WORKASPACE' ) );
#11686 = MECHANICAL_DESIGN_GEOMETRIC_PRESENTATION_REPRESENTATION (  '', ( #8010 ), #3238 ) ;
#11687 =( NAMED_UNIT ( * ) PLANE_ANGLE_UNIT ( ) SI_UNIT ( $, .RADIAN. ) );
#11688 = EDGE_CURVE ( 'NONE', #4744, #2229, #3225, .T. ) ;
#11689 = FILL_AREA_STYLE_COLOUR ( '', #3006 ) ;
#11690 = FILL_AREA_STYLE ('',( #682 ) ) ;
#11691 = COLOUR_RGB ( '',0.2862745098039215508, 0.2862745098039215508, 0.2862745098039215508 ) ;
#11692 = CARTESIAN_POINT ( 'NONE',  ( -0.4149999999999999800, -2.319999999999999840, 0.000000000000000000 ) ) ;
#11693 = ORIENTED_EDGE ( 'NONE', *, *, #9671, .F. ) ;
#11694 = EDGE_CURVE ( 'NONE', #1259, #8611, #6067, .T. ) ;
#11695 = DIRECTION ( 'NONE',  ( 0.000000000000000000, 0.000000000000000000, 1.000000000000000000 ) ) ;
#11696 = LINE ( 'NONE', #5293, #377 ) ;
#11697 = ORIENTED_EDGE ( 'NONE', *, *, #6649, .T. ) ;
#11698 = SURFACE_STYLE_USAGE ( .BOTH. , #4464 ) ;
#11699 = MECHANICAL_DESIGN_GEOMETRIC_PRESENTATION_REPRESENTATION (  '', ( #8198 ), #8955 ) ;
#11700 = ORIENTED_EDGE ( 'NONE', *, *, #1767, .T. ) ;
#11701 = AXIS2_PLACEMENT_3D ( 'NONE', #10911, #8171, #10847 ) ;
#11702 = DIRECTION ( 'NONE',  ( 0.000000000000000000, 1.000000000000000000, 0.000000000000000000 ) ) ;
#11703 = CARTESIAN_POINT ( 'NONE',  ( 2.185000000000000497, 2.770000000000000018, 0.000000000000000000 ) ) ;
#11704 = MECHANICAL_DESIGN_GEOMETRIC_PRESENTATION_REPRESENTATION (  '', ( #4227 ), #2866 ) ;
#11705 = FACE_OUTER_BOUND ( 'NONE', #5303, .T. ) ;
#11706 = DIRECTION ( 'NONE',  ( -1.000000000000000000, 0.000000000000000000, 0.000000000000000000 ) ) ;
#11707 = EDGE_CURVE ( 'NONE', #11354, #4519, #11568, .T. ) ;
#11708 = DIRECTION ( 'NONE',  ( -0.000000000000000000, -0.000000000000000000, -1.000000000000000000 ) ) ;
#11709 = ADVANCED_FACE ( 'NONE', ( #6779 ), #11513, .T. ) ;
#11710 = LINE ( 'NONE', #6185, #3390 ) ;
#11711 = STYLED_ITEM ( 'NONE', ( #1408 ), #323 ) ;
#11712 = PLANE ( 'NONE',  #6960 ) ;
#11713 = ORIENTED_EDGE ( 'NONE', *, *, #3709, .T. ) ;
#11714 =( GEOMETRIC_REPRESENTATION_CONTEXT ( 3 ) GLOBAL_UNCERTAINTY_ASSIGNED_CONTEXT ( ( #3593 ) ) GLOBAL_UNIT_ASSIGNED_CONTEXT ( ( #2967, #8449, #5099 ) ) REPRESENTATION_CONTEXT ( 'NONE', 'WORKASPACE' ) );
#11715 = DIRECTION ( 'NONE',  ( -0.000000000000000000, -0.000000000000000000, -1.000000000000000000 ) ) ;
#11716 = VERTEX_POINT ( 'NONE', #3280 ) ;
#11717 = CARTESIAN_POINT ( 'NONE',  ( 0.3550000000000000377, 2.470000000000000195, 0.2500000000000000000 ) ) ;
#11718 =( GEOMETRIC_REPRESENTATION_CONTEXT ( 3 ) GLOBAL_UNCERTAINTY_ASSIGNED_CONTEXT ( ( #9034 ) ) GLOBAL_UNIT_ASSIGNED_CONTEXT ( ( #10611, #7105, #8839 ) ) REPRESENTATION_CONTEXT ( 'NONE', 'WORKASPACE' ) );
#11719 = ORIENTED_EDGE ( 'NONE', *, *, #8940, .F. ) ;
#11720 = LINE ( 'NONE', #5133, #7410 ) ;
#11721 = FILL_AREA_STYLE ('',( #9754 ) ) ;
#11722 = ORIENTED_EDGE ( 'NONE', *, *, #5717, .T. ) ;
#11723 = DIRECTION ( 'NONE',  ( -2.025954424498460092E-16, 1.000000000000000000, 0.000000000000000000 ) ) ;
#11724 = DIRECTION ( 'NONE',  ( 0.000000000000000000, 0.000000000000000000, 1.000000000000000000 ) ) ;
#11725 = CARTESIAN_POINT ( 'NONE',  ( 1.647500000000000187, 2.782500000000000195, 0.2500000000000000000 ) ) ;
#11726 =( NAMED_UNIT ( * ) PLANE_ANGLE_UNIT ( ) SI_UNIT ( $, .RADIAN. ) );
#11727 = ORIENTED_EDGE ( 'NONE', *, *, #3637, .T. ) ;
#11728 = SURFACE_SIDE_STYLE ('',( #1613 ) ) ;
#11729 = ORIENTED_EDGE ( 'NONE', *, *, #10967, .F. ) ;
#11730 = SURFACE_STYLE_USAGE ( .BOTH. , #663 ) ;
#11731 = AXIS2_PLACEMENT_3D ( 'NONE', #4251, #7687, #3344 ) ;
#11732 =( NAMED_UNIT ( * ) PLANE_ANGLE_UNIT ( ) SI_UNIT ( $, .RADIAN. ) );
#11733 = SURFACE_STYLE_FILL_AREA ( #8028 ) ;
#11734 = SURFACE_STYLE_FILL_AREA ( #3487 ) ;
#11735 = CARTESIAN_POINT ( 'NONE',  ( -0.6350000000000000089, -2.620000000000000551, 0.000000000000000000 ) ) ;
#11736 = CARTESIAN_POINT ( 'NONE',  ( -5.551115123125779744E-16, 0.02000000000000070471, 0.2500000000000000000 ) ) ;
#11737 = VECTOR ( 'NONE', #8366, 1000.000000000000000 ) ;
#11738 =( LENGTH_UNIT ( ) NAMED_UNIT ( * ) SI_UNIT ( .MILLI., .METRE. ) );
#11739 = UNCERTAINTY_MEASURE_WITH_UNIT (LENGTH_MEASURE( 1.000000000000000082E-05 ), #9426, 'distance_accuracy_value', 'NONE');
#11740 =( NAMED_UNIT ( * ) SI_UNIT ( $, .STERADIAN. ) SOLID_ANGLE_UNIT ( ) );
#11741 =( NAMED_UNIT ( * ) PLANE_ANGLE_UNIT ( ) SI_UNIT ( $, .RADIAN. ) );
#11742 = VERTEX_POINT ( 'NONE', #8596 ) ;
#11743 = DIRECTION ( 'NONE',  ( 0.000000000000000000, 0.000000000000000000, 1.000000000000000000 ) ) ;
#11744 = SURFACE_STYLE_FILL_AREA ( #8040 ) ;
#11745 = CARTESIAN_POINT ( 'NONE',  ( -5.551115123125779744E-16, 1.070000000000000062, 0.2500000000000000000 ) ) ;
#11746 = DIRECTION ( 'NONE',  ( -1.000000000000000000, -0.000000000000000000, 0.000000000000000000 ) ) ;
#11747 = SURFACE_STYLE_FILL_AREA ( #8044 ) ;
#11748 = FILL_AREA_STYLE ('',( #10018 ) ) ;
#11749 = UNCERTAINTY_MEASURE_WITH_UNIT (LENGTH_MEASURE( 1.000000000000000082E-05 ), #7742, 'distance_accuracy_value', 'NONE');
#11750 = CARTESIAN_POINT ( 'NONE',  ( 0.3549999999999999822, 1.070000000000000062, 0.2500000000000000000 ) ) ;
#11751 = ORIENTED_EDGE ( 'NONE', *, *, #2288, .F. ) ;
#11752 = CARTESIAN_POINT ( 'NONE',  ( 2.125000000000000000, -2.319999999999999840, 0.000000000000000000 ) ) ;
#11753 = VECTOR ( 'NONE', #6686, 1000.000000000000114 ) ;
#11754 = SURFACE_STYLE_FILL_AREA ( #3342 ) ;
#11755 = ORIENTED_EDGE ( 'NONE', *, *, #8794, .F. ) ;
#11756 = DIRECTION ( 'NONE',  ( 0.000000000000000000, -1.000000000000000000, -0.000000000000000000 ) ) ;
#11757 = ORIENTED_EDGE ( 'NONE', *, *, #1999, .T. ) ;
#11758 = LINE ( 'NONE', #1823, #3512 ) ;
#11759 = CARTESIAN_POINT ( 'NONE',  ( 2.185000000000000497, 0.02000000000000060757, 0.000000000000000000 ) ) ;
#11760 = VECTOR ( 'NONE', #8123, 1000.000000000000000 ) ;
#11761 =( GEOMETRIC_REPRESENTATION_CONTEXT ( 3 ) GLOBAL_UNCERTAINTY_ASSIGNED_CONTEXT ( ( #10385 ) ) GLOBAL_UNIT_ASSIGNED_CONTEXT ( ( #2966, #263, #3141 ) ) REPRESENTATION_CONTEXT ( 'NONE', 'WORKASPACE' ) );
#11762 = EDGE_CURVE ( 'NONE', #7577, #1054, #8054, .T. ) ;
#11763 =( NAMED_UNIT ( * ) PLANE_ANGLE_UNIT ( ) SI_UNIT ( $, .RADIAN. ) );
#11764 = SURFACE_SIDE_STYLE ('',( #4417 ) ) ;
#11765 = SURFACE_STYLE_USAGE ( .BOTH. , #10777 ) ;
#11766 = FILL_AREA_STYLE ('',( #4592 ) ) ;
#11767 = VERTEX_POINT ( 'NONE', #14 ) ;
#11768 = FILL_AREA_STYLE ('',( #1659 ) ) ;
#11769 = UNCERTAINTY_MEASURE_WITH_UNIT (LENGTH_MEASURE( 1.000000000000000082E-05 ), #1008, 'distance_accuracy_value', 'NONE');
#11770 =( NAMED_UNIT ( * ) SI_UNIT ( $, .STERADIAN. ) SOLID_ANGLE_UNIT ( ) );
#11771 = STYLED_ITEM ( 'NONE', ( #3403 ), #10031 ) ;
#11772 = SURFACE_STYLE_USAGE ( .BOTH. , #8960 ) ;
#11773 = ORIENTED_EDGE ( 'NONE', *, *, #6454, .T. ) ;
#11774 = LINE ( 'NONE', #3646, #10171 ) ;
#11775 = AXIS2_PLACEMENT_3D ( 'NONE', #5746, #2774, #4617 ) ;
#11776 = ORIENTED_EDGE ( 'NONE', *, *, #2883, .F. ) ;
#11777 =( NAMED_UNIT ( * ) PLANE_ANGLE_UNIT ( ) SI_UNIT ( $, .RADIAN. ) );
#11778 = EDGE_CURVE ( 'NONE', #11807, #2905, #5236, .T. ) ;
#11779 = EDGE_CURVE ( 'NONE', #6038, #3890, #5295, .T. ) ;
#11780 = VECTOR ( 'NONE', #2124, 1000.000000000000000 ) ;
#11781 = ORIENTED_EDGE ( 'NONE', *, *, #3111, .T. ) ;
#11782 = COLOUR_RGB ( '',0.2862745098039215508, 0.2862745098039215508, 0.2862745098039215508 ) ;
#11783 = STYLED_ITEM ( 'NONE', ( #4146 ), #4281 ) ;
#11784 = PLANE ( 'NONE',  #4871 ) ;
#11785 =( NAMED_UNIT ( * ) SI_UNIT ( $, .STERADIAN. ) SOLID_ANGLE_UNIT ( ) );
#11786 = UNCERTAINTY_MEASURE_WITH_UNIT (LENGTH_MEASURE( 1.000000000000000082E-05 ), #2175, 'distance_accuracy_value', 'NONE');
#11787 = PLANE ( 'NONE',  #6759 ) ;
#11788 = VERTEX_POINT ( 'NONE', #7087 ) ;
#11789 = SURFACE_STYLE_USAGE ( .BOTH. , #3484 ) ;
#11790 = FILL_AREA_STYLE ('',( #9820 ) ) ;
#11791 = VERTEX_POINT ( 'NONE', #3508 ) ;
#11792 =( GEOMETRIC_REPRESENTATION_CONTEXT ( 3 ) GLOBAL_UNCERTAINTY_ASSIGNED_CONTEXT ( ( #5979 ) ) GLOBAL_UNIT_ASSIGNED_CONTEXT ( ( #8719, #10719, #4079 ) ) REPRESENTATION_CONTEXT ( 'NONE', 'WORKASPACE' ) );
#11793 = PRESENTATION_STYLE_ASSIGNMENT (( #5323 ) ) ;
#11794 = CARTESIAN_POINT ( 'NONE',  ( 1.647500000000000187, 2.507499999999999840, 0.000000000000000000 ) ) ;
#11795 =( GEOMETRIC_REPRESENTATION_CONTEXT ( 3 ) GLOBAL_UNCERTAINTY_ASSIGNED_CONTEXT ( ( #9171 ) ) GLOBAL_UNIT_ASSIGNED_CONTEXT ( ( #2460, #10856, #6030 ) ) REPRESENTATION_CONTEXT ( 'NONE', 'WORKASPACE' ) );
#11796 = EDGE_CURVE ( 'NONE', #7661, #8221, #8405, .T. ) ;
#11797 = FACE_OUTER_BOUND ( 'NONE', #4540, .T. ) ;
#11798 = SURFACE_SIDE_STYLE ('',( #6278 ) ) ;
#11799 = AXIS2_PLACEMENT_3D ( 'NONE', #6439, #7581, #10300 ) ;
#11800 = CARTESIAN_POINT ( 'NONE',  ( -2.322846589849782539, -2.636255932742949337, 1.057190940930531786 ) ) ;
#11801 = PRESENTATION_LAYER_ASSIGNMENT (  '', '', ( #1423 ) ) ;
#11802 = CARTESIAN_POINT ( 'NONE',  ( 0.8924999999999999600, 2.507499999999999840, 0.000000000000000000 ) ) ;
#11803 =( LENGTH_UNIT ( ) NAMED_UNIT ( * ) SI_UNIT ( .MILLI., .METRE. ) );
#11804 =( NAMED_UNIT ( * ) SI_UNIT ( $, .STERADIAN. ) SOLID_ANGLE_UNIT ( ) );
#11805 = DIRECTION ( 'NONE',  ( 1.000000000000000000, 0.000000000000000000, 0.000000000000000000 ) ) ;
#11806 = PLANE ( 'NONE',  #2817 ) ;
#11807 = VERTEX_POINT ( 'NONE', #9118 ) ;
#11808 =( NAMED_UNIT ( * ) SI_UNIT ( $, .STERADIAN. ) SOLID_ANGLE_UNIT ( ) );
#11809 = DIRECTION ( 'NONE',  ( -1.000000000000000000, -2.155772863349820033E-16, 0.000000000000000000 ) ) ;
#11810 = VECTOR ( 'NONE', #8539, 1000.000000000000000 ) ;
#11811 = STYLED_ITEM ( 'NONE', ( #11141 ), #1914 ) ;
#11812 = SURFACE_STYLE_USAGE ( .BOTH. , #4571 ) ;
#11813 = STYLED_ITEM ( 'NONE', ( #9423 ), #7332 ) ;
#11814 =( NAMED_UNIT ( * ) SI_UNIT ( $, .STERADIAN. ) SOLID_ANGLE_UNIT ( ) );
#11815 = VECTOR ( 'NONE', #5532, 1000.000000000000000 ) ;
#11816 = DIRECTION ( 'NONE',  ( -1.000000000000000000, -2.155772863349820033E-16, -0.000000000000000000 ) ) ;
#11817 = CIRCLE ( 'NONE', #3366, 0.03749999999999988065 ) ;
#11818 = CYLINDRICAL_SURFACE ( 'NONE', #6591, 0.03750000000000020678 ) ;
#11819 = ORIENTED_EDGE ( 'NONE', *, *, #9983, .T. ) ;
#11820 =( NAMED_UNIT ( * ) SI_UNIT ( $, .STERADIAN. ) SOLID_ANGLE_UNIT ( ) );
#11821 = CARTESIAN_POINT ( 'NONE',  ( 1.647500000000000187, 2.507499999999999840, 0.000000000000000000 ) ) ;
#11822 = DIRECTION ( 'NONE',  ( 0.000000000000000000, -1.000000000000000000, 0.000000000000000000 ) ) ;
#11823 = CARTESIAN_POINT ( 'NONE',  ( -0.3549999999999999822, 2.419999999999999929, 0.000000000000000000 ) ) ;
#11824 = ORIENTED_EDGE ( 'NONE', *, *, #9607, .F. ) ;
#11825 = DIRECTION ( 'NONE',  ( 1.000000000000000000, -0.000000000000000000, -0.000000000000000000 ) ) ;
#11826 = STYLED_ITEM ( 'NONE', ( #4462 ), #8076 ) ;
#11827 = VECTOR ( 'NONE', #5350, 1000.000000000000000 ) ;
#11828 = ORIENTED_EDGE ( 'NONE', *, *, #4063, .T. ) ;
#11829 = FILL_AREA_STYLE ('',( #5528 ) ) ;
#11830 = AXIS2_PLACEMENT_3D ( 'NONE', #1844, #4541, #11723 ) ;
#11831 = PRESENTATION_STYLE_ASSIGNMENT (( #3693 ) ) ;
#11832 = STYLED_ITEM ( 'NONE', ( #8060 ), #2354 ) ;
#11833 = SURFACE_STYLE_USAGE ( .BOTH. , #811 ) ;
#11834 =( NAMED_UNIT ( * ) SI_UNIT ( $, .STERADIAN. ) SOLID_ANGLE_UNIT ( ) );
#11835 = DIRECTION ( 'NONE',  ( 1.000000000000000000, 0.000000000000000000, 0.000000000000000000 ) ) ;
#11836 = MECHANICAL_DESIGN_GEOMETRIC_PRESENTATION_REPRESENTATION (  '', ( #3959 ), #309 ) ;
#11837 = ORIENTED_EDGE ( 'NONE', *, *, #6506, .F. ) ;
#11838 = VECTOR ( 'NONE', #108, 1000.000000000000000 ) ;
#11839 =( NAMED_UNIT ( * ) SI_UNIT ( $, .STERADIAN. ) SOLID_ANGLE_UNIT ( ) );
#11840 = FACE_OUTER_BOUND ( 'NONE', #1721, .T. ) ;
#11841 = VERTEX_POINT ( 'NONE', #3688 ) ;
#11842 = DIRECTION ( 'NONE',  ( 0.000000000000000000, -1.000000000000000000, 0.000000000000000000 ) ) ;
#11843 = ORIENTED_EDGE ( 'NONE', *, *, #6147, .F. ) ;
#11844 = SURFACE_STYLE_USAGE ( .BOTH. , #826 ) ;
#11845 = VECTOR ( 'NONE', #1057, 1000.000000000000000 ) ;
#11846 = LINE ( 'NONE', #103, #8401 ) ;
#11847 = CARTESIAN_POINT ( 'NONE',  ( 0.4149999999999999800, -2.319999999999999840, 0.2500000000000000000 ) ) ;
#11848 = STYLED_ITEM ( 'NONE', ( #10694 ), #2740 ) ;
#11849 = ORIENTED_EDGE ( 'NONE', *, *, #3837, .T. ) ;
#11850 = DIRECTION ( 'NONE',  ( -0.000000000000000000, 0.000000000000000000, -1.000000000000000000 ) ) ;
#11851 = EDGE_CURVE ( 'NONE', #838, #10092, #690, .T. ) ;
#11852 = DIRECTION ( 'NONE',  ( 1.000000000000000000, -0.000000000000000000, 0.000000000000000000 ) ) ;
#11853 = FILL_AREA_STYLE_COLOUR ( '', #4496 ) ;
#11854 = ORIENTED_EDGE ( 'NONE', *, *, #8798, .F. ) ;
#11855 = PRESENTATION_LAYER_ASSIGNMENT (  '', '', ( #5665 ) ) ;
#11856 = LINE ( 'NONE', #3596, #7508 ) ;
#11857 = DIRECTION ( 'NONE',  ( -0.000000000000000000, -0.000000000000000000, 1.000000000000000000 ) ) ;
#11858 = EDGE_LOOP ( 'NONE', ( #1852, #5221, #4781, #2987 ) ) ;
#11859 = MECHANICAL_DESIGN_GEOMETRIC_PRESENTATION_REPRESENTATION (  '', ( #10081 ), #2816 ) ;
#11860 = ADVANCED_FACE ( 'NONE', ( #2679 ), #2726, .F. ) ;
#11861 = VECTOR ( 'NONE', #4903, 1000.000000000000000 ) ;
#11862 =( LENGTH_UNIT ( ) NAMED_UNIT ( * ) SI_UNIT ( .MILLI., .METRE. ) );
#11863 = FILL_AREA_STYLE_COLOUR ( '', #5136 ) ;
#11864 = CARTESIAN_POINT ( 'NONE',  ( 0.8549999999999999822, 5.551115123125779744E-16, 0.000000000000000000 ) ) ;
#11865 = DIRECTION ( 'NONE',  ( 1.000000000000000000, -0.000000000000000000, 0.000000000000000000 ) ) ;
#11866 = PRESENTATION_LAYER_ASSIGNMENT (  '', '', ( #3010 ) ) ;
#11867 = VECTOR ( 'NONE', #10150, 1000.000000000000000 ) ;
#11868 = EDGE_CURVE ( 'NONE', #11354, #4761, #7850, .T. ) ;
#11869 = SURFACE_STYLE_USAGE ( .BOTH. , #726 ) ;
#11870 = EDGE_LOOP ( 'NONE', ( #9910, #1225, #2130, #5483 ) ) ;
#11871 = EDGE_CURVE ( 'NONE', #6740, #4744, #6352, .T. ) ;
#11872 = UNCERTAINTY_MEASURE_WITH_UNIT (LENGTH_MEASURE( 1.000000000000000082E-05 ), #952, 'distance_accuracy_value', 'NONE');
#11873 = FACE_OUTER_BOUND ( 'NONE', #11105, .T. ) ;
#11874 = FACE_OUTER_BOUND ( 'NONE', #6078, .T. ) ;
#11875 = ADVANCED_FACE ( 'NONE', ( #10769 ), #6300, .F. ) ;
#11876 = DIRECTION ( 'NONE',  ( 1.000000000000000000, -4.956352788505170170E-16, 0.000000000000000000 ) ) ;
#11877 = ORIENTED_EDGE ( 'NONE', *, *, #11884, .F. ) ;
#11878 = SURFACE_SIDE_STYLE ('',( #11679 ) ) ;
#11879 = STYLED_ITEM ( 'NONE', ( #11793 ), #5436 ) ;
#11880 = LINE ( 'NONE', #10141, #9302 ) ;
#11881 = AXIS2_PLACEMENT_3D ( 'NONE', #5304, #6879, #6253 ) ;
#11882 =( NAMED_UNIT ( * ) SI_UNIT ( $, .STERADIAN. ) SOLID_ANGLE_UNIT ( ) );
#11883 = DIRECTION ( 'NONE',  ( 0.000000000000000000, 0.000000000000000000, -1.000000000000000000 ) ) ;
#11884 = EDGE_CURVE ( 'NONE', #9164, #8877, #5644, .T. ) ;
#11885 = CARTESIAN_POINT ( 'NONE',  ( 0.3549999999999999822, 2.419999999999999929, 0.000000000000000000 ) ) ;
#11886 = CARTESIAN_POINT ( 'NONE',  ( 0.4150000000000003131, -2.782500000000000195, 0.000000000000000000 ) ) ;
#11887 = SURFACE_STYLE_USAGE ( .BOTH. , #6349 ) ;
#11888 = ORIENTED_EDGE ( 'NONE', *, *, #7925, .T. ) ;
#11889 = MECHANICAL_DESIGN_GEOMETRIC_PRESENTATION_REPRESENTATION (  '', ( #4745 ), #2474 ) ;
#11890 = ORIENTED_EDGE ( 'NONE', *, *, #2057, .F. ) ;
#11891 = AXIS2_PLACEMENT_3D ( 'NONE', #7955, #5972, #3416 ) ;
#11892 = CARTESIAN_POINT ( 'NONE',  ( -1.647500000000000187, -2.782500000000000195, 0.000000000000000000 ) ) ;
#11893 = VECTOR ( 'NONE', #10641, 1000.000000000000000 ) ;
#11894 = STYLED_ITEM ( 'NONE', ( #8148 ), #6170 ) ;
#11895 = LINE ( 'NONE', #10970, #1079 ) ;
#11896 = ORIENTED_EDGE ( 'NONE', *, *, #7800, .T. ) ;
#11897 =( GEOMETRIC_REPRESENTATION_CONTEXT ( 3 ) GLOBAL_UNCERTAINTY_ASSIGNED_CONTEXT ( ( #5217 ) ) GLOBAL_UNIT_ASSIGNED_CONTEXT ( ( #3568, #8165, #6350 ) ) REPRESENTATION_CONTEXT ( 'NONE', 'WORKASPACE' ) );
#11898 = UNCERTAINTY_MEASURE_WITH_UNIT (LENGTH_MEASURE( 1.000000000000000082E-05 ), #550, 'distance_accuracy_value', 'NONE');
#11899 = LINE ( 'NONE', #4369, #359 ) ;
#11900 = VERTEX_POINT ( 'NONE', #9177 ) ;
#11901 = DIRECTION ( 'NONE',  ( -0.000000000000000000, -0.000000000000000000, -1.000000000000000000 ) ) ;
#11902 = VERTEX_POINT ( 'NONE', #8396 ) ;
#11903 = FACE_OUTER_BOUND ( 'NONE', #8647, .T. ) ;
#11904 = CIRCLE ( 'NONE', #6665, 0.07999999999999990452 ) ;
#11905 = FILL_AREA_STYLE_COLOUR ( '', #3846 ) ;
#11906 = DIRECTION ( 'NONE',  ( 1.000000000000000000, 0.000000000000000000, 0.000000000000000000 ) ) ;
#11907 = AXIS2_PLACEMENT_3D ( 'NONE', #9559, #4922, #8642 ) ;
#11908 = VERTEX_POINT ( 'NONE', #77 ) ;
#11909 = PLANE ( 'NONE',  #10157 ) ;
#11910 = LINE ( 'NONE', #8298, #659 ) ;
#11911 = PRESENTATION_LAYER_ASSIGNMENT (  '', '', ( #1341 ) ) ;
#11912 = FILL_AREA_STYLE ('',( #5673 ) ) ;
#11913 = ORIENTED_EDGE ( 'NONE', *, *, #3175, .T. ) ;
#11914 = FILL_AREA_STYLE ('',( #4492 ) ) ;
#11915 = ORIENTED_EDGE ( 'NONE', *, *, #1711, .T. ) ;
#11916 = DIRECTION ( 'NONE',  ( 0.9840406976462909849, 0.000000000000000000, -0.1779435454738416966 ) ) ;
#11917 = EDGE_LOOP ( 'NONE', ( #2333, #3467, #268, #2626 ) ) ;
#11918 =( GEOMETRIC_REPRESENTATION_CONTEXT ( 3 ) GLOBAL_UNCERTAINTY_ASSIGNED_CONTEXT ( ( #11529 ) ) GLOBAL_UNIT_ASSIGNED_CONTEXT ( ( #8692, #6892, #6711 ) ) REPRESENTATION_CONTEXT ( 'NONE', 'WORKASPACE' ) );
#11919 = AXIS2_PLACEMENT_3D ( 'NONE', #805, #11825, #9054 ) ;
#11920 = DIRECTION ( 'NONE',  ( 0.000000000000000000, -0.000000000000000000, 1.000000000000000000 ) ) ;
#11921 = DIRECTION ( 'NONE',  ( -0.000000000000000000, -0.000000000000000000, -1.000000000000000000 ) ) ;
#11922 = NEXT_ASSEMBLY_USAGE_OCCURRENCE ( 'NAUO1', ' ', ' ', #5402, #5189, $ ) ;
#11923 = NEXT_ASSEMBLY_USAGE_OCCURRENCE ( 'NAUO2', ' ', ' ', #5402, #9654, $ ) ;
#11924 = NEXT_ASSEMBLY_USAGE_OCCURRENCE ( 'NAUO3', ' ', ' ', #5402, #5700, $ ) ;
ENDSEC;
END-ISO-10303-21;
