ISO-10303-21;
HEADER;
FILE_DESCRIPTION (( 'STEP AP214' ),
    '1' );
FILE_NAME ('1299.STEP',
    '2008-01-14T18:46:19',
    ( 'Richard Maletta' ),
    ( '' ),
    'SwSTEP 2.0',
    'SolidWorks 2008',
    '' );
FILE_SCHEMA (( 'AUTOMOTIVE_DESIGN' ));
ENDSEC;

DATA;
#1 = EDGE_CURVE ( 'NONE', #3, #122, #1244, .T. ) ;
#2 = VERTEX_POINT ( 'NONE', #1239 ) ;
#3 = VERTEX_POINT ( 'NONE', #1238 ) ;
#4 = ORIENTED_EDGE ( 'NONE', *, *, #22, .F. ) ;
#5 = EDGE_CURVE ( 'NONE', #12, #14, #1237, .T. ) ;
#6 = ORIENTED_EDGE ( 'NONE', *, *, #7, .T. ) ;
#7 = EDGE_CURVE ( 'NONE', #14, #8, #1233, .T. ) ;
#8 = VERTEX_POINT ( 'NONE', #1229 ) ;
#9 = VERTEX_POINT ( 'NONE', #1320 ) ;
#10 = ORIENTED_EDGE ( 'NONE', *, *, #11, .T. ) ;
#11 = EDGE_CURVE ( 'NONE', #127, #12, #1319, .T. ) ;
#12 = VERTEX_POINT ( 'NONE', #1315 ) ;
#13 = ORIENTED_EDGE ( 'NONE', *, *, #5, .T. ) ;
#14 = VERTEX_POINT ( 'NONE', #1314 ) ;
#15 = ORIENTED_EDGE ( 'NONE', *, *, #133, .T. ) ;
#16 = ORIENTED_EDGE ( 'NONE', *, *, #17, .T. ) ;
#17 = EDGE_CURVE ( 'NONE', #19, #172, #1313, .T. ) ;
#18 = ORIENTED_EDGE ( 'NONE', *, *, #171, .T. ) ;
#19 = VERTEX_POINT ( 'NONE', #1309 ) ;
#20 = EDGE_CURVE ( 'NONE', #19, #182, #1308, .T. ) ;
#21 = ORIENTED_EDGE ( 'NONE', *, *, #22, .T. ) ;
#22 = EDGE_CURVE ( 'NONE', #19, #162, #1304, .T. ) ;
#23 = ORIENTED_EDGE ( 'NONE', *, *, #24, .F. ) ;
#24 = EDGE_CURVE ( 'NONE', #25, #26, #1300, .T. ) ;
#25 = VERTEX_POINT ( 'NONE', #1296 ) ;
#26 = VERTEX_POINT ( 'NONE', #1295 ) ;
#27 = ORIENTED_EDGE ( 'NONE', *, *, #28, .T. ) ;
#28 = EDGE_CURVE ( 'NONE', #25, #36, #1294, .T. ) ;
#29 = ORIENTED_EDGE ( 'NONE', *, *, #30, .F. ) ;
#30 = EDGE_CURVE ( 'NONE', #59, #61, #1290, .T. ) ;
#31 = ORIENTED_EDGE ( 'NONE', *, *, #58, .F. ) ;
#32 = ORIENTED_EDGE ( 'NONE', *, *, #33, .F. ) ;
#33 = EDGE_CURVE ( 'NONE', #52, #56, #1197, .T. ) ;
#34 = ADVANCED_FACE ( 'NONE', ( #1193 ), #1192, .T. ) ;
#35 = EDGE_LOOP ( 'NONE', ( #23, #27, #37, #40 ) ) ;
#36 = VERTEX_POINT ( 'NONE', #1187 ) ;
#37 = ORIENTED_EDGE ( 'NONE', *, *, #38, .T. ) ;
#38 = EDGE_CURVE ( 'NONE', #36, #39, #1186, .T. ) ;
#39 = VERTEX_POINT ( 'NONE', #1182 ) ;
#40 = ORIENTED_EDGE ( 'NONE', *, *, #41, .F. ) ;
#41 = EDGE_CURVE ( 'NONE', #26, #39, #1181, .T. ) ;
#42 = ORIENTED_EDGE ( 'NONE', *, *, #51, .F. ) ;
#43 = ORIENTED_EDGE ( 'NONE', *, *, #44, .T. ) ;
#44 = EDGE_CURVE ( 'NONE', #84, #55, #1175, .T. ) ;
#45 = ORIENTED_EDGE ( 'NONE', *, *, #106, .T. ) ;
#46 = ADVANCED_FACE ( 'NONE', ( #1177 ), #1176, .F. ) ;
#47 = EDGE_CURVE ( 'NONE', #94, #50, #1220, .T. ) ;
#48 = EDGE_CURVE ( 'NONE', #94, #97, #1212, .T. ) ;
#49 = ADVANCED_FACE ( 'NONE', ( #1208 ), #1206, .F. ) ;
#50 = VERTEX_POINT ( 'NONE', #1207 ) ;
#51 = EDGE_CURVE ( 'NONE', #84, #52, #1341, .T. ) ;
#52 = VERTEX_POINT ( 'NONE', #1337 ) ;
#53 = ORIENTED_EDGE ( 'NONE', *, *, #54, .T. ) ;
#54 = EDGE_CURVE ( 'NONE', #55, #56, #1334, .T. ) ;
#55 = VERTEX_POINT ( 'NONE', #1336 ) ;
#56 = VERTEX_POINT ( 'NONE', #1335 ) ;
#57 = ORIENTED_EDGE ( 'NONE', *, *, #58, .T. ) ;
#58 = EDGE_CURVE ( 'NONE', #56, #59, #1326, .T. ) ;
#59 = VERTEX_POINT ( 'NONE', #1321 ) ;
#60 = ORIENTED_EDGE ( 'NONE', *, *, #104, .F. ) ;
#61 = VERTEX_POINT ( 'NONE', #1322 ) ;
#62 = EDGE_CURVE ( 'NONE', #90, #84, #1289, .T. ) ;
#63 = ORIENTED_EDGE ( 'NONE', *, *, #51, .T. ) ;
#64 = VERTEX_POINT ( 'NONE', #1285 ) ;
#65 = ORIENTED_EDGE ( 'NONE', *, *, #66, .F. ) ;
#66 = EDGE_CURVE ( 'NONE', #200, #199, #1284, .T. ) ;
#67 = ORIENTED_EDGE ( 'NONE', *, *, #210, .F. ) ;
#68 = VERTEX_POINT ( 'NONE', #1280 ) ;
#69 = ORIENTED_EDGE ( 'NONE', *, *, #104, .T. ) ;
#70 = ORIENTED_EDGE ( 'NONE', *, *, #30, .T. ) ;
#71 = ADVANCED_FACE ( 'NONE', ( #1279 ), #1277, .T. ) ;
#72 = EDGE_LOOP ( 'NONE', ( #73, #74, #393, #378 ) ) ;
#73 = ORIENTED_EDGE ( 'NONE', *, *, #208, .T. ) ;
#74 = ORIENTED_EDGE ( 'NONE', *, *, #75, .F. ) ;
#75 = EDGE_CURVE ( 'NONE', #122, #209, #1273, .T. ) ;
#76 = ORIENTED_EDGE ( 'NONE', *, *, #47, .F. ) ;
#77 = VERTEX_POINT ( 'NONE', #1269 ) ;
#78 = ORIENTED_EDGE ( 'NONE', *, *, #79, .F. ) ;
#79 = EDGE_CURVE ( 'NONE', #80, #409, #1268, .T. ) ;
#80 = VERTEX_POINT ( 'NONE', #1264 ) ;
#81 = VERTEX_POINT ( 'NONE', #1263 ) ;
#82 = EDGE_LOOP ( 'NONE', ( #93, #88, #83, #63, #95, #99 ) ) ;
#83 = ORIENTED_EDGE ( 'NONE', *, *, #62, .T. ) ;
#84 = VERTEX_POINT ( 'NONE', #1262 ) ;
#85 = ORIENTED_EDGE ( 'NONE', *, *, #48, .T. ) ;
#86 = ORIENTED_EDGE ( 'NONE', *, *, #87, .T. ) ;
#87 = EDGE_CURVE ( 'NONE', #97, #90, #1441, .T. ) ;
#88 = ORIENTED_EDGE ( 'NONE', *, *, #89, .T. ) ;
#89 = EDGE_CURVE ( 'NONE', #50, #90, #1396, .T. ) ;
#90 = VERTEX_POINT ( 'NONE', #1392 ) ;
#91 = ADVANCED_FACE ( 'NONE', ( #1391 ), #1390, .F. ) ;
#92 = EDGE_LOOP ( 'NONE', ( #53, #57, #60, #105 ) ) ;
#93 = ORIENTED_EDGE ( 'NONE', *, *, #47, .T. ) ;
#94 = VERTEX_POINT ( 'NONE', #1439 ) ;
#95 = ORIENTED_EDGE ( 'NONE', *, *, #96, .T. ) ;
#96 = EDGE_CURVE ( 'NONE', #52, #97, #1434, .T. ) ;
#97 = VERTEX_POINT ( 'NONE', #1433 ) ;
#98 = ORIENTED_EDGE ( 'NONE', *, *, #89, .F. ) ;
#99 = ORIENTED_EDGE ( 'NONE', *, *, #48, .F. ) ;
#100 = EDGE_LOOP ( 'NONE', ( #98, #101, #85, #86 ) ) ;
#101 = ORIENTED_EDGE ( 'NONE', *, *, #102, .T. ) ;
#102 = EDGE_CURVE ( 'NONE', #50, #94, #1460, .T. ) ;
#103 = MANIFOLD_SOLID_BREP ( 'NONE', #582 ) ;
#104 = EDGE_CURVE ( 'NONE', #61, #59, #1442, .T. ) ;
#105 = ORIENTED_EDGE ( 'NONE', *, *, #106, .F. ) ;
#106 = EDGE_CURVE ( 'NONE', #55, #61, #1521, .T. ) ;
#107 = ADVANCED_FACE ( 'NONE', ( #1517 ), #1515, .F. ) ;
#108 = EDGE_LOOP ( 'NONE', ( #42, #43, #45, #29, #31, #32 ) ) ;
#109 = EDGE_LOOP ( 'NONE', ( #110, #21, #121, #147, #151, #150 ) ) ;
#110 = ORIENTED_EDGE ( 'NONE', *, *, #20, .F. ) ;
#111 = ADVANCED_FACE ( 'NONE', ( #1516 ), #1510, .F. ) ;
#112 = ORIENTED_EDGE ( 'NONE', *, *, #166, .T. ) ;
#113 = ORIENTED_EDGE ( 'NONE', *, *, #410, .F. ) ;
#114 = VERTEX_POINT ( 'NONE', #1505 ) ;
#115 = ORIENTED_EDGE ( 'NONE', *, *, #206, .T. ) ;
#116 = ORIENTED_EDGE ( 'NONE', *, *, #117, .T. ) ;
#117 = EDGE_CURVE ( 'NONE', #140, #118, #1504, .T. ) ;
#118 = VERTEX_POINT ( 'NONE', #1500 ) ;
#119 = EDGE_CURVE ( 'NONE', #156, #26, #1499, .T. ) ;
#120 = EDGE_CURVE ( 'NONE', #25, #162, #1495, .T. ) ;
#121 = ORIENTED_EDGE ( 'NONE', *, *, #120, .F. ) ;
#122 = VERTEX_POINT ( 'NONE', #1386 ) ;
#123 = EDGE_LOOP ( 'NONE', ( #4, #16, #18, #15 ) ) ;
#124 = ADVANCED_FACE ( 'NONE', ( #1385 ), #1384, .T. ) ;
#125 = ORIENTED_EDGE ( 'NONE', *, *, #126, .T. ) ;
#126 = EDGE_CURVE ( 'NONE', #146, #127, #1382, .T. ) ;
#127 = VERTEX_POINT ( 'NONE', #1374 ) ;
#128 = ORIENTED_EDGE ( 'NONE', *, *, #129, .T. ) ;
#129 = EDGE_CURVE ( 'NONE', #8, #9, #1372, .T. ) ;
#130 = ORIENTED_EDGE ( 'NONE', *, *, #131, .T. ) ;
#131 = EDGE_CURVE ( 'NONE', #9, #132, #1373, .T. ) ;
#132 = VERTEX_POINT ( 'NONE', #1364 ) ;
#133 = EDGE_CURVE ( 'NONE', #169, #162, #1363, .T. ) ;
#134 = EDGE_LOOP ( 'NONE', ( #153, #138, #148, #116, #135, #144, #125, #10, #13, #6, #128, #130, #141, #115, #305, #400 ) ) ;
#135 = ORIENTED_EDGE ( 'NONE', *, *, #136, .T. ) ;
#136 = EDGE_CURVE ( 'NONE', #118, #137, #1359, .T. ) ;
#137 = VERTEX_POINT ( 'NONE', #1431 ) ;
#138 = ORIENTED_EDGE ( 'NONE', *, *, #139, .T. ) ;
#139 = EDGE_CURVE ( 'NONE', #122, #2, #1430, .T. ) ;
#140 = VERTEX_POINT ( 'NONE', #1426 ) ;
#141 = ORIENTED_EDGE ( 'NONE', *, *, #142, .T. ) ;
#142 = EDGE_CURVE ( 'NONE', #132, #143, #1425, .T. ) ;
#143 = VERTEX_POINT ( 'NONE', #1421 ) ;
#144 = ORIENTED_EDGE ( 'NONE', *, *, #145, .T. ) ;
#145 = EDGE_CURVE ( 'NONE', #137, #146, #1494, .T. ) ;
#146 = VERTEX_POINT ( 'NONE', #1490 ) ;
#147 = ORIENTED_EDGE ( 'NONE', *, *, #24, .T. ) ;
#148 = ORIENTED_EDGE ( 'NONE', *, *, #149, .T. ) ;
#149 = EDGE_CURVE ( 'NONE', #2, #140, #1489, .T. ) ;
#150 = ORIENTED_EDGE ( 'NONE', *, *, #178, .T. ) ;
#151 = ORIENTED_EDGE ( 'NONE', *, *, #119, .F. ) ;
#152 = ADVANCED_FACE ( 'NONE', ( #1485, #1484 ), #1483, .T. ) ;
#153 = ORIENTED_EDGE ( 'NONE', *, *, #1, .T. ) ;
#154 = EDGE_LOOP ( 'NONE', ( #163, #157, #181, #180 ) ) ;
#155 = EDGE_LOOP ( 'NONE', ( #175, #173, #174, #176, #167, #112 ) ) ;
#156 = VERTEX_POINT ( 'NONE', #1478 ) ;
#157 = ORIENTED_EDGE ( 'NONE', *, *, #179, .F. ) ;
#158 = ORIENTED_EDGE ( 'NONE', *, *, #526, .T. ) ;
#159 = VERTEX_POINT ( 'NONE', #1477 ) ;
#160 = VERTEX_POINT ( 'NONE', #1476 ) ;
#161 = ORIENTED_EDGE ( 'NONE', *, *, #442, .F. ) ;
#162 = VERTEX_POINT ( 'NONE', #1475 ) ;
#163 = ORIENTED_EDGE ( 'NONE', *, *, #164, .T. ) ;
#164 = EDGE_CURVE ( 'NONE', #160, #159, #1474, .T. ) ;
#165 = ADVANCED_FACE ( 'NONE', ( #1470 ), #1469, .T. ) ;
#166 = EDGE_CURVE ( 'NONE', #36, #169, #1467, .T. ) ;
#167 = ORIENTED_EDGE ( 'NONE', *, *, #38, .F. ) ;
#168 = EDGE_CURVE ( 'NONE', #160, #39, #1555, .T. ) ;
#169 = VERTEX_POINT ( 'NONE', #1551 ) ;
#170 = EDGE_CURVE ( 'NONE', #172, #159, #1550, .T. ) ;
#171 = EDGE_CURVE ( 'NONE', #172, #169, #1546, .T. ) ;
#172 = VERTEX_POINT ( 'NONE', #1542 ) ;
#173 = ORIENTED_EDGE ( 'NONE', *, *, #170, .T. ) ;
#174 = ORIENTED_EDGE ( 'NONE', *, *, #164, .F. ) ;
#175 = ORIENTED_EDGE ( 'NONE', *, *, #171, .F. ) ;
#176 = ORIENTED_EDGE ( 'NONE', *, *, #168, .T. ) ;
#177 = ADVANCED_FACE ( 'NONE', ( #1541 ), #1540, .T. ) ;
#178 = EDGE_CURVE ( 'NONE', #156, #182, #1535, .T. ) ;
#179 = EDGE_CURVE ( 'NONE', #182, #159, #1531, .T. ) ;
#180 = ORIENTED_EDGE ( 'NONE', *, *, #183, .T. ) ;
#181 = ORIENTED_EDGE ( 'NONE', *, *, #178, .F. ) ;
#182 = VERTEX_POINT ( 'NONE', #1526 ) ;
#183 = EDGE_CURVE ( 'NONE', #156, #160, #1527, .T. ) ;
#184 = ORIENTED_EDGE ( 'NONE', *, *, #185, .F. ) ;
#185 = EDGE_CURVE ( 'NONE', #186, #187, #1417, .T. ) ;
#186 = VERTEX_POINT ( 'NONE', #1413 ) ;
#187 = VERTEX_POINT ( 'NONE', #1412 ) ;
#188 = ORIENTED_EDGE ( 'NONE', *, *, #189, .F. ) ;
#189 = EDGE_CURVE ( 'NONE', #423, #186, #1411, .T. ) ;
#190 = ORIENTED_EDGE ( 'NONE', *, *, #294, .F. ) ;
#191 = ORIENTED_EDGE ( 'NONE', *, *, #192, .T. ) ;
#192 = EDGE_CURVE ( 'NONE', #118, #187, #1405, .T. ) ;
#193 = ADVANCED_FACE ( 'NONE', ( #1406 ), #1261, .F. ) ;
#194 = EDGE_LOOP ( 'NONE', ( #195, #320, #323, #325 ) ) ;
#195 = ORIENTED_EDGE ( 'NONE', *, *, #196, .F. ) ;
#196 = EDGE_CURVE ( 'NONE', #197, #307, #1680, .T. ) ;
#197 = VERTEX_POINT ( 'NONE', #1675 ) ;
#198 = EDGE_CURVE ( 'NONE', #199, #114, #1674, .T. ) ;
#199 = VERTEX_POINT ( 'NONE', #1669 ) ;
#200 = VERTEX_POINT ( 'NONE', #1668 ) ;
#201 = ORIENTED_EDGE ( 'NONE', *, *, #202, .F. ) ;
#202 = EDGE_CURVE ( 'NONE', #301, #300, #1667, .T. ) ;
#203 = ORIENTED_EDGE ( 'NONE', *, *, #419, .F. ) ;
#204 = VERTEX_POINT ( 'NONE', #1662 ) ;
#205 = EDGE_LOOP ( 'NONE', ( #76, #396 ) ) ;
#206 = EDGE_CURVE ( 'NONE', #143, #77, #1661, .T. ) ;
#207 = ORIENTED_EDGE ( 'NONE', *, *, #208, .F. ) ;
#208 = EDGE_CURVE ( 'NONE', #64, #209, #1656, .T. ) ;
#209 = VERTEX_POINT ( 'NONE', #1657 ) ;
#210 = EDGE_CURVE ( 'NONE', #68, #200, #1810, .T. ) ;
#211 = ORIENTED_EDGE ( 'NONE', *, *, #299, .F. ) ;
#212 = ORIENTED_EDGE ( 'NONE', *, *, #410, .T. ) ;
#213 = ORIENTED_EDGE ( 'NONE', *, *, #214, .F. ) ;
#214 = EDGE_CURVE ( 'NONE', #132, #81, #1806, .T. ) ;
#215 = ORIENTED_EDGE ( 'NONE', *, *, #131, .F. ) ;
#216 = EDGE_LOOP ( 'NONE', ( #364, #365, #439, #432 ) ) ;
#217 = ORIENTED_EDGE ( 'NONE', *, *, #218, .F. ) ;
#218 = EDGE_CURVE ( 'NONE', #146, #301, #1802, .T. ) ;
#219 = ORIENTED_EDGE ( 'NONE', *, *, #290, .T. ) ;
#220 = ADVANCED_FACE ( 'NONE', ( #1798 ), #1796, .F. ) ;
#221 = ORIENTED_EDGE ( 'NONE', *, *, #66, .T. ) ;
#222 = ADVANCED_FACE ( 'NONE', ( #1791 ), #1797, .F. ) ;
#223 = EDGE_LOOP ( 'NONE', ( #224, #217, #225, #226 ) ) ;
#224 = ORIENTED_EDGE ( 'NONE', *, *, #421, .T. ) ;
#225 = ORIENTED_EDGE ( 'NONE', *, *, #145, .F. ) ;
#226 = ORIENTED_EDGE ( 'NONE', *, *, #292, .T. ) ;
#227 = ORIENTED_EDGE ( 'NONE', *, *, #129, .F. ) ;
#228 = ORIENTED_EDGE ( 'NONE', *, *, #360, .T. ) ;
#229 = ADVANCED_FACE ( 'NONE', ( #1785 ), #1789, .F. ) ;
#230 = EDGE_LOOP ( 'NONE', ( #212, #213, #215, #362 ) ) ;
#231 = EDGE_LOOP ( 'NONE', ( #184, #188, #190, #191 ) ) ;
#232 = EDGE_LOOP ( 'NONE', ( #317, #318, #319, #353 ) ) ;
#233 = ORIENTED_EDGE ( 'NONE', *, *, #458, .F. ) ;
#234 = EDGE_LOOP ( 'NONE', ( #237, #308, #233, #236 ) ) ;
#235 = ORIENTED_EDGE ( 'NONE', *, *, #309, .T. ) ;
#236 = ORIENTED_EDGE ( 'NONE', *, *, #309, .F. ) ;
#237 = ORIENTED_EDGE ( 'NONE', *, *, #274, .F. ) ;
#238 = ORIENTED_EDGE ( 'NONE', *, *, #252, .F. ) ;
#239 = ADVANCED_FACE ( 'NONE', ( #1783 ), #1779, .F. ) ;
#240 = EDGE_LOOP ( 'NONE', ( #241, #715, #596, #597, #461, #716 ) ) ;
#241 = ORIENTED_EDGE ( 'NONE', *, *, #242, .T. ) ;
#242 = EDGE_CURVE ( 'NONE', #243, #244, #1711, .T. ) ;
#243 = VERTEX_POINT ( 'NONE', #1707 ) ;
#244 = VERTEX_POINT ( 'NONE', #1706 ) ;
#245 = ADVANCED_FACE ( 'NONE', ( #1705 ), #1704, .T. ) ;
#246 = EDGE_LOOP ( 'NONE', ( #247, #251, #253, #254 ) ) ;
#247 = ORIENTED_EDGE ( 'NONE', *, *, #248, .T. ) ;
#248 = EDGE_CURVE ( 'NONE', #249, #250, #1699, .T. ) ;
#249 = VERTEX_POINT ( 'NONE', #1695 ) ;
#250 = VERTEX_POINT ( 'NONE', #1694 ) ;
#251 = ORIENTED_EDGE ( 'NONE', *, *, #252, .T. ) ;
#252 = EDGE_CURVE ( 'NONE', #250, #322, #1693, .T. ) ;
#253 = ORIENTED_EDGE ( 'NONE', *, *, #321, .F. ) ;
#254 = ORIENTED_EDGE ( 'NONE', *, *, #255, .F. ) ;
#255 = EDGE_CURVE ( 'NONE', #249, #197, #1689, .T. ) ;
#256 = ADVANCED_FACE ( 'NONE', ( #1685 ), #1650, .T. ) ;
#257 = EDGE_LOOP ( 'NONE', ( #258, #312, #314, #315 ) ) ;
#258 = ORIENTED_EDGE ( 'NONE', *, *, #259, .F. ) ;
#259 = EDGE_CURVE ( 'NONE', #260, #311, #1651, .T. ) ;
#260 = VERTEX_POINT ( 'NONE', #1642 ) ;
#261 = ORIENTED_EDGE ( 'NONE', *, *, #262, .F. ) ;
#262 = EDGE_CURVE ( 'NONE', #263, #273, #1641, .T. ) ;
#263 = VERTEX_POINT ( 'NONE', #1637 ) ;
#264 = ORIENTED_EDGE ( 'NONE', *, *, #265, .F. ) ;
#265 = EDGE_CURVE ( 'NONE', #266, #263, #1636, .T. ) ;
#266 = VERTEX_POINT ( 'NONE', #1632 ) ;
#267 = ORIENTED_EDGE ( 'NONE', *, *, #306, .F. ) ;
#268 = EDGE_LOOP ( 'NONE', ( #429, #450, #451, #441 ) ) ;
#269 = EDGE_CURVE ( 'NONE', #77, #409, #1631, .T. ) ;
#270 = ORIENTED_EDGE ( 'NONE', *, *, #274, .T. ) ;
#271 = EDGE_CURVE ( 'NONE', #273, #14, #1627, .T. ) ;
#272 = VERTEX_POINT ( 'NONE', #1623 ) ;
#273 = VERTEX_POINT ( 'NONE', #1622 ) ;
#274 = EDGE_CURVE ( 'NONE', #276, #272, #1621, .T. ) ;
#275 = EDGE_LOOP ( 'NONE', ( #280, #277, #446 ) ) ;
#276 = VERTEX_POINT ( 'NONE', #1585 ) ;
#277 = ORIENTED_EDGE ( 'NONE', *, *, #282, .T. ) ;
#278 = EDGE_CURVE ( 'NONE', #200, #276, #1584, .T. ) ;
#279 = ORIENTED_EDGE ( 'NONE', *, *, #210, .T. ) ;
#280 = ORIENTED_EDGE ( 'NONE', *, *, #371, .T. ) ;
#281 = EDGE_CURVE ( 'NONE', #204, #304, #1579, .T. ) ;
#282 = EDGE_CURVE ( 'NONE', #68, #272, #1575, .T. ) ;
#283 = EDGE_CURVE ( 'NONE', #444, #276, #1570, .T. ) ;
#284 = ADVANCED_FACE ( 'NONE', ( #1566 ), #1564, .F. ) ;
#285 = ORIENTED_EDGE ( 'NONE', *, *, #408, .T. ) ;
#286 = ORIENTED_EDGE ( 'NONE', *, *, #428, .T. ) ;
#287 = ADVANCED_FACE ( 'NONE', ( #1559 ), #1565, .T. ) ;
#288 = ORIENTED_EDGE ( 'NONE', *, *, #278, .F. ) ;
#289 = ORIENTED_EDGE ( 'NONE', *, *, #290, .F. ) ;
#290 = EDGE_CURVE ( 'NONE', #127, #300, #1617, .T. ) ;
#291 = ORIENTED_EDGE ( 'NONE', *, *, #136, .F. ) ;
#292 = EDGE_CURVE ( 'NONE', #137, #422, #1613, .T. ) ;
#293 = EDGE_CURVE ( 'NONE', #2, #403, #1609, .T. ) ;
#294 = EDGE_CURVE ( 'NONE', #118, #423, #1605, .T. ) ;
#295 = ORIENTED_EDGE ( 'NONE', *, *, #419, .T. ) ;
#296 = ORIENTED_EDGE ( 'NONE', *, *, #126, .F. ) ;
#297 = ORIENTED_EDGE ( 'NONE', *, *, #218, .T. ) ;
#298 = ADVANCED_FACE ( 'NONE', ( #1601 ), #1599, .F. ) ;
#299 = EDGE_CURVE ( 'NONE', #300, #68, #1600, .T. ) ;
#300 = VERTEX_POINT ( 'NONE', #1591 ) ;
#301 = VERTEX_POINT ( 'NONE', #1590 ) ;
#302 = ORIENTED_EDGE ( 'NONE', *, *, #303, .F. ) ;
#303 = EDGE_CURVE ( 'NONE', #304, #64, #1589, .T. ) ;
#304 = VERTEX_POINT ( 'NONE', #1775 ) ;
#305 = ORIENTED_EDGE ( 'NONE', *, *, #306, .T. ) ;
#306 = EDGE_CURVE ( 'NONE', #77, #204, #1774, .T. ) ;
#307 = VERTEX_POINT ( 'NONE', #1770 ) ;
#308 = ORIENTED_EDGE ( 'NONE', *, *, #283, .F. ) ;
#309 = EDGE_CURVE ( 'NONE', #272, #266, #1769, .T. ) ;
#310 = ORIENTED_EDGE ( 'NONE', *, *, #265, .T. ) ;
#311 = VERTEX_POINT ( 'NONE', #1765 ) ;
#312 = ORIENTED_EDGE ( 'NONE', *, *, #313, .F. ) ;
#313 = EDGE_CURVE ( 'NONE', #186, #260, #1764, .T. ) ;
#314 = ORIENTED_EDGE ( 'NONE', *, *, #185, .T. ) ;
#315 = ORIENTED_EDGE ( 'NONE', *, *, #332, .T. ) ;
#316 = ADVANCED_FACE ( 'NONE', ( #1760 ), #1759, .F. ) ;
#317 = ORIENTED_EDGE ( 'NONE', *, *, #5, .F. ) ;
#318 = ORIENTED_EDGE ( 'NONE', *, *, #455, .T. ) ;
#319 = ORIENTED_EDGE ( 'NONE', *, *, #262, .T. ) ;
#320 = ORIENTED_EDGE ( 'NONE', *, *, #321, .T. ) ;
#321 = EDGE_CURVE ( 'NONE', #197, #322, #1754, .T. ) ;
#322 = VERTEX_POINT ( 'NONE', #1750 ) ;
#323 = ORIENTED_EDGE ( 'NONE', *, *, #324, .T. ) ;
#324 = EDGE_CURVE ( 'NONE', #322, #140, #1749, .T. ) ;
#325 = ORIENTED_EDGE ( 'NONE', *, *, #387, .T. ) ;
#326 = ADVANCED_FACE ( 'NONE', ( #1744 ), #1743, .T. ) ;
#327 = EDGE_LOOP ( 'NONE', ( #328, #329, #330, #345 ) ) ;
#328 = ORIENTED_EDGE ( 'NONE', *, *, #117, .F. ) ;
#329 = ORIENTED_EDGE ( 'NONE', *, *, #324, .F. ) ;
#330 = ORIENTED_EDGE ( 'NONE', *, *, #331, .F. ) ;
#331 = EDGE_CURVE ( 'NONE', #187, #322, #1738, .T. ) ;
#332 = EDGE_CURVE ( 'NONE', #187, #311, #1734, .T. ) ;
#333 = ADVANCED_FACE ( 'NONE', ( #1730 ), #1728, .T. ) ;
#334 = EDGE_LOOP ( 'NONE', ( #335, #338, #341, #343, #344, #238 ) ) ;
#335 = ORIENTED_EDGE ( 'NONE', *, *, #336, .F. ) ;
#336 = EDGE_CURVE ( 'NONE', #337, #250, #1729, .T. ) ;
#337 = VERTEX_POINT ( 'NONE', #1720 ) ;
#338 = ORIENTED_EDGE ( 'NONE', *, *, #339, .F. ) ;
#339 = EDGE_CURVE ( 'NONE', #340, #337, #1719, .T. ) ;
#340 = VERTEX_POINT ( 'NONE', #1715 ) ;
#341 = ORIENTED_EDGE ( 'NONE', *, *, #342, .F. ) ;
#342 = EDGE_CURVE ( 'NONE', #311, #340, #1883, .T. ) ;
#343 = ORIENTED_EDGE ( 'NONE', *, *, #332, .F. ) ;
#344 = ORIENTED_EDGE ( 'NONE', *, *, #331, .T. ) ;
#345 = ORIENTED_EDGE ( 'NONE', *, *, #192, .F. ) ;
#346 = ADVANCED_FACE ( 'NONE', ( #1942 ), #1986, .F. ) ;
#347 = EDGE_LOOP ( 'NONE', ( #348, #349, #350, #352 ) ) ;
#348 = ORIENTED_EDGE ( 'NONE', *, *, #356, .T. ) ;
#349 = ORIENTED_EDGE ( 'NONE', *, *, #189, .T. ) ;
#350 = ORIENTED_EDGE ( 'NONE', *, *, #351, .T. ) ;
#351 = EDGE_CURVE ( 'NONE', #186, #197, #1903, .T. ) ;
#352 = ORIENTED_EDGE ( 'NONE', *, *, #196, .T. ) ;
#353 = ORIENTED_EDGE ( 'NONE', *, *, #271, .T. ) ;
#354 = ADVANCED_FACE ( 'NONE', ( #1958 ), #1939, .T. ) ;
#355 = ORIENTED_EDGE ( 'NONE', *, *, #356, .F. ) ;
#356 = EDGE_CURVE ( 'NONE', #307, #423, #2017, .T. ) ;
#357 = ORIENTED_EDGE ( 'NONE', *, *, #358, .F. ) ;
#358 = EDGE_CURVE ( 'NONE', #423, #422, #1900, .T. ) ;
#359 = ORIENTED_EDGE ( 'NONE', *, *, #360, .F. ) ;
#360 = EDGE_CURVE ( 'NONE', #8, #199, #1926, .T. ) ;
#361 = ORIENTED_EDGE ( 'NONE', *, *, #7, .F. ) ;
#362 = ORIENTED_EDGE ( 'NONE', *, *, #395, .T. ) ;
#363 = ADVANCED_FACE ( 'NONE', ( #1973 ), #1972, .F. ) ;
#364 = ORIENTED_EDGE ( 'NONE', *, *, #402, .T. ) ;
#365 = ORIENTED_EDGE ( 'NONE', *, *, #366, .F. ) ;
#366 = EDGE_CURVE ( 'NONE', #143, #80, #1946, .T. ) ;
#367 = ADVANCED_FACE ( 'NONE', ( #1966 ), #1965, .T. ) ;
#368 = EDGE_LOOP ( 'NONE', ( #369, #370, #372, #219 ) ) ;
#369 = ORIENTED_EDGE ( 'NONE', *, *, #299, .T. ) ;
#370 = ORIENTED_EDGE ( 'NONE', *, *, #371, .F. ) ;
#371 = EDGE_CURVE ( 'NONE', #12, #68, #1981, .T. ) ;
#372 = ORIENTED_EDGE ( 'NONE', *, *, #11, .F. ) ;
#373 = EDGE_LOOP ( 'NONE', ( #221, #359, #361, #414 ) ) ;
#374 = EDGE_LOOP ( 'NONE', ( #295, #389, #385, #382 ) ) ;
#375 = ADVANCED_FACE ( 'NONE', ( #1914 ), #1913, .F. ) ;
#376 = EDGE_LOOP ( 'NONE', ( #390, #383, #291, #377 ) ) ;
#377 = ORIENTED_EDGE ( 'NONE', *, *, #294, .T. ) ;
#378 = ORIENTED_EDGE ( 'NONE', *, *, #392, .T. ) ;
#379 = ADVANCED_FACE ( 'NONE', ( #1911 ), #1974, .F. ) ;
#380 = EDGE_LOOP ( 'NONE', ( #381, #391, #384, #388 ) ) ;
#381 = ORIENTED_EDGE ( 'NONE', *, *, #405, .T. ) ;
#382 = ORIENTED_EDGE ( 'NONE', *, *, #293, .T. ) ;
#383 = ORIENTED_EDGE ( 'NONE', *, *, #292, .F. ) ;
#384 = ORIENTED_EDGE ( 'NONE', *, *, #139, .F. ) ;
#385 = ORIENTED_EDGE ( 'NONE', *, *, #149, .F. ) ;
#386 = ADVANCED_FACE ( 'NONE', ( #1922 ), #1918, .F. ) ;
#387 = EDGE_CURVE ( 'NONE', #140, #307, #1916, .T. ) ;
#388 = ORIENTED_EDGE ( 'NONE', *, *, #75, .T. ) ;
#389 = ORIENTED_EDGE ( 'NONE', *, *, #387, .F. ) ;
#390 = ORIENTED_EDGE ( 'NONE', *, *, #358, .T. ) ;
#391 = ORIENTED_EDGE ( 'NONE', *, *, #293, .F. ) ;
#392 = EDGE_CURVE ( 'NONE', #3, #64, #1932, .T. ) ;
#393 = ORIENTED_EDGE ( 'NONE', *, *, #1, .F. ) ;
#394 = ORIENTED_EDGE ( 'NONE', *, *, #395, .F. ) ;
#395 = EDGE_CURVE ( 'NONE', #9, #114, #1928, .T. ) ;
#396 = ORIENTED_EDGE ( 'NONE', *, *, #102, .F. ) ;
#397 = ADVANCED_FACE ( 'NONE', ( #1880, #1879 ), #1878, .F. ) ;
#398 = EDGE_CURVE ( 'NONE', #204, #3, #1876, .T. ) ;
#399 = EDGE_LOOP ( 'NONE', ( #207, #302, #407, #78, #401, #113, #411, #65, #67, #211, #201, #420, #357, #355, #203, #404 ) ) ;
#400 = ORIENTED_EDGE ( 'NONE', *, *, #398, .T. ) ;
#401 = ORIENTED_EDGE ( 'NONE', *, *, #402, .F. ) ;
#402 = EDGE_CURVE ( 'NONE', #81, #80, #1933, .T. ) ;
#403 = VERTEX_POINT ( 'NONE', #1906 ) ;
#404 = ORIENTED_EDGE ( 'NONE', *, *, #405, .F. ) ;
#405 = EDGE_CURVE ( 'NONE', #209, #403, #1905, .T. ) ;
#406 = EDGE_LOOP ( 'NONE', ( #69, #70 ) ) ;
#407 = ORIENTED_EDGE ( 'NONE', *, *, #408, .F. ) ;
#408 = EDGE_CURVE ( 'NONE', #409, #304, #1954, .T. ) ;
#409 = VERTEX_POINT ( 'NONE', #1950 ) ;
#410 = EDGE_CURVE ( 'NONE', #114, #81, #1873, .T. ) ;
#411 = ORIENTED_EDGE ( 'NONE', *, *, #198, .F. ) ;
#412 = EDGE_LOOP ( 'NONE', ( #413, #289, #296, #297 ) ) ;
#413 = ORIENTED_EDGE ( 'NONE', *, *, #202, .T. ) ;
#414 = ORIENTED_EDGE ( 'NONE', *, *, #415, .T. ) ;
#415 = EDGE_CURVE ( 'NONE', #14, #200, #1869, .T. ) ;
#416 = ADVANCED_FACE ( 'NONE', ( #1865 ), #1864, .T. ) ;
#417 = EDGE_LOOP ( 'NONE', ( #418, #394, #227, #228 ) ) ;
#418 = ORIENTED_EDGE ( 'NONE', *, *, #198, .T. ) ;
#419 = EDGE_CURVE ( 'NONE', #403, #307, #1859, .T. ) ;
#420 = ORIENTED_EDGE ( 'NONE', *, *, #421, .F. ) ;
#421 = EDGE_CURVE ( 'NONE', #422, #301, #1855, .T. ) ;
#422 = VERTEX_POINT ( 'NONE', #1851 ) ;
#423 = VERTEX_POINT ( 'NONE', #1850 ) ;
#424 = ADVANCED_FACE ( 'NONE', ( #1849 ), #1848, .T. ) ;
#425 = EDGE_LOOP ( 'NONE', ( #261, #264, #457, #459 ) ) ;
#426 = ADVANCED_FACE ( 'NONE', ( #1847 ), #1842, .T. ) ;
#427 = ORIENTED_EDGE ( 'NONE', *, *, #428, .F. ) ;
#428 = EDGE_CURVE ( 'NONE', #276, #14, #2013, .T. ) ;
#429 = ORIENTED_EDGE ( 'NONE', *, *, #303, .T. ) ;
#430 = ADVANCED_FACE ( 'NONE', ( #2009 ), #2008, .T. ) ;
#431 = ADVANCED_FACE ( 'NONE', ( #2002 ), #2006, .F. ) ;
#432 = ORIENTED_EDGE ( 'NONE', *, *, #214, .T. ) ;
#433 = ORIENTED_EDGE ( 'NONE', *, *, #283, .T. ) ;
#434 = ORIENTED_EDGE ( 'NONE', *, *, #282, .F. ) ;
#435 = EDGE_LOOP ( 'NONE', ( #285, #440, #267, #456 ) ) ;
#436 = ADVANCED_FACE ( 'NONE', ( #1996 ), #2000, .F. ) ;
#437 = ORIENTED_EDGE ( 'NONE', *, *, #271, .F. ) ;
#438 = ORIENTED_EDGE ( 'NONE', *, *, #415, .F. ) ;
#439 = ORIENTED_EDGE ( 'NONE', *, *, #142, .F. ) ;
#440 = ORIENTED_EDGE ( 'NONE', *, *, #281, .F. ) ;
#441 = ORIENTED_EDGE ( 'NONE', *, *, #281, .T. ) ;
#442 = EDGE_CURVE ( 'NONE', #272, #12, #1839, .T. ) ;
#443 = EDGE_LOOP ( 'NONE', ( #288, #438, #427 ) ) ;
#444 = VERTEX_POINT ( 'NONE', #1834 ) ;
#445 = EDGE_CURVE ( 'NONE', #444, #273, #1833, .T. ) ;
#446 = ORIENTED_EDGE ( 'NONE', *, *, #442, .T. ) ;
#447 = EDGE_LOOP ( 'NONE', ( #437, #449, #433, #286 ) ) ;
#448 = ORIENTED_EDGE ( 'NONE', *, *, #278, .T. ) ;
#449 = ORIENTED_EDGE ( 'NONE', *, *, #445, .F. ) ;
#450 = ORIENTED_EDGE ( 'NONE', *, *, #392, .F. ) ;
#451 = ORIENTED_EDGE ( 'NONE', *, *, #398, .F. ) ;
#452 = EDGE_LOOP ( 'NONE', ( #434, #279, #448, #270 ) ) ;
#453 = EDGE_LOOP ( 'NONE', ( #454, #161, #235, #310 ) ) ;
#454 = ORIENTED_EDGE ( 'NONE', *, *, #455, .F. ) ;
#455 = EDGE_CURVE ( 'NONE', #12, #263, #1829, .T. ) ;
#456 = ORIENTED_EDGE ( 'NONE', *, *, #269, .T. ) ;
#457 = ORIENTED_EDGE ( 'NONE', *, *, #458, .T. ) ;
#458 = EDGE_CURVE ( 'NONE', #266, #444, #1825, .T. ) ;
#459 = ORIENTED_EDGE ( 'NONE', *, *, #445, .T. ) ;
#460 = ADVANCED_FACE ( 'NONE', ( #1821 ), #1819, .T. ) ;
#461 = ORIENTED_EDGE ( 'NONE', *, *, #313, .T. ) ;
#462 = ORIENTED_EDGE ( 'NONE', *, *, #248, .F. ) ;
#463 = ADVANCED_FACE ( 'NONE', ( #1814 ), #1820, .F. ) ;
#464 = EDGE_LOOP ( 'NONE', ( #691, #474, #700, #475 ) ) ;
#465 = ORIENTED_EDGE ( 'NONE', *, *, #479, .T. ) ;
#466 = ORIENTED_EDGE ( 'NONE', *, *, #467, .F. ) ;
#467 = EDGE_CURVE ( 'NONE', #705, #761, #1896, .T. ) ;
#468 = EDGE_LOOP ( 'NONE', ( #689, #469, #465, #473 ) ) ;
#469 = ORIENTED_EDGE ( 'NONE', *, *, #694, .F. ) ;
#470 = ORIENTED_EDGE ( 'NONE', *, *, #471, .T. ) ;
#471 = EDGE_CURVE ( 'NONE', #697, #472, #2070, .T. ) ;
#472 = VERTEX_POINT ( 'NONE', #2055 ) ;
#473 = ORIENTED_EDGE ( 'NONE', *, *, #701, .F. ) ;
#474 = ORIENTED_EDGE ( 'NONE', *, *, #699, .F. ) ;
#475 = ORIENTED_EDGE ( 'NONE', *, *, #1014, .F. ) ;
#476 = EDGE_CURVE ( 'NONE', #543, #676, #2071, .T. ) ;
#477 = EDGE_CURVE ( 'NONE', #566, #565, #2090, .T. ) ;
#478 = ORIENTED_EDGE ( 'NONE', *, *, #479, .F. ) ;
#479 = EDGE_CURVE ( 'NONE', #562, #566, #2075, .T. ) ;
#480 = EDGE_LOOP ( 'NONE', ( #553, #158, #741, #525 ) ) ;
#481 = EDGE_CURVE ( 'NONE', #482, #483, #2022, .T. ) ;
#482 = VERTEX_POINT ( 'NONE', #2023 ) ;
#483 = VERTEX_POINT ( 'NONE', #2021 ) ;
#484 = ORIENTED_EDGE ( 'NONE', *, *, #670, .T. ) ;
#485 = EDGE_CURVE ( 'NONE', #664, #665, #2024, .T. ) ;
#486 = EDGE_CURVE ( 'NONE', #678, #673, #2064, .T. ) ;
#487 = ORIENTED_EDGE ( 'NONE', *, *, #648, .F. ) ;
#488 = ORIENTED_EDGE ( 'NONE', *, *, #549, .T. ) ;
#489 = EDGE_LOOP ( 'NONE', ( #560, #663, #497, #498 ) ) ;
#490 = ORIENTED_EDGE ( 'NONE', *, *, #666, .F. ) ;
#491 = EDGE_CURVE ( 'NONE', #662, #546, #2065, .T. ) ;
#492 = ADVANCED_FACE ( 'NONE', ( #2118 ), #2117, .T. ) ;
#493 = ORIENTED_EDGE ( 'NONE', *, *, #494, .F. ) ;
#494 = EDGE_CURVE ( 'NONE', #561, #562, #2056, .T. ) ;
#495 = EDGE_CURVE ( 'NONE', #647, #567, #2097, .T. ) ;
#496 = EDGE_CURVE ( 'NONE', #658, #673, #2130, .T. ) ;
#497 = ORIENTED_EDGE ( 'NONE', *, *, #495, .F. ) ;
#498 = ORIENTED_EDGE ( 'NONE', *, *, #499, .F. ) ;
#499 = EDGE_CURVE ( 'NONE', #551, #647, #2126, .T. ) ;
#500 = EDGE_LOOP ( 'NONE', ( #535, #713, #686, #604 ) ) ;
#501 = ORIENTED_EDGE ( 'NONE', *, *, #269, .F. ) ;
#502 = EDGE_CURVE ( 'NONE', #409, #156, #2122, .T. ) ;
#503 = ADVANCED_FACE ( 'NONE', ( #2085 ), #2084, .T. ) ;
#504 = ORIENTED_EDGE ( 'NONE', *, *, #598, .F. ) ;
#505 = EDGE_CURVE ( 'NONE', #551, #482, #2049, .T. ) ;
#506 = ORIENTED_EDGE ( 'NONE', *, *, #499, .T. ) ;
#507 = EDGE_LOOP ( 'NONE', ( #710, #515, #517, #518 ) ) ;
#508 = ORIENTED_EDGE ( 'NONE', *, *, #751, .F. ) ;
#509 = ORIENTED_EDGE ( 'NONE', *, *, #728, .F. ) ;
#510 = EDGE_CURVE ( 'NONE', #742, #731, #2039, .T. ) ;
#511 = ORIENTED_EDGE ( 'NONE', *, *, #510, .T. ) ;
#512 = ORIENTED_EDGE ( 'NONE', *, *, #513, .F. ) ;
#513 = EDGE_CURVE ( 'NONE', #665, #735, #2149, .T. ) ;
#514 = ADVANCED_FACE ( 'NONE', ( #2157 ), #2156, .T. ) ;
#515 = ORIENTED_EDGE ( 'NONE', *, *, #516, .F. ) ;
#516 = EDGE_CURVE ( 'NONE', #483, #661, #2175, .T. ) ;
#517 = ORIENTED_EDGE ( 'NONE', *, *, #651, .T. ) ;
#518 = ORIENTED_EDGE ( 'NONE', *, *, #476, .F. ) ;
#519 = EDGE_LOOP ( 'NONE', ( #508, #730, #743, #511, #509, #732, #736, #740 ) ) ;
#520 = ADVANCED_FACE ( 'NONE', ( #2177 ), #2176, .T. ) ;
#521 = EDGE_CURVE ( 'NONE', #705, #678, #2161, .T. ) ;
#522 = EDGE_CURVE ( 'NONE', #706, #745, #2173, .T. ) ;
#523 = EDGE_CURVE ( 'NONE', #745, #527, #2140, .T. ) ;
#524 = ORIENTED_EDGE ( 'NONE', *, *, #522, .F. ) ;
#525 = ORIENTED_EDGE ( 'NONE', *, *, #753, .F. ) ;
#526 = EDGE_CURVE ( 'NONE', #555, #527, #2191, .T. ) ;
#527 = VERTEX_POINT ( 'NONE', #2187 ) ;
#528 = EDGE_CURVE ( 'NONE', #550, #567, #1894, .T. ) ;
#529 = EDGE_LOOP ( 'NONE', ( #669, #488, #569, #490 ) ) ;
#530 = ADVANCED_FACE ( 'NONE', ( #2035 ), #2242, .T. ) ;
#531 = ORIENTED_EDGE ( 'NONE', *, *, #542, .T. ) ;
#532 = EDGE_LOOP ( 'NONE', ( #609, #541, #462, #504 ) ) ;
#533 = EDGE_CURVE ( 'NONE', #77, #160, #2245, .T. ) ;
#534 = ORIENTED_EDGE ( 'NONE', *, *, #533, .T. ) ;
#535 = ORIENTED_EDGE ( 'NONE', *, *, #712, .F. ) ;
#536 = ADVANCED_FACE ( 'NONE', ( #2241 ), #2226, .F. ) ;
#537 = EDGE_LOOP ( 'NONE', ( #714, #687, #606, #607 ) ) ;
#538 = ORIENTED_EDGE ( 'NONE', *, *, #603, .F. ) ;
#539 = ORIENTED_EDGE ( 'NONE', *, *, #242, .F. ) ;
#540 = EDGE_CURVE ( 'NONE', #340, #243, #2231, .T. ) ;
#541 = ORIENTED_EDGE ( 'NONE', *, *, #336, .T. ) ;
#542 = EDGE_CURVE ( 'NONE', #661, #543, #2290, .T. ) ;
#543 = VERTEX_POINT ( 'NONE', #2227 ) ;
#544 = ORIENTED_EDGE ( 'NONE', *, *, #545, .F. ) ;
#545 = EDGE_CURVE ( 'NONE', #546, #543, #2286, .T. ) ;
#546 = VERTEX_POINT ( 'NONE', #2223 ) ;
#547 = ORIENTED_EDGE ( 'NONE', *, *, #491, .F. ) ;
#548 = EDGE_LOOP ( 'NONE', ( #493, #563, #570, #478 ) ) ;
#549 = EDGE_CURVE ( 'NONE', #557, #665, #2222, .T. ) ;
#550 = VERTEX_POINT ( 'NONE', #2256 ) ;
#551 = VERTEX_POINT ( 'NONE', #2255 ) ;
#552 = ADVANCED_FACE ( 'NONE', ( #2254 ), #2252, .T. ) ;
#553 = ORIENTED_EDGE ( 'NONE', *, *, #554, .F. ) ;
#554 = EDGE_CURVE ( 'NONE', #555, #556, #2247, .T. ) ;
#555 = VERTEX_POINT ( 'NONE', #2246 ) ;
#556 = VERTEX_POINT ( 'NONE', #2248 ) ;
#557 = VERTEX_POINT ( 'NONE', #2276 ) ;
#558 = ORIENTED_EDGE ( 'NONE', *, *, #672, .T. ) ;
#559 = ADVANCED_FACE ( 'NONE', ( #2275 ), #2271, .T. ) ;
#560 = ORIENTED_EDGE ( 'NONE', *, *, #667, .F. ) ;
#561 = VERTEX_POINT ( 'NONE', #2273 ) ;
#562 = VERTEX_POINT ( 'NONE', #2272 ) ;
#563 = ORIENTED_EDGE ( 'NONE', *, *, #564, .T. ) ;
#564 = EDGE_CURVE ( 'NONE', #561, #565, #2267, .T. ) ;
#565 = VERTEX_POINT ( 'NONE', #2218 ) ;
#566 = VERTEX_POINT ( 'NONE', #2217 ) ;
#567 = VERTEX_POINT ( 'NONE', #2216 ) ;
#568 = VERTEX_POINT ( 'NONE', #2215 ) ;
#569 = ORIENTED_EDGE ( 'NONE', *, *, #485, .F. ) ;
#570 = ORIENTED_EDGE ( 'NONE', *, *, #477, .F. ) ;
#571 = ADVANCED_FACE ( 'NONE', ( #2214 ), #2213, .T. ) ;
#572 = MANIFOLD_SOLID_BREP ( 'NONE', #1158 ) ;
#573 = ORIENTED_EDGE ( 'NONE', *, *, #623, .T. ) ;
#574 = EDGE_LOOP ( 'NONE', ( #487, #558, #650, #649 ) ) ;
#575 = ADVANCED_FACE ( 'NONE', ( #2484 ), #2412, .T. ) ;
#576 = EDGE_LOOP ( 'NONE', ( #684, #681, #581 ) ) ;
#577 = VERTEX_POINT ( 'NONE', #2413 ) ;
#578 = ORIENTED_EDGE ( 'NONE', *, *, #87, .F. ) ;
#579 = ORIENTED_EDGE ( 'NONE', *, *, #586, .T. ) ;
#580 = EDGE_CURVE ( 'NONE', #680, #577, #2392, .T. ) ;
#581 = ORIENTED_EDGE ( 'NONE', *, *, #580, .F. ) ;
#582 = CLOSED_SHELL ( 'NONE', ( #46, #49, #91, #107, #34, #165, #177, #111, #124, #152, #397, #71, #379, #386, #375, #222, #367, #298, #220, #416, #229, #363, #284, #436, #287, #426, #431, #430, #424, #460, #571, #316, #354, #193, #326, #346, #245, #256, #333, #239, #608, #536, #463, #605, #717, #503, #619, #616, #630, #591, #628, #636, #612 ) ) ;
#583 = EDGE_CURVE ( 'NONE', #685, #680, #2479, .T. ) ;
#584 = ORIENTED_EDGE ( 'NONE', *, *, #601, .F. ) ;
#585 = ORIENTED_EDGE ( 'NONE', *, *, #586, .F. ) ;
#586 = EDGE_CURVE ( 'NONE', #592, #644, #2474, .T. ) ;
#587 = ORIENTED_EDGE ( 'NONE', *, *, #627, .F. ) ;
#588 = ORIENTED_EDGE ( 'NONE', *, *, #20, .T. ) ;
#589 = ORIENTED_EDGE ( 'NONE', *, *, #618, .T. ) ;
#590 = ORIENTED_EDGE ( 'NONE', *, *, #168, .F. ) ;
#591 = ADVANCED_FACE ( 'NONE', ( #2473 ), #2424, .T. ) ;
#592 = VERTEX_POINT ( 'NONE', #2465 ) ;
#593 = ORIENTED_EDGE ( 'NONE', *, *, #62, .F. ) ;
#594 = ORIENTED_EDGE ( 'NONE', *, *, #179, .T. ) ;
#595 = ORIENTED_EDGE ( 'NONE', *, *, #170, .F. ) ;
#596 = ORIENTED_EDGE ( 'NONE', *, *, #255, .T. ) ;
#597 = ORIENTED_EDGE ( 'NONE', *, *, #351, .F. ) ;
#598 = EDGE_CURVE ( 'NONE', #244, #249, #2461, .T. ) ;
#599 = ORIENTED_EDGE ( 'NONE', *, *, #540, .F. ) ;
#600 = EDGE_CURVE ( 'NONE', #260, #243, #2457, .T. ) ;
#601 = EDGE_CURVE ( 'NONE', #39, #143, #2453, .T. ) ;
#602 = ORIENTED_EDGE ( 'NONE', *, *, #339, .T. ) ;
#603 = EDGE_CURVE ( 'NONE', #244, #337, #2333, .T. ) ;
#604 = ORIENTED_EDGE ( 'NONE', *, *, #366, .T. ) ;
#605 = ADVANCED_FACE ( 'NONE', ( #2329 ), #2328, .T. ) ;
#606 = ORIENTED_EDGE ( 'NONE', *, *, #540, .T. ) ;
#607 = ORIENTED_EDGE ( 'NONE', *, *, #600, .F. ) ;
#608 = ADVANCED_FACE ( 'NONE', ( #2326 ), #2322, .T. ) ;
#609 = ORIENTED_EDGE ( 'NONE', *, *, #603, .T. ) ;
#610 = EDGE_LOOP ( 'NONE', ( #639, #646, #626, #633 ) ) ;
#611 = ORIENTED_EDGE ( 'NONE', *, *, #54, .F. ) ;
#612 = ADVANCED_FACE ( 'NONE', ( #2319 ), #2312, .F. ) ;
#613 = EDGE_LOOP ( 'NONE', ( #614, #679, #579, #573, #578 ) ) ;
#614 = ORIENTED_EDGE ( 'NONE', *, *, #96, .F. ) ;
#615 = EDGE_LOOP ( 'NONE', ( #589, #638, #617 ) ) ;
#616 = ADVANCED_FACE ( 'NONE', ( #2315 ), #2314, .T. ) ;
#617 = ORIENTED_EDGE ( 'NONE', *, *, #627, .T. ) ;
#618 = EDGE_CURVE ( 'NONE', #592, #52, #2366, .T. ) ;
#619 = ADVANCED_FACE ( 'NONE', ( #2362 ), #2361, .F. ) ;
#620 = EDGE_LOOP ( 'NONE', ( #624, #634, #632, #642 ) ) ;
#621 = ORIENTED_EDGE ( 'NONE', *, *, #206, .F. ) ;
#622 = ORIENTED_EDGE ( 'NONE', *, *, #623, .F. ) ;
#623 = EDGE_CURVE ( 'NONE', #644, #90, #2356, .T. ) ;
#624 = ORIENTED_EDGE ( 'NONE', *, *, #120, .T. ) ;
#625 = ORIENTED_EDGE ( 'NONE', *, *, #17, .F. ) ;
#626 = ORIENTED_EDGE ( 'NONE', *, *, #119, .T. ) ;
#627 = EDGE_CURVE ( 'NONE', #56, #592, #2352, .T. ) ;
#628 = ADVANCED_FACE ( 'NONE', ( #2348 ), #2346, .F. ) ;
#629 = EDGE_LOOP ( 'NONE', ( #593, #622, #645 ) ) ;
#630 = ADVANCED_FACE ( 'NONE', ( #2341 ), #2347, .T. ) ;
#631 = EDGE_LOOP ( 'NONE', ( #588, #594, #595, #625 ) ) ;
#632 = ORIENTED_EDGE ( 'NONE', *, *, #166, .F. ) ;
#633 = ORIENTED_EDGE ( 'NONE', *, *, #712, .T. ) ;
#634 = ORIENTED_EDGE ( 'NONE', *, *, #133, .F. ) ;
#635 = EDGE_CURVE ( 'NONE', #84, #644, #2339, .T. ) ;
#636 = ADVANCED_FACE ( 'NONE', ( #2372 ), #2368, .F. ) ;
#637 = EDGE_LOOP ( 'NONE', ( #640, #641, #585, #587, #611 ) ) ;
#638 = ORIENTED_EDGE ( 'NONE', *, *, #33, .T. ) ;
#639 = ORIENTED_EDGE ( 'NONE', *, *, #79, .T. ) ;
#640 = ORIENTED_EDGE ( 'NONE', *, *, #44, .F. ) ;
#641 = ORIENTED_EDGE ( 'NONE', *, *, #635, .T. ) ;
#642 = ORIENTED_EDGE ( 'NONE', *, *, #28, .F. ) ;
#643 = ORIENTED_EDGE ( 'NONE', *, *, #533, .F. ) ;
#644 = VERTEX_POINT ( 'NONE', #2369 ) ;
#645 = ORIENTED_EDGE ( 'NONE', *, *, #635, .F. ) ;
#646 = ORIENTED_EDGE ( 'NONE', *, *, #502, .T. ) ;
#647 = VERTEX_POINT ( 'NONE', #2371 ) ;
#648 = EDGE_CURVE ( 'NONE', #568, #658, #2367, .T. ) ;
#649 = ORIENTED_EDGE ( 'NONE', *, *, #496, .F. ) ;
#650 = ORIENTED_EDGE ( 'NONE', *, *, #486, .T. ) ;
#651 = EDGE_CURVE ( 'NONE', #483, #676, #2298, .T. ) ;
#652 = ADVANCED_FACE ( 'NONE', ( #2427 ), #2426, .T. ) ;
#653 = EDGE_LOOP ( 'NONE', ( #654, #531, #544, #547 ) ) ;
#654 = ORIENTED_EDGE ( 'NONE', *, *, #660, .F. ) ;
#655 = ADVANCED_FACE ( 'NONE', ( #2411 ), #2407, .T. ) ;
#656 = EDGE_LOOP ( 'NONE', ( #657, #484, #674, #677 ) ) ;
#657 = ORIENTED_EDGE ( 'NONE', *, *, #481, .F. ) ;
#658 = VERTEX_POINT ( 'NONE', #2406 ) ;
#659 = EDGE_CURVE ( 'NONE', #557, #668, #2543, .T. ) ;
#660 = EDGE_CURVE ( 'NONE', #661, #662, #2568, .T. ) ;
#661 = VERTEX_POINT ( 'NONE', #2569 ) ;
#662 = VERTEX_POINT ( 'NONE', #2567 ) ;
#663 = ORIENTED_EDGE ( 'NONE', *, *, #528, .T. ) ;
#664 = VERTEX_POINT ( 'NONE', #2551 ) ;
#665 = VERTEX_POINT ( 'NONE', #2550 ) ;
#666 = EDGE_CURVE ( 'NONE', #668, #664, #2549, .T. ) ;
#667 = EDGE_CURVE ( 'NONE', #550, #551, #2544, .T. ) ;
#668 = VERTEX_POINT ( 'NONE', #2545 ) ;
#669 = ORIENTED_EDGE ( 'NONE', *, *, #659, .F. ) ;
#670 = EDGE_CURVE ( 'NONE', #482, #671, #2559, .T. ) ;
#671 = VERTEX_POINT ( 'NONE', #2625 ) ;
#672 = EDGE_CURVE ( 'NONE', #568, #678, #2624, .T. ) ;
#673 = VERTEX_POINT ( 'NONE', #2620 ) ;
#674 = ORIENTED_EDGE ( 'NONE', *, *, #675, .F. ) ;
#675 = EDGE_CURVE ( 'NONE', #676, #671, #2619, .T. ) ;
#676 = VERTEX_POINT ( 'NONE', #2618 ) ;
#677 = ORIENTED_EDGE ( 'NONE', *, *, #651, .F. ) ;
#678 = VERTEX_POINT ( 'NONE', #2605 ) ;
#679 = ORIENTED_EDGE ( 'NONE', *, *, #618, .F. ) ;
#680 = VERTEX_POINT ( 'NONE', #2604 ) ;
#681 = ORIENTED_EDGE ( 'NONE', *, *, #682, .T. ) ;
#682 = EDGE_CURVE ( 'NONE', #685, #577, #2603, .T. ) ;
#683 = ADVANCED_FACE ( 'NONE', ( #2599 ), #2598, .F. ) ;
#684 = ORIENTED_EDGE ( 'NONE', *, *, #583, .F. ) ;
#685 = VERTEX_POINT ( 'NONE', #2597 ) ;
#686 = ORIENTED_EDGE ( 'NONE', *, *, #601, .T. ) ;
#687 = ORIENTED_EDGE ( 'NONE', *, *, #342, .T. ) ;
#688 = EDGE_LOOP ( 'NONE', ( #621, #584, #590, #643 ) ) ;
#689 = ORIENTED_EDGE ( 'NONE', *, *, #526, .F. ) ;
#690 = ORIENTED_EDGE ( 'NONE', *, *, #739, .F. ) ;
#691 = ORIENTED_EDGE ( 'NONE', *, *, #564, .F. ) ;
#692 = ORIENTED_EDGE ( 'NONE', *, *, #521, .T. ) ;
#693 = ORIENTED_EDGE ( 'NONE', *, *, #1089, .F. ) ;
#694 = EDGE_CURVE ( 'NONE', #562, #555, #2592, .T. ) ;
#695 = EDGE_LOOP ( 'NONE', ( #690, #466, #692, #693 ) ) ;
#696 = EDGE_CURVE ( 'NONE', #697, #698, #2531, .T. ) ;
#697 = VERTEX_POINT ( 'NONE', #2526 ) ;
#698 = VERTEX_POINT ( 'NONE', #2525 ) ;
#699 = EDGE_CURVE ( 'NONE', #662, #561, #2524, .T. ) ;
#700 = ORIENTED_EDGE ( 'NONE', *, *, #491, .T. ) ;
#701 = EDGE_CURVE ( 'NONE', #527, #566, #2642, .T. ) ;
#702 = ADVANCED_FACE ( 'NONE', ( #2643 ), #2641, .T. ) ;
#703 = ADVANCED_FACE ( 'NONE', ( #2631 ), #2510, .T. ) ;
#704 = ORIENTED_EDGE ( 'NONE', *, *, #549, .F. ) ;
#705 = VERTEX_POINT ( 'NONE', #2511 ) ;
#706 = VERTEX_POINT ( 'NONE', #2506 ) ;
#707 = ORIENTED_EDGE ( 'NONE', *, *, #708, .F. ) ;
#708 = EDGE_CURVE ( 'NONE', #671, #647, #2505, .T. ) ;
#709 = ADVANCED_FACE ( 'NONE', ( #2504 ), #2503, .T. ) ;
#710 = ORIENTED_EDGE ( 'NONE', *, *, #542, .F. ) ;
#711 = EDGE_LOOP ( 'NONE', ( #538, #539, #599, #602 ) ) ;
#712 = EDGE_CURVE ( 'NONE', #26, #80, #2588, .T. ) ;
#713 = ORIENTED_EDGE ( 'NONE', *, *, #41, .T. ) ;
#714 = ORIENTED_EDGE ( 'NONE', *, *, #259, .T. ) ;
#715 = ORIENTED_EDGE ( 'NONE', *, *, #598, .T. ) ;
#716 = ORIENTED_EDGE ( 'NONE', *, *, #600, .T. ) ;
#717 = ADVANCED_FACE ( 'NONE', ( #2583 ), #2582, .F. ) ;
#718 = EDGE_LOOP ( 'NONE', ( #720, #719, #501, #534 ) ) ;
#719 = ORIENTED_EDGE ( 'NONE', *, *, #502, .F. ) ;
#720 = ORIENTED_EDGE ( 'NONE', *, *, #183, .F. ) ;
#721 = EDGE_LOOP ( 'NONE', ( #722, #747, #749, #724 ) ) ;
#722 = ORIENTED_EDGE ( 'NONE', *, *, #528, .F. ) ;
#723 = VERTEX_POINT ( 'NONE', #2577 ) ;
#724 = ORIENTED_EDGE ( 'NONE', *, *, #725, .F. ) ;
#725 = EDGE_CURVE ( 'NONE', #567, #664, #2576, .T. ) ;
#726 = ADVANCED_FACE ( 'NONE', ( #2575 ), #2574, .T. ) ;
#727 = ORIENTED_EDGE ( 'NONE', *, *, #670, .F. ) ;
#728 = EDGE_CURVE ( 'NONE', #761, #731, #2398, .T. ) ;
#729 = ADVANCED_FACE ( 'NONE', ( #2719 ), #2720, .T. ) ;
#730 = ORIENTED_EDGE ( 'NONE', *, *, #758, .T. ) ;
#731 = VERTEX_POINT ( 'NONE', #2713 ) ;
#732 = ORIENTED_EDGE ( 'NONE', *, *, #739, .T. ) ;
#733 = ORIENTED_EDGE ( 'NONE', *, *, #734, .T. ) ;
#734 = EDGE_CURVE ( 'NONE', #723, #735, #2700, .T. ) ;
#735 = VERTEX_POINT ( 'NONE', #2782 ) ;
#736 = ORIENTED_EDGE ( 'NONE', *, *, #486, .F. ) ;
#737 = EDGE_LOOP ( 'NONE', ( #757, #756, #754, #524 ) ) ;
#738 = ORIENTED_EDGE ( 'NONE', *, *, #752, .F. ) ;
#739 = EDGE_CURVE ( 'NONE', #761, #673, #2783, .T. ) ;
#740 = ORIENTED_EDGE ( 'NONE', *, *, #521, .F. ) ;
#741 = ORIENTED_EDGE ( 'NONE', *, *, #523, .F. ) ;
#742 = VERTEX_POINT ( 'NONE', #2663 ) ;
#743 = ORIENTED_EDGE ( 'NONE', *, *, #755, .F. ) ;
#744 = ADVANCED_FACE ( 'NONE', ( #2662 ), #2681, .T. ) ;
#745 = VERTEX_POINT ( 'NONE', #2683 ) ;
#746 = VERTEX_POINT ( 'NONE', #2682 ) ;
#747 = ORIENTED_EDGE ( 'NONE', *, *, #748, .F. ) ;
#748 = EDGE_CURVE ( 'NONE', #668, #550, #2684, .T. ) ;
#749 = ORIENTED_EDGE ( 'NONE', *, *, #666, .T. ) ;
#750 = EDGE_LOOP ( 'NONE', ( #727, #762, #506, #707 ) ) ;
#751 = EDGE_CURVE ( 'NONE', #746, #705, #2701, .T. ) ;
#752 = EDGE_CURVE ( 'NONE', #723, #557, #2721, .T. ) ;
#753 = EDGE_CURVE ( 'NONE', #556, #745, #2708, .T. ) ;
#754 = ORIENTED_EDGE ( 'NONE', *, *, #753, .T. ) ;
#755 = EDGE_CURVE ( 'NONE', #742, #706, #2656, .T. ) ;
#756 = ORIENTED_EDGE ( 'NONE', *, *, #760, .F. ) ;
#757 = ORIENTED_EDGE ( 'NONE', *, *, #758, .F. ) ;
#758 = EDGE_CURVE ( 'NONE', #746, #706, #2657, .T. ) ;
#759 = EDGE_LOOP ( 'NONE', ( #704, #738, #733, #512 ) ) ;
#760 = EDGE_CURVE ( 'NONE', #556, #746, #2668, .T. ) ;
#761 = VERTEX_POINT ( 'NONE', #2667 ) ;
#762 = ORIENTED_EDGE ( 'NONE', *, *, #505, .F. ) ;
#763 = ORIENTED_EDGE ( 'NONE', *, *, #764, .F. ) ;
#764 = EDGE_CURVE ( 'NONE', #977, #1169, #2666, .T. ) ;
#765 = ORIENTED_EDGE ( 'NONE', *, *, #976, .T. ) ;
#766 = ADVANCED_FACE ( 'NONE', ( #2739, #2738 ), #2737, .F. ) ;
#767 = EDGE_LOOP ( 'NONE', ( #768, #769 ) ) ;
#768 = ORIENTED_EDGE ( 'NONE', *, *, #580, .T. ) ;
#769 = ORIENTED_EDGE ( 'NONE', *, *, #1159, .T. ) ;
#770 = ORIENTED_EDGE ( 'NONE', *, *, #953, .T. ) ;
#771 = ORIENTED_EDGE ( 'NONE', *, *, #944, .T. ) ;
#772 = ORIENTED_EDGE ( 'NONE', *, *, #795, .T. ) ;
#773 = ORIENTED_EDGE ( 'NONE', *, *, #962, .T. ) ;
#774 = ORIENTED_EDGE ( 'NONE', *, *, #990, .T. ) ;
#775 = ORIENTED_EDGE ( 'NONE', *, *, #993, .T. ) ;
#776 = ADVANCED_FACE ( 'NONE', ( #2731 ), #2730, .F. ) ;
#777 = EDGE_LOOP ( 'NONE', ( #778, #779, #1157 ) ) ;
#778 = ORIENTED_EDGE ( 'NONE', *, *, #682, .F. ) ;
#779 = ORIENTED_EDGE ( 'NONE', *, *, #583, .T. ) ;
#780 = EDGE_CURVE ( 'NONE', #794, #846, #2726, .T. ) ;
#781 = ORIENTED_EDGE ( 'NONE', *, *, #1007, .F. ) ;
#782 = ORIENTED_EDGE ( 'NONE', *, *, #783, .F. ) ;
#783 = EDGE_CURVE ( 'NONE', #784, #1005, #2776, .T. ) ;
#784 = VERTEX_POINT ( 'NONE', #2772 ) ;
#785 = ORIENTED_EDGE ( 'NONE', *, *, #786, .T. ) ;
#786 = EDGE_CURVE ( 'NONE', #784, #932, #2771, .T. ) ;
#787 = ADVANCED_FACE ( 'NONE', ( #2767 ), #2766, .F. ) ;
#788 = EDGE_LOOP ( 'NONE', ( #789, #790, #791, #792, #1171 ) ) ;
#789 = ORIENTED_EDGE ( 'NONE', *, *, #1058, .T. ) ;
#790 = ORIENTED_EDGE ( 'NONE', *, *, #934, .T. ) ;
#791 = ORIENTED_EDGE ( 'NONE', *, *, #786, .F. ) ;
#792 = ORIENTED_EDGE ( 'NONE', *, *, #793, .F. ) ;
#793 = EDGE_CURVE ( 'NONE', #794, #784, #2764, .T. ) ;
#794 = VERTEX_POINT ( 'NONE', #2757 ) ;
#795 = EDGE_CURVE ( 'NONE', #1015, #963, #2755, .T. ) ;
#796 = ORIENTED_EDGE ( 'NONE', *, *, #797, .T. ) ;
#797 = EDGE_CURVE ( 'NONE', #1015, #826, #2790, .T. ) ;
#798 = ADVANCED_FACE ( 'NONE', ( #2789 ), #2795, .F. ) ;
#799 = EDGE_LOOP ( 'NONE', ( #800, #801, #802, #946 ) ) ;
#800 = ORIENTED_EDGE ( 'NONE', *, *, #828, .T. ) ;
#801 = ORIENTED_EDGE ( 'NONE', *, *, #797, .F. ) ;
#802 = ORIENTED_EDGE ( 'NONE', *, *, #944, .F. ) ;
#803 = ORIENTED_EDGE ( 'NONE', *, *, #804, .T. ) ;
#804 = EDGE_CURVE ( 'NONE', #1065, #805, #2818, .T. ) ;
#805 = VERTEX_POINT ( 'NONE', #2833 ) ;
#806 = ORIENTED_EDGE ( 'NONE', *, *, #807, .T. ) ;
#807 = EDGE_CURVE ( 'NONE', #805, #808, #2814, .T. ) ;
#808 = VERTEX_POINT ( 'NONE', #2813 ) ;
#809 = ORIENTED_EDGE ( 'NONE', *, *, #810, .F. ) ;
#810 = EDGE_CURVE ( 'NONE', #811, #808, #2803, .T. ) ;
#811 = VERTEX_POINT ( 'NONE', #2844 ) ;
#812 = ORIENTED_EDGE ( 'NONE', *, *, #847, .T. ) ;
#813 = VERTEX_POINT ( 'NONE', #2843 ) ;
#814 = ORIENTED_EDGE ( 'NONE', *, *, #815, .T. ) ;
#815 = EDGE_CURVE ( 'NONE', #918, #1068, #2842, .T. ) ;
#816 = ORIENTED_EDGE ( 'NONE', *, *, #817, .T. ) ;
#817 = EDGE_CURVE ( 'NONE', #1068, #1084, #2836, .T. ) ;
#818 = ADVANCED_FACE ( 'NONE', ( #2837 ), #2832, .F. ) ;
#819 = EDGE_LOOP ( 'NONE', ( #820, #824, #827, #830, #1063, #803, #806, #809, #812, #848 ) ) ;
#820 = ORIENTED_EDGE ( 'NONE', *, *, #821, .F. ) ;
#821 = EDGE_CURVE ( 'NONE', #822, #823, #2820, .T. ) ;
#822 = VERTEX_POINT ( 'NONE', #2819 ) ;
#823 = VERTEX_POINT ( 'NONE', #2821 ) ;
#824 = ORIENTED_EDGE ( 'NONE', *, *, #825, .F. ) ;
#825 = EDGE_CURVE ( 'NONE', #826, #822, #2805, .T. ) ;
#826 = VERTEX_POINT ( 'NONE', #2804 ) ;
#827 = ORIENTED_EDGE ( 'NONE', *, *, #828, .F. ) ;
#828 = EDGE_CURVE ( 'NONE', #829, #826, #2853, .T. ) ;
#829 = VERTEX_POINT ( 'NONE', #2852 ) ;
#830 = ORIENTED_EDGE ( 'NONE', *, *, #831, .F. ) ;
#831 = EDGE_CURVE ( 'NONE', #1062, #829, #2890, .T. ) ;
#832 = ORIENTED_EDGE ( 'NONE', *, *, #833, .T. ) ;
#833 = EDGE_CURVE ( 'NONE', #1054, #1056, #2888, .T. ) ;
#834 = ORIENTED_EDGE ( 'NONE', *, *, #835, .T. ) ;
#835 = EDGE_CURVE ( 'NONE', #1056, #836, #2876, .T. ) ;
#836 = VERTEX_POINT ( 'NONE', #2875 ) ;
#837 = ORIENTED_EDGE ( 'NONE', *, *, #838, .F. ) ;
#838 = EDGE_CURVE ( 'NONE', #839, #836, #2874, .T. ) ;
#839 = VERTEX_POINT ( 'NONE', #2949 ) ;
#840 = ORIENTED_EDGE ( 'NONE', *, *, #841, .T. ) ;
#841 = EDGE_CURVE ( 'NONE', #839, #842, #2919, .T. ) ;
#842 = VERTEX_POINT ( 'NONE', #2918 ) ;
#843 = ORIENTED_EDGE ( 'NONE', *, *, #844, .T. ) ;
#844 = EDGE_CURVE ( 'NONE', #842, #845, #2928, .T. ) ;
#845 = VERTEX_POINT ( 'NONE', #2995 ) ;
#846 = VERTEX_POINT ( 'NONE', #2924 ) ;
#847 = EDGE_CURVE ( 'NONE', #811, #813, #2998, .T. ) ;
#848 = ORIENTED_EDGE ( 'NONE', *, *, #1049, .T. ) ;
#849 = ORIENTED_EDGE ( 'NONE', *, *, #1074, .T. ) ;
#850 = ORIENTED_EDGE ( 'NONE', *, *, #872, .T. ) ;
#851 = ORIENTED_EDGE ( 'NONE', *, *, #867, .F. ) ;
#852 = ORIENTED_EDGE ( 'NONE', *, *, #1035, .F. ) ;
#853 = ORIENTED_EDGE ( 'NONE', *, *, #1014, .T. ) ;
#854 = ORIENTED_EDGE ( 'NONE', *, *, #545, .T. ) ;
#855 = ORIENTED_EDGE ( 'NONE', *, *, #476, .T. ) ;
#856 = EDGE_CURVE ( 'NONE', #877, #731, #2997, .T. ) ;
#857 = ORIENTED_EDGE ( 'NONE', *, *, #856, .T. ) ;
#858 = ORIENTED_EDGE ( 'NONE', *, *, #477, .T. ) ;
#859 = EDGE_CURVE ( 'NONE', #865, #1024, #2932, .T. ) ;
#860 = ORIENTED_EDGE ( 'NONE', *, *, #872, .F. ) ;
#861 = EDGE_LOOP ( 'NONE', ( #1039, #873, #874, #850 ) ) ;
#862 = ORIENTED_EDGE ( 'NONE', *, *, #1047, .F. ) ;
#863 = EDGE_CURVE ( 'NONE', #869, #865, #2951, .T. ) ;
#864 = ORIENTED_EDGE ( 'NONE', *, *, #1046, .F. ) ;
#865 = VERTEX_POINT ( 'NONE', #2950 ) ;
#866 = EDGE_LOOP ( 'NONE', ( #849, #1033 ) ) ;
#867 = EDGE_CURVE ( 'NONE', #742, #877, #2952, .T. ) ;
#868 = ADVANCED_FACE ( 'NONE', ( #2937 ), #2936, .F. ) ;
#869 = VERTEX_POINT ( 'NONE', #2899 ) ;
#870 = ORIENTED_EDGE ( 'NONE', *, *, #672, .F. ) ;
#871 = EDGE_LOOP ( 'NONE', ( #870, #1032, #1036, #1037 ) ) ;
#872 = EDGE_CURVE ( 'NONE', #1088, #472, #2895, .T. ) ;
#873 = ORIENTED_EDGE ( 'NONE', *, *, #900, .F. ) ;
#874 = ORIENTED_EDGE ( 'NONE', *, *, #1079, .T. ) ;
#875 = ADVANCED_FACE ( 'NONE', ( #3079 ), #3078, .T. ) ;
#876 = ADVANCED_FACE ( 'NONE', ( #3072 ), #3076, .F. ) ;
#877 = VERTEX_POINT ( 'NONE', #3067 ) ;
#878 = ORIENTED_EDGE ( 'NONE', *, *, #755, .T. ) ;
#879 = ORIENTED_EDGE ( 'NONE', *, *, #522, .T. ) ;
#880 = ORIENTED_EDGE ( 'NONE', *, *, #881, .T. ) ;
#881 = EDGE_CURVE ( 'NONE', #893, #923, #3066, .T. ) ;
#882 = ORIENTED_EDGE ( 'NONE', *, *, #905, .T. ) ;
#883 = EDGE_CURVE ( 'NONE', #886, #1076, #3058, .T. ) ;
#884 = ORIENTED_EDGE ( 'NONE', *, *, #1075, .T. ) ;
#885 = EDGE_CURVE ( 'NONE', #917, #886, #2916, .T. ) ;
#886 = VERTEX_POINT ( 'NONE', #2915 ) ;
#887 = ORIENTED_EDGE ( 'NONE', *, *, #883, .T. ) ;
#888 = ADVANCED_FACE ( 'NONE', ( #2917, #2907 ), #2906, .T. ) ;
#889 = ORIENTED_EDGE ( 'NONE', *, *, #900, .T. ) ;
#890 = ORIENTED_EDGE ( 'NONE', *, *, #891, .F. ) ;
#891 = EDGE_CURVE ( 'NONE', #1071, #1072, #3023, .T. ) ;
#892 = EDGE_LOOP ( 'NONE', ( #889, #901 ) ) ;
#893 = VERTEX_POINT ( 'NONE', #3024 ) ;
#894 = ORIENTED_EDGE ( 'NONE', *, *, #897, .T. ) ;
#895 = ORIENTED_EDGE ( 'NONE', *, *, #815, .F. ) ;
#896 = EDGE_LOOP ( 'NONE', ( #904, #882, #880, #898, #899, #887, #884, #890 ) ) ;
#897 = EDGE_CURVE ( 'NONE', #918, #811, #3018, .T. ) ;
#898 = ORIENTED_EDGE ( 'NONE', *, *, #922, .T. ) ;
#899 = ORIENTED_EDGE ( 'NONE', *, *, #885, .T. ) ;
#900 = EDGE_CURVE ( 'NONE', #698, #697, #3011, .T. ) ;
#901 = ORIENTED_EDGE ( 'NONE', *, *, #696, .T. ) ;
#902 = EDGE_LOOP ( 'NONE', ( #1018, #1017, #852 ) ) ;
#903 = ADVANCED_FACE ( 'NONE', ( #3006 ), #3005, .T. ) ;
#904 = ORIENTED_EDGE ( 'NONE', *, *, #919, .F. ) ;
#905 = EDGE_CURVE ( 'NONE', #1085, #893, #3003, .T. ) ;
#906 = ORIENTED_EDGE ( 'NONE', *, *, #919, .T. ) ;
#907 = ORIENTED_EDGE ( 'NONE', *, *, #908, .F. ) ;
#908 = EDGE_CURVE ( 'NONE', #909, #1061, #3050, .T. ) ;
#909 = VERTEX_POINT ( 'NONE', #3049 ) ;
#910 = ORIENTED_EDGE ( 'NONE', *, *, #911, .F. ) ;
#911 = EDGE_CURVE ( 'NONE', #1055, #909, #3040, .T. ) ;
#912 = ADVANCED_FACE ( 'NONE', ( #3042 ), #2756, .T. ) ;
#913 = EDGE_LOOP ( 'NONE', ( #914, #915, #921, #924 ) ) ;
#914 = ORIENTED_EDGE ( 'NONE', *, *, #838, .T. ) ;
#915 = ORIENTED_EDGE ( 'NONE', *, *, #916, .T. ) ;
#916 = EDGE_CURVE ( 'NONE', #836, #917, #3231, .T. ) ;
#917 = VERTEX_POINT ( 'NONE', #3261 ) ;
#918 = VERTEX_POINT ( 'NONE', #3260 ) ;
#919 = EDGE_CURVE ( 'NONE', #1085, #1071, #3259, .T. ) ;
#920 = ORIENTED_EDGE ( 'NONE', *, *, #1075, .F. ) ;
#921 = ORIENTED_EDGE ( 'NONE', *, *, #922, .F. ) ;
#922 = EDGE_CURVE ( 'NONE', #923, #917, #3249, .T. ) ;
#923 = VERTEX_POINT ( 'NONE', #3244 ) ;
#924 = ORIENTED_EDGE ( 'NONE', *, *, #925, .T. ) ;
#925 = EDGE_CURVE ( 'NONE', #923, #839, #3243, .T. ) ;
#926 = ADVANCED_FACE ( 'NONE', ( #3232 ), #3242, .T. ) ;
#927 = EDGE_LOOP ( 'NONE', ( #928, #929, #895, #894 ) ) ;
#928 = ORIENTED_EDGE ( 'NONE', *, *, #810, .T. ) ;
#929 = ORIENTED_EDGE ( 'NONE', *, *, #930, .T. ) ;
#930 = EDGE_CURVE ( 'NONE', #808, #1068, #3229, .T. ) ;
#931 = ORIENTED_EDGE ( 'NONE', *, *, #1097, .T. ) ;
#932 = VERTEX_POINT ( 'NONE', #3228 ) ;
#933 = ORIENTED_EDGE ( 'NONE', *, *, #934, .F. ) ;
#934 = EDGE_CURVE ( 'NONE', #845, #932, #3221, .T. ) ;
#935 = ORIENTED_EDGE ( 'NONE', *, *, #844, .F. ) ;
#936 = ORIENTED_EDGE ( 'NONE', *, *, #1140, .T. ) ;
#937 = ORIENTED_EDGE ( 'NONE', *, *, #905, .F. ) ;
#938 = ORIENTED_EDGE ( 'NONE', *, *, #1083, .F. ) ;
#939 = ORIENTED_EDGE ( 'NONE', *, *, #1257, .T. ) ;
#940 = ORIENTED_EDGE ( 'NONE', *, *, #804, .F. ) ;
#941 = ADVANCED_FACE ( 'NONE', ( #3217 ), #3216, .F. ) ;
#942 = EDGE_LOOP ( 'NONE', ( #943, #975, #978, #981 ) ) ;
#943 = ORIENTED_EDGE ( 'NONE', *, *, #911, .T. ) ;
#944 = EDGE_CURVE ( 'NONE', #945, #1015, #3211, .T. ) ;
#945 = VERTEX_POINT ( 'NONE', #3207 ) ;
#946 = ORIENTED_EDGE ( 'NONE', *, *, #947, .T. ) ;
#947 = EDGE_CURVE ( 'NONE', #945, #829, #3206, .T. ) ;
#948 = ADVANCED_FACE ( 'NONE', ( #3088 ), #3087, .F. ) ;
#949 = EDGE_LOOP ( 'NONE', ( #950, #951, #952, #955 ) ) ;
#950 = ORIENTED_EDGE ( 'NONE', *, *, #831, .T. ) ;
#951 = ORIENTED_EDGE ( 'NONE', *, *, #947, .F. ) ;
#952 = ORIENTED_EDGE ( 'NONE', *, *, #953, .F. ) ;
#953 = EDGE_CURVE ( 'NONE', #954, #945, #3085, .T. ) ;
#954 = VERTEX_POINT ( 'NONE', #3200 ) ;
#955 = ORIENTED_EDGE ( 'NONE', *, *, #956, .T. ) ;
#956 = EDGE_CURVE ( 'NONE', #954, #1062, #3199, .T. ) ;
#957 = ADVANCED_FACE ( 'NONE', ( #3195 ), #3194, .F. ) ;
#958 = EDGE_LOOP ( 'NONE', ( #1001, #1002, #1003, #1006, #1008 ) ) ;
#959 = ORIENTED_EDGE ( 'NONE', *, *, #1125, .T. ) ;
#960 = ORIENTED_EDGE ( 'NONE', *, *, #971, .F. ) ;
#961 = ORIENTED_EDGE ( 'NONE', *, *, #962, .F. ) ;
#962 = EDGE_CURVE ( 'NONE', #963, #991, #3192, .T. ) ;
#963 = VERTEX_POINT ( 'NONE', #3185 ) ;
#964 = ORIENTED_EDGE ( 'NONE', *, *, #965, .T. ) ;
#965 = EDGE_CURVE ( 'NONE', #963, #822, #3184, .T. ) ;
#966 = ADVANCED_FACE ( 'NONE', ( #3180 ), #3179, .F. ) ;
#967 = EDGE_LOOP ( 'NONE', ( #968, #969, #970, #796 ) ) ;
#968 = ORIENTED_EDGE ( 'NONE', *, *, #825, .T. ) ;
#969 = ORIENTED_EDGE ( 'NONE', *, *, #965, .F. ) ;
#970 = ORIENTED_EDGE ( 'NONE', *, *, #795, .F. ) ;
#971 = EDGE_CURVE ( 'NONE', #991, #1123, #3177, .T. ) ;
#972 = ADVANCED_FACE ( 'NONE', ( #3170 ), #3169, .F. ) ;
#973 = EDGE_LOOP ( 'NONE', ( #974, #959, #960, #961, #964 ) ) ;
#974 = ORIENTED_EDGE ( 'NONE', *, *, #821, .T. ) ;
#975 = ORIENTED_EDGE ( 'NONE', *, *, #976, .F. ) ;
#976 = EDGE_CURVE ( 'NONE', #977, #909, #3167, .T. ) ;
#977 = VERTEX_POINT ( 'NONE', #3160 ) ;
#978 = ORIENTED_EDGE ( 'NONE', *, *, #979, .F. ) ;
#979 = EDGE_CURVE ( 'NONE', #980, #977, #3159, .T. ) ;
#980 = VERTEX_POINT ( 'NONE', #3155 ) ;
#981 = ORIENTED_EDGE ( 'NONE', *, *, #982, .T. ) ;
#982 = EDGE_CURVE ( 'NONE', #980, #1055, #3154, .T. ) ;
#983 = ADVANCED_FACE ( 'NONE', ( #3150 ), #3149, .F. ) ;
#984 = EDGE_LOOP ( 'NONE', ( #985, #986, #987, #995, #997 ) ) ;
#985 = ORIENTED_EDGE ( 'NONE', *, *, #1053, .T. ) ;
#986 = ORIENTED_EDGE ( 'NONE', *, *, #982, .F. ) ;
#987 = ORIENTED_EDGE ( 'NONE', *, *, #993, .F. ) ;
#988 = ORIENTED_EDGE ( 'NONE', *, *, #996, .F. ) ;
#989 = ORIENTED_EDGE ( 'NONE', *, *, #990, .F. ) ;
#990 = EDGE_CURVE ( 'NONE', #991, #994, #3147, .T. ) ;
#991 = VERTEX_POINT ( 'NONE', #3140 ) ;
#992 = ORIENTED_EDGE ( 'NONE', *, *, #971, .T. ) ;
#993 = EDGE_CURVE ( 'NONE', #994, #980, #3113, .T. ) ;
#994 = VERTEX_POINT ( 'NONE', #3109 ) ;
#995 = ORIENTED_EDGE ( 'NONE', *, *, #996, .T. ) ;
#996 = EDGE_CURVE ( 'NONE', #994, #1120, #3108, .T. ) ;
#997 = ORIENTED_EDGE ( 'NONE', *, *, #1152, .T. ) ;
#998 = ADVANCED_FACE ( 'NONE', ( #3104 ), #3103, .F. ) ;
#999 = EDGE_LOOP ( 'NONE', ( #1000, #988, #989, #992 ) ) ;
#1000 = ORIENTED_EDGE ( 'NONE', *, *, #1122, .T. ) ;
#1001 = ORIENTED_EDGE ( 'NONE', *, *, #1064, .T. ) ;
#1002 = ORIENTED_EDGE ( 'NONE', *, *, #956, .F. ) ;
#1003 = ORIENTED_EDGE ( 'NONE', *, *, #1004, .F. ) ;
#1004 = EDGE_CURVE ( 'NONE', #1005, #954, #3101, .T. ) ;
#1005 = VERTEX_POINT ( 'NONE', #3094 ) ;
#1006 = ORIENTED_EDGE ( 'NONE', *, *, #1007, .T. ) ;
#1007 = EDGE_CURVE ( 'NONE', #1005, #1095, #3093, .T. ) ;
#1008 = ORIENTED_EDGE ( 'NONE', *, *, #1094, .T. ) ;
#1009 = ADVANCED_FACE ( 'NONE', ( #3139 ), #3138, .F. ) ;
#1010 = EDGE_LOOP ( 'NONE', ( #931, #781, #782, #785 ) ) ;
#1011 = ORIENTED_EDGE ( 'NONE', *, *, #696, .F. ) ;
#1012 = ADVANCED_FACE ( 'NONE', ( #3132 ), #3131, .T. ) ;
#1013 = EDGE_LOOP ( 'NONE', ( #1011, #470, #1086, #1078 ) ) ;
#1014 = EDGE_CURVE ( 'NONE', #565, #546, #3127, .T. ) ;
#1015 = VERTEX_POINT ( 'NONE', #3126 ) ;
#1016 = ORIENTED_EDGE ( 'NONE', *, *, #1087, .F. ) ;
#1017 = ORIENTED_EDGE ( 'NONE', *, *, #859, .T. ) ;
#1018 = ORIENTED_EDGE ( 'NONE', *, *, #863, .T. ) ;
#1019 = EDGE_LOOP ( 'NONE', ( #860, #1016 ) ) ;
#1020 = EDGE_LOOP ( 'NONE', ( #1029, #1025, #857 ) ) ;
#1021 = ORIENTED_EDGE ( 'NONE', *, *, #648, .T. ) ;
#1022 = ORIENTED_EDGE ( 'NONE', *, *, #523, .T. ) ;
#1023 = ORIENTED_EDGE ( 'NONE', *, *, #701, .T. ) ;
#1024 = VERTEX_POINT ( 'NONE', #3116 ) ;
#1025 = ORIENTED_EDGE ( 'NONE', *, *, #867, .T. ) ;
#1026 = ADVANCED_FACE ( 'NONE', ( #3115, #3114 ), #3280, .T. ) ;
#1027 = ORIENTED_EDGE ( 'NONE', *, *, #859, .F. ) ;
#1028 = EDGE_LOOP ( 'NONE', ( #1027, #862, #851, #878, #879, #1022, #1023, #858, #853, #854, #855, #1135, #1118, #1106, #1119, #1134, #1100, #1099 ) ) ;
#1029 = ORIENTED_EDGE ( 'NONE', *, *, #510, .F. ) ;
#1030 = ADVANCED_FACE ( 'NONE', ( #3278 ), #3271, .F. ) ;
#1031 = EDGE_CURVE ( 'NONE', #658, #568, #3512, .T. ) ;
#1032 = ORIENTED_EDGE ( 'NONE', *, *, #1031, .F. ) ;
#1033 = ORIENTED_EDGE ( 'NONE', *, *, #891, .T. ) ;
#1034 = ORIENTED_EDGE ( 'NONE', *, *, #1031, .T. ) ;
#1035 = EDGE_CURVE ( 'NONE', #869, #1024, #3553, .T. ) ;
#1036 = ORIENTED_EDGE ( 'NONE', *, *, #496, .T. ) ;
#1037 = ORIENTED_EDGE ( 'NONE', *, *, #1089, .T. ) ;
#1038 = EDGE_LOOP ( 'NONE', ( #1034, #1021 ) ) ;
#1039 = ORIENTED_EDGE ( 'NONE', *, *, #471, .F. ) ;
#1040 = ADVANCED_FACE ( 'NONE', ( #3554 ), #3548, .T. ) ;
#1041 = ORIENTED_EDGE ( 'NONE', *, *, #734, .F. ) ;
#1042 = ORIENTED_EDGE ( 'NONE', *, *, #1035, .T. ) ;
#1043 = EDGE_CURVE ( 'NONE', #735, #1024, #3544, .T. ) ;
#1044 = ORIENTED_EDGE ( 'NONE', *, *, #1043, .F. ) ;
#1045 = EDGE_LOOP ( 'NONE', ( #1041, #864, #1042, #1044 ) ) ;
#1046 = EDGE_CURVE ( 'NONE', #869, #723, #3445, .T. ) ;
#1047 = EDGE_CURVE ( 'NONE', #877, #865, #3678, .T. ) ;
#1048 = ADVANCED_FACE ( 'NONE', ( #3733 ), #3664, .T. ) ;
#1049 = EDGE_CURVE ( 'NONE', #813, #823, #3740, .T. ) ;
#1050 = ADVANCED_FACE ( 'NONE', ( #3741 ), #3670, .F. ) ;
#1051 = EDGE_LOOP ( 'NONE', ( #1052, #832, #834, #837, #840, #843, #1057, #1059, #907, #910 ) ) ;
#1052 = ORIENTED_EDGE ( 'NONE', *, *, #1053, .F. ) ;
#1053 = EDGE_CURVE ( 'NONE', #1054, #1055, #3747, .T. ) ;
#1054 = VERTEX_POINT ( 'NONE', #3746 ) ;
#1055 = VERTEX_POINT ( 'NONE', #3748 ) ;
#1056 = VERTEX_POINT ( 'NONE', #3631 ) ;
#1057 = ORIENTED_EDGE ( 'NONE', *, *, #1058, .F. ) ;
#1058 = EDGE_CURVE ( 'NONE', #846, #845, #3744, .T. ) ;
#1059 = ORIENTED_EDGE ( 'NONE', *, *, #1060, .F. ) ;
#1060 = EDGE_CURVE ( 'NONE', #1061, #846, #3673, .T. ) ;
#1061 = VERTEX_POINT ( 'NONE', #3676 ) ;
#1062 = VERTEX_POINT ( 'NONE', #3674 ) ;
#1063 = ORIENTED_EDGE ( 'NONE', *, *, #1064, .F. ) ;
#1064 = EDGE_CURVE ( 'NONE', #1065, #1062, #3663, .T. ) ;
#1065 = VERTEX_POINT ( 'NONE', #3662 ) ;
#1066 = ORIENTED_EDGE ( 'NONE', *, *, #1067, .T. ) ;
#1067 = EDGE_CURVE ( 'NONE', #1070, #918, #3754, .T. ) ;
#1068 = VERTEX_POINT ( 'NONE', #3753 ) ;
#1069 = EDGE_CURVE ( 'NONE', #1076, #1070, #3653, .T. ) ;
#1070 = VERTEX_POINT ( 'NONE', #3654 ) ;
#1071 = VERTEX_POINT ( 'NONE', #3649 ) ;
#1072 = VERTEX_POINT ( 'NONE', #3648 ) ;
#1073 = ORIENTED_EDGE ( 'NONE', *, *, #1074, .F. ) ;
#1074 = EDGE_CURVE ( 'NONE', #1072, #1071, #3273, .T. ) ;
#1075 = EDGE_CURVE ( 'NONE', #1076, #1072, #3274, .T. ) ;
#1076 = VERTEX_POINT ( 'NONE', #3373 ) ;
#1077 = ORIENTED_EDGE ( 'NONE', *, *, #1069, .T. ) ;
#1078 = ORIENTED_EDGE ( 'NONE', *, *, #1079, .F. ) ;
#1079 = EDGE_CURVE ( 'NONE', #698, #1088, #3502, .T. ) ;
#1080 = ADVANCED_FACE ( 'NONE', ( #3498 ), #3497, .T. ) ;
#1081 = EDGE_LOOP ( 'NONE', ( #1082, #906, #1073, #920, #1077, #1066, #814, #816 ) ) ;
#1082 = ORIENTED_EDGE ( 'NONE', *, *, #1083, .T. ) ;
#1083 = EDGE_CURVE ( 'NONE', #1084, #1085, #3492, .T. ) ;
#1084 = VERTEX_POINT ( 'NONE', #3487 ) ;
#1085 = VERTEX_POINT ( 'NONE', #3486 ) ;
#1086 = ORIENTED_EDGE ( 'NONE', *, *, #1087, .T. ) ;
#1087 = EDGE_CURVE ( 'NONE', #472, #1088, #3485, .T. ) ;
#1088 = VERTEX_POINT ( 'NONE', #3361 ) ;
#1089 = EDGE_CURVE ( 'NONE', #673, #678, #3360, .T. ) ;
#1090 = ADVANCED_FACE ( 'NONE', ( #3355 ), #3354, .F. ) ;
#1091 = ADVANCED_FACE ( 'NONE', ( #3353 ), #3348, .T. ) ;
#1092 = EDGE_LOOP ( 'NONE', ( #1093, #1096, #933, #935, #936, #937, #938, #939, #940 ) ) ;
#1093 = ORIENTED_EDGE ( 'NONE', *, *, #1094, .F. ) ;
#1094 = EDGE_CURVE ( 'NONE', #1095, #1065, #3343, .T. ) ;
#1095 = VERTEX_POINT ( 'NONE', #3966 ) ;
#1096 = ORIENTED_EDGE ( 'NONE', *, *, #1097, .F. ) ;
#1097 = EDGE_CURVE ( 'NONE', #932, #1095, #3965, .T. ) ;
#1098 = ORIENTED_EDGE ( 'NONE', *, *, #481, .T. ) ;
#1099 = ORIENTED_EDGE ( 'NONE', *, *, #1043, .T. ) ;
#1100 = ORIENTED_EDGE ( 'NONE', *, *, #513, .T. ) ;
#1101 = EDGE_CURVE ( 'NONE', #886, #1056, #3961, .T. ) ;
#1102 = ORIENTED_EDGE ( 'NONE', *, *, #833, .F. ) ;
#1103 = ADVANCED_FACE ( 'NONE', ( #3957 ), #3955, .T. ) ;
#1104 = EDGE_LOOP ( 'NONE', ( #1105, #1246, #1247, #1248 ) ) ;
#1105 = ORIENTED_EDGE ( 'NONE', *, *, #897, .F. ) ;
#1106 = ORIENTED_EDGE ( 'NONE', *, *, #495, .T. ) ;
#1107 = ORIENTED_EDGE ( 'NONE', *, *, #760, .T. ) ;
#1108 = ORIENTED_EDGE ( 'NONE', *, *, #751, .T. ) ;
#1109 = ORIENTED_EDGE ( 'NONE', *, *, #467, .T. ) ;
#1110 = ORIENTED_EDGE ( 'NONE', *, *, #863, .F. ) ;
#1111 = ORIENTED_EDGE ( 'NONE', *, *, #1046, .T. ) ;
#1112 = ORIENTED_EDGE ( 'NONE', *, *, #752, .T. ) ;
#1113 = ORIENTED_EDGE ( 'NONE', *, *, #748, .T. ) ;
#1114 = ORIENTED_EDGE ( 'NONE', *, *, #1049, .F. ) ;
#1115 = ORIENTED_EDGE ( 'NONE', *, *, #1116, .T. ) ;
#1116 = EDGE_CURVE ( 'NONE', #813, #1070, #3956, .T. ) ;
#1117 = ORIENTED_EDGE ( 'NONE', *, *, #667, .T. ) ;
#1118 = ORIENTED_EDGE ( 'NONE', *, *, #708, .T. ) ;
#1119 = ORIENTED_EDGE ( 'NONE', *, *, #725, .T. ) ;
#1120 = VERTEX_POINT ( 'NONE', #3947 ) ;
#1121 = ORIENTED_EDGE ( 'NONE', *, *, #1122, .F. ) ;
#1122 = EDGE_CURVE ( 'NONE', #1123, #1120, #3946, .T. ) ;
#1123 = VERTEX_POINT ( 'NONE', #3942 ) ;
#1124 = ORIENTED_EDGE ( 'NONE', *, *, #1125, .F. ) ;
#1125 = EDGE_CURVE ( 'NONE', #823, #1123, #3940, .T. ) ;
#1126 = ORIENTED_EDGE ( 'NONE', *, *, #1069, .F. ) ;
#1127 = ORIENTED_EDGE ( 'NONE', *, *, #883, .F. ) ;
#1128 = ORIENTED_EDGE ( 'NONE', *, *, #1101, .T. ) ;
#1129 = ORIENTED_EDGE ( 'NONE', *, *, #856, .F. ) ;
#1130 = ORIENTED_EDGE ( 'NONE', *, *, #1047, .T. ) ;
#1131 = EDGE_LOOP ( 'NONE', ( #1151, #1121, #1124, #1114, #1115, #1126, #1127, #1128, #1102 ) ) ;
#1132 = ORIENTED_EDGE ( 'NONE', *, *, #659, .T. ) ;
#1133 = ORIENTED_EDGE ( 'NONE', *, *, #728, .T. ) ;
#1134 = ORIENTED_EDGE ( 'NONE', *, *, #485, .T. ) ;
#1135 = ORIENTED_EDGE ( 'NONE', *, *, #675, .T. ) ;
#1136 = ORIENTED_EDGE ( 'NONE', *, *, #554, .T. ) ;
#1137 = ORIENTED_EDGE ( 'NONE', *, *, #925, .F. ) ;
#1138 = ORIENTED_EDGE ( 'NONE', *, *, #881, .F. ) ;
#1139 = ORIENTED_EDGE ( 'NONE', *, *, #1140, .F. ) ;
#1140 = EDGE_CURVE ( 'NONE', #842, #893, #3941, .T. ) ;
#1141 = ORIENTED_EDGE ( 'NONE', *, *, #841, .F. ) ;
#1142 = ADVANCED_FACE ( 'NONE', ( #3835 ), #3834, .T. ) ;
#1143 = EDGE_LOOP ( 'NONE', ( #1144, #1258, #1259, #1260 ) ) ;
#1144 = ORIENTED_EDGE ( 'NONE', *, *, #1257, .F. ) ;
#1145 = ORIENTED_EDGE ( 'NONE', *, *, #660, .T. ) ;
#1146 = ORIENTED_EDGE ( 'NONE', *, *, #699, .T. ) ;
#1147 = ADVANCED_FACE ( 'NONE', ( #3829 ), #3826, .F. ) ;
#1148 = EDGE_LOOP ( 'NONE', ( #1110, #1111, #1112, #1132, #1113, #1117, #1149, #1098, #1245, #1145, #1146, #1153, #1154, #1136, #1107, #1108, #1109, #1133, #1129, #1130 ) ) ;
#1149 = ORIENTED_EDGE ( 'NONE', *, *, #505, .T. ) ;
#1150 = ADVANCED_FACE ( 'NONE', ( #3828 ), #3824, .T. ) ;
#1151 = ORIENTED_EDGE ( 'NONE', *, *, #1152, .F. ) ;
#1152 = EDGE_CURVE ( 'NONE', #1120, #1054, #3825, .T. ) ;
#1153 = ORIENTED_EDGE ( 'NONE', *, *, #494, .T. ) ;
#1154 = ORIENTED_EDGE ( 'NONE', *, *, #694, .T. ) ;
#1155 = ORIENTED_EDGE ( 'NONE', *, *, #1060, .T. ) ;
#1156 = ORIENTED_EDGE ( 'NONE', *, *, #780, .F. ) ;
#1157 = ORIENTED_EDGE ( 'NONE', *, *, #1159, .F. ) ;
#1158 = CLOSED_SHELL ( 'NONE', ( #683, #575, #530, #559, #655, #652, #492, #552, #520, #729, #744, #514, #726, #709, #1012, #703, #702, #1090, #1080, #818, #1050, #912, #926, #903, #888, #1026, #868, #1040, #1048, #875, #876, #1030, #1147, #1150, #1103, #1249, #1255, #1142, #1091, #941, #983, #998, #972, #966, #798, #948, #957, #1009, #787, #1170, #1342, #766, #776 ) ) ;
#1159 = EDGE_CURVE ( 'NONE', #577, #680, #4077, .T. ) ;
#1160 = EDGE_LOOP ( 'NONE', ( #1161, #1162, #1163, #1164, #1165, #1166, #770, #771, #772, #773, #774, #775 ) ) ;
#1161 = ORIENTED_EDGE ( 'NONE', *, *, #979, .T. ) ;
#1162 = ORIENTED_EDGE ( 'NONE', *, *, #764, .T. ) ;
#1163 = ORIENTED_EDGE ( 'NONE', *, *, #1168, .T. ) ;
#1164 = ORIENTED_EDGE ( 'NONE', *, *, #793, .T. ) ;
#1165 = ORIENTED_EDGE ( 'NONE', *, *, #783, .T. ) ;
#1166 = ORIENTED_EDGE ( 'NONE', *, *, #1004, .T. ) ;
#1167 = ORIENTED_EDGE ( 'NONE', *, *, #1168, .F. ) ;
#1168 = EDGE_CURVE ( 'NONE', #1169, #794, #4072, .T. ) ;
#1169 = VERTEX_POINT ( 'NONE', #4143 ) ;
#1170 = ADVANCED_FACE ( 'NONE', ( #4142 ), #4145, .F. ) ;
#1171 = ORIENTED_EDGE ( 'NONE', *, *, #780, .T. ) ;
#1172 = EDGE_LOOP ( 'NONE', ( #1155, #1156, #1167, #1173 ) ) ;
#1173 = ORIENTED_EDGE ( 'NONE', *, *, #1174, .T. ) ;
#1174 = EDGE_CURVE ( 'NONE', #1169, #1061, #4148, .T. ) ;
#1175 =( BOUNDED_CURVE ( )  B_SPLINE_CURVE ( 2, ( #1228, #1227, #1226, #1225, #1224, #1223, #1222 ),
 .UNSPECIFIED., .F., .F. ) 
 B_SPLINE_CURVE_WITH_KNOTS ( ( 3, 2, 2, 3 ),
 ( 0.0000000000000000000, 0.1666666666666668500, 0.3333333333333335900, 0.5000000000000003300 ),
 .UNSPECIFIED. ) 
 CURVE ( )  GEOMETRIC_REPRESENTATION_ITEM ( )  RATIONAL_B_SPLINE_CURVE ( ( 1.000000000000000000, 0.8660254037844387100, 1.000000000000000000, 0.8660254037844387100, 1.000000000000000000, 0.8660254037844384900, 1.000000000000000200 ) ) 
 REPRESENTATION_ITEM ( '' )  );
#1176 = CYLINDRICAL_SURFACE ( 'NONE', #1221, 2.412999999999999800 ) ;
#1177 = FACE_OUTER_BOUND ( 'NONE', #82, .T. ) ;
#1178 = DIRECTION ( 'NONE',  ( 0.0000000000000000000, 6.982966722218764100E-015, -1.000000000000000000 ) ) ;
#1179 = VECTOR ( 'NONE', #1178, 1000.000000000000000 ) ;
#1180 = CARTESIAN_POINT ( 'NONE',  ( 1.587499999999999900, -0.2539999999999990000, -5.156199999999997500 ) ) ;
#1181 = LINE ( 'NONE', #1180, #1179 ) ;
#1182 = CARTESIAN_POINT ( 'NONE',  ( 1.587499999999999900, -0.2539999999999880100, -6.730999999999996300 ) ) ;
#1183 = DIRECTION ( 'NONE',  ( -0.0000000000000000000, 1.000000000000000000, 3.469593040081617400E-015 ) ) ;
#1184 = VECTOR ( 'NONE', #1183, 1000.000000000000000 ) ;
#1185 = CARTESIAN_POINT ( 'NONE',  ( 1.587499999999999900, 5.498387997075054600E-015, -6.730999999999995400 ) ) ;
#1186 = LINE ( 'NONE', #1185, #1184 ) ;
#1187 = CARTESIAN_POINT ( 'NONE',  ( 1.587499999999999900, -1.487324428646841000, -6.730999999999995400 ) ) ;
#1188 = DIRECTION ( 'NONE',  ( 0.0000000000000000000, 0.0000000000000000000, -1.000000000000000000 ) ) ;
#1189 = DIRECTION ( 'NONE',  ( 1.000000000000000000, 0.0000000000000000000, 0.0000000000000000000 ) ) ;
#1190 = CARTESIAN_POINT ( 'NONE',  ( 1.587499999999999900, 5.498387997075054600E-015, -6.730999999999995400 ) ) ;
#1191 = AXIS2_PLACEMENT_3D ( 'NONE', #1190, #1189, #1188 ) ;
#1192 = PLANE ( 'NONE',  #1191 ) ;
#1193 = FACE_OUTER_BOUND ( 'NONE', #35, .T. ) ;
#1194 = DIRECTION ( 'NONE',  ( -0.0000000000000000000, -1.000000000000000000, -0.0000000000000000000 ) ) ;
#1195 = VECTOR ( 'NONE', #1194, 1000.000000000000000 ) ;
#1196 = CARTESIAN_POINT ( 'NONE',  ( 0.0000000000000000000, 1.574800000000000000, 2.412999999999999800 ) ) ;
#1197 = LINE ( 'NONE', #1196, #1195 ) ;
#1198 = DIRECTION ( 'NONE',  ( 0.0000000000000000000, 0.0000000000000000000, 1.000000000000000000 ) ) ;
#1199 = DIRECTION ( 'NONE',  ( 0.0000000000000000000, 1.000000000000000000, 0.0000000000000000000 ) ) ;
#1200 = CARTESIAN_POINT ( 'NONE',  ( 0.0000000000000000000, 0.0000000000000000000, 0.0000000000000000000 ) ) ;
#1201 = AXIS2_PLACEMENT_3D ( 'NONE', #1200, #1199, #1198 ) ;
#1202 = DIRECTION ( 'NONE',  ( 0.0000000000000000000, 0.0000000000000000000, -1.000000000000000000 ) ) ;
#1203 = DIRECTION ( 'NONE',  ( -0.0000000000000000000, -1.000000000000000000, -0.0000000000000000000 ) ) ;
#1204 = CARTESIAN_POINT ( 'NONE',  ( 0.0000000000000000000, 1.574800000000000000, 0.0000000000000000000 ) ) ;
#1205 = AXIS2_PLACEMENT_3D ( 'NONE', #1204, #1203, #1202 ) ;
#1206 = CYLINDRICAL_SURFACE ( 'NONE', #1205, 2.412999999999999800 ) ;
#1207 = CARTESIAN_POINT ( 'NONE',  ( 2.954975131773396100E-016, 1.574800000000000000, 2.412999999999999800 ) ) ;
#1208 = FACE_OUTER_BOUND ( 'NONE', #100, .T. ) ;
#1209 = DIRECTION ( 'NONE',  ( -0.0000000000000000000, -1.000000000000000000, -0.0000000000000000000 ) ) ;
#1210 = VECTOR ( 'NONE', #1209, 1000.000000000000000 ) ;
#1211 = CARTESIAN_POINT ( 'NONE',  ( 0.0000000000000000000, 1.574800000000000000, -2.412999999999999800 ) ) ;
#1212 = LINE ( 'NONE', #1211, #1210 ) ;
#1213 = DIRECTION ( 'NONE',  ( 0.0000000000000000000, 0.0000000000000000000, 1.000000000000000000 ) ) ;
#1214 = DIRECTION ( 'NONE',  ( 0.0000000000000000000, 1.000000000000000000, 0.0000000000000000000 ) ) ;
#1215 = CARTESIAN_POINT ( 'NONE',  ( 0.0000000000000000000, 1.574800000000000000, 0.0000000000000000000 ) ) ;
#1216 = AXIS2_PLACEMENT_3D ( 'NONE', #1215, #1214, #1213 ) ;
#1217 = DIRECTION ( 'NONE',  ( 0.0000000000000000000, 0.0000000000000000000, -1.000000000000000000 ) ) ;
#1218 = DIRECTION ( 'NONE',  ( -0.0000000000000000000, -1.000000000000000000, -0.0000000000000000000 ) ) ;
#1219 = CARTESIAN_POINT ( 'NONE',  ( 0.0000000000000000000, 1.574800000000000000, 0.0000000000000000000 ) ) ;
#1220 = CIRCLE ( 'NONE', #1216, 2.412999999999999800 ) ;
#1221 = AXIS2_PLACEMENT_3D ( 'NONE', #1219, #1218, #1217 ) ;
#1222 = CARTESIAN_POINT ( 'NONE',  ( -2.954975131773395600E-016, 0.4790075787549594200, -2.412999999999999800 ) ) ;
#1223 = CARTESIAN_POINT ( 'NONE',  ( 1.393146199554564200, 0.5425075787549590300, -2.413000000000002500 ) ) ;
#1224 = CARTESIAN_POINT ( 'NONE',  ( 2.089719299331849600, 0.6060075787549592500, -1.206500000000001000 ) ) ;
#1225 = CARTESIAN_POINT ( 'NONE',  ( 2.786292399109133700, 0.6695075787549589200, -5.118167063334060700E-016 ) ) ;
#1226 = CARTESIAN_POINT ( 'NONE',  ( 2.089719299331851400, 0.7330075787549589200, 1.206499999999998400 ) ) ;
#1227 = CARTESIAN_POINT ( 'NONE',  ( 1.393146199554568000, 0.7965075787549587000, 2.412999999999999400 ) ) ;
#1228 = CARTESIAN_POINT ( 'NONE',  ( -2.941344834795496000E-014, 0.8600075787549592600, 2.413000000000000700 ) ) ;
#1229 = CARTESIAN_POINT ( 'NONE',  ( 5.184229602361377000, 1.574800000000000000, -1.981199999999999900 ) ) ;
#1230 = DIRECTION ( 'NONE',  ( -1.000000000000000000, 0.0000000000000000000, 0.0000000000000000000 ) ) ;
#1231 = VECTOR ( 'NONE', #1230, 1000.000000000000000 ) ;
#1232 = CARTESIAN_POINT ( 'NONE',  ( 6.349999999999999600, 1.574800000000000000, -1.981199999999999900 ) ) ;
#1233 = LINE ( 'NONE', #1232, #1231 ) ;
#1234 = DIRECTION ( 'NONE',  ( 0.0000000000000000000, 0.0000000000000000000, -1.000000000000000000 ) ) ;
#1235 = VECTOR ( 'NONE', #1234, 1000.000000000000000 ) ;
#1236 = CARTESIAN_POINT ( 'NONE',  ( 6.349999999999999600, 1.574800000000000000, 1.981199999999999900 ) ) ;
#1237 = LINE ( 'NONE', #1236, #1235 ) ;
#1238 = CARTESIAN_POINT ( 'NONE',  ( -2.849558520192211600, 1.574800000000000000, -4.762499999999997500 ) ) ;
#1239 = CARTESIAN_POINT ( 'NONE',  ( -1.587499999999999900, 1.574800000000000000, 4.762499999999997500 ) ) ;
#1240 = DIRECTION ( 'NONE',  ( 0.0000000000000000000, 0.0000000000000000000, 1.000000000000000000 ) ) ;
#1241 = DIRECTION ( 'NONE',  ( 0.0000000000000000000, 1.000000000000000000, 0.0000000000000000000 ) ) ;
#1242 = CARTESIAN_POINT ( 'NONE',  ( 0.0000000000000000000, 1.574800000000000000, 0.0000000000000000000 ) ) ;
#1243 = AXIS2_PLACEMENT_3D ( 'NONE', #1242, #1241, #1240 ) ;
#1244 = CIRCLE ( 'NONE', #1243, 5.549900000000000900 ) ;
#1245 = ORIENTED_EDGE ( 'NONE', *, *, #516, .T. ) ;
#1246 = ORIENTED_EDGE ( 'NONE', *, *, #1067, .F. ) ;
#1247 = ORIENTED_EDGE ( 'NONE', *, *, #1116, .F. ) ;
#1248 = ORIENTED_EDGE ( 'NONE', *, *, #847, .F. ) ;
#1249 = ADVANCED_FACE ( 'NONE', ( #4120 ), #4119, .T. ) ;
#1250 = EDGE_LOOP ( 'NONE', ( #1251, #1252, #1253, #1254 ) ) ;
#1251 = ORIENTED_EDGE ( 'NONE', *, *, #1101, .F. ) ;
#1252 = ORIENTED_EDGE ( 'NONE', *, *, #885, .F. ) ;
#1253 = ORIENTED_EDGE ( 'NONE', *, *, #916, .F. ) ;
#1254 = ORIENTED_EDGE ( 'NONE', *, *, #835, .F. ) ;
#1255 = ADVANCED_FACE ( 'NONE', ( #4117 ), #4113, .T. ) ;
#1256 = EDGE_LOOP ( 'NONE', ( #1137, #1138, #1139, #1141 ) ) ;
#1257 = EDGE_CURVE ( 'NONE', #1084, #805, #4108, .T. ) ;
#1258 = ORIENTED_EDGE ( 'NONE', *, *, #817, .F. ) ;
#1259 = ORIENTED_EDGE ( 'NONE', *, *, #930, .F. ) ;
#1260 = ORIENTED_EDGE ( 'NONE', *, *, #807, .F. ) ;
#1261 = PLANE ( 'NONE',  #1684 ) ;
#1262 = CARTESIAN_POINT ( 'NONE',  ( -2.941344834795496000E-014, 0.8600075787549592600, 2.413000000000000700 ) ) ;
#1263 = CARTESIAN_POINT ( 'NONE',  ( 1.587499999999999900, 0.0000000000000000000, -4.762499999999997500 ) ) ;
#1264 = CARTESIAN_POINT ( 'NONE',  ( 1.587499999999999900, -9.215718466126787700E-016, -4.902199999999997000 ) ) ;
#1265 = DIRECTION ( 'NONE',  ( -1.000000000000000000, -0.0000000000000000000, -0.0000000000000000000 ) ) ;
#1266 = VECTOR ( 'NONE', #1265, 1000.000000000000000 ) ;
#1267 = CARTESIAN_POINT ( 'NONE',  ( -1.587499999999999900, 0.0000000000000000000, -4.902199999999997000 ) ) ;
#1268 = LINE ( 'NONE', #1267, #1266 ) ;
#1269 = CARTESIAN_POINT ( 'NONE',  ( -1.587499999999999900, 1.574800000000000000, -4.902199999999997000 ) ) ;
#1270 = DIRECTION ( 'NONE',  ( -0.0000000000000000000, -1.000000000000000000, -0.0000000000000000000 ) ) ;
#1271 = VECTOR ( 'NONE', #1270, 1000.000000000000000 ) ;
#1272 = CARTESIAN_POINT ( 'NONE',  ( -2.849558520192211600, 1.574800000000000000, 4.762499999999997500 ) ) ;
#1273 = LINE ( 'NONE', #1272, #1271 ) ;
#1274 = DIRECTION ( 'NONE',  ( 0.0000000000000000000, 0.0000000000000000000, -1.000000000000000000 ) ) ;
#1275 = DIRECTION ( 'NONE',  ( -0.0000000000000000000, -1.000000000000000000, -0.0000000000000000000 ) ) ;
#1276 = AXIS2_PLACEMENT_3D ( 'NONE', #1278, #1275, #1274 ) ;
#1277 = CYLINDRICAL_SURFACE ( 'NONE', #1276, 5.549900000000000900 ) ;
#1278 = CARTESIAN_POINT ( 'NONE',  ( 0.0000000000000000000, 1.574800000000000000, 0.0000000000000000000 ) ) ;
#1279 = FACE_OUTER_BOUND ( 'NONE', #72, .T. ) ;
#1280 = CARTESIAN_POINT ( 'NONE',  ( 6.349999999999989000, 1.734723475976807100E-015, 1.981199999999999900 ) ) ;
#1281 = DIRECTION ( 'NONE',  ( -1.000000000000000000, 0.0000000000000000000, 0.0000000000000000000 ) ) ;
#1282 = VECTOR ( 'NONE', #1281, 1000.000000000000000 ) ;
#1283 = CARTESIAN_POINT ( 'NONE',  ( 6.349999999999999600, 0.0000000000000000000, -1.981199999999999900 ) ) ;
#1284 = LINE ( 'NONE', #1283, #1282 ) ;
#1285 = CARTESIAN_POINT ( 'NONE',  ( -2.849558520192211600, 0.0000000000000000000, -4.762499999999997500 ) ) ;
#1286 = DIRECTION ( 'NONE',  ( -0.0000000000000000000, -1.000000000000000000, -0.0000000000000000000 ) ) ;
#1287 = VECTOR ( 'NONE', #1286, 1000.000000000000000 ) ;
#1288 = CARTESIAN_POINT ( 'NONE',  ( -2.941344834795494800E-014, 1.574800000000000000, 2.412999999999999800 ) ) ;
#1289 = LINE ( 'NONE', #1288, #1287 ) ;
#1290 = CIRCLE ( 'NONE', #1201, 2.412999999999999800 ) ;
#1291 = DIRECTION ( 'NONE',  ( -0.0000000000000000000, -0.0000000000000000000, -1.000000000000000000 ) ) ;
#1292 = VECTOR ( 'NONE', #1291, 1000.000000000000000 ) ;
#1293 = CARTESIAN_POINT ( 'NONE',  ( 1.587499999999999900, -1.487324428646841000, -5.079999999999995600 ) ) ;
#1294 = LINE ( 'NONE', #1293, #1292 ) ;
#1295 = CARTESIAN_POINT ( 'NONE',  ( 1.587499999999999900, -0.2539999999999999500, -5.156199999999997500 ) ) ;
#1296 = CARTESIAN_POINT ( 'NONE',  ( 1.587499999999999900, -1.487324428646841000, -5.156200000000006300 ) ) ;
#1297 = DIRECTION ( 'NONE',  ( -0.0000000000000000000, 1.000000000000000000, 3.469593040081617400E-015 ) ) ;
#1298 = VECTOR ( 'NONE', #1297, 1000.000000000000000 ) ;
#1299 = CARTESIAN_POINT ( 'NONE',  ( 1.587499999999999900, 0.0000000000000000000, -5.156199999999996600 ) ) ;
#1300 = LINE ( 'NONE', #1299, #1298 ) ;
#1301 = DIRECTION ( 'NONE',  ( 1.000000000000000000, -0.0000000000000000000, -0.0000000000000000000 ) ) ;
#1302 = VECTOR ( 'NONE', #1301, 1000.000000000000000 ) ;
#1303 = CARTESIAN_POINT ( 'NONE',  ( 1.587499999999999900, -4.749800000000000500, -5.156200000000012600 ) ) ;
#1304 = LINE ( 'NONE', #1303, #1302 ) ;
#1305 = DIRECTION ( 'NONE',  ( -0.1045284632676462700, 0.9945218953682741800, 3.450586246378542500E-015 ) ) ;
#1306 = VECTOR ( 'NONE', #1305, 999.9999999999998900 ) ;
#1307 = CARTESIAN_POINT ( 'NONE',  ( -1.707425384542171000, -0.3463106127997456200, -5.156199999999997500 ) ) ;
#1308 = LINE ( 'NONE', #1307, #1306 ) ;
#1309 = CARTESIAN_POINT ( 'NONE',  ( -1.244599999999999300, -4.749799999999995100, -5.156200000000012600 ) ) ;
#1310 = DIRECTION ( 'NONE',  ( -3.669696886122097000E-016, 3.491483361109382500E-015, -1.000000000000000000 ) ) ;
#1311 = VECTOR ( 'NONE', #1310, 1000.000000000000000 ) ;
#1312 = CARTESIAN_POINT ( 'NONE',  ( -1.244599999999999300, -4.749799999999995100, -6.731000000000012300 ) ) ;
#1313 = LINE ( 'NONE', #1312, #1311 ) ;
#1314 = CARTESIAN_POINT ( 'NONE',  ( 6.349999999999999600, 1.574800000000000000, -1.981199999999999900 ) ) ;
#1315 = CARTESIAN_POINT ( 'NONE',  ( 6.349999999999999600, 1.574800000000000000, 1.981199999999999900 ) ) ;
#1316 = DIRECTION ( 'NONE',  ( 1.000000000000000000, -0.0000000000000000000, -0.0000000000000000000 ) ) ;
#1317 = VECTOR ( 'NONE', #1316, 1000.000000000000000 ) ;
#1318 = CARTESIAN_POINT ( 'NONE',  ( 6.349999999999999600, 1.574800000000000000, 1.981199999999999900 ) ) ;
#1319 = LINE ( 'NONE', #1318, #1317 ) ;
#1320 = CARTESIAN_POINT ( 'NONE',  ( 2.849558520192207100, 1.574800000000000000, -4.762499999999999300 ) ) ;
#1321 = CARTESIAN_POINT ( 'NONE',  ( 2.954975131773396100E-016, 0.0000000000000000000, 2.412999999999999800 ) ) ;
#1322 = CARTESIAN_POINT ( 'NONE',  ( 0.0000000000000000000, 0.0000000000000000000, -2.412999999999999800 ) ) ;
#1323 = DIRECTION ( 'NONE',  ( -0.0000000000000000000, -1.000000000000000000, -0.0000000000000000000 ) ) ;
#1324 = VECTOR ( 'NONE', #1323, 1000.000000000000000 ) ;
#1325 = CARTESIAN_POINT ( 'NONE',  ( 2.954975131773396100E-016, 1.574800000000000000, 2.412999999999999800 ) ) ;
#1326 = LINE ( 'NONE', #1325, #1324 ) ;
#1327 = CARTESIAN_POINT ( 'NONE',  ( 0.0000000000000000000, 0.09800757875496024500, 2.412999999999999800 ) ) ;
#1328 = CARTESIAN_POINT ( 'NONE',  ( -1.393146199554566400, 0.1615075787549600800, 2.412999999999999800 ) ) ;
#1329 = CARTESIAN_POINT ( 'NONE',  ( -2.089719299331850500, 0.2250075787549599700, 1.206499999999999900 ) ) ;
#1330 = CARTESIAN_POINT ( 'NONE',  ( -2.786292399109133700, 0.2885075787549598000, 1.706055687778019800E-016 ) ) ;
#1331 = CARTESIAN_POINT ( 'NONE',  ( -2.089719299331850500, 0.3520075787549596900, -1.206499999999999500 ) ) ;
#1332 = CARTESIAN_POINT ( 'NONE',  ( -1.393146199554569500, 0.4155075787549594700, -2.412999999999996700 ) ) ;
#1333 = CARTESIAN_POINT ( 'NONE',  ( -2.954975131773395600E-016, 0.4790075787549594200, -2.412999999999999800 ) ) ;
#1334 =( BOUNDED_CURVE ( )  B_SPLINE_CURVE ( 2, ( #1333, #1332, #1331, #1330, #1329, #1328, #1327 ),
 .UNSPECIFIED., .F., .T. ) 
 B_SPLINE_CURVE_WITH_KNOTS ( ( 3, 2, 2, 3 ),
 ( 0.5000000000000003300, 0.6666666666666669600, 0.8333333333333334800, 1.000000000000000000 ),
 .UNSPECIFIED. ) 
 CURVE ( )  GEOMETRIC_REPRESENTATION_ITEM ( )  RATIONAL_B_SPLINE_CURVE ( ( 0.9999999999999997800, 0.8660254037844389300, 1.000000000000000000, 0.8660254037844387100, 1.000000000000000000, 0.8660254037844387100, 1.000000000000000000 ) ) 
 REPRESENTATION_ITEM ( '' )  );
#1335 = CARTESIAN_POINT ( 'NONE',  ( 0.0000000000000000000, 0.09800757875496024500, 2.412999999999999800 ) ) ;
#1336 = CARTESIAN_POINT ( 'NONE',  ( -2.954975131773395600E-016, 0.4790075787549594200, -2.412999999999999800 ) ) ;
#1337 = CARTESIAN_POINT ( 'NONE',  ( 0.0000000000000000000, 0.6639924212450397700, 2.412999999999999800 ) ) ;
#1338 = DIRECTION ( 'NONE',  ( -0.0000000000000000000, -1.000000000000000000, -0.0000000000000000000 ) ) ;
#1339 = VECTOR ( 'NONE', #1338, 1000.000000000000000 ) ;
#1340 = CARTESIAN_POINT ( 'NONE',  ( 2.954975131773396100E-016, 1.574800000000000000, 2.412999999999999800 ) ) ;
#1341 = LINE ( 'NONE', #1340, #1339 ) ;
#1342 = ADVANCED_FACE ( 'NONE', ( #4104 ), #4103, .F. ) ;
#1343 = EDGE_LOOP ( 'NONE', ( #1344, #1345, #763, #765 ) ) ;
#1344 = ORIENTED_EDGE ( 'NONE', *, *, #908, .T. ) ;
#1345 = ORIENTED_EDGE ( 'NONE', *, *, #1174, .F. ) ;
#1346 = CARTESIAN_POINT ( 'NONE',  ( -2.954975131773395600E-016, 1.044992421245039000, -2.412999999999999800 ) ) ;
#1347 = CARTESIAN_POINT ( 'NONE',  ( -1.393146199554566200, 0.9814924212450391000, -2.413000000000002000 ) ) ;
#1348 = CARTESIAN_POINT ( 'NONE',  ( -2.089719299331850500, 0.9179924212450392100, -1.206499999999999500 ) ) ;
#1349 = CARTESIAN_POINT ( 'NONE',  ( -2.786292399109133700, 0.8544924212450393200, 1.706055687778019800E-016 ) ) ;
#1350 = CARTESIAN_POINT ( 'NONE',  ( -2.089719299331850500, 0.7909924212450395500, 1.206500000000000100 ) ) ;
#1351 = CARTESIAN_POINT ( 'NONE',  ( -1.393146199554566400, 0.7274924212450395400, 2.412999999999999800 ) ) ;
#1352 = CARTESIAN_POINT ( 'NONE',  ( 0.0000000000000000000, 0.6639924212450397700, 2.412999999999999800 ) ) ;
#1353 = CARTESIAN_POINT ( 'NONE',  ( 0.0000000000000000000, 1.425992421245038300, 2.412999999999999800 ) ) ;
#1354 = CARTESIAN_POINT ( 'NONE',  ( 1.393146199554568000, 1.362492421245038200, 2.412999999999999400 ) ) ;
#1355 = CARTESIAN_POINT ( 'NONE',  ( 2.089719299331851400, 1.298992421245038600, 1.206499999999998400 ) ) ;
#1356 = CARTESIAN_POINT ( 'NONE',  ( 2.786292399109133700, 1.235492421245038400, -5.118167063334060700E-016 ) ) ;
#1357 = VECTOR ( 'NONE', #1432, 1000.000000000000000 ) ;
#1358 = CARTESIAN_POINT ( 'NONE',  ( 1.587499999999999900, 1.574800000000000000, 4.902199999999997000 ) ) ;
#1359 = LINE ( 'NONE', #1358, #1357 ) ;
#1360 = DIRECTION ( 'NONE',  ( -3.669696886122087100E-016, -3.491483361109382100E-015, 1.000000000000000000 ) ) ;
#1361 = VECTOR ( 'NONE', #1360, 1000.000000000000000 ) ;
#1362 = CARTESIAN_POINT ( 'NONE',  ( 1.244600000000000600, -4.749799999999995100, -6.731000000000013200 ) ) ;
#1363 = LINE ( 'NONE', #1362, #1361 ) ;
#1364 = CARTESIAN_POINT ( 'NONE',  ( 1.587499999999999900, 1.574800000000000000, -4.762499999999997500 ) ) ;
#1365 = DIRECTION ( 'NONE',  ( -1.000000000000000000, -0.0000000000000000000, 1.374519048223384900E-015 ) ) ;
#1366 = VECTOR ( 'NONE', #1365, 1000.000000000000000 ) ;
#1367 = CARTESIAN_POINT ( 'NONE',  ( 1.587499999999999900, 1.574800000000000000, -4.762499999999997500 ) ) ;
#1368 = DIRECTION ( 'NONE',  ( 0.0000000000000000000, 0.0000000000000000000, 1.000000000000000000 ) ) ;
#1369 = DIRECTION ( 'NONE',  ( 0.0000000000000000000, 1.000000000000000000, 0.0000000000000000000 ) ) ;
#1370 = CARTESIAN_POINT ( 'NONE',  ( 0.0000000000000000000, 1.574800000000000000, 0.0000000000000000000 ) ) ;
#1371 = AXIS2_PLACEMENT_3D ( 'NONE', #1370, #1369, #1368 ) ;
#1372 = CIRCLE ( 'NONE', #1371, 5.549900000000000100 ) ;
#1373 = LINE ( 'NONE', #1367, #1366 ) ;
#1374 = CARTESIAN_POINT ( 'NONE',  ( 5.184229602361377000, 1.574800000000000000, 1.981199999999999900 ) ) ;
#1375 = DIRECTION ( 'NONE',  ( 0.0000000000000000000, 0.0000000000000000000, 1.000000000000000000 ) ) ;
#1376 = DIRECTION ( 'NONE',  ( 0.0000000000000000000, 1.000000000000000000, 0.0000000000000000000 ) ) ;
#1377 = CARTESIAN_POINT ( 'NONE',  ( 0.0000000000000000000, 1.574800000000000000, 0.0000000000000000000 ) ) ;
#1378 = AXIS2_PLACEMENT_3D ( 'NONE', #1377, #1376, #1375 ) ;
#1379 = DIRECTION ( 'NONE',  ( 0.0000000000000000000, 3.491483361109382100E-015, -1.000000000000000000 ) ) ;
#1380 = DIRECTION ( 'NONE',  ( 0.0000000000000000000, -1.000000000000000000, -3.491483361109382100E-015 ) ) ;
#1381 = AXIS2_PLACEMENT_3D ( 'NONE', #1383, #1380, #1379 ) ;
#1382 = CIRCLE ( 'NONE', #1378, 5.549900000000000100 ) ;
#1383 = CARTESIAN_POINT ( 'NONE',  ( 1.587499999999999900, -4.749799999999995100, -6.731000000000013200 ) ) ;
#1384 = PLANE ( 'NONE',  #1381 ) ;
#1385 = FACE_OUTER_BOUND ( 'NONE', #123, .T. ) ;
#1386 = CARTESIAN_POINT ( 'NONE',  ( -2.849558520192211600, 1.574800000000000000, 4.762499999999997500 ) ) ;
#1387 = DIRECTION ( 'NONE',  ( -0.1045284632676459800, -0.9945218953682740700, -3.450586246378542100E-015 ) ) ;
#1388 = VECTOR ( 'NONE', #1387, 1000.000000000000100 ) ;
#1389 = CARTESIAN_POINT ( 'NONE',  ( 1.742116068377250300, -0.01625080362657526900, -5.156199999999996600 ) ) ;
#1390 = CYLINDRICAL_SURFACE ( 'NONE', #1440, 2.412999999999999800 ) ;
#1391 = FACE_OUTER_BOUND ( 'NONE', #92, .T. ) ;
#1392 = CARTESIAN_POINT ( 'NONE',  ( 0.0000000000000000000, 1.425992421245038300, 2.412999999999999800 ) ) ;
#1393 = DIRECTION ( 'NONE',  ( -0.0000000000000000000, -1.000000000000000000, -0.0000000000000000000 ) ) ;
#1394 = VECTOR ( 'NONE', #1393, 1000.000000000000000 ) ;
#1395 = CARTESIAN_POINT ( 'NONE',  ( 2.954975131773396100E-016, 1.574800000000000000, 2.412999999999999800 ) ) ;
#1396 = LINE ( 'NONE', #1395, #1394 ) ;
#1397 = CARTESIAN_POINT ( 'NONE',  ( 2.089719299331849600, 1.171992421245038800, -1.206500000000001000 ) ) ;
#1398 = CARTESIAN_POINT ( 'NONE',  ( 1.393146199554567800, 1.108492421245039300, -2.412999999999997100 ) ) ;
#1399 = CARTESIAN_POINT ( 'NONE',  ( -2.954975131773395600E-016, 1.044992421245039000, -2.412999999999999800 ) ) ;
#1400 = CARTESIAN_POINT ( 'NONE',  ( -2.336800000000003300, 0.9326507595599637900, -0.6261436728730416200 ) ) ;
#1401 = DIRECTION ( 'NONE',  ( 0.0000000000000000000, 0.0000000000000000000, 1.000000000000000000 ) ) ;
#1402 = DIRECTION ( 'NONE',  ( 1.000000000000000000, 0.0000000000000000000, 0.0000000000000000000 ) ) ;
#1403 = CARTESIAN_POINT ( 'NONE',  ( 1.587499999999999900, -0.2539999999999990000, 4.902199999999997000 ) ) ;
#1404 = AXIS2_PLACEMENT_3D ( 'NONE', #1403, #1402, #1401 ) ;
#1405 = CIRCLE ( 'NONE', #1404, 1.828800000000000200 ) ;
#1406 = FACE_OUTER_BOUND ( 'NONE', #194, .T. ) ;
#1407 = DIRECTION ( 'NONE',  ( 0.0000000000000000000, 8.537024980200825800E-016, 1.000000000000000000 ) ) ;
#1408 = DIRECTION ( 'NONE',  ( 1.000000000000000000, 0.0000000000000000000, 0.0000000000000000000 ) ) ;
#1409 = CARTESIAN_POINT ( 'NONE',  ( 1.587499999999999900, -0.2539999999999990000, 4.902199999999997000 ) ) ;
#1410 = AXIS2_PLACEMENT_3D ( 'NONE', #1409, #1408, #1407 ) ;
#1411 = CIRCLE ( 'NONE', #1410, 0.2539999999999998900 ) ;
#1412 = CARTESIAN_POINT ( 'NONE',  ( 1.587499999999999900, -0.2539999999999926800, 6.730999999999997200 ) ) ;
#1413 = CARTESIAN_POINT ( 'NONE',  ( 1.587499999999999900, -0.2539999999999981700, 5.156199999999997500 ) ) ;
#1414 = DIRECTION ( 'NONE',  ( -0.0000000000000000000, 0.0000000000000000000, 1.000000000000000000 ) ) ;
#1415 = VECTOR ( 'NONE', #1414, 1000.000000000000000 ) ;
#1416 = CARTESIAN_POINT ( 'NONE',  ( 1.587499999999999900, -0.2539999999999990000, 6.731000000000013200 ) ) ;
#1417 = LINE ( 'NONE', #1416, #1415 ) ;
#1418 = DIRECTION ( 'NONE',  ( 0.0000000000000000000, 6.982966722218764100E-015, -1.000000000000000000 ) ) ;
#1419 = VECTOR ( 'NONE', #1418, 1000.000000000000000 ) ;
#1420 = CARTESIAN_POINT ( 'NONE',  ( -1.587499999999999900, -0.2539999999999877400, -6.730999999999982100 ) ) ;
#1421 = CARTESIAN_POINT ( 'NONE',  ( 1.587499999999999900, 1.574799999999999100, -4.902199999999997000 ) ) ;
#1422 = DIRECTION ( 'NONE',  ( -0.0000000000000000000, -0.0000000000000000000, -1.000000000000000000 ) ) ;
#1423 = VECTOR ( 'NONE', #1422, 1000.000000000000000 ) ;
#1424 = CARTESIAN_POINT ( 'NONE',  ( 1.587499999999999900, 1.574800000000000000, -4.902199999999997000 ) ) ;
#1425 = LINE ( 'NONE', #1424, #1423 ) ;
#1426 = CARTESIAN_POINT ( 'NONE',  ( -1.587499999999999900, 1.574800000000000900, 4.902199999999997000 ) ) ;
#1427 = DIRECTION ( 'NONE',  ( 1.000000000000000000, 0.0000000000000000000, 0.0000000000000000000 ) ) ;
#1428 = VECTOR ( 'NONE', #1427, 1000.000000000000000 ) ;
#1429 = CARTESIAN_POINT ( 'NONE',  ( -2.849558520192211600, 1.574800000000000000, 4.762499999999997500 ) ) ;
#1430 = LINE ( 'NONE', #1429, #1428 ) ;
#1431 = CARTESIAN_POINT ( 'NONE',  ( 1.587499999999999900, 1.574800000000000000, 4.762499999999997500 ) ) ;
#1432 = DIRECTION ( 'NONE',  ( 0.0000000000000000000, 0.0000000000000000000, -1.000000000000000000 ) ) ;
#1433 = CARTESIAN_POINT ( 'NONE',  ( -2.954975131773395600E-016, 1.044992421245039000, -2.412999999999999800 ) ) ;
#1434 =( BOUNDED_CURVE ( )  B_SPLINE_CURVE ( 2, ( #1352, #1351, #1350, #1349, #1348, #1347, #1346 ),
 .UNSPECIFIED., .F., .T. ) 
 B_SPLINE_CURVE_WITH_KNOTS ( ( 3, 2, 2, 3 ),
 ( 0.0000000000000000000, 0.1666666666666667700, 0.3333333333333335400, 0.5000000000000003300 ),
 .UNSPECIFIED. ) 
 CURVE ( )  GEOMETRIC_REPRESENTATION_ITEM ( )  RATIONAL_B_SPLINE_CURVE ( ( 1.000000000000000000, 0.8660254037844387100, 1.000000000000000000, 0.8660254037844387100, 1.000000000000000000, 0.8660254037844384900, 1.000000000000000200 ) ) 
 REPRESENTATION_ITEM ( '' )  );
#1435 = CARTESIAN_POINT ( 'NONE',  ( 0.0000000000000000000, 1.574800000000000000, 0.0000000000000000000 ) ) ;
#1436 = DIRECTION ( 'NONE',  ( 0.0000000000000000000, 0.0000000000000000000, -1.000000000000000000 ) ) ;
#1437 = DIRECTION ( 'NONE',  ( -0.0000000000000000000, -1.000000000000000000, -0.0000000000000000000 ) ) ;
#1438 = CARTESIAN_POINT ( 'NONE',  ( 0.0000000000000000000, 1.574800000000000000, 0.0000000000000000000 ) ) ;
#1439 = CARTESIAN_POINT ( 'NONE',  ( 0.0000000000000000000, 1.574800000000000000, -2.412999999999999800 ) ) ;
#1440 = AXIS2_PLACEMENT_3D ( 'NONE', #1438, #1437, #1436 ) ;
#1441 =( BOUNDED_CURVE ( )  B_SPLINE_CURVE ( 2, ( #1399, #1398, #1397, #1356, #1355, #1354, #1353 ),
 .UNSPECIFIED., .F., .T. ) 
 B_SPLINE_CURVE_WITH_KNOTS ( ( 3, 2, 2, 3 ),
 ( 0.5000000000000003300, 0.6666666666666668500, 0.8333333333333333700, 1.000000000000000000 ),
 .UNSPECIFIED. ) 
 CURVE ( )  GEOMETRIC_REPRESENTATION_ITEM ( )  RATIONAL_B_SPLINE_CURVE ( ( 0.9999999999999997800, 0.8660254037844389300, 1.000000000000000000, 0.8660254037844387100, 1.000000000000000000, 0.8660254037844387100, 1.000000000000000000 ) ) 
 REPRESENTATION_ITEM ( '' )  );
#1442 = CIRCLE ( 'NONE', #1525, 2.412999999999999800 ) ;
#1443 =( GEOMETRIC_REPRESENTATION_CONTEXT ( 3 ) GLOBAL_UNCERTAINTY_ASSIGNED_CONTEXT ( ( #1444 ) ) GLOBAL_UNIT_ASSIGNED_CONTEXT ( ( #1447, #1446, #1445 ) ) REPRESENTATION_CONTEXT ( 'NONE', 'WORKASPACE' ) );
#1444 = UNCERTAINTY_MEASURE_WITH_UNIT (LENGTH_MEASURE( 1.000000000000000100E-005 ), #1447, 'distance_accuracy_value', 'NONE');
#1445 =( NAMED_UNIT ( * ) SI_UNIT ( $, .STERADIAN. ) SOLID_ANGLE_UNIT ( ) );
#1446 =( NAMED_UNIT ( * ) PLANE_ANGLE_UNIT ( ) SI_UNIT ( $, .RADIAN. ) );
#1447 =( LENGTH_UNIT ( ) NAMED_UNIT ( * ) SI_UNIT ( .MILLI., .METRE. ) );
#1448 = MECHANICAL_DESIGN_GEOMETRIC_PRESENTATION_REPRESENTATION (  '', ( #1450 ), #1443 ) ;
#1449 = PRESENTATION_LAYER_ASSIGNMENT (  '', '', ( #1450 ) ) ;
#1450 = STYLED_ITEM ( 'NONE', ( #1451 ), #103 ) ;
#1451 = PRESENTATION_STYLE_ASSIGNMENT (( #1452 ) ) ;
#1452 = SURFACE_STYLE_USAGE ( .BOTH. , #1453 ) ;
#1453 = SURFACE_SIDE_STYLE ('',( #1454 ) ) ;
#1454 = SURFACE_STYLE_FILL_AREA ( #1455 ) ;
#1455 = FILL_AREA_STYLE ('',( #1461 ) ) ;
#1456 = COLOUR_RGB ( '',0.7960784313725489700, 0.8235294117647058400, 0.9372549019607843100 ) ;
#1457 = DIRECTION ( 'NONE',  ( 0.0000000000000000000, 0.0000000000000000000, 1.000000000000000000 ) ) ;
#1458 = DIRECTION ( 'NONE',  ( 0.0000000000000000000, 1.000000000000000000, 0.0000000000000000000 ) ) ;
#1459 = AXIS2_PLACEMENT_3D ( 'NONE', #1435, #1458, #1457 ) ;
#1460 = CIRCLE ( 'NONE', #1459, 2.412999999999999800 ) ;
#1461 = FILL_AREA_STYLE_COLOUR ( '', #1456 ) ;
#1462 = VECTOR ( 'NONE', #1556, 1000.000000000000200 ) ;
#1463 = CARTESIAN_POINT ( 'NONE',  ( 1.244600000000000600, -4.749799999999995100, -6.730999999999995400 ) ) ;
#1464 = DIRECTION ( 'NONE',  ( 0.0000000000000000000, 0.0000000000000000000, 1.000000000000000000 ) ) ;
#1465 = DIRECTION ( 'NONE',  ( -1.000000000000000000, 0.0000000000000000000, 0.0000000000000000000 ) ) ;
#1466 = AXIS2_PLACEMENT_3D ( 'NONE', #1468, #1465, #1464 ) ;
#1467 = LINE ( 'NONE', #1463, #1462 ) ;
#1468 = CARTESIAN_POINT ( 'NONE',  ( -1.587499999999999900, -4.749799999999995100, -6.731000000000013200 ) ) ;
#1469 = PLANE ( 'NONE',  #1466 ) ;
#1470 = FACE_OUTER_BOUND ( 'NONE', #154, .T. ) ;
#1471 = DIRECTION ( 'NONE',  ( 0.0000000000000000000, -1.000000000000000000, -3.469593040081617400E-015 ) ) ;
#1472 = VECTOR ( 'NONE', #1471, 1000.000000000000000 ) ;
#1473 = CARTESIAN_POINT ( 'NONE',  ( -1.587499999999999900, -4.749799999999995100, -6.731000000000012300 ) ) ;
#1474 = LINE ( 'NONE', #1473, #1472 ) ;
#1475 = CARTESIAN_POINT ( 'NONE',  ( 1.244600000000000200, -4.749800000000000500, -5.156200000000012600 ) ) ;
#1476 = CARTESIAN_POINT ( 'NONE',  ( -1.587499999999999900, -0.2539999999999944500, -6.730999999999997200 ) ) ;
#1477 = CARTESIAN_POINT ( 'NONE',  ( -1.587499999999999500, -1.487324428646841400, -6.730999999999995400 ) ) ;
#1478 = CARTESIAN_POINT ( 'NONE',  ( -1.587499999999999900, -0.2539999999999999500, -5.156199999999997500 ) ) ;
#1479 = DIRECTION ( 'NONE',  ( 0.0000000000000000000, -0.0000000000000000000, 1.000000000000000000 ) ) ;
#1480 = DIRECTION ( 'NONE',  ( 0.0000000000000000000, 1.000000000000000000, 0.0000000000000000000 ) ) ;
#1481 = AXIS2_PLACEMENT_3D ( 'NONE', #1482, #1480, #1479 ) ;
#1482 = CARTESIAN_POINT ( 'NONE',  ( 0.0000000000000000000, 1.574800000000000000, 0.0000000000000000000 ) ) ;
#1483 = PLANE ( 'NONE',  #1481 ) ;
#1484 = FACE_BOUND ( 'NONE', #205, .T. ) ;
#1485 = FACE_OUTER_BOUND ( 'NONE', #134, .T. ) ;
#1486 = DIRECTION ( 'NONE',  ( -0.0000000000000000000, -0.0000000000000000000, 1.000000000000000000 ) ) ;
#1487 = VECTOR ( 'NONE', #1486, 1000.000000000000000 ) ;
#1488 = CARTESIAN_POINT ( 'NONE',  ( -1.587499999999999900, 1.574800000000000000, 4.902199999999997000 ) ) ;
#1489 = LINE ( 'NONE', #1488, #1487 ) ;
#1490 = CARTESIAN_POINT ( 'NONE',  ( 2.849558520192207600, 1.574800000000000000, 4.762499999999999300 ) ) ;
#1491 = DIRECTION ( 'NONE',  ( 1.000000000000000000, 0.0000000000000000000, 1.374519048223384900E-015 ) ) ;
#1492 = VECTOR ( 'NONE', #1491, 1000.000000000000000 ) ;
#1493 = CARTESIAN_POINT ( 'NONE',  ( 1.587499999999999900, 1.574800000000000000, 4.762499999999997500 ) ) ;
#1494 = LINE ( 'NONE', #1493, #1492 ) ;
#1495 = LINE ( 'NONE', #1389, #1388 ) ;
#1496 = DIRECTION ( 'NONE',  ( 1.000000000000000000, -0.0000000000000000000, -0.0000000000000000000 ) ) ;
#1497 = VECTOR ( 'NONE', #1496, 1000.000000000000000 ) ;
#1498 = CARTESIAN_POINT ( 'NONE',  ( -1.587499999999999900, -0.2539999999999990000, -5.156199999999997500 ) ) ;
#1499 = LINE ( 'NONE', #1498, #1497 ) ;
#1500 = CARTESIAN_POINT ( 'NONE',  ( 1.587499999999999900, 1.574800000000000000, 4.902199999999997000 ) ) ;
#1501 = DIRECTION ( 'NONE',  ( 1.000000000000000000, 0.0000000000000000000, 0.0000000000000000000 ) ) ;
#1502 = VECTOR ( 'NONE', #1501, 1000.000000000000000 ) ;
#1503 = CARTESIAN_POINT ( 'NONE',  ( -1.587499999999999900, 1.574800000000000000, 4.902199999999997000 ) ) ;
#1504 = LINE ( 'NONE', #1503, #1502 ) ;
#1505 = CARTESIAN_POINT ( 'NONE',  ( 2.849558520192207100, 0.0000000000000000000, -4.762499999999999300 ) ) ;
#1506 = DIRECTION ( 'NONE',  ( 0.0000000000000000000, 1.000000000000000000, 3.469593040081617400E-015 ) ) ;
#1507 = DIRECTION ( 'NONE',  ( 0.0000000000000000000, 3.469593040081617400E-015, -1.000000000000000000 ) ) ;
#1508 = AXIS2_PLACEMENT_3D ( 'NONE', #1509, #1507, #1506 ) ;
#1509 = CARTESIAN_POINT ( 'NONE',  ( 1.587499999999999900, 0.0000000000000000000, -5.156199999999996600 ) ) ;
#1510 = PLANE ( 'NONE',  #1508 ) ;
#1511 = DIRECTION ( 'NONE',  ( 0.0000000000000000000, 0.0000000000000000000, -1.000000000000000000 ) ) ;
#1512 = DIRECTION ( 'NONE',  ( -0.0000000000000000000, -1.000000000000000000, -0.0000000000000000000 ) ) ;
#1513 = CARTESIAN_POINT ( 'NONE',  ( 0.0000000000000000000, 1.574800000000000000, 0.0000000000000000000 ) ) ;
#1514 = AXIS2_PLACEMENT_3D ( 'NONE', #1513, #1512, #1511 ) ;
#1515 = CYLINDRICAL_SURFACE ( 'NONE', #1514, 2.412999999999999800 ) ;
#1516 = FACE_OUTER_BOUND ( 'NONE', #109, .T. ) ;
#1517 = FACE_OUTER_BOUND ( 'NONE', #108, .T. ) ;
#1518 = DIRECTION ( 'NONE',  ( -0.0000000000000000000, -1.000000000000000000, -0.0000000000000000000 ) ) ;
#1519 = VECTOR ( 'NONE', #1518, 1000.000000000000000 ) ;
#1520 = CARTESIAN_POINT ( 'NONE',  ( 0.0000000000000000000, 1.574800000000000000, -2.412999999999999800 ) ) ;
#1521 = LINE ( 'NONE', #1520, #1519 ) ;
#1522 = DIRECTION ( 'NONE',  ( 0.0000000000000000000, 0.0000000000000000000, 1.000000000000000000 ) ) ;
#1523 = DIRECTION ( 'NONE',  ( 0.0000000000000000000, 1.000000000000000000, 0.0000000000000000000 ) ) ;
#1524 = CARTESIAN_POINT ( 'NONE',  ( 0.0000000000000000000, 0.0000000000000000000, 0.0000000000000000000 ) ) ;
#1525 = AXIS2_PLACEMENT_3D ( 'NONE', #1524, #1523, #1522 ) ;
#1526 = CARTESIAN_POINT ( 'NONE',  ( -1.587499999999999500, -1.487324428646841400, -5.156200000000006300 ) ) ;
#1527 = LINE ( 'NONE', #1420, #1419 ) ;
#1528 = DIRECTION ( 'NONE',  ( -0.0000000000000000000, -0.0000000000000000000, -1.000000000000000000 ) ) ;
#1529 = VECTOR ( 'NONE', #1528, 1000.000000000000000 ) ;
#1530 = CARTESIAN_POINT ( 'NONE',  ( -1.587499999999999500, -1.487324428646841400, -5.079999999999995600 ) ) ;
#1531 = LINE ( 'NONE', #1530, #1529 ) ;
#1532 = DIRECTION ( 'NONE',  ( -0.0000000000000000000, -1.000000000000000000, -3.469593040081617400E-015 ) ) ;
#1533 = VECTOR ( 'NONE', #1532, 1000.000000000000000 ) ;
#1534 = CARTESIAN_POINT ( 'NONE',  ( -1.587499999999999900, 0.0000000000000000000, -5.156199999999996600 ) ) ;
#1535 = LINE ( 'NONE', #1534, #1533 ) ;
#1536 = DIRECTION ( 'NONE',  ( 0.0000000000000000000, 1.000000000000000000, 3.469593040081617400E-015 ) ) ;
#1537 = DIRECTION ( 'NONE',  ( 0.0000000000000000000, 3.469593040081617400E-015, -1.000000000000000000 ) ) ;
#1538 = AXIS2_PLACEMENT_3D ( 'NONE', #1539, #1537, #1536 ) ;
#1539 = CARTESIAN_POINT ( 'NONE',  ( 1.587499999999999900, 5.498387997075054600E-015, -6.730999999999995400 ) ) ;
#1540 = PLANE ( 'NONE',  #1538 ) ;
#1541 = FACE_OUTER_BOUND ( 'NONE', #155, .T. ) ;
#1542 = CARTESIAN_POINT ( 'NONE',  ( -1.244599999999999300, -4.749799999999995100, -6.731000000000012300 ) ) ;
#1543 = DIRECTION ( 'NONE',  ( 1.000000000000000000, 0.0000000000000000000, 0.0000000000000000000 ) ) ;
#1544 = VECTOR ( 'NONE', #1543, 1000.000000000000000 ) ;
#1545 = CARTESIAN_POINT ( 'NONE',  ( 1.587499999999999900, -4.749799999999995100, -6.731000000000012300 ) ) ;
#1546 = LINE ( 'NONE', #1545, #1544 ) ;
#1547 = DIRECTION ( 'NONE',  ( -0.1045284632676462400, 0.9945218953682740700, 0.0000000000000000000 ) ) ;
#1548 = VECTOR ( 'NONE', #1547, 1000.000000000000100 ) ;
#1549 = CARTESIAN_POINT ( 'NONE',  ( -1.244599999999999300, -4.749799999999995100, -6.730999999999995400 ) ) ;
#1550 = LINE ( 'NONE', #1549, #1548 ) ;
#1551 = CARTESIAN_POINT ( 'NONE',  ( 1.244600000000000600, -4.749799999999995100, -6.730999999999995400 ) ) ;
#1552 = DIRECTION ( 'NONE',  ( 1.000000000000000000, 0.0000000000000000000, 0.0000000000000000000 ) ) ;
#1553 = VECTOR ( 'NONE', #1552, 1000.000000000000000 ) ;
#1554 = CARTESIAN_POINT ( 'NONE',  ( 1.587499999999999900, -0.2539999999999880100, -6.730999999999996300 ) ) ;
#1555 = LINE ( 'NONE', #1554, #1553 ) ;
#1556 = DIRECTION ( 'NONE',  ( -0.1045284632676459800, -0.9945218953682740700, 0.0000000000000000000 ) ) ;
#1557 = AXIS2_PLACEMENT_3D ( 'NONE', #1558, #1619, #1618 ) ;
#1558 = CARTESIAN_POINT ( 'NONE',  ( 6.349999999999989000, 1.734723475976807100E-015, -1.981199999999999900 ) ) ;
#1559 = FACE_OUTER_BOUND ( 'NONE', #443, .T. ) ;
#1560 = DIRECTION ( 'NONE',  ( 0.0000000000000000000, 0.0000000000000000000, -1.000000000000000000 ) ) ;
#1561 = DIRECTION ( 'NONE',  ( 1.000000000000000000, 0.0000000000000000000, 0.0000000000000000000 ) ) ;
#1562 = CARTESIAN_POINT ( 'NONE',  ( -1.587499999999999900, 1.574800000000000000, -4.902199999999997000 ) ) ;
#1563 = AXIS2_PLACEMENT_3D ( 'NONE', #1562, #1561, #1560 ) ;
#1564 = PLANE ( 'NONE',  #1563 ) ;
#1565 = PLANE ( 'NONE',  #1557 ) ;
#1566 = FACE_OUTER_BOUND ( 'NONE', #435, .T. ) ;
#1567 = DIRECTION ( 'NONE',  ( -3.671838701161644600E-015, -1.000000000000000000, -0.0000000000000000000 ) ) ;
#1568 = VECTOR ( 'NONE', #1567, 1000.000000000000000 ) ;
#1569 = CARTESIAN_POINT ( 'NONE',  ( 7.924799999999999400, 1.574799999999994400, -1.981199999999999900 ) ) ;
#1570 = LINE ( 'NONE', #1569, #1568 ) ;
#1571 = DIRECTION ( 'NONE',  ( 1.000000000000000000, 0.0000000000000000000, 0.0000000000000000000 ) ) ;
#1572 = DIRECTION ( 'NONE',  ( -0.0000000000000000000, -0.0000000000000000000, 1.000000000000000000 ) ) ;
#1573 = CARTESIAN_POINT ( 'NONE',  ( 6.349999999999999600, 1.574800000000000000, 1.981199999999999900 ) ) ;
#1574 = AXIS2_PLACEMENT_3D ( 'NONE', #1573, #1572, #1571 ) ;
#1575 = CIRCLE ( 'NONE', #1574, 1.574799999999997800 ) ;
#1576 = DIRECTION ( 'NONE',  ( -0.0000000000000000000, -1.000000000000000000, -0.0000000000000000000 ) ) ;
#1577 = VECTOR ( 'NONE', #1576, 1000.000000000000000 ) ;
#1578 = CARTESIAN_POINT ( 'NONE',  ( -1.587499999999999900, 1.574800000000000000, -4.762499999999997500 ) ) ;
#1579 = LINE ( 'NONE', #1578, #1577 ) ;
#1580 = DIRECTION ( 'NONE',  ( 1.000000000000000000, 0.0000000000000000000, 0.0000000000000000000 ) ) ;
#1581 = DIRECTION ( 'NONE',  ( -0.0000000000000000000, -0.0000000000000000000, 1.000000000000000000 ) ) ;
#1582 = CARTESIAN_POINT ( 'NONE',  ( 6.349999999999999600, 1.574800000000000000, -1.981199999999999900 ) ) ;
#1583 = AXIS2_PLACEMENT_3D ( 'NONE', #1582, #1581, #1580 ) ;
#1584 = CIRCLE ( 'NONE', #1583, 1.574799999999997800 ) ;
#1585 = CARTESIAN_POINT ( 'NONE',  ( 7.924799999999999400, 1.574799999999994400, -1.981199999999999900 ) ) ;
#1586 = DIRECTION ( 'NONE',  ( -0.0000000000000000000, -0.0000000000000000000, 1.000000000000000000 ) ) ;
#1587 = VECTOR ( 'NONE', #1586, 1000.000000000000000 ) ;
#1588 = CARTESIAN_POINT ( 'NONE',  ( -2.849558520192211600, 0.0000000000000000000, -4.762499999999997500 ) ) ;
#1589 = LINE ( 'NONE', #1588, #1777 ) ;
#1590 = CARTESIAN_POINT ( 'NONE',  ( 2.849558520192207600, 0.0000000000000000000, 4.762499999999999300 ) ) ;
#1591 = CARTESIAN_POINT ( 'NONE',  ( 5.184229602361377000, 0.0000000000000000000, 1.981199999999999900 ) ) ;
#1592 = DIRECTION ( 'NONE',  ( 1.000000000000000000, -0.0000000000000000000, -0.0000000000000000000 ) ) ;
#1593 = VECTOR ( 'NONE', #1592, 1000.000000000000000 ) ;
#1594 = CARTESIAN_POINT ( 'NONE',  ( 6.349999999999999600, 0.0000000000000000000, 1.981199999999999900 ) ) ;
#1595 = DIRECTION ( 'NONE',  ( -1.000000000000000000, 0.0000000000000000000, -0.0000000000000000000 ) ) ;
#1596 = DIRECTION ( 'NONE',  ( 0.0000000000000000000, 0.0000000000000000000, -1.000000000000000000 ) ) ;
#1597 = CARTESIAN_POINT ( 'NONE',  ( 6.349999999999999600, 1.574800000000000000, 1.981199999999999900 ) ) ;
#1598 = AXIS2_PLACEMENT_3D ( 'NONE', #1597, #1596, #1595 ) ;
#1599 = PLANE ( 'NONE',  #1598 ) ;
#1600 = LINE ( 'NONE', #1594, #1593 ) ;
#1601 = FACE_OUTER_BOUND ( 'NONE', #368, .T. ) ;
#1602 = DIRECTION ( 'NONE',  ( -0.0000000000000000000, -1.000000000000000000, -0.0000000000000000000 ) ) ;
#1603 = VECTOR ( 'NONE', #1602, 1000.000000000000000 ) ;
#1604 = CARTESIAN_POINT ( 'NONE',  ( 1.587499999999999900, 1.574800000000000000, 4.902199999999997000 ) ) ;
#1605 = LINE ( 'NONE', #1604, #1603 ) ;
#1606 = DIRECTION ( 'NONE',  ( -0.0000000000000000000, -1.000000000000000000, -0.0000000000000000000 ) ) ;
#1607 = VECTOR ( 'NONE', #1606, 1000.000000000000000 ) ;
#1608 = CARTESIAN_POINT ( 'NONE',  ( -1.587499999999999900, 1.574800000000000000, 4.762499999999997500 ) ) ;
#1609 = LINE ( 'NONE', #1608, #1607 ) ;
#1610 = DIRECTION ( 'NONE',  ( -0.0000000000000000000, -1.000000000000000000, -0.0000000000000000000 ) ) ;
#1611 = VECTOR ( 'NONE', #1610, 1000.000000000000000 ) ;
#1612 = CARTESIAN_POINT ( 'NONE',  ( 1.587499999999999900, 1.574800000000000000, 4.762499999999997500 ) ) ;
#1613 = LINE ( 'NONE', #1612, #1611 ) ;
#1614 = DIRECTION ( 'NONE',  ( -0.0000000000000000000, -1.000000000000000000, -0.0000000000000000000 ) ) ;
#1615 = VECTOR ( 'NONE', #1614, 1000.000000000000000 ) ;
#1616 = CARTESIAN_POINT ( 'NONE',  ( 5.184229602361377000, 1.574800000000000000, 1.981199999999999900 ) ) ;
#1617 = LINE ( 'NONE', #1616, #1615 ) ;
#1618 = DIRECTION ( 'NONE',  ( -1.000000000000000000, 0.0000000000000000000, -0.0000000000000000000 ) ) ;
#1619 = DIRECTION ( 'NONE',  ( 0.0000000000000000000, 0.0000000000000000000, -1.000000000000000000 ) ) ;
#1620 = CARTESIAN_POINT ( 'NONE',  ( 7.924799999999999400, 1.574799999999994400, 1.981199999999999900 ) ) ;
#1621 = LINE ( 'NONE', #1620, #1587 ) ;
#1622 = CARTESIAN_POINT ( 'NONE',  ( 6.350000000000008500, 3.936999999999999400, -1.981199999999999900 ) ) ;
#1623 = CARTESIAN_POINT ( 'NONE',  ( 7.924799999999999400, 1.574799999999994400, 1.981199999999999900 ) ) ;
#1624 = DIRECTION ( 'NONE',  ( -3.671838701161644600E-015, -1.000000000000000000, -0.0000000000000000000 ) ) ;
#1625 = VECTOR ( 'NONE', #1624, 1000.000000000000000 ) ;
#1626 = CARTESIAN_POINT ( 'NONE',  ( 6.349999999999999600, 1.574800000000000000, -1.981199999999999900 ) ) ;
#1627 = LINE ( 'NONE', #1626, #1625 ) ;
#1628 = DIRECTION ( 'NONE',  ( -0.0000000000000000000, -1.000000000000000000, -0.0000000000000000000 ) ) ;
#1629 = VECTOR ( 'NONE', #1628, 1000.000000000000000 ) ;
#1630 = CARTESIAN_POINT ( 'NONE',  ( -1.587499999999999900, 1.574800000000000000, -4.902199999999997000 ) ) ;
#1631 = LINE ( 'NONE', #1630, #1629 ) ;
#1632 = CARTESIAN_POINT ( 'NONE',  ( 7.924800000000008300, 3.936999999999994500, 1.981199999999999900 ) ) ;
#1633 = DIRECTION ( 'NONE',  ( -1.000000000000000000, 3.491483361109382100E-015, 0.0000000000000000000 ) ) ;
#1634 = VECTOR ( 'NONE', #1633, 1000.000000000000000 ) ;
#1635 = CARTESIAN_POINT ( 'NONE',  ( 7.924800000000008300, 3.936999999999994500, 1.981199999999999900 ) ) ;
#1636 = LINE ( 'NONE', #1635, #1634 ) ;
#1637 = CARTESIAN_POINT ( 'NONE',  ( 6.350000000000008500, 3.936999999999999400, 1.981199999999999900 ) ) ;
#1638 = DIRECTION ( 'NONE',  ( -0.0000000000000000000, -0.0000000000000000000, -1.000000000000000000 ) ) ;
#1639 = VECTOR ( 'NONE', #1638, 1000.000000000000000 ) ;
#1640 = CARTESIAN_POINT ( 'NONE',  ( 6.350000000000008500, 3.936999999999999400, -1.981199999999999900 ) ) ;
#1641 = LINE ( 'NONE', #1640, #1639 ) ;
#1642 = CARTESIAN_POINT ( 'NONE',  ( 1.587499999999999900, -1.487324428646841000, 5.156200000000006300 ) ) ;
#1643 = DIRECTION ( 'NONE',  ( -0.0000000000000000000, -0.0000000000000000000, 1.000000000000000000 ) ) ;
#1644 = VECTOR ( 'NONE', #1643, 1000.000000000000000 ) ;
#1645 = CARTESIAN_POINT ( 'NONE',  ( 1.587499999999999900, -1.487324428646841000, 5.079999999999995600 ) ) ;
#1646 = DIRECTION ( 'NONE',  ( 0.0000000000000000000, 0.0000000000000000000, -1.000000000000000000 ) ) ;
#1647 = DIRECTION ( 'NONE',  ( 1.000000000000000000, 0.0000000000000000000, 0.0000000000000000000 ) ) ;
#1648 = CARTESIAN_POINT ( 'NONE',  ( 1.587499999999999900, -4.749799999999995100, 6.731000000000013200 ) ) ;
#1649 = AXIS2_PLACEMENT_3D ( 'NONE', #1648, #1647, #1646 ) ;
#1650 = PLANE ( 'NONE',  #1649 ) ;
#1651 = LINE ( 'NONE', #1645, #1644 ) ;
#1652 = DIRECTION ( 'NONE',  ( 0.0000000000000000000, 0.0000000000000000000, 1.000000000000000000 ) ) ;
#1653 = DIRECTION ( 'NONE',  ( 0.0000000000000000000, 1.000000000000000000, 0.0000000000000000000 ) ) ;
#1654 = CARTESIAN_POINT ( 'NONE',  ( 0.0000000000000000000, 0.0000000000000000000, 0.0000000000000000000 ) ) ;
#1655 = AXIS2_PLACEMENT_3D ( 'NONE', #1654, #1653, #1652 ) ;
#1656 = CIRCLE ( 'NONE', #1655, 5.549900000000000900 ) ;
#1657 = CARTESIAN_POINT ( 'NONE',  ( -2.849558520192211600, 0.0000000000000000000, 4.762499999999997500 ) ) ;
#1658 = DIRECTION ( 'NONE',  ( -1.000000000000000000, -0.0000000000000000000, -0.0000000000000000000 ) ) ;
#1659 = VECTOR ( 'NONE', #1658, 1000.000000000000000 ) ;
#1660 = CARTESIAN_POINT ( 'NONE',  ( -1.587499999999999900, 1.574800000000000000, -4.902199999999997000 ) ) ;
#1661 = LINE ( 'NONE', #1660, #1659 ) ;
#1662 = CARTESIAN_POINT ( 'NONE',  ( -1.587499999999999900, 1.574800000000000000, -4.762499999999997500 ) ) ;
#1663 = DIRECTION ( 'NONE',  ( 0.0000000000000000000, 0.0000000000000000000, 1.000000000000000000 ) ) ;
#1664 = DIRECTION ( 'NONE',  ( 0.0000000000000000000, 1.000000000000000000, 0.0000000000000000000 ) ) ;
#1665 = CARTESIAN_POINT ( 'NONE',  ( 0.0000000000000000000, 0.0000000000000000000, 0.0000000000000000000 ) ) ;
#1666 = AXIS2_PLACEMENT_3D ( 'NONE', #1665, #1664, #1663 ) ;
#1667 = CIRCLE ( 'NONE', #1666, 5.549900000000000100 ) ;
#1668 = CARTESIAN_POINT ( 'NONE',  ( 6.349999999999999600, 0.0000000000000000000, -1.981199999999999900 ) ) ;
#1669 = CARTESIAN_POINT ( 'NONE',  ( 5.184229602361377000, 0.0000000000000000000, -1.981199999999999900 ) ) ;
#1670 = DIRECTION ( 'NONE',  ( 0.0000000000000000000, 0.0000000000000000000, 1.000000000000000000 ) ) ;
#1671 = DIRECTION ( 'NONE',  ( 0.0000000000000000000, 1.000000000000000000, 0.0000000000000000000 ) ) ;
#1672 = CARTESIAN_POINT ( 'NONE',  ( 0.0000000000000000000, 0.0000000000000000000, 0.0000000000000000000 ) ) ;
#1673 = AXIS2_PLACEMENT_3D ( 'NONE', #1672, #1671, #1670 ) ;
#1674 = CIRCLE ( 'NONE', #1673, 5.549900000000000100 ) ;
#1675 = CARTESIAN_POINT ( 'NONE',  ( -1.587499999999999900, -0.2539999999999981700, 5.156199999999997500 ) ) ;
#1676 = DIRECTION ( 'NONE',  ( 0.0000000000000000000, 0.0000000000000000000, 1.000000000000000000 ) ) ;
#1677 = DIRECTION ( 'NONE',  ( -1.000000000000000000, -0.0000000000000000000, -0.0000000000000000000 ) ) ;
#1678 = CARTESIAN_POINT ( 'NONE',  ( -1.587499999999999900, -0.2539999999999990000, 4.902199999999997000 ) ) ;
#1679 = AXIS2_PLACEMENT_3D ( 'NONE', #1678, #1677, #1676 ) ;
#1680 = CIRCLE ( 'NONE', #1679, 0.2539999999999998900 ) ;
#1681 = DIRECTION ( 'NONE',  ( 0.0000000000000000000, 0.0000000000000000000, -1.000000000000000000 ) ) ;
#1682 = DIRECTION ( 'NONE',  ( 1.000000000000000000, 0.0000000000000000000, 0.0000000000000000000 ) ) ;
#1683 = CARTESIAN_POINT ( 'NONE',  ( -1.587499999999999900, -0.2539999999999990000, 4.902199999999997000 ) ) ;
#1684 = AXIS2_PLACEMENT_3D ( 'NONE', #1683, #1682, #1681 ) ;
#1685 = FACE_OUTER_BOUND ( 'NONE', #257, .T. ) ;
#1686 = DIRECTION ( 'NONE',  ( -0.0000000000000000000, 1.000000000000000000, -3.469593040081617400E-015 ) ) ;
#1687 = VECTOR ( 'NONE', #1686, 1000.000000000000000 ) ;
#1688 = CARTESIAN_POINT ( 'NONE',  ( -1.587499999999999900, 0.0000000000000000000, 5.156199999999996600 ) ) ;
#1689 = LINE ( 'NONE', #1688, #1687 ) ;
#1690 = DIRECTION ( 'NONE',  ( 0.0000000000000000000, 1.000000000000000000, -3.469593040081617400E-015 ) ) ;
#1691 = VECTOR ( 'NONE', #1690, 1000.000000000000000 ) ;
#1692 = CARTESIAN_POINT ( 'NONE',  ( -1.587499999999999900, 5.498387997075054600E-015, 6.730999999999995400 ) ) ;
#1693 = LINE ( 'NONE', #1692, #1691 ) ;
#1694 = CARTESIAN_POINT ( 'NONE',  ( -1.587499999999999500, -1.487324428646841400, 6.730999999999995400 ) ) ;
#1695 = CARTESIAN_POINT ( 'NONE',  ( -1.587499999999999500, -1.487324428646841400, 5.156200000000006300 ) ) ;
#1696 = DIRECTION ( 'NONE',  ( -0.0000000000000000000, -0.0000000000000000000, 1.000000000000000000 ) ) ;
#1697 = VECTOR ( 'NONE', #1696, 1000.000000000000000 ) ;
#1698 = CARTESIAN_POINT ( 'NONE',  ( -1.587499999999999500, -1.487324428646841400, 5.079999999999995600 ) ) ;
#1699 = LINE ( 'NONE', #1698, #1697 ) ;
#1700 = DIRECTION ( 'NONE',  ( 0.0000000000000000000, 0.0000000000000000000, 1.000000000000000000 ) ) ;
#1701 = DIRECTION ( 'NONE',  ( -1.000000000000000000, -0.0000000000000000000, 0.0000000000000000000 ) ) ;
#1702 = CARTESIAN_POINT ( 'NONE',  ( -1.587499999999999900, 5.498387997075054600E-015, 6.730999999999995400 ) ) ;
#1703 = AXIS2_PLACEMENT_3D ( 'NONE', #1702, #1701, #1700 ) ;
#1704 = PLANE ( 'NONE',  #1703 ) ;
#1705 = FACE_OUTER_BOUND ( 'NONE', #246, .T. ) ;
#1706 = CARTESIAN_POINT ( 'NONE',  ( -1.244599999999998800, -4.749800000000000500, 5.156200000000012600 ) ) ;
#1707 = CARTESIAN_POINT ( 'NONE',  ( 1.244600000000000600, -4.749799999999995100, 5.156200000000012600 ) ) ;
#1708 = DIRECTION ( 'NONE',  ( -1.000000000000000000, -0.0000000000000000000, 0.0000000000000000000 ) ) ;
#1709 = VECTOR ( 'NONE', #1708, 1000.000000000000000 ) ;
#1710 = CARTESIAN_POINT ( 'NONE',  ( -1.587499999999999900, -4.749800000000000500, 5.156200000000012600 ) ) ;
#1711 = LINE ( 'NONE', #1710, #1709 ) ;
#1712 = DIRECTION ( 'NONE',  ( 0.0000000000000000000, -1.000000000000000000, 3.469593040081617400E-015 ) ) ;
#1713 = DIRECTION ( 'NONE',  ( 0.0000000000000000000, 3.469593040081617400E-015, 1.000000000000000000 ) ) ;
#1714 = AXIS2_PLACEMENT_3D ( 'NONE', #1778, #1713, #1712 ) ;
#1715 = CARTESIAN_POINT ( 'NONE',  ( 1.244600000000000600, -4.749799999999995100, 6.731000000000012300 ) ) ;
#1716 = DIRECTION ( 'NONE',  ( -1.000000000000000000, 0.0000000000000000000, 0.0000000000000000000 ) ) ;
#1717 = VECTOR ( 'NONE', #1716, 1000.000000000000000 ) ;
#1718 = CARTESIAN_POINT ( 'NONE',  ( -1.587499999999999900, -4.749799999999995100, 6.731000000000012300 ) ) ;
#1719 = LINE ( 'NONE', #1718, #1717 ) ;
#1720 = CARTESIAN_POINT ( 'NONE',  ( -1.244599999999999300, -4.749799999999995100, 6.730999999999995400 ) ) ;
#1721 = DIRECTION ( 'NONE',  ( -0.1045284632676462400, 0.9945218953682740700, 0.0000000000000000000 ) ) ;
#1722 = VECTOR ( 'NONE', #1721, 1000.000000000000100 ) ;
#1723 = CARTESIAN_POINT ( 'NONE',  ( -1.244599999999999300, -4.749799999999995100, 6.730999999999995400 ) ) ;
#1724 = DIRECTION ( 'NONE',  ( 0.0000000000000000000, -1.000000000000000000, 3.469593040081617400E-015 ) ) ;
#1725 = DIRECTION ( 'NONE',  ( 0.0000000000000000000, 3.469593040081617400E-015, 1.000000000000000000 ) ) ;
#1726 = CARTESIAN_POINT ( 'NONE',  ( -1.587499999999999900, 5.498387997075054600E-015, 6.730999999999995400 ) ) ;
#1727 = AXIS2_PLACEMENT_3D ( 'NONE', #1726, #1725, #1724 ) ;
#1728 = PLANE ( 'NONE',  #1727 ) ;
#1729 = LINE ( 'NONE', #1723, #1722 ) ;
#1730 = FACE_OUTER_BOUND ( 'NONE', #334, .T. ) ;
#1731 = DIRECTION ( 'NONE',  ( 0.0000000000000000000, -1.000000000000000000, 3.469593040081617400E-015 ) ) ;
#1732 = VECTOR ( 'NONE', #1731, 1000.000000000000000 ) ;
#1733 = CARTESIAN_POINT ( 'NONE',  ( 1.587499999999999900, -4.749799999999995100, 6.731000000000012300 ) ) ;
#1734 = LINE ( 'NONE', #1733, #1732 ) ;
#1735 = DIRECTION ( 'NONE',  ( -1.000000000000000000, 0.0000000000000000000, 0.0000000000000000000 ) ) ;
#1736 = VECTOR ( 'NONE', #1735, 1000.000000000000000 ) ;
#1737 = CARTESIAN_POINT ( 'NONE',  ( -1.587499999999999900, -0.2539999999999990000, 6.730999999999996300 ) ) ;
#1738 = LINE ( 'NONE', #1737, #1736 ) ;
#1739 = DIRECTION ( 'NONE',  ( 0.0000000000000000000, 3.468166398206583900E-015, 1.000000000000000000 ) ) ;
#1740 = DIRECTION ( 'NONE',  ( -1.000000000000000000, -0.0000000000000000000, -0.0000000000000000000 ) ) ;
#1741 = CARTESIAN_POINT ( 'NONE',  ( -1.587499999999999900, -0.2539999999999990000, 4.902199999999997000 ) ) ;
#1742 = AXIS2_PLACEMENT_3D ( 'NONE', #1741, #1740, #1739 ) ;
#1743 = CYLINDRICAL_SURFACE ( 'NONE', #1742, 1.828800000000000200 ) ;
#1744 = FACE_OUTER_BOUND ( 'NONE', #327, .T. ) ;
#1745 = DIRECTION ( 'NONE',  ( 0.0000000000000000000, 0.0000000000000000000, 1.000000000000000000 ) ) ;
#1746 = DIRECTION ( 'NONE',  ( -1.000000000000000000, -0.0000000000000000000, -0.0000000000000000000 ) ) ;
#1747 = CARTESIAN_POINT ( 'NONE',  ( -1.587499999999999900, -0.2539999999999990000, 4.902199999999997000 ) ) ;
#1748 = AXIS2_PLACEMENT_3D ( 'NONE', #1747, #1746, #1745 ) ;
#1749 = CIRCLE ( 'NONE', #1748, 1.828800000000000200 ) ;
#1750 = CARTESIAN_POINT ( 'NONE',  ( -1.587499999999999900, -0.2539999999999990000, 6.730999999999996300 ) ) ;
#1751 = DIRECTION ( 'NONE',  ( 0.0000000000000000000, 0.0000000000000000000, 1.000000000000000000 ) ) ;
#1752 = VECTOR ( 'NONE', #1751, 1000.000000000000000 ) ;
#1753 = CARTESIAN_POINT ( 'NONE',  ( -1.587499999999999900, -0.2539999999999990000, 5.156199999999997500 ) ) ;
#1754 = LINE ( 'NONE', #1753, #1752 ) ;
#1755 = DIRECTION ( 'NONE',  ( 3.671838701161644600E-015, 1.000000000000000000, 0.0000000000000000000 ) ) ;
#1756 = DIRECTION ( 'NONE',  ( 1.000000000000000000, -3.671838701161644600E-015, 0.0000000000000000000 ) ) ;
#1757 = AXIS2_PLACEMENT_3D ( 'NONE', #1758, #1756, #1755 ) ;
#1758 = CARTESIAN_POINT ( 'NONE',  ( 6.349999999999999600, 1.574800000000000000, -1.981199999999999900 ) ) ;
#1759 = PLANE ( 'NONE',  #1757 ) ;
#1760 = FACE_OUTER_BOUND ( 'NONE', #232, .T. ) ;
#1761 = DIRECTION ( 'NONE',  ( -0.0000000000000000000, -1.000000000000000000, 3.469593040081617400E-015 ) ) ;
#1762 = VECTOR ( 'NONE', #1761, 1000.000000000000000 ) ;
#1763 = CARTESIAN_POINT ( 'NONE',  ( 1.587499999999999900, 0.0000000000000000000, 5.156199999999996600 ) ) ;
#1764 = LINE ( 'NONE', #1763, #1762 ) ;
#1765 = CARTESIAN_POINT ( 'NONE',  ( 1.587499999999999900, -1.487324428646841000, 6.730999999999995400 ) ) ;
#1766 = DIRECTION ( 'NONE',  ( 3.671838701161644600E-015, 1.000000000000000000, -0.0000000000000000000 ) ) ;
#1767 = VECTOR ( 'NONE', #1766, 1000.000000000000000 ) ;
#1768 = CARTESIAN_POINT ( 'NONE',  ( 7.924800000000008300, 3.936999999999994500, 1.981199999999999900 ) ) ;
#1769 = LINE ( 'NONE', #1768, #1767 ) ;
#1770 = CARTESIAN_POINT ( 'NONE',  ( -1.587499999999999900, 8.673617379884035500E-016, 4.902199999999997000 ) ) ;
#1771 = DIRECTION ( 'NONE',  ( 0.0000000000000000000, 0.0000000000000000000, 1.000000000000000000 ) ) ;
#1772 = VECTOR ( 'NONE', #1771, 1000.000000000000000 ) ;
#1773 = CARTESIAN_POINT ( 'NONE',  ( -1.587499999999999900, 1.574800000000000000, -4.902199999999997000 ) ) ;
#1774 = LINE ( 'NONE', #1773, #1772 ) ;
#1775 = CARTESIAN_POINT ( 'NONE',  ( -1.587499999999999900, 0.0000000000000000000, -4.762499999999997500 ) ) ;
#1776 = DIRECTION ( 'NONE',  ( -1.000000000000000000, -0.0000000000000000000, -0.0000000000000000000 ) ) ;
#1777 = VECTOR ( 'NONE', #1776, 1000.000000000000000 ) ;
#1778 = CARTESIAN_POINT ( 'NONE',  ( -1.587499999999999900, 0.0000000000000000000, 5.156199999999996600 ) ) ;
#1779 = PLANE ( 'NONE',  #1714 ) ;
#1780 = DIRECTION ( 'NONE',  ( 1.000000000000000000, 0.0000000000000000000, -1.374519048223384900E-015 ) ) ;
#1781 = DIRECTION ( 'NONE',  ( 1.374519048223384900E-015, -0.0000000000000000000, 1.000000000000000000 ) ) ;
#1782 = CARTESIAN_POINT ( 'NONE',  ( 1.587499999999999900, 1.574800000000000000, -4.762499999999997500 ) ) ;
#1783 = FACE_OUTER_BOUND ( 'NONE', #240, .T. ) ;
#1784 = AXIS2_PLACEMENT_3D ( 'NONE', #1782, #1781, #1780 ) ;
#1785 = FACE_OUTER_BOUND ( 'NONE', #230, .T. ) ;
#1786 = DIRECTION ( 'NONE',  ( -1.000000000000000000, 0.0000000000000000000, -1.374519048223384900E-015 ) ) ;
#1787 = DIRECTION ( 'NONE',  ( 1.374519048223384900E-015, 0.0000000000000000000, -1.000000000000000000 ) ) ;
#1788 = CARTESIAN_POINT ( 'NONE',  ( 1.587499999999999900, 1.574800000000000000, 4.762499999999997500 ) ) ;
#1789 = PLANE ( 'NONE',  #1784 ) ;
#1790 = AXIS2_PLACEMENT_3D ( 'NONE', #1788, #1787, #1786 ) ;
#1791 = FACE_OUTER_BOUND ( 'NONE', #223, .T. ) ;
#1792 = DIRECTION ( 'NONE',  ( 1.000000000000000000, 0.0000000000000000000, -0.0000000000000000000 ) ) ;
#1793 = DIRECTION ( 'NONE',  ( 0.0000000000000000000, -0.0000000000000000000, 1.000000000000000000 ) ) ;
#1794 = CARTESIAN_POINT ( 'NONE',  ( 6.349999999999999600, 1.574800000000000000, -1.981199999999999900 ) ) ;
#1795 = AXIS2_PLACEMENT_3D ( 'NONE', #1794, #1793, #1792 ) ;
#1796 = PLANE ( 'NONE',  #1795 ) ;
#1797 = PLANE ( 'NONE',  #1790 ) ;
#1798 = FACE_OUTER_BOUND ( 'NONE', #373, .T. ) ;
#1799 = DIRECTION ( 'NONE',  ( -0.0000000000000000000, -1.000000000000000000, -0.0000000000000000000 ) ) ;
#1800 = VECTOR ( 'NONE', #1799, 1000.000000000000000 ) ;
#1801 = CARTESIAN_POINT ( 'NONE',  ( 2.849558520192207600, 1.574800000000000000, 4.762499999999999300 ) ) ;
#1802 = LINE ( 'NONE', #1801, #1800 ) ;
#1803 = DIRECTION ( 'NONE',  ( -0.0000000000000000000, -1.000000000000000000, -0.0000000000000000000 ) ) ;
#1804 = VECTOR ( 'NONE', #1803, 1000.000000000000000 ) ;
#1805 = CARTESIAN_POINT ( 'NONE',  ( 1.587499999999999900, 1.574800000000000000, -4.762499999999997500 ) ) ;
#1806 = LINE ( 'NONE', #1805, #1804 ) ;
#1807 = DIRECTION ( 'NONE',  ( 0.0000000000000000000, 0.0000000000000000000, -1.000000000000000000 ) ) ;
#1808 = VECTOR ( 'NONE', #1807, 1000.000000000000000 ) ;
#1809 = CARTESIAN_POINT ( 'NONE',  ( 6.349999999999999600, 0.0000000000000000000, 1.981199999999999900 ) ) ;
#1810 = LINE ( 'NONE', #1809, #1808 ) ;
#1811 = DIRECTION ( 'NONE',  ( 0.9945218953682741800, 0.1045284632676462700, 0.0000000000000000000 ) ) ;
#1812 = CARTESIAN_POINT ( 'NONE',  ( -1.244599999999999300, -4.749799999999995100, 5.079999999999995600 ) ) ;
#1813 = AXIS2_PLACEMENT_3D ( 'NONE', #1812, #1811, #1897 ) ;
#1814 = FACE_OUTER_BOUND ( 'NONE', #532, .T. ) ;
#1815 = DIRECTION ( 'NONE',  ( 1.000000000000000000, 0.0000000000000000000, -0.0000000000000000000 ) ) ;
#1816 = DIRECTION ( 'NONE',  ( 0.0000000000000000000, 0.0000000000000000000, 1.000000000000000000 ) ) ;
#1817 = CARTESIAN_POINT ( 'NONE',  ( 7.924800000000008300, 3.936999999999994500, 1.981199999999999900 ) ) ;
#1818 = AXIS2_PLACEMENT_3D ( 'NONE', #1817, #1816, #1815 ) ;
#1819 = PLANE ( 'NONE',  #1818 ) ;
#1820 = PLANE ( 'NONE',  #1813 ) ;
#1821 = FACE_OUTER_BOUND ( 'NONE', #453, .T. ) ;
#1822 = DIRECTION ( 'NONE',  ( -0.0000000000000000000, -0.0000000000000000000, -1.000000000000000000 ) ) ;
#1823 = VECTOR ( 'NONE', #1822, 1000.000000000000000 ) ;
#1824 = CARTESIAN_POINT ( 'NONE',  ( 7.924800000000008300, 3.936999999999994500, -1.981199999999999900 ) ) ;
#1825 = LINE ( 'NONE', #1824, #1823 ) ;
#1826 = DIRECTION ( 'NONE',  ( 3.671838701161644600E-015, 1.000000000000000000, -0.0000000000000000000 ) ) ;
#1827 = VECTOR ( 'NONE', #1826, 1000.000000000000000 ) ;
#1828 = CARTESIAN_POINT ( 'NONE',  ( 6.350000000000008500, 3.936999999999999400, 1.981199999999999900 ) ) ;
#1829 = LINE ( 'NONE', #1828, #1827 ) ;
#1830 = DIRECTION ( 'NONE',  ( -1.000000000000000000, 3.491483361109382100E-015, 0.0000000000000000000 ) ) ;
#1831 = VECTOR ( 'NONE', #1830, 1000.000000000000000 ) ;
#1832 = CARTESIAN_POINT ( 'NONE',  ( 7.924800000000008300, 3.936999999999994500, -1.981199999999999900 ) ) ;
#1833 = LINE ( 'NONE', #1832, #1831 ) ;
#1834 = CARTESIAN_POINT ( 'NONE',  ( 7.924800000000008300, 3.936999999999994500, -1.981199999999999900 ) ) ;
#1835 = DIRECTION ( 'NONE',  ( -1.000000000000000000, 3.491483361109382100E-015, 0.0000000000000000000 ) ) ;
#1836 = VECTOR ( 'NONE', #1835, 1000.000000000000000 ) ;
#1837 = CARTESIAN_POINT ( 'NONE',  ( 7.924799999999999400, 1.574799999999994400, 1.981199999999999900 ) ) ;
#1838 = DIRECTION ( 'NONE',  ( 1.000000000000000000, 0.0000000000000000000, -0.0000000000000000000 ) ) ;
#1839 = LINE ( 'NONE', #1837, #1836 ) ;
#1840 = CARTESIAN_POINT ( 'NONE',  ( 6.349999999999999600, 1.574800000000000000, 1.981199999999999900 ) ) ;
#1841 = AXIS2_PLACEMENT_3D ( 'NONE', #1840, #2015, #2014 ) ;
#1842 = CYLINDRICAL_SURFACE ( 'NONE', #1841, 1.574799999999997800 ) ;
#1843 = DIRECTION ( 'NONE',  ( -1.000000000000000000, 3.491483361109382100E-015, 0.0000000000000000000 ) ) ;
#1844 = DIRECTION ( 'NONE',  ( 3.491483361109382100E-015, 1.000000000000000000, -0.0000000000000000000 ) ) ;
#1845 = CARTESIAN_POINT ( 'NONE',  ( 7.924800000000008300, 3.936999999999994500, -1.981199999999999900 ) ) ;
#1846 = AXIS2_PLACEMENT_3D ( 'NONE', #1845, #1844, #1843 ) ;
#1847 = FACE_OUTER_BOUND ( 'NONE', #452, .T. ) ;
#1848 = PLANE ( 'NONE',  #1846 ) ;
#1849 = FACE_OUTER_BOUND ( 'NONE', #425, .T. ) ;
#1850 = CARTESIAN_POINT ( 'NONE',  ( 1.587499999999999900, 8.673617379884035500E-016, 4.902199999999997000 ) ) ;
#1851 = CARTESIAN_POINT ( 'NONE',  ( 1.587499999999999900, 0.0000000000000000000, 4.762499999999997500 ) ) ;
#1852 = DIRECTION ( 'NONE',  ( 1.000000000000000000, 0.0000000000000000000, 1.374519048223384900E-015 ) ) ;
#1853 = VECTOR ( 'NONE', #1852, 1000.000000000000000 ) ;
#1854 = CARTESIAN_POINT ( 'NONE',  ( 1.587499999999999900, 0.0000000000000000000, 4.762499999999997500 ) ) ;
#1855 = LINE ( 'NONE', #1854, #1853 ) ;
#1856 = DIRECTION ( 'NONE',  ( -0.0000000000000000000, -0.0000000000000000000, 1.000000000000000000 ) ) ;
#1857 = VECTOR ( 'NONE', #1856, 1000.000000000000000 ) ;
#1858 = CARTESIAN_POINT ( 'NONE',  ( -1.587499999999999900, 0.0000000000000000000, 4.902199999999997000 ) ) ;
#1859 = LINE ( 'NONE', #1858, #1857 ) ;
#1860 = DIRECTION ( 'NONE',  ( 0.0000000000000000000, 0.0000000000000000000, -1.000000000000000000 ) ) ;
#1861 = DIRECTION ( 'NONE',  ( -0.0000000000000000000, -1.000000000000000000, -0.0000000000000000000 ) ) ;
#1862 = CARTESIAN_POINT ( 'NONE',  ( 0.0000000000000000000, 1.574800000000000000, 0.0000000000000000000 ) ) ;
#1863 = AXIS2_PLACEMENT_3D ( 'NONE', #1862, #1861, #1860 ) ;
#1864 = CYLINDRICAL_SURFACE ( 'NONE', #1863, 5.549900000000000100 ) ;
#1865 = FACE_OUTER_BOUND ( 'NONE', #417, .T. ) ;
#1866 = DIRECTION ( 'NONE',  ( -0.0000000000000000000, -1.000000000000000000, -0.0000000000000000000 ) ) ;
#1867 = VECTOR ( 'NONE', #1866, 1000.000000000000000 ) ;
#1868 = CARTESIAN_POINT ( 'NONE',  ( 6.349999999999999600, 1.574800000000000000, -1.981199999999999900 ) ) ;
#1869 = LINE ( 'NONE', #1868, #1867 ) ;
#1870 = DIRECTION ( 'NONE',  ( -1.000000000000000000, -0.0000000000000000000, 1.374519048223384900E-015 ) ) ;
#1871 = VECTOR ( 'NONE', #1870, 1000.000000000000000 ) ;
#1872 = CARTESIAN_POINT ( 'NONE',  ( 1.587499999999999900, 0.0000000000000000000, -4.762499999999997500 ) ) ;
#1873 = LINE ( 'NONE', #1872, #1871 ) ;
#1874 = DIRECTION ( 'NONE',  ( 0.0000000000000000000, 1.000000000000000000, 0.0000000000000000000 ) ) ;
#1875 = AXIS2_PLACEMENT_3D ( 'NONE', #1877, #1874, #1937 ) ;
#1876 = LINE ( 'NONE', #1936, #1935 ) ;
#1877 = CARTESIAN_POINT ( 'NONE',  ( 0.0000000000000000000, 0.0000000000000000000, 0.0000000000000000000 ) ) ;
#1878 = PLANE ( 'NONE',  #1875 ) ;
#1879 = FACE_BOUND ( 'NONE', #406, .T. ) ;
#1880 = FACE_OUTER_BOUND ( 'NONE', #399, .T. ) ;
#1881 = DIRECTION ( 'NONE',  ( -0.0000000000000000000, -1.000000000000000000, -0.0000000000000000000 ) ) ;
#1882 = VECTOR ( 'NONE', #1881, 1000.000000000000000 ) ;
#1883 = LINE ( 'NONE', #1989, #1947 ) ;
#1884 = CARTESIAN_POINT ( 'NONE',  ( -2.023728163563481200, 0.9621212121212110400, -1.168399999999994800 ) ) ;
#1885 = CARTESIAN_POINT ( 'NONE',  ( -1.349152109042326000, 1.025621212121210900, -2.336799999999996200 ) ) ;
#1886 = CARTESIAN_POINT ( 'NONE',  ( -7.574841956376235200E-015, 1.089121212121211000, -2.336800000000000200 ) ) ;
#1887 = CARTESIAN_POINT ( 'NONE',  ( 1.349152109042309500, 1.152621212121210700, -2.336800000000004200 ) ) ;
#1888 = CARTESIAN_POINT ( 'NONE',  ( 2.023728163563471400, 1.216121212121210600, -1.168400000000006300 ) ) ;
#1889 = CARTESIAN_POINT ( 'NONE',  ( 2.336799999999999800, 1.245591664682458300, -0.6261436728730500600 ) ) ;
#1890 = CARTESIAN_POINT ( 'NONE',  ( 2.336799999999998900, 1.279621212121210700, -8.134310703387671400E-016 ) ) ;
#1891 = DIRECTION ( 'NONE',  ( 2.449212707644754000E-016, -1.000000000000000000, -0.0000000000000000000 ) ) ;
#1892 = VECTOR ( 'NONE', #1891, 1000.000000000000000 ) ;
#1893 = CARTESIAN_POINT ( 'NONE',  ( -2.336800000000000200, -5.723320255224261900E-016, 2.861660127612131500E-016 ) ) ;
#1894 = LINE ( 'NONE', #1893, #1892 ) ;
#1895 = STYLED_ITEM ( 'NONE', ( #2202 ), #572 ) ;
#1896 =( BOUNDED_CURVE ( )  B_SPLINE_CURVE ( 2, ( #1890, #1889, #1888, #1887, #1886, #1885, #1884, #1400, #2059 ),
 .UNSPECIFIED., .F., .T. ) 
 B_SPLINE_CURVE_WITH_KNOTS ( ( 3, 2, 2, 2, 3 ),
 ( 0.9318181818181817700, 0.9393939393939394500, 0.9545454545454545900, 0.9696969696969697200, 0.9772727272727272900 ),
 .UNSPECIFIED. ) 
 CURVE ( )  GEOMETRIC_REPRESENTATION_ITEM ( )  RATIONAL_B_SPLINE_CURVE ( ( 0.9330127018922194100, 0.9330127018922188500, 1.000000000000000000, 0.8660254037844387100, 1.000000000000000000, 0.8660254037844387100, 1.000000000000000000, 0.9330127018922194100, 0.9330127018922194100 ) ) 
 REPRESENTATION_ITEM ( '' )  );
#1897 = DIRECTION ( 'NONE',  ( -0.1045284632676462700, 0.9945218953682741800, 0.0000000000000000000 ) ) ;
#1898 = DIRECTION ( 'NONE',  ( 0.0000000000000000000, 0.0000000000000000000, -1.000000000000000000 ) ) ;
#1899 = CARTESIAN_POINT ( 'NONE',  ( 1.587499999999999900, 0.0000000000000000000, 4.902199999999997000 ) ) ;
#1900 = LINE ( 'NONE', #1899, #1969 ) ;
#1901 = DIRECTION ( 'NONE',  ( -1.000000000000000000, 0.0000000000000000000, -0.0000000000000000000 ) ) ;
#1902 = CARTESIAN_POINT ( 'NONE',  ( 1.587499999999999900, -0.2539999999999990000, 5.156199999999997500 ) ) ;
#1903 = LINE ( 'NONE', #1902, #1987 ) ;
#1904 = CARTESIAN_POINT ( 'NONE',  ( -2.849558520192211600, 0.0000000000000000000, 4.762499999999997500 ) ) ;
#1905 = LINE ( 'NONE', #1904, #1956 ) ;
#1906 = CARTESIAN_POINT ( 'NONE',  ( -1.587499999999999900, 0.0000000000000000000, 4.762499999999997500 ) ) ;
#1907 = DIRECTION ( 'NONE',  ( -0.0000000000000000000, -0.0000000000000000000, -1.000000000000000000 ) ) ;
#1908 = VECTOR ( 'NONE', #1907, 1000.000000000000000 ) ;
#1909 = CARTESIAN_POINT ( 'NONE',  ( 1.587499999999999900, 0.0000000000000000000, -4.902199999999997000 ) ) ;
#1910 = DIRECTION ( 'NONE',  ( 0.0000000000000000000, 3.414809992080330300E-015, 1.000000000000000000 ) ) ;
#1911 = FACE_OUTER_BOUND ( 'NONE', #380, .T. ) ;
#1912 = CARTESIAN_POINT ( 'NONE',  ( 1.587499999999999900, 1.574800000000000000, 4.902199999999997000 ) ) ;
#1913 = PLANE ( 'NONE',  #1978 ) ;
#1914 = FACE_OUTER_BOUND ( 'NONE', #376, .T. ) ;
#1915 = DIRECTION ( 'NONE',  ( -0.0000000000000000000, -1.000000000000000000, -0.0000000000000000000 ) ) ;
#1916 = LINE ( 'NONE', #1961, #1960 ) ;
#1917 = CARTESIAN_POINT ( 'NONE',  ( -1.587499999999999900, 1.574800000000000000, 4.902199999999997000 ) ) ;
#1918 = PLANE ( 'NONE',  #1964 ) ;
#1919 = DIRECTION ( 'NONE',  ( -1.000000000000000000, 0.0000000000000000000, -0.0000000000000000000 ) ) ;
#1920 = DIRECTION ( 'NONE',  ( 0.0000000000000000000, 0.0000000000000000000, -1.000000000000000000 ) ) ;
#1921 = CARTESIAN_POINT ( 'NONE',  ( -2.849558520192211600, 1.574800000000000000, 4.762499999999997500 ) ) ;
#1922 = FACE_OUTER_BOUND ( 'NONE', #374, .T. ) ;
#1923 = DIRECTION ( 'NONE',  ( -0.0000000000000000000, -1.000000000000000000, -0.0000000000000000000 ) ) ;
#1924 = VECTOR ( 'NONE', #1923, 1000.000000000000000 ) ;
#1925 = CARTESIAN_POINT ( 'NONE',  ( 5.184229602361377000, 1.574800000000000000, -1.981199999999999900 ) ) ;
#1926 = LINE ( 'NONE', #1925, #1924 ) ;
#1927 = CARTESIAN_POINT ( 'NONE',  ( 2.849558520192207100, 1.574800000000000000, -4.762499999999999300 ) ) ;
#1928 = LINE ( 'NONE', #1927, #1882 ) ;
#1929 = DIRECTION ( 'NONE',  ( -0.0000000000000000000, -1.000000000000000000, -0.0000000000000000000 ) ) ;
#1930 = VECTOR ( 'NONE', #1929, 1000.000000000000000 ) ;
#1931 = CARTESIAN_POINT ( 'NONE',  ( -2.849558520192211600, 1.574800000000000000, -4.762499999999997500 ) ) ;
#1932 = LINE ( 'NONE', #1931, #1930 ) ;
#1933 = LINE ( 'NONE', #1909, #1908 ) ;
#1934 = DIRECTION ( 'NONE',  ( -1.000000000000000000, -0.0000000000000000000, -0.0000000000000000000 ) ) ;
#1935 = VECTOR ( 'NONE', #1934, 1000.000000000000000 ) ;
#1936 = CARTESIAN_POINT ( 'NONE',  ( -2.849558520192211600, 1.574800000000000000, -4.762499999999997500 ) ) ;
#1937 = DIRECTION ( 'NONE',  ( 0.0000000000000000000, -0.0000000000000000000, 1.000000000000000000 ) ) ;
#1938 = CARTESIAN_POINT ( 'NONE',  ( 1.587499999999999900, -0.2539999999999990000, 4.902199999999997000 ) ) ;
#1939 = PLANE ( 'NONE',  #1992 ) ;
#1940 = DIRECTION ( 'NONE',  ( 0.0000000000000000000, 0.0000000000000000000, 1.000000000000000000 ) ) ;
#1941 = DIRECTION ( 'NONE',  ( -1.000000000000000000, 0.0000000000000000000, 0.0000000000000000000 ) ) ;
#1942 = FACE_OUTER_BOUND ( 'NONE', #347, .T. ) ;
#1943 = DIRECTION ( 'NONE',  ( -0.0000000000000000000, -1.000000000000000000, -0.0000000000000000000 ) ) ;
#1944 = VECTOR ( 'NONE', #1943, 1000.000000000000000 ) ;
#1945 = CARTESIAN_POINT ( 'NONE',  ( 1.587499999999999900, 1.574800000000000000, -4.902199999999997000 ) ) ;
#1946 = LINE ( 'NONE', #1945, #1944 ) ;
#1947 = VECTOR ( 'NONE', #1957, 1000.000000000000200 ) ;
#1948 = CARTESIAN_POINT ( 'NONE',  ( -1.587499999999999900, -0.2539999999999990000, 4.902199999999997000 ) ) ;
#1949 = AXIS2_PLACEMENT_3D ( 'NONE', #1948, #1988, #1910 ) ;
#1950 = CARTESIAN_POINT ( 'NONE',  ( -1.587499999999999900, -9.215718466126787700E-016, -4.902199999999997000 ) ) ;
#1951 = DIRECTION ( 'NONE',  ( 0.0000000000000000000, 0.0000000000000000000, 1.000000000000000000 ) ) ;
#1952 = VECTOR ( 'NONE', #1951, 1000.000000000000000 ) ;
#1953 = CARTESIAN_POINT ( 'NONE',  ( -1.587499999999999900, 0.0000000000000000000, -4.902199999999997000 ) ) ;
#1954 = LINE ( 'NONE', #1953, #1952 ) ;
#1955 = DIRECTION ( 'NONE',  ( 1.000000000000000000, 0.0000000000000000000, 0.0000000000000000000 ) ) ;
#1956 = VECTOR ( 'NONE', #1955, 1000.000000000000000 ) ;
#1957 = DIRECTION ( 'NONE',  ( -0.1045284632676459800, -0.9945218953682740700, -0.0000000000000000000 ) ) ;
#1958 = FACE_OUTER_BOUND ( 'NONE', #231, .T. ) ;
#1959 = DIRECTION ( 'NONE',  ( -0.0000000000000000000, -1.000000000000000000, -0.0000000000000000000 ) ) ;
#1960 = VECTOR ( 'NONE', #1959, 1000.000000000000000 ) ;
#1961 = CARTESIAN_POINT ( 'NONE',  ( -1.587499999999999900, 1.574800000000000000, 4.902199999999997000 ) ) ;
#1962 = DIRECTION ( 'NONE',  ( 0.0000000000000000000, 0.0000000000000000000, -1.000000000000000000 ) ) ;
#1963 = DIRECTION ( 'NONE',  ( 1.000000000000000000, -0.0000000000000000000, 0.0000000000000000000 ) ) ;
#1964 = AXIS2_PLACEMENT_3D ( 'NONE', #1917, #1963, #1962 ) ;
#1965 = CYLINDRICAL_SURFACE ( 'NONE', #1985, 5.549900000000000100 ) ;
#1966 = FACE_OUTER_BOUND ( 'NONE', #412, .T. ) ;
#1967 = DIRECTION ( 'NONE',  ( 1.000000000000000000, 0.0000000000000000000, 0.0000000000000000000 ) ) ;
#1968 = VECTOR ( 'NONE', #1967, 1000.000000000000000 ) ;
#1969 = VECTOR ( 'NONE', #1898, 1000.000000000000000 ) ;
#1970 = CARTESIAN_POINT ( 'NONE',  ( 1.587499999999999900, 1.574800000000000000, -4.902199999999997000 ) ) ;
#1971 = AXIS2_PLACEMENT_3D ( 'NONE', #1970, #1941, #1940 ) ;
#1972 = PLANE ( 'NONE',  #1971 ) ;
#1973 = FACE_OUTER_BOUND ( 'NONE', #216, .T. ) ;
#1974 = PLANE ( 'NONE',  #1975 ) ;
#1975 = AXIS2_PLACEMENT_3D ( 'NONE', #1921, #1920, #1919 ) ;
#1976 = DIRECTION ( 'NONE',  ( 0.0000000000000000000, 0.0000000000000000000, 1.000000000000000000 ) ) ;
#1977 = DIRECTION ( 'NONE',  ( -1.000000000000000000, 0.0000000000000000000, 0.0000000000000000000 ) ) ;
#1978 = AXIS2_PLACEMENT_3D ( 'NONE', #1912, #1977, #1976 ) ;
#1979 = VECTOR ( 'NONE', #1915, 1000.000000000000000 ) ;
#1980 = CARTESIAN_POINT ( 'NONE',  ( 6.349999999999999600, 1.574800000000000000, 1.981199999999999900 ) ) ;
#1981 = LINE ( 'NONE', #1980, #1979 ) ;
#1982 = DIRECTION ( 'NONE',  ( 0.0000000000000000000, 0.0000000000000000000, -1.000000000000000000 ) ) ;
#1983 = DIRECTION ( 'NONE',  ( -0.0000000000000000000, -1.000000000000000000, -0.0000000000000000000 ) ) ;
#1984 = CARTESIAN_POINT ( 'NONE',  ( 0.0000000000000000000, 1.574800000000000000, 0.0000000000000000000 ) ) ;
#1985 = AXIS2_PLACEMENT_3D ( 'NONE', #1984, #1983, #1982 ) ;
#1986 = CYLINDRICAL_SURFACE ( 'NONE', #1949, 0.2539999999999998900 ) ;
#1987 = VECTOR ( 'NONE', #1901, 1000.000000000000000 ) ;
#1988 = DIRECTION ( 'NONE',  ( -1.000000000000000000, -0.0000000000000000000, -0.0000000000000000000 ) ) ;
#1989 = CARTESIAN_POINT ( 'NONE',  ( 1.244600000000000600, -4.749799999999995100, 6.730999999999995400 ) ) ;
#1990 = DIRECTION ( 'NONE',  ( 0.0000000000000000000, 0.0000000000000000000, -1.000000000000000000 ) ) ;
#1991 = DIRECTION ( 'NONE',  ( 1.000000000000000000, 0.0000000000000000000, 0.0000000000000000000 ) ) ;
#1992 = AXIS2_PLACEMENT_3D ( 'NONE', #1938, #1991, #1990 ) ;
#1993 = DIRECTION ( 'NONE',  ( 0.0000000000000000000, 0.0000000000000000000, 1.000000000000000000 ) ) ;
#1994 = CARTESIAN_POINT ( 'NONE',  ( -2.849558520192211600, 1.574800000000000000, -4.762499999999997500 ) ) ;
#1995 = AXIS2_PLACEMENT_3D ( 'NONE', #1994, #1993, #1838 ) ;
#1996 = FACE_OUTER_BOUND ( 'NONE', #268, .T. ) ;
#1997 = DIRECTION ( 'NONE',  ( -1.000000000000000000, 0.0000000000000000000, -0.0000000000000000000 ) ) ;
#1998 = DIRECTION ( 'NONE',  ( 0.0000000000000000000, 0.0000000000000000000, -1.000000000000000000 ) ) ;
#1999 = CARTESIAN_POINT ( 'NONE',  ( 6.349999999999989000, 1.734723475976807100E-015, 1.981199999999999900 ) ) ;
#2000 = PLANE ( 'NONE',  #1995 ) ;
#2001 = AXIS2_PLACEMENT_3D ( 'NONE', #1999, #1998, #1997 ) ;
#2002 = FACE_OUTER_BOUND ( 'NONE', #275, .T. ) ;
#2003 = DIRECTION ( 'NONE',  ( -1.000000000000000000, 0.0000000000000000000, -0.0000000000000000000 ) ) ;
#2004 = DIRECTION ( 'NONE',  ( 0.0000000000000000000, 0.0000000000000000000, -1.000000000000000000 ) ) ;
#2005 = AXIS2_PLACEMENT_3D ( 'NONE', #2007, #2004, #2003 ) ;
#2006 = PLANE ( 'NONE',  #2001 ) ;
#2007 = CARTESIAN_POINT ( 'NONE',  ( 7.924799999999999400, 1.574799999999994400, -1.981199999999999900 ) ) ;
#2008 = PLANE ( 'NONE',  #2005 ) ;
#2009 = FACE_OUTER_BOUND ( 'NONE', #447, .T. ) ;
#2010 = DIRECTION ( 'NONE',  ( -1.000000000000000000, 3.491483361109382100E-015, 0.0000000000000000000 ) ) ;
#2011 = VECTOR ( 'NONE', #2010, 1000.000000000000000 ) ;
#2012 = CARTESIAN_POINT ( 'NONE',  ( 7.924799999999999400, 1.574799999999994400, -1.981199999999999900 ) ) ;
#2013 = LINE ( 'NONE', #2012, #2011 ) ;
#2014 = DIRECTION ( 'NONE',  ( 1.000000000000000000, 0.0000000000000000000, 0.0000000000000000000 ) ) ;
#2015 = DIRECTION ( 'NONE',  ( -0.0000000000000000000, -0.0000000000000000000, 1.000000000000000000 ) ) ;
#2016 = CARTESIAN_POINT ( 'NONE',  ( -1.587499999999999900, 0.0000000000000000000, 4.902199999999997000 ) ) ;
#2017 = LINE ( 'NONE', #2016, #1968 ) ;
#2018 = CARTESIAN_POINT ( 'NONE',  ( 2.023728163563471400, 4.117878787878781900, -1.168400000000006300 ) ) ;
#2019 = CARTESIAN_POINT ( 'NONE',  ( 1.349152109042309500, 4.054378787878781600, -2.336800000000004200 ) ) ;
#2020 = CARTESIAN_POINT ( 'NONE',  ( -7.574841956376235200E-015, 3.990878787878781300, -2.336800000000000200 ) ) ;
#2021 = CARTESIAN_POINT ( 'NONE',  ( 2.336799999999998900, 4.327621212121203900, 2.440293211016301600E-015 ) ) ;
#2022 =( BOUNDED_CURVE ( )  B_SPLINE_CURVE ( 2, ( #2054, #2053, #2052, #2051, #2050, #2079, #2078, #2077, #2076 ),
 .UNSPECIFIED., .F., .T. ) 
 B_SPLINE_CURVE_WITH_KNOTS ( ( 3, 2, 2, 2, 3 ),
 ( 0.5227272727272727100, 0.5303030303030302800, 0.5454545454545454100, 0.5606060606060605500, 0.5681818181818181200 ),
 .UNSPECIFIED. ) 
 CURVE ( )  GEOMETRIC_REPRESENTATION_ITEM ( )  RATIONAL_B_SPLINE_CURVE ( ( 0.9330127018922194100, 0.9330127018922194100, 1.000000000000000000, 0.8660254037844387100, 1.000000000000000000, 0.8660254037844387100, 1.000000000000000000, 0.9330127018922194100, 0.9330127018922194100 ) ) 
 REPRESENTATION_ITEM ( '' )  );
#2023 = CARTESIAN_POINT ( 'NONE',  ( -2.336800000000002000, 4.708621212121203200, -3.079417623425332500E-015 ) ) ;
#2024 =( BOUNDED_CURVE ( )  B_SPLINE_CURVE ( 2, ( #2033, #2032, #2031, #2030, #2029, #2028, #2027, #2026, #2025 ),
 .UNSPECIFIED., .F., .T. ) 
 B_SPLINE_CURVE_WITH_KNOTS ( ( 3, 2, 2, 2, 3 ),
 ( 0.5227272727272727100, 0.5303030303030302800, 0.5454545454545454100, 0.5606060606060606600, 0.5681818181818182300 ),
 .UNSPECIFIED. ) 
 CURVE ( )  GEOMETRIC_REPRESENTATION_ITEM ( )  RATIONAL_B_SPLINE_CURVE ( ( 0.9330127018922194100, 0.9330127018922194100, 1.000000000000000000, 0.8660254037844387100, 1.000000000000000000, 0.8660254037844387100, 1.000000000000000000, 0.9330127018922194100, 0.9330127018922194100 ) ) 
 REPRESENTATION_ITEM ( '' )  );
#2025 = CARTESIAN_POINT ( 'NONE',  ( -2.336800000000002000, 6.086378787878775400, 5.984528588920929500E-015 ) ) ;
#2026 = CARTESIAN_POINT ( 'NONE',  ( -2.336800000000000700, 6.052349240440023000, 0.6261436728730535000 ) ) ;
#2027 = CARTESIAN_POINT ( 'NONE',  ( -2.023728163563475400, 6.022878787878776000, 1.168400000000005400 ) ) ;
#2028 = CARTESIAN_POINT ( 'NONE',  ( -1.349152109042313100, 5.959378787878775600, 2.336800000000004200 ) ) ;
#2029 = CARTESIAN_POINT ( 'NONE',  ( 4.178175804906184300E-015, 5.895878787878776200, 2.336800000000000200 ) ) ;
#2030 = CARTESIAN_POINT ( 'NONE',  ( 1.349152109042322900, 5.832378787878775000, 2.336799999999996200 ) ) ;
#2031 = CARTESIAN_POINT ( 'NONE',  ( 2.023728163563478500, 5.768878787878776400, 1.168399999999993700 ) ) ;
#2032 = CARTESIAN_POINT ( 'NONE',  ( 2.336800000000000700, 5.739408335317529400, 0.6261436728730409600 ) ) ;
#2033 = CARTESIAN_POINT ( 'NONE',  ( 2.336799999999998900, 5.705378787878776900, -6.623653001329960800E-015 ) ) ;
#2034 = CARTESIAN_POINT ( 'NONE',  ( 0.0000000000000000000, 0.0000000000000000000, 0.0000000000000000000 ) ) ;
#2035 = FACE_OUTER_BOUND ( 'NONE', #529, .T. ) ;
#2036 = DIRECTION ( 'NONE',  ( 2.449212707644754000E-016, -1.000000000000000000, -0.0000000000000000000 ) ) ;
#2037 = VECTOR ( 'NONE', #2036, 1000.000000000000000 ) ;
#2038 = CARTESIAN_POINT ( 'NONE',  ( 0.0000000000000000000, 0.0000000000000000000, 2.336800000000000200 ) ) ;
#2039 = LINE ( 'NONE', #2038, #2037 ) ;
#2040 = CARTESIAN_POINT ( 'NONE',  ( -2.336800000000002000, 4.708621212121203200, -3.079417623425332900E-015 ) ) ;
#2041 = CARTESIAN_POINT ( 'NONE',  ( -2.336800000000003300, 4.742650759559954700, -0.6261436728730416200 ) ) ;
#2042 = CARTESIAN_POINT ( 'NONE',  ( -2.023728163563481200, 4.772121212121202700, -1.168399999999994800 ) ) ;
#2043 = CARTESIAN_POINT ( 'NONE',  ( -1.349152109042326000, 4.835621212121202100, -2.336799999999996200 ) ) ;
#2044 = CARTESIAN_POINT ( 'NONE',  ( -7.574841956376235200E-015, 4.899121212121201600, -2.336800000000000200 ) ) ;
#2045 = CARTESIAN_POINT ( 'NONE',  ( 1.349152109042309500, 4.962621212121201900, -2.336800000000004200 ) ) ;
#2046 = CARTESIAN_POINT ( 'NONE',  ( 2.023728163563471400, 5.026121212121201300, -1.168400000000006300 ) ) ;
#2047 = CARTESIAN_POINT ( 'NONE',  ( 2.336799999999997100, 5.055591664682449200, -0.6261436728730542800 ) ) ;
#2048 = CARTESIAN_POINT ( 'NONE',  ( 2.336799999999998900, 5.089621212121201700, -6.623653001329960800E-015 ) ) ;
#2049 =( BOUNDED_CURVE ( )  B_SPLINE_CURVE ( 2, ( #2048, #2047, #2046, #2045, #2044, #2043, #2042, #2041, #2040 ),
 .UNSPECIFIED., .F., .T. ) 
 B_SPLINE_CURVE_WITH_KNOTS ( ( 3, 2, 2, 2, 3 ),
 ( 0.4772727272727272900, 0.4848484848484848600, 0.5000000000000000000, 0.5151515151515151400, 0.5227272727272727100 ),
 .UNSPECIFIED. ) 
 CURVE ( )  GEOMETRIC_REPRESENTATION_ITEM ( )  RATIONAL_B_SPLINE_CURVE ( ( 0.9330127018922194100, 0.9330127018922194100, 1.000000000000000000, 0.8660254037844387100, 1.000000000000000000, 0.8660254037844387100, 1.000000000000000000, 0.9330127018922194100, 0.9330127018922194100 ) ) 
 REPRESENTATION_ITEM ( '' )  );
#2050 = CARTESIAN_POINT ( 'NONE',  ( 4.178175804906184300E-015, 4.518121212121202200, 2.336800000000000200 ) ) ;
#2051 = CARTESIAN_POINT ( 'NONE',  ( -1.349152109042313100, 4.581621212121202500, 2.336800000000004200 ) ) ;
#2052 = CARTESIAN_POINT ( 'NONE',  ( -2.023728163563475400, 4.645121212121202000, 1.168400000000005400 ) ) ;
#2053 = CARTESIAN_POINT ( 'NONE',  ( -2.336800000000000700, 4.674591664682449000, 0.6261436728730535000 ) ) ;
#2054 = CARTESIAN_POINT ( 'NONE',  ( -2.336800000000002000, 4.708621212121203200, -3.079417623425332900E-015 ) ) ;
#2055 = CARTESIAN_POINT ( 'NONE',  ( -4.040383514342186900, 6.349999999999997900, 4.947879323542625600E-016 ) ) ;
#2056 =( BOUNDED_CURVE ( )  B_SPLINE_CURVE ( 2, ( #2106, #2105, #2104, #2103, #2102, #2101, #2100, #2099, #2098 ),
 .UNSPECIFIED., .F., .T. ) 
 B_SPLINE_CURVE_WITH_KNOTS ( ( 3, 2, 2, 2, 3 ),
 ( 0.7045454545454545900, 0.7121212121212121500, 0.7272727272727272900, 0.7424242424242424300, 0.7500000000000000000 ),
 .UNSPECIFIED. ) 
 CURVE ( )  GEOMETRIC_REPRESENTATION_ITEM ( )  RATIONAL_B_SPLINE_CURVE ( ( 0.9330127018922194100, 0.9330127018922194100, 1.000000000000000000, 0.8660254037844387100, 1.000000000000000000, 0.8660254037844387100, 1.000000000000000000, 0.9330127018922194100, 0.9330127018922194100 ) ) 
 REPRESENTATION_ITEM ( '' )  );
#2057 = DIRECTION ( 'NONE',  ( 1.000000000000000000, 2.449212707644754000E-016, 0.0000000000000000000 ) ) ;
#2058 = DIRECTION ( 'NONE',  ( 2.449212707644754000E-016, -1.000000000000000000, -0.0000000000000000000 ) ) ;
#2059 = CARTESIAN_POINT ( 'NONE',  ( -2.336800000000002000, 0.8986212121212117100, 1.743066579297358300E-016 ) ) ;
#2060 = DIRECTION ( 'NONE',  ( 1.000000000000000000, 2.319843744619788400E-016, 0.0000000000000000000 ) ) ;
#2061 = DIRECTION ( 'NONE',  ( 2.449212707644754000E-016, -1.000000000000000000, -0.0000000000000000000 ) ) ;
#2062 = CARTESIAN_POINT ( 'NONE',  ( -1.244200055483533700E-016, 0.5079999999999994500, 0.0000000000000000000 ) ) ;
#2063 = AXIS2_PLACEMENT_3D ( 'NONE', #2062, #2061, #2060 ) ;
#2064 = CIRCLE ( 'NONE', #2063, 2.336800000000000200 ) ;
#2065 = LINE ( 'NONE', #2121, #2120 ) ;
#2066 = CARTESIAN_POINT ( 'NONE',  ( 4.178175804906184300E-015, 2.847878787878784100, 2.336800000000000200 ) ) ;
#2067 = CARTESIAN_POINT ( 'NONE',  ( 1.349152109042322900, 2.784378787878783800, 2.336799999999996200 ) ) ;
#2068 = CARTESIAN_POINT ( 'NONE',  ( 2.023728163563478500, 2.720878787878784300, 1.168399999999993700 ) ) ;
#2069 = CARTESIAN_POINT ( 'NONE',  ( -3.822700000000003300, 6.781799999999997800, 4.681302708756804000E-016 ) ) ;
#2070 = LINE ( 'NONE', #2069, #2114 ) ;
#2071 =( BOUNDED_CURVE ( )  B_SPLINE_CURVE ( 2, ( #2108, #2111, #2110, #2109, #2020, #2019, #2018, #2113, #2112 ),
 .UNSPECIFIED., .F., .T. ) 
 B_SPLINE_CURVE_WITH_KNOTS ( ( 3, 2, 2, 2, 3 ),
 ( 0.2954545454545455300, 0.3030303030303030400, 0.3181818181818181800, 0.3333333333333333700, 0.3409090909090909900 ),
 .UNSPECIFIED. ) 
 CURVE ( )  GEOMETRIC_REPRESENTATION_ITEM ( )  RATIONAL_B_SPLINE_CURVE ( ( 0.9330127018922194100, 0.9330127018922198500, 1.000000000000000000, 0.8660254037844387100, 1.000000000000000000, 0.8660254037844387100, 1.000000000000000000, 0.9330127018922188500, 0.9330127018922194100 ) ) 
 REPRESENTATION_ITEM ( '' )  );
#2072 = DIRECTION ( 'NONE',  ( 2.449212707644754000E-016, -1.000000000000000000, -0.0000000000000000000 ) ) ;
#2073 = VECTOR ( 'NONE', #2072, 1000.000000000000000 ) ;
#2074 = CARTESIAN_POINT ( 'NONE',  ( 2.336800000000000200, 5.723320255224261900E-016, 0.0000000000000000000 ) ) ;
#2075 = LINE ( 'NONE', #2074, #2073 ) ;
#2076 = CARTESIAN_POINT ( 'NONE',  ( 2.336799999999998900, 4.327621212121203900, 2.440293211016301600E-015 ) ) ;
#2077 = CARTESIAN_POINT ( 'NONE',  ( 2.336800000000000700, 4.361650759559955400, 0.6261436728730409600 ) ) ;
#2078 = CARTESIAN_POINT ( 'NONE',  ( 2.023728163563478500, 4.391121212121204200, 1.168399999999993700 ) ) ;
#2079 = CARTESIAN_POINT ( 'NONE',  ( 1.349152109042322900, 4.454621212121201900, 2.336799999999996200 ) ) ;
#2080 = DIRECTION ( 'NONE',  ( 0.0000000000000000000, 3.468166398206583900E-015, -1.000000000000000000 ) ) ;
#2081 = DIRECTION ( 'NONE',  ( 1.000000000000000000, -0.0000000000000000000, -0.0000000000000000000 ) ) ;
#2082 = CARTESIAN_POINT ( 'NONE',  ( 1.587499999999999900, -0.2540000000000007800, -4.902199999999997000 ) ) ;
#2083 = AXIS2_PLACEMENT_3D ( 'NONE', #2082, #2081, #2080 ) ;
#2084 = CYLINDRICAL_SURFACE ( 'NONE', #2083, 1.828800000000000200 ) ;
#2085 = FACE_OUTER_BOUND ( 'NONE', #688, .T. ) ;
#2086 = DIRECTION ( 'NONE',  ( 0.0000000000000000000, 8.537024980200825800E-016, -1.000000000000000000 ) ) ;
#2087 = DIRECTION ( 'NONE',  ( -1.000000000000000000, 0.0000000000000000000, 0.0000000000000000000 ) ) ;
#2088 = CARTESIAN_POINT ( 'NONE',  ( -1.587499999999999900, -0.2540000000000007800, -4.902199999999997000 ) ) ;
#2089 = AXIS2_PLACEMENT_3D ( 'NONE', #2088, #2087, #2086 ) ;
#2090 =( BOUNDED_CURVE ( )  B_SPLINE_CURVE ( 2, ( #2139, #2138, #2068, #2067, #2066, #2094, #2093, #2092, #2091 ),
 .UNSPECIFIED., .F., .T. ) 
 B_SPLINE_CURVE_WITH_KNOTS ( ( 3, 2, 2, 2, 3 ),
 ( 0.1590909090909091400, 0.1666666666666666900, 0.1818181818181818200, 0.1969696969696969600, 0.2045454545454545900 ),
 .UNSPECIFIED. ) 
 CURVE ( )  GEOMETRIC_REPRESENTATION_ITEM ( )  RATIONAL_B_SPLINE_CURVE ( ( 0.9330127018922194100, 0.9330127018922197400, 1.000000000000000000, 0.8660254037844387100, 1.000000000000000000, 0.8660254037844387100, 1.000000000000000000, 0.9330127018922189700, 0.9330127018922194100 ) ) 
 REPRESENTATION_ITEM ( '' )  );
#2091 = CARTESIAN_POINT ( 'NONE',  ( -2.336800000000002400, 3.038378787878784200, -8.715332896486792000E-016 ) ) ;
#2092 = CARTESIAN_POINT ( 'NONE',  ( -2.336800000000002400, 3.004349240440031400, 0.6261436728730502800 ) ) ;
#2093 = CARTESIAN_POINT ( 'NONE',  ( -2.023728163563475400, 2.974878787878783900, 1.168400000000005400 ) ) ;
#2094 = CARTESIAN_POINT ( 'NONE',  ( -1.349152109042313100, 2.911378787878784000, 2.336800000000004200 ) ) ;
#2095 = CARTESIAN_POINT ( 'NONE',  ( 2.336799999999998400, 4.977408335317530700, 0.6261436728730450700 ) ) ;
#2096 = CARTESIAN_POINT ( 'NONE',  ( 2.336799999999998900, 4.943378787878779200, 2.440293211016301600E-015 ) ) ;
#2097 =( BOUNDED_CURVE ( )  B_SPLINE_CURVE ( 2, ( #2096, #2095, #2137, #2136, #2135, #2134, #2133, #2132, #2131 ),
 .UNSPECIFIED., .F., .T. ) 
 B_SPLINE_CURVE_WITH_KNOTS ( ( 3, 2, 2, 2, 3 ),
 ( 0.4318181818181818800, 0.4393939393939393900, 0.4545454545454545900, 0.4696969696969697200, 0.4772727272727273500 ),
 .UNSPECIFIED. ) 
 CURVE ( )  GEOMETRIC_REPRESENTATION_ITEM ( )  RATIONAL_B_SPLINE_CURVE ( ( 0.9330127018922194100, 0.9330127018922198500, 1.000000000000000000, 0.8660254037844387100, 1.000000000000000000, 0.8660254037844387100, 1.000000000000000000, 0.9330127018922188500, 0.9330127018922194100 ) ) 
 REPRESENTATION_ITEM ( '' )  );
#2098 = CARTESIAN_POINT ( 'NONE',  ( 2.336799999999998900, 2.803621212121207400, 2.440293211016301600E-015 ) ) ;
#2099 = CARTESIAN_POINT ( 'NONE',  ( 2.336800000000000700, 2.837650759559958900, 0.6261436728730409600 ) ) ;
#2100 = CARTESIAN_POINT ( 'NONE',  ( 2.023728163563478500, 2.867121212121206400, 1.168399999999993700 ) ) ;
#2101 = CARTESIAN_POINT ( 'NONE',  ( 1.349152109042322900, 2.930621212121206300, 2.336799999999996200 ) ) ;
#2102 = CARTESIAN_POINT ( 'NONE',  ( 4.178175804906184300E-015, 2.994121212121206200, 2.336800000000000200 ) ) ;
#2103 = CARTESIAN_POINT ( 'NONE',  ( -1.349152109042313100, 3.057621212121206500, 2.336800000000004200 ) ) ;
#2104 = CARTESIAN_POINT ( 'NONE',  ( -2.023728163563475400, 3.121121212121206000, 1.168400000000005400 ) ) ;
#2105 = CARTESIAN_POINT ( 'NONE',  ( -2.336800000000000700, 3.150591664682453900, 0.6261436728730535000 ) ) ;
#2106 = CARTESIAN_POINT ( 'NONE',  ( -2.336800000000002000, 3.184621212121205900, -3.079417623425332900E-015 ) ) ;
#2107 = DIRECTION ( 'NONE',  ( -0.4501617574173565300, -0.8929470265132848400, 5.512709483811427400E-017 ) ) ;
#2108 = CARTESIAN_POINT ( 'NONE',  ( -2.336800000000002000, 3.800378787878782000, -3.079417623425332900E-015 ) ) ;
#2109 = CARTESIAN_POINT ( 'NONE',  ( -1.349152109042326000, 3.927378787878781800, -2.336799999999996200 ) ) ;
#2110 = CARTESIAN_POINT ( 'NONE',  ( -2.023728163563481200, 3.863878787878781900, -1.168399999999994800 ) ) ;
#2111 = CARTESIAN_POINT ( 'NONE',  ( -2.336800000000001100, 3.834408335317534000, -0.6261436728730457300 ) ) ;
#2112 = CARTESIAN_POINT ( 'NONE',  ( 2.336799999999998900, 4.181378787878781400, 2.440293211016301600E-015 ) ) ;
#2113 = CARTESIAN_POINT ( 'NONE',  ( 2.336799999999999800, 4.147349240440029000, -0.6261436728730500600 ) ) ;
#2114 = VECTOR ( 'NONE', #2107, 1000.000000000000000 ) ;
#2115 = CARTESIAN_POINT ( 'NONE',  ( 0.0000000000000000000, 0.0000000000000000000, 0.0000000000000000000 ) ) ;
#2116 = AXIS2_PLACEMENT_3D ( 'NONE', #2115, #2058, #2057 ) ;
#2117 = CYLINDRICAL_SURFACE ( 'NONE', #2116, 2.336800000000000200 ) ;
#2118 = FACE_OUTER_BOUND ( 'NONE', #548, .T. ) ;
#2119 = DIRECTION ( 'NONE',  ( 2.449212707644754000E-016, -1.000000000000000000, -0.0000000000000000000 ) ) ;
#2120 = VECTOR ( 'NONE', #2119, 1000.000000000000000 ) ;
#2121 = CARTESIAN_POINT ( 'NONE',  ( 2.336800000000000200, 5.723320255224261900E-016, 0.0000000000000000000 ) ) ;
#2122 = CIRCLE ( 'NONE', #2089, 0.2539999999999998900 ) ;
#2123 = DIRECTION ( 'NONE',  ( 2.449212707644754000E-016, -1.000000000000000000, -0.0000000000000000000 ) ) ;
#2124 = VECTOR ( 'NONE', #2123, 1000.000000000000000 ) ;
#2125 = CARTESIAN_POINT ( 'NONE',  ( 2.336800000000000200, 5.723320255224261900E-016, 0.0000000000000000000 ) ) ;
#2126 = LINE ( 'NONE', #2125, #2124 ) ;
#2127 = DIRECTION ( 'NONE',  ( -0.7071067811865513500, 0.7071067811865435800, 0.0000000000000000000 ) ) ;
#2128 = VECTOR ( 'NONE', #2127, 1000.000000000000100 ) ;
#2129 = CARTESIAN_POINT ( 'NONE',  ( -1.828799999999994900, -8.958240399481427400E-016, 0.0000000000000000000 ) ) ;
#2130 = LINE ( 'NONE', #2129, #2128 ) ;
#2131 = CARTESIAN_POINT ( 'NONE',  ( -2.336800000000002000, 5.324378787878778500, -3.079417623425332900E-015 ) ) ;
#2132 = CARTESIAN_POINT ( 'NONE',  ( -2.336800000000002900, 5.290349240440026100, 0.6261436728730494000 ) ) ;
#2133 = CARTESIAN_POINT ( 'NONE',  ( -2.023728163563475400, 5.260878787878778200, 1.168400000000005400 ) ) ;
#2134 = CARTESIAN_POINT ( 'NONE',  ( -1.349152109042313100, 5.197378787878777800, 2.336800000000004200 ) ) ;
#2135 = CARTESIAN_POINT ( 'NONE',  ( 4.178175804906184300E-015, 5.133878787878778400, 2.336800000000000200 ) ) ;
#2136 = CARTESIAN_POINT ( 'NONE',  ( 1.349152109042322900, 5.070378787878779800, 2.336799999999996200 ) ) ;
#2137 = CARTESIAN_POINT ( 'NONE',  ( 2.023728163563478500, 5.006878787878778600, 1.168399999999993700 ) ) ;
#2138 = CARTESIAN_POINT ( 'NONE',  ( 2.336799999999998900, 2.691408335317537300, 0.6261436728730440700 ) ) ;
#2139 = CARTESIAN_POINT ( 'NONE',  ( 2.336799999999998900, 2.657378787878785800, 2.324088772396477700E-016 ) ) ;
#2140 =( BOUNDED_CURVE ( )  B_SPLINE_CURVE ( 2, ( #2200, #2199, #2198, #2197, #2196, #2195, #2194, #2193, #2192 ),
 .UNSPECIFIED., .F., .F. ) 
 B_SPLINE_CURVE_WITH_KNOTS ( ( 3, 2, 2, 2, 3 ),
 ( 0.06818181818181821800, 0.07575757575757576000, 0.09090909090909091200, 0.1060606060606060600, 0.1136363636363636700 ),
 .UNSPECIFIED. ) 
 CURVE ( )  GEOMETRIC_REPRESENTATION_ITEM ( )  RATIONAL_B_SPLINE_CURVE ( ( 0.9330127018922193000, 0.9330127018922196300, 1.000000000000000000, 0.8660254037844387100, 1.000000000000000000, 0.8660254037844387100, 1.000000000000000000, 0.9330127018922189700, 0.9330127018922193000 ) ) 
 REPRESENTATION_ITEM ( '' )  );
#2141 = CARTESIAN_POINT ( 'NONE',  ( 2.336799999999998900, 1.895378787878787100, -8.134310703387671400E-016 ) ) ;
#2142 = CARTESIAN_POINT ( 'NONE',  ( 2.336799999999998400, 1.861349240440034000, -0.6261436728730515000 ) ) ;
#2143 = CARTESIAN_POINT ( 'NONE',  ( 2.023728163563471400, 1.831878787878786300, -1.168400000000006300 ) ) ;
#2144 = CARTESIAN_POINT ( 'NONE',  ( 1.349152109042309500, 1.768378787878786700, -2.336800000000004200 ) ) ;
#2145 = CARTESIAN_POINT ( 'NONE',  ( 2.336799999999998900, 6.467378787878775600, -6.623653001329960800E-015 ) ) ;
#2146 = CARTESIAN_POINT ( 'NONE',  ( 2.336799999999997100, 6.433349240440023200, -0.6261436728730542800 ) ) ;
#2147 = CARTESIAN_POINT ( 'NONE',  ( 2.023728163563471400, 6.403878787878776200, -1.168400000000006300 ) ) ;
#2148 = DIRECTION ( 'NONE',  ( 2.449212707644754000E-016, -1.000000000000000000, -0.0000000000000000000 ) ) ;
#2149 =( BOUNDED_CURVE ( )  B_SPLINE_CURVE ( 2, ( #2152, #2151, #2150, #2155, #2154, #2153, #2147, #2146, #2145 ),
 .UNSPECIFIED., .F., .F. ) 
 B_SPLINE_CURVE_WITH_KNOTS ( ( 3, 2, 2, 2, 3 ),
 ( 0.5681818181818182300, 0.5757575757575758000, 0.5909090909090909400, 0.6060606060606060800, 0.6136363636363636500 ),
 .UNSPECIFIED. ) 
 CURVE ( )  GEOMETRIC_REPRESENTATION_ITEM ( )  RATIONAL_B_SPLINE_CURVE ( ( 0.9330127018922194100, 0.9330127018922194100, 1.000000000000000000, 0.8660254037844387100, 1.000000000000000000, 0.8660254037844387100, 1.000000000000000000, 0.9330127018922194100, 0.9330127018922194100 ) ) 
 REPRESENTATION_ITEM ( '' )  );
#2150 = CARTESIAN_POINT ( 'NONE',  ( -2.023728163563481200, 6.149878787878775700, -1.168399999999994800 ) ) ;
#2151 = CARTESIAN_POINT ( 'NONE',  ( -2.336800000000003300, 6.120408335317527800, -0.6261436728730416200 ) ) ;
#2152 = CARTESIAN_POINT ( 'NONE',  ( -2.336800000000002000, 6.086378787878775400, 5.984528588920929500E-015 ) ) ;
#2153 = CARTESIAN_POINT ( 'NONE',  ( 1.349152109042309500, 6.340378787878775000, -2.336800000000004200 ) ) ;
#2154 = CARTESIAN_POINT ( 'NONE',  ( -7.574841956376235200E-015, 6.276878787878776400, -2.336800000000000200 ) ) ;
#2155 = CARTESIAN_POINT ( 'NONE',  ( -1.349152109042326000, 6.213378787878775200, -2.336799999999996200 ) ) ;
#2156 = CYLINDRICAL_SURFACE ( 'NONE', #2166, 2.336800000000000200 ) ;
#2157 = FACE_OUTER_BOUND ( 'NONE', #721, .T. ) ;
#2158 = DIRECTION ( 'NONE',  ( 2.449212707644754000E-016, -1.000000000000000000, -0.0000000000000000000 ) ) ;
#2159 = VECTOR ( 'NONE', #2158, 1000.000000000000000 ) ;
#2160 = CARTESIAN_POINT ( 'NONE',  ( 2.336800000000000200, 5.723320255224261900E-016, 0.0000000000000000000 ) ) ;
#2161 = LINE ( 'NONE', #2160, #2159 ) ;
#2162 = DIRECTION ( 'NONE',  ( 1.000000000000000000, 2.449212707644754000E-016, 0.0000000000000000000 ) ) ;
#2163 = DIRECTION ( 'NONE',  ( 2.449212707644754000E-016, -1.000000000000000000, -0.0000000000000000000 ) ) ;
#2164 = AXIS2_PLACEMENT_3D ( 'NONE', #2174, #2163, #2162 ) ;
#2165 = DIRECTION ( 'NONE',  ( 1.000000000000000000, 2.449212707644754000E-016, 0.0000000000000000000 ) ) ;
#2166 = AXIS2_PLACEMENT_3D ( 'NONE', #2167, #2148, #2165 ) ;
#2167 = CARTESIAN_POINT ( 'NONE',  ( 0.0000000000000000000, 0.0000000000000000000, 0.0000000000000000000 ) ) ;
#2168 = CARTESIAN_POINT ( 'NONE',  ( -7.574841956376235200E-015, 1.704878787878787000, -2.336800000000000200 ) ) ;
#2169 = CARTESIAN_POINT ( 'NONE',  ( -1.349152109042326000, 1.641378787878786700, -2.336799999999996200 ) ) ;
#2170 = CARTESIAN_POINT ( 'NONE',  ( -2.023728163563481200, 1.577878787878787000, -1.168399999999994800 ) ) ;
#2171 = CARTESIAN_POINT ( 'NONE',  ( -2.336800000000002000, 1.548408335317540000, -0.6261436728730444000 ) ) ;
#2172 = CARTESIAN_POINT ( 'NONE',  ( -2.336800000000002000, 1.514378787878787500, 1.743066579297358300E-016 ) ) ;
#2173 =( BOUNDED_CURVE ( )  B_SPLINE_CURVE ( 2, ( #2172, #2171, #2170, #2169, #2168, #2144, #2143, #2142, #2141 ),
 .UNSPECIFIED., .F., .T. ) 
 B_SPLINE_CURVE_WITH_KNOTS ( ( 3, 2, 2, 2, 3 ),
 ( 0.02272727272727276300, 0.03030303030303030400, 0.04545454545454545600, 0.06060606060606060800, 0.06818181818181821800 ),
 .UNSPECIFIED. ) 
 CURVE ( )  GEOMETRIC_REPRESENTATION_ITEM ( )  RATIONAL_B_SPLINE_CURVE ( ( 0.9330127018922193000, 0.9330127018922196300, 1.000000000000000000, 0.8660254037844387100, 1.000000000000000000, 0.8660254037844387100, 1.000000000000000000, 0.9330127018922189700, 0.9330127018922193000 ) ) 
 REPRESENTATION_ITEM ( '' )  );
#2174 = CARTESIAN_POINT ( 'NONE',  ( 0.0000000000000000000, 0.0000000000000000000, 0.0000000000000000000 ) ) ;
#2175 =( BOUNDED_CURVE ( )  B_SPLINE_CURVE ( 2, ( #2186, #2185, #2184, #2183, #2182, #2181, #2180, #2179, #2178 ),
 .UNSPECIFIED., .F., .T. ) 
 B_SPLINE_CURVE_WITH_KNOTS ( ( 3, 2, 2, 2, 3 ),
 ( 0.5681818181818181200, 0.5757575757575756900, 0.5909090909090908300, 0.6060606060606060800, 0.6136363636363635400 ),
 .UNSPECIFIED. ) 
 CURVE ( )  GEOMETRIC_REPRESENTATION_ITEM ( )  RATIONAL_B_SPLINE_CURVE ( ( 0.9330127018922194100, 0.9330127018922194100, 1.000000000000000000, 0.8660254037844387100, 1.000000000000000000, 0.8660254037844387100, 1.000000000000000000, 0.9330127018922203000, 0.9330127018922193000 ) ) 
 REPRESENTATION_ITEM ( '' )  );
#2176 = CYLINDRICAL_SURFACE ( 'NONE', #2164, 2.336800000000000200 ) ;
#2177 = FACE_OUTER_BOUND ( 'NONE', #519, .T. ) ;
#2178 = CARTESIAN_POINT ( 'NONE',  ( -2.336800000000002000, 3.946621212121205000, -3.079417623425332500E-015 ) ) ;
#2179 = CARTESIAN_POINT ( 'NONE',  ( -2.336799999999998400, 3.980650759559958300, -0.6261436728730501700 ) ) ;
#2180 = CARTESIAN_POINT ( 'NONE',  ( -2.023728163563481200, 4.010121212121204900, -1.168399999999994800 ) ) ;
#2181 = CARTESIAN_POINT ( 'NONE',  ( -1.349152109042326000, 4.073621212121204300, -2.336799999999996200 ) ) ;
#2182 = CARTESIAN_POINT ( 'NONE',  ( -7.574841956376235200E-015, 4.137121212121203800, -2.336800000000000200 ) ) ;
#2183 = CARTESIAN_POINT ( 'NONE',  ( 1.349152109042309500, 4.200621212121203200, -2.336800000000004200 ) ) ;
#2184 = CARTESIAN_POINT ( 'NONE',  ( 2.023728163563471400, 4.264121212121203500, -1.168400000000006300 ) ) ;
#2185 = CARTESIAN_POINT ( 'NONE',  ( 2.336799999999997100, 4.293591664682449700, -0.6261436728730542800 ) ) ;
#2186 = CARTESIAN_POINT ( 'NONE',  ( 2.336799999999998900, 4.327621212121203900, 2.440293211016301600E-015 ) ) ;
#2187 = CARTESIAN_POINT ( 'NONE',  ( -2.336800000000002000, 2.276378787878785600, 1.743066579297358300E-016 ) ) ;
#2188 = DIRECTION ( 'NONE',  ( 2.449212707644754000E-016, -1.000000000000000000, -0.0000000000000000000 ) ) ;
#2189 = VECTOR ( 'NONE', #2188, 1000.000000000000000 ) ;
#2190 = CARTESIAN_POINT ( 'NONE',  ( -2.336800000000000200, -5.723320255224261900E-016, 2.861660127612131500E-016 ) ) ;
#2191 = LINE ( 'NONE', #2190, #2189 ) ;
#2192 = CARTESIAN_POINT ( 'NONE',  ( -2.336800000000002000, 2.276378787878785600, 1.743066579297358300E-016 ) ) ;
#2193 = CARTESIAN_POINT ( 'NONE',  ( -2.336800000000001500, 2.242349240440033100, 0.6261436728730509500 ) ) ;
#2194 = CARTESIAN_POINT ( 'NONE',  ( -2.023728163563475400, 2.212878787878785700, 1.168400000000005400 ) ) ;
#2195 = CARTESIAN_POINT ( 'NONE',  ( -1.349152109042313100, 2.149378787878785800, 2.336800000000004200 ) ) ;
#2196 = CARTESIAN_POINT ( 'NONE',  ( 4.178175804906184300E-015, 2.085878787878785900, 2.336800000000000200 ) ) ;
#2197 = CARTESIAN_POINT ( 'NONE',  ( 1.349152109042322900, 2.022378787878786000, 2.336799999999996200 ) ) ;
#2198 = CARTESIAN_POINT ( 'NONE',  ( 2.023728163563478500, 1.958878787878786300, 1.168399999999993700 ) ) ;
#2199 = CARTESIAN_POINT ( 'NONE',  ( 2.336799999999999300, 1.929408335317539500, 0.6261436728730436200 ) ) ;
#2200 = CARTESIAN_POINT ( 'NONE',  ( 2.336799999999998900, 1.895378787878787100, -8.134310703387671400E-016 ) ) ;
#2201 = AXIS2_PLACEMENT_3D ( 'NONE', #2232, #2240, #2219 ) ;
#2202 = PRESENTATION_STYLE_ASSIGNMENT (( #2203 ) ) ;
#2203 = SURFACE_STYLE_USAGE ( .BOTH. , #2204 ) ;
#2204 = SURFACE_SIDE_STYLE ('',( #2205 ) ) ;
#2205 = SURFACE_STYLE_FILL_AREA ( #2206 ) ;
#2206 = FILL_AREA_STYLE ('',( #2211 ) ) ;
#2207 = DIRECTION ( 'NONE',  ( 3.671838701161644600E-015, 1.000000000000000000, 0.0000000000000000000 ) ) ;
#2208 = DIRECTION ( 'NONE',  ( 1.000000000000000000, -3.671838701161644600E-015, 0.0000000000000000000 ) ) ;
#2209 = CARTESIAN_POINT ( 'NONE',  ( 7.924799999999999400, 1.574799999999994400, -1.981199999999999900 ) ) ;
#2210 = AXIS2_PLACEMENT_3D ( 'NONE', #2209, #2208, #2207 ) ;
#2211 = FILL_AREA_STYLE_COLOUR ( '', #2212 ) ;
#2212 = COLOUR_RGB ( '',0.7960784313725489700, 0.8235294117647058400, 0.9372549019607843100 ) ;
#2213 = PLANE ( 'NONE',  #2210 ) ;
#2214 = FACE_OUTER_BOUND ( 'NONE', #234, .T. ) ;
#2215 = CARTESIAN_POINT ( 'NONE',  ( 1.828799999999994900, 0.0000000000000000000, 2.550610113741243700E-016 ) ) ;
#2216 = CARTESIAN_POINT ( 'NONE',  ( -2.336800000000002000, 5.324378787878779400, -3.079417623425332500E-015 ) ) ;
#2217 = CARTESIAN_POINT ( 'NONE',  ( 2.336799999999998900, 2.657378787878785300, 2.324088772396477700E-016 ) ) ;
#2218 = CARTESIAN_POINT ( 'NONE',  ( -2.336800000000002400, 3.038378787878784200, -8.715332896486792000E-016 ) ) ;
#2219 = DIRECTION ( 'NONE',  ( 1.000000000000000000, 2.449212707644754000E-016, 0.0000000000000000000 ) ) ;
#2220 = DIRECTION ( 'NONE',  ( 0.0000000000000000000, 0.0000000000000000000, -1.000000000000000000 ) ) ;
#2221 = DIRECTION ( 'NONE',  ( -1.000000000000000000, 0.0000000000000000000, 0.0000000000000000000 ) ) ;
#2222 = LINE ( 'NONE', #2259, #2258 ) ;
#2223 = CARTESIAN_POINT ( 'NONE',  ( 2.336799999999998900, 3.419378787878783100, 2.440293211016301600E-015 ) ) ;
#2224 = CARTESIAN_POINT ( 'NONE',  ( 2.336799999999998900, 3.419378787878783100, 2.440293211016301600E-015 ) ) ;
#2225 = CARTESIAN_POINT ( 'NONE',  ( 1.244600000000000600, -4.749799999999995100, 5.079999999999995600 ) ) ;
#2226 = PLANE ( 'NONE',  #2263 ) ;
#2227 = CARTESIAN_POINT ( 'NONE',  ( -2.336800000000002000, 3.800378787878782000, -3.079417623425332500E-015 ) ) ;
#2228 = DIRECTION ( 'NONE',  ( -3.669696886122087100E-016, -3.491483361109382100E-015, -1.000000000000000000 ) ) ;
#2229 = VECTOR ( 'NONE', #2228, 1000.000000000000000 ) ;
#2230 = CARTESIAN_POINT ( 'NONE',  ( 1.244600000000000600, -4.749799999999995100, 6.731000000000012300 ) ) ;
#2231 = LINE ( 'NONE', #2230, #2229 ) ;
#2232 = CARTESIAN_POINT ( 'NONE',  ( 0.0000000000000000000, 0.0000000000000000000, 0.0000000000000000000 ) ) ;
#2233 = CARTESIAN_POINT ( 'NONE',  ( -2.336800000000002900, 3.766349240440030100, 0.6261436728730494000 ) ) ;
#2234 = CARTESIAN_POINT ( 'NONE',  ( -2.023728163563475400, 3.736878787878781700, 1.168400000000005400 ) ) ;
#2235 = CARTESIAN_POINT ( 'NONE',  ( -1.349152109042313100, 3.673378787878781800, 2.336800000000004200 ) ) ;
#2236 = CARTESIAN_POINT ( 'NONE',  ( 4.178175804906184300E-015, 3.609878787878782400, 2.336800000000000200 ) ) ;
#2237 = CARTESIAN_POINT ( 'NONE',  ( 1.349152109042322900, 3.546378787878782500, 2.336799999999996200 ) ) ;
#2238 = CARTESIAN_POINT ( 'NONE',  ( 2.023728163563478500, 3.482878787878782600, 1.168399999999993700 ) ) ;
#2239 = CARTESIAN_POINT ( 'NONE',  ( 2.336799999999998400, 3.453408335317535100, 0.6261436728730450700 ) ) ;
#2240 = DIRECTION ( 'NONE',  ( 2.449212707644754000E-016, -1.000000000000000000, -0.0000000000000000000 ) ) ;
#2241 = FACE_OUTER_BOUND ( 'NONE', #537, .T. ) ;
#2242 = CYLINDRICAL_SURFACE ( 'NONE', #2201, 2.336800000000000200 ) ;
#2243 = CARTESIAN_POINT ( 'NONE',  ( -1.587499999999999900, -0.2540000000000007800, -4.902199999999997000 ) ) ;
#2244 = AXIS2_PLACEMENT_3D ( 'NONE', #2243, #2221, #2220 ) ;
#2245 = CIRCLE ( 'NONE', #2244, 1.828800000000000200 ) ;
#2246 = CARTESIAN_POINT ( 'NONE',  ( -2.336800000000002400, 2.422621212121208500, -8.715332896486792000E-016 ) ) ;
#2247 =( BOUNDED_CURVE ( )  B_SPLINE_CURVE ( 2, ( #2285, #2284, #2283, #2282, #2281, #2280, #2279, #2278, #2277 ),
 .UNSPECIFIED., .F., .T. ) 
 B_SPLINE_CURVE_WITH_KNOTS ( ( 3, 2, 2, 2, 3 ),
 ( 0.7954545454545454100, 0.8030303030303029800, 0.8181818181818181200, 0.8333333333333332600, 0.8409090909090908300 ),
 .UNSPECIFIED. ) 
 CURVE ( )  GEOMETRIC_REPRESENTATION_ITEM ( )  RATIONAL_B_SPLINE_CURVE ( ( 0.9330127018922194100, 0.9330127018922194100, 1.000000000000000000, 0.8660254037844387100, 1.000000000000000000, 0.8660254037844387100, 1.000000000000000000, 0.9330127018922198500, 0.9330127018922194100 ) ) 
 REPRESENTATION_ITEM ( '' )  );
#2248 = CARTESIAN_POINT ( 'NONE',  ( 2.336799999999998900, 2.041621212121209200, 2.324088772396477700E-016 ) ) ;
#2249 = DIRECTION ( 'NONE',  ( 1.000000000000000000, 2.449212707644754000E-016, 0.0000000000000000000 ) ) ;
#2250 = DIRECTION ( 'NONE',  ( 2.449212707644754000E-016, -1.000000000000000000, -0.0000000000000000000 ) ) ;
#2251 = AXIS2_PLACEMENT_3D ( 'NONE', #2253, #2250, #2249 ) ;
#2252 = CYLINDRICAL_SURFACE ( 'NONE', #2251, 2.336800000000000200 ) ;
#2253 = CARTESIAN_POINT ( 'NONE',  ( 0.0000000000000000000, 0.0000000000000000000, 0.0000000000000000000 ) ) ;
#2254 = FACE_OUTER_BOUND ( 'NONE', #480, .T. ) ;
#2255 = CARTESIAN_POINT ( 'NONE',  ( 2.336799999999998900, 5.089621212121201700, -6.623653001329960800E-015 ) ) ;
#2256 = CARTESIAN_POINT ( 'NONE',  ( -2.336800000000002000, 5.470621212121200100, 5.984528588920929500E-015 ) ) ;
#2257 = DIRECTION ( 'NONE',  ( 2.449212707644754000E-016, -1.000000000000000000, -0.0000000000000000000 ) ) ;
#2258 = VECTOR ( 'NONE', #2257, 1000.000000000000000 ) ;
#2259 = CARTESIAN_POINT ( 'NONE',  ( -2.336800000000000200, -5.723320255224261900E-016, 2.861660127612131500E-016 ) ) ;
#2260 = CARTESIAN_POINT ( 'NONE',  ( -2.336800000000002000, 3.800378787878782000, -3.079417623425332900E-015 ) ) ;
#2261 = DIRECTION ( 'NONE',  ( -0.1045284632676459800, -0.9945218953682740700, 0.0000000000000000000 ) ) ;
#2262 = DIRECTION ( 'NONE',  ( -0.9945218953682741800, 0.1045284632676459900, 0.0000000000000000000 ) ) ;
#2263 = AXIS2_PLACEMENT_3D ( 'NONE', #2225, #2262, #2261 ) ;
#2264 = DIRECTION ( 'NONE',  ( 2.449212707644754000E-016, -1.000000000000000000, -0.0000000000000000000 ) ) ;
#2265 = VECTOR ( 'NONE', #2264, 1000.000000000000000 ) ;
#2266 = CARTESIAN_POINT ( 'NONE',  ( -2.336800000000000200, -5.723320255224261900E-016, 2.861660127612131500E-016 ) ) ;
#2267 = LINE ( 'NONE', #2266, #2265 ) ;
#2268 = DIRECTION ( 'NONE',  ( 1.000000000000000000, 2.449212707644754000E-016, 0.0000000000000000000 ) ) ;
#2269 = DIRECTION ( 'NONE',  ( 2.449212707644754000E-016, -1.000000000000000000, -0.0000000000000000000 ) ) ;
#2270 = AXIS2_PLACEMENT_3D ( 'NONE', #2274, #2269, #2268 ) ;
#2271 = CYLINDRICAL_SURFACE ( 'NONE', #2270, 2.336800000000000200 ) ;
#2272 = CARTESIAN_POINT ( 'NONE',  ( 2.336799999999998900, 2.803621212121207400, 2.440293211016301600E-015 ) ) ;
#2273 = CARTESIAN_POINT ( 'NONE',  ( -2.336800000000002000, 3.184621212121205900, -3.079417623425332500E-015 ) ) ;
#2274 = CARTESIAN_POINT ( 'NONE',  ( 0.0000000000000000000, 0.0000000000000000000, 0.0000000000000000000 ) ) ;
#2275 = FACE_OUTER_BOUND ( 'NONE', #489, .T. ) ;
#2276 = CARTESIAN_POINT ( 'NONE',  ( -2.336800000000002000, 6.232621212121198800, -3.079417623425332500E-015 ) ) ;
#2277 = CARTESIAN_POINT ( 'NONE',  ( 2.336799999999998900, 2.041621212121209200, 2.324088772396477700E-016 ) ) ;
#2278 = CARTESIAN_POINT ( 'NONE',  ( 2.336799999999998400, 2.075650759559961600, 0.6261436728730450700 ) ) ;
#2279 = CARTESIAN_POINT ( 'NONE',  ( 2.023728163563478500, 2.105121212121208200, 1.168399999999993700 ) ) ;
#2280 = CARTESIAN_POINT ( 'NONE',  ( 1.349152109042322900, 2.168621212121208100, 2.336799999999996200 ) ) ;
#2281 = CARTESIAN_POINT ( 'NONE',  ( 4.178175804906184300E-015, 2.232121212121208000, 2.336800000000000200 ) ) ;
#2282 = CARTESIAN_POINT ( 'NONE',  ( -1.349152109042313100, 2.295621212121208300, 2.336800000000004200 ) ) ;
#2283 = CARTESIAN_POINT ( 'NONE',  ( -2.023728163563475400, 2.359121212121207700, 1.168400000000005400 ) ) ;
#2284 = CARTESIAN_POINT ( 'NONE',  ( -2.336800000000000700, 2.388591664682454800, 0.6261436728730535000 ) ) ;
#2285 = CARTESIAN_POINT ( 'NONE',  ( -2.336800000000002400, 2.422621212121209000, -8.715332896486792000E-016 ) ) ;
#2286 =( BOUNDED_CURVE ( )  B_SPLINE_CURVE ( 2, ( #2224, #2239, #2238, #2237, #2236, #2235, #2234, #2233, #2260 ),
 .UNSPECIFIED., .F., .T. ) 
 B_SPLINE_CURVE_WITH_KNOTS ( ( 3, 2, 2, 2, 3 ),
 ( 0.2500000000000000600, 0.2575757575757575700, 0.2727272727272727100, 0.2878787878787879000, 0.2954545454545455300 ),
 .UNSPECIFIED. ) 
 CURVE ( )  GEOMETRIC_REPRESENTATION_ITEM ( )  RATIONAL_B_SPLINE_CURVE ( ( 0.9330127018922194100, 0.9330127018922198500, 1.000000000000000000, 0.8660254037844387100, 1.000000000000000000, 0.8660254037844387100, 1.000000000000000000, 0.9330127018922188500, 0.9330127018922194100 ) ) 
 REPRESENTATION_ITEM ( '' )  );
#2287 = DIRECTION ( 'NONE',  ( 2.449212707644754000E-016, -1.000000000000000000, -0.0000000000000000000 ) ) ;
#2288 = VECTOR ( 'NONE', #2287, 1000.000000000000000 ) ;
#2289 = CARTESIAN_POINT ( 'NONE',  ( -2.336800000000000200, -5.723320255224261900E-016, 2.861660127612131500E-016 ) ) ;
#2290 = LINE ( 'NONE', #2289, #2288 ) ;
#2291 = CARTESIAN_POINT ( 'NONE',  ( 2.100717821959911600, 0.5922032370742936800, -1.212850000000001100 ) ) ;
#2292 = CARTESIAN_POINT ( 'NONE',  ( 1.400478547973274400, 0.5287032370742937900, -2.425699999999999500 ) ) ;
#2293 = CARTESIAN_POINT ( 'NONE',  ( -2.970527632466940300E-016, 0.4652032370742939000, -2.425700000000000000 ) ) ;
#2294 = CARTESIAN_POINT ( 'NONE',  ( -1.400478547973276200, 0.4017032370742941200, -2.425699999999999100 ) ) ;
#2295 = CARTESIAN_POINT ( 'NONE',  ( -2.100717821959912500, 0.3382032370742941700, -1.212849999999999500 ) ) ;
#2296 = DIRECTION ( 'NONE',  ( 2.449212707644754000E-016, -1.000000000000000000, -0.0000000000000000000 ) ) ;
#2297 = AXIS2_PLACEMENT_3D ( 'NONE', #2370, #2296, #2431 ) ;
#2298 = LINE ( 'NONE', #2430, #2429 ) ;
#2299 = CARTESIAN_POINT ( 'NONE',  ( 1.864246863149461100, 0.8889999999999987900, -1.076323428275258100 ) ) ;
#2300 = CARTESIAN_POINT ( 'NONE',  ( 1.242831242099640600, 0.8254999999999989000, -2.152646856550514400 ) ) ;
#2301 = CARTESIAN_POINT ( 'NONE',  ( -2.636145018067527700E-016, 0.7619999999999991200, -2.152646856550514400 ) ) ;
#2302 = CARTESIAN_POINT ( 'NONE',  ( -1.242831242099642100, 0.6984999999999993400, -2.152646856550513500 ) ) ;
#2303 = CARTESIAN_POINT ( 'NONE',  ( -1.864246863149461800, 0.6349999999999993400, -1.076323428275256700 ) ) ;
#2304 = CARTESIAN_POINT ( 'NONE',  ( -2.485662484199282000, 0.5714999999999994500, 1.521979035804177500E-016 ) ) ;
#2305 = CARTESIAN_POINT ( 'NONE',  ( -1.864246863149461500, 0.5079999999999996700, 1.076323428275257400 ) ) ;
#2306 = CARTESIAN_POINT ( 'NONE',  ( -1.242831242099640800, 0.4444999999999997800, 2.152646856550514400 ) ) ;
#2307 = CARTESIAN_POINT ( 'NONE',  ( 0.0000000000000000000, 0.3809999999999999500, 2.152646856550514400 ) ) ;
#2308 = DIRECTION ( 'NONE',  ( 0.1045284632676459800, 0.9945218953682740700, 0.0000000000000000000 ) ) ;
#2309 = DIRECTION ( 'NONE',  ( 0.9945218953682741800, -0.1045284632676459900, 0.0000000000000000000 ) ) ;
#2310 = CARTESIAN_POINT ( 'NONE',  ( 1.244600000000000600, -4.749799999999995100, -5.079999999999995600 ) ) ;
#2311 = AXIS2_PLACEMENT_3D ( 'NONE', #2310, #2309, #2308 ) ;
#2312 =( BOUNDED_SURFACE ( )  B_SPLINE_SURFACE ( 1, 2, ( 
 ( #2307, #2306, #2305, #2304, #2303, #2302, #2301, #2300, #2299, #2391, #2390, #2389, #2388 ),
 ( #2387, #2386, #2385, #2384, #2383, #2382, #2381, #2380, #2379, #2378, #2377, #2376, #2375 ) ),
 .UNSPECIFIED., .F., .F., .T. ) 
 B_SPLINE_SURFACE_WITH_KNOTS ( ( 2, 2 ),
 ( 3, 2, 2, 2, 2, 2, 3 ),
 ( 0.0000000000000000000, 1.000000000000000000 ),
 ( 0.0000000000000000000, 0.1666666666666666600, 0.3333333333333333100, 0.5000000000000000000, 0.6666666666666666300, 0.8333333333333332600, 1.000000000000000000 ),
 .UNSPECIFIED. ) 
 GEOMETRIC_REPRESENTATION_ITEM ( )  RATIONAL_B_SPLINE_SURFACE ( (
 ( 1.000000000000000000, 0.8660254037844387100, 1.000000000000000000, 0.8660254037844387100, 1.000000000000000000, 0.8660254037844387100, 1.000000000000000000, 0.8660254037844387100, 1.000000000000000000, 0.8660254037844387100, 1.000000000000000000, 0.8660254037844387100, 1.000000000000000000),
 ( 1.000000000000000000, 0.8660254037844387100, 1.000000000000000000, 0.8660254037844387100, 1.000000000000000000, 0.8660254037844387100, 1.000000000000000000, 0.8660254037844387100, 1.000000000000000000, 0.8660254037844387100, 1.000000000000000000, 0.8660254037844387100, 1.000000000000000000) ) ) 
 REPRESENTATION_ITEM ( '' )  SURFACE ( )  );
#2313 =( NAMED_UNIT ( * ) SI_UNIT ( $, .STERADIAN. ) SOLID_ANGLE_UNIT ( ) );
#2314 = PLANE ( 'NONE',  #2311 ) ;
#2315 = FACE_OUTER_BOUND ( 'NONE', #620, .T. ) ;
#2316 = DIRECTION ( 'NONE',  ( 0.0000000000000000000, -3.491483361109382100E-015, -1.000000000000000000 ) ) ;
#2317 = DIRECTION ( 'NONE',  ( 0.0000000000000000000, -1.000000000000000000, 3.491483361109382100E-015 ) ) ;
#2318 = AXIS2_PLACEMENT_3D ( 'NONE', #2321, #2317, #2316 ) ;
#2319 = FACE_OUTER_BOUND ( 'NONE', #613, .T. ) ;
#2320 = PRESENTATION_LAYER_ASSIGNMENT (  '', '', ( #1895 ) ) ;
#2321 = CARTESIAN_POINT ( 'NONE',  ( -1.587499999999999900, -4.749799999999995100, 6.731000000000013200 ) ) ;
#2322 = PLANE ( 'NONE',  #2318 ) ;
#2323 = DIRECTION ( 'NONE',  ( 0.0000000000000000000, 0.0000000000000000000, 1.000000000000000000 ) ) ;
#2324 = DIRECTION ( 'NONE',  ( -1.000000000000000000, 0.0000000000000000000, 0.0000000000000000000 ) ) ;
#2325 = AXIS2_PLACEMENT_3D ( 'NONE', #2327, #2324, #2323 ) ;
#2326 = FACE_OUTER_BOUND ( 'NONE', #711, .T. ) ;
#2327 = CARTESIAN_POINT ( 'NONE',  ( -1.587499999999999900, -0.2540000000000007800, -4.902199999999997000 ) ) ;
#2328 = PLANE ( 'NONE',  #2325 ) ;
#2329 = FACE_OUTER_BOUND ( 'NONE', #718, .T. ) ;
#2330 = DIRECTION ( 'NONE',  ( -3.669696886122097000E-016, 3.491483361109382500E-015, 1.000000000000000000 ) ) ;
#2331 = VECTOR ( 'NONE', #2330, 1000.000000000000000 ) ;
#2332 = CARTESIAN_POINT ( 'NONE',  ( -1.244599999999999300, -4.749799999999995100, 6.731000000000013200 ) ) ;
#2333 = LINE ( 'NONE', #2332, #2331 ) ;
#2334 = UNCERTAINTY_MEASURE_WITH_UNIT (LENGTH_MEASURE( 1.000000000000000100E-005 ), #2467, 'distance_accuracy_value', 'NONE');
#2335 = CARTESIAN_POINT ( 'NONE',  ( -2.956825597083892300E-014, 0.8462032370742946800, 2.425700000000000000 ) ) ;
#2336 = DIRECTION ( 'NONE',  ( 0.1045284632676462700, -0.9945218953682741800, 0.0000000000000000000 ) ) ;
#2337 = DIRECTION ( 'NONE',  ( -0.9945218953682741800, -0.1045284632676462700, 0.0000000000000000000 ) ) ;
#2338 = CARTESIAN_POINT ( 'NONE',  ( -1.244599999999999300, -4.749799999999995100, -5.079999999999995600 ) ) ;
#2339 = LINE ( 'NONE', #2335, #2374 ) ;
#2340 = AXIS2_PLACEMENT_3D ( 'NONE', #2338, #2337, #2336 ) ;
#2341 = FACE_OUTER_BOUND ( 'NONE', #631, .T. ) ;
#2342 = DIRECTION ( 'NONE',  ( 1.218957660503727800E-014, 0.0000000000000000000, -1.000000000000000000 ) ) ;
#2343 = DIRECTION ( 'NONE',  ( 1.000000000000000000, 0.0000000000000000000, 1.218957660503727800E-014 ) ) ;
#2344 = CARTESIAN_POINT ( 'NONE',  ( -2.623985376151518900E-014, 1.143000000000000000, 2.152646856550514400 ) ) ;
#2345 = AXIS2_PLACEMENT_3D ( 'NONE', #2344, #2343, #2342 ) ;
#2346 = PLANE ( 'NONE',  #2345 ) ;
#2347 = PLANE ( 'NONE',  #2340 ) ;
#2348 = FACE_OUTER_BOUND ( 'NONE', #629, .T. ) ;
#2349 = DIRECTION ( 'NONE',  ( 0.0000000000000000000, 0.7359308615780927300, -0.6770566940640392300 ) ) ;
#2350 = VECTOR ( 'NONE', #2349, 1000.000000000000100 ) ;
#2351 = CARTESIAN_POINT ( 'NONE',  ( 0.0000000000000000000, 0.08420323707429475100, 2.425700000000000000 ) ) ;
#2352 = LINE ( 'NONE', #2351, #2350 ) ;
#2353 = DIRECTION ( 'NONE',  ( -8.253034438246894600E-015, 0.7359308615780927300, 0.6770566940640391200 ) ) ;
#2354 = VECTOR ( 'NONE', #2353, 1000.000000000000100 ) ;
#2355 = CARTESIAN_POINT ( 'NONE',  ( -2.956825597083892300E-014, 1.439796762925705100, 2.425700000000000000 ) ) ;
#2356 = LINE ( 'NONE', #2355, #2354 ) ;
#2357 = DIRECTION ( 'NONE',  ( 0.0000000000000000000, 3.414809992080330300E-015, -1.000000000000000000 ) ) ;
#2358 = DIRECTION ( 'NONE',  ( 1.000000000000000000, -0.0000000000000000000, -0.0000000000000000000 ) ) ;
#2359 = CARTESIAN_POINT ( 'NONE',  ( 1.587499999999999900, -0.2540000000000007800, -4.902199999999997000 ) ) ;
#2360 = AXIS2_PLACEMENT_3D ( 'NONE', #2359, #2358, #2357 ) ;
#2361 = CYLINDRICAL_SURFACE ( 'NONE', #2360, 0.2539999999999998900 ) ;
#2362 = FACE_OUTER_BOUND ( 'NONE', #610, .T. ) ;
#2363 = DIRECTION ( 'NONE',  ( 0.0000000000000000000, 0.7359308615780927300, 0.6770566940640391200 ) ) ;
#2364 = VECTOR ( 'NONE', #2363, 1000.000000000000100 ) ;
#2365 = CARTESIAN_POINT ( 'NONE',  ( 0.0000000000000000000, 0.6777967629257053400, 2.425700000000000000 ) ) ;
#2366 = LINE ( 'NONE', #2365, #2364 ) ;
#2367 = CIRCLE ( 'NONE', #2297, 1.828799999999994900 ) ;
#2368 =( BOUNDED_SURFACE ( )  B_SPLINE_SURFACE ( 1, 2, ( 
 ( #2489, #2488, #2487, #2486, #2295, #2294, #2293, #2292, #2291, #2448, #2447, #2446, #2445 ),
 ( #2444, #2443, #2442, #2441, #2440, #2439, #2438, #2437, #2436, #2435, #2434, #2433, #2432 ) ),
 .UNSPECIFIED., .F., .F., .T. ) 
 B_SPLINE_SURFACE_WITH_KNOTS ( ( 2, 2 ),
 ( 3, 2, 2, 2, 2, 2, 3 ),
 ( 0.0000000000000000000, 1.000000000000000000 ),
 ( 0.0000000000000000000, 0.1666666666666666600, 0.3333333333333333100, 0.5000000000000000000, 0.6666666666666666300, 0.8333333333333332600, 1.000000000000000000 ),
 .UNSPECIFIED. ) 
 GEOMETRIC_REPRESENTATION_ITEM ( )  RATIONAL_B_SPLINE_SURFACE ( (
 ( 1.000000000000000000, 0.8660254037844387100, 1.000000000000000000, 0.8660254037844387100, 1.000000000000000000, 0.8660254037844387100, 1.000000000000000000, 0.8660254037844387100, 1.000000000000000000, 0.8660254037844387100, 1.000000000000000000, 0.8660254037844387100, 1.000000000000000000),
 ( 1.000000000000000000, 0.8660254037844387100, 1.000000000000000000, 0.8660254037844387100, 1.000000000000000000, 0.8660254037844387100, 1.000000000000000000, 0.8660254037844387100, 1.000000000000000000, 0.8660254037844387100, 1.000000000000000000, 0.8660254037844387100, 1.000000000000000000) ) ) 
 REPRESENTATION_ITEM ( '' )  SURFACE ( )  );
#2369 = CARTESIAN_POINT ( 'NONE',  ( -1.285631237895084100E-014, 1.142999999999999100, 2.152646856550514400 ) ) ;
#2370 = CARTESIAN_POINT ( 'NONE',  ( 1.097031811227326300E-031, -4.479120199740713700E-016, 0.0000000000000000000 ) ) ;
#2371 = CARTESIAN_POINT ( 'NONE',  ( 2.336799999999998900, 4.943378787878779200, 2.440293211016301600E-015 ) ) ;
#2372 = FACE_OUTER_BOUND ( 'NONE', #637, .T. ) ;
#2373 = DIRECTION ( 'NONE',  ( 8.253034438246894600E-015, 0.7359308615780927300, -0.6770566940640392300 ) ) ;
#2374 = VECTOR ( 'NONE', #2373, 1000.000000000000100 ) ;
#2375 = CARTESIAN_POINT ( 'NONE',  ( 0.0000000000000000000, 1.439796762925703600, 2.425700000000000000 ) ) ;
#2376 = CARTESIAN_POINT ( 'NONE',  ( 1.400478547973276400, 1.376296762925703900, 2.425699999999999100 ) ) ;
#2377 = CARTESIAN_POINT ( 'NONE',  ( 2.100717821959913400, 1.312796762925704000, 1.212849999999998400 ) ) ;
#2378 = CARTESIAN_POINT ( 'NONE',  ( 2.800957095946550200, 1.249296762925703900, -5.145104784720029200E-016 ) ) ;
#2379 = CARTESIAN_POINT ( 'NONE',  ( 2.100717821959911600, 1.185796762925704200, -1.212850000000001100 ) ) ;
#2380 = CARTESIAN_POINT ( 'NONE',  ( 1.400478547973274400, 1.122296762925704300, -2.425699999999999500 ) ) ;
#2381 = CARTESIAN_POINT ( 'NONE',  ( -2.970527632466940300E-016, 1.058796762925704500, -2.425700000000000000 ) ) ;
#2382 = CARTESIAN_POINT ( 'NONE',  ( -1.400478547973276200, 0.9952967629257045700, -2.425699999999999100 ) ) ;
#2383 = CARTESIAN_POINT ( 'NONE',  ( -2.100717821959912500, 0.9317967629257047900, -1.212849999999999500 ) ) ;
#2384 = CARTESIAN_POINT ( 'NONE',  ( -2.800957095946550200, 0.8682967629257049000, 1.715034928240009600E-016 ) ) ;
#2385 = CARTESIAN_POINT ( 'NONE',  ( -2.100717821959912500, 0.8047967629257050100, 1.212850000000000200 ) ) ;
#2386 = CARTESIAN_POINT ( 'NONE',  ( -1.400478547973274900, 0.7412967629257050100, 2.425699999999999500 ) ) ;
#2387 = CARTESIAN_POINT ( 'NONE',  ( 0.0000000000000000000, 0.6777967629257053400, 2.425700000000000000 ) ) ;
#2388 = CARTESIAN_POINT ( 'NONE',  ( 0.0000000000000000000, 1.142999999999998200, 2.152646856550514400 ) ) ;
#2389 = CARTESIAN_POINT ( 'NONE',  ( 1.242831242099642100, 1.079499999999998300, 2.152646856550513500 ) ) ;
#2390 = CARTESIAN_POINT ( 'NONE',  ( 1.864246863149462600, 1.015999999999998700, 1.076323428275255600 ) ) ;
#2391 = CARTESIAN_POINT ( 'NONE',  ( 2.485662484199282000, 0.9524999999999987900, -4.565937107412533600E-016 ) ) ;
#2392 = CIRCLE ( 'NONE', #2483, 0.3074343650314543800 ) ;
#2393 = DIRECTION ( 'NONE',  ( -1.000000000000000000, -2.449212707644754000E-016, 0.0000000000000000000 ) ) ;
#2394 = DIRECTION ( 'NONE',  ( -2.449212707644754000E-016, 1.000000000000000000, 0.0000000000000000000 ) ) ;
#2395 = CARTESIAN_POINT ( 'NONE',  ( 1.097031811227326300E-031, -4.479120199740713700E-016, 0.0000000000000000000 ) ) ;
#2396 = DIRECTION ( 'NONE',  ( 2.449212707644754000E-016, -1.000000000000000000, -0.0000000000000000000 ) ) ;
#2397 = AXIS2_PLACEMENT_3D ( 'NONE', #2399, #2396, #2552 ) ;
#2398 =( BOUNDED_CURVE ( )  B_SPLINE_CURVE ( 2, ( #2699, #2722, #2687, #2688, #2712 ),
 .UNSPECIFIED., .F., .T. ) 
 B_SPLINE_CURVE_WITH_KNOTS ( ( 3, 2, 3 ),
 ( 0.9772727272727272900, 0.9848484848484848600, 1.000000000000000000 ),
 .UNSPECIFIED. ) 
 CURVE ( )  GEOMETRIC_REPRESENTATION_ITEM ( )  RATIONAL_B_SPLINE_CURVE ( ( 0.9330127018922194100, 0.9330127018922194100, 1.000000000000000000, 0.8660254037844387100, 1.000000000000000000 ) ) 
 REPRESENTATION_ITEM ( '' )  );
#2399 = CARTESIAN_POINT ( 'NONE',  ( -4.065758146820641600E-017, 0.1404581421097176600, 0.0000000000000000000 ) ) ;
#2400 = DIRECTION ( 'NONE',  ( 1.000000000000000000, 2.449212707644754000E-016, 0.0000000000000000000 ) ) ;
#2401 = DIRECTION ( 'NONE',  ( 2.449212707644754000E-016, -1.000000000000000000, -0.0000000000000000000 ) ) ;
#2402 = DIRECTION ( 'NONE',  ( 1.000000000000000000, 2.449212707644754000E-016, 0.0000000000000000000 ) ) ;
#2403 = DIRECTION ( 'NONE',  ( 2.449212707644754000E-016, -1.000000000000000000, -0.0000000000000000000 ) ) ;
#2404 = CARTESIAN_POINT ( 'NONE',  ( 0.0000000000000000000, 0.0000000000000000000, 0.0000000000000000000 ) ) ;
#2405 = AXIS2_PLACEMENT_3D ( 'NONE', #2404, #2403, #2402 ) ;
#2406 = CARTESIAN_POINT ( 'NONE',  ( -1.828799999999994900, -8.958240399481427400E-016, 0.0000000000000000000 ) ) ;
#2407 = CYLINDRICAL_SURFACE ( 'NONE', #2405, 2.336800000000000200 ) ;
#2408 = DIRECTION ( 'NONE',  ( 1.000000000000000000, 2.449212707644754000E-016, 0.0000000000000000000 ) ) ;
#2409 = DIRECTION ( 'NONE',  ( 2.449212707644754000E-016, -1.000000000000000000, -0.0000000000000000000 ) ) ;
#2410 = CARTESIAN_POINT ( 'NONE',  ( 0.0000000000000000000, 0.0000000000000000000, 0.0000000000000000000 ) ) ;
#2411 = FACE_OUTER_BOUND ( 'NONE', #656, .T. ) ;
#2412 = CONICAL_SURFACE ( 'NONE', #2414, 1.828799999999994900, 0.7853981633974535000 ) ;
#2413 = CARTESIAN_POINT ( 'NONE',  ( 0.3074343650314533800, 7.111999999999999200, 3.764860768008677300E-017 ) ) ;
#2414 = AXIS2_PLACEMENT_3D ( 'NONE', #2395, #2394, #2393 ) ;
#2415 = CARTESIAN_POINT ( 'NONE',  ( -1.285631237895084100E-014, 1.142999999999999100, 2.152646856550514400 ) ) ;
#2416 = CARTESIAN_POINT ( 'NONE',  ( 1.242831242099641900, 1.079499999999998300, 2.152646856550513500 ) ) ;
#2417 = CARTESIAN_POINT ( 'NONE',  ( 1.864246863149462600, 1.015999999999998700, 1.076323428275255600 ) ) ;
#2418 = CARTESIAN_POINT ( 'NONE',  ( 2.485662484199282000, 0.9524999999999985700, -4.565937107412533600E-016 ) ) ;
#2419 = CARTESIAN_POINT ( 'NONE',  ( 1.864246863149461300, 0.8889999999999989000, -1.076323428275258100 ) ) ;
#2420 = CARTESIAN_POINT ( 'NONE',  ( 1.242831242099640800, 0.8254999999999990100, -2.152646856550514400 ) ) ;
#2421 = CARTESIAN_POINT ( 'NONE',  ( -2.636145018067527700E-016, 0.7619999999999992300, -2.152646856550514400 ) ) ;
#2422 = CARTESIAN_POINT ( 'NONE',  ( -1.242831242099641900, 0.6984999999999992300, -2.152646856550513500 ) ) ;
#2423 = CARTESIAN_POINT ( 'NONE',  ( -1.864246863149462000, 0.6349999999999994500, -1.076323428275256700 ) ) ;
#2424 = PLANE ( 'NONE',  #2475 ) ;
#2425 = AXIS2_PLACEMENT_3D ( 'NONE', #2410, #2409, #2408 ) ;
#2426 = CYLINDRICAL_SURFACE ( 'NONE', #2425, 2.336800000000000200 ) ;
#2427 = FACE_OUTER_BOUND ( 'NONE', #653, .T. ) ;
#2428 = DIRECTION ( 'NONE',  ( 2.449212707644754000E-016, -1.000000000000000000, -0.0000000000000000000 ) ) ;
#2429 = VECTOR ( 'NONE', #2428, 1000.000000000000000 ) ;
#2430 = CARTESIAN_POINT ( 'NONE',  ( 2.336800000000000200, 5.723320255224261900E-016, 0.0000000000000000000 ) ) ;
#2431 = DIRECTION ( 'NONE',  ( 1.000000000000000000, 2.449212707644754000E-016, 0.0000000000000000000 ) ) ;
#2432 = CARTESIAN_POINT ( 'NONE',  ( 0.0000000000000000000, 1.142999999999998200, 2.152646856550514400 ) ) ;
#2433 = CARTESIAN_POINT ( 'NONE',  ( 1.242831242099642100, 1.079499999999998300, 2.152646856550513500 ) ) ;
#2434 = CARTESIAN_POINT ( 'NONE',  ( 1.864246863149462600, 1.015999999999998700, 1.076323428275255600 ) ) ;
#2435 = CARTESIAN_POINT ( 'NONE',  ( 2.485662484199282000, 0.9524999999999987900, -4.565937107412533600E-016 ) ) ;
#2436 = CARTESIAN_POINT ( 'NONE',  ( 1.864246863149461100, 0.8889999999999987900, -1.076323428275258100 ) ) ;
#2437 = CARTESIAN_POINT ( 'NONE',  ( 1.242831242099640600, 0.8254999999999989000, -2.152646856550514400 ) ) ;
#2438 = CARTESIAN_POINT ( 'NONE',  ( -2.636145018067527700E-016, 0.7619999999999991200, -2.152646856550514400 ) ) ;
#2439 = CARTESIAN_POINT ( 'NONE',  ( -1.242831242099642100, 0.6984999999999993400, -2.152646856550513500 ) ) ;
#2440 = CARTESIAN_POINT ( 'NONE',  ( -1.864246863149461800, 0.6349999999999993400, -1.076323428275256700 ) ) ;
#2441 = CARTESIAN_POINT ( 'NONE',  ( -2.485662484199282000, 0.5714999999999994500, 1.521979035804177500E-016 ) ) ;
#2442 = CARTESIAN_POINT ( 'NONE',  ( -1.864246863149461500, 0.5079999999999996700, 1.076323428275257400 ) ) ;
#2443 = CARTESIAN_POINT ( 'NONE',  ( -1.242831242099640800, 0.4444999999999997800, 2.152646856550514400 ) ) ;
#2444 = CARTESIAN_POINT ( 'NONE',  ( 0.0000000000000000000, 0.3809999999999999500, 2.152646856550514400 ) ) ;
#2445 = CARTESIAN_POINT ( 'NONE',  ( 0.0000000000000000000, 0.8462032370742931200, 2.425700000000000000 ) ) ;
#2446 = CARTESIAN_POINT ( 'NONE',  ( 1.400478547973276400, 0.7827032370742932300, 2.425699999999999100 ) ) ;
#2447 = CARTESIAN_POINT ( 'NONE',  ( 2.100717821959913400, 0.7192032370742934600, 1.212849999999998400 ) ) ;
#2448 = CARTESIAN_POINT ( 'NONE',  ( 2.800957095946550200, 0.6557032370742934500, -5.145104784720029200E-016 ) ) ;
#2449 = DIRECTION ( 'NONE',  ( 0.0000000000000000000, 0.0000000000000000000, -1.000000000000000000 ) ) ;
#2450 = DIRECTION ( 'NONE',  ( 1.000000000000000000, -0.0000000000000000000, -0.0000000000000000000 ) ) ;
#2451 = CARTESIAN_POINT ( 'NONE',  ( 1.587499999999999900, -0.2540000000000007800, -4.902199999999997000 ) ) ;
#2452 = AXIS2_PLACEMENT_3D ( 'NONE', #2451, #2450, #2449 ) ;
#2453 = CIRCLE ( 'NONE', #2452, 1.828800000000000200 ) ;
#2454 = DIRECTION ( 'NONE',  ( -0.1045284632676459800, -0.9945218953682740700, 3.450586246378542100E-015 ) ) ;
#2455 = VECTOR ( 'NONE', #2454, 1000.000000000000100 ) ;
#2456 = CARTESIAN_POINT ( 'NONE',  ( 1.707425384542171000, -0.3463106127997447900, 5.156199999999997500 ) ) ;
#2457 = LINE ( 'NONE', #2456, #2455 ) ;
#2458 = DIRECTION ( 'NONE',  ( -0.1045284632676462700, 0.9945218953682741800, -3.450586246378542500E-015 ) ) ;
#2459 = VECTOR ( 'NONE', #2458, 999.9999999999998900 ) ;
#2460 = CARTESIAN_POINT ( 'NONE',  ( -1.742116068377250300, -0.01625080362657530300, 5.156199999999996600 ) ) ;
#2461 = LINE ( 'NONE', #2460, #2459 ) ;
#2462 = DIRECTION ( 'NONE',  ( 0.0000000000000000000, 0.0000000000000000000, -1.000000000000000000 ) ) ;
#2463 = DIRECTION ( 'NONE',  ( 1.000000000000000000, 0.0000000000000000000, 0.0000000000000000000 ) ) ;
#2464 = CARTESIAN_POINT ( 'NONE',  ( 0.0000000000000000000, 0.3809999999999999500, 2.152646856550514400 ) ) ;
#2465 = CARTESIAN_POINT ( 'NONE',  ( 0.0000000000000000000, 0.3810000000000000100, 2.152646856550514400 ) ) ;
#2466 = MECHANICAL_DESIGN_GEOMETRIC_PRESENTATION_REPRESENTATION (  '', ( #1895 ), #2485 ) ;
#2467 =( LENGTH_UNIT ( ) NAMED_UNIT ( * ) SI_UNIT ( .MILLI., .METRE. ) );
#2468 =( NAMED_UNIT ( * ) PLANE_ANGLE_UNIT ( ) SI_UNIT ( $, .RADIAN. ) );
#2469 = CARTESIAN_POINT ( 'NONE',  ( -2.485662484199282000, 0.5714999999999995600, 1.521979035804177500E-016 ) ) ;
#2470 = CARTESIAN_POINT ( 'NONE',  ( -1.864246863149461500, 0.5079999999999997900, 1.076323428275257400 ) ) ;
#2471 = CARTESIAN_POINT ( 'NONE',  ( -1.242831242099641000, 0.4444999999999998400, 2.152646856550514400 ) ) ;
#2472 = CARTESIAN_POINT ( 'NONE',  ( 0.0000000000000000000, 0.3810000000000000100, 2.152646856550514400 ) ) ;
#2473 = FACE_OUTER_BOUND ( 'NONE', #615, .T. ) ;
#2474 =( BOUNDED_CURVE ( )  B_SPLINE_CURVE ( 2, ( #2472, #2471, #2470, #2469, #2423, #2422, #2421, #2420, #2419, #2418, #2417, #2416, #2415 ),
 .UNSPECIFIED., .F., .T. ) 
 B_SPLINE_CURVE_WITH_KNOTS ( ( 3, 2, 2, 2, 2, 2, 3 ),
 ( 0.0000000000000000000, 0.1666666666666666600, 0.3333333333333333100, 0.5000000000000000000, 0.6666666666666666300, 0.8333333333333332600, 1.000000000000000000 ),
 .UNSPECIFIED. ) 
 CURVE ( )  GEOMETRIC_REPRESENTATION_ITEM ( )  RATIONAL_B_SPLINE_CURVE ( ( 1.000000000000000000, 0.8660254037844387100, 1.000000000000000000, 0.8660254037844387100, 1.000000000000000000, 0.8660254037844387100, 1.000000000000000000, 0.8660254037844387100, 1.000000000000000000, 0.8660254037844387100, 1.000000000000000000, 0.8660254037844387100, 1.000000000000000000 ) ) 
 REPRESENTATION_ITEM ( '' )  );
#2475 = AXIS2_PLACEMENT_3D ( 'NONE', #2464, #2463, #2462 ) ;
#2476 = DIRECTION ( 'NONE',  ( -0.7101427959071607800, 0.7040576747832244500, 0.0000000000000000000 ) ) ;
#2477 = VECTOR ( 'NONE', #2476, 1000.000000000000000 ) ;
#2478 = CARTESIAN_POINT ( 'NONE',  ( -2.521136606623060100, 9.306733315412177600, 0.0000000000000000000 ) ) ;
#2479 = LINE ( 'NONE', #2478, #2477 ) ;
#2480 = DIRECTION ( 'NONE',  ( 0.0000000000000000000, 0.0000000000000000000, -1.000000000000000000 ) ) ;
#2481 = DIRECTION ( 'NONE',  ( 0.0000000000000000000, -1.000000000000000000, 0.0000000000000000000 ) ) ;
#2482 = CARTESIAN_POINT ( 'NONE',  ( -2.279416950276829900E-015, 7.111999999999999200, 4.615888686861948400E-016 ) ) ;
#2483 = AXIS2_PLACEMENT_3D ( 'NONE', #2482, #2481, #2480 ) ;
#2484 = FACE_OUTER_BOUND ( 'NONE', #574, .T. ) ;
#2485 =( GEOMETRIC_REPRESENTATION_CONTEXT ( 3 ) GLOBAL_UNCERTAINTY_ASSIGNED_CONTEXT ( ( #2334 ) ) GLOBAL_UNIT_ASSIGNED_CONTEXT ( ( #2467, #2468, #2313 ) ) REPRESENTATION_CONTEXT ( 'NONE', 'WORKASPACE' ) );
#2486 = CARTESIAN_POINT ( 'NONE',  ( -2.800957095946550200, 0.2747032370742943400, 1.715034928240009600E-016 ) ) ;
#2487 = CARTESIAN_POINT ( 'NONE',  ( -2.100717821959912500, 0.2112032370742944800, 1.212850000000000200 ) ) ;
#2488 = CARTESIAN_POINT ( 'NONE',  ( -1.400478547973274900, 0.1477032370742945900, 2.425699999999999500 ) ) ;
#2489 = CARTESIAN_POINT ( 'NONE',  ( 0.0000000000000000000, 0.08420323707429475100, 2.425700000000000000 ) ) ;
#2490 = DIRECTION ( 'NONE',  ( 1.000000000000000000, 2.449212707644754000E-016, 0.0000000000000000000 ) ) ;
#2491 = DIRECTION ( 'NONE',  ( 2.449212707644754000E-016, -1.000000000000000000, -0.0000000000000000000 ) ) ;
#2492 = CARTESIAN_POINT ( 'NONE',  ( 0.0000000000000000000, 0.0000000000000000000, 0.0000000000000000000 ) ) ;
#2493 = AXIS2_PLACEMENT_3D ( 'NONE', #2492, #2491, #2490 ) ;
#2494 = CARTESIAN_POINT ( 'NONE',  ( 2.336799999999998900, 4.943378787878779200, 2.440293211016301600E-015 ) ) ;
#2495 = CARTESIAN_POINT ( 'NONE',  ( 2.336799999999999800, 4.909349240440027600, -0.6261436728730500600 ) ) ;
#2496 = CARTESIAN_POINT ( 'NONE',  ( 2.023728163563471400, 4.879878787878779700, -1.168400000000006300 ) ) ;
#2497 = CARTESIAN_POINT ( 'NONE',  ( 1.349152109042309500, 4.816378787878779400, -2.336800000000004200 ) ) ;
#2498 = CARTESIAN_POINT ( 'NONE',  ( -7.574841956376235200E-015, 4.752878787878779900, -2.336800000000000200 ) ) ;
#2499 = CARTESIAN_POINT ( 'NONE',  ( -1.349152109042326000, 4.689378787878779600, -2.336799999999996200 ) ) ;
#2500 = CARTESIAN_POINT ( 'NONE',  ( -2.023728163563481200, 4.625878787878779300, -1.168399999999994800 ) ) ;
#2501 = CARTESIAN_POINT ( 'NONE',  ( -2.336800000000001100, 4.596408335317532200, -0.6261436728730457300 ) ) ;
#2502 = CARTESIAN_POINT ( 'NONE',  ( -2.336800000000002000, 4.562378787878779800, -3.079417623425332900E-015 ) ) ;
#2503 = CYLINDRICAL_SURFACE ( 'NONE', #2493, 2.336800000000000200 ) ;
#2504 = FACE_OUTER_BOUND ( 'NONE', #507, .T. ) ;
#2505 =( BOUNDED_CURVE ( )  B_SPLINE_CURVE ( 2, ( #2502, #2501, #2500, #2499, #2498, #2497, #2496, #2495, #2494 ),
 .UNSPECIFIED., .F., .T. ) 
 B_SPLINE_CURVE_WITH_KNOTS ( ( 3, 2, 2, 2, 3 ),
 ( 0.3863636363636364100, 0.3939393939393939200, 0.4090909090909091200, 0.4242424242424242500, 0.4318181818181818800 ),
 .UNSPECIFIED. ) 
 CURVE ( )  GEOMETRIC_REPRESENTATION_ITEM ( )  RATIONAL_B_SPLINE_CURVE ( ( 0.9330127018922194100, 0.9330127018922198500, 1.000000000000000000, 0.8660254037844387100, 1.000000000000000000, 0.8660254037844387100, 1.000000000000000000, 0.9330127018922188500, 0.9330127018922194100 ) ) 
 REPRESENTATION_ITEM ( '' )  );
#2506 = CARTESIAN_POINT ( 'NONE',  ( -2.336800000000002000, 1.514378787878787500, 1.743066579297358300E-016 ) ) ;
#2507 = DIRECTION ( 'NONE',  ( 1.000000000000000000, 2.449212707644754000E-016, 0.0000000000000000000 ) ) ;
#2508 = DIRECTION ( 'NONE',  ( 2.449212707644754000E-016, -1.000000000000000000, -0.0000000000000000000 ) ) ;
#2509 = AXIS2_PLACEMENT_3D ( 'NONE', #2630, #2508, #2507 ) ;
#2510 = CYLINDRICAL_SURFACE ( 'NONE', #2509, 2.336800000000000200 ) ;
#2511 = CARTESIAN_POINT ( 'NONE',  ( 2.336799999999998900, 1.279621212121210700, -8.134310703387671400E-016 ) ) ;
#2512 = DIRECTION ( 'NONE',  ( 1.000000000000000000, 2.449212707644754000E-016, 0.0000000000000000000 ) ) ;
#2513 = DIRECTION ( 'NONE',  ( 2.449212707644754000E-016, -1.000000000000000000, -0.0000000000000000000 ) ) ;
#2514 = CARTESIAN_POINT ( 'NONE',  ( 0.0000000000000000000, 0.0000000000000000000, 0.0000000000000000000 ) ) ;
#2515 = CARTESIAN_POINT ( 'NONE',  ( -2.336800000000002000, 3.184621212121205900, -3.079417623425332900E-015 ) ) ;
#2516 = CARTESIAN_POINT ( 'NONE',  ( -2.336800000000003300, 3.218650759559958300, -0.6261436728730416200 ) ) ;
#2517 = CARTESIAN_POINT ( 'NONE',  ( -2.023728163563481200, 3.248121212121205700, -1.168399999999994800 ) ) ;
#2518 = CARTESIAN_POINT ( 'NONE',  ( -1.349152109042326000, 3.311621212121205600, -2.336799999999996200 ) ) ;
#2519 = CARTESIAN_POINT ( 'NONE',  ( -7.574841956376235200E-015, 3.375121212121205100, -2.336800000000000200 ) ) ;
#2520 = CARTESIAN_POINT ( 'NONE',  ( 1.349152109042309500, 3.438621212121205000, -2.336800000000004200 ) ) ;
#2521 = CARTESIAN_POINT ( 'NONE',  ( 2.023728163563471400, 3.502121212121205800, -1.168400000000006300 ) ) ;
#2522 = CARTESIAN_POINT ( 'NONE',  ( 2.336800000000002000, 3.531591664682452800, -0.6261436728730456200 ) ) ;
#2523 = CARTESIAN_POINT ( 'NONE',  ( 2.336799999999998900, 3.565621212121204800, 2.440293211016301600E-015 ) ) ;
#2524 =( BOUNDED_CURVE ( )  B_SPLINE_CURVE ( 2, ( #2523, #2522, #2521, #2520, #2519, #2518, #2517, #2516, #2515 ),
 .UNSPECIFIED., .F., .T. ) 
 B_SPLINE_CURVE_WITH_KNOTS ( ( 3, 2, 2, 2, 3 ),
 ( 0.6590909090909089500, 0.6666666666666666300, 0.6818181818181818800, 0.6969696969696970200, 0.7045454545454545900 ),
 .UNSPECIFIED. ) 
 CURVE ( )  GEOMETRIC_REPRESENTATION_ITEM ( )  RATIONAL_B_SPLINE_CURVE ( ( 0.9330127018922193000, 0.9330127018922183000, 1.000000000000000000, 0.8660254037844387100, 1.000000000000000000, 0.8660254037844387100, 1.000000000000000000, 0.9330127018922194100, 0.9330127018922194100 ) ) 
 REPRESENTATION_ITEM ( '' )  );
#2525 = CARTESIAN_POINT ( 'NONE',  ( 3.822700000000000200, 6.781799999999999600, 0.0000000000000000000 ) ) ;
#2526 = CARTESIAN_POINT ( 'NONE',  ( -3.822700000000003300, 6.781799999999997800, 4.814591016149715300E-016 ) ) ;
#2527 = DIRECTION ( 'NONE',  ( 1.000000000000000000, 2.268976738923805400E-016, 0.0000000000000000000 ) ) ;
#2528 = DIRECTION ( 'NONE',  ( 2.449212707644754000E-016, -1.000000000000000000, -0.0000000000000000000 ) ) ;
#2529 = CARTESIAN_POINT ( 'NONE',  ( -1.661007074070518800E-015, 6.781799999999998700, 0.0000000000000000000 ) ) ;
#2530 = AXIS2_PLACEMENT_3D ( 'NONE', #2529, #2528, #2527 ) ;
#2531 = CIRCLE ( 'NONE', #2530, 3.822700000000002000 ) ;
#2532 = CARTESIAN_POINT ( 'NONE',  ( -2.336800000000002400, 2.422621212121209000, -8.715332896486792000E-016 ) ) ;
#2533 = CARTESIAN_POINT ( 'NONE',  ( -2.336800000000003300, 2.456650759559960000, -0.6261436728730416200 ) ) ;
#2534 = CARTESIAN_POINT ( 'NONE',  ( -2.023728163563481200, 2.486121212121207500, -1.168399999999994800 ) ) ;
#2535 = CARTESIAN_POINT ( 'NONE',  ( -1.349152109042326000, 2.549621212121207800, -2.336799999999996200 ) ) ;
#2536 = CARTESIAN_POINT ( 'NONE',  ( -7.574841956376235200E-015, 2.613121212121207300, -2.336800000000000200 ) ) ;
#2537 = CARTESIAN_POINT ( 'NONE',  ( 1.349152109042309500, 2.676621212121206700, -2.336800000000004200 ) ) ;
#2538 = CARTESIAN_POINT ( 'NONE',  ( 4.178175804906184300E-015, 6.042121212121198700, 2.336800000000000200 ) ) ;
#2539 = CARTESIAN_POINT ( 'NONE',  ( -1.349152109042313100, 6.105621212121200800, 2.336800000000004200 ) ) ;
#2540 = CARTESIAN_POINT ( 'NONE',  ( -2.023728163563475400, 6.169121212121198500, 1.168400000000005400 ) ) ;
#2541 = CARTESIAN_POINT ( 'NONE',  ( -2.336800000000002900, 6.198591664682447300, 0.6261436728730494000 ) ) ;
#2542 = CARTESIAN_POINT ( 'NONE',  ( -2.336800000000002000, 6.232621212121198800, -3.079417623425332900E-015 ) ) ;
#2543 =( BOUNDED_CURVE ( )  B_SPLINE_CURVE ( 2, ( #2542, #2541, #2540, #2539, #2538, #2647, #2646, #2645, #2644 ),
 .UNSPECIFIED., .F., .T. ) 
 B_SPLINE_CURVE_WITH_KNOTS ( ( 3, 2, 2, 2, 3 ),
 ( 0.3409090909090908300, 0.3484848484848485100, 0.3636363636363636500, 0.3787878787878787800, 0.3863636363636363500 ),
 .UNSPECIFIED. ) 
 CURVE ( )  GEOMETRIC_REPRESENTATION_ITEM ( )  RATIONAL_B_SPLINE_CURVE ( ( 0.9330127018922194100, 0.9330127018922188500, 1.000000000000000000, 0.8660254037844387100, 1.000000000000000000, 0.8660254037844387100, 1.000000000000000000, 0.9330127018922194100, 0.9330127018922194100 ) ) 
 REPRESENTATION_ITEM ( '' )  );
#2544 =( BOUNDED_CURVE ( )  B_SPLINE_CURVE ( 2, ( #2609, #2608, #2566, #2565, #2564, #2563, #2562, #2561, #2560 ),
 .UNSPECIFIED., .F., .T. ) 
 B_SPLINE_CURVE_WITH_KNOTS ( ( 3, 2, 2, 2, 3 ),
 ( 0.4318181818181817700, 0.4393939393939393400, 0.4545454545454545900, 0.4696969696969697200, 0.4772727272727272900 ),
 .UNSPECIFIED. ) 
 CURVE ( )  GEOMETRIC_REPRESENTATION_ITEM ( )  RATIONAL_B_SPLINE_CURVE ( ( 0.9330127018922194100, 0.9330127018922194100, 1.000000000000000000, 0.8660254037844387100, 1.000000000000000000, 0.8660254037844387100, 1.000000000000000000, 0.9330127018922194100, 0.9330127018922194100 ) ) 
 REPRESENTATION_ITEM ( '' )  );
#2545 = CARTESIAN_POINT ( 'NONE',  ( 2.336799999999998900, 5.851621212121199500, -6.623653001329960800E-015 ) ) ;
#2546 = DIRECTION ( 'NONE',  ( 2.449212707644754000E-016, -1.000000000000000000, -0.0000000000000000000 ) ) ;
#2547 = VECTOR ( 'NONE', #2546, 1000.000000000000000 ) ;
#2548 = CARTESIAN_POINT ( 'NONE',  ( 2.336800000000000200, 5.723320255224261900E-016, 0.0000000000000000000 ) ) ;
#2549 = LINE ( 'NONE', #2548, #2547 ) ;
#2550 = CARTESIAN_POINT ( 'NONE',  ( -2.336800000000002000, 6.086378787878775400, 5.984528588920929500E-015 ) ) ;
#2551 = CARTESIAN_POINT ( 'NONE',  ( 2.336799999999998900, 5.705378787878776900, -6.623653001329960800E-015 ) ) ;
#2552 = DIRECTION ( 'NONE',  ( 1.000000000000000000, 2.449212707644754000E-016, 0.0000000000000000000 ) ) ;
#2553 = AXIS2_PLACEMENT_3D ( 'NONE', #2034, #2401, #2400 ) ;
#2554 = CARTESIAN_POINT ( 'NONE',  ( 2.336799999999998900, 5.705378787878776900, -6.623653001329960800E-015 ) ) ;
#2555 = CARTESIAN_POINT ( 'NONE',  ( 2.336799999999997100, 5.671349240440024500, -0.6261436728730542800 ) ) ;
#2556 = CARTESIAN_POINT ( 'NONE',  ( 2.023728163563471400, 5.641878787878777500, -1.168400000000006300 ) ) ;
#2557 = CARTESIAN_POINT ( 'NONE',  ( 1.349152109042309500, 5.578378787878776300, -2.336800000000004200 ) ) ;
#2558 = CARTESIAN_POINT ( 'NONE',  ( -7.574841956376235200E-015, 5.514878787878777700, -2.336800000000000200 ) ) ;
#2559 = LINE ( 'NONE', #2628, #2627 ) ;
#2560 = CARTESIAN_POINT ( 'NONE',  ( 2.336799999999998900, 5.089621212121201700, -6.623653001329960800E-015 ) ) ;
#2561 = CARTESIAN_POINT ( 'NONE',  ( 2.336800000000000700, 5.123650759559953200, 0.6261436728730409600 ) ) ;
#2562 = CARTESIAN_POINT ( 'NONE',  ( 2.023728163563478500, 5.153121212121201100, 1.168399999999993700 ) ) ;
#2563 = CARTESIAN_POINT ( 'NONE',  ( 1.349152109042322900, 5.216621212121202300, 2.336799999999996200 ) ) ;
#2564 = CARTESIAN_POINT ( 'NONE',  ( 4.178175804906184300E-015, 5.280121212121200000, 2.336800000000000200 ) ) ;
#2565 = CARTESIAN_POINT ( 'NONE',  ( -1.349152109042313100, 5.343621212121199400, 2.336800000000004200 ) ) ;
#2566 = CARTESIAN_POINT ( 'NONE',  ( -2.023728163563475400, 5.407121212121199800, 1.168400000000005400 ) ) ;
#2567 = CARTESIAN_POINT ( 'NONE',  ( 2.336799999999998900, 3.565621212121204800, 2.440293211016301600E-015 ) ) ;
#2568 =( BOUNDED_CURVE ( )  B_SPLINE_CURVE ( 2, ( #2607, #2655, #2654, #2653, #2652, #2651, #2650, #2649, #2648 ),
 .UNSPECIFIED., .F., .T. ) 
 B_SPLINE_CURVE_WITH_KNOTS ( ( 3, 2, 2, 2, 3 ),
 ( 0.6136363636363635400, 0.6212121212121212200, 0.6363636363636363500, 0.6515151515151514900, 0.6590909090909089500 ),
 .UNSPECIFIED. ) 
 CURVE ( )  GEOMETRIC_REPRESENTATION_ITEM ( )  RATIONAL_B_SPLINE_CURVE ( ( 0.9330127018922193000, 0.9330127018922183000, 1.000000000000000000, 0.8660254037844387100, 1.000000000000000000, 0.8660254037844387100, 1.000000000000000000, 0.9330127018922203000, 0.9330127018922193000 ) ) 
 REPRESENTATION_ITEM ( '' )  );
#2569 = CARTESIAN_POINT ( 'NONE',  ( -2.336800000000002000, 3.946621212121205000, -3.079417623425332500E-015 ) ) ;
#2570 = CARTESIAN_POINT ( 'NONE',  ( -1.349152109042326000, 5.451378787878776500, -2.336799999999996200 ) ) ;
#2571 = CARTESIAN_POINT ( 'NONE',  ( -2.023728163563481200, 5.387878787878777100, -1.168399999999994800 ) ) ;
#2572 = CARTESIAN_POINT ( 'NONE',  ( -2.336800000000001100, 5.358408335317530000, -0.6261436728730457300 ) ) ;
#2573 = CARTESIAN_POINT ( 'NONE',  ( -2.336800000000002000, 5.324378787878778500, -3.079417623425332900E-015 ) ) ;
#2574 = CYLINDRICAL_SURFACE ( 'NONE', #2553, 2.336800000000000200 ) ;
#2575 = FACE_OUTER_BOUND ( 'NONE', #750, .T. ) ;
#2576 =( BOUNDED_CURVE ( )  B_SPLINE_CURVE ( 2, ( #2573, #2572, #2571, #2570, #2558, #2557, #2556, #2555, #2554 ),
 .UNSPECIFIED., .F., .T. ) 
 B_SPLINE_CURVE_WITH_KNOTS ( ( 3, 2, 2, 2, 3 ),
 ( 0.4772727272727273500, 0.4848484848484848600, 0.5000000000000000000, 0.5151515151515151400, 0.5227272727272727100 ),
 .UNSPECIFIED. ) 
 CURVE ( )  GEOMETRIC_REPRESENTATION_ITEM ( )  RATIONAL_B_SPLINE_CURVE ( ( 0.9330127018922194100, 0.9330127018922198500, 1.000000000000000000, 0.8660254037844387100, 1.000000000000000000, 0.8660254037844387100, 1.000000000000000000, 0.9330127018922194100, 0.9330127018922194100 ) ) 
 REPRESENTATION_ITEM ( '' )  );
#2577 = CARTESIAN_POINT ( 'NONE',  ( 2.336799999999998900, 6.613621212121197200, -6.623653001329960800E-015 ) ) ;
#2578 = DIRECTION ( 'NONE',  ( 0.0000000000000000000, 0.0000000000000000000, 1.000000000000000000 ) ) ;
#2579 = DIRECTION ( 'NONE',  ( -1.000000000000000000, 0.0000000000000000000, 0.0000000000000000000 ) ) ;
#2580 = AXIS2_PLACEMENT_3D ( 'NONE', #2581, #2579, #2578 ) ;
#2581 = CARTESIAN_POINT ( 'NONE',  ( 1.587499999999999900, -0.2540000000000007800, -4.902199999999997000 ) ) ;
#2582 = PLANE ( 'NONE',  #2580 ) ;
#2583 = FACE_OUTER_BOUND ( 'NONE', #500, .T. ) ;
#2584 = DIRECTION ( 'NONE',  ( 0.0000000000000000000, 0.0000000000000000000, -1.000000000000000000 ) ) ;
#2585 = DIRECTION ( 'NONE',  ( 1.000000000000000000, -0.0000000000000000000, -0.0000000000000000000 ) ) ;
#2586 = CARTESIAN_POINT ( 'NONE',  ( 1.587499999999999900, -0.2540000000000007800, -4.902199999999997000 ) ) ;
#2587 = AXIS2_PLACEMENT_3D ( 'NONE', #2586, #2585, #2584 ) ;
#2588 = CIRCLE ( 'NONE', #2587, 0.2539999999999998900 ) ;
#2589 = CARTESIAN_POINT ( 'NONE',  ( 2.023728163563471400, 2.740121212121207100, -1.168400000000006300 ) ) ;
#2590 = CARTESIAN_POINT ( 'NONE',  ( 2.336799999999997100, 2.769591664682454100, -0.6261436728730542800 ) ) ;
#2591 = CARTESIAN_POINT ( 'NONE',  ( 2.336799999999998900, 2.803621212121207400, 2.440293211016301600E-015 ) ) ;
#2592 =( BOUNDED_CURVE ( )  B_SPLINE_CURVE ( 2, ( #2591, #2590, #2589, #2537, #2536, #2535, #2534, #2533, #2532 ),
 .UNSPECIFIED., .F., .T. ) 
 B_SPLINE_CURVE_WITH_KNOTS ( ( 3, 2, 2, 2, 3 ),
 ( 0.7500000000000000000, 0.7575757575757575700, 0.7727272727272727100, 0.7878787878787878500, 0.7954545454545454100 ),
 .UNSPECIFIED. ) 
 CURVE ( )  GEOMETRIC_REPRESENTATION_ITEM ( )  RATIONAL_B_SPLINE_CURVE ( ( 0.9330127018922194100, 0.9330127018922194100, 1.000000000000000000, 0.8660254037844387100, 1.000000000000000000, 0.8660254037844387100, 1.000000000000000000, 0.9330127018922194100, 0.9330127018922194100 ) ) 
 REPRESENTATION_ITEM ( '' )  );
#2593 = DIRECTION ( 'NONE',  ( -1.000000000000000000, 0.0000000000000000000, 0.0000000000000000000 ) ) ;
#2594 = DIRECTION ( 'NONE',  ( -2.449212707644754000E-016, 1.000000000000000000, 0.0000000000000000000 ) ) ;
#2595 = CARTESIAN_POINT ( 'NONE',  ( -2.279416950276829900E-015, 9.306733315412177600, 0.0000000000000000000 ) ) ;
#2596 = AXIS2_PLACEMENT_3D ( 'NONE', #2595, #2594, #2593 ) ;
#2597 = CARTESIAN_POINT ( 'NONE',  ( -1.667228074347937100E-015, 6.807199999999999000, 0.0000000000000000000 ) ) ;
#2598 = CONICAL_SURFACE ( 'NONE', #2596, 2.521136606623057800, 0.7897010070859865600 ) ;
#2599 = FACE_OUTER_BOUND ( 'NONE', #576, .T. ) ;
#2600 = DIRECTION ( 'NONE',  ( 0.7101427959071603400, 0.7040576747832249000, 8.696453799890965200E-017 ) ) ;
#2601 = VECTOR ( 'NONE', #2600, 1000.000000000000000 ) ;
#2602 = CARTESIAN_POINT ( 'NONE',  ( 2.521136606623055600, 9.306733315412177600, 3.087399907324784200E-016 ) ) ;
#2603 = LINE ( 'NONE', #2602, #2601 ) ;
#2604 = CARTESIAN_POINT ( 'NONE',  ( -0.3074343650314549400, 7.111999999999999200, 0.0000000000000000000 ) ) ;
#2605 = CARTESIAN_POINT ( 'NONE',  ( 2.336800000000000200, 0.5080000000000000100, 0.0000000000000000000 ) ) ;
#2606 = CARTESIAN_POINT ( 'NONE',  ( -2.336800000000002000, 4.562378787878779800, -3.079417623425332900E-015 ) ) ;
#2607 = CARTESIAN_POINT ( 'NONE',  ( -2.336800000000002000, 3.946621212121205000, -3.079417623425332500E-015 ) ) ;
#2608 = CARTESIAN_POINT ( 'NONE',  ( -2.336800000000000700, 5.436591664682447700, 0.6261436728730535000 ) ) ;
#2609 = CARTESIAN_POINT ( 'NONE',  ( -2.336800000000002000, 5.470621212121200100, 5.984528588920929500E-015 ) ) ;
#2610 = CARTESIAN_POINT ( 'NONE',  ( -2.336800000000002900, 4.528349240440027400, 0.6261436728730494000 ) ) ;
#2611 = CARTESIAN_POINT ( 'NONE',  ( -2.023728163563475400, 4.498878787878780400, 1.168400000000005400 ) ) ;
#2612 = CARTESIAN_POINT ( 'NONE',  ( -1.349152109042313100, 4.435378787878780000, 2.336800000000004200 ) ) ;
#2613 = CARTESIAN_POINT ( 'NONE',  ( 4.178175804906184300E-015, 4.371878787878779700, 2.336800000000000200 ) ) ;
#2614 = CARTESIAN_POINT ( 'NONE',  ( 1.349152109042322900, 4.308378787878780300, 2.336799999999996200 ) ) ;
#2615 = CARTESIAN_POINT ( 'NONE',  ( 2.023728163563478500, 4.244878787878780800, 1.168399999999993700 ) ) ;
#2616 = CARTESIAN_POINT ( 'NONE',  ( 2.336799999999998400, 4.215408335317533800, 0.6261436728730450700 ) ) ;
#2617 = CARTESIAN_POINT ( 'NONE',  ( 2.336799999999998900, 4.181378787878781400, 2.440293211016301600E-015 ) ) ;
#2618 = CARTESIAN_POINT ( 'NONE',  ( 2.336799999999998900, 4.181378787878781400, 2.440293211016301600E-015 ) ) ;
#2619 =( BOUNDED_CURVE ( )  B_SPLINE_CURVE ( 2, ( #2617, #2616, #2615, #2614, #2613, #2612, #2611, #2610, #2606 ),
 .UNSPECIFIED., .F., .T. ) 
 B_SPLINE_CURVE_WITH_KNOTS ( ( 3, 2, 2, 2, 3 ),
 ( 0.3409090909090909900, 0.3484848484848485100, 0.3636363636363636500, 0.3787878787878787800, 0.3863636363636364100 ),
 .UNSPECIFIED. ) 
 CURVE ( )  GEOMETRIC_REPRESENTATION_ITEM ( )  RATIONAL_B_SPLINE_CURVE ( ( 0.9330127018922194100, 0.9330127018922198500, 1.000000000000000000, 0.8660254037844387100, 1.000000000000000000, 0.8660254037844387100, 1.000000000000000000, 0.9330127018922188500, 0.9330127018922194100 ) ) 
 REPRESENTATION_ITEM ( '' )  );
#2620 = CARTESIAN_POINT ( 'NONE',  ( -2.336800000000000200, 0.5079999999999989000, 2.861660127612131500E-016 ) ) ;
#2621 = DIRECTION ( 'NONE',  ( 0.7071067811865510100, 0.7071067811865441300, 8.659274570719401000E-017 ) ) ;
#2622 = VECTOR ( 'NONE', #2621, 1000.000000000000000 ) ;
#2623 = CARTESIAN_POINT ( 'NONE',  ( 1.828799999999994900, 0.0000000000000000000, 2.239560099870356900E-016 ) ) ;
#2624 = LINE ( 'NONE', #2623, #2622 ) ;
#2625 = CARTESIAN_POINT ( 'NONE',  ( -2.336800000000002000, 4.562378787878779800, -3.079417623425332500E-015 ) ) ;
#2626 = DIRECTION ( 'NONE',  ( 2.449212707644754000E-016, -1.000000000000000000, -0.0000000000000000000 ) ) ;
#2627 = VECTOR ( 'NONE', #2626, 1000.000000000000000 ) ;
#2628 = CARTESIAN_POINT ( 'NONE',  ( -2.336800000000000200, -5.723320255224261900E-016, 2.861660127612131500E-016 ) ) ;
#2629 = AXIS2_PLACEMENT_3D ( 'NONE', #2514, #2513, #2512 ) ;
#2630 = CARTESIAN_POINT ( 'NONE',  ( 0.0000000000000000000, 0.0000000000000000000, 0.0000000000000000000 ) ) ;
#2631 = FACE_OUTER_BOUND ( 'NONE', #468, .T. ) ;
#2632 = CARTESIAN_POINT ( 'NONE',  ( 2.336799999999998900, 2.657378787878785800, 2.324088772396477700E-016 ) ) ;
#2633 = CARTESIAN_POINT ( 'NONE',  ( 2.336799999999998900, 2.623349240440032500, -0.6261436728730509500 ) ) ;
#2634 = CARTESIAN_POINT ( 'NONE',  ( 2.023728163563471400, 2.593878787878784600, -1.168400000000006300 ) ) ;
#2635 = CARTESIAN_POINT ( 'NONE',  ( 1.349152109042309500, 2.530378787878784700, -2.336800000000004200 ) ) ;
#2636 = CARTESIAN_POINT ( 'NONE',  ( -7.574841956376235200E-015, 2.466878787878784800, -2.336800000000000200 ) ) ;
#2637 = CARTESIAN_POINT ( 'NONE',  ( -1.349152109042326000, 2.403378787878785300, -2.336799999999996200 ) ) ;
#2638 = CARTESIAN_POINT ( 'NONE',  ( -2.023728163563481200, 2.339878787878785000, -1.168399999999994800 ) ) ;
#2639 = CARTESIAN_POINT ( 'NONE',  ( -2.336800000000002000, 2.310408335317538400, -0.6261436728730444000 ) ) ;
#2640 = CARTESIAN_POINT ( 'NONE',  ( -2.336800000000002000, 2.276378787878785600, 1.743066579297358300E-016 ) ) ;
#2641 = CYLINDRICAL_SURFACE ( 'NONE', #2629, 2.336800000000000200 ) ;
#2642 =( BOUNDED_CURVE ( )  B_SPLINE_CURVE ( 2, ( #2640, #2639, #2638, #2637, #2636, #2635, #2634, #2633, #2632 ),
 .UNSPECIFIED., .F., .T. ) 
 B_SPLINE_CURVE_WITH_KNOTS ( ( 3, 2, 2, 2, 3 ),
 ( 0.1136363636363636700, 0.1212121212121212200, 0.1363636363636363500, 0.1515151515151515200, 0.1590909090909091400 ),
 .UNSPECIFIED. ) 
 CURVE ( )  GEOMETRIC_REPRESENTATION_ITEM ( )  RATIONAL_B_SPLINE_CURVE ( ( 0.9330127018922193000, 0.9330127018922196300, 1.000000000000000000, 0.8660254037844387100, 1.000000000000000000, 0.8660254037844387100, 1.000000000000000000, 0.9330127018922189700, 0.9330127018922194100 ) ) 
 REPRESENTATION_ITEM ( '' )  );
#2643 = FACE_OUTER_BOUND ( 'NONE', #695, .T. ) ;
#2644 = CARTESIAN_POINT ( 'NONE',  ( 2.336799999999998900, 5.851621212121200300, -6.623653001329960800E-015 ) ) ;
#2645 = CARTESIAN_POINT ( 'NONE',  ( 2.336800000000000700, 5.885650759559951900, 0.6261436728730409600 ) ) ;
#2646 = CARTESIAN_POINT ( 'NONE',  ( 2.023728163563478500, 5.915121212121198900, 1.168399999999993700 ) ) ;
#2647 = CARTESIAN_POINT ( 'NONE',  ( 1.349152109042322900, 5.978621212121200100, 2.336799999999996200 ) ) ;
#2648 = CARTESIAN_POINT ( 'NONE',  ( 2.336799999999998900, 3.565621212121204800, 2.440293211016301600E-015 ) ) ;
#2649 = CARTESIAN_POINT ( 'NONE',  ( 2.336799999999995800, 3.599650759559958100, 0.6261436728730494000 ) ) ;
#2650 = CARTESIAN_POINT ( 'NONE',  ( 2.023728163563478500, 3.629121212121204600, 1.168399999999993700 ) ) ;
#2651 = CARTESIAN_POINT ( 'NONE',  ( 1.349152109042322900, 3.692621212121204100, 2.336799999999996200 ) ) ;
#2652 = CARTESIAN_POINT ( 'NONE',  ( 4.178175804906184300E-015, 3.756121212121204000, 2.336800000000000200 ) ) ;
#2653 = CARTESIAN_POINT ( 'NONE',  ( -1.349152109042313100, 3.819621212121204800, 2.336800000000004200 ) ) ;
#2654 = CARTESIAN_POINT ( 'NONE',  ( -2.023728163563475400, 3.883121212121204200, 1.168400000000005400 ) ) ;
#2655 = CARTESIAN_POINT ( 'NONE',  ( -2.336800000000005500, 3.912591664682452100, 0.6261436728730450700 ) ) ;
#2656 =( BOUNDED_CURVE ( )  B_SPLINE_CURVE ( 2, ( #2676, #2675, #2674, #2673, #2672 ),
 .UNSPECIFIED., .F., .T. ) 
 B_SPLINE_CURVE_WITH_KNOTS ( ( 3, 2, 3 ),
 ( 0.0000000000000000000, 0.01515151515151515200, 0.02272727272727276300 ),
 .UNSPECIFIED. ) 
 CURVE ( )  GEOMETRIC_REPRESENTATION_ITEM ( )  RATIONAL_B_SPLINE_CURVE ( ( 1.000000000000000000, 0.8660254037844387100, 1.000000000000000000, 0.9330127018922189700, 0.9330127018922193000 ) ) 
 REPRESENTATION_ITEM ( '' )  );
#2657 = LINE ( 'NONE', #2671, #2670 ) ;
#2658 = DIRECTION ( 'NONE',  ( 2.449212707644754000E-016, -1.000000000000000000, -0.0000000000000000000 ) ) ;
#2659 = DIRECTION ( 'NONE',  ( 1.000000000000000000, 2.449212707644754000E-016, 0.0000000000000000000 ) ) ;
#2660 = DIRECTION ( 'NONE',  ( 2.449212707644754000E-016, -1.000000000000000000, -0.0000000000000000000 ) ) ;
#2661 = CARTESIAN_POINT ( 'NONE',  ( 0.0000000000000000000, 0.0000000000000000000, 0.0000000000000000000 ) ) ;
#2662 = FACE_OUTER_BOUND ( 'NONE', #759, .T. ) ;
#2663 = CARTESIAN_POINT ( 'NONE',  ( 1.926964864920388500E-015, 1.323878787878788100, 2.336800000000000200 ) ) ;
#2664 = CARTESIAN_POINT ( 'NONE',  ( 2.336799999999999800, 2.007591664682456800, -0.6261436728730500600 ) ) ;
#2665 = CARTESIAN_POINT ( 'NONE',  ( 2.336799999999998900, 2.041621212121209200, 2.324088772396477700E-016 ) ) ;
#2666 = LINE ( 'NONE', #2742, #2741 ) ;
#2667 = CARTESIAN_POINT ( 'NONE',  ( -2.336800000000002000, 0.8986212121212117100, 1.743066579297358300E-016 ) ) ;
#2668 =( BOUNDED_CURVE ( )  B_SPLINE_CURVE ( 2, ( #2665, #2664, #2749, #2748, #2747, #2746, #2745, #2744, #2743 ),
 .UNSPECIFIED., .F., .T. ) 
 B_SPLINE_CURVE_WITH_KNOTS ( ( 3, 2, 2, 2, 3 ),
 ( 0.8409090909090908300, 0.8484848484848485100, 0.8636363636363636500, 0.8787878787878787800, 0.8863636363636363500 ),
 .UNSPECIFIED. ) 
 CURVE ( )  GEOMETRIC_REPRESENTATION_ITEM ( )  RATIONAL_B_SPLINE_CURVE ( ( 0.9330127018922194100, 0.9330127018922188500, 1.000000000000000000, 0.8660254037844387100, 1.000000000000000000, 0.8660254037844387100, 1.000000000000000000, 0.9330127018922194100, 0.9330127018922194100 ) ) 
 REPRESENTATION_ITEM ( '' )  );
#2669 = DIRECTION ( 'NONE',  ( 2.449212707644754000E-016, -1.000000000000000000, -0.0000000000000000000 ) ) ;
#2670 = VECTOR ( 'NONE', #2669, 1000.000000000000000 ) ;
#2671 = CARTESIAN_POINT ( 'NONE',  ( -2.336800000000000200, -5.723320255224261900E-016, 2.861660127612131500E-016 ) ) ;
#2672 = CARTESIAN_POINT ( 'NONE',  ( -2.336800000000002000, 1.514378787878787500, 1.743066579297358300E-016 ) ) ;
#2673 = CARTESIAN_POINT ( 'NONE',  ( -2.336800000000001500, 1.480349240440034900, 0.6261436728730509500 ) ) ;
#2674 = CARTESIAN_POINT ( 'NONE',  ( -2.023728163563475400, 1.450878787878787400, 1.168400000000005400 ) ) ;
#2675 = CARTESIAN_POINT ( 'NONE',  ( -1.349152109042313100, 1.387378787878787300, 2.336800000000004200 ) ) ;
#2676 = CARTESIAN_POINT ( 'NONE',  ( 1.926964864920388500E-015, 1.323878787878788100, 2.336800000000000200 ) ) ;
#2677 = CARTESIAN_POINT ( 'NONE',  ( -7.574841956376235200E-015, 5.661121212121200200, -2.336800000000000200 ) ) ;
#2678 = CARTESIAN_POINT ( 'NONE',  ( 1.349152109042309500, 5.724621212121198800, -2.336800000000004200 ) ) ;
#2679 = CARTESIAN_POINT ( 'NONE',  ( 2.023728163563471400, 5.788121212121200000, -1.168400000000006300 ) ) ;
#2680 = AXIS2_PLACEMENT_3D ( 'NONE', #2716, #2715, #2714 ) ;
#2681 = CYLINDRICAL_SURFACE ( 'NONE', #2704, 2.336800000000000200 ) ;
#2682 = CARTESIAN_POINT ( 'NONE',  ( -2.336800000000002000, 1.660621212121210100, 1.743066579297358300E-016 ) ) ;
#2683 = CARTESIAN_POINT ( 'NONE',  ( 2.336799999999998900, 1.895378787878787100, -8.134310703387671400E-016 ) ) ;
#2684 =( BOUNDED_CURVE ( )  B_SPLINE_CURVE ( 2, ( #2718, #2717, #2679, #2678, #2677, #2779, #2778, #2777, #2705 ),
 .UNSPECIFIED., .F., .T. ) 
 B_SPLINE_CURVE_WITH_KNOTS ( ( 3, 2, 2, 2, 3 ),
 ( 0.3863636363636363500, 0.3939393939393939200, 0.4090909090909090600, 0.4242424242424242000, 0.4318181818181817700 ),
 .UNSPECIFIED. ) 
 CURVE ( )  GEOMETRIC_REPRESENTATION_ITEM ( )  RATIONAL_B_SPLINE_CURVE ( ( 0.9330127018922194100, 0.9330127018922194100, 1.000000000000000000, 0.8660254037844387100, 1.000000000000000000, 0.8660254037844387100, 1.000000000000000000, 0.9330127018922194100, 0.9330127018922194100 ) ) 
 REPRESENTATION_ITEM ( '' )  );
#2685 = CARTESIAN_POINT ( 'NONE',  ( -2.023728163563475400, 1.597121212121209700, 1.168400000000005400 ) ) ;
#2686 = CARTESIAN_POINT ( 'NONE',  ( -2.336800000000000700, 1.626591664682457000, 0.6261436728730535000 ) ) ;
#2687 = CARTESIAN_POINT ( 'NONE',  ( -2.023728163563475400, 0.8351212121212114900, 1.168400000000005400 ) ) ;
#2688 = CARTESIAN_POINT ( 'NONE',  ( -1.349152109042313100, 0.7716212121212117100, 2.336800000000004200 ) ) ;
#2689 = CARTESIAN_POINT ( 'NONE',  ( 2.336799999999998900, 1.279621212121210700, -8.134310703387671400E-016 ) ) ;
#2690 = CARTESIAN_POINT ( 'NONE',  ( 2.336799999999998400, 1.313650759559963100, 0.6261436728730450700 ) ) ;
#2691 = CARTESIAN_POINT ( 'NONE',  ( 2.023728163563478500, 1.343121212121210200, 1.168399999999993700 ) ) ;
#2692 = CARTESIAN_POINT ( 'NONE',  ( 1.349152109042322900, 1.406621212121210300, 2.336799999999996200 ) ) ;
#2693 = CARTESIAN_POINT ( 'NONE',  ( 4.178175804906184300E-015, 1.470121212121209900, 2.336800000000000200 ) ) ;
#2694 = CARTESIAN_POINT ( 'NONE',  ( -1.349152109042313100, 1.533621212121210100, 2.336800000000004200 ) ) ;
#2695 = CARTESIAN_POINT ( 'NONE',  ( -2.336800000000002000, 1.660621212121210100, 1.743066579297358300E-016 ) ) ;
#2696 = DIRECTION ( 'NONE',  ( 2.449212707644754000E-016, -1.000000000000000000, -0.0000000000000000000 ) ) ;
#2697 = VECTOR ( 'NONE', #2696, 1000.000000000000000 ) ;
#2698 = CARTESIAN_POINT ( 'NONE',  ( -2.336800000000000200, -5.723320255224261900E-016, 2.861660127612131500E-016 ) ) ;
#2699 = CARTESIAN_POINT ( 'NONE',  ( -2.336800000000002000, 0.8986212121212117100, 1.743066579297358300E-016 ) ) ;
#2700 = LINE ( 'NONE', #2703, #2702 ) ;
#2701 =( BOUNDED_CURVE ( )  B_SPLINE_CURVE ( 2, ( #2695, #2686, #2685, #2694, #2693, #2692, #2691, #2690, #2689 ),
 .UNSPECIFIED., .F., .T. ) 
 B_SPLINE_CURVE_WITH_KNOTS ( ( 3, 2, 2, 2, 3 ),
 ( 0.8863636363636363500, 0.8939393939393939200, 0.9090909090909090600, 0.9242424242424242000, 0.9318181818181817700 ),
 .UNSPECIFIED. ) 
 CURVE ( )  GEOMETRIC_REPRESENTATION_ITEM ( )  RATIONAL_B_SPLINE_CURVE ( ( 0.9330127018922194100, 0.9330127018922194100, 1.000000000000000000, 0.8660254037844387100, 1.000000000000000000, 0.8660254037844387100, 1.000000000000000000, 0.9330127018922198500, 0.9330127018922194100 ) ) 
 REPRESENTATION_ITEM ( '' )  );
#2702 = VECTOR ( 'NONE', #2784, 1000.000000000000000 ) ;
#2703 = CARTESIAN_POINT ( 'NONE',  ( 2.336800000000000200, 5.723320255224261900E-016, 0.0000000000000000000 ) ) ;
#2704 = AXIS2_PLACEMENT_3D ( 'NONE', #2661, #2660, #2659 ) ;
#2705 = CARTESIAN_POINT ( 'NONE',  ( -2.336800000000002000, 5.470621212121200100, 5.984528588920929500E-015 ) ) ;
#2706 = VECTOR ( 'NONE', #2658, 1000.000000000000000 ) ;
#2707 = CARTESIAN_POINT ( 'NONE',  ( 2.336800000000000200, 5.723320255224261900E-016, 0.0000000000000000000 ) ) ;
#2708 = LINE ( 'NONE', #2707, #2706 ) ;
#2709 = CARTESIAN_POINT ( 'NONE',  ( -2.336800000000002000, 6.232621212121198800, -3.079417623425332900E-015 ) ) ;
#2710 = CARTESIAN_POINT ( 'NONE',  ( -2.336800000000001100, 6.266650759559951200, -0.6261436728730457300 ) ) ;
#2711 = CARTESIAN_POINT ( 'NONE',  ( -2.023728163563481200, 6.296121212121199100, -1.168399999999994800 ) ) ;
#2712 = CARTESIAN_POINT ( 'NONE',  ( 4.178175804906184300E-015, 0.7081212121212117100, 2.336800000000000200 ) ) ;
#2713 = CARTESIAN_POINT ( 'NONE',  ( 4.178175804906184300E-015, 0.7081212121212117100, 2.336800000000000200 ) ) ;
#2714 = DIRECTION ( 'NONE',  ( 1.000000000000000000, 2.449212707644754000E-016, 0.0000000000000000000 ) ) ;
#2715 = DIRECTION ( 'NONE',  ( 2.449212707644754000E-016, -1.000000000000000000, -0.0000000000000000000 ) ) ;
#2716 = CARTESIAN_POINT ( 'NONE',  ( 0.0000000000000000000, 0.0000000000000000000, 0.0000000000000000000 ) ) ;
#2717 = CARTESIAN_POINT ( 'NONE',  ( 2.336799999999997100, 5.817591664682447900, -0.6261436728730542800 ) ) ;
#2718 = CARTESIAN_POINT ( 'NONE',  ( 2.336799999999998900, 5.851621212121200300, -6.623653001329960800E-015 ) ) ;
#2719 = FACE_OUTER_BOUND ( 'NONE', #737, .T. ) ;
#2720 = CYLINDRICAL_SURFACE ( 'NONE', #2680, 2.336800000000000200 ) ;
#2721 =( BOUNDED_CURVE ( )  B_SPLINE_CURVE ( 2, ( #2781, #2780, #2788, #2787, #2786, #2785, #2711, #2710, #2709 ),
 .UNSPECIFIED., .F., .F. ) 
 B_SPLINE_CURVE_WITH_KNOTS ( ( 3, 2, 2, 2, 3 ),
 ( 0.2954545454545454100, 0.3030303030303029800, 0.3181818181818181200, 0.3333333333333332600, 0.3409090909090908300 ),
 .UNSPECIFIED. ) 
 CURVE ( )  GEOMETRIC_REPRESENTATION_ITEM ( )  RATIONAL_B_SPLINE_CURVE ( ( 0.9330127018922194100, 0.9330127018922194100, 1.000000000000000000, 0.8660254037844387100, 1.000000000000000000, 0.8660254037844387100, 1.000000000000000000, 0.9330127018922198500, 0.9330127018922194100 ) ) 
 REPRESENTATION_ITEM ( '' )  );
#2722 = CARTESIAN_POINT ( 'NONE',  ( -2.336800000000000700, 0.8645916646824588500, 0.6261436728730535000 ) ) ;
#2723 = DIRECTION ( 'NONE',  ( -0.0000000000000000000, 1.000000000000000000, -0.0000000000000000000 ) ) ;
#2724 = VECTOR ( 'NONE', #2723, 1000.000000000000000 ) ;
#2725 = CARTESIAN_POINT ( 'NONE',  ( -0.5537200000000002100, 7.111999999999999200, -0.5537200000000002100 ) ) ;
#2726 = LINE ( 'NONE', #2725, #2724 ) ;
#2727 = DIRECTION ( 'NONE',  ( -1.000000000000000000, 0.0000000000000000000, 0.0000000000000000000 ) ) ;
#2728 = DIRECTION ( 'NONE',  ( -2.449212707644754000E-016, 1.000000000000000000, 0.0000000000000000000 ) ) ;
#2729 = AXIS2_PLACEMENT_3D ( 'NONE', #2735, #2728, #2727 ) ;
#2730 = CONICAL_SURFACE ( 'NONE', #2729, 2.521136606623057800, 0.7897010070859865600 ) ;
#2731 = FACE_OUTER_BOUND ( 'NONE', #777, .T. ) ;
#2732 = DIRECTION ( 'NONE',  ( 0.0000000000000000000, -0.0000000000000000000, -1.000000000000000000 ) ) ;
#2733 = DIRECTION ( 'NONE',  ( 0.0000000000000000000, -1.000000000000000000, 0.0000000000000000000 ) ) ;
#2734 = AXIS2_PLACEMENT_3D ( 'NONE', #2736, #2733, #2732 ) ;
#2735 = CARTESIAN_POINT ( 'NONE',  ( -2.279416950276829900E-015, 9.306733315412177600, 0.0000000000000000000 ) ) ;
#2736 = CARTESIAN_POINT ( 'NONE',  ( 0.5537199999999997700, 7.111999999999999200, 0.5537200000000003200 ) ) ;
#2737 = PLANE ( 'NONE',  #2734 ) ;
#2738 = FACE_OUTER_BOUND ( 'NONE', #1160, .T. ) ;
#2739 = FACE_BOUND ( 'NONE', #767, .T. ) ;
#2740 = DIRECTION ( 'NONE',  ( -1.000000000000000000, -0.0000000000000000000, -0.0000000000000000000 ) ) ;
#2741 = VECTOR ( 'NONE', #2740, 1000.000000000000000 ) ;
#2742 = CARTESIAN_POINT ( 'NONE',  ( -0.5537200000000005500, 7.111999999999999200, -2.197099999999999400 ) ) ;
#2743 = CARTESIAN_POINT ( 'NONE',  ( -2.336800000000002000, 1.660621212121210100, 1.743066579297358300E-016 ) ) ;
#2744 = CARTESIAN_POINT ( 'NONE',  ( -2.336800000000003300, 1.694650759559962000, -0.6261436728730416200 ) ) ;
#2745 = CARTESIAN_POINT ( 'NONE',  ( -2.023728163563481200, 1.724121212121209300, -1.168399999999994800 ) ) ;
#2746 = CARTESIAN_POINT ( 'NONE',  ( -1.349152109042326000, 1.787621212121209600, -2.336799999999996200 ) ) ;
#2747 = CARTESIAN_POINT ( 'NONE',  ( -7.574841956376235200E-015, 1.851121212121208800, -2.336800000000000200 ) ) ;
#2748 = CARTESIAN_POINT ( 'NONE',  ( 1.349152109042309500, 1.914621212121208700, -2.336800000000004200 ) ) ;
#2749 = CARTESIAN_POINT ( 'NONE',  ( 2.023728163563471400, 1.978121212121208800, -1.168400000000006300 ) ) ;
#2750 = CARTESIAN_POINT ( 'NONE',  ( -7.562710592741270400E-015, 4.762499999999991300, -2.330450000000000400 ) ) ;
#2751 = CARTESIAN_POINT ( 'NONE',  ( -1.345485934832971700, 4.698999999999991900, -2.330449999999996400 ) ) ;
#2752 = DIRECTION ( 'NONE',  ( 1.319478358609092200E-016, 0.0000000000000000000, -1.000000000000000000 ) ) ;
#2753 = VECTOR ( 'NONE', #2752, 1000.000000000000000 ) ;
#2754 = CARTESIAN_POINT ( 'NONE',  ( 0.5537199999999999900, 7.111999999999999200, 2.197099999999999400 ) ) ;
#2755 = LINE ( 'NONE', #2754, #2753 ) ;
#2756 = TOROIDAL_SURFACE ( 'NONE', #2397, 0.1119199816763144800, 9.477601241802739600 ) ;
#2757 = CARTESIAN_POINT ( 'NONE',  ( -0.5537200000000002100, 7.111999999999999200, -0.5537200000000002100 ) ) ;
#2758 = DIRECTION ( 'NONE',  ( -1.000000000000000000, -0.0000000000000000000, 1.319478358609092000E-016 ) ) ;
#2759 = VECTOR ( 'NONE', #2758, 1000.000000000000000 ) ;
#2760 = CARTESIAN_POINT ( 'NONE',  ( -2.197099999999999400, 7.111999999999999200, -0.5537199999999999900 ) ) ;
#2761 = DIRECTION ( 'NONE',  ( -1.000000000000000000, 0.0000000000000000000, 1.319478358609092000E-016 ) ) ;
#2762 = DIRECTION ( 'NONE',  ( -1.319478358609092000E-016, 0.0000000000000000000, -1.000000000000000000 ) ) ;
#2763 = AXIS2_PLACEMENT_3D ( 'NONE', #2765, #2762, #2761 ) ;
#2764 = LINE ( 'NONE', #2760, #2759 ) ;
#2765 = CARTESIAN_POINT ( 'NONE',  ( -2.197099999999999400, 7.111999999999999200, -0.5537199999999999900 ) ) ;
#2766 = PLANE ( 'NONE',  #2763 ) ;
#2767 = FACE_OUTER_BOUND ( 'NONE', #788, .T. ) ;
#2768 = DIRECTION ( 'NONE',  ( -0.0000000000000000000, 1.000000000000000000, -0.0000000000000000000 ) ) ;
#2769 = VECTOR ( 'NONE', #2768, 1000.000000000000000 ) ;
#2770 = CARTESIAN_POINT ( 'NONE',  ( -2.197099999999999400, 7.111999999999999200, -0.5537199999999999900 ) ) ;
#2771 = LINE ( 'NONE', #2770, #2769 ) ;
#2772 = CARTESIAN_POINT ( 'NONE',  ( -2.197099999999999400, 7.111999999999999200, -0.5537199999999999900 ) ) ;
#2773 = DIRECTION ( 'NONE',  ( 0.0000000000000000000, 0.0000000000000000000, 1.000000000000000000 ) ) ;
#2774 = VECTOR ( 'NONE', #2773, 1000.000000000000000 ) ;
#2775 = CARTESIAN_POINT ( 'NONE',  ( -2.197099999999999400, 7.111999999999999200, -0.5537199999999999900 ) ) ;
#2776 = LINE ( 'NONE', #2775, #2774 ) ;
#2777 = CARTESIAN_POINT ( 'NONE',  ( -2.336800000000003300, 5.504650759559952500, -0.6261436728730416200 ) ) ;
#2778 = CARTESIAN_POINT ( 'NONE',  ( -2.023728163563481200, 5.534121212121200500, -1.168399999999994800 ) ) ;
#2779 = CARTESIAN_POINT ( 'NONE',  ( -1.349152109042326000, 5.597621212121200800, -2.336799999999996200 ) ) ;
#2780 = CARTESIAN_POINT ( 'NONE',  ( 2.336799999999997100, 6.579591664682444800, -0.6261436728730542800 ) ) ;
#2781 = CARTESIAN_POINT ( 'NONE',  ( 2.336799999999998900, 6.613621212121197200, -6.623653001329960800E-015 ) ) ;
#2782 = CARTESIAN_POINT ( 'NONE',  ( 2.336799999999998900, 6.467378787878775600, -6.623653001329960800E-015 ) ) ;
#2783 = LINE ( 'NONE', #2698, #2697 ) ;
#2784 = DIRECTION ( 'NONE',  ( 2.449212707644754000E-016, -1.000000000000000000, -0.0000000000000000000 ) ) ;
#2785 = CARTESIAN_POINT ( 'NONE',  ( -1.349152109042326000, 6.359621212121198600, -2.336799999999996200 ) ) ;
#2786 = CARTESIAN_POINT ( 'NONE',  ( -7.574841956376235200E-015, 6.423121212121198900, -2.336800000000000200 ) ) ;
#2787 = CARTESIAN_POINT ( 'NONE',  ( 1.349152109042309500, 6.486621212121198400, -2.336800000000004200 ) ) ;
#2788 = CARTESIAN_POINT ( 'NONE',  ( 2.023728163563471400, 6.550121212121197800, -1.168400000000006300 ) ) ;
#2789 = FACE_OUTER_BOUND ( 'NONE', #799, .T. ) ;
#2790 = LINE ( 'NONE', #2792, #2793 ) ;
#2791 = CARTESIAN_POINT ( 'NONE',  ( 0.5537199999999999900, 7.111999999999999200, 2.197099999999999400 ) ) ;
#2792 = CARTESIAN_POINT ( 'NONE',  ( 0.5537199999999999900, 7.111999999999999200, 2.197099999999999400 ) ) ;
#2793 = VECTOR ( 'NONE', #2794, 1000.000000000000000 ) ;
#2794 = DIRECTION ( 'NONE',  ( -0.0000000000000000000, 1.000000000000000000, -0.0000000000000000000 ) ) ;
#2795 = PLANE ( 'NONE',  #2811 ) ;
#2796 = DIRECTION ( 'NONE',  ( 0.0000000000000000000, 0.0000000000000000000, 1.000000000000000000 ) ) ;
#2797 = CARTESIAN_POINT ( 'NONE',  ( -2.439857534622634100, 9.306733315412177600, 0.6350000000000000100 ) ) ;
#2798 = CARTESIAN_POINT ( 'NONE',  ( -2.208068490404717200, 9.084339069757893600, 0.6350000000000000100 ) ) ;
#2799 = CARTESIAN_POINT ( 'NONE',  ( -1.975443444251533800, 8.862863625528170500, 0.6350000000000000100 ) ) ;
#2800 = CARTESIAN_POINT ( 'NONE',  ( -1.505451710639913700, 8.425124001064928000, 0.6350000000000000100 ) ) ;
#2801 = CARTESIAN_POINT ( 'NONE',  ( -1.268841840060394500, 8.208028047127134700, 0.6350000000000000100 ) ) ;
#2802 = CARTESIAN_POINT ( 'NONE',  ( -2.279416950276829900E-015, 9.306733315412177600, 0.0000000000000000000 ) ) ;
#2803 = CIRCLE ( 'NONE', #2847, 2.521136606623057800 ) ;
#2804 = CARTESIAN_POINT ( 'NONE',  ( 0.5537199999999999900, 9.053585663147703900, 2.197099999999999400 ) ) ;
#2805 = B_SPLINE_CURVE_WITH_KNOTS ( 'NONE', 3,
 ( #2861, #2860, #2859, #2858, #2857, #2856, #2855, #2854 ),
 .UNSPECIFIED., .F., .F.,
 ( 4, 2, 2, 4 ),
 ( 0.002296123212793458400, 0.003398353300395614400, 0.003949468344196693100, 0.004500583387997770900 ),
 .UNSPECIFIED. ) ;
#2806 = CARTESIAN_POINT ( 'NONE',  ( 1.069249339602662600, 8.000999999999999400, 0.5537200000000003200 ) ) ;
#2807 = CARTESIAN_POINT ( 'NONE',  ( 0.9032823292236529200, 7.854885172472670300, 0.5537200000000004300 ) ) ;
#2808 = CARTESIAN_POINT ( 'NONE',  ( 0.7354571890955408100, 7.710974671435979900, 0.5537200000000004300 ) ) ;
#2809 = CARTESIAN_POINT ( 'NONE',  ( 0.5537200000000002100, 7.583568237509116000, 0.5537200000000004300 ) ) ;
#2810 = DIRECTION ( 'NONE',  ( 1.000000000000000000, 0.0000000000000000000, -0.0000000000000000000 ) ) ;
#2811 = AXIS2_PLACEMENT_3D ( 'NONE', #2791, #2796, #2810 ) ;
#2812 = CARTESIAN_POINT ( 'NONE',  ( -1.023071350708610400, 8.000999999999999400, 0.6350000000000000100 ) ) ;
#2813 = CARTESIAN_POINT ( 'NONE',  ( -2.439857534622634100, 9.306733315412177600, 0.6350000000000000100 ) ) ;
#2814 = B_SPLINE_CURVE_WITH_KNOTS ( 'NONE', 3,
 ( #2812, #2801, #2800, #2799, #2798, #2797 ),
 .UNSPECIFIED., .F., .F.,
 ( 4, 2, 4 ),
 ( 0.008754411884678819900, 0.009706653189658662900, 0.01065889449463850600 ),
 .UNSPECIFIED. ) ;
#2815 = DIRECTION ( 'NONE',  ( -0.0000000000000000000, 1.000000000000000000, 0.0000000000000000000 ) ) ;
#2816 = CARTESIAN_POINT ( 'NONE',  ( -2.279416950276829900E-015, 8.000999999999999400, -2.233884756165860500E-017 ) ) ;
#2817 = AXIS2_PLACEMENT_3D ( 'NONE', #2816, #2815, #2834 ) ;
#2818 = CIRCLE ( 'NONE', #2817, 1.204117929706528100 ) ;
#2819 = CARTESIAN_POINT ( 'NONE',  ( 0.5537200000000002100, 7.583568237509116000, 0.5537200000000004300 ) ) ;
#2820 = B_SPLINE_CURVE_WITH_KNOTS ( 'NONE', 3,
 ( #2809, #2808, #2807, #2806 ),
 .UNSPECIFIED., .F., .F.,
 ( 4, 4 ),
 ( 0.001910085069979270600, 0.002578073509052845600 ),
 .UNSPECIFIED. ) ;
#2821 = CARTESIAN_POINT ( 'NONE',  ( 1.069249339602662600, 8.000999999999999400, 0.5537200000000003200 ) ) ;
#2822 = DIRECTION ( 'NONE',  ( -1.000000000000000000, 0.0000000000000000000, 0.0000000000000000000 ) ) ;
#2823 = DIRECTION ( 'NONE',  ( -2.449212707644754000E-016, 1.000000000000000000, 0.0000000000000000000 ) ) ;
#2824 = AXIS2_PLACEMENT_3D ( 'NONE', #2835, #2823, #2822 ) ;
#2825 = CARTESIAN_POINT ( 'NONE',  ( -4.841178069613123500, 8.000999999999999400, 0.6350000000000000100 ) ) ;
#2826 = CARTESIAN_POINT ( 'NONE',  ( -4.838738756556281800, 8.070259534983582800, 0.6350000000000000100 ) ) ;
#2827 = CARTESIAN_POINT ( 'NONE',  ( -4.836299412355546500, 8.139519068870289000, 0.6350000000000000100 ) ) ;
#2828 = CARTESIAN_POINT ( 'NONE',  ( -4.833860036869261000, 8.208778601655087200, 0.6350000000000000100 ) ) ;
#2829 = CARTESIAN_POINT ( 'NONE',  ( -4.832359349360603000, 8.251386603699039300, 0.6350000000000000100 ) ) ;
#2830 = CARTESIAN_POINT ( 'NONE',  ( -4.830858650011510500, 8.293994605325966800, 0.6350000000000000100 ) ) ;
#2831 = CARTESIAN_POINT ( 'NONE',  ( -4.829357938788837700, 8.336602606534686500, 0.6350000000000000100 ) ) ;
#2832 = CONICAL_SURFACE ( 'NONE', #2824, 2.521136606623057800, 0.7897010070859865600 ) ;
#2833 = CARTESIAN_POINT ( 'NONE',  ( -1.023071350708610400, 8.000999999999999400, 0.6350000000000000100 ) ) ;
#2834 = DIRECTION ( 'NONE',  ( 0.0000000000000000000, 0.0000000000000000000, 1.000000000000000000 ) ) ;
#2835 = CARTESIAN_POINT ( 'NONE',  ( -2.279416950276829900E-015, 9.306733315412177600, 0.0000000000000000000 ) ) ;
#2836 = B_SPLINE_CURVE_WITH_KNOTS ( 'NONE', 3,
 ( #2831, #2830, #2829, #2828, #2827, #2826, #2825 ),
 .UNSPECIFIED., .F., .F.,
 ( 4, 3, 4 ),
 ( 0.009294055172160798500, 0.009421958436790289100, 0.009629865870252491200 ),
 .UNSPECIFIED. ) ;
#2837 = FACE_OUTER_BOUND ( 'NONE', #819, .T. ) ;
#2838 = DIRECTION ( 'NONE',  ( 1.000000000000000000, 3.561383125461982200E-016, 0.0000000000000000000 ) ) ;
#2839 = DIRECTION ( 'NONE',  ( 2.449212707644754000E-016, -1.000000000000000000, -0.0000000000000000000 ) ) ;
#2840 = CARTESIAN_POINT ( 'NONE',  ( -2.041811304250914000E-015, 8.336602606534688300, 0.0000000000000000000 ) ) ;
#2841 = AXIS2_PLACEMENT_3D ( 'NONE', #2840, #2839, #2838 ) ;
#2842 = CIRCLE ( 'NONE', #2841, 4.870926308305509900 ) ;
#2843 = CARTESIAN_POINT ( 'NONE',  ( 1.023071350708605600, 8.000999999999999400, 0.6350000000000000100 ) ) ;
#2844 = CARTESIAN_POINT ( 'NONE',  ( 2.439857534622629700, 9.306733315412177600, 0.6350000000000000100 ) ) ;
#2845 = DIRECTION ( 'NONE',  ( 1.000000000000000000, 0.0000000000000000000, 0.0000000000000000000 ) ) ;
#2846 = DIRECTION ( 'NONE',  ( 2.449212707644754000E-016, -1.000000000000000000, -0.0000000000000000000 ) ) ;
#2847 = AXIS2_PLACEMENT_3D ( 'NONE', #2802, #2846, #2845 ) ;
#2848 = CARTESIAN_POINT ( 'NONE',  ( 0.1860831342565704700, 8.985513583018988700, 2.197099999999998900 ) ) ;
#2849 = CARTESIAN_POINT ( 'NONE',  ( -0.1851232883619029200, 8.985433193447312000, 2.197099999999999800 ) ) ;
#2850 = CARTESIAN_POINT ( 'NONE',  ( -0.3724891614508514200, 9.009675697828701100, 2.197099999999999800 ) ) ;
#2851 = CARTESIAN_POINT ( 'NONE',  ( -0.5537199999999999900, 9.053585663147702100, 2.197099999999999400 ) ) ;
#2852 = CARTESIAN_POINT ( 'NONE',  ( -0.5537199999999999900, 9.053585663147702100, 2.197099999999999400 ) ) ;
#2853 = B_SPLINE_CURVE_WITH_KNOTS ( 'NONE', 3,
 ( #2851, #2850, #2849, #2848, #2892, #2891 ),
 .UNSPECIFIED., .F., .F.,
 ( 4, 2, 4 ),
 ( 0.004321647770470138700, 0.004878232354606370900, 0.005434816938742603000 ),
 .UNSPECIFIED. ) ;
#2854 = CARTESIAN_POINT ( 'NONE',  ( 0.5537200000000002100, 7.583568237509116000, 0.5537200000000004300 ) ) ;
#2855 = CARTESIAN_POINT ( 'NONE',  ( 0.5537200000000002100, 7.690043686678337500, 0.7056004682250786000 ) ) ;
#2856 = CARTESIAN_POINT ( 'NONE',  ( 0.5537199999999999900, 7.808005817800871100, 0.8467782874655616100 ) ) ;
#2857 = CARTESIAN_POINT ( 'NONE',  ( 0.5537200000000001000, 8.048443299584707900, 1.124928759936858900 ) ) ;
#2858 = CARTESIAN_POINT ( 'NONE',  ( 0.5537200000000001000, 8.171797670966565600, 1.261082390732778800 ) ) ;
#2859 = CARTESIAN_POINT ( 'NONE',  ( 0.5537199999999997700, 8.545289776806486200, 1.666348340087827800 ) ) ;
#2860 = CARTESIAN_POINT ( 'NONE',  ( 0.5537199999999997700, 8.798922650549030800, 1.932204082982538000 ) ) ;
#2861 = CARTESIAN_POINT ( 'NONE',  ( 0.5537199999999999900, 9.053585663147703900, 2.197099999999999400 ) ) ;
#2862 = CARTESIAN_POINT ( 'NONE',  ( 1.345485934832955500, 4.825999999999991600, -2.330450000000003900 ) ) ;
#2863 = DIRECTION ( 'NONE',  ( 1.000000000000000000, 0.0000000000000000000, 0.0000000000000000000 ) ) ;
#2864 = DIRECTION ( 'NONE',  ( 2.449212707644754000E-016, -1.000000000000000000, -0.0000000000000000000 ) ) ;
#2865 = CARTESIAN_POINT ( 'NONE',  ( -2.279416950276829900E-015, 9.306733315412177600, 0.0000000000000000000 ) ) ;
#2866 = AXIS2_PLACEMENT_3D ( 'NONE', #2865, #2864, #2863 ) ;
#2867 = CARTESIAN_POINT ( 'NONE',  ( 2.018228902249440600, 4.889499999999991100, -1.165225000000006200 ) ) ;
#2868 = CARTESIAN_POINT ( 'NONE',  ( 2.439857534622630100, 9.306733315412179400, -0.6350000000000000100 ) ) ;
#2869 = CARTESIAN_POINT ( 'NONE',  ( 2.208068490404714500, 9.084339069757897200, -0.6350000000000000100 ) ) ;
#2870 = CARTESIAN_POINT ( 'NONE',  ( 1.975443444251529600, 8.862863625528174100, -0.6350000000000000100 ) ) ;
#2871 = CARTESIAN_POINT ( 'NONE',  ( 1.505451710639909500, 8.425124001064931500, -0.6350000000000000100 ) ) ;
#2872 = CARTESIAN_POINT ( 'NONE',  ( 1.268841840060389600, 8.208028047127134700, -0.6350000000000000100 ) ) ;
#2873 = CARTESIAN_POINT ( 'NONE',  ( 1.023071350708605600, 8.000999999999999400, -0.6350000000000000100 ) ) ;
#2874 = CIRCLE ( 'NONE', #2866, 2.521136606623057800 ) ;
#2875 = CARTESIAN_POINT ( 'NONE',  ( 2.439857534622630100, 9.306733315412179400, -0.6350000000000000100 ) ) ;
#2876 = B_SPLINE_CURVE_WITH_KNOTS ( 'NONE', 3,
 ( #2873, #2872, #2871, #2870, #2869, #2868 ),
 .UNSPECIFIED., .F., .F.,
 ( 4, 2, 4 ),
 ( 0.008754411884678814700, 0.009706653189658659400, 0.01065889449463850400 ),
 .UNSPECIFIED. ) ;
#2877 = DIRECTION ( 'NONE',  ( 0.0000000000000000000, 0.0000000000000000000, 1.000000000000000000 ) ) ;
#2878 = DIRECTION ( 'NONE',  ( -0.0000000000000000000, 1.000000000000000000, 0.0000000000000000000 ) ) ;
#2879 = AXIS2_PLACEMENT_3D ( 'NONE', #2889, #2878, #2877 ) ;
#2880 = CARTESIAN_POINT ( 'NONE',  ( -0.5537199999999999900, 9.053585663147702100, 2.197099999999999400 ) ) ;
#2881 = CARTESIAN_POINT ( 'NONE',  ( -0.5537199999999998800, 8.798650205365012400, 1.931920690368427800 ) ) ;
#2882 = CARTESIAN_POINT ( 'NONE',  ( -0.5537199999999998800, 8.544638350129071500, 1.665666421317628000 ) ) ;
#2883 = CARTESIAN_POINT ( 'NONE',  ( -0.5537200000000001000, 8.170813443933413500, 1.260001904465156900 ) ) ;
#2884 = CARTESIAN_POINT ( 'NONE',  ( -0.5537200000000001000, 8.047407337799183900, 1.123767011750469000 ) ) ;
#2885 = CARTESIAN_POINT ( 'NONE',  ( -0.5537200000000001000, 7.807160289743936100, 0.8457631427884929600 ) ) ;
#2886 = CARTESIAN_POINT ( 'NONE',  ( -0.5537200000000005500, 7.689438264895972700, 0.7047368724901353900 ) ) ;
#2887 = CARTESIAN_POINT ( 'NONE',  ( -0.5537200000000002100, 7.583568237509113400, 0.5537200000000002100 ) ) ;
#2888 = CIRCLE ( 'NONE', #2879, 1.204117929706528100 ) ;
#2889 = CARTESIAN_POINT ( 'NONE',  ( -2.279416950276829900E-015, 8.000999999999999400, -2.233884756165860500E-017 ) ) ;
#2890 = B_SPLINE_CURVE_WITH_KNOTS ( 'NONE', 3,
 ( #2887, #2886, #2885, #2884, #2883, #2882, #2881, #2880 ),
 .UNSPECIFIED., .F., .F.,
 ( 4, 2, 2, 4 ),
 ( 0.001910085069979272300, 0.002465158720179871700, 0.003020232370380472300, 0.004130379670781669800 ),
 .UNSPECIFIED. ) ;
#2891 = CARTESIAN_POINT ( 'NONE',  ( 0.5537199999999999900, 9.053585663147703900, 2.197099999999999400 ) ) ;
#2892 = CARTESIAN_POINT ( 'NONE',  ( 0.3733106273248535900, 9.009874728734871500, 2.197099999999999400 ) ) ;
#2893 = CARTESIAN_POINT ( 'NONE',  ( -1.555250069354418500E-015, 6.349999999999998800, 0.0000000000000000000 ) ) ;
#2894 = AXIS2_PLACEMENT_3D ( 'NONE', #2893, #3081, #3080 ) ;
#2895 = CIRCLE ( 'NONE', #2894, 4.040383514342185100 ) ;
#2896 = DIRECTION ( 'NONE',  ( 1.000000000000000000, 2.268976738923805400E-016, 0.0000000000000000000 ) ) ;
#2897 = DIRECTION ( 'NONE',  ( 2.449212707644754000E-016, -1.000000000000000000, -0.0000000000000000000 ) ) ;
#2898 = CARTESIAN_POINT ( 'NONE',  ( -1.661007074070518800E-015, 6.781799999999998700, 0.0000000000000000000 ) ) ;
#2899 = CARTESIAN_POINT ( 'NONE',  ( 0.4490975215569508700, 6.781800000000000500, 2.293239118829828000 ) ) ;
#2900 = CARTESIAN_POINT ( 'NONE',  ( 1.043663592564346000, 6.781799999999998700, -2.315678368330904600 ) ) ;
#2901 = CARTESIAN_POINT ( 'NONE',  ( 1.276140219742729800, 6.781799999999996100, -2.201580689074213600 ) ) ;
#2902 = CARTESIAN_POINT ( 'NONE',  ( 1.488471866873005700, 6.781799999999998700, -2.053262600877045600 ) ) ;
#2903 = CARTESIAN_POINT ( 'NONE',  ( 1.861309647471418600, 6.781799999999999600, -1.697781687296791700 ) ) ;
#2904 = CARTESIAN_POINT ( 'NONE',  ( 2.018238707166139200, 6.781800000000002300, -1.494573280180711200 ) ) ;
#2905 = CARTESIAN_POINT ( 'NONE',  ( 2.268267873054898400, 6.781800000000001400, -1.042376776231592100 ) ) ;
#2906 = PLANE ( 'NONE',  #3028 ) ;
#2907 = FACE_BOUND ( 'NONE', #902, .T. ) ;
#2908 = CARTESIAN_POINT ( 'NONE',  ( 4.841178069613119900, 8.000999999999999400, -0.6350000000000000100 ) ) ;
#2909 = CARTESIAN_POINT ( 'NONE',  ( 4.838738756556278300, 8.070259534983582800, -0.6350000000000000100 ) ) ;
#2910 = CARTESIAN_POINT ( 'NONE',  ( 4.836299412355542100, 8.139519068870290800, -0.6350000000000000100 ) ) ;
#2911 = CARTESIAN_POINT ( 'NONE',  ( 4.833860036869255700, 8.208778601655089000, -0.6350000000000000100 ) ) ;
#2912 = CARTESIAN_POINT ( 'NONE',  ( 4.832359349360597600, 8.251386603699042900, -0.6350000000000000100 ) ) ;
#2913 = CARTESIAN_POINT ( 'NONE',  ( 4.830858650011504300, 8.293994605325972100, -0.6350000000000000100 ) ) ;
#2914 = CARTESIAN_POINT ( 'NONE',  ( 4.829357938788832300, 8.336602606534690100, -0.6350000000000000100 ) ) ;
#2915 = CARTESIAN_POINT ( 'NONE',  ( 4.841178069613119900, 8.000999999999999400, -0.6350000000000000100 ) ) ;
#2916 = B_SPLINE_CURVE_WITH_KNOTS ( 'NONE', 3,
 ( #2914, #2913, #2912, #2911, #2910, #2909, #2908 ),
 .UNSPECIFIED., .F., .F.,
 ( 4, 3, 4 ),
 ( 0.009294055172160791600, 0.009421958436790287300, 0.009629865870252491200 ),
 .UNSPECIFIED. ) ;
#2917 = FACE_OUTER_BOUND ( 'NONE', #892, .T. ) ;
#2918 = CARTESIAN_POINT ( 'NONE',  ( -1.023071350708610400, 8.000999999999999400, -0.6350000000000000100 ) ) ;
#2919 = B_SPLINE_CURVE_WITH_KNOTS ( 'NONE', 3,
 ( #2923, #2922, #2994, #2993, #2921, #2920 ),
 .UNSPECIFIED., .F., .F.,
 ( 4, 2, 4 ),
 ( 0.004471279069248325700, 0.005434486212533869500, 0.006397693355819412400 ),
 .UNSPECIFIED. ) ;
#2920 = CARTESIAN_POINT ( 'NONE',  ( -1.023071350708610400, 8.000999999999999400, -0.6350000000000000100 ) ) ;
#2921 = CARTESIAN_POINT ( 'NONE',  ( -1.269105100671201100, 8.208249808211336400, -0.6350000000000000100 ) ) ;
#2922 = CARTESIAN_POINT ( 'NONE',  ( -2.208180153753669400, 9.084446207204107900, -0.6350000000000000100 ) ) ;
#2923 = CARTESIAN_POINT ( 'NONE',  ( -2.439857534622633700, 9.306733315412175900, -0.6350000000000000100 ) ) ;
#2924 = CARTESIAN_POINT ( 'NONE',  ( -0.5537200000000002100, 7.583568237509113400, -0.5537200000000002100 ) ) ;
#2925 = DIRECTION ( 'NONE',  ( 0.0000000000000000000, 0.0000000000000000000, 1.000000000000000000 ) ) ;
#2926 = DIRECTION ( 'NONE',  ( -0.0000000000000000000, 1.000000000000000000, 0.0000000000000000000 ) ) ;
#2927 = AXIS2_PLACEMENT_3D ( 'NONE', #2962, #2926, #2925 ) ;
#2928 = CIRCLE ( 'NONE', #2927, 1.204117929706528100 ) ;
#2929 = CARTESIAN_POINT ( 'NONE',  ( 0.03273288753850923900, 6.781800000000004000, -2.520493365239171900 ) ) ;
#2930 = CARTESIAN_POINT ( 'NONE',  ( 0.5517877144346909900, 6.781800000000000500, -2.475812624991067200 ) ) ;
#2931 = CARTESIAN_POINT ( 'NONE',  ( 0.8022757347858181500, 6.781799999999996900, -2.415073796992866000 ) ) ;
#2932 = B_SPLINE_CURVE_WITH_KNOTS ( 'NONE', 3,
 ( #2933, #2931, #2930, #2929, #2992, #2991, #2990, #2989, #2988, #2987, #2986, #2985, #2984, #2983, #2982, #2981, #2980, #2961, #2960, #2959, #2958, #2957, #2956, #2955, #2954, #2953 ),
 .UNSPECIFIED., .F., .F.,
 ( 4, 2, 2, 2, 2, 2, 2, 2, 2, 2, 2, 2, 4 ),
 ( 0.0000000000000000000, 0.0007732233347016789900, 0.001546446669403357800, 0.002319670004105036400, 0.002706281671455876200, 0.003092893338806716000, 0.003479505006157555300, 0.003866116673508395100, 0.004252728340859234800, 0.004639340008210073700, 0.005025951675560913500, 0.005412563342911753300, 0.006185786677613431900 ),
 .UNSPECIFIED. ) ;
#2933 = CARTESIAN_POINT ( 'NONE',  ( 1.043663592564346000, 6.781799999999998700, -2.315678368330904600 ) ) ;
#2934 = CARTESIAN_POINT ( 'NONE',  ( 0.4490975215569508700, 6.781800000000000500, 2.293239118829828000 ) ) ;
#2935 = AXIS2_PLACEMENT_3D ( 'NONE', #2898, #2897, #2896 ) ;
#2936 = CONICAL_SURFACE ( 'NONE', #2935, 3.822700000000002000, 0.4669464808485517800 ) ;
#2937 = FACE_OUTER_BOUND ( 'NONE', #861, .T. ) ;
#2938 = DIRECTION ( 'NONE',  ( 9.849005422665963600E-016, -0.8346094065617254400, 0.5508422083307383800 ) ) ;
#2939 = VECTOR ( 'NONE', #2938, 1000.000000000000000 ) ;
#2940 = CARTESIAN_POINT ( 'NONE',  ( 4.166822066305895100E-015, 1.333499999999999900, 2.330450000000000400 ) ) ;
#2941 = DIRECTION ( 'NONE',  ( -9.849005422665951800E-016, -0.8346094065617258900, -0.5508422083307377100 ) ) ;
#2942 = VECTOR ( 'NONE', #2941, 1000.000000000000000 ) ;
#2943 = CARTESIAN_POINT ( 'NONE',  ( 1.023071350708605600, 8.000999999999999400, 0.6350000000000000100 ) ) ;
#2944 = CARTESIAN_POINT ( 'NONE',  ( 1.269105100671195100, 8.208249808211336400, 0.6350000000000000100 ) ) ;
#2945 = CARTESIAN_POINT ( 'NONE',  ( 1.505717365826160900, 8.425367967712817900, 0.6350000000000000100 ) ) ;
#2946 = CARTESIAN_POINT ( 'NONE',  ( 1.975646386978035000, 8.863056103782385600, 0.6350000000000000100 ) ) ;
#2947 = CARTESIAN_POINT ( 'NONE',  ( 2.208180153753665800, 9.084446207204106100, 0.6350000000000000100 ) ) ;
#2948 = CARTESIAN_POINT ( 'NONE',  ( 2.439857534622629700, 9.306733315412177600, 0.6350000000000000100 ) ) ;
#2949 = CARTESIAN_POINT ( 'NONE',  ( -2.439857534622633700, 9.306733315412175900, -0.6350000000000000100 ) ) ;
#2950 = CARTESIAN_POINT ( 'NONE',  ( 1.043663592564346000, 6.781799999999998700, -2.315678368330904600 ) ) ;
#2951 = B_SPLINE_CURVE_WITH_KNOTS ( 'NONE', 3,
 ( #2934, #2979, #2978, #2977, #2976, #2975, #2974, #2973, #2972, #2971, #2970, #2969, #2968, #2967, #2966, #2965, #2964, #2963, #2905, #2904, #2903, #2902, #2901, #2900 ),
 .UNSPECIFIED., .F., .F.,
 ( 4, 2, 2, 2, 2, 2, 2, 2, 2, 2, 2, 4 ),
 ( 0.0001882264508068418900, 0.0005713428341142729500, 0.0009544592174217038500, 0.001337575600729134800, 0.001720691984036565900, 0.002103808367343997200, 0.002486924750651427900, 0.003253157517266290600, 0.004019390283881153200, 0.004785623050496016400, 0.005551855817110878600, 0.006318088583725740800 ),
 .UNSPECIFIED. ) ;
#2952 = LINE ( 'NONE', #2940, #2939 ) ;
#2953 = CARTESIAN_POINT ( 'NONE',  ( -1.990501127751549000, 6.781800000000000500, 1.224148479727774900 ) ) ;
#2954 = CARTESIAN_POINT ( 'NONE',  ( -2.133152026795315700, 6.781799999999984500, 1.007793861765241300 ) ) ;
#2955 = CARTESIAN_POINT ( 'NONE',  ( -2.240198175876878300, 6.781800000000000500, 0.7660292322091018000 ) ) ;
#2956 = CARTESIAN_POINT ( 'NONE',  ( -2.337750153100667000, 6.781799999999999600, 0.3919100073618831400 ) ) ;
#2957 = CARTESIAN_POINT ( 'NONE',  ( -2.360106079513002000, 6.781799999999997800, 0.2649521789519481100 ) ) ;
#2958 = CARTESIAN_POINT ( 'NONE',  ( -2.384047889993159400, 6.781799999999996900, 0.006434587903220804900 ) ) ;
#2959 = CARTESIAN_POINT ( 'NONE',  ( -2.385353728597416000, 6.781800000000000500, -0.1245710237154711600 ) ) ;
#2960 = CARTESIAN_POINT ( 'NONE',  ( -2.366997542742987900, 6.781800000000000500, -0.3817060688775348300 ) ) ;
#2961 = CARTESIAN_POINT ( 'NONE',  ( -2.347479015626314300, 6.781799999999997800, -0.5090055797562050800 ) ) ;
#2962 = CARTESIAN_POINT ( 'NONE',  ( -2.279416950276829900E-015, 8.000999999999999400, -2.233884756165860500E-017 ) ) ;
#2963 = CARTESIAN_POINT ( 'NONE',  ( 2.355543184624822000, 6.781800000000002300, -0.8024263004192678800 ) ) ;
#2964 = CARTESIAN_POINT ( 'NONE',  ( 2.453817326725024300, 6.781800000000002300, -0.2945280173561529200 ) ) ;
#2965 = CARTESIAN_POINT ( 'NONE',  ( 2.462360472126767300, 6.781800000000000500, -0.03863459343610001900 ) ) ;
#2966 = CARTESIAN_POINT ( 'NONE',  ( 2.398950772297257400, 6.781800000000000500, 0.4729860999468091200 ) ) ;
#2967 = CARTESIAN_POINT ( 'NONE',  ( 2.327436019989797900, 6.781799999999996900, 0.7208349500053982100 ) ) ;
#2968 = CARTESIAN_POINT ( 'NONE',  ( 2.163698842764747400, 6.781799999999997800, 1.070450404009676100 ) ) ;
#2969 = CARTESIAN_POINT ( 'NONE',  ( 2.099535494511032900, 6.781800000000000500, 1.183428557926304200 ) ) ;
#2970 = CARTESIAN_POINT ( 'NONE',  ( 1.955702277211153400, 6.781799999999999600, 1.394914203475391400 ) ) ;
#2971 = CARTESIAN_POINT ( 'NONE',  ( 1.875557899274217500, 6.781799999999996900, 1.494421467194229300 ) ) ;
#2972 = CARTESIAN_POINT ( 'NONE',  ( 1.698567737754357100, 6.781799999999999600, 1.680778541853816100 ) ) ;
#2973 = CARTESIAN_POINT ( 'NONE',  ( 1.601453901265322600, 6.781800000000002300, 1.767529736877316000 ) ) ;
#2974 = CARTESIAN_POINT ( 'NONE',  ( 1.397372709195201300, 6.781800000000002300, 1.921934153260116900 ) ) ;
#2975 = CARTESIAN_POINT ( 'NONE',  ( 1.289616902419878700, 6.781800000000004000, 1.990511828245922700 ) ) ;
#2976 = CARTESIAN_POINT ( 'NONE',  ( 1.062569178909111600, 6.781800000000002300, 2.110258622709006100 ) ) ;
#2977 = CARTESIAN_POINT ( 'NONE',  ( 0.9426669892752237400, 6.781799999999995200, 2.161431643450804100 ) ) ;
#2978 = CARTESIAN_POINT ( 'NONE',  ( 0.6997025039145899900, 6.781799999999996900, 2.242434068922707400 ) ) ;
#2979 = CARTESIAN_POINT ( 'NONE',  ( 0.5756762953487929400, 6.781799999999997800, 2.272880818801237300 ) ) ;
#2980 = CARTESIAN_POINT ( 'NONE',  ( -2.287452766040293500, 6.781799999999996900, -0.7610307690378203000 ) ) ;
#2981 = CARTESIAN_POINT ( 'NONE',  ( -2.246627853950742700, 6.781799999999956100, -0.8858972407629014400 ) ) ;
#2982 = CARTESIAN_POINT ( 'NONE',  ( -2.146767428648396900, 6.781799999999957000, -1.123765592934675300 ) ) ;
#2983 = CARTESIAN_POINT ( 'NONE',  ( -2.087411274201059100, 6.781800000000010300, -1.237947571410354700 ) ) ;
#2984 = CARTESIAN_POINT ( 'NONE',  ( -1.950672899950623500, 6.781800000000012000, -1.457223478958443500 ) ) ;
#2985 = CARTESIAN_POINT ( 'NONE',  ( -1.872538894732815900, 6.781800000000001400, -1.562913958156313400 ) ) ;
#2986 = CARTESIAN_POINT ( 'NONE',  ( -1.702924196391074200, 6.781800000000000500, -1.757994892650788200 ) ) ;
#2987 = CARTESIAN_POINT ( 'NONE',  ( -1.611090263060968500, 6.781800000000003200, -1.848208218135261000 ) ) ;
#2988 = CARTESIAN_POINT ( 'NONE',  ( -1.413448346234770200, 6.781800000000003200, -2.014063087959115700 ) ) ;
#2989 = CARTESIAN_POINT ( 'NONE',  ( -1.306588364909631500, 6.781800000000000500, -2.090262509441206200 ) ) ;
#2990 = CARTESIAN_POINT ( 'NONE',  ( -0.9732966152747230000, 6.781799999999998700, -2.290087356251647500 ) ) ;
#2991 = CARTESIAN_POINT ( 'NONE',  ( -0.7323596059111466800, 6.781799999999996900, -2.387215407731142000 ) ) ;
#2992 = CARTESIAN_POINT ( 'NONE',  ( -0.2254954656481310800, 6.781799999999998700, -2.503342041751825100 ) ) ;
#2993 = CARTESIAN_POINT ( 'NONE',  ( -1.505717365826165600, 8.425367967712819700, -0.6350000000000000100 ) ) ;
#2994 = CARTESIAN_POINT ( 'NONE',  ( -1.975646386978038300, 8.863056103782382100, -0.6350000000000000100 ) ) ;
#2995 = CARTESIAN_POINT ( 'NONE',  ( -1.069249339602667400, 8.000999999999999400, -0.5537200000000002100 ) ) ;
#2996 = CARTESIAN_POINT ( 'NONE',  ( 4.166822066305895100E-015, 0.6984999999999995700, 2.330450000000000400 ) ) ;
#2997 = LINE ( 'NONE', #2996, #2942 ) ;
#2998 = B_SPLINE_CURVE_WITH_KNOTS ( 'NONE', 3,
 ( #2948, #2947, #2946, #2945, #2944, #2943 ),
 .UNSPECIFIED., .F., .F.,
 ( 4, 2, 4 ),
 ( 0.004471279069248329200, 0.005434486212533873800, 0.006397693355819418500 ),
 .UNSPECIFIED. ) ;
#2999 = DIRECTION ( 'NONE',  ( 1.000000000000000000, 1.755686371249526800E-016, 0.0000000000000000000 ) ) ;
#3000 = DIRECTION ( 'NONE',  ( 2.449212707644754000E-016, -1.000000000000000000, -0.0000000000000000000 ) ) ;
#3001 = CARTESIAN_POINT ( 'NONE',  ( -1.555250069354418500E-015, 6.349999999999998800, 0.0000000000000000000 ) ) ;
#3002 = AXIS2_PLACEMENT_3D ( 'NONE', #3001, #3000, #2999 ) ;
#3003 = CIRCLE ( 'NONE', #3053, 4.882645809569134500 ) ;
#3004 = CARTESIAN_POINT ( 'NONE',  ( -1.555250069354418500E-015, 8.000999999999999400, -3.626045333570911500E-016 ) ) ;
#3005 = CONICAL_SURFACE ( 'NONE', #3002, 4.940299999999998800, 0.03490658503987958300 ) ;
#3006 = FACE_OUTER_BOUND ( 'NONE', #896, .T. ) ;
#3007 = DIRECTION ( 'NONE',  ( 1.000000000000000000, 2.268976738923805400E-016, 0.0000000000000000000 ) ) ;
#3008 = DIRECTION ( 'NONE',  ( 2.449212707644754000E-016, -1.000000000000000000, -0.0000000000000000000 ) ) ;
#3009 = CARTESIAN_POINT ( 'NONE',  ( -1.661007074070518800E-015, 6.781799999999998700, 0.0000000000000000000 ) ) ;
#3010 = AXIS2_PLACEMENT_3D ( 'NONE', #3009, #3008, #3007 ) ;
#3011 = CIRCLE ( 'NONE', #3010, 3.822700000000002000 ) ;
#3012 = CARTESIAN_POINT ( 'NONE',  ( 2.439857534622629700, 9.306733315412177600, 0.6350000000000000100 ) ) ;
#3013 = CARTESIAN_POINT ( 'NONE',  ( 2.860423641337398700, 9.199757570165578700, 0.6350000000000000100 ) ) ;
#3014 = CARTESIAN_POINT ( 'NONE',  ( 3.269682311653652600, 9.065059143662061600, 0.6350000000000000100 ) ) ;
#3015 = CARTESIAN_POINT ( 'NONE',  ( 4.066184546049036000, 8.741687388516426800, 0.6350000000000000100 ) ) ;
#3016 = CARTESIAN_POINT ( 'NONE',  ( 4.453429930405213200, 8.553018522686086200, 0.6350000000000000100 ) ) ;
#3017 = CARTESIAN_POINT ( 'NONE',  ( 4.829357938788832300, 8.336602606534690100, 0.6350000000000000100 ) ) ;
#3018 = B_SPLINE_CURVE_WITH_KNOTS ( 'NONE', 3,
 ( #3017, #3016, #3015, #3014, #3013, #3012 ),
 .UNSPECIFIED., .F., .F.,
 ( 4, 2, 4 ),
 ( 0.05527149165820283800, 0.05657769162290406100, 0.05788389158760529100 ),
 .UNSPECIFIED. ) ;
#3019 = DIRECTION ( 'NONE',  ( 1.000000000000000000, 1.755686371249526800E-016, 0.0000000000000000000 ) ) ;
#3020 = DIRECTION ( 'NONE',  ( 2.449212707644754000E-016, -1.000000000000000000, -0.0000000000000000000 ) ) ;
#3021 = CARTESIAN_POINT ( 'NONE',  ( -1.555250069354418500E-015, 6.349999999999998800, 0.0000000000000000000 ) ) ;
#3022 = AXIS2_PLACEMENT_3D ( 'NONE', #3021, #3020, #3019 ) ;
#3023 = CIRCLE ( 'NONE', #3022, 4.940299999999998800 ) ;
#3024 = CARTESIAN_POINT ( 'NONE',  ( -4.841178069613123500, 8.000999999999999400, -0.6350000000000000100 ) ) ;
#3025 = DIRECTION ( 'NONE',  ( 1.000000000000000000, 2.449212707644754000E-016, 0.0000000000000000000 ) ) ;
#3026 = DIRECTION ( 'NONE',  ( 2.449212707644754000E-016, -1.000000000000000000, -0.0000000000000000000 ) ) ;
#3027 = CARTESIAN_POINT ( 'NONE',  ( 3.822700000000000200, 6.781799999999999600, 0.0000000000000000000 ) ) ;
#3028 = AXIS2_PLACEMENT_3D ( 'NONE', #3027, #3026, #3025 ) ;
#3029 = CARTESIAN_POINT ( 'NONE',  ( 1.345485934832968900, 5.079999999999991200, 2.330449999999996400 ) ) ;
#3030 = CARTESIAN_POINT ( 'NONE',  ( 0.5537200000000005500, 9.053585663147703900, -2.197099999999999400 ) ) ;
#3031 = CARTESIAN_POINT ( 'NONE',  ( 0.5537200000000005500, 8.798650205365016000, -1.931920690368428300 ) ) ;
#3032 = CARTESIAN_POINT ( 'NONE',  ( 0.5537200000000004300, 8.544638350129080400, -1.665666421317628700 ) ) ;
#3033 = CARTESIAN_POINT ( 'NONE',  ( 0.5537200000000005500, 8.170813443933417000, -1.260001904465156900 ) ) ;
#3034 = CARTESIAN_POINT ( 'NONE',  ( 0.5537200000000003200, 8.047407337799187500, -1.123767011750468800 ) ) ;
#3035 = CARTESIAN_POINT ( 'NONE',  ( 0.5537200000000002100, 7.807160289743936900, -0.8457631427884927400 ) ) ;
#3036 = CARTESIAN_POINT ( 'NONE',  ( 0.5537200000000001000, 7.689438264895975400, -0.7047368724901355000 ) ) ;
#3037 = CARTESIAN_POINT ( 'NONE',  ( 0.5537200000000002100, 7.583568237509116000, -0.5537200000000002100 ) ) ;
#3038 = CARTESIAN_POINT ( 'NONE',  ( 4.166822066305895100E-015, 5.143499999999990600, 2.330450000000000400 ) ) ;
#3039 = CARTESIAN_POINT ( 'NONE',  ( 2.690971869665924800, 4.952999999999991400, -7.101586963124403600E-015 ) ) ;
#3040 = B_SPLINE_CURVE_WITH_KNOTS ( 'NONE', 3,
 ( #3037, #3036, #3035, #3034, #3033, #3032, #3031, #3030 ),
 .UNSPECIFIED., .F., .F.,
 ( 4, 2, 2, 4 ),
 ( 0.001910085069979271500, 0.002465158720179869100, 0.003020232370380467900, 0.004130379670781669800 ),
 .UNSPECIFIED. ) ;
#3041 = CARTESIAN_POINT ( 'NONE',  ( 2.018228902249447300, 5.016499999999991700, 1.165224999999993700 ) ) ;
#3042 = FACE_OUTER_BOUND ( 'NONE', #913, .T. ) ;
#3043 = CARTESIAN_POINT ( 'NONE',  ( -0.5537200000000005500, 9.053585663147702100, -2.197099999999999400 ) ) ;
#3044 = CARTESIAN_POINT ( 'NONE',  ( -0.3724891614508518100, 9.009675697828704700, -2.197099999999999400 ) ) ;
#3045 = CARTESIAN_POINT ( 'NONE',  ( -0.1851232883619028900, 8.985433193447312000, -2.197099999999998900 ) ) ;
#3046 = CARTESIAN_POINT ( 'NONE',  ( 0.1860831342565703300, 8.985513583018990500, -2.197099999999999800 ) ) ;
#3047 = CARTESIAN_POINT ( 'NONE',  ( 0.3733106273248530900, 9.009874728734873300, -2.197099999999999800 ) ) ;
#3048 = CARTESIAN_POINT ( 'NONE',  ( 0.5537200000000005500, 9.053585663147703900, -2.197099999999999400 ) ) ;
#3049 = CARTESIAN_POINT ( 'NONE',  ( 0.5537200000000005500, 9.053585663147703900, -2.197099999999999400 ) ) ;
#3050 = B_SPLINE_CURVE_WITH_KNOTS ( 'NONE', 3,
 ( #3048, #3047, #3046, #3045, #3044, #3043 ),
 .UNSPECIFIED., .F., .F.,
 ( 4, 2, 4 ),
 ( 0.004353618212896203300, 0.004904913713169435300, 0.005456209213442668100 ),
 .UNSPECIFIED. ) ;
#3051 = DIRECTION ( 'NONE',  ( 0.0000000000000000000, 0.0000000000000000000, 1.000000000000000000 ) ) ;
#3052 = DIRECTION ( 'NONE',  ( 0.0000000000000000000, -1.000000000000000000, -0.0000000000000000000 ) ) ;
#3053 = AXIS2_PLACEMENT_3D ( 'NONE', #3004, #3052, #3051 ) ;
#3054 = DIRECTION ( 'NONE',  ( 7.993605777301127100E-015, 0.0000000000000000000, 1.000000000000000000 ) ) ;
#3055 = DIRECTION ( 'NONE',  ( 0.0000000000000000000, -1.000000000000000000, -0.0000000000000000000 ) ) ;
#3056 = CARTESIAN_POINT ( 'NONE',  ( -1.555250069354418500E-015, 8.000999999999999400, -3.626045333570911500E-016 ) ) ;
#3057 = AXIS2_PLACEMENT_3D ( 'NONE', #3056, #3055, #3054 ) ;
#3058 = CIRCLE ( 'NONE', #3057, 4.882645809569134500 ) ;
#3059 = CARTESIAN_POINT ( 'NONE',  ( -4.829357938788837700, 8.336602606534686500, -0.6350000000000000100 ) ) ;
#3060 = CARTESIAN_POINT ( 'NONE',  ( -4.830858650011510500, 8.293994605325966800, -0.6350000000000000100 ) ) ;
#3061 = CARTESIAN_POINT ( 'NONE',  ( -4.832359349360603000, 8.251386603699041100, -0.6350000000000000100 ) ) ;
#3062 = CARTESIAN_POINT ( 'NONE',  ( -4.833860036869261000, 8.208778601655089000, -0.6350000000000000100 ) ) ;
#3063 = CARTESIAN_POINT ( 'NONE',  ( -4.836299412355546500, 8.139519068870290800, -0.6350000000000000100 ) ) ;
#3064 = CARTESIAN_POINT ( 'NONE',  ( -4.838738756556281800, 8.070259534983584600, -0.6350000000000000100 ) ) ;
#3065 = CARTESIAN_POINT ( 'NONE',  ( -4.841178069613123500, 8.000999999999999400, -0.6350000000000000100 ) ) ;
#3066 = B_SPLINE_CURVE_WITH_KNOTS ( 'NONE', 3,
 ( #3065, #3064, #3063, #3062, #3061, #3060, #3059 ),
 .UNSPECIFIED., .F., .F.,
 ( 4, 3, 4 ),
 ( 0.009214051002769072300, 0.009421958436243342900, 0.009549861700880256400 ),
 .UNSPECIFIED. ) ;
#3067 = CARTESIAN_POINT ( 'NONE',  ( 2.270747720057708400E-015, 1.016000000000000000, 2.540000000000000000 ) ) ;
#3068 = DIRECTION ( 'NONE',  ( 0.0000000000000000000, 0.0000000000000000000, 1.000000000000000000 ) ) ;
#3069 = DIRECTION ( 'NONE',  ( -1.000000000000000000, 0.0000000000000000000, 0.0000000000000000000 ) ) ;
#3070 = CARTESIAN_POINT ( 'NONE',  ( 0.0000000000000000000, 1.016000000000000000, 2.540000000000000000 ) ) ;
#3071 = AXIS2_PLACEMENT_3D ( 'NONE', #3070, #3069, #3068 ) ;
#3072 = FACE_OUTER_BOUND ( 'NONE', #1020, .T. ) ;
#3073 = DIRECTION ( 'NONE',  ( 1.000000000000000000, 2.449212707644754000E-016, 0.0000000000000000000 ) ) ;
#3074 = DIRECTION ( 'NONE',  ( 2.449212707644754000E-016, -1.000000000000000000, -0.0000000000000000000 ) ) ;
#3075 = AXIS2_PLACEMENT_3D ( 'NONE', #3077, #3074, #3073 ) ;
#3076 = PLANE ( 'NONE',  #3071 ) ;
#3077 = CARTESIAN_POINT ( 'NONE',  ( 5.485159056136631400E-032, -2.239560099870356900E-016, 0.0000000000000000000 ) ) ;
#3078 = PLANE ( 'NONE',  #3075 ) ;
#3079 = FACE_OUTER_BOUND ( 'NONE', #1038, .T. ) ;
#3080 = DIRECTION ( 'NONE',  ( 1.000000000000000000, 2.146731207345842200E-016, 0.0000000000000000000 ) ) ;
#3081 = DIRECTION ( 'NONE',  ( 2.449212707644754000E-016, -1.000000000000000000, -0.0000000000000000000 ) ) ;
#3082 = DIRECTION ( 'NONE',  ( 1.319478358609092000E-016, 0.0000000000000000000, 1.000000000000000000 ) ) ;
#3083 = DIRECTION ( 'NONE',  ( -1.000000000000000000, 0.0000000000000000000, 1.319478358609092000E-016 ) ) ;
#3084 = AXIS2_PLACEMENT_3D ( 'NONE', #3086, #3083, #3082 ) ;
#3085 = LINE ( 'NONE', #3203, #3202 ) ;
#3086 = CARTESIAN_POINT ( 'NONE',  ( -0.5537199999999999900, 7.111999999999999200, 2.197099999999999400 ) ) ;
#3087 = PLANE ( 'NONE',  #3084 ) ;
#3088 = FACE_OUTER_BOUND ( 'NONE', #949, .T. ) ;
#3089 = VECTOR ( 'NONE', #3204, 1000.000000000000000 ) ;
#3090 = DIRECTION ( 'NONE',  ( -0.0000000000000000000, 1.000000000000000000, -0.0000000000000000000 ) ) ;
#3091 = VECTOR ( 'NONE', #3090, 1000.000000000000000 ) ;
#3092 = CARTESIAN_POINT ( 'NONE',  ( -2.197099999999999400, 7.111999999999999200, 0.5537199999999999900 ) ) ;
#3093 = LINE ( 'NONE', #3092, #3091 ) ;
#3094 = CARTESIAN_POINT ( 'NONE',  ( -2.197099999999999400, 7.111999999999999200, 0.5537199999999999900 ) ) ;
#3095 = DIRECTION ( 'NONE',  ( 1.000000000000000000, 0.0000000000000000000, 1.319478358609092000E-016 ) ) ;
#3096 = VECTOR ( 'NONE', #3095, 1000.000000000000000 ) ;
#3097 = CARTESIAN_POINT ( 'NONE',  ( -2.197099999999999400, 7.111999999999999200, 0.5537199999999999900 ) ) ;
#3098 = DIRECTION ( 'NONE',  ( 0.0000000000000000000, 0.0000000000000000000, -1.000000000000000000 ) ) ;
#3099 = DIRECTION ( 'NONE',  ( 1.000000000000000000, 0.0000000000000000000, 0.0000000000000000000 ) ) ;
#3100 = AXIS2_PLACEMENT_3D ( 'NONE', #3102, #3099, #3098 ) ;
#3101 = LINE ( 'NONE', #3097, #3096 ) ;
#3102 = CARTESIAN_POINT ( 'NONE',  ( 2.197099999999999400, 7.111999999999999200, 0.5537200000000005500 ) ) ;
#3103 = PLANE ( 'NONE',  #3100 ) ;
#3104 = FACE_OUTER_BOUND ( 'NONE', #999, .T. ) ;
#3105 = DIRECTION ( 'NONE',  ( -0.0000000000000000000, 1.000000000000000000, -0.0000000000000000000 ) ) ;
#3106 = VECTOR ( 'NONE', #3105, 1000.000000000000000 ) ;
#3107 = CARTESIAN_POINT ( 'NONE',  ( 2.197099999999999400, 7.111999999999999200, -0.5537200000000005500 ) ) ;
#3108 = LINE ( 'NONE', #3107, #3106 ) ;
#3109 = CARTESIAN_POINT ( 'NONE',  ( 2.197099999999999400, 7.111999999999999200, -0.5537200000000005500 ) ) ;
#3110 = DIRECTION ( 'NONE',  ( -1.000000000000000000, -0.0000000000000000000, 1.979217537913638000E-016 ) ) ;
#3111 = VECTOR ( 'NONE', #3110, 1000.000000000000000 ) ;
#3112 = CARTESIAN_POINT ( 'NONE',  ( 0.5537200000000002100, 7.111999999999999200, -0.5537200000000002100 ) ) ;
#3113 = LINE ( 'NONE', #3112, #3111 ) ;
#3114 = FACE_BOUND ( 'NONE', #1019, .T. ) ;
#3115 = FACE_OUTER_BOUND ( 'NONE', #866, .T. ) ;
#3116 = CARTESIAN_POINT ( 'NONE',  ( -1.990501127751549000, 6.781800000000000500, 1.224148479727774900 ) ) ;
#3117 = CARTESIAN_POINT ( 'NONE',  ( 2.336799999999998900, 3.419378787878783100, 2.440293211016301600E-015 ) ) ;
#3118 = CARTESIAN_POINT ( 'NONE',  ( 2.336799999999999800, 3.385349240440029800, -0.6261436728730500600 ) ) ;
#3119 = CARTESIAN_POINT ( 'NONE',  ( 2.023728163563471400, 3.355878787878783200, -1.168400000000006300 ) ) ;
#3120 = CARTESIAN_POINT ( 'NONE',  ( 1.349152109042309500, 3.292378787878783400, -2.336800000000004200 ) ) ;
#3121 = CARTESIAN_POINT ( 'NONE',  ( -7.574841956376235200E-015, 3.228878787878783000, -2.336800000000000200 ) ) ;
#3122 = CARTESIAN_POINT ( 'NONE',  ( -1.349152109042326000, 3.165378787878783600, -2.336799999999996200 ) ) ;
#3123 = CARTESIAN_POINT ( 'NONE',  ( -2.023728163563481200, 3.101878787878782800, -1.168399999999994800 ) ) ;
#3124 = CARTESIAN_POINT ( 'NONE',  ( -2.336800000000001500, 3.072408335317536200, -0.6261436728730448400 ) ) ;
#3125 = CARTESIAN_POINT ( 'NONE',  ( -2.336800000000002400, 3.038378787878784200, -8.715332896486792000E-016 ) ) ;
#3126 = CARTESIAN_POINT ( 'NONE',  ( 0.5537199999999999900, 7.111999999999999200, 2.197099999999999400 ) ) ;
#3127 =( BOUNDED_CURVE ( )  B_SPLINE_CURVE ( 2, ( #3125, #3124, #3123, #3122, #3121, #3120, #3119, #3118, #3117 ),
 .UNSPECIFIED., .F., .T. ) 
 B_SPLINE_CURVE_WITH_KNOTS ( ( 3, 2, 2, 2, 3 ),
 ( 0.2045454545454545900, 0.2121212121212121300, 0.2272727272727272900, 0.2424242424242424300, 0.2500000000000000600 ),
 .UNSPECIFIED. ) 
 CURVE ( )  GEOMETRIC_REPRESENTATION_ITEM ( )  RATIONAL_B_SPLINE_CURVE ( ( 0.9330127018922194100, 0.9330127018922197400, 1.000000000000000000, 0.8660254037844387100, 1.000000000000000000, 0.8660254037844387100, 1.000000000000000000, 0.9330127018922188500, 0.9330127018922194100 ) ) 
 REPRESENTATION_ITEM ( '' )  );
#3128 = DIRECTION ( 'NONE',  ( 1.000000000000000000, 2.449212707644754000E-016, 0.0000000000000000000 ) ) ;
#3129 = DIRECTION ( 'NONE',  ( 2.449212707644754000E-016, -1.000000000000000000, -0.0000000000000000000 ) ) ;
#3130 = AXIS2_PLACEMENT_3D ( 'NONE', #3136, #3129, #3128 ) ;
#3131 = CYLINDRICAL_SURFACE ( 'NONE', #3130, 2.336800000000000200 ) ;
#3132 = FACE_OUTER_BOUND ( 'NONE', #464, .T. ) ;
#3133 = DIRECTION ( 'NONE',  ( 0.0000000000000000000, 0.0000000000000000000, 1.000000000000000000 ) ) ;
#3134 = DIRECTION ( 'NONE',  ( -1.000000000000000000, 0.0000000000000000000, 0.0000000000000000000 ) ) ;
#3135 = AXIS2_PLACEMENT_3D ( 'NONE', #3137, #3134, #3133 ) ;
#3136 = CARTESIAN_POINT ( 'NONE',  ( 0.0000000000000000000, 0.0000000000000000000, 0.0000000000000000000 ) ) ;
#3137 = CARTESIAN_POINT ( 'NONE',  ( -2.197099999999999400, 7.111999999999999200, -0.5537199999999999900 ) ) ;
#3138 = PLANE ( 'NONE',  #3135 ) ;
#3139 = FACE_OUTER_BOUND ( 'NONE', #1010, .T. ) ;
#3140 = CARTESIAN_POINT ( 'NONE',  ( 2.197099999999999400, 7.111999999999999200, 0.5537200000000005500 ) ) ;
#3141 = DIRECTION ( 'NONE',  ( 0.0000000000000000000, 0.0000000000000000000, -1.000000000000000000 ) ) ;
#3142 = VECTOR ( 'NONE', #3141, 1000.000000000000000 ) ;
#3143 = CARTESIAN_POINT ( 'NONE',  ( 2.197099999999999400, 7.111999999999999200, 0.5537200000000005500 ) ) ;
#3144 = DIRECTION ( 'NONE',  ( -1.000000000000000000, 0.0000000000000000000, 1.979217537913638200E-016 ) ) ;
#3145 = DIRECTION ( 'NONE',  ( -1.979217537913638200E-016, 0.0000000000000000000, -1.000000000000000000 ) ) ;
#3146 = AXIS2_PLACEMENT_3D ( 'NONE', #3148, #3145, #3144 ) ;
#3147 = LINE ( 'NONE', #3143, #3142 ) ;
#3148 = CARTESIAN_POINT ( 'NONE',  ( 0.5537200000000002100, 7.111999999999999200, -0.5537200000000002100 ) ) ;
#3149 = PLANE ( 'NONE',  #3146 ) ;
#3150 = FACE_OUTER_BOUND ( 'NONE', #984, .T. ) ;
#3151 = DIRECTION ( 'NONE',  ( -0.0000000000000000000, 1.000000000000000000, -0.0000000000000000000 ) ) ;
#3152 = VECTOR ( 'NONE', #3151, 1000.000000000000000 ) ;
#3153 = CARTESIAN_POINT ( 'NONE',  ( 0.5537200000000002100, 7.111999999999999200, -0.5537200000000002100 ) ) ;
#3154 = LINE ( 'NONE', #3153, #3152 ) ;
#3155 = CARTESIAN_POINT ( 'NONE',  ( 0.5537200000000002100, 7.111999999999999200, -0.5537200000000002100 ) ) ;
#3156 = DIRECTION ( 'NONE',  ( 1.979217537913638000E-016, 0.0000000000000000000, -1.000000000000000000 ) ) ;
#3157 = VECTOR ( 'NONE', #3156, 1000.000000000000000 ) ;
#3158 = CARTESIAN_POINT ( 'NONE',  ( 0.5537200000000002100, 7.111999999999999200, -0.5537200000000002100 ) ) ;
#3159 = LINE ( 'NONE', #3158, #3157 ) ;
#3160 = CARTESIAN_POINT ( 'NONE',  ( 0.5537200000000005500, 7.111999999999999200, -2.197099999999999400 ) ) ;
#3161 = DIRECTION ( 'NONE',  ( -0.0000000000000000000, 1.000000000000000000, -0.0000000000000000000 ) ) ;
#3162 = VECTOR ( 'NONE', #3161, 1000.000000000000000 ) ;
#3163 = CARTESIAN_POINT ( 'NONE',  ( 0.5537200000000005500, 7.111999999999999200, -2.197099999999999400 ) ) ;
#3164 = DIRECTION ( 'NONE',  ( 1.000000000000000000, 0.0000000000000000000, 6.597391793045459900E-017 ) ) ;
#3165 = DIRECTION ( 'NONE',  ( -6.597391793045459900E-017, 0.0000000000000000000, 1.000000000000000000 ) ) ;
#3166 = AXIS2_PLACEMENT_3D ( 'NONE', #3168, #3165, #3164 ) ;
#3167 = LINE ( 'NONE', #3163, #3162 ) ;
#3168 = CARTESIAN_POINT ( 'NONE',  ( 0.5537200000000002100, 7.111999999999999200, 0.5537200000000004300 ) ) ;
#3169 = PLANE ( 'NONE',  #3166 ) ;
#3170 = FACE_OUTER_BOUND ( 'NONE', #973, .T. ) ;
#3171 = DIRECTION ( 'NONE',  ( -0.0000000000000000000, 1.000000000000000000, -0.0000000000000000000 ) ) ;
#3172 = VECTOR ( 'NONE', #3171, 1000.000000000000000 ) ;
#3173 = CARTESIAN_POINT ( 'NONE',  ( 2.197099999999999400, 7.111999999999999200, 0.5537200000000005500 ) ) ;
#3174 = DIRECTION ( 'NONE',  ( 1.319478358609092200E-016, 0.0000000000000000000, -1.000000000000000000 ) ) ;
#3175 = DIRECTION ( 'NONE',  ( 1.000000000000000000, 0.0000000000000000000, 1.319478358609092200E-016 ) ) ;
#3176 = AXIS2_PLACEMENT_3D ( 'NONE', #3178, #3175, #3174 ) ;
#3177 = LINE ( 'NONE', #3173, #3172 ) ;
#3178 = CARTESIAN_POINT ( 'NONE',  ( 0.5537199999999999900, 7.111999999999999200, 2.197099999999999400 ) ) ;
#3179 = PLANE ( 'NONE',  #3176 ) ;
#3180 = FACE_OUTER_BOUND ( 'NONE', #967, .T. ) ;
#3181 = DIRECTION ( 'NONE',  ( -0.0000000000000000000, 1.000000000000000000, -0.0000000000000000000 ) ) ;
#3182 = VECTOR ( 'NONE', #3181, 1000.000000000000000 ) ;
#3183 = CARTESIAN_POINT ( 'NONE',  ( 0.5537200000000002100, 7.111999999999999200, 0.5537200000000004300 ) ) ;
#3184 = LINE ( 'NONE', #3183, #3182 ) ;
#3185 = CARTESIAN_POINT ( 'NONE',  ( 0.5537200000000002100, 7.111999999999999200, 0.5537200000000004300 ) ) ;
#3186 = DIRECTION ( 'NONE',  ( 1.000000000000000000, 0.0000000000000000000, 6.597391793045459900E-017 ) ) ;
#3187 = VECTOR ( 'NONE', #3186, 1000.000000000000000 ) ;
#3188 = CARTESIAN_POINT ( 'NONE',  ( 0.5537200000000002100, 7.111999999999999200, 0.5537200000000004300 ) ) ;
#3189 = DIRECTION ( 'NONE',  ( 1.000000000000000000, 0.0000000000000000000, 1.319478358609092000E-016 ) ) ;
#3190 = DIRECTION ( 'NONE',  ( -1.319478358609092000E-016, 0.0000000000000000000, 1.000000000000000000 ) ) ;
#3191 = AXIS2_PLACEMENT_3D ( 'NONE', #3193, #3190, #3189 ) ;
#3192 = LINE ( 'NONE', #3188, #3187 ) ;
#3193 = CARTESIAN_POINT ( 'NONE',  ( -2.197099999999999400, 7.111999999999999200, 0.5537199999999999900 ) ) ;
#3194 = PLANE ( 'NONE',  #3191 ) ;
#3195 = FACE_OUTER_BOUND ( 'NONE', #958, .T. ) ;
#3196 = DIRECTION ( 'NONE',  ( -0.0000000000000000000, 1.000000000000000000, -0.0000000000000000000 ) ) ;
#3197 = VECTOR ( 'NONE', #3196, 1000.000000000000000 ) ;
#3198 = CARTESIAN_POINT ( 'NONE',  ( -0.5537200000000002100, 7.111999999999999200, 0.5537200000000002100 ) ) ;
#3199 = LINE ( 'NONE', #3198, #3197 ) ;
#3200 = CARTESIAN_POINT ( 'NONE',  ( -0.5537200000000002100, 7.111999999999999200, 0.5537200000000002100 ) ) ;
#3201 = DIRECTION ( 'NONE',  ( 1.319478358609092000E-016, -0.0000000000000000000, 1.000000000000000000 ) ) ;
#3202 = VECTOR ( 'NONE', #3201, 1000.000000000000000 ) ;
#3203 = CARTESIAN_POINT ( 'NONE',  ( -0.5537199999999999900, 7.111999999999999200, 2.197099999999999400 ) ) ;
#3204 = DIRECTION ( 'NONE',  ( -0.0000000000000000000, 1.000000000000000000, -0.0000000000000000000 ) ) ;
#3205 = CARTESIAN_POINT ( 'NONE',  ( -0.5537199999999999900, 7.111999999999999200, 2.197099999999999400 ) ) ;
#3206 = LINE ( 'NONE', #3205, #3089 ) ;
#3207 = CARTESIAN_POINT ( 'NONE',  ( -0.5537199999999999900, 7.111999999999999200, 2.197099999999999400 ) ) ;
#3208 = DIRECTION ( 'NONE',  ( 1.000000000000000000, -0.0000000000000000000, -0.0000000000000000000 ) ) ;
#3209 = VECTOR ( 'NONE', #3208, 1000.000000000000000 ) ;
#3210 = CARTESIAN_POINT ( 'NONE',  ( 0.5537199999999999900, 7.111999999999999200, 2.197099999999999400 ) ) ;
#3211 = LINE ( 'NONE', #3210, #3209 ) ;
#3212 = DIRECTION ( 'NONE',  ( 1.979217537913638200E-016, 0.0000000000000000000, -1.000000000000000000 ) ) ;
#3213 = DIRECTION ( 'NONE',  ( 1.000000000000000000, 0.0000000000000000000, 1.979217537913638200E-016 ) ) ;
#3214 = AXIS2_PLACEMENT_3D ( 'NONE', #3215, #3213, #3212 ) ;
#3215 = CARTESIAN_POINT ( 'NONE',  ( 0.5537200000000002100, 7.111999999999999200, -0.5537200000000002100 ) ) ;
#3216 = PLANE ( 'NONE',  #3214 ) ;
#3217 = FACE_OUTER_BOUND ( 'NONE', #942, .T. ) ;
#3218 = DIRECTION ( 'NONE',  ( -1.000000000000000000, 0.0000000000000000000, 1.319478358609092000E-016 ) ) ;
#3219 = VECTOR ( 'NONE', #3218, 1000.000000000000000 ) ;
#3220 = CARTESIAN_POINT ( 'NONE',  ( 5.180109477421527900, 8.000999999999999400, -0.5537200000000008800 ) ) ;
#3221 = LINE ( 'NONE', #3220, #3219 ) ;
#3222 = CARTESIAN_POINT ( 'NONE',  ( -4.829357938788837700, 8.336602606534686500, 0.6350000000000000100 ) ) ;
#3223 = CARTESIAN_POINT ( 'NONE',  ( -4.457729052148381200, 8.550543585065185000, 0.6350000000000001200 ) ) ;
#3224 = CARTESIAN_POINT ( 'NONE',  ( -4.072277071165833800, 8.738955642619032500, 0.6349999999999999000 ) ) ;
#3225 = CARTESIAN_POINT ( 'NONE',  ( -3.273260968941008800, 9.063861381897533300, 0.6350000000000001200 ) ) ;
#3226 = CARTESIAN_POINT ( 'NONE',  ( -2.858096523284421300, 9.200349498958729600, 0.6350000000000002300 ) ) ;
#3227 = CARTESIAN_POINT ( 'NONE',  ( -2.439857534622634100, 9.306733315412177600, 0.6350000000000000100 ) ) ;
#3228 = CARTESIAN_POINT ( 'NONE',  ( -2.197099999999999400, 8.000999999999999400, -0.5537199999999999900 ) ) ;
#3229 = B_SPLINE_CURVE_WITH_KNOTS ( 'NONE', 3,
 ( #3227, #3226, #3225, #3224, #3223, #3222 ),
 .UNSPECIFIED., .F., .F.,
 ( 4, 2, 4 ),
 ( 0.002475645607892711300, 0.003779234106552584700, 0.005082822605212459000 ),
 .UNSPECIFIED. ) ;
#3230 = DIRECTION ( 'NONE',  ( 1.000000000000000000, 2.449212707644754000E-016, 0.0000000000000000000 ) ) ;
#3231 = B_SPLINE_CURVE_WITH_KNOTS ( 'NONE', 3,
 ( #3258, #3257, #3256, #3255, #3254, #3253 ),
 .UNSPECIFIED., .F., .F.,
 ( 4, 2, 4 ),
 ( 0.002475645607892711300, 0.003779234106552584700, 0.005082822605212456400 ),
 .UNSPECIFIED. ) ;
#3232 = FACE_OUTER_BOUND ( 'NONE', #927, .T. ) ;
#3233 = CARTESIAN_POINT ( 'NONE',  ( -2.439857534622633700, 9.306733315412175900, -0.6350000000000000100 ) ) ;
#3234 = CARTESIAN_POINT ( 'NONE',  ( -2.860423641337404500, 9.199757570165575200, -0.6350000000000000100 ) ) ;
#3235 = CARTESIAN_POINT ( 'NONE',  ( -3.269682311653657500, 9.065059143662059800, -0.6350000000000000100 ) ) ;
#3236 = CARTESIAN_POINT ( 'NONE',  ( -4.066184546049040400, 8.741687388516421500, -0.6350000000000000100 ) ) ;
#3237 = CARTESIAN_POINT ( 'NONE',  ( -4.453429930405218500, 8.553018522686084400, -0.6350000000000000100 ) ) ;
#3238 = CARTESIAN_POINT ( 'NONE',  ( -4.829357938788837700, 8.336602606534686500, -0.6350000000000000100 ) ) ;
#3239 = CARTESIAN_POINT ( 'NONE',  ( -4.065758146820641600E-017, 0.1404581421097176600, 0.0000000000000000000 ) ) ;
#3240 = AXIS2_PLACEMENT_3D ( 'NONE', #3239, #3241, #3230 ) ;
#3241 = DIRECTION ( 'NONE',  ( 2.449212707644754000E-016, -1.000000000000000000, -0.0000000000000000000 ) ) ;
#3242 = TOROIDAL_SURFACE ( 'NONE', #3240, 0.1119199816763144800, 9.477601241802739600 ) ;
#3243 = B_SPLINE_CURVE_WITH_KNOTS ( 'NONE', 3,
 ( #3238, #3237, #3236, #3235, #3234, #3233 ),
 .UNSPECIFIED., .F., .F.,
 ( 4, 2, 4 ),
 ( 0.05527149165820285200, 0.05657769162290407500, 0.05788389158760530500 ),
 .UNSPECIFIED. ) ;
#3244 = CARTESIAN_POINT ( 'NONE',  ( -4.829357938788837700, 8.336602606534686500, -0.6350000000000000100 ) ) ;
#3245 = DIRECTION ( 'NONE',  ( 1.000000000000000000, 3.561383125461982200E-016, 0.0000000000000000000 ) ) ;
#3246 = DIRECTION ( 'NONE',  ( 2.449212707644754000E-016, -1.000000000000000000, -0.0000000000000000000 ) ) ;
#3247 = CARTESIAN_POINT ( 'NONE',  ( -2.041811304250914000E-015, 8.336602606534688300, 0.0000000000000000000 ) ) ;
#3248 = AXIS2_PLACEMENT_3D ( 'NONE', #3247, #3246, #3245 ) ;
#3249 = CIRCLE ( 'NONE', #3248, 4.870926308305509900 ) ;
#3250 = DIRECTION ( 'NONE',  ( -0.03489949670249372500, -0.9993908270190958700, 4.273814540707721200E-018 ) ) ;
#3251 = VECTOR ( 'NONE', #3250, 1000.000000000000100 ) ;
#3252 = CARTESIAN_POINT ( 'NONE',  ( -4.940300000000000600, 6.349999999999997900, 6.049922769788689000E-016 ) ) ;
#3253 = CARTESIAN_POINT ( 'NONE',  ( 4.829357938788832300, 8.336602606534690100, -0.6350000000000000100 ) ) ;
#3254 = CARTESIAN_POINT ( 'NONE',  ( 4.457729052148375000, 8.550543585065183200, -0.6349999999999997900 ) ) ;
#3255 = CARTESIAN_POINT ( 'NONE',  ( 4.072277071165827600, 8.738955642619032500, -0.6349999999999999000 ) ) ;
#3256 = CARTESIAN_POINT ( 'NONE',  ( 3.273260968941003500, 9.063861381897531500, -0.6350000000000000100 ) ) ;
#3257 = CARTESIAN_POINT ( 'NONE',  ( 2.858096523284417800, 9.200349498958733100, -0.6350000000000002300 ) ) ;
#3258 = CARTESIAN_POINT ( 'NONE',  ( 2.439857534622630100, 9.306733315412179400, -0.6350000000000000100 ) ) ;
#3259 = LINE ( 'NONE', #3252, #3251 ) ;
#3260 = CARTESIAN_POINT ( 'NONE',  ( 4.829357938788832300, 8.336602606534690100, 0.6350000000000000100 ) ) ;
#3261 = CARTESIAN_POINT ( 'NONE',  ( 4.829357938788832300, 8.336602606534690100, -0.6350000000000000100 ) ) ;
#3262 = CARTESIAN_POINT ( 'NONE',  ( -2.018228902249450000, 1.587499999999999200, -1.165224999999994800 ) ) ;
#3263 = CARTESIAN_POINT ( 'NONE',  ( -2.690971869665928400, 1.523999999999999400, 6.772048838169386200E-015 ) ) ;
#3264 = CARTESIAN_POINT ( 'NONE',  ( -2.018228902249443700, 1.460499999999999500, 1.165225000000005500 ) ) ;
#3265 = CARTESIAN_POINT ( 'NONE',  ( -1.345485934832959100, 1.396999999999999400, 2.330450000000003900 ) ) ;
#3266 = CARTESIAN_POINT ( 'NONE',  ( 4.166822066305895100E-015, 1.333499999999999900, 2.330450000000000400 ) ) ;
#3267 = DIRECTION ( 'NONE',  ( 1.000000000000000000, 0.0000000000000000000, 1.319478358609092000E-016 ) ) ;
#3268 = DIRECTION ( 'NONE',  ( 1.000000000000000000, 1.755686371249526800E-016, 0.0000000000000000000 ) ) ;
#3269 = DIRECTION ( 'NONE',  ( 2.449212707644754000E-016, -1.000000000000000000, -0.0000000000000000000 ) ) ;
#3270 = CARTESIAN_POINT ( 'NONE',  ( -1.555250069354418500E-015, 6.349999999999998800, 0.0000000000000000000 ) ) ;
#3271 =( BOUNDED_SURFACE ( )  B_SPLINE_SURFACE ( 1, 2, ( 
 ( #3266, #3265, #3264, #3263, #3262, #3328, #3327, #3326, #3325, #3324, #3323, #3322, #3321, #3320, #3319, #3318, #3317, #3316, #3315, #3314, #3313, #3312, #3311, #3310, #3309, #3308, #3307, #3306, #3305, #3304, #3303, #3302, #3301, #3300, #3299, #3298, #3297, #3296, #3295, #3294, #3293, #3292, #3291, #3290, #3289, #3288, #3287, #3286, #3285, #3284, #3283, #3282, #3281, #2751, #2750, #2862, #2867, #3039, #3041, #3029, #3038, #3329, #3400, #3452, #3421, #3503, #3467, #3366, #3365, #3542, #3469, #3468, #3511, #3510, #3442, #3441, #3440, #3405, #3404, #3403, #3402, #3401, #3466, #3465, #3464, #3463, #3462, #3399, #3398, #3397, #3396, #3395, #3509, #3508, #3507, #3506, #3505, #3504, #3541, #3540, #3539, #3538, #3537, #3428, #3427, #3426, #3425, #3424, #3423, #3422, #3372, #3371, #3370, #3369, #3368, #3367, #3386, #3385, #3384, #3383, #3382, #3381, #3380, #3536, #3535, #3534, #3533, #3532, #3531, #3530, #3420, #3419, #3418 ),
 ( #3417, #3394, #3393, #3392, #3391, #3390, #3389, #3388, #3387, #3461, #3460, #3459, #3458, #3457, #3456, #3455, #3454, #3453, #3416, #3415, #3414, #3413, #3412, #3411, #3410, #3409, #3408, #3407, #3406, #3340, #3339, #3338, #3337, #3336, #3335, #3334, #3333, #3332, #3331, #3330, #3439, #3438, #3437, #3436, #3435, #3434, #3433, #3432, #3431, #3430, #3429, #3483, #3482, #3481, #3480, #3479, #3478, #3477, #3476, #3475, #3474, #3473, #3472, #3471, #3470, #3610, #3609, #3608, #3607, #3606, #3605, #3604, #3603, #3602, #3601, #3600, #3599, #3598, #3597, #3596, #3595, #3594, #3593, #3592, #3591, #3590, #3589, #3588, #3587, #3586, #3585, #3584, #3583, #3582, #3581, #3580, #3579, #3578, #3577, #3576, #3575, #3574, #3573, #3572, #3571, #3570, #3569, #3568, #3567, #3566, #3565, #3564, #3563, #3562, #3561, #3560, #3529, #3528, #3527, #3526, #3525, #3524, #3523, #3522, #3521, #3520, #3519, #3518, #3517, #3516, #3515, #3514, #3513 ) ),
 .UNSPECIFIED., .F., .F., .T. ) 
 B_SPLINE_SURFACE_WITH_KNOTS ( ( 2, 2 ),
 ( 3, 2, 2, 2, 2, 2, 2, 2, 2, 2, 2, 2, 2, 2, 2, 2, 2, 2, 2, 2, 2, 2, 2, 2, 2, 2, 2, 2, 2, 2, 2, 2, 2, 2, 2, 2, 2, 2, 2, 2, 2, 2, 2, 2, 2, 2, 2, 2, 2, 2, 2, 2, 2, 2, 2, 2, 2, 2, 2, 2, 2, 2, 2, 2, 2, 2, 3 ),
 ( 0.0000000000000000000, 1.000000000000000000 ),
 ( 0.0000000000000000000, 0.01515151515151515200, 0.03030303030303030400, 0.04545454545454545600, 0.06060606060606060800, 0.07575757575757576000, 0.09090909090909091200, 0.1060606060606060600, 0.1212121212121212200, 0.1363636363636363500, 0.1515151515151515200, 0.1666666666666666900, 0.1818181818181818200, 0.1969696969696969600, 0.2121212121212121300, 0.2272727272727272900, 0.2424242424242424300, 0.2575757575757575700, 0.2727272727272727100, 0.2878787878787879000, 0.3030303030303030400, 0.3181818181818181800, 0.3333333333333333700, 0.3484848484848485100, 0.3636363636363636500, 0.3787878787878787800, 0.3939393939393939200, 0.4090909090909091200, 0.4242424242424242500, 0.4393939393939393900, 0.4545454545454545900, 0.4696969696969697200, 0.4848484848484848600, 0.5000000000000000000, 0.5151515151515151400, 0.5303030303030302800, 0.5454545454545454100, 0.5606060606060606600, 0.5757575757575758000, 0.5909090909090909400, 0.6060606060606060800, 0.6212121212121212200, 0.6363636363636363500, 0.6515151515151514900, 0.6666666666666667400, 0.6818181818181818800, 0.6969696969696970200, 0.7121212121212121500, 0.7272727272727272900, 0.7424242424242424300, 0.7575757575757575700, 0.7727272727272727100, 0.7878787878787878500, 0.8030303030303030900, 0.8181818181818182300, 0.8333333333333333700, 0.8484848484848485100, 0.8636363636363636500, 0.8787878787878787800, 0.8939393939393939200, 0.9090909090909091700, 0.9242424242424243100, 0.9393939393939394500, 0.9545454545454545900, 0.9696969696969697200, 0.9848484848484848600, 1.000000000000000000 ),
 .UNSPECIFIED. ) 
 GEOMETRIC_REPRESENTATION_ITEM ( )  RATIONAL_B_SPLINE_SURFACE ( (
 ( 1.000000000000000000, 0.8660254037844387100, 1.000000000000000000, 0.8660254037844387100, 1.000000000000000000, 0.8660254037844387100, 1.000000000000000000, 0.8660254037844387100, 1.000000000000000000, 0.8660254037844387100, 1.000000000000000000, 0.8660254037844387100, 1.000000000000000000, 0.8660254037844387100, 1.000000000000000000, 0.8660254037844387100, 1.000000000000000000, 0.8660254037844387100, 1.000000000000000000, 0.8660254037844387100, 1.000000000000000000, 0.8660254037844387100, 1.000000000000000000, 0.8660254037844387100, 1.000000000000000000, 0.8660254037844387100, 1.000000000000000000, 0.8660254037844387100, 1.000000000000000000, 0.8660254037844387100, 1.000000000000000000, 0.8660254037844387100, 1.000000000000000000, 0.8660254037844387100, 1.000000000000000000, 0.8660254037844387100, 1.000000000000000000, 0.8660254037844387100, 1.000000000000000000, 0.8660254037844387100, 1.000000000000000000, 0.8660254037844387100, 1.000000000000000000, 0.8660254037844387100, 1.000000000000000000, 0.8660254037844387100, 1.000000000000000000, 0.8660254037844387100, 1.000000000000000000, 0.8660254037844387100, 1.000000000000000000, 0.8660254037844387100, 1.000000000000000000, 0.8660254037844387100, 1.000000000000000000, 0.8660254037844387100, 1.000000000000000000, 0.8660254037844387100, 1.000000000000000000, 0.8660254037844387100, 1.000000000000000000, 0.8660254037844387100, 1.000000000000000000, 0.8660254037844387100, 1.000000000000000000, 0.8660254037844387100, 1.000000000000000000, 0.8660254037844387100, 1.000000000000000000, 0.8660254037844387100, 1.000000000000000000, 0.8660254037844387100, 1.000000000000000000, 0.8660254037844387100, 1.000000000000000000, 0.8660254037844387100, 1.000000000000000000, 0.8660254037844387100, 1.000000000000000000, 0.8660254037844387100, 1.000000000000000000, 0.8660254037844387100, 1.000000000000000000, 0.8660254037844387100, 1.000000000000000000, 0.8660254037844387100, 1.000000000000000000, 0.8660254037844387100, 1.000000000000000000, 0.8660254037844387100, 1.000000000000000000, 0.8660254037844387100, 1.000000000000000000, 0.8660254037844387100, 1.000000000000000000, 0.8660254037844387100, 1.000000000000000000, 0.8660254037844387100, 1.000000000000000000, 0.8660254037844387100, 1.000000000000000000, 0.8660254037844387100, 1.000000000000000000, 0.8660254037844387100, 1.000000000000000000, 0.8660254037844387100, 1.000000000000000000, 0.8660254037844387100, 1.000000000000000000, 0.8660254037844387100, 1.000000000000000000, 0.8660254037844387100, 1.000000000000000000, 0.8660254037844387100, 1.000000000000000000, 0.8660254037844387100, 1.000000000000000000, 0.8660254037844387100, 1.000000000000000000, 0.8660254037844387100, 1.000000000000000000, 0.8660254037844387100, 1.000000000000000000, 0.8660254037844387100, 1.000000000000000000, 0.8660254037844387100, 1.000000000000000000, 0.8660254037844387100, 1.000000000000000000, 0.8660254037844387100, 1.000000000000000000, 0.8660254037844387100, 1.000000000000000000),
 ( 1.000000000000000000, 0.8660254037844387100, 1.000000000000000000, 0.8660254037844387100, 1.000000000000000000, 0.8660254037844387100, 1.000000000000000000, 0.8660254037844387100, 1.000000000000000000, 0.8660254037844387100, 1.000000000000000000, 0.8660254037844387100, 1.000000000000000000, 0.8660254037844387100, 1.000000000000000000, 0.8660254037844387100, 1.000000000000000000, 0.8660254037844387100, 1.000000000000000000, 0.8660254037844387100, 1.000000000000000000, 0.8660254037844387100, 1.000000000000000000, 0.8660254037844387100, 1.000000000000000000, 0.8660254037844387100, 1.000000000000000000, 0.8660254037844387100, 1.000000000000000000, 0.8660254037844387100, 1.000000000000000000, 0.8660254037844387100, 1.000000000000000000, 0.8660254037844387100, 1.000000000000000000, 0.8660254037844387100, 1.000000000000000000, 0.8660254037844387100, 1.000000000000000000, 0.8660254037844387100, 1.000000000000000000, 0.8660254037844387100, 1.000000000000000000, 0.8660254037844387100, 1.000000000000000000, 0.8660254037844387100, 1.000000000000000000, 0.8660254037844387100, 1.000000000000000000, 0.8660254037844387100, 1.000000000000000000, 0.8660254037844387100, 1.000000000000000000, 0.8660254037844387100, 1.000000000000000000, 0.8660254037844387100, 1.000000000000000000, 0.8660254037844387100, 1.000000000000000000, 0.8660254037844387100, 1.000000000000000000, 0.8660254037844387100, 1.000000000000000000, 0.8660254037844387100, 1.000000000000000000, 0.8660254037844387100, 1.000000000000000000, 0.8660254037844387100, 1.000000000000000000, 0.8660254037844387100, 1.000000000000000000, 0.8660254037844387100, 1.000000000000000000, 0.8660254037844387100, 1.000000000000000000, 0.8660254037844387100, 1.000000000000000000, 0.8660254037844387100, 1.000000000000000000, 0.8660254037844387100, 1.000000000000000000, 0.8660254037844387100, 1.000000000000000000, 0.8660254037844387100, 1.000000000000000000, 0.8660254037844387100, 1.000000000000000000, 0.8660254037844387100, 1.000000000000000000, 0.8660254037844387100, 1.000000000000000000, 0.8660254037844387100, 1.000000000000000000, 0.8660254037844387100, 1.000000000000000000, 0.8660254037844387100, 1.000000000000000000, 0.8660254037844387100, 1.000000000000000000, 0.8660254037844387100, 1.000000000000000000, 0.8660254037844387100, 1.000000000000000000, 0.8660254037844387100, 1.000000000000000000, 0.8660254037844387100, 1.000000000000000000, 0.8660254037844387100, 1.000000000000000000, 0.8660254037844387100, 1.000000000000000000, 0.8660254037844387100, 1.000000000000000000, 0.8660254037844387100, 1.000000000000000000, 0.8660254037844387100, 1.000000000000000000, 0.8660254037844387100, 1.000000000000000000, 0.8660254037844387100, 1.000000000000000000, 0.8660254037844387100, 1.000000000000000000, 0.8660254037844387100, 1.000000000000000000, 0.8660254037844387100, 1.000000000000000000, 0.8660254037844387100, 1.000000000000000000, 0.8660254037844387100, 1.000000000000000000, 0.8660254037844387100, 1.000000000000000000) ) ) 
 REPRESENTATION_ITEM ( '' )  SURFACE ( )  );
#3272 = AXIS2_PLACEMENT_3D ( 'NONE', #3270, #3269, #3268 ) ;
#3273 = CIRCLE ( 'NONE', #3272, 4.940299999999998800 ) ;
#3274 = LINE ( 'NONE', #3376, #3375 ) ;
#3275 = DIRECTION ( 'NONE',  ( 1.000000000000000000, 2.449212707644754000E-016, 0.0000000000000000000 ) ) ;
#3276 = DIRECTION ( 'NONE',  ( 2.449212707644754000E-016, -1.000000000000000000, -0.0000000000000000000 ) ) ;
#3277 = AXIS2_PLACEMENT_3D ( 'NONE', #3279, #3276, #3275 ) ;
#3278 = FACE_OUTER_BOUND ( 'NONE', #1028, .T. ) ;
#3279 = CARTESIAN_POINT ( 'NONE',  ( 4.040383514342183300, 6.349999999999999600, 0.0000000000000000000 ) ) ;
#3280 = PLANE ( 'NONE',  #3277 ) ;
#3281 = CARTESIAN_POINT ( 'NONE',  ( -2.018228902249450000, 4.635499999999992400, -1.165224999999994800 ) ) ;
#3282 = CARTESIAN_POINT ( 'NONE',  ( -2.690971869665928400, 4.571999999999992100, 6.772048838169386200E-015 ) ) ;
#3283 = CARTESIAN_POINT ( 'NONE',  ( -2.018228902249443700, 4.508499999999992600, 1.165225000000005500 ) ) ;
#3284 = CARTESIAN_POINT ( 'NONE',  ( -1.345485934832959100, 4.444999999999992300, 2.330450000000003900 ) ) ;
#3285 = CARTESIAN_POINT ( 'NONE',  ( 4.166822066305895100E-015, 4.381499999999992000, 2.330450000000000400 ) ) ;
#3286 = CARTESIAN_POINT ( 'NONE',  ( 1.345485934832968900, 4.317999999999992500, 2.330449999999996400 ) ) ;
#3287 = CARTESIAN_POINT ( 'NONE',  ( 2.018228902249447300, 4.254499999999993100, 1.165224999999993700 ) ) ;
#3288 = CARTESIAN_POINT ( 'NONE',  ( 2.690971869665924800, 4.190999999999992700, -7.101586963124403600E-015 ) ) ;
#3289 = CARTESIAN_POINT ( 'NONE',  ( 2.018228902249440600, 4.127499999999993300, -1.165225000000006200 ) ) ;
#3290 = CARTESIAN_POINT ( 'NONE',  ( 1.345485934832955500, 4.063999999999993000, -2.330450000000003900 ) ) ;
#3291 = CARTESIAN_POINT ( 'NONE',  ( -7.562710592741270400E-015, 4.000499999999993500, -2.330450000000000400 ) ) ;
#3292 = CARTESIAN_POINT ( 'NONE',  ( -1.345485934832971700, 3.936999999999993600, -2.330449999999996400 ) ) ;
#3293 = CARTESIAN_POINT ( 'NONE',  ( -2.018228902249450000, 3.873499999999994200, -1.165224999999994800 ) ) ;
#3294 = CARTESIAN_POINT ( 'NONE',  ( -2.690971869665928400, 3.809999999999993800, 6.772048838169386200E-015 ) ) ;
#3295 = CARTESIAN_POINT ( 'NONE',  ( -2.018228902249443700, 3.746499999999993900, 1.165225000000005500 ) ) ;
#3296 = CARTESIAN_POINT ( 'NONE',  ( -1.345485934832959100, 3.682999999999994500, 2.330450000000003900 ) ) ;
#3297 = CARTESIAN_POINT ( 'NONE',  ( 4.166822066305895100E-015, 3.619499999999994200, 2.330450000000000400 ) ) ;
#3298 = CARTESIAN_POINT ( 'NONE',  ( 1.345485934832968900, 3.555999999999994700, 2.330449999999996400 ) ) ;
#3299 = CARTESIAN_POINT ( 'NONE',  ( 2.018228902249447300, 3.492499999999994800, 1.165224999999993700 ) ) ;
#3300 = CARTESIAN_POINT ( 'NONE',  ( 2.690971869665924800, 3.428999999999994500, -7.101586963124403600E-015 ) ) ;
#3301 = CARTESIAN_POINT ( 'NONE',  ( 2.018228902249440600, 3.365499999999995100, -1.165225000000006200 ) ) ;
#3302 = CARTESIAN_POINT ( 'NONE',  ( 1.345485934832955500, 3.301999999999995200, -2.330450000000003900 ) ) ;
#3303 = CARTESIAN_POINT ( 'NONE',  ( -7.562710592741270400E-015, 3.238499999999995300, -2.330450000000000400 ) ) ;
#3304 = CARTESIAN_POINT ( 'NONE',  ( -1.345485934832971700, 3.174999999999995400, -2.330449999999996400 ) ) ;
#3305 = CARTESIAN_POINT ( 'NONE',  ( -2.018228902249450000, 3.111499999999995500, -1.165224999999994800 ) ) ;
#3306 = CARTESIAN_POINT ( 'NONE',  ( -2.690971869665928400, 3.047999999999996000, 6.772048838169386200E-015 ) ) ;
#3307 = CARTESIAN_POINT ( 'NONE',  ( -2.018228902249443700, 2.984499999999995700, 1.165225000000005500 ) ) ;
#3308 = CARTESIAN_POINT ( 'NONE',  ( -1.345485934832959100, 2.920999999999995800, 2.330450000000003900 ) ) ;
#3309 = CARTESIAN_POINT ( 'NONE',  ( 4.166822066305895100E-015, 2.857499999999996400, 2.330450000000000400 ) ) ;
#3310 = CARTESIAN_POINT ( 'NONE',  ( 1.345485934832968900, 2.793999999999996500, 2.330449999999996400 ) ) ;
#3311 = CARTESIAN_POINT ( 'NONE',  ( 2.018228902249447300, 2.730499999999996600, 1.165224999999993700 ) ) ;
#3312 = CARTESIAN_POINT ( 'NONE',  ( 2.690971869665924800, 2.666999999999997200, -7.101586963124403600E-015 ) ) ;
#3313 = CARTESIAN_POINT ( 'NONE',  ( 2.018228902249440600, 2.603499999999996800, -1.165225000000006200 ) ) ;
#3314 = CARTESIAN_POINT ( 'NONE',  ( 1.345485934832955500, 2.539999999999997400, -2.330450000000003900 ) ) ;
#3315 = CARTESIAN_POINT ( 'NONE',  ( -7.562710592741270400E-015, 2.476499999999997000, -2.330450000000000400 ) ) ;
#3316 = CARTESIAN_POINT ( 'NONE',  ( -1.345485934832971700, 2.412999999999997100, -2.330449999999996400 ) ) ;
#3317 = CARTESIAN_POINT ( 'NONE',  ( -2.018228902249450000, 2.349499999999997300, -1.165224999999994800 ) ) ;
#3318 = CARTESIAN_POINT ( 'NONE',  ( -2.690971869665928400, 2.285999999999997400, 6.772048838169386200E-015 ) ) ;
#3319 = CARTESIAN_POINT ( 'NONE',  ( -2.018228902249443700, 2.222499999999997900, 1.165225000000005500 ) ) ;
#3320 = CARTESIAN_POINT ( 'NONE',  ( -1.345485934832959100, 2.158999999999997600, 2.330450000000003900 ) ) ;
#3321 = CARTESIAN_POINT ( 'NONE',  ( 4.166822066305895100E-015, 2.095499999999998100, 2.330450000000000400 ) ) ;
#3322 = CARTESIAN_POINT ( 'NONE',  ( 1.345485934832968900, 2.031999999999998300, 2.330449999999996400 ) ) ;
#3323 = CARTESIAN_POINT ( 'NONE',  ( 2.018228902249447300, 1.968499999999998400, 1.165224999999993700 ) ) ;
#3324 = CARTESIAN_POINT ( 'NONE',  ( 2.690971869665924800, 1.904999999999998500, -7.101586963124403600E-015 ) ) ;
#3325 = CARTESIAN_POINT ( 'NONE',  ( 2.018228902249440600, 1.841499999999998600, -1.165225000000006200 ) ) ;
#3326 = CARTESIAN_POINT ( 'NONE',  ( 1.345485934832955500, 1.777999999999998900, -2.330450000000003900 ) ) ;
#3327 = CARTESIAN_POINT ( 'NONE',  ( -7.562710592741270400E-015, 1.714499999999999000, -2.330450000000000400 ) ) ;
#3328 = CARTESIAN_POINT ( 'NONE',  ( -1.345485934832971700, 1.650999999999999100, -2.330449999999996400 ) ) ;
#3329 = CARTESIAN_POINT ( 'NONE',  ( -1.345485934832959100, 5.206999999999990100, 2.330450000000003900 ) ) ;
#3330 = CARTESIAN_POINT ( 'NONE',  ( -2.932939367483300400, 3.492499999999994400, 7.219500131385894400E-015 ) ) ;
#3331 = CARTESIAN_POINT ( 'NONE',  ( -2.199704525612473200, 3.428999999999994100, 1.270000000000005600 ) ) ;
#3332 = CARTESIAN_POINT ( 'NONE',  ( -1.466469683741644700, 3.365499999999994600, 2.540000000000003100 ) ) ;
#3333 = CARTESIAN_POINT ( 'NONE',  ( 4.541495440115416800E-015, 3.301999999999994700, 2.540000000000000000 ) ) ;
#3334 = CARTESIAN_POINT ( 'NONE',  ( 1.466469683741655500, 3.238499999999994800, 2.539999999999996000 ) ) ;
#3335 = CARTESIAN_POINT ( 'NONE',  ( 2.199704525612476300, 3.174999999999994500, 1.269999999999993100 ) ) ;
#3336 = CARTESIAN_POINT ( 'NONE',  ( 2.932939367483297300, 3.111499999999995000, -7.578669749865477700E-015 ) ) ;
#3337 = CARTESIAN_POINT ( 'NONE',  ( 2.199704525612468800, 3.047999999999995200, -1.270000000000006500 ) ) ;
#3338 = CARTESIAN_POINT ( 'NONE',  ( 1.466469683741640900, 2.984499999999995300, -2.540000000000003100 ) ) ;
#3339 = CARTESIAN_POINT ( 'NONE',  ( -7.963045592695139200E-015, 2.920999999999995800, -2.540000000000000000 ) ) ;
#3340 = CARTESIAN_POINT ( 'NONE',  ( -1.466469683741658400, 2.857499999999995900, -2.539999999999996000 ) ) ;
#3341 = VECTOR ( 'NONE', #3267, 1000.000000000000000 ) ;
#3342 = CARTESIAN_POINT ( 'NONE',  ( 5.180109477421527900, 8.000999999999999400, 0.5537200000000006600 ) ) ;
#3343 = LINE ( 'NONE', #3342, #3341 ) ;
#3344 = DIRECTION ( 'NONE',  ( 0.0000000000000000000, -0.0000000000000000000, 1.000000000000000000 ) ) ;
#3345 = DIRECTION ( 'NONE',  ( -0.0000000000000000000, 1.000000000000000000, 0.0000000000000000000 ) ) ;
#3346 = AXIS2_PLACEMENT_3D ( 'NONE', #3347, #3345, #3344 ) ;
#3347 = CARTESIAN_POINT ( 'NONE',  ( 5.180109477421527900, 8.000999999999999400, -0.6350000000000000100 ) ) ;
#3348 = PLANE ( 'NONE',  #3346 ) ;
#3349 = DIRECTION ( 'NONE',  ( 1.000000000000000000, 2.268976738923805400E-016, 0.0000000000000000000 ) ) ;
#3350 = DIRECTION ( 'NONE',  ( 2.449212707644754000E-016, -1.000000000000000000, -0.0000000000000000000 ) ) ;
#3351 = CARTESIAN_POINT ( 'NONE',  ( -1.661007074070518800E-015, 6.781799999999998700, 0.0000000000000000000 ) ) ;
#3352 = AXIS2_PLACEMENT_3D ( 'NONE', #3351, #3350, #3349 ) ;
#3353 = FACE_OUTER_BOUND ( 'NONE', #1092, .T. ) ;
#3354 = CONICAL_SURFACE ( 'NONE', #3352, 3.822700000000002000, 0.4669464808485517800 ) ;
#3355 = FACE_OUTER_BOUND ( 'NONE', #1013, .T. ) ;
#3356 = DIRECTION ( 'NONE',  ( 1.000000000000000000, 2.319843744619788400E-016, 0.0000000000000000000 ) ) ;
#3357 = DIRECTION ( 'NONE',  ( 2.449212707644754000E-016, -1.000000000000000000, -0.0000000000000000000 ) ) ;
#3358 = CARTESIAN_POINT ( 'NONE',  ( -1.244200055483533700E-016, 0.5079999999999994500, 0.0000000000000000000 ) ) ;
#3359 = AXIS2_PLACEMENT_3D ( 'NONE', #3358, #3357, #3356 ) ;
#3360 = CIRCLE ( 'NONE', #3359, 2.336800000000000200 ) ;
#3361 = CARTESIAN_POINT ( 'NONE',  ( 4.040383514342183300, 6.349999999999999600, 0.0000000000000000000 ) ) ;
#3362 = DIRECTION ( 'NONE',  ( 1.000000000000000000, 2.146731207345842200E-016, 0.0000000000000000000 ) ) ;
#3363 = DIRECTION ( 'NONE',  ( 2.449212707644754000E-016, -1.000000000000000000, -0.0000000000000000000 ) ) ;
#3364 = CARTESIAN_POINT ( 'NONE',  ( -1.555250069354418500E-015, 6.349999999999998800, 0.0000000000000000000 ) ) ;
#3365 = CARTESIAN_POINT ( 'NONE',  ( 2.018228902249440600, 5.651499999999988900, -1.165225000000006200 ) ) ;
#3366 = CARTESIAN_POINT ( 'NONE',  ( 1.345485934832955500, 5.587999999999989400, -2.330450000000003900 ) ) ;
#3367 = CARTESIAN_POINT ( 'NONE',  ( 1.345485934832955500, 8.635999999999981500, -2.330450000000003900 ) ) ;
#3368 = CARTESIAN_POINT ( 'NONE',  ( -7.562710592741270400E-015, 8.572499999999983800, -2.330450000000000400 ) ) ;
#3369 = CARTESIAN_POINT ( 'NONE',  ( -1.345485934832971700, 8.508999999999984400, -2.330449999999996400 ) ) ;
#3370 = CARTESIAN_POINT ( 'NONE',  ( -2.018228902249450000, 8.445499999999983100, -1.165224999999994800 ) ) ;
#3371 = CARTESIAN_POINT ( 'NONE',  ( -2.690971869665928400, 8.381999999999983700, 6.772048838169386200E-015 ) ) ;
#3372 = CARTESIAN_POINT ( 'NONE',  ( -2.018228902249443700, 8.318499999999984200, 1.165225000000005500 ) ) ;
#3373 = CARTESIAN_POINT ( 'NONE',  ( 4.882645809569132700, 8.000999999999999400, 0.0000000000000000000 ) ) ;
#3374 = DIRECTION ( 'NONE',  ( 0.03489949670249421100, -0.9993908270190958700, 0.0000000000000000000 ) ) ;
#3375 = VECTOR ( 'NONE', #3374, 1000.000000000000100 ) ;
#3376 = CARTESIAN_POINT ( 'NONE',  ( 4.940299999999997000, 6.349999999999999600, 0.0000000000000000000 ) ) ;
#3377 = CARTESIAN_POINT ( 'NONE',  ( 2.336799999999998900, 6.613621212121197200, -6.623653001329960800E-015 ) ) ;
#3378 = CARTESIAN_POINT ( 'NONE',  ( 2.336800000000000700, 6.647650759559949700, 0.6261436728730409600 ) ) ;
#3379 = CARTESIAN_POINT ( 'NONE',  ( 2.023728163563478500, 6.677121212121196700, 1.168399999999993700 ) ) ;
#3380 = CARTESIAN_POINT ( 'NONE',  ( -2.018228902249443700, 9.080499999999981100, 1.165225000000005500 ) ) ;
#3381 = CARTESIAN_POINT ( 'NONE',  ( -1.345485934832959100, 9.016999999999981700, 2.330450000000003900 ) ) ;
#3382 = CARTESIAN_POINT ( 'NONE',  ( 4.166822066305895100E-015, 8.953499999999982300, 2.330450000000000400 ) ) ;
#3383 = CARTESIAN_POINT ( 'NONE',  ( 1.345485934832968900, 8.889999999999982800, 2.330449999999996400 ) ) ;
#3384 = CARTESIAN_POINT ( 'NONE',  ( 2.018228902249447300, 8.826499999999981600, 1.165224999999993700 ) ) ;
#3385 = CARTESIAN_POINT ( 'NONE',  ( 2.690971869665924800, 8.762999999999982100, -7.101586963124403600E-015 ) ) ;
#3386 = CARTESIAN_POINT ( 'NONE',  ( 2.018228902249440600, 8.699499999999982700, -1.165225000000006200 ) ) ;
#3387 = CARTESIAN_POINT ( 'NONE',  ( 2.199704525612468800, 1.523999999999998900, -1.270000000000006500 ) ) ;
#3388 = CARTESIAN_POINT ( 'NONE',  ( 1.466469683741640900, 1.460499999999998800, -2.540000000000003100 ) ) ;
#3389 = CARTESIAN_POINT ( 'NONE',  ( -7.963045592695139200E-015, 1.396999999999998900, -2.540000000000000000 ) ) ;
#3390 = CARTESIAN_POINT ( 'NONE',  ( -1.466469683741658400, 1.333499999999999200, -2.539999999999996000 ) ) ;
#3391 = CARTESIAN_POINT ( 'NONE',  ( -2.199704525612479000, 1.269999999999999400, -1.269999999999994200 ) ) ;
#3392 = CARTESIAN_POINT ( 'NONE',  ( -2.932939367483300400, 1.206499999999999500, 7.219500131385894400E-015 ) ) ;
#3393 = CARTESIAN_POINT ( 'NONE',  ( -2.199704525612473200, 1.142999999999999800, 1.270000000000005600 ) ) ;
#3394 = CARTESIAN_POINT ( 'NONE',  ( -1.466469683741644700, 1.079499999999999700, 2.540000000000003100 ) ) ;
#3395 = CARTESIAN_POINT ( 'NONE',  ( 1.345485934832955500, 7.111999999999985900, -2.330450000000003900 ) ) ;
#3396 = CARTESIAN_POINT ( 'NONE',  ( -7.562710592741270400E-015, 7.048499999999986400, -2.330450000000000400 ) ) ;
#3397 = CARTESIAN_POINT ( 'NONE',  ( -1.345485934832971700, 6.984999999999986100, -2.330449999999996400 ) ) ;
#3398 = CARTESIAN_POINT ( 'NONE',  ( -2.018228902249450000, 6.921499999999986700, -1.165224999999994800 ) ) ;
#3399 = CARTESIAN_POINT ( 'NONE',  ( -2.690971869665928400, 6.857999999999987200, 6.772048838169386200E-015 ) ) ;
#3400 = CARTESIAN_POINT ( 'NONE',  ( -2.018228902249443700, 5.270499999999990400, 1.165225000000005500 ) ) ;
#3401 = CARTESIAN_POINT ( 'NONE',  ( 2.690971869665924800, 6.476999999999986100, -7.101586963124403600E-015 ) ) ;
#3402 = CARTESIAN_POINT ( 'NONE',  ( 2.018228902249440600, 6.413499999999987500, -1.165225000000006200 ) ) ;
#3403 = CARTESIAN_POINT ( 'NONE',  ( 1.345485934832955500, 6.349999999999987200, -2.330450000000003900 ) ) ;
#3404 = CARTESIAN_POINT ( 'NONE',  ( -7.562710592741270400E-015, 6.286499999999988700, -2.330450000000000400 ) ) ;
#3405 = CARTESIAN_POINT ( 'NONE',  ( -1.345485934832971700, 6.222999999999987400, -2.330449999999996400 ) ) ;
#3406 = CARTESIAN_POINT ( 'NONE',  ( -2.199704525612479000, 2.793999999999995600, -1.269999999999994200 ) ) ;
#3407 = CARTESIAN_POINT ( 'NONE',  ( -2.932939367483300400, 2.730499999999995700, 7.219500131385894400E-015 ) ) ;
#3408 = CARTESIAN_POINT ( 'NONE',  ( -2.199704525612473200, 2.666999999999995800, 1.270000000000005600 ) ) ;
#3409 = CARTESIAN_POINT ( 'NONE',  ( -1.466469683741644700, 2.603499999999996400, 2.540000000000003100 ) ) ;
#3410 = CARTESIAN_POINT ( 'NONE',  ( 4.541495440115416800E-015, 2.539999999999996000, 2.540000000000000000 ) ) ;
#3411 = CARTESIAN_POINT ( 'NONE',  ( 1.466469683741655500, 2.476499999999996600, 2.539999999999996000 ) ) ;
#3412 = CARTESIAN_POINT ( 'NONE',  ( 2.199704525612476300, 2.412999999999996700, 1.269999999999993100 ) ) ;
#3413 = CARTESIAN_POINT ( 'NONE',  ( 2.932939367483297300, 2.349499999999996400, -7.578669749865477700E-015 ) ) ;
#3414 = CARTESIAN_POINT ( 'NONE',  ( 2.199704525612468800, 2.285999999999997400, -1.270000000000006500 ) ) ;
#3415 = CARTESIAN_POINT ( 'NONE',  ( 1.466469683741640900, 2.222499999999997000, -2.540000000000003100 ) ) ;
#3416 = CARTESIAN_POINT ( 'NONE',  ( -7.963045592695139200E-015, 2.158999999999997100, -2.540000000000000000 ) ) ;
#3417 = CARTESIAN_POINT ( 'NONE',  ( 4.541495440115416800E-015, 1.016000000000000000, 2.540000000000000000 ) ) ;
#3418 = CARTESIAN_POINT ( 'NONE',  ( 4.166822066305895100E-015, 9.715499999999979200, 2.330450000000000400 ) ) ;
#3419 = CARTESIAN_POINT ( 'NONE',  ( 1.345485934832968900, 9.651999999999979700, 2.330449999999996400 ) ) ;
#3420 = CARTESIAN_POINT ( 'NONE',  ( 2.018228902249447300, 9.588499999999980300, 1.165224999999993700 ) ) ;
#3421 = CARTESIAN_POINT ( 'NONE',  ( -2.018228902249450000, 5.397499999999990200, -1.165224999999994800 ) ) ;
#3422 = CARTESIAN_POINT ( 'NONE',  ( -1.345485934832959100, 8.254999999999983000, 2.330450000000003900 ) ) ;
#3423 = CARTESIAN_POINT ( 'NONE',  ( 4.166822066305895100E-015, 8.191499999999983600, 2.330450000000000400 ) ) ;
#3424 = CARTESIAN_POINT ( 'NONE',  ( 1.345485934832968900, 8.127999999999984100, 2.330449999999996400 ) ) ;
#3425 = CARTESIAN_POINT ( 'NONE',  ( 2.018228902249447300, 8.064499999999984700, 1.165224999999993700 ) ) ;
#3426 = CARTESIAN_POINT ( 'NONE',  ( 2.690971869665924800, 8.000999999999985200, -7.101586963124403600E-015 ) ) ;
#3427 = CARTESIAN_POINT ( 'NONE',  ( 2.018228902249440600, 7.937499999999984900, -1.165225000000006200 ) ) ;
#3428 = CARTESIAN_POINT ( 'NONE',  ( 1.345485934832955500, 7.873999999999985500, -2.330450000000003900 ) ) ;
#3429 = CARTESIAN_POINT ( 'NONE',  ( -2.199704525612473200, 4.190999999999992700, 1.270000000000005600 ) ) ;
#3430 = CARTESIAN_POINT ( 'NONE',  ( -1.466469683741644700, 4.127499999999992400, 2.540000000000003100 ) ) ;
#3431 = CARTESIAN_POINT ( 'NONE',  ( 4.541495440115416800E-015, 4.063999999999993000, 2.540000000000000000 ) ) ;
#3432 = CARTESIAN_POINT ( 'NONE',  ( 1.466469683741655500, 4.000499999999993500, 2.539999999999996000 ) ) ;
#3433 = CARTESIAN_POINT ( 'NONE',  ( 2.199704525612476300, 3.936999999999992700, 1.269999999999993100 ) ) ;
#3434 = CARTESIAN_POINT ( 'NONE',  ( 2.932939367483297300, 3.873499999999993300, -7.578669749865477700E-015 ) ) ;
#3435 = CARTESIAN_POINT ( 'NONE',  ( 2.199704525612468800, 3.809999999999993400, -1.270000000000006500 ) ) ;
#3436 = CARTESIAN_POINT ( 'NONE',  ( 1.466469683741640900, 3.746499999999993500, -2.540000000000003100 ) ) ;
#3437 = CARTESIAN_POINT ( 'NONE',  ( -7.963045592695139200E-015, 3.682999999999993600, -2.540000000000000000 ) ) ;
#3438 = CARTESIAN_POINT ( 'NONE',  ( -1.466469683741658400, 3.619499999999993700, -2.539999999999996000 ) ) ;
#3439 = CARTESIAN_POINT ( 'NONE',  ( -2.199704525612479000, 3.555999999999994300, -1.269999999999994200 ) ) ;
#3440 = CARTESIAN_POINT ( 'NONE',  ( -2.018228902249450000, 6.159499999999988000, -1.165224999999994800 ) ) ;
#3441 = CARTESIAN_POINT ( 'NONE',  ( -2.690971869665928400, 6.095999999999987700, 6.772048838169386200E-015 ) ) ;
#3442 = CARTESIAN_POINT ( 'NONE',  ( -2.018228902249443700, 6.032499999999988200, 1.165225000000005500 ) ) ;
#3443 = CARTESIAN_POINT ( 'NONE',  ( 1.492246290680911700, 6.727151299465463200, 2.088953607134469900 ) ) ;
#3444 = CARTESIAN_POINT ( 'NONE',  ( 0.4490975215569508700, 6.781800000000000500, 2.293239118829828000 ) ) ;
#3445 =( BOUNDED_CURVE ( )  B_SPLINE_CURVE ( 2, ( #3444, #3443, #3379, #3378, #3377 ),
 .UNSPECIFIED., .F., .T. ) 
 B_SPLINE_CURVE_WITH_KNOTS ( ( 3, 2, 3 ),
 ( 0.2755921028549014900, 0.2878787878787878500, 0.2954545454545454100 ),
 .UNSPECIFIED. ) 
 CURVE ( )  GEOMETRIC_REPRESENTATION_ITEM ( )  RATIONAL_B_SPLINE_CURVE ( ( 0.9589158861715279000, 0.8913571581164045900, 1.000000000000000000, 0.9330127018922194100, 0.9330127018922194100 ) ) 
 REPRESENTATION_ITEM ( '' )  );
#3446 = CARTESIAN_POINT ( 'NONE',  ( -1.990501127751549000, 6.781800000000000500, 1.224148479727774900 ) ) ;
#3447 = CARTESIAN_POINT ( 'NONE',  ( -1.306225872631945600, 6.719358395964631500, 2.336800000000003300 ) ) ;
#3448 = CARTESIAN_POINT ( 'NONE',  ( 4.178175804906184300E-015, 6.657878787878774000, 2.336800000000000200 ) ) ;
#3449 = CARTESIAN_POINT ( 'NONE',  ( 1.349152109042322900, 6.594378787878775400, 2.336799999999996200 ) ) ;
#3450 = CARTESIAN_POINT ( 'NONE',  ( 2.023728163563478500, 6.530878787878775100, 1.168399999999993700 ) ) ;
#3451 = CARTESIAN_POINT ( 'NONE',  ( 2.336800000000000700, 6.501408335317527200, 0.6261436728730409600 ) ) ;
#3452 = CARTESIAN_POINT ( 'NONE',  ( -2.690971869665928400, 5.333999999999989900, 6.772048838169386200E-015 ) ) ;
#3453 = CARTESIAN_POINT ( 'NONE',  ( -1.466469683741658400, 2.095499999999997700, -2.539999999999996000 ) ) ;
#3454 = CARTESIAN_POINT ( 'NONE',  ( -2.199704525612479000, 2.031999999999997400, -1.269999999999994200 ) ) ;
#3455 = CARTESIAN_POINT ( 'NONE',  ( -2.932939367483300400, 1.968499999999997700, 7.219500131385894400E-015 ) ) ;
#3456 = CARTESIAN_POINT ( 'NONE',  ( -2.199704525612473200, 1.904999999999997800, 1.270000000000005600 ) ) ;
#3457 = CARTESIAN_POINT ( 'NONE',  ( -1.466469683741644700, 1.841499999999998100, 2.540000000000003100 ) ) ;
#3458 = CARTESIAN_POINT ( 'NONE',  ( 4.541495440115416800E-015, 1.777999999999998000, 2.540000000000000000 ) ) ;
#3459 = CARTESIAN_POINT ( 'NONE',  ( 1.466469683741655500, 1.714499999999998400, 2.539999999999996000 ) ) ;
#3460 = CARTESIAN_POINT ( 'NONE',  ( 2.199704525612476300, 1.650999999999998500, 1.269999999999993100 ) ) ;
#3461 = CARTESIAN_POINT ( 'NONE',  ( 2.932939367483297300, 1.587499999999998600, -7.578669749865477700E-015 ) ) ;
#3462 = CARTESIAN_POINT ( 'NONE',  ( -2.018228902249443700, 6.794499999999986000, 1.165225000000005500 ) ) ;
#3463 = CARTESIAN_POINT ( 'NONE',  ( -1.345485934832959100, 6.730999999999987400, 2.330450000000003900 ) ) ;
#3464 = CARTESIAN_POINT ( 'NONE',  ( 4.166822066305895100E-015, 6.667499999999987100, 2.330450000000000400 ) ) ;
#3465 = CARTESIAN_POINT ( 'NONE',  ( 1.345485934832968900, 6.603999999999987700, 2.330449999999996400 ) ) ;
#3466 = CARTESIAN_POINT ( 'NONE',  ( 2.018228902249447300, 6.540499999999987300, 1.165224999999993700 ) ) ;
#3467 = CARTESIAN_POINT ( 'NONE',  ( -7.562710592741270400E-015, 5.524499999999989100, -2.330450000000000400 ) ) ;
#3468 = CARTESIAN_POINT ( 'NONE',  ( 1.345485934832968900, 5.841999999999989000, 2.330449999999996400 ) ) ;
#3469 = CARTESIAN_POINT ( 'NONE',  ( 2.018228902249447300, 5.778499999999989500, 1.165224999999993700 ) ) ;
#3470 = CARTESIAN_POINT ( 'NONE',  ( -2.199704525612479000, 5.079999999999991200, -1.269999999999994200 ) ) ;
#3471 = CARTESIAN_POINT ( 'NONE',  ( -2.932939367483300400, 5.016499999999990000, 7.219500131385894400E-015 ) ) ;
#3472 = CARTESIAN_POINT ( 'NONE',  ( -2.199704525612473200, 4.952999999999990500, 1.270000000000005600 ) ) ;
#3473 = CARTESIAN_POINT ( 'NONE',  ( -1.466469683741644700, 4.889499999999991100, 2.540000000000003100 ) ) ;
#3474 = CARTESIAN_POINT ( 'NONE',  ( 4.541495440115416800E-015, 4.825999999999990700, 2.540000000000000000 ) ) ;
#3475 = CARTESIAN_POINT ( 'NONE',  ( 1.466469683741655500, 4.762499999999991300, 2.539999999999996000 ) ) ;
#3476 = CARTESIAN_POINT ( 'NONE',  ( 2.199704525612476300, 4.698999999999991000, 1.269999999999993100 ) ) ;
#3477 = CARTESIAN_POINT ( 'NONE',  ( 2.932939367483297300, 4.635499999999991500, -7.578669749865477700E-015 ) ) ;
#3478 = CARTESIAN_POINT ( 'NONE',  ( 2.199704525612468800, 4.571999999999991200, -1.270000000000006500 ) ) ;
#3479 = CARTESIAN_POINT ( 'NONE',  ( 1.466469683741640900, 4.508499999999991700, -2.540000000000003100 ) ) ;
#3480 = CARTESIAN_POINT ( 'NONE',  ( -7.963045592695139200E-015, 4.444999999999992300, -2.540000000000000000 ) ) ;
#3481 = CARTESIAN_POINT ( 'NONE',  ( -1.466469683741658400, 4.381499999999992000, -2.539999999999996000 ) ) ;
#3482 = CARTESIAN_POINT ( 'NONE',  ( -2.199704525612479000, 4.317999999999991600, -1.269999999999994200 ) ) ;
#3483 = CARTESIAN_POINT ( 'NONE',  ( -2.932939367483300400, 4.254499999999992200, 7.219500131385894400E-015 ) ) ;
#3484 = AXIS2_PLACEMENT_3D ( 'NONE', #3364, #3363, #3362 ) ;
#3485 = CIRCLE ( 'NONE', #3484, 4.040383514342185100 ) ;
#3486 = CARTESIAN_POINT ( 'NONE',  ( -4.882645809569137200, 8.000999999999999400, 5.979319081862569100E-016 ) ) ;
#3487 = CARTESIAN_POINT ( 'NONE',  ( -4.841178069613123500, 8.000999999999999400, 0.6350000000000000100 ) ) ;
#3488 = DIRECTION ( 'NONE',  ( 0.0000000000000000000, 0.0000000000000000000, 1.000000000000000000 ) ) ;
#3489 = DIRECTION ( 'NONE',  ( 0.0000000000000000000, -1.000000000000000000, -0.0000000000000000000 ) ) ;
#3490 = CARTESIAN_POINT ( 'NONE',  ( -1.555250069354418500E-015, 8.000999999999999400, -3.626045333570911500E-016 ) ) ;
#3491 = AXIS2_PLACEMENT_3D ( 'NONE', #3490, #3489, #3488 ) ;
#3492 = CIRCLE ( 'NONE', #3491, 4.882645809569134500 ) ;
#3493 = DIRECTION ( 'NONE',  ( 1.000000000000000000, 1.755686371249526800E-016, 0.0000000000000000000 ) ) ;
#3494 = DIRECTION ( 'NONE',  ( 2.449212707644754000E-016, -1.000000000000000000, -0.0000000000000000000 ) ) ;
#3495 = CARTESIAN_POINT ( 'NONE',  ( -1.555250069354418500E-015, 6.349999999999998800, 0.0000000000000000000 ) ) ;
#3496 = AXIS2_PLACEMENT_3D ( 'NONE', #3495, #3494, #3493 ) ;
#3497 = CONICAL_SURFACE ( 'NONE', #3496, 4.940299999999998800, 0.03490658503987958300 ) ;
#3498 = FACE_OUTER_BOUND ( 'NONE', #1081, .T. ) ;
#3499 = DIRECTION ( 'NONE',  ( 0.4501617574173569800, -0.8929470265132846100, 0.0000000000000000000 ) ) ;
#3500 = VECTOR ( 'NONE', #3499, 1000.000000000000200 ) ;
#3501 = CARTESIAN_POINT ( 'NONE',  ( 3.822700000000000200, 6.781799999999999600, 0.0000000000000000000 ) ) ;
#3502 = LINE ( 'NONE', #3501, #3500 ) ;
#3503 = CARTESIAN_POINT ( 'NONE',  ( -1.345485934832971700, 5.460999999999990500, -2.330449999999996400 ) ) ;
#3504 = CARTESIAN_POINT ( 'NONE',  ( -1.345485934832959100, 7.492999999999985200, 2.330450000000003900 ) ) ;
#3505 = CARTESIAN_POINT ( 'NONE',  ( 4.166822066305895100E-015, 7.429499999999984900, 2.330450000000000400 ) ) ;
#3506 = CARTESIAN_POINT ( 'NONE',  ( 1.345485934832968900, 7.365999999999985400, 2.330449999999996400 ) ) ;
#3507 = CARTESIAN_POINT ( 'NONE',  ( 2.018228902249447300, 7.302499999999985100, 1.165224999999993700 ) ) ;
#3508 = CARTESIAN_POINT ( 'NONE',  ( 2.690971869665924800, 7.238999999999986600, -7.101586963124403600E-015 ) ) ;
#3509 = CARTESIAN_POINT ( 'NONE',  ( 2.018228902249440600, 7.175499999999985300, -1.165225000000006200 ) ) ;
#3510 = CARTESIAN_POINT ( 'NONE',  ( -1.345485934832959100, 5.968999999999987900, 2.330450000000003900 ) ) ;
#3511 = CARTESIAN_POINT ( 'NONE',  ( 4.166822066305895100E-015, 5.905499999999989300, 2.330450000000000400 ) ) ;
#3512 = CIRCLE ( 'NONE', #3558, 1.828799999999994900 ) ;
#3513 = CARTESIAN_POINT ( 'NONE',  ( 4.541495440115416800E-015, 9.397999999999980100, 2.540000000000000000 ) ) ;
#3514 = CARTESIAN_POINT ( 'NONE',  ( 1.466469683741655500, 9.334499999999980700, 2.539999999999996000 ) ) ;
#3515 = CARTESIAN_POINT ( 'NONE',  ( 2.199704525612476300, 9.270999999999981300, 1.269999999999993100 ) ) ;
#3516 = CARTESIAN_POINT ( 'NONE',  ( 2.932939367483297300, 9.207499999999980000, -7.578669749865477700E-015 ) ) ;
#3517 = CARTESIAN_POINT ( 'NONE',  ( 2.199704525612468800, 9.143999999999980600, -1.270000000000006500 ) ) ;
#3518 = CARTESIAN_POINT ( 'NONE',  ( 1.466469683741640900, 9.080499999999981100, -2.540000000000003100 ) ) ;
#3519 = CARTESIAN_POINT ( 'NONE',  ( -7.963045592695139200E-015, 9.016999999999979900, -2.540000000000000000 ) ) ;
#3520 = CARTESIAN_POINT ( 'NONE',  ( -1.466469683741658400, 8.953499999999980500, -2.539999999999996000 ) ) ;
#3521 = CARTESIAN_POINT ( 'NONE',  ( -2.199704525612479000, 8.889999999999981000, -1.269999999999994200 ) ) ;
#3522 = CARTESIAN_POINT ( 'NONE',  ( -2.932939367483300400, 8.826499999999981600, 7.219500131385894400E-015 ) ) ;
#3523 = CARTESIAN_POINT ( 'NONE',  ( -2.199704525612473200, 8.762999999999980400, 1.270000000000005600 ) ) ;
#3524 = CARTESIAN_POINT ( 'NONE',  ( -1.466469683741644700, 8.699499999999980900, 2.540000000000003100 ) ) ;
#3525 = CARTESIAN_POINT ( 'NONE',  ( 4.541495440115416800E-015, 8.635999999999981500, 2.540000000000000000 ) ) ;
#3526 = CARTESIAN_POINT ( 'NONE',  ( 1.466469683741655500, 8.572499999999982000, 2.539999999999996000 ) ) ;
#3527 = CARTESIAN_POINT ( 'NONE',  ( 2.199704525612476300, 8.508999999999982600, 1.269999999999993100 ) ) ;
#3528 = CARTESIAN_POINT ( 'NONE',  ( 2.932939367483297300, 8.445499999999981400, -7.578669749865477700E-015 ) ) ;
#3529 = CARTESIAN_POINT ( 'NONE',  ( 2.199704525612468800, 8.381999999999983700, -1.270000000000006500 ) ) ;
#3530 = CARTESIAN_POINT ( 'NONE',  ( 2.690971869665924800, 9.524999999999980800, -7.101586963124403600E-015 ) ) ;
#3531 = CARTESIAN_POINT ( 'NONE',  ( 2.018228902249440600, 9.461499999999979600, -1.165225000000006200 ) ) ;
#3532 = CARTESIAN_POINT ( 'NONE',  ( 1.345485934832955500, 9.397999999999981900, -2.330450000000003900 ) ) ;
#3533 = CARTESIAN_POINT ( 'NONE',  ( -7.562710592741270400E-015, 9.334499999999980700, -2.330450000000000400 ) ) ;
#3534 = CARTESIAN_POINT ( 'NONE',  ( -1.345485934832971700, 9.270999999999981300, -2.330449999999996400 ) ) ;
#3535 = CARTESIAN_POINT ( 'NONE',  ( -2.018228902249450000, 9.207499999999981800, -1.165224999999994800 ) ) ;
#3536 = CARTESIAN_POINT ( 'NONE',  ( -2.690971869665928400, 9.143999999999982400, 6.772048838169386200E-015 ) ) ;
#3537 = CARTESIAN_POINT ( 'NONE',  ( -7.562710592741270400E-015, 7.810499999999984200, -2.330450000000000400 ) ) ;
#3538 = CARTESIAN_POINT ( 'NONE',  ( -1.345485934832971700, 7.746999999999984800, -2.330449999999996400 ) ) ;
#3539 = CARTESIAN_POINT ( 'NONE',  ( -2.018228902249450000, 7.683499999999984500, -1.165224999999994800 ) ) ;
#3540 = CARTESIAN_POINT ( 'NONE',  ( -2.690971869665928400, 7.619999999999985000, 6.772048838169386200E-015 ) ) ;
#3541 = CARTESIAN_POINT ( 'NONE',  ( -2.018228902249443700, 7.556499999999984700, 1.165225000000005500 ) ) ;
#3542 = CARTESIAN_POINT ( 'NONE',  ( 2.690971869665924800, 5.714999999999989200, -7.101586963124403600E-015 ) ) ;
#3543 = CARTESIAN_POINT ( 'NONE',  ( 2.336799999999998900, 6.467378787878775600, -6.623653001329960800E-015 ) ) ;
#3544 =( BOUNDED_CURVE ( )  B_SPLINE_CURVE ( 2, ( #3543, #3451, #3450, #3449, #3448, #3447, #3446 ),
 .UNSPECIFIED., .F., .T. ) 
 B_SPLINE_CURVE_WITH_KNOTS ( ( 3, 2, 2, 3 ),
 ( 0.6136363636363636500, 0.6212121212121212200, 0.6363636363636363500, 0.6510958718355125400 ),
 .UNSPECIFIED. ) 
 CURVE ( )  GEOMETRIC_REPRESENTATION_ITEM ( )  RATIONAL_B_SPLINE_CURVE ( ( 0.9330127018922194100, 0.9330127018922194100, 1.000000000000000000, 0.8660254037844387100, 1.000000000000000000, 0.8697328102859859200, 0.9927903731046599000 ) ) 
 REPRESENTATION_ITEM ( '' )  );
#3545 = DIRECTION ( 'NONE',  ( 1.000000000000000000, 2.449212707644754000E-016, 0.0000000000000000000 ) ) ;
#3546 = DIRECTION ( 'NONE',  ( 2.449212707644754000E-016, -1.000000000000000000, -0.0000000000000000000 ) ) ;
#3547 = AXIS2_PLACEMENT_3D ( 'NONE', #3549, #3546, #3545 ) ;
#3548 = CYLINDRICAL_SURFACE ( 'NONE', #3547, 2.336800000000000200 ) ;
#3549 = CARTESIAN_POINT ( 'NONE',  ( 0.0000000000000000000, 0.0000000000000000000, 0.0000000000000000000 ) ) ;
#3550 = DIRECTION ( 'NONE',  ( 1.000000000000000000, 3.711749991391661000E-016, 0.0000000000000000000 ) ) ;
#3551 = DIRECTION ( 'NONE',  ( 2.449212707644754000E-016, -1.000000000000000000, -0.0000000000000000000 ) ) ;
#3552 = AXIS2_PLACEMENT_3D ( 'NONE', #3559, #3551, #3550 ) ;
#3553 = CIRCLE ( 'NONE', #3552, 2.336800000000000700 ) ;
#3554 = FACE_OUTER_BOUND ( 'NONE', #1045, .T. ) ;
#3555 = DIRECTION ( 'NONE',  ( 1.000000000000000000, 2.449212707644754000E-016, 0.0000000000000000000 ) ) ;
#3556 = DIRECTION ( 'NONE',  ( 2.449212707644754000E-016, -1.000000000000000000, -0.0000000000000000000 ) ) ;
#3557 = CARTESIAN_POINT ( 'NONE',  ( 1.097031811227326300E-031, -4.479120199740713700E-016, 0.0000000000000000000 ) ) ;
#3558 = AXIS2_PLACEMENT_3D ( 'NONE', #3557, #3556, #3555 ) ;
#3559 = CARTESIAN_POINT ( 'NONE',  ( -1.661007074070518800E-015, 6.781799999999998700, 0.0000000000000000000 ) ) ;
#3560 = CARTESIAN_POINT ( 'NONE',  ( 1.466469683741640900, 8.318499999999982500, -2.540000000000003100 ) ) ;
#3561 = CARTESIAN_POINT ( 'NONE',  ( -7.963045592695139200E-015, 8.254999999999983000, -2.540000000000000000 ) ) ;
#3562 = CARTESIAN_POINT ( 'NONE',  ( -1.466469683741658400, 8.191499999999983600, -2.539999999999996000 ) ) ;
#3563 = CARTESIAN_POINT ( 'NONE',  ( -2.199704525612479000, 8.127999999999982400, -1.269999999999994200 ) ) ;
#3564 = CARTESIAN_POINT ( 'NONE',  ( -2.932939367483300400, 8.064499999999982900, 7.219500131385894400E-015 ) ) ;
#3565 = CARTESIAN_POINT ( 'NONE',  ( -2.199704525612473200, 8.000999999999983500, 1.270000000000005600 ) ) ;
#3566 = CARTESIAN_POINT ( 'NONE',  ( -1.466469683741644700, 7.937499999999983100, 2.540000000000003100 ) ) ;
#3567 = CARTESIAN_POINT ( 'NONE',  ( 4.541495440115416800E-015, 7.873999999999983700, 2.540000000000000000 ) ) ;
#3568 = CARTESIAN_POINT ( 'NONE',  ( 1.466469683741655500, 7.810499999999984200, 2.539999999999996000 ) ) ;
#3569 = CARTESIAN_POINT ( 'NONE',  ( 2.199704525612476300, 7.746999999999984800, 1.269999999999993100 ) ) ;
#3570 = CARTESIAN_POINT ( 'NONE',  ( 2.932939367483297300, 7.683499999999984500, -7.578669749865477700E-015 ) ) ;
#3571 = CARTESIAN_POINT ( 'NONE',  ( 2.199704525612468800, 7.619999999999984100, -1.270000000000006500 ) ) ;
#3572 = CARTESIAN_POINT ( 'NONE',  ( 1.466469683741640900, 7.556499999999985600, -2.540000000000003100 ) ) ;
#3573 = CARTESIAN_POINT ( 'NONE',  ( -7.963045592695139200E-015, 7.492999999999984300, -2.540000000000000000 ) ) ;
#3574 = CARTESIAN_POINT ( 'NONE',  ( -1.466469683741658400, 7.429499999999984900, -2.539999999999996000 ) ) ;
#3575 = CARTESIAN_POINT ( 'NONE',  ( -2.199704525612479000, 7.365999999999985400, -1.269999999999994200 ) ) ;
#3576 = CARTESIAN_POINT ( 'NONE',  ( -2.932939367483300400, 7.302499999999985100, 7.219500131385894400E-015 ) ) ;
#3577 = CARTESIAN_POINT ( 'NONE',  ( -2.199704525612473200, 7.238999999999984800, 1.270000000000005600 ) ) ;
#3578 = CARTESIAN_POINT ( 'NONE',  ( -1.466469683741644700, 7.175499999999986200, 2.540000000000003100 ) ) ;
#3579 = CARTESIAN_POINT ( 'NONE',  ( 4.541495440115416800E-015, 7.111999999999985000, 2.540000000000000000 ) ) ;
#3580 = CARTESIAN_POINT ( 'NONE',  ( 1.466469683741655500, 7.048499999999984700, 2.539999999999996000 ) ) ;
#3581 = CARTESIAN_POINT ( 'NONE',  ( 2.199704525612476300, 6.984999999999986100, 1.269999999999993100 ) ) ;
#3582 = CARTESIAN_POINT ( 'NONE',  ( 2.932939367483297300, 6.921499999999986700, -7.578669749865477700E-015 ) ) ;
#3583 = CARTESIAN_POINT ( 'NONE',  ( 2.199704525612468800, 6.857999999999985400, -1.270000000000006500 ) ) ;
#3584 = CARTESIAN_POINT ( 'NONE',  ( 1.466469683741640900, 6.794499999999986900, -2.540000000000003100 ) ) ;
#3585 = CARTESIAN_POINT ( 'NONE',  ( -7.963045592695139200E-015, 6.730999999999987400, -2.540000000000000000 ) ) ;
#3586 = CARTESIAN_POINT ( 'NONE',  ( -1.466469683741658400, 6.667499999999985300, -2.539999999999996000 ) ) ;
#3587 = CARTESIAN_POINT ( 'NONE',  ( -2.199704525612479000, 6.603999999999986800, -1.269999999999994200 ) ) ;
#3588 = CARTESIAN_POINT ( 'NONE',  ( -2.932939367483300400, 6.540499999999986400, 7.219500131385894400E-015 ) ) ;
#3589 = CARTESIAN_POINT ( 'NONE',  ( -2.199704525612473200, 6.476999999999986100, 1.270000000000005600 ) ) ;
#3590 = CARTESIAN_POINT ( 'NONE',  ( -1.466469683741644700, 6.413499999999986700, 2.540000000000003100 ) ) ;
#3591 = CARTESIAN_POINT ( 'NONE',  ( 4.541495440115416800E-015, 6.349999999999987200, 2.540000000000000000 ) ) ;
#3592 = CARTESIAN_POINT ( 'NONE',  ( 1.466469683741655500, 6.286499999999987800, 2.539999999999996000 ) ) ;
#3593 = CARTESIAN_POINT ( 'NONE',  ( 2.199704525612476300, 6.222999999999987400, 1.269999999999993100 ) ) ;
#3594 = CARTESIAN_POINT ( 'NONE',  ( 2.932939367483297300, 6.159499999999987100, -7.578669749865477700E-015 ) ) ;
#3595 = CARTESIAN_POINT ( 'NONE',  ( 2.199704525612468800, 6.095999999999988500, -1.270000000000006500 ) ) ;
#3596 = CARTESIAN_POINT ( 'NONE',  ( 1.466469683741640900, 6.032499999999987300, -2.540000000000003100 ) ) ;
#3597 = CARTESIAN_POINT ( 'NONE',  ( -7.963045592695139200E-015, 5.968999999999987900, -2.540000000000000000 ) ) ;
#3598 = CARTESIAN_POINT ( 'NONE',  ( -1.466469683741658400, 5.905499999999988400, -2.539999999999996000 ) ) ;
#3599 = CARTESIAN_POINT ( 'NONE',  ( -2.199704525612479000, 5.841999999999988100, -1.269999999999994200 ) ) ;
#3600 = CARTESIAN_POINT ( 'NONE',  ( -2.932939367483300400, 5.778499999999988600, 7.219500131385894400E-015 ) ) ;
#3601 = CARTESIAN_POINT ( 'NONE',  ( -2.199704525612473200, 5.714999999999989200, 1.270000000000005600 ) ) ;
#3602 = CARTESIAN_POINT ( 'NONE',  ( -1.466469683741644700, 5.651499999999988900, 2.540000000000003100 ) ) ;
#3603 = CARTESIAN_POINT ( 'NONE',  ( 4.541495440115416800E-015, 5.587999999999988500, 2.540000000000000000 ) ) ;
#3604 = CARTESIAN_POINT ( 'NONE',  ( 1.466469683741655500, 5.524499999999990000, 2.539999999999996000 ) ) ;
#3605 = CARTESIAN_POINT ( 'NONE',  ( 2.199704525612476300, 5.460999999999990500, 1.269999999999993100 ) ) ;
#3606 = CARTESIAN_POINT ( 'NONE',  ( 2.932939367483297300, 5.397499999999989300, -7.578669749865477700E-015 ) ) ;
#3607 = CARTESIAN_POINT ( 'NONE',  ( 2.199704525612468800, 5.333999999999989900, -1.270000000000006500 ) ) ;
#3608 = CARTESIAN_POINT ( 'NONE',  ( 1.466469683741640900, 5.270499999999990400, -2.540000000000003100 ) ) ;
#3609 = CARTESIAN_POINT ( 'NONE',  ( -7.963045592695139200E-015, 5.206999999999989200, -2.540000000000000000 ) ) ;
#3610 = CARTESIAN_POINT ( 'NONE',  ( -1.466469683741658400, 5.143499999999990600, -2.539999999999996000 ) ) ;
#3611 = CARTESIAN_POINT ( 'NONE',  ( -2.134163853104078300E-014, 6.730999999999987400, -2.540000000000000000 ) ) ;
#3612 = CARTESIAN_POINT ( 'NONE',  ( -1.466469683741678000, 6.667499999999986200, -2.539999999999984000 ) ) ;
#3613 = CARTESIAN_POINT ( 'NONE',  ( -2.199704525612484300, 6.603999999999986800, -1.269999999999985800 ) ) ;
#3614 = CARTESIAN_POINT ( 'NONE',  ( -2.932939367483299500, 6.540499999999988200, 2.787771550502566400E-014 ) ) ;
#3615 = CARTESIAN_POINT ( 'NONE',  ( 2.199704525612476800, 2.412999999999996700, 1.269999999999992700 ) ) ;
#3616 = CARTESIAN_POINT ( 'NONE',  ( 2.199704525612467400, 2.285999999999997400, -1.270000000000008700 ) ) ;
#3617 = CARTESIAN_POINT ( 'NONE',  ( -2.199704525612479400, 1.269999999999999400, -1.269999999999994200 ) ) ;
#3618 = CARTESIAN_POINT ( 'NONE',  ( -2.932939367483299500, 1.206499999999999500, 7.219500131385894400E-015 ) ) ;
#3619 = CARTESIAN_POINT ( 'NONE',  ( -2.199704525612480300, 2.793999999999995600, -1.269999999999992200 ) ) ;
#3620 = CARTESIAN_POINT ( 'NONE',  ( -1.466469683741642200, 2.603499999999996400, 2.540000000000005400 ) ) ;
#3621 = CARTESIAN_POINT ( 'NONE',  ( 2.932939367483297800, 5.397499999999989300, -1.638031283963651400E-014 ) ) ;
#3622 = CARTESIAN_POINT ( 'NONE',  ( 2.199704525612461700, 5.333999999999989900, -1.270000000000018700 ) ) ;
#3623 = CARTESIAN_POINT ( 'NONE',  ( 1.466469683741636900, 5.270499999999990400, -2.540000000000007100 ) ) ;
#3624 = CARTESIAN_POINT ( 'NONE',  ( -2.009743847555725300E-014, 5.206999999999989200, -2.540000000000000000 ) ) ;
#3625 = CARTESIAN_POINT ( 'NONE',  ( 1.466469683741639100, 2.984499999999995300, -2.540000000000005400 ) ) ;
#3626 = CARTESIAN_POINT ( 'NONE',  ( 1.466469683741658400, 2.476499999999996600, 2.539999999999994300 ) ) ;
#3627 = CARTESIAN_POINT ( 'NONE',  ( -1.466469683741660900, 2.095499999999997700, -2.539999999999994700 ) ) ;
#3628 = CARTESIAN_POINT ( 'NONE',  ( 0.7360876397231201900, 7.711416647382820100, -0.5537200000000002100 ) ) ;
#3629 = CARTESIAN_POINT ( 'NONE',  ( 0.9036223836819157200, 7.855184551237554700, -0.5537200000000003200 ) ) ;
#3630 = CARTESIAN_POINT ( 'NONE',  ( 1.069249339602662600, 8.000999999999999400, -0.5537200000000003200 ) ) ;
#3631 = CARTESIAN_POINT ( 'NONE',  ( 1.023071350708605600, 8.000999999999999400, -0.6350000000000000100 ) ) ;
#3632 = CARTESIAN_POINT ( 'NONE',  ( 2.932939367483297800, 3.873499999999993300, -1.494363436571817800E-014 ) ) ;
#3633 = CARTESIAN_POINT ( 'NONE',  ( -9.829345675920440800E-015, 3.682999999999993600, -2.540000000000000000 ) ) ;
#3634 = CARTESIAN_POINT ( 'NONE',  ( -1.466469683741666600, 3.619499999999993700, -2.539999999999991200 ) ) ;
#3635 = CARTESIAN_POINT ( 'NONE',  ( -2.932939367483299500, 2.730499999999995700, 1.386612551027943200E-014 ) ) ;
#3636 = CARTESIAN_POINT ( 'NONE',  ( -2.199704525612470500, 3.428999999999994100, 1.270000000000009600 ) ) ;
#3637 = CARTESIAN_POINT ( 'NONE',  ( -2.932939367483299500, 1.968499999999997700, 1.054281282083266200E-014 ) ) ;
#3638 = CARTESIAN_POINT ( 'NONE',  ( -2.199704525612483900, 5.841999999999988100, -1.269999999999986300 ) ) ;
#3639 = CARTESIAN_POINT ( 'NONE',  ( -2.932939367483299500, 5.778499999999988600, 2.715937626806650000E-014 ) ) ;
#3640 = CARTESIAN_POINT ( 'NONE',  ( -2.199704525612469700, 5.714999999999989200, 1.270000000000011100 ) ) ;
#3641 = CARTESIAN_POINT ( 'NONE',  ( -1.466469683741630700, 5.651499999999988900, 2.540000000000011600 ) ) ;
#3642 = CARTESIAN_POINT ( 'NONE',  ( -2.199704525612483000, 3.555999999999994300, -1.269999999999987800 ) ) ;
#3643 = CARTESIAN_POINT ( 'NONE',  ( 2.932939367483297800, 3.111499999999995000, -1.422529512875901400E-014 ) ) ;
#3644 = CARTESIAN_POINT ( 'NONE',  ( -2.932939367483299500, 3.492499999999994400, 1.458446474723859700E-014 ) ) ;
#3645 = CARTESIAN_POINT ( 'NONE',  ( 1.466469683741664600, 4.762499999999991300, 2.539999999999990700 ) ) ;
#3646 = CARTESIAN_POINT ( 'NONE',  ( 2.199704525612479900, 4.698999999999991000, 1.269999999999987100 ) ) ;
#3647 = CARTESIAN_POINT ( 'NONE',  ( 2.932939367483297800, 4.635499999999991500, -1.566197360267734400E-014 ) ) ;
#3648 = CARTESIAN_POINT ( 'NONE',  ( 4.940299999999997000, 6.349999999999999600, 0.0000000000000000000 ) ) ;
#3649 = CARTESIAN_POINT ( 'NONE',  ( -4.940300000000000600, 6.349999999999997900, 6.049922769788689000E-016 ) ) ;
#3650 = DIRECTION ( 'NONE',  ( 7.993605777301127100E-015, 0.0000000000000000000, 1.000000000000000000 ) ) ;
#3651 = DIRECTION ( 'NONE',  ( 0.0000000000000000000, -1.000000000000000000, -0.0000000000000000000 ) ) ;
#3652 = AXIS2_PLACEMENT_3D ( 'NONE', #3755, #3651, #3650 ) ;
#3653 = CIRCLE ( 'NONE', #3652, 4.882645809569134500 ) ;
#3654 = CARTESIAN_POINT ( 'NONE',  ( 4.841178069613119900, 8.000999999999999400, 0.6350000000000000100 ) ) ;
#3655 = CARTESIAN_POINT ( 'NONE',  ( 4.829357938788832300, 8.336602606534690100, 0.6350000000000000100 ) ) ;
#3656 = CARTESIAN_POINT ( 'NONE',  ( 4.830858650011504300, 8.293994605325968500, 0.6350000000000000100 ) ) ;
#3657 = CARTESIAN_POINT ( 'NONE',  ( 4.832359349360598500, 8.251386603699042900, 0.6350000000000000100 ) ) ;
#3658 = CARTESIAN_POINT ( 'NONE',  ( 4.833860036869256600, 8.208778601655089000, 0.6350000000000000100 ) ) ;
#3659 = CARTESIAN_POINT ( 'NONE',  ( 4.836299412355542900, 8.139519068870290800, 0.6350000000000000100 ) ) ;
#3660 = CARTESIAN_POINT ( 'NONE',  ( 4.838738756556279200, 8.070259534983582800, 0.6350000000000000100 ) ) ;
#3661 = CARTESIAN_POINT ( 'NONE',  ( -1.069249339602667400, 8.000999999999999400, 0.5537199999999999900 ) ) ;
#3662 = CARTESIAN_POINT ( 'NONE',  ( -1.069249339602667400, 8.000999999999999400, 0.5537199999999999900 ) ) ;
#3663 = B_SPLINE_CURVE_WITH_KNOTS ( 'NONE', 3,
 ( #3661, #3758, #3757, #3756 ),
 .UNSPECIFIED., .F., .F.,
 ( 4, 4 ),
 ( 0.003838842277185793700, 0.004500583387997770000 ),
 .UNSPECIFIED. ) ;
#3664 = CONICAL_SURFACE ( 'NONE', #3732, 1.828799999999994900, 0.7853981633974535000 ) ;
#3665 = CARTESIAN_POINT ( 'NONE',  ( 2.199704525612466500, 4.571999999999991200, -1.270000000000010200 ) ) ;
#3666 = CARTESIAN_POINT ( 'NONE',  ( 1.466469683741637800, 4.508499999999991700, -2.540000000000005400 ) ) ;
#3667 = DIRECTION ( 'NONE',  ( -1.000000000000000000, 0.0000000000000000000, 0.0000000000000000000 ) ) ;
#3668 = DIRECTION ( 'NONE',  ( -2.449212707644754000E-016, 1.000000000000000000, 0.0000000000000000000 ) ) ;
#3669 = AXIS2_PLACEMENT_3D ( 'NONE', #3712, #3668, #3667 ) ;
#3670 = CONICAL_SURFACE ( 'NONE', #3669, 2.521136606623057800, 0.7897010070859865600 ) ;
#3671 = CARTESIAN_POINT ( 'NONE',  ( -2.199704525612480300, 2.031999999999997400, -1.269999999999992900 ) ) ;
#3672 = CARTESIAN_POINT ( 'NONE',  ( -1.466469683741642700, 1.841499999999998100, 2.540000000000004900 ) ) ;
#3673 = B_SPLINE_CURVE_WITH_KNOTS ( 'NONE', 3,
 ( #3675, #3728, #3727, #3726, #3725, #3724, #3723, #3722 ),
 .UNSPECIFIED., .F., .F.,
 ( 4, 2, 2, 4 ),
 ( 0.002296123212793459700, 0.003398353300395616200, 0.003949468344196694800, 0.004500583387997772600 ),
 .UNSPECIFIED. ) ;
#3674 = CARTESIAN_POINT ( 'NONE',  ( -0.5537200000000002100, 7.583568237509113400, 0.5537200000000002100 ) ) ;
#3675 = CARTESIAN_POINT ( 'NONE',  ( -0.5537200000000005500, 9.053585663147702100, -2.197099999999999400 ) ) ;
#3676 = CARTESIAN_POINT ( 'NONE',  ( -0.5537200000000005500, 9.053585663147702100, -2.197099999999999400 ) ) ;
#3677 = CARTESIAN_POINT ( 'NONE',  ( -1.069249339602667400, 8.000999999999999400, -0.5537200000000002100 ) ) ;
#3678 =( BOUNDED_CURVE ( )  B_SPLINE_CURVE ( 2, ( #3686, #3682, #3681, #3618, #3617, #3750, #3749, #3759, #3679, #3691, #3760, #3690, #3702, #3672, #3700, #3637, #3671, #3627, #3761, #3707, #3616, #3706, #3615, #3626, #3695, #3620, #3720, #3635, #3619, #3742, #3721, #3625, #3718, #3643, #3751, #3714, #3734, #3765, #3636, #3644, #3642, #3634, #3633, #3701, #3764, #3632, #3683, #3680, #3736, #3735, #3763, #3762, #3768, #3767, #3766, #3666, #3665, #3647, #3646, #3645, #3717, #3716, #3715, #3689, #3688, #3687, #3624, #3623, #3622, #3621, #3705, #3704, #3703, #3641, #3640, #3639, #3638, #3731, #3730, #3729, #3710, #3709, #3708, #3699, #3698, #3697, #3696, #3614, #3613, #3612, #3611, #3685, #3684 ),
 .UNSPECIFIED., .F., .T. ) 
 B_SPLINE_CURVE_WITH_KNOTS ( ( 3, 2, 2, 2, 2, 2, 2, 2, 2, 2, 2, 2, 2, 2, 2, 2, 2, 2, 2, 2, 2, 2, 2, 2, 2, 2, 2, 2, 2, 2, 2, 2, 2, 2, 2, 2, 2, 2, 2, 2, 2, 2, 2, 2, 2, 2, 3 ),
 ( 0.0000000000000000000, 0.01515151515151515400, 0.03030303030303030700, 0.04545454545454545600, 0.06060606060606061500, 0.07575757575757576000, 0.09090909090909091200, 0.1060606060606060500, 0.1212121212121212300, 0.1363636363636363500, 0.1515151515151515200, 0.1666666666666666900, 0.1818181818181818200, 0.1969696969696969600, 0.2121212121212121000, 0.2272727272727272900, 0.2424242424242424600, 0.2575757575757575700, 0.2727272727272727100, 0.2878787878787879000, 0.3030303030303030400, 0.3181818181818181800, 0.3333333333333333700, 0.3484848484848485100, 0.3636363636363636500, 0.3787878787878788400, 0.3939393939393939200, 0.4090909090909091200, 0.4242424242424242000, 0.4393939393939393900, 0.4545454545454545900, 0.4696969696969697200, 0.4848484848484849200, 0.5000000000000000000, 0.5151515151515151400, 0.5303030303030302800, 0.5454545454545454100, 0.5606060606060606600, 0.5757575757575758000, 0.5909090909090909400, 0.6060606060606060800, 0.6212121212121212200, 0.6363636363636363500, 0.6515151515151514900, 0.6666666666666667400, 0.6818181818181818800, 0.6879767318640748200 ),
 .UNSPECIFIED. ) 
 CURVE ( )  GEOMETRIC_REPRESENTATION_ITEM ( )  RATIONAL_B_SPLINE_CURVE ( ( 1.000000000000000000, 0.8660254037844387100, 1.000000000000000000, 0.8660254037844387100, 1.000000000000000000, 0.8660254037844387100, 1.000000000000000000, 0.8660254037844387100, 1.000000000000000000, 0.8660254037844387100, 1.000000000000000000, 0.8660254037844387100, 1.000000000000000000, 0.8660254037844387100, 1.000000000000000000, 0.8660254037844387100, 1.000000000000000000, 0.8660254037844387100, 1.000000000000000000, 0.8660254037844387100, 1.000000000000000000, 0.8660254037844387100, 1.000000000000000000, 0.8660254037844387100, 1.000000000000000000, 0.8660254037844387100, 1.000000000000000000, 0.8660254037844387100, 1.000000000000000000, 0.8660254037844387100, 1.000000000000000000, 0.8660254037844387100, 1.000000000000000000, 0.8660254037844387100, 1.000000000000000000, 0.8660254037844387100, 1.000000000000000000, 0.8660254037844387100, 1.000000000000000000, 0.8660254037844387100, 1.000000000000000000, 0.8660254037844387100, 1.000000000000000000, 0.8660254037844387100, 1.000000000000000000, 0.8660254037844387100, 1.000000000000000000, 0.8660254037844387100, 1.000000000000000000, 0.8660254037844387100, 1.000000000000000000, 0.8660254037844387100, 1.000000000000000000, 0.8660254037844387100, 1.000000000000000000, 0.8660254037844387100, 1.000000000000000000, 0.8660254037844387100, 1.000000000000000000, 0.8660254037844387100, 1.000000000000000000, 0.8660254037844387100, 1.000000000000000000, 0.8660254037844387100, 1.000000000000000000, 0.8660254037844387100, 1.000000000000000000, 0.8660254037844387100, 1.000000000000000000, 0.8660254037844387100, 1.000000000000000000, 0.8660254037844387100, 1.000000000000000000, 0.8660254037844387100, 1.000000000000000000, 0.8660254037844387100, 1.000000000000000000, 0.8660254037844387100, 1.000000000000000000, 0.8660254037844387100, 1.000000000000000000, 0.8660254037844387100, 1.000000000000000000, 0.8660254037844387100, 1.000000000000000000, 0.8660254037844387100, 1.000000000000000000, 0.8660254037844387100, 1.000000000000000000, 0.8660254037844387100, 1.000000000000000000, 0.9455441091256588900, 0.9353569697114352300 ) ) 
 REPRESENTATION_ITEM ( '' )  );
#3679 = CARTESIAN_POINT ( 'NONE',  ( 2.199704525612469200, 1.523999999999998900, -1.270000000000006500 ) ) ;
#3680 = CARTESIAN_POINT ( 'NONE',  ( 1.466469683741664000, 4.000499999999992600, 2.539999999999990700 ) ) ;
#3681 = CARTESIAN_POINT ( 'NONE',  ( -2.199704525612473200, 1.142999999999999800, 1.270000000000005600 ) ) ;
#3682 = CARTESIAN_POINT ( 'NONE',  ( -1.466469683741644700, 1.079499999999999700, 2.540000000000004000 ) ) ;
#3683 = CARTESIAN_POINT ( 'NONE',  ( 2.199704525612479900, 3.936999999999992700, 1.269999999999987600 ) ) ;
#3684 = CARTESIAN_POINT ( 'NONE',  ( 1.043663592564346000, 6.781799999999998700, -2.315678368330904600 ) ) ;
#3685 = CARTESIAN_POINT ( 'NONE',  ( 0.5459392743973269200, 6.754639864027574000, -2.540000000000001800 ) ) ;
#3686 = CARTESIAN_POINT ( 'NONE',  ( 2.270747720057708400E-015, 1.016000000000000000, 2.540000000000000000 ) ) ;
#3687 = CARTESIAN_POINT ( 'NONE',  ( -1.466469683741658900, 5.143499999999989700, -2.539999999999995600 ) ) ;
#3688 = CARTESIAN_POINT ( 'NONE',  ( -2.199704525612483900, 5.079999999999991200, -1.269999999999986900 ) ) ;
#3689 = CARTESIAN_POINT ( 'NONE',  ( -2.932939367483299500, 5.016499999999990000, 2.644103703110733700E-014 ) ) ;
#3690 = CARTESIAN_POINT ( 'NONE',  ( 1.466469683741655500, 1.714499999999998400, 2.539999999999996000 ) ) ;
#3691 = CARTESIAN_POINT ( 'NONE',  ( 2.932939367483297800, 1.587499999999998600, -7.578669749865477700E-015 ) ) ;
#3692 = CARTESIAN_POINT ( 'NONE',  ( -0.9032823292236565900, 7.854885172472670300, -0.5537200000000001000 ) ) ;
#3693 = CARTESIAN_POINT ( 'NONE',  ( -0.7354571890955424700, 7.710974671435977300, -0.5537200000000002100 ) ) ;
#3694 = CARTESIAN_POINT ( 'NONE',  ( -0.5537200000000002100, 7.583568237509113400, -0.5537200000000002100 ) ) ;
#3695 = CARTESIAN_POINT ( 'NONE',  ( 5.785695495598952300E-015, 2.539999999999996000, 2.540000000000000000 ) ) ;
#3696 = CARTESIAN_POINT ( 'NONE',  ( -2.199704525612469200, 6.476999999999986100, 1.270000000000011800 ) ) ;
#3697 = CARTESIAN_POINT ( 'NONE',  ( -1.466469683741630200, 6.413499999999986700, 2.540000000000012000 ) ) ;
#3698 = CARTESIAN_POINT ( 'NONE',  ( 8.896195634307791600E-015, 6.349999999999987200, 2.540000000000000000 ) ) ;
#3699 = CARTESIAN_POINT ( 'NONE',  ( 1.466469683741666000, 6.286499999999987800, 2.539999999999989800 ) ) ;
#3700 = CARTESIAN_POINT ( 'NONE',  ( -2.199704525612472300, 1.904999999999997800, 1.270000000000006900 ) ) ;
#3701 = CARTESIAN_POINT ( 'NONE',  ( 1.466469683741638400, 3.746499999999993500, -2.540000000000005400 ) ) ;
#3702 = CARTESIAN_POINT ( 'NONE',  ( 5.163595467857184500E-015, 1.777999999999998000, 2.540000000000000000 ) ) ;
#3703 = CARTESIAN_POINT ( 'NONE',  ( 8.274095606566023900E-015, 5.587999999999988500, 2.540000000000000000 ) ) ;
#3704 = CARTESIAN_POINT ( 'NONE',  ( 1.466469683741665300, 5.524499999999989100, 2.539999999999990700 ) ) ;
#3705 = CARTESIAN_POINT ( 'NONE',  ( 2.199704525612484800, 5.460999999999990500, 1.269999999999978700 ) ) ;
#3706 = CARTESIAN_POINT ( 'NONE',  ( 2.932939367483297800, 2.349499999999996400, -8.297008986824644400E-015 ) ) ;
#3707 = CARTESIAN_POINT ( 'NONE',  ( 1.466469683741639300, 2.222499999999997000, -2.540000000000004900 ) ) ;
#3708 = CARTESIAN_POINT ( 'NONE',  ( 2.199704525612485200, 6.222999999999987400, 1.269999999999978300 ) ) ;
#3709 = CARTESIAN_POINT ( 'NONE',  ( 2.932939367483297800, 6.159499999999988000, -1.709865207659568100E-014 ) ) ;
#3710 = CARTESIAN_POINT ( 'NONE',  ( 2.199704525612461200, 6.095999999999988500, -1.270000000000019300 ) ) ;
#3711 = DIRECTION ( 'NONE',  ( -1.000000000000000000, -2.449212707644754000E-016, 0.0000000000000000000 ) ) ;
#3712 = CARTESIAN_POINT ( 'NONE',  ( -2.279416950276829900E-015, 9.306733315412177600, 0.0000000000000000000 ) ) ;
#3713 = DIRECTION ( 'NONE',  ( 0.0000000000000000000, 0.0000000000000000000, 1.000000000000000000 ) ) ;
#3714 = CARTESIAN_POINT ( 'NONE',  ( 1.466469683741663300, 3.238499999999994800, 2.539999999999991200 ) ) ;
#3715 = CARTESIAN_POINT ( 'NONE',  ( -2.199704525612470100, 4.952999999999990500, 1.270000000000010700 ) ) ;
#3716 = CARTESIAN_POINT ( 'NONE',  ( -1.466469683741639800, 4.889499999999991100, 2.540000000000007100 ) ) ;
#3717 = CARTESIAN_POINT ( 'NONE',  ( 1.667588832297753000E-014, 4.825999999999990700, 2.540000000000000000 ) ) ;
#3718 = CARTESIAN_POINT ( 'NONE',  ( 2.199704525612467000, 3.047999999999995200, -1.270000000000009100 ) ) ;
#3719 = DIRECTION ( 'NONE',  ( -2.449212707644754000E-016, 1.000000000000000000, 0.0000000000000000000 ) ) ;
#3720 = CARTESIAN_POINT ( 'NONE',  ( -2.199704525612471000, 2.666999999999995800, 1.270000000000008900 ) ) ;
#3721 = CARTESIAN_POINT ( 'NONE',  ( -1.371919202025531100E-014, 2.920999999999995800, -2.540000000000000000 ) ) ;
#3722 = CARTESIAN_POINT ( 'NONE',  ( -0.5537200000000002100, 7.583568237509113400, -0.5537200000000002100 ) ) ;
#3723 = CARTESIAN_POINT ( 'NONE',  ( -0.5537200000000002100, 7.690043686678334800, -0.7056004682250798200 ) ) ;
#3724 = CARTESIAN_POINT ( 'NONE',  ( -0.5537200000000004300, 7.808005817800868400, -0.8467782874655610500 ) ) ;
#3725 = CARTESIAN_POINT ( 'NONE',  ( -0.5537200000000003200, 8.048443299584706200, -1.124928759936858300 ) ) ;
#3726 = CARTESIAN_POINT ( 'NONE',  ( -0.5537200000000004300, 8.171797670966565600, -1.261082390732779500 ) ) ;
#3727 = CARTESIAN_POINT ( 'NONE',  ( -0.5537200000000003200, 8.545289776806484400, -1.666348340087827400 ) ) ;
#3728 = CARTESIAN_POINT ( 'NONE',  ( -0.5537200000000005500, 8.798922650549032600, -1.932204082982538000 ) ) ;
#3729 = CARTESIAN_POINT ( 'NONE',  ( 1.466469683741636200, 6.032499999999987300, -2.540000000000007100 ) ) ;
#3730 = CARTESIAN_POINT ( 'NONE',  ( -2.071953850329902000E-014, 5.968999999999987900, -2.540000000000000000 ) ) ;
#3731 = CARTESIAN_POINT ( 'NONE',  ( -1.466469683741659500, 5.905499999999989300, -2.539999999999995200 ) ) ;
#3732 = AXIS2_PLACEMENT_3D ( 'NONE', #3743, #3719, #3711 ) ;
#3733 = FACE_OUTER_BOUND ( 'NONE', #871, .T. ) ;
#3734 = CARTESIAN_POINT ( 'NONE',  ( 6.407795523340720000E-015, 3.301999999999994700, 2.540000000000000000 ) ) ;
#3735 = CARTESIAN_POINT ( 'NONE',  ( -1.466469683741640900, 4.127499999999992400, 2.540000000000005400 ) ) ;
#3736 = CARTESIAN_POINT ( 'NONE',  ( 7.029895551082487700E-015, 4.063999999999993000, 2.540000000000000000 ) ) ;
#3737 = DIRECTION ( 'NONE',  ( -0.0000000000000000000, 1.000000000000000000, 0.0000000000000000000 ) ) ;
#3738 = CARTESIAN_POINT ( 'NONE',  ( -2.279416950276829900E-015, 8.000999999999999400, -2.233884756165860500E-017 ) ) ;
#3739 = AXIS2_PLACEMENT_3D ( 'NONE', #3738, #3737, #3713 ) ;
#3740 = CIRCLE ( 'NONE', #3739, 1.204117929706528100 ) ;
#3741 = FACE_OUTER_BOUND ( 'NONE', #1051, .T. ) ;
#3742 = CARTESIAN_POINT ( 'NONE',  ( -1.466469683741661300, 2.857499999999995900, -2.539999999999993400 ) ) ;
#3743 = CARTESIAN_POINT ( 'NONE',  ( 1.097031811227326300E-031, -4.479120199740713700E-016, 0.0000000000000000000 ) ) ;
#3744 = B_SPLINE_CURVE_WITH_KNOTS ( 'NONE', 3,
 ( #3694, #3693, #3692, #3677 ),
 .UNSPECIFIED., .F., .F.,
 ( 4, 4 ),
 ( 0.001910085069979270800, 0.002578073509052851700 ),
 .UNSPECIFIED. ) ;
#3745 = CARTESIAN_POINT ( 'NONE',  ( 0.5537200000000002100, 7.583568237509116000, -0.5537200000000002100 ) ) ;
#3746 = CARTESIAN_POINT ( 'NONE',  ( 1.069249339602662600, 8.000999999999999400, -0.5537200000000003200 ) ) ;
#3747 = B_SPLINE_CURVE_WITH_KNOTS ( 'NONE', 3,
 ( #3630, #3629, #3628, #3745 ),
 .UNSPECIFIED., .F., .F.,
 ( 4, 4 ),
 ( 0.003838842277185801100, 0.004500583387997772600 ),
 .UNSPECIFIED. ) ;
#3748 = CARTESIAN_POINT ( 'NONE',  ( 0.5537200000000002100, 7.583568237509116000, -0.5537200000000002100 ) ) ;
#3749 = CARTESIAN_POINT ( 'NONE',  ( -7.963045592695139200E-015, 1.396999999999998900, -2.540000000000000000 ) ) ;
#3750 = CARTESIAN_POINT ( 'NONE',  ( -1.466469683741658400, 1.333499999999999200, -2.539999999999996000 ) ) ;
#3751 = CARTESIAN_POINT ( 'NONE',  ( 2.199704525612479400, 3.174999999999994500, 1.269999999999988200 ) ) ;
#3752 = CARTESIAN_POINT ( 'NONE',  ( 4.841178069613119900, 8.000999999999999400, 0.6350000000000000100 ) ) ;
#3753 = CARTESIAN_POINT ( 'NONE',  ( -4.829357938788837700, 8.336602606534686500, 0.6350000000000000100 ) ) ;
#3754 = B_SPLINE_CURVE_WITH_KNOTS ( 'NONE', 3,
 ( #3752, #3660, #3659, #3658, #3657, #3656, #3655 ),
 .UNSPECIFIED., .F., .F.,
 ( 4, 3, 4 ),
 ( 0.009214051002769070600, 0.009421958436243344600, 0.009549861700880261600 ),
 .UNSPECIFIED. ) ;
#3755 = CARTESIAN_POINT ( 'NONE',  ( -1.555250069354418500E-015, 8.000999999999999400, -3.626045333570911500E-016 ) ) ;
#3756 = CARTESIAN_POINT ( 'NONE',  ( -0.5537200000000002100, 7.583568237509113400, 0.5537200000000002100 ) ) ;
#3757 = CARTESIAN_POINT ( 'NONE',  ( -0.7360876397231218600, 7.711416647382818300, 0.5537200000000002100 ) ) ;
#3758 = CARTESIAN_POINT ( 'NONE',  ( -0.9036223836819191600, 7.855184551237554700, 0.5537200000000001000 ) ) ;
#3759 = CARTESIAN_POINT ( 'NONE',  ( 1.466469683741640900, 1.460499999999998800, -2.540000000000004000 ) ) ;
#3760 = CARTESIAN_POINT ( 'NONE',  ( 2.199704525612476300, 1.650999999999998500, 1.269999999999993100 ) ) ;
#3761 = CARTESIAN_POINT ( 'NONE',  ( -8.585145620436906900E-015, 2.158999999999997100, -2.540000000000000000 ) ) ;
#3762 = CARTESIAN_POINT ( 'NONE',  ( -2.932939367483299500, 4.254499999999993100, 1.530280398419776400E-014 ) ) ;
#3763 = CARTESIAN_POINT ( 'NONE',  ( -2.199704525612470100, 4.190999999999992700, 1.270000000000010000 ) ) ;
#3764 = CARTESIAN_POINT ( 'NONE',  ( 2.199704525612467000, 3.809999999999993400, -1.270000000000009800 ) ) ;
#3765 = CARTESIAN_POINT ( 'NONE',  ( -1.466469683741641300, 3.365499999999994600, 2.540000000000005400 ) ) ;
#3766 = CARTESIAN_POINT ( 'NONE',  ( -1.947533844781548400E-014, 4.444999999999992300, -2.540000000000000000 ) ) ;
#3767 = CARTESIAN_POINT ( 'NONE',  ( -1.466469683741667300, 4.381499999999992000, -2.539999999999990700 ) ) ;
#3768 = CARTESIAN_POINT ( 'NONE',  ( -2.199704525612483400, 4.317999999999991600, -1.269999999999987400 ) ) ;
#3769 = CARTESIAN_POINT ( 'NONE',  ( 2.690971869665924800, 5.079999999999989400, -7.101586963124403600E-015 ) ) ;
#3770 = CARTESIAN_POINT ( 'NONE',  ( 2.018228902249440600, 5.016499999999989100, -1.165225000000006200 ) ) ;
#3771 = CARTESIAN_POINT ( 'NONE',  ( 1.345485934832955500, 4.952999999999989600, -2.330450000000003900 ) ) ;
#3772 = CARTESIAN_POINT ( 'NONE',  ( -7.562710592741270400E-015, 4.889499999999989300, -2.330450000000000400 ) ) ;
#3773 = CARTESIAN_POINT ( 'NONE',  ( -1.345485934832971700, 4.825999999999989900, -2.330449999999996400 ) ) ;
#3774 = CARTESIAN_POINT ( 'NONE',  ( -2.018228902249450000, 4.762499999999989500, -1.165224999999994800 ) ) ;
#3775 = CARTESIAN_POINT ( 'NONE',  ( -2.690971869665928400, 4.698999999999990100, 6.772048838169386200E-015 ) ) ;
#3776 = CARTESIAN_POINT ( 'NONE',  ( -2.018228902249443700, 4.635499999999990600, 1.165225000000005500 ) ) ;
#3777 = CARTESIAN_POINT ( 'NONE',  ( -1.345485934832959100, 4.571999999999990300, 2.330450000000003900 ) ) ;
#3778 = CARTESIAN_POINT ( 'NONE',  ( 4.166822066305895100E-015, 4.508499999999990800, 2.330450000000000400 ) ) ;
#3779 = CARTESIAN_POINT ( 'NONE',  ( 1.345485934832968900, 4.444999999999990500, 2.330449999999996400 ) ) ;
#3780 = CARTESIAN_POINT ( 'NONE',  ( 2.018228902249447300, 4.381499999999991100, 1.165224999999993700 ) ) ;
#3781 = CARTESIAN_POINT ( 'NONE',  ( 2.690971869665924800, 4.317999999999990700, -7.101586963124403600E-015 ) ) ;
#3782 = CARTESIAN_POINT ( 'NONE',  ( 2.018228902249440600, 4.254499999999991300, -1.165225000000006200 ) ) ;
#3783 = CARTESIAN_POINT ( 'NONE',  ( 1.345485934832955500, 4.190999999999991800, -2.330450000000003900 ) ) ;
#3784 = CARTESIAN_POINT ( 'NONE',  ( -7.562710592741270400E-015, 4.127499999999991500, -2.330450000000000400 ) ) ;
#3785 = CARTESIAN_POINT ( 'NONE',  ( -1.345485934832971700, 4.063999999999992100, -2.330449999999996400 ) ) ;
#3786 = CARTESIAN_POINT ( 'NONE',  ( -2.018228902249450000, 4.000499999999991700, -1.165224999999994800 ) ) ;
#3787 = CARTESIAN_POINT ( 'NONE',  ( -2.690971869665928400, 3.936999999999991800, 6.772048838169386200E-015 ) ) ;
#3788 = CARTESIAN_POINT ( 'NONE',  ( -2.018228902249443700, 3.873499999999991900, 1.165225000000005500 ) ) ;
#3789 = CARTESIAN_POINT ( 'NONE',  ( -1.345485934832959100, 3.809999999999992500, 2.330450000000003900 ) ) ;
#3790 = CARTESIAN_POINT ( 'NONE',  ( 4.166822066305895100E-015, 3.746499999999992200, 2.330450000000000400 ) ) ;
#3791 = CARTESIAN_POINT ( 'NONE',  ( 1.345485934832968900, 3.682999999999992300, 2.330449999999996400 ) ) ;
#3792 = CARTESIAN_POINT ( 'NONE',  ( 2.018228902249447300, 3.619499999999992400, 1.165224999999993700 ) ) ;
#3793 = CARTESIAN_POINT ( 'NONE',  ( 2.690971869665924800, 3.555999999999992900, -7.101586963124403600E-015 ) ) ;
#3794 = CARTESIAN_POINT ( 'NONE',  ( 2.018228902249440600, 3.492499999999993100, -1.165225000000006200 ) ) ;
#3795 = CARTESIAN_POINT ( 'NONE',  ( 1.345485934832955500, 3.428999999999992700, -2.330450000000003900 ) ) ;
#3796 = CARTESIAN_POINT ( 'NONE',  ( -7.562710592741270400E-015, 3.365499999999993300, -2.330450000000000400 ) ) ;
#3797 = CARTESIAN_POINT ( 'NONE',  ( -1.345485934832971700, 3.301999999999992900, -2.330449999999996400 ) ) ;
#3798 = CARTESIAN_POINT ( 'NONE',  ( -2.018228902249450000, 3.238499999999993500, -1.165224999999994800 ) ) ;
#3799 = CARTESIAN_POINT ( 'NONE',  ( -2.690971869665928400, 3.174999999999993600, 6.772048838169386200E-015 ) ) ;
#3800 = CARTESIAN_POINT ( 'NONE',  ( -2.018228902249443700, 3.111499999999993700, 1.165225000000005500 ) ) ;
#3801 = CARTESIAN_POINT ( 'NONE',  ( -1.345485934832959100, 3.047999999999993400, 2.330450000000003900 ) ) ;
#3802 = CARTESIAN_POINT ( 'NONE',  ( 4.166822066305895100E-015, 2.984499999999993900, 2.330450000000000400 ) ) ;
#3803 = CARTESIAN_POINT ( 'NONE',  ( 1.345485934832968900, 2.920999999999994500, 2.330449999999996400 ) ) ;
#3804 = CARTESIAN_POINT ( 'NONE',  ( 2.018228902249447300, 2.857499999999994200, 1.165224999999993700 ) ) ;
#3805 = CARTESIAN_POINT ( 'NONE',  ( 2.690971869665924800, 2.793999999999994700, -7.101586963124403600E-015 ) ) ;
#3806 = CARTESIAN_POINT ( 'NONE',  ( 2.018228902249440600, 2.730499999999994800, -1.165225000000006200 ) ) ;
#3807 = CARTESIAN_POINT ( 'NONE',  ( 1.345485934832955500, 2.666999999999994900, -2.330450000000003900 ) ) ;
#3808 = CARTESIAN_POINT ( 'NONE',  ( -7.562710592741270400E-015, 2.603499999999995000, -2.330450000000000400 ) ) ;
#3809 = CARTESIAN_POINT ( 'NONE',  ( -1.345485934832971700, 2.539999999999995600, -2.330449999999996400 ) ) ;
#3810 = CARTESIAN_POINT ( 'NONE',  ( -2.018228902249450000, 2.476499999999995300, -1.165224999999994800 ) ) ;
#3811 = CARTESIAN_POINT ( 'NONE',  ( -2.690971869665928400, 2.412999999999995400, 6.772048838169386200E-015 ) ) ;
#3812 = CARTESIAN_POINT ( 'NONE',  ( -2.018228902249443700, 2.349499999999995500, 1.165225000000005500 ) ) ;
#3813 = CARTESIAN_POINT ( 'NONE',  ( -1.345485934832959100, 2.285999999999996000, 2.330450000000003900 ) ) ;
#3814 = CARTESIAN_POINT ( 'NONE',  ( 4.166822066305895100E-015, 2.222499999999995700, 2.330450000000000400 ) ) ;
#3815 = CARTESIAN_POINT ( 'NONE',  ( 1.345485934832968900, 2.158999999999995800, 2.330449999999996400 ) ) ;
#3816 = CARTESIAN_POINT ( 'NONE',  ( 2.018228902249447300, 2.095499999999996400, 1.165224999999993700 ) ) ;
#3817 = CARTESIAN_POINT ( 'NONE',  ( 2.690971869665924800, 2.031999999999996500, -7.101586963124403600E-015 ) ) ;
#3818 = CARTESIAN_POINT ( 'NONE',  ( 2.018228902249440600, 1.968499999999996800, -1.165225000000006200 ) ) ;
#3819 = CARTESIAN_POINT ( 'NONE',  ( 1.345485934832955500, 1.904999999999996700, -2.330450000000003900 ) ) ;
#3820 = CARTESIAN_POINT ( 'NONE',  ( -2.199704525612473200, 1.142999999999999800, 1.270000000000005600 ) ) ;
#3821 = CARTESIAN_POINT ( 'NONE',  ( -1.466469683741644700, 1.079499999999999700, 2.540000000000003100 ) ) ;
#3822 = CARTESIAN_POINT ( 'NONE',  ( 4.541495440115416800E-015, 1.016000000000000000, 2.540000000000000000 ) ) ;
#3823 = AXIS2_PLACEMENT_3D ( 'NONE', #3827, #4082, #4081 ) ;
#3824 = PLANE ( 'NONE',  #3823 ) ;
#3825 = LINE ( 'NONE', #4080, #4079 ) ;
#3826 =( BOUNDED_SURFACE ( )  B_SPLINE_SURFACE ( 1, 2, ( 
 ( #3822, #3821, #3820, #4017, #4016, #4015, #4014, #4013, #4012, #4011, #4010, #4009, #4008, #4007, #4006, #4005, #4004, #4003, #4002, #4001, #4000, #3999, #3998, #3997, #3996, #3995, #3994, #3993, #3992, #3991, #3990, #3989, #3988, #3987, #3986, #3985, #3984, #3983, #3982, #3981, #3980, #3979, #3978, #3977, #3976, #3975, #3974, #3973, #3972, #3971, #3970, #3969, #3968, #3967, #3936, #3935, #3934, #3933, #3932, #3931, #3930, #3929, #3928, #3927, #3926, #3925, #3924, #3923, #3922, #3921, #3920, #3919, #3918, #3917, #3916, #3915, #3914, #3913, #3912, #3911, #3910, #3909, #3908, #3907, #3906, #3905, #3904, #3903, #3902, #3901, #3900, #3899, #3898, #3897, #3896, #3895, #3894, #3893, #3892, #3891, #3890, #3889, #3888, #3887, #3886, #3885, #3884, #3883, #3882, #3881, #3880, #3879, #3878, #3877, #3876, #3875, #3874, #3873, #3872, #3871, #3870, #3869, #3868, #3867, #3866, #3865, #3864, #3863, #3862, #3861, #3860, #3859, #3858 ),
 ( #3857, #3856, #3855, #3854, #3853, #3852, #3851, #3850, #3849, #3848, #3847, #3846, #3845, #3844, #3843, #3842, #3841, #3840, #3839, #3819, #3818, #3817, #3816, #3815, #3814, #3813, #3812, #3811, #3810, #3809, #3808, #3807, #3806, #3805, #3804, #3803, #3802, #3801, #3800, #3799, #3798, #3797, #3796, #3795, #3794, #3793, #3792, #3791, #3790, #3789, #3788, #3787, #3786, #3785, #3784, #3783, #3782, #3781, #3780, #3779, #3778, #3777, #3776, #3775, #3774, #3773, #3772, #3771, #3770, #3769, #4068, #4067, #4066, #4065, #4064, #4063, #4062, #4061, #4060, #4059, #4058, #4057, #4056, #4055, #4054, #4053, #4052, #4051, #4050, #4049, #4048, #4047, #4046, #4045, #4044, #4043, #4042, #4041, #4040, #4039, #4038, #4037, #4036, #4035, #4034, #4033, #4032, #4031, #4030, #4029, #4028, #4027, #4026, #4025, #4024, #4023, #4022, #4021, #4020, #4019, #4018, #4094, #4093, #4092, #4091, #4090, #4089, #4088, #4087, #4086, #4085, #4084, #4083 ) ),
 .UNSPECIFIED., .F., .F., .T. ) 
 B_SPLINE_SURFACE_WITH_KNOTS ( ( 2, 2 ),
 ( 3, 2, 2, 2, 2, 2, 2, 2, 2, 2, 2, 2, 2, 2, 2, 2, 2, 2, 2, 2, 2, 2, 2, 2, 2, 2, 2, 2, 2, 2, 2, 2, 2, 2, 2, 2, 2, 2, 2, 2, 2, 2, 2, 2, 2, 2, 2, 2, 2, 2, 2, 2, 2, 2, 2, 2, 2, 2, 2, 2, 2, 2, 2, 2, 2, 2, 3 ),
 ( 0.0000000000000000000, 1.000000000000000000 ),
 ( 0.0000000000000000000, 0.01515151515151515200, 0.03030303030303030400, 0.04545454545454545600, 0.06060606060606060800, 0.07575757575757576000, 0.09090909090909091200, 0.1060606060606060600, 0.1212121212121212200, 0.1363636363636363500, 0.1515151515151515200, 0.1666666666666666900, 0.1818181818181818200, 0.1969696969696969600, 0.2121212121212121300, 0.2272727272727272900, 0.2424242424242424300, 0.2575757575757575700, 0.2727272727272727100, 0.2878787878787879000, 0.3030303030303030400, 0.3181818181818181800, 0.3333333333333333700, 0.3484848484848485100, 0.3636363636363636500, 0.3787878787878787800, 0.3939393939393939200, 0.4090909090909091200, 0.4242424242424242500, 0.4393939393939393900, 0.4545454545454545900, 0.4696969696969697200, 0.4848484848484848600, 0.5000000000000000000, 0.5151515151515151400, 0.5303030303030302800, 0.5454545454545454100, 0.5606060606060606600, 0.5757575757575758000, 0.5909090909090909400, 0.6060606060606060800, 0.6212121212121212200, 0.6363636363636363500, 0.6515151515151514900, 0.6666666666666667400, 0.6818181818181818800, 0.6969696969696970200, 0.7121212121212121500, 0.7272727272727272900, 0.7424242424242424300, 0.7575757575757575700, 0.7727272727272727100, 0.7878787878787878500, 0.8030303030303030900, 0.8181818181818182300, 0.8333333333333333700, 0.8484848484848485100, 0.8636363636363636500, 0.8787878787878787800, 0.8939393939393939200, 0.9090909090909091700, 0.9242424242424243100, 0.9393939393939394500, 0.9545454545454545900, 0.9696969696969697200, 0.9848484848484848600, 1.000000000000000000 ),
 .UNSPECIFIED. ) 
 GEOMETRIC_REPRESENTATION_ITEM ( )  RATIONAL_B_SPLINE_SURFACE ( (
 ( 1.000000000000000000, 0.8660254037844387100, 1.000000000000000000, 0.8660254037844387100, 1.000000000000000000, 0.8660254037844387100, 1.000000000000000000, 0.8660254037844387100, 1.000000000000000000, 0.8660254037844387100, 1.000000000000000000, 0.8660254037844387100, 1.000000000000000000, 0.8660254037844387100, 1.000000000000000000, 0.8660254037844387100, 1.000000000000000000, 0.8660254037844387100, 1.000000000000000000, 0.8660254037844387100, 1.000000000000000000, 0.8660254037844387100, 1.000000000000000000, 0.8660254037844387100, 1.000000000000000000, 0.8660254037844387100, 1.000000000000000000, 0.8660254037844387100, 1.000000000000000000, 0.8660254037844387100, 1.000000000000000000, 0.8660254037844387100, 1.000000000000000000, 0.8660254037844387100, 1.000000000000000000, 0.8660254037844387100, 1.000000000000000000, 0.8660254037844387100, 1.000000000000000000, 0.8660254037844387100, 1.000000000000000000, 0.8660254037844387100, 1.000000000000000000, 0.8660254037844387100, 1.000000000000000000, 0.8660254037844387100, 1.000000000000000000, 0.8660254037844387100, 1.000000000000000000, 0.8660254037844387100, 1.000000000000000000, 0.8660254037844387100, 1.000000000000000000, 0.8660254037844387100, 1.000000000000000000, 0.8660254037844387100, 1.000000000000000000, 0.8660254037844387100, 1.000000000000000000, 0.8660254037844387100, 1.000000000000000000, 0.8660254037844387100, 1.000000000000000000, 0.8660254037844387100, 1.000000000000000000, 0.8660254037844387100, 1.000000000000000000, 0.8660254037844387100, 1.000000000000000000, 0.8660254037844387100, 1.000000000000000000, 0.8660254037844387100, 1.000000000000000000, 0.8660254037844387100, 1.000000000000000000, 0.8660254037844387100, 1.000000000000000000, 0.8660254037844387100, 1.000000000000000000, 0.8660254037844387100, 1.000000000000000000, 0.8660254037844387100, 1.000000000000000000, 0.8660254037844387100, 1.000000000000000000, 0.8660254037844387100, 1.000000000000000000, 0.8660254037844387100, 1.000000000000000000, 0.8660254037844387100, 1.000000000000000000, 0.8660254037844387100, 1.000000000000000000, 0.8660254037844387100, 1.000000000000000000, 0.8660254037844387100, 1.000000000000000000, 0.8660254037844387100, 1.000000000000000000, 0.8660254037844387100, 1.000000000000000000, 0.8660254037844387100, 1.000000000000000000, 0.8660254037844387100, 1.000000000000000000, 0.8660254037844387100, 1.000000000000000000, 0.8660254037844387100, 1.000000000000000000, 0.8660254037844387100, 1.000000000000000000, 0.8660254037844387100, 1.000000000000000000, 0.8660254037844387100, 1.000000000000000000, 0.8660254037844387100, 1.000000000000000000, 0.8660254037844387100, 1.000000000000000000, 0.8660254037844387100, 1.000000000000000000, 0.8660254037844387100, 1.000000000000000000, 0.8660254037844387100, 1.000000000000000000, 0.8660254037844387100, 1.000000000000000000, 0.8660254037844387100, 1.000000000000000000, 0.8660254037844387100, 1.000000000000000000, 0.8660254037844387100, 1.000000000000000000),
 ( 1.000000000000000000, 0.8660254037844387100, 1.000000000000000000, 0.8660254037844387100, 1.000000000000000000, 0.8660254037844387100, 1.000000000000000000, 0.8660254037844387100, 1.000000000000000000, 0.8660254037844387100, 1.000000000000000000, 0.8660254037844387100, 1.000000000000000000, 0.8660254037844387100, 1.000000000000000000, 0.8660254037844387100, 1.000000000000000000, 0.8660254037844387100, 1.000000000000000000, 0.8660254037844387100, 1.000000000000000000, 0.8660254037844387100, 1.000000000000000000, 0.8660254037844387100, 1.000000000000000000, 0.8660254037844387100, 1.000000000000000000, 0.8660254037844387100, 1.000000000000000000, 0.8660254037844387100, 1.000000000000000000, 0.8660254037844387100, 1.000000000000000000, 0.8660254037844387100, 1.000000000000000000, 0.8660254037844387100, 1.000000000000000000, 0.8660254037844387100, 1.000000000000000000, 0.8660254037844387100, 1.000000000000000000, 0.8660254037844387100, 1.000000000000000000, 0.8660254037844387100, 1.000000000000000000, 0.8660254037844387100, 1.000000000000000000, 0.8660254037844387100, 1.000000000000000000, 0.8660254037844387100, 1.000000000000000000, 0.8660254037844387100, 1.000000000000000000, 0.8660254037844387100, 1.000000000000000000, 0.8660254037844387100, 1.000000000000000000, 0.8660254037844387100, 1.000000000000000000, 0.8660254037844387100, 1.000000000000000000, 0.8660254037844387100, 1.000000000000000000, 0.8660254037844387100, 1.000000000000000000, 0.8660254037844387100, 1.000000000000000000, 0.8660254037844387100, 1.000000000000000000, 0.8660254037844387100, 1.000000000000000000, 0.8660254037844387100, 1.000000000000000000, 0.8660254037844387100, 1.000000000000000000, 0.8660254037844387100, 1.000000000000000000, 0.8660254037844387100, 1.000000000000000000, 0.8660254037844387100, 1.000000000000000000, 0.8660254037844387100, 1.000000000000000000, 0.8660254037844387100, 1.000000000000000000, 0.8660254037844387100, 1.000000000000000000, 0.8660254037844387100, 1.000000000000000000, 0.8660254037844387100, 1.000000000000000000, 0.8660254037844387100, 1.000000000000000000, 0.8660254037844387100, 1.000000000000000000, 0.8660254037844387100, 1.000000000000000000, 0.8660254037844387100, 1.000000000000000000, 0.8660254037844387100, 1.000000000000000000, 0.8660254037844387100, 1.000000000000000000, 0.8660254037844387100, 1.000000000000000000, 0.8660254037844387100, 1.000000000000000000, 0.8660254037844387100, 1.000000000000000000, 0.8660254037844387100, 1.000000000000000000, 0.8660254037844387100, 1.000000000000000000, 0.8660254037844387100, 1.000000000000000000, 0.8660254037844387100, 1.000000000000000000, 0.8660254037844387100, 1.000000000000000000, 0.8660254037844387100, 1.000000000000000000, 0.8660254037844387100, 1.000000000000000000, 0.8660254037844387100, 1.000000000000000000, 0.8660254037844387100, 1.000000000000000000, 0.8660254037844387100, 1.000000000000000000, 0.8660254037844387100, 1.000000000000000000, 0.8660254037844387100, 1.000000000000000000) ) ) 
 REPRESENTATION_ITEM ( '' )  SURFACE ( )  );
#3827 = CARTESIAN_POINT ( 'NONE',  ( 5.180109477421527900, 8.000999999999999400, -0.6350000000000000100 ) ) ;
#3828 = FACE_OUTER_BOUND ( 'NONE', #1131, .T. ) ;
#3829 = FACE_OUTER_BOUND ( 'NONE', #1148, .T. ) ;
#3830 = DIRECTION ( 'NONE',  ( -1.000000000000000000, 0.0000000000000000000, -0.0000000000000000000 ) ) ;
#3831 = DIRECTION ( 'NONE',  ( 0.0000000000000000000, 0.0000000000000000000, -1.000000000000000000 ) ) ;
#3832 = CARTESIAN_POINT ( 'NONE',  ( -5.175303827868150500, 10.54100000000000000, 0.6350000000000000100 ) ) ;
#3833 = AXIS2_PLACEMENT_3D ( 'NONE', #3832, #3831, #3830 ) ;
#3834 = PLANE ( 'NONE',  #3833 ) ;
#3835 = FACE_OUTER_BOUND ( 'NONE', #1143, .T. ) ;
#3836 = DIRECTION ( 'NONE',  ( -1.000000000000000000, -0.0000000000000000000, -0.0000000000000000000 ) ) ;
#3837 = VECTOR ( 'NONE', #3836, 1000.000000000000000 ) ;
#3838 = CARTESIAN_POINT ( 'NONE',  ( -5.175303827868150500, 8.000999999999999400, -0.6350000000000000100 ) ) ;
#3839 = CARTESIAN_POINT ( 'NONE',  ( -7.562710592741270400E-015, 1.841499999999996800, -2.330450000000000400 ) ) ;
#3840 = CARTESIAN_POINT ( 'NONE',  ( -1.345485934832971700, 1.777999999999997100, -2.330449999999996400 ) ) ;
#3841 = CARTESIAN_POINT ( 'NONE',  ( -2.018228902249450000, 1.714499999999997200, -1.165224999999994800 ) ) ;
#3842 = CARTESIAN_POINT ( 'NONE',  ( -2.690971869665928400, 1.650999999999997400, 6.772048838169386200E-015 ) ) ;
#3843 = CARTESIAN_POINT ( 'NONE',  ( -2.018228902249443700, 1.587499999999997200, 1.165225000000005500 ) ) ;
#3844 = CARTESIAN_POINT ( 'NONE',  ( -1.345485934832959100, 1.523999999999997600, 2.330450000000003900 ) ) ;
#3845 = CARTESIAN_POINT ( 'NONE',  ( 4.166822066305895100E-015, 1.460499999999997900, 2.330450000000000400 ) ) ;
#3846 = CARTESIAN_POINT ( 'NONE',  ( 1.345485934832968900, 1.396999999999998200, 2.330449999999996400 ) ) ;
#3847 = CARTESIAN_POINT ( 'NONE',  ( 2.018228902249447300, 1.333499999999998100, 1.165224999999993700 ) ) ;
#3848 = CARTESIAN_POINT ( 'NONE',  ( 2.690971869665924800, 1.269999999999998000, -7.101586963124403600E-015 ) ) ;
#3849 = CARTESIAN_POINT ( 'NONE',  ( 2.018228902249440600, 1.206499999999998400, -1.165225000000006200 ) ) ;
#3850 = CARTESIAN_POINT ( 'NONE',  ( 1.345485934832955500, 1.142999999999998500, -2.330450000000003900 ) ) ;
#3851 = CARTESIAN_POINT ( 'NONE',  ( -7.562710592741270400E-015, 1.079499999999998600, -2.330450000000000400 ) ) ;
#3852 = CARTESIAN_POINT ( 'NONE',  ( -1.345485934832971700, 1.015999999999998900, -2.330449999999996400 ) ) ;
#3853 = CARTESIAN_POINT ( 'NONE',  ( -2.018228902249450000, 0.9524999999999989000, -1.165224999999994800 ) ) ;
#3854 = CARTESIAN_POINT ( 'NONE',  ( -2.690971869665928400, 0.8889999999999992400, 6.772048838169386200E-015 ) ) ;
#3855 = CARTESIAN_POINT ( 'NONE',  ( -2.018228902249443700, 0.8254999999999993500, 1.165225000000005500 ) ) ;
#3856 = CARTESIAN_POINT ( 'NONE',  ( -1.345485934832959100, 0.7619999999999993400, 2.330450000000003900 ) ) ;
#3857 = CARTESIAN_POINT ( 'NONE',  ( 4.166822066305895100E-015, 0.6984999999999995700, 2.330450000000000400 ) ) ;
#3858 = CARTESIAN_POINT ( 'NONE',  ( 4.541495440115416800E-015, 9.397999999999980100, 2.540000000000000000 ) ) ;
#3859 = CARTESIAN_POINT ( 'NONE',  ( 1.466469683741655500, 9.334499999999980700, 2.539999999999996000 ) ) ;
#3860 = CARTESIAN_POINT ( 'NONE',  ( 2.199704525612476300, 9.270999999999981300, 1.269999999999993100 ) ) ;
#3861 = CARTESIAN_POINT ( 'NONE',  ( 2.932939367483297300, 9.207499999999980000, -7.578669749865477700E-015 ) ) ;
#3862 = CARTESIAN_POINT ( 'NONE',  ( 2.199704525612468800, 9.143999999999980600, -1.270000000000006500 ) ) ;
#3863 = CARTESIAN_POINT ( 'NONE',  ( 1.466469683741640900, 9.080499999999981100, -2.540000000000003100 ) ) ;
#3864 = CARTESIAN_POINT ( 'NONE',  ( -7.963045592695139200E-015, 9.016999999999979900, -2.540000000000000000 ) ) ;
#3865 = CARTESIAN_POINT ( 'NONE',  ( -1.466469683741658400, 8.953499999999980500, -2.539999999999996000 ) ) ;
#3866 = CARTESIAN_POINT ( 'NONE',  ( -2.199704525612479000, 8.889999999999981000, -1.269999999999994200 ) ) ;
#3867 = CARTESIAN_POINT ( 'NONE',  ( -2.932939367483300400, 8.826499999999981600, 7.219500131385894400E-015 ) ) ;
#3868 = CARTESIAN_POINT ( 'NONE',  ( -2.199704525612473200, 8.762999999999980400, 1.270000000000005600 ) ) ;
#3869 = CARTESIAN_POINT ( 'NONE',  ( -1.466469683741644700, 8.699499999999980900, 2.540000000000003100 ) ) ;
#3870 = CARTESIAN_POINT ( 'NONE',  ( 4.541495440115416800E-015, 8.635999999999981500, 2.540000000000000000 ) ) ;
#3871 = CARTESIAN_POINT ( 'NONE',  ( 1.466469683741655500, 8.572499999999982000, 2.539999999999996000 ) ) ;
#3872 = CARTESIAN_POINT ( 'NONE',  ( 2.199704525612476300, 8.508999999999982600, 1.269999999999993100 ) ) ;
#3873 = CARTESIAN_POINT ( 'NONE',  ( 2.932939367483297300, 8.445499999999981400, -7.578669749865477700E-015 ) ) ;
#3874 = CARTESIAN_POINT ( 'NONE',  ( 2.199704525612468800, 8.381999999999983700, -1.270000000000006500 ) ) ;
#3875 = CARTESIAN_POINT ( 'NONE',  ( 1.466469683741640900, 8.318499999999982500, -2.540000000000003100 ) ) ;
#3876 = CARTESIAN_POINT ( 'NONE',  ( -7.963045592695139200E-015, 8.254999999999983000, -2.540000000000000000 ) ) ;
#3877 = CARTESIAN_POINT ( 'NONE',  ( -1.466469683741658400, 8.191499999999983600, -2.539999999999996000 ) ) ;
#3878 = CARTESIAN_POINT ( 'NONE',  ( -2.199704525612479000, 8.127999999999982400, -1.269999999999994200 ) ) ;
#3879 = CARTESIAN_POINT ( 'NONE',  ( -2.932939367483300400, 8.064499999999982900, 7.219500131385894400E-015 ) ) ;
#3880 = CARTESIAN_POINT ( 'NONE',  ( -2.199704525612473200, 8.000999999999983500, 1.270000000000005600 ) ) ;
#3881 = CARTESIAN_POINT ( 'NONE',  ( -1.466469683741644700, 7.937499999999983100, 2.540000000000003100 ) ) ;
#3882 = CARTESIAN_POINT ( 'NONE',  ( 4.541495440115416800E-015, 7.873999999999983700, 2.540000000000000000 ) ) ;
#3883 = CARTESIAN_POINT ( 'NONE',  ( 1.466469683741655500, 7.810499999999984200, 2.539999999999996000 ) ) ;
#3884 = CARTESIAN_POINT ( 'NONE',  ( 2.199704525612476300, 7.746999999999984800, 1.269999999999993100 ) ) ;
#3885 = CARTESIAN_POINT ( 'NONE',  ( 2.932939367483297300, 7.683499999999984500, -7.578669749865477700E-015 ) ) ;
#3886 = CARTESIAN_POINT ( 'NONE',  ( 2.199704525612468800, 7.619999999999984100, -1.270000000000006500 ) ) ;
#3887 = CARTESIAN_POINT ( 'NONE',  ( 1.466469683741640900, 7.556499999999985600, -2.540000000000003100 ) ) ;
#3888 = CARTESIAN_POINT ( 'NONE',  ( -7.963045592695139200E-015, 7.492999999999984300, -2.540000000000000000 ) ) ;
#3889 = CARTESIAN_POINT ( 'NONE',  ( -1.466469683741658400, 7.429499999999984900, -2.539999999999996000 ) ) ;
#3890 = CARTESIAN_POINT ( 'NONE',  ( -2.199704525612479000, 7.365999999999985400, -1.269999999999994200 ) ) ;
#3891 = CARTESIAN_POINT ( 'NONE',  ( -2.932939367483300400, 7.302499999999985100, 7.219500131385894400E-015 ) ) ;
#3892 = CARTESIAN_POINT ( 'NONE',  ( -2.199704525612473200, 7.238999999999984800, 1.270000000000005600 ) ) ;
#3893 = CARTESIAN_POINT ( 'NONE',  ( -1.466469683741644700, 7.175499999999986200, 2.540000000000003100 ) ) ;
#3894 = CARTESIAN_POINT ( 'NONE',  ( 4.541495440115416800E-015, 7.111999999999985000, 2.540000000000000000 ) ) ;
#3895 = CARTESIAN_POINT ( 'NONE',  ( 1.466469683741655500, 7.048499999999984700, 2.539999999999996000 ) ) ;
#3896 = CARTESIAN_POINT ( 'NONE',  ( 2.199704525612476300, 6.984999999999986100, 1.269999999999993100 ) ) ;
#3897 = CARTESIAN_POINT ( 'NONE',  ( 2.932939367483297300, 6.921499999999986700, -7.578669749865477700E-015 ) ) ;
#3898 = CARTESIAN_POINT ( 'NONE',  ( 2.199704525612468800, 6.857999999999985400, -1.270000000000006500 ) ) ;
#3899 = CARTESIAN_POINT ( 'NONE',  ( 1.466469683741640900, 6.794499999999986900, -2.540000000000003100 ) ) ;
#3900 = CARTESIAN_POINT ( 'NONE',  ( -7.963045592695139200E-015, 6.730999999999987400, -2.540000000000000000 ) ) ;
#3901 = CARTESIAN_POINT ( 'NONE',  ( -1.466469683741658400, 6.667499999999985300, -2.539999999999996000 ) ) ;
#3902 = CARTESIAN_POINT ( 'NONE',  ( -2.199704525612479000, 6.603999999999986800, -1.269999999999994200 ) ) ;
#3903 = CARTESIAN_POINT ( 'NONE',  ( -2.932939367483300400, 6.540499999999986400, 7.219500131385894400E-015 ) ) ;
#3904 = CARTESIAN_POINT ( 'NONE',  ( -2.199704525612473200, 6.476999999999986100, 1.270000000000005600 ) ) ;
#3905 = CARTESIAN_POINT ( 'NONE',  ( -1.466469683741644700, 6.413499999999986700, 2.540000000000003100 ) ) ;
#3906 = CARTESIAN_POINT ( 'NONE',  ( 4.541495440115416800E-015, 6.349999999999987200, 2.540000000000000000 ) ) ;
#3907 = CARTESIAN_POINT ( 'NONE',  ( 1.466469683741655500, 6.286499999999987800, 2.539999999999996000 ) ) ;
#3908 = CARTESIAN_POINT ( 'NONE',  ( 2.199704525612476300, 6.222999999999987400, 1.269999999999993100 ) ) ;
#3909 = CARTESIAN_POINT ( 'NONE',  ( 2.932939367483297300, 6.159499999999987100, -7.578669749865477700E-015 ) ) ;
#3910 = CARTESIAN_POINT ( 'NONE',  ( 2.199704525612468800, 6.095999999999988500, -1.270000000000006500 ) ) ;
#3911 = CARTESIAN_POINT ( 'NONE',  ( 1.466469683741640900, 6.032499999999987300, -2.540000000000003100 ) ) ;
#3912 = CARTESIAN_POINT ( 'NONE',  ( -7.963045592695139200E-015, 5.968999999999987900, -2.540000000000000000 ) ) ;
#3913 = CARTESIAN_POINT ( 'NONE',  ( -1.466469683741658400, 5.905499999999988400, -2.539999999999996000 ) ) ;
#3914 = CARTESIAN_POINT ( 'NONE',  ( -2.199704525612479000, 5.841999999999988100, -1.269999999999994200 ) ) ;
#3915 = CARTESIAN_POINT ( 'NONE',  ( -2.932939367483300400, 5.778499999999988600, 7.219500131385894400E-015 ) ) ;
#3916 = CARTESIAN_POINT ( 'NONE',  ( -2.199704525612473200, 5.714999999999989200, 1.270000000000005600 ) ) ;
#3917 = CARTESIAN_POINT ( 'NONE',  ( -1.466469683741644700, 5.651499999999988900, 2.540000000000003100 ) ) ;
#3918 = CARTESIAN_POINT ( 'NONE',  ( 4.541495440115416800E-015, 5.587999999999988500, 2.540000000000000000 ) ) ;
#3919 = CARTESIAN_POINT ( 'NONE',  ( 1.466469683741655500, 5.524499999999990000, 2.539999999999996000 ) ) ;
#3920 = CARTESIAN_POINT ( 'NONE',  ( 2.199704525612476300, 5.460999999999990500, 1.269999999999993100 ) ) ;
#3921 = CARTESIAN_POINT ( 'NONE',  ( 2.932939367483297300, 5.397499999999989300, -7.578669749865477700E-015 ) ) ;
#3922 = CARTESIAN_POINT ( 'NONE',  ( 2.199704525612468800, 5.333999999999989900, -1.270000000000006500 ) ) ;
#3923 = CARTESIAN_POINT ( 'NONE',  ( 1.466469683741640900, 5.270499999999990400, -2.540000000000003100 ) ) ;
#3924 = CARTESIAN_POINT ( 'NONE',  ( -7.963045592695139200E-015, 5.206999999999989200, -2.540000000000000000 ) ) ;
#3925 = CARTESIAN_POINT ( 'NONE',  ( -1.466469683741658400, 5.143499999999990600, -2.539999999999996000 ) ) ;
#3926 = CARTESIAN_POINT ( 'NONE',  ( -2.199704525612479000, 5.079999999999991200, -1.269999999999994200 ) ) ;
#3927 = CARTESIAN_POINT ( 'NONE',  ( -2.932939367483300400, 5.016499999999990000, 7.219500131385894400E-015 ) ) ;
#3928 = CARTESIAN_POINT ( 'NONE',  ( -2.199704525612473200, 4.952999999999990500, 1.270000000000005600 ) ) ;
#3929 = CARTESIAN_POINT ( 'NONE',  ( -1.466469683741644700, 4.889499999999991100, 2.540000000000003100 ) ) ;
#3930 = CARTESIAN_POINT ( 'NONE',  ( 4.541495440115416800E-015, 4.825999999999990700, 2.540000000000000000 ) ) ;
#3931 = CARTESIAN_POINT ( 'NONE',  ( 1.466469683741655500, 4.762499999999991300, 2.539999999999996000 ) ) ;
#3932 = CARTESIAN_POINT ( 'NONE',  ( 2.199704525612476300, 4.698999999999991000, 1.269999999999993100 ) ) ;
#3933 = CARTESIAN_POINT ( 'NONE',  ( 2.932939367483297300, 4.635499999999991500, -7.578669749865477700E-015 ) ) ;
#3934 = CARTESIAN_POINT ( 'NONE',  ( 2.199704525612468800, 4.571999999999991200, -1.270000000000006500 ) ) ;
#3935 = CARTESIAN_POINT ( 'NONE',  ( 1.466469683741640900, 4.508499999999991700, -2.540000000000003100 ) ) ;
#3936 = CARTESIAN_POINT ( 'NONE',  ( -7.963045592695139200E-015, 4.444999999999992300, -2.540000000000000000 ) ) ;
#3937 = DIRECTION ( 'NONE',  ( 1.000000000000000000, 0.0000000000000000000, 6.597391793045459900E-017 ) ) ;
#3938 = VECTOR ( 'NONE', #3937, 1000.000000000000000 ) ;
#3939 = CARTESIAN_POINT ( 'NONE',  ( 5.180109477421527900, 8.000999999999999400, 0.5537200000000005500 ) ) ;
#3940 = LINE ( 'NONE', #3939, #3938 ) ;
#3941 = LINE ( 'NONE', #3838, #3837 ) ;
#3942 = CARTESIAN_POINT ( 'NONE',  ( 2.197099999999999400, 8.000999999999999400, 0.5537200000000005500 ) ) ;
#3943 = DIRECTION ( 'NONE',  ( 0.0000000000000000000, 0.0000000000000000000, -1.000000000000000000 ) ) ;
#3944 = VECTOR ( 'NONE', #3943, 1000.000000000000000 ) ;
#3945 = CARTESIAN_POINT ( 'NONE',  ( 2.197099999999999400, 8.000999999999999400, -0.6350000000000000100 ) ) ;
#3946 = LINE ( 'NONE', #3945, #3944 ) ;
#3947 = CARTESIAN_POINT ( 'NONE',  ( 2.197099999999999400, 8.000999999999999400, -0.5537200000000005500 ) ) ;
#3948 = DIRECTION ( 'NONE',  ( 1.000000000000000000, 0.0000000000000000000, 0.0000000000000000000 ) ) ;
#3949 = VECTOR ( 'NONE', #3948, 1000.000000000000000 ) ;
#3950 = CARTESIAN_POINT ( 'NONE',  ( -5.175303827868150500, 8.000999999999999400, 0.6350000000000000100 ) ) ;
#3951 = DIRECTION ( 'NONE',  ( -1.000000000000000000, 0.0000000000000000000, -0.0000000000000000000 ) ) ;
#3952 = DIRECTION ( 'NONE',  ( 0.0000000000000000000, 0.0000000000000000000, -1.000000000000000000 ) ) ;
#3953 = CARTESIAN_POINT ( 'NONE',  ( -5.175303827868150500, 10.54100000000000000, 0.6350000000000000100 ) ) ;
#3954 = AXIS2_PLACEMENT_3D ( 'NONE', #3953, #3952, #3951 ) ;
#3955 = PLANE ( 'NONE',  #3954 ) ;
#3956 = LINE ( 'NONE', #3950, #3949 ) ;
#3957 = FACE_OUTER_BOUND ( 'NONE', #1104, .T. ) ;
#3958 = DIRECTION ( 'NONE',  ( -1.000000000000000000, -0.0000000000000000000, -0.0000000000000000000 ) ) ;
#3959 = VECTOR ( 'NONE', #3958, 1000.000000000000000 ) ;
#3960 = CARTESIAN_POINT ( 'NONE',  ( -5.175303827868150500, 8.000999999999999400, -0.6350000000000000100 ) ) ;
#3961 = LINE ( 'NONE', #3960, #3959 ) ;
#3962 = DIRECTION ( 'NONE',  ( 0.0000000000000000000, 0.0000000000000000000, 1.000000000000000000 ) ) ;
#3963 = VECTOR ( 'NONE', #3962, 1000.000000000000000 ) ;
#3964 = CARTESIAN_POINT ( 'NONE',  ( -2.197099999999999400, 8.000999999999999400, -0.6350000000000000100 ) ) ;
#3965 = LINE ( 'NONE', #3964, #3963 ) ;
#3966 = CARTESIAN_POINT ( 'NONE',  ( -2.197099999999999400, 8.000999999999999400, 0.5537199999999999900 ) ) ;
#3967 = CARTESIAN_POINT ( 'NONE',  ( -1.466469683741658400, 4.381499999999992000, -2.539999999999996000 ) ) ;
#3968 = CARTESIAN_POINT ( 'NONE',  ( -2.199704525612479000, 4.317999999999991600, -1.269999999999994200 ) ) ;
#3969 = CARTESIAN_POINT ( 'NONE',  ( -2.932939367483300400, 4.254499999999992200, 7.219500131385894400E-015 ) ) ;
#3970 = CARTESIAN_POINT ( 'NONE',  ( -2.199704525612473200, 4.190999999999992700, 1.270000000000005600 ) ) ;
#3971 = CARTESIAN_POINT ( 'NONE',  ( -1.466469683741644700, 4.127499999999992400, 2.540000000000003100 ) ) ;
#3972 = CARTESIAN_POINT ( 'NONE',  ( 4.541495440115416800E-015, 4.063999999999993000, 2.540000000000000000 ) ) ;
#3973 = CARTESIAN_POINT ( 'NONE',  ( 1.466469683741655500, 4.000499999999993500, 2.539999999999996000 ) ) ;
#3974 = CARTESIAN_POINT ( 'NONE',  ( 2.199704525612476300, 3.936999999999992700, 1.269999999999993100 ) ) ;
#3975 = CARTESIAN_POINT ( 'NONE',  ( 2.932939367483297300, 3.873499999999993300, -7.578669749865477700E-015 ) ) ;
#3976 = CARTESIAN_POINT ( 'NONE',  ( 2.199704525612468800, 3.809999999999993400, -1.270000000000006500 ) ) ;
#3977 = CARTESIAN_POINT ( 'NONE',  ( 1.466469683741640900, 3.746499999999993500, -2.540000000000003100 ) ) ;
#3978 = CARTESIAN_POINT ( 'NONE',  ( -7.963045592695139200E-015, 3.682999999999993600, -2.540000000000000000 ) ) ;
#3979 = CARTESIAN_POINT ( 'NONE',  ( -1.466469683741658400, 3.619499999999993700, -2.539999999999996000 ) ) ;
#3980 = CARTESIAN_POINT ( 'NONE',  ( -2.199704525612479000, 3.555999999999994300, -1.269999999999994200 ) ) ;
#3981 = CARTESIAN_POINT ( 'NONE',  ( -2.932939367483300400, 3.492499999999994400, 7.219500131385894400E-015 ) ) ;
#3982 = CARTESIAN_POINT ( 'NONE',  ( -2.199704525612473200, 3.428999999999994100, 1.270000000000005600 ) ) ;
#3983 = CARTESIAN_POINT ( 'NONE',  ( -1.466469683741644700, 3.365499999999994600, 2.540000000000003100 ) ) ;
#3984 = CARTESIAN_POINT ( 'NONE',  ( 4.541495440115416800E-015, 3.301999999999994700, 2.540000000000000000 ) ) ;
#3985 = CARTESIAN_POINT ( 'NONE',  ( 1.466469683741655500, 3.238499999999994800, 2.539999999999996000 ) ) ;
#3986 = CARTESIAN_POINT ( 'NONE',  ( 2.199704525612476300, 3.174999999999994500, 1.269999999999993100 ) ) ;
#3987 = CARTESIAN_POINT ( 'NONE',  ( 2.932939367483297300, 3.111499999999995000, -7.578669749865477700E-015 ) ) ;
#3988 = CARTESIAN_POINT ( 'NONE',  ( 2.199704525612468800, 3.047999999999995200, -1.270000000000006500 ) ) ;
#3989 = CARTESIAN_POINT ( 'NONE',  ( 1.466469683741640900, 2.984499999999995300, -2.540000000000003100 ) ) ;
#3990 = CARTESIAN_POINT ( 'NONE',  ( -7.963045592695139200E-015, 2.920999999999995800, -2.540000000000000000 ) ) ;
#3991 = CARTESIAN_POINT ( 'NONE',  ( -1.466469683741658400, 2.857499999999995900, -2.539999999999996000 ) ) ;
#3992 = CARTESIAN_POINT ( 'NONE',  ( -2.199704525612479000, 2.793999999999995600, -1.269999999999994200 ) ) ;
#3993 = CARTESIAN_POINT ( 'NONE',  ( -2.932939367483300400, 2.730499999999995700, 7.219500131385894400E-015 ) ) ;
#3994 = CARTESIAN_POINT ( 'NONE',  ( -2.199704525612473200, 2.666999999999995800, 1.270000000000005600 ) ) ;
#3995 = CARTESIAN_POINT ( 'NONE',  ( -1.466469683741644700, 2.603499999999996400, 2.540000000000003100 ) ) ;
#3996 = CARTESIAN_POINT ( 'NONE',  ( 4.541495440115416800E-015, 2.539999999999996000, 2.540000000000000000 ) ) ;
#3997 = CARTESIAN_POINT ( 'NONE',  ( 1.466469683741655500, 2.476499999999996600, 2.539999999999996000 ) ) ;
#3998 = CARTESIAN_POINT ( 'NONE',  ( 2.199704525612476300, 2.412999999999996700, 1.269999999999993100 ) ) ;
#3999 = CARTESIAN_POINT ( 'NONE',  ( 2.932939367483297300, 2.349499999999996400, -7.578669749865477700E-015 ) ) ;
#4000 = CARTESIAN_POINT ( 'NONE',  ( 2.199704525612468800, 2.285999999999997400, -1.270000000000006500 ) ) ;
#4001 = CARTESIAN_POINT ( 'NONE',  ( 1.466469683741640900, 2.222499999999997000, -2.540000000000003100 ) ) ;
#4002 = CARTESIAN_POINT ( 'NONE',  ( -7.963045592695139200E-015, 2.158999999999997100, -2.540000000000000000 ) ) ;
#4003 = CARTESIAN_POINT ( 'NONE',  ( -1.466469683741658400, 2.095499999999997700, -2.539999999999996000 ) ) ;
#4004 = CARTESIAN_POINT ( 'NONE',  ( -2.199704525612479000, 2.031999999999997400, -1.269999999999994200 ) ) ;
#4005 = CARTESIAN_POINT ( 'NONE',  ( -2.932939367483300400, 1.968499999999997700, 7.219500131385894400E-015 ) ) ;
#4006 = CARTESIAN_POINT ( 'NONE',  ( -2.199704525612473200, 1.904999999999997800, 1.270000000000005600 ) ) ;
#4007 = CARTESIAN_POINT ( 'NONE',  ( -1.466469683741644700, 1.841499999999998100, 2.540000000000003100 ) ) ;
#4008 = CARTESIAN_POINT ( 'NONE',  ( 4.541495440115416800E-015, 1.777999999999998000, 2.540000000000000000 ) ) ;
#4009 = CARTESIAN_POINT ( 'NONE',  ( 1.466469683741655500, 1.714499999999998400, 2.539999999999996000 ) ) ;
#4010 = CARTESIAN_POINT ( 'NONE',  ( 2.199704525612476300, 1.650999999999998500, 1.269999999999993100 ) ) ;
#4011 = CARTESIAN_POINT ( 'NONE',  ( 2.932939367483297300, 1.587499999999998600, -7.578669749865477700E-015 ) ) ;
#4012 = CARTESIAN_POINT ( 'NONE',  ( 2.199704525612468800, 1.523999999999998900, -1.270000000000006500 ) ) ;
#4013 = CARTESIAN_POINT ( 'NONE',  ( 1.466469683741640900, 1.460499999999998800, -2.540000000000003100 ) ) ;
#4014 = CARTESIAN_POINT ( 'NONE',  ( -7.963045592695139200E-015, 1.396999999999998900, -2.540000000000000000 ) ) ;
#4015 = CARTESIAN_POINT ( 'NONE',  ( -1.466469683741658400, 1.333499999999999200, -2.539999999999996000 ) ) ;
#4016 = CARTESIAN_POINT ( 'NONE',  ( -2.199704525612479000, 1.269999999999999400, -1.269999999999994200 ) ) ;
#4017 = CARTESIAN_POINT ( 'NONE',  ( -2.932939367483300400, 1.206499999999999500, 7.219500131385894400E-015 ) ) ;
#4018 = CARTESIAN_POINT ( 'NONE',  ( 4.166822066305895100E-015, 8.318499999999982500, 2.330450000000000400 ) ) ;
#4019 = CARTESIAN_POINT ( 'NONE',  ( 1.345485934832968900, 8.254999999999983000, 2.330449999999996400 ) ) ;
#4020 = CARTESIAN_POINT ( 'NONE',  ( 2.018228902249447300, 8.191499999999981800, 1.165224999999993700 ) ) ;
#4021 = CARTESIAN_POINT ( 'NONE',  ( 2.690971869665924800, 8.127999999999982400, -7.101586963124403600E-015 ) ) ;
#4022 = CARTESIAN_POINT ( 'NONE',  ( 2.018228902249440600, 8.064499999999982900, -1.165225000000006200 ) ) ;
#4023 = CARTESIAN_POINT ( 'NONE',  ( 1.345485934832955500, 8.000999999999981700, -2.330450000000003900 ) ) ;
#4024 = CARTESIAN_POINT ( 'NONE',  ( -7.562710592741270400E-015, 7.937499999999983100, -2.330450000000000400 ) ) ;
#4025 = CARTESIAN_POINT ( 'NONE',  ( -1.345485934832971700, 7.873999999999983700, -2.330449999999996400 ) ) ;
#4026 = CARTESIAN_POINT ( 'NONE',  ( -2.018228902249450000, 7.810499999999982500, -1.165224999999994800 ) ) ;
#4027 = CARTESIAN_POINT ( 'NONE',  ( -2.690971869665928400, 7.746999999999983900, 6.772048838169386200E-015 ) ) ;
#4028 = CARTESIAN_POINT ( 'NONE',  ( -2.018228902249443700, 7.683499999999982700, 1.165225000000005500 ) ) ;
#4029 = CARTESIAN_POINT ( 'NONE',  ( -1.345485934832959100, 7.619999999999983200, 2.330450000000003900 ) ) ;
#4030 = CARTESIAN_POINT ( 'NONE',  ( 4.166822066305895100E-015, 7.556499999999983800, 2.330450000000000400 ) ) ;
#4031 = CARTESIAN_POINT ( 'NONE',  ( 1.345485934832968900, 7.492999999999982600, 2.330449999999996400 ) ) ;
#4032 = CARTESIAN_POINT ( 'NONE',  ( 2.018228902249447300, 7.429499999999984000, 1.165224999999993700 ) ) ;
#4033 = CARTESIAN_POINT ( 'NONE',  ( 2.690971869665924800, 7.365999999999984600, -7.101586963124403600E-015 ) ) ;
#4034 = CARTESIAN_POINT ( 'NONE',  ( 2.018228902249440600, 7.302499999999983300, -1.165225000000006200 ) ) ;
#4035 = CARTESIAN_POINT ( 'NONE',  ( 1.345485934832955500, 7.238999999999984800, -2.330450000000003900 ) ) ;
#4036 = CARTESIAN_POINT ( 'NONE',  ( -7.562710592741270400E-015, 7.175499999999983600, -2.330450000000000400 ) ) ;
#4037 = CARTESIAN_POINT ( 'NONE',  ( -1.345485934832971700, 7.111999999999984100, -2.330449999999996400 ) ) ;
#4038 = CARTESIAN_POINT ( 'NONE',  ( -2.018228902249450000, 7.048499999999984700, -1.165224999999994800 ) ) ;
#4039 = CARTESIAN_POINT ( 'NONE',  ( -2.690971869665928400, 6.984999999999984300, 6.772048838169386200E-015 ) ) ;
#4040 = CARTESIAN_POINT ( 'NONE',  ( -2.018228902249443700, 6.921499999999984900, 1.165225000000005500 ) ) ;
#4041 = CARTESIAN_POINT ( 'NONE',  ( -1.345485934832959100, 6.857999999999984600, 2.330450000000003900 ) ) ;
#4042 = CARTESIAN_POINT ( 'NONE',  ( 4.166822066305895100E-015, 6.794499999999984200, 2.330450000000000400 ) ) ;
#4043 = CARTESIAN_POINT ( 'NONE',  ( 1.345485934832968900, 6.730999999999984800, 2.330449999999996400 ) ) ;
#4044 = CARTESIAN_POINT ( 'NONE',  ( 2.018228902249447300, 6.667499999999985300, 1.165224999999993700 ) ) ;
#4045 = CARTESIAN_POINT ( 'NONE',  ( 2.690971869665924800, 6.603999999999985000, -7.101586963124403600E-015 ) ) ;
#4046 = CARTESIAN_POINT ( 'NONE',  ( 2.018228902249440600, 6.540499999999985500, -1.165225000000006200 ) ) ;
#4047 = CARTESIAN_POINT ( 'NONE',  ( 1.345485934832955500, 6.476999999999985200, -2.330450000000003900 ) ) ;
#4048 = CARTESIAN_POINT ( 'NONE',  ( -7.562710592741270400E-015, 6.413499999999985800, -2.330450000000000400 ) ) ;
#4049 = CARTESIAN_POINT ( 'NONE',  ( -1.345485934832971700, 6.349999999999985400, -2.330449999999996400 ) ) ;
#4050 = CARTESIAN_POINT ( 'NONE',  ( -2.018228902249450000, 6.286499999999986900, -1.165224999999994800 ) ) ;
#4051 = CARTESIAN_POINT ( 'NONE',  ( -2.690971869665928400, 6.222999999999985700, 6.772048838169386200E-015 ) ) ;
#4052 = CARTESIAN_POINT ( 'NONE',  ( -2.018228902249443700, 6.159499999999986200, 1.165225000000005500 ) ) ;
#4053 = CARTESIAN_POINT ( 'NONE',  ( -1.345485934832959100, 6.095999999999986800, 2.330450000000003900 ) ) ;
#4054 = CARTESIAN_POINT ( 'NONE',  ( 4.166822066305895100E-015, 6.032499999999986400, 2.330450000000000400 ) ) ;
#4055 = CARTESIAN_POINT ( 'NONE',  ( 1.345485934832968900, 5.968999999999987000, 2.330449999999996400 ) ) ;
#4056 = CARTESIAN_POINT ( 'NONE',  ( 2.018228902249447300, 5.905499999999987500, 1.165224999999993700 ) ) ;
#4057 = CARTESIAN_POINT ( 'NONE',  ( 2.690971869665924800, 5.841999999999987200, -7.101586963124403600E-015 ) ) ;
#4058 = CARTESIAN_POINT ( 'NONE',  ( 2.018228902249440600, 5.778499999999987800, -1.165225000000006200 ) ) ;
#4059 = CARTESIAN_POINT ( 'NONE',  ( 1.345485934832955500, 5.714999999999987400, -2.330450000000003900 ) ) ;
#4060 = CARTESIAN_POINT ( 'NONE',  ( -7.562710592741270400E-015, 5.651499999999988000, -2.330450000000000400 ) ) ;
#4061 = CARTESIAN_POINT ( 'NONE',  ( -1.345485934832971700, 5.587999999999988500, -2.330449999999996400 ) ) ;
#4062 = CARTESIAN_POINT ( 'NONE',  ( -2.018228902249450000, 5.524499999999987300, -1.165224999999994800 ) ) ;
#4063 = CARTESIAN_POINT ( 'NONE',  ( -2.690971869665928400, 5.460999999999988800, 6.772048838169386200E-015 ) ) ;
#4064 = CARTESIAN_POINT ( 'NONE',  ( -2.018228902249443700, 5.397499999999988400, 1.165225000000005500 ) ) ;
#4065 = CARTESIAN_POINT ( 'NONE',  ( -1.345485934832959100, 5.333999999999988100, 2.330450000000003900 ) ) ;
#4066 = CARTESIAN_POINT ( 'NONE',  ( 4.166822066305895100E-015, 5.270499999999988600, 2.330450000000000400 ) ) ;
#4067 = CARTESIAN_POINT ( 'NONE',  ( 1.345485934832968900, 5.206999999999989200, 2.330449999999996400 ) ) ;
#4068 = CARTESIAN_POINT ( 'NONE',  ( 2.018228902249447300, 5.143499999999988900, 1.165224999999993700 ) ) ;
#4069 = DIRECTION ( 'NONE',  ( 1.979217537913638000E-016, -0.0000000000000000000, 1.000000000000000000 ) ) ;
#4070 = VECTOR ( 'NONE', #4069, 1000.000000000000000 ) ;
#4071 = CARTESIAN_POINT ( 'NONE',  ( -0.5537200000000002100, 7.111999999999999200, -0.5537200000000002100 ) ) ;
#4072 = LINE ( 'NONE', #4071, #4070 ) ;
#4073 = DIRECTION ( 'NONE',  ( 0.0000000000000000000, 0.0000000000000000000, -1.000000000000000000 ) ) ;
#4074 = DIRECTION ( 'NONE',  ( 0.0000000000000000000, -1.000000000000000000, 0.0000000000000000000 ) ) ;
#4075 = CARTESIAN_POINT ( 'NONE',  ( -2.279416950276829900E-015, 7.111999999999999200, 4.615888686861948400E-016 ) ) ;
#4076 = AXIS2_PLACEMENT_3D ( 'NONE', #4075, #4074, #4073 ) ;
#4077 = CIRCLE ( 'NONE', #4076, 0.3074343650314543800 ) ;
#4078 = DIRECTION ( 'NONE',  ( -1.000000000000000000, 0.0000000000000000000, 1.979217537913638200E-016 ) ) ;
#4079 = VECTOR ( 'NONE', #4078, 1000.000000000000000 ) ;
#4080 = CARTESIAN_POINT ( 'NONE',  ( 5.180109477421527900, 8.000999999999999400, -0.5537200000000009900 ) ) ;
#4081 = DIRECTION ( 'NONE',  ( 0.0000000000000000000, -0.0000000000000000000, 1.000000000000000000 ) ) ;
#4082 = DIRECTION ( 'NONE',  ( -0.0000000000000000000, 1.000000000000000000, 0.0000000000000000000 ) ) ;
#4083 = CARTESIAN_POINT ( 'NONE',  ( 4.166822066305895100E-015, 9.080499999999979400, 2.330450000000000400 ) ) ;
#4084 = CARTESIAN_POINT ( 'NONE',  ( 1.345485934832968900, 9.016999999999979900, 2.330449999999996400 ) ) ;
#4085 = CARTESIAN_POINT ( 'NONE',  ( 2.018228902249447300, 8.953499999999980500, 1.165224999999993700 ) ) ;
#4086 = CARTESIAN_POINT ( 'NONE',  ( 2.690971869665924800, 8.889999999999979300, -7.101586963124403600E-015 ) ) ;
#4087 = CARTESIAN_POINT ( 'NONE',  ( 2.018228902249440600, 8.826499999999979800, -1.165225000000006200 ) ) ;
#4088 = CARTESIAN_POINT ( 'NONE',  ( 1.345485934832955500, 8.762999999999980400, -2.330450000000003900 ) ) ;
#4089 = CARTESIAN_POINT ( 'NONE',  ( -7.562710592741270400E-015, 8.699499999999979100, -2.330450000000000400 ) ) ;
#4090 = CARTESIAN_POINT ( 'NONE',  ( -1.345485934832971700, 8.635999999999979700, -2.330449999999996400 ) ) ;
#4091 = CARTESIAN_POINT ( 'NONE',  ( -2.018228902249450000, 8.572499999999982000, -1.165224999999994800 ) ) ;
#4092 = CARTESIAN_POINT ( 'NONE',  ( -2.690971869665928400, 8.508999999999980800, 6.772048838169386200E-015 ) ) ;
#4093 = CARTESIAN_POINT ( 'NONE',  ( -2.018228902249443700, 8.445499999999981400, 1.165225000000005500 ) ) ;
#4094 = CARTESIAN_POINT ( 'NONE',  ( -1.345485934832959100, 8.381999999999980100, 2.330450000000003900 ) ) ;
#4095 =( NAMED_UNIT ( * ) SI_UNIT ( $, .STERADIAN. ) SOLID_ANGLE_UNIT ( ) );
#4096 =( NAMED_UNIT ( * ) PLANE_ANGLE_UNIT ( ) SI_UNIT ( $, .RADIAN. ) );
#4097 =( LENGTH_UNIT ( ) NAMED_UNIT ( * ) SI_UNIT ( .MILLI., .METRE. ) );
#4098 = AXIS2_PLACEMENT_3D ( 'NONE', #4206, #4137, #4136 ) ;
#4099 = DIRECTION ( 'NONE',  ( -1.000000000000000000, 0.0000000000000000000, -0.0000000000000000000 ) ) ;
#4100 = DIRECTION ( 'NONE',  ( 0.0000000000000000000, 0.0000000000000000000, -1.000000000000000000 ) ) ;
#4101 = CARTESIAN_POINT ( 'NONE',  ( -0.5537200000000005500, 7.111999999999999200, -2.197099999999999400 ) ) ;
#4102 = AXIS2_PLACEMENT_3D ( 'NONE', #4101, #4100, #4099 ) ;
#4103 = PLANE ( 'NONE',  #4102 ) ;
#4104 = FACE_OUTER_BOUND ( 'NONE', #1343, .T. ) ;
#4105 = DIRECTION ( 'NONE',  ( 1.000000000000000000, 0.0000000000000000000, 0.0000000000000000000 ) ) ;
#4106 = VECTOR ( 'NONE', #4105, 1000.000000000000000 ) ;
#4107 = CARTESIAN_POINT ( 'NONE',  ( -5.175303827868150500, 8.000999999999999400, 0.6350000000000000100 ) ) ;
#4108 = LINE ( 'NONE', #4107, #4106 ) ;
#4109 = DIRECTION ( 'NONE',  ( 1.000000000000000000, 0.0000000000000000000, 0.0000000000000000000 ) ) ;
#4110 = DIRECTION ( 'NONE',  ( -0.0000000000000000000, 0.0000000000000000000, 1.000000000000000000 ) ) ;
#4111 = AXIS2_PLACEMENT_3D ( 'NONE', #4112, #4110, #4109 ) ;
#4112 = CARTESIAN_POINT ( 'NONE',  ( -5.175303827868150500, 10.54100000000000000, -0.6350000000000000100 ) ) ;
#4113 = PLANE ( 'NONE',  #4111 ) ;
#4114 = DIRECTION ( 'NONE',  ( 1.000000000000000000, 0.0000000000000000000, 0.0000000000000000000 ) ) ;
#4115 = DIRECTION ( 'NONE',  ( -0.0000000000000000000, 0.0000000000000000000, 1.000000000000000000 ) ) ;
#4116 = AXIS2_PLACEMENT_3D ( 'NONE', #4118, #4115, #4114 ) ;
#4117 = FACE_OUTER_BOUND ( 'NONE', #1256, .T. ) ;
#4118 = CARTESIAN_POINT ( 'NONE',  ( -5.175303827868150500, 10.54100000000000000, -0.6350000000000000100 ) ) ;
#4119 = PLANE ( 'NONE',  #4116 ) ;
#4120 = FACE_OUTER_BOUND ( 'NONE', #1250, .T. ) ;
#4121 = DIRECTION ( 'NONE',  ( -0.0000000000000000000, 1.000000000000000000, -0.0000000000000000000 ) ) ;
#4122 = DIRECTION ( 'NONE',  ( 0.9944625125263201200, -1.356248468896009300E-018, -0.1050919177664914900 ) ) ;
#4123 = DIRECTION ( 'NONE',  ( 0.1050919177664914900, 2.573924604644483400E-017, 0.9944625125263201200 ) ) ;
#4124 = CARTESIAN_POINT ( 'NONE',  ( 2.015751112171422200, 7.140636993672316600, -1.241380916098932600 ) ) ;
#4125 = AXIS2_PLACEMENT_3D ( 'NONE', #4124, #4123, #4122 ) ;
#4126 = DIRECTION ( 'NONE',  ( 1.000000000000000000, 0.0000000000000000000, 0.0000000000000000000 ) ) ;
#4127 = DIRECTION ( 'NONE',  ( 0.0000000000000000000, 0.0000000000000000000, 1.000000000000000000 ) ) ;
#4128 = CARTESIAN_POINT ( 'NONE',  ( 2.015751112171424000, -0.2543512594882788600, -1.241380916098933100 ) ) ;
#4129 = AXIS2_PLACEMENT_3D ( 'NONE', #4128, #4127, #4126 ) ;
#4130 = DIRECTION ( 'NONE',  ( 1.000000000000000000, 0.0000000000000000000, 0.0000000000000000000 ) ) ;
#4131 = DIRECTION ( 'NONE',  ( 0.0000000000000000000, 0.0000000000000000000, 1.000000000000000000 ) ) ;
#4132 = CARTESIAN_POINT ( 'NONE',  ( 0.0000000000000000000, 0.0000000000000000000, 0.0000000000000000000 ) ) ;
#4133 = AXIS2_PLACEMENT_3D ( 'NONE', #4132, #4131, #4130 ) ;
#4134 = SHAPE_REPRESENTATION ( '1299', ( #4098, #4129, #4125 ), #4197 ) ;
#4135 = SHAPE_DEFINITION_REPRESENTATION ( #4181, #4134 ) ;
#4136 = DIRECTION ( 'NONE',  ( 1.000000000000000000, 0.0000000000000000000, 0.0000000000000000000 ) ) ;
#4137 = DIRECTION ( 'NONE',  ( 0.0000000000000000000, 0.0000000000000000000, 1.000000000000000000 ) ) ;
#4138 = SHAPE_REPRESENTATION_RELATIONSHIP ( 'NONE' , 'NONE' ,  #4139, #4140 ) ;
#4139 = SHAPE_REPRESENTATION ( '1293', ( #4212 ), #4141 ) ;
#4140 = ADVANCED_BREP_SHAPE_REPRESENTATION ( '', ( #103, #4212 ), #4141 ) ;
#4141 =( GEOMETRIC_REPRESENTATION_CONTEXT ( 3 ) GLOBAL_UNCERTAINTY_ASSIGNED_CONTEXT ( ( #4202 ) ) GLOBAL_UNIT_ASSIGNED_CONTEXT ( ( #4205, #4204, #4203 ) ) REPRESENTATION_CONTEXT ( 'NONE', 'WORKASPACE' ) );
#4142 = FACE_OUTER_BOUND ( 'NONE', #1172, .T. ) ;
#4143 = CARTESIAN_POINT ( 'NONE',  ( -0.5537200000000005500, 7.111999999999999200, -2.197099999999999400 ) ) ;
#4144 = AXIS2_PLACEMENT_3D ( 'NONE', #4151, #4150, #4149 ) ;
#4145 = PLANE ( 'NONE',  #4144 ) ;
#4146 = VECTOR ( 'NONE', #4121, 1000.000000000000000 ) ;
#4147 = CARTESIAN_POINT ( 'NONE',  ( -0.5537200000000005500, 7.111999999999999200, -2.197099999999999400 ) ) ;
#4148 = LINE ( 'NONE', #4147, #4146 ) ;
#4149 = DIRECTION ( 'NONE',  ( 1.979217537913638200E-016, 0.0000000000000000000, 1.000000000000000000 ) ) ;
#4150 = DIRECTION ( 'NONE',  ( -1.000000000000000000, 0.0000000000000000000, 1.979217537913638200E-016 ) ) ;
#4151 = CARTESIAN_POINT ( 'NONE',  ( -0.5537200000000002100, 7.111999999999999200, -0.5537200000000002100 ) ) ;
#4152 = NEXT_ASSEMBLY_USAGE_OCCURRENCE ( 'NAUO1', ' ', ' ', #4184, #4162, $ ) ;
#4153 = PRODUCT_DEFINITION_SHAPE ( 'NONE', 'NONE',  #4156 ) ;
#4154 = PRODUCT_RELATED_PRODUCT_CATEGORY ( 'part', '', ( #4170 ) ) ;
#4155 = PRODUCT_DEFINITION_FORMATION_WITH_SPECIFIED_SOURCE ( 'ANY', '', #4170, .NOT_KNOWN. ) ;
#4156 = PRODUCT_DEFINITION ( 'UNKNOWN', '', #4155, #4157 ) ;
#4157 = PRODUCT_DEFINITION_CONTEXT ( 'detailed design', #4168, 'design' ) ;
#4158 = APPLICATION_PROTOCOL_DEFINITION ( 'draft international standard', 'automotive_design', 1998, #4168 ) ;
#4159 = PRODUCT_DEFINITION_SHAPE ( 'NONE', 'NONE',  #4162 ) ;
#4160 = PRODUCT_RELATED_PRODUCT_CATEGORY ( 'part', '', ( #4175 ) ) ;
#4161 = PRODUCT_DEFINITION_FORMATION_WITH_SPECIFIED_SOURCE ( 'ANY', '', #4175, .NOT_KNOWN. ) ;
#4162 = PRODUCT_DEFINITION ( 'UNKNOWN', '', #4161, #4163 ) ;
#4163 = PRODUCT_DEFINITION_CONTEXT ( 'detailed design', #4165, 'design' ) ;
#4164 = APPLICATION_PROTOCOL_DEFINITION ( 'draft international standard', 'automotive_design', 1998, #4165 ) ;
#4165 = APPLICATION_CONTEXT ( 'automotive_design' ) ;
#4166 =( REPRESENTATION_RELATIONSHIP ('NONE','NONE', #4134, #4139 ) REPRESENTATION_RELATIONSHIP_WITH_TRANSFORMATION ( #4169 )SHAPE_REPRESENTATION_RELATIONSHIP( ) );
#4167 = APPLICATION_CONTEXT ( 'automotive_design' ) ;
#4168 = APPLICATION_CONTEXT ( 'automotive_design' ) ;
#4169 = ITEM_DEFINED_TRANSFORMATION ( 'NONE', 'NONE', #4129,  #4212 ) ;
#4170 = PRODUCT ( 'F1202', 'F1202', '', ( #4171 ) ) ;
#4171 = PRODUCT_CONTEXT ( 'NONE', #4167, 'mechanical' ) ;
#4172 = APPLICATION_PROTOCOL_DEFINITION ( 'draft international standard', 'automotive_design', 1998, #4167 ) ;
#4173 = ITEM_DEFINED_TRANSFORMATION ( 'NONE', 'NONE', #4125,  #4212 ) ;
#4174 = CONTEXT_DEPENDENT_SHAPE_REPRESENTATION ( #4166, #4178 ) ;
#4175 = PRODUCT ( '1293', '1293', '', ( #4176 ) ) ;
#4176 = PRODUCT_CONTEXT ( 'NONE', #4193, 'mechanical' ) ;
#4177 = APPLICATION_PROTOCOL_DEFINITION ( 'draft international standard', 'automotive_design', 1998, #4193 ) ;
#4178 = PRODUCT_DEFINITION_SHAPE ( 'NONE', 'NONE',  #4152 ) ;
#4179 = NEXT_ASSEMBLY_USAGE_OCCURRENCE ( 'NAUO2', ' ', ' ', #4184, #4156, $ ) ;
#4180 = PRODUCT_DEFINITION_SHAPE ( 'NONE', 'NONE',  #4179 ) ;
#4181 = PRODUCT_DEFINITION_SHAPE ( 'NONE', 'NONE',  #4184 ) ;
#4182 = PRODUCT_RELATED_PRODUCT_CATEGORY ( 'part', '', ( #4189 ) ) ;
#4183 = PRODUCT_DEFINITION_FORMATION_WITH_SPECIFIED_SOURCE ( 'ANY', '', #4189, .NOT_KNOWN. ) ;
#4184 = PRODUCT_DEFINITION ( 'UNKNOWN', '', #4183, #4185 ) ;
#4185 = PRODUCT_DEFINITION_CONTEXT ( 'detailed design', #4187, 'design' ) ;
#4186 = APPLICATION_PROTOCOL_DEFINITION ( 'draft international standard', 'automotive_design', 1998, #4187 ) ;
#4187 = APPLICATION_CONTEXT ( 'automotive_design' ) ;
#4188 = SHAPE_DEFINITION_REPRESENTATION ( #4159, #4139 ) ;
#4189 = PRODUCT ( '1299', '1299', '', ( #4190 ) ) ;
#4190 = PRODUCT_CONTEXT ( 'NONE', #4195, 'mechanical' ) ;
#4191 = APPLICATION_PROTOCOL_DEFINITION ( 'draft international standard', 'automotive_design', 1998, #4195 ) ;
#4192 = SHAPE_DEFINITION_REPRESENTATION ( #4153, #4208 ) ;
#4193 = APPLICATION_CONTEXT ( 'automotive_design' ) ;
#4194 = CONTEXT_DEPENDENT_SHAPE_REPRESENTATION ( #4196, #4180 ) ;
#4195 = APPLICATION_CONTEXT ( 'automotive_design' ) ;
#4196 =( REPRESENTATION_RELATIONSHIP ('NONE','NONE', #4134, #4208 ) REPRESENTATION_RELATIONSHIP_WITH_TRANSFORMATION ( #4173 )SHAPE_REPRESENTATION_RELATIONSHIP( ) );
#4197 =( GEOMETRIC_REPRESENTATION_CONTEXT ( 3 ) GLOBAL_UNCERTAINTY_ASSIGNED_CONTEXT ( ( #4198 ) ) GLOBAL_UNIT_ASSIGNED_CONTEXT ( ( #4201, #4200, #4199 ) ) REPRESENTATION_CONTEXT ( 'NONE', 'WORKASPACE' ) );
#4198 = UNCERTAINTY_MEASURE_WITH_UNIT (LENGTH_MEASURE( 1.000000000000000100E-005 ), #4201, 'distance_accuracy_value', 'NONE');
#4199 =( NAMED_UNIT ( * ) SI_UNIT ( $, .STERADIAN. ) SOLID_ANGLE_UNIT ( ) );
#4200 =( NAMED_UNIT ( * ) PLANE_ANGLE_UNIT ( ) SI_UNIT ( $, .RADIAN. ) );
#4201 =( LENGTH_UNIT ( ) NAMED_UNIT ( * ) SI_UNIT ( .MILLI., .METRE. ) );
#4202 = UNCERTAINTY_MEASURE_WITH_UNIT (LENGTH_MEASURE( 1.000000000000000100E-005 ), #4205, 'distance_accuracy_value', 'NONE');
#4203 =( NAMED_UNIT ( * ) SI_UNIT ( $, .STERADIAN. ) SOLID_ANGLE_UNIT ( ) );
#4204 =( NAMED_UNIT ( * ) PLANE_ANGLE_UNIT ( ) SI_UNIT ( $, .RADIAN. ) );
#4205 =( LENGTH_UNIT ( ) NAMED_UNIT ( * ) SI_UNIT ( .MILLI., .METRE. ) );
#4206 = CARTESIAN_POINT ( 'NONE',  ( 0.0000000000000000000, 0.0000000000000000000, 0.0000000000000000000 ) ) ;
#4207 = SHAPE_REPRESENTATION_RELATIONSHIP ( 'NONE' , 'NONE' ,  #4208, #4213 ) ;
#4208 = SHAPE_REPRESENTATION ( 'F1202', ( #4212 ), #4214 ) ;
#4209 = DIRECTION ( 'NONE',  ( 1.000000000000000000, 0.0000000000000000000, 0.0000000000000000000 ) ) ;
#4210 = DIRECTION ( 'NONE',  ( 0.0000000000000000000, 0.0000000000000000000, 1.000000000000000000 ) ) ;
#4211 = CARTESIAN_POINT ( 'NONE',  ( 0.0000000000000000000, 0.0000000000000000000, 0.0000000000000000000 ) ) ;
#4212 = AXIS2_PLACEMENT_3D ( 'NONE', #4211, #4210, #4209 ) ;
#4213 = ADVANCED_BREP_SHAPE_REPRESENTATION ( '', ( #572, #4212 ), #4214 ) ;
#4214 =( GEOMETRIC_REPRESENTATION_CONTEXT ( 3 ) GLOBAL_UNCERTAINTY_ASSIGNED_CONTEXT ( ( #4215 ) ) GLOBAL_UNIT_ASSIGNED_CONTEXT ( ( #4097, #4096, #4095 ) ) REPRESENTATION_CONTEXT ( 'NONE', 'WORKASPACE' ) );
#4215 = UNCERTAINTY_MEASURE_WITH_UNIT (LENGTH_MEASURE( 1.000000000000000100E-005 ), #4097, 'distance_accuracy_value', 'NONE');
ENDSEC;
END-ISO-10303-21;
