ISO-10303-21;
HEADER;
FILE_DESCRIPTION (( 'STEP AP214' ),
    '1' );
FILE_NAME ('SC18IS606PWJ.STEP',
    '2022-09-26T00:55:10',
    ( '' ),
    ( '' ),
    'SwSTEP 2.0',
    'SolidWorks 2017',
    '' );
FILE_SCHEMA (( 'AUTOMOTIVE_DESIGN' ));
ENDSEC;

DATA;
#1 = DIRECTION ( 'NONE',  ( -1.000000000000000000, 0.0000000000000000000, 0.0000000000000000000 ) ) ;
#2 = LINE ( 'NONE', #5590, #1705 ) ;
#3 = ORIENTED_EDGE ( 'NONE', *, *, #3197, .F. ) ;
#4 = DIRECTION ( 'NONE',  ( -0.06975647374411934900, 0.9975640502598246400, 0.0000000000000000000 ) ) ;
#5 = DIRECTION ( 'NONE',  ( -0.0000000000000000000, -0.0000000000000000000, -1.000000000000000000 ) ) ;
#6 = CARTESIAN_POINT ( 'NONE',  ( 2.502990272987425600, 0.5500000000000105900, 1.097499999999999500 ) ) ;
#7 =( NAMED_UNIT ( * ) SI_UNIT ( $, .STERADIAN. ) SOLID_ANGLE_UNIT ( ) );
#8 = ORIENTED_EDGE ( 'NONE', *, *, #1278, .T. ) ;
#9 = ORIENTED_EDGE ( 'NONE', *, *, #4270, .F. ) ;
#10 = ORIENTED_EDGE ( 'NONE', *, *, #382, .T. ) ;
#11 = EDGE_CURVE ( 'NONE', #5311, #6257, #1444, .T. ) ;
#12 = EDGE_LOOP ( 'NONE', ( #17, #4746, #112, #6321 ) ) ;
#13 = ORIENTED_EDGE ( 'NONE', *, *, #1837, .T. ) ;
#14 = ADVANCED_FACE ( 'NONE', ( #559 ), #1829, .F. ) ;
#15 = DIRECTION ( 'NONE',  ( -0.0000000000000000000, 1.000000000000000000, -0.0000000000000000000 ) ) ;
#16 = CARTESIAN_POINT ( 'NONE',  ( -2.502990272987425600, 0.4779902729874362900, -1.097500000000000400 ) ) ;
#17 = ORIENTED_EDGE ( 'NONE', *, *, #2900, .T. ) ;
#18 = DIRECTION ( 'NONE',  ( 0.1294283079955609600, 0.9831056027603608500, -0.1294283079955609900 ) ) ;
#19 = EDGE_LOOP ( 'NONE', ( #194, #4028, #947, #5711 ) ) ;
#20 = CARTESIAN_POINT ( 'NONE',  ( -2.502990272987425600, 0.4779902729874362900, 0.4474999999999995600 ) ) ;
#21 = EDGE_LOOP ( 'NONE', ( #4581, #6326, #4311, #5163 ) ) ;
#22 = DIRECTION ( 'NONE',  ( -0.0000000000000000000, -0.0000000000000000000, -1.000000000000000000 ) ) ;
#23 = EDGE_CURVE ( 'NONE', #4629, #3860, #3935, .T. ) ;
#24 = PLANE ( 'NONE',  #3564 ) ;
#25 = ADVANCED_FACE ( 'NONE', ( #3040 ), #3000, .F. ) ;
#26 = ORIENTED_EDGE ( 'NONE', *, *, #1848, .T. ) ;
#27 = VERTEX_POINT ( 'NONE', #3020 ) ;
#28 = CARTESIAN_POINT ( 'NONE',  ( 2.200000000000001100, 0.6999999999999905200, -2.397500000000000400 ) ) ;
#29 = LINE ( 'NONE', #2976, #6061 ) ;
#30 = CARTESIAN_POINT ( 'NONE',  ( 2.502990272987425600, 0.4779902729874362900, -2.152500000000000300 ) ) ;
#31 = CARTESIAN_POINT ( 'NONE',  ( -2.791986582380880500, 0.1781656850632321000, 0.8524999999999994800 ) ) ;
#32 = PLANE ( 'NONE',  #68 ) ;
#33 = EDGE_CURVE ( 'NONE', #7103, #1512, #3755, .T. ) ;
#34 = VECTOR ( 'NONE', #2613, 1000.000000000000000 ) ;
#35 = ORIENTED_EDGE ( 'NONE', *, *, #4289, .F. ) ;
#36 = CIRCLE ( 'NONE', #2762, 0.07200972701257388200 ) ;
#37 = DIRECTION ( 'NONE',  ( -0.0000000000000000000, -0.0000000000000000000, -1.000000000000000000 ) ) ;
#38 = AXIS2_PLACEMENT_3D ( 'NONE', #3939, #3965, #2254 ) ;
#39 = DIRECTION ( 'NONE',  ( -0.9975640502598246400, 0.06975647374411934900, 0.0000000000000000000 ) ) ;
#40 = LINE ( 'NONE', #5141, #6158 ) ;
#41 = CYLINDRICAL_SURFACE ( 'NONE', #7050, 0.07200972701257432600 ) ;
#42 = ORIENTED_EDGE ( 'NONE', *, *, #4468, .T. ) ;
#43 = VERTEX_POINT ( 'NONE', #4191 ) ;
#44 = CARTESIAN_POINT ( 'NONE',  ( 2.200000000000001100, 0.6999999999999905200, 1.747499999999999400 ) ) ;
#45 = CARTESIAN_POINT ( 'NONE',  ( 2.781523111319264400, 0.02853107752427827200, 1.097499999999999500 ) ) ;
#46 = AXIS2_PLACEMENT_3D ( 'NONE', #3598, #1262, #7006 ) ;
#47 = DIRECTION ( 'NONE',  ( 0.0000000000000000000, 0.0000000000000000000, -1.000000000000000000 ) ) ;
#48 = VECTOR ( 'NONE', #4165, 1000.000000000000000 ) ;
#49 = VECTOR ( 'NONE', #3260, 1000.000000000000000 ) ;
#50 = VERTEX_POINT ( 'NONE', #6476 ) ;
#51 = DIRECTION ( 'NONE',  ( 0.06975647374411934900, 0.9975640502598246400, -0.0000000000000000000 ) ) ;
#52 = ADVANCED_FACE ( 'NONE', ( #2959 ), #4383, .F. ) ;
#53 = CARTESIAN_POINT ( 'NONE',  ( -2.502990272987425600, 0.4779902729874362900, 2.152499999999999900 ) ) ;
#54 = SURFACE_SIDE_STYLE ('',( #2452 ) ) ;
#55 = FACE_OUTER_BOUND ( 'NONE', #4223, .T. ) ;
#56 = EDGE_CURVE ( 'NONE', #4360, #4151, #5766, .T. ) ;
#57 = EDGE_CURVE ( 'NONE', #2616, #4415, #7379, .T. ) ;
#58 = FACE_OUTER_BOUND ( 'NONE', #5070, .T. ) ;
#59 = ORIENTED_EDGE ( 'NONE', *, *, #327, .T. ) ;
#60 = AXIS2_PLACEMENT_3D ( 'NONE', #4451, #5597, #2627 ) ;
#61 = ADVANCED_FACE ( 'NONE', ( #5393 ), #1949, .F. ) ;
#62 = CIRCLE ( 'NONE', #1158, 0.2220097270125543400 ) ;
#63 = DIRECTION ( 'NONE',  ( -0.0000000000000000000, -1.000000000000000000, -0.0000000000000000000 ) ) ;
#64 = LINE ( 'NONE', #5952, #5000 ) ;
#65 = ORIENTED_EDGE ( 'NONE', *, *, #6904, .T. ) ;
#66 = DIRECTION ( 'NONE',  ( 1.000000000000000000, 0.0000000000000000000, 0.0000000000000000000 ) ) ;
#67 = EDGE_CURVE ( 'NONE', #2261, #1259, #6477, .T. ) ;
#68 = AXIS2_PLACEMENT_3D ( 'NONE', #6833, #495, #1662 ) ;
#69 = CARTESIAN_POINT ( 'NONE',  ( -2.200000000000001100, 0.6999999999999905200, -2.499999999999997300 ) ) ;
#70 = SURFACE_STYLE_FILL_AREA ( #4288 ) ;
#71 = CARTESIAN_POINT ( 'NONE',  ( 2.724999999999980500, 0.4779902729874362400, -2.397500000000000400 ) ) ;
#72 = ORIENTED_EDGE ( 'NONE', *, *, #6046, .F. ) ;
#73 = CARTESIAN_POINT ( 'NONE',  ( -3.189536528938383700, -3.794707603699265500E-016, 0.8524999999999994800 ) ) ;
#74 = VECTOR ( 'NONE', #2008, 1000.000000000000000 ) ;
#75 = ORIENTED_EDGE ( 'NONE', *, *, #5539, .F. ) ;
#76 = DIRECTION ( 'NONE',  ( -0.0000000000000000000, -0.0000000000000000000, -1.000000000000000000 ) ) ;
#77 = CIRCLE ( 'NONE', #4002, 0.07200972701257432600 ) ;
#78 = CARTESIAN_POINT ( 'NONE',  ( 2.724999999999980500, 0.4779902729874362400, -1.502500000000000400 ) ) ;
#79 = EDGE_CURVE ( 'NONE', #6294, #5074, #1532, .T. ) ;
#80 = VECTOR ( 'NONE', #444, 1000.000000000000000 ) ;
#81 = ORIENTED_EDGE ( 'NONE', *, *, #427, .F. ) ;
#82 = CARTESIAN_POINT ( 'NONE',  ( 2.575000000000000200, 0.2500000000000000000, 2.397500000000000000 ) ) ;
#83 = STYLED_ITEM ( 'NONE', ( #2635 ), #2690 ) ;
#84 = EDGE_LOOP ( 'NONE', ( #2692, #4680, #6188, #2083 ) ) ;
#85 = LINE ( 'NONE', #3781, #5208 ) ;
#86 = ORIENTED_EDGE ( 'NONE', *, *, #1670, .T. ) ;
#87 = CARTESIAN_POINT ( 'NONE',  ( -2.575000000000000200, 0.4779902729874362900, 1.097499999999999500 ) ) ;
#88 = EDGE_CURVE ( 'NONE', #2170, #1929, #5305, .T. ) ;
#89 = DIRECTION ( 'NONE',  ( 0.0000000000000000000, 0.0000000000000000000, 1.000000000000000000 ) ) ;
#90 = AXIS2_PLACEMENT_3D ( 'NONE', #7436, #3321, #1676 ) ;
#91 = LINE ( 'NONE', #4442, #6207 ) ;
#92 = VERTEX_POINT ( 'NONE', #4842 ) ;
#93 = CARTESIAN_POINT ( 'NONE',  ( 2.200000000000001100, 0.6999999999999905200, 1.502499999999999500 ) ) ;
#94 = DIRECTION ( 'NONE',  ( -1.000000000000000000, 0.0000000000000000000, 0.0000000000000000000 ) ) ;
#95 = ADVANCED_FACE ( 'NONE', ( #7281 ), #373, .T. ) ;
#96 = EDGE_LOOP ( 'NONE', ( #1517, #3222, #7370, #1042 ) ) ;
#97 = ORIENTED_EDGE ( 'NONE', *, *, #6431, .F. ) ;
#98 = DIRECTION ( 'NONE',  ( -0.9975640502598246400, 0.06975647374411934900, 0.0000000000000000000 ) ) ;
#99 = DIRECTION ( 'NONE',  ( -1.000000000000000000, 0.0000000000000000000, 0.0000000000000000000 ) ) ;
#100 = AXIS2_PLACEMENT_3D ( 'NONE', #4447, #2746, #2182 ) ;
#101 = CARTESIAN_POINT ( 'NONE',  ( -2.575000000000000200, 0.2500000000000000000, -2.397500000000000400 ) ) ;
#102 = ORIENTED_EDGE ( 'NONE', *, *, #2146, .T. ) ;
#103 = DIRECTION ( 'NONE',  ( -0.0000000000000000000, 1.000000000000000000, -0.0000000000000000000 ) ) ;
#104 = ORIENTED_EDGE ( 'NONE', *, *, #4280, .T. ) ;
#105 = ORIENTED_EDGE ( 'NONE', *, *, #636, .F. ) ;
#106 = ORIENTED_EDGE ( 'NONE', *, *, #6343, .T. ) ;
#107 = LINE ( 'NONE', #3657, #5587 ) ;
#108 = CARTESIAN_POINT ( 'NONE',  ( -2.575000000000000200, 0.2500000000000000000, 1.747499999999999400 ) ) ;
#109 = EDGE_CURVE ( 'NONE', #7145, #2981, #6923, .T. ) ;
#110 = AXIS2_PLACEMENT_3D ( 'NONE', #4972, #3256, #3286 ) ;
#111 = CARTESIAN_POINT ( 'NONE',  ( -2.724999999999980100, 0.4779902729874363500, -0.8525000000000003700 ) ) ;
#112 = ORIENTED_EDGE ( 'NONE', *, *, #2736, .F. ) ;
#113 = ORIENTED_EDGE ( 'NONE', *, *, #4905, .T. ) ;
#114 = VECTOR ( 'NONE', #1679, 1000.000000000000000 ) ;
#115 = DIRECTION ( 'NONE',  ( -1.000000000000000000, 0.0000000000000000000, 0.0000000000000000000 ) ) ;
#116 = DIRECTION ( 'NONE',  ( 1.000000000000000000, 0.0000000000000000000, 0.0000000000000000000 ) ) ;
#117 = CARTESIAN_POINT ( 'NONE',  ( 2.791986582380880500, 0.1781656850632321000, -1.097500000000000400 ) ) ;
#118 = ORIENTED_EDGE ( 'NONE', *, *, #5851, .F. ) ;
#119 = CIRCLE ( 'NONE', #2265, 0.07200972701257432600 ) ;
#120 = CARTESIAN_POINT ( 'NONE',  ( 2.200000000000001100, 0.5500000000000105900, -1.097500000000000400 ) ) ;
#121 = EDGE_LOOP ( 'NONE', ( #5170, #3852, #6385, #3151 ) ) ;
#122 = EDGE_CURVE ( 'NONE', #6404, #2258, #4022, .T. ) ;
#123 = LINE ( 'NONE', #861, #2624 ) ;
#124 = DIRECTION ( 'NONE',  ( -0.0000000000000000000, -0.0000000000000000000, -1.000000000000000000 ) ) ;
#125 = DIRECTION ( 'NONE',  ( -0.0000000000000000000, -0.0000000000000000000, -1.000000000000000000 ) ) ;
#126 = AXIS2_PLACEMENT_3D ( 'NONE', #2547, #1446, #7193 ) ;
#127 = DIRECTION ( 'NONE',  ( 1.000000000000000000, 0.0000000000000000000, 0.0000000000000000000 ) ) ;
#128 = CIRCLE ( 'NONE', #4506, 0.3999999999999999700 ) ;
#129 = DIRECTION ( 'NONE',  ( -1.000000000000000000, 0.0000000000000000000, 0.0000000000000000000 ) ) ;
#130 = FACE_OUTER_BOUND ( 'NONE', #4294, .T. ) ;
#131 = SURFACE_STYLE_FILL_AREA ( #4834 ) ;
#132 = ORIENTED_EDGE ( 'NONE', *, *, #7005, .F. ) ;
#133 = CARTESIAN_POINT ( 'NONE',  ( -2.791986582380880500, 0.1781656850632321000, 2.397500000000000000 ) ) ;
#134 = ORIENTED_EDGE ( 'NONE', *, *, #7121, .T. ) ;
#135 = EDGE_CURVE ( 'NONE', #913, #5431, #7191, .T. ) ;
#136 = LINE ( 'NONE', #4242, #2379 ) ;
#137 = ADVANCED_FACE ( 'NONE', ( #5667 ), #3091, .F. ) ;
#138 = STYLED_ITEM ( 'NONE', ( #2131 ), #4347 ) ;
#139 = CIRCLE ( 'NONE', #3670, 0.07200972701257432600 ) ;
#140 = ORIENTED_EDGE ( 'NONE', *, *, #5918, .F. ) ;
#141 = DIRECTION ( 'NONE',  ( 1.000000000000000000, 0.0000000000000000000, 0.0000000000000000000 ) ) ;
#142 = ORIENTED_EDGE ( 'NONE', *, *, #300, .T. ) ;
#143 = FACE_OUTER_BOUND ( 'NONE', #2664, .T. ) ;
#144 = ORIENTED_EDGE ( 'NONE', *, *, #223, .T. ) ;
#145 = CARTESIAN_POINT ( 'NONE',  ( 2.724999999999980500, 0.2500000000000000000, 1.747499999999999400 ) ) ;
#146 = LINE ( 'NONE', #4211, #6878 ) ;
#147 = ORIENTED_EDGE ( 'NONE', *, *, #842, .T. ) ;
#148 = CARTESIAN_POINT ( 'NONE',  ( -2.797009727012554200, 0.2500000000000000000, 1.747499999999999400 ) ) ;
#149 = DIRECTION ( 'NONE',  ( -0.9975640502598247500, -0.06975647374411825300, 0.0000000000000000000 ) ) ;
#150 = VERTEX_POINT ( 'NONE', #5980 ) ;
#151 = AXIS2_PLACEMENT_3D ( 'NONE', #5263, #4226, #5967 ) ;
#152 = DIRECTION ( 'NONE',  ( -0.0000000000000000000, -0.0000000000000000000, -1.000000000000000000 ) ) ;
#153 = LINE ( 'NONE', #6769, #618 ) ;
#154 = VECTOR ( 'NONE', #307, 1000.000000000000000 ) ;
#155 = VERTEX_POINT ( 'NONE', #6629 ) ;
#156 = CARTESIAN_POINT ( 'NONE',  ( -2.797009727012554200, 0.2500000000000000000, -0.4475000000000004000 ) ) ;
#157 = CARTESIAN_POINT ( 'NONE',  ( -2.575000000000000200, 0.2500000000000000000, 0.2024999999999995700 ) ) ;
#158 = EDGE_CURVE ( 'NONE', #6311, #1774, #2065, .T. ) ;
#159 = VECTOR ( 'NONE', #2073, 1000.000000000000000 ) ;
#160 = AXIS2_PLACEMENT_3D ( 'NONE', #5570, #414, #3279 ) ;
#161 = CIRCLE ( 'NONE', #993, 0.2220097270125543400 ) ;
#162 = ORIENTED_EDGE ( 'NONE', *, *, #2937, .T. ) ;
#163 = DIRECTION ( 'NONE',  ( -0.0000000000000000000, -0.0000000000000000000, -1.000000000000000000 ) ) ;
#164 = FACE_OUTER_BOUND ( 'NONE', #2848, .T. ) ;
#165 =( LENGTH_UNIT ( ) NAMED_UNIT ( * ) SI_UNIT ( .MILLI., .METRE. ) );
#166 = EDGE_LOOP ( 'NONE', ( #3107, #1878, #2971, #2518 ) ) ;
#167 = CARTESIAN_POINT ( 'NONE',  ( -2.200000000000001100, 0.5500000000000105900, -1.502500000000000400 ) ) ;
#168 = CYLINDRICAL_SURFACE ( 'NONE', #1604, 0.2220097270125543400 ) ;
#169 = ORIENTED_EDGE ( 'NONE', *, *, #1477, .T. ) ;
#170 = EDGE_CURVE ( 'NONE', #1429, #3974, #2954, .T. ) ;
#171 = CARTESIAN_POINT ( 'NONE',  ( 3.200000000000000200, 0.1496346075389538600, -2.152500000000000300 ) ) ;
#172 = VECTOR ( 'NONE', #1861, 1000.000000000000000 ) ;
#173 = CARTESIAN_POINT ( 'NONE',  ( 2.200000000000001100, 0.5500000000000105900, 1.747499999999999400 ) ) ;
#174 = ORIENTED_EDGE ( 'NONE', *, *, #2187, .F. ) ;
#175 = CARTESIAN_POINT ( 'NONE',  ( -3.200000000000000200, 0.1496346075389538600, 0.2024999999999995700 ) ) ;
#176 = FACE_OUTER_BOUND ( 'NONE', #4467, .T. ) ;
#177 = ORIENTED_EDGE ( 'NONE', *, *, #2800, .F. ) ;
#178 = ADVANCED_FACE ( 'NONE', ( #5853 ), #4317, .F. ) ;
#179 = EDGE_CURVE ( 'NONE', #3768, #5311, #1881, .T. ) ;
#180 = ORIENTED_EDGE ( 'NONE', *, *, #6177, .T. ) ;
#181 = DIRECTION ( 'NONE',  ( 0.0000000000000000000, 0.0000000000000000000, 1.000000000000000000 ) ) ;
#182 = LINE ( 'NONE', #2619, #7369 ) ;
#183 = ORIENTED_EDGE ( 'NONE', *, *, #3911, .F. ) ;
#184 = AXIS2_PLACEMENT_3D ( 'NONE', #337, #7258, #3744 ) ;
#185 = CARTESIAN_POINT ( 'NONE',  ( -2.797009727012554200, 0.2500000000000000000, 0.2024999999999995700 ) ) ;
#186 = CARTESIAN_POINT ( 'NONE',  ( 2.575000000000000200, 0.4779902729874362900, 1.097499999999999500 ) ) ;
#187 = VERTEX_POINT ( 'NONE', #6054 ) ;
#188 = EDGE_LOOP ( 'NONE', ( #3535, #1200, #1307, #415 ) ) ;
#189 = PLANE ( 'NONE',  #3500 ) ;
#190 = CARTESIAN_POINT ( 'NONE',  ( -2.502990272987425600, 0.5500000000000105900, 0.4474999999999995600 ) ) ;
#191 = VERTEX_POINT ( 'NONE', #4238 ) ;
#192 = DIRECTION ( 'NONE',  ( 1.000000000000000000, 0.0000000000000000000, -1.971276677246370800E-016 ) ) ;
#193 = EDGE_LOOP ( 'NONE', ( #1380, #1815, #7218, #4730 ) ) ;
#194 = ORIENTED_EDGE ( 'NONE', *, *, #2046, .T. ) ;
#195 = SURFACE_STYLE_FILL_AREA ( #2208 ) ;
#196 = DIRECTION ( 'NONE',  ( -1.000000000000000000, 0.0000000000000000000, 0.0000000000000000000 ) ) ;
#197 = CARTESIAN_POINT ( 'NONE',  ( 2.791986582380880500, 0.1781656850632321000, -2.397500000000000400 ) ) ;
#198 = VERTEX_POINT ( 'NONE', #4821 ) ;
#199 = EDGE_CURVE ( 'NONE', #2621, #1919, #2421, .T. ) ;
#200 = AXIS2_PLACEMENT_3D ( 'NONE', #5934, #5837, #3039 ) ;
#201 = ORIENTED_EDGE ( 'NONE', *, *, #5419, .T. ) ;
#202 = ORIENTED_EDGE ( 'NONE', *, *, #459, .F. ) ;
#203 = CARTESIAN_POINT ( 'NONE',  ( -2.797009727012554200, 0.2500000000000000000, -2.152500000000000300 ) ) ;
#204 = STYLED_ITEM ( 'NONE', ( #3422 ), #6074 ) ;
#205 = CARTESIAN_POINT ( 'NONE',  ( 2.502990272987425600, 0.4779902729874362900, -0.4475000000000004000 ) ) ;
#206 = DIRECTION ( 'NONE',  ( 0.0000000000000000000, 0.0000000000000000000, 1.000000000000000000 ) ) ;
#207 = DIRECTION ( 'NONE',  ( 1.000000000000000000, 0.0000000000000000000, 0.0000000000000000000 ) ) ;
#208 = VERTEX_POINT ( 'NONE', #4931 ) ;
#209 = ORIENTED_EDGE ( 'NONE', *, *, #7201, .F. ) ;
#210 = EDGE_LOOP ( 'NONE', ( #3380, #2469, #4009, #457 ) ) ;
#211 = VECTOR ( 'NONE', #1406, 1000.000000000000000 ) ;
#212 = ADVANCED_FACE ( 'NONE', ( #2773 ), #1508, .F. ) ;
#213 = EDGE_CURVE ( 'NONE', #1929, #857, #2, .T. ) ;
#214 = AXIS2_PLACEMENT_3D ( 'NONE', #1883, #5378, #4248 ) ;
#215 = DIRECTION ( 'NONE',  ( 1.000000000000000000, 0.0000000000000000000, 0.0000000000000000000 ) ) ;
#216 = VECTOR ( 'NONE', #2396, 1000.000000000000000 ) ;
#217 = ORIENTED_EDGE ( 'NONE', *, *, #5124, .T. ) ;
#218 = FACE_OUTER_BOUND ( 'NONE', #5491, .T. ) ;
#219 = SURFACE_STYLE_FILL_AREA ( #2260 ) ;
#220 = DIRECTION ( 'NONE',  ( -1.000000000000000000, 0.0000000000000000000, 0.0000000000000000000 ) ) ;
#221 = CARTESIAN_POINT ( 'NONE',  ( -2.502990272987425600, 0.5500000000000105900, 0.4474999999999995600 ) ) ;
#222 = CARTESIAN_POINT ( 'NONE',  ( 2.791986582380880500, 0.1781656850632321000, -0.2025000000000004300 ) ) ;
#223 = EDGE_CURVE ( 'NONE', #3994, #3357, #6825, .T. ) ;
#224 = EDGE_CURVE ( 'NONE', #1882, #1865, #91, .T. ) ;
#225 = CARTESIAN_POINT ( 'NONE',  ( 2.724999999999980500, 0.4779902729874362400, 1.502499999999999500 ) ) ;
#226 = FACE_OUTER_BOUND ( 'NONE', #5955, .T. ) ;
#227 = DIRECTION ( 'NONE',  ( -1.000000000000000000, 0.0000000000000000000, 0.0000000000000000000 ) ) ;
#228 = LINE ( 'NONE', #3682, #6599 ) ;
#229 = VERTEX_POINT ( 'NONE', #2055 ) ;
#230 = VERTEX_POINT ( 'NONE', #2716 ) ;
#231 = DIRECTION ( 'NONE',  ( -1.954412132001955300E-016, 0.1305261922200487700, -0.9914448613738108300 ) ) ;
#232 = VECTOR ( 'NONE', #254, 1000.000000000000000 ) ;
#233 = PLANE ( 'NONE',  #3629 ) ;
#234 = DIRECTION ( 'NONE',  ( -0.0000000000000000000, -0.0000000000000000000, -1.000000000000000000 ) ) ;
#235 = FACE_OUTER_BOUND ( 'NONE', #7345, .T. ) ;
#236 = ORIENTED_EDGE ( 'NONE', *, *, #6479, .F. ) ;
#237 = EDGE_CURVE ( 'NONE', #6976, #3588, #1265, .T. ) ;
#238 = ORIENTED_EDGE ( 'NONE', *, *, #7433, .T. ) ;
#239 = CARTESIAN_POINT ( 'NONE',  ( 3.189536528938383700, -3.794707603699265500E-016, 1.097499999999999500 ) ) ;
#240 = PRESENTATION_LAYER_ASSIGNMENT (  '', '', ( #6921 ) ) ;
#241 = CARTESIAN_POINT ( 'NONE',  ( -2.575000000000000200, 0.2500000000000000000, 0.2024999999999995700 ) ) ;
#242 = LINE ( 'NONE', #3490, #7337 ) ;
#243 = ORIENTED_EDGE ( 'NONE', *, *, #3438, .T. ) ;
#244 = DIRECTION ( 'NONE',  ( -0.0000000000000000000, 1.000000000000000000, -0.0000000000000000000 ) ) ;
#245 = LINE ( 'NONE', #6175, #2307 ) ;
#246 = DIRECTION ( 'NONE',  ( -0.0000000000000000000, -0.0000000000000000000, -1.000000000000000000 ) ) ;
#247 = DIRECTION ( 'NONE',  ( -0.0000000000000000000, 1.000000000000000000, -0.0000000000000000000 ) ) ;
#248 = LINE ( 'NONE', #5370, #5187 ) ;
#249 = ORIENTED_EDGE ( 'NONE', *, *, #4090, .F. ) ;
#250 = CARTESIAN_POINT ( 'NONE',  ( 2.575000000000000200, 0.2500000000000000000, -0.2025000000000004300 ) ) ;
#251 = ADVANCED_FACE ( 'NONE', ( #6654 ), #3791, .T. ) ;
#252 = DIRECTION ( 'NONE',  ( -0.0000000000000000000, -0.0000000000000000000, -1.000000000000000000 ) ) ;
#253 = FACE_OUTER_BOUND ( 'NONE', #4663, .T. ) ;
#254 = DIRECTION ( 'NONE',  ( -0.0000000000000000000, -1.000000000000000000, -0.0000000000000000000 ) ) ;
#255 = EDGE_LOOP ( 'NONE', ( #1954, #2529, #5461, #201 ) ) ;
#256 = LINE ( 'NONE', #5523, #6369 ) ;
#257 = EDGE_LOOP ( 'NONE', ( #4637, #548, #7290, #4340 ) ) ;
#258 = CARTESIAN_POINT ( 'NONE',  ( -2.502990272987425600, 0.4779902729874362900, 2.397500000000000000 ) ) ;
#259 = EDGE_CURVE ( 'NONE', #5865, #5001, #1791, .T. ) ;
#260 = DIRECTION ( 'NONE',  ( 1.000000000000000000, 0.0000000000000000000, 0.0000000000000000000 ) ) ;
#261 = AXIS2_PLACEMENT_3D ( 'NONE', #354, #7273, #4365 ) ;
#262 = FACE_OUTER_BOUND ( 'NONE', #2148, .T. ) ;
#263 = VERTEX_POINT ( 'NONE', #5489 ) ;
#264 = VECTOR ( 'NONE', #6620, 1000.000000000000000 ) ;
#265 = ORIENTED_EDGE ( 'NONE', *, *, #3572, .T. ) ;
#266 = DIRECTION ( 'NONE',  ( 0.0000000000000000000, -1.000000000000000000, 0.0000000000000000000 ) ) ;
#267 = CARTESIAN_POINT ( 'NONE',  ( 3.200000000000000200, 0.1496346075389538600, -1.097500000000000400 ) ) ;
#268 = EDGE_CURVE ( 'NONE', #230, #5164, #3928, .T. ) ;
#269 = FACE_OUTER_BOUND ( 'NONE', #4389, .T. ) ;
#270 = ORIENTED_EDGE ( 'NONE', *, *, #2298, .F. ) ;
#271 = DIRECTION ( 'NONE',  ( 0.0000000000000000000, 0.0000000000000000000, 1.000000000000000000 ) ) ;
#272 = AXIS2_PLACEMENT_3D ( 'NONE', #6008, #1923, #5416 ) ;
#273 = CARTESIAN_POINT ( 'NONE',  ( -3.200000000000000200, 0.1496346075389538600, 1.747499999999999400 ) ) ;
#274 = DIRECTION ( 'NONE',  ( -0.9914448613738108300, 0.1305261922200487700, 0.0000000000000000000 ) ) ;
#275 = FACE_OUTER_BOUND ( 'NONE', #4613, .T. ) ;
#276 = ORIENTED_EDGE ( 'NONE', *, *, #1219, .F. ) ;
#277 = EDGE_CURVE ( 'NONE', #3319, #3727, #5121, .T. ) ;
#278 = CARTESIAN_POINT ( 'NONE',  ( 2.200000000000001100, 0.5500000000000105900, 2.397500000000000000 ) ) ;
#279 =( NAMED_UNIT ( * ) SI_UNIT ( $, .STERADIAN. ) SOLID_ANGLE_UNIT ( ) );
#280 = DIRECTION ( 'NONE',  ( -1.000000000000000000, 0.0000000000000000000, 0.0000000000000000000 ) ) ;
#281 = VERTEX_POINT ( 'NONE', #6176 ) ;
#282 = ORIENTED_EDGE ( 'NONE', *, *, #979, .T. ) ;
#283 = ADVANCED_FACE ( 'NONE', ( #7184 ), #6748, .F. ) ;
#284 = ORIENTED_EDGE ( 'NONE', *, *, #2243, .T. ) ;
#285 = DIRECTION ( 'NONE',  ( -1.000000000000000000, 0.0000000000000000000, 0.0000000000000000000 ) ) ;
#286 = ORIENTED_EDGE ( 'NONE', *, *, #1323, .F. ) ;
#287 = ORIENTED_EDGE ( 'NONE', *, *, #2436, .F. ) ;
#288 = FACE_OUTER_BOUND ( 'NONE', #4159, .T. ) ;
#289 = AXIS2_PLACEMENT_3D ( 'NONE', #3709, #2020, #3853 ) ;
#290 = DIRECTION ( 'NONE',  ( -0.0000000000000000000, -1.000000000000000000, -0.0000000000000000000 ) ) ;
#291 = PLANE ( 'NONE',  #6630 ) ;
#292 = CLOSED_SHELL ( 'NONE', ( #365, #6865, #711, #5173, #2246, #5969, #2165, #5760, #2310, #4778, #3763, #5674, #2607, #5979 ) ) ;
#293 = ORIENTED_EDGE ( 'NONE', *, *, #4794, .T. ) ;
#294 = DIRECTION ( 'NONE',  ( 1.000000000000000000, 0.0000000000000000000, 0.0000000000000000000 ) ) ;
#295 = ORIENTED_EDGE ( 'NONE', *, *, #4232, .T. ) ;
#296 = LINE ( 'NONE', #5622, #1105 ) ;
#297 = CARTESIAN_POINT ( 'NONE',  ( 2.502990272987425600, 0.6999999999999905200, -2.397500000000000400 ) ) ;
#298 = DIRECTION ( 'NONE',  ( -0.9975640502598247500, -0.06975647374411825300, 0.0000000000000000000 ) ) ;
#299 = EDGE_CURVE ( 'NONE', #2318, #4360, #182, .T. ) ;
#300 = EDGE_CURVE ( 'NONE', #1982, #3229, #6390, .T. ) ;
#301 = VERTEX_POINT ( 'NONE', #3856 ) ;
#302 = CARTESIAN_POINT ( 'NONE',  ( -2.502990272987425600, 0.6999999999999905200, 1.097499999999999500 ) ) ;
#303 = EDGE_LOOP ( 'NONE', ( #2251, #5262, #4814, #4303 ) ) ;
#304 = VECTOR ( 'NONE', #6092, 1000.000000000000000 ) ;
#305 = PLANE ( 'NONE',  #2411 ) ;
#306 = ORIENTED_EDGE ( 'NONE', *, *, #6091, .T. ) ;
#307 = DIRECTION ( 'NONE',  ( -0.0000000000000000000, -0.0000000000000000000, -1.000000000000000000 ) ) ;
#308 = CIRCLE ( 'NONE', #2026, 0.07200972701257432600 ) ;
#309 = LINE ( 'NONE', #629, #6241 ) ;
#310 = CARTESIAN_POINT ( 'NONE',  ( -2.200000000000001100, 0.6999999999999905200, 1.747499999999999400 ) ) ;
#311 = CIRCLE ( 'NONE', #3593, 0.07200972701257432600 ) ;
#312 = DIRECTION ( 'NONE',  ( -0.0000000000000000000, -0.0000000000000000000, -1.000000000000000000 ) ) ;
#313 = EDGE_CURVE ( 'NONE', #3139, #5047, #4932, .T. ) ;
#314 = LINE ( 'NONE', #2016, #6771 ) ;
#315 = LINE ( 'NONE', #3079, #1566 ) ;
#316 = VERTEX_POINT ( 'NONE', #4417 ) ;
#317 = DIRECTION ( 'NONE',  ( 0.0000000000000000000, 0.0000000000000000000, -1.000000000000000000 ) ) ;
#318 = ORIENTED_EDGE ( 'NONE', *, *, #2123, .F. ) ;
#319 = PLANE ( 'NONE',  #4079 ) ;
#320 = VECTOR ( 'NONE', #3066, 1000.000000000000000 ) ;
#321 = CARTESIAN_POINT ( 'NONE',  ( -2.791986582380880500, 0.1781656850632321000, 1.502499999999999500 ) ) ;
#322 = LINE ( 'NONE', #5536, #1050 ) ;
#323 = ORIENTED_EDGE ( 'NONE', *, *, #451, .T. ) ;
#324 = PLANE ( 'NONE',  #903 ) ;
#325 = EDGE_LOOP ( 'NONE', ( #3952, #1870, #6048, #1132 ) ) ;
#326 =( NAMED_UNIT ( * ) PLANE_ANGLE_UNIT ( ) SI_UNIT ( $, .RADIAN. ) );
#327 = EDGE_CURVE ( 'NONE', #3994, #6108, #2599, .T. ) ;
#328 = EDGE_CURVE ( 'NONE', #5502, #2128, #4107, .T. ) ;
#329 = DIRECTION ( 'NONE',  ( 0.0000000000000000000, -0.0000000000000000000, -1.000000000000000000 ) ) ;
#330 = ADVANCED_FACE ( 'NONE', ( #1613 ), #1126, .F. ) ;
#331 = DIRECTION ( 'NONE',  ( -0.9975640502598247500, 0.06975647374411851600, 0.0000000000000000000 ) ) ;
#332 = ORIENTED_EDGE ( 'NONE', *, *, #1603, .T. ) ;
#333 = ORIENTED_EDGE ( 'NONE', *, *, #2360, .F. ) ;
#334 = VECTOR ( 'NONE', #2921, 1000.000000000000000 ) ;
#335 = VERTEX_POINT ( 'NONE', #6653 ) ;
#336 = PLANE ( 'NONE',  #6933 ) ;
#337 = CARTESIAN_POINT ( 'NONE',  ( 2.502990272987425600, 0.5500000000000105900, -0.8525000000000003700 ) ) ;
#338 = FACE_OUTER_BOUND ( 'NONE', #1869, .T. ) ;
#339 = VERTEX_POINT ( 'NONE', #5615 ) ;
#340 = DIRECTION ( 'NONE',  ( 0.0000000000000000000, 0.0000000000000000000, 1.000000000000000000 ) ) ;
#341 = AXIS2_PLACEMENT_3D ( 'NONE', #156, #2951, #2449 ) ;
#342 = DIRECTION ( 'NONE',  ( -1.000000000000000000, -0.0000000000000000000, -0.0000000000000000000 ) ) ;
#343 = VECTOR ( 'NONE', #2686, 1000.000000000000000 ) ;
#344 = DIRECTION ( 'NONE',  ( -0.0000000000000000000, -0.0000000000000000000, -1.000000000000000000 ) ) ;
#345 = VECTOR ( 'NONE', #5066, 1000.000000000000000 ) ;
#346 = ORIENTED_EDGE ( 'NONE', *, *, #5740, .F. ) ;
#347 = CARTESIAN_POINT ( 'NONE',  ( -1.359873937319054000, 1.050000000000000000, -2.059873937319050900 ) ) ;
#348 = VECTOR ( 'NONE', #5093, 1000.000000000000000 ) ;
#349 = CARTESIAN_POINT ( 'NONE',  ( -2.797009727012554200, 0.2500000000000000000, 1.097499999999999500 ) ) ;
#350 = AXIS2_PLACEMENT_3D ( 'NONE', #1142, #5201, #2239 ) ;
#351 = SURFACE_SIDE_STYLE ('',( #5913 ) ) ;
#352 = VECTOR ( 'NONE', #5255, 1000.000000000000000 ) ;
#353 = VERTEX_POINT ( 'NONE', #504 ) ;
#354 = CARTESIAN_POINT ( 'NONE',  ( 2.797009727012554200, 0.2500000000000000000, -0.4475000000000004000 ) ) ;
#355 = CARTESIAN_POINT ( 'NONE',  ( -2.797009727012554200, 0.2500000000000000000, 0.4474999999999995600 ) ) ;
#356 = LINE ( 'NONE', #3770, #1778 ) ;
#357 = DIRECTION ( 'NONE',  ( -0.0000000000000000000, -0.0000000000000000000, -1.000000000000000000 ) ) ;
#358 =( NAMED_UNIT ( * ) PLANE_ANGLE_UNIT ( ) SI_UNIT ( $, .RADIAN. ) );
#359 = FACE_OUTER_BOUND ( 'NONE', #96, .T. ) ;
#360 = EDGE_LOOP ( 'NONE', ( #295, #6764, #4758, #6360 ) ) ;
#361 = EDGE_CURVE ( 'NONE', #4657, #3819, #3580, .T. ) ;
#362 = CARTESIAN_POINT ( 'NONE',  ( -2.575000000000000200, 0.2500000000000000000, 0.8524999999999994800 ) ) ;
#363 = AXIS2_PLACEMENT_3D ( 'NONE', #1610, #949, #6715 ) ;
#364 = PLANE ( 'NONE',  #7271 ) ;
#365 = ADVANCED_FACE ( 'NONE', ( #6032 ), #1594, .F. ) ;
#366 = DIRECTION ( 'NONE',  ( -0.0000000000000000000, -0.0000000000000000000, -1.000000000000000000 ) ) ;
#367 = FACE_OUTER_BOUND ( 'NONE', #2045, .T. ) ;
#368 = ORIENTED_EDGE ( 'NONE', *, *, #4802, .F. ) ;
#369 = DIRECTION ( 'NONE',  ( -0.0000000000000000000, -0.0000000000000000000, -1.000000000000000000 ) ) ;
#370 = CARTESIAN_POINT ( 'NONE',  ( -2.724999999999980500, 0.2500000000000000000, 2.152499999999999900 ) ) ;
#371 = CARTESIAN_POINT ( 'NONE',  ( 2.781523111319264400, 0.02853107752427827200, -2.152500000000000300 ) ) ;
#372 = EDGE_CURVE ( 'NONE', #7094, #3634, #5660, .T. ) ;
#373 = CYLINDRICAL_SURFACE ( 'NONE', #6179, 0.2220097270125543400 ) ;
#374 = ORIENTED_EDGE ( 'NONE', *, *, #3933, .T. ) ;
#375 = CARTESIAN_POINT ( 'NONE',  ( 2.575000000000000200, 0.2500000000000000000, -1.502500000000000400 ) ) ;
#376 = AXIS2_PLACEMENT_3D ( 'NONE', #4948, #2685, #6669 ) ;
#377 = DIRECTION ( 'NONE',  ( -0.06975647374411851600, -0.9975640502598247500, 0.0000000000000000000 ) ) ;
#378 = CARTESIAN_POINT ( 'NONE',  ( 3.189536528938383700, -3.794707603699265500E-016, -1.747500000000000300 ) ) ;
#379 = ORIENTED_EDGE ( 'NONE', *, *, #1453, .F. ) ;
#380 = ORIENTED_EDGE ( 'NONE', *, *, #3081, .T. ) ;
#381 = VERTEX_POINT ( 'NONE', #6866 ) ;
#382 = EDGE_CURVE ( 'NONE', #2170, #1512, #6112, .T. ) ;
#383 = CIRCLE ( 'NONE', #2982, 0.2220097270125543400 ) ;
#384 = DIRECTION ( 'NONE',  ( -0.0000000000000000000, -0.0000000000000000000, -1.000000000000000000 ) ) ;
#385 = AXIS2_PLACEMENT_3D ( 'NONE', #3206, #3183, #3250 ) ;
#386 = CARTESIAN_POINT ( 'NONE',  ( -2.791986582380880500, 0.1781656850632321000, -2.152500000000000300 ) ) ;
#387 = DIRECTION ( 'NONE',  ( -0.9975640502598247500, 0.06975647374411825300, -0.0000000000000000000 ) ) ;
#388 = VERTEX_POINT ( 'NONE', #3423 ) ;
#389 = DIRECTION ( 'NONE',  ( -1.000000000000000000, 0.0000000000000000000, 0.0000000000000000000 ) ) ;
#390 = ORIENTED_EDGE ( 'NONE', *, *, #4878, .T. ) ;
#391 = VERTEX_POINT ( 'NONE', #6800 ) ;
#392 = CARTESIAN_POINT ( 'NONE',  ( -2.724999999999980500, 0.4779902729874362400, 1.502499999999999500 ) ) ;
#393 = DIRECTION ( 'NONE',  ( -0.0000000000000000000, -0.0000000000000000000, -1.000000000000000000 ) ) ;
#394 = VERTEX_POINT ( 'NONE', #3346 ) ;
#395 = DIRECTION ( 'NONE',  ( 0.06975647374411934900, 0.9975640502598246400, -0.0000000000000000000 ) ) ;
#396 = ORIENTED_EDGE ( 'NONE', *, *, #6777, .F. ) ;
#397 = VECTOR ( 'NONE', #2451, 1000.000000000000000 ) ;
#398 = DIRECTION ( 'NONE',  ( -0.0000000000000000000, -0.0000000000000000000, -1.000000000000000000 ) ) ;
#399 = ORIENTED_EDGE ( 'NONE', *, *, #5399, .T. ) ;
#400 = CYLINDRICAL_SURFACE ( 'NONE', #4260, 0.07200972701257432600 ) ;
#401 = ORIENTED_EDGE ( 'NONE', *, *, #2057, .T. ) ;
#402 = ADVANCED_FACE ( 'NONE', ( #367 ), #6818, .F. ) ;
#403 = CYLINDRICAL_SURFACE ( 'NONE', #1400, 0.2220097270125543400 ) ;
#404 = DIRECTION ( 'NONE',  ( -0.0000000000000000000, -0.0000000000000000000, -1.000000000000000000 ) ) ;
#405 = LINE ( 'NONE', #4507, #2545 ) ;
#406 = EDGE_CURVE ( 'NONE', #6340, #839, #3408, .T. ) ;
#407 = ORIENTED_EDGE ( 'NONE', *, *, #2009, .T. ) ;
#408 = DIRECTION ( 'NONE',  ( -0.0000000000000000000, -0.0000000000000000000, -1.000000000000000000 ) ) ;
#409 = DIRECTION ( 'NONE',  ( -0.9975640502598247500, 0.06975647374411825300, -0.0000000000000000000 ) ) ;
#410 = LINE ( 'NONE', #1819, #2904 ) ;
#411 = CARTESIAN_POINT ( 'NONE',  ( 2.200000000000001100, 0.5500000000000105900, 2.152499999999999900 ) ) ;
#412 = VECTOR ( 'NONE', #6322, 1000.000000000000000 ) ;
#413 = VERTEX_POINT ( 'NONE', #5088 ) ;
#414 = DIRECTION ( 'NONE',  ( 0.0000000000000000000, 0.0000000000000000000, 1.000000000000000000 ) ) ;
#415 = ORIENTED_EDGE ( 'NONE', *, *, #6817, .T. ) ;
#416 = EDGE_CURVE ( 'NONE', #6508, #335, #4831, .T. ) ;
#417 = LINE ( 'NONE', #3437, #6700 ) ;
#418 = DIRECTION ( 'NONE',  ( 0.9975640502598246400, 0.06975647374411936300, 0.0000000000000000000 ) ) ;
#419 = LINE ( 'NONE', #2695, #7055 ) ;
#420 = VERTEX_POINT ( 'NONE', #1059 ) ;
#421 = CARTESIAN_POINT ( 'NONE',  ( 2.200000000000001100, 0.5500000000000105900, -1.747500000000000300 ) ) ;
#422 = VECTOR ( 'NONE', #3231, 1000.000000000000000 ) ;
#423 = DIRECTION ( 'NONE',  ( -1.000000000000000000, -0.0000000000000000000, -0.0000000000000000000 ) ) ;
#424 = CARTESIAN_POINT ( 'NONE',  ( -2.791986582380880500, 0.1781656850632323000, 2.397500000000000000 ) ) ;
#425 = VECTOR ( 'NONE', #6910, 1000.000000000000000 ) ;
#426 = EDGE_LOOP ( 'NONE', ( #238, #1550, #2855, #5272 ) ) ;
#427 = EDGE_CURVE ( 'NONE', #3351, #6113, #1971, .T. ) ;
#428 = DIRECTION ( 'NONE',  ( -1.000000000000000000, 0.0000000000000000000, 0.0000000000000000000 ) ) ;
#429 = CARTESIAN_POINT ( 'NONE',  ( 2.502990272987425600, 0.6999999999999905200, -0.2025000000000004300 ) ) ;
#430 = CYLINDRICAL_SURFACE ( 'NONE', #4449, 0.07200972701257432600 ) ;
#431 = VECTOR ( 'NONE', #6500, 1000.000000000000000 ) ;
#432 = EDGE_LOOP ( 'NONE', ( #3714, #6040, #816, #4712, #4446, #4299, #2492, #4801, #4390, #837, #5614, #5477 ) ) ;
#433 = CARTESIAN_POINT ( 'NONE',  ( -2.781523111319264400, 0.02853107752427832800, -0.8525000000000003700 ) ) ;
#434 = CARTESIAN_POINT ( 'NONE',  ( -2.502990272987425600, 0.5500000000000105900, 0.8524999999999994800 ) ) ;
#435 = CARTESIAN_POINT ( 'NONE',  ( 2.797009727012554200, 0.2500000000000000000, 0.2024999999999995700 ) ) ;
#436 = CYLINDRICAL_SURFACE ( 'NONE', #1435, 0.2220097270125543400 ) ;
#437 = ORIENTED_EDGE ( 'NONE', *, *, #6955, .T. ) ;
#438 = VECTOR ( 'NONE', #4827, 1000.000000000000000 ) ;
#439 = EDGE_LOOP ( 'NONE', ( #2174, #6940, #3068, #5028 ) ) ;
#440 = ADVANCED_FACE ( 'NONE', ( #275 ), #7408, .F. ) ;
#441 = AXIS2_PLACEMENT_3D ( 'NONE', #4217, #7200, #808 ) ;
#442 = DIRECTION ( 'NONE',  ( -0.06975647374411851600, 0.9975640502598247500, 0.0000000000000000000 ) ) ;
#443 = CARTESIAN_POINT ( 'NONE',  ( 2.575000000000000200, 0.4779902729874362900, -2.152500000000000300 ) ) ;
#444 = DIRECTION ( 'NONE',  ( -1.000000000000000000, -0.0000000000000000000, -0.0000000000000000000 ) ) ;
#445 = FACE_OUTER_BOUND ( 'NONE', #4521, .T. ) ;
#446 = VECTOR ( 'NONE', #344, 1000.000000000000000 ) ;
#447 = VERTEX_POINT ( 'NONE', #5032 ) ;
#448 = VERTEX_POINT ( 'NONE', #1673 ) ;
#449 = DIRECTION ( 'NONE',  ( 0.0000000000000000000, 0.0000000000000000000, 1.000000000000000000 ) ) ;
#450 = CARTESIAN_POINT ( 'NONE',  ( 2.200000000000001100, 0.6999999999999905200, 0.4474999999999995600 ) ) ;
#451 = EDGE_CURVE ( 'NONE', #6673, #5048, #6298, .T. ) ;
#452 = EDGE_CURVE ( 'NONE', #1294, #4130, #7010, .T. ) ;
#453 = DIRECTION ( 'NONE',  ( 0.06975647374411851600, -0.9975640502598247500, 0.0000000000000000000 ) ) ;
#454 =( GEOMETRIC_REPRESENTATION_CONTEXT ( 3 ) GLOBAL_UNCERTAINTY_ASSIGNED_CONTEXT ( ( #2288 ) ) GLOBAL_UNIT_ASSIGNED_CONTEXT ( ( #5675, #3432, #3326 ) ) REPRESENTATION_CONTEXT ( 'NONE', 'WORKASPACE' ) );
#455 = DIRECTION ( 'NONE',  ( 0.9975640502598246400, -0.06975647374411936300, -0.0000000000000000000 ) ) ;
#456 = VECTOR ( 'NONE', #4205, 1000.000000000000000 ) ;
#457 = ORIENTED_EDGE ( 'NONE', *, *, #2333, .T. ) ;
#458 = DIRECTION ( 'NONE',  ( -0.06975647374411825300, -0.9975640502598247500, 0.0000000000000000000 ) ) ;
#459 = EDGE_CURVE ( 'NONE', #7014, #4662, #3033, .T. ) ;
#460 = AXIS2_PLACEMENT_3D ( 'NONE', #566, #2826, #1 ) ;
#461 = VECTOR ( 'NONE', #1083, 1000.000000000000000 ) ;
#462 = VERTEX_POINT ( 'NONE', #2817 ) ;
#463 = CARTESIAN_POINT ( 'NONE',  ( 2.575000000000000200, 0.4779902729874362900, 2.397500000000000000 ) ) ;
#464 = DIRECTION ( 'NONE',  ( -0.0000000000000000000, -0.0000000000000000000, -1.000000000000000000 ) ) ;
#465 = CARTESIAN_POINT ( 'NONE',  ( 2.502990272987425600, 0.4779902729874362900, 1.747499999999999400 ) ) ;
#466 = ORIENTED_EDGE ( 'NONE', *, *, #2602, .F. ) ;
#467 = ORIENTED_EDGE ( 'NONE', *, *, #5862, .F. ) ;
#468 = CARTESIAN_POINT ( 'NONE',  ( 3.189536528938383700, -3.794707603699265500E-016, 1.097499999999999500 ) ) ;
#469 = EDGE_CURVE ( 'NONE', #4322, #2600, #5937, .T. ) ;
#470 = EDGE_CURVE ( 'NONE', #1981, #7166, #3312, .T. ) ;
#471 = CARTESIAN_POINT ( 'NONE',  ( -2.791986582380880500, 0.1781656850632321000, -0.4475000000000004000 ) ) ;
#472 = ORIENTED_EDGE ( 'NONE', *, *, #1047, .F. ) ;
#473 = AXIS2_PLACEMENT_3D ( 'NONE', #1469, #5483, #2168 ) ;
#474 = ORIENTED_EDGE ( 'NONE', *, *, #3678, .T. ) ;
#475 = VERTEX_POINT ( 'NONE', #4618 ) ;
#476 = CARTESIAN_POINT ( 'NONE',  ( 2.781523111319264400, 0.02853107752427827200, 1.502499999999999500 ) ) ;
#477 = LINE ( 'NONE', #2509, #2883 ) ;
#478 = ADVANCED_FACE ( 'NONE', ( #1528 ), #6423, .F. ) ;
#479 = CARTESIAN_POINT ( 'NONE',  ( 2.502990272987425600, 0.5500000000000105900, 0.2024999999999995700 ) ) ;
#480 = EDGE_LOOP ( 'NONE', ( #822, #3503, #718, #5384 ) ) ;
#481 = DIRECTION ( 'NONE',  ( -0.9975640502598247500, -0.06975647374411825300, 0.0000000000000000000 ) ) ;
#482 = EDGE_CURVE ( 'NONE', #3860, #3295, #5216, .T. ) ;
#483 = ORIENTED_EDGE ( 'NONE', *, *, #5214, .F. ) ;
#484 = LINE ( 'NONE', #1065, #114 ) ;
#485 = DIRECTION ( 'NONE',  ( -1.000000000000000000, -0.0000000000000000000, -0.0000000000000000000 ) ) ;
#486 = DIRECTION ( 'NONE',  ( 0.0000000000000000000, 0.0000000000000000000, 1.000000000000000000 ) ) ;
#487 =( NAMED_UNIT ( * ) PLANE_ANGLE_UNIT ( ) SI_UNIT ( $, .RADIAN. ) );
#488 = LINE ( 'NONE', #241, #2095 ) ;
#489 = ORIENTED_EDGE ( 'NONE', *, *, #1237, .F. ) ;
#490 = PLANE ( 'NONE',  #869 ) ;
#491 = FACE_OUTER_BOUND ( 'NONE', #5569, .T. ) ;
#492 = VECTOR ( 'NONE', #3557, 1000.000000000000000 ) ;
#493 = DIRECTION ( 'NONE',  ( -0.0000000000000000000, -0.0000000000000000000, -1.000000000000000000 ) ) ;
#494 = CARTESIAN_POINT ( 'NONE',  ( 2.200000000000001100, 0.6999999999999905200, 2.397500000000000000 ) ) ;
#495 = DIRECTION ( 'NONE',  ( 1.000000000000000000, 0.0000000000000000000, -0.0000000000000000000 ) ) ;
#496 = AXIS2_PLACEMENT_3D ( 'NONE', #6361, #5174, #5680 ) ;
#497 = LINE ( 'NONE', #5902, #600 ) ;
#498 = VECTOR ( 'NONE', #1226, 1000.000000000000000 ) ;
#499 = VERTEX_POINT ( 'NONE', #2915 ) ;
#500 = CARTESIAN_POINT ( 'NONE',  ( -2.502990272987425600, 0.4779902729874362900, -0.2025000000000004300 ) ) ;
#501 = VERTEX_POINT ( 'NONE', #4593 ) ;
#502 = CARTESIAN_POINT ( 'NONE',  ( 2.797009727012554200, 0.2500000000000000000, 1.502499999999999500 ) ) ;
#503 = DIRECTION ( 'NONE',  ( -0.0000000000000000000, -0.0000000000000000000, -1.000000000000000000 ) ) ;
#504 = CARTESIAN_POINT ( 'NONE',  ( 2.502990272987425600, 0.5500000000000105900, 2.397500000000000000 ) ) ;
#505 = FACE_OUTER_BOUND ( 'NONE', #5834, .T. ) ;
#506 = EDGE_CURVE ( 'NONE', #5502, #960, #3495, .T. ) ;
#507 = AXIS2_PLACEMENT_3D ( 'NONE', #6471, #3058, #1295 ) ;
#508 = VECTOR ( 'NONE', #3112, 1000.000000000000000 ) ;
#509 = ORIENTED_EDGE ( 'NONE', *, *, #1952, .T. ) ;
#510 = DIRECTION ( 'NONE',  ( -0.0000000000000000000, -0.0000000000000000000, -1.000000000000000000 ) ) ;
#511 = ORIENTED_EDGE ( 'NONE', *, *, #4090, .T. ) ;
#512 = CARTESIAN_POINT ( 'NONE',  ( -2.200000000000001100, 0.5500000000000105900, -1.747500000000000300 ) ) ;
#513 = DIRECTION ( 'NONE',  ( 1.000000000000000000, 0.0000000000000000000, 0.0000000000000000000 ) ) ;
#514 = CARTESIAN_POINT ( 'NONE',  ( -2.797009727012554200, 0.2500000000000000000, -1.502500000000000400 ) ) ;
#515 = VECTOR ( 'NONE', #2479, 1000.000000000000000 ) ;
#516 = ORIENTED_EDGE ( 'NONE', *, *, #259, .T. ) ;
#517 = DIRECTION ( 'NONE',  ( 0.0000000000000000000, 0.0000000000000000000, 1.000000000000000000 ) ) ;
#518 = VECTOR ( 'NONE', #1257, 1000.000000000000000 ) ;
#519 = ORIENTED_EDGE ( 'NONE', *, *, #1079, .F. ) ;
#520 = ADVANCED_FACE ( 'NONE', ( #2860 ), #1433, .T. ) ;
#521 = CARTESIAN_POINT ( 'NONE',  ( -2.200000000000001100, 1.100000000000000100, -2.447339000965039100 ) ) ;
#522 = EDGE_CURVE ( 'NONE', #6851, #5311, #1260, .T. ) ;
#523 = DIRECTION ( 'NONE',  ( 1.000000000000000000, 0.0000000000000000000, 0.0000000000000000000 ) ) ;
#524 = LINE ( 'NONE', #6698, #1061 ) ;
#525 = PLANE ( 'NONE',  #1244 ) ;
#526 = AXIS2_PLACEMENT_3D ( 'NONE', #7195, #7250, #329 ) ;
#527 = LINE ( 'NONE', #3065, #1154 ) ;
#528 = ORIENTED_EDGE ( 'NONE', *, *, #3189, .T. ) ;
#529 = CARTESIAN_POINT ( 'NONE',  ( -2.724999999999980500, 0.2500000000000000000, 0.2024999999999995700 ) ) ;
#530 = ADVANCED_FACE ( 'NONE', ( #7274 ), #6374, .F. ) ;
#531 = VECTOR ( 'NONE', #2638, 1000.000000000000000 ) ;
#532 = DIRECTION ( 'NONE',  ( 0.0000000000000000000, 0.0000000000000000000, 1.000000000000000000 ) ) ;
#533 = EDGE_CURVE ( 'NONE', #3683, #1294, #4652, .T. ) ;
#534 = FACE_OUTER_BOUND ( 'NONE', #3327, .T. ) ;
#535 = ORIENTED_EDGE ( 'NONE', *, *, #135, .F. ) ;
#536 = DIRECTION ( 'NONE',  ( 0.0000000000000000000, -0.0000000000000000000, -1.000000000000000000 ) ) ;
#537 = LINE ( 'NONE', #45, #348 ) ;
#538 = EDGE_LOOP ( 'NONE', ( #7296, #4587, #5310, #6553, #1190, #4016, #7452, #4852, #2553, #6069, #659, #6655 ) ) ;
#539 = DIRECTION ( 'NONE',  ( 0.9975640502598247500, 0.06975647374411825300, 0.0000000000000000000 ) ) ;
#540 = FACE_OUTER_BOUND ( 'NONE', #5453, .T. ) ;
#541 = ORIENTED_EDGE ( 'NONE', *, *, #6668, .F. ) ;
#542 = DIRECTION ( 'NONE',  ( -0.0000000000000000000, 0.0000000000000000000, -1.000000000000000000 ) ) ;
#543 = APPLICATION_PROTOCOL_DEFINITION ( 'draft international standard', 'automotive_design', 1998, #1043 ) ;
#544 = LINE ( 'NONE', #4989, #6728 ) ;
#545 = ORIENTED_EDGE ( 'NONE', *, *, #6526, .T. ) ;
#546 = AXIS2_PLACEMENT_3D ( 'NONE', #4105, #2419, #4717 ) ;
#547 = LINE ( 'NONE', #2191, #80 ) ;
#548 = ORIENTED_EDGE ( 'NONE', *, *, #7181, .F. ) ;
#549 = DIRECTION ( 'NONE',  ( -0.0000000000000000000, -0.0000000000000000000, -1.000000000000000000 ) ) ;
#550 = DIRECTION ( 'NONE',  ( 0.0000000000000000000, -1.000000000000000000, 0.0000000000000000000 ) ) ;
#551 =( NAMED_UNIT ( * ) PLANE_ANGLE_UNIT ( ) SI_UNIT ( $, .RADIAN. ) );
#552 = VERTEX_POINT ( 'NONE', #5827 ) ;
#553 = VECTOR ( 'NONE', #4465, 1000.000000000000000 ) ;
#554 = ORIENTED_EDGE ( 'NONE', *, *, #977, .T. ) ;
#555 = DIRECTION ( 'NONE',  ( -0.0000000000000000000, -0.0000000000000000000, -1.000000000000000000 ) ) ;
#556 = EDGE_CURVE ( 'NONE', #499, #2621, #7179, .T. ) ;
#557 = AXIS2_PLACEMENT_3D ( 'NONE', #7460, #3909, #536 ) ;
#558 = ADVANCED_FACE ( 'NONE', ( #1347 ), #2299, .F. ) ;
#559 = FACE_OUTER_BOUND ( 'NONE', #6675, .T. ) ;
#560 = ORIENTED_EDGE ( 'NONE', *, *, #3666, .T. ) ;
#561 = CARTESIAN_POINT ( 'NONE',  ( -3.189536528938383700, -3.794707603699265500E-016, 1.747499999999999400 ) ) ;
#562 = PLANE ( 'NONE',  #4121 ) ;
#563 = DIRECTION ( 'NONE',  ( -0.0000000000000000000, -0.0000000000000000000, -1.000000000000000000 ) ) ;
#564 = DIRECTION ( 'NONE',  ( 0.06975647374411825300, -0.9975640502598247500, 0.0000000000000000000 ) ) ;
#565 = EDGE_CURVE ( 'NONE', #4610, #316, #1084, .T. ) ;
#566 = CARTESIAN_POINT ( 'NONE',  ( -2.502990272987425600, 0.4779902729874362900, 0.4474999999999995600 ) ) ;
#567 = ORIENTED_EDGE ( 'NONE', *, *, #2880, .F. ) ;
#568 = ORIENTED_EDGE ( 'NONE', *, *, #2788, .T. ) ;
#569 = VERTEX_POINT ( 'NONE', #1254 ) ;
#570 = DIRECTION ( 'NONE',  ( 0.06975647374411825300, -0.9975640502598247500, 0.0000000000000000000 ) ) ;
#571 = DIRECTION ( 'NONE',  ( -0.0000000000000000000, -0.0000000000000000000, -1.000000000000000000 ) ) ;
#572 = DIRECTION ( 'NONE',  ( -0.0000000000000000000, -0.0000000000000000000, -1.000000000000000000 ) ) ;
#573 = ORIENTED_EDGE ( 'NONE', *, *, #6420, .T. ) ;
#574 = CARTESIAN_POINT ( 'NONE',  ( 2.724999999999980500, 0.2500000000000000000, 1.097499999999999500 ) ) ;
#575 = EDGE_LOOP ( 'NONE', ( #5779, #6134, #3586, #6045 ) ) ;
#576 = ORIENTED_EDGE ( 'NONE', *, *, #1998, .F. ) ;
#577 = EDGE_CURVE ( 'NONE', #3899, #7417, #2947, .T. ) ;
#578 = LINE ( 'NONE', #1282, #7110 ) ;
#579 = DIRECTION ( 'NONE',  ( -1.000000000000000000, 0.0000000000000000000, 0.0000000000000000000 ) ) ;
#580 = PRESENTATION_LAYER_ASSIGNMENT (  '', '', ( #2718 ) ) ;
#581 = CARTESIAN_POINT ( 'NONE',  ( 2.200000000000001100, 0.5500000000000105900, -2.152500000000000300 ) ) ;
#582 = CARTESIAN_POINT ( 'NONE',  ( -2.502990272987425600, 0.6999999999999905200, -2.152500000000000300 ) ) ;
#583 = ORIENTED_EDGE ( 'NONE', *, *, #1228, .F. ) ;
#584 = VECTOR ( 'NONE', #1319, 1000.000000000000000 ) ;
#585 = ORIENTED_EDGE ( 'NONE', *, *, #2274, .F. ) ;
#586 = VECTOR ( 'NONE', #1487, 1000.000000000000000 ) ;
#587 = CARTESIAN_POINT ( 'NONE',  ( -2.200000000000001100, 0.5500000000000105900, 1.747499999999999400 ) ) ;
#588 = CARTESIAN_POINT ( 'NONE',  ( -2.724999999999980500, 0.2500000000000000000, -1.097500000000000400 ) ) ;
#589 = DIRECTION ( 'NONE',  ( -1.000000000000000000, -0.0000000000000000000, -0.0000000000000000000 ) ) ;
#590 = VECTOR ( 'NONE', #63, 1000.000000000000000 ) ;
#591 = ORIENTED_EDGE ( 'NONE', *, *, #617, .T. ) ;
#592 = VECTOR ( 'NONE', #5125, 1000.000000000000000 ) ;
#593 = AXIS2_PLACEMENT_3D ( 'NONE', #2831, #570, #4554 ) ;
#594 = DIRECTION ( 'NONE',  ( 1.000000000000000000, 0.0000000000000000000, 0.0000000000000000000 ) ) ;
#595 = LINE ( 'NONE', #1658, #7316 ) ;
#596 = ORIENTED_EDGE ( 'NONE', *, *, #3933, .F. ) ;
#597 = ADVANCED_FACE ( 'NONE', ( #3493 ), #5476, .T. ) ;
#598 = DIRECTION ( 'NONE',  ( 0.0000000000000000000, 0.0000000000000000000, 1.000000000000000000 ) ) ;
#599 = ORIENTED_EDGE ( 'NONE', *, *, #299, .F. ) ;
#600 = VECTOR ( 'NONE', #1349, 1000.000000000000000 ) ;
#601 = PLANE ( 'NONE',  #496 ) ;
#602 = CARTESIAN_POINT ( 'NONE',  ( -2.797009727012554200, 0.2500000000000000000, 0.4474999999999995600 ) ) ;
#603 = LINE ( 'NONE', #3285, #3799 ) ;
#604 = ORIENTED_EDGE ( 'NONE', *, *, #6431, .T. ) ;
#605 = EDGE_CURVE ( 'NONE', #1533, #3109, #5388, .T. ) ;
#606 = CARTESIAN_POINT ( 'NONE',  ( 2.797009727012554200, 0.2500000000000000000, 0.4474999999999995600 ) ) ;
#607 = ORIENTED_EDGE ( 'NONE', *, *, #2957, .F. ) ;
#608 = EDGE_CURVE ( 'NONE', #3768, #1020, #2335, .T. ) ;
#609 = AXIS2_PLACEMENT_3D ( 'NONE', #1867, #1541, #5784 ) ;
#610 = LINE ( 'NONE', #6411, #4786 ) ;
#611 = DIRECTION ( 'NONE',  ( -1.000000000000000000, 0.0000000000000000000, 0.0000000000000000000 ) ) ;
#612 = ADVANCED_FACE ( 'NONE', ( #1965 ), #5387, .F. ) ;
#613 = VECTOR ( 'NONE', #3579, 1000.000000000000000 ) ;
#614 = EDGE_LOOP ( 'NONE', ( #1652, #1412, #3171, #3302 ) ) ;
#615 = CARTESIAN_POINT ( 'NONE',  ( 2.791986582380880500, 0.1781656850632321000, 2.397500000000000000 ) ) ;
#616 = CARTESIAN_POINT ( 'NONE',  ( -2.502990272987425600, 0.4779902729874362900, 0.8524999999999994800 ) ) ;
#617 = EDGE_CURVE ( 'NONE', #2210, #1316, #4194, .T. ) ;
#618 = VECTOR ( 'NONE', #4947, 1000.000000000000000 ) ;
#619 = AXIS2_PLACEMENT_3D ( 'NONE', #3534, #6963, #2956 ) ;
#620 = ORIENTED_EDGE ( 'NONE', *, *, #2123, .T. ) ;
#621 = DIRECTION ( 'NONE',  ( 1.000000000000000000, 0.0000000000000000000, 0.0000000000000000000 ) ) ;
#622 = LINE ( 'NONE', #197, #3897 ) ;
#623 = EDGE_CURVE ( 'NONE', #5164, #5490, #5758, .T. ) ;
#624 = CIRCLE ( 'NONE', #3934, 0.2220097270125543400 ) ;
#625 = ORIENTED_EDGE ( 'NONE', *, *, #3563, .F. ) ;
#626 = PLANE ( 'NONE',  #4694 ) ;
#627 = EDGE_CURVE ( 'NONE', #3647, #6410, #5846, .T. ) ;
#628 = DIRECTION ( 'NONE',  ( -1.000000000000000000, 0.0000000000000000000, 0.0000000000000000000 ) ) ;
#629 = CARTESIAN_POINT ( 'NONE',  ( 2.724999999999980500, 0.4779902729874362400, 0.2024999999999995700 ) ) ;
#630 = AXIS2_PLACEMENT_3D ( 'NONE', #3369, #4538, #579 ) ;
#631 = DIRECTION ( 'NONE',  ( -0.9975640502598247500, -0.06975647374411825300, 0.0000000000000000000 ) ) ;
#632 = VECTOR ( 'NONE', #803, 1000.000000000000000 ) ;
#633 = ORIENTED_EDGE ( 'NONE', *, *, #6447, .T. ) ;
#634 = LINE ( 'NONE', #2806, #3203 ) ;
#635 = ORIENTED_EDGE ( 'NONE', *, *, #4752, .F. ) ;
#636 = EDGE_CURVE ( 'NONE', #2210, #5358, #1786, .T. ) ;
#637 = ADVANCED_FACE ( 'NONE', ( #1173 ), #2516, .F. ) ;
#638 = DIRECTION ( 'NONE',  ( -0.0000000000000000000, -0.0000000000000000000, -1.000000000000000000 ) ) ;
#639 = LINE ( 'NONE', #4358, #5382 ) ;
#640 = ORIENTED_EDGE ( 'NONE', *, *, #3317, .T. ) ;
#641 = ORIENTED_EDGE ( 'NONE', *, *, #4815, .F. ) ;
#642 = PRESENTATION_LAYER_ASSIGNMENT (  '', '', ( #138 ) ) ;
#643 = CARTESIAN_POINT ( 'NONE',  ( 3.189536528938383700, -3.794707603699265500E-016, -0.8525000000000003700 ) ) ;
#644 = FILL_AREA_STYLE ('',( #1133 ) ) ;
#645 = DIRECTION ( 'NONE',  ( -0.0000000000000000000, -0.0000000000000000000, -1.000000000000000000 ) ) ;
#646 = CARTESIAN_POINT ( 'NONE',  ( 2.791986582380880500, 0.1781656850632321000, 2.397500000000000000 ) ) ;
#647 = CARTESIAN_POINT ( 'NONE',  ( -2.724999999999980500, 0.2500000000000000000, 2.397500000000000000 ) ) ;
#648 = ORIENTED_EDGE ( 'NONE', *, *, #2220, .T. ) ;
#649 = ADVANCED_FACE ( 'NONE', ( #269 ), #6546, .F. ) ;
#650 = DIRECTION ( 'NONE',  ( 0.0000000000000000000, 0.0000000000000000000, 1.000000000000000000 ) ) ;
#651 = AXIS2_PLACEMENT_3D ( 'NONE', #5062, #7357, #3888 ) ;
#652 = CARTESIAN_POINT ( 'NONE',  ( 2.791986582380880500, 0.1781656850632321000, 2.397500000000000000 ) ) ;
#653 = ORIENTED_EDGE ( 'NONE', *, *, #4025, .T. ) ;
#654 = CARTESIAN_POINT ( 'NONE',  ( -2.200000000000001100, 0.6999999999999905200, 1.097499999999999500 ) ) ;
#655 = CARTESIAN_POINT ( 'NONE',  ( 2.502990272987425600, 0.4779902729874362900, -0.2025000000000004300 ) ) ;
#656 = EDGE_CURVE ( 'NONE', #7166, #6989, #2766, .T. ) ;
#657 = AXIS2_PLACEMENT_3D ( 'NONE', #5953, #331, #807 ) ;
#658 = ORIENTED_EDGE ( 'NONE', *, *, #2579, .F. ) ;
#659 = ORIENTED_EDGE ( 'NONE', *, *, #4410, .F. ) ;
#660 = DIRECTION ( 'NONE',  ( 1.000000000000000000, 0.0000000000000000000, 0.0000000000000000000 ) ) ;
#661 = ORIENTED_EDGE ( 'NONE', *, *, #3030, .F. ) ;
#662 = CARTESIAN_POINT ( 'NONE',  ( 2.791986582380880500, 0.1781656850632321000, -0.2025000000000004300 ) ) ;
#663 = ORIENTED_EDGE ( 'NONE', *, *, #7075, .T. ) ;
#664 = ORIENTED_EDGE ( 'NONE', *, *, #852, .T. ) ;
#665 = CARTESIAN_POINT ( 'NONE',  ( 2.724999999999980500, 0.2500000000000000000, 1.747499999999999400 ) ) ;
#666 = EDGE_CURVE ( 'NONE', #1193, #5612, #2678, .T. ) ;
#667 = CARTESIAN_POINT ( 'NONE',  ( 2.781523111319264400, 0.02853107752427827200, -0.2025000000000004300 ) ) ;
#668 = VERTEX_POINT ( 'NONE', #4126 ) ;
#669 = MECHANICAL_DESIGN_GEOMETRIC_PRESENTATION_REPRESENTATION (  '', ( #2233 ), #4481 ) ;
#670 = ORIENTED_EDGE ( 'NONE', *, *, #1603, .F. ) ;
#671 = CARTESIAN_POINT ( 'NONE',  ( -2.200000000000001100, 0.6999999999999905200, -2.397500000000000400 ) ) ;
#672 = DIRECTION ( 'NONE',  ( -0.0000000000000000000, 1.000000000000000000, -0.0000000000000000000 ) ) ;
#673 =( NAMED_UNIT ( * ) SI_UNIT ( $, .STERADIAN. ) SOLID_ANGLE_UNIT ( ) );
#674 = CARTESIAN_POINT ( 'NONE',  ( 2.797009727012554200, 0.2500000000000000000, -0.8525000000000003700 ) ) ;
#675 = EDGE_CURVE ( 'NONE', #7331, #1053, #6199, .T. ) ;
#676 = LINE ( 'NONE', #1439, #3521 ) ;
#677 = ORIENTED_EDGE ( 'NONE', *, *, #170, .F. ) ;
#678 = CYLINDRICAL_SURFACE ( 'NONE', #5105, 0.07200972701257432600 ) ;
#679 = PLANE ( 'NONE',  #1005 ) ;
#680 = CARTESIAN_POINT ( 'NONE',  ( 2.724999999999980500, 0.2500000000000000000, -0.4475000000000004000 ) ) ;
#681 = FACE_OUTER_BOUND ( 'NONE', #2113, .T. ) ;
#682 = VECTOR ( 'NONE', #4784, 1000.000000000000000 ) ;
#683 = VERTEX_POINT ( 'NONE', #7038 ) ;
#684 = CARTESIAN_POINT ( 'NONE',  ( -2.791986582380880500, 0.1781656850632323000, -1.747500000000000300 ) ) ;
#685 = ORIENTED_EDGE ( 'NONE', *, *, #4243, .T. ) ;
#686 = DIRECTION ( 'NONE',  ( -0.0000000000000000000, -0.0000000000000000000, -1.000000000000000000 ) ) ;
#687 = CIRCLE ( 'NONE', #1496, 0.2220097270125543400 ) ;
#688 = DIRECTION ( 'NONE',  ( -0.0000000000000000000, -1.000000000000000000, -0.0000000000000000000 ) ) ;
#689 = VECTOR ( 'NONE', #3191, 1000.000000000000000 ) ;
#690 = CLOSED_SHELL ( 'NONE', ( #1756, #212, #1779, #4174, #6470, #5478, #597, #1937, #1629, #778, #4602, #1235, #4364, #7444 ) ) ;
#691 = CLOSED_SHELL ( 'NONE', ( #6501, #6612, #1718, #3436, #6571, #3865, #5589, #4441, #178, #649, #1156, #4292, #1859, #251 ) ) ;
#692 = DIRECTION ( 'NONE',  ( -1.000000000000000000, 0.0000000000000000000, 0.0000000000000000000 ) ) ;
#693 = EDGE_CURVE ( 'NONE', #6704, #2586, #5564, .T. ) ;
#694 = VERTEX_POINT ( 'NONE', #6452 ) ;
#695 = EDGE_CURVE ( 'NONE', #1678, #4067, #6914, .T. ) ;
#696 = VECTOR ( 'NONE', #1326, 1000.000000000000000 ) ;
#697 = VERTEX_POINT ( 'NONE', #6521 ) ;
#698 = VERTEX_POINT ( 'NONE', #1942 ) ;
#699 = ORIENTED_EDGE ( 'NONE', *, *, #3452, .T. ) ;
#700 = CIRCLE ( 'NONE', #5385, 0.2220097270125543400 ) ;
#701 = CARTESIAN_POINT ( 'NONE',  ( -2.502990272987425600, 0.4779902729874362900, 1.502499999999999500 ) ) ;
#702 = LINE ( 'NONE', #4135, #431 ) ;
#703 = ORIENTED_EDGE ( 'NONE', *, *, #6745, .F. ) ;
#704 = CARTESIAN_POINT ( 'NONE',  ( 2.575000000000000200, 0.2500000000000000000, -0.8525000000000003700 ) ) ;
#705 = EDGE_CURVE ( 'NONE', #1769, #5950, #5654, .T. ) ;
#706 = AXIS2_PLACEMENT_3D ( 'NONE', #7091, #3115, #2524 ) ;
#707 = DIRECTION ( 'NONE',  ( 1.000000000000000000, 0.0000000000000000000, 0.0000000000000000000 ) ) ;
#708 = DIRECTION ( 'NONE',  ( -0.0000000000000000000, -0.0000000000000000000, -1.000000000000000000 ) ) ;
#709 = CYLINDRICAL_SURFACE ( 'NONE', #4803, 0.2220097270125543400 ) ;
#710 = EDGE_LOOP ( 'NONE', ( #3420, #6141, #4826, #7051 ) ) ;
#711 = ADVANCED_FACE ( 'NONE', ( #2592 ), #996, .T. ) ;
#712 = VECTOR ( 'NONE', #3461, 1000.000000000000000 ) ;
#713 = EDGE_CURVE ( 'NONE', #7020, #6870, #6384, .T. ) ;
#714 = CARTESIAN_POINT ( 'NONE',  ( 3.189536528938383700, -3.794707603699265500E-016, -1.747500000000000300 ) ) ;
#715 = VERTEX_POINT ( 'NONE', #2420 ) ;
#716 = EDGE_CURVE ( 'NONE', #198, #1472, #3745, .T. ) ;
#717 = FACE_OUTER_BOUND ( 'NONE', #1491, .T. ) ;
#718 = ORIENTED_EDGE ( 'NONE', *, *, #259, .F. ) ;
#719 = CARTESIAN_POINT ( 'NONE',  ( 2.797009727012554200, 0.2500000000000000000, 1.747499999999999400 ) ) ;
#720 = VECTOR ( 'NONE', #2490, 1000.000000000000000 ) ;
#721 = ORIENTED_EDGE ( 'NONE', *, *, #752, .T. ) ;
#722 = CARTESIAN_POINT ( 'NONE',  ( -2.791986582380880500, 0.1781656850632321000, 1.747499999999999400 ) ) ;
#723 = VECTOR ( 'NONE', #6699, 1000.000000000000000 ) ;
#724 = ORIENTED_EDGE ( 'NONE', *, *, #1974, .T. ) ;
#725 = DIRECTION ( 'NONE',  ( -0.0000000000000000000, -0.0000000000000000000, -1.000000000000000000 ) ) ;
#726 = DIRECTION ( 'NONE',  ( -0.9975640502598247500, 0.06975647374411851600, 0.0000000000000000000 ) ) ;
#727 = CARTESIAN_POINT ( 'NONE',  ( 2.200000000000001100, 0.5500000000000105900, -2.152500000000000300 ) ) ;
#728 = EDGE_LOOP ( 'NONE', ( #6044, #5345, #1660, #3141 ) ) ;
#729 = ORIENTED_EDGE ( 'NONE', *, *, #1222, .T. ) ;
#730 = DIRECTION ( 'NONE',  ( -0.06975647374411934900, 0.9975640502598246400, 0.0000000000000000000 ) ) ;
#731 = AXIS2_PLACEMENT_3D ( 'NONE', #1215, #2385, #1264 ) ;
#732 = CARTESIAN_POINT ( 'NONE',  ( 3.189536528938383700, -3.794707603699265500E-016, -2.152500000000000300 ) ) ;
#733 = CARTESIAN_POINT ( 'NONE',  ( -2.502990272987425600, 0.5500000000000105900, -1.502500000000000400 ) ) ;
#734 = ORIENTED_EDGE ( 'NONE', *, *, #3759, .T. ) ;
#735 = PLANE ( 'NONE',  #6133 ) ;
#736 = EDGE_LOOP ( 'NONE', ( #966, #4899, #4751, #5222 ) ) ;
#737 = VERTEX_POINT ( 'NONE', #4720 ) ;
#738 = ADVANCED_FACE ( 'NONE', ( #6737 ), #319, .F. ) ;
#739 = EDGE_CURVE ( 'NONE', #3041, #2086, #2237, .T. ) ;
#740 = PRESENTATION_LAYER_ASSIGNMENT (  '', '', ( #3178 ) ) ;
#741 = VERTEX_POINT ( 'NONE', #5503 ) ;
#742 = ORIENTED_EDGE ( 'NONE', *, *, #4666, .F. ) ;
#743 = EDGE_LOOP ( 'NONE', ( #2350, #2784, #3244, #7461 ) ) ;
#744 = VECTOR ( 'NONE', #3498, 1000.000000000000000 ) ;
#745 = DIRECTION ( 'NONE',  ( 0.9975640502598247500, -0.06975647374411825300, 0.0000000000000000000 ) ) ;
#746 = DIRECTION ( 'NONE',  ( 1.000000000000000000, 0.0000000000000000000, 0.0000000000000000000 ) ) ;
#747 = CARTESIAN_POINT ( 'NONE',  ( -2.724999999999980100, 0.4779902729874363500, 0.2024999999999995700 ) ) ;
#748 = ORIENTED_EDGE ( 'NONE', *, *, #179, .T. ) ;
#749 = LINE ( 'NONE', #2487, #584 ) ;
#750 = DIRECTION ( 'NONE',  ( 0.0000000000000000000, 0.0000000000000000000, 1.000000000000000000 ) ) ;
#751 = ORIENTED_EDGE ( 'NONE', *, *, #2890, .F. ) ;
#752 = EDGE_CURVE ( 'NONE', #1769, #1972, #6644, .T. ) ;
#753 = CIRCLE ( 'NONE', #5887, 0.07200972701257432600 ) ;
#754 = DIRECTION ( 'NONE',  ( -1.000000000000000000, 0.0000000000000000000, 0.0000000000000000000 ) ) ;
#755 = DIRECTION ( 'NONE',  ( 1.000000000000000000, 0.0000000000000000000, -0.0000000000000000000 ) ) ;
#756 = CIRCLE ( 'NONE', #6210, 0.2220097270125543400 ) ;
#757 = DIRECTION ( 'NONE',  ( -0.0000000000000000000, 1.000000000000000000, -0.0000000000000000000 ) ) ;
#758 = LINE ( 'NONE', #970, #1562 ) ;
#759 = EDGE_LOOP ( 'NONE', ( #6691, #576, #2913, #2611 ) ) ;
#760 = EDGE_CURVE ( 'NONE', #6989, #5692, #5114, .T. ) ;
#761 = VECTOR ( 'NONE', #4084, 1000.000000000000000 ) ;
#762 = CARTESIAN_POINT ( 'NONE',  ( -2.724999999999980500, 0.4779902729874362400, 2.152499999999999900 ) ) ;
#763 = AXIS2_PLACEMENT_3D ( 'NONE', #5962, #2508, #4251 ) ;
#764 = VECTOR ( 'NONE', #5823, 1000.000000000000000 ) ;
#765 = ORIENTED_EDGE ( 'NONE', *, *, #3394, .T. ) ;
#766 = DIRECTION ( 'NONE',  ( -0.0000000000000000000, -0.0000000000000000000, -1.000000000000000000 ) ) ;
#767 = VERTEX_POINT ( 'NONE', #5459 ) ;
#768 = ORIENTED_EDGE ( 'NONE', *, *, #5078, .T. ) ;
#769 = CARTESIAN_POINT ( 'NONE',  ( -3.189536528938383700, -3.794707603699265500E-016, 1.502499999999999500 ) ) ;
#770 = EDGE_LOOP ( 'NONE', ( #516, #6539, #7365, #6287 ) ) ;
#771 = CARTESIAN_POINT ( 'NONE',  ( -2.781523111319264400, 0.02853107752427832800, -1.097500000000000400 ) ) ;
#772 = LINE ( 'NONE', #824, #5171 ) ;
#773 = EDGE_LOOP ( 'NONE', ( #633, #4095, #5558, #4685 ) ) ;
#774 = DIRECTION ( 'NONE',  ( 0.0000000000000000000, 0.0000000000000000000, 1.000000000000000000 ) ) ;
#775 = DIRECTION ( 'NONE',  ( 0.9975640502598246400, 0.06975647374411936300, 0.0000000000000000000 ) ) ;
#776 = VERTEX_POINT ( 'NONE', #267 ) ;
#777 = AXIS2_PLACEMENT_3D ( 'NONE', #5482, #1415, #317 ) ;
#778 = ADVANCED_FACE ( 'NONE', ( #3661 ), #4307, .F. ) ;
#779 = VERTEX_POINT ( 'NONE', #4892 ) ;
#780 = DIRECTION ( 'NONE',  ( -0.0000000000000000000, -1.000000000000000000, -0.0000000000000000000 ) ) ;
#781 = LINE ( 'NONE', #2525, #3632 ) ;
#782 = MANIFOLD_SOLID_BREP ( 'LPattern1[13]', #1525 ) ;
#783 = LINE ( 'NONE', #1479, #3986 ) ;
#784 = ORIENTED_EDGE ( 'NONE', *, *, #5309, .T. ) ;
#785 = CARTESIAN_POINT ( 'NONE',  ( 3.200000000000000200, 0.1496346075389538600, -0.8525000000000003700 ) ) ;
#786 = DIRECTION ( 'NONE',  ( 1.000000000000000000, 0.0000000000000000000, 0.0000000000000000000 ) ) ;
#787 = EDGE_CURVE ( 'NONE', #3078, #5007, #85, .T. ) ;
#788 = CARTESIAN_POINT ( 'NONE',  ( -3.200000000000000200, 0.1496346075389538600, -1.502500000000000400 ) ) ;
#789 = FACE_OUTER_BOUND ( 'NONE', #4040, .T. ) ;
#790 = AXIS2_PLACEMENT_3D ( 'NONE', #5721, #3316, #66 ) ;
#791 = LINE ( 'NONE', #7148, #3639 ) ;
#792 = EDGE_LOOP ( 'NONE', ( #4943, #3808, #2344, #4584 ) ) ;
#793 = CARTESIAN_POINT ( 'NONE',  ( -2.791986582380880500, 0.1781656850632323000, -1.502500000000000400 ) ) ;
#794 = LINE ( 'NONE', #173, #3565 ) ;
#795 = CARTESIAN_POINT ( 'NONE',  ( -3.189536528938383700, -3.794707603699265500E-016, -1.747500000000000300 ) ) ;
#796 = ORIENTED_EDGE ( 'NONE', *, *, #851, .T. ) ;
#797 = LINE ( 'NONE', #3391, #6996 ) ;
#798 = EDGE_LOOP ( 'NONE', ( #4156, #2216, #3876, #3337 ) ) ;
#799 = EDGE_CURVE ( 'NONE', #2163, #3129, #6905, .T. ) ;
#800 = PLANE ( 'NONE',  #2312 ) ;
#801 = CARTESIAN_POINT ( 'NONE',  ( 3.200000000000000200, 0.1496346075389538600, 1.097499999999999500 ) ) ;
#802 = LINE ( 'NONE', #6231, #3652 ) ;
#803 = DIRECTION ( 'NONE',  ( 1.000000000000000000, 0.0000000000000000000, -1.971276677246371500E-016 ) ) ;
#804 = LINE ( 'NONE', #2291, #6732 ) ;
#805 = ORIENTED_EDGE ( 'NONE', *, *, #7122, .T. ) ;
#806 = VERTEX_POINT ( 'NONE', #2541 ) ;
#807 = DIRECTION ( 'NONE',  ( -0.06975647374411851600, -0.9975640502598247500, 0.0000000000000000000 ) ) ;
#808 = DIRECTION ( 'NONE',  ( -0.9975640502598246400, 0.06975647374411934900, 0.0000000000000000000 ) ) ;
#809 = EDGE_CURVE ( 'NONE', #5224, #4250, #4734, .T. ) ;
#810 = DIRECTION ( 'NONE',  ( 1.000000000000000000, 0.0000000000000000000, 0.0000000000000000000 ) ) ;
#811 = VECTOR ( 'NONE', #7243, 1000.000000000000000 ) ;
#812 = ORIENTED_EDGE ( 'NONE', *, *, #2666, .T. ) ;
#813 = AXIS2_PLACEMENT_3D ( 'NONE', #258, #6534, #4168 ) ;
#814 = CARTESIAN_POINT ( 'NONE',  ( -2.200000000000001100, 0.5500000000000105900, -0.4475000000000004000 ) ) ;
#815 = ADVANCED_FACE ( 'NONE', ( #5748 ), #7212, .F. ) ;
#816 = ORIENTED_EDGE ( 'NONE', *, *, #4409, .F. ) ;
#817 = ORIENTED_EDGE ( 'NONE', *, *, #867, .F. ) ;
#818 = DIRECTION ( 'NONE',  ( 0.9975640502598247500, -0.06975647374411825300, 0.0000000000000000000 ) ) ;
#819 = AXIS2_PLACEMENT_3D ( 'NONE', #3794, #5619, #4986 ) ;
#820 = VERTEX_POINT ( 'NONE', #4259 ) ;
#821 = DIRECTION ( 'NONE',  ( 0.0000000000000000000, 0.0000000000000000000, 1.000000000000000000 ) ) ;
#822 = ORIENTED_EDGE ( 'NONE', *, *, #5737, .T. ) ;
#823 = VERTEX_POINT ( 'NONE', #6565 ) ;
#824 = CARTESIAN_POINT ( 'NONE',  ( -3.189536528938383700, -3.794707603699265500E-016, -1.502500000000000400 ) ) ;
#825 = CYLINDRICAL_SURFACE ( 'NONE', #60, 0.07200972701257432600 ) ;
#826 = DIRECTION ( 'NONE',  ( -0.0000000000000000000, -0.0000000000000000000, -1.000000000000000000 ) ) ;
#827 = ORIENTED_EDGE ( 'NONE', *, *, #533, .F. ) ;
#828 = EDGE_CURVE ( 'NONE', #1777, #5358, #4371, .T. ) ;
#829 = EDGE_CURVE ( 'NONE', #353, #3516, #1959, .T. ) ;
#830 = ORIENTED_EDGE ( 'NONE', *, *, #6464, .T. ) ;
#831 = ORIENTED_EDGE ( 'NONE', *, *, #5410, .F. ) ;
#832 = CYLINDRICAL_SURFACE ( 'NONE', #5588, 0.2220097270125543400 ) ;
#833 = PRODUCT_DEFINITION_FORMATION_WITH_SPECIFIED_SOURCE ( 'ANY', '', #1582, .NOT_KNOWN. ) ;
#834 = CARTESIAN_POINT ( 'NONE',  ( 2.791986582380880500, 0.1781656850632321000, -0.8525000000000003700 ) ) ;
#835 = CARTESIAN_POINT ( 'NONE',  ( -2.200000000000001100, 0.5500000000000105900, 2.397500000000000000 ) ) ;
#836 = DIRECTION ( 'NONE',  ( -0.0000000000000000000, -0.0000000000000000000, -1.000000000000000000 ) ) ;
#837 = ORIENTED_EDGE ( 'NONE', *, *, #5116, .F. ) ;
#838 = VERTEX_POINT ( 'NONE', #6589 ) ;
#839 = VERTEX_POINT ( 'NONE', #3187 ) ;
#840 = FACE_OUTER_BOUND ( 'NONE', #325, .T. ) ;
#841 = DIRECTION ( 'NONE',  ( -0.0000000000000000000, 1.000000000000000000, -0.0000000000000000000 ) ) ;
#842 = EDGE_CURVE ( 'NONE', #1163, #1193, #6375, .T. ) ;
#843 = CARTESIAN_POINT ( 'NONE',  ( -2.575000000000000200, 0.2500000000000000000, 0.4474999999999995600 ) ) ;
#844 = CYLINDRICAL_SURFACE ( 'NONE', #5679, 0.07200972701257388200 ) ;
#845 = EDGE_LOOP ( 'NONE', ( #3841, #3624 ) ) ;
#846 = LINE ( 'NONE', #2167, #6860 ) ;
#847 = FACE_OUTER_BOUND ( 'NONE', #5982, .T. ) ;
#848 = PLANE ( 'NONE',  #289 ) ;
#849 = CARTESIAN_POINT ( 'NONE',  ( -2.200000000000001100, 0.5500000000000105900, -0.8525000000000003700 ) ) ;
#850 = CARTESIAN_POINT ( 'NONE',  ( -3.200000000000000200, 0.1496346075389538600, 1.097499999999999500 ) ) ;
#851 = EDGE_CURVE ( 'NONE', #5289, #7014, #4817, .T. ) ;
#852 = EDGE_CURVE ( 'NONE', #7454, #5954, #1341, .T. ) ;
#853 = CARTESIAN_POINT ( 'NONE',  ( 2.781523111319264400, 0.02853107752427827200, 0.4474999999999995600 ) ) ;
#854 = VECTOR ( 'NONE', #3478, 1000.000000000000000 ) ;
#855 = ADVANCED_FACE ( 'NONE', ( #176 ), #3310, .F. ) ;
#856 = DIRECTION ( 'NONE',  ( -1.000000000000000000, 0.0000000000000000000, 0.0000000000000000000 ) ) ;
#857 = VERTEX_POINT ( 'NONE', #4381 ) ;
#858 = STYLED_ITEM ( 'NONE', ( #6511 ), #3104 ) ;
#859 = ORIENTED_EDGE ( 'NONE', *, *, #3976, .T. ) ;
#860 = CARTESIAN_POINT ( 'NONE',  ( 2.199999999999999300, 0.6999999999999905200, -2.499999999999998200 ) ) ;
#861 = CARTESIAN_POINT ( 'NONE',  ( -2.200000000000001100, 0.6999999999999905200, 0.4474999999999995600 ) ) ;
#862 = FACE_OUTER_BOUND ( 'NONE', #5956, .T. ) ;
#863 = DIRECTION ( 'NONE',  ( -1.000000000000000000, 0.0000000000000000000, 0.0000000000000000000 ) ) ;
#864 = PLANE ( 'NONE',  #3127 ) ;
#865 = LINE ( 'NONE', #3314, #6256 ) ;
#866 = VERTEX_POINT ( 'NONE', #3846 ) ;
#867 = EDGE_CURVE ( 'NONE', #3634, #5668, #547, .T. ) ;
#868 = ORIENTED_EDGE ( 'NONE', *, *, #3643, .F. ) ;
#869 = AXIS2_PLACEMENT_3D ( 'NONE', #6829, #2166, #4476 ) ;
#870 = VECTOR ( 'NONE', #2874, 1000.000000000000000 ) ;
#871 = ORIENTED_EDGE ( 'NONE', *, *, #6942, .T. ) ;
#872 = CARTESIAN_POINT ( 'NONE',  ( 2.797009727012554200, 0.2500000000000000000, -1.502500000000000400 ) ) ;
#873 = CIRCLE ( 'NONE', #126, 0.07200972701257432600 ) ;
#874 = ORIENTED_EDGE ( 'NONE', *, *, #4422, .T. ) ;
#875 = DIRECTION ( 'NONE',  ( -0.9975640502598247500, -0.06975647374411825300, 0.0000000000000000000 ) ) ;
#876 = VECTOR ( 'NONE', #1080, 1000.000000000000000 ) ;
#877 = VECTOR ( 'NONE', #2899, 1000.000000000000000 ) ;
#878 = VERTEX_POINT ( 'NONE', #1052 ) ;
#879 = AXIS2_PLACEMENT_3D ( 'NONE', #4096, #1783, #6388 ) ;
#880 = DIRECTION ( 'NONE',  ( -0.0000000000000000000, -0.0000000000000000000, -1.000000000000000000 ) ) ;
#881 = CARTESIAN_POINT ( 'NONE',  ( 2.200000000000001100, 0.6999999999999905200, 0.4474999999999995600 ) ) ;
#882 = LINE ( 'NONE', #1526, #159 ) ;
#883 = CARTESIAN_POINT ( 'NONE',  ( -2.724999999999980500, 0.4779902729874362400, -1.097500000000000400 ) ) ;
#884 = CIRCLE ( 'NONE', #6379, 0.2220097270125543400 ) ;
#885 = VERTEX_POINT ( 'NONE', #5532 ) ;
#886 = CARTESIAN_POINT ( 'NONE',  ( -2.797009727012554200, 0.2500000000000000000, 2.397500000000000000 ) ) ;
#887 = EDGE_CURVE ( 'NONE', #5358, #2637, #4555, .T. ) ;
#888 = DIRECTION ( 'NONE',  ( -0.0000000000000000000, -0.0000000000000000000, -1.000000000000000000 ) ) ;
#889 = AXIS2_PLACEMENT_3D ( 'NONE', #6765, #973, #7319 ) ;
#890 = LINE ( 'NONE', #4675, #1253 ) ;
#891 = ORIENTED_EDGE ( 'NONE', *, *, #122, .T. ) ;
#892 = CYLINDRICAL_SURFACE ( 'NONE', #4963, 0.07200972701257432600 ) ;
#893 = ORIENTED_EDGE ( 'NONE', *, *, #623, .F. ) ;
#894 = ADVANCED_FACE ( 'NONE', ( #359 ), #7266, .F. ) ;
#895 = CARTESIAN_POINT ( 'NONE',  ( 2.502990272987425600, 0.4779902729874362900, 2.397500000000000000 ) ) ;
#896 = CARTESIAN_POINT ( 'NONE',  ( -2.502990272987425600, 0.4779902729874362900, -0.2025000000000004300 ) ) ;
#897 = DIRECTION ( 'NONE',  ( -1.000000000000000000, 0.0000000000000000000, 0.0000000000000000000 ) ) ;
#898 = CARTESIAN_POINT ( 'NONE',  ( 2.791986582380880500, 0.1781656850632321000, -2.152500000000000300 ) ) ;
#899 = EDGE_CURVE ( 'NONE', #2807, #6548, #7268, .T. ) ;
#900 = VECTOR ( 'NONE', #4152, 1000.000000000000000 ) ;
#901 = EDGE_LOOP ( 'NONE', ( #6103, #6575, #1017, #4954 ) ) ;
#902 = DIRECTION ( 'NONE',  ( 0.0000000000000000000, 1.000000000000000000, 0.0000000000000000000 ) ) ;
#903 = AXIS2_PLACEMENT_3D ( 'NONE', #4287, #7114, #5975 ) ;
#904 = CARTESIAN_POINT ( 'NONE',  ( 2.724999999999980500, 0.4779902729874362400, 0.4474999999999995600 ) ) ;
#905 = CARTESIAN_POINT ( 'NONE',  ( -2.502990272987425600, 0.4779902729874362900, 0.8524999999999994800 ) ) ;
#906 = VECTOR ( 'NONE', #3932, 1000.000000000000000 ) ;
#907 = ORIENTED_EDGE ( 'NONE', *, *, #3274, .F. ) ;
#908 = EDGE_CURVE ( 'NONE', #1003, #3772, #1697, .T. ) ;
#909 = CARTESIAN_POINT ( 'NONE',  ( 2.502990272987425600, 0.6999999999999905200, 0.2024999999999995700 ) ) ;
#910 = AXIS2_PLACEMENT_3D ( 'NONE', #6049, #6648, #377 ) ;
#911 = CARTESIAN_POINT ( 'NONE',  ( -3.200000000000000200, 0.1496346075389538600, -1.502500000000000400 ) ) ;
#912 = ORIENTED_EDGE ( 'NONE', *, *, #5366, .F. ) ;
#913 = VERTEX_POINT ( 'NONE', #421 ) ;
#914 = CARTESIAN_POINT ( 'NONE',  ( -2.502990272987425600, 0.4779902729874362900, -2.152500000000000300 ) ) ;
#915 = DIRECTION ( 'NONE',  ( -0.9975640502598246400, 0.06975647374411934900, 0.0000000000000000000 ) ) ;
#916 = ORIENTED_EDGE ( 'NONE', *, *, #5895, .T. ) ;
#917 = MANIFOLD_SOLID_BREP ( 'Pin 1', #2417 ) ;
#918 =( NAMED_UNIT ( * ) SI_UNIT ( $, .STERADIAN. ) SOLID_ANGLE_UNIT ( ) );
#919 = VERTEX_POINT ( 'NONE', #4999 ) ;
#920 = EDGE_LOOP ( 'NONE', ( #967, #5628, #7225, #2224 ) ) ;
#921 = CYLINDRICAL_SURFACE ( 'NONE', #6747, 0.07200972701257432600 ) ;
#922 = DIRECTION ( 'NONE',  ( -0.0000000000000000000, -0.0000000000000000000, -1.000000000000000000 ) ) ;
#923 = AXIS2_PLACEMENT_3D ( 'NONE', #4804, #5898, #5386 ) ;
#924 = DIRECTION ( 'NONE',  ( -0.0000000000000000000, -0.0000000000000000000, -1.000000000000000000 ) ) ;
#925 = EDGE_LOOP ( 'NONE', ( #1836, #6498, #5301, #1545 ) ) ;
#926 = DIRECTION ( 'NONE',  ( 0.0000000000000000000, -1.000000000000000000, 0.0000000000000000000 ) ) ;
#927 = EDGE_LOOP ( 'NONE', ( #7402, #6407, #1599, #554 ) ) ;
#928 = FACE_OUTER_BOUND ( 'NONE', #166, .T. ) ;
#929 = DIRECTION ( 'NONE',  ( -0.9975640502598246400, 0.06975647374411934900, 0.0000000000000000000 ) ) ;
#930 = ADVANCED_FACE ( 'NONE', ( #2327 ), #7079, .F. ) ;
#931 = CARTESIAN_POINT ( 'NONE',  ( 2.200000000000001100, 0.6999999999999905200, -0.2025000000000004300 ) ) ;
#932 = EDGE_CURVE ( 'NONE', #3157, #7207, #2854, .T. ) ;
#933 = ORIENTED_EDGE ( 'NONE', *, *, #406, .T. ) ;
#934 = CARTESIAN_POINT ( 'NONE',  ( -2.502990272987425600, 0.4779902729874362900, 0.8524999999999994800 ) ) ;
#935 = LINE ( 'NONE', #4664, #4693 ) ;
#936 = CARTESIAN_POINT ( 'NONE',  ( -2.791986582380880500, 0.1781656850632323000, 1.747499999999999400 ) ) ;
#937 = ORIENTED_EDGE ( 'NONE', *, *, #6614, .F. ) ;
#938 = VECTOR ( 'NONE', #3121, 1000.000000000000000 ) ;
#939 = DIRECTION ( 'NONE',  ( 0.0000000000000000000, 1.000000000000000000, 0.0000000000000000000 ) ) ;
#940 = PLANE ( 'NONE',  #3200 ) ;
#941 = VERTEX_POINT ( 'NONE', #2144 ) ;
#942 = LINE ( 'NONE', #3931, #2628 ) ;
#943 = CARTESIAN_POINT ( 'NONE',  ( 2.575000000000000200, 0.2500000000000000000, -0.8525000000000003700 ) ) ;
#944 = EDGE_CURVE ( 'NONE', #3998, #413, #6194, .T. ) ;
#945 = VECTOR ( 'NONE', #3333, 1000.000000000000000 ) ;
#946 = FACE_OUTER_BOUND ( 'NONE', #2374, .T. ) ;
#947 = ORIENTED_EDGE ( 'NONE', *, *, #3749, .F. ) ;
#948 = CARTESIAN_POINT ( 'NONE',  ( -2.791986582380880500, 0.1781656850632323000, 2.152499999999999900 ) ) ;
#949 = DIRECTION ( 'NONE',  ( -0.0000000000000000000, -0.0000000000000000000, -1.000000000000000000 ) ) ;
#950 = LINE ( 'NONE', #5190, #5162 ) ;
#951 = ORIENTED_EDGE ( 'NONE', *, *, #7293, .T. ) ;
#952 = PLANE ( 'NONE',  #6529 ) ;
#953 = EDGE_LOOP ( 'NONE', ( #3591, #1011, #1941, #6144 ) ) ;
#954 = FILL_AREA_STYLE_COLOUR ( '', #4269 ) ;
#955 = EDGE_CURVE ( 'NONE', #6006, #1914, #639, .T. ) ;
#956 = DIRECTION ( 'NONE',  ( 0.9975640502598246400, -0.06975647374411936300, -0.0000000000000000000 ) ) ;
#957 = LINE ( 'NONE', #7362, #3628 ) ;
#958 = STYLED_ITEM ( 'NONE', ( #4689 ), #3239 ) ;
#959 = FACE_OUTER_BOUND ( 'NONE', #360, .T. ) ;
#960 = VERTEX_POINT ( 'NONE', #3469 ) ;
#961 = CARTESIAN_POINT ( 'NONE',  ( -2.200000000000001100, 0.5500000000000105900, 2.500000000000002700 ) ) ;
#962 = CARTESIAN_POINT ( 'NONE',  ( 2.502990272987425600, 0.4779902729874362900, 0.2024999999999995700 ) ) ;
#963 = CARTESIAN_POINT ( 'NONE',  ( 2.724999999999980500, 0.4779902729874362400, -1.747500000000000300 ) ) ;
#964 = FACE_OUTER_BOUND ( 'NONE', #3787, .T. ) ;
#965 = CARTESIAN_POINT ( 'NONE',  ( -3.200000000000000200, 0.1496346075389538600, -1.747500000000000300 ) ) ;
#966 = ORIENTED_EDGE ( 'NONE', *, *, #7226, .T. ) ;
#967 = ORIENTED_EDGE ( 'NONE', *, *, #5663, .T. ) ;
#968 = ADVANCED_FACE ( 'NONE', ( #1601 ), #32, .F. ) ;
#969 = DIRECTION ( 'NONE',  ( 1.000000000000000000, 0.0000000000000000000, 0.0000000000000000000 ) ) ;
#970 = CARTESIAN_POINT ( 'NONE',  ( -3.189536528938383700, -3.794707603699265500E-016, -0.2025000000000004300 ) ) ;
#971 = CIRCLE ( 'NONE', #5921, 0.2220097270125543400 ) ;
#972 = CARTESIAN_POINT ( 'NONE',  ( -2.200000000000001100, 0.5500000000000105900, 1.747499999999999400 ) ) ;
#973 = DIRECTION ( 'NONE',  ( -0.0000000000000000000, -0.0000000000000000000, -1.000000000000000000 ) ) ;
#974 = LINE ( 'NONE', #3594, #1584 ) ;
#975 = ORIENTED_EDGE ( 'NONE', *, *, #2243, .F. ) ;
#976 = CARTESIAN_POINT ( 'NONE',  ( 2.797009727012554200, 0.2500000000000000000, -1.097500000000000400 ) ) ;
#977 = EDGE_CURVE ( 'NONE', #3116, #779, #804, .T. ) ;
#978 = VECTOR ( 'NONE', #149, 1000.000000000000000 ) ;
#979 = EDGE_CURVE ( 'NONE', #6108, #2740, #6293, .T. ) ;
#980 = DIRECTION ( 'NONE',  ( -0.0000000000000000000, -0.0000000000000000000, -1.000000000000000000 ) ) ;
#981 = ORIENTED_EDGE ( 'NONE', *, *, #1788, .F. ) ;
#982 = PRODUCT_RELATED_PRODUCT_CATEGORY ( 'part', '', ( #1582 ) ) ;
#983 = COLOUR_RGB ( '',0.7921568627450980000, 0.8196078431372548800, 0.9333333333333333500 ) ;
#984 = ORIENTED_EDGE ( 'NONE', *, *, #3152, .F. ) ;
#985 = CARTESIAN_POINT ( 'NONE',  ( -2.200000000000001100, 8.860330322138688400, 2.500000000000002700 ) ) ;
#986 = PLANE ( 'NONE',  #2870 ) ;
#987 = DIRECTION ( 'NONE',  ( 0.0000000000000000000, 0.0000000000000000000, 1.000000000000000000 ) ) ;
#988 = VECTOR ( 'NONE', #3336, 1000.000000000000000 ) ;
#989 = ORIENTED_EDGE ( 'NONE', *, *, #4512, .F. ) ;
#990 = ORIENTED_EDGE ( 'NONE', *, *, #482, .T. ) ;
#991 = EDGE_CURVE ( 'NONE', #388, #1777, #4278, .T. ) ;
#992 = DIRECTION ( 'NONE',  ( 1.000000000000000000, 0.0000000000000000000, 0.0000000000000000000 ) ) ;
#993 = AXIS2_PLACEMENT_3D ( 'NONE', #1958, #3674, #260 ) ;
#994 = CARTESIAN_POINT ( 'NONE',  ( 0.0000000000000000000, 0.0000000000000000000, 0.0000000000000000000 ) ) ;
#995 = CARTESIAN_POINT ( 'NONE',  ( 2.502990272987425600, 0.5500000000000105900, -2.152500000000000300 ) ) ;
#996 = CYLINDRICAL_SURFACE ( 'NONE', #4614, 0.2220097270125543400 ) ;
#997 = ORIENTED_EDGE ( 'NONE', *, *, #4386, .T. ) ;
#998 = CARTESIAN_POINT ( 'NONE',  ( -2.791986582380880500, 0.1781656850632323000, 1.747499999999999400 ) ) ;
#999 = CARTESIAN_POINT ( 'NONE',  ( -3.189536528938383700, -3.794707603699265500E-016, 1.747499999999999400 ) ) ;
#1000 = CARTESIAN_POINT ( 'NONE',  ( 2.200000000000001100, 0.5500000000000105900, -0.8525000000000003700 ) ) ;
#1001 = EDGE_CURVE ( 'NONE', #5531, #2340, #5014, .T. ) ;
#1002 = EDGE_CURVE ( 'NONE', #5702, #1759, #3827, .T. ) ;
#1003 = VERTEX_POINT ( 'NONE', #2858 ) ;
#1004 = ORIENTED_EDGE ( 'NONE', *, *, #2009, .F. ) ;
#1005 = AXIS2_PLACEMENT_3D ( 'NONE', #6394, #6889, #611 ) ;
#1006 = DIRECTION ( 'NONE',  ( 1.000000000000000000, 0.0000000000000000000, -1.971276677246371500E-016 ) ) ;
#1007 = ADVANCED_FACE ( 'NONE', ( #6459 ), #4560, .F. ) ;
#1008 = CARTESIAN_POINT ( 'NONE',  ( -2.724999999999980500, 0.2500000000000000000, -1.502500000000000400 ) ) ;
#1009 = VERTEX_POINT ( 'NONE', #1714 ) ;
#1010 = ORIENTED_EDGE ( 'NONE', *, *, #1737, .F. ) ;
#1011 = ORIENTED_EDGE ( 'NONE', *, *, #7249, .F. ) ;
#1012 = DIRECTION ( 'NONE',  ( -1.000000000000000000, 0.0000000000000000000, 0.0000000000000000000 ) ) ;
#1013 = EDGE_CURVE ( 'NONE', #5690, #4662, #3916, .T. ) ;
#1014 = CARTESIAN_POINT ( 'NONE',  ( -2.724999999999980100, 0.4779902729874363500, 2.397500000000000000 ) ) ;
#1015 = AXIS2_PLACEMENT_3D ( 'NONE', #4312, #398, #2615 ) ;
#1016 = DIRECTION ( 'NONE',  ( 1.000000000000000000, 0.0000000000000000000, 0.0000000000000000000 ) ) ;
#1017 = ORIENTED_EDGE ( 'NONE', *, *, #1194, .F. ) ;
#1018 = DIRECTION ( 'NONE',  ( -0.0000000000000000000, -0.0000000000000000000, -1.000000000000000000 ) ) ;
#1019 = ORIENTED_EDGE ( 'NONE', *, *, #6515, .F. ) ;
#1020 = VERTEX_POINT ( 'NONE', #2241 ) ;
#1021 = VECTOR ( 'NONE', #841, 1000.000000000000000 ) ;
#1022 = FILL_AREA_STYLE_COLOUR ( '', #4255 ) ;
#1023 = DIRECTION ( 'NONE',  ( -0.0000000000000000000, 0.0000000000000000000, -1.000000000000000000 ) ) ;
#1024 = VERTEX_POINT ( 'NONE', #1172 ) ;
#1025 = DIRECTION ( 'NONE',  ( -0.0000000000000000000, 1.000000000000000000, -0.0000000000000000000 ) ) ;
#1026 = VERTEX_POINT ( 'NONE', #6272 ) ;
#1027 = LINE ( 'NONE', #4524, #6412 ) ;
#1028 = AXIS2_PLACEMENT_3D ( 'NONE', #3363, #7286, #442 ) ;
#1029 = DIRECTION ( 'NONE',  ( 0.0000000000000000000, 0.0000000000000000000, 1.000000000000000000 ) ) ;
#1030 = ORIENTED_EDGE ( 'NONE', *, *, #7372, .F. ) ;
#1031 = VECTOR ( 'NONE', #3451, 1000.000000000000000 ) ;
#1032 = ORIENTED_EDGE ( 'NONE', *, *, #5712, .T. ) ;
#1033 = DIRECTION ( 'NONE',  ( 0.0000000000000000000, -1.000000000000000000, 0.0000000000000000000 ) ) ;
#1034 = LINE ( 'NONE', #4432, #1212 ) ;
#1035 = EDGE_CURVE ( 'NONE', #5296, #3578, #6724, .T. ) ;
#1036 = AXIS2_PLACEMENT_3D ( 'NONE', #4491, #2844, #4565 ) ;
#1037 = CARTESIAN_POINT ( 'NONE',  ( -2.200000000000001100, 0.5500000000000105900, 0.2024999999999995700 ) ) ;
#1038 = FACE_OUTER_BOUND ( 'NONE', #4770, .T. ) ;
#1039 = DIRECTION ( 'NONE',  ( 0.9975640502598247500, 0.06975647374411825300, 0.0000000000000000000 ) ) ;
#1040 = CARTESIAN_POINT ( 'NONE',  ( 2.575000000000000200, 0.2500000000000000000, 0.2024999999999995700 ) ) ;
#1041 = LINE ( 'NONE', #1811, #5342 ) ;
#1042 = ORIENTED_EDGE ( 'NONE', *, *, #3645, .T. ) ;
#1043 = APPLICATION_CONTEXT ( 'automotive_design' ) ;
#1044 = ORIENTED_EDGE ( 'NONE', *, *, #2454, .F. ) ;
#1045 = ADVANCED_FACE ( 'NONE', ( #540 ), #4549, .F. ) ;
#1046 = DIRECTION ( 'NONE',  ( -0.0000000000000000000, -0.0000000000000000000, -1.000000000000000000 ) ) ;
#1047 = EDGE_CURVE ( 'NONE', #3280, #4735, #2052, .T. ) ;
#1048 = LINE ( 'NONE', #1950, #320 ) ;
#1049 = CARTESIAN_POINT ( 'NONE',  ( 2.200000000000001100, 0.6999999999999905200, 0.4474999999999995600 ) ) ;
#1050 = VECTOR ( 'NONE', #6647, 1000.000000000000000 ) ;
#1051 = ORIENTED_EDGE ( 'NONE', *, *, #6526, .F. ) ;
#1052 = CARTESIAN_POINT ( 'NONE',  ( -3.189536528938383700, -3.794707603699265500E-016, -2.397500000000000400 ) ) ;
#1053 = VERTEX_POINT ( 'NONE', #5178 ) ;
#1054 = FILL_AREA_STYLE_COLOUR ( '', #5707 ) ;
#1055 = DIRECTION ( 'NONE',  ( 0.0000000000000000000, -0.0000000000000000000, 1.000000000000000000 ) ) ;
#1056 = VECTOR ( 'NONE', #2074, 1000.000000000000000 ) ;
#1057 = VERTEX_POINT ( 'NONE', #5102 ) ;
#1058 = EDGE_CURVE ( 'NONE', #6213, #4034, #7453, .T. ) ;
#1059 = CARTESIAN_POINT ( 'NONE',  ( 3.200000000000000200, 0.1496346075389538600, 2.397500000000000000 ) ) ;
#1060 = UNCERTAINTY_MEASURE_WITH_UNIT (LENGTH_MEASURE( 1.000000000000000100E-005 ), #6099, 'distance_accuracy_value', 'NONE');
#1061 = VECTOR ( 'NONE', #4414, 1000.000000000000000 ) ;
#1062 = CARTESIAN_POINT ( 'NONE',  ( 2.791986582380880500, 0.1781656850632321000, 0.8524999999999994800 ) ) ;
#1063 = LINE ( 'NONE', #3501, #1768 ) ;
#1064 = ORIENTED_EDGE ( 'NONE', *, *, #7293, .F. ) ;
#1065 = CARTESIAN_POINT ( 'NONE',  ( 2.575000000000000200, 0.2500000000000000000, -1.097500000000000400 ) ) ;
#1066 = CARTESIAN_POINT ( 'NONE',  ( -2.797009727012554200, 0.2500000000000000000, -0.4475000000000004000 ) ) ;
#1067 = CARTESIAN_POINT ( 'NONE',  ( -2.724999999999980500, 0.4779902729874362400, 0.2024999999999995700 ) ) ;
#1068 = LINE ( 'NONE', #6077, #5095 ) ;
#1069 = CYLINDRICAL_SURFACE ( 'NONE', #4327, 0.07200972701257388200 ) ;
#1070 = ORIENTED_EDGE ( 'NONE', *, *, #6119, .F. ) ;
#1071 = DIRECTION ( 'NONE',  ( 0.0000000000000000000, 1.000000000000000000, 0.0000000000000000000 ) ) ;
#1072 = CARTESIAN_POINT ( 'NONE',  ( 2.575000000000000200, 0.2500000000000000000, -2.397500000000000400 ) ) ;
#1073 = DIRECTION ( 'NONE',  ( -0.0000000000000000000, -0.0000000000000000000, -1.000000000000000000 ) ) ;
#1074 = CIRCLE ( 'NONE', #6346, 0.07200972701257388200 ) ;
#1075 = ORIENTED_EDGE ( 'NONE', *, *, #3332, .F. ) ;
#1076 = VECTOR ( 'NONE', #6297, 1000.000000000000000 ) ;
#1077 = ORIENTED_EDGE ( 'NONE', *, *, #5583, .T. ) ;
#1078 = EDGE_CURVE ( 'NONE', #150, #7331, #797, .T. ) ;
#1079 = EDGE_CURVE ( 'NONE', #3280, #3045, #4729, .T. ) ;
#1080 = DIRECTION ( 'NONE',  ( -0.0000000000000000000, -0.0000000000000000000, -1.000000000000000000 ) ) ;
#1081 = DIRECTION ( 'NONE',  ( 1.000000000000000000, 0.0000000000000000000, 0.0000000000000000000 ) ) ;
#1082 = ADVANCED_FACE ( 'NONE', ( #5194 ), #2491, .T. ) ;
#1083 = DIRECTION ( 'NONE',  ( 0.9975640502598246400, -0.06975647374411936300, -0.0000000000000000000 ) ) ;
#1084 = LINE ( 'NONE', #704, #2506 ) ;
#1085 = EDGE_LOOP ( 'NONE', ( #3409, #3017, #2432, #2407 ) ) ;
#1086 = CARTESIAN_POINT ( 'NONE',  ( -2.502990272987425600, 0.4779902729874362900, -2.397500000000000400 ) ) ;
#1087 = SURFACE_SIDE_STYLE ('',( #4125 ) ) ;
#1088 = EDGE_CURVE ( 'NONE', #960, #5964, #3024, .T. ) ;
#1089 = CARTESIAN_POINT ( 'NONE',  ( 3.189536528938383700, -3.794707603699265500E-016, -0.8525000000000003700 ) ) ;
#1090 = AXIS2_PLACEMENT_3D ( 'NONE', #3664, #6525, #2594 ) ;
#1091 = VECTOR ( 'NONE', #2787, 1000.000000000000000 ) ;
#1092 = VERTEX_POINT ( 'NONE', #6341 ) ;
#1093 = VERTEX_POINT ( 'NONE', #6912 ) ;
#1094 = EDGE_CURVE ( 'NONE', #7405, #2750, #634, .T. ) ;
#1095 = EDGE_CURVE ( 'NONE', #1683, #6672, #6102, .T. ) ;
#1096 = DIRECTION ( 'NONE',  ( -0.0000000000000000000, -0.0000000000000000000, -1.000000000000000000 ) ) ;
#1097 = ORIENTED_EDGE ( 'NONE', *, *, #522, .T. ) ;
#1098 = ORIENTED_EDGE ( 'NONE', *, *, #1561, .F. ) ;
#1099 = ORIENTED_EDGE ( 'NONE', *, *, #224, .F. ) ;
#1100 = PLANE ( 'NONE',  #1964 ) ;
#1101 = LINE ( 'NONE', #7283, #6753 ) ;
#1102 = ORIENTED_EDGE ( 'NONE', *, *, #2231, .T. ) ;
#1103 = CARTESIAN_POINT ( 'NONE',  ( 2.791986582380880500, 0.1781656850632321000, 1.097499999999999500 ) ) ;
#1104 = ORIENTED_EDGE ( 'NONE', *, *, #2769, .T. ) ;
#1105 = VECTOR ( 'NONE', #5647, 1000.000000000000000 ) ;
#1106 = DIRECTION ( 'NONE',  ( 0.9975640502598247500, 0.06975647374411851600, -0.0000000000000000000 ) ) ;
#1107 = AXIS2_PLACEMENT_3D ( 'NONE', #961, #1596, #6752 ) ;
#1108 = ORIENTED_EDGE ( 'NONE', *, *, #4301, .F. ) ;
#1109 = ORIENTED_EDGE ( 'NONE', *, *, #3839, .F. ) ;
#1110 = LINE ( 'NONE', #2437, #2983 ) ;
#1111 = ORIENTED_EDGE ( 'NONE', *, *, #79, .T. ) ;
#1112 = ADVANCED_FACE ( 'NONE', ( #1691 ), #5303, .F. ) ;
#1113 = LINE ( 'NONE', #5841, #1909 ) ;
#1114 = FILL_AREA_STYLE ('',( #1709 ) ) ;
#1115 = PLANE ( 'NONE',  #3142 ) ;
#1116 = DIRECTION ( 'NONE',  ( -0.0000000000000000000, -0.0000000000000000000, -1.000000000000000000 ) ) ;
#1117 = AXIS2_PLACEMENT_3D ( 'NONE', #1631, #523, #5656 ) ;
#1118 = LINE ( 'NONE', #2961, #590 ) ;
#1119 = CIRCLE ( 'NONE', #6275, 0.07200972701257432600 ) ;
#1120 = LINE ( 'NONE', #3228, #4143 ) ;
#1121 = CARTESIAN_POINT ( 'NONE',  ( -3.200000000000000200, 0.1496346075389538600, 1.097499999999999500 ) ) ;
#1122 = ADVANCED_FACE ( 'NONE', ( #6547 ), #168, .T. ) ;
#1123 = VERTEX_POINT ( 'NONE', #1286 ) ;
#1124 = DIRECTION ( 'NONE',  ( -0.0000000000000000000, -0.0000000000000000000, -1.000000000000000000 ) ) ;
#1125 = DIRECTION ( 'NONE',  ( -0.0000000000000000000, -0.0000000000000000000, -1.000000000000000000 ) ) ;
#1126 = PLANE ( 'NONE',  #1695 ) ;
#1127 = VECTOR ( 'NONE', #4296, 1000.000000000000000 ) ;
#1128 = EDGE_CURVE ( 'NONE', #2261, #7438, #5551, .T. ) ;
#1129 = FACE_OUTER_BOUND ( 'NONE', #1272, .T. ) ;
#1130 = ORIENTED_EDGE ( 'NONE', *, *, #4290, .T. ) ;
#1131 = PLANE ( 'NONE',  #6111 ) ;
#1132 = ORIENTED_EDGE ( 'NONE', *, *, #2608, .T. ) ;
#1133 = FILL_AREA_STYLE_COLOUR ( '', #3154 ) ;
#1134 = CARTESIAN_POINT ( 'NONE',  ( -2.797009727012554200, 0.2500000000000000000, 2.152499999999999900 ) ) ;
#1135 = CARTESIAN_POINT ( 'NONE',  ( 2.791986582380880500, 0.1781656850632321000, -1.747500000000000300 ) ) ;
#1136 = VECTOR ( 'NONE', #1760, 1000.000000000000000 ) ;
#1137 = ORIENTED_EDGE ( 'NONE', *, *, #3760, .T. ) ;
#1138 = FACE_OUTER_BOUND ( 'NONE', #1399, .T. ) ;
#1139 = ORIENTED_EDGE ( 'NONE', *, *, #5204, .F. ) ;
#1140 = DIRECTION ( 'NONE',  ( -0.0000000000000000000, -0.0000000000000000000, -1.000000000000000000 ) ) ;
#1141 = EDGE_CURVE ( 'NONE', #3588, #6409, #5468, .T. ) ;
#1142 = CARTESIAN_POINT ( 'NONE',  ( 2.797009727012554200, 0.2500000000000000000, 1.747499999999999400 ) ) ;
#1143 = LINE ( 'NONE', #6792, #1503 ) ;
#1144 = DIRECTION ( 'NONE',  ( -0.0000000000000000000, -0.0000000000000000000, -1.000000000000000000 ) ) ;
#1145 = FILL_AREA_STYLE_COLOUR ( '', #5724 ) ;
#1146 = AXIS2_PLACEMENT_3D ( 'NONE', #4971, #5046, #2068 ) ;
#1147 = VECTOR ( 'NONE', #5203, 1000.000000000000000 ) ;
#1148 = ORIENTED_EDGE ( 'NONE', *, *, #1079, .T. ) ;
#1149 = MANIFOLD_SOLID_BREP ( 'LPattern1[8]', #1568 ) ;
#1150 = LINE ( 'NONE', #6301, #5185 ) ;
#1151 = DIRECTION ( 'NONE',  ( 0.0000000000000000000, 0.0000000000000000000, 1.000000000000000000 ) ) ;
#1152 = DIRECTION ( 'NONE',  ( 1.000000000000000000, 0.0000000000000000000, -0.0000000000000000000 ) ) ;
#1153 = EDGE_CURVE ( 'NONE', #1275, #6116, #1518, .T. ) ;
#1154 = VECTOR ( 'NONE', #1448, 1000.000000000000000 ) ;
#1155 = ORIENTED_EDGE ( 'NONE', *, *, #7045, .F. ) ;
#1156 = ADVANCED_FACE ( 'NONE', ( #2760 ), #5288, .F. ) ;
#1157 = DIRECTION ( 'NONE',  ( -0.0000000000000000000, -0.0000000000000000000, -1.000000000000000000 ) ) ;
#1158 = AXIS2_PLACEMENT_3D ( 'NONE', #3278, #5547, #4885 ) ;
#1159 = DIRECTION ( 'NONE',  ( -1.000000000000000000, 0.0000000000000000000, 0.0000000000000000000 ) ) ;
#1160 = DIRECTION ( 'NONE',  ( 1.000000000000000000, 0.0000000000000000000, 0.0000000000000000000 ) ) ;
#1161 = LINE ( 'NONE', #3406, #2488 ) ;
#1162 = CARTESIAN_POINT ( 'NONE',  ( -2.502990272987425600, 0.4779902729874362900, -1.502500000000000400 ) ) ;
#1163 = VERTEX_POINT ( 'NONE', #6414 ) ;
#1164 = CARTESIAN_POINT ( 'NONE',  ( 3.200000000000000200, 0.1496346075389538600, -0.2025000000000004300 ) ) ;
#1165 = LINE ( 'NONE', #5352, #2229 ) ;
#1166 = ORIENTED_EDGE ( 'NONE', *, *, #2990, .F. ) ;
#1167 = CARTESIAN_POINT ( 'NONE',  ( 2.575000000000000200, 0.2500000000000000000, 1.097499999999999500 ) ) ;
#1168 = CIRCLE ( 'NONE', #6968, 0.07200972701257432600 ) ;
#1169 = ORIENTED_EDGE ( 'NONE', *, *, #3958, .F. ) ;
#1170 = ORIENTED_EDGE ( 'NONE', *, *, #2788, .F. ) ;
#1171 = SURFACE_SIDE_STYLE ('',( #219 ) ) ;
#1172 = CARTESIAN_POINT ( 'NONE',  ( -2.724999999999980100, 0.4779902729874363500, -0.2025000000000004300 ) ) ;
#1173 = FACE_OUTER_BOUND ( 'NONE', #1322, .T. ) ;
#1174 = VERTEX_POINT ( 'NONE', #6444 ) ;
#1175 = PLANE ( 'NONE',  #3813 ) ;
#1176 = EDGE_CURVE ( 'NONE', #1618, #3002, #3648, .T. ) ;
#1177 = AXIS2_PLACEMENT_3D ( 'NONE', #6351, #2941, #4054 ) ;
#1178 = CARTESIAN_POINT ( 'NONE',  ( 2.502990272987425600, 0.4779902729874362900, 1.502499999999999500 ) ) ;
#1179 = ORIENTED_EDGE ( 'NONE', *, *, #2737, .T. ) ;
#1180 = EDGE_LOOP ( 'NONE', ( #6406, #1706, #6055, #2015 ) ) ;
#1181 = EDGE_CURVE ( 'NONE', #1683, #339, #2663, .T. ) ;
#1182 = CARTESIAN_POINT ( 'NONE',  ( -2.575000000000000200, 0.2500000000000000000, -2.152500000000000300 ) ) ;
#1183 = ORIENTED_EDGE ( 'NONE', *, *, #7224, .F. ) ;
#1184 = EDGE_LOOP ( 'NONE', ( #7025, #3737, #3880, #3234 ) ) ;
#1185 = ORIENTED_EDGE ( 'NONE', *, *, #6332, .F. ) ;
#1186 = ADVANCED_FACE ( 'NONE', ( #5006 ), #892, .F. ) ;
#1187 = CARTESIAN_POINT ( 'NONE',  ( 2.200000000000001100, 0.6999999999999905200, -2.397500000000000400 ) ) ;
#1188 = CARTESIAN_POINT ( 'NONE',  ( 2.200000000000001100, 0.6999999999999905200, 2.152499999999999900 ) ) ;
#1189 = DIRECTION ( 'NONE',  ( -0.0000000000000000000, -0.0000000000000000000, -1.000000000000000000 ) ) ;
#1190 = ORIENTED_EDGE ( 'NONE', *, *, #416, .F. ) ;
#1191 = PLANE ( 'NONE',  #3277 ) ;
#1192 = EDGE_LOOP ( 'NONE', ( #4740, #1170, #7358, #4951 ) ) ;
#1193 = VERTEX_POINT ( 'NONE', #2433 ) ;
#1194 = EDGE_CURVE ( 'NONE', #1972, #919, #3736, .T. ) ;
#1195 = LINE ( 'NONE', #1910, #5958 ) ;
#1196 = ADVANCED_FACE ( 'NONE', ( #717 ), #1191, .F. ) ;
#1197 = AXIS2_PLACEMENT_3D ( 'NONE', #646, #5120, #2849 ) ;
#1198 = CARTESIAN_POINT ( 'NONE',  ( 2.791986582380880500, 0.1781656850632321000, 2.152499999999999900 ) ) ;
#1199 = VERTEX_POINT ( 'NONE', #4117 ) ;
#1200 = ORIENTED_EDGE ( 'NONE', *, *, #4186, .F. ) ;
#1201 = VECTOR ( 'NONE', #3322, 1000.000000000000000 ) ;
#1202 = DIRECTION ( 'NONE',  ( -0.0000000000000000000, -0.0000000000000000000, -1.000000000000000000 ) ) ;
#1203 = CARTESIAN_POINT ( 'NONE',  ( 2.200000000000001100, 0.5500000000000105900, -1.747500000000000300 ) ) ;
#1204 = CARTESIAN_POINT ( 'NONE',  ( 2.199999999999999300, 0.5500000000000105900, -2.499999999999998200 ) ) ;
#1205 = DIRECTION ( 'NONE',  ( 1.000000000000000000, 0.0000000000000000000, 0.0000000000000000000 ) ) ;
#1206 = VERTEX_POINT ( 'NONE', #5819 ) ;
#1207 = FACE_OUTER_BOUND ( 'NONE', #4924, .T. ) ;
#1208 = CARTESIAN_POINT ( 'NONE',  ( 2.724999999999980500, 0.2500000000000000000, -1.502500000000000400 ) ) ;
#1209 = VERTEX_POINT ( 'NONE', #2361 ) ;
#1210 = LINE ( 'NONE', #5572, #6773 ) ;
#1211 = DIRECTION ( 'NONE',  ( -1.000000000000000000, 0.0000000000000000000, 0.0000000000000000000 ) ) ;
#1212 = VECTOR ( 'NONE', #5025, 1000.000000000000000 ) ;
#1213 = PLANE ( 'NONE',  #5877 ) ;
#1214 = VECTOR ( 'NONE', #18, 1000.000000000000100 ) ;
#1215 = CARTESIAN_POINT ( 'NONE',  ( 2.797009727012554200, 0.2500000000000000000, -2.152500000000000300 ) ) ;
#1216 = CARTESIAN_POINT ( 'NONE',  ( 2.502990272987425600, 0.5500000000000105900, 2.397500000000000000 ) ) ;
#1217 = SURFACE_SIDE_STYLE ('',( #4621 ) ) ;
#1218 = ORIENTED_EDGE ( 'NONE', *, *, #3817, .F. ) ;
#1219 = EDGE_CURVE ( 'NONE', #6409, #779, #5648, .T. ) ;
#1220 =( NAMED_UNIT ( * ) SI_UNIT ( $, .STERADIAN. ) SOLID_ANGLE_UNIT ( ) );
#1221 = ORIENTED_EDGE ( 'NONE', *, *, #4878, .F. ) ;
#1222 = EDGE_CURVE ( 'NONE', #1199, #187, #1165, .T. ) ;
#1223 = FACE_OUTER_BOUND ( 'NONE', #1426, .T. ) ;
#1224 = VECTOR ( 'NONE', #7398, 1000.000000000000000 ) ;
#1225 = ORIENTED_EDGE ( 'NONE', *, *, #5774, .F. ) ;
#1226 = DIRECTION ( 'NONE',  ( 1.000000000000000000, -0.0000000000000000000, -0.0000000000000000000 ) ) ;
#1227 = ORIENTED_EDGE ( 'NONE', *, *, #2298, .T. ) ;
#1228 = EDGE_CURVE ( 'NONE', #1020, #3414, #2587, .T. ) ;
#1229 = CIRCLE ( 'NONE', #7462, 0.2220097270125543400 ) ;
#1230 = AXIS2_PLACEMENT_3D ( 'NONE', #606, #2316, #5710 ) ;
#1231 = ORIENTED_EDGE ( 'NONE', *, *, #6156, .T. ) ;
#1232 = CARTESIAN_POINT ( 'NONE',  ( -2.797009727012554200, 0.2500000000000000000, -0.2025000000000004300 ) ) ;
#1233 = CARTESIAN_POINT ( 'NONE',  ( 2.502990272987425600, 0.5500000000000105900, -0.2025000000000004300 ) ) ;
#1234 = PLANE ( 'NONE',  #6999 ) ;
#1235 = ADVANCED_FACE ( 'NONE', ( #5106 ), #735, .F. ) ;
#1236 = VECTOR ( 'NONE', #2782, 1000.000000000000000 ) ;
#1237 = EDGE_CURVE ( 'NONE', #6311, #1982, #2044, .T. ) ;
#1238 = CIRCLE ( 'NONE', #5752, 0.2220097270125543400 ) ;
#1239 = ORIENTED_EDGE ( 'NONE', *, *, #3225, .F. ) ;
#1240 = CARTESIAN_POINT ( 'NONE',  ( -2.502990272987425600, 0.5500000000000105900, -0.8525000000000003700 ) ) ;
#1241 = EDGE_CURVE ( 'NONE', #2128, #5964, #5642, .T. ) ;
#1242 = CARTESIAN_POINT ( 'NONE',  ( 3.189536528938383700, -3.794707603699265500E-016, -2.152500000000000300 ) ) ;
#1243 = CARTESIAN_POINT ( 'NONE',  ( 3.200000000000000200, 0.1496346075389538600, 2.397500000000000000 ) ) ;
#1244 = AXIS2_PLACEMENT_3D ( 'NONE', #1687, #6242, #2189 ) ;
#1245 = CARTESIAN_POINT ( 'NONE',  ( -2.575000000000000200, 0.2500000000000000000, -2.152500000000000300 ) ) ;
#1246 = LINE ( 'NONE', #5464, #1588 ) ;
#1247 = ORIENTED_EDGE ( 'NONE', *, *, #5712, .F. ) ;
#1248 = FACE_OUTER_BOUND ( 'NONE', #426, .T. ) ;
#1249 = EDGE_LOOP ( 'NONE', ( #6354, #4123, #661, #545 ) ) ;
#1250 = DIRECTION ( 'NONE',  ( -0.1294283079955606500, -0.9831056027603608500, -0.1294283079955605700 ) ) ;
#1251 = CARTESIAN_POINT ( 'NONE',  ( 2.724999999999980500, 0.4779902729874362400, -0.2025000000000004300 ) ) ;
#1252 = EDGE_CURVE ( 'NONE', #5368, #7405, #7165, .T. ) ;
#1253 = VECTOR ( 'NONE', #2945, 1000.000000000000000 ) ;
#1254 = CARTESIAN_POINT ( 'NONE',  ( 2.724999999999980500, 0.4779902729874362400, 0.4474999999999995600 ) ) ;
#1255 = ORIENTED_EDGE ( 'NONE', *, *, #1478, .T. ) ;
#1256 = CARTESIAN_POINT ( 'NONE',  ( -2.502990272987425600, 0.5500000000000105900, -0.8525000000000003700 ) ) ;
#1257 = DIRECTION ( 'NONE',  ( -0.0000000000000000000, -0.0000000000000000000, -1.000000000000000000 ) ) ;
#1258 = DIRECTION ( 'NONE',  ( 1.000000000000000000, 0.0000000000000000000, 0.0000000000000000000 ) ) ;
#1259 = VERTEX_POINT ( 'NONE', #5425 ) ;
#1260 = CIRCLE ( 'NONE', #6324, 0.07200972701257432600 ) ;
#1261 = VERTEX_POINT ( 'NONE', #4222 ) ;
#1262 = DIRECTION ( 'NONE',  ( 0.9975640502598247500, 0.06975647374411851600, -0.0000000000000000000 ) ) ;
#1263 = AXIS2_PLACEMENT_3D ( 'NONE', #5520, #6129, #2134 ) ;
#1264 = DIRECTION ( 'NONE',  ( -1.000000000000000000, 0.0000000000000000000, 0.0000000000000000000 ) ) ;
#1265 = LINE ( 'NONE', #4982, #6473 ) ;
#1266 = ORIENTED_EDGE ( 'NONE', *, *, #4078, .T. ) ;
#1267 = DIRECTION ( 'NONE',  ( -1.000000000000000000, 0.0000000000000000000, 0.0000000000000000000 ) ) ;
#1268 = ADVANCED_FACE ( 'NONE', ( #5460 ), #2455, .F. ) ;
#1269 = EDGE_CURVE ( 'NONE', #2507, #5001, #6278, .T. ) ;
#1270 = AXIS2_PLACEMENT_3D ( 'NONE', #5563, #7302, #1570 ) ;
#1271 = VECTOR ( 'NONE', #5275, 1000.000000000000000 ) ;
#1272 = EDGE_LOOP ( 'NONE', ( #1397, #3520, #1098, #3212 ) ) ;
#1273 = ORIENTED_EDGE ( 'NONE', *, *, #4376, .F. ) ;
#1274 = DIRECTION ( 'NONE',  ( -0.0000000000000000000, -0.0000000000000000000, -1.000000000000000000 ) ) ;
#1275 = VERTEX_POINT ( 'NONE', #2558 ) ;
#1276 = ORIENTED_EDGE ( 'NONE', *, *, #5344, .T. ) ;
#1277 = CARTESIAN_POINT ( 'NONE',  ( 3.200000000000000200, 0.1496346075389538600, -1.502500000000000400 ) ) ;
#1278 = EDGE_CURVE ( 'NONE', #3056, #6574, #2656, .T. ) ;
#1279 = CARTESIAN_POINT ( 'NONE',  ( -2.200000000000001100, 0.5500000000000105900, 1.097499999999999500 ) ) ;
#1280 = ORIENTED_EDGE ( 'NONE', *, *, #1694, .T. ) ;
#1281 = ORIENTED_EDGE ( 'NONE', *, *, #3854, .F. ) ;
#1282 = CARTESIAN_POINT ( 'NONE',  ( 2.200000000000001100, 0.5500000000000105900, 2.397500000000000000 ) ) ;
#1283 = COLOUR_RGB ( '',0.7921568627450980000, 0.8196078431372548800, 0.9333333333333333500 ) ;
#1284 = DIRECTION ( 'NONE',  ( 0.9975640502598246400, 0.06975647374411936300, 0.0000000000000000000 ) ) ;
#1285 = CARTESIAN_POINT ( 'NONE',  ( 2.781523111319264400, 0.02853107752427827200, -0.4475000000000004000 ) ) ;
#1286 = CARTESIAN_POINT ( 'NONE',  ( -3.200000000000000200, 0.1496346075389538600, 0.4474999999999995600 ) ) ;
#1287 = ORIENTED_EDGE ( 'NONE', *, *, #2511, .F. ) ;
#1288 = EDGE_CURVE ( 'NONE', #7151, #3078, #3108, .T. ) ;
#1289 = FACE_OUTER_BOUND ( 'NONE', #2173, .T. ) ;
#1290 = ORIENTED_EDGE ( 'NONE', *, *, #6677, .T. ) ;
#1291 = VECTOR ( 'NONE', #7277, 1000.000000000000000 ) ;
#1292 = AXIS2_PLACEMENT_3D ( 'NONE', #4850, #7077, #207 ) ;
#1293 = CARTESIAN_POINT ( 'NONE',  ( 3.200000000000000200, 0.1496346075389538600, -2.397500000000000400 ) ) ;
#1294 = VERTEX_POINT ( 'NONE', #3098 ) ;
#1295 = DIRECTION ( 'NONE',  ( -0.9975640502598246400, -0.06975647374411934900, 0.0000000000000000000 ) ) ;
#1296 = VECTOR ( 'NONE', #2047, 1000.000000000000000 ) ;
#1297 = LINE ( 'NONE', #4856, #7040 ) ;
#1298 = LINE ( 'NONE', #2240, #2453 ) ;
#1299 = CARTESIAN_POINT ( 'NONE',  ( 2.791986582380880500, 0.1781656850632321000, -2.152500000000000300 ) ) ;
#1300 = ORIENTED_EDGE ( 'NONE', *, *, #4917, .T. ) ;
#1301 = CARTESIAN_POINT ( 'NONE',  ( -2.797009727012554200, 0.2500000000000000000, 2.397500000000000000 ) ) ;
#1302 = DIRECTION ( 'NONE',  ( 0.0000000000000000000, -1.000000000000000000, 0.0000000000000000000 ) ) ;
#1303 = DIRECTION ( 'NONE',  ( 1.000000000000000000, 0.0000000000000000000, 0.0000000000000000000 ) ) ;
#1304 = LINE ( 'NONE', #4768, #7140 ) ;
#1305 = ADVANCED_FACE ( 'NONE', ( #6456 ), #1069, .F. ) ;
#1306 = LINE ( 'NONE', #3877, #6608 ) ;
#1307 = ORIENTED_EDGE ( 'NONE', *, *, #5467, .F. ) ;
#1308 = ORIENTED_EDGE ( 'NONE', *, *, #4289, .T. ) ;
#1309 = DIRECTION ( 'NONE',  ( 0.0000000000000000000, -1.000000000000000000, 0.0000000000000000000 ) ) ;
#1310 = CYLINDRICAL_SURFACE ( 'NONE', #7265, 0.07200972701257432600 ) ;
#1311 = EDGE_CURVE ( 'NONE', #2612, #1678, #3294, .T. ) ;
#1312 = ORIENTED_EDGE ( 'NONE', *, *, #1767, .T. ) ;
#1313 = CARTESIAN_POINT ( 'NONE',  ( -3.189536528938383700, -3.794707603699265500E-016, -0.8525000000000003700 ) ) ;
#1314 = AXIS2_PLACEMENT_3D ( 'NONE', #3738, #2552, #5392 ) ;
#1315 = LINE ( 'NONE', #117, #5719 ) ;
#1316 = VERTEX_POINT ( 'NONE', #3071 ) ;
#1317 = ORIENTED_EDGE ( 'NONE', *, *, #675, .F. ) ;
#1318 = VECTOR ( 'NONE', #3377, 1000.000000000000000 ) ;
#1319 = DIRECTION ( 'NONE',  ( -0.0000000000000000000, -0.0000000000000000000, -1.000000000000000000 ) ) ;
#1320 = ORIENTED_EDGE ( 'NONE', *, *, #2383, .T. ) ;
#1321 = LINE ( 'NONE', #1711, #1147 ) ;
#1322 = EDGE_LOOP ( 'NONE', ( #3669, #4501, #466, #6193 ) ) ;
#1323 = EDGE_CURVE ( 'NONE', #2911, #776, #1327, .T. ) ;
#1324 = DIRECTION ( 'NONE',  ( -0.0000000000000000000, -0.0000000000000000000, -1.000000000000000000 ) ) ;
#1325 = VECTOR ( 'NONE', #5029, 1000.000000000000000 ) ;
#1326 = DIRECTION ( 'NONE',  ( -0.9975640502598247500, 0.06975647374411825300, -0.0000000000000000000 ) ) ;
#1327 = LINE ( 'NONE', #1383, #2223 ) ;
#1328 = ORIENTED_EDGE ( 'NONE', *, *, #3261, .T. ) ;
#1329 = DIRECTION ( 'NONE',  ( 0.0000000000000000000, 0.0000000000000000000, -1.000000000000000000 ) ) ;
#1330 = LINE ( 'NONE', #2444, #4179 ) ;
#1331 = CARTESIAN_POINT ( 'NONE',  ( -2.200000000000001100, 0.5500000000000105900, 2.500000000000002700 ) ) ;
#1332 = ORIENTED_EDGE ( 'NONE', *, *, #4725, .T. ) ;
#1333 = EDGE_CURVE ( 'NONE', #1592, #6006, #161, .T. ) ;
#1334 = VECTOR ( 'NONE', #1633, 1000.000000000000000 ) ;
#1335 = EDGE_LOOP ( 'NONE', ( #4059, #4285, #1075, #5312 ) ) ;
#1336 = DIRECTION ( 'NONE',  ( -0.0000000000000000000, -0.0000000000000000000, -1.000000000000000000 ) ) ;
#1337 = DIRECTION ( 'NONE',  ( -0.0000000000000000000, 1.000000000000000000, -0.0000000000000000000 ) ) ;
#1338 = AXIS2_PLACEMENT_3D ( 'NONE', #4324, #4275, #3148 ) ;
#1339 = DIRECTION ( 'NONE',  ( 0.0000000000000000000, 1.000000000000000000, 0.0000000000000000000 ) ) ;
#1340 = VECTOR ( 'NONE', #4799, 1000.000000000000100 ) ;
#1341 = CIRCLE ( 'NONE', #889, 0.07200972701257388200 ) ;
#1342 = ORIENTED_EDGE ( 'NONE', *, *, #5983, .F. ) ;
#1343 = ADVANCED_FACE ( 'NONE', ( #4088 ), #709, .T. ) ;
#1344 = CARTESIAN_POINT ( 'NONE',  ( -2.575000000000000200, 0.2500000000000000000, 0.4474999999999995600 ) ) ;
#1345 = DIRECTION ( 'NONE',  ( 0.06975647374411825300, -0.9975640502598247500, 0.0000000000000000000 ) ) ;
#1346 = DIRECTION ( 'NONE',  ( -0.0000000000000000000, -0.0000000000000000000, -1.000000000000000000 ) ) ;
#1347 = FACE_OUTER_BOUND ( 'NONE', #480, .T. ) ;
#1348 = ORIENTED_EDGE ( 'NONE', *, *, #3739, .T. ) ;
#1349 = DIRECTION ( 'NONE',  ( -0.0000000000000000000, -1.000000000000000000, -0.0000000000000000000 ) ) ;
#1350 = PLANE ( 'NONE',  #2190 ) ;
#1351 = CARTESIAN_POINT ( 'NONE',  ( 2.575000000000000200, 0.2500000000000000000, 1.097499999999999500 ) ) ;
#1352 = VECTOR ( 'NONE', #856, 1000.000000000000000 ) ;
#1353 = EDGE_LOOP ( 'NONE', ( #2908, #3502, #2517, #3272 ) ) ;
#1354 = EDGE_CURVE ( 'NONE', #353, #3158, #6988, .T. ) ;
#1355 = EDGE_CURVE ( 'NONE', #1845, #7088, #1591, .T. ) ;
#1356 = DIRECTION ( 'NONE',  ( -0.0000000000000000000, -0.0000000000000000000, -1.000000000000000000 ) ) ;
#1357 = CARTESIAN_POINT ( 'NONE',  ( -2.781523111319264400, 0.02853107752427832800, 1.747499999999999400 ) ) ;
#1358 = ORIENTED_EDGE ( 'NONE', *, *, #1094, .T. ) ;
#1359 = DIRECTION ( 'NONE',  ( -0.0000000000000000000, -0.0000000000000000000, -1.000000000000000000 ) ) ;
#1360 = VERTEX_POINT ( 'NONE', #6684 ) ;
#1361 = VERTEX_POINT ( 'NONE', #7182 ) ;
#1362 = DIRECTION ( 'NONE',  ( 0.0000000000000000000, -0.0000000000000000000, 1.000000000000000000 ) ) ;
#1363 = EDGE_CURVE ( 'NONE', #4640, #3025, #7255, .T. ) ;
#1364 = AXIS2_PLACEMENT_3D ( 'NONE', #7360, #4394, #486 ) ;
#1365 = DIRECTION ( 'NONE',  ( 0.0000000000000000000, 0.0000000000000000000, 1.000000000000000000 ) ) ;
#1366 = ORIENTED_EDGE ( 'NONE', *, *, #1788, .T. ) ;
#1367 = CARTESIAN_POINT ( 'NONE',  ( -2.791986582380880500, 0.1781656850632321000, 0.4474999999999995600 ) ) ;
#1368 = ORIENTED_EDGE ( 'NONE', *, *, #608, .T. ) ;
#1369 = VERTEX_POINT ( 'NONE', #3798 ) ;
#1370 = DIRECTION ( 'NONE',  ( -0.0000000000000000000, -1.000000000000000000, -0.0000000000000000000 ) ) ;
#1371 = VERTEX_POINT ( 'NONE', #4352 ) ;
#1372 = DIRECTION ( 'NONE',  ( 0.0000000000000000000, 0.0000000000000000000, -1.000000000000000000 ) ) ;
#1373 = ORIENTED_EDGE ( 'NONE', *, *, #300, .F. ) ;
#1374 = EDGE_CURVE ( 'NONE', #4335, #5401, #4172, .T. ) ;
#1375 = CARTESIAN_POINT ( 'NONE',  ( -2.502990272987425600, 0.4779902729874362900, -0.2025000000000004300 ) ) ;
#1376 = ADVANCED_FACE ( 'NONE', ( #1248 ), #2626, .F. ) ;
#1377 = PRESENTATION_LAYER_ASSIGNMENT (  '', '', ( #7399 ) ) ;
#1378 = VECTOR ( 'NONE', #875, 1000.000000000000000 ) ;
#1379 = DIRECTION ( 'NONE',  ( -0.0000000000000000000, -0.0000000000000000000, -1.000000000000000000 ) ) ;
#1380 = ORIENTED_EDGE ( 'NONE', *, *, #4802, .T. ) ;
#1381 = LINE ( 'NONE', #3467, #7413 ) ;
#1382 = CYLINDRICAL_SURFACE ( 'NONE', #5232, 0.2220097270125543400 ) ;
#1383 = CARTESIAN_POINT ( 'NONE',  ( 3.200000000000000200, 0.1496346075389538600, -1.097500000000000400 ) ) ;
#1384 = CARTESIAN_POINT ( 'NONE',  ( 3.189536528938383700, -3.794707603699265500E-016, 2.152499999999999900 ) ) ;
#1385 = EDGE_CURVE ( 'NONE', #7438, #4322, #1421, .T. ) ;
#1386 = VECTOR ( 'NONE', #6950, 1000.000000000000000 ) ;
#1387 = DIRECTION ( 'NONE',  ( 0.0000000000000000000, 1.000000000000000000, 0.0000000000000000000 ) ) ;
#1388 = AXIS2_PLACEMENT_3D ( 'NONE', #976, #5579, #4460 ) ;
#1389 = VECTOR ( 'NONE', #37, 1000.000000000000000 ) ;
#1390 = VERTEX_POINT ( 'NONE', #4938 ) ;
#1391 = CARTESIAN_POINT ( 'NONE',  ( -2.781523111319264400, 0.02853107752427832800, -1.502500000000000400 ) ) ;
#1392 = VERTEX_POINT ( 'NONE', #7205 ) ;
#1393 = FACE_OUTER_BOUND ( 'NONE', #7306, .T. ) ;
#1394 = FACE_OUTER_BOUND ( 'NONE', #7338, .T. ) ;
#1395 = EDGE_LOOP ( 'NONE', ( #4058, #4575, #6944, #42 ) ) ;
#1396 = DIRECTION ( 'NONE',  ( 0.0000000000000000000, 1.000000000000000000, 0.0000000000000000000 ) ) ;
#1397 = ORIENTED_EDGE ( 'NONE', *, *, #2274, .T. ) ;
#1398 = DIRECTION ( 'NONE',  ( 1.000000000000000000, 0.0000000000000000000, -0.0000000000000000000 ) ) ;
#1399 = EDGE_LOOP ( 'NONE', ( #7262, #1483, #97, #1227 ) ) ;
#1400 = AXIS2_PLACEMENT_3D ( 'NONE', #5706, #549, #3411 ) ;
#1401 = PLANE ( 'NONE',  #706 ) ;
#1402 = LINE ( 'NONE', #471, #422 ) ;
#1403 = VECTOR ( 'NONE', #4021, 1000.000000000000000 ) ;
#1404 = ORIENTED_EDGE ( 'NONE', *, *, #1973, .T. ) ;
#1405 = CARTESIAN_POINT ( 'NONE',  ( 2.797009727012554200, 0.2500000000000000000, 2.397500000000000000 ) ) ;
#1406 = DIRECTION ( 'NONE',  ( -0.9975640502598247500, 0.06975647374411825300, -0.0000000000000000000 ) ) ;
#1407 = EDGE_CURVE ( 'NONE', #301, #7438, #2580, .T. ) ;
#1408 = DIRECTION ( 'NONE',  ( -0.0000000000000000000, -0.0000000000000000000, -1.000000000000000000 ) ) ;
#1409 = LINE ( 'NONE', #3618, #4262 ) ;
#1410 = AXIS2_PLACEMENT_3D ( 'NONE', #5970, #4181, #745 ) ;
#1411 = VECTOR ( 'NONE', #6527, 1000.000000000000000 ) ;
#1412 = ORIENTED_EDGE ( 'NONE', *, *, #908, .F. ) ;
#1413 = ADVANCED_FACE ( 'NONE', ( #1511 ), #4326, .F. ) ;
#1414 = CARTESIAN_POINT ( 'NONE',  ( -2.575000000000000200, 0.4779902729874362900, 1.097499999999999500 ) ) ;
#1415 = DIRECTION ( 'NONE',  ( 1.000000000000000000, 0.0000000000000000000, 0.0000000000000000000 ) ) ;
#1416 = ORIENTED_EDGE ( 'NONE', *, *, #1374, .F. ) ;
#1417 = FACE_OUTER_BOUND ( 'NONE', #4875, .T. ) ;
#1418 = CARTESIAN_POINT ( 'NONE',  ( 2.502990272987425600, 0.4779902729874362900, -0.4475000000000004000 ) ) ;
#1419 = EDGE_LOOP ( 'NONE', ( #3574, #5947, #2381, #6900 ) ) ;
#1420 = DIRECTION ( 'NONE',  ( -0.0000000000000000000, -0.0000000000000000000, -1.000000000000000000 ) ) ;
#1421 = LINE ( 'NONE', #6635, #1953 ) ;
#1422 = ORIENTED_EDGE ( 'NONE', *, *, #6472, .F. ) ;
#1423 = EDGE_CURVE ( 'NONE', #4761, #6017, #4639, .T. ) ;
#1424 = DIRECTION ( 'NONE',  ( 0.9975640502598246400, -0.06975647374411936300, -0.0000000000000000000 ) ) ;
#1425 = VECTOR ( 'NONE', #2206, 1000.000000000000000 ) ;
#1426 = EDGE_LOOP ( 'NONE', ( #2347, #379, #1726, #528 ) ) ;
#1427 = PLANE ( 'NONE',  #5852 ) ;
#1428 = LINE ( 'NONE', #4072, #3567 ) ;
#1429 = VERTEX_POINT ( 'NONE', #2605 ) ;
#1430 = EDGE_CURVE ( 'NONE', #4474, #668, #5096, .T. ) ;
#1431 = DIRECTION ( 'NONE',  ( -0.1294283079955610100, 0.9831056027603608500, -0.1294283079955609300 ) ) ;
#1432 = CARTESIAN_POINT ( 'NONE',  ( -2.724999999999980500, 0.2500000000000000000, -2.152500000000000300 ) ) ;
#1433 = CYLINDRICAL_SURFACE ( 'NONE', #5159, 0.2220097270125543400 ) ;
#1434 = ORIENTED_EDGE ( 'NONE', *, *, #760, .T. ) ;
#1435 = AXIS2_PLACEMENT_3D ( 'NONE', #7090, #1895, #1995 ) ;
#1436 = DIRECTION ( 'NONE',  ( 0.06975647374411825300, -0.9975640502598247500, 0.0000000000000000000 ) ) ;
#1437 = VECTOR ( 'NONE', #404, 1000.000000000000000 ) ;
#1438 = ORIENTED_EDGE ( 'NONE', *, *, #6472, .T. ) ;
#1439 = CARTESIAN_POINT ( 'NONE',  ( -3.200000000000000200, 0.1496346075389538600, 2.152499999999999900 ) ) ;
#1440 = DIRECTION ( 'NONE',  ( -0.0000000000000000000, -0.0000000000000000000, -1.000000000000000000 ) ) ;
#1441 = DIRECTION ( 'NONE',  ( -1.000000000000000000, 0.0000000000000000000, 0.0000000000000000000 ) ) ;
#1442 = AXIS2_PLACEMENT_3D ( 'NONE', #4564, #3905, #6253 ) ;
#1443 = CARTESIAN_POINT ( 'NONE',  ( -2.797009727012554200, 0.2500000000000000000, -0.8525000000000003700 ) ) ;
#1444 = LINE ( 'NONE', #6502, #1271 ) ;
#1445 = EDGE_LOOP ( 'NONE', ( #2871, #4183, #567, #5552 ) ) ;
#1446 = DIRECTION ( 'NONE',  ( -0.0000000000000000000, -0.0000000000000000000, -1.000000000000000000 ) ) ;
#1447 = DIRECTION ( 'NONE',  ( -0.0000000000000000000, -0.0000000000000000000, -1.000000000000000000 ) ) ;
#1448 = DIRECTION ( 'NONE',  ( -0.0000000000000000000, -0.0000000000000000000, -1.000000000000000000 ) ) ;
#1449 = ADVANCED_FACE ( 'NONE', ( #534 ), #864, .T. ) ;
#1450 = DIRECTION ( 'NONE',  ( -1.000000000000000000, 0.0000000000000000000, 0.0000000000000000000 ) ) ;
#1451 = EDGE_LOOP ( 'NONE', ( #2963, #6088, #6885, #6924 ) ) ;
#1452 = EDGE_CURVE ( 'NONE', #6108, #5235, #2934, .T. ) ;
#1453 = EDGE_CURVE ( 'NONE', #1360, #191, #256, .T. ) ;
#1454 = ORIENTED_EDGE ( 'NONE', *, *, #5273, .T. ) ;
#1455 = VERTEX_POINT ( 'NONE', #3150 ) ;
#1456 = DIRECTION ( 'NONE',  ( 0.0000000000000000000, -1.000000000000000000, 0.0000000000000000000 ) ) ;
#1457 = VECTOR ( 'NONE', #6019, 1000.000000000000000 ) ;
#1458 = CARTESIAN_POINT ( 'NONE',  ( 2.575000000000000200, 0.2500000000000000000, -0.4475000000000004000 ) ) ;
#1459 = DIRECTION ( 'NONE',  ( -1.000000000000000000, 0.0000000000000000000, 0.0000000000000000000 ) ) ;
#1460 = CARTESIAN_POINT ( 'NONE',  ( 2.200000000000001100, 0.6999999999999905200, 0.4474999999999995600 ) ) ;
#1461 = DIRECTION ( 'NONE',  ( -0.0000000000000000000, -0.0000000000000000000, -1.000000000000000000 ) ) ;
#1462 = ORIENTED_EDGE ( 'NONE', *, *, #3136, .F. ) ;
#1463 = VERTEX_POINT ( 'NONE', #3700 ) ;
#1464 = VECTOR ( 'NONE', #3913, 1000.000000000000000 ) ;
#1465 = CARTESIAN_POINT ( 'NONE',  ( 2.200000000000002000, 1.100000000000000100, 2.447339000965043500 ) ) ;
#1466 = EDGE_CURVE ( 'NONE', #3188, #5486, #1776, .T. ) ;
#1467 = AXIS2_PLACEMENT_3D ( 'NONE', #5294, #2998, #4726 ) ;
#1468 = CARTESIAN_POINT ( 'NONE',  ( -2.791986582380880500, 0.1781656850632323000, 1.097499999999999500 ) ) ;
#1469 = CARTESIAN_POINT ( 'NONE',  ( -2.200000000000001100, 0.5500000000000105900, 0.4474999999999995600 ) ) ;
#1470 = ORIENTED_EDGE ( 'NONE', *, *, #2099, .F. ) ;
#1471 = LINE ( 'NONE', #6068, #5245 ) ;
#1472 = VERTEX_POINT ( 'NONE', #4499 ) ;
#1473 = LINE ( 'NONE', #834, #211 ) ;
#1474 = CARTESIAN_POINT ( 'NONE',  ( -2.781523111319264400, 0.02853107752427832800, 2.397500000000000000 ) ) ;
#1475 = CARTESIAN_POINT ( 'NONE',  ( 2.724999999999980500, 0.4779902729874362400, 2.397500000000000000 ) ) ;
#1476 = CARTESIAN_POINT ( 'NONE',  ( 2.797009727012554200, 0.2500000000000000000, -2.397500000000000400 ) ) ;
#1477 = EDGE_CURVE ( 'NONE', #3129, #1472, #884, .T. ) ;
#1478 = EDGE_CURVE ( 'NONE', #838, #6870, #3016, .T. ) ;
#1479 = CARTESIAN_POINT ( 'NONE',  ( 2.791986582380880500, 0.1781656850632321000, 1.502499999999999500 ) ) ;
#1480 = FACE_OUTER_BOUND ( 'NONE', #255, .T. ) ;
#1481 = FACE_OUTER_BOUND ( 'NONE', #1419, .T. ) ;
#1482 = DIRECTION ( 'NONE',  ( 0.9975640502598246400, -0.06975647374411936300, -0.0000000000000000000 ) ) ;
#1483 = ORIENTED_EDGE ( 'NONE', *, *, #2769, .F. ) ;
#1484 = AXIS2_PLACEMENT_3D ( 'NONE', #655, #4102, #4641 ) ;
#1485 = VERTEX_POINT ( 'NONE', #4423 ) ;
#1486 = CARTESIAN_POINT ( 'NONE',  ( -3.200000000000000200, 0.1496346075389538600, 2.397500000000000000 ) ) ;
#1487 = DIRECTION ( 'NONE',  ( 0.9975640502598246400, -0.06975647374411936300, -0.0000000000000000000 ) ) ;
#1488 = CYLINDRICAL_SURFACE ( 'NONE', #6356, 0.07200972701257388200 ) ;
#1489 = CARTESIAN_POINT ( 'NONE',  ( 2.575000000000000200, 0.4779902729874362900, 2.397500000000000000 ) ) ;
#1490 = DIRECTION ( 'NONE',  ( 0.9975640502598247500, 0.06975647374411825300, 0.0000000000000000000 ) ) ;
#1491 = EDGE_LOOP ( 'NONE', ( #113, #4806, #5576, #3722 ) ) ;
#1492 = CARTESIAN_POINT ( 'NONE',  ( -2.200000000000001100, 0.5500000000000105900, 1.097499999999999500 ) ) ;
#1493 = ORIENTED_EDGE ( 'NONE', *, *, #158, .F. ) ;
#1494 = ADVANCED_FACE ( 'NONE', ( #7351 ), #2232, .T. ) ;
#1495 = CARTESIAN_POINT ( 'NONE',  ( -3.189536528938383700, -3.794707603699265500E-016, -2.152500000000000300 ) ) ;
#1496 = AXIS2_PLACEMENT_3D ( 'NONE', #6656, #3242, #1012 ) ;
#1497 = LINE ( 'NONE', #4019, #1136 ) ;
#1498 = CARTESIAN_POINT ( 'NONE',  ( -3.189536528938383700, -3.794707603699265500E-016, 1.097499999999999500 ) ) ;
#1499 = ORIENTED_EDGE ( 'NONE', *, *, #5051, .T. ) ;
#1500 = VECTOR ( 'NONE', #6329, 1000.000000000000000 ) ;
#1501 = VERTEX_POINT ( 'NONE', #6735 ) ;
#1502 = ORIENTED_EDGE ( 'NONE', *, *, #1809, .F. ) ;
#1503 = VECTOR ( 'NONE', #6147, 1000.000000000000000 ) ;
#1504 = CARTESIAN_POINT ( 'NONE',  ( 3.189536528938383700, -3.794707603699265500E-016, -0.4475000000000004000 ) ) ;
#1505 = LINE ( 'NONE', #4316, #425 ) ;
#1506 = EDGE_LOOP ( 'NONE', ( #1902, #3711, #5134, #144 ) ) ;
#1507 = CARTESIAN_POINT ( 'NONE',  ( -3.189536528938383700, -3.794707603699265500E-016, -0.2025000000000004300 ) ) ;
#1508 = PLANE ( 'NONE',  #4849 ) ;
#1509 = VECTOR ( 'NONE', #4411, 1000.000000000000000 ) ;
#1510 = DIRECTION ( 'NONE',  ( 0.0000000000000000000, -0.0000000000000000000, 1.000000000000000000 ) ) ;
#1511 = FACE_OUTER_BOUND ( 'NONE', #3034, .T. ) ;
#1512 = VERTEX_POINT ( 'NONE', #1040 ) ;
#1513 = DIRECTION ( 'NONE',  ( -1.000000000000000000, 0.0000000000000000000, 0.0000000000000000000 ) ) ;
#1514 = EDGE_CURVE ( 'NONE', #698, #668, #3386, .T. ) ;
#1515 = CARTESIAN_POINT ( 'NONE',  ( -2.200000000000001100, 0.5500000000000105900, 0.8524999999999994800 ) ) ;
#1516 = VECTOR ( 'NONE', #22, 1000.000000000000000 ) ;
#1517 = ORIENTED_EDGE ( 'NONE', *, *, #3563, .T. ) ;
#1518 = LINE ( 'NONE', #133, #5741 ) ;
#1519 = ORIENTED_EDGE ( 'NONE', *, *, #1561, .T. ) ;
#1520 = PLANE ( 'NONE',  #4840 ) ;
#1521 = LINE ( 'NONE', #835, #172 ) ;
#1522 = VERTEX_POINT ( 'NONE', #411 ) ;
#1523 = EDGE_CURVE ( 'NONE', #2639, #2445, #6187, .T. ) ;
#1524 = VECTOR ( 'NONE', #1116, 1000.000000000000000 ) ;
#1525 = CLOSED_SHELL ( 'NONE', ( #2973, #6652, #2129, #25, #1186, #2459, #1122, #6947, #402, #815, #1305, #5664, #5513, #1449 ) ) ;
#1526 = CARTESIAN_POINT ( 'NONE',  ( -2.791986582380880500, 0.1781656850632323000, 1.097499999999999500 ) ) ;
#1527 = ADVANCED_FACE ( 'NONE', ( #4273 ), #5833, .F. ) ;
#1528 = FACE_OUTER_BOUND ( 'NONE', #4678, .T. ) ;
#1529 = EDGE_LOOP ( 'NONE', ( #4760, #4755, #5035, #437 ) ) ;
#1530 = EDGE_CURVE ( 'NONE', #1024, #715, #6808, .T. ) ;
#1531 = DIRECTION ( 'NONE',  ( 0.0000000000000000000, 1.000000000000000000, 0.0000000000000000000 ) ) ;
#1532 = LINE ( 'NONE', #3117, #5568 ) ;
#1533 = VERTEX_POINT ( 'NONE', #1555 ) ;
#1534 = DIRECTION ( 'NONE',  ( -0.0000000000000000000, -0.0000000000000000000, -1.000000000000000000 ) ) ;
#1535 = DIRECTION ( 'NONE',  ( -0.0000000000000000000, -1.000000000000000000, -0.0000000000000000000 ) ) ;
#1536 = ORIENTED_EDGE ( 'NONE', *, *, #3136, .T. ) ;
#1537 = PLANE ( 'NONE',  #3042 ) ;
#1538 = VERTEX_POINT ( 'NONE', #4450 ) ;
#1539 = VERTEX_POINT ( 'NONE', #1089 ) ;
#1540 = AXIS2_PLACEMENT_3D ( 'NONE', #6918, #141, #4122 ) ;
#1541 = DIRECTION ( 'NONE',  ( -0.06975647374411934900, 0.9975640502598246400, 0.0000000000000000000 ) ) ;
#1542 = DIRECTION ( 'NONE',  ( 0.9975640502598246400, -0.06975647374411936300, -0.0000000000000000000 ) ) ;
#1543 = ORIENTED_EDGE ( 'NONE', *, *, #5506, .F. ) ;
#1544 = DIRECTION ( 'NONE',  ( 1.954412132001954600E-016, 0.1305261922200487700, 0.9914448613738108300 ) ) ;
#1545 = ORIENTED_EDGE ( 'NONE', *, *, #533, .T. ) ;
#1546 = VERTEX_POINT ( 'NONE', #4472 ) ;
#1547 = VECTOR ( 'NONE', #2698, 1000.000000000000000 ) ;
#1548 = EDGE_CURVE ( 'NONE', #6075, #3188, #3561, .T. ) ;
#1549 = AXIS2_PLACEMENT_3D ( 'NONE', #2326, #5189, #39 ) ;
#1550 = ORIENTED_EDGE ( 'NONE', *, *, #3126, .F. ) ;
#1551 = CARTESIAN_POINT ( 'NONE',  ( -3.200000000000000200, 0.1496346075389538600, 0.8524999999999994800 ) ) ;
#1552 = EDGE_LOOP ( 'NONE', ( #1574, #5933, #5573, #3435 ) ) ;
#1553 = LINE ( 'NONE', #6579, #3162 ) ;
#1554 = CARTESIAN_POINT ( 'NONE',  ( 2.791986582380880500, 0.1781656850632321000, 0.4474999999999995600 ) ) ;
#1555 = CARTESIAN_POINT ( 'NONE',  ( -2.200000000000001100, 0.6999999999999905200, 2.397500000000000000 ) ) ;
#1556 = UNCERTAINTY_MEASURE_WITH_UNIT (LENGTH_MEASURE( 1.000000000000000100E-005 ), #3949, 'distance_accuracy_value', 'NONE');
#1557 = DIRECTION ( 'NONE',  ( -1.000000000000000000, 0.0000000000000000000, 0.0000000000000000000 ) ) ;
#1558 = VERTEX_POINT ( 'NONE', #7311 ) ;
#1559 = ADVANCED_FACE ( 'NONE', ( #5731 ), #2137, .F. ) ;
#1560 = DIRECTION ( 'NONE',  ( -0.0000000000000000000, 1.000000000000000000, -0.0000000000000000000 ) ) ;
#1561 = EDGE_CURVE ( 'NONE', #6469, #1024, #3732, .T. ) ;
#1562 = VECTOR ( 'NONE', #464, 1000.000000000000000 ) ;
#1563 = DIRECTION ( 'NONE',  ( -1.000000000000000000, 0.0000000000000000000, 0.0000000000000000000 ) ) ;
#1564 = DIRECTION ( 'NONE',  ( -0.0000000000000000000, -0.0000000000000000000, -1.000000000000000000 ) ) ;
#1565 = LINE ( 'NONE', #3458, #1214 ) ;
#1566 = VECTOR ( 'NONE', #4919, 1000.000000000000000 ) ;
#1567 = ORIENTED_EDGE ( 'NONE', *, *, #470, .T. ) ;
#1568 = CLOSED_SHELL ( 'NONE', ( #1707, #4591, #7284, #1196, #4399, #4517, #3983, #612, #3920, #2348, #6089, #2576, #5329, #61 ) ) ;
#1569 = EDGE_CURVE ( 'NONE', #2340, #2612, #1864, .T. ) ;
#1570 = DIRECTION ( 'NONE',  ( -1.000000000000000000, 0.0000000000000000000, 0.0000000000000000000 ) ) ;
#1571 = LINE ( 'NONE', #5935, #48 ) ;
#1572 = LINE ( 'NONE', #375, #689 ) ;
#1573 = VERTEX_POINT ( 'NONE', #6233 ) ;
#1574 = ORIENTED_EDGE ( 'NONE', *, *, #6232, .T. ) ;
#1575 = DIRECTION ( 'NONE',  ( 0.0000000000000000000, 0.0000000000000000000, 1.000000000000000000 ) ) ;
#1576 = DIRECTION ( 'NONE',  ( 0.0000000000000000000, 0.0000000000000000000, 1.000000000000000000 ) ) ;
#1577 = ORIENTED_EDGE ( 'NONE', *, *, #6566, .F. ) ;
#1578 = EDGE_LOOP ( 'NONE', ( #2245, #2829, #3554, #5713 ) ) ;
#1579 = DIRECTION ( 'NONE',  ( -0.0000000000000000000, -0.0000000000000000000, -1.000000000000000000 ) ) ;
#1580 = AXIS2_PLACEMENT_3D ( 'NONE', #1967, #2546, #4463 ) ;
#1581 = DIRECTION ( 'NONE',  ( -0.0000000000000000000, -1.000000000000000000, -0.0000000000000000000 ) ) ;
#1582 = PRODUCT ( 'SC18IS606PWJ', 'SC18IS606PWJ', '', ( #4500 ) ) ;
#1583 = DIRECTION ( 'NONE',  ( 0.9975640502598246400, 0.06975647374411936300, 0.0000000000000000000 ) ) ;
#1584 = VECTOR ( 'NONE', #6052, 1000.000000000000000 ) ;
#1585 = VERTEX_POINT ( 'NONE', #7280 ) ;
#1586 = CARTESIAN_POINT ( 'NONE',  ( -2.502990272987425600, 0.6999999999999905200, -1.502500000000000400 ) ) ;
#1587 = EDGE_CURVE ( 'NONE', #1463, #4108, #4908, .T. ) ;
#1588 = VECTOR ( 'NONE', #926, 1000.000000000000000 ) ;
#1589 = EDGE_CURVE ( 'NONE', #6989, #3647, #3198, .T. ) ;
#1590 = VERTEX_POINT ( 'NONE', #3305 ) ;
#1591 = LINE ( 'NONE', #362, #6096 ) ;
#1592 = VERTEX_POINT ( 'NONE', #3431 ) ;
#1593 = ADVANCED_FACE ( 'NONE', ( #3474 ), #5542, .F. ) ;
#1594 = PLANE ( 'NONE',  #6561 ) ;
#1595 = DIRECTION ( 'NONE',  ( -0.0000000000000000000, -0.0000000000000000000, -1.000000000000000000 ) ) ;
#1596 = DIRECTION ( 'NONE',  ( 1.954412132001954600E-016, -0.1305261922200484400, 0.9914448613738108300 ) ) ;
#1597 = LINE ( 'NONE', #4393, #6643 ) ;
#1598 = CARTESIAN_POINT ( 'NONE',  ( 2.575000000000000200, 0.2500000000000000000, -1.502500000000000400 ) ) ;
#1599 = ORIENTED_EDGE ( 'NONE', *, *, #2197, .F. ) ;
#1600 = CARTESIAN_POINT ( 'NONE',  ( -2.200000000000001100, 0.6999999999999905200, 2.397500000000000000 ) ) ;
#1601 = FACE_OUTER_BOUND ( 'NONE', #2363, .T. ) ;
#1602 = VERTEX_POINT ( 'NONE', #3967 ) ;
#1603 = EDGE_CURVE ( 'NONE', #1602, #2496, #6181, .T. ) ;
#1604 = AXIS2_PLACEMENT_3D ( 'NONE', #719, #4659, #1267 ) ;
#1605 =( NAMED_UNIT ( * ) PLANE_ANGLE_UNIT ( ) SI_UNIT ( $, .RADIAN. ) );
#1606 = SURFACE_STYLE_FILL_AREA ( #4807 ) ;
#1607 = EDGE_LOOP ( 'NONE', ( #6843, #3072 ) ) ;
#1608 = CARTESIAN_POINT ( 'NONE',  ( -2.724999999999980500, 0.4779902729874362400, -0.8525000000000003700 ) ) ;
#1609 = CARTESIAN_POINT ( 'NONE',  ( -2.575000000000000200, 0.4779902729874362900, -0.8525000000000003700 ) ) ;
#1610 = CARTESIAN_POINT ( 'NONE',  ( -2.797009727012554200, 0.2500000000000000000, 1.502499999999999500 ) ) ;
#1611 = EDGE_CURVE ( 'NONE', #4845, #5531, #1238, .T. ) ;
#1612 = EDGE_CURVE ( 'NONE', #420, #4151, #4800, .T. ) ;
#1613 = FACE_OUTER_BOUND ( 'NONE', #5015, .T. ) ;
#1614 = VERTEX_POINT ( 'NONE', #7440 ) ;
#1615 =( NAMED_UNIT ( * ) SI_UNIT ( $, .STERADIAN. ) SOLID_ANGLE_UNIT ( ) );
#1616 = PRESENTATION_LAYER_ASSIGNMENT (  '', '', ( #858 ) ) ;
#1617 = CARTESIAN_POINT ( 'NONE',  ( -2.200000000000001100, 0.5500000000000105900, 1.747499999999999400 ) ) ;
#1618 = VERTEX_POINT ( 'NONE', #647 ) ;
#1619 = ORIENTED_EDGE ( 'NONE', *, *, #7155, .T. ) ;
#1620 = DIRECTION ( 'NONE',  ( -1.000000000000000000, -0.0000000000000000000, 1.971276677246370800E-016 ) ) ;
#1621 = EDGE_CURVE ( 'NONE', #448, #7380, #3993, .T. ) ;
#1622 = DIRECTION ( 'NONE',  ( -0.0000000000000000000, -0.0000000000000000000, -1.000000000000000000 ) ) ;
#1623 = DIRECTION ( 'NONE',  ( 1.000000000000000000, 0.0000000000000000000, 0.0000000000000000000 ) ) ;
#1624 =( GEOMETRIC_REPRESENTATION_CONTEXT ( 3 ) GLOBAL_UNCERTAINTY_ASSIGNED_CONTEXT ( ( #5604 ) ) GLOBAL_UNIT_ASSIGNED_CONTEXT ( ( #1630, #1605, #4504 ) ) REPRESENTATION_CONTEXT ( 'NONE', 'WORKASPACE' ) );
#1625 = CLOSED_SHELL ( 'NONE', ( #7209, #6018, #6835, #968, #1593, #3693, #6350, #6991, #6902, #6688, #3360, #3610, #6540, #4475 ) ) ;
#1626 = ORIENTED_EDGE ( 'NONE', *, *, #1761, .T. ) ;
#1627 = ORIENTED_EDGE ( 'NONE', *, *, #2880, .T. ) ;
#1628 = LINE ( 'NONE', #6541, #7300 ) ;
#1629 = ADVANCED_FACE ( 'NONE', ( #2398 ), #1704, .F. ) ;
#1630 =( LENGTH_UNIT ( ) NAMED_UNIT ( * ) SI_UNIT ( .MILLI., .METRE. ) );
#1631 = CARTESIAN_POINT ( 'NONE',  ( 2.575000000000000200, 0.2500000000000000000, -1.502500000000000400 ) ) ;
#1632 = ORIENTED_EDGE ( 'NONE', *, *, #3081, .F. ) ;
#1633 = DIRECTION ( 'NONE',  ( -0.0000000000000000000, -0.0000000000000000000, -1.000000000000000000 ) ) ;
#1634 = EDGE_LOOP ( 'NONE', ( #641, #1663, #2392, #5144, #286, #2960, #3800, #6935, #5195, #2141, #6221, #817 ) ) ;
#1635 = SURFACE_STYLE_FILL_AREA ( #644 ) ;
#1636 = AXIS2_PLACEMENT_3D ( 'NONE', #7177, #1336, #5349 ) ;
#1637 = ADVANCED_FACE ( 'NONE', ( #2215 ), #5221, .F. ) ;
#1638 = CARTESIAN_POINT ( 'NONE',  ( 2.575000000000000200, 0.2500000000000000000, 1.502499999999999500 ) ) ;
#1639 = VERTEX_POINT ( 'NONE', #5807 ) ;
#1640 = EDGE_LOOP ( 'NONE', ( #4252, #3, #5188, #6946 ) ) ;
#1641 = LINE ( 'NONE', #3609, #4131 ) ;
#1642 = ORIENTED_EDGE ( 'NONE', *, *, #5135, .T. ) ;
#1643 = VECTOR ( 'NONE', #5764, 1000.000000000000000 ) ;
#1644 = CARTESIAN_POINT ( 'NONE',  ( -2.724999999999980500, 0.4779902729874362400, -2.152500000000000300 ) ) ;
#1645 = EDGE_CURVE ( 'NONE', #6404, #3683, #4628, .T. ) ;
#1646 = AXIS2_PLACEMENT_3D ( 'NONE', #616, #6920, #660 ) ;
#1647 = PLANE ( 'NONE',  #7124 ) ;
#1648 = VECTOR ( 'NONE', #4570, 1000.000000000000000 ) ;
#1649 = CIRCLE ( 'NONE', #6316, 0.07200972701257432600 ) ;
#1650 = CARTESIAN_POINT ( 'NONE',  ( -2.502990272987425600, 0.4779902729874362900, -0.2025000000000004300 ) ) ;
#1651 = VECTOR ( 'NONE', #5574, 1000.000000000000000 ) ;
#1652 = ORIENTED_EDGE ( 'NONE', *, *, #5065, .T. ) ;
#1653 = ORIENTED_EDGE ( 'NONE', *, *, #3786, .T. ) ;
#1654 = CARTESIAN_POINT ( 'NONE',  ( 2.724999999999980500, 0.4779902729874362400, 1.747499999999999400 ) ) ;
#1655 = EDGE_CURVE ( 'NONE', #187, #3078, #6716, .T. ) ;
#1656 = FACE_OUTER_BOUND ( 'NONE', #4163, .T. ) ;
#1657 = DIRECTION ( 'NONE',  ( -1.000000000000000000, 0.0000000000000000000, 0.0000000000000000000 ) ) ;
#1658 = CARTESIAN_POINT ( 'NONE',  ( -2.200000000000001100, 0.6999999999999905200, 1.747499999999999400 ) ) ;
#1659 = VECTOR ( 'NONE', #3954, 1000.000000000000000 ) ;
#1660 = ORIENTED_EDGE ( 'NONE', *, *, #6987, .F. ) ;
#1661 = AXIS2_PLACEMENT_3D ( 'NONE', #5069, #5651, #3433 ) ;
#1662 = DIRECTION ( 'NONE',  ( -0.0000000000000000000, 0.0000000000000000000, -1.000000000000000000 ) ) ;
#1663 = ORIENTED_EDGE ( 'NONE', *, *, #887, .F. ) ;
#1664 = ORIENTED_EDGE ( 'NONE', *, *, #577, .F. ) ;
#1665 = CIRCLE ( 'NONE', #2013, 0.07200972701257432600 ) ;
#1666 = PLANE ( 'NONE',  #2673 ) ;
#1667 = VECTOR ( 'NONE', #5337, 1000.000000000000000 ) ;
#1668 = EDGE_LOOP ( 'NONE', ( #332, #4781, #6743, #26 ) ) ;
#1669 = CARTESIAN_POINT ( 'NONE',  ( -3.200000000000000200, 0.1496346075389538600, 0.4474999999999995600 ) ) ;
#1670 = EDGE_CURVE ( 'NONE', #3230, #4387, #7156, .T. ) ;
#1671 = ORIENTED_EDGE ( 'NONE', *, *, #2569, .F. ) ;
#1672 = ADVANCED_FACE ( 'NONE', ( #5278 ), #24, .F. ) ;
#1673 = CARTESIAN_POINT ( 'NONE',  ( -2.724999999999980500, 0.2500000000000000000, 0.8524999999999994800 ) ) ;
#1674 = AXIS2_PLACEMENT_3D ( 'NONE', #7272, #6726, #7301 ) ;
#1675 = CIRCLE ( 'NONE', #385, 0.2220097270125543400 ) ;
#1676 = DIRECTION ( 'NONE',  ( 1.000000000000000000, 0.0000000000000000000, -0.0000000000000000000 ) ) ;
#1677 = LINE ( 'NONE', #7257, #154 ) ;
#1678 = VERTEX_POINT ( 'NONE', #5700 ) ;
#1679 = DIRECTION ( 'NONE',  ( -0.0000000000000000000, -1.000000000000000000, -0.0000000000000000000 ) ) ;
#1680 = ADVANCED_FACE ( 'NONE', ( #6359 ), #1730, .T. ) ;
#1681 = LINE ( 'NONE', #5365, #5730 ) ;
#1682 = VECTOR ( 'NONE', #1980, 1000.000000000000000 ) ;
#1683 = VERTEX_POINT ( 'NONE', #1182 ) ;
#1684 = SURFACE_STYLE_USAGE ( .BOTH. , #5043 ) ;
#1685 = AXIS2_PLACEMENT_3D ( 'NONE', #6594, #7167, #4865 ) ;
#1686 = DIRECTION ( 'NONE',  ( -0.0000000000000000000, -0.0000000000000000000, -1.000000000000000000 ) ) ;
#1687 = CARTESIAN_POINT ( 'NONE',  ( -2.502990272987425600, 0.4779902729874362900, -1.747500000000000300 ) ) ;
#1688 = CARTESIAN_POINT ( 'NONE',  ( 2.200000000000001100, 0.6999999999999905200, -2.152500000000000300 ) ) ;
#1689 = DIRECTION ( 'NONE',  ( -0.0000000000000000000, -0.0000000000000000000, -1.000000000000000000 ) ) ;
#1690 = LINE ( 'NONE', #222, #3644 ) ;
#1691 = FACE_OUTER_BOUND ( 'NONE', #6083, .T. ) ;
#1692 = ORIENTED_EDGE ( 'NONE', *, *, #3038, .T. ) ;
#1693 = CARTESIAN_POINT ( 'NONE',  ( -2.200000000000001100, 0.5500000000000105900, -1.502500000000000400 ) ) ;
#1694 = EDGE_CURVE ( 'NONE', #7322, #941, #624, .T. ) ;
#1695 = AXIS2_PLACEMENT_3D ( 'NONE', #6226, #2765, #5665 ) ;
#1696 = DIRECTION ( 'NONE',  ( -0.0000000000000000000, -0.0000000000000000000, -1.000000000000000000 ) ) ;
#1697 = LINE ( 'NONE', #1000, #5199 ) ;
#1698 = ORIENTED_EDGE ( 'NONE', *, *, #2703, .T. ) ;
#1699 = CARTESIAN_POINT ( 'NONE',  ( 3.189536528938383700, -3.794707603699265500E-016, 1.502499999999999500 ) ) ;
#1700 = DIRECTION ( 'NONE',  ( 0.0000000000000000000, 0.0000000000000000000, 1.000000000000000000 ) ) ;
#1701 = DIRECTION ( 'NONE',  ( -1.000000000000000000, 0.0000000000000000000, 0.0000000000000000000 ) ) ;
#1702 = CARTESIAN_POINT ( 'NONE',  ( -2.575000000000000200, 0.2500000000000000000, -0.4475000000000004000 ) ) ;
#1703 = EDGE_CURVE ( 'NONE', #1092, #4930, #7344, .T. ) ;
#1704 = PLANE ( 'NONE',  #3892 ) ;
#1705 = VECTOR ( 'NONE', #1482, 1000.000000000000000 ) ;
#1706 = ORIENTED_EDGE ( 'NONE', *, *, #7373, .F. ) ;
#1707 = ADVANCED_FACE ( 'NONE', ( #6804 ), #1234, .F. ) ;
#1708 = DIRECTION ( 'NONE',  ( -0.0000000000000000000, -0.0000000000000000000, -1.000000000000000000 ) ) ;
#1709 = FILL_AREA_STYLE_COLOUR ( '', #6509 ) ;
#1710 = CARTESIAN_POINT ( 'NONE',  ( -2.200000000000001100, 0.5500000000000105900, 2.397500000000000000 ) ) ;
#1711 = CARTESIAN_POINT ( 'NONE',  ( 2.200000000000001100, 0.6999999999999905200, -0.8525000000000003700 ) ) ;
#1712 = ORIENTED_EDGE ( 'NONE', *, *, #2658, .F. ) ;
#1713 = ORIENTED_EDGE ( 'NONE', *, *, #1694, .F. ) ;
#1714 = CARTESIAN_POINT ( 'NONE',  ( 2.200000000000001100, 0.5500000000000105900, 1.097499999999999500 ) ) ;
#1715 = EDGE_CURVE ( 'NONE', #1774, #3229, #1063, .T. ) ;
#1716 = CARTESIAN_POINT ( 'NONE',  ( 2.502990272987425600, 0.4779902729874362900, -1.097500000000000400 ) ) ;
#1717 = VERTEX_POINT ( 'NONE', #2447 ) ;
#1718 = ADVANCED_FACE ( 'NONE', ( #6981 ), #6980, .F. ) ;
#1719 = AXIS2_PLACEMENT_3D ( 'NONE', #3273, #3300, #2161 ) ;
#1720 = ORIENTED_EDGE ( 'NONE', *, *, #955, .F. ) ;
#1721 = ORIENTED_EDGE ( 'NONE', *, *, #2480, .T. ) ;
#1722 = CARTESIAN_POINT ( 'NONE',  ( -2.200000000000001100, 0.6999999999999905200, 2.500000000000002700 ) ) ;
#1723 = ORIENTED_EDGE ( 'NONE', *, *, #4660, .F. ) ;
#1724 = CARTESIAN_POINT ( 'NONE',  ( 2.724999999999980500, 0.4779902729874362400, 0.4474999999999995600 ) ) ;
#1725 = VERTEX_POINT ( 'NONE', #1876 ) ;
#1726 = ORIENTED_EDGE ( 'NONE', *, *, #2218, .F. ) ;
#1727 = DIRECTION ( 'NONE',  ( 1.000000000000000000, -0.0000000000000000000, -0.0000000000000000000 ) ) ;
#1728 = FACE_OUTER_BOUND ( 'NONE', #1607, .T. ) ;
#1729 =( GEOMETRIC_REPRESENTATION_CONTEXT ( 3 ) GLOBAL_UNCERTAINTY_ASSIGNED_CONTEXT ( ( #5750 ) ) GLOBAL_UNIT_ASSIGNED_CONTEXT ( ( #2186, #6268, #5704 ) ) REPRESENTATION_CONTEXT ( 'NONE', 'WORKASPACE' ) );
#1730 = PLANE ( 'NONE',  #4727 ) ;
#1731 = ORIENTED_EDGE ( 'NONE', *, *, #2360, .T. ) ;
#1732 = ORIENTED_EDGE ( 'NONE', *, *, #3508, .F. ) ;
#1733 = DIRECTION ( 'NONE',  ( 1.000000000000000000, 0.0000000000000000000, 0.0000000000000000000 ) ) ;
#1734 = VECTOR ( 'NONE', #5299, 1000.000000000000000 ) ;
#1735 =( LENGTH_UNIT ( ) NAMED_UNIT ( * ) SI_UNIT ( .MILLI., .METRE. ) );
#1736 = DIRECTION ( 'NONE',  ( 0.0000000000000000000, 0.0000000000000000000, 1.000000000000000000 ) ) ;
#1737 = EDGE_CURVE ( 'NONE', #3025, #5362, #1857, .T. ) ;
#1738 = DIRECTION ( 'NONE',  ( -3.469446951953614200E-016, 0.0000000000000000000, -1.000000000000000000 ) ) ;
#1739 = EDGE_CURVE ( 'NONE', #4543, #5133, #2132, .T. ) ;
#1740 = LINE ( 'NONE', #5211, #216 ) ;
#1741 = ORIENTED_EDGE ( 'NONE', *, *, #6701, .F. ) ;
#1742 = VECTOR ( 'NONE', #1071, 1000.000000000000000 ) ;
#1743 = VECTOR ( 'NONE', #5529, 1000.000000000000000 ) ;
#1744 = CARTESIAN_POINT ( 'NONE',  ( 2.200000000000001100, 0.6999999999999905200, -0.4475000000000004000 ) ) ;
#1745 = CARTESIAN_POINT ( 'NONE',  ( 2.575000000000000200, 0.2500000000000000000, 0.4474999999999995600 ) ) ;
#1746 = ADVANCED_FACE ( 'NONE', ( #3726 ), #4091, .T. ) ;
#1747 = DIRECTION ( 'NONE',  ( -0.0000000000000000000, -0.0000000000000000000, -1.000000000000000000 ) ) ;
#1748 = EDGE_CURVE ( 'NONE', #281, #2933, #702, .T. ) ;
#1749 = FACE_OUTER_BOUND ( 'NONE', #7049, .T. ) ;
#1750 = ORIENTED_EDGE ( 'NONE', *, *, #1761, .F. ) ;
#1751 = DIRECTION ( 'NONE',  ( -0.06975647374411851600, 0.9975640502598247500, 0.0000000000000000000 ) ) ;
#1752 = ORIENTED_EDGE ( 'NONE', *, *, #1252, .F. ) ;
#1753 = DIRECTION ( 'NONE',  ( -1.000000000000000000, 0.0000000000000000000, 0.0000000000000000000 ) ) ;
#1754 = CARTESIAN_POINT ( 'NONE',  ( 2.200000000000001100, 0.6999999999999905200, 2.500000000000001800 ) ) ;
#1755 = LINE ( 'NONE', #6505, #2727 ) ;
#1756 = ADVANCED_FACE ( 'NONE', ( #3287 ), #2038, .T. ) ;
#1757 = FACE_OUTER_BOUND ( 'NONE', #2920, .T. ) ;
#1758 = ORIENTED_EDGE ( 'NONE', *, *, #5895, .F. ) ;
#1759 = VERTEX_POINT ( 'NONE', #4743 ) ;
#1760 = DIRECTION ( 'NONE',  ( -0.0000000000000000000, -0.0000000000000000000, -1.000000000000000000 ) ) ;
#1761 = EDGE_CURVE ( 'NONE', #447, #2340, #3100, .T. ) ;
#1762 = DIRECTION ( 'NONE',  ( 0.0000000000000000000, 1.000000000000000000, 0.0000000000000000000 ) ) ;
#1763 = DIRECTION ( 'NONE',  ( -0.0000000000000000000, -0.0000000000000000000, -1.000000000000000000 ) ) ;
#1764 = CARTESIAN_POINT ( 'NONE',  ( -2.724999999999980500, 0.4779902729874362400, 1.097499999999999500 ) ) ;
#1765 = ORIENTED_EDGE ( 'NONE', *, *, #4795, .F. ) ;
#1766 = DIRECTION ( 'NONE',  ( 0.0000000000000000000, 0.0000000000000000000, -1.000000000000000000 ) ) ;
#1767 = EDGE_CURVE ( 'NONE', #3025, #2163, #5091, .T. ) ;
#1768 = VECTOR ( 'NONE', #124, 1000.000000000000000 ) ;
#1769 = VERTEX_POINT ( 'NONE', #5910 ) ;
#1770 = FILL_AREA_STYLE_COLOUR ( '', #2654 ) ;
#1771 = AXIS2_PLACEMENT_3D ( 'NONE', #6090, #4330, #2142 ) ;
#1772 = CARTESIAN_POINT ( 'NONE',  ( -3.200000000000000200, 0.1496346075389538600, 0.4474999999999995600 ) ) ;
#1773 = DIRECTION ( 'NONE',  ( 1.000000000000000000, 0.0000000000000000000, 0.0000000000000000000 ) ) ;
#1774 = VERTEX_POINT ( 'NONE', #667 ) ;
#1775 = PLANE ( 'NONE',  #3097 ) ;
#1776 = LINE ( 'NONE', #2584, #4453 ) ;
#1777 = VERTEX_POINT ( 'NONE', #4651 ) ;
#1778 = VECTOR ( 'NONE', #6036, 1000.000000000000000 ) ;
#1779 = ADVANCED_FACE ( 'NONE', ( #2484 ), #7023, .F. ) ;
#1780 = ORIENTED_EDGE ( 'NONE', *, *, #6801, .T. ) ;
#1781 = STYLED_ITEM ( 'NONE', ( #3338 ), #7030 ) ;
#1782 = VERTEX_POINT ( 'NONE', #5932 ) ;
#1783 = DIRECTION ( 'NONE',  ( -1.000000000000000000, 0.0000000000000000000, 0.0000000000000000000 ) ) ;
#1784 = UNCERTAINTY_MEASURE_WITH_UNIT (LENGTH_MEASURE( 1.000000000000000100E-005 ), #6667, 'distance_accuracy_value', 'NONE');
#1785 = CARTESIAN_POINT ( 'NONE',  ( -2.724999999999980500, 0.2500000000000000000, 2.397500000000000000 ) ) ;
#1786 = LINE ( 'NONE', #2465, #3922 ) ;
#1787 = EDGE_LOOP ( 'NONE', ( #2365, #2767, #2072, #6758 ) ) ;
#1788 = EDGE_CURVE ( 'NONE', #4067, #5777, #6538, .T. ) ;
#1789 = AXIS2_PLACEMENT_3D ( 'NONE', #898, #6070, #818 ) ;
#1790 = CARTESIAN_POINT ( 'NONE',  ( 2.200000000000001100, 0.5500000000000105900, 0.4474999999999995600 ) ) ;
#1791 = LINE ( 'NONE', #985, #3750 ) ;
#1792 = ORIENTED_EDGE ( 'NONE', *, *, #6919, .T. ) ;
#1793 = CARTESIAN_POINT ( 'NONE',  ( 2.502990272987425600, 0.6999999999999905200, 2.397500000000000000 ) ) ;
#1794 = CARTESIAN_POINT ( 'NONE',  ( 2.575000000000000200, 0.4779902729874362900, 0.2024999999999995700 ) ) ;
#1795 = DIRECTION ( 'NONE',  ( 0.0000000000000000000, 0.0000000000000000000, -1.000000000000000000 ) ) ;
#1796 = CARTESIAN_POINT ( 'NONE',  ( -2.724999999999980500, 0.2500000000000000000, 1.747499999999999400 ) ) ;
#1797 = EDGE_CURVE ( 'NONE', #839, #6970, #974, .T. ) ;
#1798 = DIRECTION ( 'NONE',  ( 0.0000000000000000000, 0.0000000000000000000, 1.000000000000000000 ) ) ;
#1799 = ORIENTED_EDGE ( 'NONE', *, *, #6218, .T. ) ;
#1800 = ORIENTED_EDGE ( 'NONE', *, *, #67, .F. ) ;
#1801 = AXIS2_PLACEMENT_3D ( 'NONE', #148, #2473, #4673 ) ;
#1802 = PLANE ( 'NONE',  #593 ) ;
#1803 = CARTESIAN_POINT ( 'NONE',  ( 2.200000000000001100, 0.6999999999999905200, -0.8525000000000003700 ) ) ;
#1804 = DIRECTION ( 'NONE',  ( 0.0000000000000000000, 1.000000000000000000, -0.0000000000000000000 ) ) ;
#1805 = ORIENTED_EDGE ( 'NONE', *, *, #627, .T. ) ;
#1806 = DIRECTION ( 'NONE',  ( -0.0000000000000000000, -0.0000000000000000000, -1.000000000000000000 ) ) ;
#1807 = VERTEX_POINT ( 'NONE', #3641 ) ;
#1808 = ORIENTED_EDGE ( 'NONE', *, *, #666, .F. ) ;
#1809 = EDGE_CURVE ( 'NONE', #2586, #501, #248, .T. ) ;
#1810 = VECTOR ( 'NONE', #5427, 1000.000000000000000 ) ;
#1811 = CARTESIAN_POINT ( 'NONE',  ( -2.200000000000001100, 0.6999999999999905200, -0.8525000000000003700 ) ) ;
#1812 = PRESENTATION_LAYER_ASSIGNMENT (  '', '', ( #958 ) ) ;
#1813 = CARTESIAN_POINT ( 'NONE',  ( 2.502990272987425600, 0.4779902729874362900, -0.4475000000000004000 ) ) ;
#1814 = VERTEX_POINT ( 'NONE', #1968 ) ;
#1815 = ORIENTED_EDGE ( 'NONE', *, *, #1423, .F. ) ;
#1816 = VERTEX_POINT ( 'NONE', #2596 ) ;
#1817 = FACE_OUTER_BOUND ( 'NONE', #3653, .T. ) ;
#1818 = DIRECTION ( 'NONE',  ( -0.0000000000000000000, -0.0000000000000000000, -1.000000000000000000 ) ) ;
#1819 = CARTESIAN_POINT ( 'NONE',  ( 3.200000000000000200, 0.1496346075389538600, -0.2025000000000004300 ) ) ;
#1820 = DIRECTION ( 'NONE',  ( -1.000000000000000000, 0.0000000000000000000, 0.0000000000000000000 ) ) ;
#1821 = ORIENTED_EDGE ( 'NONE', *, *, #3274, .T. ) ;
#1822 = VECTOR ( 'NONE', #5945, 1000.000000000000000 ) ;
#1823 = EDGE_LOOP ( 'NONE', ( #6235, #1247, #3214, #5906 ) ) ;
#1824 = LINE ( 'NONE', #732, #397 ) ;
#1825 = AXIS2_PLACEMENT_3D ( 'NONE', #722, #4617, #2987 ) ;
#1826 = CARTESIAN_POINT ( 'NONE',  ( 2.575000000000000200, 0.4779902729874362900, -2.152500000000000300 ) ) ;
#1827 = CIRCLE ( 'NONE', #2583, 0.2220097270125543400 ) ;
#1828 = ADVANCED_FACE ( 'NONE', ( #3379 ), #6552, .F. ) ;
#1829 = PLANE ( 'NONE',  #6081 ) ;
#1830 = CARTESIAN_POINT ( 'NONE',  ( -3.189536528938383700, -3.794707603699265500E-016, -2.152500000000000300 ) ) ;
#1831 = ORIENTED_EDGE ( 'NONE', *, *, #3332, .T. ) ;
#1832 = CYLINDRICAL_SURFACE ( 'NONE', #3734, 0.2220097270125543400 ) ;
#1833 = CARTESIAN_POINT ( 'NONE',  ( -2.781523111319264400, 0.02853107752427832800, -2.152500000000000300 ) ) ;
#1834 = FACE_OUTER_BOUND ( 'NONE', #2683, .T. ) ;
#1835 = CIRCLE ( 'NONE', #1484, 0.2220097270125543400 ) ;
#1836 = ORIENTED_EDGE ( 'NONE', *, *, #452, .T. ) ;
#1837 = EDGE_CURVE ( 'NONE', #3482, #4130, #64, .T. ) ;
#1838 = CARTESIAN_POINT ( 'NONE',  ( 2.502990272987425600, 0.4779902729874362900, 1.747499999999999400 ) ) ;
#1839 = VERTEX_POINT ( 'NONE', #225 ) ;
#1840 = EDGE_CURVE ( 'NONE', #50, #6294, #2308, .T. ) ;
#1841 = AXIS2_PLACEMENT_3D ( 'NONE', #3074, #5993, #7131 ) ;
#1842 = VECTOR ( 'NONE', #4846, 1000.000000000000000 ) ;
#1843 = EDGE_LOOP ( 'NONE', ( #6730, #7232, #3457, #3851 ) ) ;
#1844 = DIRECTION ( 'NONE',  ( -0.0000000000000000000, -0.0000000000000000000, -1.000000000000000000 ) ) ;
#1845 = VERTEX_POINT ( 'NONE', #4291 ) ;
#1846 = ORIENTED_EDGE ( 'NONE', *, *, #2371, .F. ) ;
#1847 = CARTESIAN_POINT ( 'NONE',  ( 3.200000000000000200, 0.1496346075389538600, -2.152500000000000300 ) ) ;
#1848 = EDGE_CURVE ( 'NONE', #4547, #1602, #527, .T. ) ;
#1849 = CARTESIAN_POINT ( 'NONE',  ( -2.797009727012554200, 0.2500000000000000000, 2.397500000000000000 ) ) ;
#1850 = VECTOR ( 'NONE', #3173, 1000.000000000000000 ) ;
#1851 = ORIENTED_EDGE ( 'NONE', *, *, #1840, .T. ) ;
#1852 = CARTESIAN_POINT ( 'NONE',  ( -2.797009727012554200, 0.2500000000000000000, 1.747499999999999400 ) ) ;
#1853 = CARTESIAN_POINT ( 'NONE',  ( 2.502990272987425600, 0.4779902729874362900, -1.747500000000000300 ) ) ;
#1854 = DIRECTION ( 'NONE',  ( -1.000000000000000000, 0.0000000000000000000, 0.0000000000000000000 ) ) ;
#1855 = VECTOR ( 'NONE', #6022, 1000.000000000000000 ) ;
#1856 = EDGE_CURVE ( 'NONE', #5362, #3129, #2925, .T. ) ;
#1857 = LINE ( 'NONE', #1826, #4898 ) ;
#1858 = ORIENTED_EDGE ( 'NONE', *, *, #4514, .T. ) ;
#1859 = ADVANCED_FACE ( 'NONE', ( #6891 ), #1401, .F. ) ;
#1860 = EDGE_CURVE ( 'NONE', #7135, #697, #791, .T. ) ;
#1861 = DIRECTION ( 'NONE',  ( 0.0000000000000000000, 1.000000000000000000, 0.0000000000000000000 ) ) ;
#1862 = AXIS2_PLACEMENT_3D ( 'NONE', #4723, #5908, #6430 ) ;
#1863 = CYLINDRICAL_SURFACE ( 'NONE', #3766, 0.3999999999999999700 ) ;
#1864 = LINE ( 'NONE', #1067, #345 ) ;
#1865 = VERTEX_POINT ( 'NONE', #7172 ) ;
#1866 = ADVANCED_FACE ( 'NONE', ( #5825 ), #4869, .F. ) ;
#1867 = CARTESIAN_POINT ( 'NONE',  ( -3.189536528938383700, -3.794707603699265500E-016, -1.502500000000000400 ) ) ;
#1868 = VECTOR ( 'NONE', #7022, 1000.000000000000000 ) ;
#1869 = EDGE_LOOP ( 'NONE', ( #5550, #6214, #1225, #1077 ) ) ;
#1870 = ORIENTED_EDGE ( 'NONE', *, *, #2914, .F. ) ;
#1871 = PRESENTATION_LAYER_ASSIGNMENT (  '', '', ( #4013 ) ) ;
#1872 = DIRECTION ( 'NONE',  ( 0.0000000000000000000, 0.0000000000000000000, 1.000000000000000000 ) ) ;
#1873 = DIRECTION ( 'NONE',  ( -0.0000000000000000000, -0.0000000000000000000, -1.000000000000000000 ) ) ;
#1874 = LINE ( 'NONE', #1432, #2325 ) ;
#1875 = CARTESIAN_POINT ( 'NONE',  ( -2.200000000000001100, 0.5500000000000105900, 2.500000000000002700 ) ) ;
#1876 = CARTESIAN_POINT ( 'NONE',  ( 2.724999999999980500, 0.4779902729874362400, 2.397500000000000000 ) ) ;
#1877 = VECTOR ( 'NONE', #3159, 1000.000000000000000 ) ;
#1878 = ORIENTED_EDGE ( 'NONE', *, *, #2691, .F. ) ;
#1879 = DIRECTION ( 'NONE',  ( 1.000000000000000000, 0.0000000000000000000, 0.0000000000000000000 ) ) ;
#1880 = CARTESIAN_POINT ( 'NONE',  ( -2.502990272987425600, 0.5500000000000105900, 2.397500000000000000 ) ) ;
#1881 = LINE ( 'NONE', #3642, #3668 ) ;
#1882 = VERTEX_POINT ( 'NONE', #4236 ) ;
#1883 = CARTESIAN_POINT ( 'NONE',  ( -2.502990272987425600, 0.4779902729874362900, -0.4475000000000004000 ) ) ;
#1884 = EDGE_CURVE ( 'NONE', #198, #6704, #6005, .T. ) ;
#1885 = AXIS2_PLACEMENT_3D ( 'NONE', #2852, #2334, #6875 ) ;
#1886 = ORIENTED_EDGE ( 'NONE', *, *, #6244, .T. ) ;
#1887 = ORIENTED_EDGE ( 'NONE', *, *, #705, .T. ) ;
#1888 = CARTESIAN_POINT ( 'NONE',  ( -2.797009727012554200, 0.2500000000000000000, -1.747500000000000300 ) ) ;
#1889 = VERTEX_POINT ( 'NONE', #4791 ) ;
#1890 = CARTESIAN_POINT ( 'NONE',  ( -2.724999999999980500, 0.4779902729874362400, -0.4475000000000004000 ) ) ;
#1891 = ORIENTED_EDGE ( 'NONE', *, *, #6119, .T. ) ;
#1892 = ORIENTED_EDGE ( 'NONE', *, *, #3707, .T. ) ;
#1893 = CARTESIAN_POINT ( 'NONE',  ( 2.502990272987425600, 0.4779902729874362900, -1.502500000000000400 ) ) ;
#1894 = FACE_OUTER_BOUND ( 'NONE', #4111, .T. ) ;
#1895 = DIRECTION ( 'NONE',  ( -0.0000000000000000000, -0.0000000000000000000, -1.000000000000000000 ) ) ;
#1896 = EDGE_CURVE ( 'NONE', #3793, #6311, #5367, .T. ) ;
#1897 = ADVANCED_FACE ( 'NONE', ( #3818 ), #1427, .T. ) ;
#1898 = DIRECTION ( 'NONE',  ( -0.0000000000000000000, -0.0000000000000000000, -1.000000000000000000 ) ) ;
#1899 = ORIENTED_EDGE ( 'NONE', *, *, #1354, .T. ) ;
#1900 = AXIS2_PLACEMENT_3D ( 'NONE', #4227, #7138, #3659 ) ;
#1901 = ORIENTED_EDGE ( 'NONE', *, *, #5985, .F. ) ;
#1902 = ORIENTED_EDGE ( 'NONE', *, *, #2125, .T. ) ;
#1903 = VECTOR ( 'NONE', #7105, 1000.000000000000000 ) ;
#1904 = CARTESIAN_POINT ( 'NONE',  ( -2.797009727012554200, 0.2500000000000000000, -1.097500000000000400 ) ) ;
#1905 = DIRECTION ( 'NONE',  ( 0.0000000000000000000, 1.000000000000000000, 0.0000000000000000000 ) ) ;
#1906 = VERTEX_POINT ( 'NONE', #6030 ) ;
#1907 = EDGE_CURVE ( 'NONE', #5486, #6520, #2573, .T. ) ;
#1908 = ORIENTED_EDGE ( 'NONE', *, *, #1153, .T. ) ;
#1909 = VECTOR ( 'NONE', #2414, 1000.000000000000000 ) ;
#1910 = CARTESIAN_POINT ( 'NONE',  ( 2.502990272987425600, 0.5500000000000105900, -0.8525000000000003700 ) ) ;
#1911 = AXIS2_PLACEMENT_3D ( 'NONE', #5584, #5662, #3850 ) ;
#1912 = DIRECTION ( 'NONE',  ( -0.0000000000000000000, -0.0000000000000000000, -1.000000000000000000 ) ) ;
#1913 = VECTOR ( 'NONE', #7432, 1000.000000000000000 ) ;
#1914 = VERTEX_POINT ( 'NONE', #6650 ) ;
#1915 = LINE ( 'NONE', #4044, #7315 ) ;
#1916 = LINE ( 'NONE', #4114, #4233 ) ;
#1917 = CARTESIAN_POINT ( 'NONE',  ( 2.502990272987425600, 0.4779902729874362900, 1.097499999999999500 ) ) ;
#1918 = MANIFOLD_SOLID_BREP ( 'LPattern1[14]', #7180 ) ;
#1919 = VERTEX_POINT ( 'NONE', #297 ) ;
#1920 = CARTESIAN_POINT ( 'NONE',  ( 2.791986582380880500, 0.1781656850632321000, 0.4474999999999995600 ) ) ;
#1921 = PLANE ( 'NONE',  #2200 ) ;
#1922 = AXIS2_PLACEMENT_3D ( 'NONE', #2965, #4109, #707 ) ;
#1923 = DIRECTION ( 'NONE',  ( 0.0000000000000000000, 1.000000000000000000, -0.0000000000000000000 ) ) ;
#1924 = VECTOR ( 'NONE', #4234, 1000.000000000000000 ) ;
#1925 = LINE ( 'NONE', #6990, #412 ) ;
#1926 = ORIENTED_EDGE ( 'NONE', *, *, #1589, .F. ) ;
#1927 = ORIENTED_EDGE ( 'NONE', *, *, #752, .F. ) ;
#1928 = PLANE ( 'NONE',  #5348 ) ;
#1929 = VERTEX_POINT ( 'NONE', #853 ) ;
#1930 = CIRCLE ( 'NONE', #2771, 0.2220097270125543400 ) ;
#1931 = CARTESIAN_POINT ( 'NONE',  ( 2.502990272987425600, 0.5500000000000105900, 0.4474999999999995600 ) ) ;
#1932 = EDGE_CURVE ( 'NONE', #5355, #6125, #6273, .T. ) ;
#1933 = CARTESIAN_POINT ( 'NONE',  ( -2.200000000000001100, 0.5500000000000105900, -2.152500000000000300 ) ) ;
#1934 = AXIS2_PLACEMENT_3D ( 'NONE', #2962, #6949, #4006 ) ;
#1935 = VECTOR ( 'NONE', #645, 1000.000000000000000 ) ;
#1936 = ORIENTED_EDGE ( 'NONE', *, *, #6603, .F. ) ;
#1937 = ADVANCED_FACE ( 'NONE', ( #58 ), #2641, .F. ) ;
#1938 = DIRECTION ( 'NONE',  ( 1.000000000000000000, 0.0000000000000000000, -0.0000000000000000000 ) ) ;
#1939 = CARTESIAN_POINT ( 'NONE',  ( -3.200000000000000200, 0.1496346075389538600, -0.2025000000000004300 ) ) ;
#1940 = FACE_OUTER_BOUND ( 'NONE', #5971, .T. ) ;
#1941 = ORIENTED_EDGE ( 'NONE', *, *, #6282, .F. ) ;
#1942 = CARTESIAN_POINT ( 'NONE',  ( -2.575000000000000200, 0.2500000000000000000, 2.397500000000000000 ) ) ;
#1943 = EDGE_CURVE ( 'NONE', #5436, #2724, #2919, .T. ) ;
#1944 = DIRECTION ( 'NONE',  ( 0.9975640502598246400, 0.06975647374411936300, 0.0000000000000000000 ) ) ;
#1945 = CARTESIAN_POINT ( 'NONE',  ( 2.724999999999980500, 0.2500000000000000000, 0.4474999999999995600 ) ) ;
#1946 = VECTOR ( 'NONE', #6357, 1000.000000000000000 ) ;
#1947 = ORIENTED_EDGE ( 'NONE', *, *, #328, .F. ) ;
#1948 = FILL_AREA_STYLE_COLOUR ( '', #4162 ) ;
#1949 = PLANE ( 'NONE',  #6702 ) ;
#1950 = CARTESIAN_POINT ( 'NONE',  ( 2.502990272987425600, 0.5500000000000105900, -1.097500000000000400 ) ) ;
#1951 = ORIENTED_EDGE ( 'NONE', *, *, #6218, .F. ) ;
#1952 = EDGE_CURVE ( 'NONE', #6125, #4149, #783, .T. ) ;
#1953 = VECTOR ( 'NONE', #280, 1000.000000000000000 ) ;
#1954 = ORIENTED_EDGE ( 'NONE', *, *, #6886, .T. ) ;
#1955 = DIRECTION ( 'NONE',  ( -0.0000000000000000000, -0.0000000000000000000, -1.000000000000000000 ) ) ;
#1956 = DIRECTION ( 'NONE',  ( -1.000000000000000000, 0.0000000000000000000, 0.0000000000000000000 ) ) ;
#1957 = AXIS2_PLACEMENT_3D ( 'NONE', #4548, #1106, #5246 ) ;
#1958 = CARTESIAN_POINT ( 'NONE',  ( -2.502990272987425600, 0.4779902729874362900, -0.8525000000000003700 ) ) ;
#1959 = CIRCLE ( 'NONE', #110, 0.07200972701257432600 ) ;
#1960 = ORIENTED_EDGE ( 'NONE', *, *, #695, .F. ) ;
#1961 = ORIENTED_EDGE ( 'NONE', *, *, #932, .T. ) ;
#1962 = CARTESIAN_POINT ( 'NONE',  ( 3.200000000000000200, 0.1496346075389538600, 1.097499999999999500 ) ) ;
#1963 = CARTESIAN_POINT ( 'NONE',  ( 2.791986582380880500, 0.1781656850632321000, 1.747499999999999400 ) ) ;
#1964 = AXIS2_PLACEMENT_3D ( 'NONE', #6816, #532, #1152 ) ;
#1965 = FACE_OUTER_BOUND ( 'NONE', #2463, .T. ) ;
#1966 = ORIENTED_EDGE ( 'NONE', *, *, #6091, .F. ) ;
#1967 = CARTESIAN_POINT ( 'NONE',  ( -2.502990272987425600, 0.5500000000000105900, 1.747499999999999400 ) ) ;
#1968 = CARTESIAN_POINT ( 'NONE',  ( -2.575000000000000200, 0.4779902729874362900, -0.8525000000000003700 ) ) ;
#1969 = ADVANCED_FACE ( 'NONE', ( #2127 ), #7219, .F. ) ;
#1970 = DIRECTION ( 'NONE',  ( 0.0000000000000000000, 0.0000000000000000000, 1.000000000000000000 ) ) ;
#1971 = LINE ( 'NONE', #1644, #2244 ) ;
#1972 = VERTEX_POINT ( 'NONE', #1507 ) ;
#1973 = EDGE_CURVE ( 'NONE', #7033, #281, #2739, .T. ) ;
#1974 = EDGE_CURVE ( 'NONE', #697, #263, #1505, .T. ) ;
#1975 = DIRECTION ( 'NONE',  ( -1.000000000000000000, 0.0000000000000000000, 0.0000000000000000000 ) ) ;
#1976 = PRESENTATION_LAYER_ASSIGNMENT (  '', '', ( #4798 ) ) ;
#1977 = PLANE ( 'NONE',  #4706 ) ;
#1978 = ORIENTED_EDGE ( 'NONE', *, *, #2418, .T. ) ;
#1979 = PLANE ( 'NONE',  #184 ) ;
#1980 = DIRECTION ( 'NONE',  ( 0.0000000000000000000, 1.000000000000000000, 0.0000000000000000000 ) ) ;
#1981 = VERTEX_POINT ( 'NONE', #6856 ) ;
#1982 = VERTEX_POINT ( 'NONE', #4558 ) ;
#1983 = DIRECTION ( 'NONE',  ( -0.0000000000000000000, -0.0000000000000000000, -1.000000000000000000 ) ) ;
#1984 = EDGE_CURVE ( 'NONE', #4387, #301, #4354, .T. ) ;
#1985 = AXIS2_PLACEMENT_3D ( 'NONE', #6781, #2696, #7384 ) ;
#1986 = CARTESIAN_POINT ( 'NONE',  ( 2.502990272987425600, 0.6999999999999905200, 1.502499999999999500 ) ) ;
#1987 = EDGE_LOOP ( 'NONE', ( #6722, #2843, #7115, #7275, #6152, #4363, #5897, #6010, #1632, #5469, #912, #1183 ) ) ;
#1988 = PLANE ( 'NONE',  #4295 ) ;
#1989 = ORIENTED_EDGE ( 'NONE', *, *, #7383, .F. ) ;
#1990 = ORIENTED_EDGE ( 'NONE', *, *, #5909, .T. ) ;
#1991 = VECTOR ( 'NONE', #1018, 1000.000000000000000 ) ;
#1992 = CARTESIAN_POINT ( 'NONE',  ( 2.575000000000000200, 0.2500000000000000000, -2.152500000000000300 ) ) ;
#1993 = DIRECTION ( 'NONE',  ( -0.0000000000000000000, -0.0000000000000000000, -1.000000000000000000 ) ) ;
#1994 = ORIENTED_EDGE ( 'NONE', *, *, #4535, .T. ) ;
#1995 = DIRECTION ( 'NONE',  ( -1.000000000000000000, 0.0000000000000000000, 0.0000000000000000000 ) ) ;
#1996 = EDGE_CURVE ( 'NONE', #3056, #1009, #2652, .T. ) ;
#1997 = EDGE_LOOP ( 'NONE', ( #4452, #7349, #6796, #265 ) ) ;
#1998 = EDGE_CURVE ( 'NONE', #1093, #5668, #1321, .T. ) ;
#1999 = CIRCLE ( 'NONE', #5055, 0.2220097270125543400 ) ;
#2000 = MECHANICAL_DESIGN_GEOMETRIC_PRESENTATION_REPRESENTATION (  '', ( #858 ), #2389 ) ;
#2001 = CARTESIAN_POINT ( 'NONE',  ( 2.502990272987425600, 0.5500000000000105900, -0.2025000000000004300 ) ) ;
#2002 = FACE_OUTER_BOUND ( 'NONE', #3705, .T. ) ;
#2003 = CARTESIAN_POINT ( 'NONE',  ( -2.200000000000001100, 0.5500000000000105900, -0.2025000000000004300 ) ) ;
#2004 = ORIENTED_EDGE ( 'NONE', *, *, #3839, .T. ) ;
#2005 = VECTOR ( 'NONE', #2430, 1000.000000000000000 ) ;
#2006 = CARTESIAN_POINT ( 'NONE',  ( -2.502990272987425600, 0.4779902729874362900, -1.502500000000000400 ) ) ;
#2007 = SURFACE_STYLE_FILL_AREA ( #5864 ) ;
#2008 = DIRECTION ( 'NONE',  ( -0.0000000000000000000, -1.000000000000000000, -0.0000000000000000000 ) ) ;
#2009 = EDGE_CURVE ( 'NONE', #4415, #1026, #5537, .T. ) ;
#2010 = FACE_OUTER_BOUND ( 'NONE', #5041, .T. ) ;
#2011 = ADVANCED_FACE ( 'NONE', ( #1940 ), #5792, .F. ) ;
#2012 = LINE ( 'NONE', #1962, #6425 ) ;
#2013 = AXIS2_PLACEMENT_3D ( 'NONE', #6854, #1708, #2311 ) ;
#2014 = FACE_OUTER_BOUND ( 'NONE', #5903, .T. ) ;
#2015 = ORIENTED_EDGE ( 'NONE', *, *, #7147, .T. ) ;
#2016 = CARTESIAN_POINT ( 'NONE',  ( -2.791986582380880500, 0.1781656850632321000, -2.152500000000000300 ) ) ;
#2017 = MANIFOLD_SOLID_BREP ( 'LPattern1[10]', #1625 ) ;
#2018 = ORIENTED_EDGE ( 'NONE', *, *, #2136, .T. ) ;
#2019 = FACE_OUTER_BOUND ( 'NONE', #6306, .T. ) ;
#2020 = DIRECTION ( 'NONE',  ( -0.06975647374411934900, 0.9975640502598246400, 0.0000000000000000000 ) ) ;
#2021 = VECTOR ( 'NONE', #3135, 1000.000000000000000 ) ;
#2022 = ORIENTED_EDGE ( 'NONE', *, *, #5344, .F. ) ;
#2023 = PLANE ( 'NONE',  #2571 ) ;
#2024 = EDGE_LOOP ( 'NONE', ( #6320, #607, #4773, #10 ) ) ;
#2025 = CARTESIAN_POINT ( 'NONE',  ( -3.200000000000000200, 0.1496346075389538600, 0.2024999999999995700 ) ) ;
#2026 = AXIS2_PLACEMENT_3D ( 'NONE', #962, #2032, #3243 ) ;
#2027 = DIRECTION ( 'NONE',  ( -0.1294283079955605400, -0.9831056027603609600, 0.1294283079955606300 ) ) ;
#2028 = DIRECTION ( 'NONE',  ( 0.0000000000000000000, 0.0000000000000000000, 1.000000000000000000 ) ) ;
#2029 = VECTOR ( 'NONE', #3388, 1000.000000000000000 ) ;
#2030 = FACE_OUTER_BOUND ( 'NONE', #5879, .T. ) ;
#2031 = ORIENTED_EDGE ( 'NONE', *, *, #268, .F. ) ;
#2032 = DIRECTION ( 'NONE',  ( -0.0000000000000000000, -0.0000000000000000000, -1.000000000000000000 ) ) ;
#2033 = CARTESIAN_POINT ( 'NONE',  ( -2.200000000000001100, 0.6999999999999905200, 0.4474999999999995600 ) ) ;
#2034 = ORIENTED_EDGE ( 'NONE', *, *, #4268, .T. ) ;
#2035 = DIRECTION ( 'NONE',  ( -0.9975640502598247500, 0.06975647374411851600, 0.0000000000000000000 ) ) ;
#2036 = EDGE_CURVE ( 'NONE', #4985, #4048, #5179, .T. ) ;
#2037 = CIRCLE ( 'NONE', #1674, 0.2220097270125543400 ) ;
#2038 = CYLINDRICAL_SURFACE ( 'NONE', #6811, 0.2220097270125543400 ) ;
#2039 = ORIENTED_EDGE ( 'NONE', *, *, #4376, .T. ) ;
#2040 = PLANE ( 'NONE',  #1771 ) ;
#2041 = DIRECTION ( 'NONE',  ( 0.06975647374411851600, -0.9975640502598247500, 0.0000000000000000000 ) ) ;
#2042 = LINE ( 'NONE', #6004, #6454 ) ;
#2043 = DIRECTION ( 'NONE',  ( -1.000000000000000000, 0.0000000000000000000, 0.0000000000000000000 ) ) ;
#2044 = LINE ( 'NONE', #3046, #4359 ) ;
#2045 = EDGE_LOOP ( 'NONE', ( #2357, #2684, #3419, #4704 ) ) ;
#2046 = EDGE_CURVE ( 'NONE', #3972, #1193, #242, .T. ) ;
#2047 = DIRECTION ( 'NONE',  ( -0.0000000000000000000, -0.0000000000000000000, -1.000000000000000000 ) ) ;
#2048 = AXIS2_PLACEMENT_3D ( 'NONE', #3692, #7117, #3620 ) ;
#2049 = CIRCLE ( 'NONE', #2345, 0.2220097270125543400 ) ;
#2050 = CARTESIAN_POINT ( 'NONE',  ( -2.147339000965042400, 1.100000000000000100, 2.447339000965044400 ) ) ;
#2051 = CARTESIAN_POINT ( 'NONE',  ( 3.189536528938383700, -3.794707603699265500E-016, -2.152500000000000300 ) ) ;
#2052 = LINE ( 'NONE', #3926, #1334 ) ;
#2053 = ORIENTED_EDGE ( 'NONE', *, *, #1884, .T. ) ;
#2054 = ADVANCED_FACE ( 'NONE', ( #5627 ), #4075, .F. ) ;
#2055 = CARTESIAN_POINT ( 'NONE',  ( -2.781523111319264400, 0.02853107752427832800, 0.8524999999999994800 ) ) ;
#2056 = DIRECTION ( 'NONE',  ( 0.0000000000000000000, 0.0000000000000000000, 1.000000000000000000 ) ) ;
#2057 = EDGE_CURVE ( 'NONE', #4026, #3319, #6530, .T. ) ;
#2058 = CARTESIAN_POINT ( 'NONE',  ( 2.791986582380880500, 0.1781656850632321000, -0.4475000000000004000 ) ) ;
#2059 = ORIENTED_EDGE ( 'NONE', *, *, #1973, .F. ) ;
#2060 = UNCERTAINTY_MEASURE_WITH_UNIT (LENGTH_MEASURE( 1.000000000000000100E-005 ), #1735, 'distance_accuracy_value', 'NONE');
#2061 = AXIS2_PLACEMENT_3D ( 'NONE', #7294, #2775, #5812 ) ;
#2062 = CARTESIAN_POINT ( 'NONE',  ( -2.797009727012554200, 0.2500000000000000000, 2.152499999999999900 ) ) ;
#2063 = CARTESIAN_POINT ( 'NONE',  ( -2.791986582380880500, 0.1781656850632321000, -2.397500000000000400 ) ) ;
#2064 = CARTESIAN_POINT ( 'NONE',  ( 2.724999999999980500, 0.2500000000000000000, 0.8524999999999994800 ) ) ;
#2065 = CIRCLE ( 'NONE', #3216, 0.2220097270125543400 ) ;
#2066 = ORIENTED_EDGE ( 'NONE', *, *, #427, .T. ) ;
#2067 = CARTESIAN_POINT ( 'NONE',  ( -2.147339000965042400, 1.100000000000000100, -2.447339000965039100 ) ) ;
#2068 = DIRECTION ( 'NONE',  ( 1.000000000000000000, 0.0000000000000000000, 0.0000000000000000000 ) ) ;
#2069 = SURFACE_SIDE_STYLE ('',( #1606 ) ) ;
#2070 = AXIS2_PLACEMENT_3D ( 'NONE', #1813, #5285, #6449 ) ;
#2071 = ORIENTED_EDGE ( 'NONE', *, *, #3990, .T. ) ;
#2072 = ORIENTED_EDGE ( 'NONE', *, *, #5737, .F. ) ;
#2073 = DIRECTION ( 'NONE',  ( -0.0000000000000000000, -0.0000000000000000000, -1.000000000000000000 ) ) ;
#2074 = DIRECTION ( 'NONE',  ( -0.0000000000000000000, -0.0000000000000000000, -1.000000000000000000 ) ) ;
#2075 = VERTEX_POINT ( 'NONE', #4603 ) ;
#2076 = EDGE_CURVE ( 'NONE', #1501, #3116, #7150, .T. ) ;
#2077 = MECHANICAL_DESIGN_GEOMETRIC_PRESENTATION_REPRESENTATION (  '', ( #2457 ), #2938 ) ;
#2078 = ORIENTED_EDGE ( 'NONE', *, *, #3958, .T. ) ;
#2079 = VERTEX_POINT ( 'NONE', #4351 ) ;
#2080 = CARTESIAN_POINT ( 'NONE',  ( 2.200000000000001100, 0.6999999999999905200, 2.397500000000000000 ) ) ;
#2081 = DIRECTION ( 'NONE',  ( -0.0000000000000000000, -0.0000000000000000000, -1.000000000000000000 ) ) ;
#2082 = CARTESIAN_POINT ( 'NONE',  ( 2.575000000000000200, 0.4779902729874362900, -1.502500000000000400 ) ) ;
#2083 = ORIENTED_EDGE ( 'NONE', *, *, #2957, .T. ) ;
#2084 = CARTESIAN_POINT ( 'NONE',  ( -2.797009727012554200, 0.2500000000000000000, 1.747499999999999400 ) ) ;
#2085 = ORIENTED_EDGE ( 'NONE', *, *, #809, .T. ) ;
#2086 = VERTEX_POINT ( 'NONE', #4369 ) ;
#2087 = LINE ( 'NONE', #793, #1810 ) ;
#2088 = ADVANCED_FACE ( 'NONE', ( #4718 ), #2135, .F. ) ;
#2089 = DIRECTION ( 'NONE',  ( -1.000000000000000000, 0.0000000000000000000, 0.0000000000000000000 ) ) ;
#2090 = EDGE_CURVE ( 'NONE', #4318, #381, #1677, .T. ) ;
#2091 = DIRECTION ( 'NONE',  ( -1.971276677246370800E-016, 0.0000000000000000000, -1.000000000000000000 ) ) ;
#2092 = DIRECTION ( 'NONE',  ( -0.9975640502598246400, -0.06975647374411934900, 0.0000000000000000000 ) ) ;
#2093 = ORIENTED_EDGE ( 'NONE', *, *, #656, .F. ) ;
#2094 =( LENGTH_UNIT ( ) NAMED_UNIT ( * ) SI_UNIT ( .MILLI., .METRE. ) );
#2095 = VECTOR ( 'NONE', #6519, 1000.000000000000000 ) ;
#2096 = EDGE_LOOP ( 'NONE', ( #2292, #4464, #3539, #2699 ) ) ;
#2097 = LINE ( 'NONE', #2668, #586 ) ;
#2098 = DIRECTION ( 'NONE',  ( -0.0000000000000000000, -0.0000000000000000000, -1.000000000000000000 ) ) ;
#2099 = EDGE_CURVE ( 'NONE', #1539, #2911, #7247, .T. ) ;
#2100 = LINE ( 'NONE', #6026, #2364 ) ;
#2101 = LINE ( 'NONE', #6739, #7127 ) ;
#2102 = VECTOR ( 'NONE', #1583, 1000.000000000000000 ) ;
#2103 = AXIS2_PLACEMENT_3D ( 'NONE', #4498, #7309, #3889 ) ;
#2104 = ORIENTED_EDGE ( 'NONE', *, *, #1739, .T. ) ;
#2105 = DIRECTION ( 'NONE',  ( -1.000000000000000000, 0.0000000000000000000, 0.0000000000000000000 ) ) ;
#2106 = CYLINDRICAL_SURFACE ( 'NONE', #3361, 0.2220097270125543400 ) ;
#2107 = CARTESIAN_POINT ( 'NONE',  ( -2.791986582380880500, 0.1781656850632321000, -0.2025000000000004300 ) ) ;
#2108 = VECTOR ( 'NONE', #1337, 1000.000000000000000 ) ;
#2109 = ORIENTED_EDGE ( 'NONE', *, *, #469, .F. ) ;
#2110 = DIRECTION ( 'NONE',  ( -1.000000000000000000, 0.0000000000000000000, 0.0000000000000000000 ) ) ;
#2111 = EDGE_LOOP ( 'NONE', ( #5533, #6567, #4644, #1266 ) ) ;
#2112 = CARTESIAN_POINT ( 'NONE',  ( 3.189536528938383700, -3.794707603699265500E-016, -1.502500000000000400 ) ) ;
#2113 = EDGE_LOOP ( 'NONE', ( #1366, #6060, #4697, #5904 ) ) ;
#2114 = AXIS2_PLACEMENT_3D ( 'NONE', #6209, #1046, #5123 ) ;
#2115 = LINE ( 'NONE', #2927, #6973 ) ;
#2116 = DIRECTION ( 'NONE',  ( 0.0000000000000000000, 0.0000000000000000000, 1.000000000000000000 ) ) ;
#2117 = CARTESIAN_POINT ( 'NONE',  ( 2.781523111319264400, 0.02853107752427827200, 0.4474999999999995600 ) ) ;
#2118 = LINE ( 'NONE', #3060, #6523 ) ;
#2119 = ORIENTED_EDGE ( 'NONE', *, *, #1176, .T. ) ;
#2120 = FILL_AREA_STYLE_COLOUR ( '', #4007 ) ;
#2121 = PRESENTATION_STYLE_ASSIGNMENT (( #5020 ) ) ;
#2122 = DIRECTION ( 'NONE',  ( 0.0000000000000000000, 0.0000000000000000000, -1.000000000000000000 ) ) ;
#2123 = EDGE_CURVE ( 'NONE', #857, #4789, #419, .T. ) ;
#2124 = VERTEX_POINT ( 'NONE', #4298 ) ;
#2125 = EDGE_CURVE ( 'NONE', #3357, #2740, #3185, .T. ) ;
#2126 = PLANE ( 'NONE',  #3584 ) ;
#2127 = FACE_OUTER_BOUND ( 'NONE', #6602, .T. ) ;
#2128 = VERTEX_POINT ( 'NONE', #3460 ) ;
#2129 = ADVANCED_FACE ( 'NONE', ( #1757 ), #5193, .F. ) ;
#2130 = DIRECTION ( 'NONE',  ( -0.0000000000000000000, -1.000000000000000000, -0.0000000000000000000 ) ) ;
#2131 = PRESENTATION_STYLE_ASSIGNMENT (( #6401 ) ) ;
#2132 = CIRCLE ( 'NONE', #3845, 0.2220097270125543400 ) ;
#2133 = ORIENTED_EDGE ( 'NONE', *, *, #7372, .T. ) ;
#2134 = DIRECTION ( 'NONE',  ( -0.0000000000000000000, 0.0000000000000000000, -1.000000000000000000 ) ) ;
#2135 = PLANE ( 'NONE',  #2706 ) ;
#2136 = EDGE_CURVE ( 'NONE', #6661, #1585, #6347, .T. ) ;
#2137 = PLANE ( 'NONE',  #6756 ) ;
#2138 = CARTESIAN_POINT ( 'NONE',  ( -2.200000000000001100, 0.6999999999999905200, 0.8524999999999994800 ) ) ;
#2139 = LINE ( 'NONE', #6928, #2757 ) ;
#2140 = ORIENTED_EDGE ( 'NONE', *, *, #1228, .T. ) ;
#2141 = ORIENTED_EDGE ( 'NONE', *, *, #5078, .F. ) ;
#2142 = DIRECTION ( 'NONE',  ( 0.0000000000000000000, -0.0000000000000000000, -1.000000000000000000 ) ) ;
#2143 = CARTESIAN_POINT ( 'NONE',  ( 2.200000000000001100, 0.5500000000000105900, 0.8524999999999994800 ) ) ;
#2144 = CARTESIAN_POINT ( 'NONE',  ( -2.575000000000000200, 0.2500000000000000000, -0.8525000000000003700 ) ) ;
#2145 = FACE_OUTER_BOUND ( 'NONE', #1335, .T. ) ;
#2146 = EDGE_CURVE ( 'NONE', #2346, #7135, #2391, .T. ) ;
#2147 = VECTOR ( 'NONE', #1025, 1000.000000000000000 ) ;
#2148 = EDGE_LOOP ( 'NONE', ( #768, #3765, #3094, #6085 ) ) ;
#2149 = EDGE_LOOP ( 'NONE', ( #5315, #4550, #2519, #2205 ) ) ;
#2150 = DIRECTION ( 'NONE',  ( 0.0000000000000000000, 1.000000000000000000, 0.0000000000000000000 ) ) ;
#2151 = AXIS2_PLACEMENT_3D ( 'NONE', #6714, #6094, #3255 ) ;
#2152 = DIRECTION ( 'NONE',  ( 0.9975640502598246400, -0.06975647374411936300, -0.0000000000000000000 ) ) ;
#2153 = ORIENTED_EDGE ( 'NONE', *, *, #313, .F. ) ;
#2154 = DIRECTION ( 'NONE',  ( -0.0000000000000000000, -0.0000000000000000000, -1.000000000000000000 ) ) ;
#2155 = PRESENTATION_STYLE_ASSIGNMENT (( #3686 ) ) ;
#2156 = ORIENTED_EDGE ( 'NONE', *, *, #313, .T. ) ;
#2157 = UNCERTAINTY_MEASURE_WITH_UNIT (LENGTH_MEASURE( 1.000000000000000100E-005 ), #5119, 'distance_accuracy_value', 'NONE');
#2158 = DIRECTION ( 'NONE',  ( -0.0000000000000000000, -0.0000000000000000000, -1.000000000000000000 ) ) ;
#2159 = EDGE_CURVE ( 'NONE', #4355, #2621, #5084, .T. ) ;
#2160 = CARTESIAN_POINT ( 'NONE',  ( 2.502990272987425600, 0.5500000000000105900, 1.502499999999999500 ) ) ;
#2161 = DIRECTION ( 'NONE',  ( 0.0000000000000000000, 0.0000000000000000000, 1.000000000000000000 ) ) ;
#2162 = VECTOR ( 'NONE', #15, 1000.000000000000000 ) ;
#2163 = VERTEX_POINT ( 'NONE', #6898 ) ;
#2164 = CARTESIAN_POINT ( 'NONE',  ( -2.502990272987425600, 0.4779902729874362900, -1.747500000000000300 ) ) ;
#2165 = ADVANCED_FACE ( 'NONE', ( #6618 ), #5220, .F. ) ;
#2166 = DIRECTION ( 'NONE',  ( 0.0000000000000000000, -1.000000000000000000, 0.0000000000000000000 ) ) ;
#2167 = CARTESIAN_POINT ( 'NONE',  ( -2.502990272987425600, 0.5500000000000105900, 1.747499999999999400 ) ) ;
#2168 = DIRECTION ( 'NONE',  ( 0.0000000000000000000, 0.0000000000000000000, 1.000000000000000000 ) ) ;
#2169 = ORIENTED_EDGE ( 'NONE', *, *, #6712, .T. ) ;
#2170 = VERTEX_POINT ( 'NONE', #2868 ) ;
#2171 = DIRECTION ( 'NONE',  ( 1.000000000000000000, 0.0000000000000000000, 0.0000000000000000000 ) ) ;
#2172 = ORIENTED_EDGE ( 'NONE', *, *, #4176, .T. ) ;
#2173 = EDGE_LOOP ( 'NONE', ( #3510, #183, #907, #3194 ) ) ;
#2174 = ORIENTED_EDGE ( 'NONE', *, *, #1569, .T. ) ;
#2175 = CARTESIAN_POINT ( 'NONE',  ( -2.781523111319264400, 0.02853107752427832800, -2.152500000000000300 ) ) ;
#2176 = LINE ( 'NONE', #6309, #7390 ) ;
#2177 = CARTESIAN_POINT ( 'NONE',  ( 2.575000000000000200, 0.2500000000000000000, 0.4474999999999995600 ) ) ;
#2178 = EDGE_CURVE ( 'NONE', #5235, #2434, #5530, .T. ) ;
#2179 = AXIS2_PLACEMENT_3D ( 'NONE', #167, #5287, #3611 ) ;
#2180 = ORIENTED_EDGE ( 'NONE', *, *, #2220, .F. ) ;
#2181 = DIRECTION ( 'NONE',  ( 0.0000000000000000000, 0.0000000000000000000, 1.000000000000000000 ) ) ;
#2182 = DIRECTION ( 'NONE',  ( -1.000000000000000000, 0.0000000000000000000, 0.0000000000000000000 ) ) ;
#2183 = ORIENTED_EDGE ( 'NONE', *, *, #5419, .F. ) ;
#2184 = CYLINDRICAL_SURFACE ( 'NONE', #5251, 0.2220097270125543400 ) ;
#2185 = EDGE_LOOP ( 'NONE', ( #4404, #5354, #1800, #4349 ) ) ;
#2186 =( LENGTH_UNIT ( ) NAMED_UNIT ( * ) SI_UNIT ( .MILLI., .METRE. ) );
#2187 = EDGE_CURVE ( 'NONE', #3045, #866, #5269, .T. ) ;
#2188 = LINE ( 'NONE', #6, #1643 ) ;
#2189 = DIRECTION ( 'NONE',  ( 1.000000000000000000, 0.0000000000000000000, -0.0000000000000000000 ) ) ;
#2190 = AXIS2_PLACEMENT_3D ( 'NONE', #1893, #2495, #3519 ) ;
#2191 = CARTESIAN_POINT ( 'NONE',  ( 2.200000000000001100, 0.6999999999999905200, -1.097500000000000400 ) ) ;
#2192 = LINE ( 'NONE', #1203, #6958 ) ;
#2193 = VECTOR ( 'NONE', #3806, 1000.000000000000000 ) ;
#2194 = ORIENTED_EDGE ( 'NONE', *, *, #3030, .T. ) ;
#2195 = ORIENTED_EDGE ( 'NONE', *, *, #109, .T. ) ;
#2196 = CARTESIAN_POINT ( 'NONE',  ( -3.189536528938383700, -3.794707603699265500E-016, -0.8525000000000003700 ) ) ;
#2197 = EDGE_CURVE ( 'NONE', #3116, #1199, #3719, .T. ) ;
#2198 = ADVANCED_FACE ( 'NONE', ( #235 ), #7241, .T. ) ;
#2199 = LINE ( 'NONE', #3217, #3708 ) ;
#2200 = AXIS2_PLACEMENT_3D ( 'NONE', #850, #5390, #5976 ) ;
#2201 = VERTEX_POINT ( 'NONE', #5804 ) ;
#2202 = DIRECTION ( 'NONE',  ( -0.0000000000000000000, -0.0000000000000000000, -1.000000000000000000 ) ) ;
#2203 = ORIENTED_EDGE ( 'NONE', *, *, #2737, .F. ) ;
#2204 = DIRECTION ( 'NONE',  ( -0.0000000000000000000, 0.0000000000000000000, -1.000000000000000000 ) ) ;
#2205 = ORIENTED_EDGE ( 'NONE', *, *, #2914, .T. ) ;
#2206 = DIRECTION ( 'NONE',  ( -1.000000000000000000, 0.0000000000000000000, 0.0000000000000000000 ) ) ;
#2207 = DIRECTION ( 'NONE',  ( 0.0000000000000000000, 0.0000000000000000000, 1.000000000000000000 ) ) ;
#2208 = FILL_AREA_STYLE ('',( #6135 ) ) ;
#2209 = FACE_OUTER_BOUND ( 'NONE', #575, .T. ) ;
#2210 = VERTEX_POINT ( 'NONE', #5831 ) ;
#2211 = ORIENTED_EDGE ( 'NONE', *, *, #6057, .F. ) ;
#2212 = CARTESIAN_POINT ( 'NONE',  ( 2.791986582380880500, 0.1781656850632321000, -1.502500000000000400 ) ) ;
#2213 = FACE_OUTER_BOUND ( 'NONE', #6892, .T. ) ;
#2214 = CARTESIAN_POINT ( 'NONE',  ( 2.791986582380880500, 0.1781656850632321000, 0.2024999999999995700 ) ) ;
#2215 = FACE_OUTER_BOUND ( 'NONE', #3320, .T. ) ;
#2216 = ORIENTED_EDGE ( 'NONE', *, *, #4658, .F. ) ;
#2217 = DIRECTION ( 'NONE',  ( -0.0000000000000000000, -0.0000000000000000000, -1.000000000000000000 ) ) ;
#2218 = EDGE_CURVE ( 'NONE', #5874, #1360, #6703, .T. ) ;
#2219 = VECTOR ( 'NONE', #6497, 1000.000000000000000 ) ;
#2220 = EDGE_CURVE ( 'NONE', #6012, #6574, #3464, .T. ) ;
#2221 = DIRECTION ( 'NONE',  ( -0.9975640502598246400, 0.06975647374411934900, 0.0000000000000000000 ) ) ;
#2222 = AXIS2_PLACEMENT_3D ( 'NONE', #3938, #6260, #2824 ) ;
#2223 = VECTOR ( 'NONE', #7102, 1000.000000000000000 ) ;
#2224 = ORIENTED_EDGE ( 'NONE', *, *, #1530, .T. ) ;
#2225 = DIRECTION ( 'NONE',  ( 0.0000000000000000000, -1.000000000000000000, 0.0000000000000000000 ) ) ;
#2226 = DIRECTION ( 'NONE',  ( -0.0000000000000000000, -0.0000000000000000000, -1.000000000000000000 ) ) ;
#2227 = VECTOR ( 'NONE', #5881, 1000.000000000000000 ) ;
#2228 = CARTESIAN_POINT ( 'NONE',  ( -2.502990272987425600, 0.5500000000000105900, -0.8525000000000003700 ) ) ;
#2229 = VECTOR ( 'NONE', #4145, 1000.000000000000000 ) ;
#2230 = EDGE_LOOP ( 'NONE', ( #3767, #1470, #2778, #1780 ) ) ;
#2231 = EDGE_CURVE ( 'NONE', #5074, #6186, #3548, .T. ) ;
#2232 = PLANE ( 'NONE',  #1985 ) ;
#2233 = STYLED_ITEM ( 'NONE', ( #7063 ), #2017 ) ;
#2234 = APPLICATION_PROTOCOL_DEFINITION ( 'draft international standard', 'automotive_design', 1998, #3358 ) ;
#2235 = ADVANCED_FACE ( 'NONE', ( #5905 ), #6429, .F. ) ;
#2236 = DIRECTION ( 'NONE',  ( -0.0000000000000000000, -0.0000000000000000000, -1.000000000000000000 ) ) ;
#2237 = LINE ( 'NONE', #6095, #5022 ) ;
#2238 = ORIENTED_EDGE ( 'NONE', *, *, #5357, .T. ) ;
#2239 = DIRECTION ( 'NONE',  ( -1.000000000000000000, 0.0000000000000000000, 0.0000000000000000000 ) ) ;
#2240 = CARTESIAN_POINT ( 'NONE',  ( 2.502990272987425600, 0.5500000000000105900, 1.502499999999999500 ) ) ;
#2241 = CARTESIAN_POINT ( 'NONE',  ( -2.200000000000001100, 0.5500000000000105900, -2.152500000000000300 ) ) ;
#2242 = EDGE_CURVE ( 'NONE', #50, #448, #6266, .T. ) ;
#2243 = EDGE_CURVE ( 'NONE', #1618, #1275, #4890, .T. ) ;
#2244 = VECTOR ( 'NONE', #2225, 1000.000000000000000 ) ;
#2245 = ORIENTED_EDGE ( 'NONE', *, *, #5281, .T. ) ;
#2246 = ADVANCED_FACE ( 'NONE', ( #4788 ), #6445, .F. ) ;
#2247 = AXIS2_PLACEMENT_3D ( 'NONE', #4132, #686, #1258 ) ;
#2248 = DIRECTION ( 'NONE',  ( 0.0000000000000000000, 0.0000000000000000000, 1.000000000000000000 ) ) ;
#2249 = CARTESIAN_POINT ( 'NONE',  ( 2.502990272987425600, 0.6999999999999905200, -0.8525000000000003700 ) ) ;
#2250 = ORIENTED_EDGE ( 'NONE', *, *, #3438, .F. ) ;
#2251 = ORIENTED_EDGE ( 'NONE', *, *, #3236, .T. ) ;
#2252 = CARTESIAN_POINT ( 'NONE',  ( -2.791986582380880500, 0.1781656850632323000, -2.152500000000000300 ) ) ;
#2253 = CARTESIAN_POINT ( 'NONE',  ( -2.791986582380880500, 0.1781656850632323000, 0.4474999999999995600 ) ) ;
#2254 = DIRECTION ( 'NONE',  ( 0.0000000000000000000, -0.0000000000000000000, 1.000000000000000000 ) ) ;
#2255 = AXIS2_PLACEMENT_3D ( 'NONE', #934, #2158, #4935 ) ;
#2256 = EDGE_LOOP ( 'NONE', ( #1179, #4069, #4480, #7395 ) ) ;
#2257 = ORIENTED_EDGE ( 'NONE', *, *, #7350, .T. ) ;
#2258 = VERTEX_POINT ( 'NONE', #6455 ) ;
#2259 = DIRECTION ( 'NONE',  ( -0.0000000000000000000, -0.0000000000000000000, -1.000000000000000000 ) ) ;
#2260 = FILL_AREA_STYLE ('',( #5126 ) ) ;
#2261 = VERTEX_POINT ( 'NONE', #5951 ) ;
#2262 = ORIENTED_EDGE ( 'NONE', *, *, #2990, .T. ) ;
#2263 = ORIENTED_EDGE ( 'NONE', *, *, #1996, .F. ) ;
#2264 = CIRCLE ( 'NONE', #4661, 0.07200972701257388200 ) ;
#2265 = AXIS2_PLACEMENT_3D ( 'NONE', #4356, #5456, #3752 ) ;
#2266 = FILL_AREA_STYLE ('',( #1054 ) ) ;
#2267 = DIRECTION ( 'NONE',  ( -0.06975647374411825300, -0.9975640502598247500, 0.0000000000000000000 ) ) ;
#2268 = EDGE_LOOP ( 'NONE', ( #2156, #1051, #346, #5847 ) ) ;
#2269 = FACE_OUTER_BOUND ( 'NONE', #770, .T. ) ;
#2270 = ORIENTED_EDGE ( 'NONE', *, *, #608, .F. ) ;
#2271 = ADVANCED_FACE ( 'NONE', ( #5353 ), #6475, .F. ) ;
#2272 = LINE ( 'NONE', #4748, #5883 ) ;
#2273 = DIRECTION ( 'NONE',  ( 0.06975647374411851600, -0.9975640502598247500, 0.0000000000000000000 ) ) ;
#2274 = EDGE_CURVE ( 'NONE', #5007, #715, #6082, .T. ) ;
#2275 = AXIS2_PLACEMENT_3D ( 'NONE', #3220, #4276, #5546 ) ;
#2276 = DIRECTION ( 'NONE',  ( -0.0000000000000000000, -0.0000000000000000000, -1.000000000000000000 ) ) ;
#2277 = DIRECTION ( 'NONE',  ( -1.000000000000000000, -0.0000000000000000000, -0.0000000000000000000 ) ) ;
#2278 = ORIENTED_EDGE ( 'NONE', *, *, #6965, .F. ) ;
#2279 = LINE ( 'NONE', #1617, #4596 ) ;
#2280 = PLANE ( 'NONE',  #1197 ) ;
#2281 = CARTESIAN_POINT ( 'NONE',  ( 3.200000000000000200, 0.1496346075389538600, -2.152500000000000300 ) ) ;
#2282 = FACE_OUTER_BOUND ( 'NONE', #3061, .T. ) ;
#2283 = ORIENTED_EDGE ( 'NONE', *, *, #899, .F. ) ;
#2284 = CARTESIAN_POINT ( 'NONE',  ( 3.200000000000000200, 0.1496346075389538600, 0.4474999999999995600 ) ) ;
#2285 = EDGE_CURVE ( 'NONE', #4789, #1485, #3893, .T. ) ;
#2286 = FACE_OUTER_BOUND ( 'NONE', #1987, .T. ) ;
#2287 = CARTESIAN_POINT ( 'NONE',  ( -2.575000000000000200, 0.4779902729874362900, -1.747500000000000300 ) ) ;
#2288 = UNCERTAINTY_MEASURE_WITH_UNIT (LENGTH_MEASURE( 1.000000000000000100E-005 ), #5675, 'distance_accuracy_value', 'NONE');
#2289 = CARTESIAN_POINT ( 'NONE',  ( 2.200000000000001100, 0.6999999999999905200, 1.097499999999999500 ) ) ;
#2290 = ORIENTED_EDGE ( 'NONE', *, *, #5380, .F. ) ;
#2291 = CARTESIAN_POINT ( 'NONE',  ( -2.502990272987425600, 0.5500000000000105900, -0.2025000000000004300 ) ) ;
#2292 = ORIENTED_EDGE ( 'NONE', *, *, #1587, .T. ) ;
#2293 = ORIENTED_EDGE ( 'NONE', *, *, #6080, .F. ) ;
#2294 = SURFACE_STYLE_FILL_AREA ( #7420 ) ;
#2295 = DIRECTION ( 'NONE',  ( -0.06975647374411851600, 0.9975640502598247500, 0.0000000000000000000 ) ) ;
#2296 = LINE ( 'NONE', #4866, #4348 ) ;
#2297 = ORIENTED_EDGE ( 'NONE', *, *, #7396, .T. ) ;
#2298 = EDGE_CURVE ( 'NONE', #3303, #3319, #2644, .T. ) ;
#2299 = PLANE ( 'NONE',  #1934 ) ;
#2300 = LINE ( 'NONE', #4461, #1855 ) ;
#2301 = DIRECTION ( 'NONE',  ( 0.9975640502598247500, 0.06975647374411851600, -0.0000000000000000000 ) ) ;
#2302 = VECTOR ( 'NONE', #3789, 1000.000000000000000 ) ;
#2303 = ORIENTED_EDGE ( 'NONE', *, *, #1288, .F. ) ;
#2304 = DIRECTION ( 'NONE',  ( -0.0000000000000000000, -0.0000000000000000000, -1.000000000000000000 ) ) ;
#2305 = CARTESIAN_POINT ( 'NONE',  ( 3.200000000000000200, 0.1496346075389538600, -0.4475000000000004000 ) ) ;
#2306 = DIRECTION ( 'NONE',  ( -0.9975640502598247500, 0.06975647374411851600, 0.0000000000000000000 ) ) ;
#2307 = VECTOR ( 'NONE', #6651, 1000.000000000000000 ) ;
#2308 = CIRCLE ( 'NONE', #5658, 0.07200972701257388200 ) ;
#2309 = ORIENTED_EDGE ( 'NONE', *, *, #1430, .F. ) ;
#2310 = ADVANCED_FACE ( 'NONE', ( #959 ), #2828, .T. ) ;
#2311 = DIRECTION ( 'NONE',  ( 1.000000000000000000, 0.0000000000000000000, 0.0000000000000000000 ) ) ;
#2312 = AXIS2_PLACEMENT_3D ( 'NONE', #2423, #1872, #2441 ) ;
#2313 = CARTESIAN_POINT ( 'NONE',  ( 3.189536528938383700, -3.794707603699265500E-016, 0.2024999999999995700 ) ) ;
#2314 = PLANE ( 'NONE',  #4388 ) ;
#2315 = CARTESIAN_POINT ( 'NONE',  ( 2.200000000000001100, 0.5500000000000105900, 1.097499999999999500 ) ) ;
#2316 = DIRECTION ( 'NONE',  ( -0.0000000000000000000, -0.0000000000000000000, -1.000000000000000000 ) ) ;
#2317 = LINE ( 'NONE', #3499, #978 ) ;
#2318 = VERTEX_POINT ( 'NONE', #5291 ) ;
#2319 = VECTOR ( 'NONE', #3416, 1000.000000000000000 ) ;
#2320 = ORIENTED_EDGE ( 'NONE', *, *, #7446, .F. ) ;
#2321 = ADVANCED_FACE ( 'NONE', ( #2030 ), #1350, .F. ) ;
#2322 = EDGE_CURVE ( 'NONE', #1807, #1845, #3268, .T. ) ;
#2323 = AXIS2_PLACEMENT_3D ( 'NONE', #5213, #89, #3477 ) ;
#2324 = PLANE ( 'NONE',  #1540 ) ;
#2325 = VECTOR ( 'NONE', #7203, 1000.000000000000000 ) ;
#2326 = CARTESIAN_POINT ( 'NONE',  ( 3.189536528938383700, -3.794707603699265500E-016, 0.4474999999999995600 ) ) ;
#2327 = FACE_OUTER_BOUND ( 'NONE', #728, .T. ) ;
#2328 = ORIENTED_EDGE ( 'NONE', *, *, #6363, .F. ) ;
#2329 = ORIENTED_EDGE ( 'NONE', *, *, #2466, .F. ) ;
#2330 = DIRECTION ( 'NONE',  ( -0.9975640502598247500, -0.06975647374411825300, 0.0000000000000000000 ) ) ;
#2331 = CARTESIAN_POINT ( 'NONE',  ( -2.502990272987425600, 0.5500000000000105900, -0.2025000000000004300 ) ) ;
#2332 = CARTESIAN_POINT ( 'NONE',  ( -2.200000000000001100, 0.6999999999999905200, -1.502500000000000400 ) ) ;
#2333 = EDGE_CURVE ( 'NONE', #4657, #2318, #6975, .T. ) ;
#2334 = DIRECTION ( 'NONE',  ( -0.9975640502598247500, 0.06975647374411851600, 0.0000000000000000000 ) ) ;
#2335 = LINE ( 'NONE', #4106, #2416 ) ;
#2336 = ORIENTED_EDGE ( 'NONE', *, *, #636, .T. ) ;
#2337 = SURFACE_STYLE_USAGE ( .BOTH. , #4607 ) ;
#2338 = CARTESIAN_POINT ( 'NONE',  ( -2.200000000000001100, 0.5500000000000105900, 1.097499999999999500 ) ) ;
#2339 = VECTOR ( 'NONE', #688, 1000.000000000000000 ) ;
#2340 = VERTEX_POINT ( 'NONE', #747 ) ;
#2341 = DIRECTION ( 'NONE',  ( -0.0000000000000000000, 0.0000000000000000000, -1.000000000000000000 ) ) ;
#2342 = EDGE_CURVE ( 'NONE', #776, #1777, #1315, .T. ) ;
#2343 = DIRECTION ( 'NONE',  ( -0.0000000000000000000, -1.000000000000000000, -0.0000000000000000000 ) ) ;
#2344 = ORIENTED_EDGE ( 'NONE', *, *, #6893, .F. ) ;
#2345 = AXIS2_PLACEMENT_3D ( 'NONE', #1853, #2424, #3571 ) ;
#2346 = VERTEX_POINT ( 'NONE', #2520 ) ;
#2347 = ORIENTED_EDGE ( 'NONE', *, *, #6901, .T. ) ;
#2348 = ADVANCED_FACE ( 'NONE', ( #4530 ), #4086, .F. ) ;
#2349 = VERTEX_POINT ( 'NONE', #801 ) ;
#2350 = ORIENTED_EDGE ( 'NONE', *, *, #7057, .T. ) ;
#2351 = DIRECTION ( 'NONE',  ( -0.0000000000000000000, -0.0000000000000000000, -1.000000000000000000 ) ) ;
#2352 = ORIENTED_EDGE ( 'NONE', *, *, #6837, .F. ) ;
#2353 = FACE_OUTER_BOUND ( 'NONE', #6208, .T. ) ;
#2354 = AXIS2_PLACEMENT_3D ( 'NONE', #3053, #3103, #7083 ) ;
#2355 = CARTESIAN_POINT ( 'NONE',  ( -2.797009727012554200, 0.2500000000000000000, 2.397500000000000000 ) ) ;
#2356 = ADVANCED_FACE ( 'NONE', ( #1138 ), #2023, .F. ) ;
#2357 = ORIENTED_EDGE ( 'NONE', *, *, #1932, .T. ) ;
#2358 = EDGE_LOOP ( 'NONE', ( #6734, #7011, #984, #3249 ) ) ;
#2359 = CARTESIAN_POINT ( 'NONE',  ( -2.502990272987425600, 0.4779902729874362900, 1.747499999999999400 ) ) ;
#2360 = EDGE_CURVE ( 'NONE', #683, #4749, #146, .T. ) ;
#2361 = CARTESIAN_POINT ( 'NONE',  ( -2.575000000000000200, 0.2500000000000000000, 1.747499999999999400 ) ) ;
#2362 = EDGE_CURVE ( 'NONE', #6257, #4851, #2296, .T. ) ;
#2363 = EDGE_LOOP ( 'NONE', ( #7389, #7307, #2707, #2705 ) ) ;
#2364 = VECTOR ( 'NONE', #5434, 1000.000000000000000 ) ;
#2365 = ORIENTED_EDGE ( 'NONE', *, *, #5554, .T. ) ;
#2366 = LINE ( 'NONE', #1243, #4049 ) ;
#2367 = DIRECTION ( 'NONE',  ( -0.0000000000000000000, -0.0000000000000000000, -1.000000000000000000 ) ) ;
#2368 = CARTESIAN_POINT ( 'NONE',  ( 2.502990272987425600, 0.5500000000000105900, -2.152500000000000300 ) ) ;
#2369 = CARTESIAN_POINT ( 'NONE',  ( 2.724999999999980500, 0.4779902729874362400, -2.152500000000000300 ) ) ;
#2370 = LINE ( 'NONE', #2918, #3530 ) ;
#2371 = EDGE_CURVE ( 'NONE', #3313, #2750, #772, .T. ) ;
#2372 = LINE ( 'NONE', #7210, #6961 ) ;
#2373 = ORIENTED_EDGE ( 'NONE', *, *, #6332, .T. ) ;
#2374 = EDGE_LOOP ( 'NONE', ( #2320, #3894, #4556, #9, #2948, #599, #6695, #6742, #4672, #4843, #868, #1422 ) ) ;
#2375 = DIRECTION ( 'NONE',  ( 0.0000000000000000000, 0.0000000000000000000, 1.000000000000000000 ) ) ;
#2376 = CARTESIAN_POINT ( 'NONE',  ( -3.200000000000000200, 0.1496346075389538600, 1.097499999999999500 ) ) ;
#2377 = DIRECTION ( 'NONE',  ( 0.0000000000000000000, 1.000000000000000000, -0.0000000000000000000 ) ) ;
#2378 = CARTESIAN_POINT ( 'NONE',  ( -3.189536528938383700, -3.794707603699265500E-016, -0.2025000000000004300 ) ) ;
#2379 = VECTOR ( 'NONE', #1456, 1000.000000000000000 ) ;
#2380 = LINE ( 'NONE', #4896, #508 ) ;
#2381 = ORIENTED_EDGE ( 'NONE', *, *, #5157, .F. ) ;
#2382 = CLOSED_SHELL ( 'NONE', ( #2356, #330, #3282, #6314, #4213, #4901, #3728, #3019, #5746, #6917, #7418, #5250, #4820, #6122 ) ) ;
#2383 = EDGE_CURVE ( 'NONE', #1614, #3054, #3630, .T. ) ;
#2384 = EDGE_CURVE ( 'NONE', #1889, #2813, #2118, .T. ) ;
#2385 = DIRECTION ( 'NONE',  ( 0.0000000000000000000, 0.0000000000000000000, 1.000000000000000000 ) ) ;
#2386 = LINE ( 'NONE', #2410, #3544 ) ;
#2387 = DIRECTION ( 'NONE',  ( -1.000000000000000000, 0.0000000000000000000, 0.0000000000000000000 ) ) ;
#2388 = ORIENTED_EDGE ( 'NONE', *, *, #3382, .F. ) ;
#2389 =( GEOMETRIC_REPRESENTATION_CONTEXT ( 3 ) GLOBAL_UNCERTAINTY_ASSIGNED_CONTEXT ( ( #7168 ) ) GLOBAL_UNIT_ASSIGNED_CONTEXT ( ( #5176, #2857, #7 ) ) REPRESENTATION_CONTEXT ( 'NONE', 'WORKASPACE' ) );
#2390 = SURFACE_SIDE_STYLE ('',( #5926 ) ) ;
#2391 = LINE ( 'NONE', #2894, #1500 ) ;
#2392 = ORIENTED_EDGE ( 'NONE', *, *, #828, .F. ) ;
#2393 = ADVANCED_FACE ( 'NONE', ( #3807 ), #324, .F. ) ;
#2394 = ORIENTED_EDGE ( 'NONE', *, *, #5763, .T. ) ;
#2395 = CYLINDRICAL_SURFACE ( 'NONE', #5284, 0.07200972701257388200 ) ;
#2396 = DIRECTION ( 'NONE',  ( -0.0000000000000000000, -0.0000000000000000000, -1.000000000000000000 ) ) ;
#2397 = EDGE_CURVE ( 'NONE', #3414, #4922, #5445, .T. ) ;
#2398 = FACE_OUTER_BOUND ( 'NONE', #6710, .T. ) ;
#2399 = ORIENTED_EDGE ( 'NONE', *, *, #2425, .T. ) ;
#2400 = CARTESIAN_POINT ( 'NONE',  ( -2.502990272987425600, 0.4779902729874362900, -2.397500000000000400 ) ) ;
#2401 = AXIS2_PLACEMENT_3D ( 'NONE', #53, #4041, #4631 ) ;
#2402 = PLANE ( 'NONE',  #2591 ) ;
#2403 = FACE_OUTER_BOUND ( 'NONE', #21, .T. ) ;
#2404 = CARTESIAN_POINT ( 'NONE',  ( -2.724999999999980500, 0.2500000000000000000, 1.097499999999999500 ) ) ;
#2405 = CARTESIAN_POINT ( 'NONE',  ( 2.200000000000001100, 0.5500000000000105900, 0.8524999999999994800 ) ) ;
#2406 = VECTOR ( 'NONE', #6062, 1000.000000000000000 ) ;
#2407 = ORIENTED_EDGE ( 'NONE', *, *, #7340, .T. ) ;
#2408 = CARTESIAN_POINT ( 'NONE',  ( -2.200000000000001100, 0.5500000000000105900, -2.499999999999997300 ) ) ;
#2409 = LINE ( 'NONE', #665, #7069 ) ;
#2410 = CARTESIAN_POINT ( 'NONE',  ( -2.200000000000001100, 0.5500000000000105900, -2.499999999999997300 ) ) ;
#2411 = AXIS2_PLACEMENT_3D ( 'NONE', #7227, #2603, #3769 ) ;
#2412 = PRESENTATION_STYLE_ASSIGNMENT (( #6938 ) ) ;
#2413 = ORIENTED_EDGE ( 'NONE', *, *, #328, .T. ) ;
#2414 = DIRECTION ( 'NONE',  ( -0.0000000000000000000, -1.000000000000000000, -0.0000000000000000000 ) ) ;
#2415 = CARTESIAN_POINT ( 'NONE',  ( 2.575000000000000200, 0.2500000000000000000, 1.097499999999999500 ) ) ;
#2416 = VECTOR ( 'NONE', #5775, 1000.000000000000000 ) ;
#2417 = CLOSED_SHELL ( 'NONE', ( #5836, #5259, #520, #14, #7016, #1376, #4981, #4941, #4714, #6828, #4253, #7174, #3583, #5629 ) ) ;
#2418 = EDGE_CURVE ( 'NONE', #3899, #3280, #873, .T. ) ;
#2419 = DIRECTION ( 'NONE',  ( 0.0000000000000000000, -1.000000000000000000, 0.0000000000000000000 ) ) ;
#2420 = CARTESIAN_POINT ( 'NONE',  ( -2.724999999999980100, 0.4779902729874363500, -0.4475000000000004000 ) ) ;
#2421 = CIRCLE ( 'NONE', #3701, 0.2220097270125543400 ) ;
#2422 = ORIENTED_EDGE ( 'NONE', *, *, #6998, .T. ) ;
#2423 = CARTESIAN_POINT ( 'NONE',  ( -2.502990272987425600, 0.4779902729874362900, -2.397500000000000400 ) ) ;
#2424 = DIRECTION ( 'NONE',  ( 0.0000000000000000000, 0.0000000000000000000, 1.000000000000000000 ) ) ;
#2425 = EDGE_CURVE ( 'NONE', #1725, #1174, #2560, .T. ) ;
#2426 = CARTESIAN_POINT ( 'NONE',  ( 2.502990272987425600, 0.4779902729874362900, 1.097499999999999500 ) ) ;
#2427 = ADVANCED_FACE ( 'NONE', ( #2209 ), #3712, .F. ) ;
#2428 = ORIENTED_EDGE ( 'NONE', *, *, #5124, .F. ) ;
#2429 = ORIENTED_EDGE ( 'NONE', *, *, #2859, .F. ) ;
#2430 = DIRECTION ( 'NONE',  ( -0.9975640502598247500, 0.06975647374411825300, -0.0000000000000000000 ) ) ;
#2431 = ORIENTED_EDGE ( 'NONE', *, *, #605, .T. ) ;
#2432 = ORIENTED_EDGE ( 'NONE', *, *, #1670, .F. ) ;
#2433 = CARTESIAN_POINT ( 'NONE',  ( -2.575000000000000200, 0.4779902729874362900, 1.502499999999999500 ) ) ;
#2434 = VERTEX_POINT ( 'NONE', #4263 ) ;
#2435 = ORIENTED_EDGE ( 'NONE', *, *, #3854, .T. ) ;
#2436 = EDGE_CURVE ( 'NONE', #866, #3109, #2380, .T. ) ;
#2437 = CARTESIAN_POINT ( 'NONE',  ( 2.502990272987425600, 0.6999999999999905200, 1.747499999999999400 ) ) ;
#2438 = ORIENTED_EDGE ( 'NONE', *, *, #5168, .T. ) ;
#2439 = ORIENTED_EDGE ( 'NONE', *, *, #2384, .T. ) ;
#2440 = LINE ( 'NONE', #1458, #3861 ) ;
#2441 = DIRECTION ( 'NONE',  ( 1.000000000000000000, 0.0000000000000000000, -0.0000000000000000000 ) ) ;
#2442 = ORIENTED_EDGE ( 'NONE', *, *, #1797, .F. ) ;
#2443 = VECTOR ( 'NONE', #4080, 1000.000000000000000 ) ;
#2444 = CARTESIAN_POINT ( 'NONE',  ( 2.724999999999980500, 0.4779902729874362400, -1.747500000000000300 ) ) ;
#2445 = VERTEX_POINT ( 'NONE', #7144 ) ;
#2446 = FACE_OUTER_BOUND ( 'NONE', #439, .T. ) ;
#2447 = CARTESIAN_POINT ( 'NONE',  ( -2.200000000000001100, 0.6999999999999905200, -0.8525000000000003700 ) ) ;
#2448 = DIRECTION ( 'NONE',  ( -0.0000000000000000000, 0.0000000000000000000, -1.000000000000000000 ) ) ;
#2449 = DIRECTION ( 'NONE',  ( -1.000000000000000000, 0.0000000000000000000, 0.0000000000000000000 ) ) ;
#2450 = VECTOR ( 'NONE', #453, 1000.000000000000000 ) ;
#2451 = DIRECTION ( 'NONE',  ( -0.0000000000000000000, -0.0000000000000000000, -1.000000000000000000 ) ) ;
#2452 = SURFACE_STYLE_FILL_AREA ( #1114 ) ;
#2453 = VECTOR ( 'NONE', #4580, 1000.000000000000000 ) ;
#2454 = EDGE_CURVE ( 'NONE', #5047, #1602, #4615, .T. ) ;
#2455 = PLANE ( 'NONE',  #6659 ) ;
#2456 = ORIENTED_EDGE ( 'NONE', *, *, #6447, .F. ) ;
#2457 = STYLED_ITEM ( 'NONE', ( #2155 ), #782 ) ;
#2458 = VECTOR ( 'NONE', #1356, 1000.000000000000000 ) ;
#2459 = ADVANCED_FACE ( 'NONE', ( #7142 ), #291, .F. ) ;
#2460 = CYLINDRICAL_SURFACE ( 'NONE', #7101, 0.2220097270125543400 ) ;
#2461 = ORIENTED_EDGE ( 'NONE', *, *, #4862, .T. ) ;
#2462 = CARTESIAN_POINT ( 'NONE',  ( 3.200000000000000200, 0.1496346075389538600, 1.502499999999999500 ) ) ;
#2463 = EDGE_LOOP ( 'NONE', ( #7185, #5623, #6751, #7248 ) ) ;
#2464 = ORIENTED_EDGE ( 'NONE', *, *, #5369, .F. ) ;
#2465 = CARTESIAN_POINT ( 'NONE',  ( 2.724999999999980500, 0.2500000000000000000, -0.8525000000000003700 ) ) ;
#2466 = EDGE_CURVE ( 'NONE', #4048, #885, #3179, .T. ) ;
#2467 = LINE ( 'NONE', #521, #5267 ) ;
#2468 = DIRECTION ( 'NONE',  ( -0.0000000000000000000, -0.0000000000000000000, -1.000000000000000000 ) ) ;
#2469 = ORIENTED_EDGE ( 'NONE', *, *, #2500, .F. ) ;
#2470 = EDGE_LOOP ( 'NONE', ( #5538, #827, #3780, #891 ) ) ;
#2471 = VECTOR ( 'NONE', #2944, 1000.000000000000000 ) ;
#2472 = ORIENTED_EDGE ( 'NONE', *, *, #3658, .F. ) ;
#2473 = DIRECTION ( 'NONE',  ( -0.0000000000000000000, -0.0000000000000000000, -1.000000000000000000 ) ) ;
#2474 = DIRECTION ( 'NONE',  ( -0.0000000000000000000, -0.0000000000000000000, -1.000000000000000000 ) ) ;
#2475 = CARTESIAN_POINT ( 'NONE',  ( -2.502990272987425600, 0.4779902729874362900, -1.502500000000000400 ) ) ;
#2476 = CIRCLE ( 'NONE', #1388, 0.2220097270125543400 ) ;
#2477 = ORIENTED_EDGE ( 'NONE', *, *, #666, .T. ) ;
#2478 = ORIENTED_EDGE ( 'NONE', *, *, #7224, .T. ) ;
#2479 = DIRECTION ( 'NONE',  ( 0.0000000000000000000, -1.000000000000000000, 0.0000000000000000000 ) ) ;
#2480 = EDGE_CURVE ( 'NONE', #1472, #4008, #322, .T. ) ;
#2481 = CARTESIAN_POINT ( 'NONE',  ( -2.200000000000001100, 0.5500000000000105900, -1.097500000000000400 ) ) ;
#2482 = AXIS2_PLACEMENT_3D ( 'NONE', #4370, #863, #6682 ) ;
#2483 = LINE ( 'NONE', #6685, #2570 ) ;
#2484 = FACE_OUTER_BOUND ( 'NONE', #6097, .T. ) ;
#2485 = EDGE_LOOP ( 'NONE', ( #1308, #4745, #1502, #6478 ) ) ;
#2486 = DIRECTION ( 'NONE',  ( -0.0000000000000000000, -0.0000000000000000000, -1.000000000000000000 ) ) ;
#2487 = CARTESIAN_POINT ( 'NONE',  ( 2.200000000000001100, 0.5500000000000105900, -1.502500000000000400 ) ) ;
#2488 = VECTOR ( 'NONE', #5671, 1000.000000000000000 ) ;
#2489 = ORIENTED_EDGE ( 'NONE', *, *, #739, .F. ) ;
#2490 = DIRECTION ( 'NONE',  ( 0.06975647374411851600, 0.9975640502598247500, -0.0000000000000000000 ) ) ;
#2491 = CYLINDRICAL_SURFACE ( 'NONE', #1230, 0.2220097270125543400 ) ;
#2492 = ORIENTED_EDGE ( 'NONE', *, *, #1088, .F. ) ;
#2493 = AXIS2_PLACEMENT_3D ( 'NONE', #1830, #730, #5347 ) ;
#2494 = CARTESIAN_POINT ( 'NONE',  ( -3.189536528938383700, -3.794707603699265500E-016, 0.4474999999999995600 ) ) ;
#2495 = DIRECTION ( 'NONE',  ( -0.0000000000000000000, 0.0000000000000000000, -1.000000000000000000 ) ) ;
#2496 = VERTEX_POINT ( 'NONE', #2659 ) ;
#2497 = ORIENTED_EDGE ( 'NONE', *, *, #4512, .T. ) ;
#2498 = ADVANCED_FACE ( 'NONE', ( #5809 ), #3757, .T. ) ;
#2499 = CARTESIAN_POINT ( 'NONE',  ( 2.797009727012554200, 0.2500000000000000000, 0.4474999999999995600 ) ) ;
#2500 = EDGE_CURVE ( 'NONE', #3819, #4360, #4702, .T. ) ;
#2501 = EDGE_CURVE ( 'NONE', #1717, #1592, #5435, .T. ) ;
#2502 = DIRECTION ( 'NONE',  ( -1.000000000000000000, 0.0000000000000000000, 0.0000000000000000000 ) ) ;
#2503 = CARTESIAN_POINT ( 'NONE',  ( 2.502990272987425600, 0.4779902729874362900, 1.502499999999999500 ) ) ;
#2504 = DIRECTION ( 'NONE',  ( -0.0000000000000000000, -0.0000000000000000000, -1.000000000000000000 ) ) ;
#2505 = ORIENTED_EDGE ( 'NONE', *, *, #3485, .T. ) ;
#2506 = VECTOR ( 'NONE', #5161, 1000.000000000000000 ) ;
#2507 = VERTEX_POINT ( 'NONE', #4925 ) ;
#2508 = DIRECTION ( 'NONE',  ( -0.0000000000000000000, 0.0000000000000000000, -1.000000000000000000 ) ) ;
#2509 = CARTESIAN_POINT ( 'NONE',  ( -2.200000000000001100, 0.6999999999999905200, -2.152500000000000300 ) ) ;
#2510 = ORIENTED_EDGE ( 'NONE', *, *, #237, .F. ) ;
#2511 = EDGE_CURVE ( 'NONE', #3229, #1865, #7422, .T. ) ;
#2512 = AXIS2_PLACEMENT_3D ( 'NONE', #2655, #6172, #3826 ) ;
#2513 = ORIENTED_EDGE ( 'NONE', *, *, #3452, .F. ) ;
#2514 = VERTEX_POINT ( 'NONE', #5508 ) ;
#2515 = DIRECTION ( 'NONE',  ( -1.000000000000000000, 0.0000000000000000000, 0.0000000000000000000 ) ) ;
#2516 = PLANE ( 'NONE',  #2179 ) ;
#2517 = ORIENTED_EDGE ( 'NONE', *, *, #5260, .F. ) ;
#2518 = ORIENTED_EDGE ( 'NONE', *, *, #4715, .T. ) ;
#2519 = ORIENTED_EDGE ( 'NONE', *, *, #5620, .F. ) ;
#2520 = CARTESIAN_POINT ( 'NONE',  ( 2.200000000000001100, 0.5500000000000105900, 2.500000000000001800 ) ) ;
#2521 = VECTOR ( 'NONE', #7260, 1000.000000000000000 ) ;
#2522 = CARTESIAN_POINT ( 'NONE',  ( -2.575000000000000200, 0.2500000000000000000, 1.502499999999999500 ) ) ;
#2523 = EDGE_CURVE ( 'NONE', #6738, #4511, #1572, .T. ) ;
#2524 = DIRECTION ( 'NONE',  ( -1.000000000000000000, 0.0000000000000000000, 0.0000000000000000000 ) ) ;
#2525 = CARTESIAN_POINT ( 'NONE',  ( -2.791986582380880500, 0.1781656850632321000, -1.747500000000000300 ) ) ;
#2526 = ORIENTED_EDGE ( 'NONE', *, *, #459, .T. ) ;
#2527 = PRESENTATION_LAYER_ASSIGNMENT (  '', '', ( #83 ) ) ;
#2528 = ORIENTED_EDGE ( 'NONE', *, *, #6985, .T. ) ;
#2529 = ORIENTED_EDGE ( 'NONE', *, *, #7328, .F. ) ;
#2530 = CARTESIAN_POINT ( 'NONE',  ( -2.200000000000001100, 0.6999999999999905200, 0.2024999999999995700 ) ) ;
#2531 = DIRECTION ( 'NONE',  ( -0.9975640502598247500, 0.06975647374411851600, 0.0000000000000000000 ) ) ;
#2532 = ORIENTED_EDGE ( 'NONE', *, *, #6837, .T. ) ;
#2533 = EDGE_CURVE ( 'NONE', #1538, #6971, #5617, .T. ) ;
#2534 = ORIENTED_EDGE ( 'NONE', *, *, #224, .T. ) ;
#2535 = ORIENTED_EDGE ( 'NONE', *, *, #1523, .T. ) ;
#2536 = LINE ( 'NONE', #2228, #5875 ) ;
#2537 = ADVANCED_FACE ( 'NONE', ( #7231 ), #6098, .F. ) ;
#2538 = DIRECTION ( 'NONE',  ( 0.0000000000000000000, -0.0000000000000000000, 1.000000000000000000 ) ) ;
#2539 = PLANE ( 'NONE',  #2354 ) ;
#2540 = SURFACE_STYLE_USAGE ( .BOTH. , #7162 ) ;
#2541 = CARTESIAN_POINT ( 'NONE',  ( 2.200000000000001100, 0.5500000000000105900, 2.397500000000000000 ) ) ;
#2542 = LINE ( 'NONE', #7456, #1031 ) ;
#2543 = VERTEX_POINT ( 'NONE', #5560 ) ;
#2544 = FACE_OUTER_BOUND ( 'NONE', #5732, .T. ) ;
#2545 = VECTOR ( 'NONE', #3412, 1000.000000000000000 ) ;
#2546 = DIRECTION ( 'NONE',  ( 0.0000000000000000000, 1.000000000000000000, 0.0000000000000000000 ) ) ;
#2547 = CARTESIAN_POINT ( 'NONE',  ( -2.502990272987425600, 0.4779902729874362900, 2.397500000000000000 ) ) ;
#2548 = CARTESIAN_POINT ( 'NONE',  ( -2.200000000000001100, 0.5500000000000105900, -2.499999999999997300 ) ) ;
#2549 = EDGE_LOOP ( 'NONE', ( #2798, #7064, #975, #2119 ) ) ;
#2550 = VECTOR ( 'NONE', #3427, 1000.000000000000000 ) ;
#2551 = CARTESIAN_POINT ( 'NONE',  ( 2.575000000000000200, 0.4779902729874362900, 1.747499999999999400 ) ) ;
#2552 = DIRECTION ( 'NONE',  ( 1.971276677246371500E-016, -0.0000000000000000000, 1.000000000000000000 ) ) ;
#2553 = ORIENTED_EDGE ( 'NONE', *, *, #6858, .F. ) ;
#2554 = ORIENTED_EDGE ( 'NONE', *, *, #3261, .F. ) ;
#2555 = CARTESIAN_POINT ( 'NONE',  ( 2.724999999999980500, 0.4779902729874362400, 1.097499999999999500 ) ) ;
#2556 = VECTOR ( 'NONE', #2226, 1000.000000000000000 ) ;
#2557 = EDGE_CURVE ( 'NONE', #6279, #5412, #5990, .T. ) ;
#2558 = CARTESIAN_POINT ( 'NONE',  ( -2.791986582380880500, 0.1781656850632323000, 2.397500000000000000 ) ) ;
#2559 = AXIS2_PLACEMENT_3D ( 'NONE', #2499, #4902, #1450 ) ;
#2560 = LINE ( 'NONE', #1475, #2021 ) ;
#2561 = ORIENTED_EDGE ( 'NONE', *, *, #5698, .F. ) ;
#2562 = ORIENTED_EDGE ( 'NONE', *, *, #5031, .T. ) ;
#2563 = CARTESIAN_POINT ( 'NONE',  ( -2.502990272987425600, 0.5500000000000105900, -2.152500000000000300 ) ) ;
#2564 = CIRCLE ( 'NONE', #6874, 0.07200972701257388200 ) ;
#2565 = DIRECTION ( 'NONE',  ( -1.000000000000000000, 0.0000000000000000000, 0.0000000000000000000 ) ) ;
#2566 = DIRECTION ( 'NONE',  ( 0.0000000000000000000, 0.0000000000000000000, 1.000000000000000000 ) ) ;
#2567 = EDGE_LOOP ( 'NONE', ( #5813, #3982, #1808, #2837, #4884, #1317, #5618, #2561, #2283, #6820, #2672, #3235 ) ) ;
#2568 = CARTESIAN_POINT ( 'NONE',  ( -3.200000000000000200, 0.1496346075389538600, -0.2025000000000004300 ) ) ;
#2569 = EDGE_CURVE ( 'NONE', #5368, #3313, #4066, .T. ) ;
#2570 = VECTOR ( 'NONE', #387, 1000.000000000000000 ) ;
#2571 = AXIS2_PLACEMENT_3D ( 'NONE', #849, #6027, #271 ) ;
#2572 = CARTESIAN_POINT ( 'NONE',  ( 2.200000000000001100, 0.5500000000000105900, -2.397500000000000400 ) ) ;
#2573 = LINE ( 'NONE', #4841, #3898 ) ;
#2574 = ORIENTED_EDGE ( 'NONE', *, *, #2159, .T. ) ;
#2575 = CARTESIAN_POINT ( 'NONE',  ( 2.575000000000000200, 0.2500000000000000000, -2.397500000000000400 ) ) ;
#2576 = ADVANCED_FACE ( 'NONE', ( #4249 ), #952, .F. ) ;
#2577 = CARTESIAN_POINT ( 'NONE',  ( -2.797009727012554200, 0.2500000000000000000, -1.502500000000000400 ) ) ;
#2578 = FACE_OUTER_BOUND ( 'NONE', #1451, .T. ) ;
#2579 = EDGE_CURVE ( 'NONE', #2993, #2600, #865, .T. ) ;
#2580 = LINE ( 'NONE', #1515, #5282 ) ;
#2581 = ORIENTED_EDGE ( 'NONE', *, *, #5281, .F. ) ;
#2582 = DIRECTION ( 'NONE',  ( 1.000000000000000000, 0.0000000000000000000, 0.0000000000000000000 ) ) ;
#2583 = AXIS2_PLACEMENT_3D ( 'NONE', #6441, #1736, #2387 ) ;
#2584 = CARTESIAN_POINT ( 'NONE',  ( -2.575000000000000200, 0.2500000000000000000, -1.502500000000000400 ) ) ;
#2585 = LINE ( 'NONE', #3381, #4093 ) ;
#2586 = VERTEX_POINT ( 'NONE', #6794 ) ;
#2587 = LINE ( 'NONE', #1933, #4182 ) ;
#2588 = ORIENTED_EDGE ( 'NONE', *, *, #3021, .T. ) ;
#2589 = CARTESIAN_POINT ( 'NONE',  ( -3.189536528938383700, -3.794707603699265500E-016, -1.097500000000000400 ) ) ;
#2590 = CARTESIAN_POINT ( 'NONE',  ( 2.575000000000000200, 0.2500000000000000000, 2.397500000000000000 ) ) ;
#2591 = AXIS2_PLACEMENT_3D ( 'NONE', #1772, #2301, #1751 ) ;
#2592 = FACE_OUTER_BOUND ( 'NONE', #4305, .T. ) ;
#2593 = VERTEX_POINT ( 'NONE', #347 ) ;
#2594 = DIRECTION ( 'NONE',  ( 0.0000000000000000000, 0.0000000000000000000, 1.000000000000000000 ) ) ;
#2595 = DIRECTION ( 'NONE',  ( -0.0000000000000000000, -0.0000000000000000000, -1.000000000000000000 ) ) ;
#2596 = CARTESIAN_POINT ( 'NONE',  ( 2.200000000000001100, 0.6999999999999905200, 1.747499999999999400 ) ) ;
#2597 = PLANE ( 'NONE',  #7310 ) ;
#2598 = CARTESIAN_POINT ( 'NONE',  ( 3.200000000000000200, 0.1496346075389538600, 2.152499999999999900 ) ) ;
#2599 = LINE ( 'NONE', #931, #723 ) ;
#2600 = VERTEX_POINT ( 'NONE', #3290 ) ;
#2601 = EDGE_CURVE ( 'NONE', #5074, #6952, #6787, .T. ) ;
#2602 = EDGE_CURVE ( 'NONE', #2972, #2079, #5073, .T. ) ;
#2603 = DIRECTION ( 'NONE',  ( 0.0000000000000000000, -1.000000000000000000, 0.0000000000000000000 ) ) ;
#2604 = UNCERTAINTY_MEASURE_WITH_UNIT (LENGTH_MEASURE( 1.000000000000000100E-005 ), #4562, 'distance_accuracy_value', 'NONE');
#2605 = CARTESIAN_POINT ( 'NONE',  ( -2.147339000965042400, 0.1499999999999999900, -2.447339000965039100 ) ) ;
#2606 = ORIENTED_EDGE ( 'NONE', *, *, #3263, .T. ) ;
#2607 = ADVANCED_FACE ( 'NONE', ( #7048 ), #6249, .T. ) ;
#2608 = EDGE_CURVE ( 'NONE', #941, #1455, #2820, .T. ) ;
#2609 = ORIENTED_EDGE ( 'NONE', *, *, #829, .T. ) ;
#2610 = DIRECTION ( 'NONE',  ( 0.0000000000000000000, -0.0000000000000000000, -1.000000000000000000 ) ) ;
#2611 = ORIENTED_EDGE ( 'NONE', *, *, #372, .T. ) ;
#2612 = VERTEX_POINT ( 'NONE', #529 ) ;
#2613 = DIRECTION ( 'NONE',  ( 0.9975640502598246400, 0.06975647374411936300, 0.0000000000000000000 ) ) ;
#2614 = ORIENTED_EDGE ( 'NONE', *, *, #5465, .T. ) ;
#2615 = DIRECTION ( 'NONE',  ( -1.000000000000000000, 0.0000000000000000000, 0.0000000000000000000 ) ) ;
#2616 = VERTEX_POINT ( 'NONE', #5108 ) ;
#2617 = EDGE_CURVE ( 'NONE', #394, #2697, #139, .T. ) ;
#2618 = CARTESIAN_POINT ( 'NONE',  ( 2.502990272987425600, 0.6999999999999905200, 2.397500000000000000 ) ) ;
#2619 = CARTESIAN_POINT ( 'NONE',  ( 3.189536528938383700, -3.794707603699265500E-016, 2.152499999999999900 ) ) ;
#2620 = AXIS2_PLACEMENT_3D ( 'NONE', #1554, #458, #3820 ) ;
#2621 = VERTEX_POINT ( 'NONE', #6862 ) ;
#2622 = PLANE ( 'NONE',  #1107 ) ;
#2623 = ORIENTED_EDGE ( 'NONE', *, *, #787, .T. ) ;
#2624 = VECTOR ( 'NONE', #4847, 1000.000000000000000 ) ;
#2625 = DIRECTION ( 'NONE',  ( 0.9975640502598246400, 0.06975647374411936300, 0.0000000000000000000 ) ) ;
#2626 = PLANE ( 'NONE',  #4424 ) ;
#2627 = DIRECTION ( 'NONE',  ( -1.000000000000000000, 0.0000000000000000000, 0.0000000000000000000 ) ) ;
#2628 = VECTOR ( 'NONE', #5689, 1000.000000000000000 ) ;
#2629 = LINE ( 'NONE', #7317, #945 ) ;
#2630 = LINE ( 'NONE', #2117, #6861 ) ;
#2631 = DIRECTION ( 'NONE',  ( -1.000000000000000000, 0.0000000000000000000, 0.0000000000000000000 ) ) ;
#2632 = ORIENTED_EDGE ( 'NONE', *, *, #3890, .T. ) ;
#2633 = CARTESIAN_POINT ( 'NONE',  ( -2.502990272987425600, 0.5500000000000105900, -0.4475000000000004000 ) ) ;
#2634 = CIRCLE ( 'NONE', #7159, 0.2220097270125543400 ) ;
#2635 = PRESENTATION_STYLE_ASSIGNMENT (( #3418 ) ) ;
#2636 = EDGE_LOOP ( 'NONE', ( #6831, #2700, #7235, #5943 ) ) ;
#2637 = VERTEX_POINT ( 'NONE', #6216 ) ;
#2638 = DIRECTION ( 'NONE',  ( -0.0000000000000000000, -0.0000000000000000000, -1.000000000000000000 ) ) ;
#2639 = VERTEX_POINT ( 'NONE', #7371 ) ;
#2640 = AXIS2_PLACEMENT_3D ( 'NONE', #886, #384, #3218 ) ;
#2641 = PLANE ( 'NONE',  #5026 ) ;
#2642 = ADVANCED_FACE ( 'NONE', ( #1394 ), #2735, .F. ) ;
#2643 = VECTOR ( 'NONE', #1579, 1000.000000000000000 ) ;
#2644 = LINE ( 'NONE', #3015, #4155 ) ;
#2645 = ORIENTED_EDGE ( 'NONE', *, *, #3225, .T. ) ;
#2646 = DIRECTION ( 'NONE',  ( 0.0000000000000000000, 1.000000000000000000, 0.0000000000000000000 ) ) ;
#2647 = DIRECTION ( 'NONE',  ( 0.0000000000000000000, -1.000000000000000000, 0.0000000000000000000 ) ) ;
#2648 = SURFACE_SIDE_STYLE ('',( #6192 ) ) ;
#2649 = EDGE_CURVE ( 'NONE', #4543, #1463, #3885, .T. ) ;
#2650 = VECTOR ( 'NONE', #4975, 1000.000000000000000 ) ;
#2651 = DIRECTION ( 'NONE',  ( -0.0000000000000000000, -0.0000000000000000000, -1.000000000000000000 ) ) ;
#2652 = LINE ( 'NONE', #2315, #1403 ) ;
#2653 = ORIENTED_EDGE ( 'NONE', *, *, #6145, .T. ) ;
#2654 = COLOUR_RGB ( '',0.7921568627450980000, 0.8196078431372548800, 0.9333333333333333500 ) ;
#2655 = CARTESIAN_POINT ( 'NONE',  ( -2.200000000000001100, 0.6999999999999905200, -1.502500000000000400 ) ) ;
#2656 = LINE ( 'NONE', #6535, #2842 ) ;
#2657 = ORIENTED_EDGE ( 'NONE', *, *, #5644, .T. ) ;
#2658 = EDGE_CURVE ( 'NONE', #5401, #5048, #2730, .T. ) ;
#2659 = CARTESIAN_POINT ( 'NONE',  ( 2.791986582380880500, 0.1781656850632321000, -1.747500000000000300 ) ) ;
#2660 =( GEOMETRIC_REPRESENTATION_CONTEXT ( 3 ) GLOBAL_UNCERTAINTY_ASSIGNED_CONTEXT ( ( #7409 ) ) GLOBAL_UNIT_ASSIGNED_CONTEXT ( ( #4336, #3131, #918 ) ) REPRESENTATION_CONTEXT ( 'NONE', 'WORKASPACE' ) );
#2661 = FACE_OUTER_BOUND ( 'NONE', #6259, .T. ) ;
#2662 = ORIENTED_EDGE ( 'NONE', *, *, #4588, .F. ) ;
#2663 = LINE ( 'NONE', #1245, #4094 ) ;
#2664 = EDGE_LOOP ( 'NONE', ( #604, #3675, #6274, #6342, #3161, #2238, #2413, #1990, #1280, #5264, #4396, #2614 ) ) ;
#2665 = DIRECTION ( 'NONE',  ( 1.000000000000000000, 0.0000000000000000000, 0.0000000000000000000 ) ) ;
#2666 = EDGE_CURVE ( 'NONE', #3109, #737, #1306, .T. ) ;
#2667 = CIRCLE ( 'NONE', #4776, 0.2220097270125543400 ) ;
#2668 = CARTESIAN_POINT ( 'NONE',  ( 3.189536528938383700, -3.794707603699265500E-016, -0.8525000000000003700 ) ) ;
#2669 = ORIENTED_EDGE ( 'NONE', *, *, #1611, .F. ) ;
#2670 = CARTESIAN_POINT ( 'NONE',  ( -2.502990272987425600, 0.4779902729874362900, -2.152500000000000300 ) ) ;
#2671 = ORIENTED_EDGE ( 'NONE', *, *, #6624, .T. ) ;
#2672 = ORIENTED_EDGE ( 'NONE', *, *, #5021, .F. ) ;
#2673 = AXIS2_PLACEMENT_3D ( 'NONE', #3882, #7374, #1055 ) ;
#2674 = DIRECTION ( 'NONE',  ( -1.000000000000000000, 0.0000000000000000000, 0.0000000000000000000 ) ) ;
#2675 = CARTESIAN_POINT ( 'NONE',  ( -3.189536528938383700, -3.794707603699265500E-016, 1.502499999999999500 ) ) ;
#2676 = ADVANCED_FACE ( 'NONE', ( #1129 ), #4520, .T. ) ;
#2677 = CARTESIAN_POINT ( 'NONE',  ( 2.797009727012554200, 0.2500000000000000000, 0.2024999999999995700 ) ) ;
#2678 = CIRCLE ( 'NONE', #6038, 0.07200972701257432600 ) ;
#2679 = ORIENTED_EDGE ( 'NONE', *, *, #7396, .F. ) ;
#2680 = CARTESIAN_POINT ( 'NONE',  ( -2.200000000000001100, 0.5500000000000105900, -0.8525000000000003700 ) ) ;
#2681 = CARTESIAN_POINT ( 'NONE',  ( -2.724999999999980100, 0.4779902729874363500, 1.747499999999999400 ) ) ;
#2682 = CARTESIAN_POINT ( 'NONE',  ( 2.724999999999980500, 0.4779902729874362400, -0.8525000000000003700 ) ) ;
#2683 = EDGE_LOOP ( 'NONE', ( #5742, #118, #4829, #4940 ) ) ;
#2684 = ORIENTED_EDGE ( 'NONE', *, *, #4176, .F. ) ;
#2685 = DIRECTION ( 'NONE',  ( -0.9914448613738108300, -0.1305261922200484400, -0.0000000000000000000 ) ) ;
#2686 = DIRECTION ( 'NONE',  ( 0.0000000000000000000, 1.000000000000000000, 0.0000000000000000000 ) ) ;
#2687 = CARTESIAN_POINT ( 'NONE',  ( -3.189536528938383700, -3.794707603699265500E-016, 2.397500000000000000 ) ) ;
#2688 = DIRECTION ( 'NONE',  ( -1.000000000000000000, 0.0000000000000000000, 0.0000000000000000000 ) ) ;
#2689 = EDGE_LOOP ( 'NONE', ( #664, #3434, #6879, #4428 ) ) ;
#2690 = MANIFOLD_SOLID_BREP ( 'LPattern1[9]', #292 ) ;
#2691 = EDGE_CURVE ( 'NONE', #6325, #5355, #5261, .T. ) ;
#2692 = ORIENTED_EDGE ( 'NONE', *, *, #5687, .T. ) ;
#2693 = ORIENTED_EDGE ( 'NONE', *, *, #3485, .F. ) ;
#2694 = DIRECTION ( 'NONE',  ( 1.000000000000000000, 0.0000000000000000000, -0.0000000000000000000 ) ) ;
#2695 = CARTESIAN_POINT ( 'NONE',  ( 3.200000000000000200, 0.1496346075389538600, 0.4474999999999995600 ) ) ;
#2696 = DIRECTION ( 'NONE',  ( 0.9914448613738108300, -0.1305261922200484400, -3.439765352323441400E-016 ) ) ;
#2697 = VERTEX_POINT ( 'NONE', #4050 ) ;
#2698 = DIRECTION ( 'NONE',  ( -0.0000000000000000000, -0.0000000000000000000, -1.000000000000000000 ) ) ;
#2699 = ORIENTED_EDGE ( 'NONE', *, *, #2649, .T. ) ;
#2700 = ORIENTED_EDGE ( 'NONE', *, *, #1058, .T. ) ;
#2701 = LINE ( 'NONE', #5830, #4398 ) ;
#2702 = DIRECTION ( 'NONE',  ( -1.000000000000000000, 0.0000000000000000000, 0.0000000000000000000 ) ) ;
#2703 = EDGE_CURVE ( 'NONE', #2723, #1123, #6170, .T. ) ;
#2704 = CARTESIAN_POINT ( 'NONE',  ( 2.502990272987425600, 0.5500000000000105900, -1.502500000000000400 ) ) ;
#2705 = ORIENTED_EDGE ( 'NONE', *, *, #3297, .T. ) ;
#2706 = AXIS2_PLACEMENT_3D ( 'NONE', #2033, #2647, #5494 ) ;
#2707 = ORIENTED_EDGE ( 'NONE', *, *, #5861, .F. ) ;
#2708 = CYLINDRICAL_SURFACE ( 'NONE', #6506, 0.07200972701257432600 ) ;
#2709 = DIRECTION ( 'NONE',  ( 0.0000000000000000000, -0.0000000000000000000, 1.000000000000000000 ) ) ;
#2710 = CARTESIAN_POINT ( 'NONE',  ( -2.724999999999980100, 0.4779902729874363500, -1.747500000000000300 ) ) ;
#2711 = EDGE_CURVE ( 'NONE', #3516, #6307, #4608, .T. ) ;
#2712 = VECTOR ( 'NONE', #5054, 1000.000000000000000 ) ;
#2713 = ORIENTED_EDGE ( 'NONE', *, *, #1896, .F. ) ;
#2714 = ADVANCED_FACE ( 'NONE', ( #3356 ), #679, .F. ) ;
#2715 = CIRCLE ( 'NONE', #3417, 0.07200972701257432600 ) ;
#2716 = CARTESIAN_POINT ( 'NONE',  ( -2.724999999999980500, 0.2500000000000000000, -1.502500000000000400 ) ) ;
#2717 = CIRCLE ( 'NONE', #1146, 0.2220097270125543400 ) ;
#2718 = STYLED_ITEM ( 'NONE', ( #6551 ), #3442 ) ;
#2719 = CARTESIAN_POINT ( 'NONE',  ( 2.200000000000001100, 0.6999999999999905200, 1.097499999999999500 ) ) ;
#2720 = LINE ( 'NONE', #4469, #5801 ) ;
#2721 = DIRECTION ( 'NONE',  ( -0.0000000000000000000, -0.0000000000000000000, -1.000000000000000000 ) ) ;
#2722 = LINE ( 'NONE', #5237, #6426 ) ;
#2723 = VERTEX_POINT ( 'NONE', #5848 ) ;
#2724 = VERTEX_POINT ( 'NONE', #3449 ) ;
#2725 = CARTESIAN_POINT ( 'NONE',  ( -2.502990272987425600, 0.6999999999999905200, -1.097500000000000400 ) ) ;
#2726 = AXIS2_PLACEMENT_3D ( 'NONE', #3633, #7136, #4202 ) ;
#2727 = VECTOR ( 'NONE', #3555, 1000.000000000000000 ) ;
#2728 = DIRECTION ( 'NONE',  ( 0.0000000000000000000, 1.000000000000000000, -0.0000000000000000000 ) ) ;
#2729 = DIRECTION ( 'NONE',  ( -0.0000000000000000000, -0.0000000000000000000, -1.000000000000000000 ) ) ;
#2730 = LINE ( 'NONE', #6815, #1224 ) ;
#2731 = EDGE_LOOP ( 'NONE', ( #5893, #4945, #1927, #1887 ) ) ;
#2732 = DIRECTION ( 'NONE',  ( -0.0000000000000000000, -0.0000000000000000000, -1.000000000000000000 ) ) ;
#2733 = ORIENTED_EDGE ( 'NONE', *, *, #1407, .F. ) ;
#2734 = ORIENTED_EDGE ( 'NONE', *, *, #6712, .F. ) ;
#2735 = PLANE ( 'NONE',  #630 ) ;
#2736 = EDGE_CURVE ( 'NONE', #2201, #3994, #1835, .T. ) ;
#2737 = EDGE_CURVE ( 'NONE', #2346, #263, #2722, .T. ) ;
#2738 = CARTESIAN_POINT ( 'NONE',  ( 3.200000000000000200, 0.1496346075389538600, 2.152499999999999900 ) ) ;
#2739 = LINE ( 'NONE', #3195, #5999 ) ;
#2740 = VERTEX_POINT ( 'NONE', #1744 ) ;
#2741 = CARTESIAN_POINT ( 'NONE',  ( -3.189536528938383700, -3.794707603699265500E-016, -0.4475000000000004000 ) ) ;
#2742 = CARTESIAN_POINT ( 'NONE',  ( -3.200000000000000200, 0.1496346075389538600, -0.8525000000000003700 ) ) ;
#2743 = LINE ( 'NONE', #6196, #3552 ) ;
#2744 = VECTOR ( 'NONE', #5230, 1000.000000000000000 ) ;
#2745 = EDGE_LOOP ( 'NONE', ( #7393, #1720, #3977, #6554 ) ) ;
#2746 = DIRECTION ( 'NONE',  ( -0.0000000000000000000, -0.0000000000000000000, -1.000000000000000000 ) ) ;
#2747 = CARTESIAN_POINT ( 'NONE',  ( 2.502990272987425600, 0.4779902729874362900, 0.8524999999999994800 ) ) ;
#2748 = EDGE_CURVE ( 'NONE', #1209, #3972, #6162, .T. ) ;
#2749 = AXIS2_PLACEMENT_3D ( 'NONE', #185, #6582, #7153 ) ;
#2750 = VERTEX_POINT ( 'NONE', #795 ) ;
#2751 = VECTOR ( 'NONE', #2721, 1000.000000000000000 ) ;
#2752 = ORIENTED_EDGE ( 'NONE', *, *, #5843, .T. ) ;
#2753 = ADVANCED_FACE ( 'NONE', ( #3075 ), #1175, .F. ) ;
#2754 = DIRECTION ( 'NONE',  ( -0.0000000000000000000, -0.0000000000000000000, -1.000000000000000000 ) ) ;
#2755 = CARTESIAN_POINT ( 'NONE',  ( 2.502990272987425600, 0.5500000000000105900, 0.8524999999999994800 ) ) ;
#2756 = DIRECTION ( 'NONE',  ( -1.000000000000000000, 0.0000000000000000000, 0.0000000000000000000 ) ) ;
#2757 = VECTOR ( 'NONE', #5271, 1000.000000000000000 ) ;
#2758 = EDGE_CURVE ( 'NONE', #3683, #3482, #6338, .T. ) ;
#2759 = EDGE_CURVE ( 'NONE', #5612, #1573, #1925, .T. ) ;
#2760 = FACE_OUTER_BOUND ( 'NONE', #7018, .T. ) ;
#2761 = ORIENTED_EDGE ( 'NONE', *, *, #6987, .T. ) ;
#2762 = AXIS2_PLACEMENT_3D ( 'NONE', #6960, #2977, #4097 ) ;
#2763 = DIRECTION ( 'NONE',  ( -1.000000000000000000, 0.0000000000000000000, 0.0000000000000000000 ) ) ;
#2764 = ORIENTED_EDGE ( 'NONE', *, *, #4559, .F. ) ;
#2765 = DIRECTION ( 'NONE',  ( 0.0000000000000000000, -1.000000000000000000, 0.0000000000000000000 ) ) ;
#2766 = LINE ( 'NONE', #5925, #900 ) ;
#2767 = ORIENTED_EDGE ( 'NONE', *, *, #4928, .T. ) ;
#2768 = DIRECTION ( 'NONE',  ( 0.0000000000000000000, 0.0000000000000000000, -1.000000000000000000 ) ) ;
#2769 = EDGE_CURVE ( 'NONE', #1717, #3727, #1041, .T. ) ;
#2770 = FILL_AREA_STYLE ('',( #4420 ) ) ;
#2771 = AXIS2_PLACEMENT_3D ( 'NONE', #4138, #4192, #127 ) ;
#2772 = DIRECTION ( 'NONE',  ( 0.0000000000000000000, 0.0000000000000000000, 1.000000000000000000 ) ) ;
#2773 = FACE_OUTER_BOUND ( 'NONE', #6913, .T. ) ;
#2774 = ORIENTED_EDGE ( 'NONE', *, *, #199, .T. ) ;
#2775 = DIRECTION ( 'NONE',  ( 0.06975647374411825300, -0.9975640502598247500, 0.0000000000000000000 ) ) ;
#2776 = DIRECTION ( 'NONE',  ( 1.000000000000000000, 0.0000000000000000000, 0.0000000000000000000 ) ) ;
#2777 = VECTOR ( 'NONE', #826, 1000.000000000000000 ) ;
#2778 = ORIENTED_EDGE ( 'NONE', *, *, #6884, .F. ) ;
#2779 = CARTESIAN_POINT ( 'NONE',  ( 2.200000000000001100, 0.6999999999999905200, -0.2025000000000004300 ) ) ;
#2780 = CARTESIAN_POINT ( 'NONE',  ( -2.502990272987425600, 0.6999999999999905200, -1.502500000000000400 ) ) ;
#2781 = ORIENTED_EDGE ( 'NONE', *, *, #1645, .T. ) ;
#2782 = DIRECTION ( 'NONE',  ( -0.0000000000000000000, -0.0000000000000000000, -1.000000000000000000 ) ) ;
#2783 = ORIENTED_EDGE ( 'NONE', *, *, #4682, .F. ) ;
#2784 = ORIENTED_EDGE ( 'NONE', *, *, #5806, .F. ) ;
#2785 = DIRECTION ( 'NONE',  ( -0.0000000000000000000, -0.0000000000000000000, -1.000000000000000000 ) ) ;
#2786 = ADVANCED_FACE ( 'NONE', ( #3456 ), #3537, .F. ) ;
#2787 = DIRECTION ( 'NONE',  ( -0.0000000000000000000, -0.0000000000000000000, -1.000000000000000000 ) ) ;
#2788 = EDGE_CURVE ( 'NONE', #7269, #7088, #6517, .T. ) ;
#2789 = AXIS2_PLACEMENT_3D ( 'NONE', #911, #3747, #6607 ) ;
#2790 = ORIENTED_EDGE ( 'NONE', *, *, #5798, .F. ) ;
#2791 = CARTESIAN_POINT ( 'NONE',  ( 2.502990272987425600, 0.5500000000000105900, -0.4475000000000004000 ) ) ;
#2792 = ORIENTED_EDGE ( 'NONE', *, *, #11, .T. ) ;
#2793 = CIRCLE ( 'NONE', #100, 0.07200972701257388200 ) ;
#2794 = DIRECTION ( 'NONE',  ( 0.06975647374411851600, 0.9975640502598247500, -0.0000000000000000000 ) ) ;
#2795 = ADVANCED_FACE ( 'NONE', ( #4780 ), #41, .F. ) ;
#2796 = EDGE_LOOP ( 'NONE', ( #6621, #2442, #2679, #2456, #6929, #1951, #7109, #4944, #893, #1218, #5759, #625 ) ) ;
#2797 = VECTOR ( 'NONE', #342, 1000.000000000000000 ) ;
#2798 = ORIENTED_EDGE ( 'NONE', *, *, #3601, .T. ) ;
#2799 = CARTESIAN_POINT ( 'NONE',  ( -2.502990272987425600, 0.5500000000000105900, 2.152499999999999900 ) ) ;
#2800 = EDGE_CURVE ( 'NONE', #230, #92, #5428, .T. ) ;
#2801 = LINE ( 'NONE', #4936, #1291 ) ;
#2802 =( NAMED_UNIT ( * ) SI_UNIT ( $, .STERADIAN. ) SOLID_ANGLE_UNIT ( ) );
#2803 = DIRECTION ( 'NONE',  ( -0.0000000000000000000, -0.0000000000000000000, -1.000000000000000000 ) ) ;
#2804 = DIRECTION ( 'NONE',  ( -0.0000000000000000000, -0.0000000000000000000, -1.000000000000000000 ) ) ;
#2805 = AXIS2_PLACEMENT_3D ( 'NONE', #2408, #5884, #5835 ) ;
#2806 = CARTESIAN_POINT ( 'NONE',  ( -3.200000000000000200, 0.1496346075389538600, -1.747500000000000300 ) ) ;
#2807 = VERTEX_POINT ( 'NONE', #2936 ) ;
#2808 = CYLINDRICAL_SURFACE ( 'NONE', #6071, 0.2220097270125543400 ) ;
#2809 = VECTOR ( 'NONE', #1581, 1000.000000000000000 ) ;
#2810 = LINE ( 'NONE', #972, #3253 ) ;
#2811 = ORIENTED_EDGE ( 'NONE', *, *, #5607, .T. ) ;
#2812 = DIRECTION ( 'NONE',  ( 1.000000000000000000, 0.0000000000000000000, -0.0000000000000000000 ) ) ;
#2813 = VERTEX_POINT ( 'NONE', #6588 ) ;
#2814 = CARTESIAN_POINT ( 'NONE',  ( 2.797009727012554200, 0.2500000000000000000, -2.152500000000000300 ) ) ;
#2815 = EDGE_CURVE ( 'NONE', #7166, #3309, #6694, .T. ) ;
#2816 = CARTESIAN_POINT ( 'NONE',  ( -2.200000000000001100, 0.6999999999999905200, 1.747499999999999400 ) ) ;
#2817 = CARTESIAN_POINT ( 'NONE',  ( 2.502990272987425600, 0.5500000000000105900, 1.097499999999999500 ) ) ;
#2818 = CYLINDRICAL_SURFACE ( 'NONE', #5727, 0.07200972701257388200 ) ;
#2819 = AXIS2_PLACEMENT_3D ( 'NONE', #4540, #1124, #5160 ) ;
#2820 = LINE ( 'NONE', #3901, #6868 ) ;
#2821 = ORIENTED_EDGE ( 'NONE', *, *, #1141, .F. ) ;
#2822 = CARTESIAN_POINT ( 'NONE',  ( -2.502990272987425600, 0.5500000000000105900, -2.397500000000000400 ) ) ;
#2823 = ORIENTED_EDGE ( 'NONE', *, *, #5519, .F. ) ;
#2824 = DIRECTION ( 'NONE',  ( -1.000000000000000000, 0.0000000000000000000, 0.0000000000000000000 ) ) ;
#2825 = CARTESIAN_POINT ( 'NONE',  ( 2.791986582380880500, 0.1781656850632321000, -1.502500000000000400 ) ) ;
#2826 = DIRECTION ( 'NONE',  ( -0.0000000000000000000, -0.0000000000000000000, -1.000000000000000000 ) ) ;
#2827 = LINE ( 'NONE', #5788, #4528 ) ;
#2828 = CYLINDRICAL_SURFACE ( 'NONE', #1801, 0.2220097270125543400 ) ;
#2829 = ORIENTED_EDGE ( 'NONE', *, *, #6243, .F. ) ;
#2830 = ADVANCED_FACE ( 'NONE', ( #2014 ), #2907, .T. ) ;
#2831 = CARTESIAN_POINT ( 'NONE',  ( -2.791986582380880500, 0.1781656850632321000, -0.8525000000000003700 ) ) ;
#2832 = AXIS2_PLACEMENT_3D ( 'NONE', #5307, #6486, #3011 ) ;
#2833 =( NAMED_UNIT ( * ) PLANE_ANGLE_UNIT ( ) SI_UNIT ( $, .RADIAN. ) );
#2834 = CIRCLE ( 'NONE', #2916, 0.2220097270125543400 ) ;
#2835 = DIRECTION ( 'NONE',  ( -0.0000000000000000000, -0.0000000000000000000, -1.000000000000000000 ) ) ;
#2836 = VECTOR ( 'NONE', #2804, 1000.000000000000000 ) ;
#2837 = ORIENTED_EDGE ( 'NONE', *, *, #2046, .F. ) ;
#2838 = EDGE_CURVE ( 'NONE', #1092, #7080, #315, .T. ) ;
#2839 = LINE ( 'NONE', #4980, #6276 ) ;
#2840 = PRESENTATION_LAYER_ASSIGNMENT (  '', '', ( #2457 ) ) ;
#2841 = CARTESIAN_POINT ( 'NONE',  ( -2.502990272987425600, 0.6999999999999905200, -2.397500000000000400 ) ) ;
#2842 = VECTOR ( 'NONE', #1359, 1000.000000000000000 ) ;
#2843 = ORIENTED_EDGE ( 'NONE', *, *, #11, .F. ) ;
#2844 = DIRECTION ( 'NONE',  ( -0.9975640502598247500, 0.06975647374411851600, 0.0000000000000000000 ) ) ;
#2845 = DIRECTION ( 'NONE',  ( 0.0000000000000000000, 0.0000000000000000000, 1.000000000000000000 ) ) ;
#2846 = LINE ( 'NONE', #1754, #7261 ) ;
#2847 = CARTESIAN_POINT ( 'NONE',  ( 2.147339000965041500, 1.100000000000000100, -7.450078751709282500E-016 ) ) ;
#2848 = EDGE_LOOP ( 'NONE', ( #7058, #5661, #2104, #7419, #5854, #805, #4207, #2373, #5087, #6428, #5122, #5684 ) ) ;
#2849 = DIRECTION ( 'NONE',  ( 0.9975640502598247500, -0.06975647374411825300, 0.0000000000000000000 ) ) ;
#2850 = EDGE_LOOP ( 'NONE', ( #4952, #75, #2897, #2394 ) ) ;
#2851 = EDGE_CURVE ( 'NONE', #6738, #1371, #3258, .T. ) ;
#2852 = CARTESIAN_POINT ( 'NONE',  ( 3.200000000000000200, 0.1496346075389538600, -0.2025000000000004300 ) ) ;
#2853 = FACE_OUTER_BOUND ( 'NONE', #2358, .T. ) ;
#2854 = LINE ( 'NONE', #6789, #988 ) ;
#2855 = ORIENTED_EDGE ( 'NONE', *, *, #6190, .F. ) ;
#2856 = DIRECTION ( 'NONE',  ( 1.000000000000000000, 0.0000000000000000000, 0.0000000000000000000 ) ) ;
#2857 =( NAMED_UNIT ( * ) PLANE_ANGLE_UNIT ( ) SI_UNIT ( $, .RADIAN. ) );
#2858 = CARTESIAN_POINT ( 'NONE',  ( 2.200000000000001100, 0.5500000000000105900, -0.8525000000000003700 ) ) ;
#2859 = EDGE_CURVE ( 'NONE', #6834, #1053, #2372, .T. ) ;
#2860 = FACE_OUTER_BOUND ( 'NONE', #1640, .T. ) ;
#2861 = ORIENTED_EDGE ( 'NONE', *, *, #6504, .T. ) ;
#2862 = DIRECTION ( 'NONE',  ( 0.9975640502598247500, 0.06975647374411851600, -0.0000000000000000000 ) ) ;
#2863 = ADVANCED_FACE ( 'NONE', ( #1749 ), #1988, .F. ) ;
#2864 = VECTOR ( 'NONE', #6031, 1000.000000000000000 ) ;
#2865 = EDGE_LOOP ( 'NONE', ( #663, #174, #519, #3180 ) ) ;
#2866 = DIRECTION ( 'NONE',  ( 0.0000000000000000000, -1.000000000000000000, 0.0000000000000000000 ) ) ;
#2867 = DIRECTION ( 'NONE',  ( 0.9914448613738108300, 0.1305261922200487700, -3.439765352323441400E-016 ) ) ;
#2868 = CARTESIAN_POINT ( 'NONE',  ( 2.575000000000000200, 0.2500000000000000000, 0.4474999999999995600 ) ) ;
#2869 = CARTESIAN_POINT ( 'NONE',  ( -2.200000000000001100, 0.6999999999999905200, -1.097500000000000400 ) ) ;
#2870 = AXIS2_PLACEMENT_3D ( 'NONE', #5036, #6155, #1510 ) ;
#2871 = ORIENTED_EDGE ( 'NONE', *, *, #5994, .T. ) ;
#2872 = ORIENTED_EDGE ( 'NONE', *, *, #3021, .F. ) ;
#2873 = ORIENTED_EDGE ( 'NONE', *, *, #2711, .T. ) ;
#2874 = DIRECTION ( 'NONE',  ( -0.0000000000000000000, -0.0000000000000000000, -1.000000000000000000 ) ) ;
#2875 = CARTESIAN_POINT ( 'NONE',  ( 2.575000000000000200, 0.4779902729874362900, 0.8524999999999994800 ) ) ;
#2876 = DIRECTION ( 'NONE',  ( 0.0000000000000000000, 1.000000000000000000, 0.0000000000000000000 ) ) ;
#2877 = ORIENTED_EDGE ( 'NONE', *, *, #4950, .F. ) ;
#2878 = MANIFOLD_SOLID_BREP ( 'Pin 4', #3907 ) ;
#2879 = EDGE_CURVE ( 'NONE', #3295, #7033, #7134, .T. ) ;
#2880 = EDGE_CURVE ( 'NONE', #5803, #3793, #6066, .T. ) ;
#2881 = ORIENTED_EDGE ( 'NONE', *, *, #122, .F. ) ;
#2882 = ORIENTED_EDGE ( 'NONE', *, *, #1477, .F. ) ;
#2883 = VECTOR ( 'NONE', #4175, 1000.000000000000000 ) ;
#2884 = MECHANICAL_DESIGN_GEOMETRIC_PRESENTATION_REPRESENTATION (  '', ( #1781 ), #6121 ) ;
#2885 = ORIENTED_EDGE ( 'NONE', *, *, #2322, .F. ) ;
#2886 = ORIENTED_EDGE ( 'NONE', *, *, #6559, .T. ) ;
#2887 = VERTEX_POINT ( 'NONE', #3106 ) ;
#2888 = LINE ( 'NONE', #5037, #1201 ) ;
#2889 = DIRECTION ( 'NONE',  ( -1.000000000000000000, 0.0000000000000000000, 0.0000000000000000000 ) ) ;
#2890 = EDGE_CURVE ( 'NONE', #381, #4474, #228, .T. ) ;
#2891 = PRESENTATION_LAYER_ASSIGNMENT (  '', '', ( #4177 ) ) ;
#2892 = CARTESIAN_POINT ( 'NONE',  ( -2.575000000000000200, 0.2500000000000000000, 1.097499999999999500 ) ) ;
#2893 = CARTESIAN_POINT ( 'NONE',  ( 2.724999999999980500, 0.4779902729874362400, 0.8524999999999994800 ) ) ;
#2894 = CARTESIAN_POINT ( 'NONE',  ( 2.199999999999999300, 0.5500000000000105900, -2.499999999999998200 ) ) ;
#2895 = VECTOR ( 'NONE', #1424, 1000.000000000000000 ) ;
#2896 = DIRECTION ( 'NONE',  ( 3.469446951953614200E-016, 0.0000000000000000000, 1.000000000000000000 ) ) ;
#2897 = ORIENTED_EDGE ( 'NONE', *, *, #7246, .T. ) ;
#2898 = CIRCLE ( 'NONE', #350, 0.2220097270125543400 ) ;
#2899 = DIRECTION ( 'NONE',  ( -0.0000000000000000000, -1.000000000000000000, -0.0000000000000000000 ) ) ;
#2900 = EDGE_CURVE ( 'NONE', #1782, #3357, #4057, .T. ) ;
#2901 = ADVANCED_FACE ( 'NONE', ( #4874 ), #4282, .F. ) ;
#2902 = CARTESIAN_POINT ( 'NONE',  ( -2.724999999999980500, 0.4779902729874362400, 0.8524999999999994800 ) ) ;
#2903 = EDGE_CURVE ( 'NONE', #779, #7151, #3623, .T. ) ;
#2904 = VECTOR ( 'NONE', #1274, 1000.000000000000000 ) ;
#2905 = DIRECTION ( 'NONE',  ( -1.000000000000000000, 0.0000000000000000000, 0.0000000000000000000 ) ) ;
#2906 = CARTESIAN_POINT ( 'NONE',  ( -2.200000000000001100, 0.5500000000000105900, -2.152500000000000300 ) ) ;
#2907 = CYLINDRICAL_SURFACE ( 'NONE', #7297, 0.2220097270125543400 ) ;
#2908 = ORIENTED_EDGE ( 'NONE', *, *, #2980, .T. ) ;
#2909 = AXIS2_PLACEMENT_3D ( 'NONE', #500, #5080, #5131 ) ;
#2910 = CARTESIAN_POINT ( 'NONE',  ( -3.200000000000000200, 0.1496346075389538600, -1.097500000000000400 ) ) ;
#2911 = VERTEX_POINT ( 'NONE', #6663 ) ;
#2912 = CARTESIAN_POINT ( 'NONE',  ( 2.502990272987425600, 0.5500000000000105900, 0.4474999999999995600 ) ) ;
#2913 = ORIENTED_EDGE ( 'NONE', *, *, #4725, .F. ) ;
#2914 = EDGE_CURVE ( 'NONE', #1814, #1206, #4695, .T. ) ;
#2915 = CARTESIAN_POINT ( 'NONE',  ( 2.724999999999980500, 0.4779902729874362400, -2.152500000000000300 ) ) ;
#2916 = AXIS2_PLACEMENT_3D ( 'NONE', #2677, #340, #5527 ) ;
#2917 = CYLINDRICAL_SURFACE ( 'NONE', #5242, 0.07200972701257388200 ) ;
#2918 = CARTESIAN_POINT ( 'NONE',  ( -2.724999999999980500, 0.4779902729874362400, 0.4474999999999995600 ) ) ;
#2919 = LINE ( 'NONE', #2618, #1056 ) ;
#2920 = EDGE_LOOP ( 'NONE', ( #5621, #6997, #3733, #134 ) ) ;
#2921 = DIRECTION ( 'NONE',  ( -0.0000000000000000000, 1.000000000000000000, -0.0000000000000000000 ) ) ;
#2922 = DIRECTION ( 'NONE',  ( -0.0000000000000000000, 1.000000000000000000, -0.0000000000000000000 ) ) ;
#2923 = CARTESIAN_POINT ( 'NONE',  ( -2.200000000000001100, 0.6999999999999905200, -0.2025000000000004300 ) ) ;
#2924 = FACE_OUTER_BOUND ( 'NONE', #4279, .T. ) ;
#2925 = LINE ( 'NONE', #2575, #1411 ) ;
#2926 = EDGE_LOOP ( 'NONE', ( #7324, #1108, #1926, #1434 ) ) ;
#2927 = CARTESIAN_POINT ( 'NONE',  ( -2.781523111319264400, 0.02853107752427832800, -0.8525000000000003700 ) ) ;
#2928 = AXIS2_PLACEMENT_3D ( 'NONE', #2503, #1955, #810 ) ;
#2929 = DIRECTION ( 'NONE',  ( -0.0000000000000000000, -0.0000000000000000000, -1.000000000000000000 ) ) ;
#2930 = DIRECTION ( 'NONE',  ( 0.0000000000000000000, 0.0000000000000000000, -1.000000000000000000 ) ) ;
#2931 = DIRECTION ( 'NONE',  ( -0.0000000000000000000, -0.0000000000000000000, -1.000000000000000000 ) ) ;
#2932 = LINE ( 'NONE', #3904, #6807 ) ;
#2933 = VERTEX_POINT ( 'NONE', #3871 ) ;
#2934 = LINE ( 'NONE', #6087, #74 ) ;
#2935 = VERTEX_POINT ( 'NONE', #3207 ) ;
#2936 = CARTESIAN_POINT ( 'NONE',  ( -2.724999999999980500, 0.2500000000000000000, 1.502499999999999500 ) ) ;
#2937 = EDGE_CURVE ( 'NONE', #857, #6508, #603, .T. ) ;
#2938 =( GEOMETRIC_REPRESENTATION_CONTEXT ( 3 ) GLOBAL_UNCERTAINTY_ASSIGNED_CONTEXT ( ( #1784 ) ) GLOBAL_UNIT_ASSIGNED_CONTEXT ( ( #6667, #4859, #4835 ) ) REPRESENTATION_CONTEXT ( 'NONE', 'WORKASPACE' ) );
#2939 = LINE ( 'NONE', #1600, #6106 ) ;
#2940 = VERTEX_POINT ( 'NONE', #2143 ) ;
#2941 = DIRECTION ( 'NONE',  ( -1.000000000000000000, 0.0000000000000000000, 0.0000000000000000000 ) ) ;
#2942 = SURFACE_STYLE_FILL_AREA ( #5634 ) ;
#2943 = ORIENTED_EDGE ( 'NONE', *, *, #6057, .T. ) ;
#2944 = DIRECTION ( 'NONE',  ( -0.0000000000000000000, -0.0000000000000000000, -1.000000000000000000 ) ) ;
#2945 = DIRECTION ( 'NONE',  ( 1.000000000000000000, -0.0000000000000000000, -0.0000000000000000000 ) ) ;
#2946 = EDGE_CURVE ( 'NONE', #208, #3507, #4976, .T. ) ;
#2947 = LINE ( 'NONE', #6402, #7003 ) ;
#2948 = ORIENTED_EDGE ( 'NONE', *, *, #56, .F. ) ;
#2949 = ADVANCED_FACE ( 'NONE', ( #6247 ), #6169, .F. ) ;
#2950 = CARTESIAN_POINT ( 'NONE',  ( 2.575000000000000200, 0.2500000000000000000, 1.747499999999999400 ) ) ;
#2951 = DIRECTION ( 'NONE',  ( -0.0000000000000000000, -0.0000000000000000000, -1.000000000000000000 ) ) ;
#2952 = CARTESIAN_POINT ( 'NONE',  ( 2.200000000000001100, 0.5500000000000105900, 1.747499999999999400 ) ) ;
#2953 =( NAMED_UNIT ( * ) PLANE_ANGLE_UNIT ( ) SI_UNIT ( $, .RADIAN. ) );
#2954 = LINE ( 'NONE', #6598, #3213 ) ;
#2955 = ORIENTED_EDGE ( 'NONE', *, *, #716, .F. ) ;
#2956 = DIRECTION ( 'NONE',  ( -0.9975640502598246400, -0.06975647374411934900, 0.0000000000000000000 ) ) ;
#2957 = EDGE_CURVE ( 'NONE', #1929, #5446, #2630, .T. ) ;
#2958 = CARTESIAN_POINT ( 'NONE',  ( -2.724999999999980500, 0.4779902729874362400, -1.502500000000000400 ) ) ;
#2959 = FACE_OUTER_BOUND ( 'NONE', #1445, .T. ) ;
#2960 = ORIENTED_EDGE ( 'NONE', *, *, #6303, .F. ) ;
#2961 = CARTESIAN_POINT ( 'NONE',  ( 2.575000000000000200, 0.2500000000000000000, 0.8524999999999994800 ) ) ;
#2962 = CARTESIAN_POINT ( 'NONE',  ( -2.200000000000001100, 8.860330322138688400, 2.500000000000002700 ) ) ;
#2963 = ORIENTED_EDGE ( 'NONE', *, *, #6857, .T. ) ;
#2964 = ORIENTED_EDGE ( 'NONE', *, *, #4763, .T. ) ;
#2965 = CARTESIAN_POINT ( 'NONE',  ( 2.797009727012554200, 0.2500000000000000000, 1.097499999999999500 ) ) ;
#2966 = EDGE_LOOP ( 'NONE', ( #3204, #5676, #677, #1342 ) ) ;
#2967 = ORIENTED_EDGE ( 'NONE', *, *, #6767, .T. ) ;
#2968 = DIRECTION ( 'NONE',  ( -1.000000000000000000, 0.0000000000000000000, 0.0000000000000000000 ) ) ;
#2969 = CARTESIAN_POINT ( 'NONE',  ( -2.724999999999980500, 0.4779902729874362400, -1.747500000000000300 ) ) ;
#2970 = AXIS2_PLACEMENT_3D ( 'NONE', #1849, #6453, #746 ) ;
#2971 = ORIENTED_EDGE ( 'NONE', *, *, #4139, .F. ) ;
#2972 = VERTEX_POINT ( 'NONE', #5605 ) ;
#2973 = ADVANCED_FACE ( 'NONE', ( #2282 ), #1382, .T. ) ;
#2974 = DIRECTION ( 'NONE',  ( -0.0000000000000000000, -0.0000000000000000000, -1.000000000000000000 ) ) ;
#2975 = LINE ( 'NONE', #1598, #3776 ) ;
#2976 = CARTESIAN_POINT ( 'NONE',  ( -2.724999999999980500, 0.4779902729874362400, 1.097499999999999500 ) ) ;
#2977 = DIRECTION ( 'NONE',  ( -0.0000000000000000000, -0.0000000000000000000, -1.000000000000000000 ) ) ;
#2978 = EDGE_CURVE ( 'NONE', #5777, #741, #5701, .T. ) ;
#2979 = DIRECTION ( 'NONE',  ( -0.0000000000000000000, -0.0000000000000000000, -1.000000000000000000 ) ) ;
#2980 = EDGE_CURVE ( 'NONE', #5641, #6672, #2717, .T. ) ;
#2981 = VERTEX_POINT ( 'NONE', #6140 ) ;
#2982 = AXIS2_PLACEMENT_3D ( 'NONE', #2084, #4373, #3247 ) ;
#2983 = VECTOR ( 'NONE', #1912, 1000.000000000000000 ) ;
#2984 = ORIENTED_EDGE ( 'NONE', *, *, #3721, .F. ) ;
#2985 = LINE ( 'NONE', #1833, #1734 ) ;
#2986 = ADVANCED_FACE ( 'NONE', ( #946 ), #1537, .T. ) ;
#2987 = DIRECTION ( 'NONE',  ( 0.9975640502598247500, 0.06975647374411825300, 0.0000000000000000000 ) ) ;
#2988 = DIRECTION ( 'NONE',  ( -0.0000000000000000000, -0.0000000000000000000, -1.000000000000000000 ) ) ;
#2989 = VECTOR ( 'NONE', #1125, 1000.000000000000000 ) ;
#2990 = EDGE_CURVE ( 'NONE', #1546, #1573, #2810, .T. ) ;
#2991 = CYLINDRICAL_SURFACE ( 'NONE', #6029, 0.07200972701257432600 ) ;
#2992 = VECTOR ( 'NONE', #6271, 1000.000000000000000 ) ;
#2993 = VERTEX_POINT ( 'NONE', #7288 ) ;
#2994 = DIRECTION ( 'NONE',  ( -0.0000000000000000000, -0.0000000000000000000, -1.000000000000000000 ) ) ;
#2995 = ORIENTED_EDGE ( 'NONE', *, *, #4078, .F. ) ;
#2996 = DIRECTION ( 'NONE',  ( -0.06975647374411851600, -0.9975640502598247500, 0.0000000000000000000 ) ) ;
#2997 = DIRECTION ( 'NONE',  ( -0.0000000000000000000, -0.0000000000000000000, -1.000000000000000000 ) ) ;
#2998 = DIRECTION ( 'NONE',  ( 0.0000000000000000000, 0.0000000000000000000, 1.000000000000000000 ) ) ;
#2999 = LINE ( 'NONE', #6056, #4430 ) ;
#3000 = PLANE ( 'NONE',  #200 ) ;
#3001 = CLOSED_SHELL ( 'NONE', ( #5553, #2863, #6198, #1828, #2795, #1672, #1343, #855, #4065, #5371, #4103, #1559, #3551, #5098 ) ) ;
#3002 = VERTEX_POINT ( 'NONE', #370 ) ;
#3003 = EDGE_CURVE ( 'NONE', #5306, #7331, #4510, .T. ) ;
#3004 = CARTESIAN_POINT ( 'NONE',  ( -3.200000000000000200, 0.1496346075389538600, 0.4474999999999995600 ) ) ;
#3005 = FACE_OUTER_BOUND ( 'NONE', #1353, .T. ) ;
#3006 = ORIENTED_EDGE ( 'NONE', *, *, #7132, .F. ) ;
#3007 =( LENGTH_UNIT ( ) NAMED_UNIT ( * ) SI_UNIT ( .MILLI., .METRE. ) );
#3008 = VECTOR ( 'NONE', #1727, 1000.000000000000000 ) ;
#3009 = ORIENTED_EDGE ( 'NONE', *, *, #4950, .T. ) ;
#3010 = ORIENTED_EDGE ( 'NONE', *, *, #3749, .T. ) ;
#3011 = DIRECTION ( 'NONE',  ( -1.000000000000000000, 0.0000000000000000000, 0.0000000000000000000 ) ) ;
#3012 = VERTEX_POINT ( 'NONE', #948 ) ;
#3013 = CARTESIAN_POINT ( 'NONE',  ( 2.724999999999980500, 0.4779902729874362400, -0.4475000000000004000 ) ) ;
#3014 = LINE ( 'NONE', #3339, #1509 ) ;
#3015 = CARTESIAN_POINT ( 'NONE',  ( -2.200000000000001100, 0.5500000000000105900, -0.8525000000000003700 ) ) ;
#3016 = LINE ( 'NONE', #5567, #5919 ) ;
#3017 = ORIENTED_EDGE ( 'NONE', *, *, #1984, .F. ) ;
#3018 = DIRECTION ( 'NONE',  ( 0.0000000000000000000, 0.0000000000000000000, 1.000000000000000000 ) ) ;
#3019 = ADVANCED_FACE ( 'NONE', ( #4332 ), #7318, .F. ) ;
#3020 = CARTESIAN_POINT ( 'NONE',  ( -3.200000000000000200, 0.1496346075389538600, 2.152499999999999900 ) ) ;
#3021 = EDGE_CURVE ( 'NONE', #43, #3221, #1034, .T. ) ;
#3022 = CYLINDRICAL_SURFACE ( 'NONE', #1862, 0.07200972701257432600 ) ;
#3023 = ORIENTED_EDGE ( 'NONE', *, *, #4325, .T. ) ;
#3024 = LINE ( 'NONE', #2910, #3395 ) ;
#3025 = VERTEX_POINT ( 'NONE', #443 ) ;
#3026 = DIRECTION ( 'NONE',  ( 0.0000000000000000000, -0.0000000000000000000, -1.000000000000000000 ) ) ;
#3027 = DIRECTION ( 'NONE',  ( 0.0000000000000000000, -0.0000000000000000000, 1.000000000000000000 ) ) ;
#3028 = CIRCLE ( 'NONE', #1719, 0.3999999999999999700 ) ;
#3029 = ORIENTED_EDGE ( 'NONE', *, *, #3289, .T. ) ;
#3030 = EDGE_CURVE ( 'NONE', #2514, #4547, #1120, .T. ) ;
#3031 = AXIS2_PLACEMENT_3D ( 'NONE', #435, #3891, #1016 ) ;
#3032 = DIRECTION ( 'NONE',  ( 0.06975647374411851600, 0.9975640502598247500, -0.0000000000000000000 ) ) ;
#3033 = CIRCLE ( 'NONE', #790, 0.07200972701257388200 ) ;
#3034 = EDGE_LOOP ( 'NONE', ( #1358, #1846, #1671, #5860 ) ) ;
#3035 = CARTESIAN_POINT ( 'NONE',  ( -2.781523111319264400, 0.02853107752427832800, -2.397500000000000400 ) ) ;
#3036 = CARTESIAN_POINT ( 'NONE',  ( -2.575000000000000200, 0.2500000000000000000, 1.097499999999999500 ) ) ;
#3037 = CARTESIAN_POINT ( 'NONE',  ( 2.724999999999980500, 0.2500000000000000000, -2.152500000000000300 ) ) ;
#3038 = EDGE_CURVE ( 'NONE', #335, #2639, #5973, .T. ) ;
#3039 = DIRECTION ( 'NONE',  ( 0.0000000000000000000, 0.0000000000000000000, 1.000000000000000000 ) ) ;
#3040 = FACE_OUTER_BOUND ( 'NONE', #1180, .T. ) ;
#3041 = VERTEX_POINT ( 'NONE', #5681 ) ;
#3042 = AXIS2_PLACEMENT_3D ( 'NONE', #4455, #7240, #1563 ) ;
#3043 = DIRECTION ( 'NONE',  ( -0.0000000000000000000, -0.0000000000000000000, -1.000000000000000000 ) ) ;
#3044 = PLANE ( 'NONE',  #3927 ) ;
#3045 = VERTEX_POINT ( 'NONE', #1710 ) ;
#3046 = CARTESIAN_POINT ( 'NONE',  ( 2.575000000000000200, 0.2500000000000000000, -0.2025000000000004300 ) ) ;
#3047 = ORIENTED_EDGE ( 'NONE', *, *, #3118, .T. ) ;
#3048 = ORIENTED_EDGE ( 'NONE', *, *, #6244, .F. ) ;
#3049 = EDGE_CURVE ( 'NONE', #1501, #6409, #5516, .T. ) ;
#3050 = ADVANCED_FACE ( 'NONE', ( #4600 ), #1115, .F. ) ;
#3051 = CARTESIAN_POINT ( 'NONE',  ( -2.781523111319264400, 0.02853107752427832800, 1.097499999999999500 ) ) ;
#3052 = AXIS2_PLACEMENT_3D ( 'NONE', #4619, #4010, #6922 ) ;
#3053 = CARTESIAN_POINT ( 'NONE',  ( 2.200000000000001100, 8.860330322138688400, 2.500000000000001800 ) ) ;
#3054 = VERTEX_POINT ( 'NONE', #3334 ) ;
#3055 = ORIENTED_EDGE ( 'NONE', *, *, #4795, .T. ) ;
#3056 = VERTEX_POINT ( 'NONE', #2289 ) ;
#3057 = LINE ( 'NONE', #5018, #6578 ) ;
#3058 = DIRECTION ( 'NONE',  ( -0.06975647374411934900, 0.9975640502598246400, 0.0000000000000000000 ) ) ;
#3059 = CARTESIAN_POINT ( 'NONE',  ( 2.797009727012554200, 0.2500000000000000000, -0.8525000000000003700 ) ) ;
#3060 = CARTESIAN_POINT ( 'NONE',  ( 2.575000000000000200, 0.2500000000000000000, 2.152499999999999900 ) ) ;
#3061 = EDGE_LOOP ( 'NONE', ( #916, #4796, #1273, #3009 ) ) ;
#3062 = DIRECTION ( 'NONE',  ( -0.0000000000000000000, -0.0000000000000000000, -1.000000000000000000 ) ) ;
#3063 = ORIENTED_EDGE ( 'NONE', *, *, #1809, .T. ) ;
#3064 = FACE_OUTER_BOUND ( 'NONE', #4209, .T. ) ;
#3065 = CARTESIAN_POINT ( 'NONE',  ( 3.200000000000000200, 0.1496346075389538600, -1.502500000000000400 ) ) ;
#3066 = DIRECTION ( 'NONE',  ( 1.000000000000000000, -0.0000000000000000000, -0.0000000000000000000 ) ) ;
#3067 = FACE_OUTER_BOUND ( 'NONE', #3814, .T. ) ;
#3068 = ORIENTED_EDGE ( 'NONE', *, *, #5496, .F. ) ;
#3069 = LINE ( 'NONE', #4402, #4141 ) ;
#3070 = EDGE_CURVE ( 'NONE', #5133, #230, #405, .T. ) ;
#3071 = CARTESIAN_POINT ( 'NONE',  ( 2.724999999999980500, 0.4779902729874362400, -0.8525000000000003700 ) ) ;
#3072 = ORIENTED_EDGE ( 'NONE', *, *, #3541, .T. ) ;
#3073 = FACE_OUTER_BOUND ( 'NONE', #1668, .T. ) ;
#3074 = CARTESIAN_POINT ( 'NONE',  ( -2.200000000000001100, 0.5500000000000105900, 2.397500000000000000 ) ) ;
#3075 = FACE_OUTER_BOUND ( 'NONE', #5225, .T. ) ;
#3076 = ORIENTED_EDGE ( 'NONE', *, *, #7305, .F. ) ;
#3077 = DIRECTION ( 'NONE',  ( -1.000000000000000000, -0.0000000000000000000, -0.0000000000000000000 ) ) ;
#3078 = VERTEX_POINT ( 'NONE', #6883 ) ;
#3079 = CARTESIAN_POINT ( 'NONE',  ( 2.724999999999980500, 0.4779902729874362400, 1.097499999999999500 ) ) ;
#3080 = DIRECTION ( 'NONE',  ( -0.9975640502598247500, -0.06975647374411825300, 0.0000000000000000000 ) ) ;
#3081 = EDGE_CURVE ( 'NONE', #1390, #3578, #5335, .T. ) ;
#3082 = FACE_OUTER_BOUND ( 'NONE', #3950, .T. ) ;
#3083 = VECTOR ( 'NONE', #6117, 1000.000000000000000 ) ;
#3084 = ORIENTED_EDGE ( 'NONE', *, *, #4526, .T. ) ;
#3085 = DIRECTION ( 'NONE',  ( 1.000000000000000000, 0.0000000000000000000, 0.0000000000000000000 ) ) ;
#3086 = AXIS2_PLACEMENT_3D ( 'NONE', #5166, #4571, #1795 ) ;
#3087 = PLANE ( 'NONE',  #3857 ) ;
#3088 = DIRECTION ( 'NONE',  ( -0.0000000000000000000, -0.0000000000000000000, -1.000000000000000000 ) ) ;
#3089 = DIRECTION ( 'NONE',  ( -0.9975640502598247500, -0.06975647374411825300, 0.0000000000000000000 ) ) ;
#3090 = ADVANCED_FACE ( 'NONE', ( #4418 ), #525, .F. ) ;
#3091 = PLANE ( 'NONE',  #1314 ) ;
#3092 = LINE ( 'NONE', #463, #6528 ) ;
#3093 = VECTOR ( 'NONE', #4046, 1000.000000000000000 ) ;
#3094 = ORIENTED_EDGE ( 'NONE', *, *, #5399, .F. ) ;
#3095 = CARTESIAN_POINT ( 'NONE',  ( 2.502990272987425600, 0.4779902729874362900, 0.4474999999999995600 ) ) ;
#3096 = EDGE_CURVE ( 'NONE', #5343, #7004, #1298, .T. ) ;
#3097 = AXIS2_PLACEMENT_3D ( 'NONE', #5805, #294, #1372 ) ;
#3098 = CARTESIAN_POINT ( 'NONE',  ( 2.200000000000001100, 0.5500000000000105900, 0.2024999999999995700 ) ) ;
#3099 = FACE_OUTER_BOUND ( 'NONE', #5265, .T. ) ;
#3100 = CIRCLE ( 'NONE', #1467, 0.2220097270125543400 ) ;
#3101 = ORIENTED_EDGE ( 'NONE', *, *, #5554, .F. ) ;
#3102 = PLANE ( 'NONE',  #1841 ) ;
#3103 = DIRECTION ( 'NONE',  ( -1.000000000000000000, 0.0000000000000000000, 3.469446951953614200E-016 ) ) ;
#3104 = MANIFOLD_SOLID_BREP ( 'Housing', #6757 ) ;
#3105 = LINE ( 'NONE', #3037, #5829 ) ;
#3106 = CARTESIAN_POINT ( 'NONE',  ( -3.189536528938383700, -3.794707603699265500E-016, 0.4474999999999995600 ) ) ;
#3107 = ORIENTED_EDGE ( 'NONE', *, *, #3658, .T. ) ;
#3108 = LINE ( 'NONE', #814, #1682 ) ;
#3109 = VERTEX_POINT ( 'NONE', #5101 ) ;
#3110 = AXIS2_PLACEMENT_3D ( 'NONE', #4782, #1365, #1938 ) ;
#3111 = DIRECTION ( 'NONE',  ( -1.000000000000000000, 0.0000000000000000000, 0.0000000000000000000 ) ) ;
#3112 = DIRECTION ( 'NONE',  ( 0.0000000000000000000, 1.000000000000000000, 0.0000000000000000000 ) ) ;
#3113 = CARTESIAN_POINT ( 'NONE',  ( 2.502990272987425600, 0.4779902729874362900, 0.4474999999999995600 ) ) ;
#3114 = ORIENTED_EDGE ( 'NONE', *, *, #4366, .T. ) ;
#3115 = DIRECTION ( 'NONE',  ( -0.0000000000000000000, 0.0000000000000000000, -1.000000000000000000 ) ) ;
#3116 = VERTEX_POINT ( 'NONE', #3996 ) ;
#3117 = CARTESIAN_POINT ( 'NONE',  ( -2.791986582380880500, 0.1781656850632321000, 1.097499999999999500 ) ) ;
#3118 = EDGE_CURVE ( 'NONE', #3727, #4709, #6690, .T. ) ;
#3119 = EDGE_CURVE ( 'NONE', #4930, #6012, #3869, .T. ) ;
#3120 = CARTESIAN_POINT ( 'NONE',  ( 2.200000000000001100, 0.5500000000000105900, -1.097500000000000400 ) ) ;
#3121 = DIRECTION ( 'NONE',  ( -0.0000000000000000000, -0.0000000000000000000, -1.000000000000000000 ) ) ;
#3122 = VECTOR ( 'NONE', #3566, 1000.000000000000000 ) ;
#3123 = EDGE_LOOP ( 'NONE', ( #5256, #3560, #318, #162 ) ) ;
#3124 = ADVANCED_FACE ( 'NONE', ( #5602 ), #3448, .T. ) ;
#3125 = DIRECTION ( 'NONE',  ( -1.000000000000000000, 0.0000000000000000000, 0.0000000000000000000 ) ) ;
#3126 = EDGE_CURVE ( 'NONE', #5992, #391, #4968, .T. ) ;
#3127 = AXIS2_PLACEMENT_3D ( 'NONE', #5450, #6132, #2674 ) ;
#3128 = VECTOR ( 'NONE', #2273, 1000.000000000000000 ) ;
#3129 = VERTEX_POINT ( 'NONE', #1072 ) ;
#3130 = CARTESIAN_POINT ( 'NONE',  ( 2.200000000000001100, 0.6999999999999905200, 2.397500000000000000 ) ) ;
#3131 =( NAMED_UNIT ( * ) PLANE_ANGLE_UNIT ( ) SI_UNIT ( $, .RADIAN. ) );
#3132 = CARTESIAN_POINT ( 'NONE',  ( 3.189536528938383700, -3.794707603699265500E-016, 0.2024999999999995700 ) ) ;
#3133 = ORIENTED_EDGE ( 'NONE', *, *, #6292, .T. ) ;
#3134 = ORIENTED_EDGE ( 'NONE', *, *, #7005, .T. ) ;
#3135 = DIRECTION ( 'NONE',  ( -0.0000000000000000000, -0.0000000000000000000, -1.000000000000000000 ) ) ;
#3136 = EDGE_CURVE ( 'NONE', #4335, #6673, #595, .T. ) ;
#3137 = EDGE_CURVE ( 'NONE', #5085, #6457, #36, .T. ) ;
#3138 = CARTESIAN_POINT ( 'NONE',  ( -2.797009727012554200, 0.2500000000000000000, 1.097499999999999500 ) ) ;
#3139 = VERTEX_POINT ( 'NONE', #4708 ) ;
#3140 = DIRECTION ( 'NONE',  ( -0.1294283079955606000, 0.9831056027603609600, -0.1294283079955605700 ) ) ;
#3141 = ORIENTED_EDGE ( 'NONE', *, *, #5957, .T. ) ;
#3142 = AXIS2_PLACEMENT_3D ( 'NONE', #494, #550, #7448 ) ;
#3143 = VERTEX_POINT ( 'NONE', #3948 ) ;
#3144 = CLOSED_SHELL ( 'NONE', ( #2830, #1969, #2393, #6395, #5703, #6434, #4705, #4630, #2235, #5403, #5212, #4854, #2321, #1680 ) ) ;
#3145 = DIRECTION ( 'NONE',  ( 0.0000000000000000000, 0.0000000000000000000, 1.000000000000000000 ) ) ;
#3146 = VECTOR ( 'NONE', #6514, 1000.000000000000000 ) ;
#3147 = DIRECTION ( 'NONE',  ( 0.0000000000000000000, 0.0000000000000000000, 1.000000000000000000 ) ) ;
#3148 = DIRECTION ( 'NONE',  ( 1.000000000000000000, 0.0000000000000000000, 0.0000000000000000000 ) ) ;
#3149 = UNCERTAINTY_MEASURE_WITH_UNIT (LENGTH_MEASURE( 1.000000000000000100E-005 ), #5253, 'distance_accuracy_value', 'NONE');
#3150 = CARTESIAN_POINT ( 'NONE',  ( -2.575000000000000200, 0.2500000000000000000, -1.097500000000000400 ) ) ;
#3151 = ORIENTED_EDGE ( 'NONE', *, *, #2187, .T. ) ;
#3152 = EDGE_CURVE ( 'NONE', #3819, #420, #2366, .T. ) ;
#3153 = ORIENTED_EDGE ( 'NONE', *, *, #1241, .F. ) ;
#3154 = COLOUR_RGB ( '',0.7921568627450980000, 0.8196078431372548800, 0.9333333333333333500 ) ;
#3155 = AXIS2_PLACEMENT_3D ( 'NONE', #7391, #5099, #3866 ) ;
#3156 = DIRECTION ( 'NONE',  ( 0.9975640502598246400, -0.06975647374411936300, -0.0000000000000000000 ) ) ;
#3157 = VERTEX_POINT ( 'NONE', #7009 ) ;
#3158 = VERTEX_POINT ( 'NONE', #4045 ) ;
#3159 = DIRECTION ( 'NONE',  ( -0.0000000000000000000, -0.0000000000000000000, -1.000000000000000000 ) ) ;
#3160 = FACE_OUTER_BOUND ( 'NONE', #4215, .T. ) ;
#3161 = ORIENTED_EDGE ( 'NONE', *, *, #4436, .T. ) ;
#3162 = VECTOR ( 'NONE', #4219, 1000.000000000000000 ) ;
#3163 = VECTOR ( 'NONE', #5959, 1000.000000000000000 ) ;
#3164 = DIRECTION ( 'NONE',  ( 0.0000000000000000000, 1.000000000000000000, 0.0000000000000000000 ) ) ;
#3165 = PRESENTATION_LAYER_ASSIGNMENT (  '', '', ( #4315 ) ) ;
#3166 = VECTOR ( 'NONE', #1944, 1000.000000000000000 ) ;
#3167 = ADVANCED_FACE ( 'NONE', ( #5796 ), #4557, .F. ) ;
#3168 = CIRCLE ( 'NONE', #5534, 0.07200972701257388200 ) ;
#3169 = VECTOR ( 'NONE', #7342, 1000.000000000000000 ) ;
#3170 = ORIENTED_EDGE ( 'NONE', *, *, #7292, .F. ) ;
#3171 = ORIENTED_EDGE ( 'NONE', *, *, #5596, .F. ) ;
#3172 = PLANE ( 'NONE',  #441 ) ;
#3173 = DIRECTION ( 'NONE',  ( -0.0000000000000000000, -0.0000000000000000000, -1.000000000000000000 ) ) ;
#3174 = LINE ( 'NONE', #6776, #2556 ) ;
#3175 =( LENGTH_UNIT ( ) NAMED_UNIT ( * ) SI_UNIT ( .MILLI., .METRE. ) );
#3176 = EDGE_CURVE ( 'NONE', #6398, #499, #1916, .T. ) ;
#3177 = DIRECTION ( 'NONE',  ( 0.0000000000000000000, 1.000000000000000000, 0.0000000000000000000 ) ) ;
#3178 = STYLED_ITEM ( 'NONE', ( #3301 ), #917 ) ;
#3179 = LINE ( 'NONE', #6148, #3083 ) ;
#3180 = ORIENTED_EDGE ( 'NONE', *, *, #1047, .T. ) ;
#3181 = ORIENTED_EDGE ( 'NONE', *, *, #3834, .T. ) ;
#3182 = ORIENTED_EDGE ( 'NONE', *, *, #2036, .F. ) ;
#3183 = DIRECTION ( 'NONE',  ( 0.0000000000000000000, 0.0000000000000000000, 1.000000000000000000 ) ) ;
#3184 = FACE_OUTER_BOUND ( 'NONE', #7106, .T. ) ;
#3185 = LINE ( 'NONE', #3405, #4984 ) ;
#3186 = ORIENTED_EDGE ( 'NONE', *, *, #3096, .F. ) ;
#3187 = CARTESIAN_POINT ( 'NONE',  ( -2.502990272987425600, 0.5500000000000105900, -1.747500000000000300 ) ) ;
#3188 = VERTEX_POINT ( 'NONE', #5791 ) ;
#3189 = EDGE_CURVE ( 'NONE', #5874, #5938, #7416, .T. ) ;
#3190 = DIRECTION ( 'NONE',  ( -1.000000000000000000, 0.0000000000000000000, 0.0000000000000000000 ) ) ;
#3191 = DIRECTION ( 'NONE',  ( -0.0000000000000000000, -0.0000000000000000000, -1.000000000000000000 ) ) ;
#3192 = DIRECTION ( 'NONE',  ( 1.000000000000000000, 0.0000000000000000000, 0.0000000000000000000 ) ) ;
#3193 = LINE ( 'NONE', #4775, #5060 ) ;
#3194 = ORIENTED_EDGE ( 'NONE', *, *, #6836, .T. ) ;
#3195 = CARTESIAN_POINT ( 'NONE',  ( 2.502990272987425600, 0.6999999999999905200, -1.502500000000000400 ) ) ;
#3196 = DIRECTION ( 'NONE',  ( -0.0000000000000000000, 0.0000000000000000000, -1.000000000000000000 ) ) ;
#3197 = EDGE_CURVE ( 'NONE', #3351, #1261, #6775, .T. ) ;
#3198 = CIRCLE ( 'NONE', #460, 0.07200972701257432600 ) ;
#3199 = EDGE_LOOP ( 'NONE', ( #5963, #5984, #583, #1328 ) ) ;
#3200 = AXIS2_PLACEMENT_3D ( 'NONE', #2378, #4, #3771 ) ;
#3201 = DIRECTION ( 'NONE',  ( 0.0000000000000000000, 0.0000000000000000000, 1.000000000000000000 ) ) ;
#3202 = VECTOR ( 'NONE', #3062, 1000.000000000000000 ) ;
#3203 = VECTOR ( 'NONE', #7450, 1000.000000000000000 ) ;
#3204 = ORIENTED_EDGE ( 'NONE', *, *, #1269, .T. ) ;
#3205 = ADVANCED_FACE ( 'NONE', ( #847 ), #4684, .F. ) ;
#3206 = CARTESIAN_POINT ( 'NONE',  ( -2.502990272987425600, 0.4779902729874362900, 1.097499999999999500 ) ) ;
#3207 = CARTESIAN_POINT ( 'NONE',  ( 2.575000000000000200, 0.4779902729874362900, -0.4475000000000004000 ) ) ;
#3208 = LINE ( 'NONE', #1460, #6290 ) ;
#3209 = ORIENTED_EDGE ( 'NONE', *, *, #3424, .F. ) ;
#3210 = AXIS2_PLACEMENT_3D ( 'NONE', #4620, #116, #5218 ) ;
#3211 = VECTOR ( 'NONE', #2732, 1000.000000000000000 ) ;
#3212 = ORIENTED_EDGE ( 'NONE', *, *, #3424, .T. ) ;
#3213 = VECTOR ( 'NONE', #3140, 1000.000000000000000 ) ;
#3214 = ORIENTED_EDGE ( 'NONE', *, *, #3666, .F. ) ;
#3215 = EDGE_CURVE ( 'NONE', #7380, #6952, #6419, .T. ) ;
#3216 = AXIS2_PLACEMENT_3D ( 'NONE', #7196, #7119, #7175 ) ;
#3217 = CARTESIAN_POINT ( 'NONE',  ( -2.200000000000001100, 0.5500000000000105900, -1.747500000000000300 ) ) ;
#3218 = DIRECTION ( 'NONE',  ( -1.000000000000000000, 0.0000000000000000000, 0.0000000000000000000 ) ) ;
#3219 = CARTESIAN_POINT ( 'NONE',  ( -2.575000000000000200, 0.2500000000000000000, 2.152499999999999900 ) ) ;
#3220 = CARTESIAN_POINT ( 'NONE',  ( 2.502990272987425600, 0.4779902729874362900, -2.152500000000000300 ) ) ;
#3221 = VERTEX_POINT ( 'NONE', #2415 ) ;
#3222 = ORIENTED_EDGE ( 'NONE', *, *, #2649, .F. ) ;
#3223 = DIRECTION ( 'NONE',  ( 1.000000000000000000, 0.0000000000000000000, 0.0000000000000000000 ) ) ;
#3224 = DIRECTION ( 'NONE',  ( 1.000000000000000000, 0.0000000000000000000, -1.971276677246370800E-016 ) ) ;
#3225 = EDGE_CURVE ( 'NONE', #499, #4985, #1827, .T. ) ;
#3226 = DIRECTION ( 'NONE',  ( -1.000000000000000000, 0.0000000000000000000, 1.971276677246370800E-016 ) ) ;
#3227 = ORIENTED_EDGE ( 'NONE', *, *, #4928, .F. ) ;
#3228 = CARTESIAN_POINT ( 'NONE',  ( 3.200000000000000200, 0.1496346075389538600, -1.502500000000000400 ) ) ;
#3229 = VERTEX_POINT ( 'NONE', #1285 ) ;
#3230 = VERTEX_POINT ( 'NONE', #4633 ) ;
#3231 = DIRECTION ( 'NONE',  ( -0.9975640502598247500, -0.06975647374411825300, 0.0000000000000000000 ) ) ;
#3232 = ORIENTED_EDGE ( 'NONE', *, *, #3152, .T. ) ;
#3233 = CARTESIAN_POINT ( 'NONE',  ( 2.502990272987425600, 0.6999999999999905200, -2.152500000000000300 ) ) ;
#3234 = ORIENTED_EDGE ( 'NONE', *, *, #4732, .T. ) ;
#3235 = ORIENTED_EDGE ( 'NONE', *, *, #451, .F. ) ;
#3236 = EDGE_CURVE ( 'NONE', #2445, #7020, #309, .T. ) ;
#3237 = LINE ( 'NONE', #5548, #1547 ) ;
#3238 = ADVANCED_FACE ( 'NONE', ( #6593, #4864 ), #2314, .T. ) ;
#3239 = MANIFOLD_SOLID_BREP ( 'LPattern1[11]', #3640 ) ;
#3240 = MECHANICAL_DESIGN_GEOMETRIC_PRESENTATION_REPRESENTATION (  '', ( #958 ), #4144 ) ;
#3241 = ORIENTED_EDGE ( 'NONE', *, *, #6503, .F. ) ;
#3242 = DIRECTION ( 'NONE',  ( 0.0000000000000000000, 0.0000000000000000000, 1.000000000000000000 ) ) ;
#3243 = DIRECTION ( 'NONE',  ( 1.000000000000000000, 0.0000000000000000000, 0.0000000000000000000 ) ) ;
#3244 = ORIENTED_EDGE ( 'NONE', *, *, #23, .F. ) ;
#3245 = LINE ( 'NONE', #4113, #6418 ) ;
#3246 = DIRECTION ( 'NONE',  ( -0.0000000000000000000, -0.0000000000000000000, -1.000000000000000000 ) ) ;
#3247 = DIRECTION ( 'NONE',  ( 1.000000000000000000, 0.0000000000000000000, 0.0000000000000000000 ) ) ;
#3248 = ORIENTED_EDGE ( 'NONE', *, *, #470, .F. ) ;
#3249 = ORIENTED_EDGE ( 'NONE', *, *, #2500, .T. ) ;
#3250 = DIRECTION ( 'NONE',  ( 1.000000000000000000, 0.0000000000000000000, 0.0000000000000000000 ) ) ;
#3251 = CIRCLE ( 'NONE', #4953, 0.07200972701257388200 ) ;
#3252 = AXIS2_PLACEMENT_3D ( 'NONE', #1086, #2845, #6803 ) ;
#3253 = VECTOR ( 'NONE', #3842, 1000.000000000000000 ) ;
#3254 = DIRECTION ( 'NONE',  ( 1.000000000000000000, 0.0000000000000000000, -0.0000000000000000000 ) ) ;
#3255 = DIRECTION ( 'NONE',  ( 0.0000000000000000000, 0.0000000000000000000, 1.000000000000000000 ) ) ;
#3256 = DIRECTION ( 'NONE',  ( -0.0000000000000000000, -0.0000000000000000000, -1.000000000000000000 ) ) ;
#3257 = VECTOR ( 'NONE', #510, 1000.000000000000000 ) ;
#3258 = CIRCLE ( 'NONE', #7449, 0.2220097270125543400 ) ;
#3259 = ORIENTED_EDGE ( 'NONE', *, *, #1715, .T. ) ;
#3260 = DIRECTION ( 'NONE',  ( 1.000000000000000000, 0.0000000000000000000, 0.0000000000000000000 ) ) ;
#3261 = EDGE_CURVE ( 'NONE', #1020, #6257, #3525, .T. ) ;
#3262 = ORIENTED_EDGE ( 'NONE', *, *, #6343, .F. ) ;
#3263 = EDGE_CURVE ( 'NONE', #6325, #6638, #1428, .T. ) ;
#3264 = CARTESIAN_POINT ( 'NONE',  ( 2.797009727012554200, 0.2500000000000000000, 1.097499999999999500 ) ) ;
#3265 = CARTESIAN_POINT ( 'NONE',  ( -2.797009727012554200, 0.2500000000000000000, -1.502500000000000400 ) ) ;
#3266 = DIRECTION ( 'NONE',  ( -1.000000000000000000, 0.0000000000000000000, 0.0000000000000000000 ) ) ;
#3267 = VECTOR ( 'NONE', #4604, 1000.000000000000000 ) ;
#3268 = LINE ( 'NONE', #3036, #4711 ) ;
#3269 = ORIENTED_EDGE ( 'NONE', *, *, #5607, .F. ) ;
#3270 = CARTESIAN_POINT ( 'NONE',  ( 2.200000000000001100, 0.5500000000000105900, -0.2025000000000004300 ) ) ;
#3271 = DIRECTION ( 'NONE',  ( -1.000000000000000000, 0.0000000000000000000, 0.0000000000000000000 ) ) ;
#3272 = ORIENTED_EDGE ( 'NONE', *, *, #6603, .T. ) ;
#3273 = CARTESIAN_POINT ( 'NONE',  ( -1.359873937319054000, 1.050000000000000000, -1.659873937319050500 ) ) ;
#3274 = EDGE_CURVE ( 'NONE', #6457, #4687, #4264, .T. ) ;
#3275 = CARTESIAN_POINT ( 'NONE',  ( -2.575000000000000200, 0.2500000000000000000, 2.397500000000000000 ) ) ;
#3276 = FACE_OUTER_BOUND ( 'NONE', #2230, .T. ) ;
#3277 = AXIS2_PLACEMENT_3D ( 'NONE', #1764, #5793, #2341 ) ;
#3278 = CARTESIAN_POINT ( 'NONE',  ( 2.502990272987425600, 0.4779902729874362900, 1.747499999999999400 ) ) ;
#3279 = DIRECTION ( 'NONE',  ( -1.000000000000000000, 0.0000000000000000000, 0.0000000000000000000 ) ) ;
#3280 = VERTEX_POINT ( 'NONE', #1880 ) ;
#3281 = ORIENTED_EDGE ( 'NONE', *, *, #5346, .F. ) ;
#3282 = ADVANCED_FACE ( 'NONE', ( #6631 ), #2460, .T. ) ;
#3283 = FILL_AREA_STYLE ('',( #1022 ) ) ;
#3284 = VECTOR ( 'NONE', #3930, 1000.000000000000000 ) ;
#3285 = CARTESIAN_POINT ( 'NONE',  ( 3.189536528938383700, -3.794707603699265500E-016, 0.4474999999999995600 ) ) ;
#3286 = DIRECTION ( 'NONE',  ( 1.000000000000000000, 0.0000000000000000000, 0.0000000000000000000 ) ) ;
#3287 = FACE_OUTER_BOUND ( 'NONE', #4119, .T. ) ;
#3288 = ORIENTED_EDGE ( 'NONE', *, *, #5168, .F. ) ;
#3289 = EDGE_CURVE ( 'NONE', #3793, #2935, #7437, .T. ) ;
#3290 = CARTESIAN_POINT ( 'NONE',  ( -2.724999999999980100, 0.4779902729874363500, 0.8524999999999994800 ) ) ;
#3291 = AXIS2_PLACEMENT_3D ( 'NONE', #1418, #2566, #285 ) ;
#3292 = CARTESIAN_POINT ( 'NONE',  ( 3.200000000000000200, 0.1496346075389538600, 1.747499999999999400 ) ) ;
#3293 = ORIENTED_EDGE ( 'NONE', *, *, #716, .T. ) ;
#3294 = CIRCLE ( 'NONE', #2749, 0.07200972701257388200 ) ;
#3295 = VERTEX_POINT ( 'NONE', #6461 ) ;
#3296 = DIRECTION ( 'NONE',  ( 0.0000000000000000000, -1.000000000000000000, 0.0000000000000000000 ) ) ;
#3297 = EDGE_CURVE ( 'NONE', #6994, #694, #7223, .T. ) ;
#3298 = LINE ( 'NONE', #3219, #3570 ) ;
#3299 = ORIENTED_EDGE ( 'NONE', *, *, #1001, .F. ) ;
#3300 = DIRECTION ( 'NONE',  ( 0.0000000000000000000, 1.000000000000000000, 0.0000000000000000000 ) ) ;
#3301 = PRESENTATION_STYLE_ASSIGNMENT (( #7343 ) ) ;
#3302 = ORIENTED_EDGE ( 'NONE', *, *, #1998, .T. ) ;
#3303 = VERTEX_POINT ( 'NONE', #3651 ) ;
#3304 =( GEOMETRIC_REPRESENTATION_CONTEXT ( 3 ) GLOBAL_UNCERTAINTY_ASSIGNED_CONTEXT ( ( #1060 ) ) GLOBAL_UNIT_ASSIGNED_CONTEXT ( ( #6099, #326, #6120 ) ) REPRESENTATION_CONTEXT ( 'NONE', 'WORKASPACE' ) );
#3305 = CARTESIAN_POINT ( 'NONE',  ( 2.791986582380880500, 0.1781656850632321000, 1.747499999999999400 ) ) ;
#3306 = CARTESIAN_POINT ( 'NONE',  ( -2.502990272987425600, 0.4779902729874362900, -0.8525000000000003700 ) ) ;
#3307 = CARTESIAN_POINT ( 'NONE',  ( 2.200000000000001100, 0.6999999999999905200, -0.8525000000000003700 ) ) ;
#3308 = ORIENTED_EDGE ( 'NONE', *, *, #3541, .F. ) ;
#3309 = VERTEX_POINT ( 'NONE', #157 ) ;
#3310 = PLANE ( 'NONE',  #7036 ) ;
#3311 = AXIS2_PLACEMENT_3D ( 'NONE', #3672, #4193, #4772 ) ;
#3312 = CIRCLE ( 'NONE', #2323, 0.2220097270125543400 ) ;
#3313 = VERTEX_POINT ( 'NONE', #4142 ) ;
#3314 = CARTESIAN_POINT ( 'NONE',  ( -2.724999999999980100, 0.4779902729874363500, 1.097499999999999500 ) ) ;
#3315 = ADVANCED_FACE ( 'NONE', ( #4081 ), #233, .F. ) ;
#3316 = DIRECTION ( 'NONE',  ( -0.0000000000000000000, -0.0000000000000000000, -1.000000000000000000 ) ) ;
#3317 = EDGE_CURVE ( 'NONE', #2593, #7145, #5609, .T. ) ;
#3318 = AXIS2_PLACEMENT_3D ( 'NONE', #5266, #1818, #6995 ) ;
#3319 = VERTEX_POINT ( 'NONE', #2481 ) ;
#3320 = EDGE_LOOP ( 'NONE', ( #1892, #2183, #7394, #2534 ) ) ;
#3321 = DIRECTION ( 'NONE',  ( 0.0000000000000000000, 0.0000000000000000000, 1.000000000000000000 ) ) ;
#3322 = DIRECTION ( 'NONE',  ( -0.0000000000000000000, -0.0000000000000000000, -1.000000000000000000 ) ) ;
#3323 = PLANE ( 'NONE',  #2620 ) ;
#3324 = CARTESIAN_POINT ( 'NONE',  ( -2.724999999999980100, 0.4779902729874363500, -0.2025000000000004300 ) ) ;
#3325 = ORIENTED_EDGE ( 'NONE', *, *, #158, .T. ) ;
#3326 =( NAMED_UNIT ( * ) SI_UNIT ( $, .STERADIAN. ) SOLID_ANGLE_UNIT ( ) );
#3327 = EDGE_LOOP ( 'NONE', ( #1758, #3170, #5649, #3775, #6487, #2472, #3429, #5826, #2734, #3186, #6512, #4344 ) ) ;
#3328 = EDGE_LOOP ( 'NONE', ( #6664, #5930, #396, #5785 ) ) ;
#3329 = ORIENTED_EDGE ( 'NONE', *, *, #482, .F. ) ;
#3330 = LINE ( 'NONE', #7234, #4306 ) ;
#3331 = CARTESIAN_POINT ( 'NONE',  ( 2.200000000000001100, 0.5500000000000105900, 2.397500000000000000 ) ) ;
#3332 = EDGE_CURVE ( 'NONE', #5756, #1769, #3193, .T. ) ;
#3333 = DIRECTION ( 'NONE',  ( 0.06975647374411851600, 0.9975640502598247500, -0.0000000000000000000 ) ) ;
#3334 = CARTESIAN_POINT ( 'NONE',  ( 2.575000000000000200, 0.4779902729874362900, -0.8525000000000003700 ) ) ;
#3335 = ORIENTED_EDGE ( 'NONE', *, *, #1002, .F. ) ;
#3336 = DIRECTION ( 'NONE',  ( 0.9975640502598246400, -0.06975647374411936300, -0.0000000000000000000 ) ) ;
#3337 = ORIENTED_EDGE ( 'NONE', *, *, #2601, .T. ) ;
#3338 = PRESENTATION_STYLE_ASSIGNMENT (( #5670 ) ) ;
#3339 = CARTESIAN_POINT ( 'NONE',  ( 2.502990272987425600, 0.5500000000000105900, -0.2025000000000004300 ) ) ;
#3340 = CARTESIAN_POINT ( 'NONE',  ( 2.724999999999980500, 0.2500000000000000000, -1.502500000000000400 ) ) ;
#3341 = ORIENTED_EDGE ( 'NONE', *, *, #4962, .F. ) ;
#3342 = EDGE_CURVE ( 'NONE', #6340, #2972, #3399, .T. ) ;
#3343 = CIRCLE ( 'NONE', #923, 0.2220097270125543400 ) ;
#3344 = ORIENTED_EDGE ( 'NONE', *, *, #2759, .T. ) ;
#3345 = LINE ( 'NONE', #7008, #2005 ) ;
#3346 = CARTESIAN_POINT ( 'NONE',  ( 2.502990272987425600, 0.5500000000000105900, -1.097500000000000400 ) ) ;
#3347 = COLOUR_RGB ( '',0.7921568627450980000, 0.8196078431372548800, 0.9333333333333333500 ) ;
#3348 = AXIS2_PLACEMENT_3D ( 'NONE', #5857, #4625, #94 ) ;
#3349 = CARTESIAN_POINT ( 'NONE',  ( 2.575000000000000200, 0.4779902729874362900, -2.397500000000000400 ) ) ;
#3350 = CARTESIAN_POINT ( 'NONE',  ( -2.791986582380880500, 0.1781656850632323000, -0.4475000000000004000 ) ) ;
#3351 = VERTEX_POINT ( 'NONE', #7099 ) ;
#3352 = CIRCLE ( 'NONE', #2970, 0.2220097270125543400 ) ;
#3353 = CARTESIAN_POINT ( 'NONE',  ( -2.791986582380880500, 0.1781656850632323000, -2.397500000000000400 ) ) ;
#3354 = CYLINDRICAL_SURFACE ( 'NONE', #2726, 0.07200972701257432600 ) ;
#3355 = CARTESIAN_POINT ( 'NONE',  ( 2.797009727012554200, 0.2500000000000000000, -2.397500000000000400 ) ) ;
#3356 = FACE_OUTER_BOUND ( 'NONE', #3679, .T. ) ;
#3357 = VERTEX_POINT ( 'NONE', #4220 ) ;
#3358 = APPLICATION_CONTEXT ( 'automotive_design' ) ;
#3359 = ORIENTED_EDGE ( 'NONE', *, *, #6577, .F. ) ;
#3360 = ADVANCED_FACE ( 'NONE', ( #445 ), #5112, .F. ) ;
#3361 = AXIS2_PLACEMENT_3D ( 'NONE', #1917, #1324, #220 ) ;
#3362 = CIRCLE ( 'NONE', #341, 0.07200972701257388200 ) ;
#3363 = CARTESIAN_POINT ( 'NONE',  ( -3.200000000000000200, 0.1496346075389538600, 2.397500000000000000 ) ) ;
#3364 = CARTESIAN_POINT ( 'NONE',  ( -2.575000000000000200, 0.4779902729874362900, -0.2025000000000004300 ) ) ;
#3365 = EDGE_LOOP ( 'NONE', ( #7068, #2352, #3923, #13 ) ) ;
#3366 = CARTESIAN_POINT ( 'NONE',  ( -2.502990272987425600, 0.4779902729874362900, -0.2025000000000004300 ) ) ;
#3367 = EDGE_LOOP ( 'NONE', ( #3133, #3823, #5247, #4272 ) ) ;
#3368 = LINE ( 'NONE', #5678, #870 ) ;
#3369 = CARTESIAN_POINT ( 'NONE',  ( 2.502990272987425600, 0.4779902729874362900, 2.397500000000000000 ) ) ;
#3370 = EDGE_CURVE ( 'NONE', #3045, #1533, #1521, .T. ) ;
#3371 = PRODUCT_DEFINITION_CONTEXT ( 'detailed design', #3358, 'design' ) ;
#3372 = DIRECTION ( 'NONE',  ( 0.0000000000000000000, 0.0000000000000000000, 1.000000000000000000 ) ) ;
#3373 = VECTOR ( 'NONE', #4624, 1000.000000000000000 ) ;
#3374 = ORIENTED_EDGE ( 'NONE', *, *, #3572, .F. ) ;
#3375 = DIRECTION ( 'NONE',  ( -0.0000000000000000000, -1.000000000000000000, -0.0000000000000000000 ) ) ;
#3376 =( GEOMETRIC_REPRESENTATION_CONTEXT ( 3 ) GLOBAL_UNCERTAINTY_ASSIGNED_CONTEXT ( ( #5045 ) ) GLOBAL_UNIT_ASSIGNED_CONTEXT ( ( #6784, #487, #7387 ) ) REPRESENTATION_CONTEXT ( 'NONE', 'WORKASPACE' ) );
#3377 = DIRECTION ( 'NONE',  ( -0.0000000000000000000, -1.000000000000000000, -0.0000000000000000000 ) ) ;
#3378 = LINE ( 'NONE', #2682, #4353 ) ;
#3379 = FACE_OUTER_BOUND ( 'NONE', #3649, .T. ) ;
#3380 = ORIENTED_EDGE ( 'NONE', *, *, #299, .T. ) ;
#3381 = CARTESIAN_POINT ( 'NONE',  ( 2.200000000000001100, 0.5500000000000105900, 2.152499999999999900 ) ) ;
#3382 = EDGE_CURVE ( 'NONE', #6213, #5402, #6372, .T. ) ;
#3383 = CARTESIAN_POINT ( 'NONE',  ( -2.502990272987425600, 0.5500000000000105900, 1.097499999999999500 ) ) ;
#3384 = DIRECTION ( 'NONE',  ( 1.000000000000000000, 0.0000000000000000000, 0.0000000000000000000 ) ) ;
#3385 = LINE ( 'NONE', #3233, #6986 ) ;
#3386 = LINE ( 'NONE', #3275, #6011 ) ;
#3387 = ORIENTED_EDGE ( 'NONE', *, *, #1655, .F. ) ;
#3388 = DIRECTION ( 'NONE',  ( -0.0000000000000000000, 1.000000000000000000, -0.0000000000000000000 ) ) ;
#3389 = DIRECTION ( 'NONE',  ( 0.06975647374411851600, 0.9975640502598247500, -0.0000000000000000000 ) ) ;
#3390 = DIRECTION ( 'NONE',  ( 0.0000000000000000000, 0.0000000000000000000, -1.000000000000000000 ) ) ;
#3391 = CARTESIAN_POINT ( 'NONE',  ( -3.200000000000000200, 0.1496346075389538600, 1.502499999999999500 ) ) ;
#3392 = VECTOR ( 'NONE', #4525, 1000.000000000000000 ) ;
#3393 = EDGE_CURVE ( 'NONE', #3833, #229, #7458, .T. ) ;
#3394 = EDGE_CURVE ( 'NONE', #838, #6404, #3208, .T. ) ;
#3395 = VECTOR ( 'NONE', #4098, 1000.000000000000000 ) ;
#3396 = ORIENTED_EDGE ( 'NONE', *, *, #5845, .T. ) ;
#3397 = DIRECTION ( 'NONE',  ( 1.000000000000000000, 0.0000000000000000000, 0.0000000000000000000 ) ) ;
#3398 = DIRECTION ( 'NONE',  ( 0.0000000000000000000, 1.000000000000000000, 0.0000000000000000000 ) ) ;
#3399 = LINE ( 'NONE', #733, #4921 ) ;
#3400 = ADVANCED_FACE ( 'NONE', ( #5198 ), #6013, .F. ) ;
#3401 = ORIENTED_EDGE ( 'NONE', *, *, #1374, .T. ) ;
#3402 = CARTESIAN_POINT ( 'NONE',  ( 3.200000000000000200, 0.1496346075389538600, 0.2024999999999995700 ) ) ;
#3403 = ORIENTED_EDGE ( 'NONE', *, *, #6942, .F. ) ;
#3404 = CARTESIAN_POINT ( 'NONE',  ( -2.724999999999980500, 0.4779902729874362400, -0.2025000000000004300 ) ) ;
#3405 = CARTESIAN_POINT ( 'NONE',  ( 2.200000000000001100, 0.6999999999999905200, -0.4475000000000004000 ) ) ;
#3406 = CARTESIAN_POINT ( 'NONE',  ( 3.189536528938383700, -3.794707603699265500E-016, 1.502499999999999500 ) ) ;
#3407 = DIRECTION ( 'NONE',  ( -0.0000000000000000000, -0.0000000000000000000, -1.000000000000000000 ) ) ;
#3408 = LINE ( 'NONE', #6774, #906 ) ;
#3409 = ORIENTED_EDGE ( 'NONE', *, *, #7270, .T. ) ;
#3410 = ADVANCED_FACE ( 'NONE', ( #2853 ), #7229, .F. ) ;
#3411 = DIRECTION ( 'NONE',  ( -1.000000000000000000, 0.0000000000000000000, 0.0000000000000000000 ) ) ;
#3412 = DIRECTION ( 'NONE',  ( 0.0000000000000000000, -1.000000000000000000, 0.0000000000000000000 ) ) ;
#3413 = EDGE_LOOP ( 'NONE', ( #3585, #2881, #6251, #1255 ) ) ;
#3414 = VERTEX_POINT ( 'NONE', #5449 ) ;
#3415 = EDGE_CURVE ( 'NONE', #668, #7417, #3298, .T. ) ;
#3416 = DIRECTION ( 'NONE',  ( 1.000000000000000000, 0.0000000000000000000, 0.0000000000000000000 ) ) ;
#3417 = AXIS2_PLACEMENT_3D ( 'NONE', #4969, #493, #3840 ) ;
#3418 = SURFACE_STYLE_USAGE ( .BOTH. , #6300 ) ;
#3419 = ORIENTED_EDGE ( 'NONE', *, *, #3263, .F. ) ;
#3420 = ORIENTED_EDGE ( 'NONE', *, *, #4270, .T. ) ;
#3421 = ORIENTED_EDGE ( 'NONE', *, *, #787, .F. ) ;
#3422 = PRESENTATION_STYLE_ASSIGNMENT (( #5729 ) ) ;
#3423 = CARTESIAN_POINT ( 'NONE',  ( 2.791986582380880500, 0.1781656850632321000, -0.8525000000000003700 ) ) ;
#3424 = EDGE_CURVE ( 'NONE', #6469, #5007, #356, .T. ) ;
#3425 = AXIS2_PLACEMENT_3D ( 'NONE', #1650, #5625, #6263 ) ;
#3426 = ORIENTED_EDGE ( 'NONE', *, *, #1737, .T. ) ;
#3427 = DIRECTION ( 'NONE',  ( -0.0000000000000000000, 1.000000000000000000, -0.0000000000000000000 ) ) ;
#3428 = VERTEX_POINT ( 'NONE', #963 ) ;
#3429 = ORIENTED_EDGE ( 'NONE', *, *, #4137, .F. ) ;
#3430 = FACE_OUTER_BOUND ( 'NONE', #7042, .T. ) ;
#3431 = CARTESIAN_POINT ( 'NONE',  ( -2.502990272987425600, 0.6999999999999905200, -0.8525000000000003700 ) ) ;
#3432 =( NAMED_UNIT ( * ) PLANE_ANGLE_UNIT ( ) SI_UNIT ( $, .RADIAN. ) );
#3433 = DIRECTION ( 'NONE',  ( -1.000000000000000000, 0.0000000000000000000, 0.0000000000000000000 ) ) ;
#3434 = ORIENTED_EDGE ( 'NONE', *, *, #6810, .F. ) ;
#3435 = ORIENTED_EDGE ( 'NONE', *, *, #6243, .T. ) ;
#3436 = ADVANCED_FACE ( 'NONE', ( #262 ), #1979, .F. ) ;
#3437 = CARTESIAN_POINT ( 'NONE',  ( 2.200000000000001100, 0.6999999999999905200, -1.502500000000000400 ) ) ;
#3438 = EDGE_CURVE ( 'NONE', #3849, #737, #4733, .T. ) ;
#3439 = LINE ( 'NONE', #3505, #6681 ) ;
#3440 = DIRECTION ( 'NONE',  ( -0.0000000000000000000, -0.0000000000000000000, -1.000000000000000000 ) ) ;
#3441 = DIRECTION ( 'NONE',  ( -1.000000000000000000, 0.0000000000000000000, 0.0000000000000000000 ) ) ;
#3442 = MANIFOLD_SOLID_BREP ( 'Pin 3', #2382 ) ;
#3443 = AXIS2_PLACEMENT_3D ( 'NONE', #6692, #4998, #2092 ) ;
#3444 = DIRECTION ( 'NONE',  ( -0.0000000000000000000, -0.0000000000000000000, -1.000000000000000000 ) ) ;
#3445 = ORIENTED_EDGE ( 'NONE', *, *, #3517, .T. ) ;
#3446 = FACE_OUTER_BOUND ( 'NONE', #3844, .T. ) ;
#3447 = ORIENTED_EDGE ( 'NONE', *, *, #5582, .T. ) ;
#3448 = CYLINDRICAL_SURFACE ( 'NONE', #5472, 0.2220097270125543400 ) ;
#3449 = CARTESIAN_POINT ( 'NONE',  ( 2.502990272987425600, 0.6999999999999905200, 2.152499999999999900 ) ) ;
#3450 = EDGE_LOOP ( 'NONE', ( #6798, #1099, #5505, #3259 ) ) ;
#3451 = DIRECTION ( 'NONE',  ( -0.0000000000000000000, -0.0000000000000000000, -1.000000000000000000 ) ) ;
#3452 = EDGE_CURVE ( 'NONE', #388, #2210, #7356, .T. ) ;
#3453 = CARTESIAN_POINT ( 'NONE',  ( -2.502990272987425600, 0.4779902729874362900, -2.152500000000000300 ) ) ;
#3454 = FACE_OUTER_BOUND ( 'NONE', #6373, .T. ) ;
#3455 = AXIS2_PLACEMENT_3D ( 'NONE', #5688, #4485, #3372 ) ;
#3456 = FACE_OUTER_BOUND ( 'NONE', #2731, .T. ) ;
#3457 = ORIENTED_EDGE ( 'NONE', *, *, #6464, .F. ) ;
#3458 = CARTESIAN_POINT ( 'NONE',  ( -2.111367450329968400, 1.373231053677467900, 2.411367450329970500 ) ) ;
#3459 = ORIENTED_EDGE ( 'NONE', *, *, #4024, .T. ) ;
#3460 = CARTESIAN_POINT ( 'NONE',  ( -3.189536528938383700, -3.794707603699265500E-016, -0.8525000000000003700 ) ) ;
#3461 = DIRECTION ( 'NONE',  ( -0.9975640502598247500, 0.06975647374411825300, -0.0000000000000000000 ) ) ;
#3462 = DIRECTION ( 'NONE',  ( 0.0000000000000000000, 0.0000000000000000000, 1.000000000000000000 ) ) ;
#3463 = FACE_OUTER_BOUND ( 'NONE', #7388, .T. ) ;
#3464 = LINE ( 'NONE', #6846, #7430 ) ;
#3465 = ORIENTED_EDGE ( 'NONE', *, *, #67, .T. ) ;
#3466 = AXIS2_PLACEMENT_3D ( 'NONE', #1803, #3556, #3026 ) ;
#3467 = CARTESIAN_POINT ( 'NONE',  ( -2.502990272987425600, 0.6999999999999905200, -0.8525000000000003700 ) ) ;
#3468 = VECTOR ( 'NONE', #3224, 1000.000000000000000 ) ;
#3469 = CARTESIAN_POINT ( 'NONE',  ( -3.200000000000000200, 0.1496346075389538600, -1.097500000000000400 ) ) ;
#3470 = ORIENTED_EDGE ( 'NONE', *, *, #3797, .T. ) ;
#3471 = EDGE_CURVE ( 'NONE', #5383, #2086, #5011, .T. ) ;
#3472 = LINE ( 'NONE', #2551, #6358 ) ;
#3473 = AXIS2_PLACEMENT_3D ( 'NONE', #1888, #2988, #5308 ) ;
#3474 = FACE_OUTER_BOUND ( 'NONE', #2549, .T. ) ;
#3475 = ORIENTED_EDGE ( 'NONE', *, *, #1363, .T. ) ;
#3476 = ADVANCED_FACE ( 'NONE', ( #6466 ), #4367, .T. ) ;
#3477 = DIRECTION ( 'NONE',  ( 1.000000000000000000, 0.0000000000000000000, 0.0000000000000000000 ) ) ;
#3478 = DIRECTION ( 'NONE',  ( 0.0000000000000000000, 1.000000000000000000, 0.0000000000000000000 ) ) ;
#3479 = LINE ( 'NONE', #273, #7161 ) ;
#3480 = DIRECTION ( 'NONE',  ( -1.000000000000000000, 0.0000000000000000000, 0.0000000000000000000 ) ) ;
#3481 = CARTESIAN_POINT ( 'NONE',  ( 2.200000000000001100, 0.5500000000000105900, -0.2025000000000004300 ) ) ;
#3482 = VERTEX_POINT ( 'NONE', #5522 ) ;
#3483 = PLANE ( 'NONE',  #38 ) ;
#3484 = ORIENTED_EDGE ( 'NONE', *, *, #6323, .F. ) ;
#3485 = EDGE_CURVE ( 'NONE', #6113, #1390, #1874, .T. ) ;
#3486 = AXIS2_PLACEMENT_3D ( 'NONE', #4061, #6872, #6927 ) ;
#3487 = FACE_OUTER_BOUND ( 'NONE', #4766, .T. ) ;
#3488 = VECTOR ( 'NONE', #4946, 1000.000000000000000 ) ;
#3489 = CLOSED_SHELL ( 'NONE', ( #637, #894, #3476, #2753, #4329, #738, #1413, #7326, #95, #283, #7084, #4164, #3908, #3090 ) ) ;
#3490 = CARTESIAN_POINT ( 'NONE',  ( -2.575000000000000200, 0.2500000000000000000, 1.502499999999999500 ) ) ;
#3491 = CARTESIAN_POINT ( 'NONE',  ( -2.575000000000000200, 0.2500000000000000000, -0.4475000000000004000 ) ) ;
#3492 = EDGE_CURVE ( 'NONE', #3158, #1889, #77, .T. ) ;
#3493 = FACE_OUTER_BOUND ( 'NONE', #3604, .T. ) ;
#3494 = ORIENTED_EDGE ( 'NONE', *, *, #6420, .F. ) ;
#3495 = LINE ( 'NONE', #4544, #4466 ) ;
#3496 = ORIENTED_EDGE ( 'NONE', *, *, #213, .T. ) ;
#3497 = CARTESIAN_POINT ( 'NONE',  ( 2.502990272987425600, 0.4779902729874362900, 1.747499999999999400 ) ) ;
#3498 = DIRECTION ( 'NONE',  ( 1.000000000000000000, 0.0000000000000000000, 0.0000000000000000000 ) ) ;
#3499 = CARTESIAN_POINT ( 'NONE',  ( -2.791986582380880500, 0.1781656850632321000, -1.097500000000000400 ) ) ;
#3500 = AXIS2_PLACEMENT_3D ( 'NONE', #5330, #1345, #5922 ) ;
#3501 = CARTESIAN_POINT ( 'NONE',  ( 2.781523111319264400, 0.02853107752427827200, -0.2025000000000004300 ) ) ;
#3502 = ORIENTED_EDGE ( 'NONE', *, *, #1095, .F. ) ;
#3503 = ORIENTED_EDGE ( 'NONE', *, *, #3740, .T. ) ;
#3504 = CARTESIAN_POINT ( 'NONE',  ( -2.502990272987425600, 0.6999999999999905200, 0.4474999999999995600 ) ) ;
#3505 = CARTESIAN_POINT ( 'NONE',  ( 3.189536528938383700, -3.794707603699265500E-016, -0.2025000000000004300 ) ) ;
#3506 = DIRECTION ( 'NONE',  ( -0.0000000000000000000, -0.0000000000000000000, -1.000000000000000000 ) ) ;
#3507 = VERTEX_POINT ( 'NONE', #6159 ) ;
#3508 = EDGE_CURVE ( 'NONE', #6195, #3588, #2667, .T. ) ;
#3509 = EDGE_CURVE ( 'NONE', #3054, #4610, #802, .T. ) ;
#3510 = ORIENTED_EDGE ( 'NONE', *, *, #5698, .T. ) ;
#3511 = VERTEX_POINT ( 'NONE', #5545 ) ;
#3512 = LINE ( 'NONE', #4427, #1991 ) ;
#3513 = AXIS2_PLACEMENT_3D ( 'NONE', #4756, #5966, #1362 ) ;
#3514 = ADVANCED_FACE ( 'NONE', ( #4456 ), #3323, .F. ) ;
#3515 = ORIENTED_EDGE ( 'NONE', *, *, #5983, .T. ) ;
#3516 = VERTEX_POINT ( 'NONE', #1489 ) ;
#3517 = EDGE_CURVE ( 'NONE', #1533, #3849, #2939, .T. ) ;
#3518 = PLANE ( 'NONE',  #5152 ) ;
#3519 = DIRECTION ( 'NONE',  ( -1.000000000000000000, 0.0000000000000000000, 0.0000000000000000000 ) ) ;
#3520 = ORIENTED_EDGE ( 'NONE', *, *, #1530, .F. ) ;
#3521 = VECTOR ( 'NONE', #2041, 1000.000000000000000 ) ;
#3522 = ORIENTED_EDGE ( 'NONE', *, *, #5465, .F. ) ;
#3523 = FACE_OUTER_BOUND ( 'NONE', #7116, .T. ) ;
#3524 = DIRECTION ( 'NONE',  ( 1.000000000000000000, 0.0000000000000000000, 0.0000000000000000000 ) ) ;
#3525 = LINE ( 'NONE', #2906, #4015 ) ;
#3526 = CARTESIAN_POINT ( 'NONE',  ( 2.502990272987425600, 0.4779902729874362900, -0.2025000000000004300 ) ) ;
#3527 = EDGE_CURVE ( 'NONE', #5209, #6518, #1168, .T. ) ;
#3528 = DIRECTION ( 'NONE',  ( -0.0000000000000000000, -0.0000000000000000000, -1.000000000000000000 ) ) ;
#3529 = EDGE_CURVE ( 'NONE', #6870, #2258, #1597, .T. ) ;
#3530 = VECTOR ( 'NONE', #2866, 1000.000000000000000 ) ;
#3531 = FACE_OUTER_BOUND ( 'NONE', #4703, .T. ) ;
#3532 = DIRECTION ( 'NONE',  ( -0.0000000000000000000, 1.000000000000000000, -0.0000000000000000000 ) ) ;
#3533 = ORIENTED_EDGE ( 'NONE', *, *, #57, .F. ) ;
#3534 = CARTESIAN_POINT ( 'NONE',  ( -3.189536528938383700, -3.794707603699265500E-016, 0.4474999999999995600 ) ) ;
#3535 = ORIENTED_EDGE ( 'NONE', *, *, #5077, .T. ) ;
#3536 = FACE_OUTER_BOUND ( 'NONE', #7173, .T. ) ;
#3537 = PLANE ( 'NONE',  #5768 ) ;
#3538 = VECTOR ( 'NONE', #555, 1000.000000000000000 ) ;
#3539 = ORIENTED_EDGE ( 'NONE', *, *, #1739, .F. ) ;
#3540 = CARTESIAN_POINT ( 'NONE',  ( -3.200000000000000200, 0.1496346075389538600, -2.152500000000000300 ) ) ;
#3541 = EDGE_CURVE ( 'NONE', #2593, #1369, #3028, .T. ) ;
#3542 = ORIENTED_EDGE ( 'NONE', *, *, #6400, .F. ) ;
#3543 = CARTESIAN_POINT ( 'NONE',  ( -2.200000000000001100, 0.6999999999999905200, 2.397500000000000000 ) ) ;
#3544 = VECTOR ( 'NONE', #5318, 1000.000000000000000 ) ;
#3545 = CARTESIAN_POINT ( 'NONE',  ( 2.502990272987425600, 0.5500000000000105900, -1.747500000000000300 ) ) ;
#3546 = EDGE_LOOP ( 'NONE', ( #830, #5655, #5407, #4589, #2653, #1698, #2671, #4994, #1567, #6217, #4583, #1805 ) ) ;
#3547 = ORIENTED_EDGE ( 'NONE', *, *, #6767, .F. ) ;
#3548 = LINE ( 'NONE', #2376, #1667 ) ;
#3549 = ORIENTED_EDGE ( 'NONE', *, *, #6849, .T. ) ;
#3550 = CARTESIAN_POINT ( 'NONE',  ( 2.724999999999980500, 0.4779902729874362400, 2.397500000000000000 ) ) ;
#3551 = ADVANCED_FACE ( 'NONE', ( #7078 ), #3915, .F. ) ;
#3552 = VECTOR ( 'NONE', #2152, 1000.000000000000000 ) ;
#3553 = VECTOR ( 'NONE', #6957, 1000.000000000000000 ) ;
#3554 = ORIENTED_EDGE ( 'NONE', *, *, #1153, .F. ) ;
#3555 = DIRECTION ( 'NONE',  ( -0.0000000000000000000, -1.000000000000000000, -0.0000000000000000000 ) ) ;
#3556 = DIRECTION ( 'NONE',  ( 0.0000000000000000000, -1.000000000000000000, 0.0000000000000000000 ) ) ;
#3557 = DIRECTION ( 'NONE',  ( -0.9975640502598247500, -0.06975647374411825300, 0.0000000000000000000 ) ) ;
#3558 = DIRECTION ( 'NONE',  ( -1.000000000000000000, 0.0000000000000000000, 0.0000000000000000000 ) ) ;
#3559 = FACE_OUTER_BOUND ( 'NONE', #6331, .T. ) ;
#3560 = ORIENTED_EDGE ( 'NONE', *, *, #4197, .F. ) ;
#3561 = CIRCLE ( 'NONE', #7435, 0.2220097270125543400 ) ;
#3562 = EDGE_LOOP ( 'NONE', ( #6015, #1004, #3533, #1130 ) ) ;
#3563 = EDGE_CURVE ( 'NONE', #820, #1463, #5381, .T. ) ;
#3564 = AXIS2_PLACEMENT_3D ( 'NONE', #1167, #621, #47 ) ;
#3565 = VECTOR ( 'NONE', #4158, 1000.000000000000000 ) ;
#3566 = DIRECTION ( 'NONE',  ( 0.9975640502598246400, 0.06975647374411936300, 0.0000000000000000000 ) ) ;
#3567 = VECTOR ( 'NONE', #6984, 1000.000000000000000 ) ;
#3568 = ORIENTED_EDGE ( 'NONE', *, *, #6849, .F. ) ;
#3569 = DIRECTION ( 'NONE',  ( -1.000000000000000000, 0.0000000000000000000, 0.0000000000000000000 ) ) ;
#3570 = VECTOR ( 'NONE', #939, 1000.000000000000000 ) ;
#3571 = DIRECTION ( 'NONE',  ( -1.000000000000000000, 0.0000000000000000000, 0.0000000000000000000 ) ) ;
#3572 = EDGE_CURVE ( 'NONE', #1590, #4149, #544, .T. ) ;
#3573 = DIRECTION ( 'NONE',  ( 0.0000000000000000000, 0.0000000000000000000, 1.000000000000000000 ) ) ;
#3574 = ORIENTED_EDGE ( 'NONE', *, *, #5116, .T. ) ;
#3575 =( GEOMETRIC_REPRESENTATION_CONTEXT ( 3 ) GLOBAL_UNCERTAINTY_ASSIGNED_CONTEXT ( ( #4203 ) ) GLOBAL_UNIT_ASSIGNED_CONTEXT ( ( #4345, #5511, #4929 ) ) REPRESENTATION_CONTEXT ( 'NONE', 'WORKASPACE' ) );
#3576 = ADVANCED_FACE ( 'NONE', ( #2145 ), #5038, .F. ) ;
#3577 = CARTESIAN_POINT ( 'NONE',  ( 2.724999999999980500, 0.4779902729874362400, 1.747499999999999400 ) ) ;
#3578 = VERTEX_POINT ( 'NONE', #3353 ) ;
#3579 = DIRECTION ( 'NONE',  ( -0.0000000000000000000, -0.0000000000000000000, -1.000000000000000000 ) ) ;
#3580 = LINE ( 'NONE', #6254, #461 ) ;
#3581 = ORIENTED_EDGE ( 'NONE', *, *, #991, .T. ) ;
#3582 = EDGE_CURVE ( 'NONE', #3054, #2697, #7267, .T. ) ;
#3583 = ADVANCED_FACE ( 'NONE', ( #3487 ), #6130, .T. ) ;
#3584 = AXIS2_PLACEMENT_3D ( 'NONE', #6697, #1544, #5561 ) ;
#3585 = ORIENTED_EDGE ( 'NONE', *, *, #3529, .T. ) ;
#3586 = ORIENTED_EDGE ( 'NONE', *, *, #627, .F. ) ;
#3587 = CARTESIAN_POINT ( 'NONE',  ( -2.797009727012554200, 0.2500000000000000000, 0.4474999999999995600 ) ) ;
#3588 = VERTEX_POINT ( 'NONE', #1702 ) ;
#3589 = ORIENTED_EDGE ( 'NONE', *, *, #2501, .F. ) ;
#3590 = ORIENTED_EDGE ( 'NONE', *, *, #6614, .T. ) ;
#3591 = ORIENTED_EDGE ( 'NONE', *, *, #3527, .T. ) ;
#3592 = FACE_OUTER_BOUND ( 'NONE', #2149, .T. ) ;
#3593 = AXIS2_PLACEMENT_3D ( 'NONE', #7019, #4154, #4128 ) ;
#3594 = CARTESIAN_POINT ( 'NONE',  ( -2.502990272987425600, 0.5500000000000105900, -1.747500000000000300 ) ) ;
#3595 = EDGE_LOOP ( 'NONE', ( #6766, #7199, #7031, #6443 ) ) ;
#3596 = VERTEX_POINT ( 'NONE', #434 ) ;
#3597 = ORIENTED_EDGE ( 'NONE', *, *, #4338, .T. ) ;
#3598 = CARTESIAN_POINT ( 'NONE',  ( -3.200000000000000200, 0.1496346075389538600, -2.152500000000000300 ) ) ;
#3599 = VECTOR ( 'NONE', #2304, 1000.000000000000000 ) ;
#3600 = DIRECTION ( 'NONE',  ( 0.9975640502598246400, -0.06975647374411936300, -0.0000000000000000000 ) ) ;
#3601 = EDGE_CURVE ( 'NONE', #3002, #3012, #1074, .T. ) ;
#3602 = CARTESIAN_POINT ( 'NONE',  ( 2.724999999999980500, 0.4779902729874362400, -2.152500000000000300 ) ) ;
#3603 = PRODUCT_DEFINITION_SHAPE ( 'NONE', 'NONE',  #6225 ) ;
#3604 = EDGE_LOOP ( 'NONE', ( #169, #2955, #3359, #5317 ) ) ;
#3605 = LINE ( 'NONE', #1745, #4502 ) ;
#3606 = ORIENTED_EDGE ( 'NONE', *, *, #6387, .T. ) ;
#3607 = LINE ( 'NONE', #936, #5965 ) ;
#3608 = DIRECTION ( 'NONE',  ( 1.000000000000000000, 0.0000000000000000000, 0.0000000000000000000 ) ) ;
#3609 = CARTESIAN_POINT ( 'NONE',  ( 2.200000000000001100, 0.6999999999999905200, 1.747499999999999400 ) ) ;
#3610 = ADVANCED_FACE ( 'NONE', ( #4552 ), #3483, .F. ) ;
#3611 = DIRECTION ( 'NONE',  ( 0.0000000000000000000, 0.0000000000000000000, 1.000000000000000000 ) ) ;
#3612 = LINE ( 'NONE', #3132, #2895 ) ;
#3613 = EDGE_CURVE ( 'NONE', #4547, #4629, #3912, .T. ) ;
#3614 = FACE_OUTER_BOUND ( 'NONE', #1395, .T. ) ;
#3615 = VECTOR ( 'NONE', #2803, 1000.000000000000000 ) ;
#3616 = CARTESIAN_POINT ( 'NONE',  ( 2.200000000000001100, 0.5500000000000105900, 2.500000000000001800 ) ) ;
#3617 = ORIENTED_EDGE ( 'NONE', *, *, #3492, .T. ) ;
#3618 = CARTESIAN_POINT ( 'NONE',  ( 2.724999999999980500, 0.4779902729874362400, 2.152499999999999900 ) ) ;
#3619 = DIRECTION ( 'NONE',  ( 0.0000000000000000000, 0.0000000000000000000, 1.000000000000000000 ) ) ;
#3620 = DIRECTION ( 'NONE',  ( 0.0000000000000000000, 0.0000000000000000000, -1.000000000000000000 ) ) ;
#3621 = LINE ( 'NONE', #3616, #4870 ) ;
#3622 = ADVANCED_FACE ( 'NONE', ( #2661 ), #6848, .F. ) ;
#3623 = LINE ( 'NONE', #2633, #1651 ) ;
#3624 = ORIENTED_EDGE ( 'NONE', *, *, #109, .F. ) ;
#3625 = ORIENTED_EDGE ( 'NONE', *, *, #2333, .F. ) ;
#3626 = CARTESIAN_POINT ( 'NONE',  ( -2.502990272987425600, 0.6999999999999905200, -0.4475000000000004000 ) ) ;
#3627 = EDGE_CURVE ( 'NONE', #3157, #683, #537, .T. ) ;
#3628 = VECTOR ( 'NONE', #5630, 1000.000000000000000 ) ;
#3629 = AXIS2_PLACEMENT_3D ( 'NONE', #1931, #5322, #181 ) ;
#3630 = CIRCLE ( 'NONE', #4867, 0.07200972701257432600 ) ;
#3631 = ORIENTED_EDGE ( 'NONE', *, *, #1035, .F. ) ;
#3632 = VECTOR ( 'NONE', #3089, 1000.000000000000000 ) ;
#3633 = CARTESIAN_POINT ( 'NONE',  ( -2.502990272987425600, 0.4779902729874362900, 1.097499999999999500 ) ) ;
#3634 = VERTEX_POINT ( 'NONE', #4037 ) ;
#3635 = ORIENTED_EDGE ( 'NONE', *, *, #1896, .T. ) ;
#3636 = CARTESIAN_POINT ( 'NONE',  ( -3.200000000000000200, 0.1496346075389538600, -0.2025000000000004300 ) ) ;
#3637 = MECHANICAL_DESIGN_GEOMETRIC_PRESENTATION_REPRESENTATION (  '', ( #5776 ), #1729 ) ;
#3638 = FACE_OUTER_BOUND ( 'NONE', #6319, .T. ) ;
#3639 = VECTOR ( 'NONE', #2027, 1000.000000000000000 ) ;
#3640 = CLOSED_SHELL ( 'NONE', ( #5058, #2537, #1866, #3315, #7406, #5941, #1082, #530, #6727, #3514, #2054, #3400, #2714, #5911 ) ) ;
#3641 = CARTESIAN_POINT ( 'NONE',  ( -2.575000000000000200, 0.2500000000000000000, 1.097499999999999500 ) ) ;
#3642 = CARTESIAN_POINT ( 'NONE',  ( -2.502990272987425600, 0.5500000000000105900, -2.152500000000000300 ) ) ;
#3643 = EDGE_CURVE ( 'NONE', #4250, #1522, #2585, .T. ) ;
#3644 = VECTOR ( 'NONE', #4212, 1000.000000000000000 ) ;
#3645 = EDGE_CURVE ( 'NONE', #2079, #820, #5923, .T. ) ;
#3646 = PLANE ( 'NONE',  #6640 ) ;
#3647 = VERTEX_POINT ( 'NONE', #7466 ) ;
#3648 = LINE ( 'NONE', #1785, #4000 ) ;
#3649 = EDGE_LOOP ( 'NONE', ( #573, #2790, #1577, #6632 ) ) ;
#3650 = DIRECTION ( 'NONE',  ( 0.0000000000000000000, 0.0000000000000000000, -1.000000000000000000 ) ) ;
#3651 = CARTESIAN_POINT ( 'NONE',  ( -2.200000000000001100, 0.5500000000000105900, -0.8525000000000003700 ) ) ;
#3652 = VECTOR ( 'NONE', #5064, 1000.000000000000000 ) ;
#3653 = EDGE_LOOP ( 'NONE', ( #380, #3631, #4274, #2505 ) ) ;
#3654 = ORIENTED_EDGE ( 'NONE', *, *, #3879, .F. ) ;
#3655 = ORIENTED_EDGE ( 'NONE', *, *, #1884, .F. ) ;
#3656 = ADVANCED_FACE ( 'NONE', ( #4277 ), #2280, .F. ) ;
#3657 = CARTESIAN_POINT ( 'NONE',  ( -2.200000000000001100, 0.6999999999999905200, -2.397500000000000400 ) ) ;
#3658 = EDGE_CURVE ( 'NONE', #5677, #5355, #1161, .T. ) ;
#3659 = DIRECTION ( 'NONE',  ( -1.000000000000000000, 0.0000000000000000000, 0.0000000000000000000 ) ) ;
#3660 = DIRECTION ( 'NONE',  ( -1.000000000000000000, 0.0000000000000000000, 0.0000000000000000000 ) ) ;
#3661 = FACE_OUTER_BOUND ( 'NONE', #2485, .T. ) ;
#3662 = ORIENTED_EDGE ( 'NONE', *, *, #2125, .F. ) ;
#3663 = DIRECTION ( 'NONE',  ( -1.000000000000000000, 0.0000000000000000000, 0.0000000000000000000 ) ) ;
#3664 = CARTESIAN_POINT ( 'NONE',  ( -2.575000000000000200, 0.2500000000000000000, 1.097499999999999500 ) ) ;
#3665 = CARTESIAN_POINT ( 'NONE',  ( 2.575000000000000200, 0.2500000000000000000, -1.747500000000000300 ) ) ;
#3666 = EDGE_CURVE ( 'NONE', #4318, #155, #6636, .T. ) ;
#3667 = CARTESIAN_POINT ( 'NONE',  ( -2.147339000965042400, 1.100000000000000100, 0.0000000000000000000 ) ) ;
#3668 = VECTOR ( 'NONE', #252, 1000.000000000000000 ) ;
#3669 = ORIENTED_EDGE ( 'NONE', *, *, #5181, .T. ) ;
#3670 = AXIS2_PLACEMENT_3D ( 'NONE', #1716, #2217, #3397 ) ;
#3671 = DIRECTION ( 'NONE',  ( -1.000000000000000000, 0.0000000000000000000, 0.0000000000000000000 ) ) ;
#3672 = CARTESIAN_POINT ( 'NONE',  ( 2.797009727012554200, 0.2500000000000000000, -0.2025000000000004300 ) ) ;
#3673 = CARTESIAN_POINT ( 'NONE',  ( 2.200000000000001100, 0.6999999999999905200, 2.152499999999999900 ) ) ;
#3674 = DIRECTION ( 'NONE',  ( 0.0000000000000000000, 0.0000000000000000000, 1.000000000000000000 ) ) ;
#3675 = ORIENTED_EDGE ( 'NONE', *, *, #2501, .T. ) ;
#3676 = ORIENTED_EDGE ( 'NONE', *, *, #5228, .T. ) ;
#3677 = CARTESIAN_POINT ( 'NONE',  ( 2.724999999999980500, 0.2500000000000000000, -2.397500000000000400 ) ) ;
#3678 = EDGE_CURVE ( 'NONE', #1882, #1906, #6458, .T. ) ;
#3679 = EDGE_LOOP ( 'NONE', ( #874, #765, #2781, #5795, #2071, #5920, #6832, #3496, #620, #7403, #4333, #784 ) ) ;
#3680 = CARTESIAN_POINT ( 'NONE',  ( -3.200000000000000200, 0.1496346075389538600, 2.397500000000000000 ) ) ;
#3681 = EDGE_LOOP ( 'NONE', ( #4653, #5500, #6696, #4035 ) ) ;
#3682 = CARTESIAN_POINT ( 'NONE',  ( -3.189536528938383700, -3.794707603699265500E-016, 2.152499999999999900 ) ) ;
#3683 = VERTEX_POINT ( 'NONE', #5167 ) ;
#3684 = ORIENTED_EDGE ( 'NONE', *, *, #6145, .F. ) ;
#3685 = LINE ( 'NONE', #7082, #6760 ) ;
#3686 = SURFACE_STYLE_USAGE ( .BOTH. , #2069 ) ;
#3687 = CARTESIAN_POINT ( 'NONE',  ( -2.200000000000001100, 0.6999999999999905200, -0.8525000000000003700 ) ) ;
#3688 = ORIENTED_EDGE ( 'NONE', *, *, #7279, .F. ) ;
#3689 = DIRECTION ( 'NONE',  ( 0.9975640502598246400, 0.06975647374411936300, 0.0000000000000000000 ) ) ;
#3690 = ORIENTED_EDGE ( 'NONE', *, *, #713, .T. ) ;
#3691 = AXIS2_PLACEMENT_3D ( 'NONE', #6035, #2531, #7098 ) ;
#3692 = CARTESIAN_POINT ( 'NONE',  ( 2.200000000000001100, 0.5500000000000105900, 0.4474999999999995600 ) ) ;
#3693 = ADVANCED_FACE ( 'NONE', ( #4361 ), #7439, .F. ) ;
#3694 = FACE_OUTER_BOUND ( 'NONE', #3858, .T. ) ;
#3695 = ORIENTED_EDGE ( 'NONE', *, *, #6282, .T. ) ;
#3696 = LINE ( 'NONE', #5377, #7034 ) ;
#3697 = CARTESIAN_POINT ( 'NONE',  ( 3.200000000000000200, 0.1496346075389538600, 2.397500000000000000 ) ) ;
#3698 = UNCERTAINTY_MEASURE_WITH_UNIT (LENGTH_MEASURE( 1.000000000000000100E-005 ), #4623, 'distance_accuracy_value', 'NONE');
#3699 = EDGE_CURVE ( 'NONE', #1455, #1206, #7451, .T. ) ;
#3700 = CARTESIAN_POINT ( 'NONE',  ( -2.502990272987425600, 0.6999999999999905200, -1.747500000000000300 ) ) ;
#3701 = AXIS2_PLACEMENT_3D ( 'NONE', #7222, #3815, #3266 ) ;
#3702 = LINE ( 'NONE', #1724, #2550 ) ;
#3703 = ORIENTED_EDGE ( 'NONE', *, *, #565, .F. ) ;
#3704 = DIRECTION ( 'NONE',  ( 1.000000000000000000, 0.0000000000000000000, -0.0000000000000000000 ) ) ;
#3705 = EDGE_LOOP ( 'NONE', ( #812, #2250, #6446, #2431 ) ) ;
#3706 = CARTESIAN_POINT ( 'NONE',  ( -2.791986582380880500, 0.1781656850632321000, -1.502500000000000400 ) ) ;
#3707 = EDGE_CURVE ( 'NONE', #1865, #5559, #5463, .T. ) ;
#3708 = VECTOR ( 'NONE', #2646, 1000.000000000000000 ) ;
#3709 = CARTESIAN_POINT ( 'NONE',  ( -3.189536528938383700, -3.794707603699265500E-016, 1.747499999999999400 ) ) ;
#3710 = SURFACE_STYLE_FILL_AREA ( #2266 ) ;
#3711 = ORIENTED_EDGE ( 'NONE', *, *, #979, .F. ) ;
#3712 = PLANE ( 'NONE',  #6149 ) ;
#3713 = STYLED_ITEM ( 'NONE', ( #6353 ), #1918 ) ;
#3714 = ORIENTED_EDGE ( 'NONE', *, *, #277, .F. ) ;
#3715 = DIRECTION ( 'NONE',  ( -0.0000000000000000000, -0.0000000000000000000, -1.000000000000000000 ) ) ;
#3716 = DIRECTION ( 'NONE',  ( -0.0000000000000000000, -0.0000000000000000000, -1.000000000000000000 ) ) ;
#3717 = CYLINDRICAL_SURFACE ( 'NONE', #2114, 0.2220097270125543400 ) ;
#3718 = ORIENTED_EDGE ( 'NONE', *, *, #6378, .T. ) ;
#3719 = LINE ( 'NONE', #2331, #3979 ) ;
#3720 = ORIENTED_EDGE ( 'NONE', *, *, #3601, .F. ) ;
#3721 = EDGE_CURVE ( 'NONE', #5057, #2075, #2846, .T. ) ;
#3722 = ORIENTED_EDGE ( 'NONE', *, *, #2579, .T. ) ;
#3723 = FILL_AREA_STYLE_COLOUR ( '', #5745 ) ;
#3724 = AXIS2_PLACEMENT_3D ( 'NONE', #82, #4655, #2930 ) ;
#3725 = LINE ( 'NONE', #7325, #1236 ) ;
#3726 = FACE_OUTER_BOUND ( 'NONE', #7208, .T. ) ;
#3727 = VERTEX_POINT ( 'NONE', #2869 ) ;
#3728 = ADVANCED_FACE ( 'NONE', ( #6993 ), #6355, .F. ) ;
#3729 = DIRECTION ( 'NONE',  ( -1.000000000000000000, 0.0000000000000000000, 0.0000000000000000000 ) ) ;
#3730 = DIRECTION ( 'NONE',  ( -1.000000000000000000, 0.0000000000000000000, 0.0000000000000000000 ) ) ;
#3731 = DIRECTION ( 'NONE',  ( 0.9975640502598247500, 0.06975647374411825300, 0.0000000000000000000 ) ) ;
#3732 = CIRCLE ( 'NONE', #3425, 0.2220097270125543400 ) ;
#3733 = ORIENTED_EDGE ( 'NONE', *, *, #3881, .F. ) ;
#3734 = AXIS2_PLACEMENT_3D ( 'NONE', #3059, #2994, #3569 ) ;
#3735 = LINE ( 'NONE', #3550, #2227 ) ;
#3736 = LINE ( 'NONE', #5867, #6637 ) ;
#3737 = ORIENTED_EDGE ( 'NONE', *, *, #1354, .F. ) ;
#3738 = CARTESIAN_POINT ( 'NONE',  ( -2.200000000000001100, 8.860330322138688400, -2.499999999999997300 ) ) ;
#3739 = EDGE_CURVE ( 'NONE', #2086, #960, #2317, .T. ) ;
#3740 = EDGE_CURVE ( 'NONE', #3974, #5001, #5549, .T. ) ;
#3741 = CARTESIAN_POINT ( 'NONE',  ( -2.724999999999980500, 0.4779902729874362400, -0.8525000000000003700 ) ) ;
#3742 = AXIS2_PLACEMENT_3D ( 'NONE', #20, #5165, #1753 ) ;
#3743 = CARTESIAN_POINT ( 'NONE',  ( 3.200000000000000200, 0.1496346075389538600, 0.8524999999999994800 ) ) ;
#3744 = DIRECTION ( 'NONE',  ( 0.0000000000000000000, 0.0000000000000000000, 1.000000000000000000 ) ) ;
#3745 = LINE ( 'NONE', #371, #811 ) ;
#3746 = VERTEX_POINT ( 'NONE', #4699 ) ;
#3747 = DIRECTION ( 'NONE',  ( 0.9975640502598247500, 0.06975647374411851600, -0.0000000000000000000 ) ) ;
#3748 = CARTESIAN_POINT ( 'NONE',  ( 2.724999999999980500, 0.4779902729874362400, -0.2025000000000004300 ) ) ;
#3749 = EDGE_CURVE ( 'NONE', #1209, #1163, #2139, .T. ) ;
#3750 = VECTOR ( 'NONE', #2130, 1000.000000000000000 ) ;
#3751 = ORIENTED_EDGE ( 'NONE', *, *, #1181, .F. ) ;
#3752 = DIRECTION ( 'NONE',  ( 1.000000000000000000, 0.0000000000000000000, 0.0000000000000000000 ) ) ;
#3753 = DIRECTION ( 'NONE',  ( 0.0000000000000000000, 0.0000000000000000000, 1.000000000000000000 ) ) ;
#3754 = DIRECTION ( 'NONE',  ( 0.9975640502598247500, -0.06975647374411825300, 0.0000000000000000000 ) ) ;
#3755 = LINE ( 'NONE', #5912, #4939 ) ;
#3756 = EDGE_LOOP ( 'NONE', ( #323, #1712, #1416, #1536 ) ) ;
#3757 = PLANE ( 'NONE',  #376 ) ;
#3758 = DIRECTION ( 'NONE',  ( 1.000000000000000000, 0.0000000000000000000, 0.0000000000000000000 ) ) ;
#3759 = EDGE_CURVE ( 'NONE', #5085, #2807, #6896, .T. ) ;
#3760 = EDGE_CURVE ( 'NONE', #806, #353, #890, .T. ) ;
#3761 = SURFACE_STYLE_USAGE ( .BOTH. , #351 ) ;
#3762 = CARTESIAN_POINT ( 'NONE',  ( -2.502990272987425600, 0.6999999999999905200, 0.8524999999999994800 ) ) ;
#3763 = ADVANCED_FACE ( 'NONE', ( #5103 ), #3022, .F. ) ;
#3764 = DIRECTION ( 'NONE',  ( 0.0000000000000000000, 0.0000000000000000000, 1.000000000000000000 ) ) ;
#3765 = ORIENTED_EDGE ( 'NONE', *, *, #7189, .F. ) ;
#3766 = AXIS2_PLACEMENT_3D ( 'NONE', #4765, #247, #3619 ) ;
#3767 = ORIENTED_EDGE ( 'NONE', *, *, #6303, .T. ) ;
#3768 = VERTEX_POINT ( 'NONE', #6382 ) ;
#3769 = DIRECTION ( 'NONE',  ( 0.0000000000000000000, -0.0000000000000000000, -1.000000000000000000 ) ) ;
#3770 = CARTESIAN_POINT ( 'NONE',  ( -2.502990272987425600, 0.6999999999999905200, -0.2025000000000004300 ) ) ;
#3771 = DIRECTION ( 'NONE',  ( -0.9975640502598246400, -0.06975647374411934900, 0.0000000000000000000 ) ) ;
#3772 = VERTEX_POINT ( 'NONE', #120 ) ;
#3773 = CARTESIAN_POINT ( 'NONE',  ( 2.724999999999980500, 0.4779902729874362400, -0.2025000000000004300 ) ) ;
#3774 = ORIENTED_EDGE ( 'NONE', *, *, #7279, .T. ) ;
#3775 = ORIENTED_EDGE ( 'NONE', *, *, #1952, .F. ) ;
#3776 = VECTOR ( 'NONE', #5592, 1000.000000000000000 ) ;
#3777 = CARTESIAN_POINT ( 'NONE',  ( 2.575000000000000200, 0.4779902729874362900, 1.502499999999999500 ) ) ;
#3778 = AXIS2_PLACEMENT_3D ( 'NONE', #5010, #3296, #3859 ) ;
#3779 = PLANE ( 'NONE',  #5637 ) ;
#3780 = ORIENTED_EDGE ( 'NONE', *, *, #1645, .F. ) ;
#3781 = CARTESIAN_POINT ( 'NONE',  ( -2.200000000000001100, 0.6999999999999905200, -0.4475000000000004000 ) ) ;
#3782 = FACE_OUTER_BOUND ( 'NONE', #5565, .T. ) ;
#3783 = ORIENTED_EDGE ( 'NONE', *, *, #7373, .T. ) ;
#3784 = FACE_OUTER_BOUND ( 'NONE', #3756, .T. ) ;
#3785 = CARTESIAN_POINT ( 'NONE',  ( 3.189536528938383700, -3.794707603699265500E-016, 2.397500000000000000 ) ) ;
#3786 = EDGE_CURVE ( 'NONE', #3980, #3428, #1330, .T. ) ;
#3787 = EDGE_LOOP ( 'NONE', ( #287, #7263, #5398, #4569, #2309, #751, #5422, #2581, #3720, #209, #4914, #5767 ) ) ;
#3788 =( GEOMETRIC_REPRESENTATION_CONTEXT ( 3 ) GLOBAL_UNCERTAINTY_ASSIGNED_CONTEXT ( ( #2060 ) ) GLOBAL_UNIT_ASSIGNED_CONTEXT ( ( #1735, #2833, #2802 ) ) REPRESENTATION_CONTEXT ( 'NONE', 'WORKASPACE' ) );
#3789 = DIRECTION ( 'NONE',  ( 0.06975647374411851600, 0.9975640502598247500, -0.0000000000000000000 ) ) ;
#3790 = LINE ( 'NONE', #2196, #1913 ) ;
#3791 = PLANE ( 'NONE',  #1270 ) ;
#3792 = COLOUR_RGB ( '',0.2509803921568627400, 0.2509803921568627400, 0.2509803921568627400 ) ;
#3793 = VERTEX_POINT ( 'NONE', #7001 ) ;
#3794 = CARTESIAN_POINT ( 'NONE',  ( 2.797009727012554200, 0.2500000000000000000, -1.502500000000000400 ) ) ;
#3795 = LINE ( 'NONE', #4494, #7320 ) ;
#3796 = DIRECTION ( 'NONE',  ( -0.0000000000000000000, -0.0000000000000000000, -1.000000000000000000 ) ) ;
#3797 = EDGE_CURVE ( 'NONE', #5593, #2543, #2409, .T. ) ;
#3798 = CARTESIAN_POINT ( 'NONE',  ( -1.359873937319054000, 1.050000000000000000, -1.259873937319050600 ) ) ;
#3799 = VECTOR ( 'NONE', #3825, 1000.000000000000000 ) ;
#3800 = ORIENTED_EDGE ( 'NONE', *, *, #4444, .F. ) ;
#3801 = DIRECTION ( 'NONE',  ( -1.000000000000000000, 0.0000000000000000000, 0.0000000000000000000 ) ) ;
#3802 = ORIENTED_EDGE ( 'NONE', *, *, #2978, .T. ) ;
#3803 = ADVANCED_FACE ( 'NONE', ( #6284 ), #4648, .F. ) ;
#3804 = CARTESIAN_POINT ( 'NONE',  ( -2.502990272987425600, 0.4779902729874362900, 2.152499999999999900 ) ) ;
#3805 = LINE ( 'NONE', #1654, #2029 ) ;
#3806 = DIRECTION ( 'NONE',  ( -0.0000000000000000000, -0.0000000000000000000, -1.000000000000000000 ) ) ;
#3807 = FACE_OUTER_BOUND ( 'NONE', #5254, .T. ) ;
#3808 = ORIENTED_EDGE ( 'NONE', *, *, #4535, .F. ) ;
#3809 = EDGE_CURVE ( 'NONE', #1590, #5593, #7169, .T. ) ;
#3810 = CARTESIAN_POINT ( 'NONE',  ( -2.781523111319264400, 0.02853107752427832800, 2.152499999999999900 ) ) ;
#3811 = LINE ( 'NONE', #5638, #2650 ) ;
#3812 = ORIENTED_EDGE ( 'NONE', *, *, #7457, .T. ) ;
#3813 = AXIS2_PLACEMENT_3D ( 'NONE', #2958, #5210, #5258 ) ;
#3814 = EDGE_LOOP ( 'NONE', ( #6115, #4809, #6826, #2532 ) ) ;
#3815 = DIRECTION ( 'NONE',  ( 0.0000000000000000000, 0.0000000000000000000, 1.000000000000000000 ) ) ;
#3816 = DIRECTION ( 'NONE',  ( -0.0000000000000000000, -0.0000000000000000000, -1.000000000000000000 ) ) ;
#3817 = EDGE_CURVE ( 'NONE', #4108, #5164, #5646, .T. ) ;
#3818 = FACE_OUTER_BOUND ( 'NONE', #257, .T. ) ;
#3819 = VERTEX_POINT ( 'NONE', #4087 ) ;
#3820 = DIRECTION ( 'NONE',  ( 0.9975640502598247500, -0.06975647374411825300, 0.0000000000000000000 ) ) ;
#3821 = AXIS2_PLACEMENT_3D ( 'NONE', #3847, #449, #3874 ) ;
#3822 = LINE ( 'NONE', #7170, #632 ) ;
#3823 = ORIENTED_EDGE ( 'NONE', *, *, #3759, .F. ) ;
#3824 = PLANE ( 'NONE',  #6542 ) ;
#3825 = DIRECTION ( 'NONE',  ( -0.0000000000000000000, -0.0000000000000000000, -1.000000000000000000 ) ) ;
#3826 = DIRECTION ( 'NONE',  ( 0.0000000000000000000, -0.0000000000000000000, -1.000000000000000000 ) ) ;
#3827 = LINE ( 'NONE', #5075, #4923 ) ;
#3828 = ORIENTED_EDGE ( 'NONE', *, *, #1219, .T. ) ;
#3829 = PLANE ( 'NONE',  #910 ) ;
#3830 = DIRECTION ( 'NONE',  ( -0.0000000000000000000, -0.0000000000000000000, -1.000000000000000000 ) ) ;
#3831 = ADVANCED_FACE ( 'NONE', ( #4545 ), #6813, .T. ) ;
#3832 = DIRECTION ( 'NONE',  ( -0.0000000000000000000, -0.0000000000000000000, -1.000000000000000000 ) ) ;
#3833 = VERTEX_POINT ( 'NONE', #73 ) ;
#3834 = EDGE_CURVE ( 'NONE', #6574, #2940, #5286, .T. ) ;
#3835 = PLANE ( 'NONE',  #3778 ) ;
#3836 = CARTESIAN_POINT ( 'NONE',  ( 2.724999999999980500, 0.4779902729874362400, 1.097499999999999500 ) ) ;
#3837 = ORIENTED_EDGE ( 'NONE', *, *, #5946, .T. ) ;
#3838 = DIRECTION ( 'NONE',  ( -0.0000000000000000000, -0.0000000000000000000, -1.000000000000000000 ) ) ;
#3839 = EDGE_CURVE ( 'NONE', #1360, #1725, #3735, .T. ) ;
#3840 = DIRECTION ( 'NONE',  ( -1.000000000000000000, 0.0000000000000000000, 0.0000000000000000000 ) ) ;
#3841 = ORIENTED_EDGE ( 'NONE', *, *, #5763, .F. ) ;
#3842 = DIRECTION ( 'NONE',  ( -0.0000000000000000000, -0.0000000000000000000, -1.000000000000000000 ) ) ;
#3843 = ORIENTED_EDGE ( 'NONE', *, *, #3999, .T. ) ;
#3844 = EDGE_LOOP ( 'NONE', ( #4201, #5901, #1713, #5716 ) ) ;
#3845 = AXIS2_PLACEMENT_3D ( 'NONE', #2475, #1798, #3524 ) ;
#3846 = CARTESIAN_POINT ( 'NONE',  ( -2.200000000000001100, 0.5500000000000105900, 2.152499999999999900 ) ) ;
#3847 = CARTESIAN_POINT ( 'NONE',  ( -2.502990272987425600, 0.4779902729874362900, 2.152499999999999900 ) ) ;
#3848 = CARTESIAN_POINT ( 'NONE',  ( -3.200000000000000200, 0.1496346075389538600, -1.502500000000000400 ) ) ;
#3849 = VERTEX_POINT ( 'NONE', #7044 ) ;
#3850 = DIRECTION ( 'NONE',  ( 0.0000000000000000000, 0.0000000000000000000, 1.000000000000000000 ) ) ;
#3851 = ORIENTED_EDGE ( 'NONE', *, *, #7035, .T. ) ;
#3852 = ORIENTED_EDGE ( 'NONE', *, *, #605, .F. ) ;
#3853 = DIRECTION ( 'NONE',  ( -0.9975640502598246400, -0.06975647374411934900, 0.0000000000000000000 ) ) ;
#3854 = EDGE_CURVE ( 'NONE', #3428, #281, #2049, .T. ) ;
#3855 = VECTOR ( 'NONE', #6041, 1000.000000000000000 ) ;
#3856 = CARTESIAN_POINT ( 'NONE',  ( -2.200000000000001100, 0.5500000000000105900, 0.8524999999999994800 ) ) ;
#3857 = AXIS2_PLACEMENT_3D ( 'NONE', #7146, #750, #1398 ) ;
#3858 = EDGE_LOOP ( 'NONE', ( #729, #4214, #1519, #1642, #2761, #1831, #721, #4076, #4115, #2752, #6468, #6954 ) ) ;
#3859 = DIRECTION ( 'NONE',  ( 0.0000000000000000000, -0.0000000000000000000, -1.000000000000000000 ) ) ;
#3860 = VERTEX_POINT ( 'NONE', #1208 ) ;
#3861 = VECTOR ( 'NONE', #6633, 1000.000000000000000 ) ;
#3862 = CARTESIAN_POINT ( 'NONE',  ( -2.575000000000000200, 0.4779902729874362900, 2.152499999999999900 ) ) ;
#3863 = LINE ( 'NONE', #1669, #2989 ) ;
#3864 = EDGE_LOOP ( 'NONE', ( #3308, #640, #2195, #6962 ) ) ;
#3865 = ADVANCED_FACE ( 'NONE', ( #5373 ), #1775, .F. ) ;
#3866 = DIRECTION ( 'NONE',  ( 1.000000000000000000, 0.0000000000000000000, 0.0000000000000000000 ) ) ;
#3867 = CIRCLE ( 'NONE', #4166, 0.2220097270125543400 ) ;
#3868 = AXIS2_PLACEMENT_3D ( 'NONE', #2814, #2785, #1081 ) ;
#3869 = LINE ( 'NONE', #6295, #3968 ) ;
#3870 = PLANE ( 'NONE',  #1028 ) ;
#3871 = CARTESIAN_POINT ( 'NONE',  ( 2.200000000000001100, 0.6999999999999905200, -1.747500000000000300 ) ) ;
#3872 = CARTESIAN_POINT ( 'NONE',  ( -2.502990272987425600, 0.5500000000000105900, -1.097500000000000400 ) ) ;
#3873 = CIRCLE ( 'NONE', #5931, 0.3999999999999999700 ) ;
#3874 = DIRECTION ( 'NONE',  ( 1.000000000000000000, 0.0000000000000000000, -0.0000000000000000000 ) ) ;
#3875 = VECTOR ( 'NONE', #4077, 1000.000000000000000 ) ;
#3876 = ORIENTED_EDGE ( 'NONE', *, *, #2231, .F. ) ;
#3877 = CARTESIAN_POINT ( 'NONE',  ( -2.200000000000001100, 0.6999999999999905200, 2.152499999999999900 ) ) ;
#3878 = UNCERTAINTY_MEASURE_WITH_UNIT (LENGTH_MEASURE( 1.000000000000000100E-005 ), #3007, 'distance_accuracy_value', 'NONE');
#3879 = EDGE_CURVE ( 'NONE', #3221, #5200, #4728, .T. ) ;
#3880 = ORIENTED_EDGE ( 'NONE', *, *, #3760, .F. ) ;
#3881 = EDGE_CURVE ( 'NONE', #1816, #6661, #794, .T. ) ;
#3882 = CARTESIAN_POINT ( 'NONE',  ( -2.502990272987425600, 0.5500000000000105900, -1.502500000000000400 ) ) ;
#3883 = AXIS2_PLACEMENT_3D ( 'NONE', #2847, #2867, #4646 ) ;
#3884 = LINE ( 'NONE', #3120, #232 ) ;
#3885 = LINE ( 'NONE', #2780, #3538 ) ;
#3886 = ORIENTED_EDGE ( 'NONE', *, *, #361, .T. ) ;
#3887 = ORIENTED_EDGE ( 'NONE', *, *, #2523, .T. ) ;
#3888 = DIRECTION ( 'NONE',  ( -0.9975640502598246400, -0.06975647374411934900, 0.0000000000000000000 ) ) ;
#3889 = DIRECTION ( 'NONE',  ( -1.000000000000000000, 0.0000000000000000000, 0.0000000000000000000 ) ) ;
#3890 = EDGE_CURVE ( 'NONE', #1906, #5406, #1690, .T. ) ;
#3891 = DIRECTION ( 'NONE',  ( -0.0000000000000000000, -0.0000000000000000000, -1.000000000000000000 ) ) ;
#3892 = AXIS2_PLACEMENT_3D ( 'NONE', #2281, #2306, #5728 ) ;
#3893 = LINE ( 'NONE', #1920, #696 ) ;
#3894 = ORIENTED_EDGE ( 'NONE', *, *, #4268, .F. ) ;
#3895 = CARTESIAN_POINT ( 'NONE',  ( 3.189536528938383700, -3.794707603699265500E-016, 0.8524999999999994800 ) ) ;
#3896 = CARTESIAN_POINT ( 'NONE',  ( 2.575000000000000200, 0.2500000000000000000, -0.2025000000000004300 ) ) ;
#3897 = VECTOR ( 'NONE', #4189, 1000.000000000000000 ) ;
#3898 = VECTOR ( 'NONE', #3716, 1000.000000000000000 ) ;
#3899 = VERTEX_POINT ( 'NONE', #5338 ) ;
#3900 = EDGE_CURVE ( 'NONE', #1429, #697, #3822, .T. ) ;
#3901 = CARTESIAN_POINT ( 'NONE',  ( -2.575000000000000200, 0.2500000000000000000, -0.8525000000000003700 ) ) ;
#3902 = AXIS2_PLACEMENT_3D ( 'NONE', #5743, #5639, #2812 ) ;
#3903 = CIRCLE ( 'NONE', #6020, 0.07200972701257388200 ) ;
#3904 = CARTESIAN_POINT ( 'NONE',  ( 2.199999999999999300, 0.6999999999999905200, -2.499999999999998200 ) ) ;
#3905 = DIRECTION ( 'NONE',  ( -0.0000000000000000000, 0.0000000000000000000, -1.000000000000000000 ) ) ;
#3906 = VECTOR ( 'NONE', #1461, 1000.000000000000000 ) ;
#3907 = CLOSED_SHELL ( 'NONE', ( #2949, #440, #2676, #7024, #930, #3576, #2786, #4529, #2198, #4136, #1045, #1268, #6238, #1007 ) ) ;
#3908 = ADVANCED_FACE ( 'NONE', ( #164 ), #3087, .T. ) ;
#3909 = DIRECTION ( 'NONE',  ( 0.0000000000000000000, -1.000000000000000000, 0.0000000000000000000 ) ) ;
#3910 = DIRECTION ( 'NONE',  ( -0.0000000000000000000, -0.0000000000000000000, -1.000000000000000000 ) ) ;
#3911 = EDGE_CURVE ( 'NONE', #4687, #150, #3479, .T. ) ;
#3912 = LINE ( 'NONE', #2825, #712 ) ;
#3913 = DIRECTION ( 'NONE',  ( -1.000000000000000000, -0.0000000000000000000, -0.0000000000000000000 ) ) ;
#3914 = EDGE_LOOP ( 'NONE', ( #509, #3374, #937, #2172 ) ) ;
#3915 = PLANE ( 'NONE',  #2103 ) ;
#3916 = LINE ( 'NONE', #574, #1076 ) ;
#3917 = ORIENTED_EDGE ( 'NONE', *, *, #7270, .F. ) ;
#3918 = AXIS2_PLACEMENT_3D ( 'NONE', #6903, #598, #6315 ) ;
#3919 = CARTESIAN_POINT ( 'NONE',  ( -2.502990272987425600, 0.4779902729874362900, -1.747500000000000300 ) ) ;
#3920 = ADVANCED_FACE ( 'NONE', ( #3559 ), #6009, .T. ) ;
#3921 = CARTESIAN_POINT ( 'NONE',  ( -3.200000000000000200, 0.1496346075389538600, 1.747499999999999400 ) ) ;
#3922 = VECTOR ( 'NONE', #7085, 1000.000000000000000 ) ;
#3923 = ORIENTED_EDGE ( 'NONE', *, *, #3990, .F. ) ;
#3924 = PLANE ( 'NONE',  #1117 ) ;
#3925 = DIRECTION ( 'NONE',  ( -0.0000000000000000000, -0.0000000000000000000, -1.000000000000000000 ) ) ;
#3926 = CARTESIAN_POINT ( 'NONE',  ( -2.502990272987425600, 0.5500000000000105900, 2.397500000000000000 ) ) ;
#3927 = AXIS2_PLACEMENT_3D ( 'NONE', #278, #2582, #3650 ) ;
#3928 = LINE ( 'NONE', #1008, #4656 ) ;
#3929 = EDGE_LOOP ( 'NONE', ( #6377, #1332, #5810, #399, #1320, #5140, #5485, #6869, #6788, #2967, #699, #591 ) ) ;
#3930 = DIRECTION ( 'NONE',  ( -0.0000000000000000000, -0.0000000000000000000, -1.000000000000000000 ) ) ;
#3931 = CARTESIAN_POINT ( 'NONE',  ( -2.724999999999980500, 0.4779902729874362400, 2.397500000000000000 ) ) ;
#3932 = DIRECTION ( 'NONE',  ( -0.0000000000000000000, -0.0000000000000000000, -1.000000000000000000 ) ) ;
#3933 = EDGE_CURVE ( 'NONE', #6017, #4511, #5004, .T. ) ;
#3934 = AXIS2_PLACEMENT_3D ( 'NONE', #5313, #3573, #4063 ) ;
#3935 = CIRCLE ( 'NONE', #5304, 0.07200972701257388200 ) ;
#3936 = ORIENTED_EDGE ( 'NONE', *, *, #3834, .F. ) ;
#3937 = CARTESIAN_POINT ( 'NONE',  ( 2.791986582380880500, 0.1781656850632321000, 1.097499999999999500 ) ) ;
#3938 = CARTESIAN_POINT ( 'NONE',  ( -2.797009727012554200, 0.2500000000000000000, -2.152500000000000300 ) ) ;
#3939 = CARTESIAN_POINT ( 'NONE',  ( -2.502990272987425600, 0.5500000000000105900, 2.397500000000000000 ) ) ;
#3940 = CARTESIAN_POINT ( 'NONE',  ( -2.502990272987425600, 0.4779902729874362900, 0.4474999999999995600 ) ) ;
#3941 = ORIENTED_EDGE ( 'NONE', *, *, #5090, .T. ) ;
#3942 = VERTEX_POINT ( 'NONE', #4812 ) ;
#3943 = ORIENTED_EDGE ( 'NONE', *, *, #2076, .F. ) ;
#3944 = ADVANCED_FACE ( 'NONE', ( #1417 ), #436, .T. ) ;
#3945 = CARTESIAN_POINT ( 'NONE',  ( -2.200000000000001100, 0.5500000000000105900, -1.502500000000000400 ) ) ;
#3946 = EDGE_CURVE ( 'NONE', #420, #5874, #6185, .T. ) ;
#3947 = SURFACE_STYLE_USAGE ( .BOTH. , #54 ) ;
#3948 = CARTESIAN_POINT ( 'NONE',  ( 2.200000000000001100, 0.5500000000000105900, -1.502500000000000400 ) ) ;
#3949 =( LENGTH_UNIT ( ) NAMED_UNIT ( * ) SI_UNIT ( .MILLI., .METRE. ) );
#3950 = EDGE_LOOP ( 'NONE', ( #2438, #6660, #2388, #4783 ) ) ;
#3951 = DIRECTION ( 'NONE',  ( 0.06975647374411851600, -0.9975640502598247500, 0.0000000000000000000 ) ) ;
#3952 = ORIENTED_EDGE ( 'NONE', *, *, #3699, .T. ) ;
#3953 = FACE_OUTER_BOUND ( 'NONE', #920, .T. ) ;
#3954 = DIRECTION ( 'NONE',  ( 0.0000000000000000000, 1.000000000000000000, 0.0000000000000000000 ) ) ;
#3955 = ADVANCED_FACE ( 'NONE', ( #7441 ), #1863, .F. ) ;
#3956 = DIRECTION ( 'NONE',  ( 1.000000000000000000, 0.0000000000000000000, 0.0000000000000000000 ) ) ;
#3957 = ORIENTED_EDGE ( 'NONE', *, *, #1840, .F. ) ;
#3958 = EDGE_CURVE ( 'NONE', #5525, #5673, #1681, .T. ) ;
#3959 = CIRCLE ( 'NONE', #2070, 0.07200972701257432600 ) ;
#3960 = ORIENTED_EDGE ( 'NONE', *, *, #5562, .F. ) ;
#3961 = FACE_OUTER_BOUND ( 'NONE', #3123, .T. ) ;
#3962 = DIRECTION ( 'NONE',  ( 0.0000000000000000000, -1.000000000000000000, 0.0000000000000000000 ) ) ;
#3963 = CARTESIAN_POINT ( 'NONE',  ( -1.359873937319054000, 1.100000000000000100, -2.059873937319050900 ) ) ;
#3964 = FACE_OUTER_BOUND ( 'NONE', #193, .T. ) ;
#3965 = DIRECTION ( 'NONE',  ( 0.0000000000000000000, 1.000000000000000000, 0.0000000000000000000 ) ) ;
#3966 = LINE ( 'NONE', #1188, #5155 ) ;
#3967 = CARTESIAN_POINT ( 'NONE',  ( 3.200000000000000200, 0.1496346075389538600, -1.747500000000000300 ) ) ;
#3968 = VECTOR ( 'NONE', #2835, 1000.000000000000000 ) ;
#3969 = ORIENTED_EDGE ( 'NONE', *, *, #57, .T. ) ;
#3970 = DIRECTION ( 'NONE',  ( -1.000000000000000000, 0.0000000000000000000, 0.0000000000000000000 ) ) ;
#3971 = CIRCLE ( 'NONE', #4401, 0.2220097270125543400 ) ;
#3972 = VERTEX_POINT ( 'NONE', #2522 ) ;
#3973 = CARTESIAN_POINT ( 'NONE',  ( 2.791986582380880500, 0.1781656850632321000, -0.8525000000000003700 ) ) ;
#3974 = VERTEX_POINT ( 'NONE', #2548 ) ;
#3975 = FACE_OUTER_BOUND ( 'NONE', #5682, .T. ) ;
#3976 = EDGE_CURVE ( 'NONE', #5306, #6834, #2042, .T. ) ;
#3977 = ORIENTED_EDGE ( 'NONE', *, *, #1333, .F. ) ;
#3978 = DIRECTION ( 'NONE',  ( -0.0000000000000000000, -0.0000000000000000000, -1.000000000000000000 ) ) ;
#3979 = VECTOR ( 'NONE', #1205, 1000.000000000000000 ) ;
#3980 = VERTEX_POINT ( 'NONE', #6570 ) ;
#3981 = DIRECTION ( 'NONE',  ( -1.000000000000000000, 0.0000000000000000000, 0.0000000000000000000 ) ) ;
#3982 = ORIENTED_EDGE ( 'NONE', *, *, #2759, .F. ) ;
#3983 = ADVANCED_FACE ( 'NONE', ( #7346 ), #1921, .F. ) ;
#3984 = DIRECTION ( 'NONE',  ( -0.0000000000000000000, -0.0000000000000000000, -1.000000000000000000 ) ) ;
#3985 = VECTOR ( 'NONE', #312, 1000.000000000000000 ) ;
#3986 = VECTOR ( 'NONE', #6628, 1000.000000000000000 ) ;
#3987 = VERTEX_POINT ( 'NONE', #1945 ) ;
#3988 = CARTESIAN_POINT ( 'NONE',  ( -2.575000000000000200, 0.4779902729874362900, 0.8524999999999994800 ) ) ;
#3989 = DIRECTION ( 'NONE',  ( -0.0000000000000000000, -1.000000000000000000, -0.0000000000000000000 ) ) ;
#3990 = EDGE_CURVE ( 'NONE', #3482, #6376, #4904, .T. ) ;
#3991 = DIRECTION ( 'NONE',  ( -1.000000000000000000, 0.0000000000000000000, 0.0000000000000000000 ) ) ;
#3992 = FACE_OUTER_BOUND ( 'NONE', #7333, .T. ) ;
#3993 = CIRCLE ( 'NONE', #6894, 0.07200972701257388200 ) ;
#3994 = VERTEX_POINT ( 'NONE', #5439 ) ;
#3995 = DIRECTION ( 'NONE',  ( -1.000000000000000000, 0.0000000000000000000, 0.0000000000000000000 ) ) ;
#3996 = CARTESIAN_POINT ( 'NONE',  ( -2.502990272987425600, 0.5500000000000105900, -0.2025000000000004300 ) ) ;
#3997 = CARTESIAN_POINT ( 'NONE',  ( -2.724999999999980100, 0.4779902729874363500, 0.4474999999999995600 ) ) ;
#3998 = VERTEX_POINT ( 'NONE', #2572 ) ;
#3999 = EDGE_CURVE ( 'NONE', #6398, #4355, #3105, .T. ) ;
#4000 = VECTOR ( 'NONE', #2931, 1000.000000000000000 ) ;
#4001 = ORIENTED_EDGE ( 'NONE', *, *, #6577, .T. ) ;
#4002 = AXIS2_PLACEMENT_3D ( 'NONE', #4961, #5624, #6706 ) ;
#4003 = PLANE ( 'NONE',  #6979 ) ;
#4004 = VECTOR ( 'NONE', #2625, 1000.000000000000000 ) ;
#4005 = ORIENTED_EDGE ( 'NONE', *, *, #3707, .F. ) ;
#4006 = DIRECTION ( 'NONE',  ( 0.0000000000000000000, 0.0000000000000000000, -1.000000000000000000 ) ) ;
#4007 = COLOUR_RGB ( '',0.7921568627450980000, 0.8196078431372548800, 0.9333333333333333500 ) ;
#4008 = VERTEX_POINT ( 'NONE', #4343 ) ;
#4009 = ORIENTED_EDGE ( 'NONE', *, *, #361, .F. ) ;
#4010 = DIRECTION ( 'NONE',  ( 0.0000000000000000000, 0.0000000000000000000, 1.000000000000000000 ) ) ;
#4011 = CARTESIAN_POINT ( 'NONE',  ( 2.502990272987425600, 0.6999999999999905200, -0.8525000000000003700 ) ) ;
#4012 = CARTESIAN_POINT ( 'NONE',  ( -2.575000000000000200, 0.2500000000000000000, -1.097500000000000400 ) ) ;
#4013 = STYLED_ITEM ( 'NONE', ( #4983 ), #4759 ) ;
#4014 = CARTESIAN_POINT ( 'NONE',  ( 2.200000000000001100, 0.5500000000000105900, 0.4474999999999995600 ) ) ;
#4015 = VECTOR ( 'NONE', #5818, 1000.000000000000000 ) ;
#4016 = ORIENTED_EDGE ( 'NONE', *, *, #5687, .F. ) ;
#4017 = MANIFOLD_SOLID_BREP ( 'LPattern1[7]', #6750 ) ;
#4018 = ADVANCED_FACE ( 'NONE', ( #253 ), #2126, .T. ) ;
#4019 = CARTESIAN_POINT ( 'NONE',  ( -3.189536528938383700, -3.794707603699265500E-016, 0.4474999999999995600 ) ) ;
#4020 = FILL_AREA_STYLE_COLOUR ( '', #3347 ) ;
#4021 = DIRECTION ( 'NONE',  ( -0.0000000000000000000, -1.000000000000000000, -0.0000000000000000000 ) ) ;
#4022 = LINE ( 'NONE', #881, #2777 ) ;
#4023 = ORIENTED_EDGE ( 'NONE', *, *, #3049, .T. ) ;
#4024 = EDGE_CURVE ( 'NONE', #1485, #2639, #1068, .T. ) ;
#4025 = EDGE_CURVE ( 'NONE', #569, #7020, #6365, .T. ) ;
#4026 = VERTEX_POINT ( 'NONE', #7194 ) ;
#4027 = ORIENTED_EDGE ( 'NONE', *, *, #1452, .F. ) ;
#4028 = ORIENTED_EDGE ( 'NONE', *, *, #842, .F. ) ;
#4029 = DIRECTION ( 'NONE',  ( -0.0000000000000000000, -0.0000000000000000000, -1.000000000000000000 ) ) ;
#4030 = EDGE_CURVE ( 'NONE', #1261, #1390, #1246, .T. ) ;
#4031 = CARTESIAN_POINT ( 'NONE',  ( -2.724999999999980500, 0.2500000000000000000, -0.8525000000000003700 ) ) ;
#4032 = ORIENTED_EDGE ( 'NONE', *, *, #5455, .T. ) ;
#4033 = CARTESIAN_POINT ( 'NONE',  ( 2.781523111319264400, 0.02853107752427827200, 0.2024999999999995700 ) ) ;
#4034 = VERTEX_POINT ( 'NONE', #2050 ) ;
#4035 = ORIENTED_EDGE ( 'NONE', *, *, #3911, .T. ) ;
#4036 = LINE ( 'NONE', #2589, #3146 ) ;
#4037 = CARTESIAN_POINT ( 'NONE',  ( 2.502990272987425600, 0.6999999999999905200, -1.097500000000000400 ) ) ;
#4038 = ORIENTED_EDGE ( 'NONE', *, *, #1278, .F. ) ;
#4039 = VERTEX_POINT ( 'NONE', #7245 ) ;
#4040 = EDGE_LOOP ( 'NONE', ( #1097, #6584, #3269, #7100 ) ) ;
#4041 = DIRECTION ( 'NONE',  ( -0.0000000000000000000, -0.0000000000000000000, -1.000000000000000000 ) ) ;
#4042 = EDGE_CURVE ( 'NONE', #941, #1814, #4085, .T. ) ;
#4043 = LINE ( 'NONE', #2719, #1464 ) ;
#4044 = CARTESIAN_POINT ( 'NONE',  ( 3.189536528938383700, -3.794707603699265500E-016, -1.502500000000000400 ) ) ;
#4045 = CARTESIAN_POINT ( 'NONE',  ( 2.502990272987425600, 0.5500000000000105900, 2.152499999999999900 ) ) ;
#4046 = DIRECTION ( 'NONE',  ( 1.000000000000000000, 0.0000000000000000000, 0.0000000000000000000 ) ) ;
#4047 = LINE ( 'NONE', #321, #1378 ) ;
#4048 = VERTEX_POINT ( 'NONE', #7217 ) ;
#4049 = VECTOR ( 'NONE', #5842, 1000.000000000000000 ) ;
#4050 = CARTESIAN_POINT ( 'NONE',  ( 2.575000000000000200, 0.4779902729874362900, -1.097500000000000400 ) ) ;
#4051 = CARTESIAN_POINT ( 'NONE',  ( -2.502990272987425600, 0.5500000000000105900, 1.747499999999999400 ) ) ;
#4052 = EDGE_CURVE ( 'NONE', #7256, #1807, #5917, .T. ) ;
#4053 = ADVANCED_FACE ( 'NONE', ( #4357 ), #5457, .T. ) ;
#4054 = DIRECTION ( 'NONE',  ( 0.0000000000000000000, 0.0000000000000000000, 1.000000000000000000 ) ) ;
#4055 = LINE ( 'NONE', #2791, #1648 ) ;
#4056 = AXIS2_PLACEMENT_3D ( 'NONE', #3264, #2098, #4385 ) ;
#4057 = CIRCLE ( 'NONE', #3291, 0.2220097270125543400 ) ;
#4058 = ORIENTED_EDGE ( 'NONE', *, *, #4815, .T. ) ;
#4059 = ORIENTED_EDGE ( 'NONE', *, *, #4489, .T. ) ;
#4060 = DIRECTION ( 'NONE',  ( 1.000000000000000000, -0.0000000000000000000, -0.0000000000000000000 ) ) ;
#4061 = CARTESIAN_POINT ( 'NONE',  ( -3.200000000000000200, 0.1496346075389538600, 1.747499999999999400 ) ) ;
#4062 = DIRECTION ( 'NONE',  ( -0.0000000000000000000, -0.0000000000000000000, -1.000000000000000000 ) ) ;
#4063 = DIRECTION ( 'NONE',  ( 1.000000000000000000, 0.0000000000000000000, 0.0000000000000000000 ) ) ;
#4064 = VECTOR ( 'NONE', #4906, 1000.000000000000000 ) ;
#4065 = ADVANCED_FACE ( 'NONE', ( #2578 ), #3829, .F. ) ;
#4066 = LINE ( 'NONE', #3848, #4433 ) ;
#4067 = VERTEX_POINT ( 'NONE', #2025 ) ;
#4068 = EDGE_LOOP ( 'NONE', ( #1281, #6931, #4133, #670, #1044, #2153, #4188, #596, #368, #535, #5873, #4459 ) ) ;
#4069 = ORIENTED_EDGE ( 'NONE', *, *, #1974, .F. ) ;
#4070 = DIRECTION ( 'NONE',  ( 0.0000000000000000000, 0.0000000000000000000, 1.000000000000000000 ) ) ;
#4071 = CIRCLE ( 'NONE', #3052, 0.2220097270125543400 ) ;
#4072 = CARTESIAN_POINT ( 'NONE',  ( 3.200000000000000200, 0.1496346075389538600, 1.747499999999999400 ) ) ;
#4073 = EDGE_LOOP ( 'NONE', ( #7287, #4195, #6906, #4696 ) ) ;
#4074 =( NAMED_UNIT ( * ) PLANE_ANGLE_UNIT ( ) SI_UNIT ( $, .RADIAN. ) );
#4075 = CYLINDRICAL_SURFACE ( 'NONE', #1661, 0.07200972701257388200 ) ;
#4076 = ORIENTED_EDGE ( 'NONE', *, *, #1194, .T. ) ;
#4077 = DIRECTION ( 'NONE',  ( -0.0000000000000000000, -0.0000000000000000000, -1.000000000000000000 ) ) ;
#4078 = EDGE_CURVE ( 'NONE', #6294, #7380, #882, .T. ) ;
#4079 = AXIS2_PLACEMENT_3D ( 'NONE', #3706, #7188, #3731 ) ;
#4080 = DIRECTION ( 'NONE',  ( -0.0000000000000000000, -0.0000000000000000000, -1.000000000000000000 ) ) ;
#4081 = FACE_OUTER_BOUND ( 'NONE', #925, .T. ) ;
#4082 = ORIENTED_EDGE ( 'NONE', *, *, #4468, .F. ) ;
#4083 = CARTESIAN_POINT ( 'NONE',  ( 2.724999999999980500, 0.4779902729874362400, -1.502500000000000400 ) ) ;
#4084 = DIRECTION ( 'NONE',  ( -1.000000000000000000, 0.0000000000000000000, 0.0000000000000000000 ) ) ;
#4085 = LINE ( 'NONE', #4868, #343 ) ;
#4086 = PLANE ( 'NONE',  #1090 ) ;
#4087 = CARTESIAN_POINT ( 'NONE',  ( 3.189536528938383700, -3.794707603699265500E-016, 2.397500000000000000 ) ) ;
#4088 = FACE_OUTER_BOUND ( 'NONE', #3595, .T. ) ;
#4089 = ORIENTED_EDGE ( 'NONE', *, *, #2815, .F. ) ;
#4090 = EDGE_CURVE ( 'NONE', #4985, #1919, #3385, .T. ) ;
#4091 = PLANE ( 'NONE',  #2805 ) ;
#4092 = DIRECTION ( 'NONE',  ( -1.000000000000000000, 0.0000000000000000000, 0.0000000000000000000 ) ) ;
#4093 = VECTOR ( 'NONE', #3989, 1000.000000000000000 ) ;
#4094 = VECTOR ( 'NONE', #7012, 1000.000000000000000 ) ;
#4095 = ORIENTED_EDGE ( 'NONE', *, *, #1907, .F. ) ;
#4096 = CARTESIAN_POINT ( 'NONE',  ( -2.575000000000000200, 0.2500000000000000000, 2.397500000000000000 ) ) ;
#4097 = DIRECTION ( 'NONE',  ( -1.000000000000000000, 0.0000000000000000000, 0.0000000000000000000 ) ) ;
#4098 = DIRECTION ( 'NONE',  ( 0.06975647374411851600, -0.9975640502598247500, 0.0000000000000000000 ) ) ;
#4099 = EDGE_CURVE ( 'NONE', #767, #4355, #3903, .T. ) ;
#4100 = VECTOR ( 'NONE', #4785, 1000.000000000000000 ) ;
#4101 = ORIENTED_EDGE ( 'NONE', *, *, #6118, .T. ) ;
#4102 = DIRECTION ( 'NONE',  ( 0.0000000000000000000, 0.0000000000000000000, 1.000000000000000000 ) ) ;
#4103 = ADVANCED_FACE ( 'NONE', ( #7253 ), #6093, .F. ) ;
#4104 =( GEOMETRIC_REPRESENTATION_CONTEXT ( 3 ) GLOBAL_UNCERTAINTY_ASSIGNED_CONTEXT ( ( #6396 ) ) GLOBAL_UNIT_ASSIGNED_CONTEXT ( ( #165, #6485, #5940 ) ) REPRESENTATION_CONTEXT ( 'NONE', 'WORKASPACE' ) );
#4105 = CARTESIAN_POINT ( 'NONE',  ( -2.200000000000001100, 0.6999999999999905200, 2.397500000000000000 ) ) ;
#4106 = CARTESIAN_POINT ( 'NONE',  ( -2.502990272987425600, 0.5500000000000105900, -2.152500000000000300 ) ) ;
#4107 = LINE ( 'NONE', #2742, #3128 ) ;
#4108 = VERTEX_POINT ( 'NONE', #2710 ) ;
#4109 = DIRECTION ( 'NONE',  ( -0.0000000000000000000, -0.0000000000000000000, -1.000000000000000000 ) ) ;
#4110 = EDGE_LOOP ( 'NONE', ( #6000, #1155, #3684, #6142 ) ) ;
#4111 = EDGE_LOOP ( 'NONE', ( #7314, #6670, #5859, #35, #3542, #5040, #2882, #5128, #2783, #5914, #5039, #1221 ) ) ;
#4112 = DIRECTION ( 'NONE',  ( -0.0000000000000000000, -0.0000000000000000000, -1.000000000000000000 ) ) ;
#4113 = CARTESIAN_POINT ( 'NONE',  ( -3.189536528938383700, -3.794707603699265500E-016, 1.097499999999999500 ) ) ;
#4114 = CARTESIAN_POINT ( 'NONE',  ( 2.724999999999980500, 0.4779902729874362400, -2.152500000000000300 ) ) ;
#4115 = ORIENTED_EDGE ( 'NONE', *, *, #4927, .T. ) ;
#4116 = EDGE_CURVE ( 'NONE', #6971, #4039, #2839, .T. ) ;
#4117 = CARTESIAN_POINT ( 'NONE',  ( -2.200000000000001100, 0.5500000000000105900, -0.2025000000000004300 ) ) ;
#4118 = EDGE_CURVE ( 'NONE', #1275, #3012, #4539, .T. ) ;
#4119 = EDGE_LOOP ( 'NONE', ( #2774, #249, #1239, #5081 ) ) ;
#4120 = ORIENTED_EDGE ( 'NONE', *, *, #2418, .F. ) ;
#4121 = AXIS2_PLACEMENT_3D ( 'NONE', #5219, #1773, #6951 ) ;
#4122 = DIRECTION ( 'NONE',  ( 0.0000000000000000000, 0.0000000000000000000, -1.000000000000000000 ) ) ;
#4123 = ORIENTED_EDGE ( 'NONE', *, *, #1848, .F. ) ;
#4124 = ORIENTED_EDGE ( 'NONE', *, *, #5985, .T. ) ;
#4125 = SURFACE_STYLE_FILL_AREA ( #2770 ) ;
#4126 = CARTESIAN_POINT ( 'NONE',  ( -2.575000000000000200, 0.2500000000000000000, 2.152499999999999900 ) ) ;
#4127 = EDGE_CURVE ( 'NONE', #5803, #1558, #3014, .T. ) ;
#4128 = DIRECTION ( 'NONE',  ( -1.000000000000000000, 0.0000000000000000000, 0.0000000000000000000 ) ) ;
#4129 = DIRECTION ( 'NONE',  ( 1.000000000000000000, 0.0000000000000000000, 0.0000000000000000000 ) ) ;
#4130 = VERTEX_POINT ( 'NONE', #6220 ) ;
#4131 = VECTOR ( 'NONE', #3077, 1000.000000000000000 ) ;
#4132 = CARTESIAN_POINT ( 'NONE',  ( 2.797009727012554200, 0.2500000000000000000, 1.747499999999999400 ) ) ;
#4133 = ORIENTED_EDGE ( 'NONE', *, *, #7057, .F. ) ;
#4134 = VECTOR ( 'NONE', #4910, 1000.000000000000000 ) ;
#4135 = CARTESIAN_POINT ( 'NONE',  ( 2.200000000000001100, 0.6999999999999905200, -1.747500000000000300 ) ) ;
#4136 = ADVANCED_FACE ( 'NONE', ( #2403 ), #7400, .F. ) ;
#4137 = EDGE_CURVE ( 'NONE', #1026, #5677, #971, .T. ) ;
#4138 = CARTESIAN_POINT ( 'NONE',  ( -2.797009727012554200, 0.2500000000000000000, -0.2025000000000004300 ) ) ;
#4139 = EDGE_CURVE ( 'NONE', #3942, #6325, #2743, .T. ) ;
#4140 = VECTOR ( 'NONE', #3375, 1000.000000000000000 ) ;
#4141 = VECTOR ( 'NONE', #5024, 1000.000000000000000 ) ;
#4142 = CARTESIAN_POINT ( 'NONE',  ( -3.189536528938383700, -3.794707603699265500E-016, -1.502500000000000400 ) ) ;
#4143 = VECTOR ( 'NONE', #3389, 1000.000000000000000 ) ;
#4144 =( GEOMETRIC_REPRESENTATION_CONTEXT ( 3 ) GLOBAL_UNCERTAINTY_ASSIGNED_CONTEXT ( ( #3149 ) ) GLOBAL_UNIT_ASSIGNED_CONTEXT ( ( #5253, #2953, #673 ) ) REPRESENTATION_CONTEXT ( 'NONE', 'WORKASPACE' ) );
#4145 = DIRECTION ( 'NONE',  ( 0.0000000000000000000, 1.000000000000000000, 0.0000000000000000000 ) ) ;
#4146 = ORIENTED_EDGE ( 'NONE', *, *, #6810, .T. ) ;
#4147 = CIRCLE ( 'NONE', #2255, 0.07200972701257432600 ) ;
#4148 = VECTOR ( 'NONE', #5686, 1000.000000000000000 ) ;
#4149 = VERTEX_POINT ( 'NONE', #4439 ) ;
#4150 = DIRECTION ( 'NONE',  ( -0.0000000000000000000, -0.0000000000000000000, -1.000000000000000000 ) ) ;
#4151 = VERTEX_POINT ( 'NONE', #2738 ) ;
#4152 = DIRECTION ( 'NONE',  ( 0.0000000000000000000, 1.000000000000000000, 0.0000000000000000000 ) ) ;
#4153 = CIRCLE ( 'NONE', #4942, 0.07200972701257432600 ) ;
#4154 = DIRECTION ( 'NONE',  ( -0.0000000000000000000, -0.0000000000000000000, -1.000000000000000000 ) ) ;
#4155 = VECTOR ( 'NONE', #6977, 1000.000000000000000 ) ;
#4156 = ORIENTED_EDGE ( 'NONE', *, *, #4769, .T. ) ;
#4157 = DIRECTION ( 'NONE',  ( -0.9975640502598247500, 0.06975647374411825300, -0.0000000000000000000 ) ) ;
#4158 = DIRECTION ( 'NONE',  ( -0.0000000000000000000, -1.000000000000000000, -0.0000000000000000000 ) ) ;
#4159 = EDGE_LOOP ( 'NONE', ( #871, #489, #2713, #3029 ) ) ;
#4160 = CYLINDRICAL_SURFACE ( 'NONE', #6683, 0.07200972701257388200 ) ;
#4161 = EDGE_CURVE ( 'NONE', #5402, #5057, #2932, .T. ) ;
#4162 = COLOUR_RGB ( '',0.7921568627450980000, 0.8196078431372548800, 0.9333333333333333500 ) ;
#4163 = EDGE_LOOP ( 'NONE', ( #3690, #4764, #5526, #653 ) ) ;
#4164 = ADVANCED_FACE ( 'NONE', ( #2924 ), #1666, .F. ) ;
#4165 = DIRECTION ( 'NONE',  ( 0.0000000000000000000, -1.000000000000000000, 0.0000000000000000000 ) ) ;
#4166 = AXIS2_PLACEMENT_3D ( 'NONE', #5100, #4579, #1657 ) ;
#4167 = CARTESIAN_POINT ( 'NONE',  ( -2.502990272987425600, 0.4779902729874362900, -2.152500000000000300 ) ) ;
#4168 = DIRECTION ( 'NONE',  ( -1.000000000000000000, 0.0000000000000000000, 0.0000000000000000000 ) ) ;
#4169 = CARTESIAN_POINT ( 'NONE',  ( -2.502990272987425600, 0.4779902729874362900, -1.097500000000000400 ) ) ;
#4170 = CARTESIAN_POINT ( 'NONE',  ( -2.200000000000001100, 0.5500000000000105900, 2.500000000000002700 ) ) ;
#4171 = VECTOR ( 'NONE', #6864, 1000.000000000000000 ) ;
#4172 = LINE ( 'NONE', #310, #2406 ) ;
#4173 = ORIENTED_EDGE ( 'NONE', *, *, #1514, .T. ) ;
#4174 = ADVANCED_FACE ( 'NONE', ( #2213 ), #5110, .F. ) ;
#4175 = DIRECTION ( 'NONE',  ( -0.0000000000000000000, -0.0000000000000000000, -1.000000000000000000 ) ) ;
#4176 = EDGE_CURVE ( 'NONE', #6638, #6125, #7341, .T. ) ;
#4177 = STYLED_ITEM ( 'NONE', ( #2412 ), #1149 ) ;
#4178 = EDGE_LOOP ( 'NONE', ( #4479, #3387, #5599, #6058 ) ) ;
#4179 = VECTOR ( 'NONE', #2922, 1000.000000000000000 ) ;
#4180 = ORIENTED_EDGE ( 'NONE', *, *, #3342, .F. ) ;
#4181 = DIRECTION ( 'NONE',  ( -0.06975647374411825300, -0.9975640502598247500, 0.0000000000000000000 ) ) ;
#4182 = VECTOR ( 'NONE', #1339, 1000.000000000000000 ) ;
#4183 = ORIENTED_EDGE ( 'NONE', *, *, #3289, .F. ) ;
#4184 = DIRECTION ( 'NONE',  ( 0.0000000000000000000, -1.000000000000000000, 0.0000000000000000000 ) ) ;
#4185 = DIRECTION ( 'NONE',  ( 1.000000000000000000, 0.0000000000000000000, 0.0000000000000000000 ) ) ;
#4186 = EDGE_CURVE ( 'NONE', #4845, #447, #3725, .T. ) ;
#4187 = DIRECTION ( 'NONE',  ( 0.9975640502598246400, -0.06975647374411936300, -0.0000000000000000000 ) ) ;
#4188 = ORIENTED_EDGE ( 'NONE', *, *, #6919, .F. ) ;
#4189 = DIRECTION ( 'NONE',  ( -0.9975640502598247500, 0.06975647374411825300, -0.0000000000000000000 ) ) ;
#4190 = ORIENTED_EDGE ( 'NONE', *, *, #675, .T. ) ;
#4191 = CARTESIAN_POINT ( 'NONE',  ( 2.575000000000000200, 0.4779902729874362900, 1.097499999999999500 ) ) ;
#4192 = DIRECTION ( 'NONE',  ( 0.0000000000000000000, 0.0000000000000000000, 1.000000000000000000 ) ) ;
#4193 = DIRECTION ( 'NONE',  ( -0.0000000000000000000, -0.0000000000000000000, -1.000000000000000000 ) ) ;
#4194 = LINE ( 'NONE', #5332, #456 ) ;
#4195 = ORIENTED_EDGE ( 'NONE', *, *, #1128, .F. ) ;
#4196 = CARTESIAN_POINT ( 'NONE',  ( -2.502990272987425600, 0.5500000000000105900, -0.2025000000000004300 ) ) ;
#4197 = EDGE_CURVE ( 'NONE', #4789, #335, #6536, .T. ) ;
#4198 = CARTESIAN_POINT ( 'NONE',  ( -1.359873937319054000, 1.050000000000000000, -1.259873937319050600 ) ) ;
#4199 = EDGE_LOOP ( 'NONE', ( #2574, #6845, #6783, #3843 ) ) ;
#4200 = VECTOR ( 'NONE', #4873, 1000.000000000000000 ) ;
#4201 = ORIENTED_EDGE ( 'NONE', *, *, #6755, .T. ) ;
#4202 = DIRECTION ( 'NONE',  ( -1.000000000000000000, 0.0000000000000000000, 0.0000000000000000000 ) ) ;
#4203 = UNCERTAINTY_MEASURE_WITH_UNIT (LENGTH_MEASURE( 1.000000000000000100E-005 ), #4345, 'distance_accuracy_value', 'NONE');
#4204 = ADVANCED_FACE ( 'NONE', ( #5364 ), #5053, .F. ) ;
#4205 = DIRECTION ( 'NONE',  ( -0.0000000000000000000, 1.000000000000000000, -0.0000000000000000000 ) ) ;
#4206 = ORIENTED_EDGE ( 'NONE', *, *, #977, .F. ) ;
#4207 = ORIENTED_EDGE ( 'NONE', *, *, #2569, .T. ) ;
#4208 = CARTESIAN_POINT ( 'NONE',  ( -2.724999999999980100, 0.4779902729874363500, 0.4474999999999995600 ) ) ;
#4209 = EDGE_LOOP ( 'NONE', ( #5231, #7197, #6415, #5786, #4005, #1287, #1373, #3403, #6438, #5696, #2328, #3662 ) ) ;
#4210 = ORIENTED_EDGE ( 'NONE', *, *, #1715, .F. ) ;
#4211 = CARTESIAN_POINT ( 'NONE',  ( 3.189536528938383700, -3.794707603699265500E-016, 0.8524999999999994800 ) ) ;
#4212 = DIRECTION ( 'NONE',  ( -0.9975640502598247500, 0.06975647374411825300, -0.0000000000000000000 ) ) ;
#4213 = ADVANCED_FACE ( 'NONE', ( #3638 ), #4627, .F. ) ;
#4214 = ORIENTED_EDGE ( 'NONE', *, *, #7383, .T. ) ;
#4215 = EDGE_LOOP ( 'NONE', ( #3181, #2293, #2263, #8 ) ) ;
#4216 = ORIENTED_EDGE ( 'NONE', *, *, #506, .F. ) ;
#4217 = CARTESIAN_POINT ( 'NONE',  ( 3.189536528938383700, -3.794707603699265500E-016, -0.2025000000000004300 ) ) ;
#4218 = FACE_OUTER_BOUND ( 'NONE', #121, .T. ) ;
#4219 = DIRECTION ( 'NONE',  ( -0.0000000000000000000, -0.0000000000000000000, -1.000000000000000000 ) ) ;
#4220 = CARTESIAN_POINT ( 'NONE',  ( 2.502990272987425600, 0.6999999999999905200, -0.4475000000000004000 ) ) ;
#4221 = EDGE_CURVE ( 'NONE', #885, #3998, #5824, .T. ) ;
#4222 = CARTESIAN_POINT ( 'NONE',  ( -2.724999999999980100, 0.4779902729874363500, -2.397500000000000400 ) ) ;
#4223 = EDGE_LOOP ( 'NONE', ( #6067, #4979, #5720, #2399 ) ) ;
#4224 = ORIENTED_EDGE ( 'NONE', *, *, #6046, .T. ) ;
#4225 = DIRECTION ( 'NONE',  ( -1.000000000000000000, 0.0000000000000000000, 0.0000000000000000000 ) ) ;
#4226 = DIRECTION ( 'NONE',  ( 0.0000000000000000000, 0.0000000000000000000, 1.000000000000000000 ) ) ;
#4227 = CARTESIAN_POINT ( 'NONE',  ( -2.797009727012554200, 0.2500000000000000000, -1.502500000000000400 ) ) ;
#4228 = ORIENTED_EDGE ( 'NONE', *, *, #2285, .F. ) ;
#4229 = CARTESIAN_POINT ( 'NONE',  ( -2.791986582380880500, 0.1781656850632321000, 0.2024999999999995700 ) ) ;
#4230 = LINE ( 'NONE', #171, #6063 ) ;
#4231 = VERTEX_POINT ( 'NONE', #2841 ) ;
#4232 = EDGE_CURVE ( 'NONE', #1053, #3972, #700, .T. ) ;
#4233 = VECTOR ( 'NONE', #103, 1000.000000000000000 ) ;
#4234 = DIRECTION ( 'NONE',  ( -0.0000000000000000000, -1.000000000000000000, -0.0000000000000000000 ) ) ;
#4235 = AXIS2_PLACEMENT_3D ( 'NONE', #5274, #4700, #7002 ) ;
#4236 = CARTESIAN_POINT ( 'NONE',  ( 3.189536528938383700, -3.794707603699265500E-016, -0.2025000000000004300 ) ) ;
#4237 = LINE ( 'NONE', #1299, #6779 ) ;
#4238 = CARTESIAN_POINT ( 'NONE',  ( 2.724999999999980500, 0.2500000000000000000, 2.152499999999999900 ) ) ;
#4239 = VECTOR ( 'NONE', #5405, 1000.000000000000000 ) ;
#4240 = ORIENTED_EDGE ( 'NONE', *, *, #6190, .T. ) ;
#4241 = ORIENTED_EDGE ( 'NONE', *, *, #4588, .T. ) ;
#4242 = CARTESIAN_POINT ( 'NONE',  ( -2.724999999999980500, 0.4779902729874362400, -0.2025000000000004300 ) ) ;
#4243 = EDGE_CURVE ( 'NONE', #7256, #229, #1150, .T. ) ;
#4244 = DIRECTION ( 'NONE',  ( 1.000000000000000000, 0.0000000000000000000, 0.0000000000000000000 ) ) ;
#4245 = ORIENTED_EDGE ( 'NONE', *, *, #4514, .F. ) ;
#4246 = CIRCLE ( 'NONE', #7112, 0.2220097270125543400 ) ;
#4247 = CARTESIAN_POINT ( 'NONE',  ( 2.791986582380880500, 0.1781656850632321000, 2.152499999999999900 ) ) ;
#4248 = DIRECTION ( 'NONE',  ( -1.000000000000000000, 0.0000000000000000000, 0.0000000000000000000 ) ) ;
#4249 = FACE_OUTER_BOUND ( 'NONE', #1085, .T. ) ;
#4250 = VERTEX_POINT ( 'NONE', #3673 ) ;
#4251 = DIRECTION ( 'NONE',  ( -1.000000000000000000, 0.0000000000000000000, 0.0000000000000000000 ) ) ;
#4252 = ORIENTED_EDGE ( 'NONE', *, *, #5366, .T. ) ;
#4253 = ADVANCED_FACE ( 'NONE', ( #789 ), #430, .F. ) ;
#4254 = DIRECTION ( 'NONE',  ( -1.000000000000000000, 0.0000000000000000000, 1.971276677246370800E-016 ) ) ;
#4255 = COLOUR_RGB ( '',0.7921568627450980000, 0.8196078431372548800, 0.9333333333333333500 ) ;
#4256 = CARTESIAN_POINT ( 'NONE',  ( -2.724999999999980500, 0.2500000000000000000, -2.152500000000000300 ) ) ;
#4257 = DIRECTION ( 'NONE',  ( 0.9975640502598246400, 0.06975647374411936300, 0.0000000000000000000 ) ) ;
#4258 = ORIENTED_EDGE ( 'NONE', *, *, #5009, .T. ) ;
#4259 = CARTESIAN_POINT ( 'NONE',  ( -2.200000000000001100, 0.6999999999999905200, -1.747500000000000300 ) ) ;
#4260 = AXIS2_PLACEMENT_3D ( 'NONE', #7190, #1993, #3190 ) ;
#4261 = CARTESIAN_POINT ( 'NONE',  ( 3.189536528938383700, -3.794707603699265500E-016, -1.502500000000000400 ) ) ;
#4262 = VECTOR ( 'NONE', #3532, 1000.000000000000000 ) ;
#4263 = CARTESIAN_POINT ( 'NONE',  ( 2.200000000000001100, 0.5500000000000105900, -0.4475000000000004000 ) ) ;
#4264 = LINE ( 'NONE', #6362, #2744 ) ;
#4265 = ORIENTED_EDGE ( 'NONE', *, *, #991, .F. ) ;
#4266 = CARTESIAN_POINT ( 'NONE',  ( 2.724999999999980500, 0.4779902729874362400, -0.8525000000000003700 ) ) ;
#4267 = CARTESIAN_POINT ( 'NONE',  ( 2.502990272987425600, 0.5500000000000105900, -1.747500000000000300 ) ) ;
#4268 = EDGE_CURVE ( 'NONE', #191, #1174, #1409, .T. ) ;
#4269 = COLOUR_RGB ( '',0.7921568627450980000, 0.8196078431372548800, 0.9333333333333333500 ) ;
#4270 = EDGE_CURVE ( 'NONE', #4151, #5938, #7154, .T. ) ;
#4271 = PLANE ( 'NONE',  #5479 ) ;
#4272 = ORIENTED_EDGE ( 'NONE', *, *, #2946, .T. ) ;
#4273 = FACE_OUTER_BOUND ( 'NONE', #2850, .T. ) ;
#4274 = ORIENTED_EDGE ( 'NONE', *, *, #4917, .F. ) ;
#4275 = DIRECTION ( 'NONE',  ( -0.0000000000000000000, -0.0000000000000000000, -1.000000000000000000 ) ) ;
#4276 = DIRECTION ( 'NONE',  ( -0.0000000000000000000, -0.0000000000000000000, -1.000000000000000000 ) ) ;
#4277 = FACE_OUTER_BOUND ( 'NONE', #710, .T. ) ;
#4278 = LINE ( 'NONE', #3973, #1524 ) ;
#4279 = EDGE_LOOP ( 'NONE', ( #6163, #5543, #4180, #933 ) ) ;
#4280 = EDGE_CURVE ( 'NONE', #391, #878, #4997, .T. ) ;
#4281 = DIRECTION ( 'NONE',  ( -0.9975640502598247500, -0.06975647374411825300, 0.0000000000000000000 ) ) ;
#4282 = PLANE ( 'NONE',  #473 ) ;
#4283 = DIRECTION ( 'NONE',  ( -0.0000000000000000000, -0.0000000000000000000, -1.000000000000000000 ) ) ;
#4284 = VECTOR ( 'NONE', #215, 1000.000000000000000 ) ;
#4285 = ORIENTED_EDGE ( 'NONE', *, *, #705, .F. ) ;
#4286 = CARTESIAN_POINT ( 'NONE',  ( 2.147339000965042400, 1.100000000000000100, 2.447339000965043500 ) ) ;
#4287 = CARTESIAN_POINT ( 'NONE',  ( 2.200000000000001100, 0.5500000000000105900, -1.502500000000000400 ) ) ;
#4288 = FILL_AREA_STYLE ('',( #954 ) ) ;
#4289 = EDGE_CURVE ( 'NONE', #6126, #767, #622, .T. ) ;
#4290 = EDGE_CURVE ( 'NONE', #2616, #4622, #3472, .T. ) ;
#4291 = CARTESIAN_POINT ( 'NONE',  ( -2.575000000000000200, 0.2500000000000000000, 0.8524999999999994800 ) ) ;
#4292 = ADVANCED_FACE ( 'NONE', ( #3099 ), #2597, .F. ) ;
#4293 = VECTOR ( 'NONE', #6124, 1000.000000000000000 ) ;
#4294 = EDGE_LOOP ( 'NONE', ( #3718, #102, #3101, #5336 ) ) ;
#4295 = AXIS2_PLACEMENT_3D ( 'NONE', #6617, #266, #2610 ) ;
#4296 = DIRECTION ( 'NONE',  ( -1.000000000000000000, 0.0000000000000000000, 0.0000000000000000000 ) ) ;
#4297 = PLANE ( 'NONE',  #1263 ) ;
#4298 = CARTESIAN_POINT ( 'NONE',  ( -3.189536528938383700, -3.794707603699265500E-016, -0.4475000000000004000 ) ) ;
#4299 = ORIENTED_EDGE ( 'NONE', *, *, #7226, .F. ) ;
#4300 = ORIENTED_EDGE ( 'NONE', *, *, #1767, .F. ) ;
#4301 = EDGE_CURVE ( 'NONE', #3647, #1538, #245, .T. ) ;
#4302 = CARTESIAN_POINT ( 'NONE',  ( -2.200000000000001100, 0.5500000000000105900, -2.397500000000000400 ) ) ;
#4303 = ORIENTED_EDGE ( 'NONE', *, *, #5380, .T. ) ;
#4304 = ORIENTED_EDGE ( 'NONE', *, *, #3176, .T. ) ;
#4305 = EDGE_LOOP ( 'NONE', ( #4573, #7143, #6127, #6345 ) ) ;
#4306 = VECTOR ( 'NONE', #2651, 1000.000000000000000 ) ;
#4307 = PLANE ( 'NONE',  #1789 ) ;
#4308 = CARTESIAN_POINT ( 'NONE',  ( -1.359873937319054000, 1.100000000000000100, -1.659873937319050500 ) ) ;
#4309 = DIRECTION ( 'NONE',  ( -0.0000000000000000000, -0.0000000000000000000, -1.000000000000000000 ) ) ;
#4310 = ORIENTED_EDGE ( 'NONE', *, *, #2978, .F. ) ;
#4311 = ORIENTED_EDGE ( 'NONE', *, *, #5843, .F. ) ;
#4312 = CARTESIAN_POINT ( 'NONE',  ( 2.502990272987425600, 0.4779902729874362900, -0.2025000000000004300 ) ) ;
#4313 = ORIENTED_EDGE ( 'NONE', *, *, #3137, .F. ) ;
#4314 = LINE ( 'NONE', #4988, #4683 ) ;
#4315 = STYLED_ITEM ( 'NONE', ( #5334 ), #6481 ) ;
#4316 = CARTESIAN_POINT ( 'NONE',  ( 2.147339000965042400, 0.1499999999999999900, 2.500000000000001800 ) ) ;
#4317 = PLANE ( 'NONE',  #657 ) ;
#4318 = VERTEX_POINT ( 'NONE', #2687 ) ;
#4319 = CARTESIAN_POINT ( 'NONE',  ( 2.502990272987425600, 0.4779902729874362900, 0.8524999999999994800 ) ) ;
#4320 = VECTOR ( 'NONE', #163, 1000.000000000000000 ) ;
#4321 = CARTESIAN_POINT ( 'NONE',  ( 3.189536528938383700, -3.794707603699265500E-016, 1.747499999999999400 ) ) ;
#4322 = VERTEX_POINT ( 'NONE', #3762 ) ;
#4323 = LINE ( 'NONE', #3743, #4134 ) ;
#4324 = CARTESIAN_POINT ( 'NONE',  ( 2.797009727012554200, 0.2500000000000000000, -0.8525000000000003700 ) ) ;
#4325 = EDGE_CURVE ( 'NONE', #2813, #2318, #2037, .T. ) ;
#4326 = PLANE ( 'NONE',  #2789 ) ;
#4327 = AXIS2_PLACEMENT_3D ( 'NONE', #6560, #1408, #5324 ) ;
#4328 = VECTOR ( 'NONE', #3398, 1000.000000000000000 ) ;
#4329 = ADVANCED_FACE ( 'NONE', ( #5632 ), #2395, .F. ) ;
#4330 = DIRECTION ( 'NONE',  ( 0.0000000000000000000, -1.000000000000000000, 0.0000000000000000000 ) ) ;
#4331 = VECTOR ( 'NONE', #6907, 1000.000000000000000 ) ;
#4332 = FACE_OUTER_BOUND ( 'NONE', #736, .T. ) ;
#4333 = ORIENTED_EDGE ( 'NONE', *, *, #6515, .T. ) ;
#4334 = CARTESIAN_POINT ( 'NONE',  ( -3.189536528938383700, -3.794707603699265500E-016, -1.747500000000000300 ) ) ;
#4335 = VERTEX_POINT ( 'NONE', #2816 ) ;
#4336 =( LENGTH_UNIT ( ) NAMED_UNIT ( * ) SI_UNIT ( .MILLI., .METRE. ) );
#4337 = CARTESIAN_POINT ( 'NONE',  ( 2.797009727012554200, 0.2500000000000000000, -1.097500000000000400 ) ) ;
#4338 = EDGE_CURVE ( 'NONE', #4640, #413, #524, .T. ) ;
#4339 = VECTOR ( 'NONE', #408, 1000.000000000000000 ) ;
#4340 = ORIENTED_EDGE ( 'NONE', *, *, #1058, .F. ) ;
#4341 = AXIS2_PLACEMENT_3D ( 'NONE', #1232, #563, #1701 ) ;
#4342 = ORIENTED_EDGE ( 'NONE', *, *, #4905, .F. ) ;
#4343 = CARTESIAN_POINT ( 'NONE',  ( 3.189536528938383700, -3.794707603699265500E-016, -2.397500000000000400 ) ) ;
#4344 = ORIENTED_EDGE ( 'NONE', *, *, #2557, .F. ) ;
#4345 =( LENGTH_UNIT ( ) NAMED_UNIT ( * ) SI_UNIT ( .MILLI., .METRE. ) );
#4346 = VECTOR ( 'NONE', #3838, 1000.000000000000000 ) ;
#4347 = MANIFOLD_SOLID_BREP ( 'Pin 7', #3144 ) ;
#4348 = VECTOR ( 'NONE', #6623, 1000.000000000000000 ) ;
#4349 = ORIENTED_EDGE ( 'NONE', *, *, #1128, .T. ) ;
#4350 = EDGE_CURVE ( 'NONE', #4149, #2543, #5540, .T. ) ;
#4351 = CARTESIAN_POINT ( 'NONE',  ( -2.200000000000001100, 0.6999999999999905200, -1.502500000000000400 ) ) ;
#4352 = CARTESIAN_POINT ( 'NONE',  ( 2.781523111319264400, 0.02853107752427827200, -1.502500000000000400 ) ) ;
#4353 = VECTOR ( 'NONE', #6741, 1000.000000000000000 ) ;
#4354 = LINE ( 'NONE', #2338, #2836 ) ;
#4355 = VERTEX_POINT ( 'NONE', #3677 ) ;
#4356 = CARTESIAN_POINT ( 'NONE',  ( 2.502990272987425600, 0.4779902729874362900, 1.097499999999999500 ) ) ;
#4357 = FACE_OUTER_BOUND ( 'NONE', #12, .T. ) ;
#4358 = CARTESIAN_POINT ( 'NONE',  ( -2.724999999999980100, 0.4779902729874363500, -0.8525000000000003700 ) ) ;
#4359 = VECTOR ( 'NONE', #234, 1000.000000000000000 ) ;
#4360 = VERTEX_POINT ( 'NONE', #1384 ) ;
#4361 = FACE_OUTER_BOUND ( 'NONE', #1578, .T. ) ;
#4362 = ORIENTED_EDGE ( 'NONE', *, *, #899, .T. ) ;
#4363 = ORIENTED_EDGE ( 'NONE', *, *, #4477, .F. ) ;
#4364 = ADVANCED_FACE ( 'NONE', ( #3992 ), #5379, .F. ) ;
#4365 = DIRECTION ( 'NONE',  ( -1.000000000000000000, 0.0000000000000000000, 0.0000000000000000000 ) ) ;
#4366 = EDGE_CURVE ( 'NONE', #4922, #3351, #5089, .T. ) ;
#4367 = CYLINDRICAL_SURFACE ( 'NONE', #5184, 0.2220097270125543400 ) ;
#4368 = PLANE ( 'NONE',  #5790 ) ;
#4369 = CARTESIAN_POINT ( 'NONE',  ( -2.791986582380880500, 0.1781656850632323000, -1.097500000000000400 ) ) ;
#4370 = CARTESIAN_POINT ( 'NONE',  ( 2.724999999999980500, 0.4779902729874362400, 0.4474999999999995600 ) ) ;
#4371 = CIRCLE ( 'NONE', #7329, 0.07200972701257388200 ) ;
#4372 = ORIENTED_EDGE ( 'NONE', *, *, #5077, .F. ) ;
#4373 = DIRECTION ( 'NONE',  ( 0.0000000000000000000, 0.0000000000000000000, 1.000000000000000000 ) ) ;
#4374 = DIRECTION ( 'NONE',  ( 0.0000000000000000000, 1.000000000000000000, 0.0000000000000000000 ) ) ;
#4375 = DIRECTION ( 'NONE',  ( -0.0000000000000000000, -0.0000000000000000000, -1.000000000000000000 ) ) ;
#4376 = EDGE_CURVE ( 'NONE', #4609, #6039, #62, .T. ) ;
#4377 = VECTOR ( 'NONE', #1420, 1000.000000000000000 ) ;
#4378 = ORIENTED_EDGE ( 'NONE', *, *, #4444, .T. ) ;
#4379 = CARTESIAN_POINT ( 'NONE',  ( 2.797009727012554200, 0.2500000000000000000, 2.397500000000000000 ) ) ;
#4380 = DIRECTION ( 'NONE',  ( -1.000000000000000000, 0.0000000000000000000, 0.0000000000000000000 ) ) ;
#4381 = CARTESIAN_POINT ( 'NONE',  ( 3.189536528938383700, -3.794707603699265500E-016, 0.4474999999999995600 ) ) ;
#4382 = PLANE ( 'NONE',  #3821 ) ;
#4383 = CYLINDRICAL_SURFACE ( 'NONE', #4753, 0.07200972701257432600 ) ;
#4384 = EDGE_LOOP ( 'NONE', ( #2034, #5772, #1109, #6174 ) ) ;
#4385 = DIRECTION ( 'NONE',  ( -1.000000000000000000, 0.0000000000000000000, 0.0000000000000000000 ) ) ;
#4386 = EDGE_CURVE ( 'NONE', #2349, #5289, #2483, .T. ) ;
#4387 = VERTEX_POINT ( 'NONE', #1492 ) ;
#4388 = AXIS2_PLACEMENT_3D ( 'NONE', #6337, #2876, #6389 ) ;
#4389 = EDGE_LOOP ( 'NONE', ( #4536, #4265, #3547, #1994 ) ) ;
#4390 = ORIENTED_EDGE ( 'NONE', *, *, #3471, .F. ) ;
#4391 = DIRECTION ( 'NONE',  ( -1.000000000000000000, 0.0000000000000000000, 0.0000000000000000000 ) ) ;
#4392 = DIRECTION ( 'NONE',  ( -0.0000000000000000000, -0.0000000000000000000, -1.000000000000000000 ) ) ;
#4393 = CARTESIAN_POINT ( 'NONE',  ( 2.200000000000001100, 0.6999999999999905200, 0.2024999999999995700 ) ) ;
#4394 = DIRECTION ( 'NONE',  ( -0.0000000000000000000, 1.000000000000000000, -0.0000000000000000000 ) ) ;
#4395 = EDGE_LOOP ( 'NONE', ( #1692, #6313, #4228, #6222 ) ) ;
#4396 = ORIENTED_EDGE ( 'NONE', *, *, #5620, .T. ) ;
#4397 = ORIENTED_EDGE ( 'NONE', *, *, #829, .F. ) ;
#4398 = VECTOR ( 'NONE', #5942, 1000.000000000000000 ) ;
#4399 = ADVANCED_FACE ( 'NONE', ( #6002 ), #2917, .F. ) ;
#4400 = PLANE ( 'NONE',  #7060 ) ;
#4401 = AXIS2_PLACEMENT_3D ( 'NONE', #1405, #2056, #3671 ) ;
#4402 = CARTESIAN_POINT ( 'NONE',  ( -2.575000000000000200, 0.2500000000000000000, 2.397500000000000000 ) ) ;
#4403 = CARTESIAN_POINT ( 'NONE',  ( -3.189536528938383700, -3.794707603699265500E-016, 0.2024999999999995700 ) ) ;
#4404 = ORIENTED_EDGE ( 'NONE', *, *, #1385, .T. ) ;
#4405 =( NAMED_UNIT ( * ) SI_UNIT ( $, .STERADIAN. ) SOLID_ANGLE_UNIT ( ) );
#4406 = ORIENTED_EDGE ( 'NONE', *, *, #3137, .T. ) ;
#4407 = CYLINDRICAL_SURFACE ( 'NONE', #3742, 0.07200972701257432600 ) ;
#4408 = DIRECTION ( 'NONE',  ( 0.06975647374411851600, -0.9975640502598247500, 0.0000000000000000000 ) ) ;
#4409 = EDGE_CURVE ( 'NONE', #1206, #4026, #5276, .T. ) ;
#4410 = EDGE_CURVE ( 'NONE', #2258, #1294, #5451, .T. ) ;
#4411 = DIRECTION ( 'NONE',  ( -0.0000000000000000000, -0.0000000000000000000, -1.000000000000000000 ) ) ;
#4412 = AXIS2_PLACEMENT_3D ( 'NONE', #3773, #389, #6109 ) ;
#4413 = VECTOR ( 'NONE', #4184, 1000.000000000000000 ) ;
#4414 = DIRECTION ( 'NONE',  ( -0.0000000000000000000, -0.0000000000000000000, -1.000000000000000000 ) ) ;
#4415 = VERTEX_POINT ( 'NONE', #5033 ) ;
#4416 = FACE_OUTER_BOUND ( 'NONE', #6662, .T. ) ;
#4417 = CARTESIAN_POINT ( 'NONE',  ( 2.575000000000000200, 0.2500000000000000000, -1.097500000000000400 ) ) ;
#4418 = FACE_OUTER_BOUND ( 'NONE', #2796, .T. ) ;
#4419 = CARTESIAN_POINT ( 'NONE',  ( -2.724999999999980500, 0.4779902729874362400, 1.747499999999999400 ) ) ;
#4420 = FILL_AREA_STYLE_COLOUR ( '', #1283 ) ;
#4421 = LINE ( 'NONE', #1256, #1386 ) ;
#4422 = EDGE_CURVE ( 'NONE', #569, #838, #4071, .T. ) ;
#4423 = CARTESIAN_POINT ( 'NONE',  ( 2.791986582380880500, 0.1781656850632321000, 0.4474999999999995600 ) ) ;
#4424 = AXIS2_PLACEMENT_3D ( 'NONE', #386, #1436, #1490 ) ;
#4425 = PRESENTATION_STYLE_ASSIGNMENT (( #2540 ) ) ;
#4426 = ORIENTED_EDGE ( 'NONE', *, *, #5204, .T. ) ;
#4427 = CARTESIAN_POINT ( 'NONE',  ( 2.791986582380880500, 0.1781656850632321000, -0.2025000000000004300 ) ) ;
#4428 = ORIENTED_EDGE ( 'NONE', *, *, #7328, .T. ) ;
#4429 = DIRECTION ( 'NONE',  ( -1.000000000000000000, -0.0000000000000000000, -0.0000000000000000000 ) ) ;
#4430 = VECTOR ( 'NONE', #5518, 1000.000000000000100 ) ;
#4431 = CARTESIAN_POINT ( 'NONE',  ( -2.575000000000000200, 0.4779902729874362900, -0.4475000000000004000 ) ) ;
#4432 = CARTESIAN_POINT ( 'NONE',  ( 2.575000000000000200, 0.2500000000000000000, 1.097499999999999500 ) ) ;
#4433 = VECTOR ( 'NONE', #4408, 1000.000000000000000 ) ;
#4434 = VERTEX_POINT ( 'NONE', #4031 ) ;
#4435 = CARTESIAN_POINT ( 'NONE',  ( 2.724999999999980500, 0.4779902729874362400, -1.097500000000000400 ) ) ;
#4436 = EDGE_CURVE ( 'NONE', #4434, #3041, #7244, .T. ) ;
#4437 = LINE ( 'NONE', #7236, #6352 ) ;
#4438 = AXIS2_PLACEMENT_3D ( 'NONE', #6564, #5968, #6544 ) ;
#4439 = CARTESIAN_POINT ( 'NONE',  ( 2.791986582380880500, 0.1781656850632321000, 1.502499999999999500 ) ) ;
#4440 = ORIENTED_EDGE ( 'NONE', *, *, #4116, .F. ) ;
#4441 = ADVANCED_FACE ( 'NONE', ( #3276 ), #5929, .F. ) ;
#4442 = CARTESIAN_POINT ( 'NONE',  ( 3.189536528938383700, -3.794707603699265500E-016, -0.2025000000000004300 ) ) ;
#4443 = CARTESIAN_POINT ( 'NONE',  ( 2.797009727012554200, 0.2500000000000000000, 1.097499999999999500 ) ) ;
#4444 = EDGE_CURVE ( 'NONE', #316, #6229, #2476, .T. ) ;
#4445 = VECTOR ( 'NONE', #4187, 1000.000000000000000 ) ;
#4446 = ORIENTED_EDGE ( 'NONE', *, *, #6755, .F. ) ;
#4447 = CARTESIAN_POINT ( 'NONE',  ( -2.797009727012554200, 0.2500000000000000000, -0.2025000000000004300 ) ) ;
#4448 = DIRECTION ( 'NONE',  ( -0.0000000000000000000, -0.0000000000000000000, -1.000000000000000000 ) ) ;
#4449 = AXIS2_PLACEMENT_3D ( 'NONE', #4167, #2504, #6533 ) ;
#4450 = CARTESIAN_POINT ( 'NONE',  ( -2.502990272987425600, 0.5500000000000105900, 0.2024999999999995700 ) ) ;
#4451 = CARTESIAN_POINT ( 'NONE',  ( 2.502990272987425600, 0.4779902729874362900, 0.4474999999999995600 ) ) ;
#4452 = ORIENTED_EDGE ( 'NONE', *, *, #4350, .T. ) ;
#4453 = VECTOR ( 'NONE', #3177, 1000.000000000000000 ) ;
#4454 = ORIENTED_EDGE ( 'NONE', *, *, #577, .T. ) ;
#4455 = CARTESIAN_POINT ( 'NONE',  ( 2.502990272987425600, 0.4779902729874362900, 2.152499999999999900 ) ) ;
#4456 = FACE_OUTER_BOUND ( 'NONE', #4395, .T. ) ;
#4457 = AXIS2_PLACEMENT_3D ( 'NONE', #1904, #6556, #4244 ) ;
#4458 = VECTOR ( 'NONE', #4482, 1000.000000000000000 ) ;
#4459 = ORIENTED_EDGE ( 'NONE', *, *, #1748, .F. ) ;
#4460 = DIRECTION ( 'NONE',  ( -1.000000000000000000, 0.0000000000000000000, 0.0000000000000000000 ) ) ;
#4461 = CARTESIAN_POINT ( 'NONE',  ( 3.200000000000000200, 0.1496346075389538600, -0.8525000000000003700 ) ) ;
#4462 = DIRECTION ( 'NONE',  ( -0.9975640502598247500, 0.06975647374411825300, -0.0000000000000000000 ) ) ;
#4463 = DIRECTION ( 'NONE',  ( 0.0000000000000000000, -0.0000000000000000000, 1.000000000000000000 ) ) ;
#4464 = ORIENTED_EDGE ( 'NONE', *, *, #6985, .F. ) ;
#4465 = DIRECTION ( 'NONE',  ( 1.000000000000000000, -0.0000000000000000000, -0.0000000000000000000 ) ) ;
#4466 = VECTOR ( 'NONE', #638, 1000.000000000000000 ) ;
#4467 = EDGE_LOOP ( 'NONE', ( #1731, #7157, #7424, #5882 ) ) ;
#4468 = EDGE_CURVE ( 'NONE', #1316, #2637, #3378, .T. ) ;
#4469 = CARTESIAN_POINT ( 'NONE',  ( 2.200000000000001100, 0.6999999999999905200, -1.502500000000000400 ) ) ;
#4470 = CARTESIAN_POINT ( 'NONE',  ( 2.724999999999980500, 0.4779902729874362400, 0.2024999999999995700 ) ) ;
#4471 = DIRECTION ( 'NONE',  ( 0.06975647374411825300, -0.9975640502598247500, 0.0000000000000000000 ) ) ;
#4472 = CARTESIAN_POINT ( 'NONE',  ( -2.200000000000001100, 0.5500000000000105900, 1.747499999999999400 ) ) ;
#4473 = VECTOR ( 'NONE', #956, 1000.000000000000000 ) ;
#4474 = VERTEX_POINT ( 'NONE', #3810 ) ;
#4475 = ADVANCED_FACE ( 'NONE', ( #964 ), #4382, .F. ) ;
#4476 = DIRECTION ( 'NONE',  ( 0.0000000000000000000, -0.0000000000000000000, -1.000000000000000000 ) ) ;
#4477 = EDGE_CURVE ( 'NONE', #878, #5641, #1143, .T. ) ;
#4478 = CARTESIAN_POINT ( 'NONE',  ( -3.200000000000000200, 0.1496346075389538600, -2.152500000000000300 ) ) ;
#4479 = ORIENTED_EDGE ( 'NONE', *, *, #1288, .T. ) ;
#4480 = ORIENTED_EDGE ( 'NONE', *, *, #1860, .F. ) ;
#4481 =( GEOMETRIC_REPRESENTATION_CONTEXT ( 3 ) GLOBAL_UNCERTAINTY_ASSIGNED_CONTEXT ( ( #1556 ) ) GLOBAL_UNIT_ASSIGNED_CONTEXT ( ( #3949, #551, #4534 ) ) REPRESENTATION_CONTEXT ( 'NONE', 'WORKASPACE' ) );
#4482 = DIRECTION ( 'NONE',  ( -0.0000000000000000000, -0.0000000000000000000, -1.000000000000000000 ) ) ;
#4483 = DIRECTION ( 'NONE',  ( -1.000000000000000000, 0.0000000000000000000, 0.0000000000000000000 ) ) ;
#4484 = EDGE_LOOP ( 'NONE', ( #6494, #6043, #1070, #4101 ) ) ;
#4485 = DIRECTION ( 'NONE',  ( 0.0000000000000000000, 1.000000000000000000, -0.0000000000000000000 ) ) ;
#4486 = ORIENTED_EDGE ( 'NONE', *, *, #1430, .T. ) ;
#4487 = ORIENTED_EDGE ( 'NONE', *, *, #5239, .T. ) ;
#4488 = CARTESIAN_POINT ( 'NONE',  ( -2.200000000000001100, 0.5500000000000105900, -2.152500000000000300 ) ) ;
#4489 = EDGE_CURVE ( 'NONE', #7013, #5950, #1402, .T. ) ;
#4490 = LINE ( 'NONE', #4779, #1457 ) ;
#4491 = CARTESIAN_POINT ( 'NONE',  ( 3.200000000000000200, 0.1496346075389538600, 1.747499999999999400 ) ) ;
#4492 = AXIS2_PLACEMENT_3D ( 'NONE', #4515, #5083, #2221 ) ;
#4493 = ORIENTED_EDGE ( 'NONE', *, *, #617, .F. ) ;
#4494 = CARTESIAN_POINT ( 'NONE',  ( -2.200000000000001100, 0.6999999999999905200, 2.500000000000002700 ) ) ;
#4495 = DIRECTION ( 'NONE',  ( -0.0000000000000000000, -0.0000000000000000000, -1.000000000000000000 ) ) ;
#4496 = ORIENTED_EDGE ( 'NONE', *, *, #4660, .T. ) ;
#4497 = CYLINDRICAL_SURFACE ( 'NONE', #2640, 0.2220097270125543400 ) ;
#4498 = CARTESIAN_POINT ( 'NONE',  ( 2.502990272987425600, 0.4779902729874362900, 1.097499999999999500 ) ) ;
#4499 = CARTESIAN_POINT ( 'NONE',  ( 2.781523111319264400, 0.02853107752427827200, -2.397500000000000400 ) ) ;
#4500 = PRODUCT_CONTEXT ( 'NONE', #1043, 'mechanical' ) ;
#4501 = ORIENTED_EDGE ( 'NONE', *, *, #3645, .F. ) ;
#4502 = VECTOR ( 'NONE', #6399, 1000.000000000000000 ) ;
#4503 = ORIENTED_EDGE ( 'NONE', *, *, #3643, .T. ) ;
#4504 =( NAMED_UNIT ( * ) SI_UNIT ( $, .STERADIAN. ) SOLID_ANGLE_UNIT ( ) );
#4505 = CYLINDRICAL_SURFACE ( 'NONE', #1636, 0.2220097270125543400 ) ;
#4506 = AXIS2_PLACEMENT_3D ( 'NONE', #4308, #902, #2248 ) ;
#4507 = CARTESIAN_POINT ( 'NONE',  ( -2.724999999999980500, 0.4779902729874362400, -1.502500000000000400 ) ) ;
#4508 = DIRECTION ( 'NONE',  ( 1.000000000000000000, 0.0000000000000000000, -0.0000000000000000000 ) ) ;
#4509 = FACE_OUTER_BOUND ( 'NONE', #5725, .T. ) ;
#4510 = LINE ( 'NONE', #999, #1743 ) ;
#4511 = VERTEX_POINT ( 'NONE', #5049 ) ;
#4512 = EDGE_CURVE ( 'NONE', #5992, #5525, #3811, .T. ) ;
#4513 = EDGE_LOOP ( 'NONE', ( #2039, #1891, #5643, #2018, #4713, #3969, #2861, #4561, #2606, #3590, #5397, #6524 ) ) ;
#4514 = EDGE_CURVE ( 'NONE', #552, #3143, #153, .T. ) ;
#4515 = CARTESIAN_POINT ( 'NONE',  ( 3.189536528938383700, -3.794707603699265500E-016, 2.397500000000000000 ) ) ;
#4516 = PRESENTATION_LAYER_ASSIGNMENT (  '', '', ( #1781 ) ) ;
#4517 = ADVANCED_FACE ( 'NONE', ( #6707 ), #6718, .F. ) ;
#4518 = CARTESIAN_POINT ( 'NONE',  ( -2.200000000000001100, 0.6999999999999905200, 1.502499999999999500 ) ) ;
#4519 = FACE_OUTER_BOUND ( 'NONE', #3450, .T. ) ;
#4520 = CYLINDRICAL_SURFACE ( 'NONE', #2909, 0.2220097270125543400 ) ;
#4521 = EDGE_LOOP ( 'NONE', ( #2461, #472, #4120, #4454 ) ) ;
#4522 = CARTESIAN_POINT ( 'NONE',  ( 0.0000000000000000000, 0.1499999999999999900, 0.0000000000000000000 ) ) ;
#4523 = ORIENTED_EDGE ( 'NONE', *, *, #1269, .F. ) ;
#4524 = CARTESIAN_POINT ( 'NONE',  ( -2.200000000000001100, 0.5500000000000105900, 0.4474999999999995600 ) ) ;
#4525 = DIRECTION ( 'NONE',  ( 0.06975647374411851600, 0.9975640502598247500, -0.0000000000000000000 ) ) ;
#4526 = EDGE_CURVE ( 'NONE', #5490, #7405, #781, .T. ) ;
#4527 = DIRECTION ( 'NONE',  ( -1.000000000000000000, 0.0000000000000000000, 0.0000000000000000000 ) ) ;
#4528 = VECTOR ( 'NONE', #5, 1000.000000000000000 ) ;
#4529 = ADVANCED_FACE ( 'NONE', ( #7434 ), #940, .F. ) ;
#4530 = FACE_OUTER_BOUND ( 'NONE', #1192, .T. ) ;
#4531 = ORIENTED_EDGE ( 'NONE', *, *, #170, .T. ) ;
#4532 = EDGE_LOOP ( 'NONE', ( #6982, #6076, #2428, #5023 ) ) ;
#4533 = LINE ( 'NONE', #1465, #3468 ) ;
#4534 =( NAMED_UNIT ( * ) SI_UNIT ( $, .STERADIAN. ) SOLID_ANGLE_UNIT ( ) );
#4535 = EDGE_CURVE ( 'NONE', #4956, #776, #2300, .T. ) ;
#4536 = ORIENTED_EDGE ( 'NONE', *, *, #2342, .T. ) ;
#4537 = EDGE_CURVE ( 'NONE', #4709, #1914, #1229, .T. ) ;
#4538 = DIRECTION ( 'NONE',  ( -0.0000000000000000000, 0.0000000000000000000, -1.000000000000000000 ) ) ;
#4539 = LINE ( 'NONE', #424, #1325 ) ;
#4540 = CARTESIAN_POINT ( 'NONE',  ( -2.797009727012554200, 0.2500000000000000000, -0.8525000000000003700 ) ) ;
#4541 = DIRECTION ( 'NONE',  ( 0.0000000000000000000, 1.000000000000000000, 0.0000000000000000000 ) ) ;
#4542 = VECTOR ( 'NONE', #888, 1000.000000000000000 ) ;
#4543 = VERTEX_POINT ( 'NONE', #1586 ) ;
#4544 = CARTESIAN_POINT ( 'NONE',  ( -3.200000000000000200, 0.1496346075389538600, -0.8525000000000003700 ) ) ;
#4545 = FACE_OUTER_BOUND ( 'NONE', #6200, .T. ) ;
#4546 = CARTESIAN_POINT ( 'NONE',  ( -2.200000000000001100, 0.5500000000000105900, -0.4475000000000004000 ) ) ;
#4547 = VERTEX_POINT ( 'NONE', #5885 ) ;
#4548 = CARTESIAN_POINT ( 'NONE',  ( -3.200000000000000200, 0.1496346075389538600, -0.8525000000000003700 ) ) ;
#4549 = CYLINDRICAL_SURFACE ( 'NONE', #6283, 0.07200972701257432600 ) ;
#4550 = ORIENTED_EDGE ( 'NONE', *, *, #7007, .F. ) ;
#4551 = AXIS2_PLACEMENT_3D ( 'NONE', #6239, #2754, #5652 ) ;
#4552 = FACE_OUTER_BOUND ( 'NONE', #2865, .T. ) ;
#4553 = ADVANCED_FACE ( 'NONE', ( #55 ), #7061, .T. ) ;
#4554 = DIRECTION ( 'NONE',  ( 0.9975640502598247500, 0.06975647374411825300, 0.0000000000000000000 ) ) ;
#4555 = LINE ( 'NONE', #4435, #2147 ) ;
#4556 = ORIENTED_EDGE ( 'NONE', *, *, #6901, .F. ) ;
#4557 = PLANE ( 'NONE',  #5866 ) ;
#4558 = CARTESIAN_POINT ( 'NONE',  ( 2.575000000000000200, 0.2500000000000000000, -0.4475000000000004000 ) ) ;
#4559 = EDGE_CURVE ( 'NONE', #4034, #5702, #4533, .T. ) ;
#4560 = PLANE ( 'NONE',  #5360 ) ;
#4561 = ORIENTED_EDGE ( 'NONE', *, *, #4139, .T. ) ;
#4562 =( LENGTH_UNIT ( ) NAMED_UNIT ( * ) SI_UNIT ( .MILLI., .METRE. ) );
#4563 = CARTESIAN_POINT ( 'NONE',  ( -2.797009727012554200, 0.2500000000000000000, 1.502499999999999500 ) ) ;
#4564 = CARTESIAN_POINT ( 'NONE',  ( 2.502990272987425600, 0.4779902729874362900, 0.2024999999999995700 ) ) ;
#4565 = DIRECTION ( 'NONE',  ( -0.06975647374411851600, -0.9975640502598247500, 0.0000000000000000000 ) ) ;
#4566 = EDGE_CURVE ( 'NONE', #4662, #7080, #5535, .T. ) ;
#4567 = AXIS2_PLACEMENT_3D ( 'NONE', #674, #2979, #6393 ) ;
#4568 = ORIENTED_EDGE ( 'NONE', *, *, #1237, .T. ) ;
#4569 = ORIENTED_EDGE ( 'NONE', *, *, #3415, .F. ) ;
#4570 = DIRECTION ( 'NONE',  ( 1.000000000000000000, -0.0000000000000000000, -0.0000000000000000000 ) ) ;
#4571 = DIRECTION ( 'NONE',  ( 1.000000000000000000, 0.0000000000000000000, 0.0000000000000000000 ) ) ;
#4572 = DIRECTION ( 'NONE',  ( 0.0000000000000000000, 1.000000000000000000, 0.0000000000000000000 ) ) ;
#4573 = ORIENTED_EDGE ( 'NONE', *, *, #5021, .T. ) ;
#4574 = ORIENTED_EDGE ( 'NONE', *, *, #6101, .T. ) ;
#4575 = ORIENTED_EDGE ( 'NONE', *, *, #372, .F. ) ;
#4576 = SHAPE_DEFINITION_REPRESENTATION ( #3603, #6074 ) ;
#4577 = DIRECTION ( 'NONE',  ( 0.0000000000000000000, 0.0000000000000000000, 1.000000000000000000 ) ) ;
#4578 = EDGE_CURVE ( 'NONE', #737, #694, #7335, .T. ) ;
#4579 = DIRECTION ( 'NONE',  ( 0.0000000000000000000, 0.0000000000000000000, 1.000000000000000000 ) ) ;
#4580 = DIRECTION ( 'NONE',  ( 1.000000000000000000, -0.0000000000000000000, -0.0000000000000000000 ) ) ;
#4581 = ORIENTED_EDGE ( 'NONE', *, *, #1141, .T. ) ;
#4582 = DIRECTION ( 'NONE',  ( 0.0000000000000000000, 0.0000000000000000000, 1.000000000000000000 ) ) ;
#4583 = ORIENTED_EDGE ( 'NONE', *, *, #1589, .T. ) ;
#4584 = ORIENTED_EDGE ( 'NONE', *, *, #2099, .T. ) ;
#4585 = FACE_OUTER_BOUND ( 'NONE', #5202, .T. ) ;
#4586 = PLANE ( 'NONE',  #609 ) ;
#4587 = ORIENTED_EDGE ( 'NONE', *, *, #3236, .F. ) ;
#4588 = EDGE_CURVE ( 'NONE', #5525, #878, #5722, .T. ) ;
#4589 = ORIENTED_EDGE ( 'NONE', *, *, #5496, .T. ) ;
#4590 = EDGE_LOOP ( 'NONE', ( #65, #1462, #6237, #2262 ) ) ;
#4591 = ADVANCED_FACE ( 'NONE', ( #5995 ), #2040, .F. ) ;
#4592 = CIRCLE ( 'NONE', #4457, 0.2220097270125543400 ) ;
#4593 = CARTESIAN_POINT ( 'NONE',  ( 2.791986582380880500, 0.1781656850632321000, -2.152500000000000300 ) ) ;
#4594 = DIRECTION ( 'NONE',  ( 1.000000000000000000, -0.0000000000000000000, -0.0000000000000000000 ) ) ;
#4595 = SURFACE_SIDE_STYLE ('',( #1635 ) ) ;
#4596 = VECTOR ( 'NONE', #4541, 1000.000000000000000 ) ;
#4597 = ORIENTED_EDGE ( 'NONE', *, *, #506, .T. ) ;
#4598 = LINE ( 'NONE', #2680, #1742 ) ;
#4599 = DIRECTION ( 'NONE',  ( -0.0000000000000000000, -0.0000000000000000000, -1.000000000000000000 ) ) ;
#4600 = FACE_OUTER_BOUND ( 'NONE', #5327, .T. ) ;
#4601 = CARTESIAN_POINT ( 'NONE',  ( -3.200000000000000200, 0.1496346075389538600, -2.397500000000000400 ) ) ;
#4602 = ADVANCED_FACE ( 'NONE', ( #338 ), #4160, .F. ) ;
#4603 = CARTESIAN_POINT ( 'NONE',  ( 2.200000000000001100, 0.6999999999999905200, 2.500000000000001800 ) ) ;
#4604 = DIRECTION ( 'NONE',  ( 0.06975647374411851600, -0.9975640502598247500, 0.0000000000000000000 ) ) ;
#4605 = AXIS2_PLACEMENT_3D ( 'NONE', #6679, #4392, #4958 ) ;
#4606 = LINE ( 'NONE', #1062, #4974 ) ;
#4607 = SURFACE_SIDE_STYLE ('',( #2007 ) ) ;
#4608 = LINE ( 'NONE', #5182, #6782 ) ;
#4609 = VERTEX_POINT ( 'NONE', #7183 ) ;
#4610 = VERTEX_POINT ( 'NONE', #943 ) ;
#4611 = VECTOR ( 'NONE', #7123, 1000.000000000000000 ) ;
#4612 = EDGE_CURVE ( 'NONE', #2201, #1782, #5359, .T. ) ;
#4613 = EDGE_LOOP ( 'NONE', ( #2623, #3209, #1989, #4844 ) ) ;
#4614 = AXIS2_PLACEMENT_3D ( 'NONE', #5363, #7111, #3660 ) ;
#4615 = LINE ( 'NONE', #5437, #7330 ) ;
#4616 = ORIENTED_EDGE ( 'NONE', *, *, #7122, .F. ) ;
#4617 = DIRECTION ( 'NONE',  ( 0.06975647374411825300, -0.9975640502598247500, 0.0000000000000000000 ) ) ;
#4618 = CARTESIAN_POINT ( 'NONE',  ( -2.200000000000001100, 0.6999999999999905200, 0.4474999999999995600 ) ) ;
#4619 = CARTESIAN_POINT ( 'NONE',  ( 2.502990272987425600, 0.4779902729874362900, 0.4474999999999995600 ) ) ;
#4620 = CARTESIAN_POINT ( 'NONE',  ( 2.575000000000000200, 0.2500000000000000000, -2.152500000000000300 ) ) ;
#4621 = SURFACE_STYLE_FILL_AREA ( #4634 ) ;
#4622 = VERTEX_POINT ( 'NONE', #3777 ) ;
#4623 =( LENGTH_UNIT ( ) NAMED_UNIT ( * ) SI_UNIT ( .MILLI., .METRE. ) );
#4624 = DIRECTION ( 'NONE',  ( -0.0000000000000000000, -0.0000000000000000000, -1.000000000000000000 ) ) ;
#4625 = DIRECTION ( 'NONE',  ( -0.0000000000000000000, -0.0000000000000000000, -1.000000000000000000 ) ) ;
#4626 = EDGE_CURVE ( 'NONE', #4610, #3511, #5626, .T. ) ;
#4627 = CYLINDRICAL_SURFACE ( 'NONE', #2819, 0.07200972701257388200 ) ;
#4628 = LINE ( 'NONE', #4014, #877 ) ;
#4629 = VERTEX_POINT ( 'NONE', #6110 ) ;
#4630 = ADVANCED_FACE ( 'NONE', ( #4991 ), #4400, .F. ) ;
#4631 = DIRECTION ( 'NONE',  ( -1.000000000000000000, 0.0000000000000000000, 0.0000000000000000000 ) ) ;
#4632 = DIRECTION ( 'NONE',  ( -0.0000000000000000000, -0.0000000000000000000, -1.000000000000000000 ) ) ;
#4633 = CARTESIAN_POINT ( 'NONE',  ( -2.502990272987425600, 0.5500000000000105900, 1.097499999999999500 ) ) ;
#4634 = FILL_AREA_STYLE ('',( #1145 ) ) ;
#4635 = FILL_AREA_STYLE_COLOUR ( '', #983 ) ;
#4636 = PRESENTATION_STYLE_ASSIGNMENT (( #4897 ) ) ;
#4637 = ORIENTED_EDGE ( 'NONE', *, *, #3382, .T. ) ;
#4638 = EDGE_CURVE ( 'NONE', #1512, #5446, #2834, .T. ) ;
#4639 = LINE ( 'NONE', #2082, #4542 ) ;
#4640 = VERTEX_POINT ( 'NONE', #995 ) ;
#4641 = DIRECTION ( 'NONE',  ( -1.000000000000000000, 0.0000000000000000000, 0.0000000000000000000 ) ) ;
#4642 = DIRECTION ( 'NONE',  ( 0.0000000000000000000, 0.0000000000000000000, 1.000000000000000000 ) ) ;
#4643 = SURFACE_SIDE_STYLE ('',( #7066 ) ) ;
#4644 = ORIENTED_EDGE ( 'NONE', *, *, #79, .F. ) ;
#4645 = DIRECTION ( 'NONE',  ( -0.06975647374411825300, -0.9975640502598247500, 0.0000000000000000000 ) ) ;
#4646 = DIRECTION ( 'NONE',  ( 3.469446951953614200E-016, -0.0000000000000000000, 1.000000000000000000 ) ) ;
#4647 = CARTESIAN_POINT ( 'NONE',  ( 2.502990272987425600, 0.5500000000000105900, 1.747499999999999400 ) ) ;
#4648 = PLANE ( 'NONE',  #5718 ) ;
#4649 = ORIENTED_EDGE ( 'NONE', *, *, #1423, .T. ) ;
#4650 = AXIS2_PLACEMENT_3D ( 'NONE', #6549, #7113, #3663 ) ;
#4651 = CARTESIAN_POINT ( 'NONE',  ( 2.791986582380880500, 0.1781656850632321000, -1.097500000000000400 ) ) ;
#4652 = LINE ( 'NONE', #1790, #6557 ) ;
#4653 = ORIENTED_EDGE ( 'NONE', *, *, #1078, .T. ) ;
#4654 = CARTESIAN_POINT ( 'NONE',  ( -2.575000000000000200, 0.2500000000000000000, 1.747499999999999400 ) ) ;
#4655 = DIRECTION ( 'NONE',  ( 1.000000000000000000, 0.0000000000000000000, 0.0000000000000000000 ) ) ;
#4656 = VECTOR ( 'NONE', #2154, 1000.000000000000000 ) ;
#4657 = VERTEX_POINT ( 'NONE', #6689 ) ;
#4658 = EDGE_CURVE ( 'NONE', #6186, #3833, #4437, .T. ) ;
#4659 = DIRECTION ( 'NONE',  ( -0.0000000000000000000, -0.0000000000000000000, -1.000000000000000000 ) ) ;
#4660 = EDGE_CURVE ( 'NONE', #1259, #2993, #1675, .T. ) ;
#4661 = AXIS2_PLACEMENT_3D ( 'NONE', #5726, #2351, #5192 ) ;
#4662 = VERTEX_POINT ( 'NONE', #2064 ) ;
#4663 = EDGE_LOOP ( 'NONE', ( #6025, #2764, #831, #3281 ) ) ;
#4664 = CARTESIAN_POINT ( 'NONE',  ( 2.200000000000001100, 0.6999999999999905200, -2.152500000000000300 ) ) ;
#4665 = ADVANCED_FACE ( 'NONE', ( #7149 ), #3824, .F. ) ;
#4666 = EDGE_CURVE ( 'NONE', #3516, #1889, #3092, .T. ) ;
#4667 = AXIS2_PLACEMENT_3D ( 'NONE', #5736, #6830, #3390 ) ;
#4668 = ORIENTED_EDGE ( 'NONE', *, *, #565, .T. ) ;
#4669 = CARTESIAN_POINT ( 'NONE',  ( -3.200000000000000200, 0.1496346075389538600, -0.8525000000000003700 ) ) ;
#4670 = MANIFOLD_SOLID_BREP ( 'Pin 2', #3489 ) ;
#4671 = ORIENTED_EDGE ( 'NONE', *, *, #2218, .T. ) ;
#4672 = ORIENTED_EDGE ( 'NONE', *, *, #3492, .F. ) ;
#4673 = DIRECTION ( 'NONE',  ( -1.000000000000000000, 0.0000000000000000000, 0.0000000000000000000 ) ) ;
#4674 = LINE ( 'NONE', #1251, #6490 ) ;
#4675 = CARTESIAN_POINT ( 'NONE',  ( 2.502990272987425600, 0.5500000000000105900, 2.397500000000000000 ) ) ;
#4676 = CARTESIAN_POINT ( 'NONE',  ( 2.575000000000000200, 0.2500000000000000000, -2.152500000000000300 ) ) ;
#4677 = ADVANCED_FACE ( 'NONE', ( #4793 ), #1310, .F. ) ;
#4678 = EDGE_LOOP ( 'NONE', ( #2943, #6531, #2093, #7095 ) ) ;
#4679 = EDGE_CURVE ( 'NONE', #2972, #6970, #5817, .T. ) ;
#4680 = ORIENTED_EDGE ( 'NONE', *, *, #2937, .F. ) ;
#4681 = CARTESIAN_POINT ( 'NONE',  ( 2.502990272987425600, 0.6999999999999905200, -2.152500000000000300 ) ) ;
#4682 = EDGE_CURVE ( 'NONE', #413, #5362, #6793, .T. ) ;
#4683 = VECTOR ( 'NONE', #5544, 1000.000000000000000 ) ;
#4684 = PLANE ( 'NONE',  #3724 ) ;
#4685 = ORIENTED_EDGE ( 'NONE', *, *, #4973, .T. ) ;
#4686 = LINE ( 'NONE', #5872, #5880 ) ;
#4687 = VERTEX_POINT ( 'NONE', #3921 ) ;
#4688 = FACE_OUTER_BOUND ( 'NONE', #5240, .T. ) ;
#4689 = PRESENTATION_STYLE_ASSIGNMENT (( #2337 ) ) ;
#4690 = DIRECTION ( 'NONE',  ( 1.000000000000000000, 0.0000000000000000000, -0.0000000000000000000 ) ) ;
#4691 = EDGE_CURVE ( 'NONE', #1759, #6213, #2467, .T. ) ;
#4692 = LINE ( 'NONE', #5948, #1924 ) ;
#4693 = VECTOR ( 'NONE', #6371, 1000.000000000000000 ) ;
#4694 = AXIS2_PLACEMENT_3D ( 'NONE', #78, #3970, #4070 ) ;
#4695 = LINE ( 'NONE', #1609, #3169 ) ;
#4696 = ORIENTED_EDGE ( 'NONE', *, *, #1984, .T. ) ;
#4697 = ORIENTED_EDGE ( 'NONE', *, *, #6624, .F. ) ;
#4698 = CARTESIAN_POINT ( 'NONE',  ( -2.502990272987425600, 0.4779902729874362900, -0.4475000000000004000 ) ) ;
#4699 = CARTESIAN_POINT ( 'NONE',  ( 2.724999999999980500, 0.2500000000000000000, -0.2025000000000004300 ) ) ;
#4700 = DIRECTION ( 'NONE',  ( 1.000000000000000000, 0.0000000000000000000, 0.0000000000000000000 ) ) ;
#4701 = FACE_OUTER_BOUND ( 'NONE', #5636, .T. ) ;
#4702 = LINE ( 'NONE', #3785, #5524 ) ;
#4703 = EDGE_LOOP ( 'NONE', ( #4487, #7211, #6680, #568 ) ) ;
#4704 = ORIENTED_EDGE ( 'NONE', *, *, #2691, .T. ) ;
#4705 = ADVANCED_FACE ( 'NONE', ( #3184 ), #3717, .T. ) ;
#4706 = AXIS2_PLACEMENT_3D ( 'NONE', #5448, #6604, #3147 ) ;
#4707 = CARTESIAN_POINT ( 'NONE',  ( 2.502990272987425600, 0.4779902729874362900, -0.8525000000000003700 ) ) ;
#4708 = CARTESIAN_POINT ( 'NONE',  ( 2.781523111319264400, 0.02853107752427827200, -1.747500000000000300 ) ) ;
#4709 = VERTEX_POINT ( 'NONE', #2725 ) ;
#4710 = ORIENTED_EDGE ( 'NONE', *, *, #1748, .T. ) ;
#4711 = VECTOR ( 'NONE', #4741, 1000.000000000000000 ) ;
#4712 = ORIENTED_EDGE ( 'NONE', *, *, #3699, .F. ) ;
#4713 = ORIENTED_EDGE ( 'NONE', *, *, #6197, .T. ) ;
#4714 = ADVANCED_FACE ( 'NONE', ( #3005 ), #6522, .T. ) ;
#4715 = EDGE_CURVE ( 'NONE', #3942, #5677, #957, .T. ) ;
#4716 =( GEOMETRIC_REPRESENTATION_CONTEXT ( 3 ) GLOBAL_UNCERTAINTY_ASSIGNED_CONTEXT ( ( #6895 ) ) GLOBAL_UNIT_ASSIGNED_CONTEXT ( ( #2094, #5027, #4405 ) ) REPRESENTATION_CONTEXT ( 'NONE', 'WORKASPACE' ) );
#4717 = DIRECTION ( 'NONE',  ( 0.0000000000000000000, -0.0000000000000000000, -1.000000000000000000 ) ) ;
#4718 = FACE_OUTER_BOUND ( 'NONE', #188, .T. ) ;
#4719 = ORIENTED_EDGE ( 'NONE', *, *, #5444, .T. ) ;
#4720 = CARTESIAN_POINT ( 'NONE',  ( -2.502990272987425600, 0.6999999999999905200, 2.152499999999999900 ) ) ;
#4721 = VECTOR ( 'NONE', #6028, 1000.000000000000000 ) ;
#4722 = CARTESIAN_POINT ( 'NONE',  ( 2.797009727012554200, 0.2500000000000000000, 2.397500000000000000 ) ) ;
#4723 = CARTESIAN_POINT ( 'NONE',  ( -2.502990272987425600, 0.4779902729874362900, 1.747499999999999400 ) ) ;
#4724 = ORIENTED_EDGE ( 'NONE', *, *, #4813, .F. ) ;
#4725 = EDGE_CURVE ( 'NONE', #7094, #1093, #6264, .T. ) ;
#4726 = DIRECTION ( 'NONE',  ( 1.000000000000000000, 0.0000000000000000000, 0.0000000000000000000 ) ) ;
#4727 = AXIS2_PLACEMENT_3D ( 'NONE', #5197, #542, #4527 ) ;
#4728 = LINE ( 'NONE', #1351, #3202 ) ;
#4729 = LINE ( 'NONE', #5130, #2319 ) ;
#4730 = ORIENTED_EDGE ( 'NONE', *, *, #5939, .T. ) ;
#4731 = CARTESIAN_POINT ( 'NONE',  ( 3.200000000000000200, 0.1496346075389538600, 1.747499999999999400 ) ) ;
#4732 = EDGE_CURVE ( 'NONE', #806, #1522, #5350, .T. ) ;
#4733 = LINE ( 'NONE', #5495, #4811 ) ;
#4734 = LINE ( 'NONE', #6642, #1877 ) ;
#4735 = VERTEX_POINT ( 'NONE', #2799 ) ;
#4736 = AXIS2_PLACEMENT_3D ( 'NONE', #3804, #6139, #969 ) ;
#4737 = CARTESIAN_POINT ( 'NONE',  ( 2.200000000000001100, 0.5500000000000105900, 1.097499999999999500 ) ) ;
#4738 = DIRECTION ( 'NONE',  ( -1.000000000000000000, 0.0000000000000000000, 0.0000000000000000000 ) ) ;
#4739 = VECTOR ( 'NONE', #7377, 1000.000000000000000 ) ;
#4740 = ORIENTED_EDGE ( 'NONE', *, *, #1355, .T. ) ;
#4741 = DIRECTION ( 'NONE',  ( -0.0000000000000000000, -0.0000000000000000000, -1.000000000000000000 ) ) ;
#4742 = CARTESIAN_POINT ( 'NONE',  ( -2.797009727012554200, 0.2500000000000000000, 1.097499999999999500 ) ) ;
#4743 = CARTESIAN_POINT ( 'NONE',  ( 2.147339000965041000, 1.100000000000000100, -2.447339000965040000 ) ) ;
#4744 = ADVANCED_FACE ( 'NONE', ( #5715 ), #490, .F. ) ;
#4745 = ORIENTED_EDGE ( 'NONE', *, *, #5583, .F. ) ;
#4746 = ORIENTED_EDGE ( 'NONE', *, *, #223, .F. ) ;
#4747 = CARTESIAN_POINT ( 'NONE',  ( 2.797009727012554200, 0.2500000000000000000, 2.397500000000000000 ) ) ;
#4748 = CARTESIAN_POINT ( 'NONE',  ( 2.575000000000000200, 0.4779902729874362900, 0.4474999999999995600 ) ) ;
#4749 = VERTEX_POINT ( 'NONE', #3895 ) ;
#4750 = CARTESIAN_POINT ( 'NONE',  ( -1.359873937319054000, 1.050000000000000000, -2.059873937319050900 ) ) ;
#4751 = ORIENTED_EDGE ( 'NONE', *, *, #5909, .F. ) ;
#4752 = EDGE_CURVE ( 'NONE', #5593, #4609, #3805, .T. ) ;
#4753 = AXIS2_PLACEMENT_3D ( 'NONE', #3526, #1898, #4092 ) ;
#4754 = ORIENTED_EDGE ( 'NONE', *, *, #6801, .F. ) ;
#4755 = ORIENTED_EDGE ( 'NONE', *, *, #4973, .F. ) ;
#4756 = CARTESIAN_POINT ( 'NONE',  ( -1.359873937319054000, 1.050000000000000000, -1.659873937319050500 ) ) ;
#4757 = DIRECTION ( 'NONE',  ( -1.000000000000000000, 0.0000000000000000000, 0.0000000000000000000 ) ) ;
#4758 = ORIENTED_EDGE ( 'NONE', *, *, #7457, .F. ) ;
#4759 = MANIFOLD_SOLID_BREP ( 'Pin 6', #691 ) ;
#4760 = ORIENTED_EDGE ( 'NONE', *, *, #5227, .T. ) ;
#4761 = VERTEX_POINT ( 'NONE', #6762 ) ;
#4762 = LINE ( 'NONE', #4198, #1021 ) ;
#4763 = EDGE_CURVE ( 'NONE', #2349, #1392, #3368, .T. ) ;
#4764 = ORIENTED_EDGE ( 'NONE', *, *, #1478, .F. ) ;
#4765 = CARTESIAN_POINT ( 'NONE',  ( -1.359873937319054000, 1.050000000000000000, -1.659873937319050500 ) ) ;
#4766 = EDGE_LOOP ( 'NONE', ( #2140, #7289, #3114, #2066, #1300, #4240, #2497, #2078, #6248, #7431, #2811, #1368 ) ) ;
#4767 = FACE_OUTER_BOUND ( 'NONE', #4484, .T. ) ;
#4768 = CARTESIAN_POINT ( 'NONE',  ( -2.575000000000000200, 0.2500000000000000000, -1.502500000000000400 ) ) ;
#4769 = EDGE_CURVE ( 'NONE', #6952, #3833, #5169, .T. ) ;
#4770 = EDGE_LOOP ( 'NONE', ( #180, #3465, #4496, #5429, #1851, #1111, #1102, #6033, #5438, #4719, #6583, #86 ) ) ;
#4771 = LINE ( 'NONE', #4261, #2712 ) ;
#4772 = DIRECTION ( 'NONE',  ( 1.000000000000000000, 0.0000000000000000000, 0.0000000000000000000 ) ) ;
#4773 = ORIENTED_EDGE ( 'NONE', *, *, #88, .F. ) ;
#4774 = LINE ( 'NONE', #7392, #6065 ) ;
#4775 = CARTESIAN_POINT ( 'NONE',  ( -2.791986582380880500, 0.1781656850632321000, -0.2025000000000004300 ) ) ;
#4776 = AXIS2_PLACEMENT_3D ( 'NONE', #1066, #1575, #513 ) ;
#4777 = CIRCLE ( 'NONE', #3252, 0.2220097270125543400 ) ;
#4778 = ADVANCED_FACE ( 'NONE', ( #5079 ), #1213, .F. ) ;
#4779 = CARTESIAN_POINT ( 'NONE',  ( 2.724999999999980500, 0.4779902729874362400, 1.502499999999999500 ) ) ;
#4780 = FACE_OUTER_BOUND ( 'NONE', #953, .T. ) ;
#4781 = ORIENTED_EDGE ( 'NONE', *, *, #6462, .F. ) ;
#4782 = CARTESIAN_POINT ( 'NONE',  ( -2.502990272987425600, 0.4779902729874362900, -1.097500000000000400 ) ) ;
#4783 = ORIENTED_EDGE ( 'NONE', *, *, #4691, .F. ) ;
#4784 = DIRECTION ( 'NONE',  ( -0.0000000000000000000, -0.0000000000000000000, -1.000000000000000000 ) ) ;
#4785 = DIRECTION ( 'NONE',  ( -0.0000000000000000000, -0.0000000000000000000, -1.000000000000000000 ) ) ;
#4786 = VECTOR ( 'NONE', #2974, 1000.000000000000000 ) ;
#4787 = CARTESIAN_POINT ( 'NONE',  ( -1.359873937319054000, 1.050000000000000000, -1.659873937319050500 ) ) ;
#4788 = FACE_OUTER_BOUND ( 'NONE', #4966, .T. ) ;
#4789 = VERTEX_POINT ( 'NONE', #2284 ) ;
#4790 = DIRECTION ( 'NONE',  ( 0.9975640502598246400, -0.06975647374411936300, -0.0000000000000000000 ) ) ;
#4791 = CARTESIAN_POINT ( 'NONE',  ( 2.575000000000000200, 0.4779902729874362900, 2.152499999999999900 ) ) ;
#4792 = DIRECTION ( 'NONE',  ( 1.000000000000000000, 0.0000000000000000000, -0.0000000000000000000 ) ) ;
#4793 = FACE_OUTER_BOUND ( 'NONE', #6665, .T. ) ;
#4794 = EDGE_CURVE ( 'NONE', #1057, #4761, #1665, .T. ) ;
#4795 = EDGE_CURVE ( 'NONE', #7033, #552, #417, .T. ) ;
#4796 = ORIENTED_EDGE ( 'NONE', *, *, #6118, .F. ) ;
#4797 = DIRECTION ( 'NONE',  ( 1.000000000000000000, 0.0000000000000000000, 0.0000000000000000000 ) ) ;
#4798 = STYLED_ITEM ( 'NONE', ( #5789 ), #7120 ) ;
#4799 = DIRECTION ( 'NONE',  ( -0.1294283079955609600, -0.9831056027603608500, -0.1294283079955609300 ) ) ;
#4800 = LINE ( 'NONE', #7415, #6625 ) ;
#4801 = ORIENTED_EDGE ( 'NONE', *, *, #3739, .F. ) ;
#4802 = EDGE_CURVE ( 'NONE', #5431, #6017, #4153, .T. ) ;
#4803 = AXIS2_PLACEMENT_3D ( 'NONE', #5961, #836, #5400 ) ;
#4804 = CARTESIAN_POINT ( 'NONE',  ( -2.797009727012554200, 0.2500000000000000000, 0.2024999999999995700 ) ) ;
#4805 = DIRECTION ( 'NONE',  ( -0.0000000000000000000, -0.0000000000000000000, -1.000000000000000000 ) ) ;
#4806 = ORIENTED_EDGE ( 'NONE', *, *, #2242, .F. ) ;
#4807 = FILL_AREA_STYLE ('',( #7164 ) ) ;
#4808 = VECTOR ( 'NONE', #7054, 1000.000000000000000 ) ;
#4809 = ORIENTED_EDGE ( 'NONE', *, *, #382, .F. ) ;
#4810 = DIRECTION ( 'NONE',  ( -1.000000000000000000, 0.0000000000000000000, 0.0000000000000000000 ) ) ;
#4811 = VECTOR ( 'NONE', #3796, 1000.000000000000000 ) ;
#4812 = CARTESIAN_POINT ( 'NONE',  ( 2.781523111319264400, 0.02853107752427827200, 1.747499999999999400 ) ) ;
#4813 = EDGE_CURVE ( 'NONE', #1371, #3139, #2827, .T. ) ;
#4814 = ORIENTED_EDGE ( 'NONE', *, *, #5309, .F. ) ;
#4815 = EDGE_CURVE ( 'NONE', #2637, #3634, #5900, .T. ) ;
#4816 = DIRECTION ( 'NONE',  ( 0.0000000000000000000, 0.0000000000000000000, -1.000000000000000000 ) ) ;
#4817 = LINE ( 'NONE', #7291, #3211 ) ;
#4818 = ORIENTED_EDGE ( 'NONE', *, *, #4052, .F. ) ;
#4819 = VERTEX_POINT ( 'NONE', #28 ) ;
#4820 = ADVANCED_FACE ( 'NONE', ( #143 ), #5733, .T. ) ;
#4821 = CARTESIAN_POINT ( 'NONE',  ( 2.781523111319264400, 0.02853107752427827200, -2.152500000000000300 ) ) ;
#4822 = DIRECTION ( 'NONE',  ( 0.0000000000000000000, -1.000000000000000000, 0.0000000000000000000 ) ) ;
#4823 = DIRECTION ( 'NONE',  ( -1.000000000000000000, 0.0000000000000000000, 0.0000000000000000000 ) ) ;
#4824 = CARTESIAN_POINT ( 'NONE',  ( 2.575000000000000200, 0.4779902729874362900, -0.2025000000000004300 ) ) ;
#4825 = COLOUR_RGB ( '',0.7921568627450980000, 0.8196078431372548800, 0.9333333333333333500 ) ;
#4826 = ORIENTED_EDGE ( 'NONE', *, *, #3946, .F. ) ;
#4827 = DIRECTION ( 'NONE',  ( -0.0000000000000000000, -0.0000000000000000000, -1.000000000000000000 ) ) ;
#4828 = EDGE_CURVE ( 'NONE', #7322, #5557, #2115, .T. ) ;
#4829 = ORIENTED_EDGE ( 'NONE', *, *, #2703, .F. ) ;
#4830 = AXIS2_PLACEMENT_3D ( 'NONE', #914, #7233, #3223 ) ;
#4831 = LINE ( 'NONE', #3402, #4739 ) ;
#4832 = EDGE_LOOP ( 'NONE', ( #2733, #3917, #5016, #6312, #3006, #6725, #5814, #5092, #6489, #4342, #2109, #7428 ) ) ;
#4833 = CARTESIAN_POINT ( 'NONE',  ( 2.502990272987425600, 0.4779902729874362900, 1.747499999999999400 ) ) ;
#4834 = FILL_AREA_STYLE ('',( #7107 ) ) ;
#4835 =( NAMED_UNIT ( * ) SI_UNIT ( $, .STERADIAN. ) SOLID_ANGLE_UNIT ( ) );
#4836 = VERTEX_POINT ( 'NONE', #1240 ) ;
#4837 = ORIENTED_EDGE ( 'NONE', *, *, #1095, .T. ) ;
#4838 = DIRECTION ( 'NONE',  ( 0.06975647374411851600, 0.9975640502598247500, -0.0000000000000000000 ) ) ;
#4839 = DIRECTION ( 'NONE',  ( -0.0000000000000000000, -0.0000000000000000000, -1.000000000000000000 ) ) ;
#4840 = AXIS2_PLACEMENT_3D ( 'NONE', #896, #5430, #3704 ) ;
#4841 = CARTESIAN_POINT ( 'NONE',  ( -2.575000000000000200, 0.4779902729874362900, -1.502500000000000400 ) ) ;
#4842 = CARTESIAN_POINT ( 'NONE',  ( -2.791986582380880500, 0.1781656850632323000, -1.502500000000000400 ) ) ;
#4843 = ORIENTED_EDGE ( 'NONE', *, *, #7097, .F. ) ;
#4844 = ORIENTED_EDGE ( 'NONE', *, *, #1655, .T. ) ;
#4845 = VERTEX_POINT ( 'NONE', #3504 ) ;
#4846 = DIRECTION ( 'NONE',  ( -0.0000000000000000000, -0.0000000000000000000, -1.000000000000000000 ) ) ;
#4847 = DIRECTION ( 'NONE',  ( -0.0000000000000000000, -0.0000000000000000000, -1.000000000000000000 ) ) ;
#4848 = EDGE_CURVE ( 'NONE', #2887, #5777, #1497, .T. ) ;
#4849 = AXIS2_PLACEMENT_3D ( 'NONE', #6104, #1033, #5008 ) ;
#4850 = CARTESIAN_POINT ( 'NONE',  ( 2.797009727012554200, 0.2500000000000000000, 1.502499999999999500 ) ) ;
#4851 = VERTEX_POINT ( 'NONE', #671 ) ;
#4852 = ORIENTED_EDGE ( 'NONE', *, *, #33, .F. ) ;
#4853 = FACE_OUTER_BOUND ( 'NONE', #2926, .T. ) ;
#4854 = ADVANCED_FACE ( 'NONE', ( #3975 ), #626, .F. ) ;
#4855 = DIRECTION ( 'NONE',  ( 1.000000000000000000, 0.0000000000000000000, 0.0000000000000000000 ) ) ;
#4856 = CARTESIAN_POINT ( 'NONE',  ( 3.189536528938383700, -3.794707603699265500E-016, -1.097500000000000400 ) ) ;
#4857 = CARTESIAN_POINT ( 'NONE',  ( 2.502990272987425600, 0.4779902729874362900, 1.097499999999999500 ) ) ;
#4858 = ORIENTED_EDGE ( 'NONE', *, *, #5774, .T. ) ;
#4859 =( NAMED_UNIT ( * ) PLANE_ANGLE_UNIT ( ) SI_UNIT ( $, .RADIAN. ) );
#4860 = LINE ( 'NONE', #5361, #1822 ) ;
#4861 = ORIENTED_EDGE ( 'NONE', *, *, #887, .T. ) ;
#4862 = EDGE_CURVE ( 'NONE', #7417, #4735, #7238, .T. ) ;
#4863 = FACE_OUTER_BOUND ( 'NONE', #759, .T. ) ;
#4864 = FACE_OUTER_BOUND ( 'NONE', #2636, .T. ) ;
#4865 = DIRECTION ( 'NONE',  ( 1.000000000000000000, 0.0000000000000000000, 0.0000000000000000000 ) ) ;
#4866 = CARTESIAN_POINT ( 'NONE',  ( -2.200000000000001100, 0.5500000000000105900, -2.397500000000000400 ) ) ;
#4867 = AXIS2_PLACEMENT_3D ( 'NONE', #6550, #246, #3085 ) ;
#4868 = CARTESIAN_POINT ( 'NONE',  ( -2.575000000000000200, 0.2500000000000000000, -0.8525000000000003700 ) ) ;
#4869 = PLANE ( 'NONE',  #2048 ) ;
#4870 = VECTOR ( 'NONE', #192, 1000.000000000000000 ) ;
#4871 = DIRECTION ( 'NONE',  ( -0.0000000000000000000, -0.0000000000000000000, -1.000000000000000000 ) ) ;
#4872 = CIRCLE ( 'NONE', #2832, 0.2220097270125543400 ) ;
#4873 = DIRECTION ( 'NONE',  ( 1.000000000000000000, -0.0000000000000000000, -0.0000000000000000000 ) ) ;
#4874 = FACE_OUTER_BOUND ( 'NONE', #1843, .T. ) ;
#4875 = EDGE_LOOP ( 'NONE', ( #142, #4210, #1493, #4568 ) ) ;
#4876 = DIRECTION ( 'NONE',  ( -1.000000000000000000, 0.0000000000000000000, 0.0000000000000000000 ) ) ;
#4877 = ORIENTED_EDGE ( 'NONE', *, *, #2383, .F. ) ;
#4878 = EDGE_CURVE ( 'NONE', #1919, #4819, #5442, .T. ) ;
#4879 = CARTESIAN_POINT ( 'NONE',  ( -2.575000000000000200, 0.2500000000000000000, -0.8525000000000003700 ) ) ;
#4880 = LINE ( 'NONE', #3577, #2458 ) ;
#4881 = DIRECTION ( 'NONE',  ( -1.000000000000000000, 0.0000000000000000000, 0.0000000000000000000 ) ) ;
#4882 = AXIS2_PLACEMENT_3D ( 'NONE', #349, #4926, #5510 ) ;
#4883 = VECTOR ( 'NONE', #6719, 1000.000000000000000 ) ;
#4884 = ORIENTED_EDGE ( 'NONE', *, *, #4232, .F. ) ;
#4885 = DIRECTION ( 'NONE',  ( -1.000000000000000000, 0.0000000000000000000, 0.0000000000000000000 ) ) ;
#4886 = ORIENTED_EDGE ( 'NONE', *, *, #5369, .T. ) ;
#4887 = CARTESIAN_POINT ( 'NONE',  ( 2.797009727012554200, 0.2500000000000000000, -0.8525000000000003700 ) ) ;
#4888 = COLOUR_RGB ( '',0.7921568627450980000, 0.8196078431372548800, 0.9333333333333333500 ) ;
#4889 = DIRECTION ( 'NONE',  ( -0.0000000000000000000, -0.0000000000000000000, -1.000000000000000000 ) ) ;
#4890 = CIRCLE ( 'NONE', #7385, 0.07200972701257388200 ) ;
#4891 = ORIENTED_EDGE ( 'NONE', *, *, #6566, .T. ) ;
#4892 = CARTESIAN_POINT ( 'NONE',  ( -2.502990272987425600, 0.5500000000000105900, -0.4475000000000004000 ) ) ;
#4893 = AXIS2_PLACEMENT_3D ( 'NONE', #701, #4642, #4690 ) ;
#4894 = CARTESIAN_POINT ( 'NONE',  ( 2.724999999999980500, 0.2500000000000000000, 1.097499999999999500 ) ) ;
#4895 = VECTOR ( 'NONE', #4462, 1000.000000000000000 ) ;
#4896 = CARTESIAN_POINT ( 'NONE',  ( -2.200000000000001100, 0.5500000000000105900, 2.152499999999999900 ) ) ;
#4897 = SURFACE_STYLE_USAGE ( .BOTH. , #6721 ) ;
#4898 = VECTOR ( 'NONE', #152, 1000.000000000000000 ) ;
#4899 = ORIENTED_EDGE ( 'NONE', *, *, #4828, .F. ) ;
#4900 = CARTESIAN_POINT ( 'NONE',  ( 3.200000000000000200, 0.1496346075389538600, 1.502499999999999500 ) ) ;
#4901 = ADVANCED_FACE ( 'NONE', ( #3463 ), #1802, .F. ) ;
#4902 = DIRECTION ( 'NONE',  ( 0.0000000000000000000, 0.0000000000000000000, 1.000000000000000000 ) ) ;
#4903 = EDGE_CURVE ( 'NONE', #5756, #7013, #610, .T. ) ;
#4904 = CIRCLE ( 'NONE', #5424, 0.07200972701257432600 ) ;
#4905 = EDGE_CURVE ( 'NONE', #2600, #448, #6079, .T. ) ;
#4906 = DIRECTION ( 'NONE',  ( 0.0000000000000000000, -1.000000000000000000, 0.0000000000000000000 ) ) ;
#4907 = MECHANICAL_DESIGN_GEOMETRIC_PRESENTATION_REPRESENTATION (  '', ( #204 ), #454 ) ;
#4908 = CIRCLE ( 'NONE', #5117, 0.2220097270125543400 ) ;
#4909 = ORIENTED_EDGE ( 'NONE', *, *, #4477, .T. ) ;
#4910 = DIRECTION ( 'NONE',  ( 0.06975647374411851600, 0.9975640502598247500, -0.0000000000000000000 ) ) ;
#4911 = DIRECTION ( 'NONE',  ( 0.0000000000000000000, 1.000000000000000000, 0.0000000000000000000 ) ) ;
#4912 = DIRECTION ( 'NONE',  ( -1.000000000000000000, 0.0000000000000000000, 0.0000000000000000000 ) ) ;
#4913 = VECTOR ( 'NONE', #2794, 1000.000000000000000 ) ;
#4914 = ORIENTED_EDGE ( 'NONE', *, *, #4578, .F. ) ;
#4915 = VECTOR ( 'NONE', #5769, 1000.000000000000000 ) ;
#4916 = ORIENTED_EDGE ( 'NONE', *, *, #5582, .F. ) ;
#4917 = EDGE_CURVE ( 'NONE', #6113, #5296, #2564, .T. ) ;
#4918 = CARTESIAN_POINT ( 'NONE',  ( 2.781523111319264400, 0.02853107752427827200, -1.097500000000000400 ) ) ;
#4919 = DIRECTION ( 'NONE',  ( -0.0000000000000000000, -0.0000000000000000000, -1.000000000000000000 ) ) ;
#4920 = DIRECTION ( 'NONE',  ( 1.000000000000000000, 0.0000000000000000000, 0.0000000000000000000 ) ) ;
#4921 = VECTOR ( 'NONE', #786, 1000.000000000000000 ) ;
#4922 = VERTEX_POINT ( 'NONE', #7027 ) ;
#4923 = VECTOR ( 'NONE', #1738, 1000.000000000000000 ) ;
#4924 = EDGE_LOOP ( 'NONE', ( #4190, #2429, #7242, #5949 ) ) ;
#4925 = CARTESIAN_POINT ( 'NONE',  ( -2.147339000965042400, 0.1499999999999999900, 2.447339000965044400 ) ) ;
#4926 = DIRECTION ( 'NONE',  ( 0.0000000000000000000, 0.0000000000000000000, 1.000000000000000000 ) ) ;
#4927 = EDGE_CURVE ( 'NONE', #919, #6976, #1930, .T. ) ;
#4928 = EDGE_CURVE ( 'NONE', #7135, #3974, #2386, .T. ) ;
#4929 =( NAMED_UNIT ( * ) SI_UNIT ( $, .STERADIAN. ) SOLID_ANGLE_UNIT ( ) );
#4930 = VERTEX_POINT ( 'NONE', #5298 ) ;
#4931 = CARTESIAN_POINT ( 'NONE',  ( -2.724999999999980100, 0.4779902729874363500, 1.747499999999999400 ) ) ;
#4932 = LINE ( 'NONE', #378, #4473 ) ;
#4933 = EDGE_LOOP ( 'NONE', ( #3084, #1752, #4616, #5279 ) ) ;
#4934 = AXIS2_PLACEMENT_3D ( 'NONE', #6873, #564, #539 ) ;
#4935 = DIRECTION ( 'NONE',  ( -1.000000000000000000, 0.0000000000000000000, 0.0000000000000000000 ) ) ;
#4936 = CARTESIAN_POINT ( 'NONE',  ( 2.502990272987425600, 0.5500000000000105900, -1.502500000000000400 ) ) ;
#4937 = DIRECTION ( 'NONE',  ( -0.0000000000000000000, -0.0000000000000000000, -1.000000000000000000 ) ) ;
#4938 = CARTESIAN_POINT ( 'NONE',  ( -2.724999999999980500, 0.2500000000000000000, -2.397500000000000400 ) ) ;
#4939 = VECTOR ( 'NONE', #780, 1000.000000000000000 ) ;
#4940 = ORIENTED_EDGE ( 'NONE', *, *, #7045, .T. ) ;
#4941 = ADVANCED_FACE ( 'NONE', ( #6344 ), #5280, .F. ) ;
#4942 = AXIS2_PLACEMENT_3D ( 'NONE', #6932, #5839, #1733 ) ;
#4943 = ORIENTED_EDGE ( 'NONE', *, *, #1323, .T. ) ;
#4944 = ORIENTED_EDGE ( 'NONE', *, *, #4526, .F. ) ;
#4945 = ORIENTED_EDGE ( 'NONE', *, *, #6366, .F. ) ;
#4946 = DIRECTION ( 'NONE',  ( 1.000000000000000000, -0.0000000000000000000, -0.0000000000000000000 ) ) ;
#4947 = DIRECTION ( 'NONE',  ( -0.0000000000000000000, -1.000000000000000000, -0.0000000000000000000 ) ) ;
#4948 = CARTESIAN_POINT ( 'NONE',  ( -2.200000000000001100, 0.5500000000000105900, 2.500000000000002700 ) ) ;
#4949 = ORIENTED_EDGE ( 'NONE', *, *, #693, .F. ) ;
#4950 = EDGE_CURVE ( 'NONE', #4609, #1839, #4880, .T. ) ;
#4951 = ORIENTED_EDGE ( 'NONE', *, *, #2322, .T. ) ;
#4952 = ORIENTED_EDGE ( 'NONE', *, *, #3317, .F. ) ;
#4953 = AXIS2_PLACEMENT_3D ( 'NONE', #5734, #571, #2856 ) ;
#4954 = ORIENTED_EDGE ( 'NONE', *, *, #6366, .T. ) ;
#4955 = CARTESIAN_POINT ( 'NONE',  ( -2.797009727012554200, 0.2500000000000000000, -1.747500000000000300 ) ) ;
#4956 = VERTEX_POINT ( 'NONE', #785 ) ;
#4957 = VECTOR ( 'NONE', #4150, 1000.000000000000000 ) ;
#4958 = DIRECTION ( 'NONE',  ( 1.000000000000000000, 0.0000000000000000000, 0.0000000000000000000 ) ) ;
#4959 = ORIENTED_EDGE ( 'NONE', *, *, #5918, .T. ) ;
#4960 = CIRCLE ( 'NONE', #731, 0.2220097270125543400 ) ;
#4961 = CARTESIAN_POINT ( 'NONE',  ( 2.502990272987425600, 0.4779902729874362900, 2.152499999999999900 ) ) ;
#4962 = EDGE_CURVE ( 'NONE', #5005, #7013, #3362, .T. ) ;
#4963 = AXIS2_PLACEMENT_3D ( 'NONE', #1838, #1806, #3558 ) ;
#4964 = DIRECTION ( 'NONE',  ( -0.0000000000000000000, -0.0000000000000000000, -1.000000000000000000 ) ) ;
#4965 = VECTOR ( 'NONE', #244, 1000.000000000000000 ) ;
#4966 = EDGE_LOOP ( 'NONE', ( #4362, #5127, #4313, #734 ) ) ;
#4967 = DIRECTION ( 'NONE',  ( -0.0000000000000000000, -0.0000000000000000000, -1.000000000000000000 ) ) ;
#4968 = LINE ( 'NONE', #4478, #3615 ) ;
#4969 = CARTESIAN_POINT ( 'NONE',  ( -2.502990272987425600, 0.4779902729874362900, 0.2024999999999995700 ) ) ;
#4970 = ORIENTED_EDGE ( 'NONE', *, *, #944, .T. ) ;
#4971 = CARTESIAN_POINT ( 'NONE',  ( -2.797009727012554200, 0.2500000000000000000, -2.397500000000000400 ) ) ;
#4972 = CARTESIAN_POINT ( 'NONE',  ( 2.502990272987425600, 0.4779902729874362900, 2.397500000000000000 ) ) ;
#4973 = EDGE_CURVE ( 'NONE', #3188, #6339, #1304, .T. ) ;
#4974 = VECTOR ( 'NONE', #5669, 1000.000000000000000 ) ;
#4975 = DIRECTION ( 'NONE',  ( 0.06975647374411851600, -0.9975640502598247500, 0.0000000000000000000 ) ) ;
#4976 = LINE ( 'NONE', #2681, #2193 ) ;
#4977 = ORIENTED_EDGE ( 'NONE', *, *, #3471, .T. ) ;
#4978 = MECHANICAL_DESIGN_GEOMETRIC_PRESENTATION_REPRESENTATION (  '', ( #83 ), #5082 ) ;
#4979 = ORIENTED_EDGE ( 'NONE', *, *, #1943, .F. ) ;
#4980 = CARTESIAN_POINT ( 'NONE',  ( -2.200000000000001100, 0.5500000000000105900, 0.2024999999999995700 ) ) ;
#4981 = ADVANCED_FACE ( 'NONE', ( #1393 ), #6439, .F. ) ;
#4982 = CARTESIAN_POINT ( 'NONE',  ( -2.575000000000000200, 0.2500000000000000000, -0.2025000000000004300 ) ) ;
#4983 = PRESENTATION_STYLE_ASSIGNMENT (( #1684 ) ) ;
#4984 = VECTOR ( 'NONE', #2277, 1000.000000000000000 ) ;
#4985 = VERTEX_POINT ( 'NONE', #4681 ) ;
#4986 = DIRECTION ( 'NONE',  ( -1.000000000000000000, 0.0000000000000000000, 0.0000000000000000000 ) ) ;
#4987 = EDGE_CURVE ( 'NONE', #7269, #3230, #5433, .T. ) ;
#4988 = CARTESIAN_POINT ( 'NONE',  ( -2.200000000000001100, 0.5500000000000105900, 1.502499999999999500 ) ) ;
#4989 = CARTESIAN_POINT ( 'NONE',  ( 2.791986582380880500, 0.1781656850632321000, 1.747499999999999400 ) ) ;
#4990 = MECHANICAL_DESIGN_GEOMETRIC_PRESENTATION_REPRESENTATION (  '', ( #6921 ), #3304 ) ;
#4991 = FACE_OUTER_BOUND ( 'NONE', #2268, .T. ) ;
#4992 = DIRECTION ( 'NONE',  ( -0.0000000000000000000, 0.0000000000000000000, -1.000000000000000000 ) ) ;
#4993 = ORIENTED_EDGE ( 'NONE', *, *, #799, .F. ) ;
#4994 = ORIENTED_EDGE ( 'NONE', *, *, #5562, .T. ) ;
#4995 = CARTESIAN_POINT ( 'NONE',  ( 2.502990272987425600, 0.4779902729874362900, -0.2025000000000004300 ) ) ;
#4996 = DIRECTION ( 'NONE',  ( 0.0000000000000000000, 1.000000000000000000, 0.0000000000000000000 ) ) ;
#4997 = LINE ( 'NONE', #4601, #6622 ) ;
#4998 = DIRECTION ( 'NONE',  ( -0.06975647374411934900, 0.9975640502598246400, 0.0000000000000000000 ) ) ;
#4999 = CARTESIAN_POINT ( 'NONE',  ( -2.781523111319264400, 0.02853107752427832800, -0.2025000000000004300 ) ) ;
#5000 = VECTOR ( 'NONE', #3088, 1000.000000000000000 ) ;
#5001 = VERTEX_POINT ( 'NONE', #1331 ) ;
#5002 = AXIS2_PLACEMENT_3D ( 'NONE', #7202, #6729, #3271 ) ;
#5003 = DIRECTION ( 'NONE',  ( 0.0000000000000000000, -1.000000000000000000, 0.0000000000000000000 ) ) ;
#5004 = LINE ( 'NONE', #3665, #2219 ) ;
#5005 = VERTEX_POINT ( 'NONE', #7052 ) ;
#5006 = FACE_OUTER_BOUND ( 'NONE', #5270, .T. ) ;
#5007 = VERTEX_POINT ( 'NONE', #3626 ) ;
#5008 = DIRECTION ( 'NONE',  ( 0.0000000000000000000, -0.0000000000000000000, -1.000000000000000000 ) ) ;
#5009 = EDGE_CURVE ( 'NONE', #208, #5085, #1571, .T. ) ;
#5010 = CARTESIAN_POINT ( 'NONE',  ( -2.200000000000001100, 0.6999999999999905200, -2.152500000000000300 ) ) ;
#5011 = CIRCLE ( 'NONE', #6581, 0.07200972701257388200 ) ;
#5012 = DIRECTION ( 'NONE',  ( 1.000000000000000000, 0.0000000000000000000, -0.0000000000000000000 ) ) ;
#5013 = ORIENTED_EDGE ( 'NONE', *, *, #135, .T. ) ;
#5014 = LINE ( 'NONE', #3997, #4458 ) ;
#5015 = EDGE_LOOP ( 'NONE', ( #3047, #3241, #3589, #1104 ) ) ;
#5016 = ORIENTED_EDGE ( 'NONE', *, *, #5239, .F. ) ;
#5017 = DIRECTION ( 'NONE',  ( -1.000000000000000000, 0.0000000000000000000, 0.0000000000000000000 ) ) ;
#5018 = CARTESIAN_POINT ( 'NONE',  ( -2.724999999999980500, 0.2500000000000000000, -0.8525000000000003700 ) ) ;
#5019 = ADVANCED_FACE ( 'NONE', ( #1223 ), #1488, .F. ) ;
#5020 = SURFACE_STYLE_USAGE ( .BOTH. , #5600 ) ;
#5021 = EDGE_CURVE ( 'NONE', #5048, #3507, #5894, .T. ) ;
#5022 = VECTOR ( 'NONE', #4283, 1000.000000000000000 ) ;
#5023 = ORIENTED_EDGE ( 'NONE', *, *, #2178, .T. ) ;
#5024 = DIRECTION ( 'NONE',  ( 0.0000000000000000000, 1.000000000000000000, 0.0000000000000000000 ) ) ;
#5025 = DIRECTION ( 'NONE',  ( -0.0000000000000000000, -1.000000000000000000, -0.0000000000000000000 ) ) ;
#5026 = AXIS2_PLACEMENT_3D ( 'NONE', #2051, #6674, #929 ) ;
#5027 =( NAMED_UNIT ( * ) PLANE_ANGLE_UNIT ( ) SI_UNIT ( $, .RADIAN. ) );
#5028 = ORIENTED_EDGE ( 'NONE', *, *, #1001, .T. ) ;
#5029 = DIRECTION ( 'NONE',  ( -0.0000000000000000000, -0.0000000000000000000, -1.000000000000000000 ) ) ;
#5030 = CARTESIAN_POINT ( 'NONE',  ( -2.791986582380880500, 0.1781656850632323000, -0.2025000000000004300 ) ) ;
#5031 = EDGE_CURVE ( 'NONE', #4819, #3998, #1755, .T. ) ;
#5032 = CARTESIAN_POINT ( 'NONE',  ( -2.502990272987425600, 0.6999999999999905200, 0.2024999999999995700 ) ) ;
#5033 = CARTESIAN_POINT ( 'NONE',  ( 2.575000000000000200, 0.2500000000000000000, 1.747499999999999400 ) ) ;
#5034 = ORIENTED_EDGE ( 'NONE', *, *, #809, .F. ) ;
#5035 = ORIENTED_EDGE ( 'NONE', *, *, #1548, .F. ) ;
#5036 = CARTESIAN_POINT ( 'NONE',  ( -2.502990272987425600, 0.5500000000000105900, -0.8525000000000003700 ) ) ;
#5037 = CARTESIAN_POINT ( 'NONE',  ( -2.781523111319264400, 0.02853107752427832800, -1.502500000000000400 ) ) ;
#5038 = PLANE ( 'NONE',  #5566 ) ;
#5039 = ORIENTED_EDGE ( 'NONE', *, *, #5031, .F. ) ;
#5040 = ORIENTED_EDGE ( 'NONE', *, *, #2480, .F. ) ;
#5041 = EDGE_LOOP ( 'NONE', ( #4426, #6299, #5802, #6809 ) ) ;
#5042 = LINE ( 'NONE', #44, #3599 ) ;
#5043 = SURFACE_SIDE_STYLE ('',( #2294 ) ) ;
#5044 = CARTESIAN_POINT ( 'NONE',  ( 3.189536528938383700, -3.794707603699265500E-016, 1.747499999999999400 ) ) ;
#5045 = UNCERTAINTY_MEASURE_WITH_UNIT (LENGTH_MEASURE( 1.000000000000000100E-005 ), #6784, 'distance_accuracy_value', 'NONE');
#5046 = DIRECTION ( 'NONE',  ( 0.0000000000000000000, 0.0000000000000000000, 1.000000000000000000 ) ) ;
#5047 = VERTEX_POINT ( 'NONE', #714 ) ;
#5048 = VERTEX_POINT ( 'NONE', #7152 ) ;
#5049 = CARTESIAN_POINT ( 'NONE',  ( 2.575000000000000200, 0.2500000000000000000, -1.747500000000000300 ) ) ;
#5050 =( NAMED_UNIT ( * ) PLANE_ANGLE_UNIT ( ) SI_UNIT ( $, .RADIAN. ) );
#5051 = EDGE_CURVE ( 'NONE', #6307, #4657, #3971, .T. ) ;
#5052 = EDGE_CURVE ( 'NONE', #1259, #4322, #6605, .T. ) ;
#5053 = PLANE ( 'NONE',  #4492 ) ;
#5054 = DIRECTION ( 'NONE',  ( 0.9975640502598246400, -0.06975647374411936300, -0.0000000000000000000 ) ) ;
#5055 = AXIS2_PLACEMENT_3D ( 'NONE', #6926, #2375, #7465 ) ;
#5056 = LINE ( 'NONE', #4051, #2443 ) ;
#5057 = VERTEX_POINT ( 'NONE', #860 ) ;
#5058 = ADVANCED_FACE ( 'NONE', ( #1656 ), #6072, .T. ) ;
#5059 = LINE ( 'NONE', #2555, #6146 ) ;
#5060 = VECTOR ( 'NONE', #6510, 1000.000000000000000 ) ;
#5061 = PLANE ( 'NONE',  #5432 ) ;
#5062 = CARTESIAN_POINT ( 'NONE',  ( -3.189536528938383700, -3.794707603699265500E-016, 2.397500000000000000 ) ) ;
#5063 = VECTOR ( 'NONE', #5753, 1000.000000000000000 ) ;
#5064 = DIRECTION ( 'NONE',  ( -0.0000000000000000000, -1.000000000000000000, -0.0000000000000000000 ) ) ;
#5065 = EDGE_CURVE ( 'NONE', #5668, #3772, #3884, .T. ) ;
#5066 = DIRECTION ( 'NONE',  ( 0.0000000000000000000, -1.000000000000000000, 0.0000000000000000000 ) ) ;
#5067 = PRESENTATION_LAYER_ASSIGNMENT (  '', '', ( #2233 ) ) ;
#5068 = EDGE_LOOP ( 'NONE', ( #4909, #1936, #1169, #4241 ) ) ;
#5069 = CARTESIAN_POINT ( 'NONE',  ( 2.797009727012554200, 0.2500000000000000000, 0.4474999999999995600 ) ) ;
#5070 = EDGE_LOOP ( 'NONE', ( #1721, #1741, #3655, #3293 ) ) ;
#5071 = FILL_AREA_STYLE_COLOUR ( '', #4888 ) ;
#5072 = LINE ( 'NONE', #7276, #4339 ) ;
#5073 = LINE ( 'NONE', #1693, #1659 ) ;
#5074 = VERTEX_POINT ( 'NONE', #5986 ) ;
#5075 = CARTESIAN_POINT ( 'NONE',  ( 2.147339000965041000, 1.100000000000000100, -2.499999999999998200 ) ) ;
#5076 = EDGE_LOOP ( 'NONE', ( #4378, #4754, #7282, #4668 ) ) ;
#5077 = EDGE_CURVE ( 'NONE', #4039, #447, #5988, .T. ) ;
#5078 = EDGE_CURVE ( 'NONE', #3772, #394, #1048, .T. ) ;
#5079 = FACE_OUTER_BOUND ( 'NONE', #19, .T. ) ;
#5080 = DIRECTION ( 'NONE',  ( -0.0000000000000000000, -0.0000000000000000000, -1.000000000000000000 ) ) ;
#5081 = ORIENTED_EDGE ( 'NONE', *, *, #556, .T. ) ;
#5082 =( GEOMETRIC_REPRESENTATION_CONTEXT ( 3 ) GLOBAL_UNCERTAINTY_ASSIGNED_CONTEXT ( ( #2604 ) ) GLOBAL_UNIT_ASSIGNED_CONTEXT ( ( #4562, #5050, #1615 ) ) REPRESENTATION_CONTEXT ( 'NONE', 'WORKASPACE' ) );
#5083 = DIRECTION ( 'NONE',  ( 0.06975647374411934900, 0.9975640502598246400, -0.0000000000000000000 ) ) ;
#5084 = LINE ( 'NONE', #71, #334 ) ;
#5085 = VERTEX_POINT ( 'NONE', #5418 ) ;
#5086 = CARTESIAN_POINT ( 'NONE',  ( 2.797009727012554200, 0.2500000000000000000, -0.2025000000000004300 ) ) ;
#5087 = ORIENTED_EDGE ( 'NONE', *, *, #1548, .T. ) ;
#5088 = CARTESIAN_POINT ( 'NONE',  ( 2.502990272987425600, 0.5500000000000105900, -2.397500000000000400 ) ) ;
#5089 = CIRCLE ( 'NONE', #4830, 0.2220097270125543400 ) ;
#5090 = EDGE_CURVE ( 'NONE', #6116, #4318, #7327, .T. ) ;
#5091 = LINE ( 'NONE', #4676, #3553 ) ;
#5092 = ORIENTED_EDGE ( 'NONE', *, *, #3215, .F. ) ;
#5093 = DIRECTION ( 'NONE',  ( -0.0000000000000000000, -0.0000000000000000000, -1.000000000000000000 ) ) ;
#5094 = AXIS2_PLACEMENT_3D ( 'NONE', #4419, #2694, #3196 ) ;
#5095 = VECTOR ( 'NONE', #6150, 1000.000000000000000 ) ;
#5096 = CIRCLE ( 'NONE', #5996, 0.2220097270125543400 ) ;
#5097 = ORIENTED_EDGE ( 'NONE', *, *, #2851, .T. ) ;
#5098 = ADVANCED_FACE ( 'NONE', ( #505 ), #4271, .T. ) ;
#5099 = DIRECTION ( 'NONE',  ( -0.0000000000000000000, -0.0000000000000000000, -1.000000000000000000 ) ) ;
#5100 = CARTESIAN_POINT ( 'NONE',  ( 2.797009727012554200, 0.2500000000000000000, 0.8524999999999994800 ) ) ;
#5101 = CARTESIAN_POINT ( 'NONE',  ( -2.200000000000001100, 0.6999999999999905200, 2.152499999999999900 ) ) ;
#5102 = CARTESIAN_POINT ( 'NONE',  ( 2.502990272987425600, 0.5500000000000105900, -1.502500000000000400 ) ) ;
#5103 = FACE_OUTER_BOUND ( 'NONE', #5394, .T. ) ;
#5104 = ORIENTED_EDGE ( 'NONE', *, *, #3508, .T. ) ;
#5105 = AXIS2_PLACEMENT_3D ( 'NONE', #4707, #4632, #129 ) ;
#5106 = FACE_OUTER_BOUND ( 'NONE', #4199, .T. ) ;
#5107 = ORIENTED_EDGE ( 'NONE', *, *, #828, .T. ) ;
#5108 = CARTESIAN_POINT ( 'NONE',  ( 2.575000000000000200, 0.4779902729874362900, 1.747499999999999400 ) ) ;
#5109 = ADVANCED_FACE ( 'NONE', ( #3082 ), #3646, .T. ) ;
#5110 = PLANE ( 'NONE',  #3455 ) ;
#5111 = DIRECTION ( 'NONE',  ( -1.000000000000000000, 0.0000000000000000000, 0.0000000000000000000 ) ) ;
#5112 = CYLINDRICAL_SURFACE ( 'NONE', #813, 0.07200972701257432600 ) ;
#5113 = CLOSED_SHELL ( 'NONE', ( #4053, #4744, #2011, #3803, #52, #7130, #3944, #5137, #1637, #5871, #5797, #7361, #4665, #6799 ) ) ;
#5114 = LINE ( 'NONE', #5876, #4377 ) ;
#5115 = ORIENTED_EDGE ( 'NONE', *, *, #5653, .F. ) ;
#5116 = EDGE_CURVE ( 'NONE', #1914, #5383, #7228, .T. ) ;
#5117 = AXIS2_PLACEMENT_3D ( 'NONE', #3919, #5783, #5148 ) ;
#5118 = PLANE ( 'NONE',  #90 ) ;
#5119 =( LENGTH_UNIT ( ) NAMED_UNIT ( * ) SI_UNIT ( .MILLI., .METRE. ) );
#5120 = DIRECTION ( 'NONE',  ( -0.06975647374411825300, -0.9975640502598247500, 0.0000000000000000000 ) ) ;
#5121 = LINE ( 'NONE', #6078, #4293 ) ;
#5122 = ORIENTED_EDGE ( 'NONE', *, *, #6479, .T. ) ;
#5123 = DIRECTION ( 'NONE',  ( -1.000000000000000000, 0.0000000000000000000, 0.0000000000000000000 ) ) ;
#5124 = EDGE_CURVE ( 'NONE', #5235, #5803, #5521, .T. ) ;
#5125 = DIRECTION ( 'NONE',  ( -0.0000000000000000000, -0.0000000000000000000, -1.000000000000000000 ) ) ;
#5126 = FILL_AREA_STYLE_COLOUR ( '', #3792 ) ;
#5127 = ORIENTED_EDGE ( 'NONE', *, *, #6836, .F. ) ;
#5128 = ORIENTED_EDGE ( 'NONE', *, *, #1856, .F. ) ;
#5129 = AXIS2_PLACEMENT_3D ( 'NONE', #1852, #1873, #1820 ) ;
#5130 = CARTESIAN_POINT ( 'NONE',  ( -2.502990272987425600, 0.5500000000000105900, 2.397500000000000000 ) ) ;
#5131 = DIRECTION ( 'NONE',  ( -1.000000000000000000, 0.0000000000000000000, 0.0000000000000000000 ) ) ;
#5132 = ORIENTED_EDGE ( 'NONE', *, *, #4290, .F. ) ;
#5133 = VERTEX_POINT ( 'NONE', #6555 ) ;
#5134 = ORIENTED_EDGE ( 'NONE', *, *, #327, .F. ) ;
#5135 = EDGE_CURVE ( 'NONE', #1024, #823, #136, .T. ) ;
#5136 = COLOUR_RGB ( '',0.7921568627450980000, 0.8196078431372548800, 0.9333333333333333500 ) ;
#5137 = ADVANCED_FACE ( 'NONE', ( #4519 ), #3172, .F. ) ;
#5138 = DIRECTION ( 'NONE',  ( -1.000000000000000000, 0.0000000000000000000, 0.0000000000000000000 ) ) ;
#5139 = AXIS2_PLACEMENT_3D ( 'NONE', #6795, #1140, #6334 ) ;
#5140 = ORIENTED_EDGE ( 'NONE', *, *, #3509, .T. ) ;
#5141 = CARTESIAN_POINT ( 'NONE',  ( -2.791986582380880500, 0.1781656850632321000, -0.8525000000000003700 ) ) ;
#5142 = EDGE_LOOP ( 'NONE', ( #4224, #4089, #3248, #2133 ) ) ;
#5143 = CARTESIAN_POINT ( 'NONE',  ( -2.797009727012554200, 0.2500000000000000000, 0.8524999999999994800 ) ) ;
#5144 = ORIENTED_EDGE ( 'NONE', *, *, #2342, .F. ) ;
#5145 = CARTESIAN_POINT ( 'NONE',  ( -2.200000000000001100, 0.5500000000000105900, 2.397500000000000000 ) ) ;
#5146 = FACE_OUTER_BOUND ( 'NONE', #5238, .T. ) ;
#5147 = DIRECTION ( 'NONE',  ( 0.0000000000000000000, 0.0000000000000000000, 1.000000000000000000 ) ) ;
#5148 = DIRECTION ( 'NONE',  ( 1.000000000000000000, 0.0000000000000000000, 0.0000000000000000000 ) ) ;
#5149 = ORIENTED_EDGE ( 'NONE', *, *, #4386, .F. ) ;
#5150 = LINE ( 'NONE', #2368, #498 ) ;
#5151 = EDGE_LOOP ( 'NONE', ( #6937, #7443, #177, #6267 ) ) ;
#5152 = AXIS2_PLACEMENT_3D ( 'NONE', #5243, #4645, #6380 ) ;
#5153 = CARTESIAN_POINT ( 'NONE',  ( -2.797009727012554200, 0.2500000000000000000, -2.397500000000000400 ) ) ;
#5154 = LINE ( 'NONE', #1890, #4413 ) ;
#5155 = VECTOR ( 'NONE', #6269, 1000.000000000000000 ) ;
#5156 = VECTOR ( 'NONE', #5657, 1000.000000000000000 ) ;
#5157 = EDGE_CURVE ( 'NONE', #6006, #4434, #5808, .T. ) ;
#5158 = ORIENTED_EDGE ( 'NONE', *, *, #4715, .F. ) ;
#5159 = AXIS2_PLACEMENT_3D ( 'NONE', #3453, #1202, #2889 ) ;
#5160 = DIRECTION ( 'NONE',  ( -1.000000000000000000, 0.0000000000000000000, 0.0000000000000000000 ) ) ;
#5161 = DIRECTION ( 'NONE',  ( -0.0000000000000000000, -0.0000000000000000000, -1.000000000000000000 ) ) ;
#5162 = VECTOR ( 'NONE', #4594, 1000.000000000000000 ) ;
#5163 = ORIENTED_EDGE ( 'NONE', *, *, #237, .T. ) ;
#5164 = VERTEX_POINT ( 'NONE', #5395 ) ;
#5165 = DIRECTION ( 'NONE',  ( -0.0000000000000000000, -0.0000000000000000000, -1.000000000000000000 ) ) ;
#5166 = CARTESIAN_POINT ( 'NONE',  ( 2.200000000000001100, 0.5500000000000105900, 1.747499999999999400 ) ) ;
#5167 = CARTESIAN_POINT ( 'NONE',  ( 2.200000000000001100, 0.5500000000000105900, 0.4474999999999995600 ) ) ;
#5168 = EDGE_CURVE ( 'NONE', #1759, #5057, #2999, .T. ) ;
#5169 = LINE ( 'NONE', #7339, #3267 ) ;
#5170 = ORIENTED_EDGE ( 'NONE', *, *, #2436, .T. ) ;
#5171 = VECTOR ( 'NONE', #4309, 1000.000000000000000 ) ;
#5172 = ORIENTED_EDGE ( 'NONE', *, *, #4436, .F. ) ;
#5173 = ADVANCED_FACE ( 'NONE', ( #7421 ), #6676, .F. ) ;
#5174 = DIRECTION ( 'NONE',  ( 0.0000000000000000000, 0.0000000000000000000, 1.000000000000000000 ) ) ;
#5175 = VECTOR ( 'NONE', #4375, 1000.000000000000000 ) ;
#5176 =( LENGTH_UNIT ( ) NAMED_UNIT ( * ) SI_UNIT ( .MILLI., .METRE. ) );
#5177 = CARTESIAN_POINT ( 'NONE',  ( 2.575000000000000200, 0.2500000000000000000, 1.747499999999999400 ) ) ;
#5178 = CARTESIAN_POINT ( 'NONE',  ( -2.781523111319264400, 0.02853107752427832800, 1.502499999999999500 ) ) ;
#5179 = LINE ( 'NONE', #1688, #6173 ) ;
#5180 = ORIENTED_EDGE ( 'NONE', *, *, #4489, .F. ) ;
#5181 = EDGE_CURVE ( 'NONE', #6970, #820, #2199, .T. ) ;
#5182 = CARTESIAN_POINT ( 'NONE',  ( 2.575000000000000200, 0.2500000000000000000, 2.397500000000000000 ) ) ;
#5183 = ADVANCED_FACE ( 'NONE', ( #4701 ), #2622, .T. ) ;
#5184 = AXIS2_PLACEMENT_3D ( 'NONE', #2006, #2081, #4881 ) ;
#5185 = VECTOR ( 'NONE', #3978, 1000.000000000000000 ) ;
#5186 = CARTESIAN_POINT ( 'NONE',  ( 2.502990272987425600, 0.6999999999999905200, 0.8524999999999994800 ) ) ;
#5187 = VECTOR ( 'NONE', #6596, 1000.000000000000000 ) ;
#5188 = ORIENTED_EDGE ( 'NONE', *, *, #4366, .F. ) ;
#5189 = DIRECTION ( 'NONE',  ( 0.06975647374411934900, 0.9975640502598246400, -0.0000000000000000000 ) ) ;
#5190 = CARTESIAN_POINT ( 'NONE',  ( 2.502990272987425600, 0.5500000000000105900, -0.8525000000000003700 ) ) ;
#5191 = VECTOR ( 'NONE', #1302, 1000.000000000000000 ) ;
#5192 = DIRECTION ( 'NONE',  ( 1.000000000000000000, 0.0000000000000000000, 0.0000000000000000000 ) ) ;
#5193 = PLANE ( 'NONE',  #3086 ) ;
#5194 = FACE_OUTER_BOUND ( 'NONE', #2024, .T. ) ;
#5195 = ORIENTED_EDGE ( 'NONE', *, *, #2617, .F. ) ;
#5196 = AXIS2_PLACEMENT_3D ( 'NONE', #7176, #3145, #4797 ) ;
#5197 = CARTESIAN_POINT ( 'NONE',  ( 2.502990272987425600, 0.4779902729874362900, -1.747500000000000300 ) ) ;
#5198 = FACE_OUTER_BOUND ( 'NONE', #303, .T. ) ;
#5199 = VECTOR ( 'NONE', #6215, 1000.000000000000000 ) ;
#5200 = VERTEX_POINT ( 'NONE', #7332 ) ;
#5201 = DIRECTION ( 'NONE',  ( 0.0000000000000000000, 0.0000000000000000000, 1.000000000000000000 ) ) ;
#5202 = EDGE_LOOP ( 'NONE', ( #6164, #658, #1723, #5283 ) ) ;
#5203 = DIRECTION ( 'NONE',  ( -0.0000000000000000000, -0.0000000000000000000, -1.000000000000000000 ) ) ;
#5204 = EDGE_CURVE ( 'NONE', #7080, #6012, #687, .T. ) ;
#5205 = DIRECTION ( 'NONE',  ( 0.9975640502598246400, 0.06975647374411936300, 0.0000000000000000000 ) ) ;
#5206 = EDGE_CURVE ( 'NONE', #3221, #3157, #4246, .T. ) ;
#5207 =( GEOMETRIC_REPRESENTATION_CONTEXT ( 3 ) GLOBAL_UNCERTAINTY_ASSIGNED_CONTEXT ( ( #3698 ) ) GLOBAL_UNIT_ASSIGNED_CONTEXT ( ( #4623, #6381, #6871 ) ) REPRESENTATION_CONTEXT ( 'NONE', 'WORKASPACE' ) );
#5208 = VECTOR ( 'NONE', #1441, 1000.000000000000000 ) ;
#5209 = VERTEX_POINT ( 'NONE', #6705 ) ;
#5210 = DIRECTION ( 'NONE',  ( 1.000000000000000000, 0.0000000000000000000, -0.0000000000000000000 ) ) ;
#5211 = CARTESIAN_POINT ( 'NONE',  ( 2.502990272987425600, 0.5500000000000105900, -1.502500000000000400 ) ) ;
#5212 = ADVANCED_FACE ( 'NONE', ( #6786 ), #6966, .F. ) ;
#5213 = CARTESIAN_POINT ( 'NONE',  ( -2.797009727012554200, 0.2500000000000000000, 0.4474999999999995600 ) ) ;
#5214 = EDGE_CURVE ( 'NONE', #339, #6851, #6167, .T. ) ;
#5215 = MECHANICAL_DESIGN_GEOMETRIC_PRESENTATION_REPRESENTATION (  '', ( #4177 ), #5497 ) ;
#5216 = LINE ( 'NONE', #4083, #2162 ) ;
#5217 = ORIENTED_EDGE ( 'NONE', *, *, #7305, .T. ) ;
#5218 = DIRECTION ( 'NONE',  ( 0.0000000000000000000, 0.0000000000000000000, -1.000000000000000000 ) ) ;
#5219 = CARTESIAN_POINT ( 'NONE',  ( 2.575000000000000200, 0.2500000000000000000, -0.2025000000000004300 ) ) ;
#5220 = PLANE ( 'NONE',  #3486 ) ;
#5221 = PLANE ( 'NONE',  #1885 ) ;
#5222 = ORIENTED_EDGE ( 'NONE', *, *, #1241, .T. ) ;
#5223 = ADVANCED_FACE ( 'NONE', ( #6433 ), #2818, .F. ) ;
#5224 = VERTEX_POINT ( 'NONE', #2080 ) ;
#5225 = EDGE_LOOP ( 'NONE', ( #5709, #2031, #5581, #2528 ) ) ;
#5226 = LINE ( 'NONE', #2063, #2521 ) ;
#5227 = EDGE_CURVE ( 'NONE', #6645, #6339, #5257, .T. ) ;
#5228 = EDGE_CURVE ( 'NONE', #6307, #2813, #5072, .T. ) ;
#5229 = DIRECTION ( 'NONE',  ( 0.06975647374411851600, -0.9975640502598247500, 0.0000000000000000000 ) ) ;
#5230 = DIRECTION ( 'NONE',  ( -0.9975640502598247500, -0.06975647374411825300, 0.0000000000000000000 ) ) ;
#5231 = ORIENTED_EDGE ( 'NONE', *, *, #2900, .F. ) ;
#5232 = AXIS2_PLACEMENT_3D ( 'NONE', #465, #2729, #4380 ) ;
#5233 = CARTESIAN_POINT ( 'NONE',  ( -2.575000000000000200, 0.2500000000000000000, -2.152500000000000300 ) ) ;
#5234 = ORIENTED_EDGE ( 'NONE', *, *, #6387, .F. ) ;
#5235 = VERTEX_POINT ( 'NONE', #3270 ) ;
#5236 = LINE ( 'NONE', #6708, #6408 ) ;
#5237 = CARTESIAN_POINT ( 'NONE',  ( 2.200000000000001100, 0.5500000000000105900, 2.500000000000001800 ) ) ;
#5238 = EDGE_LOOP ( 'NONE', ( #2297, #6451, #236, #6717 ) ) ;
#5239 = EDGE_CURVE ( 'NONE', #7088, #3596, #4147, .T. ) ;
#5240 = EDGE_LOOP ( 'NONE', ( #4503, #5498, #1064, #2085 ) ) ;
#5241 = CYLINDRICAL_SURFACE ( 'NONE', #2222, 0.07200972701257388200 ) ;
#5242 = AXIS2_PLACEMENT_3D ( 'NONE', #7354, #1595, #6202 ) ;
#5243 = CARTESIAN_POINT ( 'NONE',  ( 2.791986582380880500, 0.1781656850632321000, -1.502500000000000400 ) ) ;
#5244 = CARTESIAN_POINT ( 'NONE',  ( -2.502990272987425600, 0.5500000000000105900, 2.152499999999999900 ) ) ;
#5245 = VECTOR ( 'NONE', #2631, 1000.000000000000000 ) ;
#5246 = DIRECTION ( 'NONE',  ( -0.06975647374411851600, 0.9975640502598247500, 0.0000000000000000000 ) ) ;
#5247 = ORIENTED_EDGE ( 'NONE', *, *, #5009, .F. ) ;
#5248 = CIRCLE ( 'NONE', #3311, 0.07200972701257388200 ) ;
#5249 = VECTOR ( 'NONE', #1763, 1000.000000000000000 ) ;
#5250 = ADVANCED_FACE ( 'NONE', ( #2019 ), #986, .F. ) ;
#5251 = AXIS2_PLACEMENT_3D ( 'NONE', #4379, #369, #2565 ) ;
#5252 = LINE ( 'NONE', #5723, #6867 ) ;
#5253 =( LENGTH_UNIT ( ) NAMED_UNIT ( * ) SI_UNIT ( .MILLI., .METRE. ) );
#5254 = EDGE_LOOP ( 'NONE', ( #4032, #1966, #4245, #1276 ) ) ;
#5255 = DIRECTION ( 'NONE',  ( 0.0000000000000000000, 1.000000000000000000, 0.0000000000000000000 ) ) ;
#5256 = ORIENTED_EDGE ( 'NONE', *, *, #416, .T. ) ;
#5257 = CIRCLE ( 'NONE', #6403, 0.2220097270125543400 ) ;
#5258 = DIRECTION ( 'NONE',  ( -0.0000000000000000000, 0.0000000000000000000, -1.000000000000000000 ) ) ;
#5259 = ADVANCED_FACE ( 'NONE', ( #3536 ), #3835, .F. ) ;
#5260 = EDGE_CURVE ( 'NONE', #5673, #1683, #2634, .T. ) ;
#5261 = LINE ( 'NONE', #5717, #1389 ) ;
#5262 = ORIENTED_EDGE ( 'NONE', *, *, #4025, .F. ) ;
#5263 = CARTESIAN_POINT ( 'NONE',  ( -2.502990272987425600, 0.4779902729874362900, 2.397500000000000000 ) ) ;
#5264 = ORIENTED_EDGE ( 'NONE', *, *, #4042, .T. ) ;
#5265 = EDGE_LOOP ( 'NONE', ( #4861, #4082, #4493, #2336 ) ) ;
#5266 = CARTESIAN_POINT ( 'NONE',  ( 2.797009727012554200, 0.2500000000000000000, -2.152500000000000300 ) ) ;
#5267 = VECTOR ( 'NONE', #6189, 1000.000000000000000 ) ;
#5268 = CARTESIAN_POINT ( 'NONE',  ( -3.189536528938383700, -3.794707603699265500E-016, -2.152500000000000300 ) ) ;
#5269 = LINE ( 'NONE', #5145, #3373 ) ;
#5270 = EDGE_LOOP ( 'NONE', ( #2169, #5132, #6964, #3783 ) ) ;
#5271 = DIRECTION ( 'NONE',  ( 0.0000000000000000000, 1.000000000000000000, 0.0000000000000000000 ) ) ;
#5272 = ORIENTED_EDGE ( 'NONE', *, *, #1035, .T. ) ;
#5273 = EDGE_CURVE ( 'NONE', #919, #6195, #3174, .T. ) ;
#5274 = CARTESIAN_POINT ( 'NONE',  ( 2.200000000000001100, 0.5500000000000105900, -0.8525000000000003700 ) ) ;
#5275 = DIRECTION ( 'NONE',  ( 1.000000000000000000, 0.0000000000000000000, 0.0000000000000000000 ) ) ;
#5276 = CIRCLE ( 'NONE', #6448, 0.07200972701257432600 ) ;
#5277 = AXIS2_PLACEMENT_3D ( 'NONE', #2426, #7046, #754 ) ;
#5278 = FACE_OUTER_BOUND ( 'NONE', #5586, .T. ) ;
#5279 = ORIENTED_EDGE ( 'NONE', *, *, #7237, .T. ) ;
#5280 = PLANE ( 'NONE',  #2493 ) ;
#5281 = EDGE_CURVE ( 'NONE', #3012, #27, #7047, .T. ) ;
#5282 = VECTOR ( 'NONE', #4911, 1000.000000000000000 ) ;
#5283 = ORIENTED_EDGE ( 'NONE', *, *, #5052, .T. ) ;
#5284 = AXIS2_PLACEMENT_3D ( 'NONE', #3265, #3830, #428 ) ;
#5285 = DIRECTION ( 'NONE',  ( -0.0000000000000000000, -0.0000000000000000000, -1.000000000000000000 ) ) ;
#5286 = LINE ( 'NONE', #2405, #1868 ) ;
#5287 = DIRECTION ( 'NONE',  ( -1.000000000000000000, 0.0000000000000000000, 0.0000000000000000000 ) ) ;
#5288 = CYLINDRICAL_SURFACE ( 'NONE', #4567, 0.07200972701257388200 ) ;
#5289 = VERTEX_POINT ( 'NONE', #3937 ) ;
#5290 = CARTESIAN_POINT ( 'NONE',  ( -2.502990272987425600, 0.6999999999999905200, 1.747499999999999400 ) ) ;
#5291 = CARTESIAN_POINT ( 'NONE',  ( 2.781523111319264400, 0.02853107752427827200, 2.152499999999999900 ) ) ;
#5292 = DIRECTION ( 'NONE',  ( 0.0000000000000000000, 0.0000000000000000000, 1.000000000000000000 ) ) ;
#5293 = AXIS2_PLACEMENT_3D ( 'NONE', #3497, #7000, #7065 ) ;
#5294 = CARTESIAN_POINT ( 'NONE',  ( -2.502990272987425600, 0.4779902729874362900, 0.2024999999999995700 ) ) ;
#5295 = VECTOR ( 'NONE', #5409, 1000.000000000000000 ) ;
#5296 = VERTEX_POINT ( 'NONE', #2252 ) ;
#5297 = ADVANCED_FACE ( 'NONE', ( #862 ), #1131, .T. ) ;
#5298 = CARTESIAN_POINT ( 'NONE',  ( 2.502990272987425600, 0.6999999999999905200, 1.097499999999999500 ) ) ;
#5299 = DIRECTION ( 'NONE',  ( -0.0000000000000000000, -0.0000000000000000000, -1.000000000000000000 ) ) ;
#5300 = VECTOR ( 'NONE', #6281, 1000.000000000000000 ) ;
#5301 = ORIENTED_EDGE ( 'NONE', *, *, #2758, .F. ) ;
#5302 = EDGE_CURVE ( 'NONE', #2434, #1558, #4055, .T. ) ;
#5303 = PLANE ( 'NONE',  #619 ) ;
#5304 = AXIS2_PLACEMENT_3D ( 'NONE', #5314, #125, #1879 ) ;
#5305 = CIRCLE ( 'NONE', #2559, 0.2220097270125543400 ) ;
#5306 = VERTEX_POINT ( 'NONE', #561 ) ;
#5307 = CARTESIAN_POINT ( 'NONE',  ( 2.502990272987425600, 0.4779902729874362900, -0.8525000000000003700 ) ) ;
#5308 = DIRECTION ( 'NONE',  ( -1.000000000000000000, 0.0000000000000000000, 0.0000000000000000000 ) ) ;
#5309 = EDGE_CURVE ( 'NONE', #3987, #569, #3702, .T. ) ;
#5310 = ORIENTED_EDGE ( 'NONE', *, *, #1523, .F. ) ;
#5311 = VERTEX_POINT ( 'NONE', #2822 ) ;
#5312 = ORIENTED_EDGE ( 'NONE', *, *, #4903, .T. ) ;
#5313 = CARTESIAN_POINT ( 'NONE',  ( -2.797009727012554200, 0.2500000000000000000, -0.8525000000000003700 ) ) ;
#5314 = CARTESIAN_POINT ( 'NONE',  ( 2.797009727012554200, 0.2500000000000000000, -1.502500000000000400 ) ) ;
#5315 = ORIENTED_EDGE ( 'NONE', *, *, #4409, .T. ) ;
#5316 = EDGE_CURVE ( 'NONE', #1639, #2612, #6513, .T. ) ;
#5317 = ORIENTED_EDGE ( 'NONE', *, *, #799, .T. ) ;
#5318 = DIRECTION ( 'NONE',  ( -1.000000000000000000, 0.0000000000000000000, 1.971276677246371500E-016 ) ) ;
#5319 = EDGE_CURVE ( 'NONE', #7207, #4749, #6245, .T. ) ;
#5320 = LINE ( 'NONE', #2253, #5685 ) ;
#5321 = DIRECTION ( 'NONE',  ( 0.0000000000000000000, -0.0000000000000000000, -1.000000000000000000 ) ) ;
#5322 = DIRECTION ( 'NONE',  ( 0.0000000000000000000, 1.000000000000000000, -0.0000000000000000000 ) ) ;
#5323 = AXIS2_PLACEMENT_3D ( 'NONE', #6310, #5147, #6823 ) ;
#5324 = DIRECTION ( 'NONE',  ( -1.000000000000000000, 0.0000000000000000000, 0.0000000000000000000 ) ) ;
#5325 = ORIENTED_EDGE ( 'NONE', *, *, #2879, .T. ) ;
#5326 = VECTOR ( 'NONE', #7239, 1000.000000000000000 ) ;
#5327 = EDGE_LOOP ( 'NONE', ( #1438, #5034, #3048, #6908 ) ) ;
#5328 = LINE ( 'NONE', #2003, #938 ) ;
#5329 = ADVANCED_FACE ( 'NONE', ( #1038 ), #5118, .T. ) ;
#5330 = CARTESIAN_POINT ( 'NONE',  ( -2.791986582380880500, 0.1781656850632321000, 0.4474999999999995600 ) ) ;
#5331 = ORIENTED_EDGE ( 'NONE', *, *, #851, .F. ) ;
#5332 = CARTESIAN_POINT ( 'NONE',  ( 2.724999999999980500, 0.4779902729874362400, -0.8525000000000003700 ) ) ;
#5333 = VECTOR ( 'NONE', #503, 1000.000000000000000 ) ;
#5334 = PRESENTATION_STYLE_ASSIGNMENT (( #3947 ) ) ;
#5335 = CIRCLE ( 'NONE', #5611, 0.07200972701257388200 ) ;
#5336 = ORIENTED_EDGE ( 'NONE', *, *, #3721, .T. ) ;
#5337 = DIRECTION ( 'NONE',  ( 0.06975647374411851600, -0.9975640502598247500, 0.0000000000000000000 ) ) ;
#5338 = CARTESIAN_POINT ( 'NONE',  ( -2.575000000000000200, 0.4779902729874362900, 2.397500000000000000 ) ) ;
#5339 = DIRECTION ( 'NONE',  ( 0.06975647374411851600, -0.9975640502598247500, 0.0000000000000000000 ) ) ;
#5340 = CIRCLE ( 'NONE', #1922, 0.07200972701257388200 ) ;
#5341 = DIRECTION ( 'NONE',  ( 0.06975647374411851600, -0.9975640502598247500, 0.0000000000000000000 ) ) ;
#5342 = VECTOR ( 'NONE', #2367, 1000.000000000000000 ) ;
#5343 = VERTEX_POINT ( 'NONE', #7355 ) ;
#5344 = EDGE_CURVE ( 'NONE', #552, #2933, #2720, .T. ) ;
#5345 = ORIENTED_EDGE ( 'NONE', *, *, #4903, .F. ) ;
#5346 = EDGE_CURVE ( 'NONE', #2075, #5865, #3795, .T. ) ;
#5347 = DIRECTION ( 'NONE',  ( -0.9975640502598246400, -0.06975647374411934900, 0.0000000000000000000 ) ) ;
#5348 = AXIS2_PLACEMENT_3D ( 'NONE', #205, #6532, #4823 ) ;
#5349 = DIRECTION ( 'NONE',  ( -1.000000000000000000, 0.0000000000000000000, 0.0000000000000000000 ) ) ;
#5350 = LINE ( 'NONE', #3331, #4346 ) ;
#5351 = CARTESIAN_POINT ( 'NONE',  ( -2.111367450329968400, 1.373231053677467500, -2.411367450329965600 ) ) ;
#5352 = CARTESIAN_POINT ( 'NONE',  ( -2.200000000000001100, 0.5500000000000105900, -0.2025000000000004300 ) ) ;
#5353 = FACE_OUTER_BOUND ( 'NONE', #4384, .T. ) ;
#5354 = ORIENTED_EDGE ( 'NONE', *, *, #5052, .F. ) ;
#5355 = VERTEX_POINT ( 'NONE', #1699 ) ;
#5356 = PLANE ( 'NONE',  #7376 ) ;
#5357 = EDGE_CURVE ( 'NONE', #3041, #5502, #40, .T. ) ;
#5358 = VERTEX_POINT ( 'NONE', #6308 ) ;
#5359 = LINE ( 'NONE', #3748, #3985 ) ;
#5360 = AXIS2_PLACEMENT_3D ( 'NONE', #5683, #4582, #4508 ) ;
#5361 = CARTESIAN_POINT ( 'NONE',  ( -2.200000000000001100, 0.5500000000000105900, 1.097499999999999500 ) ) ;
#5362 = VERTEX_POINT ( 'NONE', #3349 ) ;
#5363 = CARTESIAN_POINT ( 'NONE',  ( -2.502990272987425600, 0.4779902729874362900, 1.747499999999999400 ) ) ;
#5364 = FACE_OUTER_BOUND ( 'NONE', #210, .T. ) ;
#5365 = CARTESIAN_POINT ( 'NONE',  ( -3.189536528938383700, -3.794707603699265500E-016, -2.152500000000000300 ) ) ;
#5366 = EDGE_CURVE ( 'NONE', #4231, #1261, #4777, .T. ) ;
#5367 = LINE ( 'NONE', #250, #5635 ) ;
#5368 = VERTEX_POINT ( 'NONE', #6821 ) ;
#5369 = EDGE_CURVE ( 'NONE', #1392, #7014, #4606, .T. ) ;
#5370 = CARTESIAN_POINT ( 'NONE',  ( 2.791986582380880500, 0.1781656850632321000, -2.152500000000000300 ) ) ;
#5371 = ADVANCED_FACE ( 'NONE', ( #226 ), #5061, .F. ) ;
#5372 = CARTESIAN_POINT ( 'NONE',  ( -2.200000000000001100, 0.6999999999999905200, 1.097499999999999500 ) ) ;
#5373 = FACE_OUTER_BOUND ( 'NONE', #5374, .T. ) ;
#5374 = EDGE_LOOP ( 'NONE', ( #2422, #3703, #6611, #6171 ) ) ;
#5375 = VECTOR ( 'NONE', #3444, 1000.000000000000000 ) ;
#5376 = ORIENTED_EDGE ( 'NONE', *, *, #6504, .F. ) ;
#5377 = CARTESIAN_POINT ( 'NONE',  ( 2.111367450329968400, 1.373231053677467700, 2.411367450329969600 ) ) ;
#5378 = DIRECTION ( 'NONE',  ( -0.0000000000000000000, -0.0000000000000000000, -1.000000000000000000 ) ) ;
#5379 = PLANE ( 'NONE',  #763 ) ;
#5380 = EDGE_CURVE ( 'NONE', #3987, #2445, #5252, .T. ) ;
#5381 = LINE ( 'NONE', #6205, #1425 ) ;
#5382 = VECTOR ( 'NONE', #1564, 1000.000000000000000 ) ;
#5383 = VERTEX_POINT ( 'NONE', #588 ) ;
#5384 = ORIENTED_EDGE ( 'NONE', *, *, #7181, .T. ) ;
#5385 = AXIS2_PLACEMENT_3D ( 'NONE', #4563, #1151, #3956 ) ;
#5386 = DIRECTION ( 'NONE',  ( 1.000000000000000000, 0.0000000000000000000, 0.0000000000000000000 ) ) ;
#5387 = PLANE ( 'NONE',  #507 ) ;
#5388 = LINE ( 'NONE', #3543, #7087 ) ;
#5389 = ORIENTED_EDGE ( 'NONE', *, *, #4338, .F. ) ;
#5390 = DIRECTION ( 'NONE',  ( 0.9975640502598247500, 0.06975647374411851600, -0.0000000000000000000 ) ) ;
#5391 = CARTESIAN_POINT ( 'NONE',  ( 3.189536528938383700, -3.794707603699265500E-016, -2.152500000000000300 ) ) ;
#5392 = DIRECTION ( 'NONE',  ( 1.000000000000000000, 0.0000000000000000000, -1.971276677246371500E-016 ) ) ;
#5393 = FACE_OUTER_BOUND ( 'NONE', #4832, .T. ) ;
#5394 = EDGE_LOOP ( 'NONE', ( #2477, #7104, #541, #147 ) ) ;
#5395 = CARTESIAN_POINT ( 'NONE',  ( -2.724999999999980500, 0.2500000000000000000, -1.747500000000000300 ) ) ;
#5396 = CARTESIAN_POINT ( 'NONE',  ( 2.575000000000000200, 0.2500000000000000000, -1.502500000000000400 ) ) ;
#5397 = ORIENTED_EDGE ( 'NONE', *, *, #3809, .T. ) ;
#5398 = ORIENTED_EDGE ( 'NONE', *, *, #4862, .F. ) ;
#5399 = EDGE_CURVE ( 'NONE', #1003, #1614, #950, .T. ) ;
#5400 = DIRECTION ( 'NONE',  ( -1.000000000000000000, 0.0000000000000000000, 0.0000000000000000000 ) ) ;
#5401 = VERTEX_POINT ( 'NONE', #5290 ) ;
#5402 = VERTEX_POINT ( 'NONE', #69 ) ;
#5403 = ADVANCED_FACE ( 'NONE', ( #3073 ), #3518, .F. ) ;
#5404 = ORIENTED_EDGE ( 'NONE', *, *, #4578, .T. ) ;
#5405 = DIRECTION ( 'NONE',  ( -0.0000000000000000000, -0.0000000000000000000, -1.000000000000000000 ) ) ;
#5406 = VERTEX_POINT ( 'NONE', #662 ) ;
#5407 = ORIENTED_EDGE ( 'NONE', *, *, #1611, .T. ) ;
#5408 = CIRCLE ( 'NONE', #6888, 0.2220097270125543400 ) ;
#5409 = DIRECTION ( 'NONE',  ( 0.06975647374411851600, -0.9975640502598247500, 0.0000000000000000000 ) ) ;
#5410 = EDGE_CURVE ( 'NONE', #5865, #4034, #1565, .T. ) ;
#5411 = PLANE ( 'NONE',  #7216 ) ;
#5412 = VERTEX_POINT ( 'NONE', #93 ) ;
#5413 = CARTESIAN_POINT ( 'NONE',  ( 2.791986582380880500, 0.1781656850632321000, 2.397500000000000000 ) ) ;
#5414 = ORIENTED_EDGE ( 'NONE', *, *, #6723, .T. ) ;
#5415 = FACE_OUTER_BOUND ( 'NONE', #6417, .T. ) ;
#5416 = DIRECTION ( 'NONE',  ( 0.0000000000000000000, 0.0000000000000000000, 1.000000000000000000 ) ) ;
#5417 = CARTESIAN_POINT ( 'NONE',  ( -1.359873937319054000, 1.100000000000000100, -1.659873937319050500 ) ) ;
#5418 = CARTESIAN_POINT ( 'NONE',  ( -2.724999999999980500, 0.2500000000000000000, 1.747499999999999400 ) ) ;
#5419 = EDGE_CURVE ( 'NONE', #1906, #5559, #410, .T. ) ;
#5420 = FACE_OUTER_BOUND ( 'NONE', #2689, .T. ) ;
#5421 = CARTESIAN_POINT ( 'NONE',  ( 2.724999999999980500, 0.2500000000000000000, -0.2025000000000004300 ) ) ;
#5422 = ORIENTED_EDGE ( 'NONE', *, *, #6232, .F. ) ;
#5423 = VECTOR ( 'NONE', #7366, 1000.000000000000000 ) ;
#5424 = AXIS2_PLACEMENT_3D ( 'NONE', #3113, #1447, #3192 ) ;
#5425 = CARTESIAN_POINT ( 'NONE',  ( -2.502990272987425600, 0.6999999999999905200, 1.097499999999999500 ) ) ;
#5426 = LINE ( 'NONE', #5828, #761 ) ;
#5427 = DIRECTION ( 'NONE',  ( -0.0000000000000000000, -0.0000000000000000000, -1.000000000000000000 ) ) ;
#5428 = CIRCLE ( 'NONE', #1900, 0.07200972701257388200 ) ;
#5429 = ORIENTED_EDGE ( 'NONE', *, *, #6658, .T. ) ;
#5430 = DIRECTION ( 'NONE',  ( 0.0000000000000000000, 0.0000000000000000000, 1.000000000000000000 ) ) ;
#5431 = VERTEX_POINT ( 'NONE', #3545 ) ;
#5432 = AXIS2_PLACEMENT_3D ( 'NONE', #1103, #5694, #5645 ) ;
#5433 = CIRCLE ( 'NONE', #5571, 0.07200972701257432600 ) ;
#5434 = DIRECTION ( 'NONE',  ( -0.0000000000000000000, -1.000000000000000000, -0.0000000000000000000 ) ) ;
#5435 = LINE ( 'NONE', #3687, #4883 ) ;
#5436 = VERTEX_POINT ( 'NONE', #1793 ) ;
#5437 = CARTESIAN_POINT ( 'NONE',  ( 3.200000000000000200, 0.1496346075389538600, -1.747500000000000300 ) ) ;
#5438 = ORIENTED_EDGE ( 'NONE', *, *, #4052, .T. ) ;
#5439 = CARTESIAN_POINT ( 'NONE',  ( 2.502990272987425600, 0.6999999999999905200, -0.2025000000000004300 ) ) ;
#5440 = DIRECTION ( 'NONE',  ( -0.0000000000000000000, -1.000000000000000000, -0.0000000000000000000 ) ) ;
#5441 = ADVANCED_FACE ( 'NONE', ( #681 ), #2402, .F. ) ;
#5442 = LINE ( 'NONE', #1187, #5528 ) ;
#5443 = EDGE_CURVE ( 'NONE', #6672, #6851, #6597, .T. ) ;
#5444 = EDGE_CURVE ( 'NONE', #1807, #7269, #5608, .T. ) ;
#5445 = LINE ( 'NONE', #6595, #6797 ) ;
#5446 = VERTEX_POINT ( 'NONE', #4033 ) ;
#5447 = DIRECTION ( 'NONE',  ( -0.0000000000000000000, 0.0000000000000000000, -1.000000000000000000 ) ) ;
#5448 = CARTESIAN_POINT ( 'NONE',  ( -2.575000000000000200, 0.2500000000000000000, -2.152500000000000300 ) ) ;
#5449 = CARTESIAN_POINT ( 'NONE',  ( -2.200000000000001100, 0.6999999999999905200, -2.152500000000000300 ) ) ;
#5450 = CARTESIAN_POINT ( 'NONE',  ( 2.502990272987425600, 0.4779902729874362900, 1.502499999999999500 ) ) ;
#5451 = LINE ( 'NONE', #7378, #1318 ) ;
#5452 = VECTOR ( 'NONE', #6850, 1000.000000000000000 ) ;
#5453 = EDGE_LOOP ( 'NONE', ( #3828, #4206, #3943, #4023 ) ) ;
#5454 = CARTESIAN_POINT ( 'NONE',  ( -2.502990272987425600, 0.4779902729874362900, 1.097499999999999500 ) ) ;
#5455 = EDGE_CURVE ( 'NONE', #2933, #913, #2192, .T. ) ;
#5456 = DIRECTION ( 'NONE',  ( -0.0000000000000000000, -0.0000000000000000000, -1.000000000000000000 ) ) ;
#5457 = CYLINDRICAL_SURFACE ( 'NONE', #1015, 0.2220097270125543400 ) ;
#5458 = DIRECTION ( 'NONE',  ( 0.0000000000000000000, 0.0000000000000000000, 1.000000000000000000 ) ) ;
#5459 = CARTESIAN_POINT ( 'NONE',  ( 2.791986582380880500, 0.1781656850632321000, -2.397500000000000400 ) ) ;
#5460 = FACE_OUTER_BOUND ( 'NONE', #927, .T. ) ;
#5461 = ORIENTED_EDGE ( 'NONE', *, *, #3890, .F. ) ;
#5462 = CARTESIAN_POINT ( 'NONE',  ( -3.189536528938383700, -3.794707603699265500E-016, 0.2024999999999995700 ) ) ;
#5463 = LINE ( 'NONE', #2305, #3392 ) ;
#5464 = CARTESIAN_POINT ( 'NONE',  ( -2.724999999999980500, 0.4779902729874362400, -2.397500000000000400 ) ) ;
#5465 = EDGE_CURVE ( 'NONE', #4836, #3303, #4421, .T. ) ;
#5466 = ORIENTED_EDGE ( 'NONE', *, *, #6156, .F. ) ;
#5467 = EDGE_CURVE ( 'NONE', #475, #4845, #5426, .T. ) ;
#5468 = LINE ( 'NONE', #3491, #352 ) ;
#5469 = ORIENTED_EDGE ( 'NONE', *, *, #4030, .F. ) ;
#5470 = DIRECTION ( 'NONE',  ( -1.000000000000000000, 0.0000000000000000000, 0.0000000000000000000 ) ) ;
#5471 = DIRECTION ( 'NONE',  ( 0.0000000000000000000, 1.000000000000000000, 0.0000000000000000000 ) ) ;
#5472 = AXIS2_PLACEMENT_3D ( 'NONE', #602, #1144, #6212 ) ;
#5473 = CARTESIAN_POINT ( 'NONE',  ( -4.824382293917817600E-016, 1.100000000000000100, -2.447339000965039500 ) ) ;
#5474 = DIRECTION ( 'NONE',  ( 0.06975647374411851600, 0.9975640502598247500, -0.0000000000000000000 ) ) ;
#5475 = DIRECTION ( 'NONE',  ( -1.000000000000000000, -0.0000000000000000000, -0.0000000000000000000 ) ) ;
#5476 = CYLINDRICAL_SURFACE ( 'NONE', #3318, 0.2220097270125543400 ) ;
#5477 = ORIENTED_EDGE ( 'NONE', *, *, #3118, .F. ) ;
#5478 = ADVANCED_FACE ( 'NONE', ( #3454 ), #6925, .F. ) ;
#5479 = AXIS2_PLACEMENT_3D ( 'NONE', #4319, #5447, #1975 ) ;
#5480 = VECTOR ( 'NONE', #3984, 1000.000000000000000 ) ;
#5481 = ORIENTED_EDGE ( 'NONE', *, *, #1996, .T. ) ;
#5482 = CARTESIAN_POINT ( 'NONE',  ( 2.200000000000001100, 0.5500000000000105900, 1.097499999999999500 ) ) ;
#5483 = DIRECTION ( 'NONE',  ( -1.000000000000000000, 0.0000000000000000000, 0.0000000000000000000 ) ) ;
#5484 = CARTESIAN_POINT ( 'NONE',  ( -2.575000000000000200, 0.4779902729874362900, 1.747499999999999400 ) ) ;
#5485 = ORIENTED_EDGE ( 'NONE', *, *, #4626, .T. ) ;
#5486 = VERTEX_POINT ( 'NONE', #6974 ) ;
#5487 = AXIS2_PLACEMENT_3D ( 'NONE', #1608, #3254, #1023 ) ;
#5488 = FILL_AREA_STYLE ('',( #1948 ) ) ;
#5489 = CARTESIAN_POINT ( 'NONE',  ( 2.147339000965042400, 0.1499999999999999900, 2.447339000965043500 ) ) ;
#5490 = VERTEX_POINT ( 'NONE', #684 ) ;
#5491 = EDGE_LOOP ( 'NONE', ( #6930, #1010, #6488, #3597 ) ) ;
#5492 = EDGE_LOOP ( 'NONE', ( #5404, #7126, #7198, #243 ) ) ;
#5493 = CARTESIAN_POINT ( 'NONE',  ( 3.200000000000000200, 0.1496346075389538600, -0.8525000000000003700 ) ) ;
#5494 = DIRECTION ( 'NONE',  ( 0.0000000000000000000, -0.0000000000000000000, -1.000000000000000000 ) ) ;
#5495 = CARTESIAN_POINT ( 'NONE',  ( -2.502990272987425600, 0.6999999999999905200, 2.397500000000000000 ) ) ;
#5496 = EDGE_CURVE ( 'NONE', #5531, #1639, #2370, .T. ) ;
#5497 =( GEOMETRIC_REPRESENTATION_CONTEXT ( 3 ) GLOBAL_UNCERTAINTY_ASSIGNED_CONTEXT ( ( #3878 ) ) GLOBAL_UNIT_ASSIGNED_CONTEXT ( ( #3007, #4074, #1220 ) ) REPRESENTATION_CONTEXT ( 'NONE', 'WORKASPACE' ) );
#5498 = ORIENTED_EDGE ( 'NONE', *, *, #4732, .F. ) ;
#5499 = CARTESIAN_POINT ( 'NONE',  ( 2.791986582380880500, 0.1781656850632321000, -0.4475000000000004000 ) ) ;
#5500 = ORIENTED_EDGE ( 'NONE', *, *, #3003, .F. ) ;
#5501 = DIRECTION ( 'NONE',  ( -0.0000000000000000000, -0.0000000000000000000, -1.000000000000000000 ) ) ;
#5502 = VERTEX_POINT ( 'NONE', #4669 ) ;
#5503 = CARTESIAN_POINT ( 'NONE',  ( -2.781523111319264400, 0.02853107752427832800, 0.2024999999999995700 ) ) ;
#5504 = LINE ( 'NONE', #6992, #6236 ) ;
#5505 = ORIENTED_EDGE ( 'NONE', *, *, #6677, .F. ) ;
#5506 = EDGE_CURVE ( 'NONE', #5289, #5690, #5340, .T. ) ;
#5507 = LINE ( 'NONE', #3004, #7407 ) ;
#5508 = CARTESIAN_POINT ( 'NONE',  ( 3.189536528938383700, -3.794707603699265500E-016, -1.502500000000000400 ) ) ;
#5509 = AXIS2_PLACEMENT_3D ( 'NONE', #4698, #7043, #4185 ) ;
#5510 = DIRECTION ( 'NONE',  ( 1.000000000000000000, 0.0000000000000000000, 0.0000000000000000000 ) ) ;
#5511 =( NAMED_UNIT ( * ) PLANE_ANGLE_UNIT ( ) SI_UNIT ( $, .RADIAN. ) );
#5512 = CIRCLE ( 'NONE', #3868, 0.07200972701257388200 ) ;
#5513 = ADVANCED_FACE ( 'NONE', ( #6335 ), #5855, .F. ) ;
#5514 = VECTOR ( 'NONE', #1762, 1000.000000000000000 ) ;
#5515 = DIRECTION ( 'NONE',  ( -0.0000000000000000000, -0.0000000000000000000, -1.000000000000000000 ) ) ;
#5516 = LINE ( 'NONE', #3364, #7041 ) ;
#5517 = ORIENTED_EDGE ( 'NONE', *, *, #3126, .T. ) ;
#5518 = DIRECTION ( 'NONE',  ( 0.1294283079955609000, -0.9831056027603608500, -0.1294283079955609900 ) ) ;
#5519 = EDGE_CURVE ( 'NONE', #5001, #2346, #3621, .T. ) ;
#5520 = CARTESIAN_POINT ( 'NONE',  ( -2.724999999999980500, 0.4779902729874362400, 0.4474999999999995600 ) ) ;
#5521 = LINE ( 'NONE', #2001, #6255 ) ;
#5522 = CARTESIAN_POINT ( 'NONE',  ( 2.502990272987425600, 0.5500000000000105900, 0.4474999999999995600 ) ) ;
#5523 = CARTESIAN_POINT ( 'NONE',  ( 2.724999999999980500, 0.2500000000000000000, 2.397500000000000000 ) ) ;
#5524 = VECTOR ( 'NONE', #924, 1000.000000000000000 ) ;
#5525 = VERTEX_POINT ( 'NONE', #5268 ) ;
#5526 = ORIENTED_EDGE ( 'NONE', *, *, #4422, .F. ) ;
#5527 = DIRECTION ( 'NONE',  ( -1.000000000000000000, 0.0000000000000000000, 0.0000000000000000000 ) ) ;
#5528 = VECTOR ( 'NONE', #5815, 1000.000000000000000 ) ;
#5529 = DIRECTION ( 'NONE',  ( -0.0000000000000000000, -0.0000000000000000000, -1.000000000000000000 ) ) ;
#5530 = LINE ( 'NONE', #3481, #1935 ) ;
#5531 = VERTEX_POINT ( 'NONE', #4208 ) ;
#5532 = CARTESIAN_POINT ( 'NONE',  ( 2.200000000000001100, 0.5500000000000105900, -2.152500000000000300 ) ) ;
#5533 = ORIENTED_EDGE ( 'NONE', *, *, #3215, .T. ) ;
#5534 = AXIS2_PLACEMENT_3D ( 'NONE', #3587, #766, #4757 ) ;
#5535 = LINE ( 'NONE', #7264, #6270 ) ;
#5536 = CARTESIAN_POINT ( 'NONE',  ( 3.189536528938383700, -3.794707603699265500E-016, -2.397500000000000400 ) ) ;
#5537 = LINE ( 'NONE', #5177, #5820 ) ;
#5538 = ORIENTED_EDGE ( 'NONE', *, *, #4410, .T. ) ;
#5539 = EDGE_CURVE ( 'NONE', #1369, #2593, #3873, .T. ) ;
#5540 = CIRCLE ( 'NONE', #1292, 0.07200972701257388200 ) ;
#5541 = DIRECTION ( 'NONE',  ( -1.000000000000000000, 0.0000000000000000000, 0.0000000000000000000 ) ) ;
#5542 = CYLINDRICAL_SURFACE ( 'NONE', #6516, 0.07200972701257388200 ) ;
#5543 = ORIENTED_EDGE ( 'NONE', *, *, #4679, .F. ) ;
#5544 = DIRECTION ( 'NONE',  ( 0.0000000000000000000, 1.000000000000000000, 0.0000000000000000000 ) ) ;
#5545 = CARTESIAN_POINT ( 'NONE',  ( 2.781523111319264400, 0.02853107752427827200, -0.8525000000000003700 ) ) ;
#5546 = DIRECTION ( 'NONE',  ( 1.000000000000000000, 0.0000000000000000000, 0.0000000000000000000 ) ) ;
#5547 = DIRECTION ( 'NONE',  ( 0.0000000000000000000, 0.0000000000000000000, 1.000000000000000000 ) ) ;
#5548 = CARTESIAN_POINT ( 'NONE',  ( 2.502990272987425600, 0.5500000000000105900, 1.747499999999999400 ) ) ;
#5549 = LINE ( 'NONE', #1875, #5739 ) ;
#5550 = ORIENTED_EDGE ( 'NONE', *, *, #4099, .T. ) ;
#5551 = LINE ( 'NONE', #654, #7072 ) ;
#5552 = ORIENTED_EDGE ( 'NONE', *, *, #4127, .T. ) ;
#5553 = ADVANCED_FACE ( 'NONE', ( #2010 ), #2106, .T. ) ;
#5554 = EDGE_CURVE ( 'NONE', #5057, #7135, #4692, .T. ) ;
#5555 = PLANE ( 'NONE',  #6649 ) ;
#5556 = VECTOR ( 'NONE', #4448, 1000.000000000000000 ) ;
#5557 = VERTEX_POINT ( 'NONE', #771 ) ;
#5558 = ORIENTED_EDGE ( 'NONE', *, *, #1466, .F. ) ;
#5559 = VERTEX_POINT ( 'NONE', #6492 ) ;
#5560 = CARTESIAN_POINT ( 'NONE',  ( 2.724999999999980500, 0.2500000000000000000, 1.502499999999999500 ) ) ;
#5561 = DIRECTION ( 'NONE',  ( -1.000000000000000000, 0.0000000000000000000, 1.971276677246370800E-016 ) ) ;
#5562 = EDGE_CURVE ( 'NONE', #2887, #1981, #6424, .T. ) ;
#5563 = CARTESIAN_POINT ( 'NONE',  ( 2.502990272987425600, 0.4779902729874362900, -1.097500000000000400 ) ) ;
#5564 = LINE ( 'NONE', #1847, #720 ) ;
#5565 = EDGE_LOOP ( 'NONE', ( #3023, #3625, #6460, #3676 ) ) ;
#5566 = AXIS2_PLACEMENT_3D ( 'NONE', #2107, #4471, #1039 ) ;
#5567 = CARTESIAN_POINT ( 'NONE',  ( 2.502990272987425600, 0.6999999999999905200, 0.4474999999999995600 ) ) ;
#5568 = VECTOR ( 'NONE', #298, 1000.000000000000000 ) ;
#5569 = EDGE_LOOP ( 'NONE', ( #5832, #1664, #3262, #4173 ) ) ;
#5570 = CARTESIAN_POINT ( 'NONE',  ( 2.502990272987425600, 0.4779902729874362900, 2.152499999999999900 ) ) ;
#5571 = AXIS2_PLACEMENT_3D ( 'NONE', #6983, #4112, #7070 ) ;
#5572 = CARTESIAN_POINT ( 'NONE',  ( -3.189536528938383700, -3.794707603699265500E-016, -1.502500000000000400 ) ) ;
#5573 = ORIENTED_EDGE ( 'NONE', *, *, #5090, .F. ) ;
#5574 = DIRECTION ( 'NONE',  ( 1.000000000000000000, 0.0000000000000000000, 0.0000000000000000000 ) ) ;
#5575 = ORIENTED_EDGE ( 'NONE', *, *, #7132, .T. ) ;
#5576 = ORIENTED_EDGE ( 'NONE', *, *, #6658, .F. ) ;
#5577 = CIRCLE ( 'NONE', #6465, 0.07200972701257432600 ) ;
#5578 = DIRECTION ( 'NONE',  ( -0.0000000000000000000, -0.0000000000000000000, -1.000000000000000000 ) ) ;
#5579 = DIRECTION ( 'NONE',  ( 0.0000000000000000000, 0.0000000000000000000, 1.000000000000000000 ) ) ;
#5580 = CARTESIAN_POINT ( 'NONE',  ( -2.502990272987425600, 0.5500000000000105900, 1.097499999999999500 ) ) ;
#5581 = ORIENTED_EDGE ( 'NONE', *, *, #3070, .F. ) ;
#5582 = EDGE_CURVE ( 'NONE', #155, #698, #3352, .T. ) ;
#5583 = EDGE_CURVE ( 'NONE', #501, #767, #4237, .T. ) ;
#5584 = CARTESIAN_POINT ( 'NONE',  ( -2.575000000000000200, 0.2500000000000000000, -0.2025000000000004300 ) ) ;
#5585 = ORIENTED_EDGE ( 'NONE', *, *, #3370, .T. ) ;
#5586 = EDGE_LOOP ( 'NONE', ( #4959, #3654, #2872, #7021 ) ) ;
#5587 = VECTOR ( 'NONE', #3125, 1000.000000000000000 ) ;
#5588 = AXIS2_PLACEMENT_3D ( 'NONE', #5454, #1983, #4225 ) ;
#5589 = ADVANCED_FACE ( 'NONE', ( #6693 ), #1832, .T. ) ;
#5590 = CARTESIAN_POINT ( 'NONE',  ( 3.189536528938383700, -3.794707603699265500E-016, 0.4474999999999995600 ) ) ;
#5591 = ORIENTED_EDGE ( 'NONE', *, *, #6701, .T. ) ;
#5592 = DIRECTION ( 'NONE',  ( -0.0000000000000000000, -1.000000000000000000, -0.0000000000000000000 ) ) ;
#5593 = VERTEX_POINT ( 'NONE', #145 ) ;
#5594 = CIRCLE ( 'NONE', #5002, 0.2220097270125543400 ) ;
#5595 = DIRECTION ( 'NONE',  ( 0.0000000000000000000, 0.0000000000000000000, 1.000000000000000000 ) ) ;
#5596 = EDGE_CURVE ( 'NONE', #1093, #1003, #497, .T. ) ;
#5597 = DIRECTION ( 'NONE',  ( -0.0000000000000000000, -0.0000000000000000000, -1.000000000000000000 ) ) ;
#5598 = LINE ( 'NONE', #1474, #1296 ) ;
#5599 = ORIENTED_EDGE ( 'NONE', *, *, #1222, .F. ) ;
#5600 = SURFACE_SIDE_STYLE ('',( #6882 ) ) ;
#5601 = FACE_OUTER_BOUND ( 'NONE', #7026, .T. ) ;
#5602 = FACE_OUTER_BOUND ( 'NONE', #5142, .T. ) ;
#5603 = CARTESIAN_POINT ( 'NONE',  ( 2.200000000000001100, 0.5500000000000105900, -0.4475000000000004000 ) ) ;
#5604 = UNCERTAINTY_MEASURE_WITH_UNIT (LENGTH_MEASURE( 1.000000000000000100E-005 ), #1630, 'distance_accuracy_value', 'NONE');
#5605 = CARTESIAN_POINT ( 'NONE',  ( -2.200000000000001100, 0.5500000000000105900, -1.502500000000000400 ) ) ;
#5606 = CARTESIAN_POINT ( 'NONE',  ( -2.797009727012554200, 0.2500000000000000000, -0.2025000000000004300 ) ) ;
#5607 = EDGE_CURVE ( 'NONE', #339, #3768, #6507, .T. ) ;
#5608 = LINE ( 'NONE', #2892, #854 ) ;
#5609 = LINE ( 'NONE', #4750, #2108 ) ;
#5610 = ORIENTED_EDGE ( 'NONE', *, *, #5506, .T. ) ;
#5611 = AXIS2_PLACEMENT_3D ( 'NONE', #5153, #3925, #3441 ) ;
#5612 = VERTEX_POINT ( 'NONE', #5878 ) ;
#5613 = CARTESIAN_POINT ( 'NONE',  ( -2.575000000000000200, 0.4779902729874362900, 0.2024999999999995700 ) ) ;
#5614 = ORIENTED_EDGE ( 'NONE', *, *, #4537, .F. ) ;
#5615 = CARTESIAN_POINT ( 'NONE',  ( -2.575000000000000200, 0.4779902729874362900, -2.152500000000000300 ) ) ;
#5616 = VECTOR ( 'NONE', #4822, 1000.000000000000000 ) ;
#5617 = LINE ( 'NONE', #6744, #49 ) ;
#5618 = ORIENTED_EDGE ( 'NONE', *, *, #1078, .F. ) ;
#5619 = DIRECTION ( 'NONE',  ( -0.0000000000000000000, -0.0000000000000000000, -1.000000000000000000 ) ) ;
#5620 = EDGE_CURVE ( 'NONE', #1814, #4836, #311, .T. ) ;
#5621 = ORIENTED_EDGE ( 'NONE', *, *, #6627, .T. ) ;
#5622 = CARTESIAN_POINT ( 'NONE',  ( -2.724999999999980100, 0.4779902729874363500, -1.502500000000000400 ) ) ;
#5623 = ORIENTED_EDGE ( 'NONE', *, *, #4243, .F. ) ;
#5624 = DIRECTION ( 'NONE',  ( -0.0000000000000000000, -0.0000000000000000000, -1.000000000000000000 ) ) ;
#5625 = DIRECTION ( 'NONE',  ( 0.0000000000000000000, 0.0000000000000000000, 1.000000000000000000 ) ) ;
#5626 = CIRCLE ( 'NONE', #6305, 0.2220097270125543400 ) ;
#5627 = FACE_OUTER_BOUND ( 'NONE', #6136, .T. ) ;
#5628 = ORIENTED_EDGE ( 'NONE', *, *, #5957, .F. ) ;
#5629 = ADVANCED_FACE ( 'NONE', ( #2286 ), #800, .F. ) ;
#5630 = DIRECTION ( 'NONE',  ( -0.0000000000000000000, -0.0000000000000000000, -1.000000000000000000 ) ) ;
#5631 = PLANE ( 'NONE',  #5487 ) ;
#5632 = FACE_OUTER_BOUND ( 'NONE', #5151, .T. ) ;
#5633 = CARTESIAN_POINT ( 'NONE',  ( -2.200000000000001100, 0.6999999999999905200, -1.097500000000000400 ) ) ;
#5634 = FILL_AREA_STYLE ('',( #2120 ) ) ;
#5635 = VECTOR ( 'NONE', #5440, 1000.000000000000000 ) ;
#5636 = EDGE_LOOP ( 'NONE', ( #4523, #3688, #2203, #2823 ) ) ;
#5637 = AXIS2_PLACEMENT_3D ( 'NONE', #7160, #2091, #3226 ) ;
#5638 = CARTESIAN_POINT ( 'NONE',  ( -3.200000000000000200, 0.1496346075389538600, -2.152500000000000300 ) ) ;
#5639 = DIRECTION ( 'NONE',  ( 0.0000000000000000000, 0.0000000000000000000, 1.000000000000000000 ) ) ;
#5640 = DIRECTION ( 'NONE',  ( 0.9975640502598247500, -0.06975647374411825300, 0.0000000000000000000 ) ) ;
#5641 = VERTEX_POINT ( 'NONE', #3035 ) ;
#5642 = LINE ( 'NONE', #1313, #7442 ) ;
#5643 = ORIENTED_EDGE ( 'NONE', *, *, #3881, .T. ) ;
#5644 = EDGE_CURVE ( 'NONE', #5954, #1782, #7313, .T. ) ;
#5645 = DIRECTION ( 'NONE',  ( 0.9975640502598247500, -0.06975647374411825300, 0.0000000000000000000 ) ) ;
#5646 = LINE ( 'NONE', #2969, #5191 ) ;
#5647 = DIRECTION ( 'NONE',  ( -0.0000000000000000000, -0.0000000000000000000, -1.000000000000000000 ) ) ;
#5648 = CIRCLE ( 'NONE', #214, 0.07200972701257432600 ) ;
#5649 = ORIENTED_EDGE ( 'NONE', *, *, #4350, .F. ) ;
#5650 = DIRECTION ( 'NONE',  ( 1.000000000000000000, 0.0000000000000000000, 0.0000000000000000000 ) ) ;
#5651 = DIRECTION ( 'NONE',  ( -0.0000000000000000000, -0.0000000000000000000, -1.000000000000000000 ) ) ;
#5652 = DIRECTION ( 'NONE',  ( -1.000000000000000000, 0.0000000000000000000, 0.0000000000000000000 ) ) ;
#5653 = EDGE_CURVE ( 'NONE', #2586, #6126, #4230, .T. ) ;
#5654 = LINE ( 'NONE', #3636, #4100 ) ;
#5655 = ORIENTED_EDGE ( 'NONE', *, *, #5467, .T. ) ;
#5656 = DIRECTION ( 'NONE',  ( 0.0000000000000000000, 0.0000000000000000000, -1.000000000000000000 ) ) ;
#5657 = DIRECTION ( 'NONE',  ( -1.000000000000000000, 0.0000000000000000000, 0.0000000000000000000 ) ) ;
#5658 = AXIS2_PLACEMENT_3D ( 'NONE', #3138, #880, #5977 ) ;
#5659 = CARTESIAN_POINT ( 'NONE',  ( -2.147339000965042400, 1.100000000000000100, 2.500000000000002700 ) ) ;
#5660 = LINE ( 'NONE', #2249, #1091 ) ;
#5661 = ORIENTED_EDGE ( 'NONE', *, *, #6219, .T. ) ;
#5662 = DIRECTION ( 'NONE',  ( -1.000000000000000000, 0.0000000000000000000, 0.0000000000000000000 ) ) ;
#5663 = EDGE_CURVE ( 'NONE', #715, #5005, #5154, .T. ) ;
#5664 = ADVANCED_FACE ( 'NONE', ( #5888 ), #5411, .F. ) ;
#5665 = DIRECTION ( 'NONE',  ( 0.0000000000000000000, -0.0000000000000000000, -1.000000000000000000 ) ) ;
#5666 = MECHANICAL_DESIGN_GEOMETRIC_PRESENTATION_REPRESENTATION (  '', ( #138 ), #4104 ) ;
#5667 = FACE_OUTER_BOUND ( 'NONE', #1787, .T. ) ;
#5668 = VERTEX_POINT ( 'NONE', #5974 ) ;
#5669 = DIRECTION ( 'NONE',  ( -0.9975640502598247500, 0.06975647374411825300, -0.0000000000000000000 ) ) ;
#5670 = SURFACE_STYLE_USAGE ( .BOTH. , #1087 ) ;
#5671 = DIRECTION ( 'NONE',  ( 0.9975640502598246400, -0.06975647374411936300, -0.0000000000000000000 ) ) ;
#5672 = DIRECTION ( 'NONE',  ( -0.0000000000000000000, -0.0000000000000000000, -1.000000000000000000 ) ) ;
#5673 = VERTEX_POINT ( 'NONE', #2175 ) ;
#5674 = ADVANCED_FACE ( 'NONE', ( #4509 ), #7348, .F. ) ;
#5675 =( LENGTH_UNIT ( ) NAMED_UNIT ( * ) SI_UNIT ( .MILLI., .METRE. ) );
#5676 = ORIENTED_EDGE ( 'NONE', *, *, #3740, .F. ) ;
#5677 = VERTEX_POINT ( 'NONE', #476 ) ;
#5678 = CARTESIAN_POINT ( 'NONE',  ( 3.200000000000000200, 0.1496346075389538600, 1.097499999999999500 ) ) ;
#5679 = AXIS2_PLACEMENT_3D ( 'NONE', #5086, #6890, #3981 ) ;
#5680 = DIRECTION ( 'NONE',  ( 1.000000000000000000, 0.0000000000000000000, -0.0000000000000000000 ) ) ;
#5681 = CARTESIAN_POINT ( 'NONE',  ( -2.791986582380880500, 0.1781656850632323000, -0.8525000000000003700 ) ) ;
#5682 = EDGE_LOOP ( 'NONE', ( #1653, #5466, #3329, #7359 ) ) ;
#5683 = CARTESIAN_POINT ( 'NONE',  ( -2.502990272987425600, 0.4779902729874362900, -0.4475000000000004000 ) ) ;
#5684 = ORIENTED_EDGE ( 'NONE', *, *, #3342, .T. ) ;
#5685 = VECTOR ( 'NONE', #6328, 1000.000000000000000 ) ;
#5686 = DIRECTION ( 'NONE',  ( -0.0000000000000000000, -0.0000000000000000000, -1.000000000000000000 ) ) ;
#5687 = EDGE_CURVE ( 'NONE', #5446, #6508, #3612, .T. ) ;
#5688 = CARTESIAN_POINT ( 'NONE',  ( 2.502990272987425600, 0.5500000000000105900, -2.152500000000000300 ) ) ;
#5689 = DIRECTION ( 'NONE',  ( 0.0000000000000000000, -1.000000000000000000, 0.0000000000000000000 ) ) ;
#5690 = VERTEX_POINT ( 'NONE', #4894 ) ;
#5691 = MECHANICAL_DESIGN_GEOMETRIC_PRESENTATION_REPRESENTATION (  '', ( #4798 ), #5207 ) ;
#5692 = VERTEX_POINT ( 'NONE', #5613 ) ;
#5693 = FACE_OUTER_BOUND ( 'NONE', #5492, .T. ) ;
#5694 = DIRECTION ( 'NONE',  ( -0.06975647374411825300, -0.9975640502598247500, 0.0000000000000000000 ) ) ;
#5695 =( NAMED_UNIT ( * ) PLANE_ANGLE_UNIT ( ) SI_UNIT ( $, .RADIAN. ) );
#5696 = ORIENTED_EDGE ( 'NONE', *, *, #5302, .F. ) ;
#5697 = LINE ( 'NONE', #1638, #4140 ) ;
#5698 = EDGE_CURVE ( 'NONE', #6548, #150, #4047, .T. ) ;
#5699 = LINE ( 'NONE', #6317, #5514 ) ;
#5700 = CARTESIAN_POINT ( 'NONE',  ( -2.791986582380880500, 0.1781656850632323000, 0.2024999999999995700 ) ) ;
#5701 = LINE ( 'NONE', #4403, #2102 ) ;
#5702 = VERTEX_POINT ( 'NONE', #4286 ) ;
#5703 = ADVANCED_FACE ( 'NONE', ( #3964 ), #400, .F. ) ;
#5704 =( NAMED_UNIT ( * ) SI_UNIT ( $, .STERADIAN. ) SOLID_ANGLE_UNIT ( ) );
#5705 = VECTOR ( 'NONE', #6084, 1000.000000000000000 ) ;
#5706 = CARTESIAN_POINT ( 'NONE',  ( 2.502990272987425600, 0.4779902729874362900, -0.8525000000000003700 ) ) ;
#5707 = COLOUR_RGB ( '',0.7921568627450980000, 0.8196078431372548800, 0.9333333333333333500 ) ;
#5708 = DIRECTION ( 'NONE',  ( -1.000000000000000000, -0.0000000000000000000, -0.0000000000000000000 ) ) ;
#5709 = ORIENTED_EDGE ( 'NONE', *, *, #3817, .T. ) ;
#5710 = DIRECTION ( 'NONE',  ( -1.000000000000000000, 0.0000000000000000000, 0.0000000000000000000 ) ) ;
#5711 = ORIENTED_EDGE ( 'NONE', *, *, #2748, .T. ) ;
#5712 = EDGE_CURVE ( 'NONE', #155, #4474, #5598, .T. ) ;
#5713 = ORIENTED_EDGE ( 'NONE', *, *, #4118, .T. ) ;
#5714 = EDGE_CURVE ( 'NONE', #2124, #6195, #5794, .T. ) ;
#5715 = FACE_OUTER_BOUND ( 'NONE', #1506, .T. ) ;
#5716 = ORIENTED_EDGE ( 'NONE', *, *, #4828, .T. ) ;
#5717 = CARTESIAN_POINT ( 'NONE',  ( 3.189536528938383700, -3.794707603699265500E-016, 1.747499999999999400 ) ) ;
#5718 = AXIS2_PLACEMENT_3D ( 'NONE', #1233, #2377, #6978 ) ;
#5719 = VECTOR ( 'NONE', #4157, 1000.000000000000000 ) ;
#5720 = ORIENTED_EDGE ( 'NONE', *, *, #7086, .F. ) ;
#5721 = CARTESIAN_POINT ( 'NONE',  ( 2.797009727012554200, 0.2500000000000000000, 0.8524999999999994800 ) ) ;
#5722 = LINE ( 'NONE', #1495, #5175 ) ;
#5723 = CARTESIAN_POINT ( 'NONE',  ( 2.724999999999980500, 0.2500000000000000000, 0.4474999999999995600 ) ) ;
#5724 = COLOUR_RGB ( '',0.7921568627450980000, 0.8196078431372548800, 0.9333333333333333500 ) ;
#5725 = EDGE_LOOP ( 'NONE', ( #3344, #1166, #5234, #3837 ) ) ;
#5726 = CARTESIAN_POINT ( 'NONE',  ( 2.797009727012554200, 0.2500000000000000000, -1.747500000000000300 ) ) ;
#5727 = AXIS2_PLACEMENT_3D ( 'NONE', #355, #3816, #4391 ) ;
#5728 = DIRECTION ( 'NONE',  ( -0.06975647374411851600, -0.9975640502598247500, 0.0000000000000000000 ) ) ;
#5729 = SURFACE_STYLE_USAGE ( .BOTH. , #6827 ) ;
#5730 = VECTOR ( 'NONE', #775, 1000.000000000000000 ) ;
#5731 = FACE_OUTER_BOUND ( 'NONE', #3328, .T. ) ;
#5732 = EDGE_LOOP ( 'NONE', ( #5585, #3445, #5868, #6100, #284, #1908, #3941, #560, #3447, #106, #1978, #1148 ) ) ;
#5733 = PLANE ( 'NONE',  #3918 ) ;
#5734 = CARTESIAN_POINT ( 'NONE',  ( 2.797009727012554200, 0.2500000000000000000, 0.4474999999999995600 ) ) ;
#5735 = DIRECTION ( 'NONE',  ( -0.0000000000000000000, -0.0000000000000000000, -1.000000000000000000 ) ) ;
#5736 = CARTESIAN_POINT ( 'NONE',  ( 2.200000000000001100, 0.5500000000000105900, -0.2025000000000004300 ) ) ;
#5737 = EDGE_CURVE ( 'NONE', #5402, #3974, #2100, .T. ) ;
#5738 = DIRECTION ( 'NONE',  ( -0.0000000000000000000, -0.0000000000000000000, -1.000000000000000000 ) ) ;
#5739 = VECTOR ( 'NONE', #5292, 1000.000000000000000 ) ;
#5740 = EDGE_CURVE ( 'NONE', #1371, #2514, #4771, .T. ) ;
#5741 = VECTOR ( 'NONE', #631, 1000.000000000000000 ) ;
#5742 = ORIENTED_EDGE ( 'NONE', *, *, #695, .T. ) ;
#5743 = CARTESIAN_POINT ( 'NONE',  ( -2.502990272987425600, 0.4779902729874362900, 1.747499999999999400 ) ) ;
#5744 = CARTESIAN_POINT ( 'NONE',  ( 2.791986582380880500, 0.1781656850632321000, -0.2025000000000004300 ) ) ;
#5745 = COLOUR_RGB ( '',0.7921568627450980000, 0.8196078431372548800, 0.9333333333333333500 ) ;
#5746 = ADVANCED_FACE ( 'NONE', ( #3446 ), #2808, .T. ) ;
#5747 = DIRECTION ( 'NONE',  ( -0.0000000000000000000, -0.0000000000000000000, -1.000000000000000000 ) ) ;
#5748 = FACE_OUTER_BOUND ( 'NONE', #3914, .T. ) ;
#5749 = ORIENTED_EDGE ( 'NONE', *, *, #3613, .T. ) ;
#5750 = UNCERTAINTY_MEASURE_WITH_UNIT (LENGTH_MEASURE( 1.000000000000000100E-005 ), #2186, 'distance_accuracy_value', 'NONE');
#5751 = EDGE_CURVE ( 'NONE', #5401, #208, #7220, .T. ) ;
#5752 = AXIS2_PLACEMENT_3D ( 'NONE', #3940, #3462, #5757 ) ;
#5753 = DIRECTION ( 'NONE',  ( 0.0000000000000000000, 1.000000000000000000, 0.0000000000000000000 ) ) ;
#5754 = SURFACE_STYLE_USAGE ( .BOTH. , #4595 ) ;
#5755 = CARTESIAN_POINT ( 'NONE',  ( -3.189536528938383700, -3.794707603699265500E-016, 2.397500000000000000 ) ) ;
#5756 = VERTEX_POINT ( 'NONE', #5030 ) ;
#5757 = DIRECTION ( 'NONE',  ( 1.000000000000000000, 0.0000000000000000000, 0.0000000000000000000 ) ) ;
#5758 = CIRCLE ( 'NONE', #3473, 0.07200972701257388200 ) ;
#5759 = ORIENTED_EDGE ( 'NONE', *, *, #1587, .F. ) ;
#5760 = ADVANCED_FACE ( 'NONE', ( #1207 ), #848, .F. ) ;
#5761 = EDGE_CURVE ( 'NONE', #5950, #2124, #6151, .T. ) ;
#5762 = DIRECTION ( 'NONE',  ( -1.000000000000000000, -0.0000000000000000000, -0.0000000000000000000 ) ) ;
#5763 = EDGE_CURVE ( 'NONE', #2981, #7145, #128, .T. ) ;
#5764 = DIRECTION ( 'NONE',  ( 1.000000000000000000, -0.0000000000000000000, -0.0000000000000000000 ) ) ;
#5765 = DIRECTION ( 'NONE',  ( -0.0000000000000000000, 1.000000000000000000, -0.0000000000000000000 ) ) ;
#5766 = LINE ( 'NONE', #2598, #2864 ) ;
#5767 = ORIENTED_EDGE ( 'NONE', *, *, #2666, .F. ) ;
#5768 = AXIS2_PLACEMENT_3D ( 'NONE', #1939, #2862, #2295 ) ;
#5769 = DIRECTION ( 'NONE',  ( 0.0000000000000000000, 0.0000000000000000000, 1.000000000000000000 ) ) ;
#5770 = ORIENTED_EDGE ( 'NONE', *, *, #7086, .T. ) ;
#5771 = ORIENTED_EDGE ( 'NONE', *, *, #6777, .T. ) ;
#5772 = ORIENTED_EDGE ( 'NONE', *, *, #2425, .F. ) ;
#5773 = PLANE ( 'NONE',  #4893 ) ;
#5774 = EDGE_CURVE ( 'NONE', #501, #6398, #5512, .T. ) ;
#5775 = DIRECTION ( 'NONE',  ( 1.000000000000000000, 0.0000000000000000000, 0.0000000000000000000 ) ) ;
#5776 = STYLED_ITEM ( 'NONE', ( #2121 ), #4670 ) ;
#5777 = VERTEX_POINT ( 'NONE', #5462 ) ;
#5778 = CARTESIAN_POINT ( 'NONE',  ( -2.575000000000000200, 0.2500000000000000000, -2.397500000000000400 ) ) ;
#5779 = ORIENTED_EDGE ( 'NONE', *, *, #2533, .T. ) ;
#5780 = CARTESIAN_POINT ( 'NONE',  ( 2.502990272987425600, 0.5500000000000105900, 2.152499999999999900 ) ) ;
#5781 = ORIENTED_EDGE ( 'NONE', *, *, #1514, .F. ) ;
#5782 = LINE ( 'NONE', #762, #1903 ) ;
#5783 = DIRECTION ( 'NONE',  ( 0.0000000000000000000, 0.0000000000000000000, 1.000000000000000000 ) ) ;
#5784 = DIRECTION ( 'NONE',  ( -0.9975640502598246400, -0.06975647374411934900, 0.0000000000000000000 ) ) ;
#5785 = ORIENTED_EDGE ( 'NONE', *, *, #1013, .T. ) ;
#5786 = ORIENTED_EDGE ( 'NONE', *, *, #6886, .F. ) ;
#5787 = ADVANCED_FACE ( 'NONE', ( #7125 ), #1100, .T. ) ;
#5788 = CARTESIAN_POINT ( 'NONE',  ( 2.781523111319264400, 0.02853107752427827200, -1.502500000000000400 ) ) ;
#5789 = PRESENTATION_STYLE_ASSIGNMENT (( #5754 ) ) ;
#5790 = AXIS2_PLACEMENT_3D ( 'NONE', #4879, #2105, #987 ) ;
#5791 = CARTESIAN_POINT ( 'NONE',  ( -2.575000000000000200, 0.2500000000000000000, -1.502500000000000400 ) ) ;
#5792 = PLANE ( 'NONE',  #4667 ) ;
#5793 = DIRECTION ( 'NONE',  ( 1.000000000000000000, 0.0000000000000000000, -0.0000000000000000000 ) ) ;
#5794 = LINE ( 'NONE', #2741, #34 ) ;
#5795 = ORIENTED_EDGE ( 'NONE', *, *, #2758, .T. ) ;
#5796 = FACE_OUTER_BOUND ( 'NONE', #1184, .T. ) ;
#5797 = ADVANCED_FACE ( 'NONE', ( #5420 ), #844, .F. ) ;
#5798 = EDGE_CURVE ( 'NONE', #462, #5209, #2542, .T. ) ;
#5799 = AXIS2_PLACEMENT_3D ( 'NONE', #6023, #7139, #2043 ) ;
#5800 = CARTESIAN_POINT ( 'NONE',  ( 2.502990272987425600, 0.6999999999999905200, 1.747499999999999400 ) ) ;
#5801 = VECTOR ( 'NONE', #7464, 1000.000000000000000 ) ;
#5802 = ORIENTED_EDGE ( 'NONE', *, *, #1703, .F. ) ;
#5803 = VERTEX_POINT ( 'NONE', #6840 ) ;
#5804 = CARTESIAN_POINT ( 'NONE',  ( 2.724999999999980500, 0.4779902729874362400, -0.2025000000000004300 ) ) ;
#5805 = CARTESIAN_POINT ( 'NONE',  ( 2.575000000000000200, 0.2500000000000000000, -0.8525000000000003700 ) ) ;
#5806 = EDGE_CURVE ( 'NONE', #3860, #3980, #6687, .T. ) ;
#5807 = CARTESIAN_POINT ( 'NONE',  ( -2.724999999999980500, 0.2500000000000000000, 0.4474999999999995600 ) ) ;
#5808 = LINE ( 'NONE', #3741, #4064 ) ;
#5809 = FACE_OUTER_BOUND ( 'NONE', #2966, .T. ) ;
#5810 = ORIENTED_EDGE ( 'NONE', *, *, #5596, .T. ) ;
#5811 = AXIS2_PLACEMENT_3D ( 'NONE', #1277, #726, #2996 ) ;
#5812 = DIRECTION ( 'NONE',  ( 0.9975640502598247500, 0.06975647374411825300, 0.0000000000000000000 ) ) ;
#5813 = ORIENTED_EDGE ( 'NONE', *, *, #6904, .F. ) ;
#5814 = ORIENTED_EDGE ( 'NONE', *, *, #4769, .F. ) ;
#5815 = DIRECTION ( 'NONE',  ( -1.000000000000000000, -0.0000000000000000000, -0.0000000000000000000 ) ) ;
#5816 = CARTESIAN_POINT ( 'NONE',  ( -2.200000000000001100, 0.6999999999999905200, 1.502499999999999500 ) ) ;
#5817 = LINE ( 'NONE', #3945, #2643 ) ;
#5818 = DIRECTION ( 'NONE',  ( -0.0000000000000000000, -0.0000000000000000000, -1.000000000000000000 ) ) ;
#5819 = CARTESIAN_POINT ( 'NONE',  ( -2.575000000000000200, 0.4779902729874362900, -1.097500000000000400 ) ) ;
#5820 = VECTOR ( 'NONE', #1189, 1000.000000000000000 ) ;
#5821 = ORIENTED_EDGE ( 'NONE', *, *, #6857, .F. ) ;
#5822 = EDGE_CURVE ( 'NONE', #4622, #1026, #5697, .T. ) ;
#5823 = DIRECTION ( 'NONE',  ( -0.9975640502598247500, -0.06975647374411825300, 0.0000000000000000000 ) ) ;
#5824 = LINE ( 'NONE', #581, #4171 ) ;
#5825 = FACE_OUTER_BOUND ( 'NONE', #2470, .T. ) ;
#5826 = ORIENTED_EDGE ( 'NONE', *, *, #5822, .F. ) ;
#5827 = CARTESIAN_POINT ( 'NONE',  ( 2.200000000000001100, 0.6999999999999905200, -1.502500000000000400 ) ) ;
#5828 = CARTESIAN_POINT ( 'NONE',  ( -2.200000000000001100, 0.6999999999999905200, 0.4474999999999995600 ) ) ;
#5829 = VECTOR ( 'NONE', #4839, 1000.000000000000000 ) ;
#5830 = CARTESIAN_POINT ( 'NONE',  ( 2.200000000000001100, 0.5500000000000105900, 1.747499999999999400 ) ) ;
#5831 = CARTESIAN_POINT ( 'NONE',  ( 2.724999999999980500, 0.2500000000000000000, -0.8525000000000003700 ) ) ;
#5832 = ORIENTED_EDGE ( 'NONE', *, *, #3415, .T. ) ;
#5833 = CYLINDRICAL_SURFACE ( 'NONE', #1364, 0.3999999999999999700 ) ;
#5834 = EDGE_LOOP ( 'NONE', ( #1139, #6591, #202, #2464, #5821, #333, #6370, #140, #5869, #3494, #3936, #2180 ) ) ;
#5835 = DIRECTION ( 'NONE',  ( 1.000000000000000000, 0.0000000000000000000, -1.971276677246371500E-016 ) ) ;
#5836 = ADVANCED_FACE ( 'NONE', ( #7411 ), #4003, .F. ) ;
#5837 = DIRECTION ( 'NONE',  ( 0.0000000000000000000, 1.000000000000000000, -0.0000000000000000000 ) ) ;
#5838 = VECTOR ( 'NONE', #4572, 1000.000000000000000 ) ;
#5839 = DIRECTION ( 'NONE',  ( -0.0000000000000000000, -0.0000000000000000000, -1.000000000000000000 ) ) ;
#5840 = ORIENTED_EDGE ( 'NONE', *, *, #5206, .T. ) ;
#5841 = CARTESIAN_POINT ( 'NONE',  ( 2.200000000000001100, 0.5500000000000105900, 1.502499999999999500 ) ) ;
#5842 = DIRECTION ( 'NONE',  ( 0.06975647374411851600, 0.9975640502598247500, -0.0000000000000000000 ) ) ;
#5843 = EDGE_CURVE ( 'NONE', #6976, #1501, #6953, .T. ) ;
#5844 = DIRECTION ( 'NONE',  ( -0.0000000000000000000, -0.0000000000000000000, -1.000000000000000000 ) ) ;
#5845 = EDGE_CURVE ( 'NONE', #1546, #4335, #2279, .T. ) ;
#5846 = LINE ( 'NONE', #190, #4284 ) ;
#5847 = ORIENTED_EDGE ( 'NONE', *, *, #4813, .T. ) ;
#5848 = CARTESIAN_POINT ( 'NONE',  ( -2.791986582380880500, 0.1781656850632323000, 0.4474999999999995600 ) ) ;
#5849 = UNCERTAINTY_MEASURE_WITH_UNIT (LENGTH_MEASURE( 1.000000000000000100E-005 ), #3175, 'distance_accuracy_value', 'NONE');
#5850 = CARTESIAN_POINT ( 'NONE',  ( 2.575000000000000200, 0.4779902729874362900, -1.747500000000000300 ) ) ;
#5851 = EDGE_CURVE ( 'NONE', #1123, #4067, #3863, .T. ) ;
#5852 = AXIS2_PLACEMENT_3D ( 'NONE', #3667, #274, #4816 ) ;
#5853 = FACE_OUTER_BOUND ( 'NONE', #792, .T. ) ;
#5854 = ORIENTED_EDGE ( 'NONE', *, *, #2800, .T. ) ;
#5855 = PLANE ( 'NONE',  #5293 ) ;
#5856 = CARTESIAN_POINT ( 'NONE',  ( 2.724999999999980500, 0.4779902729874362400, 2.397500000000000000 ) ) ;
#5857 = CARTESIAN_POINT ( 'NONE',  ( -2.502990272987425600, 0.4779902729874362900, 0.4474999999999995600 ) ) ;
#5858 = DIRECTION ( 'NONE',  ( -1.000000000000000000, 0.0000000000000000000, 0.0000000000000000000 ) ) ;
#5859 = ORIENTED_EDGE ( 'NONE', *, *, #4099, .F. ) ;
#5860 = ORIENTED_EDGE ( 'NONE', *, *, #1252, .T. ) ;
#5861 = EDGE_CURVE ( 'NONE', #6994, #1618, #942, .T. ) ;
#5862 = EDGE_CURVE ( 'NONE', #4922, #4231, #6859, .T. ) ;
#5863 = CARTESIAN_POINT ( 'NONE',  ( -2.781523111319264400, 0.02853107752427832800, -1.747500000000000300 ) ) ;
#5864 = FILL_AREA_STYLE ('',( #4020 ) ) ;
#5865 = VERTEX_POINT ( 'NONE', #1722 ) ;
#5866 = AXIS2_PLACEMENT_3D ( 'NONE', #1216, #1804, #6909 ) ;
#5867 = CARTESIAN_POINT ( 'NONE',  ( -3.189536528938383700, -3.794707603699265500E-016, -0.2025000000000004300 ) ) ;
#5868 = ORIENTED_EDGE ( 'NONE', *, *, #6037, .T. ) ;
#5869 = ORIENTED_EDGE ( 'NONE', *, *, #3527, .F. ) ;
#5870 = FACE_OUTER_BOUND ( 'NONE', #6915, .T. ) ;
#5871 = ADVANCED_FACE ( 'NONE', ( #1480 ), #6302, .F. ) ;
#5872 = CARTESIAN_POINT ( 'NONE',  ( -2.147339000965042400, 0.1499999999999999900, -2.499999999999997300 ) ) ;
#5873 = ORIENTED_EDGE ( 'NONE', *, *, #5455, .F. ) ;
#5874 = VERTEX_POINT ( 'NONE', #615 ) ;
#5875 = VECTOR ( 'NONE', #1622, 1000.000000000000000 ) ;
#5876 = CARTESIAN_POINT ( 'NONE',  ( -2.575000000000000200, 0.4779902729874362900, 0.4474999999999995600 ) ) ;
#5877 = AXIS2_PLACEMENT_3D ( 'NONE', #4654, #6386, #4577 ) ;
#5878 = CARTESIAN_POINT ( 'NONE',  ( -2.502990272987425600, 0.5500000000000105900, 1.502499999999999500 ) ) ;
#5879 = EDGE_LOOP ( 'NONE', ( #5325, #3055, #1858, #3549, #293, #6397, #5097, #6391, #2194, #5749, #6573, #990 ) ) ;
#5880 = VECTOR ( 'NONE', #1766, 1000.000000000000000 ) ;
#5881 = DIRECTION ( 'NONE',  ( -0.0000000000000000000, 1.000000000000000000, -0.0000000000000000000 ) ) ;
#5882 = ORIENTED_EDGE ( 'NONE', *, *, #3627, .T. ) ;
#5883 = VECTOR ( 'NONE', #357, 1000.000000000000000 ) ;
#5884 = DIRECTION ( 'NONE',  ( -1.954412132001955300E-016, -0.1305261922200484400, -0.9914448613738108300 ) ) ;
#5885 = CARTESIAN_POINT ( 'NONE',  ( 3.200000000000000200, 0.1496346075389538600, -1.502500000000000400 ) ) ;
#5886 = DIRECTION ( 'NONE',  ( -1.000000000000000000, 0.0000000000000000000, 0.0000000000000000000 ) ) ;
#5887 = AXIS2_PLACEMENT_3D ( 'NONE', #2359, #2929, #692 ) ;
#5888 = FACE_OUTER_BOUND ( 'NONE', #6939, .T. ) ;
#5889 = PLANE ( 'NONE',  #3466 ) ;
#5890 = LINE ( 'NONE', #6881, #4331 ) ;
#5891 = VECTOR ( 'NONE', #3506, 1000.000000000000000 ) ;
#5892 = EDGE_LOOP ( 'NONE', ( #7071, #7303, #4877, #5924 ) ) ;
#5893 = ORIENTED_EDGE ( 'NONE', *, *, #5761, .T. ) ;
#5894 = CIRCLE ( 'NONE', #5196, 0.2220097270125543400 ) ;
#5895 = EDGE_CURVE ( 'NONE', #1839, #6279, #756, .T. ) ;
#5896 = MECHANICAL_DESIGN_GEOMETRIC_PRESENTATION_REPRESENTATION (  '', ( #3178 ), #4716 ) ;
#5897 = ORIENTED_EDGE ( 'NONE', *, *, #4280, .F. ) ;
#5898 = DIRECTION ( 'NONE',  ( 0.0000000000000000000, 0.0000000000000000000, 1.000000000000000000 ) ) ;
#5899 = ORIENTED_EDGE ( 'NONE', *, *, #6007, .F. ) ;
#5900 = CIRCLE ( 'NONE', #7414, 0.2220097270125543400 ) ;
#5901 = ORIENTED_EDGE ( 'NONE', *, *, #2608, .F. ) ;
#5902 = CARTESIAN_POINT ( 'NONE',  ( 2.200000000000001100, 0.5500000000000105900, -0.8525000000000003700 ) ) ;
#5903 = EDGE_LOOP ( 'NONE', ( #2435, #2059, #6609, #1231 ) ) ;
#5904 = ORIENTED_EDGE ( 'NONE', *, *, #5851, .T. ) ;
#5905 = FACE_OUTER_BOUND ( 'NONE', #1249, .T. ) ;
#5906 = ORIENTED_EDGE ( 'NONE', *, *, #2090, .T. ) ;
#5907 = DIRECTION ( 'NONE',  ( -0.0000000000000000000, -0.0000000000000000000, -1.000000000000000000 ) ) ;
#5908 = DIRECTION ( 'NONE',  ( -0.0000000000000000000, -0.0000000000000000000, -1.000000000000000000 ) ) ;
#5909 = EDGE_CURVE ( 'NONE', #2128, #7322, #3790, .T. ) ;
#5910 = CARTESIAN_POINT ( 'NONE',  ( -3.200000000000000200, 0.1496346075389538600, -0.2025000000000004300 ) ) ;
#5911 = ADVANCED_FACE ( 'NONE', ( #6330 ), #7375, .T. ) ;
#5912 = CARTESIAN_POINT ( 'NONE',  ( 2.575000000000000200, 0.2500000000000000000, 0.2024999999999995700 ) ) ;
#5913 = SURFACE_STYLE_FILL_AREA ( #5488 ) ;
#5914 = ORIENTED_EDGE ( 'NONE', *, *, #944, .F. ) ;
#5915 = DIRECTION ( 'NONE',  ( -0.0000000000000000000, -0.0000000000000000000, -1.000000000000000000 ) ) ;
#5916 = DIRECTION ( 'NONE',  ( 0.0000000000000000000, -1.000000000000000000, 0.0000000000000000000 ) ) ;
#5917 = CIRCLE ( 'NONE', #4882, 0.2220097270125543400 ) ;
#5918 = EDGE_CURVE ( 'NONE', #6518, #5200, #1118, .T. ) ;
#5919 = VECTOR ( 'NONE', #5672, 1000.000000000000000 ) ;
#5920 = ORIENTED_EDGE ( 'NONE', *, *, #6014, .T. ) ;
#5921 = AXIS2_PLACEMENT_3D ( 'NONE', #502, #7347, #6252 ) ;
#5922 = DIRECTION ( 'NONE',  ( 0.9975640502598247500, 0.06975647374411825300, 0.0000000000000000000 ) ) ;
#5923 = LINE ( 'NONE', #2332, #1516 ) ;
#5924 = ORIENTED_EDGE ( 'NONE', *, *, #7189, .T. ) ;
#5925 = CARTESIAN_POINT ( 'NONE',  ( -2.575000000000000200, 0.2500000000000000000, 0.4474999999999995600 ) ) ;
#5926 = SURFACE_STYLE_FILL_AREA ( #6463 ) ;
#5927 = ORIENTED_EDGE ( 'NONE', *, *, #3946, .T. ) ;
#5928 = CARTESIAN_POINT ( 'NONE',  ( 2.781523111319264400, 0.02853107752427827200, 2.397500000000000000 ) ) ;
#5929 = PLANE ( 'NONE',  #7204 ) ;
#5930 = ORIENTED_EDGE ( 'NONE', *, *, #2838, .F. ) ;
#5931 = AXIS2_PLACEMENT_3D ( 'NONE', #4787, #7089, #821 ) ;
#5932 = CARTESIAN_POINT ( 'NONE',  ( 2.724999999999980500, 0.4779902729874362400, -0.4475000000000004000 ) ) ;
#5933 = ORIENTED_EDGE ( 'NONE', *, *, #2090, .F. ) ;
#5934 = CARTESIAN_POINT ( 'NONE',  ( 2.502990272987425600, 0.5500000000000105900, 1.747499999999999400 ) ) ;
#5935 = CARTESIAN_POINT ( 'NONE',  ( -2.724999999999980500, 0.4779902729874362400, 1.747499999999999400 ) ) ;
#5936 = CARTESIAN_POINT ( 'NONE',  ( -2.575000000000000200, 0.4779902729874362900, -2.397500000000000400 ) ) ;
#5937 = CIRCLE ( 'NONE', #1646, 0.2220097270125543400 ) ;
#5938 = VERTEX_POINT ( 'NONE', #1198 ) ;
#5939 = EDGE_CURVE ( 'NONE', #1057, #5431, #1740, .T. ) ;
#5940 =( NAMED_UNIT ( * ) SI_UNIT ( $, .STERADIAN. ) SOLID_ANGLE_UNIT ( ) );
#5941 = ADVANCED_FACE ( 'NONE', ( #3067 ), #2324, .F. ) ;
#5942 = DIRECTION ( 'NONE',  ( -0.0000000000000000000, -0.0000000000000000000, -1.000000000000000000 ) ) ;
#5943 = ORIENTED_EDGE ( 'NONE', *, *, #1002, .T. ) ;
#5944 = ORIENTED_EDGE ( 'NONE', *, *, #4612, .F. ) ;
#5945 = DIRECTION ( 'NONE',  ( 0.0000000000000000000, 1.000000000000000000, 0.0000000000000000000 ) ) ;
#5946 = EDGE_CURVE ( 'NONE', #1361, #5612, #5056, .T. ) ;
#5947 = ORIENTED_EDGE ( 'NONE', *, *, #7350, .F. ) ;
#5948 = CARTESIAN_POINT ( 'NONE',  ( 2.199999999999999300, 8.860330322138688400, -2.499999999999998200 ) ) ;
#5949 = ORIENTED_EDGE ( 'NONE', *, *, #3003, .T. ) ;
#5950 = VERTEX_POINT ( 'NONE', #6422 ) ;
#5951 = CARTESIAN_POINT ( 'NONE',  ( -2.200000000000001100, 0.6999999999999905200, 1.097499999999999500 ) ) ;
#5952 = CARTESIAN_POINT ( 'NONE',  ( 2.502990272987425600, 0.5500000000000105900, 0.4474999999999995600 ) ) ;
#5953 = CARTESIAN_POINT ( 'NONE',  ( 3.200000000000000200, 0.1496346075389538600, -0.8525000000000003700 ) ) ;
#5954 = VERTEX_POINT ( 'NONE', #680 ) ;
#5955 = EDGE_LOOP ( 'NONE', ( #4886, #5331, #5149, #2964 ) ) ;
#5956 = EDGE_LOOP ( 'NONE', ( #3515, #6348, #724, #3774 ) ) ;
#5957 = EDGE_CURVE ( 'NONE', #823, #5005, #5504, .T. ) ;
#5958 = VECTOR ( 'NONE', #2486, 1000.000000000000000 ) ;
#5959 = DIRECTION ( 'NONE',  ( -0.0000000000000000000, -0.0000000000000000000, -1.000000000000000000 ) ) ;
#5960 = AXIS2_PLACEMENT_3D ( 'NONE', #2670, #5595, #7278 ) ;
#5961 = CARTESIAN_POINT ( 'NONE',  ( 2.797009727012554200, 0.2500000000000000000, 1.097499999999999500 ) ) ;
#5962 = CARTESIAN_POINT ( 'NONE',  ( 2.502990272987425600, 0.4779902729874362900, -2.152500000000000300 ) ) ;
#5963 = ORIENTED_EDGE ( 'NONE', *, *, #2362, .T. ) ;
#5964 = VERTEX_POINT ( 'NONE', #6943 ) ;
#5965 = VECTOR ( 'NONE', #6657, 1000.000000000000000 ) ;
#5966 = DIRECTION ( 'NONE',  ( 0.0000000000000000000, 1.000000000000000000, 0.0000000000000000000 ) ) ;
#5967 = DIRECTION ( 'NONE',  ( 1.000000000000000000, 0.0000000000000000000, 0.0000000000000000000 ) ) ;
#5968 = DIRECTION ( 'NONE',  ( -0.0000000000000000000, -0.0000000000000000000, -1.000000000000000000 ) ) ;
#5969 = ADVANCED_FACE ( 'NONE', ( #1289 ), #6349, .F. ) ;
#5970 = CARTESIAN_POINT ( 'NONE',  ( 2.791986582380880500, 0.1781656850632321000, -0.8525000000000003700 ) ) ;
#5971 = EDGE_LOOP ( 'NONE', ( #6619, #6558, #4027, #282 ) ) ;
#5972 = MECHANICAL_DESIGN_GEOMETRIC_PRESENTATION_REPRESENTATION (  '', ( #4013 ), #1624 ) ;
#5973 = LINE ( 'NONE', #2214, #2992 ) ;
#5974 = CARTESIAN_POINT ( 'NONE',  ( 2.200000000000001100, 0.6999999999999905200, -1.097500000000000400 ) ) ;
#5975 = DIRECTION ( 'NONE',  ( 0.0000000000000000000, 0.0000000000000000000, -1.000000000000000000 ) ) ;
#5976 = DIRECTION ( 'NONE',  ( -0.06975647374411851600, 0.9975640502598247500, 0.0000000000000000000 ) ) ;
#5977 = DIRECTION ( 'NONE',  ( -1.000000000000000000, 0.0000000000000000000, 0.0000000000000000000 ) ) ;
#5978 = VECTOR ( 'NONE', #3910, 1000.000000000000000 ) ;
#5979 = ADVANCED_FACE ( 'NONE', ( #6678 ), #5773, .F. ) ;
#5980 = CARTESIAN_POINT ( 'NONE',  ( -3.200000000000000200, 0.1496346075389538600, 1.502499999999999500 ) ) ;
#5981 = COLOUR_RGB ( '',0.7921568627450980000, 0.8196078431372548800, 0.9333333333333333500 ) ;
#5982 = EDGE_LOOP ( 'NONE', ( #2439, #5998, #6838, #6545 ) ) ;
#5983 = EDGE_CURVE ( 'NONE', #2507, #1429, #4686, .T. ) ;
#5984 = ORIENTED_EDGE ( 'NONE', *, *, #7155, .F. ) ;
#5985 = EDGE_CURVE ( 'NONE', #4048, #4819, #935, .T. ) ;
#5986 = CARTESIAN_POINT ( 'NONE',  ( -3.200000000000000200, 0.1496346075389538600, 1.097499999999999500 ) ) ;
#5987 = PLANE ( 'NONE',  #3691 ) ;
#5988 = LINE ( 'NONE', #2530, #1127 ) ;
#5989 = CARTESIAN_POINT ( 'NONE',  ( -2.724999999999980100, 0.4779902729874363500, 2.397500000000000000 ) ) ;
#5990 = LINE ( 'NONE', #7295, #6969 ) ;
#5991 = ORIENTED_EDGE ( 'NONE', *, *, #3900, .F. ) ;
#5992 = VERTEX_POINT ( 'NONE', #3540 ) ;
#5993 = DIRECTION ( 'NONE',  ( -1.000000000000000000, 0.0000000000000000000, 0.0000000000000000000 ) ) ;
#5994 = EDGE_CURVE ( 'NONE', #1558, #2935, #3959, .T. ) ;
#5995 = FACE_OUTER_BOUND ( 'NONE', #2185, .T. ) ;
#5996 = AXIS2_PLACEMENT_3D ( 'NONE', #2062, #3201, #7230 ) ;
#5997 = PLANE ( 'NONE',  #3110 ) ;
#5998 = ORIENTED_EDGE ( 'NONE', *, *, #5228, .F. ) ;
#5999 = VECTOR ( 'NONE', #572, 1000.000000000000000 ) ;
#6000 = ORIENTED_EDGE ( 'NONE', *, *, #1311, .T. ) ;
#6001 = DIRECTION ( 'NONE',  ( -0.06975647374411825300, -0.9975640502598247500, 0.0000000000000000000 ) ) ;
#6002 = FACE_OUTER_BOUND ( 'NONE', #6467, .T. ) ;
#6003 = DIRECTION ( 'NONE',  ( 0.0000000000000000000, -0.0000000000000000000, 1.000000000000000000 ) ) ;
#6004 = CARTESIAN_POINT ( 'NONE',  ( -3.189536528938383700, -3.794707603699265500E-016, 1.747499999999999400 ) ) ;
#6005 = LINE ( 'NONE', #5391, #4445 ) ;
#6006 = VERTEX_POINT ( 'NONE', #111 ) ;
#6007 = EDGE_CURVE ( 'NONE', #885, #4640, #5150, .T. ) ;
#6008 = CARTESIAN_POINT ( 'NONE',  ( 2.502990272987425600, 0.5500000000000105900, 1.097499999999999500 ) ) ;
#6009 = CYLINDRICAL_SURFACE ( 'NONE', #7353, 0.2220097270125543400 ) ;
#6010 = ORIENTED_EDGE ( 'NONE', *, *, #7433, .F. ) ;
#6011 = VECTOR ( 'NONE', #7334, 1000.000000000000000 ) ;
#6012 = VERTEX_POINT ( 'NONE', #5186 ) ;
#6013 = PLANE ( 'NONE',  #2482 ) ;
#6014 = EDGE_CURVE ( 'NONE', #6376, #2170, #3605, .T. ) ;
#6015 = ORIENTED_EDGE ( 'NONE', *, *, #5822, .T. ) ;
#6016 = VECTOR ( 'NONE', #1689, 1000.000000000000000 ) ;
#6017 = VERTEX_POINT ( 'NONE', #5850 ) ;
#6018 = ADVANCED_FACE ( 'NONE', ( #2002 ), #7015, .F. ) ;
#6019 = DIRECTION ( 'NONE',  ( -0.0000000000000000000, 1.000000000000000000, -0.0000000000000000000 ) ) ;
#6020 = AXIS2_PLACEMENT_3D ( 'NONE', #1476, #980, #3758 ) ;
#6021 = CARTESIAN_POINT ( 'NONE',  ( -3.200000000000000200, 0.1496346075389538600, 2.397500000000000000 ) ) ;
#6022 = DIRECTION ( 'NONE',  ( -0.0000000000000000000, -0.0000000000000000000, -1.000000000000000000 ) ) ;
#6023 = CARTESIAN_POINT ( 'NONE',  ( 2.502990272987425600, 0.4779902729874362900, 0.2024999999999995700 ) ) ;
#6024 = ORIENTED_EDGE ( 'NONE', *, *, #4186, .T. ) ;
#6025 = ORIENTED_EDGE ( 'NONE', *, *, #6745, .T. ) ;
#6026 = CARTESIAN_POINT ( 'NONE',  ( -2.200000000000001100, 8.860330322138688400, -2.499999999999997300 ) ) ;
#6027 = DIRECTION ( 'NONE',  ( -1.000000000000000000, 0.0000000000000000000, 0.0000000000000000000 ) ) ;
#6028 = DIRECTION ( 'NONE',  ( -0.9975640502598247500, 0.06975647374411825300, -0.0000000000000000000 ) ) ;
#6029 = AXIS2_PLACEMENT_3D ( 'NONE', #30, #6855, #628 ) ;
#6030 = CARTESIAN_POINT ( 'NONE',  ( 3.200000000000000200, 0.1496346075389538600, -0.2025000000000004300 ) ) ;
#6031 = DIRECTION ( 'NONE',  ( 0.06975647374411851600, 0.9975640502598247500, -0.0000000000000000000 ) ) ;
#6032 = FACE_OUTER_BOUND ( 'NONE', #4590, .T. ) ;
#6033 = ORIENTED_EDGE ( 'NONE', *, *, #6601, .T. ) ;
#6034 = DIRECTION ( 'NONE',  ( 1.000000000000000000, 0.0000000000000000000, -1.971276677246371500E-016 ) ) ;
#6035 = CARTESIAN_POINT ( 'NONE',  ( 3.200000000000000200, 0.1496346075389538600, 0.4474999999999995600 ) ) ;
#6036 = DIRECTION ( 'NONE',  ( -0.0000000000000000000, -0.0000000000000000000, -1.000000000000000000 ) ) ;
#6037 = EDGE_CURVE ( 'NONE', #3849, #6994, #6496, .T. ) ;
#6038 = AXIS2_PLACEMENT_3D ( 'NONE', #7017, #1346, #4738 ) ;
#6039 = VERTEX_POINT ( 'NONE', #5800 ) ;
#6040 = ORIENTED_EDGE ( 'NONE', *, *, #2057, .F. ) ;
#6041 = DIRECTION ( 'NONE',  ( -0.0000000000000000000, -0.0000000000000000000, -1.000000000000000000 ) ) ;
#6042 = DIRECTION ( 'NONE',  ( 0.0000000000000000000, -1.000000000000000000, 0.0000000000000000000 ) ) ;
#6043 = ORIENTED_EDGE ( 'NONE', *, *, #7121, .F. ) ;
#6044 = ORIENTED_EDGE ( 'NONE', *, *, #4962, .T. ) ;
#6045 = ORIENTED_EDGE ( 'NONE', *, *, #4301, .T. ) ;
#6046 = EDGE_CURVE ( 'NONE', #741, #3309, #3343, .T. ) ;
#6047 = CARTESIAN_POINT ( 'NONE',  ( 2.575000000000000200, 0.2500000000000000000, 1.747499999999999400 ) ) ;
#6048 = ORIENTED_EDGE ( 'NONE', *, *, #4042, .F. ) ;
#6049 = CARTESIAN_POINT ( 'NONE',  ( 3.200000000000000200, 0.1496346075389538600, 1.097499999999999500 ) ) ;
#6050 = ORIENTED_EDGE ( 'NONE', *, *, #1860, .T. ) ;
#6051 = LINE ( 'NONE', #5244, #744 ) ;
#6052 = DIRECTION ( 'NONE',  ( 1.000000000000000000, 0.0000000000000000000, 0.0000000000000000000 ) ) ;
#6053 = ADVANCED_FACE ( 'NONE', ( #130 ), #2539, .F. ) ;
#6054 = CARTESIAN_POINT ( 'NONE',  ( -2.200000000000001100, 0.6999999999999905200, -0.2025000000000004300 ) ) ;
#6055 = ORIENTED_EDGE ( 'NONE', *, *, #2136, .F. ) ;
#6056 = CARTESIAN_POINT ( 'NONE',  ( 2.106341944256789200, 1.411403562101335900, -2.406341944256788600 ) ) ;
#6057 = EDGE_CURVE ( 'NONE', #3309, #5692, #488, .T. ) ;
#6058 = ORIENTED_EDGE ( 'NONE', *, *, #6746, .T. ) ;
#6059 = LINE ( 'NONE', #3130, #2797 ) ;
#6060 = ORIENTED_EDGE ( 'NONE', *, *, #4848, .F. ) ;
#6061 = VECTOR ( 'NONE', #5916, 1000.000000000000000 ) ;
#6062 = DIRECTION ( 'NONE',  ( -1.000000000000000000, 0.0000000000000000000, 0.0000000000000000000 ) ) ;
#6063 = VECTOR ( 'NONE', #2468, 1000.000000000000000 ) ;
#6064 = DIRECTION ( 'NONE',  ( 0.06975647374411934900, 0.9975640502598246400, -0.0000000000000000000 ) ) ;
#6065 = VECTOR ( 'NONE', #4996, 1000.000000000000000 ) ;
#6066 = CIRCLE ( 'NONE', #4438, 0.07200972701257432600 ) ;
#6067 = ORIENTED_EDGE ( 'NONE', *, *, #7446, .T. ) ;
#6068 = CARTESIAN_POINT ( 'NONE',  ( -2.200000000000001100, 0.6999999999999905200, -1.502500000000000400 ) ) ;
#6069 = ORIENTED_EDGE ( 'NONE', *, *, #452, .F. ) ;
#6070 = DIRECTION ( 'NONE',  ( -0.06975647374411825300, -0.9975640502598247500, 0.0000000000000000000 ) ) ;
#6071 = AXIS2_PLACEMENT_3D ( 'NONE', #1443, #6770, #3111 ) ;
#6072 = CYLINDRICAL_SURFACE ( 'NONE', #6262, 0.2220097270125543400 ) ;
#6073 = CARTESIAN_POINT ( 'NONE',  ( 2.724999999999980500, 0.4779902729874362400, 1.747499999999999400 ) ) ;
#6074 = ADVANCED_BREP_SHAPE_REPRESENTATION ( 'SC18IS606PWJ', ( #917, #7030, #4347, #4759, #6481, #4670, #3442, #2878, #3104, #4017, #1149, #2690, #2017, #3239, #7120, #782, #1918, #6842 ), #3376 ) ;
#6075 = VERTEX_POINT ( 'NONE', #1391 ) ;
#6076 = ORIENTED_EDGE ( 'NONE', *, *, #4127, .F. ) ;
#6077 = CARTESIAN_POINT ( 'NONE',  ( 2.791986582380880500, 0.1781656850632321000, 0.4474999999999995600 ) ) ;
#6078 = CARTESIAN_POINT ( 'NONE',  ( -2.200000000000001100, 0.5500000000000105900, -1.097500000000000400 ) ) ;
#6079 = LINE ( 'NONE', #2902, #515 ) ;
#6080 = EDGE_CURVE ( 'NONE', #1009, #2940, #7213, .T. ) ;
#6081 = AXIS2_PLACEMENT_3D ( 'NONE', #6435, #755, #2448 ) ;
#6082 = CIRCLE ( 'NONE', #5509, 0.2220097270125543400 ) ;
#6083 = EDGE_LOOP ( 'NONE', ( #3802, #1030, #3960, #6563 ) ) ;
#6084 = DIRECTION ( 'NONE',  ( -0.0000000000000000000, -0.0000000000000000000, -1.000000000000000000 ) ) ;
#6085 = ORIENTED_EDGE ( 'NONE', *, *, #908, .T. ) ;
#6086 = SURFACE_STYLE_USAGE ( .BOTH. , #2648 ) ;
#6087 = CARTESIAN_POINT ( 'NONE',  ( 2.200000000000001100, 0.5500000000000105900, -0.2025000000000004300 ) ) ;
#6088 = ORIENTED_EDGE ( 'NONE', *, *, #4763, .F. ) ;
#6089 = ADVANCED_FACE ( 'NONE', ( #3531 ), #3354, .F. ) ;
#6090 = CARTESIAN_POINT ( 'NONE',  ( -2.200000000000001100, 0.6999999999999905200, 1.097499999999999500 ) ) ;
#6091 = EDGE_CURVE ( 'NONE', #3143, #913, #749, .T. ) ;
#6092 = DIRECTION ( 'NONE',  ( 0.9975640502598246400, 0.06975647374411936300, 0.0000000000000000000 ) ) ;
#6093 = CYLINDRICAL_SURFACE ( 'NONE', #4056, 0.07200972701257388200 ) ;
#6094 = DIRECTION ( 'NONE',  ( -1.000000000000000000, 0.0000000000000000000, 0.0000000000000000000 ) ) ;
#6095 = CARTESIAN_POINT ( 'NONE',  ( -2.791986582380880500, 0.1781656850632323000, -0.8525000000000003700 ) ) ;
#6096 = VECTOR ( 'NONE', #1531, 1000.000000000000000 ) ;
#6097 = EDGE_LOOP ( 'NONE', ( #2562, #6772, #2329, #4124 ) ) ;
#6098 = PLANE ( 'NONE',  #6911 ) ;
#6099 =( LENGTH_UNIT ( ) NAMED_UNIT ( * ) SI_UNIT ( .MILLI., .METRE. ) );
#6100 = ORIENTED_EDGE ( 'NONE', *, *, #5861, .T. ) ;
#6101 = EDGE_CURVE ( 'NONE', #7207, #2349, #2012, .T. ) ;
#6102 = LINE ( 'NONE', #5233, #6899 ) ;
#6103 = ORIENTED_EDGE ( 'NONE', *, *, #5714, .T. ) ;
#6104 = CARTESIAN_POINT ( 'NONE',  ( 2.200000000000001100, 0.6999999999999905200, -2.152500000000000300 ) ) ;
#6105 = MECHANICAL_DESIGN_GEOMETRIC_PRESENTATION_REPRESENTATION (  '', ( #2718 ), #6201 ) ;
#6106 = VECTOR ( 'NONE', #7382, 1000.000000000000000 ) ;
#6107 = DIRECTION ( 'NONE',  ( 0.06975647374411851600, 0.9975640502598247500, -0.0000000000000000000 ) ) ;
#6108 = VERTEX_POINT ( 'NONE', #7062 ) ;
#6109 = DIRECTION ( 'NONE',  ( 0.0000000000000000000, 0.0000000000000000000, 1.000000000000000000 ) ) ;
#6110 = CARTESIAN_POINT ( 'NONE',  ( 2.791986582380880500, 0.1781656850632321000, -1.502500000000000400 ) ) ;
#6111 = AXIS2_PLACEMENT_3D ( 'NONE', #4522, #3962, #2768 ) ;
#6112 = LINE ( 'NONE', #2177, #5480 ) ;
#6113 = VERTEX_POINT ( 'NONE', #4256 ) ;
#6114 = CARTESIAN_POINT ( 'NONE',  ( -2.781523111319264400, 0.02853107752427832800, -0.4475000000000004000 ) ) ;
#6115 = ORIENTED_EDGE ( 'NONE', *, *, #33, .T. ) ;
#6116 = VERTEX_POINT ( 'NONE', #3680 ) ;
#6117 = DIRECTION ( 'NONE',  ( -0.0000000000000000000, -1.000000000000000000, -0.0000000000000000000 ) ) ;
#6118 = EDGE_CURVE ( 'NONE', #6039, #6279, #1110, .T. ) ;
#6119 = EDGE_CURVE ( 'NONE', #6039, #1816, #1641, .T. ) ;
#6120 =( NAMED_UNIT ( * ) SI_UNIT ( $, .STERADIAN. ) SOLID_ANGLE_UNIT ( ) );
#6121 =( GEOMETRIC_REPRESENTATION_CONTEXT ( 3 ) GLOBAL_UNCERTAINTY_ASSIGNED_CONTEXT ( ( #2157 ) ) GLOBAL_UNIT_ASSIGNED_CONTEXT ( ( #5119, #5695, #6183 ) ) REPRESENTATION_CONTEXT ( 'NONE', 'WORKASPACE' ) );
#6122 = ADVANCED_FACE ( 'NONE', ( #6590 ), #5997, .F. ) ;
#6123 = ORIENTED_EDGE ( 'NONE', *, *, #5939, .F. ) ;
#6124 = DIRECTION ( 'NONE',  ( 0.0000000000000000000, 1.000000000000000000, 0.0000000000000000000 ) ) ;
#6125 = VERTEX_POINT ( 'NONE', #2462 ) ;
#6126 = VERTEX_POINT ( 'NONE', #1293 ) ;
#6127 = ORIENTED_EDGE ( 'NONE', *, *, #5751, .F. ) ;
#6128 = DIRECTION ( 'NONE',  ( 0.0000000000000000000, 0.0000000000000000000, 1.000000000000000000 ) ) ;
#6129 = DIRECTION ( 'NONE',  ( 1.000000000000000000, 0.0000000000000000000, -0.0000000000000000000 ) ) ;
#6130 = PLANE ( 'NONE',  #5960 ) ;
#6131 = EDGE_CURVE ( 'NONE', #1316, #7094, #4872, .T. ) ;
#6132 = DIRECTION ( 'NONE',  ( -0.0000000000000000000, 0.0000000000000000000, -1.000000000000000000 ) ) ;
#6133 = AXIS2_PLACEMENT_3D ( 'NONE', #3602, #7128, #206 ) ;
#6134 = ORIENTED_EDGE ( 'NONE', *, *, #7035, .F. ) ;
#6135 = FILL_AREA_STYLE_COLOUR ( '', #5136 ) ;
#6136 = EDGE_LOOP ( 'NONE', ( #2535, #2290, #1019, #3459 ) ) ;
#6137 = ORIENTED_EDGE ( 'NONE', *, *, #739, .T. ) ;
#6138 = VECTOR ( 'NONE', #4855, 1000.000000000000000 ) ;
#6139 = DIRECTION ( 'NONE',  ( 0.0000000000000000000, 0.0000000000000000000, 1.000000000000000000 ) ) ;
#6140 = CARTESIAN_POINT ( 'NONE',  ( -1.359873937319054000, 1.100000000000000100, -1.259873937319050600 ) ) ;
#6141 = ORIENTED_EDGE ( 'NONE', *, *, #3189, .F. ) ;
#6142 = ORIENTED_EDGE ( 'NONE', *, *, #5316, .T. ) ;
#6143 = SURFACE_SIDE_STYLE ('',( #2942 ) ) ;
#6144 = ORIENTED_EDGE ( 'NONE', *, *, #5798, .T. ) ;
#6145 = EDGE_CURVE ( 'NONE', #1639, #2723, #3168, .T. ) ;
#6146 = VECTOR ( 'NONE', #757, 1000.000000000000000 ) ;
#6147 = DIRECTION ( 'NONE',  ( 0.9975640502598246400, 0.06975647374411936300, 0.0000000000000000000 ) ) ;
#6148 = CARTESIAN_POINT ( 'NONE',  ( 2.200000000000001100, 0.5500000000000105900, -2.152500000000000300 ) ) ;
#6149 = AXIS2_PLACEMENT_3D ( 'NONE', #221, #1396, #6003 ) ;
#6150 = DIRECTION ( 'NONE',  ( -0.0000000000000000000, -0.0000000000000000000, -1.000000000000000000 ) ) ;
#6151 = LINE ( 'NONE', #6646, #2450 ) ;
#6152 = ORIENTED_EDGE ( 'NONE', *, *, #2980, .F. ) ;
#6153 = FACE_OUTER_BOUND ( 'NONE', #1552, .T. ) ;
#6154 = CARTESIAN_POINT ( 'NONE',  ( -2.575000000000000200, 0.2500000000000000000, -1.502500000000000400 ) ) ;
#6155 = DIRECTION ( 'NONE',  ( 0.0000000000000000000, 1.000000000000000000, 0.0000000000000000000 ) ) ;
#6156 = EDGE_CURVE ( 'NONE', #3295, #3428, #6416, .T. ) ;
#6157 = CARTESIAN_POINT ( 'NONE',  ( 3.189536528938383700, -3.794707603699265500E-016, -0.8525000000000003700 ) ) ;
#6158 = VECTOR ( 'NONE', #7410, 1000.000000000000000 ) ;
#6159 = CARTESIAN_POINT ( 'NONE',  ( -2.724999999999980100, 0.4779902729874363500, 1.502499999999999500 ) ) ;
#6160 = AXIS2_PLACEMENT_3D ( 'NONE', #7118, #7206, #4876 ) ;
#6161 = DIRECTION ( 'NONE',  ( -1.000000000000000000, 0.0000000000000000000, 0.0000000000000000000 ) ) ;
#6162 = LINE ( 'NONE', #108, #682 ) ;
#6163 = ORIENTED_EDGE ( 'NONE', *, *, #1797, .T. ) ;
#6164 = ORIENTED_EDGE ( 'NONE', *, *, #469, .T. ) ;
#6165 = ADVANCED_FACE ( 'NONE', ( #1834 ), #189, .F. ) ;
#6166 = DIRECTION ( 'NONE',  ( -0.0000000000000000000, 0.0000000000000000000, -1.000000000000000000 ) ) ;
#6167 = LINE ( 'NONE', #6180, #5705 ) ;
#6168 = CARTESIAN_POINT ( 'NONE',  ( -2.575000000000000200, 0.2500000000000000000, -1.747500000000000300 ) ) ;
#6169 = PLANE ( 'NONE',  #2151 ) ;
#6170 = LINE ( 'NONE', #1367, #764 ) ;
#6171 = ORIENTED_EDGE ( 'NONE', *, *, #3582, .T. ) ;
#6172 = DIRECTION ( 'NONE',  ( 0.0000000000000000000, -1.000000000000000000, 0.0000000000000000000 ) ) ;
#6173 = VECTOR ( 'NONE', #5708, 1000.000000000000000 ) ;
#6174 = ORIENTED_EDGE ( 'NONE', *, *, #1453, .T. ) ;
#6175 = CARTESIAN_POINT ( 'NONE',  ( -2.502990272987425600, 0.5500000000000105900, 0.4474999999999995600 ) ) ;
#6176 = CARTESIAN_POINT ( 'NONE',  ( 2.502990272987425600, 0.6999999999999905200, -1.747500000000000300 ) ) ;
#6177 = EDGE_CURVE ( 'NONE', #4387, #2261, #4860, .T. ) ;
#6178 = ORIENTED_EDGE ( 'NONE', *, *, #1088, .T. ) ;
#6179 = AXIS2_PLACEMENT_3D ( 'NONE', #2577, #6572, #227 ) ;
#6180 = CARTESIAN_POINT ( 'NONE',  ( -2.575000000000000200, 0.4779902729874362900, -2.152500000000000300 ) ) ;
#6181 = LINE ( 'NONE', #1135, #5452 ) ;
#6182 = ORIENTED_EDGE ( 'NONE', *, *, #3119, .T. ) ;
#6183 =( NAMED_UNIT ( * ) SI_UNIT ( $, .STERADIAN. ) SOLID_ANGLE_UNIT ( ) );
#6184 = DIRECTION ( 'NONE',  ( -0.0000000000000000000, -0.0000000000000000000, -1.000000000000000000 ) ) ;
#6185 = LINE ( 'NONE', #5413, #4721 ) ;
#6186 = VERTEX_POINT ( 'NONE', #1498 ) ;
#6187 = CIRCLE ( 'NONE', #3031, 0.07200972701257388200 ) ;
#6188 = ORIENTED_EDGE ( 'NONE', *, *, #213, .F. ) ;
#6189 = DIRECTION ( 'NONE',  ( -1.000000000000000000, 0.0000000000000000000, 1.971276677246371500E-016 ) ) ;
#6190 = EDGE_CURVE ( 'NONE', #5296, #5992, #314, .T. ) ;
#6191 = AXIS2_PLACEMENT_3D ( 'NONE', #727, #1303, #1329 ) ;
#6192 = SURFACE_STYLE_FILL_AREA ( #6634 ) ;
#6193 = ORIENTED_EDGE ( 'NONE', *, *, #4679, .T. ) ;
#6194 = LINE ( 'NONE', #7368, #3488 ) ;
#6195 = VERTEX_POINT ( 'NONE', #6114 ) ;
#6196 = CARTESIAN_POINT ( 'NONE',  ( 3.189536528938383700, -3.794707603699265500E-016, 1.747499999999999400 ) ) ;
#6197 = EDGE_CURVE ( 'NONE', #1585, #2616, #1649, .T. ) ;
#6198 = ADVANCED_FACE ( 'NONE', ( #3160 ), #6616, .F. ) ;
#6199 = LINE ( 'NONE', #769, #3122 ) ;
#6200 = EDGE_LOOP ( 'NONE', ( #1626, #3299, #2669, #6024 ) ) ;
#6201 =( GEOMETRIC_REPRESENTATION_CONTEXT ( 3 ) GLOBAL_UNCERTAINTY_ASSIGNED_CONTEXT ( ( #5849 ) ) GLOBAL_UNIT_ASSIGNED_CONTEXT ( ( #3175, #358, #279 ) ) REPRESENTATION_CONTEXT ( 'NONE', 'WORKASPACE' ) );
#6202 = DIRECTION ( 'NONE',  ( -1.000000000000000000, 0.0000000000000000000, 0.0000000000000000000 ) ) ;
#6203 = CARTESIAN_POINT ( 'NONE',  ( -2.797009727012554200, 0.2500000000000000000, -2.152500000000000300 ) ) ;
#6204 = DIRECTION ( 'NONE',  ( -0.9975640502598246400, 0.06975647374411934900, 0.0000000000000000000 ) ) ;
#6205 = CARTESIAN_POINT ( 'NONE',  ( -2.200000000000001100, 0.6999999999999905200, -1.747500000000000300 ) ) ;
#6206 = ORIENTED_EDGE ( 'NONE', *, *, #1013, .F. ) ;
#6207 = VECTOR ( 'NONE', #5515, 1000.000000000000000 ) ;
#6208 = EDGE_LOOP ( 'NONE', ( #2792, #2554, #2270, #748 ) ) ;
#6209 = CARTESIAN_POINT ( 'NONE',  ( 2.797009727012554200, 0.2500000000000000000, -1.502500000000000400 ) ) ;
#6210 = AXIS2_PLACEMENT_3D ( 'NONE', #1178, #6223, #2763 ) ;
#6211 = CARTESIAN_POINT ( 'NONE',  ( -2.200000000000001100, 0.5500000000000105900, 0.4474999999999995600 ) ) ;
#6212 = DIRECTION ( 'NONE',  ( -1.000000000000000000, 0.0000000000000000000, 0.0000000000000000000 ) ) ;
#6213 = VERTEX_POINT ( 'NONE', #2067 ) ;
#6214 = ORIENTED_EDGE ( 'NONE', *, *, #3999, .F. ) ;
#6215 = DIRECTION ( 'NONE',  ( -0.0000000000000000000, -0.0000000000000000000, -1.000000000000000000 ) ) ;
#6216 = CARTESIAN_POINT ( 'NONE',  ( 2.724999999999980500, 0.4779902729874362400, -1.097500000000000400 ) ) ;
#6217 = ORIENTED_EDGE ( 'NONE', *, *, #656, .T. ) ;
#6218 = EDGE_CURVE ( 'NONE', #2750, #6645, #6246, .T. ) ;
#6219 = EDGE_CURVE ( 'NONE', #2079, #4543, #1471, .T. ) ;
#6220 = CARTESIAN_POINT ( 'NONE',  ( 2.502990272987425600, 0.5500000000000105900, 0.2024999999999995700 ) ) ;
#6221 = ORIENTED_EDGE ( 'NONE', *, *, #5065, .F. ) ;
#6222 = ORIENTED_EDGE ( 'NONE', *, *, #4197, .T. ) ;
#6223 = DIRECTION ( 'NONE',  ( 0.0000000000000000000, 0.0000000000000000000, 1.000000000000000000 ) ) ;
#6224 = LINE ( 'NONE', #186, #3855 ) ;
#6225 = PRODUCT_DEFINITION ( 'UNKNOWN', '', #833, #3371 ) ;
#6226 = CARTESIAN_POINT ( 'NONE',  ( -2.200000000000001100, 0.6999999999999905200, -0.8525000000000003700 ) ) ;
#6227 = ORIENTED_EDGE ( 'NONE', *, *, #2036, .T. ) ;
#6228 = CARTESIAN_POINT ( 'NONE',  ( 3.189536528938383700, -3.794707603699265500E-016, 1.097499999999999500 ) ) ;
#6229 = VERTEX_POINT ( 'NONE', #4918 ) ;
#6230 = FACE_OUTER_BOUND ( 'NONE', #6790, .T. ) ;
#6231 = CARTESIAN_POINT ( 'NONE',  ( 2.575000000000000200, 0.2500000000000000000, -0.8525000000000003700 ) ) ;
#6232 = EDGE_CURVE ( 'NONE', #27, #381, #676, .T. ) ;
#6233 = CARTESIAN_POINT ( 'NONE',  ( -2.200000000000001100, 0.5500000000000105900, 1.502499999999999500 ) ) ;
#6234 = AXIS2_PLACEMENT_3D ( 'NONE', #4722, #5907, #4129 ) ;
#6235 = ORIENTED_EDGE ( 'NONE', *, *, #2890, .T. ) ;
#6236 = VECTOR ( 'NONE', #1844, 1000.000000000000000 ) ;
#6237 = ORIENTED_EDGE ( 'NONE', *, *, #5845, .F. ) ;
#6238 = ADVANCED_FACE ( 'NONE', ( #3694 ), #1520, .T. ) ;
#6239 = CARTESIAN_POINT ( 'NONE',  ( -2.797009727012554200, 0.2500000000000000000, -2.152500000000000300 ) ) ;
#6240 = CIRCLE ( 'NONE', #2928, 0.07200972701257432600 ) ;
#6241 = VECTOR ( 'NONE', #5765, 1000.000000000000000 ) ;
#6242 = DIRECTION ( 'NONE',  ( 0.0000000000000000000, 0.0000000000000000000, 1.000000000000000000 ) ) ;
#6243 = EDGE_CURVE ( 'NONE', #6116, #27, #7404, .T. ) ;
#6244 = EDGE_CURVE ( 'NONE', #5436, #5224, #6059, .T. ) ;
#6245 = LINE ( 'NONE', #6228, #5978 ) ;
#6246 = LINE ( 'NONE', #4334, #304 ) ;
#6247 = FACE_OUTER_BOUND ( 'NONE', #4178, .T. ) ;
#6248 = ORIENTED_EDGE ( 'NONE', *, *, #5260, .T. ) ;
#6249 = PLANE ( 'NONE',  #3902 ) ;
#6250 = AXIS2_PLACEMENT_3D ( 'NONE', #6641, #5458, #897 ) ;
#6251 = ORIENTED_EDGE ( 'NONE', *, *, #3394, .F. ) ;
#6252 = DIRECTION ( 'NONE',  ( -1.000000000000000000, 0.0000000000000000000, 0.0000000000000000000 ) ) ;
#6253 = DIRECTION ( 'NONE',  ( -1.000000000000000000, 0.0000000000000000000, 0.0000000000000000000 ) ) ;
#6254 = CARTESIAN_POINT ( 'NONE',  ( 3.189536528938383700, -3.794707603699265500E-016, 2.397500000000000000 ) ) ;
#6255 = VECTOR ( 'NONE', #6576, 1000.000000000000000 ) ;
#6256 = VECTOR ( 'NONE', #7455, 1000.000000000000000 ) ;
#6257 = VERTEX_POINT ( 'NONE', #4302 ) ;
#6258 = CARTESIAN_POINT ( 'NONE',  ( -2.724999999999980500, 0.2500000000000000000, 0.4474999999999995600 ) ) ;
#6259 = EDGE_LOOP ( 'NONE', ( #4440, #7214, #3484, #2211, #72, #4310, #981, #1960, #6427, #6568, #1750, #4372 ) ) ;
#6260 = DIRECTION ( 'NONE',  ( -0.0000000000000000000, -0.0000000000000000000, -1.000000000000000000 ) ) ;
#6261 = DIRECTION ( 'NONE',  ( 0.9975640502598246400, 0.06975647374411936300, 0.0000000000000000000 ) ) ;
#6262 = AXIS2_PLACEMENT_3D ( 'NONE', #3095, #7096, #2502 ) ;
#6263 = DIRECTION ( 'NONE',  ( 1.000000000000000000, 0.0000000000000000000, 0.0000000000000000000 ) ) ;
#6264 = LINE ( 'NONE', #3307, #6876 ) ;
#6265 = EDGE_LOOP ( 'NONE', ( #2303, #7459, #276, #2821, #1732, #7163, #7386, #5180, #3341, #7298, #585, #3421 ) ) ;
#6266 = LINE ( 'NONE', #2404, #2471 ) ;
#6267 = ORIENTED_EDGE ( 'NONE', *, *, #268, .T. ) ;
#6268 =( NAMED_UNIT ( * ) PLANE_ANGLE_UNIT ( ) SI_UNIT ( $, .RADIAN. ) );
#6269 = DIRECTION ( 'NONE',  ( -1.000000000000000000, -0.0000000000000000000, -0.0000000000000000000 ) ) ;
#6270 = VECTOR ( 'NONE', #1560, 1000.000000000000000 ) ;
#6271 = DIRECTION ( 'NONE',  ( -0.9975640502598247500, 0.06975647374411825300, -0.0000000000000000000 ) ) ;
#6272 = CARTESIAN_POINT ( 'NONE',  ( 2.575000000000000200, 0.2500000000000000000, 1.502499999999999500 ) ) ;
#6273 = LINE ( 'NONE', #4900, #2302 ) ;
#6274 = ORIENTED_EDGE ( 'NONE', *, *, #1333, .T. ) ;
#6275 = AXIS2_PLACEMENT_3D ( 'NONE', #7447, #2259, #2905 ) ;
#6276 = VECTOR ( 'NONE', #3164, 1000.000000000000000 ) ;
#6277 = CARTESIAN_POINT ( 'NONE',  ( -2.575000000000000200, 0.2500000000000000000, -0.2025000000000004300 ) ) ;
#6278 = LINE ( 'NONE', #4170, #4808 ) ;
#6279 = VERTEX_POINT ( 'NONE', #1986 ) ;
#6280 = ADVANCED_FACE ( 'NONE', ( #3782 ), #2184, .T. ) ;
#6281 = DIRECTION ( 'NONE',  ( -1.000000000000000000, 0.0000000000000000000, 0.0000000000000000000 ) ) ;
#6282 = EDGE_CURVE ( 'NONE', #462, #43, #119, .T. ) ;
#6283 = AXIS2_PLACEMENT_3D ( 'NONE', #3366, #5738, #7425 ) ;
#6284 = FACE_OUTER_BOUND ( 'NONE', #4532, .T. ) ;
#6285 = CARTESIAN_POINT ( 'NONE',  ( -2.575000000000000200, 0.4779902729874362900, 0.4474999999999995600 ) ) ;
#6286 = DIRECTION ( 'NONE',  ( -0.0000000000000000000, -0.0000000000000000000, -1.000000000000000000 ) ) ;
#6287 = ORIENTED_EDGE ( 'NONE', *, *, #5346, .T. ) ;
#6288 = DIRECTION ( 'NONE',  ( -0.0000000000000000000, -0.0000000000000000000, -1.000000000000000000 ) ) ;
#6289 = ADVANCED_FACE ( 'NONE', ( #2269 ), #3779, .F. ) ;
#6290 = VECTOR ( 'NONE', #5475, 1000.000000000000000 ) ;
#6291 = DIRECTION ( 'NONE',  ( -1.000000000000000000, 0.0000000000000000000, 0.0000000000000000000 ) ) ;
#6292 = EDGE_CURVE ( 'NONE', #3507, #2807, #7032, .T. ) ;
#6293 = LINE ( 'NONE', #2779, #6016 ) ;
#6294 = VERTEX_POINT ( 'NONE', #1468 ) ;
#6295 = CARTESIAN_POINT ( 'NONE',  ( 2.502990272987425600, 0.6999999999999905200, 1.097499999999999500 ) ) ;
#6296 = PRESENTATION_LAYER_ASSIGNMENT (  '', '', ( #3713 ) ) ;
#6297 = DIRECTION ( 'NONE',  ( -0.0000000000000000000, -0.0000000000000000000, -1.000000000000000000 ) ) ;
#6298 = LINE ( 'NONE', #4518, #5300 ) ;
#6299 = ORIENTED_EDGE ( 'NONE', *, *, #3119, .F. ) ;
#6300 = SURFACE_SIDE_STYLE ('',( #3710 ) ) ;
#6301 = CARTESIAN_POINT ( 'NONE',  ( -2.781523111319264400, 0.02853107752427832800, 1.097499999999999500 ) ) ;
#6302 = PLANE ( 'NONE',  #7363 ) ;
#6303 = EDGE_CURVE ( 'NONE', #6229, #2911, #1297, .T. ) ;
#6304 = DIRECTION ( 'NONE',  ( 0.0000000000000000000, 0.0000000000000000000, 1.000000000000000000 ) ) ;
#6305 = AXIS2_PLACEMENT_3D ( 'NONE', #4887, #6639, #2089 ) ;
#6306 = EDGE_LOOP ( 'NONE', ( #401, #270, #3522, #7081 ) ) ;
#6307 = VERTEX_POINT ( 'NONE', #2590 ) ;
#6308 = CARTESIAN_POINT ( 'NONE',  ( 2.724999999999980500, 0.2500000000000000000, -1.097500000000000400 ) ) ;
#6309 = CARTESIAN_POINT ( 'NONE',  ( -2.791986582380880500, 0.1781656850632321000, -1.502500000000000400 ) ) ;
#6310 = CARTESIAN_POINT ( 'NONE',  ( -2.502990272987425600, 0.4779902729874362900, 0.2024999999999995700 ) ) ;
#6311 = VERTEX_POINT ( 'NONE', #3896 ) ;
#6312 = ORIENTED_EDGE ( 'NONE', *, *, #1355, .F. ) ;
#6313 = ORIENTED_EDGE ( 'NONE', *, *, #4024, .F. ) ;
#6314 = ADVANCED_FACE ( 'NONE', ( #1481 ), #5631, .F. ) ;
#6315 = DIRECTION ( 'NONE',  ( 1.000000000000000000, 0.0000000000000000000, -0.0000000000000000000 ) ) ;
#6316 = AXIS2_PLACEMENT_3D ( 'NONE', #4833, #5501, #6587 ) ;
#6317 = CARTESIAN_POINT ( 'NONE',  ( -2.200000000000001100, 0.5500000000000105900, 0.4474999999999995600 ) ) ;
#6318 = SURFACE_STYLE_USAGE ( .BOTH. , #1171 ) ;
#6319 = EDGE_LOOP ( 'NONE', ( #4977, #2489, #5172, #2257 ) ) ;
#6320 = ORIENTED_EDGE ( 'NONE', *, *, #4638, .T. ) ;
#6321 = ORIENTED_EDGE ( 'NONE', *, *, #4612, .T. ) ;
#6322 = DIRECTION ( 'NONE',  ( 1.000000000000000000, 0.0000000000000000000, 0.0000000000000000000 ) ) ;
#6323 = EDGE_CURVE ( 'NONE', #5692, #1538, #2715, .T. ) ;
#6324 = AXIS2_PLACEMENT_3D ( 'NONE', #2400, #5747, #115 ) ;
#6325 = VERTEX_POINT ( 'NONE', #5044 ) ;
#6326 = ORIENTED_EDGE ( 'NONE', *, *, #3049, .F. ) ;
#6327 = FACE_OUTER_BOUND ( 'NONE', #5892, .T. ) ;
#6328 = DIRECTION ( 'NONE',  ( -0.0000000000000000000, -0.0000000000000000000, -1.000000000000000000 ) ) ;
#6329 = DIRECTION ( 'NONE',  ( -3.469446951953614200E-016, 0.0000000000000000000, -1.000000000000000000 ) ) ;
#6330 = FACE_OUTER_BOUND ( 'NONE', #538, .T. ) ;
#6331 = EDGE_LOOP ( 'NONE', ( #5575, #2885, #4818, #685 ) ) ;
#6332 = EDGE_CURVE ( 'NONE', #3313, #6075, #1210, .T. ) ;
#6333 = LINE ( 'NONE', #2212, #592 ) ;
#6334 = DIRECTION ( 'NONE',  ( -1.000000000000000000, 0.0000000000000000000, 0.0000000000000000000 ) ) ;
#6335 = FACE_OUTER_BOUND ( 'NONE', #4513, .T. ) ;
#6336 = CARTESIAN_POINT ( 'NONE',  ( -2.791986582380880500, 0.1781656850632323000, 1.502499999999999500 ) ) ;
#6337 = CARTESIAN_POINT ( 'NONE',  ( 0.0000000000000000000, 1.100000000000000100, 0.0000000000000000000 ) ) ;
#6338 = LINE ( 'NONE', #2912, #7321 ) ;
#6339 = VERTEX_POINT ( 'NONE', #6168 ) ;
#6340 = VERTEX_POINT ( 'NONE', #7186 ) ;
#6341 = CARTESIAN_POINT ( 'NONE',  ( 2.724999999999980500, 0.4779902729874362400, 1.097499999999999500 ) ) ;
#6342 = ORIENTED_EDGE ( 'NONE', *, *, #5157, .T. ) ;
#6343 = EDGE_CURVE ( 'NONE', #698, #3899, #3069, .T. ) ;
#6344 = FACE_OUTER_BOUND ( 'NONE', #5068, .T. ) ;
#6345 = ORIENTED_EDGE ( 'NONE', *, *, #2658, .T. ) ;
#6346 = AXIS2_PLACEMENT_3D ( 'NONE', #1134, #6286, #7412 ) ;
#6347 = LINE ( 'NONE', #4647, #3008 ) ;
#6348 = ORIENTED_EDGE ( 'NONE', *, *, #3900, .T. ) ;
#6349 = PLANE ( 'NONE',  #1825 ) ;
#6350 = ADVANCED_FACE ( 'NONE', ( #6153 ), #3870, .F. ) ;
#6351 = CARTESIAN_POINT ( 'NONE',  ( -2.575000000000000200, 0.2500000000000000000, 0.4474999999999995600 ) ) ;
#6352 = VECTOR ( 'NONE', #7285, 1000.000000000000000 ) ;
#6353 = PRESENTATION_STYLE_ASSIGNMENT (( #3761 ) ) ;
#6354 = ORIENTED_EDGE ( 'NONE', *, *, #2454, .T. ) ;
#6355 = PLANE ( 'NONE',  #1957 ) ;
#6356 = AXIS2_PLACEMENT_3D ( 'NONE', #4747, #3528, #99 ) ;
#6357 = DIRECTION ( 'NONE',  ( -0.0000000000000000000, -0.0000000000000000000, -1.000000000000000000 ) ) ;
#6358 = VECTOR ( 'NONE', #4871, 1000.000000000000000 ) ;
#6359 = FACE_OUTER_BOUND ( 'NONE', #4068, .T. ) ;
#6360 = ORIENTED_EDGE ( 'NONE', *, *, #2859, .T. ) ;
#6361 = CARTESIAN_POINT ( 'NONE',  ( -2.502990272987425600, 0.4779902729874362900, 2.397500000000000000 ) ) ;
#6362 = CARTESIAN_POINT ( 'NONE',  ( -2.791986582380880500, 0.1781656850632321000, 1.747499999999999400 ) ) ;
#6363 = EDGE_CURVE ( 'NONE', #2740, #2434, #6956, .T. ) ;
#6364 = DIRECTION ( 'NONE',  ( -0.0000000000000000000, -0.0000000000000000000, -1.000000000000000000 ) ) ;
#6365 = LINE ( 'NONE', #904, #531 ) ;
#6366 = EDGE_CURVE ( 'NONE', #1972, #2124, #758, .T. ) ;
#6367 = ORIENTED_EDGE ( 'NONE', *, *, #7292, .T. ) ;
#6368 = PRESENTATION_LAYER_ASSIGNMENT (  '', '', ( #204 ) ) ;
#6369 = VECTOR ( 'NONE', #3246, 1000.000000000000000 ) ;
#6370 = ORIENTED_EDGE ( 'NONE', *, *, #6537, .F. ) ;
#6371 = DIRECTION ( 'NONE',  ( -0.0000000000000000000, -0.0000000000000000000, -1.000000000000000000 ) ) ;
#6372 = LINE ( 'NONE', #5351, #1340 ) ;
#6373 = EDGE_LOOP ( 'NONE', ( #6626, #4993, #4300, #3426 ) ) ;
#6374 = PLANE ( 'NONE',  #1549 ) ;
#6375 = LINE ( 'NONE', #5484, #446 ) ;
#6376 = VERTEX_POINT ( 'NONE', #6763 ) ;
#6377 = ORIENTED_EDGE ( 'NONE', *, *, #6131, .T. ) ;
#6378 = EDGE_CURVE ( 'NONE', #2075, #2346, #2101, .T. ) ;
#6379 = AXIS2_PLACEMENT_3D ( 'NONE', #3355, #2207, #6161 ) ;
#6380 = DIRECTION ( 'NONE',  ( 0.9975640502598247500, -0.06975647374411825300, 0.0000000000000000000 ) ) ;
#6381 =( NAMED_UNIT ( * ) PLANE_ANGLE_UNIT ( ) SI_UNIT ( $, .RADIAN. ) );
#6382 = CARTESIAN_POINT ( 'NONE',  ( -2.502990272987425600, 0.5500000000000105900, -2.152500000000000300 ) ) ;
#6383 = CARTESIAN_POINT ( 'NONE',  ( -2.797009727012554200, 0.2500000000000000000, 0.8524999999999994800 ) ) ;
#6384 = CIRCLE ( 'NONE', #5799, 0.2220097270125543400 ) ;
#6385 = ORIENTED_EDGE ( 'NONE', *, *, #3370, .F. ) ;
#6386 = DIRECTION ( 'NONE',  ( -1.000000000000000000, 0.0000000000000000000, 0.0000000000000000000 ) ) ;
#6387 = EDGE_CURVE ( 'NONE', #1361, #1546, #846, .T. ) ;
#6388 = DIRECTION ( 'NONE',  ( 0.0000000000000000000, 0.0000000000000000000, 1.000000000000000000 ) ) ;
#6389 = DIRECTION ( 'NONE',  ( 0.0000000000000000000, -0.0000000000000000000, 1.000000000000000000 ) ) ;
#6390 = CIRCLE ( 'NONE', #261, 0.2220097270125543400 ) ;
#6391 = ORIENTED_EDGE ( 'NONE', *, *, #5740, .T. ) ;
#6392 = MECHANICAL_DESIGN_GEOMETRIC_PRESENTATION_REPRESENTATION (  '', ( #7399 ), #2660 ) ;
#6393 = DIRECTION ( 'NONE',  ( -1.000000000000000000, 0.0000000000000000000, 0.0000000000000000000 ) ) ;
#6394 = CARTESIAN_POINT ( 'NONE',  ( 2.502990272987425600, 0.4779902729874362900, 0.4474999999999995600 ) ) ;
#6395 = ADVANCED_FACE ( 'NONE', ( #4416 ), #5555, .F. ) ;
#6396 = UNCERTAINTY_MEASURE_WITH_UNIT (LENGTH_MEASURE( 1.000000000000000100E-005 ), #165, 'distance_accuracy_value', 'NONE');
#6397 = ORIENTED_EDGE ( 'NONE', *, *, #6965, .T. ) ;
#6398 = VERTEX_POINT ( 'NONE', #6713 ) ;
#6399 = DIRECTION ( 'NONE',  ( -0.0000000000000000000, -1.000000000000000000, -0.0000000000000000000 ) ) ;
#6400 = EDGE_CURVE ( 'NONE', #4008, #6126, #2629, .T. ) ;
#6401 = SURFACE_STYLE_USAGE ( .BOTH. , #4643 ) ;
#6402 = CARTESIAN_POINT ( 'NONE',  ( -2.575000000000000200, 0.4779902729874362900, 2.397500000000000000 ) ) ;
#6403 = AXIS2_PLACEMENT_3D ( 'NONE', #4955, #6128, #2665 ) ;
#6404 = VERTEX_POINT ( 'NONE', #1049 ) ;
#6405 = DIRECTION ( 'NONE',  ( -0.0000000000000000000, -1.000000000000000000, -0.0000000000000000000 ) ) ;
#6406 = ORIENTED_EDGE ( 'NONE', *, *, #3096, .T. ) ;
#6407 = ORIENTED_EDGE ( 'NONE', *, *, #6746, .F. ) ;
#6408 = VECTOR ( 'NONE', #1534, 1000.000000000000000 ) ;
#6409 = VERTEX_POINT ( 'NONE', #4431 ) ;
#6410 = VERTEX_POINT ( 'NONE', #6211 ) ;
#6411 = CARTESIAN_POINT ( 'NONE',  ( -2.791986582380880500, 0.1781656850632323000, -0.2025000000000004300 ) ) ;
#6412 = VECTOR ( 'NONE', #4495, 1000.000000000000000 ) ;
#6413 = CARTESIAN_POINT ( 'NONE',  ( 2.200000000000001100, 0.6999999999999905200, 1.747499999999999400 ) ) ;
#6414 = CARTESIAN_POINT ( 'NONE',  ( -2.575000000000000200, 0.4779902729874362900, 1.747499999999999400 ) ) ;
#6415 = ORIENTED_EDGE ( 'NONE', *, *, #852, .F. ) ;
#6416 = LINE ( 'NONE', #7037, #4320 ) ;
#6417 = EDGE_LOOP ( 'NONE', ( #4486, #5781, #4916, #1032 ) ) ;
#6418 = VECTOR ( 'NONE', #1284, 1000.000000000000000 ) ;
#6419 = LINE ( 'NONE', #31, #492 ) ;
#6420 = EDGE_CURVE ( 'NONE', #2940, #5209, #7221, .T. ) ;
#6421 = AXIS2_PLACEMENT_3D ( 'NONE', #6154, #2688, #3764 ) ;
#6422 = CARTESIAN_POINT ( 'NONE',  ( -3.200000000000000200, 0.1496346075389538600, -0.4475000000000004000 ) ) ;
#6423 = PLANE ( 'NONE',  #1177 ) ;
#6424 = LINE ( 'NONE', #2494, #3166 ) ;
#6425 = VECTOR ( 'NONE', #3032, 1000.000000000000000 ) ;
#6426 = VECTOR ( 'NONE', #1250, 1000.000000000000100 ) ;
#6427 = ORIENTED_EDGE ( 'NONE', *, *, #1311, .F. ) ;
#6428 = ORIENTED_EDGE ( 'NONE', *, *, #1466, .T. ) ;
#6429 = PLANE ( 'NONE',  #5811 ) ;
#6430 = DIRECTION ( 'NONE',  ( -1.000000000000000000, 0.0000000000000000000, 0.0000000000000000000 ) ) ;
#6431 = EDGE_CURVE ( 'NONE', #3303, #1717, #4598, .T. ) ;
#6432 = CARTESIAN_POINT ( 'NONE',  ( 2.502990272987425600, 0.4779902729874362900, -2.152500000000000300 ) ) ;
#6433 = FACE_OUTER_BOUND ( 'NONE', #4110, .T. ) ;
#6434 = ADVANCED_FACE ( 'NONE', ( #5601 ), #3924, .F. ) ;
#6435 = CARTESIAN_POINT ( 'NONE',  ( -2.724999999999980500, 0.4779902729874362400, -2.152500000000000300 ) ) ;
#6436 = VECTOR ( 'NONE', #1542, 1000.000000000000000 ) ;
#6437 = ORIENTED_EDGE ( 'NONE', *, *, #5751, .T. ) ;
#6438 = ORIENTED_EDGE ( 'NONE', *, *, #5994, .F. ) ;
#6439 = PLANE ( 'NONE',  #46 ) ;
#6440 = CARTESIAN_POINT ( 'NONE',  ( 2.200000000000001100, 0.6999999999999905200, 0.8524999999999994800 ) ) ;
#6441 = CARTESIAN_POINT ( 'NONE',  ( 2.502990272987425600, 0.4779902729874362900, -2.152500000000000300 ) ) ;
#6442 = ORIENTED_EDGE ( 'NONE', *, *, #4137, .T. ) ;
#6443 = ORIENTED_EDGE ( 'NONE', *, *, #3879, .T. ) ;
#6444 = CARTESIAN_POINT ( 'NONE',  ( 2.724999999999980500, 0.4779902729874362400, 2.152499999999999900 ) ) ;
#6445 = CYLINDRICAL_SURFACE ( 'NONE', #5129, 0.07200972701257388200 ) ;
#6446 = ORIENTED_EDGE ( 'NONE', *, *, #3517, .F. ) ;
#6447 = EDGE_CURVE ( 'NONE', #6339, #6520, #4774, .T. ) ;
#6448 = AXIS2_PLACEMENT_3D ( 'NONE', #16, #7463, #1159 ) ;
#6449 = DIRECTION ( 'NONE',  ( 1.000000000000000000, 0.0000000000000000000, 0.0000000000000000000 ) ) ;
#6450 = VECTOR ( 'NONE', #594, 1000.000000000000000 ) ;
#6451 = ORIENTED_EDGE ( 'NONE', *, *, #406, .F. ) ;
#6452 = CARTESIAN_POINT ( 'NONE',  ( -2.724999999999980100, 0.4779902729874363500, 2.152499999999999900 ) ) ;
#6453 = DIRECTION ( 'NONE',  ( 0.0000000000000000000, 0.0000000000000000000, 1.000000000000000000 ) ) ;
#6454 = VECTOR ( 'NONE', #3689, 1000.000000000000000 ) ;
#6455 = CARTESIAN_POINT ( 'NONE',  ( 2.200000000000001100, 0.6999999999999905200, 0.2024999999999995700 ) ) ;
#6456 = FACE_OUTER_BOUND ( 'NONE', #1997, .T. ) ;
#6457 = VERTEX_POINT ( 'NONE', #998 ) ;
#6458 = LINE ( 'NONE', #1164, #4913 ) ;
#6459 = FACE_OUTER_BOUND ( 'NONE', #6265, .T. ) ;
#6460 = ORIENTED_EDGE ( 'NONE', *, *, #5051, .F. ) ;
#6461 = CARTESIAN_POINT ( 'NONE',  ( 2.724999999999980500, 0.4779902729874362400, -1.502500000000000400 ) ) ;
#6462 = EDGE_CURVE ( 'NONE', #4629, #2496, #6333, .T. ) ;
#6463 = FILL_AREA_STYLE ('',( #4635 ) ) ;
#6464 = EDGE_CURVE ( 'NONE', #6410, #475, #5699, .T. ) ;
#6465 = AXIS2_PLACEMENT_3D ( 'NONE', #2164, #6184, #1557 ) ;
#6466 = FACE_OUTER_BOUND ( 'NONE', #2096, .T. ) ;
#6467 = EDGE_LOOP ( 'NONE', ( #7137, #2995, #3957, #6480 ) ) ;
#6468 = ORIENTED_EDGE ( 'NONE', *, *, #2076, .T. ) ;
#6469 = VERTEX_POINT ( 'NONE', #6934 ) ;
#6470 = ADVANCED_FACE ( 'NONE', ( #218 ), #2991, .F. ) ;
#6471 = CARTESIAN_POINT ( 'NONE',  ( -3.189536528938383700, -3.794707603699265500E-016, 1.097499999999999500 ) ) ;
#6472 = EDGE_CURVE ( 'NONE', #2724, #4250, #3966, .T. ) ;
#6473 = VECTOR ( 'NONE', #3832, 1000.000000000000000 ) ;
#6474 = ORIENTED_EDGE ( 'NONE', *, *, #5443, .T. ) ;
#6475 = PLANE ( 'NONE',  #6615 ) ;
#6476 = CARTESIAN_POINT ( 'NONE',  ( -2.724999999999980500, 0.2500000000000000000, 1.097499999999999500 ) ) ;
#6477 = LINE ( 'NONE', #5372, #1352 ) ;
#6478 = ORIENTED_EDGE ( 'NONE', *, *, #5653, .T. ) ;
#6479 = EDGE_CURVE ( 'NONE', #5486, #6340, #1119, .T. ) ;
#6480 = ORIENTED_EDGE ( 'NONE', *, *, #2242, .T. ) ;
#6481 = MANIFOLD_SOLID_BREP ( 'Pin 5', #5113 ) ;
#6482 = DIRECTION ( 'NONE',  ( -0.0000000000000000000, -0.0000000000000000000, -1.000000000000000000 ) ) ;
#6483 = ORIENTED_EDGE ( 'NONE', *, *, #6955, .F. ) ;
#6484 = EDGE_LOOP ( 'NONE', ( #6805, #3134, #5481, #4891, #3695, #2588, #5840, #1961, #4574, #997, #5610, #5771 ) ) ;
#6485 =( NAMED_UNIT ( * ) PLANE_ANGLE_UNIT ( ) SI_UNIT ( $, .RADIAN. ) );
#6486 = DIRECTION ( 'NONE',  ( 0.0000000000000000000, 0.0000000000000000000, 1.000000000000000000 ) ) ;
#6487 = ORIENTED_EDGE ( 'NONE', *, *, #1932, .F. ) ;
#6488 = ORIENTED_EDGE ( 'NONE', *, *, #1363, .F. ) ;
#6489 = ORIENTED_EDGE ( 'NONE', *, *, #1621, .F. ) ;
#6490 = VECTOR ( 'NONE', #672, 1000.000000000000000 ) ;
#6491 = PRESENTATION_LAYER_ASSIGNMENT (  '', '', ( #5776 ) ) ;
#6492 = CARTESIAN_POINT ( 'NONE',  ( 3.200000000000000200, 0.1496346075389538600, -0.4475000000000004000 ) ) ;
#6493 = DIRECTION ( 'NONE',  ( -1.000000000000000000, 0.0000000000000000000, 0.0000000000000000000 ) ) ;
#6494 = ORIENTED_EDGE ( 'NONE', *, *, #2557, .T. ) ;
#6495 = EDGE_LOOP ( 'NONE', ( #2526, #6206, #1543, #796 ) ) ;
#6496 = CIRCLE ( 'NONE', #151, 0.2220097270125543400 ) ;
#6497 = DIRECTION ( 'NONE',  ( -0.0000000000000000000, -1.000000000000000000, -0.0000000000000000000 ) ) ;
#6498 = ORIENTED_EDGE ( 'NONE', *, *, #1837, .F. ) ;
#6499 = LINE ( 'NONE', #2058, #6847 ) ;
#6500 = DIRECTION ( 'NONE',  ( -1.000000000000000000, -0.0000000000000000000, -0.0000000000000000000 ) ) ;
#6501 = ADVANCED_FACE ( 'NONE', ( #3614 ), #403, .T. ) ;
#6502 = CARTESIAN_POINT ( 'NONE',  ( -2.502990272987425600, 0.5500000000000105900, -2.397500000000000400 ) ) ;
#6503 = EDGE_CURVE ( 'NONE', #1592, #4709, #1381, .T. ) ;
#6504 = EDGE_CURVE ( 'NONE', #4415, #3942, #2898, .T. ) ;
#6505 = CARTESIAN_POINT ( 'NONE',  ( 2.200000000000001100, 0.5500000000000105900, -2.397500000000000400 ) ) ;
#6506 = AXIS2_PLACEMENT_3D ( 'NONE', #1162, #2276, #3480 ) ;
#6507 = CIRCLE ( 'NONE', #4650, 0.07200972701257432600 ) ;
#6508 = VERTEX_POINT ( 'NONE', #2313 ) ;
#6509 = COLOUR_RGB ( '',0.7921568627450980000, 0.8196078431372548800, 0.9333333333333333500 ) ;
#6510 = DIRECTION ( 'NONE',  ( -0.9975640502598247500, -0.06975647374411825300, 0.0000000000000000000 ) ) ;
#6511 = PRESENTATION_STYLE_ASSIGNMENT (( #6318 ) ) ;
#6512 = ORIENTED_EDGE ( 'NONE', *, *, #6627, .F. ) ;
#6513 = LINE ( 'NONE', #6258, #3257 ) ;
#6514 = DIRECTION ( 'NONE',  ( 0.9975640502598246400, 0.06975647374411936300, 0.0000000000000000000 ) ) ;
#6515 = EDGE_CURVE ( 'NONE', #1485, #3987, #3251, .T. ) ;
#6516 = AXIS2_PLACEMENT_3D ( 'NONE', #2355, #4599, #3991 ) ;
#6517 = LINE ( 'NONE', #87, #3875 ) ;
#6518 = VERTEX_POINT ( 'NONE', #2875 ) ;
#6519 = DIRECTION ( 'NONE',  ( 0.0000000000000000000, 1.000000000000000000, 0.0000000000000000000 ) ) ;
#6520 = VERTEX_POINT ( 'NONE', #2287 ) ;
#6521 = CARTESIAN_POINT ( 'NONE',  ( 2.147339000965041000, 0.1499999999999999900, -2.447339000965040000 ) ) ;
#6522 = CYLINDRICAL_SURFACE ( 'NONE', #4551, 0.2220097270125543400 ) ;
#6523 = VECTOR ( 'NONE', #1370, 1000.000000000000000 ) ;
#6524 = ORIENTED_EDGE ( 'NONE', *, *, #4752, .T. ) ;
#6525 = DIRECTION ( 'NONE',  ( -1.000000000000000000, 0.0000000000000000000, 0.0000000000000000000 ) ) ;
#6526 = EDGE_CURVE ( 'NONE', #2514, #5047, #1915, .T. ) ;
#6527 = DIRECTION ( 'NONE',  ( -0.0000000000000000000, -1.000000000000000000, -0.0000000000000000000 ) ) ;
#6528 = VECTOR ( 'NONE', #2236, 1000.000000000000000 ) ;
#6529 = AXIS2_PLACEMENT_3D ( 'NONE', #5580, #2150, #2709 ) ;
#6530 = LINE ( 'NONE', #3872, #3093 ) ;
#6531 = ORIENTED_EDGE ( 'NONE', *, *, #760, .F. ) ;
#6532 = DIRECTION ( 'NONE',  ( -0.0000000000000000000, 0.0000000000000000000, -1.000000000000000000 ) ) ;
#6533 = DIRECTION ( 'NONE',  ( -1.000000000000000000, 0.0000000000000000000, 0.0000000000000000000 ) ) ;
#6534 = DIRECTION ( 'NONE',  ( -0.0000000000000000000, -0.0000000000000000000, -1.000000000000000000 ) ) ;
#6535 = CARTESIAN_POINT ( 'NONE',  ( 2.200000000000001100, 0.6999999999999905200, 1.097499999999999500 ) ) ;
#6536 = LINE ( 'NONE', #7429, #876 ) ;
#6537 = EDGE_CURVE ( 'NONE', #5200, #683, #3867, .T. ) ;
#6538 = LINE ( 'NONE', #175, #7067 ) ;
#6539 = ORIENTED_EDGE ( 'NONE', *, *, #5519, .T. ) ;
#6540 = ADVANCED_FACE ( 'NONE', ( #2544 ), #601, .T. ) ;
#6541 = CARTESIAN_POINT ( 'NONE',  ( -2.200000000000001100, 0.6999999999999905200, -2.499999999999997300 ) ) ;
#6542 = AXIS2_PLACEMENT_3D ( 'NONE', #4995, #6166, #2702 ) ;
#6543 = VECTOR ( 'NONE', #4062, 1000.000000000000000 ) ;
#6544 = DIRECTION ( 'NONE',  ( 1.000000000000000000, 0.0000000000000000000, 0.0000000000000000000 ) ) ;
#6545 = ORIENTED_EDGE ( 'NONE', *, *, #4666, .T. ) ;
#6546 = PLANE ( 'NONE',  #1410 ) ;
#6547 = FACE_OUTER_BOUND ( 'NONE', #6600, .T. ) ;
#6548 = VERTEX_POINT ( 'NONE', #6336 ) ;
#6549 = CARTESIAN_POINT ( 'NONE',  ( -2.502990272987425600, 0.4779902729874362900, -2.152500000000000300 ) ) ;
#6550 = CARTESIAN_POINT ( 'NONE',  ( 2.502990272987425600, 0.4779902729874362900, -0.8525000000000003700 ) ) ;
#6551 = PRESENTATION_STYLE_ASSIGNMENT (( #6086 ) ) ;
#6552 = PLANE ( 'NONE',  #272 ) ;
#6553 = ORIENTED_EDGE ( 'NONE', *, *, #3038, .F. ) ;
#6554 = ORIENTED_EDGE ( 'NONE', *, *, #6503, .T. ) ;
#6555 = CARTESIAN_POINT ( 'NONE',  ( -2.724999999999980100, 0.4779902729874363500, -1.502500000000000400 ) ) ;
#6556 = DIRECTION ( 'NONE',  ( 0.0000000000000000000, 0.0000000000000000000, 1.000000000000000000 ) ) ;
#6557 = VECTOR ( 'NONE', #1157, 1000.000000000000000 ) ;
#6558 = ORIENTED_EDGE ( 'NONE', *, *, #2178, .F. ) ;
#6559 = EDGE_CURVE ( 'NONE', #4687, #5306, #5890, .T. ) ;
#6560 = CARTESIAN_POINT ( 'NONE',  ( 2.797009727012554200, 0.2500000000000000000, 1.747499999999999400 ) ) ;
#6561 = AXIS2_PLACEMENT_3D ( 'NONE', #587, #5138, #6304 ) ;
#6562 = ORIENTED_EDGE ( 'NONE', *, *, #2397, .F. ) ;
#6563 = ORIENTED_EDGE ( 'NONE', *, *, #4848, .T. ) ;
#6564 = CARTESIAN_POINT ( 'NONE',  ( 2.502990272987425600, 0.4779902729874362900, -0.2025000000000004300 ) ) ;
#6565 = CARTESIAN_POINT ( 'NONE',  ( -2.724999999999980500, 0.2500000000000000000, -0.2025000000000004300 ) ) ;
#6566 = EDGE_CURVE ( 'NONE', #1009, #462, #2188, .T. ) ;
#6567 = ORIENTED_EDGE ( 'NONE', *, *, #2601, .F. ) ;
#6568 = ORIENTED_EDGE ( 'NONE', *, *, #1569, .F. ) ;
#6569 = AXIS2_PLACEMENT_3D ( 'NONE', #1375, #6709, #1459 ) ;
#6570 = CARTESIAN_POINT ( 'NONE',  ( 2.724999999999980500, 0.2500000000000000000, -1.747500000000000300 ) ) ;
#6571 = ADVANCED_FACE ( 'NONE', ( #6327 ), #678, .F. ) ;
#6572 = DIRECTION ( 'NONE',  ( -0.0000000000000000000, -0.0000000000000000000, -1.000000000000000000 ) ) ;
#6573 = ORIENTED_EDGE ( 'NONE', *, *, #23, .T. ) ;
#6574 = VERTEX_POINT ( 'NONE', #6440 ) ;
#6575 = ORIENTED_EDGE ( 'NONE', *, *, #5273, .F. ) ;
#6576 = DIRECTION ( 'NONE',  ( 1.000000000000000000, -0.0000000000000000000, -0.0000000000000000000 ) ) ;
#6577 = EDGE_CURVE ( 'NONE', #2163, #198, #4960, .T. ) ;
#6578 = VECTOR ( 'NONE', #4964, 1000.000000000000000 ) ;
#6579 = CARTESIAN_POINT ( 'NONE',  ( 2.781523111319264400, 0.02853107752427827200, -0.8525000000000003700 ) ) ;
#6580 = CARTESIAN_POINT ( 'NONE',  ( -2.797009727012554200, 0.2500000000000000000, -1.097500000000000400 ) ) ;
#6581 = AXIS2_PLACEMENT_3D ( 'NONE', #6580, #4937, #1513 ) ;
#6582 = DIRECTION ( 'NONE',  ( -0.0000000000000000000, -0.0000000000000000000, -1.000000000000000000 ) ) ;
#6583 = ORIENTED_EDGE ( 'NONE', *, *, #4987, .T. ) ;
#6584 = ORIENTED_EDGE ( 'NONE', *, *, #179, .F. ) ;
#6585 = VECTOR ( 'NONE', #6107, 1000.000000000000000 ) ;
#6586 = DIRECTION ( 'NONE',  ( 0.0000000000000000000, 0.0000000000000000000, -1.000000000000000000 ) ) ;
#6587 = DIRECTION ( 'NONE',  ( 1.000000000000000000, 0.0000000000000000000, 0.0000000000000000000 ) ) ;
#6588 = CARTESIAN_POINT ( 'NONE',  ( 2.575000000000000200, 0.2500000000000000000, 2.152499999999999900 ) ) ;
#6589 = CARTESIAN_POINT ( 'NONE',  ( 2.502990272987425600, 0.6999999999999905200, 0.4474999999999995600 ) ) ;
#6590 = FACE_OUTER_BOUND ( 'NONE', #432, .T. ) ;
#6591 = ORIENTED_EDGE ( 'NONE', *, *, #4566, .F. ) ;
#6592 = LINE ( 'NONE', #5421, #7215 ) ;
#6593 = FACE_BOUND ( 'NONE', #845, .T. ) ;
#6594 = CARTESIAN_POINT ( 'NONE',  ( -2.502990272987425600, 0.4779902729874362900, 1.747499999999999400 ) ) ;
#6595 = CARTESIAN_POINT ( 'NONE',  ( -2.200000000000001100, 0.6999999999999905200, -2.152500000000000300 ) ) ;
#6596 = DIRECTION ( 'NONE',  ( -0.9975640502598247500, 0.06975647374411825300, -0.0000000000000000000 ) ) ;
#6597 = LINE ( 'NONE', #5778, #5063 ) ;
#6598 = CARTESIAN_POINT ( 'NONE',  ( -2.116241565447032300, -0.08620847373113553500, -2.416241565447028600 ) ) ;
#6599 = VECTOR ( 'NONE', #4257, 1000.000000000000000 ) ;
#6600 = EDGE_LOOP ( 'NONE', ( #6442, #5158, #5376, #407 ) ) ;
#6601 = EDGE_CURVE ( 'NONE', #6186, #7256, #3245, .T. ) ;
#6602 = EDGE_LOOP ( 'NONE', ( #4710, #2022, #1765, #1404 ) ) ;
#6603 = EDGE_CURVE ( 'NONE', #5673, #5641, #2985, .T. ) ;
#6604 = DIRECTION ( 'NONE',  ( -1.000000000000000000, 0.0000000000000000000, 0.0000000000000000000 ) ) ;
#6605 = LINE ( 'NONE', #302, #1842 ) ;
#6606 = DIRECTION ( 'NONE',  ( -0.06975647374411851600, -0.9975640502598247500, 0.0000000000000000000 ) ) ;
#6607 = DIRECTION ( 'NONE',  ( -0.06975647374411851600, 0.9975640502598247500, 0.0000000000000000000 ) ) ;
#6608 = VECTOR ( 'NONE', #4483, 1000.000000000000000 ) ;
#6609 = ORIENTED_EDGE ( 'NONE', *, *, #2879, .F. ) ;
#6610 = ORIENTED_EDGE ( 'NONE', *, *, #2523, .F. ) ;
#6611 = ORIENTED_EDGE ( 'NONE', *, *, #3509, .F. ) ;
#6612 = ADVANCED_FACE ( 'NONE', ( #4863 ), #5889, .F. ) ;
#6613 = PLANE ( 'NONE',  #3513 ) ;
#6614 = EDGE_CURVE ( 'NONE', #6638, #1590, #3345, .T. ) ;
#6615 = AXIS2_PLACEMENT_3D ( 'NONE', #5856, #6493, #774 ) ;
#6616 = PLANE ( 'NONE',  #777 ) ;
#6617 = CARTESIAN_POINT ( 'NONE',  ( 2.200000000000001100, 0.6999999999999905200, 1.097499999999999500 ) ) ;
#6618 = FACE_OUTER_BOUND ( 'NONE', #3681, .T. ) ;
#6619 = ORIENTED_EDGE ( 'NONE', *, *, #6363, .T. ) ;
#6620 = DIRECTION ( 'NONE',  ( -0.0000000000000000000, -0.0000000000000000000, -1.000000000000000000 ) ) ;
#6621 = ORIENTED_EDGE ( 'NONE', *, *, #5181, .F. ) ;
#6622 = VECTOR ( 'NONE', #5341, 1000.000000000000000 ) ;
#6623 = DIRECTION ( 'NONE',  ( 0.0000000000000000000, 1.000000000000000000, 0.0000000000000000000 ) ) ;
#6624 = EDGE_CURVE ( 'NONE', #1123, #2887, #5507, .T. ) ;
#6625 = VECTOR ( 'NONE', #6288, 1000.000000000000000 ) ;
#6626 = ORIENTED_EDGE ( 'NONE', *, *, #1856, .T. ) ;
#6627 = EDGE_CURVE ( 'NONE', #5412, #5343, #1113, .T. ) ;
#6628 = DIRECTION ( 'NONE',  ( -0.9975640502598247500, 0.06975647374411825300, -0.0000000000000000000 ) ) ;
#6629 = CARTESIAN_POINT ( 'NONE',  ( -2.781523111319264400, 0.02853107752427832800, 2.397500000000000000 ) ) ;
#6630 = AXIS2_PLACEMENT_3D ( 'NONE', #6047, #2171, #2122 ) ;
#6631 = FACE_OUTER_BOUND ( 'NONE', #2745, .T. ) ;
#6632 = ORIENTED_EDGE ( 'NONE', *, *, #6080, .T. ) ;
#6633 = DIRECTION ( 'NONE',  ( -0.0000000000000000000, -1.000000000000000000, -0.0000000000000000000 ) ) ;
#6634 = FILL_AREA_STYLE ('',( #3723 ) ) ;
#6635 = CARTESIAN_POINT ( 'NONE',  ( -2.200000000000001100, 0.6999999999999905200, 0.8524999999999994800 ) ) ;
#6636 = LINE ( 'NONE', #5755, #6720 ) ;
#6637 = VECTOR ( 'NONE', #5205, 1000.000000000000000 ) ;
#6638 = VERTEX_POINT ( 'NONE', #4731 ) ;
#6639 = DIRECTION ( 'NONE',  ( 0.0000000000000000000, 0.0000000000000000000, 1.000000000000000000 ) ) ;
#6640 = AXIS2_PLACEMENT_3D ( 'NONE', #5473, #231, #6034 ) ;
#6641 = CARTESIAN_POINT ( 'NONE',  ( 2.502990272987425600, 0.4779902729874362900, -1.502500000000000400 ) ) ;
#6642 = CARTESIAN_POINT ( 'NONE',  ( 2.200000000000001100, 0.6999999999999905200, 2.397500000000000000 ) ) ;
#6643 = VECTOR ( 'NONE', #485, 1000.000000000000000 ) ;
#6644 = LINE ( 'NONE', #2568, #5295 ) ;
#6645 = VERTEX_POINT ( 'NONE', #5863 ) ;
#6646 = CARTESIAN_POINT ( 'NONE',  ( -3.200000000000000200, 0.1496346075389538600, -0.4475000000000004000 ) ) ;
#6647 = DIRECTION ( 'NONE',  ( 0.9975640502598246400, -0.06975647374411936300, -0.0000000000000000000 ) ) ;
#6648 = DIRECTION ( 'NONE',  ( -0.9975640502598247500, 0.06975647374411851600, 0.0000000000000000000 ) ) ;
#6649 = AXIS2_PLACEMENT_3D ( 'NONE', #2704, #2728, #2116 ) ;
#6650 = CARTESIAN_POINT ( 'NONE',  ( -2.724999999999980100, 0.4779902729874363500, -1.097500000000000400 ) ) ;
#6651 = DIRECTION ( 'NONE',  ( -0.0000000000000000000, -0.0000000000000000000, -1.000000000000000000 ) ) ;
#6652 = ADVANCED_FACE ( 'NONE', ( #4767 ), #7053, .F. ) ;
#6653 = CARTESIAN_POINT ( 'NONE',  ( 3.200000000000000200, 0.1496346075389538600, 0.2024999999999995700 ) ) ;
#6654 = FACE_OUTER_BOUND ( 'NONE', #1634, .T. ) ;
#6655 = ORIENTED_EDGE ( 'NONE', *, *, #3529, .F. ) ;
#6656 = CARTESIAN_POINT ( 'NONE',  ( 2.502990272987425600, 0.4779902729874362900, 0.8524999999999994800 ) ) ;
#6657 = DIRECTION ( 'NONE',  ( -0.0000000000000000000, -0.0000000000000000000, -1.000000000000000000 ) ) ;
#6658 = EDGE_CURVE ( 'NONE', #2993, #50, #29, .T. ) ;
#6659 = AXIS2_PLACEMENT_3D ( 'NONE', #4196, #1905, #3027 ) ;
#6660 = ORIENTED_EDGE ( 'NONE', *, *, #4161, .F. ) ;
#6661 = VERTEX_POINT ( 'NONE', #2952 ) ;
#6662 = EDGE_LOOP ( 'NONE', ( #5013, #6123, #3568, #306 ) ) ;
#6663 = CARTESIAN_POINT ( 'NONE',  ( 3.189536528938383700, -3.794707603699265500E-016, -1.097500000000000400 ) ) ;
#6664 = ORIENTED_EDGE ( 'NONE', *, *, #4566, .T. ) ;
#6665 = EDGE_LOOP ( 'NONE', ( #3617, #742, #4397, #1899 ) ) ;
#6666 = FACE_OUTER_BOUND ( 'NONE', #3365, .T. ) ;
#6667 =( LENGTH_UNIT ( ) NAMED_UNIT ( * ) SI_UNIT ( .MILLI., .METRE. ) );
#6668 = EDGE_CURVE ( 'NONE', #1163, #1361, #753, .T. ) ;
#6669 = DIRECTION ( 'NONE',  ( 0.0000000000000000000, 0.0000000000000000000, -1.000000000000000000 ) ) ;
#6670 = ORIENTED_EDGE ( 'NONE', *, *, #2159, .F. ) ;
#6671 = MECHANICAL_DESIGN_GEOMETRIC_PRESENTATION_REPRESENTATION (  '', ( #3713 ), #3575 ) ;
#6672 = VERTEX_POINT ( 'NONE', #101 ) ;
#6673 = VERTEX_POINT ( 'NONE', #5816 ) ;
#6674 = DIRECTION ( 'NONE',  ( 0.06975647374411934900, 0.9975640502598246400, -0.0000000000000000000 ) ) ;
#6675 = EDGE_LOOP ( 'NONE', ( #6785, #2693, #81, #6759 ) ) ;
#6676 = PLANE ( 'NONE',  #5094 ) ;
#6677 = EDGE_CURVE ( 'NONE', #1774, #1882, #3439, .T. ) ;
#6678 = FACE_OUTER_BOUND ( 'NONE', #2567, .T. ) ;
#6679 = CARTESIAN_POINT ( 'NONE',  ( 2.797009727012554200, 0.2500000000000000000, 2.152499999999999900 ) ) ;
#6680 = ORIENTED_EDGE ( 'NONE', *, *, #4987, .F. ) ;
#6681 = VECTOR ( 'NONE', #3600, 1000.000000000000000 ) ;
#6682 = DIRECTION ( 'NONE',  ( 0.0000000000000000000, 0.0000000000000000000, 1.000000000000000000 ) ) ;
#6683 = AXIS2_PLACEMENT_3D ( 'NONE', #6711, #4967, #3729 ) ;
#6684 = CARTESIAN_POINT ( 'NONE',  ( 2.724999999999980500, 0.2500000000000000000, 2.397500000000000000 ) ) ;
#6685 = CARTESIAN_POINT ( 'NONE',  ( 2.791986582380880500, 0.1781656850632321000, 1.097499999999999500 ) ) ;
#6686 = CARTESIAN_POINT ( 'NONE',  ( -2.791986582380880500, 0.1781656850632323000, 0.8524999999999994800 ) ) ;
#6687 = LINE ( 'NONE', #3340, #5333 ) ;
#6688 = ADVANCED_FACE ( 'NONE', ( #491 ), #6959, .F. ) ;
#6689 = CARTESIAN_POINT ( 'NONE',  ( 2.781523111319264400, 0.02853107752427827200, 2.397500000000000000 ) ) ;
#6690 = LINE ( 'NONE', #5633, #5156 ) ;
#6691 = ORIENTED_EDGE ( 'NONE', *, *, #867, .T. ) ;
#6692 = CARTESIAN_POINT ( 'NONE',  ( -3.189536528938383700, -3.794707603699265500E-016, -0.8525000000000003700 ) ) ;
#6693 = FACE_OUTER_BOUND ( 'NONE', #5076, .T. ) ;
#6694 = LINE ( 'NONE', #843, #4239 ) ;
#6695 = ORIENTED_EDGE ( 'NONE', *, *, #4325, .F. ) ;
#6696 = ORIENTED_EDGE ( 'NONE', *, *, #6559, .F. ) ;
#6697 = CARTESIAN_POINT ( 'NONE',  ( 4.824382293917824500E-016, 1.100000000000000100, 2.447339000965044000 ) ) ;
#6698 = CARTESIAN_POINT ( 'NONE',  ( 2.502990272987425600, 0.5500000000000105900, -2.152500000000000300 ) ) ;
#6699 = DIRECTION ( 'NONE',  ( -1.000000000000000000, -0.0000000000000000000, -0.0000000000000000000 ) ) ;
#6700 = VECTOR ( 'NONE', #5762, 1000.000000000000000 ) ;
#6701 = EDGE_CURVE ( 'NONE', #6704, #4008, #1824, .T. ) ;
#6702 = AXIS2_PLACEMENT_3D ( 'NONE', #905, #7093, #4792 ) ;
#6703 = CIRCLE ( 'NONE', #6234, 0.07200972701257388200 ) ;
#6704 = VERTEX_POINT ( 'NONE', #1242 ) ;
#6705 = CARTESIAN_POINT ( 'NONE',  ( 2.502990272987425600, 0.5500000000000105900, 0.8524999999999994800 ) ) ;
#6706 = DIRECTION ( 'NONE',  ( 1.000000000000000000, 0.0000000000000000000, 0.0000000000000000000 ) ) ;
#6707 = FACE_OUTER_BOUND ( 'NONE', #2111, .T. ) ;
#6708 = CARTESIAN_POINT ( 'NONE',  ( -2.502990272987425600, 0.5500000000000105900, 1.097499999999999500 ) ) ;
#6709 = DIRECTION ( 'NONE',  ( -0.0000000000000000000, -0.0000000000000000000, -1.000000000000000000 ) ) ;
#6710 = EDGE_LOOP ( 'NONE', ( #6749, #5115, #4949, #5591 ) ) ;
#6711 = CARTESIAN_POINT ( 'NONE',  ( 2.797009727012554200, 0.2500000000000000000, -2.152500000000000300 ) ) ;
#6712 = EDGE_CURVE ( 'NONE', #7004, #4622, #6240, .T. ) ;
#6713 = CARTESIAN_POINT ( 'NONE',  ( 2.724999999999980500, 0.2500000000000000000, -2.152500000000000300 ) ) ;
#6714 = CARTESIAN_POINT ( 'NONE',  ( -2.200000000000001100, 0.5500000000000105900, -0.2025000000000004300 ) ) ;
#6715 = DIRECTION ( 'NONE',  ( -1.000000000000000000, 0.0000000000000000000, 0.0000000000000000000 ) ) ;
#6716 = LINE ( 'NONE', #2923, #1946 ) ;
#6717 = ORIENTED_EDGE ( 'NONE', *, *, #1907, .T. ) ;
#6718 = PLANE ( 'NONE',  #2061 ) ;
#6719 = DIRECTION ( 'NONE',  ( -1.000000000000000000, 0.0000000000000000000, 0.0000000000000000000 ) ) ;
#6720 = VECTOR ( 'NONE', #6261, 1000.000000000000000 ) ;
#6721 = SURFACE_SIDE_STYLE ('',( #70 ) ) ;
#6722 = ORIENTED_EDGE ( 'NONE', *, *, #2362, .F. ) ;
#6723 = EDGE_CURVE ( 'NONE', #5406, #3746, #5248, .T. ) ;
#6724 = LINE ( 'NONE', #6812, #5375 ) ;
#6725 = ORIENTED_EDGE ( 'NONE', *, *, #3393, .F. ) ;
#6726 = DIRECTION ( 'NONE',  ( 0.0000000000000000000, 0.0000000000000000000, 1.000000000000000000 ) ) ;
#6727 = ADVANCED_FACE ( 'NONE', ( #3961 ), #5987, .F. ) ;
#6728 = VECTOR ( 'NONE', #6780, 1000.000000000000000 ) ;
#6729 = DIRECTION ( 'NONE',  ( 0.0000000000000000000, 0.0000000000000000000, 1.000000000000000000 ) ) ;
#6730 = ORIENTED_EDGE ( 'NONE', *, *, #4116, .T. ) ;
#6731 = DIRECTION ( 'NONE',  ( -0.0000000000000000000, -0.0000000000000000000, -1.000000000000000000 ) ) ;
#6732 = VECTOR ( 'NONE', #1073, 1000.000000000000000 ) ;
#6733 = ORIENTED_EDGE ( 'NONE', *, *, #2736, .T. ) ;
#6734 = ORIENTED_EDGE ( 'NONE', *, *, #56, .T. ) ;
#6735 = CARTESIAN_POINT ( 'NONE',  ( -2.575000000000000200, 0.4779902729874362900, -0.2025000000000004300 ) ) ;
#6736 = CARTESIAN_POINT ( 'NONE',  ( 2.502990272987425600, 0.4779902729874362900, -2.397500000000000400 ) ) ;
#6737 = FACE_OUTER_BOUND ( 'NONE', #4933, .T. ) ;
#6738 = VERTEX_POINT ( 'NONE', #5396 ) ;
#6739 = CARTESIAN_POINT ( 'NONE',  ( 2.200000000000001100, 8.860330322138688400, 2.500000000000001800 ) ) ;
#6740 = DIRECTION ( 'NONE',  ( -0.9975640502598246400, 0.06975647374411934900, 0.0000000000000000000 ) ) ;
#6741 = DIRECTION ( 'NONE',  ( -0.0000000000000000000, -0.0000000000000000000, -1.000000000000000000 ) ) ;
#6742 = ORIENTED_EDGE ( 'NONE', *, *, #2384, .F. ) ;
#6743 = ORIENTED_EDGE ( 'NONE', *, *, #3613, .F. ) ;
#6744 = CARTESIAN_POINT ( 'NONE',  ( -2.502990272987425600, 0.5500000000000105900, 0.2024999999999995700 ) ) ;
#6745 = EDGE_CURVE ( 'NONE', #2075, #5702, #3696, .T. ) ;
#6746 = EDGE_CURVE ( 'NONE', #1199, #7151, #5328, .T. ) ;
#6747 = AXIS2_PLACEMENT_3D ( 'NONE', #3306, #7312, #4912 ) ;
#6748 = PLANE ( 'NONE',  #6421 ) ;
#6749 = ORIENTED_EDGE ( 'NONE', *, *, #6400, .T. ) ;
#6750 = CLOSED_SHELL ( 'NONE', ( #2901, #2088, #3831, #6877, #5223, #6165, #5441, #1112, #3124, #478, #7092, #2427, #5787, #3622 ) ) ;
#6751 = ORIENTED_EDGE ( 'NONE', *, *, #6601, .F. ) ;
#6752 = DIRECTION ( 'NONE',  ( -1.000000000000000000, 0.0000000000000000000, 1.971276677246370800E-016 ) ) ;
#6753 = VECTOR ( 'NONE', #2110, 1000.000000000000000 ) ;
#6754 = CARTESIAN_POINT ( 'NONE',  ( 2.791986582380880500, 0.1781656850632321000, 0.8524999999999994800 ) ) ;
#6755 = EDGE_CURVE ( 'NONE', #5557, #1455, #4592, .T. ) ;
#6756 = AXIS2_PLACEMENT_3D ( 'NONE', #3836, #5017, #6824 ) ;
#6757 = CLOSED_SHELL ( 'NONE', ( #3955, #6053, #137, #558, #6289, #5297, #3238, #5183, #1494, #2498, #1746, #7059, #5109, #4018, #1897, #1527, #7251 ) ) ;
#6758 = ORIENTED_EDGE ( 'NONE', *, *, #4161, .T. ) ;
#6759 = ORIENTED_EDGE ( 'NONE', *, *, #3197, .T. ) ;
#6760 = VECTOR ( 'NONE', #4254, 1000.000000000000000 ) ;
#6761 = ADVANCED_FACE ( 'NONE', ( #4688 ), #3044, .F. ) ;
#6762 = CARTESIAN_POINT ( 'NONE',  ( 2.575000000000000200, 0.4779902729874362900, -1.502500000000000400 ) ) ;
#6763 = CARTESIAN_POINT ( 'NONE',  ( 2.575000000000000200, 0.4779902729874362900, 0.4474999999999995600 ) ) ;
#6764 = ORIENTED_EDGE ( 'NONE', *, *, #2748, .F. ) ;
#6765 = CARTESIAN_POINT ( 'NONE',  ( 2.797009727012554200, 0.2500000000000000000, -0.4475000000000004000 ) ) ;
#6766 = ORIENTED_EDGE ( 'NONE', *, *, #6537, .T. ) ;
#6767 = EDGE_CURVE ( 'NONE', #4956, #388, #1473, .T. ) ;
#6768 = FACE_OUTER_BOUND ( 'NONE', #1823, .T. ) ;
#6769 = CARTESIAN_POINT ( 'NONE',  ( 2.200000000000001100, 0.5500000000000105900, -1.502500000000000400 ) ) ;
#6770 = DIRECTION ( 'NONE',  ( -0.0000000000000000000, -0.0000000000000000000, -1.000000000000000000 ) ) ;
#6771 = VECTOR ( 'NONE', #4281, 1000.000000000000000 ) ;
#6772 = ORIENTED_EDGE ( 'NONE', *, *, #4221, .F. ) ;
#6773 = VECTOR ( 'NONE', #418, 1000.000000000000000 ) ;
#6774 = CARTESIAN_POINT ( 'NONE',  ( -2.502990272987425600, 0.5500000000000105900, -1.502500000000000400 ) ) ;
#6775 = LINE ( 'NONE', #6936, #5249 ) ;
#6776 = CARTESIAN_POINT ( 'NONE',  ( -2.781523111319264400, 0.02853107752427832800, -0.2025000000000004300 ) ) ;
#6777 = EDGE_CURVE ( 'NONE', #5690, #1092, #5059, .T. ) ;
#6778 = PLANE ( 'NONE',  #651 ) ;
#6779 = VECTOR ( 'NONE', #725, 1000.000000000000000 ) ;
#6780 = DIRECTION ( 'NONE',  ( -0.0000000000000000000, -0.0000000000000000000, -1.000000000000000000 ) ) ;
#6781 = CARTESIAN_POINT ( 'NONE',  ( 2.200000000000001100, 0.5500000000000105900, 2.500000000000001800 ) ) ;
#6782 = VECTOR ( 'NONE', #2343, 1000.000000000000000 ) ;
#6783 = ORIENTED_EDGE ( 'NONE', *, *, #3176, .F. ) ;
#6784 =( LENGTH_UNIT ( ) NAMED_UNIT ( * ) SI_UNIT ( .MILLI., .METRE. ) );
#6785 = ORIENTED_EDGE ( 'NONE', *, *, #4030, .T. ) ;
#6786 = FACE_OUTER_BOUND ( 'NONE', #743, .T. ) ;
#6787 = LINE ( 'NONE', #1121, #4148 ) ;
#6788 = ORIENTED_EDGE ( 'NONE', *, *, #6893, .T. ) ;
#6789 = CARTESIAN_POINT ( 'NONE',  ( 3.189536528938383700, -3.794707603699265500E-016, 1.097499999999999500 ) ) ;
#6790 = EDGE_LOOP ( 'NONE', ( #703, #2984, #3288, #3335 ) ) ;
#6791 = AXIS2_PLACEMENT_3D ( 'NONE', #6413, #1309, #5321 ) ;
#6792 = CARTESIAN_POINT ( 'NONE',  ( -3.189536528938383700, -3.794707603699265500E-016, -2.397500000000000400 ) ) ;
#6793 = CIRCLE ( 'NONE', #3155, 0.07200972701257432600 ) ;
#6794 = CARTESIAN_POINT ( 'NONE',  ( 3.200000000000000200, 0.1496346075389538600, -2.152500000000000300 ) ) ;
#6795 = CARTESIAN_POINT ( 'NONE',  ( -2.797009727012554200, 0.2500000000000000000, -0.8525000000000003700 ) ) ;
#6796 = ORIENTED_EDGE ( 'NONE', *, *, #3809, .F. ) ;
#6797 = VECTOR ( 'NONE', #4810, 1000.000000000000000 ) ;
#6798 = ORIENTED_EDGE ( 'NONE', *, *, #2511, .T. ) ;
#6799 = ADVANCED_FACE ( 'NONE', ( #3064 ), #1928, .T. ) ;
#6800 = CARTESIAN_POINT ( 'NONE',  ( -3.200000000000000200, 0.1496346075389538600, -2.397500000000000400 ) ) ;
#6801 = EDGE_CURVE ( 'NONE', #3511, #6229, #1553, .T. ) ;
#6802 = AXIS2_PLACEMENT_3D ( 'NONE', #1963, #6001, #3754 ) ;
#6803 = DIRECTION ( 'NONE',  ( 1.000000000000000000, 0.0000000000000000000, 0.0000000000000000000 ) ) ;
#6804 = FACE_OUTER_BOUND ( 'NONE', #4073, .T. ) ;
#6805 = ORIENTED_EDGE ( 'NONE', *, *, #1703, .T. ) ;
#6806 = CARTESIAN_POINT ( 'NONE',  ( 2.575000000000000200, 0.4779902729874362900, -0.8525000000000003700 ) ) ;
#6807 = VECTOR ( 'NONE', #1006, 1000.000000000000000 ) ;
#6808 = LINE ( 'NONE', #3324, #2751 ) ;
#6809 = ORIENTED_EDGE ( 'NONE', *, *, #2838, .T. ) ;
#6810 = EDGE_CURVE ( 'NONE', #3746, #5954, #6592, .T. ) ;
#6811 = AXIS2_PLACEMENT_3D ( 'NONE', #6432, #76, #1854 ) ;
#6812 = CARTESIAN_POINT ( 'NONE',  ( -2.791986582380880500, 0.1781656850632323000, -2.152500000000000300 ) ) ;
#6813 = CYLINDRICAL_SURFACE ( 'NONE', #3348, 0.2220097270125543400 ) ;
#6814 = EDGE_LOOP ( 'NONE', ( #6733, #59, #7171, #217, #1627, #3635, #3325, #1290, #474, #2632, #5414, #5217 ) ) ;
#6815 = CARTESIAN_POINT ( 'NONE',  ( -2.502990272987425600, 0.6999999999999905200, 1.747499999999999400 ) ) ;
#6816 = CARTESIAN_POINT ( 'NONE',  ( -2.502990272987425600, 0.4779902729874362900, 0.4474999999999995600 ) ) ;
#6817 = EDGE_CURVE ( 'NONE', #475, #4039, #123, .T. ) ;
#6818 = PLANE ( 'NONE',  #1036 ) ;
#6819 = VECTOR ( 'NONE', #3080, 1000.000000000000000 ) ;
#6820 = ORIENTED_EDGE ( 'NONE', *, *, #6292, .F. ) ;
#6821 = CARTESIAN_POINT ( 'NONE',  ( -3.200000000000000200, 0.1496346075389538600, -1.502500000000000400 ) ) ;
#6822 = DIRECTION ( 'NONE',  ( 0.06975647374411934900, 0.9975640502598246400, -0.0000000000000000000 ) ) ;
#6823 = DIRECTION ( 'NONE',  ( 1.000000000000000000, 0.0000000000000000000, -0.0000000000000000000 ) ) ;
#6824 = DIRECTION ( 'NONE',  ( 0.0000000000000000000, 0.0000000000000000000, 1.000000000000000000 ) ) ;
#6825 = LINE ( 'NONE', #429, #1437 ) ;
#6826 = ORIENTED_EDGE ( 'NONE', *, *, #6014, .F. ) ;
#6827 = SURFACE_SIDE_STYLE ('',( #195 ) ) ;
#6828 = ADVANCED_FACE ( 'NONE', ( #3523 ), #1977, .F. ) ;
#6829 = CARTESIAN_POINT ( 'NONE',  ( 2.200000000000001100, 0.6999999999999905200, -0.2025000000000004300 ) ) ;
#6830 = DIRECTION ( 'NONE',  ( 1.000000000000000000, 0.0000000000000000000, 0.0000000000000000000 ) ) ;
#6831 = ORIENTED_EDGE ( 'NONE', *, *, #4691, .T. ) ;
#6832 = ORIENTED_EDGE ( 'NONE', *, *, #88, .T. ) ;
#6833 = CARTESIAN_POINT ( 'NONE',  ( -2.724999999999980500, 0.4779902729874362400, 2.397500000000000000 ) ) ;
#6834 = VERTEX_POINT ( 'NONE', #1357 ) ;
#6835 = ADVANCED_FACE ( 'NONE', ( #5693 ), #4505, .T. ) ;
#6836 = EDGE_CURVE ( 'NONE', #6457, #6548, #3607, .T. ) ;
#6837 = EDGE_CURVE ( 'NONE', #6376, #7103, #2272, .T. ) ;
#6838 = ORIENTED_EDGE ( 'NONE', *, *, #2711, .F. ) ;
#6839 = ORIENTED_EDGE ( 'NONE', *, *, #2851, .F. ) ;
#6840 = CARTESIAN_POINT ( 'NONE',  ( 2.502990272987425600, 0.5500000000000105900, -0.2025000000000004300 ) ) ;
#6841 = CIRCLE ( 'NONE', #160, 0.2220097270125543400 ) ;
#6842 = AXIS2_PLACEMENT_3D ( 'NONE', #994, #517, #3384 ) ;
#6843 = ORIENTED_EDGE ( 'NONE', *, *, #5539, .T. ) ;
#6844 = CARTESIAN_POINT ( 'NONE',  ( -2.575000000000000200, 0.2500000000000000000, -0.2025000000000004300 ) ) ;
#6845 = ORIENTED_EDGE ( 'NONE', *, *, #556, .F. ) ;
#6846 = CARTESIAN_POINT ( 'NONE',  ( 2.200000000000001100, 0.6999999999999905200, 0.8524999999999994800 ) ) ;
#6847 = VECTOR ( 'NONE', #409, 1000.000000000000000 ) ;
#6848 = PLANE ( 'NONE',  #5323 ) ;
#6849 = EDGE_CURVE ( 'NONE', #3143, #1057, #2801, .T. ) ;
#6850 = DIRECTION ( 'NONE',  ( -0.9975640502598247500, 0.06975647374411825300, -0.0000000000000000000 ) ) ;
#6851 = VERTEX_POINT ( 'NONE', #5936 ) ;
#6852 = VECTOR ( 'NONE', #6042, 1000.000000000000000 ) ;
#6853 = ORIENTED_EDGE ( 'NONE', *, *, #2371, .T. ) ;
#6854 = CARTESIAN_POINT ( 'NONE',  ( 2.502990272987425600, 0.4779902729874362900, -1.502500000000000400 ) ) ;
#6855 = DIRECTION ( 'NONE',  ( -0.0000000000000000000, -0.0000000000000000000, -1.000000000000000000 ) ) ;
#6856 = CARTESIAN_POINT ( 'NONE',  ( -2.781523111319264400, 0.02853107752427832800, 0.4474999999999995600 ) ) ;
#6857 = EDGE_CURVE ( 'NONE', #4749, #1392, #4323, .T. ) ;
#6858 = EDGE_CURVE ( 'NONE', #4130, #7103, #308, .T. ) ;
#6859 = LINE ( 'NONE', #582, #7039 ) ;
#6860 = VECTOR ( 'NONE', #2776, 1000.000000000000000 ) ;
#6861 = VECTOR ( 'NONE', #393, 1000.000000000000000 ) ;
#6862 = CARTESIAN_POINT ( 'NONE',  ( 2.724999999999980500, 0.4779902729874362400, -2.397500000000000400 ) ) ;
#6863 = ORIENTED_EDGE ( 'NONE', *, *, #5357, .F. ) ;
#6864 = DIRECTION ( 'NONE',  ( -0.0000000000000000000, -0.0000000000000000000, -1.000000000000000000 ) ) ;
#6865 = ADVANCED_FACE ( 'NONE', ( #3784 ), #305, .F. ) ;
#6866 = CARTESIAN_POINT ( 'NONE',  ( -3.189536528938383700, -3.794707603699265500E-016, 2.152499999999999900 ) ) ;
#6867 = VECTOR ( 'NONE', #2202, 1000.000000000000000 ) ;
#6868 = VECTOR ( 'NONE', #1096, 1000.000000000000000 ) ;
#6869 = ORIENTED_EDGE ( 'NONE', *, *, #6884, .T. ) ;
#6870 = VERTEX_POINT ( 'NONE', #909 ) ;
#6871 =( NAMED_UNIT ( * ) SI_UNIT ( $, .STERADIAN. ) SOLID_ANGLE_UNIT ( ) );
#6872 = DIRECTION ( 'NONE',  ( 0.9975640502598247500, 0.06975647374411851600, -0.0000000000000000000 ) ) ;
#6873 = CARTESIAN_POINT ( 'NONE',  ( -2.791986582380880500, 0.1781656850632321000, 2.397500000000000000 ) ) ;
#6874 = AXIS2_PLACEMENT_3D ( 'NONE', #203, #5915, #5886 ) ;
#6875 = DIRECTION ( 'NONE',  ( -0.06975647374411851600, -0.9975640502598247500, 0.0000000000000000000 ) ) ;
#6876 = VECTOR ( 'NONE', #4429, 1000.000000000000000 ) ;
#6877 = ADVANCED_FACE ( 'NONE', ( #2446 ), #4297, .F. ) ;
#6878 = VECTOR ( 'NONE', #4790, 1000.000000000000000 ) ;
#6879 = ORIENTED_EDGE ( 'NONE', *, *, #6723, .F. ) ;
#6880 = CARTESIAN_POINT ( 'NONE',  ( 2.502990272987425600, 0.4779902729874362900, -1.097500000000000400 ) ) ;
#6881 = CARTESIAN_POINT ( 'NONE',  ( -3.200000000000000200, 0.1496346075389538600, 1.747499999999999400 ) ) ;
#6882 = SURFACE_STYLE_FILL_AREA ( #3283 ) ;
#6883 = CARTESIAN_POINT ( 'NONE',  ( -2.200000000000001100, 0.6999999999999905200, -0.4475000000000004000 ) ) ;
#6884 = EDGE_CURVE ( 'NONE', #3511, #1539, #2097, .T. ) ;
#6885 = ORIENTED_EDGE ( 'NONE', *, *, #6101, .F. ) ;
#6886 = EDGE_CURVE ( 'NONE', #5559, #7454, #6499, .T. ) ;
#6887 = ORIENTED_EDGE ( 'NONE', *, *, #4927, .F. ) ;
#6888 = AXIS2_PLACEMENT_3D ( 'NONE', #5143, #1700, #3608 ) ;
#6889 = DIRECTION ( 'NONE',  ( -0.0000000000000000000, 0.0000000000000000000, -1.000000000000000000 ) ) ;
#6890 = DIRECTION ( 'NONE',  ( -0.0000000000000000000, -0.0000000000000000000, -1.000000000000000000 ) ) ;
#6891 = FACE_OUTER_BOUND ( 'NONE', #3929, .T. ) ;
#6892 = EDGE_LOOP ( 'NONE', ( #4970, #5389, #5899, #7192 ) ) ;
#6893 = EDGE_CURVE ( 'NONE', #1539, #4956, #7397, .T. ) ;
#6894 = AXIS2_PLACEMENT_3D ( 'NONE', #6383, #3407, #1211 ) ;
#6895 = UNCERTAINTY_MEASURE_WITH_UNIT (LENGTH_MEASURE( 1.000000000000000100E-005 ), #2094, 'distance_accuracy_value', 'NONE');
#6896 = LINE ( 'NONE', #1796, #6543 ) ;
#6897 = PLANE ( 'NONE',  #3883 ) ;
#6898 = CARTESIAN_POINT ( 'NONE',  ( 2.575000000000000200, 0.2500000000000000000, -2.152500000000000300 ) ) ;
#6899 = VECTOR ( 'NONE', #5844, 1000.000000000000000 ) ;
#6900 = ORIENTED_EDGE ( 'NONE', *, *, #955, .T. ) ;
#6901 = EDGE_CURVE ( 'NONE', #5938, #191, #6948, .T. ) ;
#6902 = ADVANCED_FACE ( 'NONE', ( #5415 ), #4497, .T. ) ;
#6903 = CARTESIAN_POINT ( 'NONE',  ( -2.502990272987425600, 0.4779902729874362900, -0.8525000000000003700 ) ) ;
#6904 = EDGE_CURVE ( 'NONE', #1573, #6673, #4314, .T. ) ;
#6905 = LINE ( 'NONE', #1992, #264 ) ;
#6906 = ORIENTED_EDGE ( 'NONE', *, *, #6177, .F. ) ;
#6907 = DIRECTION ( 'NONE',  ( 0.06975647374411851600, -0.9975640502598247500, 0.0000000000000000000 ) ) ;
#6908 = ORIENTED_EDGE ( 'NONE', *, *, #1943, .T. ) ;
#6909 = DIRECTION ( 'NONE',  ( 0.0000000000000000000, 0.0000000000000000000, 1.000000000000000000 ) ) ;
#6910 = DIRECTION ( 'NONE',  ( 3.469446951953614200E-016, 0.0000000000000000000, 1.000000000000000000 ) ) ;
#6911 = AXIS2_PLACEMENT_3D ( 'NONE', #450, #5003, #7323 ) ;
#6912 = CARTESIAN_POINT ( 'NONE',  ( 2.200000000000001100, 0.6999999999999905200, -0.8525000000000003700 ) ) ;
#6913 = EDGE_LOOP ( 'NONE', ( #390, #1901, #3182, #511 ) ) ;
#6914 = LINE ( 'NONE', #4229, #6819 ) ;
#6915 = EDGE_LOOP ( 'NONE', ( #1799, #6483, #1185, #6853 ) ) ;
#6916 = DIRECTION ( 'NONE',  ( 1.000000000000000000, -0.0000000000000000000, -0.0000000000000000000 ) ) ;
#6917 = ADVANCED_FACE ( 'NONE', ( #840 ), #4368, .F. ) ;
#6918 = CARTESIAN_POINT ( 'NONE',  ( 2.575000000000000200, 0.2500000000000000000, 0.4474999999999995600 ) ) ;
#6919 = EDGE_CURVE ( 'NONE', #4511, #3139, #5594, .T. ) ;
#6920 = DIRECTION ( 'NONE',  ( 0.0000000000000000000, 0.0000000000000000000, 1.000000000000000000 ) ) ;
#6921 = STYLED_ITEM ( 'NONE', ( #4636 ), #4017 ) ;
#6922 = DIRECTION ( 'NONE',  ( -1.000000000000000000, 0.0000000000000000000, 0.0000000000000000000 ) ) ;
#6923 = CIRCLE ( 'NONE', #7076, 0.3999999999999999700 ) ;
#6924 = ORIENTED_EDGE ( 'NONE', *, *, #5319, .T. ) ;
#6925 = PLANE ( 'NONE',  #3210 ) ;
#6926 = CARTESIAN_POINT ( 'NONE',  ( 2.502990272987425600, 0.4779902729874362900, 2.397500000000000000 ) ) ;
#6927 = DIRECTION ( 'NONE',  ( -0.06975647374411851600, 0.9975640502598247500, 0.0000000000000000000 ) ) ;
#6928 = CARTESIAN_POINT ( 'NONE',  ( -2.575000000000000200, 0.2500000000000000000, 1.747499999999999400 ) ) ;
#6929 = ORIENTED_EDGE ( 'NONE', *, *, #5227, .F. ) ;
#6930 = ORIENTED_EDGE ( 'NONE', *, *, #4682, .T. ) ;
#6931 = ORIENTED_EDGE ( 'NONE', *, *, #3786, .F. ) ;
#6932 = CARTESIAN_POINT ( 'NONE',  ( 2.502990272987425600, 0.4779902729874362900, -1.747500000000000300 ) ) ;
#6933 = AXIS2_PLACEMENT_3D ( 'NONE', #4321, #6822, #6204 ) ;
#6934 = CARTESIAN_POINT ( 'NONE',  ( -2.502990272987425600, 0.6999999999999905200, -0.2025000000000004300 ) ) ;
#6935 = ORIENTED_EDGE ( 'NONE', *, *, #6998, .F. ) ;
#6936 = CARTESIAN_POINT ( 'NONE',  ( -2.724999999999980100, 0.4779902729874363500, -2.152500000000000300 ) ) ;
#6937 = ORIENTED_EDGE ( 'NONE', *, *, #623, .T. ) ;
#6938 = SURFACE_STYLE_USAGE ( .BOTH. , #2390 ) ;
#6939 = EDGE_LOOP ( 'NONE', ( #6367, #2877, #635, #3470 ) ) ;
#6940 = ORIENTED_EDGE ( 'NONE', *, *, #5316, .F. ) ;
#6941 = LINE ( 'NONE', #7158, #6138 ) ;
#6942 = EDGE_CURVE ( 'NONE', #2935, #1982, #2440, .T. ) ;
#6943 = CARTESIAN_POINT ( 'NONE',  ( -3.189536528938383700, -3.794707603699265500E-016, -1.097500000000000400 ) ) ;
#6944 = ORIENTED_EDGE ( 'NONE', *, *, #6131, .F. ) ;
#6945 = FILL_AREA_STYLE ('',( #1770 ) ) ;
#6946 = ORIENTED_EDGE ( 'NONE', *, *, #5862, .T. ) ;
#6947 = ADVANCED_FACE ( 'NONE', ( #928 ), #336, .F. ) ;
#6948 = CIRCLE ( 'NONE', #4605, 0.07200972701257388200 ) ;
#6949 = DIRECTION ( 'NONE',  ( 1.000000000000000000, -0.0000000000000000000, 0.0000000000000000000 ) ) ;
#6950 = DIRECTION ( 'NONE',  ( 1.000000000000000000, 0.0000000000000000000, 0.0000000000000000000 ) ) ;
#6951 = DIRECTION ( 'NONE',  ( 0.0000000000000000000, 0.0000000000000000000, -1.000000000000000000 ) ) ;
#6952 = VERTEX_POINT ( 'NONE', #1551 ) ;
#6953 = LINE ( 'NONE', #6277, #4328 ) ;
#6954 = ORIENTED_EDGE ( 'NONE', *, *, #2197, .T. ) ;
#6955 = EDGE_CURVE ( 'NONE', #6075, #6645, #2888, .T. ) ;
#6956 = LINE ( 'NONE', #5603, #2809 ) ;
#6957 = DIRECTION ( 'NONE',  ( -0.0000000000000000000, -1.000000000000000000, -0.0000000000000000000 ) ) ;
#6958 = VECTOR ( 'NONE', #6405, 1000.000000000000000 ) ;
#6959 = PLANE ( 'NONE',  #879 ) ;
#6960 = CARTESIAN_POINT ( 'NONE',  ( -2.797009727012554200, 0.2500000000000000000, 1.747499999999999400 ) ) ;
#6961 = VECTOR ( 'NONE', #4889, 1000.000000000000000 ) ;
#6962 = ORIENTED_EDGE ( 'NONE', *, *, #7246, .F. ) ;
#6963 = DIRECTION ( 'NONE',  ( -0.06975647374411934900, 0.9975640502598246400, 0.0000000000000000000 ) ) ;
#6964 = ORIENTED_EDGE ( 'NONE', *, *, #6197, .F. ) ;
#6965 = EDGE_CURVE ( 'NONE', #4761, #6738, #2975, .T. ) ;
#6966 = CYLINDRICAL_SURFACE ( 'NONE', #819, 0.07200972701257388200 ) ;
#6967 = CARTESIAN_POINT ( 'NONE',  ( 2.502990272987425600, 0.4779902729874362900, -1.502500000000000400 ) ) ;
#6968 = AXIS2_PLACEMENT_3D ( 'NONE', #2747, #6731, #1623 ) ;
#6969 = VECTOR ( 'NONE', #423, 1000.000000000000000 ) ;
#6970 = VERTEX_POINT ( 'NONE', #512 ) ;
#6971 = VERTEX_POINT ( 'NONE', #1037 ) ;
#6972 = DIRECTION ( 'NONE',  ( -0.0000000000000000000, -0.0000000000000000000, -1.000000000000000000 ) ) ;
#6973 = VECTOR ( 'NONE', #7445, 1000.000000000000000 ) ;
#6974 = CARTESIAN_POINT ( 'NONE',  ( -2.575000000000000200, 0.4779902729874362900, -1.502500000000000400 ) ) ;
#6975 = LINE ( 'NONE', #5928, #518 ) ;
#6976 = VERTEX_POINT ( 'NONE', #6844 ) ;
#6977 = DIRECTION ( 'NONE',  ( -0.0000000000000000000, -0.0000000000000000000, -1.000000000000000000 ) ) ;
#6978 = DIRECTION ( 'NONE',  ( 0.0000000000000000000, 0.0000000000000000000, 1.000000000000000000 ) ) ;
#6979 = AXIS2_PLACEMENT_3D ( 'NONE', #4488, #5111, #7401 ) ;
#6980 = PLANE ( 'NONE',  #4235 ) ;
#6981 = FACE_OUTER_BOUND ( 'NONE', #614, .T. ) ;
#6982 = ORIENTED_EDGE ( 'NONE', *, *, #5302, .T. ) ;
#6983 = CARTESIAN_POINT ( 'NONE',  ( -2.502990272987425600, 0.4779902729874362900, 1.097499999999999500 ) ) ;
#6984 = DIRECTION ( 'NONE',  ( 0.06975647374411851600, 0.9975640502598247500, -0.0000000000000000000 ) ) ;
#6985 = EDGE_CURVE ( 'NONE', #5133, #4108, #296, .T. ) ;
#6986 = VECTOR ( 'NONE', #2595, 1000.000000000000000 ) ;
#6987 = EDGE_CURVE ( 'NONE', #823, #5756, #2793, .T. ) ;
#6988 = LINE ( 'NONE', #7259, #3906 ) ;
#6989 = VERTEX_POINT ( 'NONE', #6285 ) ;
#6990 = CARTESIAN_POINT ( 'NONE',  ( -2.502990272987425600, 0.5500000000000105900, 1.502499999999999500 ) ) ;
#6991 = ADVANCED_FACE ( 'NONE', ( #6768 ), #6778, .F. ) ;
#6992 = CARTESIAN_POINT ( 'NONE',  ( -2.724999999999980500, 0.2500000000000000000, -0.2025000000000004300 ) ) ;
#6993 = FACE_OUTER_BOUND ( 'NONE', #7426, .T. ) ;
#6994 = VERTEX_POINT ( 'NONE', #1014 ) ;
#6995 = DIRECTION ( 'NONE',  ( -1.000000000000000000, 0.0000000000000000000, 0.0000000000000000000 ) ) ;
#6996 = VECTOR ( 'NONE', #3951, 1000.000000000000000 ) ;
#6997 = ORIENTED_EDGE ( 'NONE', *, *, #7147, .F. ) ;
#6998 = EDGE_CURVE ( 'NONE', #2697, #316, #484, .T. ) ;
#6999 = AXIS2_PLACEMENT_3D ( 'NONE', #1279, #5858, #3018 ) ;
#7000 = DIRECTION ( 'NONE',  ( -0.0000000000000000000, 0.0000000000000000000, -1.000000000000000000 ) ) ;
#7001 = CARTESIAN_POINT ( 'NONE',  ( 2.575000000000000200, 0.4779902729874362900, -0.2025000000000004300 ) ) ;
#7002 = DIRECTION ( 'NONE',  ( 0.0000000000000000000, 0.0000000000000000000, -1.000000000000000000 ) ) ;
#7003 = VECTOR ( 'NONE', #6972, 1000.000000000000000 ) ;
#7004 = VERTEX_POINT ( 'NONE', #2160 ) ;
#7005 = EDGE_CURVE ( 'NONE', #4930, #3056, #4043, .T. ) ;
#7006 = DIRECTION ( 'NONE',  ( -0.06975647374411851600, 0.9975640502598247500, 0.0000000000000000000 ) ) ;
#7007 = EDGE_CURVE ( 'NONE', #4836, #4026, #2536, .T. ) ;
#7008 = CARTESIAN_POINT ( 'NONE',  ( 2.791986582380880500, 0.1781656850632321000, 1.747499999999999400 ) ) ;
#7009 = CARTESIAN_POINT ( 'NONE',  ( 2.781523111319264400, 0.02853107752427827200, 1.097499999999999500 ) ) ;
#7010 = LINE ( 'NONE', #479, #553 ) ;
#7011 = ORIENTED_EDGE ( 'NONE', *, *, #1612, .F. ) ;
#7012 = DIRECTION ( 'NONE',  ( 0.0000000000000000000, 1.000000000000000000, 0.0000000000000000000 ) ) ;
#7013 = VERTEX_POINT ( 'NONE', #3350 ) ;
#7014 = VERTEX_POINT ( 'NONE', #6754 ) ;
#7015 = PLANE ( 'NONE',  #546 ) ;
#7016 = ADVANCED_FACE ( 'NONE', ( #1817 ), #5241, .F. ) ;
#7017 = CARTESIAN_POINT ( 'NONE',  ( -2.502990272987425600, 0.4779902729874362900, 1.502499999999999500 ) ) ;
#7018 = EDGE_LOOP ( 'NONE', ( #5107, #105, #2513, #3581 ) ) ;
#7019 = CARTESIAN_POINT ( 'NONE',  ( -2.502990272987425600, 0.4779902729874362900, -0.8525000000000003700 ) ) ;
#7020 = VERTEX_POINT ( 'NONE', #4470 ) ;
#7021 = ORIENTED_EDGE ( 'NONE', *, *, #7249, .T. ) ;
#7022 = DIRECTION ( 'NONE',  ( -0.0000000000000000000, -1.000000000000000000, -0.0000000000000000000 ) ) ;
#7023 = PLANE ( 'NONE',  #6191 ) ;
#7024 = ADVANCED_FACE ( 'NONE', ( #3953 ), #1647, .F. ) ;
#7025 = ORIENTED_EDGE ( 'NONE', *, *, #7097, .T. ) ;
#7026 = EDGE_LOOP ( 'NONE', ( #374, #6610, #2278, #4649 ) ) ;
#7027 = CARTESIAN_POINT ( 'NONE',  ( -2.502990272987425600, 0.6999999999999905200, -2.152500000000000300 ) ) ;
#7028 = LINE ( 'NONE', #5780, #7308 ) ;
#7029 = CARTESIAN_POINT ( 'NONE',  ( -2.502990272987425600, 0.4779902729874362900, -0.8525000000000003700 ) ) ;
#7030 = MANIFOLD_SOLID_BREP ( 'Pin 8', #690 ) ;
#7031 = ORIENTED_EDGE ( 'NONE', *, *, #5206, .F. ) ;
#7032 = LINE ( 'NONE', #392, #6852 ) ;
#7033 = VERTEX_POINT ( 'NONE', #7381 ) ;
#7034 = VECTOR ( 'NONE', #1431, 1000.000000000000100 ) ;
#7035 = EDGE_CURVE ( 'NONE', #6410, #6971, #1027, .T. ) ;
#7036 = AXIS2_PLACEMENT_3D ( 'NONE', #468, #395, #6740 ) ;
#7037 = CARTESIAN_POINT ( 'NONE',  ( 2.724999999999980500, 0.4779902729874362400, -1.502500000000000400 ) ) ;
#7038 = CARTESIAN_POINT ( 'NONE',  ( 2.781523111319264400, 0.02853107752427827200, 0.8524999999999994800 ) ) ;
#7039 = VECTOR ( 'NONE', #1696, 1000.000000000000000 ) ;
#7040 = VECTOR ( 'NONE', #3156, 1000.000000000000000 ) ;
#7041 = VECTOR ( 'NONE', #7367, 1000.000000000000000 ) ;
#7042 = EDGE_LOOP ( 'NONE', ( #2657, #5944, #3076, #4146 ) ) ;
#7043 = DIRECTION ( 'NONE',  ( 0.0000000000000000000, 0.0000000000000000000, 1.000000000000000000 ) ) ;
#7044 = CARTESIAN_POINT ( 'NONE',  ( -2.502990272987425600, 0.6999999999999905200, 2.397500000000000000 ) ) ;
#7045 = EDGE_CURVE ( 'NONE', #2723, #1678, #5320, .T. ) ;
#7046 = DIRECTION ( 'NONE',  ( 0.0000000000000000000, 0.0000000000000000000, 1.000000000000000000 ) ) ;
#7047 = LINE ( 'NONE', #7304, #7129 ) ;
#7048 = FACE_OUTER_BOUND ( 'NONE', #7073, .T. ) ;
#7049 = EDGE_LOOP ( 'NONE', ( #648, #4038, #132, #6182 ) ) ;
#7050 = AXIS2_PLACEMENT_3D ( 'NONE', #4857, #1440, #7187 ) ;
#7051 = ORIENTED_EDGE ( 'NONE', *, *, #1612, .T. ) ;
#7052 = CARTESIAN_POINT ( 'NONE',  ( -2.724999999999980500, 0.2500000000000000000, -0.4475000000000004000 ) ) ;
#7053 = PLANE ( 'NONE',  #6791 ) ;
#7054 = DIRECTION ( 'NONE',  ( -0.1294283079955606000, 0.9831056027603609600, 0.1294283079955606300 ) ) ;
#7055 = VECTOR ( 'NONE', #5474, 1000.000000000000000 ) ;
#7056 = ORIENTED_EDGE ( 'NONE', *, *, #2466, .T. ) ;
#7057 = EDGE_CURVE ( 'NONE', #2496, #3980, #2264, .T. ) ;
#7058 = ORIENTED_EDGE ( 'NONE', *, *, #2602, .T. ) ;
#7059 = ADVANCED_FACE ( 'NONE', ( #6230 ), #6897, .T. ) ;
#7060 = AXIS2_PLACEMENT_3D ( 'NONE', #2112, #6064, #915 ) ;
#7061 = CYLINDRICAL_SURFACE ( 'NONE', #6160, 0.2220097270125543400 ) ;
#7062 = CARTESIAN_POINT ( 'NONE',  ( 2.200000000000001100, 0.6999999999999905200, -0.2025000000000004300 ) ) ;
#7063 = PRESENTATION_STYLE_ASSIGNMENT (( #7423 ) ) ;
#7064 = ORIENTED_EDGE ( 'NONE', *, *, #4118, .F. ) ;
#7065 = DIRECTION ( 'NONE',  ( -1.000000000000000000, 0.0000000000000000000, 0.0000000000000000000 ) ) ;
#7066 = SURFACE_STYLE_FILL_AREA ( #6945 ) ;
#7067 = VECTOR ( 'NONE', #5339, 1000.000000000000000 ) ;
#7068 = ORIENTED_EDGE ( 'NONE', *, *, #6858, .T. ) ;
#7069 = VECTOR ( 'NONE', #2997, 1000.000000000000000 ) ;
#7070 = DIRECTION ( 'NONE',  ( -1.000000000000000000, 0.0000000000000000000, 0.0000000000000000000 ) ) ;
#7071 = ORIENTED_EDGE ( 'NONE', *, *, #2617, .T. ) ;
#7072 = VECTOR ( 'NONE', #6364, 1000.000000000000000 ) ;
#7073 = EDGE_LOOP ( 'NONE', ( #3396, #3401, #6437, #4258, #4406, #1821, #2886, #859, #3812, #3010, #7352, #3606 ) ) ;
#7074 = DIRECTION ( 'NONE',  ( -0.0000000000000000000, -0.0000000000000000000, -1.000000000000000000 ) ) ;
#7075 = EDGE_CURVE ( 'NONE', #4735, #866, #6051, .T. ) ;
#7076 = AXIS2_PLACEMENT_3D ( 'NONE', #5417, #5471, #1970 ) ;
#7077 = DIRECTION ( 'NONE',  ( -0.0000000000000000000, -0.0000000000000000000, -1.000000000000000000 ) ) ;
#7078 = FACE_OUTER_BOUND ( 'NONE', #6484, .T. ) ;
#7079 = CYLINDRICAL_SURFACE ( 'NONE', #7133, 0.07200972701257388200 ) ;
#7080 = VERTEX_POINT ( 'NONE', #2893 ) ;
#7081 = ORIENTED_EDGE ( 'NONE', *, *, #7007, .T. ) ;
#7082 = CARTESIAN_POINT ( 'NONE',  ( -2.200000000000001100, 0.1499999999999999900, 2.447339000965044400 ) ) ;
#7083 = DIRECTION ( 'NONE',  ( 3.469446951953614200E-016, 0.0000000000000000000, 1.000000000000000000 ) ) ;
#7084 = ADVANCED_FACE ( 'NONE', ( #5146 ), #2708, .F. ) ;
#7085 = DIRECTION ( 'NONE',  ( -0.0000000000000000000, -0.0000000000000000000, -1.000000000000000000 ) ) ;
#7086 = EDGE_CURVE ( 'NONE', #1725, #5436, #1999, .T. ) ;
#7087 = VECTOR ( 'NONE', #1747, 1000.000000000000000 ) ;
#7088 = VERTEX_POINT ( 'NONE', #3988 ) ;
#7089 = DIRECTION ( 'NONE',  ( 0.0000000000000000000, 1.000000000000000000, 0.0000000000000000000 ) ) ;
#7090 = CARTESIAN_POINT ( 'NONE',  ( 2.797009727012554200, 0.2500000000000000000, -0.2025000000000004300 ) ) ;
#7091 = CARTESIAN_POINT ( 'NONE',  ( 2.502990272987425600, 0.4779902729874362900, -0.8525000000000003700 ) ) ;
#7092 = ADVANCED_FACE ( 'NONE', ( #4853 ), #4407, .F. ) ;
#7093 = DIRECTION ( 'NONE',  ( 0.0000000000000000000, 0.0000000000000000000, 1.000000000000000000 ) ) ;
#7094 = VERTEX_POINT ( 'NONE', #4011 ) ;
#7095 = ORIENTED_EDGE ( 'NONE', *, *, #2815, .T. ) ;
#7096 = DIRECTION ( 'NONE',  ( -0.0000000000000000000, -0.0000000000000000000, -1.000000000000000000 ) ) ;
#7097 = EDGE_CURVE ( 'NONE', #1522, #3158, #7028, .T. ) ;
#7098 = DIRECTION ( 'NONE',  ( -0.06975647374411851600, -0.9975640502598247500, 0.0000000000000000000 ) ) ;
#7099 = CARTESIAN_POINT ( 'NONE',  ( -2.724999999999980100, 0.4779902729874363500, -2.152500000000000300 ) ) ;
#7100 = ORIENTED_EDGE ( 'NONE', *, *, #5214, .T. ) ;
#7101 = AXIS2_PLACEMENT_3D ( 'NONE', #7029, #7074, #1956 ) ;
#7102 = DIRECTION ( 'NONE',  ( 0.06975647374411851600, 0.9975640502598247500, -0.0000000000000000000 ) ) ;
#7103 = VERTEX_POINT ( 'NONE', #1794 ) ;
#7104 = ORIENTED_EDGE ( 'NONE', *, *, #5946, .F. ) ;
#7105 = DIRECTION ( 'NONE',  ( 0.0000000000000000000, -1.000000000000000000, 0.0000000000000000000 ) ) ;
#7106 = EDGE_LOOP ( 'NONE', ( #1792, #4724, #6839, #3887 ) ) ;
#7107 = FILL_AREA_STYLE_COLOUR ( '', #5981 ) ;
#7108 = ORIENTED_EDGE ( 'NONE', *, *, #693, .T. ) ;
#7109 = ORIENTED_EDGE ( 'NONE', *, *, #1094, .F. ) ;
#7110 = VECTOR ( 'NONE', #290, 1000.000000000000000 ) ;
#7111 = DIRECTION ( 'NONE',  ( -0.0000000000000000000, -0.0000000000000000000, -1.000000000000000000 ) ) ;
#7112 = AXIS2_PLACEMENT_3D ( 'NONE', #4443, #7254, #5541 ) ;
#7113 = DIRECTION ( 'NONE',  ( -0.0000000000000000000, -0.0000000000000000000, -1.000000000000000000 ) ) ;
#7114 = DIRECTION ( 'NONE',  ( 1.000000000000000000, 0.0000000000000000000, 0.0000000000000000000 ) ) ;
#7115 = ORIENTED_EDGE ( 'NONE', *, *, #522, .F. ) ;
#7116 = EDGE_LOOP ( 'NONE', ( #6474, #483, #3751, #4837 ) ) ;
#7117 = DIRECTION ( 'NONE',  ( 1.000000000000000000, 0.0000000000000000000, 0.0000000000000000000 ) ) ;
#7118 = CARTESIAN_POINT ( 'NONE',  ( 2.502990272987425600, 0.4779902729874362900, 2.397500000000000000 ) ) ;
#7119 = DIRECTION ( 'NONE',  ( 0.0000000000000000000, 0.0000000000000000000, 1.000000000000000000 ) ) ;
#7120 = MANIFOLD_SOLID_BREP ( 'LPattern1[12]', #3001 ) ;
#7121 = EDGE_CURVE ( 'NONE', #1816, #5412, #5042, .T. ) ;
#7122 = EDGE_CURVE ( 'NONE', #92, #5368, #2176, .T. ) ;
#7123 = DIRECTION ( 'NONE',  ( 0.06975647374411851600, -0.9975640502598247500, 0.0000000000000000000 ) ) ;
#7124 = AXIS2_PLACEMENT_3D ( 'NONE', #3404, #5012, #2204 ) ;
#7125 = FACE_OUTER_BOUND ( 'NONE', #3546, .T. ) ;
#7126 = ORIENTED_EDGE ( 'NONE', *, *, #3297, .F. ) ;
#7127 = VECTOR ( 'NONE', #1535, 1000.000000000000000 ) ;
#7128 = DIRECTION ( 'NONE',  ( -1.000000000000000000, 0.0000000000000000000, 0.0000000000000000000 ) ) ;
#7129 = VECTOR ( 'NONE', #481, 1000.000000000000000 ) ;
#7130 = ADVANCED_FACE ( 'NONE', ( #288 ), #562, .F. ) ;
#7131 = DIRECTION ( 'NONE',  ( 0.0000000000000000000, 0.0000000000000000000, 1.000000000000000000 ) ) ;
#7132 = EDGE_CURVE ( 'NONE', #229, #1845, #5408, .T. ) ;
#7133 = AXIS2_PLACEMENT_3D ( 'NONE', #5606, #5578, #2756 ) ;
#7134 = CIRCLE ( 'NONE', #6250, 0.2220097270125543400 ) ;
#7135 = VERTEX_POINT ( 'NONE', #1204 ) ;
#7136 = DIRECTION ( 'NONE',  ( -0.0000000000000000000, -0.0000000000000000000, -1.000000000000000000 ) ) ;
#7137 = ORIENTED_EDGE ( 'NONE', *, *, #1621, .T. ) ;
#7138 = DIRECTION ( 'NONE',  ( -0.0000000000000000000, -0.0000000000000000000, -1.000000000000000000 ) ) ;
#7139 = DIRECTION ( 'NONE',  ( 0.0000000000000000000, 0.0000000000000000000, 1.000000000000000000 ) ) ;
#7140 = VECTOR ( 'NONE', #3043, 1000.000000000000000 ) ;
#7141 = DIRECTION ( 'NONE',  ( -1.000000000000000000, 0.0000000000000000000, 0.0000000000000000000 ) ) ;
#7142 = FACE_OUTER_BOUND ( 'NONE', #3562, .T. ) ;
#7143 = ORIENTED_EDGE ( 'NONE', *, *, #2946, .F. ) ;
#7144 = CARTESIAN_POINT ( 'NONE',  ( 2.724999999999980500, 0.2500000000000000000, 0.2024999999999995700 ) ) ;
#7145 = VERTEX_POINT ( 'NONE', #3963 ) ;
#7146 = CARTESIAN_POINT ( 'NONE',  ( -2.502990272987425600, 0.4779902729874362900, -1.502500000000000400 ) ) ;
#7147 = EDGE_CURVE ( 'NONE', #6661, #5343, #2701, .T. ) ;
#7148 = CARTESIAN_POINT ( 'NONE',  ( 2.116241565447031000, -0.08620847373113553500, -2.416241565447029500 ) ) ;
#7149 = FACE_OUTER_BOUND ( 'NONE', #6814, .T. ) ;
#7150 = CIRCLE ( 'NONE', #6569, 0.07200972701257432600 ) ;
#7151 = VERTEX_POINT ( 'NONE', #4546 ) ;
#7152 = CARTESIAN_POINT ( 'NONE',  ( -2.502990272987425600, 0.6999999999999905200, 1.502499999999999500 ) ) ;
#7153 = DIRECTION ( 'NONE',  ( -1.000000000000000000, 0.0000000000000000000, 0.0000000000000000000 ) ) ;
#7154 = LINE ( 'NONE', #4247, #4895 ) ;
#7155 = EDGE_CURVE ( 'NONE', #3414, #4851, #477, .T. ) ;
#7156 = LINE ( 'NONE', #3383, #6450 ) ;
#7157 = ORIENTED_EDGE ( 'NONE', *, *, #5319, .F. ) ;
#7158 = CARTESIAN_POINT ( 'NONE',  ( -2.502990272987425600, 0.5500000000000105900, 0.8524999999999994800 ) ) ;
#7159 = AXIS2_PLACEMENT_3D ( 'NONE', #6203, #2181, #1160 ) ;
#7160 = CARTESIAN_POINT ( 'NONE',  ( -2.200000000000001100, 8.860330322138688400, 2.500000000000002700 ) ) ;
#7161 = VECTOR ( 'NONE', #3715, 1000.000000000000000 ) ;
#7162 = SURFACE_SIDE_STYLE ('',( #131 ) ) ;
#7163 = ORIENTED_EDGE ( 'NONE', *, *, #5714, .F. ) ;
#7164 = FILL_AREA_STYLE_COLOUR ( '', #4825 ) ;
#7165 = LINE ( 'NONE', #788, #438 ) ;
#7166 = VERTEX_POINT ( 'NONE', #1344 ) ;
#7167 = DIRECTION ( 'NONE',  ( 0.0000000000000000000, 0.0000000000000000000, 1.000000000000000000 ) ) ;
#7168 = UNCERTAINTY_MEASURE_WITH_UNIT (LENGTH_MEASURE( 1.000000000000000100E-005 ), #5176, 'distance_accuracy_value', 'NONE');
#7169 = CIRCLE ( 'NONE', #2247, 0.07200972701257388200 ) ;
#7170 = CARTESIAN_POINT ( 'NONE',  ( 2.199999999999999300, 0.1499999999999999900, -2.447339000965040000 ) ) ;
#7171 = ORIENTED_EDGE ( 'NONE', *, *, #1452, .T. ) ;
#7172 = CARTESIAN_POINT ( 'NONE',  ( 3.189536528938383700, -3.794707603699265500E-016, -0.4475000000000004000 ) ) ;
#7173 = EDGE_LOOP ( 'NONE', ( #2478, #467, #6562, #1619 ) ) ;
#7174 = ADVANCED_FACE ( 'NONE', ( #2353 ), #5356, .F. ) ;
#7175 = DIRECTION ( 'NONE',  ( -1.000000000000000000, 0.0000000000000000000, 0.0000000000000000000 ) ) ;
#7176 = CARTESIAN_POINT ( 'NONE',  ( -2.502990272987425600, 0.4779902729874362900, 1.502499999999999500 ) ) ;
#7177 = CARTESIAN_POINT ( 'NONE',  ( -2.502990272987425600, 0.4779902729874362900, 2.397500000000000000 ) ) ;
#7178 = CARTESIAN_POINT ( 'NONE',  ( -3.189536528938383700, -3.794707603699265500E-016, 0.8524999999999994800 ) ) ;
#7179 = LINE ( 'NONE', #2369, #7364 ) ;
#7180 = CLOSED_SHELL ( 'NONE', ( #4553, #3050, #6761, #3167, #4677, #3205, #6280, #4204, #3410, #3656, #5019, #2271, #2642, #2986 ) ) ;
#7181 = EDGE_CURVE ( 'NONE', #5865, #5402, #1628, .T. ) ;
#7182 = CARTESIAN_POINT ( 'NONE',  ( -2.502990272987425600, 0.5500000000000105900, 1.747499999999999400 ) ) ;
#7183 = CARTESIAN_POINT ( 'NONE',  ( 2.724999999999980500, 0.4779902729874362400, 1.747499999999999400 ) ) ;
#7184 = FACE_OUTER_BOUND ( 'NONE', #773, .T. ) ;
#7185 = ORIENTED_EDGE ( 'NONE', *, *, #3393, .T. ) ;
#7186 = CARTESIAN_POINT ( 'NONE',  ( -2.502990272987425600, 0.5500000000000105900, -1.502500000000000400 ) ) ;
#7187 = DIRECTION ( 'NONE',  ( -1.000000000000000000, 0.0000000000000000000, 0.0000000000000000000 ) ) ;
#7188 = DIRECTION ( 'NONE',  ( 0.06975647374411825300, -0.9975640502598247500, 0.0000000000000000000 ) ) ;
#7189 = EDGE_CURVE ( 'NONE', #1614, #394, #1195, .T. ) ;
#7190 = CARTESIAN_POINT ( 'NONE',  ( 2.502990272987425600, 0.4779902729874362900, -1.502500000000000400 ) ) ;
#7191 = LINE ( 'NONE', #4267, #4200 ) ;
#7192 = ORIENTED_EDGE ( 'NONE', *, *, #4221, .T. ) ;
#7193 = DIRECTION ( 'NONE',  ( -1.000000000000000000, 0.0000000000000000000, 0.0000000000000000000 ) ) ;
#7194 = CARTESIAN_POINT ( 'NONE',  ( -2.502990272987425600, 0.5500000000000105900, -1.097500000000000400 ) ) ;
#7195 = CARTESIAN_POINT ( 'NONE',  ( 2.200000000000001100, 0.6999999999999905200, -1.502500000000000400 ) ) ;
#7196 = CARTESIAN_POINT ( 'NONE',  ( 2.797009727012554200, 0.2500000000000000000, -0.2025000000000004300 ) ) ;
#7197 = ORIENTED_EDGE ( 'NONE', *, *, #5644, .F. ) ;
#7198 = ORIENTED_EDGE ( 'NONE', *, *, #6037, .F. ) ;
#7199 = ORIENTED_EDGE ( 'NONE', *, *, #3627, .F. ) ;
#7200 = DIRECTION ( 'NONE',  ( 0.06975647374411934900, 0.9975640502598246400, -0.0000000000000000000 ) ) ;
#7201 = EDGE_CURVE ( 'NONE', #694, #3002, #5782, .T. ) ;
#7202 = CARTESIAN_POINT ( 'NONE',  ( 2.797009727012554200, 0.2500000000000000000, -1.747500000000000300 ) ) ;
#7203 = DIRECTION ( 'NONE',  ( -0.0000000000000000000, -0.0000000000000000000, -1.000000000000000000 ) ) ;
#7204 = AXIS2_PLACEMENT_3D ( 'NONE', #643, #51, #98 ) ;
#7205 = CARTESIAN_POINT ( 'NONE',  ( 3.200000000000000200, 0.1496346075389538600, 0.8524999999999994800 ) ) ;
#7206 = DIRECTION ( 'NONE',  ( -0.0000000000000000000, -0.0000000000000000000, -1.000000000000000000 ) ) ;
#7207 = VERTEX_POINT ( 'NONE', #239 ) ;
#7208 = EDGE_LOOP ( 'NONE', ( #6050, #5991, #4531, #3227 ) ) ;
#7209 = ADVANCED_FACE ( 'NONE', ( #4218 ), #3102, .F. ) ;
#7210 = CARTESIAN_POINT ( 'NONE',  ( -2.781523111319264400, 0.02853107752427832800, 1.747499999999999400 ) ) ;
#7211 = ORIENTED_EDGE ( 'NONE', *, *, #7340, .F. ) ;
#7212 = PLANE ( 'NONE',  #6802 ) ;
#7213 = LINE ( 'NONE', #4737, #4957 ) ;
#7214 = ORIENTED_EDGE ( 'NONE', *, *, #2533, .F. ) ;
#7215 = VECTOR ( 'NONE', #1379, 1000.000000000000000 ) ;
#7216 = AXIS2_PLACEMENT_3D ( 'NONE', #6073, #7141, #1029 ) ;
#7217 = CARTESIAN_POINT ( 'NONE',  ( 2.200000000000001100, 0.6999999999999905200, -2.152500000000000300 ) ) ;
#7218 = ORIENTED_EDGE ( 'NONE', *, *, #4794, .F. ) ;
#7219 = PLANE ( 'NONE',  #526 ) ;
#7220 = CIRCLE ( 'NONE', #1685, 0.2220097270125543400 ) ;
#7221 = LINE ( 'NONE', #2755, #5423 ) ;
#7222 = CARTESIAN_POINT ( 'NONE',  ( 2.502990272987425600, 0.4779902729874362900, -2.397500000000000400 ) ) ;
#7223 = LINE ( 'NONE', #5989, #3163 ) ;
#7224 = EDGE_CURVE ( 'NONE', #4851, #4231, #107, .T. ) ;
#7225 = ORIENTED_EDGE ( 'NONE', *, *, #5135, .F. ) ;
#7226 = EDGE_CURVE ( 'NONE', #5964, #5557, #4036, .T. ) ;
#7227 = CARTESIAN_POINT ( 'NONE',  ( -2.200000000000001100, 0.6999999999999905200, 1.747499999999999400 ) ) ;
#7228 = LINE ( 'NONE', #883, #5616 ) ;
#7229 = PLANE ( 'NONE',  #7252 ) ;
#7230 = DIRECTION ( 'NONE',  ( 1.000000000000000000, 0.0000000000000000000, 0.0000000000000000000 ) ) ;
#7231 = FACE_OUTER_BOUND ( 'NONE', #3413, .T. ) ;
#7232 = ORIENTED_EDGE ( 'NONE', *, *, #6817, .F. ) ;
#7233 = DIRECTION ( 'NONE',  ( 0.0000000000000000000, 0.0000000000000000000, 1.000000000000000000 ) ) ;
#7234 = CARTESIAN_POINT ( 'NONE',  ( -2.781523111319264400, 0.02853107752427832800, 0.4474999999999995600 ) ) ;
#7235 = ORIENTED_EDGE ( 'NONE', *, *, #4559, .T. ) ;
#7236 = CARTESIAN_POINT ( 'NONE',  ( -3.189536528938383700, -3.794707603699265500E-016, 1.097499999999999500 ) ) ;
#7237 = EDGE_CURVE ( 'NONE', #92, #5490, #2087, .T. ) ;
#7238 = CIRCLE ( 'NONE', #2401, 0.07200972701257432600 ) ;
#7239 = DIRECTION ( 'NONE',  ( -0.0000000000000000000, -0.0000000000000000000, -1.000000000000000000 ) ) ;
#7240 = DIRECTION ( 'NONE',  ( -0.0000000000000000000, 0.0000000000000000000, -1.000000000000000000 ) ) ;
#7241 = CYLINDRICAL_SURFACE ( 'NONE', #4341, 0.2220097270125543400 ) ;
#7242 = ORIENTED_EDGE ( 'NONE', *, *, #3976, .F. ) ;
#7243 = DIRECTION ( 'NONE',  ( -0.0000000000000000000, -0.0000000000000000000, -1.000000000000000000 ) ) ;
#7244 = CIRCLE ( 'NONE', #5139, 0.07200972701257388200 ) ;
#7245 = CARTESIAN_POINT ( 'NONE',  ( -2.200000000000001100, 0.6999999999999905200, 0.2024999999999995700 ) ) ;
#7246 = EDGE_CURVE ( 'NONE', #1369, #2981, #4762, .T. ) ;
#7247 = LINE ( 'NONE', #6157, #1850 ) ;
#7248 = ORIENTED_EDGE ( 'NONE', *, *, #4658, .T. ) ;
#7249 = EDGE_CURVE ( 'NONE', #43, #6518, #6224, .T. ) ;
#7250 = DIRECTION ( 'NONE',  ( 0.0000000000000000000, -1.000000000000000000, 0.0000000000000000000 ) ) ;
#7251 = ADVANCED_FACE ( 'NONE', ( #1728 ), #6613, .T. ) ;
#7252 = AXIS2_PLACEMENT_3D ( 'NONE', #3697, #2035, #6606 ) ;
#7253 = FACE_OUTER_BOUND ( 'NONE', #6495, .T. ) ;
#7254 = DIRECTION ( 'NONE',  ( 0.0000000000000000000, 0.0000000000000000000, 1.000000000000000000 ) ) ;
#7255 = CIRCLE ( 'NONE', #2275, 0.07200972701257432600 ) ;
#7256 = VERTEX_POINT ( 'NONE', #3051 ) ;
#7257 = CARTESIAN_POINT ( 'NONE',  ( -3.189536528938383700, -3.794707603699265500E-016, 2.397500000000000000 ) ) ;
#7258 = DIRECTION ( 'NONE',  ( 0.0000000000000000000, 1.000000000000000000, -0.0000000000000000000 ) ) ;
#7259 = CARTESIAN_POINT ( 'NONE',  ( 2.502990272987425600, 0.5500000000000105900, 2.397500000000000000 ) ) ;
#7260 = DIRECTION ( 'NONE',  ( -0.9975640502598247500, -0.06975647374411825300, 0.0000000000000000000 ) ) ;
#7261 = VECTOR ( 'NONE', #2896, 1000.000000000000000 ) ;
#7262 = ORIENTED_EDGE ( 'NONE', *, *, #277, .T. ) ;
#7263 = ORIENTED_EDGE ( 'NONE', *, *, #7075, .F. ) ;
#7264 = CARTESIAN_POINT ( 'NONE',  ( 2.724999999999980500, 0.4779902729874362400, 0.8524999999999994800 ) ) ;
#7265 = AXIS2_PLACEMENT_3D ( 'NONE', #895, #366, #6291 ) ;
#7266 = PLANE ( 'NONE',  #2512 ) ;
#7267 = LINE ( 'NONE', #6806, #5556 ) ;
#7268 = CIRCLE ( 'NONE', #363, 0.07200972701257388200 ) ;
#7269 = VERTEX_POINT ( 'NONE', #1414 ) ;
#7270 = EDGE_CURVE ( 'NONE', #3596, #301, #6941, .T. ) ;
#7271 = AXIS2_PLACEMENT_3D ( 'NONE', #6736, #4992, #3801 ) ;
#7272 = CARTESIAN_POINT ( 'NONE',  ( 2.797009727012554200, 0.2500000000000000000, 2.152499999999999900 ) ) ;
#7273 = DIRECTION ( 'NONE',  ( 0.0000000000000000000, 0.0000000000000000000, 1.000000000000000000 ) ) ;
#7274 = FACE_OUTER_BOUND ( 'NONE', #84, .T. ) ;
#7275 = ORIENTED_EDGE ( 'NONE', *, *, #5443, .F. ) ;
#7276 = CARTESIAN_POINT ( 'NONE',  ( 2.575000000000000200, 0.2500000000000000000, 2.397500000000000000 ) ) ;
#7277 = DIRECTION ( 'NONE',  ( 1.000000000000000000, -0.0000000000000000000, -0.0000000000000000000 ) ) ;
#7278 = DIRECTION ( 'NONE',  ( 1.000000000000000000, 0.0000000000000000000, -0.0000000000000000000 ) ) ;
#7279 = EDGE_CURVE ( 'NONE', #263, #2507, #3685, .T. ) ;
#7280 = CARTESIAN_POINT ( 'NONE',  ( 2.502990272987425600, 0.5500000000000105900, 1.747499999999999400 ) ) ;
#7281 = FACE_OUTER_BOUND ( 'NONE', #1529, .T. ) ;
#7282 = ORIENTED_EDGE ( 'NONE', *, *, #4626, .F. ) ;
#7283 = CARTESIAN_POINT ( 'NONE',  ( -2.200000000000001100, 0.6999999999999905200, -0.2025000000000004300 ) ) ;
#7284 = ADVANCED_FACE ( 'NONE', ( #4585 ), #832, .T. ) ;
#7285 = DIRECTION ( 'NONE',  ( -0.0000000000000000000, -0.0000000000000000000, -1.000000000000000000 ) ) ;
#7286 = DIRECTION ( 'NONE',  ( 0.9975640502598247500, 0.06975647374411851600, -0.0000000000000000000 ) ) ;
#7287 = ORIENTED_EDGE ( 'NONE', *, *, #1407, .T. ) ;
#7288 = CARTESIAN_POINT ( 'NONE',  ( -2.724999999999980100, 0.4779902729874363500, 1.097499999999999500 ) ) ;
#7289 = ORIENTED_EDGE ( 'NONE', *, *, #2397, .T. ) ;
#7290 = ORIENTED_EDGE ( 'NONE', *, *, #5410, .T. ) ;
#7291 = CARTESIAN_POINT ( 'NONE',  ( 2.791986582380880500, 0.1781656850632321000, 1.097499999999999500 ) ) ;
#7292 = EDGE_CURVE ( 'NONE', #2543, #1839, #4490, .T. ) ;
#7293 = EDGE_CURVE ( 'NONE', #5224, #806, #578, .T. ) ;
#7294 = CARTESIAN_POINT ( 'NONE',  ( -2.791986582380880500, 0.1781656850632321000, 1.097499999999999500 ) ) ;
#7295 = CARTESIAN_POINT ( 'NONE',  ( 2.200000000000001100, 0.6999999999999905200, 1.502499999999999500 ) ) ;
#7296 = ORIENTED_EDGE ( 'NONE', *, *, #713, .F. ) ;
#7297 = AXIS2_PLACEMENT_3D ( 'NONE', #6967, #4805, #3730 ) ;
#7298 = ORIENTED_EDGE ( 'NONE', *, *, #5663, .F. ) ;
#7299 = ORIENTED_EDGE ( 'NONE', *, *, #6007, .T. ) ;
#7300 = VECTOR ( 'NONE', #6586, 1000.000000000000000 ) ;
#7301 = DIRECTION ( 'NONE',  ( -1.000000000000000000, 0.0000000000000000000, 0.0000000000000000000 ) ) ;
#7302 = DIRECTION ( 'NONE',  ( -0.0000000000000000000, 0.0000000000000000000, -1.000000000000000000 ) ) ;
#7303 = ORIENTED_EDGE ( 'NONE', *, *, #3582, .F. ) ;
#7304 = CARTESIAN_POINT ( 'NONE',  ( -2.791986582380880500, 0.1781656850632321000, 2.152499999999999900 ) ) ;
#7305 = EDGE_CURVE ( 'NONE', #3746, #2201, #4674, .T. ) ;
#7306 = EDGE_LOOP ( 'NONE', ( #104, #2662, #989, #5517 ) ) ;
#7307 = ORIENTED_EDGE ( 'NONE', *, *, #1176, .F. ) ;
#7308 = VECTOR ( 'NONE', #4060, 1000.000000000000000 ) ;
#7309 = DIRECTION ( 'NONE',  ( -0.0000000000000000000, 0.0000000000000000000, -1.000000000000000000 ) ) ;
#7310 = AXIS2_PLACEMENT_3D ( 'NONE', #4266, #5470, #2028 ) ;
#7311 = CARTESIAN_POINT ( 'NONE',  ( 2.502990272987425600, 0.5500000000000105900, -0.4475000000000004000 ) ) ;
#7312 = DIRECTION ( 'NONE',  ( -0.0000000000000000000, -0.0000000000000000000, -1.000000000000000000 ) ) ;
#7313 = LINE ( 'NONE', #3013, #4965 ) ;
#7314 = ORIENTED_EDGE ( 'NONE', *, *, #199, .F. ) ;
#7315 = VECTOR ( 'NONE', #1686, 1000.000000000000000 ) ;
#7316 = VECTOR ( 'NONE', #5735, 1000.000000000000000 ) ;
#7317 = CARTESIAN_POINT ( 'NONE',  ( 3.200000000000000200, 0.1496346075389538600, -2.397500000000000400 ) ) ;
#7318 = PLANE ( 'NONE',  #3443 ) ;
#7319 = DIRECTION ( 'NONE',  ( 1.000000000000000000, 0.0000000000000000000, 0.0000000000000000000 ) ) ;
#7320 = VECTOR ( 'NONE', #1620, 1000.000000000000000 ) ;
#7321 = VECTOR ( 'NONE', #6916, 1000.000000000000000 ) ;
#7322 = VERTEX_POINT ( 'NONE', #433 ) ;
#7323 = DIRECTION ( 'NONE',  ( 0.0000000000000000000, -0.0000000000000000000, -1.000000000000000000 ) ) ;
#7324 = ORIENTED_EDGE ( 'NONE', *, *, #6323, .T. ) ;
#7325 = CARTESIAN_POINT ( 'NONE',  ( -2.502990272987425600, 0.6999999999999905200, 0.4474999999999995600 ) ) ;
#7326 = ADVANCED_FACE ( 'NONE', ( #5870 ), #4586, .F. ) ;
#7327 = LINE ( 'NONE', #1486, #4611 ) ;
#7328 = EDGE_CURVE ( 'NONE', #5406, #7454, #3512, .T. ) ;
#7329 = AXIS2_PLACEMENT_3D ( 'NONE', #4337, #922, #4920 ) ;
#7330 = VECTOR ( 'NONE', #4838, 1000.000000000000000 ) ;
#7331 = VERTEX_POINT ( 'NONE', #2675 ) ;
#7332 = CARTESIAN_POINT ( 'NONE',  ( 2.575000000000000200, 0.2500000000000000000, 0.8524999999999994800 ) ) ;
#7333 = EDGE_LOOP ( 'NONE', ( #2645, #6227, #7056, #7299, #3475, #1312, #4001, #2053, #7108, #3063, #4858, #4304 ) ) ;
#7334 = DIRECTION ( 'NONE',  ( -0.0000000000000000000, -0.0000000000000000000, -1.000000000000000000 ) ) ;
#7335 = CIRCLE ( 'NONE', #4736, 0.2220097270125543400 ) ;
#7336 = PLANE ( 'NONE',  #4412 ) ;
#7337 = VECTOR ( 'NONE', #4374, 1000.000000000000000 ) ;
#7338 = EDGE_LOOP ( 'NONE', ( #5770, #1886, #951, #1137, #2609, #2873, #1499, #3886, #3232, #5927, #4671, #2004 ) ) ;
#7339 = CARTESIAN_POINT ( 'NONE',  ( -3.200000000000000200, 0.1496346075389538600, 0.8524999999999994800 ) ) ;
#7340 = EDGE_CURVE ( 'NONE', #3230, #3596, #5236, .T. ) ;
#7341 = LINE ( 'NONE', #3292, #3284 ) ;
#7342 = DIRECTION ( 'NONE',  ( -0.0000000000000000000, -0.0000000000000000000, -1.000000000000000000 ) ) ;
#7343 = SURFACE_STYLE_USAGE ( .BOTH. , #6143 ) ;
#7344 = CIRCLE ( 'NONE', #5277, 0.2220097270125543400 ) ;
#7345 = EDGE_LOOP ( 'NONE', ( #5104, #2510, #6887, #1454 ) ) ;
#7346 = FACE_OUTER_BOUND ( 'NONE', #798, .T. ) ;
#7347 = DIRECTION ( 'NONE',  ( 0.0000000000000000000, 0.0000000000000000000, 1.000000000000000000 ) ) ;
#7348 = PLANE ( 'NONE',  #1580 ) ;
#7349 = ORIENTED_EDGE ( 'NONE', *, *, #3797, .F. ) ;
#7350 = EDGE_CURVE ( 'NONE', #4434, #5383, #3057, .T. ) ;
#7351 = FACE_OUTER_BOUND ( 'NONE', #2256, .T. ) ;
#7352 = ORIENTED_EDGE ( 'NONE', *, *, #6668, .T. ) ;
#7353 = AXIS2_PLACEMENT_3D ( 'NONE', #4742, #2474, #196 ) ;
#7354 = CARTESIAN_POINT ( 'NONE',  ( -2.797009727012554200, 0.2500000000000000000, 1.097499999999999500 ) ) ;
#7355 = CARTESIAN_POINT ( 'NONE',  ( 2.200000000000001100, 0.5500000000000105900, 1.502499999999999500 ) ) ;
#7356 = CIRCLE ( 'NONE', #1338, 0.07200972701257388200 ) ;
#7357 = DIRECTION ( 'NONE',  ( -0.06975647374411934900, 0.9975640502598246400, 0.0000000000000000000 ) ) ;
#7358 = ORIENTED_EDGE ( 'NONE', *, *, #5444, .F. ) ;
#7359 = ORIENTED_EDGE ( 'NONE', *, *, #5806, .T. ) ;
#7360 = CARTESIAN_POINT ( 'NONE',  ( -1.359873937319054000, 1.050000000000000000, -1.659873937319050500 ) ) ;
#7361 = ADVANCED_FACE ( 'NONE', ( #3430 ), #7336, .F. ) ;
#7362 = CARTESIAN_POINT ( 'NONE',  ( 2.781523111319264400, 0.02853107752427827200, 1.747499999999999400 ) ) ;
#7363 = AXIS2_PLACEMENT_3D ( 'NONE', #5744, #2267, #5640 ) ;
#7364 = VECTOR ( 'NONE', #4029, 1000.000000000000000 ) ;
#7365 = ORIENTED_EDGE ( 'NONE', *, *, #6378, .F. ) ;
#7366 = DIRECTION ( 'NONE',  ( 1.000000000000000000, -0.0000000000000000000, -0.0000000000000000000 ) ) ;
#7367 = DIRECTION ( 'NONE',  ( -0.0000000000000000000, -0.0000000000000000000, -1.000000000000000000 ) ) ;
#7368 = CARTESIAN_POINT ( 'NONE',  ( 2.502990272987425600, 0.5500000000000105900, -2.397500000000000400 ) ) ;
#7369 = VECTOR ( 'NONE', #455, 1000.000000000000000 ) ;
#7370 = ORIENTED_EDGE ( 'NONE', *, *, #6219, .F. ) ;
#7371 = CARTESIAN_POINT ( 'NONE',  ( 2.791986582380880500, 0.1781656850632321000, 0.2024999999999995700 ) ) ;
#7372 = EDGE_CURVE ( 'NONE', #1981, #741, #3330, .T. ) ;
#7373 = EDGE_CURVE ( 'NONE', #1585, #7004, #3237, .T. ) ;
#7374 = DIRECTION ( 'NONE',  ( 0.0000000000000000000, 1.000000000000000000, 0.0000000000000000000 ) ) ;
#7375 = PLANE ( 'NONE',  #1442 ) ;
#7376 = AXIS2_PLACEMENT_3D ( 'NONE', #2563, #1387, #2538 ) ;
#7377 = DIRECTION ( 'NONE',  ( 0.06975647374411851600, 0.9975640502598247500, -0.0000000000000000000 ) ) ;
#7378 = CARTESIAN_POINT ( 'NONE',  ( 2.200000000000001100, 0.5500000000000105900, 0.2024999999999995700 ) ) ;
#7379 = LINE ( 'NONE', #2950, #2339 ) ;
#7380 = VERTEX_POINT ( 'NONE', #6686 ) ;
#7381 = CARTESIAN_POINT ( 'NONE',  ( 2.502990272987425600, 0.6999999999999905200, -1.502500000000000400 ) ) ;
#7382 = DIRECTION ( 'NONE',  ( -1.000000000000000000, 0.0000000000000000000, 0.0000000000000000000 ) ) ;
#7383 = EDGE_CURVE ( 'NONE', #187, #6469, #1101, .T. ) ;
#7384 = DIRECTION ( 'NONE',  ( 3.469446951953614200E-016, 0.0000000000000000000, 1.000000000000000000 ) ) ;
#7385 = AXIS2_PLACEMENT_3D ( 'NONE', #1301, #708, #2968 ) ;
#7386 = ORIENTED_EDGE ( 'NONE', *, *, #5761, .F. ) ;
#7387 =( NAMED_UNIT ( * ) SI_UNIT ( $, .STERADIAN. ) SOLID_ANGLE_UNIT ( ) );
#7388 = EDGE_LOOP ( 'NONE', ( #1348, #4216, #6863, #6137 ) ) ;
#7389 = ORIENTED_EDGE ( 'NONE', *, *, #7201, .T. ) ;
#7390 = VECTOR ( 'NONE', #2330, 1000.000000000000000 ) ;
#7391 = CARTESIAN_POINT ( 'NONE',  ( 2.502990272987425600, 0.4779902729874362900, -2.397500000000000400 ) ) ;
#7392 = CARTESIAN_POINT ( 'NONE',  ( -2.575000000000000200, 0.2500000000000000000, -1.747500000000000300 ) ) ;
#7393 = ORIENTED_EDGE ( 'NONE', *, *, #4537, .T. ) ;
#7394 = ORIENTED_EDGE ( 'NONE', *, *, #3678, .F. ) ;
#7395 = ORIENTED_EDGE ( 'NONE', *, *, #2146, .F. ) ;
#7396 = EDGE_CURVE ( 'NONE', #6520, #839, #5577, .T. ) ;
#7397 = LINE ( 'NONE', #5493, #6585 ) ;
#7398 = DIRECTION ( 'NONE',  ( -0.0000000000000000000, -0.0000000000000000000, -1.000000000000000000 ) ) ;
#7399 = STYLED_ITEM ( 'NONE', ( #4425 ), #2878 ) ;
#7400 = PLANE ( 'NONE',  #1911 ) ;
#7401 = DIRECTION ( 'NONE',  ( 0.0000000000000000000, 0.0000000000000000000, 1.000000000000000000 ) ) ;
#7402 = ORIENTED_EDGE ( 'NONE', *, *, #2903, .T. ) ;
#7403 = ORIENTED_EDGE ( 'NONE', *, *, #2285, .T. ) ;
#7404 = LINE ( 'NONE', #6021, #5326 ) ;
#7405 = VERTEX_POINT ( 'NONE', #965 ) ;
#7406 = ADVANCED_FACE ( 'NONE', ( #6666 ), #825, .F. ) ;
#7407 = VECTOR ( 'NONE', #5229, 1000.000000000000000 ) ;
#7408 = PLANE ( 'NONE',  #557 ) ;
#7409 = UNCERTAINTY_MEASURE_WITH_UNIT (LENGTH_MEASURE( 1.000000000000000100E-005 ), #4336, 'distance_accuracy_value', 'NONE');
#7410 = DIRECTION ( 'NONE',  ( -0.9975640502598247500, -0.06975647374411825300, 0.0000000000000000000 ) ) ;
#7411 = FACE_OUTER_BOUND ( 'NONE', #3199, .T. ) ;
#7412 = DIRECTION ( 'NONE',  ( -1.000000000000000000, 0.0000000000000000000, 0.0000000000000000000 ) ) ;
#7413 = VECTOR ( 'NONE', #3440, 1000.000000000000000 ) ;
#7414 = AXIS2_PLACEMENT_3D ( 'NONE', #6880, #650, #3995 ) ;
#7415 = CARTESIAN_POINT ( 'NONE',  ( 3.200000000000000200, 0.1496346075389538600, 2.397500000000000000 ) ) ;
#7416 = LINE ( 'NONE', #652, #5891 ) ;
#7417 = VERTEX_POINT ( 'NONE', #3862 ) ;
#7418 = ADVANCED_FACE ( 'NONE', ( #3592 ), #921, .F. ) ;
#7419 = ORIENTED_EDGE ( 'NONE', *, *, #3070, .T. ) ;
#7420 = FILL_AREA_STYLE ('',( #5071 ) ) ;
#7421 = FACE_OUTER_BOUND ( 'NONE', #3367, .T. ) ;
#7422 = LINE ( 'NONE', #1504, #6436 ) ;
#7423 = SURFACE_STYLE_USAGE ( .BOTH. , #1217 ) ;
#7424 = ORIENTED_EDGE ( 'NONE', *, *, #932, .F. ) ;
#7425 = DIRECTION ( 'NONE',  ( -1.000000000000000000, 0.0000000000000000000, 0.0000000000000000000 ) ) ;
#7426 = EDGE_LOOP ( 'NONE', ( #6178, #3153, #1947, #4597 ) ) ;
#7427 = MECHANICAL_DESIGN_GEOMETRIC_PRESENTATION_REPRESENTATION (  '', ( #4315 ), #3788 ) ;
#7428 = ORIENTED_EDGE ( 'NONE', *, *, #1385, .F. ) ;
#7429 = CARTESIAN_POINT ( 'NONE',  ( 3.200000000000000200, 0.1496346075389538600, 0.4474999999999995600 ) ) ;
#7430 = VECTOR ( 'NONE', #589, 1000.000000000000000 ) ;
#7431 = ORIENTED_EDGE ( 'NONE', *, *, #1181, .T. ) ;
#7432 = DIRECTION ( 'NONE',  ( 0.9975640502598246400, 0.06975647374411936300, 0.0000000000000000000 ) ) ;
#7433 = EDGE_CURVE ( 'NONE', #3578, #391, #5226, .T. ) ;
#7434 = FACE_OUTER_BOUND ( 'NONE', #901, .T. ) ;
#7435 = AXIS2_PLACEMENT_3D ( 'NONE', #514, #1576, #5650 ) ;
#7436 = CARTESIAN_POINT ( 'NONE',  ( -2.502990272987425600, 0.4779902729874362900, 1.097499999999999500 ) ) ;
#7437 = LINE ( 'NONE', #4824, #613 ) ;
#7438 = VERTEX_POINT ( 'NONE', #2138 ) ;
#7439 = PLANE ( 'NONE',  #4934 ) ;
#7440 = CARTESIAN_POINT ( 'NONE',  ( 2.502990272987425600, 0.5500000000000105900, -0.8525000000000003700 ) ) ;
#7441 = FACE_OUTER_BOUND ( 'NONE', #3864, .T. ) ;
#7442 = VECTOR ( 'NONE', #6482, 1000.000000000000000 ) ;
#7443 = ORIENTED_EDGE ( 'NONE', *, *, #7237, .F. ) ;
#7444 = ADVANCED_FACE ( 'NONE', ( #1894 ), #364, .T. ) ;
#7445 = DIRECTION ( 'NONE',  ( -0.0000000000000000000, -0.0000000000000000000, -1.000000000000000000 ) ) ;
#7446 = EDGE_CURVE ( 'NONE', #1174, #2724, #6841, .T. ) ;
#7447 = CARTESIAN_POINT ( 'NONE',  ( -2.502990272987425600, 0.4779902729874362900, -1.502500000000000400 ) ) ;
#7448 = DIRECTION ( 'NONE',  ( 0.0000000000000000000, -0.0000000000000000000, -1.000000000000000000 ) ) ;
#7449 = AXIS2_PLACEMENT_3D ( 'NONE', #872, #3753, #2515 ) ;
#7450 = DIRECTION ( 'NONE',  ( 0.06975647374411851600, -0.9975640502598247500, 0.0000000000000000000 ) ) ;
#7451 = LINE ( 'NONE', #4012, #5838 ) ;
#7452 = ORIENTED_EDGE ( 'NONE', *, *, #4638, .F. ) ;
#7453 = LINE ( 'NONE', #5659, #4915 ) ;
#7454 = VERTEX_POINT ( 'NONE', #5499 ) ;
#7455 = DIRECTION ( 'NONE',  ( -0.0000000000000000000, -0.0000000000000000000, -1.000000000000000000 ) ) ;
#7456 = CARTESIAN_POINT ( 'NONE',  ( 2.502990272987425600, 0.5500000000000105900, 1.097499999999999500 ) ) ;
#7457 = EDGE_CURVE ( 'NONE', #6834, #1209, #383, .T. ) ;
#7458 = LINE ( 'NONE', #7178, #4004 ) ;
#7459 = ORIENTED_EDGE ( 'NONE', *, *, #2903, .F. ) ;
#7460 = CARTESIAN_POINT ( 'NONE',  ( -2.200000000000001100, 0.6999999999999905200, -0.2025000000000004300 ) ) ;
#7461 = ORIENTED_EDGE ( 'NONE', *, *, #6462, .T. ) ;
#7462 = AXIS2_PLACEMENT_3D ( 'NONE', #4169, #2772, #992 ) ;
#7463 = DIRECTION ( 'NONE',  ( -0.0000000000000000000, -0.0000000000000000000, -1.000000000000000000 ) ) ;
#7464 = DIRECTION ( 'NONE',  ( -0.0000000000000000000, -0.0000000000000000000, -1.000000000000000000 ) ) ;
#7465 = DIRECTION ( 'NONE',  ( -1.000000000000000000, 0.0000000000000000000, 0.0000000000000000000 ) ) ;
#7466 = CARTESIAN_POINT ( 'NONE',  ( -2.502990272987425600, 0.5500000000000105900, 0.4474999999999995600 ) ) ;
ENDSEC;
END-ISO-10303-21;
