ISO-10303-21;
HEADER;
FILE_DESCRIPTION(('FreeCAD Model'),'2;1');
FILE_NAME('Open CASCADE Shape Model','2026-07-31T15:51:25',(''),(''),
  'Open CASCADE STEP processor 7.8','FreeCAD','Unknown');
FILE_SCHEMA(('AUTOMOTIVE_DESIGN { 1 0 10303 214 1 1 1 1 }'));
ENDSEC;
DATA;
#1 = APPLICATION_PROTOCOL_DEFINITION('international standard',
  'automotive_design',2000,#2);
#2 = APPLICATION_CONTEXT(
  'core data for automotive mechanical design processes');
#3 = SHAPE_DEFINITION_REPRESENTATION(#4,#10);
#4 = PRODUCT_DEFINITION_SHAPE('','',#5);
#5 = PRODUCT_DEFINITION('design','',#6,#9);
#6 = PRODUCT_DEFINITION_FORMATION('','',#7);
#7 = PRODUCT('Cut','Cut','',(#8));
#8 = PRODUCT_CONTEXT('',#2,'mechanical');
#9 = PRODUCT_DEFINITION_CONTEXT('part definition',#2,'design');
#10 = ADVANCED_BREP_SHAPE_REPRESENTATION('',(#11,#15),#3165);
#11 = AXIS2_PLACEMENT_3D('',#12,#13,#14);
#12 = CARTESIAN_POINT('',(0.,0.,0.));
#13 = DIRECTION('',(0.,0.,1.));
#14 = DIRECTION('',(1.,0.,-0.));
#15 = MANIFOLD_SOLID_BREP('',#16);
#16 = CLOSED_SHELL('',(#17,#57,#88,#522,#546,#973,#990,#1007,#1024,#1041
    ,#1058,#1075,#1092,#1109,#1126,#1143,#1160,#1177,#1194,#1211,#1228,
    #1245,#1262,#1279,#1296,#1313,#1330,#1347,#1364,#1381,#1398,#1415,
    #1432,#1449,#1461,#1492,#1516,#1540,#1557,#1588,#1612,#1636,#1653,
    #1679,#1696,#1713,#1725,#1756,#1780,#1804,#1821,#1852,#1876,#1900,
    #1917,#1948,#1972,#1996,#2013,#2044,#2068,#2092,#2109,#2140,#2164,
    #2188,#2205,#2236,#2260,#2284,#2301,#2332,#2356,#2380,#2397,#2428,
    #2452,#2476,#2493,#2524,#2548,#2572,#2589,#2620,#2644,#2668,#2685,
    #2716,#2740,#2764,#2781,#2812,#2836,#2860,#2877,#2908,#2932,#2956,
    #2973,#3004,#3028,#3052,#3069,#3081,#3093,#3105,#3117,#3129,#3141,
    #3153));
#17 = ADVANCED_FACE('',(#18),#52,.F.);
#18 = FACE_BOUND('',#19,.F.);
#19 = EDGE_LOOP('',(#20,#30,#38,#46));
#20 = ORIENTED_EDGE('',*,*,#21,.T.);
#21 = EDGE_CURVE('',#22,#24,#26,.T.);
#22 = VERTEX_POINT('',#23);
#23 = CARTESIAN_POINT('',(-1.016,1.27,0.));
#24 = VERTEX_POINT('',#25);
#25 = CARTESIAN_POINT('',(-1.016,1.27,2.54));
#26 = LINE('',#27,#28);
#27 = CARTESIAN_POINT('',(-1.016,1.27,0.));
#28 = VECTOR('',#29,1.);
#29 = DIRECTION('',(0.,0.,1.));
#30 = ORIENTED_EDGE('',*,*,#31,.T.);
#31 = EDGE_CURVE('',#24,#32,#34,.T.);
#32 = VERTEX_POINT('',#33);
#33 = CARTESIAN_POINT('',(-1.27,1.016,2.54));
#34 = LINE('',#35,#36);
#35 = CARTESIAN_POINT('',(-1.016,1.27,2.54));
#36 = VECTOR('',#37,1.);
#37 = DIRECTION('',(-0.707106781187,-0.707106781187,0.));
#38 = ORIENTED_EDGE('',*,*,#39,.F.);
#39 = EDGE_CURVE('',#40,#32,#42,.T.);
#40 = VERTEX_POINT('',#41);
#41 = CARTESIAN_POINT('',(-1.27,1.016,0.));
#42 = LINE('',#43,#44);
#43 = CARTESIAN_POINT('',(-1.27,1.016,0.));
#44 = VECTOR('',#45,1.);
#45 = DIRECTION('',(0.,0.,1.));
#46 = ORIENTED_EDGE('',*,*,#47,.F.);
#47 = EDGE_CURVE('',#22,#40,#48,.T.);
#48 = LINE('',#49,#50);
#49 = CARTESIAN_POINT('',(-1.016,1.27,0.));
#50 = VECTOR('',#51,1.);
#51 = DIRECTION('',(-0.707106781187,-0.707106781187,0.));
#52 = PLANE('',#53);
#53 = AXIS2_PLACEMENT_3D('',#54,#55,#56);
#54 = CARTESIAN_POINT('',(-1.016,1.27,0.));
#55 = DIRECTION('',(0.707106781187,-0.707106781187,0.));
#56 = DIRECTION('',(-0.707106781187,-0.707106781187,0.));
#57 = ADVANCED_FACE('',(#58),#83,.F.);
#58 = FACE_BOUND('',#59,.F.);
#59 = EDGE_LOOP('',(#60,#70,#76,#77));
#60 = ORIENTED_EDGE('',*,*,#61,.T.);
#61 = EDGE_CURVE('',#62,#64,#66,.T.);
#62 = VERTEX_POINT('',#63);
#63 = CARTESIAN_POINT('',(1.016,1.27,0.));
#64 = VERTEX_POINT('',#65);
#65 = CARTESIAN_POINT('',(1.016,1.27,2.54));
#66 = LINE('',#67,#68);
#67 = CARTESIAN_POINT('',(1.016,1.27,0.));
#68 = VECTOR('',#69,1.);
#69 = DIRECTION('',(0.,0.,1.));
#70 = ORIENTED_EDGE('',*,*,#71,.T.);
#71 = EDGE_CURVE('',#64,#24,#72,.T.);
#72 = LINE('',#73,#74);
#73 = CARTESIAN_POINT('',(1.016,1.27,2.54));
#74 = VECTOR('',#75,1.);
#75 = DIRECTION('',(-1.,0.,0.));
#76 = ORIENTED_EDGE('',*,*,#21,.F.);
#77 = ORIENTED_EDGE('',*,*,#78,.F.);
#78 = EDGE_CURVE('',#62,#22,#79,.T.);
#79 = LINE('',#80,#81);
#80 = CARTESIAN_POINT('',(1.016,1.27,0.));
#81 = VECTOR('',#82,1.);
#82 = DIRECTION('',(-1.,0.,0.));
#83 = PLANE('',#84);
#84 = AXIS2_PLACEMENT_3D('',#85,#86,#87);
#85 = CARTESIAN_POINT('',(1.016,1.27,0.));
#86 = DIRECTION('',(0.,-1.,0.));
#87 = DIRECTION('',(-1.,0.,0.));
#88 = ADVANCED_FACE('',(#89,#331,#365,#399,#449,#483),#517,.T.);
#89 = FACE_BOUND('',#90,.T.);
#90 = EDGE_LOOP('',(#91,#92,#100,#108,#116,#124,#132,#140,#148,#156,#164
    ,#172,#180,#188,#196,#204,#212,#220,#228,#236,#244,#252,#260,#268,
    #276,#284,#292,#300,#308,#316,#324,#330));
#91 = ORIENTED_EDGE('',*,*,#31,.T.);
#92 = ORIENTED_EDGE('',*,*,#93,.T.);
#93 = EDGE_CURVE('',#32,#94,#96,.T.);
#94 = VERTEX_POINT('',#95);
#95 = CARTESIAN_POINT('',(-1.27,-1.016,2.54));
#96 = LINE('',#97,#98);
#97 = CARTESIAN_POINT('',(-1.27,1.016,2.54));
#98 = VECTOR('',#99,1.);
#99 = DIRECTION('',(0.,-1.,0.));
#100 = ORIENTED_EDGE('',*,*,#101,.T.);
#101 = EDGE_CURVE('',#94,#102,#104,.T.);
#102 = VERTEX_POINT('',#103);
#103 = CARTESIAN_POINT('',(-1.016,-1.27,2.54));
#104 = LINE('',#105,#106);
#105 = CARTESIAN_POINT('',(-1.27,-1.016,2.54));
#106 = VECTOR('',#107,1.);
#107 = DIRECTION('',(0.707106781187,-0.707106781187,0.));
#108 = ORIENTED_EDGE('',*,*,#109,.T.);
#109 = EDGE_CURVE('',#102,#110,#112,.T.);
#110 = VERTEX_POINT('',#111);
#111 = CARTESIAN_POINT('',(-1.27,-1.524,2.54));
#112 = LINE('',#113,#114);
#113 = CARTESIAN_POINT('',(-1.016,-1.27,2.54));
#114 = VECTOR('',#115,1.);
#115 = DIRECTION('',(-0.707106781187,-0.707106781187,0.));
#116 = ORIENTED_EDGE('',*,*,#117,.T.);
#117 = EDGE_CURVE('',#110,#118,#120,.T.);
#118 = VERTEX_POINT('',#119);
#119 = CARTESIAN_POINT('',(-1.27,-3.556,2.54));
#120 = LINE('',#121,#122);
#121 = CARTESIAN_POINT('',(-1.27,-1.524,2.54));
#122 = VECTOR('',#123,1.);
#123 = DIRECTION('',(0.,-1.,0.));
#124 = ORIENTED_EDGE('',*,*,#125,.T.);
#125 = EDGE_CURVE('',#118,#126,#128,.T.);
#126 = VERTEX_POINT('',#127);
#127 = CARTESIAN_POINT('',(-1.016,-3.81,2.54));
#128 = LINE('',#129,#130);
#129 = CARTESIAN_POINT('',(-1.27,-3.556,2.54));
#130 = VECTOR('',#131,1.);
#131 = DIRECTION('',(0.707106781187,-0.707106781187,0.));
#132 = ORIENTED_EDGE('',*,*,#133,.T.);
#133 = EDGE_CURVE('',#126,#134,#136,.T.);
#134 = VERTEX_POINT('',#135);
#135 = CARTESIAN_POINT('',(-1.27,-4.064,2.54));
#136 = LINE('',#137,#138);
#137 = CARTESIAN_POINT('',(-1.016,-3.81,2.54));
#138 = VECTOR('',#139,1.);
#139 = DIRECTION('',(-0.707106781187,-0.707106781187,0.));
#140 = ORIENTED_EDGE('',*,*,#141,.T.);
#141 = EDGE_CURVE('',#134,#142,#144,.T.);
#142 = VERTEX_POINT('',#143);
#143 = CARTESIAN_POINT('',(-1.27,-6.096,2.54));
#144 = LINE('',#145,#146);
#145 = CARTESIAN_POINT('',(-1.27,-4.064,2.54));
#146 = VECTOR('',#147,1.);
#147 = DIRECTION('',(0.,-1.,0.));
#148 = ORIENTED_EDGE('',*,*,#149,.T.);
#149 = EDGE_CURVE('',#142,#150,#152,.T.);
#150 = VERTEX_POINT('',#151);
#151 = CARTESIAN_POINT('',(-1.016,-6.35,2.54));
#152 = LINE('',#153,#154);
#153 = CARTESIAN_POINT('',(-1.27,-6.096,2.54));
#154 = VECTOR('',#155,1.);
#155 = DIRECTION('',(0.707106781187,-0.707106781187,0.));
#156 = ORIENTED_EDGE('',*,*,#157,.T.);
#157 = EDGE_CURVE('',#150,#158,#160,.T.);
#158 = VERTEX_POINT('',#159);
#159 = CARTESIAN_POINT('',(-1.27,-6.604,2.54));
#160 = LINE('',#161,#162);
#161 = CARTESIAN_POINT('',(-1.016,-6.35,2.54));
#162 = VECTOR('',#163,1.);
#163 = DIRECTION('',(-0.707106781187,-0.707106781187,0.));
#164 = ORIENTED_EDGE('',*,*,#165,.T.);
#165 = EDGE_CURVE('',#158,#166,#168,.T.);
#166 = VERTEX_POINT('',#167);
#167 = CARTESIAN_POINT('',(-1.27,-8.636,2.54));
#168 = LINE('',#169,#170);
#169 = CARTESIAN_POINT('',(-1.27,-6.604,2.54));
#170 = VECTOR('',#171,1.);
#171 = DIRECTION('',(0.,-1.,0.));
#172 = ORIENTED_EDGE('',*,*,#173,.T.);
#173 = EDGE_CURVE('',#166,#174,#176,.T.);
#174 = VERTEX_POINT('',#175);
#175 = CARTESIAN_POINT('',(-1.016,-8.89,2.54));
#176 = LINE('',#177,#178);
#177 = CARTESIAN_POINT('',(-1.27,-8.636,2.54));
#178 = VECTOR('',#179,1.);
#179 = DIRECTION('',(0.707106781187,-0.707106781187,0.));
#180 = ORIENTED_EDGE('',*,*,#181,.T.);
#181 = EDGE_CURVE('',#174,#182,#184,.T.);
#182 = VERTEX_POINT('',#183);
#183 = CARTESIAN_POINT('',(-1.27,-9.144,2.54));
#184 = LINE('',#185,#186);
#185 = CARTESIAN_POINT('',(-1.016,-8.89,2.54));
#186 = VECTOR('',#187,1.);
#187 = DIRECTION('',(-0.707106781187,-0.707106781187,0.));
#188 = ORIENTED_EDGE('',*,*,#189,.T.);
#189 = EDGE_CURVE('',#182,#190,#192,.T.);
#190 = VERTEX_POINT('',#191);
#191 = CARTESIAN_POINT('',(-1.27,-11.176,2.54));
#192 = LINE('',#193,#194);
#193 = CARTESIAN_POINT('',(-1.27,-9.144,2.54));
#194 = VECTOR('',#195,1.);
#195 = DIRECTION('',(0.,-1.,0.));
#196 = ORIENTED_EDGE('',*,*,#197,.T.);
#197 = EDGE_CURVE('',#190,#198,#200,.T.);
#198 = VERTEX_POINT('',#199);
#199 = CARTESIAN_POINT('',(-1.016,-11.43,2.54));
#200 = LINE('',#201,#202);
#201 = CARTESIAN_POINT('',(-1.27,-11.176,2.54));
#202 = VECTOR('',#203,1.);
#203 = DIRECTION('',(0.707106781187,-0.707106781187,0.));
#204 = ORIENTED_EDGE('',*,*,#205,.T.);
#205 = EDGE_CURVE('',#198,#206,#208,.T.);
#206 = VERTEX_POINT('',#207);
#207 = CARTESIAN_POINT('',(1.016,-11.43,2.54));
#208 = LINE('',#209,#210);
#209 = CARTESIAN_POINT('',(-1.016,-11.43,2.54));
#210 = VECTOR('',#211,1.);
#211 = DIRECTION('',(1.,0.,0.));
#212 = ORIENTED_EDGE('',*,*,#213,.T.);
#213 = EDGE_CURVE('',#206,#214,#216,.T.);
#214 = VERTEX_POINT('',#215);
#215 = CARTESIAN_POINT('',(1.27,-11.176,2.54));
#216 = LINE('',#217,#218);
#217 = CARTESIAN_POINT('',(1.016,-11.43,2.54));
#218 = VECTOR('',#219,1.);
#219 = DIRECTION('',(0.707106781187,0.707106781187,0.));
#220 = ORIENTED_EDGE('',*,*,#221,.T.);
#221 = EDGE_CURVE('',#214,#222,#224,.T.);
#222 = VERTEX_POINT('',#223);
#223 = CARTESIAN_POINT('',(1.27,-9.144,2.54));
#224 = LINE('',#225,#226);
#225 = CARTESIAN_POINT('',(1.27,-11.176,2.54));
#226 = VECTOR('',#227,1.);
#227 = DIRECTION('',(0.,1.,0.));
#228 = ORIENTED_EDGE('',*,*,#229,.T.);
#229 = EDGE_CURVE('',#222,#230,#232,.T.);
#230 = VERTEX_POINT('',#231);
#231 = CARTESIAN_POINT('',(1.016,-8.89,2.54));
#232 = LINE('',#233,#234);
#233 = CARTESIAN_POINT('',(1.27,-9.144,2.54));
#234 = VECTOR('',#235,1.);
#235 = DIRECTION('',(-0.707106781187,0.707106781187,0.));
#236 = ORIENTED_EDGE('',*,*,#237,.T.);
#237 = EDGE_CURVE('',#230,#238,#240,.T.);
#238 = VERTEX_POINT('',#239);
#239 = CARTESIAN_POINT('',(1.27,-8.636,2.54));
#240 = LINE('',#241,#242);
#241 = CARTESIAN_POINT('',(1.016,-8.89,2.54));
#242 = VECTOR('',#243,1.);
#243 = DIRECTION('',(0.707106781187,0.707106781187,0.));
#244 = ORIENTED_EDGE('',*,*,#245,.T.);
#245 = EDGE_CURVE('',#238,#246,#248,.T.);
#246 = VERTEX_POINT('',#247);
#247 = CARTESIAN_POINT('',(1.27,-6.604,2.54));
#248 = LINE('',#249,#250);
#249 = CARTESIAN_POINT('',(1.27,-8.636,2.54));
#250 = VECTOR('',#251,1.);
#251 = DIRECTION('',(0.,1.,0.));
#252 = ORIENTED_EDGE('',*,*,#253,.T.);
#253 = EDGE_CURVE('',#246,#254,#256,.T.);
#254 = VERTEX_POINT('',#255);
#255 = CARTESIAN_POINT('',(1.016,-6.35,2.54));
#256 = LINE('',#257,#258);
#257 = CARTESIAN_POINT('',(1.27,-6.604,2.54));
#258 = VECTOR('',#259,1.);
#259 = DIRECTION('',(-0.707106781187,0.707106781187,0.));
#260 = ORIENTED_EDGE('',*,*,#261,.T.);
#261 = EDGE_CURVE('',#254,#262,#264,.T.);
#262 = VERTEX_POINT('',#263);
#263 = CARTESIAN_POINT('',(1.27,-6.096,2.54));
#264 = LINE('',#265,#266);
#265 = CARTESIAN_POINT('',(1.016,-6.35,2.54));
#266 = VECTOR('',#267,1.);
#267 = DIRECTION('',(0.707106781187,0.707106781187,0.));
#268 = ORIENTED_EDGE('',*,*,#269,.T.);
#269 = EDGE_CURVE('',#262,#270,#272,.T.);
#270 = VERTEX_POINT('',#271);
#271 = CARTESIAN_POINT('',(1.27,-4.064,2.54));
#272 = LINE('',#273,#274);
#273 = CARTESIAN_POINT('',(1.27,-6.096,2.54));
#274 = VECTOR('',#275,1.);
#275 = DIRECTION('',(0.,1.,0.));
#276 = ORIENTED_EDGE('',*,*,#277,.T.);
#277 = EDGE_CURVE('',#270,#278,#280,.T.);
#278 = VERTEX_POINT('',#279);
#279 = CARTESIAN_POINT('',(1.016,-3.81,2.54));
#280 = LINE('',#281,#282);
#281 = CARTESIAN_POINT('',(1.27,-4.064,2.54));
#282 = VECTOR('',#283,1.);
#283 = DIRECTION('',(-0.707106781187,0.707106781187,0.));
#284 = ORIENTED_EDGE('',*,*,#285,.T.);
#285 = EDGE_CURVE('',#278,#286,#288,.T.);
#286 = VERTEX_POINT('',#287);
#287 = CARTESIAN_POINT('',(1.27,-3.556,2.54));
#288 = LINE('',#289,#290);
#289 = CARTESIAN_POINT('',(1.016,-3.81,2.54));
#290 = VECTOR('',#291,1.);
#291 = DIRECTION('',(0.707106781187,0.707106781187,0.));
#292 = ORIENTED_EDGE('',*,*,#293,.T.);
#293 = EDGE_CURVE('',#286,#294,#296,.T.);
#294 = VERTEX_POINT('',#295);
#295 = CARTESIAN_POINT('',(1.27,-1.524,2.54));
#296 = LINE('',#297,#298);
#297 = CARTESIAN_POINT('',(1.27,-3.556,2.54));
#298 = VECTOR('',#299,1.);
#299 = DIRECTION('',(0.,1.,0.));
#300 = ORIENTED_EDGE('',*,*,#301,.T.);
#301 = EDGE_CURVE('',#294,#302,#304,.T.);
#302 = VERTEX_POINT('',#303);
#303 = CARTESIAN_POINT('',(1.016,-1.27,2.54));
#304 = LINE('',#305,#306);
#305 = CARTESIAN_POINT('',(1.27,-1.524,2.54));
#306 = VECTOR('',#307,1.);
#307 = DIRECTION('',(-0.707106781187,0.707106781187,0.));
#308 = ORIENTED_EDGE('',*,*,#309,.T.);
#309 = EDGE_CURVE('',#302,#310,#312,.T.);
#310 = VERTEX_POINT('',#311);
#311 = CARTESIAN_POINT('',(1.27,-1.016,2.54));
#312 = LINE('',#313,#314);
#313 = CARTESIAN_POINT('',(1.016,-1.27,2.54));
#314 = VECTOR('',#315,1.);
#315 = DIRECTION('',(0.707106781187,0.707106781187,0.));
#316 = ORIENTED_EDGE('',*,*,#317,.T.);
#317 = EDGE_CURVE('',#310,#318,#320,.T.);
#318 = VERTEX_POINT('',#319);
#319 = CARTESIAN_POINT('',(1.27,1.016,2.54));
#320 = LINE('',#321,#322);
#321 = CARTESIAN_POINT('',(1.27,-1.016,2.54));
#322 = VECTOR('',#323,1.);
#323 = DIRECTION('',(0.,1.,0.));
#324 = ORIENTED_EDGE('',*,*,#325,.T.);
#325 = EDGE_CURVE('',#318,#64,#326,.T.);
#326 = LINE('',#327,#328);
#327 = CARTESIAN_POINT('',(1.27,1.016,2.54));
#328 = VECTOR('',#329,1.);
#329 = DIRECTION('',(-0.707106781187,0.707106781187,0.));
#330 = ORIENTED_EDGE('',*,*,#71,.T.);
#331 = FACE_BOUND('',#332,.T.);
#332 = EDGE_LOOP('',(#333,#343,#351,#359));
#333 = ORIENTED_EDGE('',*,*,#334,.F.);
#334 = EDGE_CURVE('',#335,#337,#339,.T.);
#335 = VERTEX_POINT('',#336);
#336 = CARTESIAN_POINT('',(0.32,-9.84,2.54));
#337 = VERTEX_POINT('',#338);
#338 = CARTESIAN_POINT('',(-0.32,-9.84,2.54));
#339 = LINE('',#340,#341);
#340 = CARTESIAN_POINT('',(-0.16,-9.84,2.54));
#341 = VECTOR('',#342,1.);
#342 = DIRECTION('',(-1.,0.,0.));
#343 = ORIENTED_EDGE('',*,*,#344,.F.);
#344 = EDGE_CURVE('',#345,#335,#347,.T.);
#345 = VERTEX_POINT('',#346);
#346 = CARTESIAN_POINT('',(0.32,-10.48,2.54));
#347 = LINE('',#348,#349);
#348 = CARTESIAN_POINT('',(0.32,-7.78,2.54));
#349 = VECTOR('',#350,1.);
#350 = DIRECTION('',(0.,1.,0.));
#351 = ORIENTED_EDGE('',*,*,#352,.T.);
#352 = EDGE_CURVE('',#345,#353,#355,.T.);
#353 = VERTEX_POINT('',#354);
#354 = CARTESIAN_POINT('',(-0.32,-10.48,2.54));
#355 = LINE('',#356,#357);
#356 = CARTESIAN_POINT('',(-0.16,-10.48,2.54));
#357 = VECTOR('',#358,1.);
#358 = DIRECTION('',(-1.,0.,0.));
#359 = ORIENTED_EDGE('',*,*,#360,.T.);
#360 = EDGE_CURVE('',#353,#337,#361,.T.);
#361 = LINE('',#362,#363);
#362 = CARTESIAN_POINT('',(-0.32,-7.78,2.54));
#363 = VECTOR('',#364,1.);
#364 = DIRECTION('',(0.,1.,0.));
#365 = FACE_BOUND('',#366,.T.);
#366 = EDGE_LOOP('',(#367,#377,#385,#393));
#367 = ORIENTED_EDGE('',*,*,#368,.T.);
#368 = EDGE_CURVE('',#369,#371,#373,.T.);
#369 = VERTEX_POINT('',#370);
#370 = CARTESIAN_POINT('',(0.32,-7.94,2.54));
#371 = VERTEX_POINT('',#372);
#372 = CARTESIAN_POINT('',(-0.32,-7.94,2.54));
#373 = LINE('',#374,#375);
#374 = CARTESIAN_POINT('',(-0.16,-7.94,2.54));
#375 = VECTOR('',#376,1.);
#376 = DIRECTION('',(-1.,0.,0.));
#377 = ORIENTED_EDGE('',*,*,#378,.T.);
#378 = EDGE_CURVE('',#371,#379,#381,.T.);
#379 = VERTEX_POINT('',#380);
#380 = CARTESIAN_POINT('',(-0.32,-7.3,2.54));
#381 = LINE('',#382,#383);
#382 = CARTESIAN_POINT('',(-0.32,-6.51,2.54));
#383 = VECTOR('',#384,1.);
#384 = DIRECTION('',(0.,1.,0.));
#385 = ORIENTED_EDGE('',*,*,#386,.F.);
#386 = EDGE_CURVE('',#387,#379,#389,.T.);
#387 = VERTEX_POINT('',#388);
#388 = CARTESIAN_POINT('',(0.32,-7.3,2.54));
#389 = LINE('',#390,#391);
#390 = CARTESIAN_POINT('',(-0.16,-7.3,2.54));
#391 = VECTOR('',#392,1.);
#392 = DIRECTION('',(-1.,0.,0.));
#393 = ORIENTED_EDGE('',*,*,#394,.F.);
#394 = EDGE_CURVE('',#369,#387,#395,.T.);
#395 = LINE('',#396,#397);
#396 = CARTESIAN_POINT('',(0.32,-6.51,2.54));
#397 = VECTOR('',#398,1.);
#398 = DIRECTION('',(0.,1.,0.));
#399 = FACE_BOUND('',#400,.T.);
#400 = EDGE_LOOP('',(#401,#411,#419,#427,#435,#443));
#401 = ORIENTED_EDGE('',*,*,#402,.T.);
#402 = EDGE_CURVE('',#403,#405,#407,.T.);
#403 = VERTEX_POINT('',#404);
#404 = CARTESIAN_POINT('',(0.33,-5.4,2.54));
#405 = VERTEX_POINT('',#406);
#406 = CARTESIAN_POINT('',(0.32,-5.4,2.54));
#407 = LINE('',#408,#409);
#408 = CARTESIAN_POINT('',(-0.165,-5.4,2.54));
#409 = VECTOR('',#410,1.);
#410 = DIRECTION('',(-1.,0.,0.));
#411 = ORIENTED_EDGE('',*,*,#412,.T.);
#412 = EDGE_CURVE('',#405,#413,#415,.T.);
#413 = VERTEX_POINT('',#414);
#414 = CARTESIAN_POINT('',(-0.32,-5.4,2.54));
#415 = LINE('',#416,#417);
#416 = CARTESIAN_POINT('',(-0.16,-5.4,2.54));
#417 = VECTOR('',#418,1.);
#418 = DIRECTION('',(-1.,0.,0.));
#419 = ORIENTED_EDGE('',*,*,#420,.T.);
#420 = EDGE_CURVE('',#413,#421,#423,.T.);
#421 = VERTEX_POINT('',#422);
#422 = CARTESIAN_POINT('',(-0.33,-5.4,2.54));
#423 = LINE('',#424,#425);
#424 = CARTESIAN_POINT('',(-0.165,-5.4,2.54));
#425 = VECTOR('',#426,1.);
#426 = DIRECTION('',(-1.,0.,0.));
#427 = ORIENTED_EDGE('',*,*,#428,.T.);
#428 = EDGE_CURVE('',#421,#429,#431,.T.);
#429 = VERTEX_POINT('',#430);
#430 = CARTESIAN_POINT('',(-0.33,-4.74,2.54));
#431 = LINE('',#432,#433);
#432 = CARTESIAN_POINT('',(-0.33,-5.24,2.54));
#433 = VECTOR('',#434,1.);
#434 = DIRECTION('',(0.,1.,0.));
#435 = ORIENTED_EDGE('',*,*,#436,.F.);
#436 = EDGE_CURVE('',#437,#429,#439,.T.);
#437 = VERTEX_POINT('',#438);
#438 = CARTESIAN_POINT('',(0.33,-4.74,2.54));
#439 = LINE('',#440,#441);
#440 = CARTESIAN_POINT('',(-0.165,-4.74,2.54));
#441 = VECTOR('',#442,1.);
#442 = DIRECTION('',(-1.,0.,0.));
#443 = ORIENTED_EDGE('',*,*,#444,.F.);
#444 = EDGE_CURVE('',#403,#437,#445,.T.);
#445 = LINE('',#446,#447);
#446 = CARTESIAN_POINT('',(0.33,-5.24,2.54));
#447 = VECTOR('',#448,1.);
#448 = DIRECTION('',(0.,1.,0.));
#449 = FACE_BOUND('',#450,.T.);
#450 = EDGE_LOOP('',(#451,#461,#469,#477));
#451 = ORIENTED_EDGE('',*,*,#452,.F.);
#452 = EDGE_CURVE('',#453,#455,#457,.T.);
#453 = VERTEX_POINT('',#454);
#454 = CARTESIAN_POINT('',(0.32,-2.22,2.54));
#455 = VERTEX_POINT('',#456);
#456 = CARTESIAN_POINT('',(-0.32,-2.22,2.54));
#457 = LINE('',#458,#459);
#458 = CARTESIAN_POINT('',(-0.16,-2.22,2.54));
#459 = VECTOR('',#460,1.);
#460 = DIRECTION('',(-1.,0.,0.));
#461 = ORIENTED_EDGE('',*,*,#462,.F.);
#462 = EDGE_CURVE('',#463,#453,#465,.T.);
#463 = VERTEX_POINT('',#464);
#464 = CARTESIAN_POINT('',(0.32,-2.86,2.54));
#465 = LINE('',#466,#467);
#466 = CARTESIAN_POINT('',(0.32,-3.97,2.54));
#467 = VECTOR('',#468,1.);
#468 = DIRECTION('',(0.,1.,0.));
#469 = ORIENTED_EDGE('',*,*,#470,.T.);
#470 = EDGE_CURVE('',#463,#471,#473,.T.);
#471 = VERTEX_POINT('',#472);
#472 = CARTESIAN_POINT('',(-0.32,-2.86,2.54));
#473 = LINE('',#474,#475);
#474 = CARTESIAN_POINT('',(-0.16,-2.86,2.54));
#475 = VECTOR('',#476,1.);
#476 = DIRECTION('',(-1.,0.,0.));
#477 = ORIENTED_EDGE('',*,*,#478,.T.);
#478 = EDGE_CURVE('',#471,#455,#479,.T.);
#479 = LINE('',#480,#481);
#480 = CARTESIAN_POINT('',(-0.32,-3.97,2.54));
#481 = VECTOR('',#482,1.);
#482 = DIRECTION('',(0.,1.,0.));
#483 = FACE_BOUND('',#484,.T.);
#484 = EDGE_LOOP('',(#485,#495,#503,#511));
#485 = ORIENTED_EDGE('',*,*,#486,.F.);
#486 = EDGE_CURVE('',#487,#489,#491,.T.);
#487 = VERTEX_POINT('',#488);
#488 = CARTESIAN_POINT('',(0.32,-0.32,2.54));
#489 = VERTEX_POINT('',#490);
#490 = CARTESIAN_POINT('',(0.32,0.32,2.54));
#491 = LINE('',#492,#493);
#492 = CARTESIAN_POINT('',(0.32,-2.7,2.54));
#493 = VECTOR('',#494,1.);
#494 = DIRECTION('',(0.,1.,0.));
#495 = ORIENTED_EDGE('',*,*,#496,.T.);
#496 = EDGE_CURVE('',#487,#497,#499,.T.);
#497 = VERTEX_POINT('',#498);
#498 = CARTESIAN_POINT('',(-0.32,-0.32,2.54));
#499 = LINE('',#500,#501);
#500 = CARTESIAN_POINT('',(-0.16,-0.32,2.54));
#501 = VECTOR('',#502,1.);
#502 = DIRECTION('',(-1.,0.,0.));
#503 = ORIENTED_EDGE('',*,*,#504,.T.);
#504 = EDGE_CURVE('',#497,#505,#507,.T.);
#505 = VERTEX_POINT('',#506);
#506 = CARTESIAN_POINT('',(-0.32,0.32,2.54));
#507 = LINE('',#508,#509);
#508 = CARTESIAN_POINT('',(-0.32,-2.7,2.54));
#509 = VECTOR('',#510,1.);
#510 = DIRECTION('',(0.,1.,0.));
#511 = ORIENTED_EDGE('',*,*,#512,.F.);
#512 = EDGE_CURVE('',#489,#505,#513,.T.);
#513 = LINE('',#514,#515);
#514 = CARTESIAN_POINT('',(-0.16,0.32,2.54));
#515 = VECTOR('',#516,1.);
#516 = DIRECTION('',(-1.,0.,0.));
#517 = PLANE('',#518);
#518 = AXIS2_PLACEMENT_3D('',#519,#520,#521);
#519 = CARTESIAN_POINT('',(-2.110141571089E-17,-5.08,2.54));
#520 = DIRECTION('',(0.,0.,1.));
#521 = DIRECTION('',(1.,0.,0.));
#522 = ADVANCED_FACE('',(#523),#541,.F.);
#523 = FACE_BOUND('',#524,.F.);
#524 = EDGE_LOOP('',(#525,#526,#527,#535));
#525 = ORIENTED_EDGE('',*,*,#39,.T.);
#526 = ORIENTED_EDGE('',*,*,#93,.T.);
#527 = ORIENTED_EDGE('',*,*,#528,.F.);
#528 = EDGE_CURVE('',#529,#94,#531,.T.);
#529 = VERTEX_POINT('',#530);
#530 = CARTESIAN_POINT('',(-1.27,-1.016,0.));
#531 = LINE('',#532,#533);
#532 = CARTESIAN_POINT('',(-1.27,-1.016,0.));
#533 = VECTOR('',#534,1.);
#534 = DIRECTION('',(0.,0.,1.));
#535 = ORIENTED_EDGE('',*,*,#536,.F.);
#536 = EDGE_CURVE('',#40,#529,#537,.T.);
#537 = LINE('',#538,#539);
#538 = CARTESIAN_POINT('',(-1.27,1.016,0.));
#539 = VECTOR('',#540,1.);
#540 = DIRECTION('',(0.,-1.,0.));
#541 = PLANE('',#542);
#542 = AXIS2_PLACEMENT_3D('',#543,#544,#545);
#543 = CARTESIAN_POINT('',(-1.27,1.016,0.));
#544 = DIRECTION('',(1.,0.,0.));
#545 = DIRECTION('',(0.,-1.,0.));
#546 = ADVANCED_FACE('',(#547,#782,#816,#850,#900,#934),#968,.F.);
#547 = FACE_BOUND('',#548,.F.);
#548 = EDGE_LOOP('',(#549,#550,#551,#559,#567,#575,#583,#591,#599,#607,
    #615,#623,#631,#639,#647,#655,#663,#671,#679,#687,#695,#703,#711,
    #719,#727,#735,#743,#751,#759,#767,#775,#781));
#549 = ORIENTED_EDGE('',*,*,#47,.T.);
#550 = ORIENTED_EDGE('',*,*,#536,.T.);
#551 = ORIENTED_EDGE('',*,*,#552,.T.);
#552 = EDGE_CURVE('',#529,#553,#555,.T.);
#553 = VERTEX_POINT('',#554);
#554 = CARTESIAN_POINT('',(-1.016,-1.27,0.));
#555 = LINE('',#556,#557);
#556 = CARTESIAN_POINT('',(-1.27,-1.016,0.));
#557 = VECTOR('',#558,1.);
#558 = DIRECTION('',(0.707106781187,-0.707106781187,0.));
#559 = ORIENTED_EDGE('',*,*,#560,.T.);
#560 = EDGE_CURVE('',#553,#561,#563,.T.);
#561 = VERTEX_POINT('',#562);
#562 = CARTESIAN_POINT('',(-1.27,-1.524,0.));
#563 = LINE('',#564,#565);
#564 = CARTESIAN_POINT('',(-1.016,-1.27,0.));
#565 = VECTOR('',#566,1.);
#566 = DIRECTION('',(-0.707106781187,-0.707106781187,0.));
#567 = ORIENTED_EDGE('',*,*,#568,.T.);
#568 = EDGE_CURVE('',#561,#569,#571,.T.);
#569 = VERTEX_POINT('',#570);
#570 = CARTESIAN_POINT('',(-1.27,-3.556,0.));
#571 = LINE('',#572,#573);
#572 = CARTESIAN_POINT('',(-1.27,-1.524,0.));
#573 = VECTOR('',#574,1.);
#574 = DIRECTION('',(0.,-1.,0.));
#575 = ORIENTED_EDGE('',*,*,#576,.T.);
#576 = EDGE_CURVE('',#569,#577,#579,.T.);
#577 = VERTEX_POINT('',#578);
#578 = CARTESIAN_POINT('',(-1.016,-3.81,0.));
#579 = LINE('',#580,#581);
#580 = CARTESIAN_POINT('',(-1.27,-3.556,0.));
#581 = VECTOR('',#582,1.);
#582 = DIRECTION('',(0.707106781187,-0.707106781187,0.));
#583 = ORIENTED_EDGE('',*,*,#584,.T.);
#584 = EDGE_CURVE('',#577,#585,#587,.T.);
#585 = VERTEX_POINT('',#586);
#586 = CARTESIAN_POINT('',(-1.27,-4.064,0.));
#587 = LINE('',#588,#589);
#588 = CARTESIAN_POINT('',(-1.016,-3.81,0.));
#589 = VECTOR('',#590,1.);
#590 = DIRECTION('',(-0.707106781187,-0.707106781187,0.));
#591 = ORIENTED_EDGE('',*,*,#592,.T.);
#592 = EDGE_CURVE('',#585,#593,#595,.T.);
#593 = VERTEX_POINT('',#594);
#594 = CARTESIAN_POINT('',(-1.27,-6.096,0.));
#595 = LINE('',#596,#597);
#596 = CARTESIAN_POINT('',(-1.27,-4.064,0.));
#597 = VECTOR('',#598,1.);
#598 = DIRECTION('',(0.,-1.,0.));
#599 = ORIENTED_EDGE('',*,*,#600,.T.);
#600 = EDGE_CURVE('',#593,#601,#603,.T.);
#601 = VERTEX_POINT('',#602);
#602 = CARTESIAN_POINT('',(-1.016,-6.35,0.));
#603 = LINE('',#604,#605);
#604 = CARTESIAN_POINT('',(-1.27,-6.096,0.));
#605 = VECTOR('',#606,1.);
#606 = DIRECTION('',(0.707106781187,-0.707106781187,0.));
#607 = ORIENTED_EDGE('',*,*,#608,.T.);
#608 = EDGE_CURVE('',#601,#609,#611,.T.);
#609 = VERTEX_POINT('',#610);
#610 = CARTESIAN_POINT('',(-1.27,-6.604,0.));
#611 = LINE('',#612,#613);
#612 = CARTESIAN_POINT('',(-1.016,-6.35,0.));
#613 = VECTOR('',#614,1.);
#614 = DIRECTION('',(-0.707106781187,-0.707106781187,0.));
#615 = ORIENTED_EDGE('',*,*,#616,.T.);
#616 = EDGE_CURVE('',#609,#617,#619,.T.);
#617 = VERTEX_POINT('',#618);
#618 = CARTESIAN_POINT('',(-1.27,-8.636,0.));
#619 = LINE('',#620,#621);
#620 = CARTESIAN_POINT('',(-1.27,-6.604,0.));
#621 = VECTOR('',#622,1.);
#622 = DIRECTION('',(0.,-1.,0.));
#623 = ORIENTED_EDGE('',*,*,#624,.T.);
#624 = EDGE_CURVE('',#617,#625,#627,.T.);
#625 = VERTEX_POINT('',#626);
#626 = CARTESIAN_POINT('',(-1.016,-8.89,0.));
#627 = LINE('',#628,#629);
#628 = CARTESIAN_POINT('',(-1.27,-8.636,0.));
#629 = VECTOR('',#630,1.);
#630 = DIRECTION('',(0.707106781187,-0.707106781187,0.));
#631 = ORIENTED_EDGE('',*,*,#632,.T.);
#632 = EDGE_CURVE('',#625,#633,#635,.T.);
#633 = VERTEX_POINT('',#634);
#634 = CARTESIAN_POINT('',(-1.27,-9.144,0.));
#635 = LINE('',#636,#637);
#636 = CARTESIAN_POINT('',(-1.016,-8.89,0.));
#637 = VECTOR('',#638,1.);
#638 = DIRECTION('',(-0.707106781187,-0.707106781187,0.));
#639 = ORIENTED_EDGE('',*,*,#640,.T.);
#640 = EDGE_CURVE('',#633,#641,#643,.T.);
#641 = VERTEX_POINT('',#642);
#642 = CARTESIAN_POINT('',(-1.27,-11.176,0.));
#643 = LINE('',#644,#645);
#644 = CARTESIAN_POINT('',(-1.27,-9.144,0.));
#645 = VECTOR('',#646,1.);
#646 = DIRECTION('',(0.,-1.,0.));
#647 = ORIENTED_EDGE('',*,*,#648,.T.);
#648 = EDGE_CURVE('',#641,#649,#651,.T.);
#649 = VERTEX_POINT('',#650);
#650 = CARTESIAN_POINT('',(-1.016,-11.43,0.));
#651 = LINE('',#652,#653);
#652 = CARTESIAN_POINT('',(-1.27,-11.176,0.));
#653 = VECTOR('',#654,1.);
#654 = DIRECTION('',(0.707106781187,-0.707106781187,0.));
#655 = ORIENTED_EDGE('',*,*,#656,.T.);
#656 = EDGE_CURVE('',#649,#657,#659,.T.);
#657 = VERTEX_POINT('',#658);
#658 = CARTESIAN_POINT('',(1.016,-11.43,0.));
#659 = LINE('',#660,#661);
#660 = CARTESIAN_POINT('',(-1.016,-11.43,0.));
#661 = VECTOR('',#662,1.);
#662 = DIRECTION('',(1.,0.,0.));
#663 = ORIENTED_EDGE('',*,*,#664,.T.);
#664 = EDGE_CURVE('',#657,#665,#667,.T.);
#665 = VERTEX_POINT('',#666);
#666 = CARTESIAN_POINT('',(1.27,-11.176,0.));
#667 = LINE('',#668,#669);
#668 = CARTESIAN_POINT('',(1.016,-11.43,0.));
#669 = VECTOR('',#670,1.);
#670 = DIRECTION('',(0.707106781187,0.707106781187,0.));
#671 = ORIENTED_EDGE('',*,*,#672,.T.);
#672 = EDGE_CURVE('',#665,#673,#675,.T.);
#673 = VERTEX_POINT('',#674);
#674 = CARTESIAN_POINT('',(1.27,-9.144,0.));
#675 = LINE('',#676,#677);
#676 = CARTESIAN_POINT('',(1.27,-11.176,0.));
#677 = VECTOR('',#678,1.);
#678 = DIRECTION('',(0.,1.,0.));
#679 = ORIENTED_EDGE('',*,*,#680,.T.);
#680 = EDGE_CURVE('',#673,#681,#683,.T.);
#681 = VERTEX_POINT('',#682);
#682 = CARTESIAN_POINT('',(1.016,-8.89,0.));
#683 = LINE('',#684,#685);
#684 = CARTESIAN_POINT('',(1.27,-9.144,0.));
#685 = VECTOR('',#686,1.);
#686 = DIRECTION('',(-0.707106781187,0.707106781187,0.));
#687 = ORIENTED_EDGE('',*,*,#688,.T.);
#688 = EDGE_CURVE('',#681,#689,#691,.T.);
#689 = VERTEX_POINT('',#690);
#690 = CARTESIAN_POINT('',(1.27,-8.636,0.));
#691 = LINE('',#692,#693);
#692 = CARTESIAN_POINT('',(1.016,-8.89,0.));
#693 = VECTOR('',#694,1.);
#694 = DIRECTION('',(0.707106781187,0.707106781187,0.));
#695 = ORIENTED_EDGE('',*,*,#696,.T.);
#696 = EDGE_CURVE('',#689,#697,#699,.T.);
#697 = VERTEX_POINT('',#698);
#698 = CARTESIAN_POINT('',(1.27,-6.604,0.));
#699 = LINE('',#700,#701);
#700 = CARTESIAN_POINT('',(1.27,-8.636,0.));
#701 = VECTOR('',#702,1.);
#702 = DIRECTION('',(0.,1.,0.));
#703 = ORIENTED_EDGE('',*,*,#704,.T.);
#704 = EDGE_CURVE('',#697,#705,#707,.T.);
#705 = VERTEX_POINT('',#706);
#706 = CARTESIAN_POINT('',(1.016,-6.35,0.));
#707 = LINE('',#708,#709);
#708 = CARTESIAN_POINT('',(1.27,-6.604,0.));
#709 = VECTOR('',#710,1.);
#710 = DIRECTION('',(-0.707106781187,0.707106781187,0.));
#711 = ORIENTED_EDGE('',*,*,#712,.T.);
#712 = EDGE_CURVE('',#705,#713,#715,.T.);
#713 = VERTEX_POINT('',#714);
#714 = CARTESIAN_POINT('',(1.27,-6.096,0.));
#715 = LINE('',#716,#717);
#716 = CARTESIAN_POINT('',(1.016,-6.35,0.));
#717 = VECTOR('',#718,1.);
#718 = DIRECTION('',(0.707106781187,0.707106781187,0.));
#719 = ORIENTED_EDGE('',*,*,#720,.T.);
#720 = EDGE_CURVE('',#713,#721,#723,.T.);
#721 = VERTEX_POINT('',#722);
#722 = CARTESIAN_POINT('',(1.27,-4.064,0.));
#723 = LINE('',#724,#725);
#724 = CARTESIAN_POINT('',(1.27,-6.096,0.));
#725 = VECTOR('',#726,1.);
#726 = DIRECTION('',(0.,1.,0.));
#727 = ORIENTED_EDGE('',*,*,#728,.T.);
#728 = EDGE_CURVE('',#721,#729,#731,.T.);
#729 = VERTEX_POINT('',#730);
#730 = CARTESIAN_POINT('',(1.016,-3.81,0.));
#731 = LINE('',#732,#733);
#732 = CARTESIAN_POINT('',(1.27,-4.064,0.));
#733 = VECTOR('',#734,1.);
#734 = DIRECTION('',(-0.707106781187,0.707106781187,0.));
#735 = ORIENTED_EDGE('',*,*,#736,.T.);
#736 = EDGE_CURVE('',#729,#737,#739,.T.);
#737 = VERTEX_POINT('',#738);
#738 = CARTESIAN_POINT('',(1.27,-3.556,0.));
#739 = LINE('',#740,#741);
#740 = CARTESIAN_POINT('',(1.016,-3.81,0.));
#741 = VECTOR('',#742,1.);
#742 = DIRECTION('',(0.707106781187,0.707106781187,0.));
#743 = ORIENTED_EDGE('',*,*,#744,.T.);
#744 = EDGE_CURVE('',#737,#745,#747,.T.);
#745 = VERTEX_POINT('',#746);
#746 = CARTESIAN_POINT('',(1.27,-1.524,0.));
#747 = LINE('',#748,#749);
#748 = CARTESIAN_POINT('',(1.27,-3.556,0.));
#749 = VECTOR('',#750,1.);
#750 = DIRECTION('',(0.,1.,0.));
#751 = ORIENTED_EDGE('',*,*,#752,.T.);
#752 = EDGE_CURVE('',#745,#753,#755,.T.);
#753 = VERTEX_POINT('',#754);
#754 = CARTESIAN_POINT('',(1.016,-1.27,0.));
#755 = LINE('',#756,#757);
#756 = CARTESIAN_POINT('',(1.27,-1.524,0.));
#757 = VECTOR('',#758,1.);
#758 = DIRECTION('',(-0.707106781187,0.707106781187,0.));
#759 = ORIENTED_EDGE('',*,*,#760,.T.);
#760 = EDGE_CURVE('',#753,#761,#763,.T.);
#761 = VERTEX_POINT('',#762);
#762 = CARTESIAN_POINT('',(1.27,-1.016,0.));
#763 = LINE('',#764,#765);
#764 = CARTESIAN_POINT('',(1.016,-1.27,0.));
#765 = VECTOR('',#766,1.);
#766 = DIRECTION('',(0.707106781187,0.707106781187,0.));
#767 = ORIENTED_EDGE('',*,*,#768,.T.);
#768 = EDGE_CURVE('',#761,#769,#771,.T.);
#769 = VERTEX_POINT('',#770);
#770 = CARTESIAN_POINT('',(1.27,1.016,0.));
#771 = LINE('',#772,#773);
#772 = CARTESIAN_POINT('',(1.27,-1.016,0.));
#773 = VECTOR('',#774,1.);
#774 = DIRECTION('',(0.,1.,0.));
#775 = ORIENTED_EDGE('',*,*,#776,.T.);
#776 = EDGE_CURVE('',#769,#62,#777,.T.);
#777 = LINE('',#778,#779);
#778 = CARTESIAN_POINT('',(1.27,1.016,0.));
#779 = VECTOR('',#780,1.);
#780 = DIRECTION('',(-0.707106781187,0.707106781187,0.));
#781 = ORIENTED_EDGE('',*,*,#78,.T.);
#782 = FACE_BOUND('',#783,.F.);
#783 = EDGE_LOOP('',(#784,#794,#802,#810));
#784 = ORIENTED_EDGE('',*,*,#785,.F.);
#785 = EDGE_CURVE('',#786,#788,#790,.T.);
#786 = VERTEX_POINT('',#787);
#787 = CARTESIAN_POINT('',(0.32,-9.84,0.));
#788 = VERTEX_POINT('',#789);
#789 = CARTESIAN_POINT('',(-0.32,-9.84,0.));
#790 = LINE('',#791,#792);
#791 = CARTESIAN_POINT('',(-0.16,-9.84,0.));
#792 = VECTOR('',#793,1.);
#793 = DIRECTION('',(-1.,0.,0.));
#794 = ORIENTED_EDGE('',*,*,#795,.F.);
#795 = EDGE_CURVE('',#796,#786,#798,.T.);
#796 = VERTEX_POINT('',#797);
#797 = CARTESIAN_POINT('',(0.32,-10.48,0.));
#798 = LINE('',#799,#800);
#799 = CARTESIAN_POINT('',(0.32,-7.78,0.));
#800 = VECTOR('',#801,1.);
#801 = DIRECTION('',(0.,1.,0.));
#802 = ORIENTED_EDGE('',*,*,#803,.T.);
#803 = EDGE_CURVE('',#796,#804,#806,.T.);
#804 = VERTEX_POINT('',#805);
#805 = CARTESIAN_POINT('',(-0.32,-10.48,0.));
#806 = LINE('',#807,#808);
#807 = CARTESIAN_POINT('',(-0.16,-10.48,0.));
#808 = VECTOR('',#809,1.);
#809 = DIRECTION('',(-1.,0.,0.));
#810 = ORIENTED_EDGE('',*,*,#811,.T.);
#811 = EDGE_CURVE('',#804,#788,#812,.T.);
#812 = LINE('',#813,#814);
#813 = CARTESIAN_POINT('',(-0.32,-7.78,0.));
#814 = VECTOR('',#815,1.);
#815 = DIRECTION('',(0.,1.,0.));
#816 = FACE_BOUND('',#817,.F.);
#817 = EDGE_LOOP('',(#818,#828,#836,#844));
#818 = ORIENTED_EDGE('',*,*,#819,.T.);
#819 = EDGE_CURVE('',#820,#822,#824,.T.);
#820 = VERTEX_POINT('',#821);
#821 = CARTESIAN_POINT('',(0.32,-7.94,0.));
#822 = VERTEX_POINT('',#823);
#823 = CARTESIAN_POINT('',(-0.32,-7.94,0.));
#824 = LINE('',#825,#826);
#825 = CARTESIAN_POINT('',(-0.16,-7.94,0.));
#826 = VECTOR('',#827,1.);
#827 = DIRECTION('',(-1.,0.,0.));
#828 = ORIENTED_EDGE('',*,*,#829,.T.);
#829 = EDGE_CURVE('',#822,#830,#832,.T.);
#830 = VERTEX_POINT('',#831);
#831 = CARTESIAN_POINT('',(-0.32,-7.3,0.));
#832 = LINE('',#833,#834);
#833 = CARTESIAN_POINT('',(-0.32,-6.51,0.));
#834 = VECTOR('',#835,1.);
#835 = DIRECTION('',(0.,1.,0.));
#836 = ORIENTED_EDGE('',*,*,#837,.F.);
#837 = EDGE_CURVE('',#838,#830,#840,.T.);
#838 = VERTEX_POINT('',#839);
#839 = CARTESIAN_POINT('',(0.32,-7.3,0.));
#840 = LINE('',#841,#842);
#841 = CARTESIAN_POINT('',(-0.16,-7.3,0.));
#842 = VECTOR('',#843,1.);
#843 = DIRECTION('',(-1.,0.,0.));
#844 = ORIENTED_EDGE('',*,*,#845,.F.);
#845 = EDGE_CURVE('',#820,#838,#846,.T.);
#846 = LINE('',#847,#848);
#847 = CARTESIAN_POINT('',(0.32,-6.51,0.));
#848 = VECTOR('',#849,1.);
#849 = DIRECTION('',(0.,1.,0.));
#850 = FACE_BOUND('',#851,.F.);
#851 = EDGE_LOOP('',(#852,#862,#870,#878,#886,#894));
#852 = ORIENTED_EDGE('',*,*,#853,.T.);
#853 = EDGE_CURVE('',#854,#856,#858,.T.);
#854 = VERTEX_POINT('',#855);
#855 = CARTESIAN_POINT('',(0.33,-5.4,0.));
#856 = VERTEX_POINT('',#857);
#857 = CARTESIAN_POINT('',(0.32,-5.4,0.));
#858 = LINE('',#859,#860);
#859 = CARTESIAN_POINT('',(-0.165,-5.4,0.));
#860 = VECTOR('',#861,1.);
#861 = DIRECTION('',(-1.,0.,0.));
#862 = ORIENTED_EDGE('',*,*,#863,.T.);
#863 = EDGE_CURVE('',#856,#864,#866,.T.);
#864 = VERTEX_POINT('',#865);
#865 = CARTESIAN_POINT('',(-0.32,-5.4,0.));
#866 = LINE('',#867,#868);
#867 = CARTESIAN_POINT('',(-0.16,-5.4,0.));
#868 = VECTOR('',#869,1.);
#869 = DIRECTION('',(-1.,0.,0.));
#870 = ORIENTED_EDGE('',*,*,#871,.T.);
#871 = EDGE_CURVE('',#864,#872,#874,.T.);
#872 = VERTEX_POINT('',#873);
#873 = CARTESIAN_POINT('',(-0.33,-5.4,0.));
#874 = LINE('',#875,#876);
#875 = CARTESIAN_POINT('',(-0.165,-5.4,0.));
#876 = VECTOR('',#877,1.);
#877 = DIRECTION('',(-1.,0.,0.));
#878 = ORIENTED_EDGE('',*,*,#879,.T.);
#879 = EDGE_CURVE('',#872,#880,#882,.T.);
#880 = VERTEX_POINT('',#881);
#881 = CARTESIAN_POINT('',(-0.33,-4.74,0.));
#882 = LINE('',#883,#884);
#883 = CARTESIAN_POINT('',(-0.33,-5.24,0.));
#884 = VECTOR('',#885,1.);
#885 = DIRECTION('',(0.,1.,0.));
#886 = ORIENTED_EDGE('',*,*,#887,.F.);
#887 = EDGE_CURVE('',#888,#880,#890,.T.);
#888 = VERTEX_POINT('',#889);
#889 = CARTESIAN_POINT('',(0.33,-4.74,0.));
#890 = LINE('',#891,#892);
#891 = CARTESIAN_POINT('',(-0.165,-4.74,0.));
#892 = VECTOR('',#893,1.);
#893 = DIRECTION('',(-1.,0.,0.));
#894 = ORIENTED_EDGE('',*,*,#895,.F.);
#895 = EDGE_CURVE('',#854,#888,#896,.T.);
#896 = LINE('',#897,#898);
#897 = CARTESIAN_POINT('',(0.33,-5.24,0.));
#898 = VECTOR('',#899,1.);
#899 = DIRECTION('',(0.,1.,0.));
#900 = FACE_BOUND('',#901,.F.);
#901 = EDGE_LOOP('',(#902,#912,#920,#928));
#902 = ORIENTED_EDGE('',*,*,#903,.F.);
#903 = EDGE_CURVE('',#904,#906,#908,.T.);
#904 = VERTEX_POINT('',#905);
#905 = CARTESIAN_POINT('',(0.32,-2.22,0.));
#906 = VERTEX_POINT('',#907);
#907 = CARTESIAN_POINT('',(-0.32,-2.22,0.));
#908 = LINE('',#909,#910);
#909 = CARTESIAN_POINT('',(-0.16,-2.22,0.));
#910 = VECTOR('',#911,1.);
#911 = DIRECTION('',(-1.,0.,0.));
#912 = ORIENTED_EDGE('',*,*,#913,.F.);
#913 = EDGE_CURVE('',#914,#904,#916,.T.);
#914 = VERTEX_POINT('',#915);
#915 = CARTESIAN_POINT('',(0.32,-2.86,0.));
#916 = LINE('',#917,#918);
#917 = CARTESIAN_POINT('',(0.32,-3.97,0.));
#918 = VECTOR('',#919,1.);
#919 = DIRECTION('',(0.,1.,0.));
#920 = ORIENTED_EDGE('',*,*,#921,.T.);
#921 = EDGE_CURVE('',#914,#922,#924,.T.);
#922 = VERTEX_POINT('',#923);
#923 = CARTESIAN_POINT('',(-0.32,-2.86,0.));
#924 = LINE('',#925,#926);
#925 = CARTESIAN_POINT('',(-0.16,-2.86,0.));
#926 = VECTOR('',#927,1.);
#927 = DIRECTION('',(-1.,0.,0.));
#928 = ORIENTED_EDGE('',*,*,#929,.T.);
#929 = EDGE_CURVE('',#922,#906,#930,.T.);
#930 = LINE('',#931,#932);
#931 = CARTESIAN_POINT('',(-0.32,-3.97,0.));
#932 = VECTOR('',#933,1.);
#933 = DIRECTION('',(0.,1.,0.));
#934 = FACE_BOUND('',#935,.F.);
#935 = EDGE_LOOP('',(#936,#946,#954,#962));
#936 = ORIENTED_EDGE('',*,*,#937,.F.);
#937 = EDGE_CURVE('',#938,#940,#942,.T.);
#938 = VERTEX_POINT('',#939);
#939 = CARTESIAN_POINT('',(0.32,-0.32,0.));
#940 = VERTEX_POINT('',#941);
#941 = CARTESIAN_POINT('',(0.32,0.32,0.));
#942 = LINE('',#943,#944);
#943 = CARTESIAN_POINT('',(0.32,-2.7,0.));
#944 = VECTOR('',#945,1.);
#945 = DIRECTION('',(0.,1.,0.));
#946 = ORIENTED_EDGE('',*,*,#947,.T.);
#947 = EDGE_CURVE('',#938,#948,#950,.T.);
#948 = VERTEX_POINT('',#949);
#949 = CARTESIAN_POINT('',(-0.32,-0.32,0.));
#950 = LINE('',#951,#952);
#951 = CARTESIAN_POINT('',(-0.16,-0.32,0.));
#952 = VECTOR('',#953,1.);
#953 = DIRECTION('',(-1.,0.,0.));
#954 = ORIENTED_EDGE('',*,*,#955,.T.);
#955 = EDGE_CURVE('',#948,#956,#958,.T.);
#956 = VERTEX_POINT('',#957);
#957 = CARTESIAN_POINT('',(-0.32,0.32,0.));
#958 = LINE('',#959,#960);
#959 = CARTESIAN_POINT('',(-0.32,-2.7,0.));
#960 = VECTOR('',#961,1.);
#961 = DIRECTION('',(0.,1.,0.));
#962 = ORIENTED_EDGE('',*,*,#963,.F.);
#963 = EDGE_CURVE('',#940,#956,#964,.T.);
#964 = LINE('',#965,#966);
#965 = CARTESIAN_POINT('',(-0.16,0.32,0.));
#966 = VECTOR('',#967,1.);
#967 = DIRECTION('',(-1.,0.,0.));
#968 = PLANE('',#969);
#969 = AXIS2_PLACEMENT_3D('',#970,#971,#972);
#970 = CARTESIAN_POINT('',(-2.110141571089E-17,-5.08,0.));
#971 = DIRECTION('',(0.,0.,1.));
#972 = DIRECTION('',(1.,0.,0.));
#973 = ADVANCED_FACE('',(#974),#985,.F.);
#974 = FACE_BOUND('',#975,.F.);
#975 = EDGE_LOOP('',(#976,#982,#983,#984));
#976 = ORIENTED_EDGE('',*,*,#977,.T.);
#977 = EDGE_CURVE('',#769,#318,#978,.T.);
#978 = LINE('',#979,#980);
#979 = CARTESIAN_POINT('',(1.27,1.016,0.));
#980 = VECTOR('',#981,1.);
#981 = DIRECTION('',(0.,0.,1.));
#982 = ORIENTED_EDGE('',*,*,#325,.T.);
#983 = ORIENTED_EDGE('',*,*,#61,.F.);
#984 = ORIENTED_EDGE('',*,*,#776,.F.);
#985 = PLANE('',#986);
#986 = AXIS2_PLACEMENT_3D('',#987,#988,#989);
#987 = CARTESIAN_POINT('',(1.27,1.016,0.));
#988 = DIRECTION('',(-0.707106781187,-0.707106781187,0.));
#989 = DIRECTION('',(-0.707106781187,0.707106781187,0.));
#990 = ADVANCED_FACE('',(#991),#1002,.F.);
#991 = FACE_BOUND('',#992,.F.);
#992 = EDGE_LOOP('',(#993,#994,#995,#1001));
#993 = ORIENTED_EDGE('',*,*,#528,.T.);
#994 = ORIENTED_EDGE('',*,*,#101,.T.);
#995 = ORIENTED_EDGE('',*,*,#996,.F.);
#996 = EDGE_CURVE('',#553,#102,#997,.T.);
#997 = LINE('',#998,#999);
#998 = CARTESIAN_POINT('',(-1.016,-1.27,0.));
#999 = VECTOR('',#1000,1.);
#1000 = DIRECTION('',(0.,0.,1.));
#1001 = ORIENTED_EDGE('',*,*,#552,.F.);
#1002 = PLANE('',#1003);
#1003 = AXIS2_PLACEMENT_3D('',#1004,#1005,#1006);
#1004 = CARTESIAN_POINT('',(-1.27,-1.016,0.));
#1005 = DIRECTION('',(0.707106781187,0.707106781187,0.));
#1006 = DIRECTION('',(0.707106781187,-0.707106781187,0.));
#1007 = ADVANCED_FACE('',(#1008),#1019,.F.);
#1008 = FACE_BOUND('',#1009,.F.);
#1009 = EDGE_LOOP('',(#1010,#1016,#1017,#1018));
#1010 = ORIENTED_EDGE('',*,*,#1011,.T.);
#1011 = EDGE_CURVE('',#761,#310,#1012,.T.);
#1012 = LINE('',#1013,#1014);
#1013 = CARTESIAN_POINT('',(1.27,-1.016,0.));
#1014 = VECTOR('',#1015,1.);
#1015 = DIRECTION('',(0.,0.,1.));
#1016 = ORIENTED_EDGE('',*,*,#317,.T.);
#1017 = ORIENTED_EDGE('',*,*,#977,.F.);
#1018 = ORIENTED_EDGE('',*,*,#768,.F.);
#1019 = PLANE('',#1020);
#1020 = AXIS2_PLACEMENT_3D('',#1021,#1022,#1023);
#1021 = CARTESIAN_POINT('',(1.27,-1.016,0.));
#1022 = DIRECTION('',(-1.,0.,0.));
#1023 = DIRECTION('',(0.,1.,0.));
#1024 = ADVANCED_FACE('',(#1025),#1036,.F.);
#1025 = FACE_BOUND('',#1026,.F.);
#1026 = EDGE_LOOP('',(#1027,#1028,#1029,#1035));
#1027 = ORIENTED_EDGE('',*,*,#996,.T.);
#1028 = ORIENTED_EDGE('',*,*,#109,.T.);
#1029 = ORIENTED_EDGE('',*,*,#1030,.F.);
#1030 = EDGE_CURVE('',#561,#110,#1031,.T.);
#1031 = LINE('',#1032,#1033);
#1032 = CARTESIAN_POINT('',(-1.27,-1.524,0.));
#1033 = VECTOR('',#1034,1.);
#1034 = DIRECTION('',(0.,0.,1.));
#1035 = ORIENTED_EDGE('',*,*,#560,.F.);
#1036 = PLANE('',#1037);
#1037 = AXIS2_PLACEMENT_3D('',#1038,#1039,#1040);
#1038 = CARTESIAN_POINT('',(-1.016,-1.27,0.));
#1039 = DIRECTION('',(0.707106781187,-0.707106781187,0.));
#1040 = DIRECTION('',(-0.707106781187,-0.707106781187,0.));
#1041 = ADVANCED_FACE('',(#1042),#1053,.F.);
#1042 = FACE_BOUND('',#1043,.F.);
#1043 = EDGE_LOOP('',(#1044,#1050,#1051,#1052));
#1044 = ORIENTED_EDGE('',*,*,#1045,.T.);
#1045 = EDGE_CURVE('',#753,#302,#1046,.T.);
#1046 = LINE('',#1047,#1048);
#1047 = CARTESIAN_POINT('',(1.016,-1.27,0.));
#1048 = VECTOR('',#1049,1.);
#1049 = DIRECTION('',(0.,0.,1.));
#1050 = ORIENTED_EDGE('',*,*,#309,.T.);
#1051 = ORIENTED_EDGE('',*,*,#1011,.F.);
#1052 = ORIENTED_EDGE('',*,*,#760,.F.);
#1053 = PLANE('',#1054);
#1054 = AXIS2_PLACEMENT_3D('',#1055,#1056,#1057);
#1055 = CARTESIAN_POINT('',(1.016,-1.27,0.));
#1056 = DIRECTION('',(-0.707106781187,0.707106781187,0.));
#1057 = DIRECTION('',(0.707106781187,0.707106781187,0.));
#1058 = ADVANCED_FACE('',(#1059),#1070,.F.);
#1059 = FACE_BOUND('',#1060,.F.);
#1060 = EDGE_LOOP('',(#1061,#1062,#1063,#1069));
#1061 = ORIENTED_EDGE('',*,*,#1030,.T.);
#1062 = ORIENTED_EDGE('',*,*,#117,.T.);
#1063 = ORIENTED_EDGE('',*,*,#1064,.F.);
#1064 = EDGE_CURVE('',#569,#118,#1065,.T.);
#1065 = LINE('',#1066,#1067);
#1066 = CARTESIAN_POINT('',(-1.27,-3.556,0.));
#1067 = VECTOR('',#1068,1.);
#1068 = DIRECTION('',(0.,0.,1.));
#1069 = ORIENTED_EDGE('',*,*,#568,.F.);
#1070 = PLANE('',#1071);
#1071 = AXIS2_PLACEMENT_3D('',#1072,#1073,#1074);
#1072 = CARTESIAN_POINT('',(-1.27,-1.524,0.));
#1073 = DIRECTION('',(1.,0.,0.));
#1074 = DIRECTION('',(0.,-1.,0.));
#1075 = ADVANCED_FACE('',(#1076),#1087,.F.);
#1076 = FACE_BOUND('',#1077,.F.);
#1077 = EDGE_LOOP('',(#1078,#1084,#1085,#1086));
#1078 = ORIENTED_EDGE('',*,*,#1079,.T.);
#1079 = EDGE_CURVE('',#745,#294,#1080,.T.);
#1080 = LINE('',#1081,#1082);
#1081 = CARTESIAN_POINT('',(1.27,-1.524,0.));
#1082 = VECTOR('',#1083,1.);
#1083 = DIRECTION('',(0.,0.,1.));
#1084 = ORIENTED_EDGE('',*,*,#301,.T.);
#1085 = ORIENTED_EDGE('',*,*,#1045,.F.);
#1086 = ORIENTED_EDGE('',*,*,#752,.F.);
#1087 = PLANE('',#1088);
#1088 = AXIS2_PLACEMENT_3D('',#1089,#1090,#1091);
#1089 = CARTESIAN_POINT('',(1.27,-1.524,0.));
#1090 = DIRECTION('',(-0.707106781187,-0.707106781187,0.));
#1091 = DIRECTION('',(-0.707106781187,0.707106781187,0.));
#1092 = ADVANCED_FACE('',(#1093),#1104,.F.);
#1093 = FACE_BOUND('',#1094,.F.);
#1094 = EDGE_LOOP('',(#1095,#1096,#1097,#1103));
#1095 = ORIENTED_EDGE('',*,*,#1064,.T.);
#1096 = ORIENTED_EDGE('',*,*,#125,.T.);
#1097 = ORIENTED_EDGE('',*,*,#1098,.F.);
#1098 = EDGE_CURVE('',#577,#126,#1099,.T.);
#1099 = LINE('',#1100,#1101);
#1100 = CARTESIAN_POINT('',(-1.016,-3.81,0.));
#1101 = VECTOR('',#1102,1.);
#1102 = DIRECTION('',(0.,0.,1.));
#1103 = ORIENTED_EDGE('',*,*,#576,.F.);
#1104 = PLANE('',#1105);
#1105 = AXIS2_PLACEMENT_3D('',#1106,#1107,#1108);
#1106 = CARTESIAN_POINT('',(-1.27,-3.556,0.));
#1107 = DIRECTION('',(0.707106781187,0.707106781187,0.));
#1108 = DIRECTION('',(0.707106781187,-0.707106781187,0.));
#1109 = ADVANCED_FACE('',(#1110),#1121,.F.);
#1110 = FACE_BOUND('',#1111,.F.);
#1111 = EDGE_LOOP('',(#1112,#1118,#1119,#1120));
#1112 = ORIENTED_EDGE('',*,*,#1113,.T.);
#1113 = EDGE_CURVE('',#737,#286,#1114,.T.);
#1114 = LINE('',#1115,#1116);
#1115 = CARTESIAN_POINT('',(1.27,-3.556,0.));
#1116 = VECTOR('',#1117,1.);
#1117 = DIRECTION('',(0.,0.,1.));
#1118 = ORIENTED_EDGE('',*,*,#293,.T.);
#1119 = ORIENTED_EDGE('',*,*,#1079,.F.);
#1120 = ORIENTED_EDGE('',*,*,#744,.F.);
#1121 = PLANE('',#1122);
#1122 = AXIS2_PLACEMENT_3D('',#1123,#1124,#1125);
#1123 = CARTESIAN_POINT('',(1.27,-3.556,0.));
#1124 = DIRECTION('',(-1.,0.,0.));
#1125 = DIRECTION('',(0.,1.,0.));
#1126 = ADVANCED_FACE('',(#1127),#1138,.F.);
#1127 = FACE_BOUND('',#1128,.F.);
#1128 = EDGE_LOOP('',(#1129,#1130,#1131,#1137));
#1129 = ORIENTED_EDGE('',*,*,#1098,.T.);
#1130 = ORIENTED_EDGE('',*,*,#133,.T.);
#1131 = ORIENTED_EDGE('',*,*,#1132,.F.);
#1132 = EDGE_CURVE('',#585,#134,#1133,.T.);
#1133 = LINE('',#1134,#1135);
#1134 = CARTESIAN_POINT('',(-1.27,-4.064,0.));
#1135 = VECTOR('',#1136,1.);
#1136 = DIRECTION('',(0.,0.,1.));
#1137 = ORIENTED_EDGE('',*,*,#584,.F.);
#1138 = PLANE('',#1139);
#1139 = AXIS2_PLACEMENT_3D('',#1140,#1141,#1142);
#1140 = CARTESIAN_POINT('',(-1.016,-3.81,0.));
#1141 = DIRECTION('',(0.707106781187,-0.707106781187,0.));
#1142 = DIRECTION('',(-0.707106781187,-0.707106781187,0.));
#1143 = ADVANCED_FACE('',(#1144),#1155,.F.);
#1144 = FACE_BOUND('',#1145,.F.);
#1145 = EDGE_LOOP('',(#1146,#1152,#1153,#1154));
#1146 = ORIENTED_EDGE('',*,*,#1147,.T.);
#1147 = EDGE_CURVE('',#729,#278,#1148,.T.);
#1148 = LINE('',#1149,#1150);
#1149 = CARTESIAN_POINT('',(1.016,-3.81,0.));
#1150 = VECTOR('',#1151,1.);
#1151 = DIRECTION('',(0.,0.,1.));
#1152 = ORIENTED_EDGE('',*,*,#285,.T.);
#1153 = ORIENTED_EDGE('',*,*,#1113,.F.);
#1154 = ORIENTED_EDGE('',*,*,#736,.F.);
#1155 = PLANE('',#1156);
#1156 = AXIS2_PLACEMENT_3D('',#1157,#1158,#1159);
#1157 = CARTESIAN_POINT('',(1.016,-3.81,0.));
#1158 = DIRECTION('',(-0.707106781187,0.707106781187,0.));
#1159 = DIRECTION('',(0.707106781187,0.707106781187,0.));
#1160 = ADVANCED_FACE('',(#1161),#1172,.F.);
#1161 = FACE_BOUND('',#1162,.F.);
#1162 = EDGE_LOOP('',(#1163,#1164,#1165,#1171));
#1163 = ORIENTED_EDGE('',*,*,#1132,.T.);
#1164 = ORIENTED_EDGE('',*,*,#141,.T.);
#1165 = ORIENTED_EDGE('',*,*,#1166,.F.);
#1166 = EDGE_CURVE('',#593,#142,#1167,.T.);
#1167 = LINE('',#1168,#1169);
#1168 = CARTESIAN_POINT('',(-1.27,-6.096,0.));
#1169 = VECTOR('',#1170,1.);
#1170 = DIRECTION('',(0.,0.,1.));
#1171 = ORIENTED_EDGE('',*,*,#592,.F.);
#1172 = PLANE('',#1173);
#1173 = AXIS2_PLACEMENT_3D('',#1174,#1175,#1176);
#1174 = CARTESIAN_POINT('',(-1.27,-4.064,0.));
#1175 = DIRECTION('',(1.,0.,0.));
#1176 = DIRECTION('',(0.,-1.,0.));
#1177 = ADVANCED_FACE('',(#1178),#1189,.F.);
#1178 = FACE_BOUND('',#1179,.F.);
#1179 = EDGE_LOOP('',(#1180,#1186,#1187,#1188));
#1180 = ORIENTED_EDGE('',*,*,#1181,.T.);
#1181 = EDGE_CURVE('',#721,#270,#1182,.T.);
#1182 = LINE('',#1183,#1184);
#1183 = CARTESIAN_POINT('',(1.27,-4.064,0.));
#1184 = VECTOR('',#1185,1.);
#1185 = DIRECTION('',(0.,0.,1.));
#1186 = ORIENTED_EDGE('',*,*,#277,.T.);
#1187 = ORIENTED_EDGE('',*,*,#1147,.F.);
#1188 = ORIENTED_EDGE('',*,*,#728,.F.);
#1189 = PLANE('',#1190);
#1190 = AXIS2_PLACEMENT_3D('',#1191,#1192,#1193);
#1191 = CARTESIAN_POINT('',(1.27,-4.064,0.));
#1192 = DIRECTION('',(-0.707106781187,-0.707106781187,0.));
#1193 = DIRECTION('',(-0.707106781187,0.707106781187,0.));
#1194 = ADVANCED_FACE('',(#1195),#1206,.F.);
#1195 = FACE_BOUND('',#1196,.F.);
#1196 = EDGE_LOOP('',(#1197,#1198,#1199,#1205));
#1197 = ORIENTED_EDGE('',*,*,#1166,.T.);
#1198 = ORIENTED_EDGE('',*,*,#149,.T.);
#1199 = ORIENTED_EDGE('',*,*,#1200,.F.);
#1200 = EDGE_CURVE('',#601,#150,#1201,.T.);
#1201 = LINE('',#1202,#1203);
#1202 = CARTESIAN_POINT('',(-1.016,-6.35,0.));
#1203 = VECTOR('',#1204,1.);
#1204 = DIRECTION('',(0.,0.,1.));
#1205 = ORIENTED_EDGE('',*,*,#600,.F.);
#1206 = PLANE('',#1207);
#1207 = AXIS2_PLACEMENT_3D('',#1208,#1209,#1210);
#1208 = CARTESIAN_POINT('',(-1.27,-6.096,0.));
#1209 = DIRECTION('',(0.707106781187,0.707106781187,0.));
#1210 = DIRECTION('',(0.707106781187,-0.707106781187,0.));
#1211 = ADVANCED_FACE('',(#1212),#1223,.F.);
#1212 = FACE_BOUND('',#1213,.F.);
#1213 = EDGE_LOOP('',(#1214,#1220,#1221,#1222));
#1214 = ORIENTED_EDGE('',*,*,#1215,.T.);
#1215 = EDGE_CURVE('',#713,#262,#1216,.T.);
#1216 = LINE('',#1217,#1218);
#1217 = CARTESIAN_POINT('',(1.27,-6.096,0.));
#1218 = VECTOR('',#1219,1.);
#1219 = DIRECTION('',(0.,0.,1.));
#1220 = ORIENTED_EDGE('',*,*,#269,.T.);
#1221 = ORIENTED_EDGE('',*,*,#1181,.F.);
#1222 = ORIENTED_EDGE('',*,*,#720,.F.);
#1223 = PLANE('',#1224);
#1224 = AXIS2_PLACEMENT_3D('',#1225,#1226,#1227);
#1225 = CARTESIAN_POINT('',(1.27,-6.096,0.));
#1226 = DIRECTION('',(-1.,0.,0.));
#1227 = DIRECTION('',(0.,1.,0.));
#1228 = ADVANCED_FACE('',(#1229),#1240,.F.);
#1229 = FACE_BOUND('',#1230,.F.);
#1230 = EDGE_LOOP('',(#1231,#1232,#1233,#1239));
#1231 = ORIENTED_EDGE('',*,*,#1200,.T.);
#1232 = ORIENTED_EDGE('',*,*,#157,.T.);
#1233 = ORIENTED_EDGE('',*,*,#1234,.F.);
#1234 = EDGE_CURVE('',#609,#158,#1235,.T.);
#1235 = LINE('',#1236,#1237);
#1236 = CARTESIAN_POINT('',(-1.27,-6.604,0.));
#1237 = VECTOR('',#1238,1.);
#1238 = DIRECTION('',(0.,0.,1.));
#1239 = ORIENTED_EDGE('',*,*,#608,.F.);
#1240 = PLANE('',#1241);
#1241 = AXIS2_PLACEMENT_3D('',#1242,#1243,#1244);
#1242 = CARTESIAN_POINT('',(-1.016,-6.35,0.));
#1243 = DIRECTION('',(0.707106781187,-0.707106781187,0.));
#1244 = DIRECTION('',(-0.707106781187,-0.707106781187,0.));
#1245 = ADVANCED_FACE('',(#1246),#1257,.F.);
#1246 = FACE_BOUND('',#1247,.F.);
#1247 = EDGE_LOOP('',(#1248,#1254,#1255,#1256));
#1248 = ORIENTED_EDGE('',*,*,#1249,.T.);
#1249 = EDGE_CURVE('',#705,#254,#1250,.T.);
#1250 = LINE('',#1251,#1252);
#1251 = CARTESIAN_POINT('',(1.016,-6.35,0.));
#1252 = VECTOR('',#1253,1.);
#1253 = DIRECTION('',(0.,0.,1.));
#1254 = ORIENTED_EDGE('',*,*,#261,.T.);
#1255 = ORIENTED_EDGE('',*,*,#1215,.F.);
#1256 = ORIENTED_EDGE('',*,*,#712,.F.);
#1257 = PLANE('',#1258);
#1258 = AXIS2_PLACEMENT_3D('',#1259,#1260,#1261);
#1259 = CARTESIAN_POINT('',(1.016,-6.35,0.));
#1260 = DIRECTION('',(-0.707106781187,0.707106781187,0.));
#1261 = DIRECTION('',(0.707106781187,0.707106781187,0.));
#1262 = ADVANCED_FACE('',(#1263),#1274,.F.);
#1263 = FACE_BOUND('',#1264,.F.);
#1264 = EDGE_LOOP('',(#1265,#1266,#1267,#1273));
#1265 = ORIENTED_EDGE('',*,*,#1234,.T.);
#1266 = ORIENTED_EDGE('',*,*,#165,.T.);
#1267 = ORIENTED_EDGE('',*,*,#1268,.F.);
#1268 = EDGE_CURVE('',#617,#166,#1269,.T.);
#1269 = LINE('',#1270,#1271);
#1270 = CARTESIAN_POINT('',(-1.27,-8.636,0.));
#1271 = VECTOR('',#1272,1.);
#1272 = DIRECTION('',(0.,0.,1.));
#1273 = ORIENTED_EDGE('',*,*,#616,.F.);
#1274 = PLANE('',#1275);
#1275 = AXIS2_PLACEMENT_3D('',#1276,#1277,#1278);
#1276 = CARTESIAN_POINT('',(-1.27,-6.604,0.));
#1277 = DIRECTION('',(1.,0.,0.));
#1278 = DIRECTION('',(0.,-1.,0.));
#1279 = ADVANCED_FACE('',(#1280),#1291,.F.);
#1280 = FACE_BOUND('',#1281,.F.);
#1281 = EDGE_LOOP('',(#1282,#1288,#1289,#1290));
#1282 = ORIENTED_EDGE('',*,*,#1283,.T.);
#1283 = EDGE_CURVE('',#697,#246,#1284,.T.);
#1284 = LINE('',#1285,#1286);
#1285 = CARTESIAN_POINT('',(1.27,-6.604,0.));
#1286 = VECTOR('',#1287,1.);
#1287 = DIRECTION('',(0.,0.,1.));
#1288 = ORIENTED_EDGE('',*,*,#253,.T.);
#1289 = ORIENTED_EDGE('',*,*,#1249,.F.);
#1290 = ORIENTED_EDGE('',*,*,#704,.F.);
#1291 = PLANE('',#1292);
#1292 = AXIS2_PLACEMENT_3D('',#1293,#1294,#1295);
#1293 = CARTESIAN_POINT('',(1.27,-6.604,0.));
#1294 = DIRECTION('',(-0.707106781187,-0.707106781187,0.));
#1295 = DIRECTION('',(-0.707106781187,0.707106781187,0.));
#1296 = ADVANCED_FACE('',(#1297),#1308,.F.);
#1297 = FACE_BOUND('',#1298,.F.);
#1298 = EDGE_LOOP('',(#1299,#1300,#1301,#1307));
#1299 = ORIENTED_EDGE('',*,*,#1268,.T.);
#1300 = ORIENTED_EDGE('',*,*,#173,.T.);
#1301 = ORIENTED_EDGE('',*,*,#1302,.F.);
#1302 = EDGE_CURVE('',#625,#174,#1303,.T.);
#1303 = LINE('',#1304,#1305);
#1304 = CARTESIAN_POINT('',(-1.016,-8.89,0.));
#1305 = VECTOR('',#1306,1.);
#1306 = DIRECTION('',(0.,0.,1.));
#1307 = ORIENTED_EDGE('',*,*,#624,.F.);
#1308 = PLANE('',#1309);
#1309 = AXIS2_PLACEMENT_3D('',#1310,#1311,#1312);
#1310 = CARTESIAN_POINT('',(-1.27,-8.636,0.));
#1311 = DIRECTION('',(0.707106781187,0.707106781187,0.));
#1312 = DIRECTION('',(0.707106781187,-0.707106781187,0.));
#1313 = ADVANCED_FACE('',(#1314),#1325,.F.);
#1314 = FACE_BOUND('',#1315,.F.);
#1315 = EDGE_LOOP('',(#1316,#1322,#1323,#1324));
#1316 = ORIENTED_EDGE('',*,*,#1317,.T.);
#1317 = EDGE_CURVE('',#689,#238,#1318,.T.);
#1318 = LINE('',#1319,#1320);
#1319 = CARTESIAN_POINT('',(1.27,-8.636,0.));
#1320 = VECTOR('',#1321,1.);
#1321 = DIRECTION('',(0.,0.,1.));
#1322 = ORIENTED_EDGE('',*,*,#245,.T.);
#1323 = ORIENTED_EDGE('',*,*,#1283,.F.);
#1324 = ORIENTED_EDGE('',*,*,#696,.F.);
#1325 = PLANE('',#1326);
#1326 = AXIS2_PLACEMENT_3D('',#1327,#1328,#1329);
#1327 = CARTESIAN_POINT('',(1.27,-8.636,0.));
#1328 = DIRECTION('',(-1.,0.,0.));
#1329 = DIRECTION('',(0.,1.,0.));
#1330 = ADVANCED_FACE('',(#1331),#1342,.F.);
#1331 = FACE_BOUND('',#1332,.F.);
#1332 = EDGE_LOOP('',(#1333,#1334,#1335,#1341));
#1333 = ORIENTED_EDGE('',*,*,#1302,.T.);
#1334 = ORIENTED_EDGE('',*,*,#181,.T.);
#1335 = ORIENTED_EDGE('',*,*,#1336,.F.);
#1336 = EDGE_CURVE('',#633,#182,#1337,.T.);
#1337 = LINE('',#1338,#1339);
#1338 = CARTESIAN_POINT('',(-1.27,-9.144,0.));
#1339 = VECTOR('',#1340,1.);
#1340 = DIRECTION('',(0.,0.,1.));
#1341 = ORIENTED_EDGE('',*,*,#632,.F.);
#1342 = PLANE('',#1343);
#1343 = AXIS2_PLACEMENT_3D('',#1344,#1345,#1346);
#1344 = CARTESIAN_POINT('',(-1.016,-8.89,0.));
#1345 = DIRECTION('',(0.707106781187,-0.707106781187,0.));
#1346 = DIRECTION('',(-0.707106781187,-0.707106781187,0.));
#1347 = ADVANCED_FACE('',(#1348),#1359,.F.);
#1348 = FACE_BOUND('',#1349,.F.);
#1349 = EDGE_LOOP('',(#1350,#1356,#1357,#1358));
#1350 = ORIENTED_EDGE('',*,*,#1351,.T.);
#1351 = EDGE_CURVE('',#681,#230,#1352,.T.);
#1352 = LINE('',#1353,#1354);
#1353 = CARTESIAN_POINT('',(1.016,-8.89,0.));
#1354 = VECTOR('',#1355,1.);
#1355 = DIRECTION('',(0.,0.,1.));
#1356 = ORIENTED_EDGE('',*,*,#237,.T.);
#1357 = ORIENTED_EDGE('',*,*,#1317,.F.);
#1358 = ORIENTED_EDGE('',*,*,#688,.F.);
#1359 = PLANE('',#1360);
#1360 = AXIS2_PLACEMENT_3D('',#1361,#1362,#1363);
#1361 = CARTESIAN_POINT('',(1.016,-8.89,0.));
#1362 = DIRECTION('',(-0.707106781187,0.707106781187,0.));
#1363 = DIRECTION('',(0.707106781187,0.707106781187,0.));
#1364 = ADVANCED_FACE('',(#1365),#1376,.F.);
#1365 = FACE_BOUND('',#1366,.F.);
#1366 = EDGE_LOOP('',(#1367,#1368,#1369,#1375));
#1367 = ORIENTED_EDGE('',*,*,#1336,.T.);
#1368 = ORIENTED_EDGE('',*,*,#189,.T.);
#1369 = ORIENTED_EDGE('',*,*,#1370,.F.);
#1370 = EDGE_CURVE('',#641,#190,#1371,.T.);
#1371 = LINE('',#1372,#1373);
#1372 = CARTESIAN_POINT('',(-1.27,-11.176,0.));
#1373 = VECTOR('',#1374,1.);
#1374 = DIRECTION('',(0.,0.,1.));
#1375 = ORIENTED_EDGE('',*,*,#640,.F.);
#1376 = PLANE('',#1377);
#1377 = AXIS2_PLACEMENT_3D('',#1378,#1379,#1380);
#1378 = CARTESIAN_POINT('',(-1.27,-9.144,0.));
#1379 = DIRECTION('',(1.,0.,0.));
#1380 = DIRECTION('',(0.,-1.,0.));
#1381 = ADVANCED_FACE('',(#1382),#1393,.F.);
#1382 = FACE_BOUND('',#1383,.F.);
#1383 = EDGE_LOOP('',(#1384,#1390,#1391,#1392));
#1384 = ORIENTED_EDGE('',*,*,#1385,.T.);
#1385 = EDGE_CURVE('',#673,#222,#1386,.T.);
#1386 = LINE('',#1387,#1388);
#1387 = CARTESIAN_POINT('',(1.27,-9.144,0.));
#1388 = VECTOR('',#1389,1.);
#1389 = DIRECTION('',(0.,0.,1.));
#1390 = ORIENTED_EDGE('',*,*,#229,.T.);
#1391 = ORIENTED_EDGE('',*,*,#1351,.F.);
#1392 = ORIENTED_EDGE('',*,*,#680,.F.);
#1393 = PLANE('',#1394);
#1394 = AXIS2_PLACEMENT_3D('',#1395,#1396,#1397);
#1395 = CARTESIAN_POINT('',(1.27,-9.144,0.));
#1396 = DIRECTION('',(-0.707106781187,-0.707106781187,0.));
#1397 = DIRECTION('',(-0.707106781187,0.707106781187,0.));
#1398 = ADVANCED_FACE('',(#1399),#1410,.F.);
#1399 = FACE_BOUND('',#1400,.F.);
#1400 = EDGE_LOOP('',(#1401,#1402,#1403,#1409));
#1401 = ORIENTED_EDGE('',*,*,#1370,.T.);
#1402 = ORIENTED_EDGE('',*,*,#197,.T.);
#1403 = ORIENTED_EDGE('',*,*,#1404,.F.);
#1404 = EDGE_CURVE('',#649,#198,#1405,.T.);
#1405 = LINE('',#1406,#1407);
#1406 = CARTESIAN_POINT('',(-1.016,-11.43,0.));
#1407 = VECTOR('',#1408,1.);
#1408 = DIRECTION('',(0.,0.,1.));
#1409 = ORIENTED_EDGE('',*,*,#648,.F.);
#1410 = PLANE('',#1411);
#1411 = AXIS2_PLACEMENT_3D('',#1412,#1413,#1414);
#1412 = CARTESIAN_POINT('',(-1.27,-11.176,0.));
#1413 = DIRECTION('',(0.707106781187,0.707106781187,0.));
#1414 = DIRECTION('',(0.707106781187,-0.707106781187,0.));
#1415 = ADVANCED_FACE('',(#1416),#1427,.F.);
#1416 = FACE_BOUND('',#1417,.F.);
#1417 = EDGE_LOOP('',(#1418,#1424,#1425,#1426));
#1418 = ORIENTED_EDGE('',*,*,#1419,.T.);
#1419 = EDGE_CURVE('',#665,#214,#1420,.T.);
#1420 = LINE('',#1421,#1422);
#1421 = CARTESIAN_POINT('',(1.27,-11.176,0.));
#1422 = VECTOR('',#1423,1.);
#1423 = DIRECTION('',(0.,0.,1.));
#1424 = ORIENTED_EDGE('',*,*,#221,.T.);
#1425 = ORIENTED_EDGE('',*,*,#1385,.F.);
#1426 = ORIENTED_EDGE('',*,*,#672,.F.);
#1427 = PLANE('',#1428);
#1428 = AXIS2_PLACEMENT_3D('',#1429,#1430,#1431);
#1429 = CARTESIAN_POINT('',(1.27,-11.176,0.));
#1430 = DIRECTION('',(-1.,0.,0.));
#1431 = DIRECTION('',(0.,1.,0.));
#1432 = ADVANCED_FACE('',(#1433),#1444,.F.);
#1433 = FACE_BOUND('',#1434,.F.);
#1434 = EDGE_LOOP('',(#1435,#1436,#1437,#1443));
#1435 = ORIENTED_EDGE('',*,*,#1404,.T.);
#1436 = ORIENTED_EDGE('',*,*,#205,.T.);
#1437 = ORIENTED_EDGE('',*,*,#1438,.F.);
#1438 = EDGE_CURVE('',#657,#206,#1439,.T.);
#1439 = LINE('',#1440,#1441);
#1440 = CARTESIAN_POINT('',(1.016,-11.43,0.));
#1441 = VECTOR('',#1442,1.);
#1442 = DIRECTION('',(0.,0.,1.));
#1443 = ORIENTED_EDGE('',*,*,#656,.F.);
#1444 = PLANE('',#1445);
#1445 = AXIS2_PLACEMENT_3D('',#1446,#1447,#1448);
#1446 = CARTESIAN_POINT('',(-1.016,-11.43,0.));
#1447 = DIRECTION('',(0.,1.,0.));
#1448 = DIRECTION('',(1.,0.,0.));
#1449 = ADVANCED_FACE('',(#1450),#1456,.F.);
#1450 = FACE_BOUND('',#1451,.F.);
#1451 = EDGE_LOOP('',(#1452,#1453,#1454,#1455));
#1452 = ORIENTED_EDGE('',*,*,#1438,.T.);
#1453 = ORIENTED_EDGE('',*,*,#213,.T.);
#1454 = ORIENTED_EDGE('',*,*,#1419,.F.);
#1455 = ORIENTED_EDGE('',*,*,#664,.F.);
#1456 = PLANE('',#1457);
#1457 = AXIS2_PLACEMENT_3D('',#1458,#1459,#1460);
#1458 = CARTESIAN_POINT('',(1.016,-11.43,0.));
#1459 = DIRECTION('',(-0.707106781187,0.707106781187,0.));
#1460 = DIRECTION('',(0.707106781187,0.707106781187,0.));
#1461 = ADVANCED_FACE('',(#1462),#1487,.T.);
#1462 = FACE_BOUND('',#1463,.T.);
#1463 = EDGE_LOOP('',(#1464,#1472,#1473,#1481));
#1464 = ORIENTED_EDGE('',*,*,#1465,.F.);
#1465 = EDGE_CURVE('',#335,#1466,#1468,.T.);
#1466 = VERTEX_POINT('',#1467);
#1467 = CARTESIAN_POINT('',(0.32,-9.84,8.38));
#1468 = LINE('',#1469,#1470);
#1469 = CARTESIAN_POINT('',(0.32,-9.84,-3.));
#1470 = VECTOR('',#1471,1.);
#1471 = DIRECTION('',(0.,0.,1.));
#1472 = ORIENTED_EDGE('',*,*,#334,.T.);
#1473 = ORIENTED_EDGE('',*,*,#1474,.T.);
#1474 = EDGE_CURVE('',#337,#1475,#1477,.T.);
#1475 = VERTEX_POINT('',#1476);
#1476 = CARTESIAN_POINT('',(-0.32,-9.84,8.38));
#1477 = LINE('',#1478,#1479);
#1478 = CARTESIAN_POINT('',(-0.32,-9.84,-3.));
#1479 = VECTOR('',#1480,1.);
#1480 = DIRECTION('',(0.,0.,1.));
#1481 = ORIENTED_EDGE('',*,*,#1482,.T.);
#1482 = EDGE_CURVE('',#1475,#1466,#1483,.T.);
#1483 = LINE('',#1484,#1485);
#1484 = CARTESIAN_POINT('',(-0.32,-9.84,8.38));
#1485 = VECTOR('',#1486,1.);
#1486 = DIRECTION('',(1.,0.,0.));
#1487 = PLANE('',#1488);
#1488 = AXIS2_PLACEMENT_3D('',#1489,#1490,#1491);
#1489 = CARTESIAN_POINT('',(-0.32,-9.84,-3.));
#1490 = DIRECTION('',(0.,1.,0.));
#1491 = DIRECTION('',(0.,0.,1.));
#1492 = ADVANCED_FACE('',(#1493),#1511,.T.);
#1493 = FACE_BOUND('',#1494,.T.);
#1494 = EDGE_LOOP('',(#1495,#1503,#1504,#1505));
#1495 = ORIENTED_EDGE('',*,*,#1496,.F.);
#1496 = EDGE_CURVE('',#345,#1497,#1499,.T.);
#1497 = VERTEX_POINT('',#1498);
#1498 = CARTESIAN_POINT('',(0.32,-10.48,8.38));
#1499 = LINE('',#1500,#1501);
#1500 = CARTESIAN_POINT('',(0.32,-10.48,-3.));
#1501 = VECTOR('',#1502,1.);
#1502 = DIRECTION('',(0.,0.,1.));
#1503 = ORIENTED_EDGE('',*,*,#344,.T.);
#1504 = ORIENTED_EDGE('',*,*,#1465,.T.);
#1505 = ORIENTED_EDGE('',*,*,#1506,.F.);
#1506 = EDGE_CURVE('',#1497,#1466,#1507,.T.);
#1507 = LINE('',#1508,#1509);
#1508 = CARTESIAN_POINT('',(0.32,-10.48,8.38));
#1509 = VECTOR('',#1510,1.);
#1510 = DIRECTION('',(0.,1.,0.));
#1511 = PLANE('',#1512);
#1512 = AXIS2_PLACEMENT_3D('',#1513,#1514,#1515);
#1513 = CARTESIAN_POINT('',(0.32,-10.48,-3.));
#1514 = DIRECTION('',(1.,0.,0.));
#1515 = DIRECTION('',(0.,0.,1.));
#1516 = ADVANCED_FACE('',(#1517),#1535,.F.);
#1517 = FACE_BOUND('',#1518,.F.);
#1518 = EDGE_LOOP('',(#1519,#1527,#1528,#1529));
#1519 = ORIENTED_EDGE('',*,*,#1520,.F.);
#1520 = EDGE_CURVE('',#353,#1521,#1523,.T.);
#1521 = VERTEX_POINT('',#1522);
#1522 = CARTESIAN_POINT('',(-0.32,-10.48,8.38));
#1523 = LINE('',#1524,#1525);
#1524 = CARTESIAN_POINT('',(-0.32,-10.48,-3.));
#1525 = VECTOR('',#1526,1.);
#1526 = DIRECTION('',(0.,0.,1.));
#1527 = ORIENTED_EDGE('',*,*,#360,.T.);
#1528 = ORIENTED_EDGE('',*,*,#1474,.T.);
#1529 = ORIENTED_EDGE('',*,*,#1530,.F.);
#1530 = EDGE_CURVE('',#1521,#1475,#1531,.T.);
#1531 = LINE('',#1532,#1533);
#1532 = CARTESIAN_POINT('',(-0.32,-10.48,8.38));
#1533 = VECTOR('',#1534,1.);
#1534 = DIRECTION('',(0.,1.,0.));
#1535 = PLANE('',#1536);
#1536 = AXIS2_PLACEMENT_3D('',#1537,#1538,#1539);
#1537 = CARTESIAN_POINT('',(-0.32,-10.48,-3.));
#1538 = DIRECTION('',(1.,0.,0.));
#1539 = DIRECTION('',(0.,0.,1.));
#1540 = ADVANCED_FACE('',(#1541),#1552,.F.);
#1541 = FACE_BOUND('',#1542,.F.);
#1542 = EDGE_LOOP('',(#1543,#1544,#1545,#1546));
#1543 = ORIENTED_EDGE('',*,*,#1496,.F.);
#1544 = ORIENTED_EDGE('',*,*,#352,.T.);
#1545 = ORIENTED_EDGE('',*,*,#1520,.T.);
#1546 = ORIENTED_EDGE('',*,*,#1547,.T.);
#1547 = EDGE_CURVE('',#1521,#1497,#1548,.T.);
#1548 = LINE('',#1549,#1550);
#1549 = CARTESIAN_POINT('',(-0.32,-10.48,8.38));
#1550 = VECTOR('',#1551,1.);
#1551 = DIRECTION('',(1.,0.,0.));
#1552 = PLANE('',#1553);
#1553 = AXIS2_PLACEMENT_3D('',#1554,#1555,#1556);
#1554 = CARTESIAN_POINT('',(-0.32,-10.48,-3.));
#1555 = DIRECTION('',(0.,1.,0.));
#1556 = DIRECTION('',(0.,0.,1.));
#1557 = ADVANCED_FACE('',(#1558),#1583,.F.);
#1558 = FACE_BOUND('',#1559,.F.);
#1559 = EDGE_LOOP('',(#1560,#1568,#1569,#1577));
#1560 = ORIENTED_EDGE('',*,*,#1561,.F.);
#1561 = EDGE_CURVE('',#369,#1562,#1564,.T.);
#1562 = VERTEX_POINT('',#1563);
#1563 = CARTESIAN_POINT('',(0.32,-7.94,8.38));
#1564 = LINE('',#1565,#1566);
#1565 = CARTESIAN_POINT('',(0.32,-7.94,-3.));
#1566 = VECTOR('',#1567,1.);
#1567 = DIRECTION('',(0.,0.,1.));
#1568 = ORIENTED_EDGE('',*,*,#368,.T.);
#1569 = ORIENTED_EDGE('',*,*,#1570,.T.);
#1570 = EDGE_CURVE('',#371,#1571,#1573,.T.);
#1571 = VERTEX_POINT('',#1572);
#1572 = CARTESIAN_POINT('',(-0.32,-7.94,8.38));
#1573 = LINE('',#1574,#1575);
#1574 = CARTESIAN_POINT('',(-0.32,-7.94,-3.));
#1575 = VECTOR('',#1576,1.);
#1576 = DIRECTION('',(0.,0.,1.));
#1577 = ORIENTED_EDGE('',*,*,#1578,.T.);
#1578 = EDGE_CURVE('',#1571,#1562,#1579,.T.);
#1579 = LINE('',#1580,#1581);
#1580 = CARTESIAN_POINT('',(-0.32,-7.94,8.38));
#1581 = VECTOR('',#1582,1.);
#1582 = DIRECTION('',(1.,0.,0.));
#1583 = PLANE('',#1584);
#1584 = AXIS2_PLACEMENT_3D('',#1585,#1586,#1587);
#1585 = CARTESIAN_POINT('',(-0.32,-7.94,-3.));
#1586 = DIRECTION('',(0.,1.,0.));
#1587 = DIRECTION('',(0.,0.,1.));
#1588 = ADVANCED_FACE('',(#1589),#1607,.T.);
#1589 = FACE_BOUND('',#1590,.T.);
#1590 = EDGE_LOOP('',(#1591,#1592,#1593,#1601));
#1591 = ORIENTED_EDGE('',*,*,#1561,.F.);
#1592 = ORIENTED_EDGE('',*,*,#394,.T.);
#1593 = ORIENTED_EDGE('',*,*,#1594,.T.);
#1594 = EDGE_CURVE('',#387,#1595,#1597,.T.);
#1595 = VERTEX_POINT('',#1596);
#1596 = CARTESIAN_POINT('',(0.32,-7.3,8.38));
#1597 = LINE('',#1598,#1599);
#1598 = CARTESIAN_POINT('',(0.32,-7.3,-3.));
#1599 = VECTOR('',#1600,1.);
#1600 = DIRECTION('',(0.,0.,1.));
#1601 = ORIENTED_EDGE('',*,*,#1602,.F.);
#1602 = EDGE_CURVE('',#1562,#1595,#1603,.T.);
#1603 = LINE('',#1604,#1605);
#1604 = CARTESIAN_POINT('',(0.32,-7.94,8.38));
#1605 = VECTOR('',#1606,1.);
#1606 = DIRECTION('',(0.,1.,0.));
#1607 = PLANE('',#1608);
#1608 = AXIS2_PLACEMENT_3D('',#1609,#1610,#1611);
#1609 = CARTESIAN_POINT('',(0.32,-7.94,-3.));
#1610 = DIRECTION('',(1.,0.,0.));
#1611 = DIRECTION('',(0.,0.,1.));
#1612 = ADVANCED_FACE('',(#1613),#1631,.F.);
#1613 = FACE_BOUND('',#1614,.F.);
#1614 = EDGE_LOOP('',(#1615,#1616,#1617,#1625));
#1615 = ORIENTED_EDGE('',*,*,#1570,.F.);
#1616 = ORIENTED_EDGE('',*,*,#378,.T.);
#1617 = ORIENTED_EDGE('',*,*,#1618,.T.);
#1618 = EDGE_CURVE('',#379,#1619,#1621,.T.);
#1619 = VERTEX_POINT('',#1620);
#1620 = CARTESIAN_POINT('',(-0.32,-7.3,8.38));
#1621 = LINE('',#1622,#1623);
#1622 = CARTESIAN_POINT('',(-0.32,-7.3,-3.));
#1623 = VECTOR('',#1624,1.);
#1624 = DIRECTION('',(0.,0.,1.));
#1625 = ORIENTED_EDGE('',*,*,#1626,.F.);
#1626 = EDGE_CURVE('',#1571,#1619,#1627,.T.);
#1627 = LINE('',#1628,#1629);
#1628 = CARTESIAN_POINT('',(-0.32,-7.94,8.38));
#1629 = VECTOR('',#1630,1.);
#1630 = DIRECTION('',(0.,1.,0.));
#1631 = PLANE('',#1632);
#1632 = AXIS2_PLACEMENT_3D('',#1633,#1634,#1635);
#1633 = CARTESIAN_POINT('',(-0.32,-7.94,-3.));
#1634 = DIRECTION('',(1.,0.,0.));
#1635 = DIRECTION('',(0.,0.,1.));
#1636 = ADVANCED_FACE('',(#1637),#1648,.T.);
#1637 = FACE_BOUND('',#1638,.T.);
#1638 = EDGE_LOOP('',(#1639,#1640,#1641,#1642));
#1639 = ORIENTED_EDGE('',*,*,#1594,.F.);
#1640 = ORIENTED_EDGE('',*,*,#386,.T.);
#1641 = ORIENTED_EDGE('',*,*,#1618,.T.);
#1642 = ORIENTED_EDGE('',*,*,#1643,.T.);
#1643 = EDGE_CURVE('',#1619,#1595,#1644,.T.);
#1644 = LINE('',#1645,#1646);
#1645 = CARTESIAN_POINT('',(-0.32,-7.3,8.38));
#1646 = VECTOR('',#1647,1.);
#1647 = DIRECTION('',(1.,0.,0.));
#1648 = PLANE('',#1649);
#1649 = AXIS2_PLACEMENT_3D('',#1650,#1651,#1652);
#1650 = CARTESIAN_POINT('',(-0.32,-7.3,-3.));
#1651 = DIRECTION('',(0.,1.,0.));
#1652 = DIRECTION('',(0.,0.,1.));
#1653 = ADVANCED_FACE('',(#1654),#1674,.T.);
#1654 = FACE_BOUND('',#1655,.T.);
#1655 = EDGE_LOOP('',(#1656,#1662,#1663,#1664,#1665,#1671,#1672,#1673));
#1656 = ORIENTED_EDGE('',*,*,#1657,.F.);
#1657 = EDGE_CURVE('',#854,#403,#1658,.T.);
#1658 = LINE('',#1659,#1660);
#1659 = CARTESIAN_POINT('',(0.33,-5.4,-3.01));
#1660 = VECTOR('',#1661,1.);
#1661 = DIRECTION('',(0.,0.,1.));
#1662 = ORIENTED_EDGE('',*,*,#853,.T.);
#1663 = ORIENTED_EDGE('',*,*,#863,.T.);
#1664 = ORIENTED_EDGE('',*,*,#871,.T.);
#1665 = ORIENTED_EDGE('',*,*,#1666,.T.);
#1666 = EDGE_CURVE('',#872,#421,#1667,.T.);
#1667 = LINE('',#1668,#1669);
#1668 = CARTESIAN_POINT('',(-0.33,-5.4,-3.01));
#1669 = VECTOR('',#1670,1.);
#1670 = DIRECTION('',(0.,0.,1.));
#1671 = ORIENTED_EDGE('',*,*,#420,.F.);
#1672 = ORIENTED_EDGE('',*,*,#412,.F.);
#1673 = ORIENTED_EDGE('',*,*,#402,.F.);
#1674 = PLANE('',#1675);
#1675 = AXIS2_PLACEMENT_3D('',#1676,#1677,#1678);
#1676 = CARTESIAN_POINT('',(-0.33,-5.4,-3.01));
#1677 = DIRECTION('',(0.,1.,0.));
#1678 = DIRECTION('',(0.,0.,1.));
#1679 = ADVANCED_FACE('',(#1680),#1691,.F.);
#1680 = FACE_BOUND('',#1681,.F.);
#1681 = EDGE_LOOP('',(#1682,#1683,#1684,#1690));
#1682 = ORIENTED_EDGE('',*,*,#1657,.F.);
#1683 = ORIENTED_EDGE('',*,*,#895,.T.);
#1684 = ORIENTED_EDGE('',*,*,#1685,.T.);
#1685 = EDGE_CURVE('',#888,#437,#1686,.T.);
#1686 = LINE('',#1687,#1688);
#1687 = CARTESIAN_POINT('',(0.33,-4.74,-3.01));
#1688 = VECTOR('',#1689,1.);
#1689 = DIRECTION('',(0.,0.,1.));
#1690 = ORIENTED_EDGE('',*,*,#444,.F.);
#1691 = PLANE('',#1692);
#1692 = AXIS2_PLACEMENT_3D('',#1693,#1694,#1695);
#1693 = CARTESIAN_POINT('',(0.33,-5.4,-3.01));
#1694 = DIRECTION('',(1.,0.,0.));
#1695 = DIRECTION('',(0.,0.,1.));
#1696 = ADVANCED_FACE('',(#1697),#1708,.F.);
#1697 = FACE_BOUND('',#1698,.F.);
#1698 = EDGE_LOOP('',(#1699,#1700,#1701,#1707));
#1699 = ORIENTED_EDGE('',*,*,#1685,.F.);
#1700 = ORIENTED_EDGE('',*,*,#887,.T.);
#1701 = ORIENTED_EDGE('',*,*,#1702,.T.);
#1702 = EDGE_CURVE('',#880,#429,#1703,.T.);
#1703 = LINE('',#1704,#1705);
#1704 = CARTESIAN_POINT('',(-0.33,-4.74,-3.01));
#1705 = VECTOR('',#1706,1.);
#1706 = DIRECTION('',(0.,0.,1.));
#1707 = ORIENTED_EDGE('',*,*,#436,.F.);
#1708 = PLANE('',#1709);
#1709 = AXIS2_PLACEMENT_3D('',#1710,#1711,#1712);
#1710 = CARTESIAN_POINT('',(-0.33,-4.74,-3.01));
#1711 = DIRECTION('',(0.,1.,0.));
#1712 = DIRECTION('',(0.,0.,1.));
#1713 = ADVANCED_FACE('',(#1714),#1720,.T.);
#1714 = FACE_BOUND('',#1715,.T.);
#1715 = EDGE_LOOP('',(#1716,#1717,#1718,#1719));
#1716 = ORIENTED_EDGE('',*,*,#1666,.F.);
#1717 = ORIENTED_EDGE('',*,*,#879,.T.);
#1718 = ORIENTED_EDGE('',*,*,#1702,.T.);
#1719 = ORIENTED_EDGE('',*,*,#428,.F.);
#1720 = PLANE('',#1721);
#1721 = AXIS2_PLACEMENT_3D('',#1722,#1723,#1724);
#1722 = CARTESIAN_POINT('',(-0.33,-5.4,-3.01));
#1723 = DIRECTION('',(1.,0.,0.));
#1724 = DIRECTION('',(0.,0.,1.));
#1725 = ADVANCED_FACE('',(#1726),#1751,.T.);
#1726 = FACE_BOUND('',#1727,.T.);
#1727 = EDGE_LOOP('',(#1728,#1736,#1737,#1745));
#1728 = ORIENTED_EDGE('',*,*,#1729,.F.);
#1729 = EDGE_CURVE('',#453,#1730,#1732,.T.);
#1730 = VERTEX_POINT('',#1731);
#1731 = CARTESIAN_POINT('',(0.32,-2.22,8.38));
#1732 = LINE('',#1733,#1734);
#1733 = CARTESIAN_POINT('',(0.32,-2.22,-3.));
#1734 = VECTOR('',#1735,1.);
#1735 = DIRECTION('',(0.,0.,1.));
#1736 = ORIENTED_EDGE('',*,*,#452,.T.);
#1737 = ORIENTED_EDGE('',*,*,#1738,.T.);
#1738 = EDGE_CURVE('',#455,#1739,#1741,.T.);
#1739 = VERTEX_POINT('',#1740);
#1740 = CARTESIAN_POINT('',(-0.32,-2.22,8.38));
#1741 = LINE('',#1742,#1743);
#1742 = CARTESIAN_POINT('',(-0.32,-2.22,-3.));
#1743 = VECTOR('',#1744,1.);
#1744 = DIRECTION('',(0.,0.,1.));
#1745 = ORIENTED_EDGE('',*,*,#1746,.T.);
#1746 = EDGE_CURVE('',#1739,#1730,#1747,.T.);
#1747 = LINE('',#1748,#1749);
#1748 = CARTESIAN_POINT('',(-0.32,-2.22,8.38));
#1749 = VECTOR('',#1750,1.);
#1750 = DIRECTION('',(1.,0.,0.));
#1751 = PLANE('',#1752);
#1752 = AXIS2_PLACEMENT_3D('',#1753,#1754,#1755);
#1753 = CARTESIAN_POINT('',(-0.32,-2.22,-3.));
#1754 = DIRECTION('',(0.,1.,0.));
#1755 = DIRECTION('',(0.,0.,1.));
#1756 = ADVANCED_FACE('',(#1757),#1775,.T.);
#1757 = FACE_BOUND('',#1758,.T.);
#1758 = EDGE_LOOP('',(#1759,#1767,#1768,#1769));
#1759 = ORIENTED_EDGE('',*,*,#1760,.F.);
#1760 = EDGE_CURVE('',#463,#1761,#1763,.T.);
#1761 = VERTEX_POINT('',#1762);
#1762 = CARTESIAN_POINT('',(0.32,-2.86,8.38));
#1763 = LINE('',#1764,#1765);
#1764 = CARTESIAN_POINT('',(0.32,-2.86,-3.));
#1765 = VECTOR('',#1766,1.);
#1766 = DIRECTION('',(0.,0.,1.));
#1767 = ORIENTED_EDGE('',*,*,#462,.T.);
#1768 = ORIENTED_EDGE('',*,*,#1729,.T.);
#1769 = ORIENTED_EDGE('',*,*,#1770,.F.);
#1770 = EDGE_CURVE('',#1761,#1730,#1771,.T.);
#1771 = LINE('',#1772,#1773);
#1772 = CARTESIAN_POINT('',(0.32,-2.86,8.38));
#1773 = VECTOR('',#1774,1.);
#1774 = DIRECTION('',(0.,1.,0.));
#1775 = PLANE('',#1776);
#1776 = AXIS2_PLACEMENT_3D('',#1777,#1778,#1779);
#1777 = CARTESIAN_POINT('',(0.32,-2.86,-3.));
#1778 = DIRECTION('',(1.,0.,0.));
#1779 = DIRECTION('',(0.,0.,1.));
#1780 = ADVANCED_FACE('',(#1781),#1799,.F.);
#1781 = FACE_BOUND('',#1782,.F.);
#1782 = EDGE_LOOP('',(#1783,#1791,#1792,#1793));
#1783 = ORIENTED_EDGE('',*,*,#1784,.F.);
#1784 = EDGE_CURVE('',#471,#1785,#1787,.T.);
#1785 = VERTEX_POINT('',#1786);
#1786 = CARTESIAN_POINT('',(-0.32,-2.86,8.38));
#1787 = LINE('',#1788,#1789);
#1788 = CARTESIAN_POINT('',(-0.32,-2.86,-3.));
#1789 = VECTOR('',#1790,1.);
#1790 = DIRECTION('',(0.,0.,1.));
#1791 = ORIENTED_EDGE('',*,*,#478,.T.);
#1792 = ORIENTED_EDGE('',*,*,#1738,.T.);
#1793 = ORIENTED_EDGE('',*,*,#1794,.F.);
#1794 = EDGE_CURVE('',#1785,#1739,#1795,.T.);
#1795 = LINE('',#1796,#1797);
#1796 = CARTESIAN_POINT('',(-0.32,-2.86,8.38));
#1797 = VECTOR('',#1798,1.);
#1798 = DIRECTION('',(0.,1.,0.));
#1799 = PLANE('',#1800);
#1800 = AXIS2_PLACEMENT_3D('',#1801,#1802,#1803);
#1801 = CARTESIAN_POINT('',(-0.32,-2.86,-3.));
#1802 = DIRECTION('',(1.,0.,0.));
#1803 = DIRECTION('',(0.,0.,1.));
#1804 = ADVANCED_FACE('',(#1805),#1816,.F.);
#1805 = FACE_BOUND('',#1806,.F.);
#1806 = EDGE_LOOP('',(#1807,#1808,#1809,#1810));
#1807 = ORIENTED_EDGE('',*,*,#1760,.F.);
#1808 = ORIENTED_EDGE('',*,*,#470,.T.);
#1809 = ORIENTED_EDGE('',*,*,#1784,.T.);
#1810 = ORIENTED_EDGE('',*,*,#1811,.T.);
#1811 = EDGE_CURVE('',#1785,#1761,#1812,.T.);
#1812 = LINE('',#1813,#1814);
#1813 = CARTESIAN_POINT('',(-0.32,-2.86,8.38));
#1814 = VECTOR('',#1815,1.);
#1815 = DIRECTION('',(1.,0.,0.));
#1816 = PLANE('',#1817);
#1817 = AXIS2_PLACEMENT_3D('',#1818,#1819,#1820);
#1818 = CARTESIAN_POINT('',(-0.32,-2.86,-3.));
#1819 = DIRECTION('',(0.,1.,0.));
#1820 = DIRECTION('',(0.,0.,1.));
#1821 = ADVANCED_FACE('',(#1822),#1847,.T.);
#1822 = FACE_BOUND('',#1823,.T.);
#1823 = EDGE_LOOP('',(#1824,#1832,#1833,#1841));
#1824 = ORIENTED_EDGE('',*,*,#1825,.F.);
#1825 = EDGE_CURVE('',#487,#1826,#1828,.T.);
#1826 = VERTEX_POINT('',#1827);
#1827 = CARTESIAN_POINT('',(0.32,-0.32,8.38));
#1828 = LINE('',#1829,#1830);
#1829 = CARTESIAN_POINT('',(0.32,-0.32,-3.));
#1830 = VECTOR('',#1831,1.);
#1831 = DIRECTION('',(0.,0.,1.));
#1832 = ORIENTED_EDGE('',*,*,#486,.T.);
#1833 = ORIENTED_EDGE('',*,*,#1834,.T.);
#1834 = EDGE_CURVE('',#489,#1835,#1837,.T.);
#1835 = VERTEX_POINT('',#1836);
#1836 = CARTESIAN_POINT('',(0.32,0.32,8.38));
#1837 = LINE('',#1838,#1839);
#1838 = CARTESIAN_POINT('',(0.32,0.32,-3.));
#1839 = VECTOR('',#1840,1.);
#1840 = DIRECTION('',(0.,0.,1.));
#1841 = ORIENTED_EDGE('',*,*,#1842,.F.);
#1842 = EDGE_CURVE('',#1826,#1835,#1843,.T.);
#1843 = LINE('',#1844,#1845);
#1844 = CARTESIAN_POINT('',(0.32,-0.32,8.38));
#1845 = VECTOR('',#1846,1.);
#1846 = DIRECTION('',(0.,1.,0.));
#1847 = PLANE('',#1848);
#1848 = AXIS2_PLACEMENT_3D('',#1849,#1850,#1851);
#1849 = CARTESIAN_POINT('',(0.32,-0.32,-3.));
#1850 = DIRECTION('',(1.,0.,0.));
#1851 = DIRECTION('',(0.,0.,1.));
#1852 = ADVANCED_FACE('',(#1853),#1871,.F.);
#1853 = FACE_BOUND('',#1854,.F.);
#1854 = EDGE_LOOP('',(#1855,#1856,#1857,#1865));
#1855 = ORIENTED_EDGE('',*,*,#1825,.F.);
#1856 = ORIENTED_EDGE('',*,*,#496,.T.);
#1857 = ORIENTED_EDGE('',*,*,#1858,.T.);
#1858 = EDGE_CURVE('',#497,#1859,#1861,.T.);
#1859 = VERTEX_POINT('',#1860);
#1860 = CARTESIAN_POINT('',(-0.32,-0.32,8.38));
#1861 = LINE('',#1862,#1863);
#1862 = CARTESIAN_POINT('',(-0.32,-0.32,-3.));
#1863 = VECTOR('',#1864,1.);
#1864 = DIRECTION('',(0.,0.,1.));
#1865 = ORIENTED_EDGE('',*,*,#1866,.T.);
#1866 = EDGE_CURVE('',#1859,#1826,#1867,.T.);
#1867 = LINE('',#1868,#1869);
#1868 = CARTESIAN_POINT('',(-0.32,-0.32,8.38));
#1869 = VECTOR('',#1870,1.);
#1870 = DIRECTION('',(1.,0.,0.));
#1871 = PLANE('',#1872);
#1872 = AXIS2_PLACEMENT_3D('',#1873,#1874,#1875);
#1873 = CARTESIAN_POINT('',(-0.32,-0.32,-3.));
#1874 = DIRECTION('',(0.,1.,0.));
#1875 = DIRECTION('',(0.,0.,1.));
#1876 = ADVANCED_FACE('',(#1877),#1895,.T.);
#1877 = FACE_BOUND('',#1878,.T.);
#1878 = EDGE_LOOP('',(#1879,#1880,#1881,#1889));
#1879 = ORIENTED_EDGE('',*,*,#1834,.F.);
#1880 = ORIENTED_EDGE('',*,*,#512,.T.);
#1881 = ORIENTED_EDGE('',*,*,#1882,.T.);
#1882 = EDGE_CURVE('',#505,#1883,#1885,.T.);
#1883 = VERTEX_POINT('',#1884);
#1884 = CARTESIAN_POINT('',(-0.32,0.32,8.38));
#1885 = LINE('',#1886,#1887);
#1886 = CARTESIAN_POINT('',(-0.32,0.32,-3.));
#1887 = VECTOR('',#1888,1.);
#1888 = DIRECTION('',(0.,0.,1.));
#1889 = ORIENTED_EDGE('',*,*,#1890,.T.);
#1890 = EDGE_CURVE('',#1883,#1835,#1891,.T.);
#1891 = LINE('',#1892,#1893);
#1892 = CARTESIAN_POINT('',(-0.32,0.32,8.38));
#1893 = VECTOR('',#1894,1.);
#1894 = DIRECTION('',(1.,0.,0.));
#1895 = PLANE('',#1896);
#1896 = AXIS2_PLACEMENT_3D('',#1897,#1898,#1899);
#1897 = CARTESIAN_POINT('',(-0.32,0.32,-3.));
#1898 = DIRECTION('',(0.,1.,0.));
#1899 = DIRECTION('',(0.,0.,1.));
#1900 = ADVANCED_FACE('',(#1901),#1912,.F.);
#1901 = FACE_BOUND('',#1902,.F.);
#1902 = EDGE_LOOP('',(#1903,#1904,#1905,#1906));
#1903 = ORIENTED_EDGE('',*,*,#1858,.F.);
#1904 = ORIENTED_EDGE('',*,*,#504,.T.);
#1905 = ORIENTED_EDGE('',*,*,#1882,.T.);
#1906 = ORIENTED_EDGE('',*,*,#1907,.F.);
#1907 = EDGE_CURVE('',#1859,#1883,#1908,.T.);
#1908 = LINE('',#1909,#1910);
#1909 = CARTESIAN_POINT('',(-0.32,-0.32,8.38));
#1910 = VECTOR('',#1911,1.);
#1911 = DIRECTION('',(0.,1.,0.));
#1912 = PLANE('',#1913);
#1913 = AXIS2_PLACEMENT_3D('',#1914,#1915,#1916);
#1914 = CARTESIAN_POINT('',(-0.32,-0.32,-3.));
#1915 = DIRECTION('',(1.,0.,0.));
#1916 = DIRECTION('',(0.,0.,1.));
#1917 = ADVANCED_FACE('',(#1918),#1943,.T.);
#1918 = FACE_BOUND('',#1919,.T.);
#1919 = EDGE_LOOP('',(#1920,#1928,#1936,#1942));
#1920 = ORIENTED_EDGE('',*,*,#1921,.F.);
#1921 = EDGE_CURVE('',#1922,#786,#1924,.T.);
#1922 = VERTEX_POINT('',#1923);
#1923 = CARTESIAN_POINT('',(0.32,-9.84,-2.84));
#1924 = LINE('',#1925,#1926);
#1925 = CARTESIAN_POINT('',(0.32,-9.84,-3.));
#1926 = VECTOR('',#1927,1.);
#1927 = DIRECTION('',(0.,0.,1.));
#1928 = ORIENTED_EDGE('',*,*,#1929,.F.);
#1929 = EDGE_CURVE('',#1930,#1922,#1932,.T.);
#1930 = VERTEX_POINT('',#1931);
#1931 = CARTESIAN_POINT('',(-0.32,-9.84,-2.84));
#1932 = LINE('',#1933,#1934);
#1933 = CARTESIAN_POINT('',(-0.32,-9.84,-2.84));
#1934 = VECTOR('',#1935,1.);
#1935 = DIRECTION('',(1.,0.,0.));
#1936 = ORIENTED_EDGE('',*,*,#1937,.T.);
#1937 = EDGE_CURVE('',#1930,#788,#1938,.T.);
#1938 = LINE('',#1939,#1940);
#1939 = CARTESIAN_POINT('',(-0.32,-9.84,-3.));
#1940 = VECTOR('',#1941,1.);
#1941 = DIRECTION('',(0.,0.,1.));
#1942 = ORIENTED_EDGE('',*,*,#785,.F.);
#1943 = PLANE('',#1944);
#1944 = AXIS2_PLACEMENT_3D('',#1945,#1946,#1947);
#1945 = CARTESIAN_POINT('',(-0.32,-9.84,-3.));
#1946 = DIRECTION('',(0.,1.,0.));
#1947 = DIRECTION('',(0.,0.,1.));
#1948 = ADVANCED_FACE('',(#1949),#1967,.T.);
#1949 = FACE_BOUND('',#1950,.T.);
#1950 = EDGE_LOOP('',(#1951,#1959,#1965,#1966));
#1951 = ORIENTED_EDGE('',*,*,#1952,.F.);
#1952 = EDGE_CURVE('',#1953,#796,#1955,.T.);
#1953 = VERTEX_POINT('',#1954);
#1954 = CARTESIAN_POINT('',(0.32,-10.48,-2.84));
#1955 = LINE('',#1956,#1957);
#1956 = CARTESIAN_POINT('',(0.32,-10.48,-3.));
#1957 = VECTOR('',#1958,1.);
#1958 = DIRECTION('',(0.,0.,1.));
#1959 = ORIENTED_EDGE('',*,*,#1960,.T.);
#1960 = EDGE_CURVE('',#1953,#1922,#1961,.T.);
#1961 = LINE('',#1962,#1963);
#1962 = CARTESIAN_POINT('',(0.32,-10.48,-2.84));
#1963 = VECTOR('',#1964,1.);
#1964 = DIRECTION('',(0.,1.,0.));
#1965 = ORIENTED_EDGE('',*,*,#1921,.T.);
#1966 = ORIENTED_EDGE('',*,*,#795,.F.);
#1967 = PLANE('',#1968);
#1968 = AXIS2_PLACEMENT_3D('',#1969,#1970,#1971);
#1969 = CARTESIAN_POINT('',(0.32,-10.48,-3.));
#1970 = DIRECTION('',(1.,0.,0.));
#1971 = DIRECTION('',(0.,0.,1.));
#1972 = ADVANCED_FACE('',(#1973),#1991,.F.);
#1973 = FACE_BOUND('',#1974,.F.);
#1974 = EDGE_LOOP('',(#1975,#1983,#1989,#1990));
#1975 = ORIENTED_EDGE('',*,*,#1976,.F.);
#1976 = EDGE_CURVE('',#1977,#804,#1979,.T.);
#1977 = VERTEX_POINT('',#1978);
#1978 = CARTESIAN_POINT('',(-0.32,-10.48,-2.84));
#1979 = LINE('',#1980,#1981);
#1980 = CARTESIAN_POINT('',(-0.32,-10.48,-3.));
#1981 = VECTOR('',#1982,1.);
#1982 = DIRECTION('',(0.,0.,1.));
#1983 = ORIENTED_EDGE('',*,*,#1984,.T.);
#1984 = EDGE_CURVE('',#1977,#1930,#1985,.T.);
#1985 = LINE('',#1986,#1987);
#1986 = CARTESIAN_POINT('',(-0.32,-10.48,-2.84));
#1987 = VECTOR('',#1988,1.);
#1988 = DIRECTION('',(0.,1.,0.));
#1989 = ORIENTED_EDGE('',*,*,#1937,.T.);
#1990 = ORIENTED_EDGE('',*,*,#811,.F.);
#1991 = PLANE('',#1992);
#1992 = AXIS2_PLACEMENT_3D('',#1993,#1994,#1995);
#1993 = CARTESIAN_POINT('',(-0.32,-10.48,-3.));
#1994 = DIRECTION('',(1.,0.,0.));
#1995 = DIRECTION('',(0.,0.,1.));
#1996 = ADVANCED_FACE('',(#1997),#2008,.F.);
#1997 = FACE_BOUND('',#1998,.F.);
#1998 = EDGE_LOOP('',(#1999,#2000,#2006,#2007));
#1999 = ORIENTED_EDGE('',*,*,#1952,.F.);
#2000 = ORIENTED_EDGE('',*,*,#2001,.F.);
#2001 = EDGE_CURVE('',#1977,#1953,#2002,.T.);
#2002 = LINE('',#2003,#2004);
#2003 = CARTESIAN_POINT('',(-0.32,-10.48,-2.84));
#2004 = VECTOR('',#2005,1.);
#2005 = DIRECTION('',(1.,0.,0.));
#2006 = ORIENTED_EDGE('',*,*,#1976,.T.);
#2007 = ORIENTED_EDGE('',*,*,#803,.F.);
#2008 = PLANE('',#2009);
#2009 = AXIS2_PLACEMENT_3D('',#2010,#2011,#2012);
#2010 = CARTESIAN_POINT('',(-0.32,-10.48,-3.));
#2011 = DIRECTION('',(0.,1.,0.));
#2012 = DIRECTION('',(0.,0.,1.));
#2013 = ADVANCED_FACE('',(#2014),#2039,.F.);
#2014 = FACE_BOUND('',#2015,.F.);
#2015 = EDGE_LOOP('',(#2016,#2024,#2032,#2038));
#2016 = ORIENTED_EDGE('',*,*,#2017,.F.);
#2017 = EDGE_CURVE('',#2018,#820,#2020,.T.);
#2018 = VERTEX_POINT('',#2019);
#2019 = CARTESIAN_POINT('',(0.32,-7.94,-2.84));
#2020 = LINE('',#2021,#2022);
#2021 = CARTESIAN_POINT('',(0.32,-7.94,-3.));
#2022 = VECTOR('',#2023,1.);
#2023 = DIRECTION('',(0.,0.,1.));
#2024 = ORIENTED_EDGE('',*,*,#2025,.F.);
#2025 = EDGE_CURVE('',#2026,#2018,#2028,.T.);
#2026 = VERTEX_POINT('',#2027);
#2027 = CARTESIAN_POINT('',(-0.32,-7.94,-2.84));
#2028 = LINE('',#2029,#2030);
#2029 = CARTESIAN_POINT('',(-0.32,-7.94,-2.84));
#2030 = VECTOR('',#2031,1.);
#2031 = DIRECTION('',(1.,0.,0.));
#2032 = ORIENTED_EDGE('',*,*,#2033,.T.);
#2033 = EDGE_CURVE('',#2026,#822,#2034,.T.);
#2034 = LINE('',#2035,#2036);
#2035 = CARTESIAN_POINT('',(-0.32,-7.94,-3.));
#2036 = VECTOR('',#2037,1.);
#2037 = DIRECTION('',(0.,0.,1.));
#2038 = ORIENTED_EDGE('',*,*,#819,.F.);
#2039 = PLANE('',#2040);
#2040 = AXIS2_PLACEMENT_3D('',#2041,#2042,#2043);
#2041 = CARTESIAN_POINT('',(-0.32,-7.94,-3.));
#2042 = DIRECTION('',(0.,1.,0.));
#2043 = DIRECTION('',(0.,0.,1.));
#2044 = ADVANCED_FACE('',(#2045),#2063,.T.);
#2045 = FACE_BOUND('',#2046,.T.);
#2046 = EDGE_LOOP('',(#2047,#2048,#2056,#2062));
#2047 = ORIENTED_EDGE('',*,*,#2017,.F.);
#2048 = ORIENTED_EDGE('',*,*,#2049,.T.);
#2049 = EDGE_CURVE('',#2018,#2050,#2052,.T.);
#2050 = VERTEX_POINT('',#2051);
#2051 = CARTESIAN_POINT('',(0.32,-7.3,-2.84));
#2052 = LINE('',#2053,#2054);
#2053 = CARTESIAN_POINT('',(0.32,-7.94,-2.84));
#2054 = VECTOR('',#2055,1.);
#2055 = DIRECTION('',(0.,1.,0.));
#2056 = ORIENTED_EDGE('',*,*,#2057,.T.);
#2057 = EDGE_CURVE('',#2050,#838,#2058,.T.);
#2058 = LINE('',#2059,#2060);
#2059 = CARTESIAN_POINT('',(0.32,-7.3,-3.));
#2060 = VECTOR('',#2061,1.);
#2061 = DIRECTION('',(0.,0.,1.));
#2062 = ORIENTED_EDGE('',*,*,#845,.F.);
#2063 = PLANE('',#2064);
#2064 = AXIS2_PLACEMENT_3D('',#2065,#2066,#2067);
#2065 = CARTESIAN_POINT('',(0.32,-7.94,-3.));
#2066 = DIRECTION('',(1.,0.,0.));
#2067 = DIRECTION('',(0.,0.,1.));
#2068 = ADVANCED_FACE('',(#2069),#2087,.F.);
#2069 = FACE_BOUND('',#2070,.F.);
#2070 = EDGE_LOOP('',(#2071,#2072,#2080,#2086));
#2071 = ORIENTED_EDGE('',*,*,#2033,.F.);
#2072 = ORIENTED_EDGE('',*,*,#2073,.T.);
#2073 = EDGE_CURVE('',#2026,#2074,#2076,.T.);
#2074 = VERTEX_POINT('',#2075);
#2075 = CARTESIAN_POINT('',(-0.32,-7.3,-2.84));
#2076 = LINE('',#2077,#2078);
#2077 = CARTESIAN_POINT('',(-0.32,-7.94,-2.84));
#2078 = VECTOR('',#2079,1.);
#2079 = DIRECTION('',(0.,1.,0.));
#2080 = ORIENTED_EDGE('',*,*,#2081,.T.);
#2081 = EDGE_CURVE('',#2074,#830,#2082,.T.);
#2082 = LINE('',#2083,#2084);
#2083 = CARTESIAN_POINT('',(-0.32,-7.3,-3.));
#2084 = VECTOR('',#2085,1.);
#2085 = DIRECTION('',(0.,0.,1.));
#2086 = ORIENTED_EDGE('',*,*,#829,.F.);
#2087 = PLANE('',#2088);
#2088 = AXIS2_PLACEMENT_3D('',#2089,#2090,#2091);
#2089 = CARTESIAN_POINT('',(-0.32,-7.94,-3.));
#2090 = DIRECTION('',(1.,0.,0.));
#2091 = DIRECTION('',(0.,0.,1.));
#2092 = ADVANCED_FACE('',(#2093),#2104,.T.);
#2093 = FACE_BOUND('',#2094,.T.);
#2094 = EDGE_LOOP('',(#2095,#2096,#2102,#2103));
#2095 = ORIENTED_EDGE('',*,*,#2057,.F.);
#2096 = ORIENTED_EDGE('',*,*,#2097,.F.);
#2097 = EDGE_CURVE('',#2074,#2050,#2098,.T.);
#2098 = LINE('',#2099,#2100);
#2099 = CARTESIAN_POINT('',(-0.32,-7.3,-2.84));
#2100 = VECTOR('',#2101,1.);
#2101 = DIRECTION('',(1.,0.,0.));
#2102 = ORIENTED_EDGE('',*,*,#2081,.T.);
#2103 = ORIENTED_EDGE('',*,*,#837,.F.);
#2104 = PLANE('',#2105);
#2105 = AXIS2_PLACEMENT_3D('',#2106,#2107,#2108);
#2106 = CARTESIAN_POINT('',(-0.32,-7.3,-3.));
#2107 = DIRECTION('',(0.,1.,0.));
#2108 = DIRECTION('',(0.,0.,1.));
#2109 = ADVANCED_FACE('',(#2110),#2135,.T.);
#2110 = FACE_BOUND('',#2111,.T.);
#2111 = EDGE_LOOP('',(#2112,#2120,#2128,#2134));
#2112 = ORIENTED_EDGE('',*,*,#2113,.F.);
#2113 = EDGE_CURVE('',#2114,#904,#2116,.T.);
#2114 = VERTEX_POINT('',#2115);
#2115 = CARTESIAN_POINT('',(0.32,-2.22,-2.84));
#2116 = LINE('',#2117,#2118);
#2117 = CARTESIAN_POINT('',(0.32,-2.22,-3.));
#2118 = VECTOR('',#2119,1.);
#2119 = DIRECTION('',(0.,0.,1.));
#2120 = ORIENTED_EDGE('',*,*,#2121,.F.);
#2121 = EDGE_CURVE('',#2122,#2114,#2124,.T.);
#2122 = VERTEX_POINT('',#2123);
#2123 = CARTESIAN_POINT('',(-0.32,-2.22,-2.84));
#2124 = LINE('',#2125,#2126);
#2125 = CARTESIAN_POINT('',(-0.32,-2.22,-2.84));
#2126 = VECTOR('',#2127,1.);
#2127 = DIRECTION('',(1.,0.,0.));
#2128 = ORIENTED_EDGE('',*,*,#2129,.T.);
#2129 = EDGE_CURVE('',#2122,#906,#2130,.T.);
#2130 = LINE('',#2131,#2132);
#2131 = CARTESIAN_POINT('',(-0.32,-2.22,-3.));
#2132 = VECTOR('',#2133,1.);
#2133 = DIRECTION('',(0.,0.,1.));
#2134 = ORIENTED_EDGE('',*,*,#903,.F.);
#2135 = PLANE('',#2136);
#2136 = AXIS2_PLACEMENT_3D('',#2137,#2138,#2139);
#2137 = CARTESIAN_POINT('',(-0.32,-2.22,-3.));
#2138 = DIRECTION('',(0.,1.,0.));
#2139 = DIRECTION('',(0.,0.,1.));
#2140 = ADVANCED_FACE('',(#2141),#2159,.T.);
#2141 = FACE_BOUND('',#2142,.T.);
#2142 = EDGE_LOOP('',(#2143,#2151,#2157,#2158));
#2143 = ORIENTED_EDGE('',*,*,#2144,.F.);
#2144 = EDGE_CURVE('',#2145,#914,#2147,.T.);
#2145 = VERTEX_POINT('',#2146);
#2146 = CARTESIAN_POINT('',(0.32,-2.86,-2.84));
#2147 = LINE('',#2148,#2149);
#2148 = CARTESIAN_POINT('',(0.32,-2.86,-3.));
#2149 = VECTOR('',#2150,1.);
#2150 = DIRECTION('',(0.,0.,1.));
#2151 = ORIENTED_EDGE('',*,*,#2152,.T.);
#2152 = EDGE_CURVE('',#2145,#2114,#2153,.T.);
#2153 = LINE('',#2154,#2155);
#2154 = CARTESIAN_POINT('',(0.32,-2.86,-2.84));
#2155 = VECTOR('',#2156,1.);
#2156 = DIRECTION('',(0.,1.,0.));
#2157 = ORIENTED_EDGE('',*,*,#2113,.T.);
#2158 = ORIENTED_EDGE('',*,*,#913,.F.);
#2159 = PLANE('',#2160);
#2160 = AXIS2_PLACEMENT_3D('',#2161,#2162,#2163);
#2161 = CARTESIAN_POINT('',(0.32,-2.86,-3.));
#2162 = DIRECTION('',(1.,0.,0.));
#2163 = DIRECTION('',(0.,0.,1.));
#2164 = ADVANCED_FACE('',(#2165),#2183,.F.);
#2165 = FACE_BOUND('',#2166,.F.);
#2166 = EDGE_LOOP('',(#2167,#2175,#2181,#2182));
#2167 = ORIENTED_EDGE('',*,*,#2168,.F.);
#2168 = EDGE_CURVE('',#2169,#922,#2171,.T.);
#2169 = VERTEX_POINT('',#2170);
#2170 = CARTESIAN_POINT('',(-0.32,-2.86,-2.84));
#2171 = LINE('',#2172,#2173);
#2172 = CARTESIAN_POINT('',(-0.32,-2.86,-3.));
#2173 = VECTOR('',#2174,1.);
#2174 = DIRECTION('',(0.,0.,1.));
#2175 = ORIENTED_EDGE('',*,*,#2176,.T.);
#2176 = EDGE_CURVE('',#2169,#2122,#2177,.T.);
#2177 = LINE('',#2178,#2179);
#2178 = CARTESIAN_POINT('',(-0.32,-2.86,-2.84));
#2179 = VECTOR('',#2180,1.);
#2180 = DIRECTION('',(0.,1.,0.));
#2181 = ORIENTED_EDGE('',*,*,#2129,.T.);
#2182 = ORIENTED_EDGE('',*,*,#929,.F.);
#2183 = PLANE('',#2184);
#2184 = AXIS2_PLACEMENT_3D('',#2185,#2186,#2187);
#2185 = CARTESIAN_POINT('',(-0.32,-2.86,-3.));
#2186 = DIRECTION('',(1.,0.,0.));
#2187 = DIRECTION('',(0.,0.,1.));
#2188 = ADVANCED_FACE('',(#2189),#2200,.F.);
#2189 = FACE_BOUND('',#2190,.F.);
#2190 = EDGE_LOOP('',(#2191,#2192,#2198,#2199));
#2191 = ORIENTED_EDGE('',*,*,#2144,.F.);
#2192 = ORIENTED_EDGE('',*,*,#2193,.F.);
#2193 = EDGE_CURVE('',#2169,#2145,#2194,.T.);
#2194 = LINE('',#2195,#2196);
#2195 = CARTESIAN_POINT('',(-0.32,-2.86,-2.84));
#2196 = VECTOR('',#2197,1.);
#2197 = DIRECTION('',(1.,0.,0.));
#2198 = ORIENTED_EDGE('',*,*,#2168,.T.);
#2199 = ORIENTED_EDGE('',*,*,#921,.F.);
#2200 = PLANE('',#2201);
#2201 = AXIS2_PLACEMENT_3D('',#2202,#2203,#2204);
#2202 = CARTESIAN_POINT('',(-0.32,-2.86,-3.));
#2203 = DIRECTION('',(0.,1.,0.));
#2204 = DIRECTION('',(0.,0.,1.));
#2205 = ADVANCED_FACE('',(#2206),#2231,.T.);
#2206 = FACE_BOUND('',#2207,.T.);
#2207 = EDGE_LOOP('',(#2208,#2216,#2224,#2230));
#2208 = ORIENTED_EDGE('',*,*,#2209,.F.);
#2209 = EDGE_CURVE('',#2210,#938,#2212,.T.);
#2210 = VERTEX_POINT('',#2211);
#2211 = CARTESIAN_POINT('',(0.32,-0.32,-2.84));
#2212 = LINE('',#2213,#2214);
#2213 = CARTESIAN_POINT('',(0.32,-0.32,-3.));
#2214 = VECTOR('',#2215,1.);
#2215 = DIRECTION('',(0.,0.,1.));
#2216 = ORIENTED_EDGE('',*,*,#2217,.T.);
#2217 = EDGE_CURVE('',#2210,#2218,#2220,.T.);
#2218 = VERTEX_POINT('',#2219);
#2219 = CARTESIAN_POINT('',(0.32,0.32,-2.84));
#2220 = LINE('',#2221,#2222);
#2221 = CARTESIAN_POINT('',(0.32,-0.32,-2.84));
#2222 = VECTOR('',#2223,1.);
#2223 = DIRECTION('',(0.,1.,0.));
#2224 = ORIENTED_EDGE('',*,*,#2225,.T.);
#2225 = EDGE_CURVE('',#2218,#940,#2226,.T.);
#2226 = LINE('',#2227,#2228);
#2227 = CARTESIAN_POINT('',(0.32,0.32,-3.));
#2228 = VECTOR('',#2229,1.);
#2229 = DIRECTION('',(0.,0.,1.));
#2230 = ORIENTED_EDGE('',*,*,#937,.F.);
#2231 = PLANE('',#2232);
#2232 = AXIS2_PLACEMENT_3D('',#2233,#2234,#2235);
#2233 = CARTESIAN_POINT('',(0.32,-0.32,-3.));
#2234 = DIRECTION('',(1.,0.,0.));
#2235 = DIRECTION('',(0.,0.,1.));
#2236 = ADVANCED_FACE('',(#2237),#2255,.F.);
#2237 = FACE_BOUND('',#2238,.F.);
#2238 = EDGE_LOOP('',(#2239,#2240,#2248,#2254));
#2239 = ORIENTED_EDGE('',*,*,#2209,.F.);
#2240 = ORIENTED_EDGE('',*,*,#2241,.F.);
#2241 = EDGE_CURVE('',#2242,#2210,#2244,.T.);
#2242 = VERTEX_POINT('',#2243);
#2243 = CARTESIAN_POINT('',(-0.32,-0.32,-2.84));
#2244 = LINE('',#2245,#2246);
#2245 = CARTESIAN_POINT('',(-0.32,-0.32,-2.84));
#2246 = VECTOR('',#2247,1.);
#2247 = DIRECTION('',(1.,0.,0.));
#2248 = ORIENTED_EDGE('',*,*,#2249,.T.);
#2249 = EDGE_CURVE('',#2242,#948,#2250,.T.);
#2250 = LINE('',#2251,#2252);
#2251 = CARTESIAN_POINT('',(-0.32,-0.32,-3.));
#2252 = VECTOR('',#2253,1.);
#2253 = DIRECTION('',(0.,0.,1.));
#2254 = ORIENTED_EDGE('',*,*,#947,.F.);
#2255 = PLANE('',#2256);
#2256 = AXIS2_PLACEMENT_3D('',#2257,#2258,#2259);
#2257 = CARTESIAN_POINT('',(-0.32,-0.32,-3.));
#2258 = DIRECTION('',(0.,1.,0.));
#2259 = DIRECTION('',(0.,0.,1.));
#2260 = ADVANCED_FACE('',(#2261),#2279,.T.);
#2261 = FACE_BOUND('',#2262,.T.);
#2262 = EDGE_LOOP('',(#2263,#2264,#2272,#2278));
#2263 = ORIENTED_EDGE('',*,*,#2225,.F.);
#2264 = ORIENTED_EDGE('',*,*,#2265,.F.);
#2265 = EDGE_CURVE('',#2266,#2218,#2268,.T.);
#2266 = VERTEX_POINT('',#2267);
#2267 = CARTESIAN_POINT('',(-0.32,0.32,-2.84));
#2268 = LINE('',#2269,#2270);
#2269 = CARTESIAN_POINT('',(-0.32,0.32,-2.84));
#2270 = VECTOR('',#2271,1.);
#2271 = DIRECTION('',(1.,0.,0.));
#2272 = ORIENTED_EDGE('',*,*,#2273,.T.);
#2273 = EDGE_CURVE('',#2266,#956,#2274,.T.);
#2274 = LINE('',#2275,#2276);
#2275 = CARTESIAN_POINT('',(-0.32,0.32,-3.));
#2276 = VECTOR('',#2277,1.);
#2277 = DIRECTION('',(0.,0.,1.));
#2278 = ORIENTED_EDGE('',*,*,#963,.F.);
#2279 = PLANE('',#2280);
#2280 = AXIS2_PLACEMENT_3D('',#2281,#2282,#2283);
#2281 = CARTESIAN_POINT('',(-0.32,0.32,-3.));
#2282 = DIRECTION('',(0.,1.,0.));
#2283 = DIRECTION('',(0.,0.,1.));
#2284 = ADVANCED_FACE('',(#2285),#2296,.F.);
#2285 = FACE_BOUND('',#2286,.F.);
#2286 = EDGE_LOOP('',(#2287,#2288,#2294,#2295));
#2287 = ORIENTED_EDGE('',*,*,#2249,.F.);
#2288 = ORIENTED_EDGE('',*,*,#2289,.T.);
#2289 = EDGE_CURVE('',#2242,#2266,#2290,.T.);
#2290 = LINE('',#2291,#2292);
#2291 = CARTESIAN_POINT('',(-0.32,-0.32,-2.84));
#2292 = VECTOR('',#2293,1.);
#2293 = DIRECTION('',(0.,1.,0.));
#2294 = ORIENTED_EDGE('',*,*,#2273,.T.);
#2295 = ORIENTED_EDGE('',*,*,#955,.F.);
#2296 = PLANE('',#2297);
#2297 = AXIS2_PLACEMENT_3D('',#2298,#2299,#2300);
#2298 = CARTESIAN_POINT('',(-0.32,-0.32,-3.));
#2299 = DIRECTION('',(1.,0.,0.));
#2300 = DIRECTION('',(0.,0.,1.));
#2301 = ADVANCED_FACE('',(#2302),#2327,.T.);
#2302 = FACE_BOUND('',#2303,.F.);
#2303 = EDGE_LOOP('',(#2304,#2312,#2313,#2321));
#2304 = ORIENTED_EDGE('',*,*,#2305,.F.);
#2305 = EDGE_CURVE('',#1475,#2306,#2308,.T.);
#2306 = VERTEX_POINT('',#2307);
#2307 = CARTESIAN_POINT('',(-0.16,-10.,8.54));
#2308 = LINE('',#2309,#2310);
#2309 = CARTESIAN_POINT('',(-0.16,-10.,8.54));
#2310 = VECTOR('',#2311,1.);
#2311 = DIRECTION('',(0.57735026919,-0.57735026919,0.57735026919));
#2312 = ORIENTED_EDGE('',*,*,#1482,.T.);
#2313 = ORIENTED_EDGE('',*,*,#2314,.T.);
#2314 = EDGE_CURVE('',#1466,#2315,#2317,.T.);
#2315 = VERTEX_POINT('',#2316);
#2316 = CARTESIAN_POINT('',(0.16,-10.,8.54));
#2317 = LINE('',#2318,#2319);
#2318 = CARTESIAN_POINT('',(5.333333333333E-02,-10.10666666666,
    8.646666666667));
#2319 = VECTOR('',#2320,1.);
#2320 = DIRECTION('',(-0.57735026919,-0.57735026919,0.57735026919));
#2321 = ORIENTED_EDGE('',*,*,#2322,.F.);
#2322 = EDGE_CURVE('',#2306,#2315,#2323,.T.);
#2323 = LINE('',#2324,#2325);
#2324 = CARTESIAN_POINT('',(-0.32,-10.,8.54));
#2325 = VECTOR('',#2326,1.);
#2326 = DIRECTION('',(1.,0.,0.));
#2327 = PLANE('',#2328);
#2328 = AXIS2_PLACEMENT_3D('',#2329,#2330,#2331);
#2329 = CARTESIAN_POINT('',(-0.32,-9.92,8.46));
#2330 = DIRECTION('',(1.735167508357E-18,0.707106781187,0.707106781187)
  );
#2331 = DIRECTION('',(-1.,1.226948711654E-18,1.226948711654E-18));
#2332 = ADVANCED_FACE('',(#2333),#2351,.T.);
#2333 = FACE_BOUND('',#2334,.T.);
#2334 = EDGE_LOOP('',(#2335,#2343,#2344,#2345));
#2335 = ORIENTED_EDGE('',*,*,#2336,.F.);
#2336 = EDGE_CURVE('',#1497,#2337,#2339,.T.);
#2337 = VERTEX_POINT('',#2338);
#2338 = CARTESIAN_POINT('',(0.16,-10.32,8.54));
#2339 = LINE('',#2340,#2341);
#2340 = CARTESIAN_POINT('',(0.16,-10.32,8.54));
#2341 = VECTOR('',#2342,1.);
#2342 = DIRECTION('',(-0.57735026919,0.57735026919,0.57735026919));
#2343 = ORIENTED_EDGE('',*,*,#1506,.T.);
#2344 = ORIENTED_EDGE('',*,*,#2314,.T.);
#2345 = ORIENTED_EDGE('',*,*,#2346,.F.);
#2346 = EDGE_CURVE('',#2337,#2315,#2347,.T.);
#2347 = LINE('',#2348,#2349);
#2348 = CARTESIAN_POINT('',(0.16,-10.48,8.54));
#2349 = VECTOR('',#2350,1.);
#2350 = DIRECTION('',(0.,1.,0.));
#2351 = PLANE('',#2352);
#2352 = AXIS2_PLACEMENT_3D('',#2353,#2354,#2355);
#2353 = CARTESIAN_POINT('',(0.24,-10.48,8.46));
#2354 = DIRECTION('',(0.707106781187,-1.735167508357E-18,0.707106781187)
  );
#2355 = DIRECTION('',(1.226948711654E-18,1.,1.226948711654E-18));
#2356 = ADVANCED_FACE('',(#2357),#2375,.F.);
#2357 = FACE_BOUND('',#2358,.F.);
#2358 = EDGE_LOOP('',(#2359,#2367,#2368,#2369));
#2359 = ORIENTED_EDGE('',*,*,#2360,.F.);
#2360 = EDGE_CURVE('',#1521,#2361,#2363,.T.);
#2361 = VERTEX_POINT('',#2362);
#2362 = CARTESIAN_POINT('',(-0.16,-10.32,8.54));
#2363 = LINE('',#2364,#2365);
#2364 = CARTESIAN_POINT('',(-0.266666666667,-10.42666666666,
    8.433333333333));
#2365 = VECTOR('',#2366,1.);
#2366 = DIRECTION('',(0.57735026919,0.57735026919,0.57735026919));
#2367 = ORIENTED_EDGE('',*,*,#1530,.T.);
#2368 = ORIENTED_EDGE('',*,*,#2305,.T.);
#2369 = ORIENTED_EDGE('',*,*,#2370,.F.);
#2370 = EDGE_CURVE('',#2361,#2306,#2371,.T.);
#2371 = LINE('',#2372,#2373);
#2372 = CARTESIAN_POINT('',(-0.16,-10.48,8.54));
#2373 = VECTOR('',#2374,1.);
#2374 = DIRECTION('',(0.,1.,0.));
#2375 = PLANE('',#2376);
#2376 = AXIS2_PLACEMENT_3D('',#2377,#2378,#2379);
#2377 = CARTESIAN_POINT('',(-0.24,-10.48,8.46));
#2378 = DIRECTION('',(0.707106781187,1.735167508357E-18,-0.707106781187)
  );
#2379 = DIRECTION('',(-1.226948711654E-18,1.,1.226948711654E-18));
#2380 = ADVANCED_FACE('',(#2381),#2392,.F.);
#2381 = FACE_BOUND('',#2382,.T.);
#2382 = EDGE_LOOP('',(#2383,#2384,#2385,#2386));
#2383 = ORIENTED_EDGE('',*,*,#2360,.F.);
#2384 = ORIENTED_EDGE('',*,*,#1547,.T.);
#2385 = ORIENTED_EDGE('',*,*,#2336,.T.);
#2386 = ORIENTED_EDGE('',*,*,#2387,.F.);
#2387 = EDGE_CURVE('',#2361,#2337,#2388,.T.);
#2388 = LINE('',#2389,#2390);
#2389 = CARTESIAN_POINT('',(-0.32,-10.32,8.54));
#2390 = VECTOR('',#2391,1.);
#2391 = DIRECTION('',(1.,0.,0.));
#2392 = PLANE('',#2393);
#2393 = AXIS2_PLACEMENT_3D('',#2394,#2395,#2396);
#2394 = CARTESIAN_POINT('',(-0.32,-10.4,8.46));
#2395 = DIRECTION('',(-1.735167508357E-18,0.707106781187,-0.707106781187
    ));
#2396 = DIRECTION('',(-1.,-1.226948711654E-18,1.226948711654E-18));
#2397 = ADVANCED_FACE('',(#2398),#2423,.F.);
#2398 = FACE_BOUND('',#2399,.T.);
#2399 = EDGE_LOOP('',(#2400,#2408,#2409,#2417));
#2400 = ORIENTED_EDGE('',*,*,#2401,.F.);
#2401 = EDGE_CURVE('',#1571,#2402,#2404,.T.);
#2402 = VERTEX_POINT('',#2403);
#2403 = CARTESIAN_POINT('',(-0.16,-7.78,8.54));
#2404 = LINE('',#2405,#2406);
#2405 = CARTESIAN_POINT('',(-0.266666666667,-7.886666666667,
    8.433333333333));
#2406 = VECTOR('',#2407,1.);
#2407 = DIRECTION('',(0.57735026919,0.57735026919,0.57735026919));
#2408 = ORIENTED_EDGE('',*,*,#1578,.T.);
#2409 = ORIENTED_EDGE('',*,*,#2410,.T.);
#2410 = EDGE_CURVE('',#1562,#2411,#2413,.T.);
#2411 = VERTEX_POINT('',#2412);
#2412 = CARTESIAN_POINT('',(0.16,-7.78,8.54));
#2413 = LINE('',#2414,#2415);
#2414 = CARTESIAN_POINT('',(0.16,-7.78,8.54));
#2415 = VECTOR('',#2416,1.);
#2416 = DIRECTION('',(-0.57735026919,0.57735026919,0.57735026919));
#2417 = ORIENTED_EDGE('',*,*,#2418,.F.);
#2418 = EDGE_CURVE('',#2402,#2411,#2419,.T.);
#2419 = LINE('',#2420,#2421);
#2420 = CARTESIAN_POINT('',(-0.32,-7.78,8.54));
#2421 = VECTOR('',#2422,1.);
#2422 = DIRECTION('',(1.,0.,0.));
#2423 = PLANE('',#2424);
#2424 = AXIS2_PLACEMENT_3D('',#2425,#2426,#2427);
#2425 = CARTESIAN_POINT('',(-0.32,-7.86,8.46));
#2426 = DIRECTION('',(-1.735167508357E-18,0.707106781187,-0.707106781187
    ));
#2427 = DIRECTION('',(-1.,-1.226948711654E-18,1.226948711654E-18));
#2428 = ADVANCED_FACE('',(#2429),#2447,.T.);
#2429 = FACE_BOUND('',#2430,.T.);
#2430 = EDGE_LOOP('',(#2431,#2432,#2433,#2441));
#2431 = ORIENTED_EDGE('',*,*,#2410,.F.);
#2432 = ORIENTED_EDGE('',*,*,#1602,.T.);
#2433 = ORIENTED_EDGE('',*,*,#2434,.T.);
#2434 = EDGE_CURVE('',#1595,#2435,#2437,.T.);
#2435 = VERTEX_POINT('',#2436);
#2436 = CARTESIAN_POINT('',(0.16,-7.46,8.54));
#2437 = LINE('',#2438,#2439);
#2438 = CARTESIAN_POINT('',(5.333333333333E-02,-7.566666666667,
    8.646666666667));
#2439 = VECTOR('',#2440,1.);
#2440 = DIRECTION('',(-0.57735026919,-0.57735026919,0.57735026919));
#2441 = ORIENTED_EDGE('',*,*,#2442,.F.);
#2442 = EDGE_CURVE('',#2411,#2435,#2443,.T.);
#2443 = LINE('',#2444,#2445);
#2444 = CARTESIAN_POINT('',(0.16,-7.94,8.54));
#2445 = VECTOR('',#2446,1.);
#2446 = DIRECTION('',(0.,1.,0.));
#2447 = PLANE('',#2448);
#2448 = AXIS2_PLACEMENT_3D('',#2449,#2450,#2451);
#2449 = CARTESIAN_POINT('',(0.24,-7.94,8.46));
#2450 = DIRECTION('',(0.707106781187,-1.735167508357E-18,0.707106781187)
  );
#2451 = DIRECTION('',(1.226948711654E-18,1.,1.226948711654E-18));
#2452 = ADVANCED_FACE('',(#2453),#2471,.F.);
#2453 = FACE_BOUND('',#2454,.F.);
#2454 = EDGE_LOOP('',(#2455,#2456,#2457,#2465));
#2455 = ORIENTED_EDGE('',*,*,#2401,.F.);
#2456 = ORIENTED_EDGE('',*,*,#1626,.T.);
#2457 = ORIENTED_EDGE('',*,*,#2458,.T.);
#2458 = EDGE_CURVE('',#1619,#2459,#2461,.T.);
#2459 = VERTEX_POINT('',#2460);
#2460 = CARTESIAN_POINT('',(-0.16,-7.46,8.54));
#2461 = LINE('',#2462,#2463);
#2462 = CARTESIAN_POINT('',(-0.16,-7.46,8.54));
#2463 = VECTOR('',#2464,1.);
#2464 = DIRECTION('',(0.57735026919,-0.57735026919,0.57735026919));
#2465 = ORIENTED_EDGE('',*,*,#2466,.F.);
#2466 = EDGE_CURVE('',#2402,#2459,#2467,.T.);
#2467 = LINE('',#2468,#2469);
#2468 = CARTESIAN_POINT('',(-0.16,-7.94,8.54));
#2469 = VECTOR('',#2470,1.);
#2470 = DIRECTION('',(0.,1.,0.));
#2471 = PLANE('',#2472);
#2472 = AXIS2_PLACEMENT_3D('',#2473,#2474,#2475);
#2473 = CARTESIAN_POINT('',(-0.24,-7.94,8.46));
#2474 = DIRECTION('',(0.707106781187,1.735167508357E-18,-0.707106781187)
  );
#2475 = DIRECTION('',(-1.226948711654E-18,1.,1.226948711654E-18));
#2476 = ADVANCED_FACE('',(#2477),#2488,.T.);
#2477 = FACE_BOUND('',#2478,.F.);
#2478 = EDGE_LOOP('',(#2479,#2480,#2481,#2482));
#2479 = ORIENTED_EDGE('',*,*,#2458,.F.);
#2480 = ORIENTED_EDGE('',*,*,#1643,.T.);
#2481 = ORIENTED_EDGE('',*,*,#2434,.T.);
#2482 = ORIENTED_EDGE('',*,*,#2483,.F.);
#2483 = EDGE_CURVE('',#2459,#2435,#2484,.T.);
#2484 = LINE('',#2485,#2486);
#2485 = CARTESIAN_POINT('',(-0.32,-7.46,8.54));
#2486 = VECTOR('',#2487,1.);
#2487 = DIRECTION('',(1.,0.,0.));
#2488 = PLANE('',#2489);
#2489 = AXIS2_PLACEMENT_3D('',#2490,#2491,#2492);
#2490 = CARTESIAN_POINT('',(-0.32,-7.38,8.46));
#2491 = DIRECTION('',(1.735167508357E-18,0.707106781187,0.707106781187)
  );
#2492 = DIRECTION('',(-1.,1.226948711654E-18,1.226948711654E-18));
#2493 = ADVANCED_FACE('',(#2494),#2519,.T.);
#2494 = FACE_BOUND('',#2495,.F.);
#2495 = EDGE_LOOP('',(#2496,#2504,#2505,#2513));
#2496 = ORIENTED_EDGE('',*,*,#2497,.F.);
#2497 = EDGE_CURVE('',#1739,#2498,#2500,.T.);
#2498 = VERTEX_POINT('',#2499);
#2499 = CARTESIAN_POINT('',(-0.16,-2.38,8.54));
#2500 = LINE('',#2501,#2502);
#2501 = CARTESIAN_POINT('',(-0.16,-2.38,8.54));
#2502 = VECTOR('',#2503,1.);
#2503 = DIRECTION('',(0.57735026919,-0.57735026919,0.57735026919));
#2504 = ORIENTED_EDGE('',*,*,#1746,.T.);
#2505 = ORIENTED_EDGE('',*,*,#2506,.T.);
#2506 = EDGE_CURVE('',#1730,#2507,#2509,.T.);
#2507 = VERTEX_POINT('',#2508);
#2508 = CARTESIAN_POINT('',(0.16,-2.38,8.54));
#2509 = LINE('',#2510,#2511);
#2510 = CARTESIAN_POINT('',(5.333333333333E-02,-2.486666666667,
    8.646666666667));
#2511 = VECTOR('',#2512,1.);
#2512 = DIRECTION('',(-0.57735026919,-0.57735026919,0.57735026919));
#2513 = ORIENTED_EDGE('',*,*,#2514,.F.);
#2514 = EDGE_CURVE('',#2498,#2507,#2515,.T.);
#2515 = LINE('',#2516,#2517);
#2516 = CARTESIAN_POINT('',(-0.32,-2.38,8.54));
#2517 = VECTOR('',#2518,1.);
#2518 = DIRECTION('',(1.,0.,0.));
#2519 = PLANE('',#2520);
#2520 = AXIS2_PLACEMENT_3D('',#2521,#2522,#2523);
#2521 = CARTESIAN_POINT('',(-0.32,-2.3,8.46));
#2522 = DIRECTION('',(1.735167508357E-18,0.707106781187,0.707106781187)
  );
#2523 = DIRECTION('',(-1.,1.226948711654E-18,1.226948711654E-18));
#2524 = ADVANCED_FACE('',(#2525),#2543,.T.);
#2525 = FACE_BOUND('',#2526,.T.);
#2526 = EDGE_LOOP('',(#2527,#2535,#2536,#2537));
#2527 = ORIENTED_EDGE('',*,*,#2528,.F.);
#2528 = EDGE_CURVE('',#1761,#2529,#2531,.T.);
#2529 = VERTEX_POINT('',#2530);
#2530 = CARTESIAN_POINT('',(0.16,-2.7,8.54));
#2531 = LINE('',#2532,#2533);
#2532 = CARTESIAN_POINT('',(0.16,-2.7,8.54));
#2533 = VECTOR('',#2534,1.);
#2534 = DIRECTION('',(-0.57735026919,0.57735026919,0.57735026919));
#2535 = ORIENTED_EDGE('',*,*,#1770,.T.);
#2536 = ORIENTED_EDGE('',*,*,#2506,.T.);
#2537 = ORIENTED_EDGE('',*,*,#2538,.F.);
#2538 = EDGE_CURVE('',#2529,#2507,#2539,.T.);
#2539 = LINE('',#2540,#2541);
#2540 = CARTESIAN_POINT('',(0.16,-2.86,8.54));
#2541 = VECTOR('',#2542,1.);
#2542 = DIRECTION('',(0.,1.,0.));
#2543 = PLANE('',#2544);
#2544 = AXIS2_PLACEMENT_3D('',#2545,#2546,#2547);
#2545 = CARTESIAN_POINT('',(0.24,-2.86,8.46));
#2546 = DIRECTION('',(0.707106781187,-1.735167508357E-18,0.707106781187)
  );
#2547 = DIRECTION('',(1.226948711654E-18,1.,1.226948711654E-18));
#2548 = ADVANCED_FACE('',(#2549),#2567,.F.);
#2549 = FACE_BOUND('',#2550,.F.);
#2550 = EDGE_LOOP('',(#2551,#2559,#2560,#2561));
#2551 = ORIENTED_EDGE('',*,*,#2552,.F.);
#2552 = EDGE_CURVE('',#1785,#2553,#2555,.T.);
#2553 = VERTEX_POINT('',#2554);
#2554 = CARTESIAN_POINT('',(-0.16,-2.7,8.54));
#2555 = LINE('',#2556,#2557);
#2556 = CARTESIAN_POINT('',(-0.266666666667,-2.806666666667,
    8.433333333333));
#2557 = VECTOR('',#2558,1.);
#2558 = DIRECTION('',(0.57735026919,0.57735026919,0.57735026919));
#2559 = ORIENTED_EDGE('',*,*,#1794,.T.);
#2560 = ORIENTED_EDGE('',*,*,#2497,.T.);
#2561 = ORIENTED_EDGE('',*,*,#2562,.F.);
#2562 = EDGE_CURVE('',#2553,#2498,#2563,.T.);
#2563 = LINE('',#2564,#2565);
#2564 = CARTESIAN_POINT('',(-0.16,-2.86,8.54));
#2565 = VECTOR('',#2566,1.);
#2566 = DIRECTION('',(0.,1.,0.));
#2567 = PLANE('',#2568);
#2568 = AXIS2_PLACEMENT_3D('',#2569,#2570,#2571);
#2569 = CARTESIAN_POINT('',(-0.24,-2.86,8.46));
#2570 = DIRECTION('',(0.707106781187,1.735167508357E-18,-0.707106781187)
  );
#2571 = DIRECTION('',(-1.226948711654E-18,1.,1.226948711654E-18));
#2572 = ADVANCED_FACE('',(#2573),#2584,.F.);
#2573 = FACE_BOUND('',#2574,.T.);
#2574 = EDGE_LOOP('',(#2575,#2576,#2577,#2578));
#2575 = ORIENTED_EDGE('',*,*,#2552,.F.);
#2576 = ORIENTED_EDGE('',*,*,#1811,.T.);
#2577 = ORIENTED_EDGE('',*,*,#2528,.T.);
#2578 = ORIENTED_EDGE('',*,*,#2579,.F.);
#2579 = EDGE_CURVE('',#2553,#2529,#2580,.T.);
#2580 = LINE('',#2581,#2582);
#2581 = CARTESIAN_POINT('',(-0.32,-2.7,8.54));
#2582 = VECTOR('',#2583,1.);
#2583 = DIRECTION('',(1.,0.,0.));
#2584 = PLANE('',#2585);
#2585 = AXIS2_PLACEMENT_3D('',#2586,#2587,#2588);
#2586 = CARTESIAN_POINT('',(-0.32,-2.78,8.46));
#2587 = DIRECTION('',(-1.735167508357E-18,0.707106781187,-0.707106781187
    ));
#2588 = DIRECTION('',(-1.,-1.226948711654E-18,1.226948711654E-18));
#2589 = ADVANCED_FACE('',(#2590),#2615,.T.);
#2590 = FACE_BOUND('',#2591,.T.);
#2591 = EDGE_LOOP('',(#2592,#2600,#2601,#2609));
#2592 = ORIENTED_EDGE('',*,*,#2593,.F.);
#2593 = EDGE_CURVE('',#1826,#2594,#2596,.T.);
#2594 = VERTEX_POINT('',#2595);
#2595 = CARTESIAN_POINT('',(0.16,-0.16,8.54));
#2596 = LINE('',#2597,#2598);
#2597 = CARTESIAN_POINT('',(0.16,-0.16,8.54));
#2598 = VECTOR('',#2599,1.);
#2599 = DIRECTION('',(-0.57735026919,0.57735026919,0.57735026919));
#2600 = ORIENTED_EDGE('',*,*,#1842,.T.);
#2601 = ORIENTED_EDGE('',*,*,#2602,.T.);
#2602 = EDGE_CURVE('',#1835,#2603,#2605,.T.);
#2603 = VERTEX_POINT('',#2604);
#2604 = CARTESIAN_POINT('',(0.16,0.16,8.54));
#2605 = LINE('',#2606,#2607);
#2606 = CARTESIAN_POINT('',(5.333333333333E-02,5.333333333333E-02,
    8.646666666667));
#2607 = VECTOR('',#2608,1.);
#2608 = DIRECTION('',(-0.57735026919,-0.57735026919,0.57735026919));
#2609 = ORIENTED_EDGE('',*,*,#2610,.F.);
#2610 = EDGE_CURVE('',#2594,#2603,#2611,.T.);
#2611 = LINE('',#2612,#2613);
#2612 = CARTESIAN_POINT('',(0.16,-0.32,8.54));
#2613 = VECTOR('',#2614,1.);
#2614 = DIRECTION('',(0.,1.,0.));
#2615 = PLANE('',#2616);
#2616 = AXIS2_PLACEMENT_3D('',#2617,#2618,#2619);
#2617 = CARTESIAN_POINT('',(0.24,-0.32,8.46));
#2618 = DIRECTION('',(0.707106781187,-1.735167508357E-18,0.707106781187)
  );
#2619 = DIRECTION('',(1.226948711654E-18,1.,1.226948711654E-18));
#2620 = ADVANCED_FACE('',(#2621),#2639,.F.);
#2621 = FACE_BOUND('',#2622,.T.);
#2622 = EDGE_LOOP('',(#2623,#2631,#2632,#2633));
#2623 = ORIENTED_EDGE('',*,*,#2624,.F.);
#2624 = EDGE_CURVE('',#1859,#2625,#2627,.T.);
#2625 = VERTEX_POINT('',#2626);
#2626 = CARTESIAN_POINT('',(-0.16,-0.16,8.54));
#2627 = LINE('',#2628,#2629);
#2628 = CARTESIAN_POINT('',(-0.266666666667,-0.266666666667,
    8.433333333333));
#2629 = VECTOR('',#2630,1.);
#2630 = DIRECTION('',(0.57735026919,0.57735026919,0.57735026919));
#2631 = ORIENTED_EDGE('',*,*,#1866,.T.);
#2632 = ORIENTED_EDGE('',*,*,#2593,.T.);
#2633 = ORIENTED_EDGE('',*,*,#2634,.F.);
#2634 = EDGE_CURVE('',#2625,#2594,#2635,.T.);
#2635 = LINE('',#2636,#2637);
#2636 = CARTESIAN_POINT('',(-0.32,-0.16,8.54));
#2637 = VECTOR('',#2638,1.);
#2638 = DIRECTION('',(1.,0.,0.));
#2639 = PLANE('',#2640);
#2640 = AXIS2_PLACEMENT_3D('',#2641,#2642,#2643);
#2641 = CARTESIAN_POINT('',(-0.32,-0.24,8.46));
#2642 = DIRECTION('',(-1.735167508357E-18,0.707106781187,-0.707106781187
    ));
#2643 = DIRECTION('',(-1.,-1.226948711654E-18,1.226948711654E-18));
#2644 = ADVANCED_FACE('',(#2645),#2663,.T.);
#2645 = FACE_BOUND('',#2646,.F.);
#2646 = EDGE_LOOP('',(#2647,#2655,#2656,#2657));
#2647 = ORIENTED_EDGE('',*,*,#2648,.F.);
#2648 = EDGE_CURVE('',#1883,#2649,#2651,.T.);
#2649 = VERTEX_POINT('',#2650);
#2650 = CARTESIAN_POINT('',(-0.16,0.16,8.54));
#2651 = LINE('',#2652,#2653);
#2652 = CARTESIAN_POINT('',(-0.16,0.16,8.54));
#2653 = VECTOR('',#2654,1.);
#2654 = DIRECTION('',(0.57735026919,-0.57735026919,0.57735026919));
#2655 = ORIENTED_EDGE('',*,*,#1890,.T.);
#2656 = ORIENTED_EDGE('',*,*,#2602,.T.);
#2657 = ORIENTED_EDGE('',*,*,#2658,.F.);
#2658 = EDGE_CURVE('',#2649,#2603,#2659,.T.);
#2659 = LINE('',#2660,#2661);
#2660 = CARTESIAN_POINT('',(-0.32,0.16,8.54));
#2661 = VECTOR('',#2662,1.);
#2662 = DIRECTION('',(1.,0.,0.));
#2663 = PLANE('',#2664);
#2664 = AXIS2_PLACEMENT_3D('',#2665,#2666,#2667);
#2665 = CARTESIAN_POINT('',(-0.32,0.24,8.46));
#2666 = DIRECTION('',(1.735167508357E-18,0.707106781187,0.707106781187)
  );
#2667 = DIRECTION('',(-1.,1.226948711654E-18,1.226948711654E-18));
#2668 = ADVANCED_FACE('',(#2669),#2680,.F.);
#2669 = FACE_BOUND('',#2670,.F.);
#2670 = EDGE_LOOP('',(#2671,#2672,#2673,#2674));
#2671 = ORIENTED_EDGE('',*,*,#2624,.F.);
#2672 = ORIENTED_EDGE('',*,*,#1907,.T.);
#2673 = ORIENTED_EDGE('',*,*,#2648,.T.);
#2674 = ORIENTED_EDGE('',*,*,#2675,.F.);
#2675 = EDGE_CURVE('',#2625,#2649,#2676,.T.);
#2676 = LINE('',#2677,#2678);
#2677 = CARTESIAN_POINT('',(-0.16,-0.32,8.54));
#2678 = VECTOR('',#2679,1.);
#2679 = DIRECTION('',(0.,1.,0.));
#2680 = PLANE('',#2681);
#2681 = AXIS2_PLACEMENT_3D('',#2682,#2683,#2684);
#2682 = CARTESIAN_POINT('',(-0.24,-0.32,8.46));
#2683 = DIRECTION('',(0.707106781187,1.735167508357E-18,-0.707106781187)
  );
#2684 = DIRECTION('',(-1.226948711654E-18,1.,1.226948711654E-18));
#2685 = ADVANCED_FACE('',(#2686),#2711,.F.);
#2686 = FACE_BOUND('',#2687,.T.);
#2687 = EDGE_LOOP('',(#2688,#2696,#2697,#2705));
#2688 = ORIENTED_EDGE('',*,*,#2689,.F.);
#2689 = EDGE_CURVE('',#1930,#2690,#2692,.T.);
#2690 = VERTEX_POINT('',#2691);
#2691 = CARTESIAN_POINT('',(-0.16,-10.,-3.));
#2692 = LINE('',#2693,#2694);
#2693 = CARTESIAN_POINT('',(-0.16,-10.,-3.));
#2694 = VECTOR('',#2695,1.);
#2695 = DIRECTION('',(0.57735026919,-0.57735026919,-0.57735026919));
#2696 = ORIENTED_EDGE('',*,*,#1929,.T.);
#2697 = ORIENTED_EDGE('',*,*,#2698,.T.);
#2698 = EDGE_CURVE('',#1922,#2699,#2701,.T.);
#2699 = VERTEX_POINT('',#2700);
#2700 = CARTESIAN_POINT('',(0.16,-10.,-3.));
#2701 = LINE('',#2702,#2703);
#2702 = CARTESIAN_POINT('',(5.333333333333E-02,-10.10666666666,
    -3.106666666667));
#2703 = VECTOR('',#2704,1.);
#2704 = DIRECTION('',(-0.57735026919,-0.57735026919,-0.57735026919));
#2705 = ORIENTED_EDGE('',*,*,#2706,.F.);
#2706 = EDGE_CURVE('',#2690,#2699,#2707,.T.);
#2707 = LINE('',#2708,#2709);
#2708 = CARTESIAN_POINT('',(-0.32,-10.,-3.));
#2709 = VECTOR('',#2710,1.);
#2710 = DIRECTION('',(1.,0.,0.));
#2711 = PLANE('',#2712);
#2712 = AXIS2_PLACEMENT_3D('',#2713,#2714,#2715);
#2713 = CARTESIAN_POINT('',(-0.32,-9.92,-2.92));
#2714 = DIRECTION('',(-1.735167508357E-18,-0.707106781187,0.707106781187
    ));
#2715 = DIRECTION('',(-1.,1.226948711654E-18,-1.226948711654E-18));
#2716 = ADVANCED_FACE('',(#2717),#2735,.F.);
#2717 = FACE_BOUND('',#2718,.F.);
#2718 = EDGE_LOOP('',(#2719,#2727,#2728,#2729));
#2719 = ORIENTED_EDGE('',*,*,#2720,.F.);
#2720 = EDGE_CURVE('',#1953,#2721,#2723,.T.);
#2721 = VERTEX_POINT('',#2722);
#2722 = CARTESIAN_POINT('',(0.16,-10.32,-3.));
#2723 = LINE('',#2724,#2725);
#2724 = CARTESIAN_POINT('',(0.16,-10.32,-3.));
#2725 = VECTOR('',#2726,1.);
#2726 = DIRECTION('',(-0.57735026919,0.57735026919,-0.57735026919));
#2727 = ORIENTED_EDGE('',*,*,#1960,.T.);
#2728 = ORIENTED_EDGE('',*,*,#2698,.T.);
#2729 = ORIENTED_EDGE('',*,*,#2730,.F.);
#2730 = EDGE_CURVE('',#2721,#2699,#2731,.T.);
#2731 = LINE('',#2732,#2733);
#2732 = CARTESIAN_POINT('',(0.16,-10.48,-3.));
#2733 = VECTOR('',#2734,1.);
#2734 = DIRECTION('',(0.,1.,0.));
#2735 = PLANE('',#2736);
#2736 = AXIS2_PLACEMENT_3D('',#2737,#2738,#2739);
#2737 = CARTESIAN_POINT('',(0.24,-10.48,-2.92));
#2738 = DIRECTION('',(-0.707106781187,1.735167508357E-18,0.707106781187)
  );
#2739 = DIRECTION('',(1.226948711654E-18,1.,-1.226948711654E-18));
#2740 = ADVANCED_FACE('',(#2741),#2759,.T.);
#2741 = FACE_BOUND('',#2742,.T.);
#2742 = EDGE_LOOP('',(#2743,#2751,#2752,#2753));
#2743 = ORIENTED_EDGE('',*,*,#2744,.F.);
#2744 = EDGE_CURVE('',#1977,#2745,#2747,.T.);
#2745 = VERTEX_POINT('',#2746);
#2746 = CARTESIAN_POINT('',(-0.16,-10.32,-3.));
#2747 = LINE('',#2748,#2749);
#2748 = CARTESIAN_POINT('',(-0.266666666667,-10.42666666666,
    -2.893333333333));
#2749 = VECTOR('',#2750,1.);
#2750 = DIRECTION('',(0.57735026919,0.57735026919,-0.57735026919));
#2751 = ORIENTED_EDGE('',*,*,#1984,.T.);
#2752 = ORIENTED_EDGE('',*,*,#2689,.T.);
#2753 = ORIENTED_EDGE('',*,*,#2754,.F.);
#2754 = EDGE_CURVE('',#2745,#2690,#2755,.T.);
#2755 = LINE('',#2756,#2757);
#2756 = CARTESIAN_POINT('',(-0.16,-10.48,-3.));
#2757 = VECTOR('',#2758,1.);
#2758 = DIRECTION('',(0.,1.,0.));
#2759 = PLANE('',#2760);
#2760 = AXIS2_PLACEMENT_3D('',#2761,#2762,#2763);
#2761 = CARTESIAN_POINT('',(-0.24,-10.48,-2.92));
#2762 = DIRECTION('',(-0.707106781187,-1.735167508357E-18,
    -0.707106781187));
#2763 = DIRECTION('',(-1.226948711654E-18,1.,-1.226948711654E-18));
#2764 = ADVANCED_FACE('',(#2765),#2776,.T.);
#2765 = FACE_BOUND('',#2766,.F.);
#2766 = EDGE_LOOP('',(#2767,#2768,#2769,#2770));
#2767 = ORIENTED_EDGE('',*,*,#2744,.F.);
#2768 = ORIENTED_EDGE('',*,*,#2001,.T.);
#2769 = ORIENTED_EDGE('',*,*,#2720,.T.);
#2770 = ORIENTED_EDGE('',*,*,#2771,.F.);
#2771 = EDGE_CURVE('',#2745,#2721,#2772,.T.);
#2772 = LINE('',#2773,#2774);
#2773 = CARTESIAN_POINT('',(-0.32,-10.32,-3.));
#2774 = VECTOR('',#2775,1.);
#2775 = DIRECTION('',(1.,0.,0.));
#2776 = PLANE('',#2777);
#2777 = AXIS2_PLACEMENT_3D('',#2778,#2779,#2780);
#2778 = CARTESIAN_POINT('',(-0.32,-10.4,-2.92));
#2779 = DIRECTION('',(1.735167508357E-18,-0.707106781187,-0.707106781187
    ));
#2780 = DIRECTION('',(-1.,-1.226948711654E-18,-1.226948711654E-18));
#2781 = ADVANCED_FACE('',(#2782),#2807,.T.);
#2782 = FACE_BOUND('',#2783,.F.);
#2783 = EDGE_LOOP('',(#2784,#2792,#2793,#2801));
#2784 = ORIENTED_EDGE('',*,*,#2785,.F.);
#2785 = EDGE_CURVE('',#2026,#2786,#2788,.T.);
#2786 = VERTEX_POINT('',#2787);
#2787 = CARTESIAN_POINT('',(-0.16,-7.78,-3.));
#2788 = LINE('',#2789,#2790);
#2789 = CARTESIAN_POINT('',(-0.266666666667,-7.886666666667,
    -2.893333333333));
#2790 = VECTOR('',#2791,1.);
#2791 = DIRECTION('',(0.57735026919,0.57735026919,-0.57735026919));
#2792 = ORIENTED_EDGE('',*,*,#2025,.T.);
#2793 = ORIENTED_EDGE('',*,*,#2794,.T.);
#2794 = EDGE_CURVE('',#2018,#2795,#2797,.T.);
#2795 = VERTEX_POINT('',#2796);
#2796 = CARTESIAN_POINT('',(0.16,-7.78,-3.));
#2797 = LINE('',#2798,#2799);
#2798 = CARTESIAN_POINT('',(0.16,-7.78,-3.));
#2799 = VECTOR('',#2800,1.);
#2800 = DIRECTION('',(-0.57735026919,0.57735026919,-0.57735026919));
#2801 = ORIENTED_EDGE('',*,*,#2802,.F.);
#2802 = EDGE_CURVE('',#2786,#2795,#2803,.T.);
#2803 = LINE('',#2804,#2805);
#2804 = CARTESIAN_POINT('',(-0.32,-7.78,-3.));
#2805 = VECTOR('',#2806,1.);
#2806 = DIRECTION('',(1.,0.,0.));
#2807 = PLANE('',#2808);
#2808 = AXIS2_PLACEMENT_3D('',#2809,#2810,#2811);
#2809 = CARTESIAN_POINT('',(-0.32,-7.86,-2.92));
#2810 = DIRECTION('',(1.735167508357E-18,-0.707106781187,-0.707106781187
    ));
#2811 = DIRECTION('',(-1.,-1.226948711654E-18,-1.226948711654E-18));
#2812 = ADVANCED_FACE('',(#2813),#2831,.F.);
#2813 = FACE_BOUND('',#2814,.F.);
#2814 = EDGE_LOOP('',(#2815,#2816,#2817,#2825));
#2815 = ORIENTED_EDGE('',*,*,#2794,.F.);
#2816 = ORIENTED_EDGE('',*,*,#2049,.T.);
#2817 = ORIENTED_EDGE('',*,*,#2818,.T.);
#2818 = EDGE_CURVE('',#2050,#2819,#2821,.T.);
#2819 = VERTEX_POINT('',#2820);
#2820 = CARTESIAN_POINT('',(0.16,-7.46,-3.));
#2821 = LINE('',#2822,#2823);
#2822 = CARTESIAN_POINT('',(5.333333333333E-02,-7.566666666667,
    -3.106666666667));
#2823 = VECTOR('',#2824,1.);
#2824 = DIRECTION('',(-0.57735026919,-0.57735026919,-0.57735026919));
#2825 = ORIENTED_EDGE('',*,*,#2826,.F.);
#2826 = EDGE_CURVE('',#2795,#2819,#2827,.T.);
#2827 = LINE('',#2828,#2829);
#2828 = CARTESIAN_POINT('',(0.16,-7.94,-3.));
#2829 = VECTOR('',#2830,1.);
#2830 = DIRECTION('',(0.,1.,0.));
#2831 = PLANE('',#2832);
#2832 = AXIS2_PLACEMENT_3D('',#2833,#2834,#2835);
#2833 = CARTESIAN_POINT('',(0.24,-7.94,-2.92));
#2834 = DIRECTION('',(-0.707106781187,1.735167508357E-18,0.707106781187)
  );
#2835 = DIRECTION('',(1.226948711654E-18,1.,-1.226948711654E-18));
#2836 = ADVANCED_FACE('',(#2837),#2855,.T.);
#2837 = FACE_BOUND('',#2838,.T.);
#2838 = EDGE_LOOP('',(#2839,#2840,#2841,#2849));
#2839 = ORIENTED_EDGE('',*,*,#2785,.F.);
#2840 = ORIENTED_EDGE('',*,*,#2073,.T.);
#2841 = ORIENTED_EDGE('',*,*,#2842,.T.);
#2842 = EDGE_CURVE('',#2074,#2843,#2845,.T.);
#2843 = VERTEX_POINT('',#2844);
#2844 = CARTESIAN_POINT('',(-0.16,-7.46,-3.));
#2845 = LINE('',#2846,#2847);
#2846 = CARTESIAN_POINT('',(-0.16,-7.46,-3.));
#2847 = VECTOR('',#2848,1.);
#2848 = DIRECTION('',(0.57735026919,-0.57735026919,-0.57735026919));
#2849 = ORIENTED_EDGE('',*,*,#2850,.F.);
#2850 = EDGE_CURVE('',#2786,#2843,#2851,.T.);
#2851 = LINE('',#2852,#2853);
#2852 = CARTESIAN_POINT('',(-0.16,-7.94,-3.));
#2853 = VECTOR('',#2854,1.);
#2854 = DIRECTION('',(0.,1.,0.));
#2855 = PLANE('',#2856);
#2856 = AXIS2_PLACEMENT_3D('',#2857,#2858,#2859);
#2857 = CARTESIAN_POINT('',(-0.24,-7.94,-2.92));
#2858 = DIRECTION('',(-0.707106781187,-1.735167508357E-18,
    -0.707106781187));
#2859 = DIRECTION('',(-1.226948711654E-18,1.,-1.226948711654E-18));
#2860 = ADVANCED_FACE('',(#2861),#2872,.F.);
#2861 = FACE_BOUND('',#2862,.T.);
#2862 = EDGE_LOOP('',(#2863,#2864,#2865,#2866));
#2863 = ORIENTED_EDGE('',*,*,#2842,.F.);
#2864 = ORIENTED_EDGE('',*,*,#2097,.T.);
#2865 = ORIENTED_EDGE('',*,*,#2818,.T.);
#2866 = ORIENTED_EDGE('',*,*,#2867,.F.);
#2867 = EDGE_CURVE('',#2843,#2819,#2868,.T.);
#2868 = LINE('',#2869,#2870);
#2869 = CARTESIAN_POINT('',(-0.32,-7.46,-3.));
#2870 = VECTOR('',#2871,1.);
#2871 = DIRECTION('',(1.,0.,0.));
#2872 = PLANE('',#2873);
#2873 = AXIS2_PLACEMENT_3D('',#2874,#2875,#2876);
#2874 = CARTESIAN_POINT('',(-0.32,-7.38,-2.92));
#2875 = DIRECTION('',(-1.735167508357E-18,-0.707106781187,0.707106781187
    ));
#2876 = DIRECTION('',(-1.,1.226948711654E-18,-1.226948711654E-18));
#2877 = ADVANCED_FACE('',(#2878),#2903,.F.);
#2878 = FACE_BOUND('',#2879,.T.);
#2879 = EDGE_LOOP('',(#2880,#2888,#2889,#2897));
#2880 = ORIENTED_EDGE('',*,*,#2881,.F.);
#2881 = EDGE_CURVE('',#2122,#2882,#2884,.T.);
#2882 = VERTEX_POINT('',#2883);
#2883 = CARTESIAN_POINT('',(-0.16,-2.38,-3.));
#2884 = LINE('',#2885,#2886);
#2885 = CARTESIAN_POINT('',(-0.16,-2.38,-3.));
#2886 = VECTOR('',#2887,1.);
#2887 = DIRECTION('',(0.57735026919,-0.57735026919,-0.57735026919));
#2888 = ORIENTED_EDGE('',*,*,#2121,.T.);
#2889 = ORIENTED_EDGE('',*,*,#2890,.T.);
#2890 = EDGE_CURVE('',#2114,#2891,#2893,.T.);
#2891 = VERTEX_POINT('',#2892);
#2892 = CARTESIAN_POINT('',(0.16,-2.38,-3.));
#2893 = LINE('',#2894,#2895);
#2894 = CARTESIAN_POINT('',(5.333333333333E-02,-2.486666666667,
    -3.106666666667));
#2895 = VECTOR('',#2896,1.);
#2896 = DIRECTION('',(-0.57735026919,-0.57735026919,-0.57735026919));
#2897 = ORIENTED_EDGE('',*,*,#2898,.F.);
#2898 = EDGE_CURVE('',#2882,#2891,#2899,.T.);
#2899 = LINE('',#2900,#2901);
#2900 = CARTESIAN_POINT('',(-0.32,-2.38,-3.));
#2901 = VECTOR('',#2902,1.);
#2902 = DIRECTION('',(1.,0.,0.));
#2903 = PLANE('',#2904);
#2904 = AXIS2_PLACEMENT_3D('',#2905,#2906,#2907);
#2905 = CARTESIAN_POINT('',(-0.32,-2.3,-2.92));
#2906 = DIRECTION('',(-1.735167508357E-18,-0.707106781187,0.707106781187
    ));
#2907 = DIRECTION('',(-1.,1.226948711654E-18,-1.226948711654E-18));
#2908 = ADVANCED_FACE('',(#2909),#2927,.F.);
#2909 = FACE_BOUND('',#2910,.F.);
#2910 = EDGE_LOOP('',(#2911,#2919,#2920,#2921));
#2911 = ORIENTED_EDGE('',*,*,#2912,.F.);
#2912 = EDGE_CURVE('',#2145,#2913,#2915,.T.);
#2913 = VERTEX_POINT('',#2914);
#2914 = CARTESIAN_POINT('',(0.16,-2.7,-3.));
#2915 = LINE('',#2916,#2917);
#2916 = CARTESIAN_POINT('',(0.16,-2.7,-3.));
#2917 = VECTOR('',#2918,1.);
#2918 = DIRECTION('',(-0.57735026919,0.57735026919,-0.57735026919));
#2919 = ORIENTED_EDGE('',*,*,#2152,.T.);
#2920 = ORIENTED_EDGE('',*,*,#2890,.T.);
#2921 = ORIENTED_EDGE('',*,*,#2922,.F.);
#2922 = EDGE_CURVE('',#2913,#2891,#2923,.T.);
#2923 = LINE('',#2924,#2925);
#2924 = CARTESIAN_POINT('',(0.16,-2.86,-3.));
#2925 = VECTOR('',#2926,1.);
#2926 = DIRECTION('',(0.,1.,0.));
#2927 = PLANE('',#2928);
#2928 = AXIS2_PLACEMENT_3D('',#2929,#2930,#2931);
#2929 = CARTESIAN_POINT('',(0.24,-2.86,-2.92));
#2930 = DIRECTION('',(-0.707106781187,1.735167508357E-18,0.707106781187)
  );
#2931 = DIRECTION('',(1.226948711654E-18,1.,-1.226948711654E-18));
#2932 = ADVANCED_FACE('',(#2933),#2951,.T.);
#2933 = FACE_BOUND('',#2934,.T.);
#2934 = EDGE_LOOP('',(#2935,#2943,#2944,#2945));
#2935 = ORIENTED_EDGE('',*,*,#2936,.F.);
#2936 = EDGE_CURVE('',#2169,#2937,#2939,.T.);
#2937 = VERTEX_POINT('',#2938);
#2938 = CARTESIAN_POINT('',(-0.16,-2.7,-3.));
#2939 = LINE('',#2940,#2941);
#2940 = CARTESIAN_POINT('',(-0.266666666667,-2.806666666667,
    -2.893333333333));
#2941 = VECTOR('',#2942,1.);
#2942 = DIRECTION('',(0.57735026919,0.57735026919,-0.57735026919));
#2943 = ORIENTED_EDGE('',*,*,#2176,.T.);
#2944 = ORIENTED_EDGE('',*,*,#2881,.T.);
#2945 = ORIENTED_EDGE('',*,*,#2946,.F.);
#2946 = EDGE_CURVE('',#2937,#2882,#2947,.T.);
#2947 = LINE('',#2948,#2949);
#2948 = CARTESIAN_POINT('',(-0.16,-2.86,-3.));
#2949 = VECTOR('',#2950,1.);
#2950 = DIRECTION('',(0.,1.,0.));
#2951 = PLANE('',#2952);
#2952 = AXIS2_PLACEMENT_3D('',#2953,#2954,#2955);
#2953 = CARTESIAN_POINT('',(-0.24,-2.86,-2.92));
#2954 = DIRECTION('',(-0.707106781187,-1.735167508357E-18,
    -0.707106781187));
#2955 = DIRECTION('',(-1.226948711654E-18,1.,-1.226948711654E-18));
#2956 = ADVANCED_FACE('',(#2957),#2968,.T.);
#2957 = FACE_BOUND('',#2958,.F.);
#2958 = EDGE_LOOP('',(#2959,#2960,#2961,#2962));
#2959 = ORIENTED_EDGE('',*,*,#2936,.F.);
#2960 = ORIENTED_EDGE('',*,*,#2193,.T.);
#2961 = ORIENTED_EDGE('',*,*,#2912,.T.);
#2962 = ORIENTED_EDGE('',*,*,#2963,.F.);
#2963 = EDGE_CURVE('',#2937,#2913,#2964,.T.);
#2964 = LINE('',#2965,#2966);
#2965 = CARTESIAN_POINT('',(-0.32,-2.7,-3.));
#2966 = VECTOR('',#2967,1.);
#2967 = DIRECTION('',(1.,0.,0.));
#2968 = PLANE('',#2969);
#2969 = AXIS2_PLACEMENT_3D('',#2970,#2971,#2972);
#2970 = CARTESIAN_POINT('',(-0.32,-2.78,-2.92));
#2971 = DIRECTION('',(1.735167508357E-18,-0.707106781187,-0.707106781187
    ));
#2972 = DIRECTION('',(-1.,-1.226948711654E-18,-1.226948711654E-18));
#2973 = ADVANCED_FACE('',(#2974),#2999,.F.);
#2974 = FACE_BOUND('',#2975,.F.);
#2975 = EDGE_LOOP('',(#2976,#2984,#2985,#2993));
#2976 = ORIENTED_EDGE('',*,*,#2977,.F.);
#2977 = EDGE_CURVE('',#2210,#2978,#2980,.T.);
#2978 = VERTEX_POINT('',#2979);
#2979 = CARTESIAN_POINT('',(0.16,-0.16,-3.));
#2980 = LINE('',#2981,#2982);
#2981 = CARTESIAN_POINT('',(0.16,-0.16,-3.));
#2982 = VECTOR('',#2983,1.);
#2983 = DIRECTION('',(-0.57735026919,0.57735026919,-0.57735026919));
#2984 = ORIENTED_EDGE('',*,*,#2217,.T.);
#2985 = ORIENTED_EDGE('',*,*,#2986,.T.);
#2986 = EDGE_CURVE('',#2218,#2987,#2989,.T.);
#2987 = VERTEX_POINT('',#2988);
#2988 = CARTESIAN_POINT('',(0.16,0.16,-3.));
#2989 = LINE('',#2990,#2991);
#2990 = CARTESIAN_POINT('',(5.333333333333E-02,5.333333333333E-02,
    -3.106666666667));
#2991 = VECTOR('',#2992,1.);
#2992 = DIRECTION('',(-0.57735026919,-0.57735026919,-0.57735026919));
#2993 = ORIENTED_EDGE('',*,*,#2994,.F.);
#2994 = EDGE_CURVE('',#2978,#2987,#2995,.T.);
#2995 = LINE('',#2996,#2997);
#2996 = CARTESIAN_POINT('',(0.16,-0.32,-3.));
#2997 = VECTOR('',#2998,1.);
#2998 = DIRECTION('',(0.,1.,0.));
#2999 = PLANE('',#3000);
#3000 = AXIS2_PLACEMENT_3D('',#3001,#3002,#3003);
#3001 = CARTESIAN_POINT('',(0.24,-0.32,-2.92));
#3002 = DIRECTION('',(-0.707106781187,1.735167508357E-18,0.707106781187)
  );
#3003 = DIRECTION('',(1.226948711654E-18,1.,-1.226948711654E-18));
#3004 = ADVANCED_FACE('',(#3005),#3023,.T.);
#3005 = FACE_BOUND('',#3006,.F.);
#3006 = EDGE_LOOP('',(#3007,#3015,#3016,#3017));
#3007 = ORIENTED_EDGE('',*,*,#3008,.F.);
#3008 = EDGE_CURVE('',#2242,#3009,#3011,.T.);
#3009 = VERTEX_POINT('',#3010);
#3010 = CARTESIAN_POINT('',(-0.16,-0.16,-3.));
#3011 = LINE('',#3012,#3013);
#3012 = CARTESIAN_POINT('',(-0.266666666667,-0.266666666667,
    -2.893333333333));
#3013 = VECTOR('',#3014,1.);
#3014 = DIRECTION('',(0.57735026919,0.57735026919,-0.57735026919));
#3015 = ORIENTED_EDGE('',*,*,#2241,.T.);
#3016 = ORIENTED_EDGE('',*,*,#2977,.T.);
#3017 = ORIENTED_EDGE('',*,*,#3018,.F.);
#3018 = EDGE_CURVE('',#3009,#2978,#3019,.T.);
#3019 = LINE('',#3020,#3021);
#3020 = CARTESIAN_POINT('',(-0.32,-0.16,-3.));
#3021 = VECTOR('',#3022,1.);
#3022 = DIRECTION('',(1.,0.,0.));
#3023 = PLANE('',#3024);
#3024 = AXIS2_PLACEMENT_3D('',#3025,#3026,#3027);
#3025 = CARTESIAN_POINT('',(-0.32,-0.24,-2.92));
#3026 = DIRECTION('',(1.735167508357E-18,-0.707106781187,-0.707106781187
    ));
#3027 = DIRECTION('',(-1.,-1.226948711654E-18,-1.226948711654E-18));
#3028 = ADVANCED_FACE('',(#3029),#3047,.F.);
#3029 = FACE_BOUND('',#3030,.T.);
#3030 = EDGE_LOOP('',(#3031,#3039,#3040,#3041));
#3031 = ORIENTED_EDGE('',*,*,#3032,.F.);
#3032 = EDGE_CURVE('',#2266,#3033,#3035,.T.);
#3033 = VERTEX_POINT('',#3034);
#3034 = CARTESIAN_POINT('',(-0.16,0.16,-3.));
#3035 = LINE('',#3036,#3037);
#3036 = CARTESIAN_POINT('',(-0.16,0.16,-3.));
#3037 = VECTOR('',#3038,1.);
#3038 = DIRECTION('',(0.57735026919,-0.57735026919,-0.57735026919));
#3039 = ORIENTED_EDGE('',*,*,#2265,.T.);
#3040 = ORIENTED_EDGE('',*,*,#2986,.T.);
#3041 = ORIENTED_EDGE('',*,*,#3042,.F.);
#3042 = EDGE_CURVE('',#3033,#2987,#3043,.T.);
#3043 = LINE('',#3044,#3045);
#3044 = CARTESIAN_POINT('',(-0.32,0.16,-3.));
#3045 = VECTOR('',#3046,1.);
#3046 = DIRECTION('',(1.,0.,0.));
#3047 = PLANE('',#3048);
#3048 = AXIS2_PLACEMENT_3D('',#3049,#3050,#3051);
#3049 = CARTESIAN_POINT('',(-0.32,0.24,-2.92));
#3050 = DIRECTION('',(-1.735167508357E-18,-0.707106781187,0.707106781187
    ));
#3051 = DIRECTION('',(-1.,1.226948711654E-18,-1.226948711654E-18));
#3052 = ADVANCED_FACE('',(#3053),#3064,.T.);
#3053 = FACE_BOUND('',#3054,.T.);
#3054 = EDGE_LOOP('',(#3055,#3056,#3057,#3058));
#3055 = ORIENTED_EDGE('',*,*,#3008,.F.);
#3056 = ORIENTED_EDGE('',*,*,#2289,.T.);
#3057 = ORIENTED_EDGE('',*,*,#3032,.T.);
#3058 = ORIENTED_EDGE('',*,*,#3059,.F.);
#3059 = EDGE_CURVE('',#3009,#3033,#3060,.T.);
#3060 = LINE('',#3061,#3062);
#3061 = CARTESIAN_POINT('',(-0.16,-0.32,-3.));
#3062 = VECTOR('',#3063,1.);
#3063 = DIRECTION('',(0.,1.,0.));
#3064 = PLANE('',#3065);
#3065 = AXIS2_PLACEMENT_3D('',#3066,#3067,#3068);
#3066 = CARTESIAN_POINT('',(-0.24,-0.32,-2.92));
#3067 = DIRECTION('',(-0.707106781187,-1.735167508357E-18,
    -0.707106781187));
#3068 = DIRECTION('',(-1.226948711654E-18,1.,-1.226948711654E-18));
#3069 = ADVANCED_FACE('',(#3070),#3076,.T.);
#3070 = FACE_BOUND('',#3071,.T.);
#3071 = EDGE_LOOP('',(#3072,#3073,#3074,#3075));
#3072 = ORIENTED_EDGE('',*,*,#2346,.T.);
#3073 = ORIENTED_EDGE('',*,*,#2322,.F.);
#3074 = ORIENTED_EDGE('',*,*,#2370,.F.);
#3075 = ORIENTED_EDGE('',*,*,#2387,.T.);
#3076 = PLANE('',#3077);
#3077 = AXIS2_PLACEMENT_3D('',#3078,#3079,#3080);
#3078 = CARTESIAN_POINT('',(-0.32,-10.48,8.54));
#3079 = DIRECTION('',(0.,0.,1.));
#3080 = DIRECTION('',(1.,0.,0.));
#3081 = ADVANCED_FACE('',(#3082),#3088,.T.);
#3082 = FACE_BOUND('',#3083,.T.);
#3083 = EDGE_LOOP('',(#3084,#3085,#3086,#3087));
#3084 = ORIENTED_EDGE('',*,*,#2442,.T.);
#3085 = ORIENTED_EDGE('',*,*,#2483,.F.);
#3086 = ORIENTED_EDGE('',*,*,#2466,.F.);
#3087 = ORIENTED_EDGE('',*,*,#2418,.T.);
#3088 = PLANE('',#3089);
#3089 = AXIS2_PLACEMENT_3D('',#3090,#3091,#3092);
#3090 = CARTESIAN_POINT('',(-0.32,-7.94,8.54));
#3091 = DIRECTION('',(0.,0.,1.));
#3092 = DIRECTION('',(1.,0.,0.));
#3093 = ADVANCED_FACE('',(#3094),#3100,.T.);
#3094 = FACE_BOUND('',#3095,.T.);
#3095 = EDGE_LOOP('',(#3096,#3097,#3098,#3099));
#3096 = ORIENTED_EDGE('',*,*,#2538,.T.);
#3097 = ORIENTED_EDGE('',*,*,#2514,.F.);
#3098 = ORIENTED_EDGE('',*,*,#2562,.F.);
#3099 = ORIENTED_EDGE('',*,*,#2579,.T.);
#3100 = PLANE('',#3101);
#3101 = AXIS2_PLACEMENT_3D('',#3102,#3103,#3104);
#3102 = CARTESIAN_POINT('',(-0.32,-2.86,8.54));
#3103 = DIRECTION('',(0.,0.,1.));
#3104 = DIRECTION('',(1.,0.,0.));
#3105 = ADVANCED_FACE('',(#3106),#3112,.T.);
#3106 = FACE_BOUND('',#3107,.T.);
#3107 = EDGE_LOOP('',(#3108,#3109,#3110,#3111));
#3108 = ORIENTED_EDGE('',*,*,#2610,.T.);
#3109 = ORIENTED_EDGE('',*,*,#2658,.F.);
#3110 = ORIENTED_EDGE('',*,*,#2675,.F.);
#3111 = ORIENTED_EDGE('',*,*,#2634,.T.);
#3112 = PLANE('',#3113);
#3113 = AXIS2_PLACEMENT_3D('',#3114,#3115,#3116);
#3114 = CARTESIAN_POINT('',(-0.32,-0.32,8.54));
#3115 = DIRECTION('',(0.,0.,1.));
#3116 = DIRECTION('',(1.,0.,0.));
#3117 = ADVANCED_FACE('',(#3118),#3124,.F.);
#3118 = FACE_BOUND('',#3119,.F.);
#3119 = EDGE_LOOP('',(#3120,#3121,#3122,#3123));
#3120 = ORIENTED_EDGE('',*,*,#2771,.T.);
#3121 = ORIENTED_EDGE('',*,*,#2730,.T.);
#3122 = ORIENTED_EDGE('',*,*,#2706,.F.);
#3123 = ORIENTED_EDGE('',*,*,#2754,.F.);
#3124 = PLANE('',#3125);
#3125 = AXIS2_PLACEMENT_3D('',#3126,#3127,#3128);
#3126 = CARTESIAN_POINT('',(-0.32,-10.48,-3.));
#3127 = DIRECTION('',(0.,0.,1.));
#3128 = DIRECTION('',(1.,0.,0.));
#3129 = ADVANCED_FACE('',(#3130),#3136,.F.);
#3130 = FACE_BOUND('',#3131,.F.);
#3131 = EDGE_LOOP('',(#3132,#3133,#3134,#3135));
#3132 = ORIENTED_EDGE('',*,*,#2802,.T.);
#3133 = ORIENTED_EDGE('',*,*,#2826,.T.);
#3134 = ORIENTED_EDGE('',*,*,#2867,.F.);
#3135 = ORIENTED_EDGE('',*,*,#2850,.F.);
#3136 = PLANE('',#3137);
#3137 = AXIS2_PLACEMENT_3D('',#3138,#3139,#3140);
#3138 = CARTESIAN_POINT('',(-0.32,-7.94,-3.));
#3139 = DIRECTION('',(0.,0.,1.));
#3140 = DIRECTION('',(1.,0.,0.));
#3141 = ADVANCED_FACE('',(#3142),#3148,.F.);
#3142 = FACE_BOUND('',#3143,.F.);
#3143 = EDGE_LOOP('',(#3144,#3145,#3146,#3147));
#3144 = ORIENTED_EDGE('',*,*,#2963,.T.);
#3145 = ORIENTED_EDGE('',*,*,#2922,.T.);
#3146 = ORIENTED_EDGE('',*,*,#2898,.F.);
#3147 = ORIENTED_EDGE('',*,*,#2946,.F.);
#3148 = PLANE('',#3149);
#3149 = AXIS2_PLACEMENT_3D('',#3150,#3151,#3152);
#3150 = CARTESIAN_POINT('',(-0.32,-2.86,-3.));
#3151 = DIRECTION('',(0.,0.,1.));
#3152 = DIRECTION('',(1.,0.,0.));
#3153 = ADVANCED_FACE('',(#3154),#3160,.F.);
#3154 = FACE_BOUND('',#3155,.F.);
#3155 = EDGE_LOOP('',(#3156,#3157,#3158,#3159));
#3156 = ORIENTED_EDGE('',*,*,#3018,.T.);
#3157 = ORIENTED_EDGE('',*,*,#2994,.T.);
#3158 = ORIENTED_EDGE('',*,*,#3042,.F.);
#3159 = ORIENTED_EDGE('',*,*,#3059,.F.);
#3160 = PLANE('',#3161);
#3161 = AXIS2_PLACEMENT_3D('',#3162,#3163,#3164);
#3162 = CARTESIAN_POINT('',(-0.32,-0.32,-3.));
#3163 = DIRECTION('',(0.,0.,1.));
#3164 = DIRECTION('',(1.,0.,0.));
#3165 = ( GEOMETRIC_REPRESENTATION_CONTEXT(3) 
GLOBAL_UNCERTAINTY_ASSIGNED_CONTEXT((#3169)) 
GLOBAL_UNIT_ASSIGNED_CONTEXT((#3166,#3167,#3168)) REPRESENTATION_CONTEXT
('Context #1','3D Context with UNIT and UNCERTAINTY') );
#3166 = ( LENGTH_UNIT() NAMED_UNIT(*) SI_UNIT(.MILLI.,.METRE.) );
#3167 = ( NAMED_UNIT(*) PLANE_ANGLE_UNIT() SI_UNIT($,.RADIAN.) );
#3168 = ( NAMED_UNIT(*) SI_UNIT($,.STERADIAN.) SOLID_ANGLE_UNIT() );
#3169 = UNCERTAINTY_MEASURE_WITH_UNIT(LENGTH_MEASURE(5.E-07),#3166,
  'distance_accuracy_value','confusion accuracy');
#3170 = PRODUCT_RELATED_PRODUCT_CATEGORY('part',$,(#7));
#3171 = MECHANICAL_DESIGN_GEOMETRIC_PRESENTATION_REPRESENTATION('',(
    #3172,#3183,#3191,#3198,#3205,#3212,#3219,#3226,#3233,#3240,#3247,
    #3254,#3261,#3268,#3275,#3282,#3289,#3296,#3303,#3310,#3317,#3324,
    #3331,#3338,#3345,#3352,#3359,#3366,#3373,#3380,#3387,#3394,#3401,
    #3408,#3415,#3422,#3429,#3436,#3443,#3450,#3457,#3464,#3471,#3478,
    #3485,#3492,#3499,#3506,#3513,#3520,#3527,#3534,#3541,#3548,#3555,
    #3562,#3569,#3576,#3583,#3590,#3597,#3604,#3611,#3618,#3625,#3632,
    #3639,#3646,#3653,#3660,#3667,#3674,#3681),#3165);
#3172 = STYLED_ITEM('color',(#3173),#15);
#3173 = PRESENTATION_STYLE_ASSIGNMENT((#3174,#3180));
#3174 = SURFACE_STYLE_USAGE(.BOTH.,#3175);
#3175 = SURFACE_SIDE_STYLE('',(#3176));
#3176 = SURFACE_STYLE_FILL_AREA(#3177);
#3177 = FILL_AREA_STYLE('',(#3178));
#3178 = FILL_AREA_STYLE_COLOUR('',#3179);
#3179 = COLOUR_RGB('',2.961776278913E-02,2.980087021366E-02,
  3.248645780608E-02);
#3180 = CURVE_STYLE('',#3181,POSITIVE_LENGTH_MEASURE(0.1),#3182);
#3181 = DRAUGHTING_PRE_DEFINED_CURVE_FONT('continuous');
#3182 = COLOUR_RGB('',9.803921802644E-02,9.803921802644E-02,
  9.803921802644E-02);
#3183 = OVER_RIDING_STYLED_ITEM('overriding color',(#3184),#1461,#3172);
#3184 = PRESENTATION_STYLE_ASSIGNMENT((#3185));
#3185 = SURFACE_STYLE_USAGE(.BOTH.,#3186);
#3186 = SURFACE_SIDE_STYLE('',(#3187));
#3187 = SURFACE_STYLE_FILL_AREA(#3188);
#3188 = FILL_AREA_STYLE('',(#3189));
#3189 = FILL_AREA_STYLE_COLOUR('',#3190);
#3190 = COLOUR_RGB('',0.999526972136,0.988357373439,0.472648199315);
#3191 = OVER_RIDING_STYLED_ITEM('overriding color',(#3192),#1492,#3172);
#3192 = PRESENTATION_STYLE_ASSIGNMENT((#3193));
#3193 = SURFACE_STYLE_USAGE(.BOTH.,#3194);
#3194 = SURFACE_SIDE_STYLE('',(#3195));
#3195 = SURFACE_STYLE_FILL_AREA(#3196);
#3196 = FILL_AREA_STYLE('',(#3197));
#3197 = FILL_AREA_STYLE_COLOUR('',#3190);
#3198 = OVER_RIDING_STYLED_ITEM('overriding color',(#3199),#1516,#3172);
#3199 = PRESENTATION_STYLE_ASSIGNMENT((#3200));
#3200 = SURFACE_STYLE_USAGE(.BOTH.,#3201);
#3201 = SURFACE_SIDE_STYLE('',(#3202));
#3202 = SURFACE_STYLE_FILL_AREA(#3203);
#3203 = FILL_AREA_STYLE('',(#3204));
#3204 = FILL_AREA_STYLE_COLOUR('',#3190);
#3205 = OVER_RIDING_STYLED_ITEM('overriding color',(#3206),#1540,#3172);
#3206 = PRESENTATION_STYLE_ASSIGNMENT((#3207));
#3207 = SURFACE_STYLE_USAGE(.BOTH.,#3208);
#3208 = SURFACE_SIDE_STYLE('',(#3209));
#3209 = SURFACE_STYLE_FILL_AREA(#3210);
#3210 = FILL_AREA_STYLE('',(#3211));
#3211 = FILL_AREA_STYLE_COLOUR('',#3190);
#3212 = OVER_RIDING_STYLED_ITEM('overriding color',(#3213),#1557,#3172);
#3213 = PRESENTATION_STYLE_ASSIGNMENT((#3214));
#3214 = SURFACE_STYLE_USAGE(.BOTH.,#3215);
#3215 = SURFACE_SIDE_STYLE('',(#3216));
#3216 = SURFACE_STYLE_FILL_AREA(#3217);
#3217 = FILL_AREA_STYLE('',(#3218));
#3218 = FILL_AREA_STYLE_COLOUR('',#3190);
#3219 = OVER_RIDING_STYLED_ITEM('overriding color',(#3220),#1588,#3172);
#3220 = PRESENTATION_STYLE_ASSIGNMENT((#3221));
#3221 = SURFACE_STYLE_USAGE(.BOTH.,#3222);
#3222 = SURFACE_SIDE_STYLE('',(#3223));
#3223 = SURFACE_STYLE_FILL_AREA(#3224);
#3224 = FILL_AREA_STYLE('',(#3225));
#3225 = FILL_AREA_STYLE_COLOUR('',#3190);
#3226 = OVER_RIDING_STYLED_ITEM('overriding color',(#3227),#1612,#3172);
#3227 = PRESENTATION_STYLE_ASSIGNMENT((#3228));
#3228 = SURFACE_STYLE_USAGE(.BOTH.,#3229);
#3229 = SURFACE_SIDE_STYLE('',(#3230));
#3230 = SURFACE_STYLE_FILL_AREA(#3231);
#3231 = FILL_AREA_STYLE('',(#3232));
#3232 = FILL_AREA_STYLE_COLOUR('',#3190);
#3233 = OVER_RIDING_STYLED_ITEM('overriding color',(#3234),#1636,#3172);
#3234 = PRESENTATION_STYLE_ASSIGNMENT((#3235));
#3235 = SURFACE_STYLE_USAGE(.BOTH.,#3236);
#3236 = SURFACE_SIDE_STYLE('',(#3237));
#3237 = SURFACE_STYLE_FILL_AREA(#3238);
#3238 = FILL_AREA_STYLE('',(#3239));
#3239 = FILL_AREA_STYLE_COLOUR('',#3190);
#3240 = OVER_RIDING_STYLED_ITEM('overriding color',(#3241),#1725,#3172);
#3241 = PRESENTATION_STYLE_ASSIGNMENT((#3242));
#3242 = SURFACE_STYLE_USAGE(.BOTH.,#3243);
#3243 = SURFACE_SIDE_STYLE('',(#3244));
#3244 = SURFACE_STYLE_FILL_AREA(#3245);
#3245 = FILL_AREA_STYLE('',(#3246));
#3246 = FILL_AREA_STYLE_COLOUR('',#3190);
#3247 = OVER_RIDING_STYLED_ITEM('overriding color',(#3248),#1756,#3172);
#3248 = PRESENTATION_STYLE_ASSIGNMENT((#3249));
#3249 = SURFACE_STYLE_USAGE(.BOTH.,#3250);
#3250 = SURFACE_SIDE_STYLE('',(#3251));
#3251 = SURFACE_STYLE_FILL_AREA(#3252);
#3252 = FILL_AREA_STYLE('',(#3253));
#3253 = FILL_AREA_STYLE_COLOUR('',#3190);
#3254 = OVER_RIDING_STYLED_ITEM('overriding color',(#3255),#1780,#3172);
#3255 = PRESENTATION_STYLE_ASSIGNMENT((#3256));
#3256 = SURFACE_STYLE_USAGE(.BOTH.,#3257);
#3257 = SURFACE_SIDE_STYLE('',(#3258));
#3258 = SURFACE_STYLE_FILL_AREA(#3259);
#3259 = FILL_AREA_STYLE('',(#3260));
#3260 = FILL_AREA_STYLE_COLOUR('',#3190);
#3261 = OVER_RIDING_STYLED_ITEM('overriding color',(#3262),#1804,#3172);
#3262 = PRESENTATION_STYLE_ASSIGNMENT((#3263));
#3263 = SURFACE_STYLE_USAGE(.BOTH.,#3264);
#3264 = SURFACE_SIDE_STYLE('',(#3265));
#3265 = SURFACE_STYLE_FILL_AREA(#3266);
#3266 = FILL_AREA_STYLE('',(#3267));
#3267 = FILL_AREA_STYLE_COLOUR('',#3190);
#3268 = OVER_RIDING_STYLED_ITEM('overriding color',(#3269),#1821,#3172);
#3269 = PRESENTATION_STYLE_ASSIGNMENT((#3270));
#3270 = SURFACE_STYLE_USAGE(.BOTH.,#3271);
#3271 = SURFACE_SIDE_STYLE('',(#3272));
#3272 = SURFACE_STYLE_FILL_AREA(#3273);
#3273 = FILL_AREA_STYLE('',(#3274));
#3274 = FILL_AREA_STYLE_COLOUR('',#3190);
#3275 = OVER_RIDING_STYLED_ITEM('overriding color',(#3276),#1852,#3172);
#3276 = PRESENTATION_STYLE_ASSIGNMENT((#3277));
#3277 = SURFACE_STYLE_USAGE(.BOTH.,#3278);
#3278 = SURFACE_SIDE_STYLE('',(#3279));
#3279 = SURFACE_STYLE_FILL_AREA(#3280);
#3280 = FILL_AREA_STYLE('',(#3281));
#3281 = FILL_AREA_STYLE_COLOUR('',#3190);
#3282 = OVER_RIDING_STYLED_ITEM('overriding color',(#3283),#1876,#3172);
#3283 = PRESENTATION_STYLE_ASSIGNMENT((#3284));
#3284 = SURFACE_STYLE_USAGE(.BOTH.,#3285);
#3285 = SURFACE_SIDE_STYLE('',(#3286));
#3286 = SURFACE_STYLE_FILL_AREA(#3287);
#3287 = FILL_AREA_STYLE('',(#3288));
#3288 = FILL_AREA_STYLE_COLOUR('',#3190);
#3289 = OVER_RIDING_STYLED_ITEM('overriding color',(#3290),#1900,#3172);
#3290 = PRESENTATION_STYLE_ASSIGNMENT((#3291));
#3291 = SURFACE_STYLE_USAGE(.BOTH.,#3292);
#3292 = SURFACE_SIDE_STYLE('',(#3293));
#3293 = SURFACE_STYLE_FILL_AREA(#3294);
#3294 = FILL_AREA_STYLE('',(#3295));
#3295 = FILL_AREA_STYLE_COLOUR('',#3190);
#3296 = OVER_RIDING_STYLED_ITEM('overriding color',(#3297),#1917,#3172);
#3297 = PRESENTATION_STYLE_ASSIGNMENT((#3298));
#3298 = SURFACE_STYLE_USAGE(.BOTH.,#3299);
#3299 = SURFACE_SIDE_STYLE('',(#3300));
#3300 = SURFACE_STYLE_FILL_AREA(#3301);
#3301 = FILL_AREA_STYLE('',(#3302));
#3302 = FILL_AREA_STYLE_COLOUR('',#3190);
#3303 = OVER_RIDING_STYLED_ITEM('overriding color',(#3304),#1948,#3172);
#3304 = PRESENTATION_STYLE_ASSIGNMENT((#3305));
#3305 = SURFACE_STYLE_USAGE(.BOTH.,#3306);
#3306 = SURFACE_SIDE_STYLE('',(#3307));
#3307 = SURFACE_STYLE_FILL_AREA(#3308);
#3308 = FILL_AREA_STYLE('',(#3309));
#3309 = FILL_AREA_STYLE_COLOUR('',#3190);
#3310 = OVER_RIDING_STYLED_ITEM('overriding color',(#3311),#1972,#3172);
#3311 = PRESENTATION_STYLE_ASSIGNMENT((#3312));
#3312 = SURFACE_STYLE_USAGE(.BOTH.,#3313);
#3313 = SURFACE_SIDE_STYLE('',(#3314));
#3314 = SURFACE_STYLE_FILL_AREA(#3315);
#3315 = FILL_AREA_STYLE('',(#3316));
#3316 = FILL_AREA_STYLE_COLOUR('',#3190);
#3317 = OVER_RIDING_STYLED_ITEM('overriding color',(#3318),#1996,#3172);
#3318 = PRESENTATION_STYLE_ASSIGNMENT((#3319));
#3319 = SURFACE_STYLE_USAGE(.BOTH.,#3320);
#3320 = SURFACE_SIDE_STYLE('',(#3321));
#3321 = SURFACE_STYLE_FILL_AREA(#3322);
#3322 = FILL_AREA_STYLE('',(#3323));
#3323 = FILL_AREA_STYLE_COLOUR('',#3190);
#3324 = OVER_RIDING_STYLED_ITEM('overriding color',(#3325),#2013,#3172);
#3325 = PRESENTATION_STYLE_ASSIGNMENT((#3326));
#3326 = SURFACE_STYLE_USAGE(.BOTH.,#3327);
#3327 = SURFACE_SIDE_STYLE('',(#3328));
#3328 = SURFACE_STYLE_FILL_AREA(#3329);
#3329 = FILL_AREA_STYLE('',(#3330));
#3330 = FILL_AREA_STYLE_COLOUR('',#3190);
#3331 = OVER_RIDING_STYLED_ITEM('overriding color',(#3332),#2044,#3172);
#3332 = PRESENTATION_STYLE_ASSIGNMENT((#3333));
#3333 = SURFACE_STYLE_USAGE(.BOTH.,#3334);
#3334 = SURFACE_SIDE_STYLE('',(#3335));
#3335 = SURFACE_STYLE_FILL_AREA(#3336);
#3336 = FILL_AREA_STYLE('',(#3337));
#3337 = FILL_AREA_STYLE_COLOUR('',#3190);
#3338 = OVER_RIDING_STYLED_ITEM('overriding color',(#3339),#2068,#3172);
#3339 = PRESENTATION_STYLE_ASSIGNMENT((#3340));
#3340 = SURFACE_STYLE_USAGE(.BOTH.,#3341);
#3341 = SURFACE_SIDE_STYLE('',(#3342));
#3342 = SURFACE_STYLE_FILL_AREA(#3343);
#3343 = FILL_AREA_STYLE('',(#3344));
#3344 = FILL_AREA_STYLE_COLOUR('',#3190);
#3345 = OVER_RIDING_STYLED_ITEM('overriding color',(#3346),#2092,#3172);
#3346 = PRESENTATION_STYLE_ASSIGNMENT((#3347));
#3347 = SURFACE_STYLE_USAGE(.BOTH.,#3348);
#3348 = SURFACE_SIDE_STYLE('',(#3349));
#3349 = SURFACE_STYLE_FILL_AREA(#3350);
#3350 = FILL_AREA_STYLE('',(#3351));
#3351 = FILL_AREA_STYLE_COLOUR('',#3190);
#3352 = OVER_RIDING_STYLED_ITEM('overriding color',(#3353),#2109,#3172);
#3353 = PRESENTATION_STYLE_ASSIGNMENT((#3354));
#3354 = SURFACE_STYLE_USAGE(.BOTH.,#3355);
#3355 = SURFACE_SIDE_STYLE('',(#3356));
#3356 = SURFACE_STYLE_FILL_AREA(#3357);
#3357 = FILL_AREA_STYLE('',(#3358));
#3358 = FILL_AREA_STYLE_COLOUR('',#3190);
#3359 = OVER_RIDING_STYLED_ITEM('overriding color',(#3360),#2140,#3172);
#3360 = PRESENTATION_STYLE_ASSIGNMENT((#3361));
#3361 = SURFACE_STYLE_USAGE(.BOTH.,#3362);
#3362 = SURFACE_SIDE_STYLE('',(#3363));
#3363 = SURFACE_STYLE_FILL_AREA(#3364);
#3364 = FILL_AREA_STYLE('',(#3365));
#3365 = FILL_AREA_STYLE_COLOUR('',#3190);
#3366 = OVER_RIDING_STYLED_ITEM('overriding color',(#3367),#2164,#3172);
#3367 = PRESENTATION_STYLE_ASSIGNMENT((#3368));
#3368 = SURFACE_STYLE_USAGE(.BOTH.,#3369);
#3369 = SURFACE_SIDE_STYLE('',(#3370));
#3370 = SURFACE_STYLE_FILL_AREA(#3371);
#3371 = FILL_AREA_STYLE('',(#3372));
#3372 = FILL_AREA_STYLE_COLOUR('',#3190);
#3373 = OVER_RIDING_STYLED_ITEM('overriding color',(#3374),#2188,#3172);
#3374 = PRESENTATION_STYLE_ASSIGNMENT((#3375));
#3375 = SURFACE_STYLE_USAGE(.BOTH.,#3376);
#3376 = SURFACE_SIDE_STYLE('',(#3377));
#3377 = SURFACE_STYLE_FILL_AREA(#3378);
#3378 = FILL_AREA_STYLE('',(#3379));
#3379 = FILL_AREA_STYLE_COLOUR('',#3190);
#3380 = OVER_RIDING_STYLED_ITEM('overriding color',(#3381),#2205,#3172);
#3381 = PRESENTATION_STYLE_ASSIGNMENT((#3382));
#3382 = SURFACE_STYLE_USAGE(.BOTH.,#3383);
#3383 = SURFACE_SIDE_STYLE('',(#3384));
#3384 = SURFACE_STYLE_FILL_AREA(#3385);
#3385 = FILL_AREA_STYLE('',(#3386));
#3386 = FILL_AREA_STYLE_COLOUR('',#3190);
#3387 = OVER_RIDING_STYLED_ITEM('overriding color',(#3388),#2236,#3172);
#3388 = PRESENTATION_STYLE_ASSIGNMENT((#3389));
#3389 = SURFACE_STYLE_USAGE(.BOTH.,#3390);
#3390 = SURFACE_SIDE_STYLE('',(#3391));
#3391 = SURFACE_STYLE_FILL_AREA(#3392);
#3392 = FILL_AREA_STYLE('',(#3393));
#3393 = FILL_AREA_STYLE_COLOUR('',#3190);
#3394 = OVER_RIDING_STYLED_ITEM('overriding color',(#3395),#2260,#3172);
#3395 = PRESENTATION_STYLE_ASSIGNMENT((#3396));
#3396 = SURFACE_STYLE_USAGE(.BOTH.,#3397);
#3397 = SURFACE_SIDE_STYLE('',(#3398));
#3398 = SURFACE_STYLE_FILL_AREA(#3399);
#3399 = FILL_AREA_STYLE('',(#3400));
#3400 = FILL_AREA_STYLE_COLOUR('',#3190);
#3401 = OVER_RIDING_STYLED_ITEM('overriding color',(#3402),#2284,#3172);
#3402 = PRESENTATION_STYLE_ASSIGNMENT((#3403));
#3403 = SURFACE_STYLE_USAGE(.BOTH.,#3404);
#3404 = SURFACE_SIDE_STYLE('',(#3405));
#3405 = SURFACE_STYLE_FILL_AREA(#3406);
#3406 = FILL_AREA_STYLE('',(#3407));
#3407 = FILL_AREA_STYLE_COLOUR('',#3190);
#3408 = OVER_RIDING_STYLED_ITEM('overriding color',(#3409),#2301,#3172);
#3409 = PRESENTATION_STYLE_ASSIGNMENT((#3410));
#3410 = SURFACE_STYLE_USAGE(.BOTH.,#3411);
#3411 = SURFACE_SIDE_STYLE('',(#3412));
#3412 = SURFACE_STYLE_FILL_AREA(#3413);
#3413 = FILL_AREA_STYLE('',(#3414));
#3414 = FILL_AREA_STYLE_COLOUR('',#3190);
#3415 = OVER_RIDING_STYLED_ITEM('overriding color',(#3416),#2332,#3172);
#3416 = PRESENTATION_STYLE_ASSIGNMENT((#3417));
#3417 = SURFACE_STYLE_USAGE(.BOTH.,#3418);
#3418 = SURFACE_SIDE_STYLE('',(#3419));
#3419 = SURFACE_STYLE_FILL_AREA(#3420);
#3420 = FILL_AREA_STYLE('',(#3421));
#3421 = FILL_AREA_STYLE_COLOUR('',#3190);
#3422 = OVER_RIDING_STYLED_ITEM('overriding color',(#3423),#2356,#3172);
#3423 = PRESENTATION_STYLE_ASSIGNMENT((#3424));
#3424 = SURFACE_STYLE_USAGE(.BOTH.,#3425);
#3425 = SURFACE_SIDE_STYLE('',(#3426));
#3426 = SURFACE_STYLE_FILL_AREA(#3427);
#3427 = FILL_AREA_STYLE('',(#3428));
#3428 = FILL_AREA_STYLE_COLOUR('',#3190);
#3429 = OVER_RIDING_STYLED_ITEM('overriding color',(#3430),#2380,#3172);
#3430 = PRESENTATION_STYLE_ASSIGNMENT((#3431));
#3431 = SURFACE_STYLE_USAGE(.BOTH.,#3432);
#3432 = SURFACE_SIDE_STYLE('',(#3433));
#3433 = SURFACE_STYLE_FILL_AREA(#3434);
#3434 = FILL_AREA_STYLE('',(#3435));
#3435 = FILL_AREA_STYLE_COLOUR('',#3190);
#3436 = OVER_RIDING_STYLED_ITEM('overriding color',(#3437),#2397,#3172);
#3437 = PRESENTATION_STYLE_ASSIGNMENT((#3438));
#3438 = SURFACE_STYLE_USAGE(.BOTH.,#3439);
#3439 = SURFACE_SIDE_STYLE('',(#3440));
#3440 = SURFACE_STYLE_FILL_AREA(#3441);
#3441 = FILL_AREA_STYLE('',(#3442));
#3442 = FILL_AREA_STYLE_COLOUR('',#3190);
#3443 = OVER_RIDING_STYLED_ITEM('overriding color',(#3444),#2428,#3172);
#3444 = PRESENTATION_STYLE_ASSIGNMENT((#3445));
#3445 = SURFACE_STYLE_USAGE(.BOTH.,#3446);
#3446 = SURFACE_SIDE_STYLE('',(#3447));
#3447 = SURFACE_STYLE_FILL_AREA(#3448);
#3448 = FILL_AREA_STYLE('',(#3449));
#3449 = FILL_AREA_STYLE_COLOUR('',#3190);
#3450 = OVER_RIDING_STYLED_ITEM('overriding color',(#3451),#2452,#3172);
#3451 = PRESENTATION_STYLE_ASSIGNMENT((#3452));
#3452 = SURFACE_STYLE_USAGE(.BOTH.,#3453);
#3453 = SURFACE_SIDE_STYLE('',(#3454));
#3454 = SURFACE_STYLE_FILL_AREA(#3455);
#3455 = FILL_AREA_STYLE('',(#3456));
#3456 = FILL_AREA_STYLE_COLOUR('',#3190);
#3457 = OVER_RIDING_STYLED_ITEM('overriding color',(#3458),#2476,#3172);
#3458 = PRESENTATION_STYLE_ASSIGNMENT((#3459));
#3459 = SURFACE_STYLE_USAGE(.BOTH.,#3460);
#3460 = SURFACE_SIDE_STYLE('',(#3461));
#3461 = SURFACE_STYLE_FILL_AREA(#3462);
#3462 = FILL_AREA_STYLE('',(#3463));
#3463 = FILL_AREA_STYLE_COLOUR('',#3190);
#3464 = OVER_RIDING_STYLED_ITEM('overriding color',(#3465),#2493,#3172);
#3465 = PRESENTATION_STYLE_ASSIGNMENT((#3466));
#3466 = SURFACE_STYLE_USAGE(.BOTH.,#3467);
#3467 = SURFACE_SIDE_STYLE('',(#3468));
#3468 = SURFACE_STYLE_FILL_AREA(#3469);
#3469 = FILL_AREA_STYLE('',(#3470));
#3470 = FILL_AREA_STYLE_COLOUR('',#3190);
#3471 = OVER_RIDING_STYLED_ITEM('overriding color',(#3472),#2524,#3172);
#3472 = PRESENTATION_STYLE_ASSIGNMENT((#3473));
#3473 = SURFACE_STYLE_USAGE(.BOTH.,#3474);
#3474 = SURFACE_SIDE_STYLE('',(#3475));
#3475 = SURFACE_STYLE_FILL_AREA(#3476);
#3476 = FILL_AREA_STYLE('',(#3477));
#3477 = FILL_AREA_STYLE_COLOUR('',#3190);
#3478 = OVER_RIDING_STYLED_ITEM('overriding color',(#3479),#2548,#3172);
#3479 = PRESENTATION_STYLE_ASSIGNMENT((#3480));
#3480 = SURFACE_STYLE_USAGE(.BOTH.,#3481);
#3481 = SURFACE_SIDE_STYLE('',(#3482));
#3482 = SURFACE_STYLE_FILL_AREA(#3483);
#3483 = FILL_AREA_STYLE('',(#3484));
#3484 = FILL_AREA_STYLE_COLOUR('',#3190);
#3485 = OVER_RIDING_STYLED_ITEM('overriding color',(#3486),#2572,#3172);
#3486 = PRESENTATION_STYLE_ASSIGNMENT((#3487));
#3487 = SURFACE_STYLE_USAGE(.BOTH.,#3488);
#3488 = SURFACE_SIDE_STYLE('',(#3489));
#3489 = SURFACE_STYLE_FILL_AREA(#3490);
#3490 = FILL_AREA_STYLE('',(#3491));
#3491 = FILL_AREA_STYLE_COLOUR('',#3190);
#3492 = OVER_RIDING_STYLED_ITEM('overriding color',(#3493),#2589,#3172);
#3493 = PRESENTATION_STYLE_ASSIGNMENT((#3494));
#3494 = SURFACE_STYLE_USAGE(.BOTH.,#3495);
#3495 = SURFACE_SIDE_STYLE('',(#3496));
#3496 = SURFACE_STYLE_FILL_AREA(#3497);
#3497 = FILL_AREA_STYLE('',(#3498));
#3498 = FILL_AREA_STYLE_COLOUR('',#3190);
#3499 = OVER_RIDING_STYLED_ITEM('overriding color',(#3500),#2620,#3172);
#3500 = PRESENTATION_STYLE_ASSIGNMENT((#3501));
#3501 = SURFACE_STYLE_USAGE(.BOTH.,#3502);
#3502 = SURFACE_SIDE_STYLE('',(#3503));
#3503 = SURFACE_STYLE_FILL_AREA(#3504);
#3504 = FILL_AREA_STYLE('',(#3505));
#3505 = FILL_AREA_STYLE_COLOUR('',#3190);
#3506 = OVER_RIDING_STYLED_ITEM('overriding color',(#3507),#2644,#3172);
#3507 = PRESENTATION_STYLE_ASSIGNMENT((#3508));
#3508 = SURFACE_STYLE_USAGE(.BOTH.,#3509);
#3509 = SURFACE_SIDE_STYLE('',(#3510));
#3510 = SURFACE_STYLE_FILL_AREA(#3511);
#3511 = FILL_AREA_STYLE('',(#3512));
#3512 = FILL_AREA_STYLE_COLOUR('',#3190);
#3513 = OVER_RIDING_STYLED_ITEM('overriding color',(#3514),#2668,#3172);
#3514 = PRESENTATION_STYLE_ASSIGNMENT((#3515));
#3515 = SURFACE_STYLE_USAGE(.BOTH.,#3516);
#3516 = SURFACE_SIDE_STYLE('',(#3517));
#3517 = SURFACE_STYLE_FILL_AREA(#3518);
#3518 = FILL_AREA_STYLE('',(#3519));
#3519 = FILL_AREA_STYLE_COLOUR('',#3190);
#3520 = OVER_RIDING_STYLED_ITEM('overriding color',(#3521),#2685,#3172);
#3521 = PRESENTATION_STYLE_ASSIGNMENT((#3522));
#3522 = SURFACE_STYLE_USAGE(.BOTH.,#3523);
#3523 = SURFACE_SIDE_STYLE('',(#3524));
#3524 = SURFACE_STYLE_FILL_AREA(#3525);
#3525 = FILL_AREA_STYLE('',(#3526));
#3526 = FILL_AREA_STYLE_COLOUR('',#3190);
#3527 = OVER_RIDING_STYLED_ITEM('overriding color',(#3528),#2716,#3172);
#3528 = PRESENTATION_STYLE_ASSIGNMENT((#3529));
#3529 = SURFACE_STYLE_USAGE(.BOTH.,#3530);
#3530 = SURFACE_SIDE_STYLE('',(#3531));
#3531 = SURFACE_STYLE_FILL_AREA(#3532);
#3532 = FILL_AREA_STYLE('',(#3533));
#3533 = FILL_AREA_STYLE_COLOUR('',#3190);
#3534 = OVER_RIDING_STYLED_ITEM('overriding color',(#3535),#2740,#3172);
#3535 = PRESENTATION_STYLE_ASSIGNMENT((#3536));
#3536 = SURFACE_STYLE_USAGE(.BOTH.,#3537);
#3537 = SURFACE_SIDE_STYLE('',(#3538));
#3538 = SURFACE_STYLE_FILL_AREA(#3539);
#3539 = FILL_AREA_STYLE('',(#3540));
#3540 = FILL_AREA_STYLE_COLOUR('',#3190);
#3541 = OVER_RIDING_STYLED_ITEM('overriding color',(#3542),#2764,#3172);
#3542 = PRESENTATION_STYLE_ASSIGNMENT((#3543));
#3543 = SURFACE_STYLE_USAGE(.BOTH.,#3544);
#3544 = SURFACE_SIDE_STYLE('',(#3545));
#3545 = SURFACE_STYLE_FILL_AREA(#3546);
#3546 = FILL_AREA_STYLE('',(#3547));
#3547 = FILL_AREA_STYLE_COLOUR('',#3190);
#3548 = OVER_RIDING_STYLED_ITEM('overriding color',(#3549),#2781,#3172);
#3549 = PRESENTATION_STYLE_ASSIGNMENT((#3550));
#3550 = SURFACE_STYLE_USAGE(.BOTH.,#3551);
#3551 = SURFACE_SIDE_STYLE('',(#3552));
#3552 = SURFACE_STYLE_FILL_AREA(#3553);
#3553 = FILL_AREA_STYLE('',(#3554));
#3554 = FILL_AREA_STYLE_COLOUR('',#3190);
#3555 = OVER_RIDING_STYLED_ITEM('overriding color',(#3556),#2812,#3172);
#3556 = PRESENTATION_STYLE_ASSIGNMENT((#3557));
#3557 = SURFACE_STYLE_USAGE(.BOTH.,#3558);
#3558 = SURFACE_SIDE_STYLE('',(#3559));
#3559 = SURFACE_STYLE_FILL_AREA(#3560);
#3560 = FILL_AREA_STYLE('',(#3561));
#3561 = FILL_AREA_STYLE_COLOUR('',#3190);
#3562 = OVER_RIDING_STYLED_ITEM('overriding color',(#3563),#2836,#3172);
#3563 = PRESENTATION_STYLE_ASSIGNMENT((#3564));
#3564 = SURFACE_STYLE_USAGE(.BOTH.,#3565);
#3565 = SURFACE_SIDE_STYLE('',(#3566));
#3566 = SURFACE_STYLE_FILL_AREA(#3567);
#3567 = FILL_AREA_STYLE('',(#3568));
#3568 = FILL_AREA_STYLE_COLOUR('',#3190);
#3569 = OVER_RIDING_STYLED_ITEM('overriding color',(#3570),#2860,#3172);
#3570 = PRESENTATION_STYLE_ASSIGNMENT((#3571));
#3571 = SURFACE_STYLE_USAGE(.BOTH.,#3572);
#3572 = SURFACE_SIDE_STYLE('',(#3573));
#3573 = SURFACE_STYLE_FILL_AREA(#3574);
#3574 = FILL_AREA_STYLE('',(#3575));
#3575 = FILL_AREA_STYLE_COLOUR('',#3190);
#3576 = OVER_RIDING_STYLED_ITEM('overriding color',(#3577),#2877,#3172);
#3577 = PRESENTATION_STYLE_ASSIGNMENT((#3578));
#3578 = SURFACE_STYLE_USAGE(.BOTH.,#3579);
#3579 = SURFACE_SIDE_STYLE('',(#3580));
#3580 = SURFACE_STYLE_FILL_AREA(#3581);
#3581 = FILL_AREA_STYLE('',(#3582));
#3582 = FILL_AREA_STYLE_COLOUR('',#3190);
#3583 = OVER_RIDING_STYLED_ITEM('overriding color',(#3584),#2908,#3172);
#3584 = PRESENTATION_STYLE_ASSIGNMENT((#3585));
#3585 = SURFACE_STYLE_USAGE(.BOTH.,#3586);
#3586 = SURFACE_SIDE_STYLE('',(#3587));
#3587 = SURFACE_STYLE_FILL_AREA(#3588);
#3588 = FILL_AREA_STYLE('',(#3589));
#3589 = FILL_AREA_STYLE_COLOUR('',#3190);
#3590 = OVER_RIDING_STYLED_ITEM('overriding color',(#3591),#2932,#3172);
#3591 = PRESENTATION_STYLE_ASSIGNMENT((#3592));
#3592 = SURFACE_STYLE_USAGE(.BOTH.,#3593);
#3593 = SURFACE_SIDE_STYLE('',(#3594));
#3594 = SURFACE_STYLE_FILL_AREA(#3595);
#3595 = FILL_AREA_STYLE('',(#3596));
#3596 = FILL_AREA_STYLE_COLOUR('',#3190);
#3597 = OVER_RIDING_STYLED_ITEM('overriding color',(#3598),#2956,#3172);
#3598 = PRESENTATION_STYLE_ASSIGNMENT((#3599));
#3599 = SURFACE_STYLE_USAGE(.BOTH.,#3600);
#3600 = SURFACE_SIDE_STYLE('',(#3601));
#3601 = SURFACE_STYLE_FILL_AREA(#3602);
#3602 = FILL_AREA_STYLE('',(#3603));
#3603 = FILL_AREA_STYLE_COLOUR('',#3190);
#3604 = OVER_RIDING_STYLED_ITEM('overriding color',(#3605),#2973,#3172);
#3605 = PRESENTATION_STYLE_ASSIGNMENT((#3606));
#3606 = SURFACE_STYLE_USAGE(.BOTH.,#3607);
#3607 = SURFACE_SIDE_STYLE('',(#3608));
#3608 = SURFACE_STYLE_FILL_AREA(#3609);
#3609 = FILL_AREA_STYLE('',(#3610));
#3610 = FILL_AREA_STYLE_COLOUR('',#3190);
#3611 = OVER_RIDING_STYLED_ITEM('overriding color',(#3612),#3004,#3172);
#3612 = PRESENTATION_STYLE_ASSIGNMENT((#3613));
#3613 = SURFACE_STYLE_USAGE(.BOTH.,#3614);
#3614 = SURFACE_SIDE_STYLE('',(#3615));
#3615 = SURFACE_STYLE_FILL_AREA(#3616);
#3616 = FILL_AREA_STYLE('',(#3617));
#3617 = FILL_AREA_STYLE_COLOUR('',#3190);
#3618 = OVER_RIDING_STYLED_ITEM('overriding color',(#3619),#3028,#3172);
#3619 = PRESENTATION_STYLE_ASSIGNMENT((#3620));
#3620 = SURFACE_STYLE_USAGE(.BOTH.,#3621);
#3621 = SURFACE_SIDE_STYLE('',(#3622));
#3622 = SURFACE_STYLE_FILL_AREA(#3623);
#3623 = FILL_AREA_STYLE('',(#3624));
#3624 = FILL_AREA_STYLE_COLOUR('',#3190);
#3625 = OVER_RIDING_STYLED_ITEM('overriding color',(#3626),#3052,#3172);
#3626 = PRESENTATION_STYLE_ASSIGNMENT((#3627));
#3627 = SURFACE_STYLE_USAGE(.BOTH.,#3628);
#3628 = SURFACE_SIDE_STYLE('',(#3629));
#3629 = SURFACE_STYLE_FILL_AREA(#3630);
#3630 = FILL_AREA_STYLE('',(#3631));
#3631 = FILL_AREA_STYLE_COLOUR('',#3190);
#3632 = OVER_RIDING_STYLED_ITEM('overriding color',(#3633),#3069,#3172);
#3633 = PRESENTATION_STYLE_ASSIGNMENT((#3634));
#3634 = SURFACE_STYLE_USAGE(.BOTH.,#3635);
#3635 = SURFACE_SIDE_STYLE('',(#3636));
#3636 = SURFACE_STYLE_FILL_AREA(#3637);
#3637 = FILL_AREA_STYLE('',(#3638));
#3638 = FILL_AREA_STYLE_COLOUR('',#3190);
#3639 = OVER_RIDING_STYLED_ITEM('overriding color',(#3640),#3081,#3172);
#3640 = PRESENTATION_STYLE_ASSIGNMENT((#3641));
#3641 = SURFACE_STYLE_USAGE(.BOTH.,#3642);
#3642 = SURFACE_SIDE_STYLE('',(#3643));
#3643 = SURFACE_STYLE_FILL_AREA(#3644);
#3644 = FILL_AREA_STYLE('',(#3645));
#3645 = FILL_AREA_STYLE_COLOUR('',#3190);
#3646 = OVER_RIDING_STYLED_ITEM('overriding color',(#3647),#3093,#3172);
#3647 = PRESENTATION_STYLE_ASSIGNMENT((#3648));
#3648 = SURFACE_STYLE_USAGE(.BOTH.,#3649);
#3649 = SURFACE_SIDE_STYLE('',(#3650));
#3650 = SURFACE_STYLE_FILL_AREA(#3651);
#3651 = FILL_AREA_STYLE('',(#3652));
#3652 = FILL_AREA_STYLE_COLOUR('',#3190);
#3653 = OVER_RIDING_STYLED_ITEM('overriding color',(#3654),#3105,#3172);
#3654 = PRESENTATION_STYLE_ASSIGNMENT((#3655));
#3655 = SURFACE_STYLE_USAGE(.BOTH.,#3656);
#3656 = SURFACE_SIDE_STYLE('',(#3657));
#3657 = SURFACE_STYLE_FILL_AREA(#3658);
#3658 = FILL_AREA_STYLE('',(#3659));
#3659 = FILL_AREA_STYLE_COLOUR('',#3190);
#3660 = OVER_RIDING_STYLED_ITEM('overriding color',(#3661),#3117,#3172);
#3661 = PRESENTATION_STYLE_ASSIGNMENT((#3662));
#3662 = SURFACE_STYLE_USAGE(.BOTH.,#3663);
#3663 = SURFACE_SIDE_STYLE('',(#3664));
#3664 = SURFACE_STYLE_FILL_AREA(#3665);
#3665 = FILL_AREA_STYLE('',(#3666));
#3666 = FILL_AREA_STYLE_COLOUR('',#3190);
#3667 = OVER_RIDING_STYLED_ITEM('overriding color',(#3668),#3129,#3172);
#3668 = PRESENTATION_STYLE_ASSIGNMENT((#3669));
#3669 = SURFACE_STYLE_USAGE(.BOTH.,#3670);
#3670 = SURFACE_SIDE_STYLE('',(#3671));
#3671 = SURFACE_STYLE_FILL_AREA(#3672);
#3672 = FILL_AREA_STYLE('',(#3673));
#3673 = FILL_AREA_STYLE_COLOUR('',#3190);
#3674 = OVER_RIDING_STYLED_ITEM('overriding color',(#3675),#3141,#3172);
#3675 = PRESENTATION_STYLE_ASSIGNMENT((#3676));
#3676 = SURFACE_STYLE_USAGE(.BOTH.,#3677);
#3677 = SURFACE_SIDE_STYLE('',(#3678));
#3678 = SURFACE_STYLE_FILL_AREA(#3679);
#3679 = FILL_AREA_STYLE('',(#3680));
#3680 = FILL_AREA_STYLE_COLOUR('',#3190);
#3681 = OVER_RIDING_STYLED_ITEM('overriding color',(#3682),#3153,#3172);
#3682 = PRESENTATION_STYLE_ASSIGNMENT((#3683));
#3683 = SURFACE_STYLE_USAGE(.BOTH.,#3684);
#3684 = SURFACE_SIDE_STYLE('',(#3685));
#3685 = SURFACE_STYLE_FILL_AREA(#3686);
#3686 = FILL_AREA_STYLE('',(#3687));
#3687 = FILL_AREA_STYLE_COLOUR('',#3190);
ENDSEC;
END-ISO-10303-21;
